BarNumber,Time,Direction,Families,Entry,Segment,Prime,Ambiguous,Outcome,RoomTicks,PullbackBars,ImpulseBars,DepthRatio,SpeedRatio,ImpulseTicks,PullbackDepthTicks,ImpulseSeconds,PullbackSeconds
1968,2026-08-03 16:15:55.060,1,EMA50,7635.0,DEV,False,False,TARGET,7.0,2,1,,,,,,
2139,2026-08-03 20:46:34.952,1,EMA24+EMA50,7643.0,DEV,False,False,TARGET,10.0,3,3,1.3333333333333333,0.3483830080709799,9.0,12.0,186.904,715.32
2158,2026-08-03 22:09:34.376,1,EMA50,7644.75,DEV,False,False,TARGET,8.0,1,1,1.0,0.5145157872430599,4.0,4.0,29.136,56.628
2264,2026-08-04 02:02:38.684,-1,EMA8,7636.0,DEV,False,False,TARGET,3.0,1,3,0.25,2.0766369047619047,8.0,2.0,301.428,36.288
2270,2026-08-04 02:07:30.596,-1,EMA8,7633.5,DEV,False,False,TARGET,,1,2,0.5,1.4658185162477009,8.0,4.0,76.504,26.096
2273,2026-08-04 02:16:13.028,-1,EMA8,7633.25,DEV,False,False,TARGET,,1,2,0.42857142857142855,4.886309589429422,7.0,3.0,413.688,36.284
2275,2026-08-04 02:17:04.848,-1,EMA8,7632.5,DEV,False,False,STOP,,1,1,1.0,3.4899237162700674,1.0,1.0,122.608,35.132
2277,2026-08-04 02:22:04.056,-1,EMA8,7632.75,DEV,False,False,STOP,,1,1,0.75,0.07402938462630419,4.0,3.0,16.688,169.068
2279,2026-08-04 02:25:29.016,-1,EMA8,7632.75,DEV,False,False,STOP,3.0,1,1,2.0,5.211854225070083,2.0,4.0,130.14,49.94
2323,2026-08-04 03:37:36.624,1,EMA24,7640.0,DEV,False,False,TARGET,9.0,3,2,1.7142857142857142,1.6986213185987875,7.0,12.0,158.32,159.78
2338,2026-08-04 03:45:07.924,1,EMA8,7644.25,DEV,False,False,TARGET,,1,2,0.5,0.37770077456176115,6.0,3.0,7.412,9.812
2343,2026-08-04 03:45:57.792,1,EMA8,7646.0,DEV,False,False,TARGET,,1,2,0.5714285714285714,0.407173645320197,7.0,4.0,10.58,14.848
2345,2026-08-04 03:46:13.976,1,EMA8,7646.25,DEV,False,False,TARGET,,1,1,0.75,0.6098258383155706,4.0,3.0,12.512,15.388
2353,2026-08-04 03:47:50.904,1,EMA8,7647.0,DEV,False,False,STOP,3.0,1,2,0.5714285714285714,1.83418195792103,7.0,4.0,19.092,5.948
2357,2026-08-04 03:49:37.488,1,EMA24,7646.25,DEV,False,False,TARGET,7.0,3,1,3.0,0.34372788840594354,2.0,6.0,9.068,79.144
2392,2026-08-04 04:23:49.092,1,EMA8,7645.75,DEV,False,False,TARGET,7.0,1,3,0.0,0.0,11.0,0.0,391.196,104.756
2399,2026-08-04 04:36:01.536,1,EMA8,7648.0,DEV,False,False,STOP,,1,1,1.0,0.7487488594575165,4.0,4.0,108.32,144.668
2402,2026-08-04 04:42:34.596,1,EMA24,7646.5,DEV,False,False,TARGET,,2,1,4.5,0.887263226649249,2.0,9.0,54.336,275.58
2434,2026-08-04 04:45:25.624,1,EMA24,7653.5,DEV,False,False,TARGET,15.0,4,4,0.8235294117647058,0.561382925375394,17.0,14.0,16.952,24.868
2436,2026-08-04 04:45:40.824,1,EMA24,7653.5,DEV,False,False,TARGET,15.0,1,1,0.25,0.1512402388608176,4.0,1.0,5.268,8.708
2532,2026-08-04 06:20:56.544,1,EMA8,7662.75,DEV,False,False,STOP,8.0,1,1,,,,,,
2581,2026-08-04 06:30:59.256,1,EMA8,7665.0,DEV,False,False,TARGET,5.0,1,1,1.0,0.2918781725888325,4.0,4.0,1.38,4.728
2648,2026-08-04 06:47:04.584,1,EMA24,7673.25,DEV,False,False,TARGET,,3,1,3.25,0.4394833644449326,4.0,13.0,9.852,72.856
2672,2026-08-04 06:52:25.972,1,EMA8,7681.75,DEV,False,False,TARGET,,2,3,0.7,1.20088153085358,10.0,7.0,63.832,37.208
2711,2026-08-04 07:01:15.116,1,EMA8,7687.25,DEV,True,False,TARGET,4.0,1,1,2.0,2.691022964509395,2.0,4.0,5.156,3.832
2736,2026-08-04 07:05:50.564,1,EMA8,7694.75,DEV,True,False,TARGET,3.0,1,1,2.0,0.9393799167052289,2.0,4.0,4.06,8.644
2743,2026-08-04 07:08:25.252,1,EMA8,7696.25,DEV,True,False,TARGET,,1,2,0.6,0.4568701474463993,5.0,3.0,42.76,56.156
2760,2026-08-04 07:16:44.524,1,EMA8,7701.0,DEV,True,False,TARGET,,2,7,0.28,0.9892722681359045,25.0,7.0,246.244,69.696
2762,2026-08-04 07:17:18.796,1,EMA8,7701.75,DEV,True,False,TARGET,4.0,1,1,0.5,0.2015661252900232,2.0,1.0,8.34,20.688
2771,2026-08-04 07:19:46.872,1,EMA8,7704.75,DEV,True,False,STOP,,1,2,1.0,3.63920099875156,5.0,5.0,34.98,9.612
2847,2026-08-04 07:37:29.576,1,EMA24,7701.0,DEV,True,False,TARGET,10.0,2,1,,,,,,
2872,2026-08-04 07:38:25.464,1,EMA50,7704.5,DEV,True,False,TARGET,21.0,1,1,0.75,0.3941176470588235,4.0,3.0,0.536,1.02
2874,2026-08-04 07:38:26.496,1,EMA50,7704.75,DEV,True,False,STOP,4.0,1,1,,,,,,
2897,2026-08-04 07:45:16.056,1,EMA8,7709.25,DEV,True,False,TARGET,,2,8,0.2692307692307692,10.344065436825616,26.0,7.0,237.748,6.188
2904,2026-08-04 07:48:15.420,1,EMA8,7709.75,DEV,True,False,TARGET,6.0,1,2,0.5,4.204579025110782,8.0,4.0,45.544,5.416
2926,2026-08-04 07:58:03.960,1,EMA8,7713.25,DEV,True,False,TARGET,,1,2,0.5714285714285714,1.4264102009941646,7.0,4.0,46.2,18.508
2965,2026-08-04 08:15:16.900,1,EMA8,7722.5,DEV,False,False,TARGET,,2,4,0.4,1.8160124368441508,15.0,6.0,186.904,41.168
3098,2026-08-04 09:25:49.212,1,EMA8,7743.75,DEV,False,False,TARGET,,2,3,0.5555555555555556,0.790952904814291,9.0,5.0,120.788,84.84
3100,2026-08-04 09:28:02.140,1,EMA8,7744.75,DEV,False,False,TARGET,2.0,1,1,0.0,0.0,3.0,0.0,28.896,28.868
3111,2026-08-04 09:36:27.532,1,EMA8,7748.25,DEV,False,False,TARGET,2.0,1,1,1.3333333333333333,2.185560138316044,3.0,4.0,52.46,32.004
3115,2026-08-04 09:38:59.900,1,EMA24,7746.0,DEV,False,False,TARGET,14.0,3,1,2.5,0.48280250620023496,4.0,10.0,23.672,122.576
3136,2026-08-04 09:53:48.332,1,EMA8,7754.5,DEV,False,False,TARGET,4.0,1,1,1.3333333333333333,0.9171915092139025,3.0,4.0,15.728,22.864
3166,2026-08-04 10:10:22.812,1,EMA8,7763.75,DEV,False,False,TARGET,8.0,1,1,1.0,1.1743341404358354,4.0,4.0,42.68,36.344
3168,2026-08-04 10:10:36.848,1,EMA8,7764.0,DEV,False,False,TARGET,7.0,1,1,3.0,16.052938724468525,1.0,3.0,51.348,9.596
3174,2026-08-04 10:13:25.544,1,EMA24,7763.25,DEV,False,False,TARGET,10.0,2,2,1.5,2.4260538559142817,6.0,9.0,91.776,56.744
3417,2026-08-04 11:50:12.044,1,EMA8,7773.75,DEV,True,False,TARGET,7.0,1,1,0.3333333333333333,0.8466307717409038,3.0,1.0,41.512,16.344
3420,2026-08-04 11:51:53.460,1,EMA8,7774.5,DEV,True,False,STOP,3.0,1,2,1.0,20.98951048951049,4.0,4.0,96.048,4.576
3468,2026-08-04 12:13:40.804,1,EMA24,7780.5,DEV,True,False,TARGET,8.0,4,3,0.8181818181818182,0.25537804518452506,11.0,9.0,68.516,219.512
3472,2026-08-04 12:16:19.744,1,EMA24,7781.0,DEV,True,False,TARGET,6.0,2,2,0.6666666666666666,1.40753112663225,9.0,6.0,111.24,52.688
3509,2026-08-04 12:34:44.948,-1,EMA50,7776.25,DEV,True,False,TARGET,4.0,1,1,0.75,0.3722215985630894,4.0,3.0,17.684,35.632
3524,2026-08-04 12:40:15.916,1,EMA8,7780.25,DEV,True,False,TARGET,5.0,1,1,1.0,1.7873379356794075,4.0,4.0,42.46,23.756
3530,2026-08-04 12:43:46.932,1,EMA8,7781.25,DEV,True,False,TARGET,,1,1,1.0,1.249669749009247,3.0,3.0,22.704,18.168
3565,2026-08-04 12:51:50.464,-1,EMA8,7775.25,DEV,True,False,TARGET,,1,2,0.5714285714285714,0.38745177786417057,7.0,4.0,25.912,38.216
3567,2026-08-04 12:52:08.384,-1,EMA8,7774.75,DEV,True,False,TARGET,,1,1,0.6666666666666666,0.3475107154632377,3.0,2.0,6.324,12.132
3660,2026-08-04 13:02:33.988,1,EMA8,7773.25,DEV,False,False,TARGET,,1,1,0.75,0.07913385826771654,4.0,3.0,2.68,25.4
3710,2026-08-04 13:15:07.048,-1,EMA8,7766.75,DEV,False,False,STOP,,1,2,0.3333333333333333,5.296296296296297,9.0,3.0,1.144,0.072
3716,2026-08-04 13:15:22.308,-1,EMA24,7768.5,DEV,False,False,TARGET,,2,1,2.6666666666666665,0.2237762237762238,3.0,8.0,0.336,4.004
3734,2026-08-04 13:16:53.380,-1,EMA8,7763.5,DEV,False,False,TARGET,,2,1,2.0,0.9053440447083478,3.0,6.0,5.184,11.452
3738,2026-08-04 13:17:10.636,-1,EMA24,7764.0,DEV,False,False,TARGET,8.0,2,2,1.2857142857142858,2.257781324820431,7.0,9.0,11.316,6.444
3742,2026-08-04 13:17:31.668,-1,EMA24,7763.5,DEV,False,False,STOP,,2,2,0.5555555555555556,0.22530367988567343,9.0,5.0,4.036,9.952
3818,2026-08-04 13:46:09.528,1,EMA8,7771.75,DEV,False,False,TARGET,6.0,1,1,1.0,4.29515649589089,3.0,3.0,98.256,22.876
3825,2026-08-04 13:49:50.824,1,EMA8,7773.75,DEV,False,False,STOP,,2,3,0.4166666666666667,0.20902368679430536,12.0,5.0,54.5,108.64
3871,2026-08-04 15:31:08.104,1,EMA8,7780.75,DEV,False,False,TARGET,3.0,1,2,0.2222222222222222,0.535459691500128,9.0,2.0,96.296,39.964
3886,2026-08-04 15:56:21.104,1,EMA50,7779.0,DEV,False,False,TARGET,4.0,1,2,,,,,,
4098,2026-08-04 22:33:26.532,1,EMA8,7794.75,DEV,False,False,TARGET,,2,5,0.4117647058823529,2.0592397767816304,17.0,7.0,1543.512,308.64
4100,2026-08-04 22:37:18.324,1,EMA8,7795.0,DEV,False,False,TARGET,5.0,1,1,1.0,1.3183412002697235,3.0,3.0,156.408,118.64
4107,2026-08-04 23:07:14.752,1,EMA8,7798.25,DEV,False,False,TARGET,,2,5,0.3,0.5400999629766753,20.0,6.0,1167.048,648.24
4159,2026-08-05 00:31:37.556,-1,EMA8,7790.75,DEV,False,False,TARGET,,1,4,0.3076923076923077,1.6107996835631475,13.0,4.0,378.728,72.344
4161,2026-08-05 00:34:30.808,-1,EMA8,7791.0,DEV,False,False,TARGET,,1,1,0.75,0.6788631438573095,4.0,3.0,21.72,23.996
4167,2026-08-05 00:42:49.040,-1,EMA24,7791.0,DEV,False,False,TARGET,12.0,3,3,1.0833333333333333,0.7721153264355296,12.0,13.0,204.172,286.468
4204,2026-08-05 01:18:05.632,-1,EMA8,7788.0,DEV,False,False,TARGET,,1,1,1.3333333333333333,0.6295000000000001,3.0,4.0,15.108,32.0
4222,2026-08-05 01:37:20.776,-1,EMA24,7784.5,DEV,False,False,TARGET,10.0,3,3,0.9166666666666666,0.736132474980535,12.0,11.0,169.152,210.636
4226,2026-08-05 01:41:07.108,-1,EMA8,7782.75,DEV,False,False,TARGET,3.0,1,3,0.25,0.4131391866045975,8.0,2.0,183.176,110.844
4231,2026-08-05 01:44:04.800,-1,EMA8,7781.75,DEV,False,False,TARGET,,1,2,0.2857142857142857,22.507215007215006,7.0,2.0,124.78,1.584
4280,2026-08-05 02:50:37.024,1,EMA50,7788.5,DEV,False,False,TARGET,10.0,1,1,,,,,,
4289,2026-08-05 03:13:58.144,1,EMA50,7788.75,DEV,False,False,TARGET,6.0,1,1,,,,,,
4302,2026-08-05 03:45:00.224,1,EMA8,7793.5,DEV,False,True,TARGET,7.0,3,1,1.75,0.2566352379348874,4.0,7.0,76.648,522.664
4312,2026-08-05 03:49:45.804,1,EMA24,7794.0,DEV,False,False,TARGET,11.0,3,1,,,,,,
4323,2026-08-05 04:02:02.280,1,EMA24,7796.5,DEV,False,False,TARGET,7.0,2,1,2.6666666666666665,0.30748744022758917,3.0,8.0,10.16,88.112
4370,2026-08-05 05:06:13.364,1,EMA8,7800.0,DEV,False,False,TARGET,,1,3,0.6,3.0027829313543597,10.0,6.0,129.48,25.872
4381,2026-08-05 05:18:44.596,1,EMA8,7801.5,DEV,False,False,TARGET,,1,4,1.3333333333333333,9.074407195421095,3.0,4.0,199.764,29.352
4390,2026-08-05 05:26:59.812,1,EMA8,7803.0,DEV,False,False,TARGET,4.0,1,1,0.75,3.0901613904407204,4.0,3.0,79.652,19.332
4412,2026-08-05 05:41:01.876,1,EMA50,7802.0,DEV,False,False,TARGET,16.0,2,1,2.0,1.073328402772071,4.0,8.0,78.368,146.028
4437,2026-08-05 06:11:31.988,1,EMA8,7807.5,DEV,False,False,STOP,,2,2,0.875,3.378681813777735,8.0,7.0,159.412,41.284
4443,2026-08-05 06:17:05.344,1,EMA24,7805.75,DEV,False,False,TARGET,11.0,1,1,4.0,14.249133348740466,1.0,4.0,61.656,17.308
4466,2026-08-05 06:30:04.420,1,EMA8,7810.25,DEV,False,False,TARGET,,1,1,0.3333333333333333,0.5077519379844961,3.0,1.0,0.524,0.344
4469,2026-08-05 06:30:09.592,1,EMA8,7811.25,DEV,False,False,TARGET,2.0,1,2,1.0,1.7703252032520325,3.0,3.0,3.484,1.968
4551,2026-08-05 06:37:14.184,-1,EMA50,7809.0,DEV,True,False,TARGET,11.0,3,2,2.1666666666666665,2.6967952408366913,6.0,13.0,8.648,6.948
4557,2026-08-05 06:37:37.112,-1,EMA50,7808.75,DEV,True,False,TARGET,6.0,1,1,2.0,1.0045721750489878,1.0,2.0,3.076,6.124
4657,2026-08-05 06:47:32.076,-1,EMA24,7808.75,DEV,False,False,STOP,13.0,3,1,3.6666666666666665,0.4551148225469728,3.0,11.0,2.616,21.076
4688,2026-08-05 06:50:10.076,-1,EMA8,7798.5,DEV,False,True,STOP,3.0,1,1,1.3333333333333333,,3.0,4.0,0.012,0.0
4690,2026-08-05 06:50:10.088,-1,EMA8,7798.5,DEV,False,True,STOP,3.0,1,1,1.0,,4.0,4.0,0.004,0.0
4698,2026-08-05 06:50:13.980,-1,EMA24,7800.0,DEV,False,False,TARGET,10.0,3,2,1.2,1.8308157099697886,10.0,12.0,2.02,1.324
4711,2026-08-05 06:51:01.264,-1,EMA24,7798.25,DEV,False,False,TARGET,12.0,3,3,1.2222222222222223,0.9238214174211676,9.0,11.0,9.684,12.812
4736,2026-08-05 06:52:49.304,1,EMA8,7803.75,DEV,False,False,TARGET,3.0,1,2,0.42857142857142855,0.4288074260541221,7.0,3.0,7.268,7.264
4750,2026-08-05 06:53:51.824,1,EMA24,7805.75,DEV,False,False,TARGET,15.0,4,6,0.7142857142857143,1.337945819528357,21.0,15.0,32.952,17.592
4752,2026-08-05 06:53:57.704,1,EMA24,7805.5,DEV,False,False,TARGET,16.0,1,1,0.75,0.255241935483871,4.0,3.0,0.844,2.48
4788,2026-08-05 06:56:27.820,1,EMA50,7806.75,DEV,False,True,TARGET,12.0,1,1,,,,,,
4813,2026-08-05 06:59:47.624,1,EMA8,7816.75,DEV,False,False,TARGET,,2,4,0.2222222222222222,0.2506861130714341,18.0,4.0,51.152,45.344
4856,2026-08-05 07:01:46.872,-1,EMA8,7808.0,DEV,True,False,TARGET,,2,4,0.35294117647058826,0.3909387639253531,17.0,6.0,14.692,13.264
4909,2026-08-05 07:05:50.004,1,EMA8,7815.0,DEV,True,False,STOP,11.0,1,1,,,,,,
4919,2026-08-05 07:06:16.744,1,EMA50,7811.5,DEV,True,False,TARGET,12.0,3,2,2.142857142857143,3.404434465338199,7.0,15.0,9.704,6.108
4993,2026-08-05 07:15:05.100,1,EMA24,7814.5,DEV,True,False,TARGET,11.0,3,4,0.8571428571428571,0.6749425839475226,14.0,12.0,29.976,38.068
5034,2026-08-05 07:20:20.652,-1,EMA8,7807.75,DEV,True,False,TARGET,,2,8,0.2647058823529412,3.420673240394424,34.0,9.0,44.712,3.46
5036,2026-08-05 07:20:28.032,-1,EMA8,7808.25,DEV,True,False,TARGET,9.0,1,1,1.0,1.9564643799472294,3.0,3.0,5.932,3.032
5041,2026-08-05 07:21:06.552,-1,EMA8,7807.5,DEV,True,False,STOP,6.0,1,2,0.2857142857142857,0.5694971995107191,7.0,2.0,17.692,8.876
5049,2026-08-05 07:22:10.876,-1,EMA8,7806.0,DEV,True,False,TARGET,,2,3,0.21428571428571427,0.38202035431586884,14.0,3.0,32.432,18.192
5053,2026-08-05 07:22:26.564,-1,EMA8,7805.0,DEV,True,False,TARGET,,1,3,0.36363636363636365,0.3124064875216949,11.0,4.0,5.22,6.076
5057,2026-08-05 07:22:53.764,-1,EMA8,7804.5,DEV,True,False,TARGET,,1,3,0.5714285714285714,4.58808222742649,7.0,4.0,17.632,2.196
5061,2026-08-05 07:23:12.508,-1,EMA8,7803.5,DEV,True,False,TARGET,2.0,1,3,1.5,17.351629502572898,2.0,3.0,26.976,2.332
5131,2026-08-05 07:30:19.320,-1,EMA8,7798.75,DEV,True,False,TARGET,,1,3,0.42857142857142855,0.5844374849433872,7.0,3.0,9.704,7.116
5138,2026-08-05 07:31:06.088,-1,EMA24,7800.0,DEV,True,False,TARGET,17.0,4,3,1.7272727272727273,2.2999180999181,11.0,19.0,26.604,19.98
5149,2026-08-05 07:32:22.196,-1,EMA24,7797.5,DEV,True,False,TARGET,,3,1,5.5,3.872893016855865,2.0,11.0,16.376,23.256
5203,2026-08-05 07:37:47.816,-1,EMA8,7793.0,DEV,True,False,TARGET,,1,2,0.5714285714285714,1.4484153742414025,7.0,4.0,15.036,5.932
5286,2026-08-05 07:47:55.580,1,EMA24,7796.25,DEV,True,False,TARGET,8.0,1,2,0.6,1.1780068728522337,5.0,3.0,20.568,10.476
5288,2026-08-05 07:48:09.160,1,EMA50,7795.25,DEV,True,False,TARGET,8.0,1,1,4.0,4.770334928229666,1.0,4.0,11.964,10.032
5292,2026-08-05 07:49:16.472,1,EMA50,7795.5,DEV,True,False,TARGET,7.0,1,1,1.0,10.06824512534819,4.0,4.0,28.916,2.872
5300,2026-08-05 07:50:22.408,1,EMA8,7798.75,DEV,True,False,STOP,,2,1,1.75,3.6659142212189613,4.0,7.0,22.272,10.632
5394,2026-08-05 08:01:21.716,1,EMA24,7788.25,DEV,False,False,STOP,11.0,1,1,1.5,0.5554054054054055,2.0,3.0,1.096,2.96
5496,2026-08-05 08:17:05.192,-1,EMA8,7777.25,DEV,False,False,TARGET,,2,7,0.2,0.4020091079560675,30.0,6.0,60.028,29.864
5576,2026-08-05 08:26:50.900,-1,EMA8,7771.75,DEV,False,False,TARGET,5.0,1,1,2.0,1.1253526803708183,2.0,4.0,5.584,9.924
5581,2026-08-05 08:27:27.256,-1,EMA24,7772.25,DEV,False,False,TARGET,7.0,2,1,1.25,0.16807936813716046,4.0,5.0,2.792,20.764
5593,2026-08-05 08:28:48.052,-1,EMA8,7768.25,DEV,False,False,TARGET,4.0,1,1,1.5,0.5598744567841623,2.0,3.0,3.092,8.284
5618,2026-08-05 08:32:41.728,1,EMA8,7776.25,DEV,False,False,STOP,4.0,1,1,,,,,,
5673,2026-08-05 08:42:11.212,-1,EMA50,7771.0,DEV,False,False,STOP,11.0,3,4,0.8,0.8676389769604735,15.0,12.0,41.048,37.848
5710,2026-08-05 08:50:18.628,-1,EMA8,7765.5,DEV,False,False,TARGET,,2,1,2.5,1.7189577240095717,2.0,5.0,10.344,15.044
5720,2026-08-05 08:52:38.576,-1,EMA8,7763.75,DEV,False,False,STOP,,1,1,1.0,0.32720232333010646,2.0,2.0,6.76,20.66
5723,2026-08-05 08:53:11.248,-1,EMA24,7765.0,DEV,False,False,STOP,,2,1,2.6666666666666665,1.7522816166883963,3.0,8.0,20.16,30.68
5790,2026-08-05 09:03:27.040,-1,EMA24,7755.25,DEV,False,False,STOP,11.0,2,2,7.0,15.78076062639821,1.0,7.0,28.216,12.516
5826,2026-08-05 09:10:02.436,-1,EMA24,7753.75,DEV,False,False,TARGET,12.0,3,1,3.0,0.4479048697621744,4.0,12.0,6.328,42.384
5829,2026-08-05 09:10:21.524,-1,EMA50,7754.5,DEV,False,False,TARGET,15.0,2,1,2.5,2.076587795765878,2.0,5.0,8.004,9.636
5837,2026-08-05 09:11:30.996,-1,EMA50,7754.25,DEV,False,False,TARGET,8.0,1,1,,,,,,
5938,2026-08-05 09:32:02.760,1,EMA50,7767.75,DEV,False,False,TARGET,24.0,1,1,1.0,1.7241379310344827,4.0,4.0,12.0,6.96
6036,2026-08-05 09:58:39.036,1,EMA50,7770.25,DEV,False,False,TARGET,11.0,3,3,2.0,1.7907962233291208,6.0,12.0,48.176,53.804
6078,2026-08-05 10:07:51.956,-1,EMA24,7765.5,DEV,False,False,TARGET,13.0,3,1,6.5,7.0,2.0,13.0,25.872,24.024
6080,2026-08-05 10:08:26.320,-1,EMA24,7764.75,DEV,False,False,TARGET,10.0,1,1,0.3333333333333333,0.2910147518998659,3.0,1.0,23.436,26.844
6178,2026-08-05 10:37:25.208,1,EMA50,7767.5,DEV,False,False,TARGET,8.0,1,1,4.0,10.770162817114729,1.0,4.0,28.444,10.564
6260,2026-08-05 11:09:35.660,1,EMA50,7770.75,DEV,True,False,TARGET,16.0,1,2,0.75,1.9040708998831324,4.0,3.0,52.136,20.536
6284,2026-08-05 11:25:11.012,1,EMA50,7771.25,DEV,True,False,TARGET,6.0,1,2,1.5,7.086189258312021,2.0,3.0,110.828,23.46
6311,2026-08-05 11:38:06.680,-1,EMA50,7767.0,DEV,True,False,TARGET,9.0,1,2,0.6,1.2544366899302095,5.0,3.0,67.104,32.096
6341,2026-08-05 11:57:43.964,-1,EMA8,7766.5,DEV,True,False,TARGET,7.0,1,5,0.25,5.248454588682833,16.0,4.0,176.6,8.412
6343,2026-08-05 11:58:36.912,-1,EMA50,7767.0,DEV,True,False,TARGET,7.0,1,1,,,,,,
6354,2026-08-05 12:02:57.728,-1,EMA50,7766.5,DEV,True,False,TARGET,10.0,1,1,0.75,2.417760514331637,4.0,3.0,48.136,14.932
6385,2026-08-05 12:21:39.812,1,EMA50,7769.25,DEV,True,False,TARGET,10.0,3,2,1.7142857142857142,1.8701443430269582,7.0,12.0,46.988,43.072
6389,2026-08-05 12:23:27.828,1,EMA50,7770.0,DEV,True,False,TARGET,7.0,1,3,0.6666666666666666,1.476048175314679,6.0,4.0,65.2,29.448
6404,2026-08-05 12:35:01.624,-1,EMA8,7766.0,DEV,True,False,TARGET,,1,3,0.3333333333333333,2.113145699107042,12.0,4.0,74.78,11.796
6412,2026-08-05 12:38:50.600,-1,EMA8,7765.0,DEV,True,False,TARGET,5.0,1,2,2.0,8.99414824447334,2.0,4.0,55.332,12.304
6416,2026-08-05 12:41:21.152,-1,EMA24,7765.5,DEV,True,False,STOP,7.0,2,2,1.125,0.6978405415119204,8.0,9.0,62.132,100.164
6418,2026-08-05 12:43:07.336,-1,EMA50,7766.25,DEV,True,False,TARGET,10.0,1,1,1.3333333333333333,0.6858243223226189,3.0,4.0,27.78,54.008
6563,2026-08-05 13:16:04.388,1,EMA8,7759.5,DEV,False,False,STOP,4.0,1,1,2.0,1.5023390510135888,2.0,4.0,13.488,17.956
6572,2026-08-05 13:21:44.688,1,EMA50,7756.75,DEV,False,False,TARGET,15.0,1,1,1.0,7.580601092896174,2.0,2.0,110.98,14.64
6637,2026-08-05 15:45:55.068,1,EMA8,7769.75,DEV,False,False,TARGET,,2,6,0.47058823529411764,1.1121439560431077,17.0,8.0,720.364,304.812
6675,2026-08-05 16:58:39.120,-1,EMA8,7761.0,DEV,False,False,TARGET,3.0,1,3,0.6,2.2588343935973736,5.0,3.0,293.528,77.968
6687,2026-08-05 17:03:55.832,-1,EMA50,7761.0,DEV,False,False,STOP,,1,1,2.0,2.771351351351351,1.0,2.0,41.016,29.6
6711,2026-08-05 17:15:22.456,-1,EMA24,7759.5,DEV,False,False,TARGET,,2,1,2.25,0.9197055995265923,4.0,9.0,22.104,54.076
6876,2026-08-05 21:36:07.468,1,EMA50,7763.25,DEV,False,False,STOP,10.0,3,1,3.3333333333333335,2.7915908631493833,3.0,10.0,187.816,224.264
6982,2026-08-06 00:16:03.164,1,EMA8,7763.75,DEV,False,False,STOP,,1,4,0.3,3.0769207176813373,10.0,3.0,267.528,26.084
7002,2026-08-06 00:49:42.748,-1,EMA24,7758.0,DEV,False,False,TARGET,13.0,3,1,6.5,6.326951409965524,2.0,13.0,264.268,271.496
7008,2026-08-06 01:00:54.344,-1,EMA50,7758.0,DEV,False,False,TARGET,6.0,1,1,1.0,0.20443151298119963,4.0,4.0,18.268,89.36
7040,2026-08-06 01:17:40.536,-1,EMA50,7754.5,DEV,False,False,TARGET,11.0,3,1,4.5,2.523616910229645,2.0,9.0,51.576,91.968
7143,2026-08-06 04:01:51.620,-1,EMA8,7757.0,DEV,False,False,TARGET,3.0,1,1,3.0,1.106679389312977,1.0,3.0,15.464,41.92
7151,2026-08-06 04:05:38.980,-1,EMA8,7754.25,DEV,False,False,TARGET,,2,6,0.29411764705882354,1.0556302521008403,17.0,5.0,150.744,42.0
7159,2026-08-06 04:09:14.100,-1,EMA24,7754.5,DEV,False,False,STOP,16.0,4,4,1.125,1.345019249278152,16.0,18.0,124.22,103.9
7221,2026-08-06 05:08:04.788,-1,EMA50,7757.25,DEV,False,False,TARGET,9.0,1,1,,,,,,
7282,2026-08-06 06:00:17.320,-1,EMA8,7753.5,DEV,False,False,TARGET,6.0,2,4,0.5,1.3322627737226278,14.0,7.0,292.032,109.6
7303,2026-08-06 06:16:53.612,-1,EMA8,7748.75,DEV,False,False,STOP,4.0,1,2,0.6666666666666666,2.794368340943684,6.0,4.0,146.872,35.04
7337,2026-08-06 06:30:05.976,1,EMA8,7755.75,DEV,False,False,STOP,,2,5,0.30434782608695654,0.2557099614749587,23.0,7.0,2.124,2.528
7387,2026-08-06 06:34:16.520,-1,EMA24,7745.25,DEV,True,False,TARGET,19.0,2,1,2.0,0.9425717852684145,3.0,6.0,6.04,12.816
7419,2026-08-06 06:36:00.160,1,EMA8,7750.5,DEV,True,False,TARGET,,1,4,0.06666666666666667,1.8933333333333335,15.0,1.0,12.496,0.44
7460,2026-08-06 06:39:35.764,-1,EMA8,7749.25,DEV,True,False,TARGET,13.0,1,1,1.0,0.692898272552783,4.0,4.0,1.444,2.084
7485,2026-08-06 06:41:29.608,1,EMA50,7752.5,DEV,True,False,TARGET,9.0,1,1,1.3333333333333333,0.7232000000000001,3.0,4.0,2.712,5.0
7493,2026-08-06 06:42:04.704,1,EMA8,7755.0,DEV,True,False,STOP,3.0,1,2,0.5,0.8934108527131783,8.0,4.0,5.532,3.096
7506,2026-08-06 06:43:01.568,1,EMA50,7753.75,DEV,True,False,TARGET,8.0,1,2,0.6,1.0473786407766992,5.0,3.0,7.192,4.12
7516,2026-08-06 06:43:52.588,1,EMA8,7756.5,DEV,True,False,TARGET,,1,1,1.0,2.9735099337748347,4.0,4.0,8.98,3.02
7542,2026-08-06 06:46:16.292,1,EMA50,7757.25,DEV,False,False,TARGET,9.0,1,1,1.5,1.01809491293957,2.0,3.0,7.952,11.716
7577,2026-08-06 06:51:41.116,1,EMA50,7761.75,DEV,False,False,TARGET,9.0,3,1,6.0,3.776670817766708,1.0,6.0,18.196,28.908
7709,2026-08-06 07:07:48.944,1,EMA8,7763.75,DEV,True,False,TARGET,,1,5,0.19047619047619047,0.4744273260288541,21.0,4.0,33.904,13.612
7711,2026-08-06 07:08:14.028,1,EMA8,7763.25,DEV,True,False,TARGET,8.0,1,1,,,,,,
7713,2026-08-06 07:08:50.888,1,EMA8,7763.5,DEV,True,False,TARGET,7.0,1,1,3.0,0.998221695317131,1.0,3.0,6.736,20.244
7723,2026-08-06 07:10:43.428,1,EMA8,7766.0,DEV,True,False,TARGET,,2,4,0.5384615384615384,1.926832043695949,13.0,7.0,38.704,10.816
7727,2026-08-06 07:12:00.300,1,EMA8,7767.25,DEV,True,False,STOP,,1,3,0.36363636363636365,1.2963625521765056,11.0,4.0,47.828,13.416
7791,2026-08-06 07:26:31.688,-1,EMA8,7755.25,DEV,True,False,TARGET,,2,6,0.26666666666666666,1935.9999999999998,30.0,8.0,29.04,0.004
7799,2026-08-06 07:27:14.708,-1,EMA8,7753.75,DEV,True,False,STOP,1.0,1,2,0.125,0.12012048192771083,8.0,1.0,7.976,8.3
7801,2026-08-06 07:27:17.480,-1,EMA8,7753.75,DEV,True,False,STOP,1.0,1,1,1.0,3.321428571428571,4.0,4.0,3.348,1.008
7803,2026-08-06 07:27:27.176,-1,EMA8,7754.0,DEV,True,False,STOP,5.0,1,1,0.25,0.11703821656050956,4.0,1.0,1.764,3.768
7931,2026-08-06 07:46:04.168,-1,EMA8,7750.25,DEV,True,False,TARGET,10.0,3,3,0.6923076923076923,0.31836600591391956,13.0,9.0,16.796,36.524
7933,2026-08-06 07:46:41.772,-1,EMA8,7749.5,DEV,True,False,TARGET,7.0,1,1,0.25,0.0229513496040084,4.0,1.0,2.272,24.748
7936,2026-08-06 07:47:24.664,-1,EMA8,7748.75,DEV,True,False,TARGET,6.0,1,2,0.2222222222222222,0.2537518931570976,9.0,2.0,22.116,19.368
7938,2026-08-06 07:48:13.348,-1,EMA8,7749.0,DEV,True,False,TARGET,6.0,1,1,,,,,,
7973,2026-08-06 07:55:29.052,1,EMA8,7754.5,DEV,True,False,TARGET,5.0,2,1,2.3333333333333335,1.6292196255295885,3.0,7.0,6.812,9.756
7975,2026-08-06 07:55:40.624,1,EMA8,7754.25,DEV,True,False,TARGET,6.0,1,1,1.0,1.007177033492823,4.0,4.0,5.052,5.016
7980,2026-08-06 07:56:32.088,1,EMA8,7755.5,DEV,True,False,TARGET,,1,4,0.3,2.530597014925373,10.0,3.0,40.692,4.824
7994,2026-08-06 07:59:13.636,1,EMA24,7757.75,DEV,True,False,TARGET,12.0,2,1,2.3333333333333335,0.3757934664808794,3.0,7.0,5.548,34.448
8085,2026-08-06 08:20:28.860,-1,EMA8,7739.5,DEV,False,False,STOP,,1,1,1.0,0.9806362378976486,3.0,3.0,5.672,5.784
8092,2026-08-06 08:21:18.572,-1,EMA8,7740.5,DEV,False,False,TARGET,,1,3,0.8,9.203683241252302,5.0,4.0,24.988,2.172
8096,2026-08-06 08:21:49.116,-1,EMA24,7740.25,DEV,False,False,TARGET,,2,2,0.5555555555555556,0.7939059868320318,9.0,5.0,12.444,8.708
8109,2026-08-06 08:23:42.380,-1,EMA24,7738.5,DEV,False,False,STOP,10.0,2,1,4.5,1.6611111111111112,2.0,9.0,5.98,16.2
8113,2026-08-06 08:24:09.696,-1,EMA50,7741.25,DEV,False,False,TARGET,21.0,3,1,6.5,0.9114313471502591,2.0,13.0,3.464,24.704
8147,2026-08-06 08:30:16.704,1,EMA8,7742.75,DEV,False,False,TARGET,,1,5,0.2222222222222222,0.9827683182492201,9.0,2.0,38.44,8.692
8167,2026-08-06 08:33:55.708,-1,EMA8,7737.5,DEV,False,False,TARGET,4.0,2,3,0.45454545454545453,0.7360805284680717,11.0,5.0,35.568,21.964
8171,2026-08-06 08:34:36.580,-1,EMA8,7736.25,DEV,False,False,TARGET,,1,3,0.375,7.90017667844523,8.0,3.0,47.696,2.264
8231,2026-08-06 08:48:20.048,1,EMA8,7741.25,DEV,False,False,TARGET,3.0,1,1,1.0,1.6143308746048473,3.0,3.0,6.128,3.796
8271,2026-08-06 08:54:17.704,-1,EMA8,7736.0,DEV,False,False,TARGET,10.0,1,1,2.0,1.1142020497803806,2.0,4.0,6.088,10.928
8284,2026-08-06 08:55:32.132,-1,EMA8,7730.5,DEV,False,False,STOP,5.0,1,2,1.5,3.4477998274374464,2.0,3.0,10.656,4.636
8290,2026-08-06 08:56:17.992,-1,EMA24,7732.75,DEV,False,False,TARGET,13.0,3,1,13.0,5.740959056874302,1.0,13.0,11.088,25.108
8331,2026-08-06 09:03:12.040,-1,EMA50,7730.75,DEV,False,False,TARGET,14.0,1,2,1.3333333333333333,1.564042303172738,3.0,4.0,15.972,13.616
8342,2026-08-06 09:05:25.388,-1,EMA50,7730.0,DEV,False,False,STOP,10.0,1,1,1.0,0.44170403587443946,3.0,3.0,5.516,12.488
8359,2026-08-06 09:08:53.460,1,EMA8,7733.75,DEV,False,False,TARGET,,1,4,0.23076923076923078,1.298537879277997,13.0,3.0,53.524,9.512
8449,2026-08-06 09:31:20.292,1,EMA8,7736.25,DEV,False,False,TARGET,,1,3,0.4,3.0130742049469967,10.0,4.0,34.108,4.528
8478,2026-08-06 09:41:03.372,1,EMA24,7736.0,DEV,False,False,STOP,11.0,3,3,0.7692307692307693,1.8328010276838222,13.0,10.0,124.412,52.216
8564,2026-08-06 10:11:36.224,-1,EMA8,7733.25,DEV,False,False,TARGET,3.0,1,1,1.3333333333333333,7.475907590759076,3.0,4.0,45.304,8.08
8569,2026-08-06 10:13:35.112,-1,EMA24,7734.25,DEV,False,False,TARGET,10.0,3,2,1.1111111111111112,1.3152791897285292,9.0,10.0,55.892,47.216
8575,2026-08-06 10:17:02.116,-1,EMA8,7731.0,DEV,False,False,STOP,,1,5,0.1875,0.7158832140533509,16.0,3.0,140.84,36.888
8577,2026-08-06 10:18:05.540,-1,EMA8,7731.25,DEV,False,False,STOP,5.0,1,1,4.0,8.461452513966481,1.0,4.0,60.584,28.64
8603,2026-08-06 10:27:16.044,-1,EMA50,7731.0,DEV,False,False,TARGET,9.0,1,1,0.25,0.19129272262264588,4.0,1.0,13.164,17.204
8611,2026-08-06 10:30:45.152,-1,EMA24,7729.5,DEV,False,False,STOP,11.0,3,5,0.75,4.6057245080500895,16.0,12.0,205.968,33.54
8684,2026-08-06 11:09:42.676,1,EMA24,7737.5,DEV,True,False,TARGET,8.0,3,1,2.3333333333333335,1.769558704919922,3.0,7.0,78.984,104.148
8698,2026-08-06 11:16:13.388,1,EMA50,7737.25,DEV,True,True,TARGET,21.0,1,1,,,,,,
8716,2026-08-06 11:20:01.468,1,EMA24,7743.75,DEV,True,False,TARGET,14.0,1,1,1.5,0.5565062053403536,2.0,3.0,31.568,85.088
8733,2026-08-06 11:31:33.676,1,EMA50,7743.5,DEV,True,False,STOP,7.0,1,1,4.0,18.468915075172696,1.0,4.0,45.452,9.844
8758,2026-08-06 11:48:43.908,-1,EMA50,7740.25,DEV,True,False,TARGET,22.0,1,1,,,,,,
8782,2026-08-06 12:06:33.832,1,EMA8,7744.75,DEV,True,False,TARGET,,2,2,0.8888888888888888,0.9656274980015986,9.0,8.0,64.628,59.492
8811,2026-08-06 12:25:50.168,-1,EMA8,7737.5,DEV,True,False,STOP,8.0,3,9,0.34375,2.270441440287032,32.0,11.0,257.724,39.02
8814,2026-08-06 12:26:17.040,-1,EMA24,7738.75,DEV,True,False,TARGET,13.0,2,1,2.0,0.41838011800464864,4.0,8.0,4.68,22.372
8818,2026-08-06 12:27:38.708,-1,EMA8,7737.5,DEV,True,False,TARGET,8.0,1,3,0.3333333333333333,0.3971119133574007,9.0,3.0,38.28,32.132
8858,2026-08-06 12:46:17.460,-1,EMA24,7733.5,DEV,True,False,TARGET,11.0,1,2,1.0,2.031506545373863,3.0,3.0,36.624,18.028
8885,2026-08-06 12:51:52.356,-1,EMA8,7728.25,DEV,True,False,STOP,4.0,1,2,2.0,3.0171007629571163,2.0,4.0,22.936,15.204
8906,2026-08-06 12:54:39.372,1,EMA8,7736.5,DEV,True,False,STOP,,2,4,0.42857142857142855,0.8037178786221979,14.0,6.0,13.72,7.316
8910,2026-08-06 12:55:00.280,1,EMA8,7736.25,DEV,True,False,TARGET,8.0,1,1,0.6666666666666666,0.6655978623914496,3.0,2.0,9.964,9.98
8944,2026-08-06 13:00:01.152,1,EMA50,7736.5,DEV,False,True,TARGET,11.0,2,4,0.46153846153846156,3.2894177645558864,13.0,6.0,10.32,1.448
8954,2026-08-06 13:00:37.572,1,EMA24,7737.5,DEV,False,False,TARGET,11.0,3,3,0.7692307692307693,0.3499420949085379,13.0,10.0,10.032,22.052
8958,2026-08-06 13:01:28.384,1,EMA50,7737.5,DEV,False,False,TARGET,11.0,1,1,1.0,0.5574966828836797,4.0,4.0,10.084,18.088
8993,2026-08-06 13:25:02.536,-1,EMA8,7732.25,DEV,False,False,TARGET,,1,1,1.0,1.3009569377990433,2.0,2.0,21.752,16.72
9060,2026-08-06 16:33:23.280,1,EMA24,7738.75,DEV,False,False,TARGET,8.0,2,1,1.5,1.038602509280579,4.0,6.0,117.88,170.248
9074,2026-08-06 16:59:54.640,1,EMA24,7740.0,DEV,False,False,TARGET,5.0,2,1,1.75,0.10529800599732968,4.0,7.0,21.992,365.496
9116,2026-08-06 17:22:03.296,-1,EMA8,7731.0,DEV,False,False,TARGET,,2,5,0.375,1.0866372026517614,16.0,6.0,178.336,61.544
9124,2026-08-06 17:29:51.580,-1,EMA8,7730.0,DEV,False,False,STOP,3.0,1,2,0.2857142857142857,1.157400365581929,7.0,2.0,173.492,42.828
9280,2026-08-06 19:42:19.444,-1,EMA8,7728.25,DEV,False,False,STOP,6.0,1,1,1.0,0.12069226118500606,4.0,4.0,6.388,52.928
9341,2026-08-06 22:11:00.512,1,EMA8,7735.25,DEV,False,False,STOP,,2,7,0.32142857142857145,5.155321848529254,28.0,9.0,1025.712,63.952
9343,2026-08-06 22:18:49.056,1,EMA8,7735.0,DEV,False,False,STOP,8.0,1,1,1.3333333333333333,0.23356132034215543,3.0,4.0,40.056,228.668
9346,2026-08-06 22:25:32.860,1,EMA8,7735.25,DEV,False,False,STOP,7.0,1,2,1.0,7.11830235514924,4.0,4.0,470.292,66.068
9350,2026-08-06 22:41:54.588,1,EMA50,7733.0,DEV,False,False,TARGET,11.0,3,1,3.25,0.3817753940455341,4.0,13.0,107.32,913.6
9352,2026-08-06 22:50:30.316,1,EMA50,7733.5,DEV,False,False,TARGET,9.0,1,1,0.5,0.11784893858459496,4.0,2.0,68.128,289.048
9366,2026-08-06 23:33:44.560,1,EMA8,7738.75,DEV,False,False,STOP,,2,1,2.0,3.4490261449377084,2.0,4.0,196.56,113.98
9378,2026-08-07 00:02:03.296,1,EMA24,7737.75,DEV,False,False,TARGET,9.0,2,5,0.4117647058823529,4.911427475384682,17.0,7.0,1119.348,93.844
9390,2026-08-07 00:28:00.520,1,EMA8,7741.0,DEV,False,False,TARGET,,2,6,0.2631578947368421,0.4945013270220776,19.0,5.0,615.452,327.524
9417,2026-08-07 01:21:21.944,1,EMA24,7743.25,DEV,False,False,TARGET,14.0,3,4,1.0833333333333333,1.4835824821725376,12.0,13.0,544.892,397.888
9421,2026-08-07 01:31:44.012,1,EMA8,7744.75,DEV,False,False,TARGET,8.0,1,3,0.5714285714285714,1.4625495315717174,7.0,4.0,461.0,180.116
9440,2026-08-07 02:10:19.272,1,EMA24,7745.75,DEV,False,False,TARGET,7.0,2,3,1.125,0.8177038461992375,8.0,9.0,246.352,338.932
9488,2026-08-07 04:15:24.300,1,EMA8,7751.0,DEV,False,False,TARGET,,1,1,1.0,0.7762119174317291,4.0,4.0,53.096,68.404
9555,2026-08-07 05:29:54.424,1,EMA8,7756.25,DEV,False,False,TARGET,11.0,2,5,0.2916666666666667,41.44583333333334,24.0,7.0,5.684,0.04
9557,2026-08-07 05:29:58.440,1,EMA8,7757.0,DEV,False,False,TARGET,7.0,1,1,1.0,0.18923327895595435,1.0,1.0,0.464,2.452
9560,2026-08-07 05:30:00.396,1,EMA8,7758.0,DEV,False,True,TARGET,4.0,1,2,0.2222222222222222,2.0784313725490198,9.0,2.0,3.18,0.34
9564,2026-08-07 05:30:00.732,1,EMA8,7758.25,DEV,False,True,TARGET,3.0,1,1,1.0,0.6666666666666666,2.0,2.0,0.008,0.012
9566,2026-08-07 05:30:00.812,1,EMA8,7758.25,DEV,False,False,TARGET,3.0,1,1,1.3333333333333333,1.6,3.0,4.0,0.024,0.02
9576,2026-08-07 05:30:01.440,1,EMA8,7761.5,DEV,False,True,STOP,4.0,1,1,3.0,,1.0,3.0,0.108,0.0
9710,2026-08-07 05:30:43.408,-1,EMA50,7768.0,DEV,False,False,TARGET,15.0,1,1,0.5,1.1676300578034682,2.0,1.0,1.616,0.692
9744,2026-08-07 05:32:26.668,-1,EMA50,7765.25,DEV,False,False,TARGET,12.0,3,2,1.5,0.17372600926538717,8.0,12.0,1.4,12.088
9796,2026-08-07 05:38:25.380,1,EMA8,7772.25,DEV,False,False,TARGET,,1,1,0.6666666666666666,0.7785888077858881,3.0,2.0,10.88,9.316
9800,2026-08-07 05:39:20.732,1,EMA8,7773.75,DEV,False,False,TARGET,,1,3,0.5,2.438577965505104,6.0,3.0,55.424,11.364
9804,2026-08-07 05:40:33.072,1,EMA8,7774.75,DEV,False,False,TARGET,,1,3,0.1,0.09566615620214394,10.0,1.0,24.988,26.12
9806,2026-08-07 05:40:56.780,1,EMA8,7774.5,DEV,False,False,TARGET,7.0,1,1,,,,,,
9810,2026-08-07 05:41:29.668,1,EMA24,7774.0,DEV,False,False,TARGET,9.0,2,2,1.1111111111111112,5.339370922193009,9.0,10.0,21.932,4.564
9816,2026-08-07 05:43:48.468,1,EMA8,7775.75,DEV,False,False,STOP,2.0,1,2,0.2857142857142857,0.7351645765390176,7.0,2.0,43.732,16.996
9844,2026-08-07 05:55:20.260,1,EMA24,7777.25,DEV,False,False,STOP,,2,1,3.0,2.601021830004645,2.0,6.0,44.8,51.672
9858,2026-08-07 06:03:36.068,-1,EMA8,7771.25,DEV,False,False,TARGET,8.0,3,5,0.42857142857142855,0.2517802858730522,21.0,9.0,71.892,122.372
9864,2026-08-07 06:07:08.020,-1,EMA8,7768.75,DEV,False,False,TARGET,,2,4,0.23529411764705882,0.17557585929897662,17.0,4.0,80.652,108.084
9873,2026-08-07 06:10:41.076,-1,EMA8,7765.0,DEV,False,False,TARGET,6.0,1,1,1.0,0.5404161296262199,4.0,4.0,11.74,21.724
9898,2026-08-07 06:25:02.148,-1,EMA24,7761.0,DEV,False,False,TARGET,11.0,1,2,1.0,2.526036190581595,3.0,3.0,182.592,72.284
9976,2026-08-07 06:32:21.132,1,EMA8,7760.75,DEV,True,False,STOP,4.0,1,1,0.3333333333333333,0.48407643312101917,3.0,1.0,2.736,1.884
10033,2026-08-07 06:36:39.064,-1,EMA8,7755.25,DEV,True,False,TARGET,,1,1,1.0,0.8656429942418427,4.0,4.0,1.804,2.084
10058,2026-08-07 06:39:17.644,1,EMA24,7760.5,DEV,True,False,TARGET,9.0,3,1,3.0,1.1866158868335146,3.0,9.0,5.816,14.704
10092,2026-08-07 06:41:51.860,1,EMA8,7762.75,DEV,True,False,STOP,,2,3,0.5,2.0113858165256993,12.0,6.0,24.732,6.148
10122,2026-08-07 06:44:38.264,1,EMA8,7766.25,DEV,True,False,TARGET,,2,9,0.25925925925925924,0.7326645903274953,27.0,7.0,62.104,21.976
10126,2026-08-07 06:45:01.304,1,EMA8,7767.5,DEV,False,False,TARGET,,1,3,0.2222222222222222,0.752509518864659,9.0,2.0,26.088,7.704
10150,2026-08-07 06:46:41.492,-1,EMA8,7760.75,DEV,False,False,TARGET,9.0,3,5,0.5789473684210527,0.8466003478804698,19.0,11.0,15.752,10.772
10199,2026-08-07 06:50:50.084,1,EMA8,7767.0,DEV,False,False,STOP,3.0,1,2,0.5,3.2382671480144403,8.0,4.0,14.352,2.216
10206,2026-08-07 06:51:36.192,1,EMA50,7765.0,DEV,False,False,TARGET,11.0,3,2,10.0,7.921724950172131,1.0,10.0,17.488,22.076
10219,2026-08-07 06:53:26.492,1,EMA24,7767.25,DEV,False,False,TARGET,10.0,3,1,3.6666666666666665,0.8759174629552694,3.0,11.0,6.9,28.884
10265,2026-08-07 06:57:46.972,-1,EMA8,7753.5,DEV,False,False,STOP,6.0,1,2,0.5,0.5013630168105406,8.0,4.0,8.828,8.804
10272,2026-08-07 06:58:15.472,-1,EMA24,7755.25,DEV,False,False,TARGET,9.0,3,1,2.0,0.5693199789140749,4.0,8.0,2.16,7.588
10314,2026-08-07 07:01:12.332,1,EMA24,7760.75,DEV,True,False,STOP,12.0,3,1,11.0,13.968915845337378,1.0,11.0,13.4,10.552
10381,2026-08-07 07:06:28.088,-1,EMA50,7754.5,DEV,True,False,STOP,8.0,1,1,4.0,4.383199622463426,1.0,4.0,9.288,8.476
10421,2026-08-07 07:10:15.448,-1,EMA8,7752.0,DEV,True,False,TARGET,,1,1,1.0,0.9627367135003053,4.0,4.0,6.304,6.548
10492,2026-08-07 07:17:33.552,1,EMA8,7755.25,DEV,True,False,TARGET,1.0,1,2,1.0,4.175470008952551,3.0,3.0,18.656,4.468
10499,2026-08-07 07:17:51.784,1,EMA8,7757.25,DEV,True,False,TARGET,7.0,1,1,0.75,0.2120013755158184,4.0,3.0,1.644,5.816
10506,2026-08-07 07:18:36.064,1,EMA8,7757.0,DEV,True,False,TARGET,5.0,1,3,0.3333333333333333,1.1355866355866358,6.0,2.0,23.384,6.864
10533,2026-08-07 07:22:35.944,1,EMA24,7764.75,DEV,True,False,TARGET,10.0,2,2,0.5555555555555556,0.2193645104997482,9.0,5.0,14.984,37.948
10548,2026-08-07 07:24:15.416,1,EMA8,7768.75,DEV,True,False,TARGET,,2,7,0.25,1.1534312256517831,24.0,6.0,61.584,13.348
10550,2026-08-07 07:24:30.576,1,EMA8,7768.5,DEV,True,False,TARGET,8.0,1,1,1.0,0.6812255541069099,3.0,3.0,4.18,6.136
10562,2026-08-07 07:27:00.716,1,EMA8,7775.25,DEV,True,False,TARGET,4.0,1,1,1.3333333333333333,0.913022585295531,3.0,4.0,5.7,8.324
10569,2026-08-07 07:28:15.872,1,EMA8,7776.5,DEV,True,False,TARGET,,1,4,0.25,4.30993690851735,8.0,2.0,43.72,2.536
10571,2026-08-07 07:28:27.940,1,EMA8,7777.0,DEV,True,False,TARGET,2.0,1,1,2.0,6.554523227383863,1.0,2.0,26.808,8.18
10578,2026-08-07 07:29:34.648,1,EMA8,7778.75,DEV,True,False,TARGET,8.0,3,4,0.5625,0.3265217906205589,16.0,9.0,24.508,42.22
10581,2026-08-07 07:30:03.296,1,EMA8,7780.25,DEV,True,False,STOP,2.0,1,2,0.25,1.4377697841726618,8.0,2.0,15.988,2.78
10590,2026-08-07 07:31:18.680,1,EMA50,7775.25,DEV,True,False,STOP,24.0,1,1,4.0,10.940086473131563,1.0,4.0,17.712,6.476
10627,2026-08-07 07:36:09.288,-1,EMA8,7770.75,DEV,True,False,TARGET,,2,5,0.2857142857142857,0.5961215862578004,21.0,6.0,35.536,17.032
10630,2026-08-07 07:36:18.460,-1,EMA8,7769.5,DEV,True,False,TARGET,2.0,1,2,0.5,0.7434094903339191,6.0,3.0,3.384,2.276
10668,2026-08-07 07:40:36.996,-1,EMA24,7768.25,DEV,True,False,TARGET,14.0,4,1,4.333333333333333,1.667184828229442,3.0,13.0,9.9,25.732
10670,2026-08-07 07:40:54.744,-1,EMA50,7768.75,DEV,True,False,TARGET,16.0,1,1,0.75,0.7633587786259541,4.0,3.0,4.8,4.716
10674,2026-08-07 07:41:13.296,-1,EMA50,7768.75,DEV,True,False,TARGET,4.0,1,1,1.0,0.7777777777777778,2.0,2.0,5.516,7.092
10714,2026-08-07 07:46:07.560,1,EMA8,7772.0,DEV,True,False,TARGET,,1,3,0.3,0.8335416666666668,10.0,3.0,16.004,5.76
10795,2026-08-07 07:59:29.136,1,EMA24,7774.75,DEV,True,False,TARGET,12.0,3,3,1.5,1.669115627574842,8.0,12.0,32.412,29.128
10800,2026-08-07 08:00:22.120,1,EMA24,7775.5,DEV,False,False,STOP,9.0,2,3,0.5454545454545454,1.1264254038644286,11.0,6.0,37.932,18.368
10844,2026-08-07 08:13:01.968,1,EMA50,7776.25,DEV,False,False,TARGET,22.0,3,1,5.5,1.186787072243346,2.0,11.0,10.896,50.496
10892,2026-08-07 08:31:21.168,1,EMA8,7786.25,DEV,False,False,STOP,1.0,1,2,0.42857142857142855,1.7422686866157506,7.0,3.0,37.108,9.128
10894,2026-08-07 08:32:49.364,1,EMA8,7785.75,DEV,False,False,TARGET,3.0,1,1,1.0,3.1359477124183,4.0,4.0,67.172,21.42
10926,2026-08-07 08:44:24.576,-1,EMA24,7780.0,DEV,False,False,TARGET,13.0,3,1,3.6666666666666665,1.6991684780733536,3.0,11.0,35.816,77.288
10934,2026-08-07 08:46:11.084,-1,EMA50,7779.25,DEV,False,False,STOP,5.0,1,1,1.0,0.28901633646159197,4.0,4.0,6.652,23.016
10972,2026-08-07 09:04:28.672,-1,EMA8,7776.5,DEV,False,False,STOP,6.0,1,2,0.6,1.7168462291870714,5.0,3.0,70.116,24.504
11071,2026-08-07 09:31:28.924,-1,EMA8,7759.75,DEV,False,False,TARGET,,1,2,0.8,3.1617662337662336,5.0,4.0,30.432,7.7
11073,2026-08-07 09:31:43.196,-1,EMA8,7759.5,DEV,False,False,TARGET,2.0,1,1,1.5,3.279325513196481,2.0,3.0,17.892,8.184
11111,2026-08-07 09:43:24.576,1,EMA8,7771.5,DEV,False,False,TARGET,7.0,3,2,1.4,1.0651959212467133,5.0,7.0,47.456,62.372
11205,2026-08-07 10:34:15.516,-1,EMA50,7767.25,DEV,False,False,STOP,10.0,1,2,0.4444444444444444,0.3633462957423472,9.0,4.0,10.932,13.372
11256,2026-08-07 11:17:21.284,-1,EMA8,7763.0,DEV,True,False,STOP,4.0,1,1,1.3333333333333333,0.2619163388292151,3.0,4.0,17.776,90.492
11261,2026-08-07 11:20:49.996,-1,EMA24,7764.25,DEV,True,False,TARGET,9.0,1,1,1.0,0.90244680003188,4.0,4.0,45.292,50.188
11342,2026-08-07 12:13:23.056,1,EMA8,7777.25,DEV,True,False,TARGET,4.0,1,1,1.3333333333333333,0.3173877289046673,3.0,4.0,15.824,66.476
11344,2026-08-07 12:15:08.788,1,EMA8,7777.5,DEV,True,False,TARGET,3.0,1,1,1.5,0.9042304886943837,2.0,3.0,49.588,82.26
11489,2026-08-07 13:43:18.820,-1,EMA24,7776.0,DEV,False,False,STOP,12.0,3,2,1.625,2.2843567899811084,8.0,13.0,633.98,450.988
11526,2026-08-09 15:04:37.584,-1,EMA8,7772.5,DEV,False,False,TARGET,,2,2,0.6666666666666666,1.3177859606055293,9.0,6.0,45.092,22.812
11536,2026-08-09 15:11:12.956,-1,EMA24,7772.75,DEV,False,False,TARGET,,1,1,1.0,0.46027815825518914,4.0,4.0,34.948,75.928
11600,2026-08-09 17:04:01.928,-1,EMA24+EMA50,7768.25,DEV,False,False,STOP,11.0,3,1,4.0,0.7680753278780408,3.0,12.0,27.408,142.736
11622,2026-08-09 17:22:41.660,1,EMA24,7774.5,DEV,False,False,STOP,,1,1,1.5,3.8763572679509632,2.0,3.0,88.536,34.26
11666,2026-08-09 18:22:00.632,1,EMA8,7778.75,DEV,False,False,TARGET,,1,1,0.6666666666666666,0.7823967154221196,3.0,2.0,60.98,51.96
11706,2026-08-09 21:03:43.052,1,EMA8,7784.5,DEV,False,False,TARGET,7.0,1,1,1.5,5.15694230301063,2.0,3.0,338.928,98.584
11708,2026-08-09 21:07:59.396,1,EMA24,7783.5,DEV,False,False,TARGET,11.0,1,1,1.0,0.5687817418019939,4.0,4.0,72.572,127.592
11734,2026-08-09 22:50:55.060,1,EMA8,7790.0,DEV,False,False,TARGET,3.0,1,2,3.0,3.8861598125555465,1.0,3.0,833.716,643.604
11847,2026-08-10 04:00:26.148,-1,EMA8,7785.25,DEV,False,False,TARGET,,2,3,0.42857142857142855,1.2539588616511692,7.0,3.0,356.024,121.68
11906,2026-08-10 05:30:28.504,-1,EMA8,7778.0,DEV,False,False,TARGET,,2,5,0.38461538461538464,0.582675585284281,13.0,5.0,383.284,253.0
11913,2026-08-10 05:38:35.240,-1,EMA8,7775.0,DEV,False,False,TARGET,,1,6,0.16666666666666666,5.1600768089377675,18.0,3.0,472.952,15.276
11924,2026-08-10 05:58:04.704,-1,EMA8,7772.75,DEV,False,False,STOP,,1,4,0.2857142857142857,0.40533573107369064,14.0,4.0,284.904,200.824
11928,2026-08-10 06:00:53.152,-1,EMA24,7774.5,DEV,False,False,TARGET,11.0,3,1,10.0,7.9436986757977035,1.0,10.0,104.86,132.004
11995,2026-08-10 06:31:48.184,1,EMA24,7779.5,DEV,True,False,TARGET,,2,3,1.1428571428571428,3.821312238250349,7.0,8.0,32.848,9.824
11999,2026-08-10 06:32:38.048,1,EMA8,7781.25,DEV,True,False,TARGET,3.0,1,3,0.4444444444444444,0.26824614669918534,9.0,4.0,16.168,26.788
12030,2026-08-10 06:36:08.676,-1,EMA24,7774.5,DEV,True,False,STOP,12.0,1,1,1.3333333333333333,2.4034207101691765,3.0,4.0,12.928,7.172
12120,2026-08-10 06:49:34.088,1,EMA8,7778.0,DEV,False,False,TARGET,,1,3,0.07142857142857142,0.3263919988057919,14.0,1.0,52.476,11.484
12148,2026-08-10 06:52:33.044,-1,EMA24,7774.25,DEV,False,False,STOP,12.0,3,4,1.0,2.875229920294298,13.0,13.0,37.516,13.048
12171,2026-08-10 06:56:24.156,1,EMA50,7778.0,DEV,False,False,TARGET,8.0,1,2,1.0,4.1029082774049215,2.0,2.0,22.008,5.364
12231,2026-08-10 07:18:36.816,1,EMA24,7787.75,DEV,True,False,TARGET,10.0,3,1,2.6666666666666665,0.5153045943733403,3.0,8.0,38.712,200.332
12323,2026-08-10 07:56:57.028,-1,EMA24,7786.5,DEV,True,False,TARGET,8.0,3,2,1.6666666666666667,0.4388490892915672,6.0,10.0,14.996,56.952
12326,2026-08-10 07:57:25.276,-1,EMA8,7785.25,DEV,True,False,TARGET,3.0,1,2,0.42857142857142855,1.16387791137644,7.0,3.0,18.456,6.796
12328,2026-08-10 07:58:32.656,-1,EMA8,7784.75,DEV,True,False,TARGET,2.0,1,1,0.25,0.2013146489453915,4.0,1.0,11.148,13.844
12434,2026-08-10 08:38:30.072,-1,EMA8,7779.25,DEV,False,False,STOP,2.0,1,3,0.4,0.93663421418637,10.0,4.0,101.016,43.14
12436,2026-08-10 08:39:56.156,-1,EMA8,7779.5,DEV,False,False,TARGET,3.0,1,1,1.3333333333333333,0.9920132898856304,3.0,4.0,31.052,41.736
12463,2026-08-10 08:57:03.272,1,EMA8,7788.5,DEV,False,False,TARGET,,2,8,0.2222222222222222,1.3401074515300162,27.0,6.0,275.376,45.664
12465,2026-08-10 08:57:50.420,1,EMA8,7789.25,DEV,False,False,TARGET,4.0,1,1,0.3333333333333333,1.2168235511258767,3.0,1.0,105.484,28.896
12471,2026-08-10 09:05:38.908,1,EMA24,7788.5,DEV,False,False,STOP,11.0,3,3,1.1,0.8728898836168308,10.0,11.0,177.276,223.4
12473,2026-08-10 09:07:34.128,1,EMA24,7787.75,DEV,False,False,STOP,14.0,1,1,2.0,6.537830446672743,2.0,4.0,86.064,26.328
12489,2026-08-10 09:21:01.120,-1,EMA50,7784.0,DEV,False,False,TARGET,12.0,1,1,1.3333333333333333,0.9081250227413309,3.0,4.0,49.916,73.288
12505,2026-08-10 09:31:59.000,-1,EMA8,7780.25,DEV,False,True,NONE,,1,8,0.2222222222222222,1.9441804655627548,18.0,4.0,324.056,37.04
12528,2026-08-10 09:31:59.896,-1,EMA8,7769.0,DEV,False,True,TARGET,,1,3,0.09090909090909091,1.4545454545454546,11.0,1.0,0.064,0.004
12532,2026-08-10 09:31:59.944,-1,EMA8,7766.75,DEV,False,True,TARGET,,1,3,0.16666666666666666,,12.0,2.0,0.024,0.0
12536,2026-08-10 09:31:59.956,-1,EMA8,7766.0,DEV,False,True,TARGET,,1,3,2.0,16.0,2.0,4.0,0.032,0.004
12544,2026-08-10 09:32:01.056,-1,EMA24,7767.25,DEV,False,True,TARGET,10.0,1,1,1.0,0.25,4.0,4.0,0.152,0.608
12547,2026-08-10 09:32:01.988,-1,EMA24,7767.0,DEV,False,False,TARGET,9.0,2,1,2.0,0.43037974683544306,1.0,2.0,0.136,0.632
12569,2026-08-10 09:32:43.080,1,EMA8,7774.75,DEV,False,False,NONE,3.0,2,1,0.6666666666666666,0.15770319450060655,3.0,2.0,2.34,9.892
12602,2026-08-10 09:42:49.844,-1,EMA8,7770.5,DEV,False,False,TARGET,7.0,1,1,2.0,0.8310223266745006,2.0,4.0,7.072,17.02
12629,2026-08-10 09:56:17.708,1,EMA8,7773.0,DEV,False,False,TARGET,17.0,1,4,0.15384615384615385,0.5874284291760021,13.0,2.0,94.388,24.72
12644,2026-08-10 10:07:23.716,1,EMA50,7773.75,DEV,False,False,TARGET,14.0,1,2,0.3333333333333333,1.1775541146488595,6.0,2.0,146.012,41.332
12665,2026-08-10 10:28:57.488,1,EMA50,7776.5,DEV,False,False,TARGET,9.0,3,1,2.5,0.7589883129627979,4.0,10.0,95.284,313.852
12682,2026-08-10 10:50:03.308,-1,EMA8,7773.0,DEV,False,False,TARGET,4.0,1,1,1.0,0.6027660084738988,3.0,3.0,30.16,50.036
12684,2026-08-10 10:50:49.324,-1,EMA8,7773.0,DEV,False,False,TARGET,4.0,1,1,1.0,4.346061415220293,4.0,4.0,65.104,14.98
12719,2026-08-10 11:36:11.156,-1,EMA50,7772.25,DEV,True,False,TARGET,9.0,1,1,,,,,,
12741,2026-08-10 12:01:25.288,1,EMA8,7778.5,DEV,True,False,TARGET,5.0,3,2,0.7777777777777778,0.42146160234478197,9.0,7.0,104.108,192.124
12747,2026-08-10 12:13:28.732,1,EMA8,7780.25,DEV,True,False,TARGET,,1,2,0.5,0.5165675174310753,6.0,3.0,193.812,187.596
12749,2026-08-10 12:17:41.588,1,EMA8,7780.25,DEV,True,False,TARGET,,1,1,1.0,0.5581688582383367,3.0,3.0,86.764,155.444
12792,2026-08-10 12:55:05.104,-1,EMA24,7774.0,DEV,True,False,TARGET,11.0,3,2,1.7142857142857142,38.39165329052969,7.0,12.0,47.836,2.136
12816,2026-08-10 13:00:40.220,1,EMA50,7776.5,DEV,False,False,TARGET,10.0,2,1,2.25,0.11627827278958192,4.0,9.0,1.508,29.18
12860,2026-08-10 16:01:46.908,-1,EMA8,7772.75,DEV,False,False,TARGET,,2,3,0.5,0.23242196078431374,12.0,6.0,592.676,1275.0
12862,2026-08-10 16:17:58.476,-1,EMA8,7772.25,DEV,False,False,TARGET,3.0,1,1,1.0,10.254034761018001,2.0,2.0,264.308,25.776
12878,2026-08-10 17:00:02.000,-1,EMA24,7770.0,DEV,False,False,TARGET,13.0,3,5,0.7,4.253796724682383,20.0,14.0,661.988,108.936
12882,2026-08-10 17:01:45.240,-1,EMA8,7769.25,DEV,False,False,TARGET,10.0,1,1,0.6666666666666666,0.0961706156414281,3.0,2.0,7.72,53.516
12886,2026-08-10 17:05:30.624,-1,EMA24,7769.25,DEV,False,False,STOP,10.0,2,2,0.875,0.17172790022061554,8.0,7.0,35.94,183.124
12898,2026-08-10 17:16:46.796,1,EMA8,7775.25,DEV,False,False,TARGET,,2,5,0.47368421052631576,0.9536519703258562,19.0,9.0,231.904,115.188
12906,2026-08-10 17:24:47.464,1,EMA8,7776.0,DEV,False,False,TARGET,4.0,1,3,0.4444444444444444,0.4198303918612832,9.0,4.0,54.308,57.492
12927,2026-08-10 18:20:21.252,1,EMA8,7784.0,DEV,False,False,TARGET,,2,7,0.2962962962962963,0.5214445314470213,27.0,8.0,650.288,369.508
12931,2026-08-10 18:28:13.296,1,EMA8,7785.0,DEV,False,False,TARGET,,2,2,0.5555555555555556,0.4313429876582471,9.0,5.0,175.784,226.404
12937,2026-08-10 18:46:01.380,1,EMA8,7784.75,DEV,False,False,TARGET,4.0,1,1,1.3333333333333333,4.694357326805885,3.0,4.0,368.216,104.584
12943,2026-08-10 19:04:56.688,1,EMA24,7784.0,DEV,False,False,TARGET,10.0,3,3,1.2222222222222223,0.4889981113614126,9.0,11.0,257.88,644.556
12952,2026-08-10 20:02:31.608,1,EMA24,7785.25,DEV,False,False,TARGET,,2,3,0.6363636363636364,1.3942986781637619,11.0,7.0,1643.228,749.976
12957,2026-08-10 20:37:34.452,1,EMA8,7788.0,DEV,False,False,TARGET,,1,4,0.2222222222222222,1.278766919991993,18.0,4.0,1852.588,321.94
12963,2026-08-10 21:28:55.432,1,EMA8,7788.0,DEV,False,False,TARGET,5.0,1,1,1.0,1.0743589743589743,3.0,3.0,838.0,780.0
13001,2026-08-10 23:35:47.640,-1,EMA8,7772.5,DEV,False,False,STOP,,2,5,0.35,1.0067073170731706,20.0,7.0,224.536,78.064
13019,2026-08-11 00:02:07.132,-1,EMA50,7776.25,DEV,False,False,TARGET,13.0,1,1,,,,,,
13076,2026-08-11 01:29:21.392,-1,EMA24+EMA50,7773.5,DEV,False,False,TARGET,14.0,3,2,2.3333333333333335,1.207905926512419,6.0,14.0,117.688,227.34
13108,2026-08-11 02:27:21.016,1,EMA50,7776.25,DEV,False,False,TARGET,9.0,1,1,1.0,0.5363667117726657,4.0,4.0,50.736,94.592
13119,2026-08-11 02:47:49.892,1,EMA8,7779.5,DEV,False,False,STOP,,1,3,0.4444444444444444,1.3498011217712937,9.0,4.0,522.944,172.188
13123,2026-08-11 03:08:22.368,1,EMA50,7777.25,DEV,False,False,TARGET,13.0,3,1,12.0,2.3355490439759654,1.0,12.0,204.844,1052.484
13158,2026-08-11 04:01:17.904,1,EMA8,7791.5,DEV,False,False,TARGET,,1,8,0.16129032258064516,20.289032258064516,31.0,5.0,314.48,2.5
13160,2026-08-11 04:01:24.868,1,EMA8,7791.5,DEV,False,False,TARGET,10.0,1,1,,,,,,
13163,2026-08-11 04:01:31.296,1,EMA8,7791.75,DEV,False,False,TARGET,9.0,1,2,0.5714285714285714,1.0863711001642036,7.0,4.0,3.308,1.74
13169,2026-08-11 04:01:49.488,1,EMA8,7794.0,DEV,False,False,STOP,3.0,1,1,2.0,2.1169230769230767,2.0,4.0,2.752,2.6
13171,2026-08-11 04:02:08.048,1,EMA8,7793.5,DEV,False,False,TARGET,5.0,1,1,1.0,0.4683749594550762,4.0,4.0,5.776,12.332
13175,2026-08-11 04:02:41.520,1,EMA24,7792.5,DEV,False,False,TARGET,9.0,3,1,3.5,0.8194736842105262,2.0,7.0,6.228,26.6
13214,2026-08-11 04:31:50.592,-1,EMA8,7788.0,DEV,False,False,TARGET,3.0,1,1,2.0,2.9309271144436675,2.0,4.0,184.496,125.896
13227,2026-08-11 04:56:36.496,-1,EMA50,7789.5,DEV,False,False,TARGET,10.0,3,1,2.75,0.6939654777711644,4.0,11.0,110.232,436.82
13229,2026-08-11 05:01:05.976,-1,EMA50,7788.5,DEV,False,False,STOP,6.0,1,1,0.0,-0.0,4.0,-0.0,104.236,218.868
13240,2026-08-11 05:21:17.656,1,EMA8,7793.75,DEV,False,False,STOP,6.0,1,2,0.25,0.37083388513662646,8.0,2.0,134.408,90.612
13262,2026-08-11 05:30:05.116,-1,EMA24,7787.75,DEV,False,False,TARGET,10.0,4,7,0.5,0.2090036448187017,24.0,12.0,106.428,254.608
13309,2026-08-11 06:30:39.904,-1,EMA8,7786.75,DEV,False,False,TARGET,,1,3,0.5,1.5318584070796462,8.0,4.0,13.848,4.52
13319,2026-08-11 06:31:41.036,-1,EMA8,7783.0,DEV,True,False,TARGET,,2,5,0.3333333333333333,0.497565640758129,15.0,5.0,22.892,15.336
13322,2026-08-11 06:31:59.108,-1,EMA8,7782.25,DEV,True,False,TARGET,3.0,1,2,0.5714285714285714,0.99291264623004,7.0,4.0,11.628,6.692
13324,2026-08-11 06:32:15.448,-1,EMA8,7782.0,DEV,True,False,TARGET,2.0,1,1,1.0,0.6353730092204526,3.0,3.0,6.064,9.544
13329,2026-08-11 06:32:42.888,-1,EMA8,7780.5,DEV,True,False,TARGET,,1,1,0.75,1.107981220657277,4.0,3.0,7.552,5.112
13341,2026-08-11 06:35:10.428,-1,EMA8,7779.5,DEV,True,False,TARGET,,1,2,0.375,4.979007633587786,8.0,3.0,20.872,1.572
13351,2026-08-11 06:36:56.020,-1,EMA24,7778.75,DEV,True,False,STOP,12.0,4,6,1.0,1.3377720635503718,15.0,15.0,58.268,43.556
13423,2026-08-11 06:50:17.932,-1,EMA50,7775.25,DEV,False,False,TARGET,10.0,1,2,1.0,1.6166153846153846,4.0,4.0,21.016,13.0
13432,2026-08-11 06:52:12.004,-1,EMA24,7773.25,DEV,False,False,STOP,5.0,2,1,2.3333333333333335,0.9462750716332378,3.0,7.0,15.852,39.088
13576,2026-08-11 07:40:32.620,-1,EMA24,7780.0,DEV,True,False,STOP,10.0,3,5,0.5263157894736842,0.7725418832097375,19.0,10.0,169.64,115.572
13645,2026-08-11 08:15:04.584,-1,EMA8,7772.0,DEV,False,False,TARGET,3.0,1,3,0.3,0.5045852803738319,10.0,3.0,69.108,41.088
13648,2026-08-11 08:16:58.816,-1,EMA8,7771.0,DEV,False,False,TARGET,,1,2,0.5,4.158914728682171,6.0,3.0,55.796,6.708
13650,2026-08-11 08:17:31.544,-1,EMA8,7771.25,DEV,False,False,TARGET,,1,1,1.0,4.278069466882068,4.0,4.0,84.74,19.808
13684,2026-08-11 08:34:40.572,-1,EMA8,7766.5,DEV,False,False,TARGET,,2,5,0.2,2.091915836101883,20.0,4.0,37.78,3.612
13691,2026-08-11 08:35:48.444,-1,EMA8,7765.5,DEV,False,False,TARGET,8.0,1,1,,,,,,
13777,2026-08-11 09:30:14.812,-1,EMA24,7763.25,DEV,False,False,TARGET,16.0,2,2,1.0,0.49214245862004835,6.0,6.0,42.34,86.032
13787,2026-08-11 09:40:09.144,-1,EMA50,7763.25,DEV,False,False,TARGET,12.0,1,1,0.0,-0.0,1.0,-0.0,57.052,30.672
13797,2026-08-11 09:50:22.352,-1,EMA8,7759.75,DEV,False,False,TARGET,,2,5,0.5,2.4026774969915765,18.0,9.0,447.244,93.072
13800,2026-08-11 09:53:13.532,-1,EMA8,7759.0,DEV,False,False,TARGET,3.0,1,2,0.5714285714285714,0.7098581074014247,7.0,4.0,61.084,49.172
13806,2026-08-11 10:00:18.500,-1,EMA8,7756.75,DEV,False,False,TARGET,,2,4,0.3333333333333333,1.1721973423390355,15.0,5.0,383.196,108.968
13812,2026-08-11 10:04:33.760,-1,EMA8,7754.75,DEV,False,False,TARGET,,1,2,0.4444444444444444,0.6750591287098499,9.0,4.0,79.632,52.428
13829,2026-08-11 10:16:03.904,-1,EMA8,7749.0,DEV,False,False,STOP,,2,2,0.5555555555555556,0.38097467103552296,9.0,5.0,35.16,51.272
13871,2026-08-11 10:50:13.500,1,EMA8,7758.0,DEV,False,False,STOP,,1,7,0.125,0.8576261134779242,16.0,2.0,566.884,82.624
13873,2026-08-11 10:54:10.888,1,EMA8,7758.25,DEV,False,False,STOP,3.0,1,1,3.0,1.2679177223343496,1.0,3.0,39.368,93.148
13875,2026-08-11 10:56:36.160,1,EMA8,7757.75,DEV,False,False,STOP,5.0,1,1,1.0,1.277953007052486,4.0,4.0,144.24,112.868
13929,2026-08-11 11:37:46.672,-1,EMA50,7746.75,DEV,True,False,TARGET,30.0,3,1,,,,,,
13961,2026-08-11 12:06:52.116,-1,EMA50,7745.75,DEV,True,False,TARGET,3.0,1,1,2.0,7.505951929638335,2.0,4.0,197.992,52.756
13985,2026-08-11 12:36:35.848,1,EMA8,7754.0,DEV,True,False,TARGET,,1,2,0.5714285714285714,1.4222120951621424,7.0,4.0,137.316,55.172
13995,2026-08-11 12:46:08.832,1,EMA50,7751.25,DEV,True,False,STOP,22.0,3,1,,,,,,
13997,2026-08-11 12:46:39.000,1,EMA50,7751.25,DEV,True,False,STOP,22.0,1,1,1.0,5.152770005595971,4.0,4.0,36.832,7.148
14018,2026-08-11 12:54:13.412,-1,EMA8,7745.25,DEV,True,False,STOP,6.0,1,1,2.0,6.055555555555555,2.0,4.0,30.084,9.936
14175,2026-08-11 18:30:09.708,-1,EMA24,7750.5,DEV,False,False,TARGET,,2,2,1.125,0.8786519152916417,8.0,9.0,213.76,273.692
14200,2026-08-11 21:22:09.256,1,EMA8,7755.75,DEV,False,False,TARGET,4.0,1,3,0.6666666666666666,1.6428156825497335,3.0,2.0,1494.384,606.432
14236,2026-08-12 00:27:41.740,1,EMA24,7758.75,DEV,False,False,TARGET,11.0,4,6,0.9333333333333333,2.1197174766622457,15.0,14.0,1863.268,820.416
14255,2026-08-12 01:39:19.192,1,EMA50,7759.5,DEV,False,False,TARGET,14.0,3,2,2.142857142857143,2.5399685670929983,7.0,15.0,749.88,632.64
14351,2026-08-12 05:00:44.812,1,EMA8,7770.5,DEV,False,False,TARGET,,1,3,0.3076923076923077,1.8764345919253562,13.0,4.0,563.908,92.468
14356,2026-08-12 05:08:22.476,1,EMA24,7769.5,DEV,False,False,TARGET,11.0,3,2,2.2,0.6740758090330641,5.0,11.0,94.188,307.404
14380,2026-08-12 05:29:47.496,1,EMA8,7779.25,DEV,False,False,TARGET,5.0,1,2,,,,,,
14383,2026-08-12 05:29:50.296,1,EMA8,7780.0,DEV,False,False,TARGET,2.0,1,2,0.5714285714285714,5.16988416988417,7.0,4.0,5.356,0.592
14389,2026-08-12 05:29:54.112,1,EMA24,7779.25,DEV,False,True,TARGET,,2,1,2.0,0.009070294784580499,4.0,8.0,0.008,1.764
14393,2026-08-12 05:29:55.908,1,EMA8,7780.75,DEV,False,False,TARGET,,1,1,0.0,0.0,4.0,0.0,0.32,1.284
14441,2026-08-12 05:30:01.200,1,EMA8,7785.25,DEV,False,True,STOP,,1,1,1.0,,4.0,4.0,0.0,0.004
14446,2026-08-12 05:30:01.440,1,EMA24,7784.25,DEV,False,True,STOP,,1,1,0.0,,4.0,0.0,0.0,0.0
14485,2026-08-12 05:30:04.852,-1,EMA24,7780.0,DEV,False,True,TARGET,9.0,3,2,1.0,0.022727272727272728,10.0,10.0,0.008,0.352
14506,2026-08-12 05:30:05.748,-1,EMA8,7776.0,DEV,False,True,TARGET,10.0,3,5,0.5,,26.0,13.0,0.316,0.0
14515,2026-08-12 05:30:06.092,-1,EMA24,7775.75,DEV,False,True,TARGET,7.0,2,2,1.2,0.01764705882352941,5.0,6.0,0.004,0.272
14534,2026-08-12 05:30:08.320,-1,EMA8,7767.25,DEV,False,True,NONE,7.0,1,2,0.3333333333333333,1.8749999999999998,6.0,2.0,0.36,0.064
14572,2026-08-12 05:30:12.388,-1,EMA8,7764.25,DEV,False,True,TARGET,,1,1,0.5,,4.0,2.0,0.0,0.088
14575,2026-08-12 05:30:12.536,-1,EMA8,7763.25,DEV,False,True,STOP,,1,2,0.0,-0.0,4.0,-0.0,0.62,0.068
14579,2026-08-12 05:30:12.944,-1,EMA8,7762.25,DEV,False,False,STOP,,1,3,0.5,0.4067796610169491,6.0,3.0,0.192,0.236
14602,2026-08-12 05:30:30.732,1,EMA8,7771.0,DEV,False,False,TARGET,10.0,2,4,0.2,0.48750000000000004,15.0,3.0,5.304,2.176
14604,2026-08-12 05:30:32.584,1,EMA8,7771.0,DEV,False,False,TARGET,5.0,1,1,1.5,3.9551020408163264,2.0,3.0,2.584,0.98
14606,2026-08-12 05:30:37.944,1,EMA8,7771.25,DEV,False,False,TARGET,4.0,1,1,0.6666666666666666,0.5227817745803357,3.0,2.0,0.872,1.112
14614,2026-08-12 05:30:57.672,1,EMA50,7770.25,DEV,False,False,TARGET,9.0,3,1,1.75,0.10518030910131652,4.0,7.0,0.42,6.988
14621,2026-08-12 05:31:15.640,1,EMA50,7769.5,DEV,False,False,TARGET,9.0,1,1,2.0,4.946341463414634,2.0,4.0,2.028,0.82
14638,2026-08-12 05:32:26.656,1,EMA8,7777.0,DEV,False,False,TARGET,,1,4,0.21428571428571427,3.5585646580907246,14.0,3.0,14.016,0.844
14647,2026-08-12 05:33:44.632,1,EMA8,7778.0,DEV,False,False,TARGET,5.0,1,3,1.0,4.5863277826468005,3.0,3.0,20.932,4.564
14723,2026-08-12 06:10:36.552,1,EMA24,7785.75,DEV,False,False,TARGET,7.0,3,1,2.25,1.1493889131383674,4.0,9.0,84.264,164.952
14742,2026-08-12 06:29:54.312,1,EMA8,7792.25,DEV,False,False,TARGET,2.0,1,1,2.0,2.282315454062666,1.0,2.0,42.976,37.66
14782,2026-08-12 06:33:10.604,-1,EMA8,7773.75,DEV,True,False,STOP,,2,4,0.35714285714285715,1.122777817125859,14.0,5.0,25.364,8.068
14787,2026-08-12 06:33:51.856,-1,EMA24,7776.25,DEV,True,False,TARGET,13.0,3,2,4.333333333333333,2.6331849213416443,3.0,13.0,13.648,22.46
14850,2026-08-12 06:42:02.528,-1,EMA50,7773.75,DEV,True,False,TARGET,18.0,1,1,1.3333333333333333,15.813953488372093,3.0,4.0,20.4,1.72
14928,2026-08-12 06:54:17.180,-1,EMA24,7773.5,DEV,False,False,TARGET,11.0,3,1,3.6666666666666665,0.8692970204841712,3.0,11.0,8.148,34.368
14933,2026-08-12 06:54:57.680,-1,EMA8,7771.0,DEV,False,False,TARGET,11.0,1,4,0.25,0.9751434034416826,12.0,3.0,32.64,8.368
14936,2026-08-12 06:55:24.808,-1,EMA8,7770.25,DEV,False,False,TARGET,,1,2,0.5,0.6018164435946464,6.0,3.0,15.108,12.552
14951,2026-08-12 06:58:10.316,-1,EMA24,7768.5,DEV,False,False,STOP,11.0,3,2,10.0,5.278093076049943,1.0,10.0,20.46,38.764
15094,2026-08-12 07:31:10.180,-1,EMA8,7763.25,DEV,True,True,TARGET,6.0,1,1,,,,,,
15096,2026-08-12 07:31:10.232,-1,EMA8,7763.5,DEV,True,True,TARGET,7.0,1,1,0.6666666666666666,1.6666666666666667,3.0,2.0,0.04,0.016
15098,2026-08-12 07:31:10.312,-1,EMA8,7763.0,DEV,True,True,TARGET,5.0,1,1,1.0,0.5294117647058824,1.0,1.0,0.036,0.068
15139,2026-08-12 07:31:20.008,1,EMA24,7768.0,DEV,True,False,TARGET,13.0,3,1,2.5,0.045454545454545456,4.0,10.0,0.008,0.44
15148,2026-08-12 07:32:03.888,1,EMA8,7770.25,DEV,True,False,STOP,4.0,1,3,0.18181818181818182,0.31283877961901807,11.0,2.0,16.16,9.392
15182,2026-08-12 07:39:18.036,1,EMA24,7770.5,DEV,True,False,TARGET,,2,1,1.5,0.16988186842960873,4.0,6.0,4.18,36.908
15196,2026-08-12 07:43:43.552,1,EMA8,7774.0,DEV,True,False,TARGET,4.0,1,2,0.375,1.4963121118012421,8.0,3.0,30.836,7.728
15226,2026-08-12 07:53:06.900,-1,EMA24,7768.25,DEV,True,False,TARGET,9.0,2,1,1.6666666666666667,0.4748420403760209,3.0,5.0,9.86,34.608
15240,2026-08-12 07:56:17.312,-1,EMA24,7766.0,DEV,True,False,TARGET,13.0,3,6,0.47619047619047616,3.1303952748750565,21.0,10.0,115.752,17.608
15248,2026-08-12 07:58:42.032,-1,EMA50,7766.75,DEV,True,False,TARGET,10.0,1,1,1.3333333333333333,0.8404382811162472,3.0,4.0,19.636,31.152
15258,2026-08-12 08:01:42.860,-1,EMA24,7765.5,DEV,False,False,TARGET,11.0,2,4,0.6363636363636364,2.2266394035900405,11.0,7.0,70.316,20.096
15260,2026-08-12 08:02:19.528,-1,EMA50,7766.0,DEV,False,False,TARGET,9.0,1,1,2.0,10.041179223210106,2.0,4.0,42.916,8.548
15329,2026-08-12 08:26:46.404,-1,EMA50,7763.75,DEV,False,False,STOP,7.0,1,1,1.3333333333333333,3.339541547277937,3.0,4.0,27.972,11.168
15331,2026-08-12 08:27:09.252,-1,EMA50,7763.5,DEV,False,False,STOP,6.0,1,1,0.75,0.5955753504672898,4.0,3.0,10.876,13.696
15335,2026-08-12 08:28:09.564,-1,EMA50,7763.5,DEV,False,False,STOP,6.0,1,1,1.0,3.4740532959326793,3.0,3.0,19.816,5.704
15400,2026-08-12 09:08:23.416,1,EMA24,7765.75,DEV,False,False,TARGET,13.0,3,5,0.75,0.35532011543394615,16.0,12.0,177.3,374.24
15411,2026-08-12 09:18:13.884,1,EMA8,7770.0,DEV,False,False,TARGET,,1,1,1.0,1.7564890033683376,3.0,3.0,70.92,40.376
15414,2026-08-12 09:21:26.460,1,EMA24,7769.0,DEV,False,False,TARGET,,2,1,3.5,1.1409158155960675,2.0,7.0,54.644,167.632
15518,2026-08-12 11:48:22.108,1,EMA8,7779.75,DEV,True,False,TARGET,,2,6,0.4,0.7750954893692183,20.0,8.0,702.128,362.344
15553,2026-08-12 12:45:32.068,-1,EMA24+EMA50,7773.5,DEV,True,False,TARGET,12.0,3,4,1.0769230769230769,2.9475994523717253,13.0,14.0,432.444,157.996
15570,2026-08-12 12:54:50.036,-1,EMA8,7767.5,DEV,True,False,TARGET,,2,3,0.6,1.4481031866464338,10.0,6.0,25.448,10.544
15620,2026-08-12 13:55:17.156,-1,EMA8,7767.75,DEV,False,False,TARGET,2.0,1,2,1.0,5.6771941563510655,3.0,3.0,1018.148,179.34
15624,2026-08-12 15:00:01.024,-1,EMA24,7769.25,DEV,False,True,NONE,,1,0,,,,,,
15626,2026-08-12 15:00:01.916,-1,EMA50,7769.5,DEV,False,False,TARGET,,1,1,1.0,0.641509433962264,4.0,4.0,0.408,0.636
15630,2026-08-12 15:00:59.380,-1,EMA50,7769.75,DEV,False,False,TARGET,,1,1,2.0,1.222736992159658,1.0,2.0,13.724,22.448
15727,2026-08-12 21:23:50.888,1,EMA24,7773.25,DEV,False,False,TARGET,15.0,3,4,0.9285714285714286,2.8431491593561957,14.0,13.0,2174.332,710.136
15732,2026-08-12 21:45:43.356,1,EMA8,7775.75,DEV,False,False,TARGET,5.0,1,4,0.25,0.9916605806098228,12.0,3.0,869.012,219.08
15741,2026-08-12 22:34:54.164,1,EMA8,7779.5,DEV,False,False,STOP,,1,5,0.2,2.8249216867469875,15.0,3.0,1875.748,132.8
15797,2026-08-13 01:41:48.760,1,EMA8,7781.5,DEV,False,False,TARGET,3.0,1,1,1.3333333333333333,1.0754298815437522,3.0,4.0,84.432,104.68
15819,2026-08-13 03:30:40.920,1,EMA8,7784.25,DEV,False,False,TARGET,3.0,1,1,1.0,0.9210836956208793,3.0,3.0,127.968,138.932
15824,2026-08-13 04:06:59.640,1,EMA8,7785.25,DEV,False,False,STOP,,1,1,1.0,0.9537291940197365,3.0,3.0,180.148,188.888
15827,2026-08-13 04:29:18.592,1,EMA24,7784.0,DEV,False,False,TARGET,,2,1,4.0,1.0907999657035068,2.0,8.0,203.552,746.432
15869,2026-08-13 05:30:01.288,1,EMA24,7786.75,DEV,False,True,TARGET,8.0,2,1,2.5,0.2272727272727273,2.0,5.0,0.008,0.088
15905,2026-08-13 05:30:03.268,1,EMA50,7788.0,DEV,False,True,TARGET,4.0,1,2,1.3333333333333333,2.2222222222222223,3.0,4.0,0.2,0.12
15971,2026-08-13 06:25:51.220,1,EMA8,7792.0,DEV,False,False,TARGET,6.0,1,1,,,,,,
15974,2026-08-13 06:30:01.524,1,EMA8,7792.5,DEV,False,True,TARGET,4.0,1,2,0.2857142857142857,7.255510809665112,7.0,2.0,273.852,10.784
15979,2026-08-13 06:30:05.564,1,EMA24,7791.0,DEV,False,False,STOP,13.0,3,2,2.1666666666666665,1.3986068111455106,6.0,13.0,1.668,2.584
16005,2026-08-13 06:32:49.272,1,EMA50,7790.5,DEV,True,False,TARGET,15.0,2,3,0.7272727272727273,2.447278211984094,11.0,8.0,35.696,10.608
16016,2026-08-13 06:34:21.652,1,EMA8,7795.5,DEV,True,False,TARGET,,1,2,0.5,2.8032432432432426,8.0,4.0,20.744,3.7
16037,2026-08-13 06:39:21.008,1,EMA8,7806.5,DEV,True,False,TARGET,2.0,1,1,1.5,5.126288659793815,2.0,3.0,26.52,7.76
16075,2026-08-13 06:49:20.696,1,EMA8,7813.0,DEV,False,False,TARGET,,2,14,0.15384615384615385,0.8575677022761257,52.0,8.0,206.468,37.04
16082,2026-08-13 06:51:22.004,1,EMA8,7813.5,DEV,False,False,TARGET,3.0,1,2,0.5,0.7440978990686593,6.0,3.0,27.484,18.468
16089,2026-08-13 06:53:31.252,1,EMA8,7814.25,DEV,False,False,TARGET,,1,2,0.375,0.2324442943956786,8.0,3.0,14.688,23.696
16111,2026-08-13 07:04:44.408,1,EMA8,7825.5,DEV,True,False,TARGET,,2,3,0.6666666666666666,1.1037812312788526,12.0,8.0,62.644,37.836
16122,2026-08-13 07:08:55.156,1,EMA24,7825.0,DEV,True,False,TARGET,16.0,1,1,0.6666666666666666,0.5665822396193108,3.0,2.0,14.764,17.372
16132,2026-08-13 07:15:52.120,1,EMA8,7829.75,DEV,True,False,STOP,2.0,1,2,1.0,10.4108049311095,3.0,3.0,114.852,11.032
16156,2026-08-13 07:25:26.124,1,EMA8,7835.25,DEV,True,False,TARGET,6.0,1,1,1.3333333333333333,1.1555858104530672,3.0,4.0,30.556,35.256
16159,2026-08-13 07:27:01.668,1,EMA8,7835.5,DEV,True,False,TARGET,5.0,1,2,1.5,4.12303664921466,2.0,3.0,58.8,21.392
16173,2026-08-13 07:35:26.280,1,EMA8,7837.0,DEV,True,False,TARGET,5.0,1,1,1.0,0.7284417549167927,2.0,2.0,38.52,52.88
16195,2026-08-13 07:47:27.768,-1,EMA8,7827.5,DEV,True,False,TARGET,,2,5,0.3333333333333333,0.8410264516808936,21.0,7.0,127.688,50.608
16206,2026-08-13 07:50:03.240,-1,EMA8,7821.25,DEV,True,False,STOP,,2,9,0.21212121212121213,1.0781505376344085,33.0,7.0,157.564,31.0
16233,2026-08-13 07:58:27.352,-1,EMA50,7822.25,DEV,True,False,STOP,17.0,1,1,,,,,,
16256,2026-08-13 08:06:11.892,-1,EMA8,7819.25,DEV,False,False,TARGET,6.0,1,1,2.0,1.498162378884063,1.0,2.0,17.936,23.944
16262,2026-08-13 08:07:47.880,-1,EMA8,7817.5,DEV,False,False,TARGET,,1,2,0.42857142857142855,0.7162323390894819,7.0,3.0,30.416,18.2
16274,2026-08-13 08:11:27.556,-1,EMA24,7816.75,DEV,False,False,TARGET,,1,1,1.0,2.9640522875816995,4.0,4.0,39.908,13.464
16302,2026-08-13 08:21:45.352,-1,EMA50,7815.75,DEV,False,False,TARGET,17.0,1,2,0.5,1.0210505606925044,6.0,3.0,41.52,20.332
16323,2026-08-13 08:28:33.828,-1,EMA8,7808.0,DEV,False,False,TARGET,,1,3,0.8,2.7255434782608696,5.0,4.0,20.06,5.888
16338,2026-08-13 08:30:59.532,-1,EMA24,7806.0,DEV,False,False,TARGET,10.0,2,2,1.0,1.7048675292667896,8.0,8.0,22.136,12.984
16352,2026-08-13 08:35:54.508,-1,EMA24,7804.5,DEV,False,False,TARGET,12.0,3,3,1.0769230769230769,1.8981376518218622,13.0,14.0,46.884,26.6
16357,2026-08-13 08:36:49.628,-1,EMA24,7803.75,DEV,False,False,TARGET,9.0,2,3,0.75,1.61934963099631,12.0,9.0,56.172,26.016
16410,2026-08-13 09:01:12.468,-1,EMA24,7800.5,DEV,False,False,STOP,10.0,3,4,0.6111111111111112,0.5041953011113004,18.0,11.0,96.844,117.38
16459,2026-08-13 09:38:54.880,1,EMA8,7809.75,DEV,False,False,STOP,7.0,3,1,1.5,0.1301561288245709,4.0,6.0,23.72,273.364
16473,2026-08-13 09:55:40.020,1,EMA8,7811.25,DEV,False,False,TARGET,5.0,1,1,4.0,5.107741420590584,1.0,4.0,51.2,40.096
16475,2026-08-13 09:58:23.908,1,EMA8,7811.5,DEV,False,False,TARGET,4.0,1,1,1.0,0.2515297202797203,3.0,3.0,9.208,36.608
16486,2026-08-13 10:11:03.052,1,EMA8,7817.0,DEV,False,False,TARGET,,1,5,0.2222222222222222,5.31156799289295,18.0,4.0,334.82,14.008
16488,2026-08-13 10:15:05.032,1,EMA8,7816.5,DEV,False,False,TARGET,7.0,1,1,,,,,,
16491,2026-08-13 10:18:45.200,1,EMA8,7817.25,DEV,False,False,TARGET,4.0,1,2,0.6666666666666666,3.978268663302171,6.0,4.0,288.512,48.348
16498,2026-08-13 10:28:15.736,1,EMA24,7816.75,DEV,False,False,STOP,10.0,1,1,1.0,0.8833261288167565,4.0,4.0,89.912,101.788
16561,2026-08-13 12:00:25.748,1,EMA8,7822.5,DEV,True,False,TARGET,,1,2,0.4,0.10190111622221507,5.0,2.0,63.356,248.696
16564,2026-08-13 12:05:25.360,1,EMA8,7823.75,DEV,True,False,TARGET,,1,2,0.8,1.795051711330781,5.0,4.0,314.152,140.008
16577,2026-08-13 12:17:46.332,1,EMA24,7824.0,DEV,True,False,TARGET,19.0,1,1,0.0,0.0,3.0,0.0,18.044,50.888
16585,2026-08-13 12:27:53.456,1,EMA24,7826.0,DEV,True,False,TARGET,11.0,2,6,0.5,4.022020972354624,18.0,9.0,506.292,62.94
16615,2026-08-13 12:54:40.028,-1,EMA50,7821.0,DEV,True,False,TARGET,11.0,1,1,1.0,1.0734744707347448,3.0,3.0,10.344,9.636
16679,2026-08-13 15:17:24.244,1,EMA24,7824.75,DEV,False,False,TARGET,11.0,4,4,1.0769230769230769,0.5122617298700982,13.0,14.0,288.12,605.712
16685,2026-08-13 16:07:07.784,1,EMA50,7824.75,DEV,False,False,TARGET,6.0,1,1,0.6666666666666666,0.06768863690327961,3.0,2.0,140.256,1381.384
16690,2026-08-13 16:27:11.944,1,EMA24,7826.25,DEV,False,False,TARGET,,2,3,0.4,1.2635610640870618,15.0,6.0,1671.944,529.28
16713,2026-08-13 18:11:32.792,-1,EMA8,7821.75,DEV,False,False,TARGET,,1,3,0.21428571428571427,2.325238295066243,14.0,3.0,517.164,47.66
16721,2026-08-13 18:54:01.648,-1,EMA50,7823.5,DEV,False,False,STOP,13.0,3,2,,,,,,
16782,2026-08-14 02:02:39.664,1,EMA24,7826.0,DEV,False,False,TARGET,11.0,3,3,1.5,1.478792951669,8.0,12.0,819.76,831.516
16796,2026-08-14 03:34:00.084,1,EMA8,7827.75,DEV,False,False,TARGET,7.0,3,4,0.5384615384615384,0.7305602603808026,13.0,7.0,1918.804,1414.26
16844,2026-08-14 05:45:07.272,1,EMA24,7829.25,DEV,False,False,TARGET,11.0,3,1,5.0,0.40933337723703056,2.0,10.0,39.78,485.912
16853,2026-08-14 06:05:59.276,1,EMA50,7829.75,DEV,False,False,STOP,6.0,1,1,1.0,1.0054894784995425,4.0,4.0,48.356,48.092
16885,2026-08-14 06:31:24.252,-1,EMA8,7823.0,DEV,True,False,TARGET,6.0,1,1,0.5,0.4005489864864865,2.0,1.0,7.588,9.472
16914,2026-08-14 06:40:04.108,-1,EMA24,7821.75,DEV,True,False,STOP,,1,1,1.0,0.2469574036511156,2.0,2.0,15.584,63.104
16964,2026-08-14 06:57:02.144,1,EMA50,7826.5,DEV,False,False,STOP,8.0,1,2,1.0,2.908110267678785,3.0,3.0,58.232,20.024
16999,2026-08-14 07:09:12.716,1,EMA8,7829.5,DEV,True,False,STOP,,1,2,0.42857142857142855,3.8805410691003908,7.0,3.0,222.236,24.544
17002,2026-08-14 07:10:06.516,1,EMA24,7828.75,DEV,True,False,STOP,8.0,2,1,,,,,,
17041,2026-08-14 07:23:01.072,-1,EMA8,7818.0,DEV,True,False,TARGET,6.0,1,2,0.5,0.4439935064935065,8.0,4.0,19.692,22.176
17046,2026-08-14 07:24:38.732,-1,EMA8,7817.75,DEV,True,False,TARGET,3.0,1,2,0.6666666666666666,0.8978631640854734,6.0,4.0,27.48,20.404
17053,2026-08-14 07:26:40.256,-1,EMA8,7816.75,DEV,True,False,TARGET,,1,2,0.375,2.368518013100436,8.0,3.0,46.284,7.328
17055,2026-08-14 07:27:23.612,-1,EMA8,7816.0,DEV,True,False,TARGET,,1,1,0.0,-0.0,2.0,-0.0,7.92,29.32
17063,2026-08-14 07:30:14.040,-1,EMA24,7816.25,DEV,True,False,TARGET,9.0,3,1,3.3333333333333335,0.6688754141401513,3.0,10.0,12.84,63.988
17069,2026-08-14 07:31:38.368,-1,EMA8,7812.75,DEV,True,False,TARGET,,1,5,0.0,-0.0,18.0,-0.0,49.408,28.94
17071,2026-08-14 07:32:19.432,-1,EMA8,7813.0,DEV,True,False,TARGET,7.0,1,1,,,,,,
17075,2026-08-14 07:33:20.016,-1,EMA8,7811.25,DEV,True,False,STOP,,1,3,0.4,2.487699316628701,10.0,4.0,43.684,7.024
17078,2026-08-14 07:34:58.808,-1,EMA8,7811.5,DEV,True,False,STOP,,2,1,1.25,0.3241441987276583,4.0,5.0,20.544,79.224
17124,2026-08-14 08:01:14.048,-1,EMA24,7812.5,DEV,False,False,TARGET,12.0,3,3,1.1818181818181819,2.936787411095711,11.0,13.0,158.432,63.756
17143,2026-08-14 08:12:20.176,-1,EMA8,7809.0,DEV,False,False,TARGET,3.0,1,1,0.75,0.38870967741935475,4.0,3.0,21.208,40.92
17150,2026-08-14 08:15:50.944,-1,EMA8,7807.5,DEV,False,False,TARGET,,1,3,0.25,0.3687560203660382,12.0,3.0,85.752,58.136
17153,2026-08-14 08:19:12.860,-1,EMA24,7808.25,DEV,False,False,TARGET,,2,1,2.5,0.47680562853973263,2.0,5.0,26.132,137.016
17240,2026-08-14 09:29:28.960,1,EMA8,7809.5,DEV,False,False,STOP,,2,2,0.6666666666666666,0.938749669274672,6.0,4.0,198.692,141.104
17263,2026-08-14 09:57:48.628,-1,EMA8,7801.25,DEV,False,False,TARGET,,2,1,1.25,0.2634203426568589,4.0,5.0,36.556,173.468
17274,2026-08-14 10:08:14.040,-1,EMA24,7800.75,DEV,False,False,STOP,9.0,1,1,1.5,0.6259299781181619,2.0,3.0,38.14,91.4
17297,2026-08-14 10:33:15.460,-1,EMA50,7801.0,DEV,False,False,TARGET,8.0,1,1,,,,,,
17304,2026-08-14 10:41:16.196,-1,EMA8,7797.75,DEV,False,False,STOP,,2,5,0.25,0.45302451525554854,20.0,5.0,299.808,165.448
17314,2026-08-14 10:55:09.564,-1,EMA50,7799.25,DEV,False,False,STOP,10.0,3,2,1.5,2.069384316570332,8.0,12.0,235.816,170.932
17436,2026-08-16 15:01:19.784,1,EMA50,7805.5,DEV,False,False,TARGET,,1,1,0.75,1.634160218479745,4.0,3.0,19.148,8.788
17446,2026-08-16 15:07:55.940,1,EMA8,7809.25,DEV,False,False,TARGET,,2,4,0.46153846153846156,0.5275163666121112,13.0,6.0,144.396,126.336
17467,2026-08-16 17:28:25.432,1,EMA50,7809.75,DEV,False,False,TARGET,17.0,2,1,,,,,,
17507,2026-08-16 23:27:36.096,1,EMA8,7818.0,DEV,False,False,TARGET,,1,7,0.16,0.6330459725155807,25.0,4.0,2427.668,613.584
17534,2026-08-17 01:14:38.452,1,EMA50,7816.75,DEV,False,False,STOP,14.0,1,1,1.0,0.3256264161735266,4.0,4.0,59.208,181.828
17579,2026-08-17 03:30:09.092,1,EMA8,7823.75,DEV,False,False,STOP,,1,1,1.0,1.0691421254801534,2.0,2.0,3.34,3.124
17582,2026-08-17 03:30:20.348,1,EMA24,7822.25,DEV,False,False,TARGET,,2,1,8.0,3.1541401273885348,1.0,8.0,2.476,6.28
17611,2026-08-17 04:35:06.628,-1,EMA24,7816.0,DEV,False,False,TARGET,10.0,2,1,2.3333333333333335,0.9656777906732094,3.0,7.0,162.608,392.904
17623,2026-08-17 05:15:45.856,-1,EMA24,7813.25,DEV,False,False,TARGET,15.0,4,8,0.6428571428571429,2.0922279090772244,28.0,18.0,1853.156,569.4
17642,2026-08-17 05:26:49.700,-1,EMA8,7806.5,DEV,False,False,STOP,,1,1,1.0,1.0978260869565217,4.0,4.0,1.212,1.104
17661,2026-08-17 05:35:33.320,-1,EMA24,7807.5,DEV,False,False,TARGET,7.0,2,4,0.6923076923076923,3.6945298728575175,13.0,9.0,175.124,32.816
17666,2026-08-17 05:42:13.920,-1,EMA8,7805.0,DEV,False,False,TARGET,,1,4,0.06666666666666667,0.15361581143669464,15.0,1.0,267.992,116.304
17676,2026-08-17 05:51:23.228,-1,EMA8,7802.5,DEV,False,False,STOP,,2,2,0.5555555555555556,0.4307057410019329,9.0,5.0,85.748,110.604
17682,2026-08-17 05:58:41.832,-1,EMA24,7803.75,DEV,False,False,STOP,10.0,2,1,1.5,0.6674815225072096,4.0,6.0,93.2,209.444
17748,2026-08-17 06:36:21.240,-1,EMA24,7799.25,DEV,True,False,TARGET,18.0,1,1,1.3333333333333333,1.2613004592700023,3.0,4.0,10.436,11.032
17750,2026-08-17 06:37:30.608,-1,EMA24,7799.0,DEV,True,False,TARGET,17.0,1,1,2.0,0.45121841561010695,1.0,2.0,10.036,44.484
17823,2026-08-17 07:00:14.276,-1,EMA8,7794.25,DEV,True,False,TARGET,4.0,2,1,1.25,0.5933319821645724,4.0,5.0,18.736,39.472
17844,2026-08-17 07:04:25.032,-1,EMA50,7794.75,DEV,True,False,TARGET,12.0,3,5,0.6842105263157895,0.8455403198194911,19.0,13.0,46.352,37.508
17979,2026-08-17 08:46:58.732,-1,EMA24,7791.75,DEV,False,False,STOP,10.0,3,2,11.0,7.892312579415502,1.0,11.0,99.38,138.512
18024,2026-08-17 09:57:04.108,-1,EMA8,7789.25,DEV,False,False,TARGET,,2,3,0.6923076923076923,1.5259918144101847,13.0,9.0,290.656,131.864
18030,2026-08-17 10:04:48.528,-1,EMA8,7787.75,DEV,False,False,TARGET,,1,2,0.6666666666666666,1.0426113242646204,6.0,4.0,71.74,45.872
18033,2026-08-17 10:05:55.440,-1,EMA8,7787.0,DEV,False,False,TARGET,,1,2,0.6,14.000134498991258,5.0,3.0,277.576,11.896
18047,2026-08-17 10:21:43.000,-1,EMA8,7783.5,DEV,False,False,TARGET,5.0,1,2,0.3333333333333333,1.8630100334448159,6.0,2.0,167.112,29.9
18053,2026-08-17 10:23:14.720,-1,EMA8,7781.25,DEV,False,False,TARGET,,1,2,0.5,8.067878787878788,8.0,4.0,53.248,3.3
18066,2026-08-17 10:28:35.376,-1,EMA8,7776.75,DEV,False,False,STOP,,1,2,0.42857142857142855,0.5229739891637584,7.0,3.0,36.164,29.636
18068,2026-08-17 10:30:12.472,-1,EMA8,7777.25,DEV,False,False,TARGET,6.0,1,1,2.0,0.8513649228521866,1.0,2.0,37.3,87.624
18071,2026-08-17 10:31:31.168,-1,EMA8,7776.5,DEV,False,False,STOP,3.0,1,2,0.75,1.7736725085011773,4.0,3.0,36.164,15.292
18075,2026-08-17 10:33:12.976,-1,EMA24,7778.25,DEV,False,False,TARGET,10.0,3,1,5.5,2.457236041473982,2.0,11.0,36.712,82.172
18083,2026-08-17 10:37:28.140,-1,EMA8,7775.25,DEV,False,False,TARGET,,1,5,0.2222222222222222,0.9766533370286784,18.0,4.0,148.004,33.676
18122,2026-08-17 11:09:00.236,-1,EMA50,7775.25,DEV,True,False,TARGET,4.0,1,2,0.5714285714285714,2.4090292733508814,7.0,4.0,120.808,28.656
18174,2026-08-17 12:20:05.068,-1,EMA50,7774.75,DEV,True,False,TARGET,10.0,3,2,1.625,0.55336288491025,8.0,13.0,118.152,346.964
18190,2026-08-17 12:40:13.856,-1,EMA24,7771.0,DEV,True,False,TARGET,12.0,2,1,1.0,0.3955862068965517,4.0,4.0,51.624,130.5
18220,2026-08-17 12:59:40.664,-1,EMA50,7770.0,DEV,True,False,TARGET,9.0,1,1,4.0,70.59531772575251,1.0,4.0,21.108,1.196
18252,2026-08-17 13:58:52.440,-1,EMA24,7765.25,DEV,False,False,STOP,,2,2,1.2857142857142858,0.7592742752888708,7.0,9.0,279.664,473.568
18361,2026-08-17 19:21:07.116,-1,EMA24,7752.0,DEV,False,False,TARGET,15.0,1,1,1.0,0.2614107883817427,4.0,4.0,6.048,23.136
18371,2026-08-17 19:34:39.768,-1,EMA8,7749.25,DEV,False,False,STOP,4.0,1,1,1.0,2.6589821113630636,4.0,4.0,84.428,31.752
18402,2026-08-17 20:30:00.912,-1,EMA8,7744.25,DEV,False,False,TARGET,,2,7,0.23809523809523808,0.888317138965358,21.0,5.0,1438.916,385.672
18408,2026-08-17 20:38:25.976,-1,EMA24,7744.25,DEV,False,False,STOP,12.0,3,3,1.1666666666666667,1.9137171259111232,12.0,14.0,341.464,208.168
18427,2026-08-17 21:07:31.452,-1,EMA24,7743.25,DEV,False,False,TARGET,8.0,2,1,2.0,0.42791080053437464,4.0,8.0,16.656,77.848
18435,2026-08-17 21:28:27.032,-1,EMA24,7742.0,DEV,False,False,STOP,,2,3,0.5384615384615384,6.358099262927232,13.0,7.0,510.668,43.248
18445,2026-08-17 22:00:10.916,-1,EMA50,7743.25,DEV,False,False,TARGET,9.0,1,1,,,,,,
18483,2026-08-17 23:01:36.792,-1,EMA8,7729.25,DEV,False,False,TARGET,7.0,1,1,1.5,0.6382978723404256,2.0,3.0,5.92,13.912
18487,2026-08-17 23:06:10.680,-1,EMA8,7728.5,DEV,False,False,TARGET,4.0,1,3,0.5714285714285714,1.5946595460614152,7.0,4.0,149.3,53.5
18535,2026-08-18 00:01:07.100,1,EMA8,7740.25,DEV,False,False,TARGET,8.0,1,1,,,,,,
18539,2026-08-18 00:05:22.876,1,EMA24,7739.5,DEV,False,False,TARGET,11.0,1,1,2.0,0.650178359096314,1.0,2.0,27.34,84.1
18571,2026-08-18 00:39:29.412,-1,EMA24,7734.75,DEV,False,False,TARGET,14.0,1,1,0.6666666666666666,1.7262897744825456,3.0,2.0,44.704,17.264
18573,2026-08-18 00:42:32.952,-1,EMA24,7734.75,DEV,False,False,TARGET,5.0,1,1,,,,,,
18580,2026-08-18 00:51:52.356,-1,EMA8,7731.0,DEV,False,False,TARGET,,1,6,0.14285714285714285,2.6029766693483505,21.0,3.0,543.564,29.832
18649,2026-08-18 01:18:40.344,1,EMA8,7726.75,DEV,False,False,TARGET,,1,2,0.75,0.29491091571701283,4.0,3.0,54.38,138.296
18675,2026-08-18 01:44:26.040,1,EMA8,7730.75,DEV,False,False,STOP,,2,1,1.5,0.208801196165235,4.0,6.0,37.984,272.872
18698,2026-08-18 02:02:27.920,1,EMA50,7729.25,DEV,False,False,TARGET,5.0,1,1,0.5,0.06081485919712404,4.0,2.0,6.496,53.408
18730,2026-08-18 02:26:10.048,-1,EMA8,7724.75,DEV,False,False,STOP,,1,2,0.6,1.0166478936697454,5.0,3.0,60.172,35.512
18778,2026-08-18 03:01:22.228,1,EMA8,7730.5,DEV,False,False,TARGET,5.0,3,3,0.5555555555555556,1.9698626570331317,9.0,5.0,242.104,68.28
18780,2026-08-18 03:03:05.524,1,EMA8,7730.0,DEV,False,False,TARGET,7.0,1,1,0.75,0.56015733456733,4.0,3.0,12.912,17.288
18785,2026-08-18 03:09:18.476,1,EMA8,7731.25,DEV,False,False,STOP,,1,1,0.5,2.7453347156398107,4.0,2.0,148.292,27.008
18788,2026-08-18 03:18:31.844,1,EMA24,7730.75,DEV,False,False,TARGET,,2,1,4.0,3.1463614063777596,1.0,4.0,80.808,102.732
18793,2026-08-18 03:26:40.560,1,EMA50,7729.5,DEV,False,False,TARGET,10.0,3,2,2.1666666666666665,2.782565907968374,6.0,13.0,461.096,359.036
18809,2026-08-18 04:00:06.440,1,EMA24,7732.0,DEV,False,False,TARGET,10.0,3,4,0.6470588235294118,0.3787438811914046,17.0,11.0,365.2,623.92
18884,2026-08-18 05:40:26.140,-1,EMA8,7729.5,DEV,False,False,STOP,3.0,1,1,3.0,3.600909550277919,1.0,3.0,47.508,39.58
18886,2026-08-18 05:45:22.648,-1,EMA8,7729.5,DEV,False,False,STOP,3.0,1,1,0.75,0.2014992842612823,4.0,3.0,57.056,212.368
18937,2026-08-18 06:30:17.040,-1,EMA24,7726.5,DEV,False,True,TARGET,8.0,2,3,0.6153846153846154,0.6395851339671564,13.0,8.0,2.96,2.848
18978,2026-08-18 06:31:32.724,1,EMA8,7731.0,DEV,True,False,TARGET,,2,5,0.46153846153846156,1.0190159524787985,13.0,6.0,18.184,8.236
19013,2026-08-18 06:33:37.880,-1,EMA8,7722.0,DEV,True,False,TARGET,,1,5,0.3076923076923077,0.7983805668016194,13.0,4.0,17.748,6.84
19017,2026-08-18 06:33:58.012,-1,EMA8,7722.25,DEV,True,False,TARGET,5.0,1,1,,,,,,
19023,2026-08-18 06:34:25.540,-1,EMA24,7723.0,DEV,True,False,STOP,13.0,3,3,1.0769230769230769,0.6856101873515386,13.0,14.0,10.968,17.228
19027,2026-08-18 06:34:45.356,-1,EMA50,7723.25,DEV,True,False,STOP,14.0,1,1,0.5,0.2275324675324675,4.0,2.0,3.504,7.7
19048,2026-08-18 06:36:07.436,1,EMA50,7726.75,DEV,True,False,TARGET,,3,1,7.5,14.095394736842106,2.0,15.0,10.284,5.472
19050,2026-08-18 06:36:10.676,1,EMA50,7727.0,DEV,True,False,TARGET,,1,1,0.75,2.8264818355640537,4.0,3.0,7.884,2.092
19088,2026-08-18 06:39:35.528,1,EMA24,7728.25,DEV,True,False,TARGET,9.0,2,1,,,,,,
19100,2026-08-18 06:40:57.548,1,EMA8,7732.25,DEV,True,False,TARGET,,2,4,0.6428571428571429,0.7188447138527366,14.0,9.0,25.088,22.436
19135,2026-08-18 06:45:47.464,-1,EMA50,7728.25,DEV,False,False,TARGET,16.0,1,1,4.0,12.635071090047393,1.0,4.0,5.332,1.688
19152,2026-08-18 06:48:05.376,-1,EMA50,7727.75,DEV,False,False,STOP,4.0,1,2,0.6666666666666666,5.985119047619048,6.0,4.0,16.088,1.792
19173,2026-08-18 06:50:49.768,-1,EMA50,7727.0,DEV,False,False,TARGET,14.0,3,1,4.333333333333333,1.6850568585643217,3.0,13.0,5.836,15.008
19176,2026-08-18 06:51:07.636,-1,EMA50,7726.25,DEV,False,False,TARGET,11.0,1,2,0.5,2.740687679083095,6.0,3.0,15.304,2.792
19189,2026-08-18 06:53:27.448,-1,EMA50,7725.5,DEV,False,False,TARGET,13.0,3,2,5.5,6.414279148153822,2.0,11.0,30.448,26.108
19206,2026-08-18 06:56:42.600,-1,EMA50,7723.75,DEV,False,False,STOP,10.0,2,1,4.5,0.8328903189703414,2.0,9.0,5.292,28.592
19286,2026-08-18 07:08:55.048,1,EMA24,7729.5,DEV,True,False,STOP,12.0,3,8,0.4827586206896552,1.3123655483941583,29.0,14.0,89.068,32.764
19288,2026-08-18 07:09:25.308,1,EMA50,7729.5,DEV,True,False,STOP,12.0,1,1,1.3333333333333333,4.490503962913115,3.0,4.0,30.028,8.916
19308,2026-08-18 07:12:24.392,-1,EMA8,7718.25,DEV,True,False,STOP,,1,3,0.2857142857142857,72.21428571428571,14.0,4.0,8.088,0.032
19318,2026-08-18 07:14:11.564,-1,EMA24,7719.5,DEV,True,False,STOP,11.0,1,1,1.0,0.9437932070934776,3.0,3.0,12.56,13.308
19335,2026-08-18 07:16:40.876,1,EMA8,7725.5,DEV,True,False,TARGET,6.0,1,1,4.0,24.627943485086345,1.0,4.0,15.688,2.548
19380,2026-08-18 07:25:00.228,1,EMA8,7728.5,DEV,True,False,TARGET,,2,5,0.45,1.3238244514106583,20.0,9.0,33.784,11.484
19382,2026-08-18 07:25:15.764,1,EMA8,7728.5,DEV,True,False,TARGET,7.0,1,1,1.0,0.8197442046362912,4.0,4.0,8.204,10.008
19389,2026-08-18 07:26:38.012,1,EMA24,7728.5,DEV,True,False,TARGET,7.0,2,2,0.6666666666666666,0.4022712731925784,9.0,6.0,10.06,16.672
19396,2026-08-18 07:27:53.628,1,EMA50,7728.25,DEV,True,False,TARGET,11.0,1,1,4.0,5.885383129426916,1.0,4.0,9.14,6.212
19416,2026-08-18 07:31:38.556,1,EMA24,7729.25,DEV,True,False,TARGET,,3,1,3.0,0.4496989463120923,4.0,12.0,4.78,31.888
19484,2026-08-18 07:50:09.792,-1,EMA50,7725.25,DEV,True,False,TARGET,10.0,2,2,1.6,0.4062961773209123,5.0,8.0,12.648,49.808
19510,2026-08-18 07:54:06.944,-1,EMA8,7721.25,DEV,True,False,TARGET,9.0,1,1,0.6666666666666666,0.6250573657641121,3.0,2.0,8.172,8.716
19524,2026-08-18 07:57:23.440,-1,EMA24,7720.0,DEV,True,False,TARGET,,3,1,3.0,0.4557979334098737,4.0,12.0,6.352,41.808
19561,2026-08-18 08:06:58.100,1,EMA8,7723.25,DEV,False,False,STOP,4.0,1,2,0.375,0.08395151675718637,8.0,3.0,6.76,30.196
19574,2026-08-18 08:11:03.692,-1,EMA8,7717.5,DEV,False,False,NONE,12.0,1,5,0.25,0.7965435978004713,16.0,4.0,113.568,35.644
19577,2026-08-18 08:12:03.760,-1,EMA24,7718.5,DEV,False,False,TARGET,7.0,2,1,3.5,0.9945705824284304,2.0,7.0,8.06,28.364
19588,2026-08-18 08:16:29.960,-1,EMA50,7718.0,DEV,False,False,TARGET,5.0,1,1,0.25,0.07978378378378378,4.0,1.0,11.808,37.0
19606,2026-08-18 08:23:21.568,-1,EMA24,7715.75,DEV,False,False,TARGET,9.0,4,3,2.4,2.8503505336954458,5.0,12.0,75.216,63.332
19670,2026-08-18 08:49:33.068,1,EMA8,7724.5,DEV,False,False,STOP,,1,1,0.5,0.13936084142394825,4.0,2.0,13.78,49.44
19674,2026-08-18 08:51:16.792,1,EMA24,7722.25,DEV,False,False,TARGET,14.0,3,1,,,,,,
19686,2026-08-18 08:56:44.092,1,EMA50,7723.5,DEV,False,False,STOP,12.0,2,1,4.0,2.3136154450555617,2.0,8.0,20.612,35.636
19764,2026-08-18 09:52:36.976,1,EMA8,7727.5,DEV,False,False,STOP,3.0,1,1,1.3333333333333333,0.2094285463593176,3.0,4.0,16.708,106.372
19802,2026-08-18 10:30:46.776,-1,EMA8,7722.0,DEV,False,False,TARGET,5.0,1,1,2.0,4.731061672768234,2.0,4.0,33.6,14.204
19805,2026-08-18 10:33:05.960,-1,EMA24,7722.5,DEV,False,False,TARGET,7.0,2,1,2.5,2.55673716730038,2.0,5.0,68.856,67.328
19832,2026-08-18 11:05:24.816,-1,EMA8,7716.5,DEV,True,False,TARGET,5.0,1,2,3.0,2.6865043965846818,1.0,3.0,112.432,125.552
19929,2026-08-18 12:56:14.180,-1,EMA8,7715.0,DEV,True,False,TARGET,6.0,1,1,1.3333333333333333,0.19835616438356166,3.0,4.0,2.172,14.6
19931,2026-08-18 12:57:11.036,-1,EMA8,7714.25,DEV,True,False,TARGET,3.0,1,1,0.3333333333333333,0.602368653143505,3.0,1.0,57.372,31.748
19964,2026-08-18 13:18:17.564,-1,EMA50,7714.25,DEV,False,False,TARGET,4.0,1,1,1.0,0.5191947426328467,4.0,4.0,69.84,134.516
20008,2026-08-18 15:53:20.616,-1,EMA8,7709.5,DEV,False,False,TARGET,,1,2,0.42857142857142855,2.5421312734217594,7.0,3.0,516.456,87.068
20054,2026-08-18 17:09:10.784,-1,EMA24,7705.5,DEV,False,False,TARGET,12.0,3,5,0.875,2.118039279513889,16.0,14.0,223.084,92.16
20056,2026-08-18 17:09:46.620,-1,EMA24,7705.75,DEV,False,False,TARGET,13.0,1,1,1.0,2.3594274606820997,3.0,3.0,53.408,22.636
20062,2026-08-18 17:14:57.640,-1,EMA8,7703.75,DEV,False,False,TARGET,,1,1,0.75,0.1321654477169401,4.0,3.0,14.264,80.944
20083,2026-08-18 17:34:09.844,1,EMA8,7712.75,DEV,False,False,TARGET,6.0,1,1,0.75,1.1786174323744096,4.0,3.0,87.84,55.896
20089,2026-08-18 17:47:09.124,1,EMA8,7715.25,DEV,False,False,STOP,,1,5,0.3076923076923077,0.9502739884419272,13.0,4.0,419.144,135.716
20098,2026-08-18 18:03:52.584,1,EMA50,7711.0,DEV,False,False,TARGET,20.0,1,2,,,,,,
20160,2026-08-18 19:48:17.104,-1,EMA50,7709.0,DEV,False,False,TARGET,10.0,3,1,10.0,15.558886117657826,1.0,10.0,271.988,174.812
20183,2026-08-18 20:54:36.464,-1,EMA50,7707.75,DEV,False,False,TARGET,,2,5,0.4375,0.7715203940649967,16.0,7.0,821.984,466.116
20188,2026-08-18 21:21:47.368,-1,EMA24,7706.75,DEV,False,False,TARGET,,2,3,0.7272727272727273,0.6810367166402376,11.0,8.0,835.756,892.496
20195,2026-08-18 21:31:07.336,-1,EMA50,7707.5,DEV,False,False,TARGET,2.0,1,1,1.3333333333333333,0.8023225788441541,3.0,4.0,114.964,191.052
20230,2026-08-18 22:31:32.068,-1,EMA50,7703.5,DEV,False,False,TARGET,16.0,1,1,,,,,,
20243,2026-08-18 22:59:03.996,-1,EMA8,7698.75,DEV,False,False,STOP,,1,3,0.5714285714285714,9.456775734972757,7.0,4.0,649.132,39.224
20246,2026-08-18 23:01:27.324,-1,EMA24,7700.0,DEV,False,False,TARGET,7.0,2,1,2.6666666666666665,3.947905976640766,3.0,8.0,161.572,109.136
20273,2026-08-18 23:32:31.744,1,EMA8,7707.25,DEV,False,False,STOP,6.0,1,2,0.3333333333333333,0.48662726364936704,9.0,3.0,72.124,49.404
20299,2026-08-19 00:05:00.068,1,EMA24,7711.25,DEV,False,False,TARGET,10.0,3,3,1.375,1.037962133389549,8.0,11.0,114.588,151.796
20310,2026-08-19 00:20:22.756,1,EMA24,7713.0,DEV,False,False,TARGET,9.0,2,3,0.8181818181818182,2.7237146820385263,11.0,9.0,409.292,122.948
20320,2026-08-19 00:35:55.416,1,EMA8,7717.5,DEV,False,False,TARGET,,1,2,1.25,4.2770030780710755,4.0,5.0,146.732,42.884
20345,2026-08-19 01:10:33.276,1,EMA8,7720.25,DEV,False,False,TARGET,3.0,1,1,1.3333333333333333,1.8017322802998332,3.0,4.0,89.656,66.348
20348,2026-08-19 01:17:10.144,1,EMA24,7719.25,DEV,False,False,TARGET,7.0,2,1,2.3333333333333335,0.5074288858787674,3.0,7.0,82.2,377.984
20352,2026-08-19 01:22:08.528,1,EMA8,7721.0,DEV,False,False,STOP,,1,3,0.3333333333333333,1.5865403591868956,12.0,4.0,225.092,47.292
20355,2026-08-19 01:29:59.688,1,EMA8,7721.5,DEV,False,False,STOP,,1,2,0.8,0.6844815019970263,5.0,4.0,117.392,137.204
20377,2026-08-19 02:32:23.384,-1,EMA8,7715.0,DEV,False,False,TARGET,,1,2,0.6666666666666666,0.8013917332804827,6.0,4.0,291.136,242.192
20383,2026-08-19 02:42:36.876,-1,EMA8,7714.75,DEV,False,False,TARGET,,1,2,0.5,3.7896455223880596,8.0,4.0,292.5,38.592
20385,2026-08-19 02:50:19.284,-1,EMA8,7714.0,DEV,False,False,TARGET,,1,1,0.0,-0.0,3.0,-0.0,61.54,301.148
20389,2026-08-19 03:00:59.168,-1,EMA8,7713.25,DEV,False,False,TARGET,,2,2,0.7777777777777778,1.3819014726339522,9.0,7.0,493.86,277.96
20398,2026-08-19 03:19:53.444,-1,EMA8,7711.75,DEV,False,False,TARGET,5.0,1,2,0.6666666666666666,1.0923349166433827,6.0,4.0,234.568,143.16
20401,2026-08-19 03:24:49.992,-1,EMA8,7711.25,DEV,False,False,STOP,,1,2,0.2222222222222222,0.2853368014698293,9.0,2.0,82.932,64.588
20424,2026-08-19 04:18:52.120,1,EMA8,7718.25,DEV,False,False,STOP,5.0,1,1,0.0,0.0,1.0,0.0,121.972,283.74
20433,2026-08-19 04:33:58.308,1,EMA50,7717.25,DEV,False,False,STOP,9.0,1,1,,,,,,
20466,2026-08-19 05:30:00.736,1,EMA50,7717.25,DEV,False,False,TARGET,13.0,3,1,4.333333333333333,0.45562881468448085,3.0,13.0,21.752,206.876
20486,2026-08-19 05:34:40.928,1,EMA8,7724.25,DEV,False,False,TARGET,,2,6,0.3684210526315789,1.0777975171932732,19.0,7.0,56.508,19.316
20519,2026-08-19 05:40:17.836,1,EMA8,7734.5,DEV,False,False,TARGET,,2,4,0.45454545454545453,0.5932758633382165,11.0,5.0,64.472,49.396
20521,2026-08-19 05:40:27.712,1,EMA8,7734.5,DEV,False,False,TARGET,3.0,1,1,1.0,0.3085566119273984,4.0,4.0,1.428,4.628
20526,2026-08-19 05:40:46.948,1,EMA8,7736.5,DEV,False,False,TARGET,,2,3,0.35714285714285715,0.37123254104386183,14.0,5.0,9.696,9.328
20530,2026-08-19 05:41:30.568,1,EMA8,7737.25,DEV,False,False,TARGET,,2,2,0.5,0.13214711945318433,8.0,4.0,9.744,36.868
20537,2026-08-19 05:42:43.940,1,EMA24,7736.0,DEV,False,False,TARGET,11.0,1,1,1.5,3.2490141955835963,2.0,3.0,21.972,10.144
20562,2026-08-19 05:46:46.028,1,EMA8,7747.0,DEV,False,False,TARGET,4.0,1,1,1.5,1.3439363817097416,2.0,3.0,5.408,6.036
20564,2026-08-19 05:46:57.172,1,EMA8,7747.25,DEV,False,True,TARGET,3.0,1,1,1.0,0.8688741721854304,2.0,2.0,7.872,9.06
20630,2026-08-19 06:02:32.580,-1,EMA8,7745.0,DEV,False,False,TARGET,4.0,1,1,1.3333333333333333,0.5670407560543413,3.0,4.0,2.88,6.772
20692,2026-08-19 06:30:05.992,-1,EMA24,7745.0,DEV,False,False,TARGET,,3,1,9.0,2.272727272727273,1.0,9.0,0.6,2.376
20706,2026-08-19 06:30:34.944,-1,EMA24,7742.75,DEV,False,False,STOP,,2,1,3.0,1.5236842105263158,3.0,9.0,0.772,1.52
20710,2026-08-19 06:30:48.092,-1,EMA50,7744.5,DEV,False,False,TARGET,9.0,3,1,2.75,0.08710801393728222,4.0,11.0,0.4,12.628
20712,2026-08-19 06:30:58.464,-1,EMA50,7744.25,DEV,False,False,TARGET,8.0,1,1,0.75,0.08744394618834082,4.0,3.0,0.52,4.46
20715,2026-08-19 06:31:07.624,-1,EMA50,7743.75,DEV,True,False,TARGET,6.0,1,2,0.4,1.0566948130277443,10.0,4.0,8.76,3.316
20719,2026-08-19 06:31:21.180,-1,EMA50,7743.5,DEV,True,False,TARGET,4.0,1,1,,,,,,
20721,2026-08-19 06:31:25.820,-1,EMA50,7743.5,DEV,True,False,TARGET,4.0,1,1,1.0,0.8995695839311335,4.0,4.0,2.508,2.788
20747,2026-08-19 06:33:40.184,-1,EMA8,7740.25,DEV,True,False,TARGET,,2,6,0.3684210526315789,1.1964809384164223,19.0,7.0,31.008,9.548
20805,2026-08-19 06:40:27.852,-1,EMA8,7734.25,DEV,True,False,TARGET,,1,1,1.0,0.35605617320070215,3.0,3.0,4.868,13.672
20808,2026-08-19 06:40:56.512,-1,EMA8,7733.25,DEV,True,False,STOP,,1,2,0.2857142857142857,0.41676398079667837,7.0,2.0,6.424,4.404
20812,2026-08-19 06:41:19.264,-1,EMA24,7735.0,DEV,True,False,TARGET,11.0,3,1,10.0,11.924778761061948,1.0,10.0,21.56,18.08
20836,2026-08-19 06:44:39.044,1,EMA8,7742.0,DEV,True,False,TARGET,,2,2,0.8571428571428571,0.9917852133840915,7.0,6.0,19.8,17.112
20847,2026-08-19 06:45:44.028,1,EMA24,7742.0,DEV,False,False,TARGET,11.0,3,4,0.6875,0.4594501299545159,16.0,11.0,16.456,24.624
20852,2026-08-19 06:46:24.132,1,EMA8,7744.25,DEV,False,False,TARGET,,1,4,0.25,2.844585561497326,12.0,3.0,34.044,2.992
20857,2026-08-19 06:46:43.104,1,EMA50,7742.0,DEV,False,False,STOP,15.0,3,2,4.0,5.300158814187402,3.0,12.0,10.012,7.556
20945,2026-08-19 06:53:59.104,1,EMA8,7732.75,DEV,False,False,TARGET,,2,4,0.5882352941176471,14.768848384424192,17.0,10.0,35.652,1.42
20949,2026-08-19 06:54:28.704,1,EMA8,7733.25,DEV,False,False,TARGET,5.0,2,2,0.6666666666666666,0.6868495742667928,6.0,4.0,17.424,16.912
20952,2026-08-19 06:54:47.268,1,EMA8,7733.75,DEV,False,False,TARGET,2.0,1,2,0.5,1.1908328340323546,6.0,3.0,15.9,6.676
20959,2026-08-19 06:55:08.580,1,EMA8,7736.25,DEV,False,False,STOP,,1,1,1.0,0.8202898550724639,3.0,3.0,1.132,1.38
20962,2026-08-19 06:55:18.252,1,EMA24,7734.75,DEV,False,False,TARGET,,2,1,9.0,3.813641245972073,1.0,9.0,3.156,7.448
20985,2026-08-19 06:57:40.196,1,EMA24,7740.25,DEV,False,False,TARGET,10.0,1,1,1.0,0.6072842438638164,3.0,3.0,3.068,5.052
21101,2026-08-19 07:12:18.104,-1,EMA8,7731.5,DEV,True,False,TARGET,,1,10,0.11764705882352941,4.151793737471487,34.0,4.0,120.128,3.404
21103,2026-08-19 07:12:23.824,-1,EMA8,7731.5,DEV,True,False,TARGET,4.0,1,1,4.0,7.32355816226784,1.0,4.0,7.492,4.092
21110,2026-08-19 07:13:12.024,-1,EMA50,7733.25,DEV,True,False,TARGET,13.0,2,1,2.6666666666666665,2.1468013468013467,3.0,8.0,9.564,11.88
21143,2026-08-19 07:17:23.944,1,EMA8,7737.25,DEV,True,False,TARGET,,2,1,1.0,0.4526627218934911,3.0,3.0,8.568,18.928
21161,2026-08-19 07:19:44.832,1,EMA24,7738.75,DEV,True,False,STOP,10.0,3,1,3.0,0.7278456085072863,4.0,12.0,4.928,20.312
21165,2026-08-19 07:20:09.140,1,EMA50,7737.5,DEV,True,False,TARGET,9.0,3,1,2.0,0.6984352773826459,4.0,8.0,7.856,22.496
21206,2026-08-19 07:26:29.780,-1,EMA24,7734.25,DEV,True,False,TARGET,10.0,3,4,0.5882352941176471,0.377055377055377,17.0,10.0,27.132,42.328
21225,2026-08-19 07:30:24.964,1,EMA8,7739.0,DEV,True,False,TARGET,,2,2,1.0,0.4859848725608593,7.0,7.0,30.584,62.932
21228,2026-08-19 07:30:58.048,1,EMA8,7739.25,DEV,True,False,TARGET,,1,2,0.375,0.7809045226130654,8.0,3.0,8.288,3.98
21232,2026-08-19 07:31:33.448,1,EMA8,7740.0,DEV,True,False,TARGET,,1,1,0.75,0.6845329249617151,4.0,3.0,7.152,7.836
21237,2026-08-19 07:32:54.000,1,EMA8,7742.25,DEV,True,False,TARGET,,1,4,0.36363636363636365,0.9953659533869429,11.0,4.0,58.424,21.344
21239,2026-08-19 07:33:26.236,1,EMA8,7742.5,DEV,True,False,TARGET,4.0,1,1,0.75,0.9097192224622029,4.0,3.0,11.232,9.26
21245,2026-08-19 07:34:57.468,1,EMA24,7741.25,DEV,True,False,TARGET,13.0,4,2,1.5555555555555556,1.619356420198779,9.0,14.0,41.524,39.888
21252,2026-08-19 07:36:54.752,1,EMA8,7744.75,DEV,True,False,TARGET,3.0,1,1,1.3333333333333333,1.2163129024564752,3.0,4.0,15.3,16.772
21274,2026-08-19 07:43:46.760,1,EMA8,7750.75,DEV,True,False,TARGET,8.0,1,3,0.375,3.800962116656645,8.0,3.0,67.424,6.652
21323,2026-08-19 08:00:56.612,1,EMA8,7761.5,DEV,False,False,TARGET,,2,1,2.0,0.8948011657422207,3.0,6.0,19.036,42.548
21335,2026-08-19 08:05:53.128,1,EMA24,7761.25,DEV,False,False,STOP,15.0,2,3,1.125,9.173459101382488,8.0,9.0,169.868,20.832
21386,2026-08-19 08:27:49.012,-1,EMA8,7750.0,DEV,False,False,NONE,,3,1,6.0,2.3295176205948516,1.0,6.0,31.068,80.02
21388,2026-08-19 08:28:36.708,-1,EMA8,7750.0,DEV,False,False,NONE,,1,1,1.0,0.24464605971094,4.0,4.0,9.276,37.916
21416,2026-08-19 08:38:03.920,-1,EMA24,7746.75,DEV,False,False,TARGET,14.0,3,3,0.8461538461538461,0.8890909375930772,13.0,11.0,41.248,39.256
21419,2026-08-19 08:39:54.544,-1,EMA8,7745.25,DEV,False,False,TARGET,8.0,1,2,0.25,0.29891304347826086,4.0,1.0,49.94,41.768
21428,2026-08-19 08:42:08.264,-1,EMA8,7740.5,DEV,False,False,STOP,,1,1,1.0,0.503755868544601,4.0,4.0,12.876,25.56
21430,2026-08-19 08:43:23.100,-1,EMA8,7740.75,DEV,False,False,STOP,,1,1,1.0,0.18140649973361747,4.0,4.0,5.448,30.032
21498,2026-08-19 09:09:40.160,1,EMA8,7754.25,DEV,False,False,TARGET,,2,3,0.5,0.35250548646671537,14.0,7.0,46.26,65.616
21503,2026-08-19 09:12:37.876,1,EMA8,7755.75,DEV,False,False,TARGET,,1,1,0.6666666666666666,0.3154019031224597,3.0,2.0,13.192,27.884
21505,2026-08-19 09:14:33.816,1,EMA8,7755.75,DEV,False,False,TARGET,,1,1,1.0,0.1648681055155875,3.0,3.0,14.3,86.736
21552,2026-08-19 09:42:42.128,-1,EMA8,7743.25,DEV,False,False,TARGET,4.0,1,3,0.2222222222222222,1.5507759485454653,9.0,2.0,105.124,15.064
21556,2026-08-19 09:45:03.472,-1,EMA8,7743.0,DEV,False,False,TARGET,,1,3,0.6666666666666666,1.7010198604401503,6.0,4.0,114.084,44.712
21575,2026-08-19 09:53:09.864,-1,EMA8,7738.75,DEV,False,False,TARGET,,2,3,0.6666666666666666,0.6600920447074293,9.0,6.0,74.296,75.036
21582,2026-08-19 09:56:47.680,-1,EMA8,7736.25,DEV,False,False,TARGET,,1,2,0.6666666666666666,0.3980636593411301,6.0,4.0,37.168,62.248
21584,2026-08-19 09:57:47.316,-1,EMA8,7735.75,DEV,False,False,TARGET,,1,1,0.5,0.307979120059657,4.0,2.0,26.432,42.912
21716,2026-08-19 11:05:12.540,1,EMA24,7740.75,DEV,True,False,TARGET,16.0,3,1,6.0,1.6097010716300058,2.0,12.0,11.416,42.552
21737,2026-08-19 11:09:12.024,-1,EMA8,7730.75,DEV,True,False,TARGET,,2,3,1.0,5.798223976319684,7.0,7.0,47.012,8.108
21739,2026-08-19 11:09:47.120,-1,EMA8,7729.75,DEV,True,False,STOP,2.0,1,1,0.0,-0.0,4.0,-0.0,31.192,20.908
21741,2026-08-19 11:10:30.596,-1,EMA8,7730.0,DEV,True,False,STOP,3.0,1,1,0.75,0.45560027401952385,4.0,3.0,14.188,23.356
21743,2026-08-19 11:11:16.744,-1,EMA8,7730.0,DEV,True,False,STOP,3.0,1,1,2.0,3.2130309805174067,2.0,4.0,20.12,12.524
21791,2026-08-19 11:34:12.500,1,EMA8,7737.75,DEV,True,False,TARGET,7.0,1,1,4.0,12.339425587467364,1.0,4.0,37.808,12.256
21795,2026-08-19 11:35:52.824,1,EMA8,7738.5,DEV,True,False,TARGET,,2,2,0.6666666666666666,0.6714536263282782,9.0,6.0,65.084,64.62
21882,2026-08-19 12:40:34.820,-1,EMA8,7732.5,DEV,True,False,TARGET,,1,2,0.14285714285714285,0.3784948295672156,7.0,1.0,47.436,17.904
21893,2026-08-19 12:45:43.884,-1,EMA8,7729.5,DEV,True,False,TARGET,3.0,1,1,2.0,2.0338470837110907,2.0,4.0,13.46,13.236
21905,2026-08-19 12:48:30.592,-1,EMA24,7728.5,DEV,True,False,TARGET,15.0,3,1,,,,,,
21908,2026-08-19 12:50:00.024,-1,EMA8,7726.75,DEV,True,True,TARGET,8.0,1,2,0.0,-0.0,8.0,-0.0,34.152,38.372
21920,2026-08-19 12:52:00.224,-1,EMA8,7724.0,DEV,True,False,TARGET,6.0,1,1,1.0,0.7549668874172186,3.0,3.0,19.152,25.368
21966,2026-08-19 13:00:49.724,1,EMA8,7732.0,DEV,False,False,STOP,,1,2,0.6666666666666666,0.23443049964480234,3.0,2.0,5.94,16.892
21997,2026-08-19 15:00:54.816,1,EMA8,7733.75,DEV,False,False,TARGET,5.0,1,2,,,,,,
22000,2026-08-19 15:02:10.868,1,EMA24,7732.75,DEV,False,False,TARGET,9.0,2,1,1.75,2.069894829097283,4.0,7.0,37.788,31.948
22014,2026-08-19 15:09:27.304,1,EMA8,7737.0,DEV,False,False,TARGET,8.0,1,2,0.75,6.212869105332746,4.0,3.0,75.184,9.076
22088,2026-08-19 17:10:23.624,-1,EMA8,7735.25,DEV,False,False,STOP,,1,5,0.2,0.4592562557924004,15.0,3.0,158.572,69.056
22120,2026-08-19 18:07:46.704,1,EMA8,7743.25,DEV,False,False,STOP,,2,4,0.45454545454545453,1.1462302959051553,11.0,5.0,823.66,326.628
22185,2026-08-19 19:31:29.844,-1,EMA8,7736.75,DEV,False,False,TARGET,4.0,1,1,1.0,0.04308887429617314,4.0,4.0,12.336,286.292
22290,2026-08-19 23:41:06.000,1,EMA8,7743.0,DEV,False,False,TARGET,,2,3,0.3333333333333333,0.4153919168417458,12.0,4.0,287.084,230.372
22342,2026-08-20 00:50:20.544,-1,EMA50,7734.5,DEV,False,False,TARGET,10.0,1,1,,,,,,
22414,2026-08-20 01:34:31.440,-1,EMA8,7718.5,DEV,False,False,TARGET,,2,1,3.0,2.436066013685764,2.0,6.0,24.208,29.812
22416,2026-08-20 01:34:54.692,-1,EMA8,7718.0,DEV,False,False,TARGET,,1,1,0.25,0.13396429670667898,4.0,1.0,6.964,12.996
22468,2026-08-20 02:06:17.824,1,EMA8,7723.25,DEV,False,False,TARGET,6.0,2,6,0.2692307692307692,1.37843914920838,26.0,7.0,246.268,48.1
22482,2026-08-20 02:14:07.268,1,EMA50,7724.0,DEV,False,False,TARGET,13.0,2,1,2.3333333333333335,0.6866012760689458,3.0,7.0,24.72,84.008
22486,2026-08-20 02:18:32.944,1,EMA50,7724.25,DEV,False,False,TARGET,12.0,2,2,0.8571428571428571,1.3238103339328247,7.0,6.0,145.252,94.048
22538,2026-08-20 03:26:17.444,1,EMA50,7726.25,DEV,False,False,TARGET,11.0,2,1,2.0,1.6894214475913822,4.0,8.0,55.832,66.096
22601,2026-08-20 04:13:24.228,-1,EMA8,7722.0,DEV,False,False,TARGET,,1,2,0.5714285714285714,2.651580179477175,7.0,4.0,47.572,10.252
22616,2026-08-20 04:24:12.328,-1,EMA8,7720.75,DEV,False,False,TARGET,,1,1,1.0,1.5533428165007113,4.0,4.0,48.048,30.932
22628,2026-08-20 04:30:57.008,-1,EMA8,7715.75,DEV,False,False,STOP,5.0,1,1,1.3333333333333333,1.4309113085903469,3.0,4.0,41.06,38.26
22636,2026-08-20 04:34:44.956,-1,EMA8,7715.5,DEV,False,False,TARGET,4.0,1,2,0.375,0.32081911262798635,8.0,3.0,24.064,28.128
22643,2026-08-20 04:37:13.400,-1,EMA8,7714.75,DEV,False,False,STOP,,1,2,0.5714285714285714,2.065557729941292,7.0,4.0,25.332,7.008
22669,2026-08-20 04:48:17.888,-1,EMA8,7711.0,DEV,False,False,TARGET,,2,1,1.75,2.4892241379310347,4.0,7.0,19.8,13.92
22674,2026-08-20 04:49:22.020,-1,EMA8,7709.75,DEV,False,False,TARGET,,2,3,0.5,1.1369773519163764,10.0,5.0,62.652,27.552
22676,2026-08-20 04:49:49.040,-1,EMA8,7709.25,DEV,False,False,TARGET,3.0,1,1,0.5,0.12807787745753008,4.0,2.0,5.368,20.956
22681,2026-08-20 04:51:03.792,-1,EMA8,7708.75,DEV,False,False,TARGET,,1,1,0.5,1.1074288870477769,4.0,2.0,32.08,14.484
22686,2026-08-20 04:54:45.860,-1,EMA8,7708.25,DEV,False,False,TARGET,2.0,1,2,0.5,1.1787271142109852,4.0,2.0,54.08,22.94
22699,2026-08-20 05:00:29.920,-1,EMA8,7703.5,DEV,False,False,TARGET,,1,2,0.6666666666666666,20.558898996967574,3.0,2.0,176.272,5.716
22703,2026-08-20 05:01:45.032,-1,EMA8,7702.5,DEV,False,False,TARGET,,1,3,0.6666666666666666,1.95589516723641,9.0,6.0,58.36,19.892
22705,2026-08-20 05:02:37.332,-1,EMA8,7703.0,DEV,False,False,TARGET,9.0,1,1,1.0,1.3794392523364485,4.0,4.0,2.952,2.14
22716,2026-08-20 05:04:00.504,-1,EMA8,7698.0,DEV,False,False,TARGET,,1,2,1.3333333333333333,1.688836104513064,3.0,4.0,8.532,6.736
22723,2026-08-20 05:05:17.044,-1,EMA8,7695.75,DEV,False,False,TARGET,,1,4,0.18181818181818182,4.051627384960718,11.0,2.0,43.32,1.944
22746,2026-08-20 05:10:26.060,-1,EMA8,7689.25,DEV,False,False,TARGET,,1,3,0.07142857142857142,0.06980572170445587,14.0,1.0,24.088,24.648
22836,2026-08-20 05:31:11.516,-1,EMA24,7686.75,DEV,False,False,TARGET,11.0,2,1,2.5,1.2970332850940665,2.0,5.0,8.604,16.584
22841,2026-08-20 05:33:29.344,-1,EMA24,7686.0,DEV,False,False,TARGET,8.0,2,3,0.7,1.5984843185262911,10.0,7.0,78.344,34.308
22845,2026-08-20 05:34:02.164,-1,EMA24,7685.75,DEV,False,False,TARGET,7.0,2,2,0.7142857142857143,1.8493659599762236,7.0,5.0,59.736,23.072
22860,2026-08-20 05:38:25.840,-1,EMA24,7683.5,DEV,False,False,STOP,12.0,2,2,0.875,0.48327967217913065,8.0,7.0,15.096,27.332
22896,2026-08-20 05:58:46.400,1,EMA8,7695.75,DEV,False,False,TARGET,6.0,1,1,1.0,1.0158013544018059,4.0,4.0,23.4,23.036
22960,2026-08-20 06:30:05.752,1,EMA8,7699.75,DEV,False,False,TARGET,,1,1,0.5,0.10476190476190475,2.0,1.0,0.44,2.1
22967,2026-08-20 06:30:23.868,1,EMA8,7701.0,DEV,False,False,TARGET,,1,2,0.3,0.13672971323978036,10.0,3.0,2.988,6.556
22977,2026-08-20 06:30:48.268,1,EMA24,7700.75,DEV,False,False,STOP,8.0,2,2,1.4,0.7425506555423124,5.0,7.0,3.56,6.712
23000,2026-08-20 06:32:55.440,1,EMA24,7703.5,DEV,True,False,TARGET,11.0,2,1,2.3333333333333335,2.622030801357348,3.0,7.0,11.48,10.216
23015,2026-08-20 06:34:23.120,1,EMA8,7707.0,DEV,True,False,TARGET,,2,4,0.35294117647058826,0.6926805249957687,17.0,6.0,30.012,15.292
23017,2026-08-20 06:34:37.024,1,EMA8,7707.5,DEV,True,False,TARGET,4.0,1,1,0.6666666666666666,0.3244183518156121,3.0,2.0,2.984,6.132
23024,2026-08-20 06:35:15.608,1,EMA24,7706.5,DEV,True,True,TARGET,14.0,3,1,6.5,2.0,2.0,13.0,5.632,18.304
23079,2026-08-20 06:41:02.996,-1,EMA50,7707.75,DEV,True,False,STOP,10.0,1,1,,,,,,
23096,2026-08-20 06:43:25.136,1,EMA8,7714.5,DEV,True,False,TARGET,2.0,1,1,1.5,1.1233734939759035,2.0,3.0,12.432,16.6
23098,2026-08-20 06:43:43.292,1,EMA8,7714.25,DEV,True,False,TARGET,3.0,1,1,1.0,1.2274944567627495,4.0,4.0,11.072,9.02
23102,2026-08-20 06:44:19.000,1,EMA8,7716.0,DEV,True,False,STOP,,1,3,0.4,0.9469387755102042,10.0,4.0,29.696,12.544
23169,2026-08-20 06:52:34.532,-1,EMA24,7706.5,DEV,False,False,TARGET,,2,2,1.75,1.8172272047832587,4.0,7.0,27.788,26.76
23176,2026-08-20 06:53:40.544,-1,EMA8,7705.0,DEV,False,False,TARGET,8.0,3,4,0.6363636363636364,0.5013011982676584,11.0,7.0,29.5,37.448
23184,2026-08-20 06:54:41.616,-1,EMA24,7704.5,DEV,False,False,STOP,6.0,2,1,1.5,0.29693308550185876,4.0,6.0,4.26,21.52
23211,2026-08-20 06:57:14.560,-1,EMA8,7703.75,DEV,False,False,TARGET,,1,8,0.11764705882352941,2.2188235294117646,34.0,4.0,49.036,2.6
23214,2026-08-20 06:57:43.056,-1,EMA8,7703.0,DEV,False,False,TARGET,,1,2,0.4,1.3081534772182255,5.0,2.0,21.82,6.672
23224,2026-08-20 06:59:12.904,-1,EMA50,7704.25,DEV,False,False,TARGET,17.0,1,1,,,,,,
23266,2026-08-20 07:03:58.616,-1,EMA24,7701.25,DEV,True,False,TARGET,9.0,2,1,2.0,0.282259588135273,3.0,6.0,2.988,21.172
23318,2026-08-20 07:10:28.672,1,EMA8,7704.75,DEV,True,False,STOP,,1,11,0.06451612903225806,1.0151505156452711,31.0,2.0,92.332,5.868
23327,2026-08-20 07:11:27.004,1,EMA50,7703.0,DEV,True,False,STOP,9.0,3,3,1.5714285714285714,1.2817396209964869,7.0,11.0,18.176,22.284
23366,2026-08-20 07:18:03.704,-1,EMA8,7693.75,DEV,True,False,STOP,,2,1,0.75,1.0837635518843571,4.0,3.0,22.392,15.496
23398,2026-08-20 07:21:36.476,1,EMA8,7700.75,DEV,True,False,STOP,8.0,1,3,0.42857142857142855,1.612121212121212,7.0,3.0,14.896,3.96
23424,2026-08-20 07:24:51.928,1,EMA8,7706.25,DEV,True,False,STOP,6.0,1,2,0.75,3.806616341030195,4.0,3.0,22.86,4.504
23430,2026-08-20 07:25:28.572,1,EMA24,7705.25,DEV,True,False,TARGET,6.0,1,1,2.0,6.339622641509433,1.0,2.0,4.704,1.484
23460,2026-08-20 07:30:00.072,-1,EMA24+EMA50,7700.5,DEV,True,False,TARGET,9.0,3,5,0.5789473684210527,0.9135109602421019,19.0,11.0,41.492,26.296
23462,2026-08-20 07:30:10.116,-1,EMA50,7700.0,DEV,True,False,TARGET,7.0,1,1,0.0,-0.0,3.0,-0.0,17.732,2.868
23552,2026-08-20 07:45:26.396,1,EMA8,7710.75,DEV,True,False,TARGET,2.0,1,2,1.3333333333333333,1.8141276892256775,3.0,4.0,20.828,15.308
23602,2026-08-20 07:57:00.696,-1,EMA8,7705.25,DEV,True,False,TARGET,6.0,3,3,0.6923076923076923,0.6373438076659461,13.0,9.0,32.236,35.016
23604,2026-08-20 07:57:21.260,-1,EMA50,7705.75,DEV,True,True,TARGET,8.0,1,1,1.0,0.15641476274165203,4.0,4.0,1.424,9.104
23639,2026-08-20 08:01:46.456,1,EMA8,7716.75,DEV,False,False,TARGET,8.0,1,1,0.5,5.031111111111111,2.0,1.0,9.056,0.9
23641,2026-08-20 08:01:52.564,1,EMA8,7716.75,DEV,False,False,TARGET,8.0,1,1,1.0,2.2375886524822697,4.0,4.0,2.524,1.128
23652,2026-08-20 08:02:13.108,1,EMA8,7718.5,DEV,False,False,STOP,5.0,1,1,1.0,1.094688221709007,3.0,3.0,1.896,1.732
23692,2026-08-20 08:07:39.608,-1,EMA8,7709.0,DEV,False,False,TARGET,2.0,1,1,0.5,0.4499550157444895,2.0,1.0,16.004,17.784
23694,2026-08-20 08:07:49.028,-1,EMA8,7709.25,DEV,False,False,TARGET,3.0,1,1,1.0,0.6016073478760046,4.0,4.0,4.192,6.968
23712,2026-08-20 08:10:00.344,-1,EMA8,7703.5,DEV,False,False,TARGET,6.0,1,1,1.3333333333333333,0.8705712219812003,3.0,4.0,2.408,3.688
23720,2026-08-20 08:10:45.972,-1,EMA8,7702.75,DEV,False,False,TARGET,4.0,1,1,1.3333333333333333,3.28942115768463,3.0,4.0,13.184,5.344
23730,2026-08-20 08:12:00.836,-1,EMA24,7701.5,DEV,False,False,TARGET,11.0,3,1,4.0,1.6086250184610842,3.0,12.0,10.892,27.084
23826,2026-08-20 08:29:59.124,1,EMA8,7705.5,DEV,False,False,TARGET,14.0,1,3,0.2727272727272727,0.29011794301547655,11.0,3.0,21.22,19.948
23848,2026-08-20 08:34:58.744,-1,EMA8,7698.0,DEV,False,False,TARGET,,2,1,1.6666666666666667,3.952628265659427,3.0,5.0,20.092,8.472
23850,2026-08-20 08:35:36.912,-1,EMA8,7697.75,DEV,False,False,TARGET,4.0,1,1,0.6666666666666666,0.8303894225803119,3.0,2.0,32.156,25.816
23871,2026-08-20 08:41:46.808,-1,EMA8,7694.0,DEV,False,False,STOP,4.0,1,2,1.0,3.625655698617072,3.0,3.0,30.412,8.388
23888,2026-08-20 08:47:02.244,-1,EMA8,7691.25,DEV,False,False,STOP,,2,1,0.75,0.7960775736366287,4.0,3.0,43.676,41.148
23982,2026-08-20 09:25:47.512,1,EMA8,7697.75,DEV,False,False,STOP,5.0,1,2,0.5,1.4401642984014211,6.0,3.0,51.892,18.016
24057,2026-08-20 10:12:15.528,-1,EMA8,7695.0,DEV,False,False,TARGET,,1,1,1.0,1.1884371785849617,3.0,3.0,87.816,73.892
24059,2026-08-20 10:13:48.160,-1,EMA8,7695.25,DEV,False,False,TARGET,,1,1,1.5,0.5587940757919148,2.0,3.0,28.272,75.892
24093,2026-08-20 10:34:04.928,-1,EMA8,7685.0,DEV,False,False,TARGET,7.0,1,1,0.25,0.4325495049504951,4.0,1.0,61.512,35.552
24096,2026-08-20 10:36:08.280,-1,EMA8,7684.5,DEV,False,False,TARGET,5.0,1,2,0.42857142857142855,1.1046809801987711,7.0,3.0,97.072,37.66
24104,2026-08-20 10:40:00.048,-1,EMA8,7682.75,DEV,False,False,TARGET,7.0,3,5,0.6666666666666666,1.122583139984532,15.0,10.0,139.344,82.752
24115,2026-08-20 10:48:48.460,-1,EMA50,7685.0,DEV,False,False,STOP,19.0,3,1,,,,,,
24151,2026-08-20 11:10:09.464,-1,EMA8,7674.5,DEV,True,False,TARGET,,1,1,1.0,0.7332120109190172,4.0,4.0,16.116,21.98
24161,2026-08-20 11:14:29.476,-1,EMA8,7673.75,DEV,True,False,TARGET,9.0,1,2,0.2222222222222222,0.5810439877286463,9.0,2.0,50.38,19.268
24270,2026-08-20 12:36:16.180,-1,EMA24,7671.25,DEV,True,False,STOP,9.0,3,2,0.75,0.7304795354880623,8.0,6.0,95.948,98.512
24322,2026-08-20 12:55:25.872,-1,EMA8,7666.25,DEV,True,False,TARGET,,1,3,0.36363636363636365,0.13186409550045913,11.0,4.0,1.436,3.96
24330,2026-08-20 12:57:06.812,-1,EMA8,7662.25,DEV,True,False,TARGET,,1,1,1.0,0.21804249390456285,3.0,3.0,7.512,34.452
24334,2026-08-20 12:58:06.760,-1,EMA8,7661.25,DEV,True,False,STOP,,1,3,0.3,0.41280722891566257,10.0,3.0,45.684,33.2
24339,2026-08-20 12:59:00.448,-1,EMA24,7663.25,DEV,True,False,STOP,11.0,3,2,6.5,8.842904342353682,2.0,13.0,34.588,25.424
24345,2026-08-20 12:59:39.680,-1,EMA50,7664.75,DEV,True,False,TARGET,17.0,1,1,2.0,1.4870438921205709,2.0,4.0,5.624,7.564
24353,2026-08-20 12:59:53.388,-1,EMA8,7661.5,DEV,True,False,STOP,10.0,3,5,0.47619047619047616,1.8530111431075502,21.0,10.0,17.76,4.564
24355,2026-08-20 12:59:55.408,-1,EMA24,7662.0,DEV,True,False,STOP,12.0,1,1,1.0,0.7085201793721972,4.0,4.0,0.632,0.892
24472,2026-08-20 17:05:07.440,1,EMA8,7669.0,DEV,False,False,TARGET,8.0,3,3,1.0,0.32287909675395954,9.0,9.0,57.652,178.556
24527,2026-08-20 18:11:11.012,-1,EMA8,7662.5,DEV,False,False,STOP,,2,5,0.3125,1.3757910722600855,16.0,5.0,416.004,94.492
24531,2026-08-20 18:15:07.948,-1,EMA24,7664.5,DEV,False,False,STOP,12.0,3,1,3.0,1.5652869070882927,4.0,12.0,46.992,90.064
24574,2026-08-20 19:29:50.768,1,EMA8,7671.75,DEV,False,False,STOP,,1,4,0.11764705882352941,1.0828234117941105,17.0,2.0,736.504,80.02
24578,2026-08-20 19:43:56.592,1,EMA8,7672.25,DEV,False,False,STOP,3.0,1,1,1.3333333333333333,4.088103874257478,3.0,4.0,311.072,101.456
24582,2026-08-20 19:52:25.140,1,EMA8,7672.0,DEV,False,False,STOP,4.0,1,1,,,,,,
24659,2026-08-20 23:52:16.420,1,EMA24,7672.0,DEV,False,False,TARGET,13.0,1,2,0.0,0.0,6.0,0.0,246.288,50.748
24664,2026-08-21 00:01:09.120,1,EMA24,7672.5,DEV,False,False,TARGET,11.0,2,3,0.875,7.495987145682268,8.0,7.0,519.836,60.68
24676,2026-08-21 00:18:08.864,1,EMA8,7677.5,DEV,False,False,TARGET,,2,2,0.625,0.5435438983406847,8.0,5.0,99.372,114.264
24689,2026-08-21 00:41:52.780,1,EMA8,7680.75,DEV,False,False,TARGET,1.0,1,2,1.0,6.054153015995375,4.0,4.0,251.32,41.512
24695,2026-08-21 00:47:39.368,1,EMA24,7680.0,DEV,False,False,TARGET,9.0,1,1,,,,,,
24698,2026-08-21 00:53:22.620,1,EMA8,7681.25,DEV,False,False,TARGET,,1,2,0.1,0.09025487905145181,10.0,1.0,83.428,92.436
24712,2026-08-21 01:12:07.508,1,EMA50,7680.0,DEV,False,False,TARGET,,1,2,0.5714285714285714,13.362470925515227,7.0,4.0,247.032,10.564
24736,2026-08-21 01:44:10.492,1,EMA8,7686.25,DEV,False,False,TARGET,,1,1,1.0,4.387566680344687,4.0,4.0,85.54,19.496
24741,2026-08-21 01:54:21.816,1,EMA8,7687.75,DEV,False,False,STOP,,2,3,0.5,2.6052125304003777,12.0,6.0,574.168,110.196
24746,2026-08-21 02:04:18.272,1,EMA24,7685.5,DEV,False,False,STOP,13.0,3,2,2.6,2.549258629783743,5.0,13.0,267.68,273.008
24827,2026-08-21 04:25:44.876,1,EMA8,7697.0,DEV,False,False,TARGET,1.0,1,2,0.375,1.3562788018433178,8.0,3.0,18.836,5.208
24861,2026-08-21 04:41:06.068,1,EMA50,7696.75,DEV,False,False,TARGET,10.0,1,1,1.5,1.460551724137931,2.0,3.0,42.356,43.5
24948,2026-08-21 06:27:40.008,-1,EMA8,7687.0,DEV,False,True,STOP,7.0,3,4,0.5555555555555556,0.6686314786698819,18.0,10.0,107.808,89.576
24952,2026-08-21 06:27:40.196,-1,EMA24,7690.0,DEV,False,False,STOP,19.0,3,1,4.0,636.6451612903226,4.0,16.0,19.736,0.124
24990,2026-08-21 06:30:21.860,-1,EMA50,7692.25,DEV,False,False,TARGET,7.0,1,1,4.0,2.6311360448807855,1.0,4.0,1.876,2.852
25008,2026-08-21 06:31:49.388,-1,EMA24,7689.25,DEV,True,False,TARGET,8.0,3,2,1.4285714285714286,0.6664544995039032,7.0,10.0,14.24,30.524
25013,2026-08-21 06:32:16.516,-1,EMA50,7690.0,DEV,True,False,TARGET,8.0,3,2,1.4285714285714286,0.8001446044465867,7.0,10.0,10.624,18.968
25038,2026-08-21 06:35:35.072,-1,EMA8,7682.75,DEV,True,False,TARGET,,1,2,0.5,1.3133640552995391,6.0,3.0,18.24,6.944
25150,2026-08-21 06:55:23.812,-1,EMA24,7680.0,DEV,False,False,STOP,13.0,3,1,6.0,2.0985185185185187,2.0,12.0,11.332,32.4
25213,2026-08-21 07:10:05.708,1,EMA24,7688.25,DEV,True,False,TARGET,11.0,2,2,0.8,0.8906586591814086,5.0,4.0,68.22,61.276
25234,2026-08-21 07:14:36.880,-1,EMA8,7682.5,DEV,True,False,STOP,6.0,2,2,0.625,0.2613503507404521,8.0,5.0,8.584,20.528
25236,2026-08-21 07:15:10.136,-1,EMA8,7682.75,DEV,True,False,STOP,6.0,1,1,0.6666666666666666,0.24839795807537746,3.0,2.0,9.148,24.552
25311,2026-08-21 07:36:54.256,-1,EMA8,7679.25,DEV,True,False,TARGET,6.0,1,1,1.3333333333333333,1.5835636631656533,3.0,4.0,17.188,14.472
25354,2026-08-21 07:51:14.888,1,EMA8,7686.0,DEV,True,False,TARGET,,1,2,0.5,6.9325259515570945,8.0,4.0,48.084,3.468
25356,2026-08-21 07:51:57.240,1,EMA8,7685.5,DEV,True,False,TARGET,6.0,1,1,4.0,11.415503415503416,1.0,4.0,38.436,13.468
25366,2026-08-21 07:54:53.580,1,EMA24,7685.5,DEV,True,False,TARGET,12.0,3,1,3.0,0.6157345464276158,4.0,12.0,15.34,74.74
25393,2026-08-21 08:02:46.148,1,EMA24,7694.5,DEV,False,False,TARGET,,1,1,,,,,,
25395,2026-08-21 08:03:12.008,1,EMA24,7694.5,DEV,False,False,TARGET,,1,1,1.0,2.0139484978540776,3.0,3.0,22.524,11.184
25408,2026-08-21 08:07:29.612,1,EMA8,7698.5,DEV,False,False,STOP,,1,3,0.3076923076923077,1.0904435710275129,13.0,4.0,48.552,13.7
25462,2026-08-21 08:38:55.512,1,EMA8,7702.25,DEV,False,False,TARGET,10.0,3,1,2.25,0.5823318206752107,4.0,9.0,20.76,80.212
25474,2026-08-21 08:43:05.540,1,EMA8,7708.25,DEV,False,False,TARGET,7.0,1,1,2.0,7.587559808612441,2.0,4.0,31.716,8.36
25480,2026-08-21 08:46:31.604,1,EMA8,7709.0,DEV,False,False,STOP,4.0,1,3,0.4,1.3718378140149845,10.0,4.0,124.508,36.304
25484,2026-08-21 08:50:01.716,1,EMA24,7706.25,DEV,False,False,TARGET,15.0,3,1,13.0,2.3507404520654718,1.0,13.0,24.128,133.432
25519,2026-08-21 09:09:26.060,-1,EMA8,7700.5,DEV,False,False,TARGET,4.0,1,1,3.0,5.312512799508498,1.0,3.0,34.588,19.532
25533,2026-08-21 09:17:41.780,-1,EMA24,7699.25,DEV,False,False,TARGET,9.0,3,2,1.0,1.7899800539716064,7.0,7.0,122.048,68.184
25555,2026-08-21 09:21:10.836,1,EMA8,7704.75,DEV,False,False,STOP,,1,3,0.3076923076923077,7.098901098901099,13.0,4.0,1.292,0.056
25575,2026-08-21 09:24:39.420,-1,EMA8,7697.0,DEV,False,False,STOP,12.0,1,2,0.6,0.8545185980931919,5.0,3.0,42.424,29.788
25658,2026-08-21 10:29:50.980,-1,EMA24,7694.5,DEV,False,False,TARGET,8.0,2,1,2.0,0.20448503424764647,3.0,6.0,13.076,127.892
25677,2026-08-21 10:48:59.848,-1,EMA50,7693.0,DEV,False,False,TARGET,9.0,2,1,,,,,,
25689,2026-08-21 11:01:57.436,-1,EMA24,7690.5,DEV,True,False,STOP,,2,3,0.7142857142857143,5.060145885765473,7.0,5.0,379.6,53.584
25700,2026-08-21 11:13:49.524,-1,EMA24,7689.5,DEV,True,False,TARGET,,2,1,1.25,1.0157519689961245,4.0,5.0,130.0,159.98
25706,2026-08-21 11:22:40.132,-1,EMA50,7690.25,DEV,True,False,TARGET,7.0,1,1,1.0,3.1515804597701145,4.0,4.0,52.644,16.704
25743,2026-08-21 12:13:31.520,1,EMA24,7695.25,DEV,True,False,TARGET,14.0,3,2,1.5714285714285714,1.18833422261061,7.0,11.0,205.708,272.024
25745,2026-08-21 12:17:19.764,1,EMA50,7695.0,DEV,True,False,TARGET,15.0,1,1,2.0,0.8663801923470431,1.0,2.0,50.808,117.288
25817,2026-08-21 13:00:01.324,-1,EMA8,7691.25,DEV,False,False,TARGET,9.0,1,1,4.0,9.932584269662922,1.0,4.0,0.884,0.356
25829,2026-08-21 13:15:42.324,-1,EMA24,7690.75,DEV,False,False,TARGET,7.0,2,3,1.3333333333333333,7.879767758424314,6.0,8.0,567.296,95.992
25835,2026-08-21 13:27:11.068,-1,EMA8,7688.5,DEV,False,False,TARGET,,1,2,0.5,4.9783956791358275,8.0,4.0,199.096,19.996
25865,2026-08-23 15:01:41.544,-1,EMA8,7682.5,DEV,False,False,STOP,,2,1,1.25,0.26631773399014774,4.0,5.0,1.384,6.496
25869,2026-08-23 15:02:10.064,-1,EMA24,7684.75,DEV,False,False,TARGET,11.0,3,1,2.75,0.29639769452449566,4.0,11.0,1.496,13.88
25886,2026-08-23 15:04:28.028,-1,EMA24,7684.5,DEV,False,False,TARGET,10.0,2,5,0.45,1.7533814589665655,20.0,9.0,61.532,15.792
25928,2026-08-23 16:46:18.764,1,EMA8,7696.0,DEV,False,False,TARGET,,1,1,4.0,160.30407239819004,1.0,4.0,177.136,4.42
25947,2026-08-23 17:03:36.084,1,EMA24,7700.25,DEV,False,False,STOP,13.0,1,1,,,,,,
25980,2026-08-23 17:22:44.992,-1,EMA8,7689.75,DEV,False,False,TARGET,,2,1,1.75,0.5504629011439,4.0,7.0,28.268,89.868
26037,2026-08-23 18:09:57.120,1,EMA8,7699.75,DEV,False,False,TARGET,4.0,2,4,0.46153846153846156,0.5464568775672477,13.0,6.0,198.844,167.944
26042,2026-08-23 18:17:32.108,1,EMA8,7701.5,DEV,False,False,TARGET,,2,3,0.46153846153846156,0.3106598466452451,13.0,6.0,194.716,289.284
26174,2026-08-23 20:41:32.464,-1,EMA8,7687.5,DEV,False,False,TARGET,4.0,1,1,0.5,0.3430864111009882,4.0,2.0,39.164,57.076
26184,2026-08-23 20:53:47.628,-1,EMA8,7684.5,DEV,False,False,TARGET,1.0,1,2,0.16666666666666666,0.41717897789968156,6.0,1.0,105.86,42.292
26189,2026-08-23 21:06:55.476,-1,EMA8,7682.75,DEV,False,False,TARGET,2.0,1,1,1.5,0.6695268191616265,2.0,3.0,85.312,191.132
26203,2026-08-23 21:26:57.068,-1,EMA8,7682.75,DEV,False,False,TARGET,6.0,3,2,0.7142857142857143,1.1620181118788364,7.0,5.0,231.276,142.164
26253,2026-08-23 22:39:47.212,-1,EMA24,7678.75,DEV,False,False,STOP,13.0,3,1,,,,,,
26257,2026-08-23 22:42:11.904,-1,EMA50,7681.0,DEV,False,False,TARGET,13.0,3,1,2.75,0.9697921086126432,4.0,11.0,33.248,94.28
26283,2026-08-23 23:08:00.568,-1,EMA8,7673.5,DEV,False,False,TARGET,,1,1,1.0,0.4367242309767944,4.0,4.0,25.896,59.296
26302,2026-08-23 23:23:42.360,-1,EMA24,7672.5,DEV,False,False,STOP,14.0,3,6,0.65,2.0549470528195966,20.0,13.0,198.236,62.704
26352,2026-08-24 00:19:11.808,1,EMA24,7676.75,LATER,False,False,TARGET,11.0,3,3,1.5714285714285714,3.5090744721457705,7.0,11.0,317.584,142.22
26375,2026-08-24 00:47:48.124,-1,EMA8,7673.75,LATER,False,False,TARGET,6.0,1,2,0.3333333333333333,0.35527468401952195,6.0,2.0,102.204,95.892
26389,2026-08-24 01:00:39.888,-1,EMA24,7671.75,LATER,False,False,TARGET,,2,2,1.5,5.427455919395466,6.0,9.0,86.188,23.82
26532,2026-08-24 04:00:09.012,-1,EMA8,7670.5,LATER,False,False,TARGET,,1,1,0.75,51.5065703022339,4.0,3.0,209.048,3.044
26534,2026-08-24 04:00:20.032,-1,EMA8,7670.5,LATER,False,False,TARGET,3.0,1,1,1.5,2.938732394366198,2.0,3.0,5.564,2.84
26582,2026-08-24 04:35:38.848,1,EMA8,7679.5,LATER,False,False,TARGET,9.0,1,2,1.0,4.018691588785047,3.0,3.0,6.88,1.712
26600,2026-08-24 04:38:31.884,1,EMA8,7683.25,LATER,False,False,TARGET,4.0,1,1,1.5,0.3273871983210913,2.0,3.0,0.832,3.812
26607,2026-08-24 04:39:29.280,1,EMA24,7683.25,LATER,False,False,TARGET,13.0,4,3,1.0,0.4254456285956805,16.0,16.0,18.044,42.412
26609,2026-08-24 04:39:41.084,1,EMA24,7683.5,LATER,False,False,TARGET,12.0,1,1,0.75,0.9846860643185298,4.0,3.0,10.288,7.836
26636,2026-08-24 05:00:01.136,-1,EMA50,7679.0,LATER,False,False,TARGET,10.0,1,2,0.5,2.3820044015574737,8.0,4.0,112.564,23.628
26680,2026-08-24 05:32:53.336,-1,EMA8,7672.0,LATER,False,True,STOP,,1,4,0.13333333333333333,,15.0,2.0,0.12,0.0
26683,2026-08-24 05:32:53.376,-1,EMA8,7671.25,LATER,False,True,STOP,3.0,1,2,2.0,,2.0,4.0,0.06,0.0
26693,2026-08-24 05:32:57.068,-1,EMA50,7674.0,LATER,False,True,TARGET,17.0,1,1,1.0,1.8308823529411762,4.0,4.0,0.996,0.544
26702,2026-08-24 05:33:02.544,-1,EMA24,7671.75,LATER,False,True,TARGET,9.0,3,1,3.0,0.17379310344827587,3.0,9.0,0.168,2.9
26732,2026-08-24 05:41:54.824,1,EMA8,7677.5,LATER,False,True,TARGET,9.0,1,1,0.75,0.1594089716356366,4.0,3.0,20.412,96.036
26769,2026-08-24 06:07:51.988,1,EMA50,7678.25,LATER,False,False,TARGET,7.0,1,1,,,,,,
26801,2026-08-24 06:29:54.208,1,EMA8,7680.75,LATER,False,False,TARGET,,1,5,0.23529411764705882,0.44218952089659114,17.0,4.0,79.66,42.388
26819,2026-08-24 06:30:37.200,-1,EMA8,7674.75,LATER,False,False,TARGET,,2,5,0.35,0.30524271844660195,20.0,7.0,12.576,14.42
26832,2026-08-24 06:31:30.156,-1,EMA24,7672.75,LATER,True,False,STOP,9.0,3,2,1.5714285714285714,1.825897551449602,7.0,11.0,8.84,7.608
26838,2026-08-24 06:32:02.968,-1,EMA50,7675.0,LATER,True,False,TARGET,18.0,1,1,,,,,,
26853,2026-08-24 06:33:54.080,-1,EMA8,7668.5,LATER,True,False,TARGET,9.0,3,6,0.4230769230769231,0.7323205215478871,26.0,11.0,40.684,23.504
26871,2026-08-24 06:36:21.780,-1,EMA50,7669.5,LATER,True,False,STOP,14.0,1,2,0.75,1.373426435877262,4.0,3.0,18.62,10.168
26891,2026-08-24 06:39:00.164,-1,EMA8,7666.75,LATER,True,False,STOP,8.0,1,1,0.5,0.14828561329091552,4.0,2.0,3.356,11.316
26930,2026-08-24 06:43:43.568,-1,EMA8,7662.25,LATER,True,False,TARGET,2.0,1,1,1.5,3.8760504201680677,2.0,3.0,9.84,3.808
26932,2026-08-24 06:44:19.540,-1,EMA8,7662.0,LATER,True,False,TARGET,1.0,1,1,0.75,1.3278301886792454,4.0,3.0,6.756,3.816
26975,2026-08-24 06:49:49.792,1,EMA24,7667.25,LATER,False,False,STOP,12.0,3,1,2.75,0.46680826253539887,4.0,11.0,4.076,24.012
27012,2026-08-24 06:55:32.944,1,EMA8,7668.0,LATER,False,False,TARGET,8.0,3,3,0.875,0.8977784490333919,8.0,7.0,37.364,36.416
27019,2026-08-24 06:56:29.680,1,EMA8,7669.5,LATER,False,False,TARGET,,1,3,0.3333333333333333,2.3953592146363234,9.0,3.0,21.472,2.988
27036,2026-08-24 07:00:00.856,1,EMA50,7669.0,LATER,True,False,TARGET,9.0,1,1,1.3333333333333333,1.690830235439901,3.0,4.0,10.916,8.608
27038,2026-08-24 07:00:06.180,1,EMA50,7669.25,LATER,True,False,TARGET,8.0,1,1,3.0,14.635245901639344,1.0,3.0,14.284,2.928
27040,2026-08-24 07:00:12.372,1,EMA50,7669.25,LATER,True,False,TARGET,8.0,1,1,1.0,0.838935574229692,4.0,4.0,2.396,2.856
27069,2026-08-24 07:03:32.376,-1,EMA8,7664.75,LATER,True,False,TARGET,,1,2,0.6666666666666666,0.057014734144779,3.0,2.0,2.136,24.976
27151,2026-08-24 07:23:59.072,1,EMA24,7666.0,LATER,True,False,STOP,13.0,3,1,9.0,3.328489354511659,1.0,9.0,26.264,71.016
27183,2026-08-24 07:36:09.316,1,EMA8,7671.0,LATER,True,False,TARGET,4.0,1,2,0.6,0.7054662379421222,5.0,3.0,26.328,22.392
27185,2026-08-24 07:36:27.016,1,EMA8,7671.5,LATER,True,False,TARGET,2.0,1,1,1.0,2.489956331877729,1.0,1.0,34.212,13.74
27190,2026-08-24 07:38:34.228,1,EMA8,7672.25,LATER,True,False,TARGET,,1,2,0.42857142857142855,0.2631734535511049,7.0,3.0,23.74,38.66
27207,2026-08-24 07:45:30.984,1,EMA50,7671.0,LATER,True,False,TARGET,18.0,1,2,0.6666666666666666,1.0698428131583213,3.0,2.0,52.816,32.912
27236,2026-08-24 07:58:49.856,1,EMA50,7671.5,LATER,True,False,TARGET,10.0,3,3,0.7333333333333333,0.9416680854283714,15.0,11.0,90.508,70.484
27258,2026-08-24 08:11:09.972,-1,EMA8,7662.5,LATER,False,False,STOP,2.0,1,2,0.6666666666666666,0.4102018500458079,6.0,4.0,27.76,45.116
27270,2026-08-24 08:17:34.556,-1,EMA8,7660.75,LATER,False,False,TARGET,,1,1,1.0,1.6297156123041205,4.0,4.0,22.464,13.784
27306,2026-08-24 08:29:30.372,1,EMA8,7671.75,LATER,False,True,TARGET,5.0,1,1,0.25,0.8374125874125874,4.0,1.0,1.916,0.572
27317,2026-08-24 08:30:04.396,1,EMA24,7671.25,LATER,False,False,TARGET,6.0,2,1,3.0,0.5215818664094526,2.0,6.0,2.884,16.588
27339,2026-08-24 08:33:35.212,1,EMA50,7671.5,LATER,False,False,TARGET,8.0,1,1,1.0,0.7641727728499808,2.0,2.0,15.852,20.744
27362,2026-08-24 08:42:55.064,1,EMA8,7676.75,LATER,False,False,TARGET,,2,1,1.25,0.16948874090948918,4.0,5.0,12.38,91.304
27377,2026-08-24 08:50:09.332,1,EMA24,7678.0,LATER,False,False,TARGET,14.0,3,7,0.6818181818181818,3.6243782585246,22.0,15.0,225.792,42.476
27381,2026-08-24 08:52:41.540,1,EMA8,7679.0,LATER,False,False,TARGET,10.0,1,1,0.25,0.09082487514096986,4.0,1.0,18.04,49.656
27388,2026-08-24 08:58:48.524,1,EMA50,7677.75,LATER,False,False,TARGET,11.0,1,1,1.0,0.8356663629586681,2.0,2.0,40.356,48.292
27390,2026-08-24 08:59:19.440,1,EMA50,7677.75,LATER,False,False,TARGET,11.0,1,1,1.0,6.660645983850403,4.0,4.0,125.38,18.824
27406,2026-08-24 09:02:43.168,1,EMA8,7682.0,LATER,False,False,TARGET,8.0,1,6,0.26666666666666666,1.4201632472975956,15.0,4.0,64.376,12.088
27436,2026-08-24 09:27:33.136,1,EMA24,7683.5,LATER,False,False,STOP,12.0,3,2,2.3333333333333335,3.0238600748154885,6.0,14.0,119.636,92.316
27460,2026-08-24 09:57:50.940,-1,EMA8,7676.25,LATER,False,False,TARGET,,1,1,1.0,0.9551839862195954,3.0,3.0,128.648,134.684
27519,2026-08-24 10:33:10.416,-1,EMA8,7668.5,LATER,False,False,TARGET,,2,5,0.3,0.4082776585963836,10.0,3.0,177.628,130.52
27521,2026-08-24 10:34:54.536,-1,EMA8,7668.25,LATER,False,False,TARGET,5.0,1,1,1.5,1.3284923177154024,2.0,3.0,65.252,73.676
27654,2026-08-24 12:50:00.032,-1,EMA50,7672.75,LATER,True,True,TARGET,13.0,1,1,,,,,,
27671,2026-08-24 12:56:03.724,-1,EMA50,7670.75,LATER,True,False,STOP,10.0,2,1,2.3333333333333335,0.04779639975170701,3.0,7.0,0.748,36.516
27732,2026-08-24 15:05:27.640,1,EMA24,7675.0,LATER,False,False,TARGET,9.0,3,1,4.5,1.1178483039743778,2.0,9.0,40.952,164.856
27739,2026-08-24 15:32:01.476,1,EMA50,7674.5,LATER,False,False,TARGET,11.0,1,1,1.0,0.8856933151860218,4.0,4.0,497.168,561.332
27762,2026-08-24 17:01:36.504,-1,EMA8,7669.25,LATER,False,False,TARGET,5.0,1,2,0.5,0.7730004005875283,8.0,4.0,46.312,29.956
27767,2026-08-24 17:07:53.556,-1,EMA8,7668.5,LATER,False,False,TARGET,,1,2,0.2857142857142857,0.32999959687320196,7.0,2.0,180.092,155.924
27805,2026-08-24 17:45:30.472,1,EMA8,7673.0,LATER,False,False,TARGET,,1,1,1.0,0.28471316031124644,3.0,3.0,23.564,82.764
27810,2026-08-24 17:50:50.668,1,EMA8,7674.5,LATER,False,False,TARGET,,2,3,0.5714285714285714,0.2719432023933909,7.0,4.0,83.808,176.104
27813,2026-08-24 17:57:41.476,1,EMA8,7675.25,LATER,False,False,STOP,2.0,1,2,0.25,0.5218748967385918,4.0,1.0,252.696,121.052
27816,2026-08-24 18:04:16.772,1,EMA24,7673.75,LATER,False,False,TARGET,8.0,2,1,2.0,1.5708075209216388,3.0,6.0,115.624,147.216
27840,2026-08-24 18:32:51.476,1,EMA50,7674.0,LATER,False,False,TARGET,7.0,1,1,,,,,,
27854,2026-08-24 18:53:24.988,1,EMA24,7675.25,LATER,False,False,STOP,7.0,2,2,1.0,1.2651738448227823,5.0,5.0,345.104,272.772
27856,2026-08-24 19:00:46.468,1,EMA50,7674.5,LATER,False,False,STOP,8.0,1,1,1.0,0.12300985231135608,3.0,3.0,25.62,208.276
27869,2026-08-24 19:25:22.228,-1,EMA50,7671.25,LATER,False,False,TARGET,,1,2,1.6666666666666667,26.25085207907294,3.0,5.0,308.08,19.56
27875,2026-08-24 19:30:49.844,-1,EMA50,7671.25,LATER,False,False,STOP,11.0,3,3,1.4285714285714286,0.641499224790069,7.0,10.0,73.98,164.748
27914,2026-08-24 20:15:32.988,1,EMA8,7675.75,LATER,False,False,TARGET,6.0,1,1,,,,,,
27918,2026-08-24 20:26:14.360,1,EMA8,7676.5,LATER,False,False,TARGET,,1,3,0.5714285714285714,1.0410042517274045,7.0,4.0,463.732,254.552
27927,2026-08-24 20:53:46.108,1,EMA50,7674.75,LATER,False,False,TARGET,16.0,3,1,6.5,2.757277688925864,2.0,13.0,236.588,557.732
27985,2026-08-24 23:34:14.604,1,EMA8,7686.0,LATER,False,False,TARGET,6.0,1,2,0.5714285714285714,6.117422434367541,7.0,4.0,179.424,16.76
27988,2026-08-24 23:40:52.692,1,EMA24,7685.0,LATER,False,False,TARGET,10.0,2,1,2.0,0.38423409973126305,3.0,6.0,51.472,267.92
28004,2026-08-25 00:14:24.244,1,EMA24,7688.75,LATER,False,False,STOP,16.0,4,2,2.375,0.9993359881390531,8.0,19.0,225.908,536.888
28055,2026-08-25 01:23:48.332,1,EMA8,7688.0,LATER,False,True,TARGET,7.0,1,1,1.0,1.2495046486816035,2.0,2.0,32.792,26.244
28067,2026-08-25 01:23:52.804,1,EMA8,7693.5,LATER,False,True,TARGET,,3,1,2.25,0.1708860759493671,4.0,9.0,0.072,0.948
28089,2026-08-25 01:24:37.168,1,EMA8,7695.25,LATER,False,True,TARGET,,1,4,0.36363636363636365,4.28882122662027,11.0,4.0,9.86,0.836
28103,2026-08-25 01:25:09.908,1,EMA24,7697.0,LATER,False,False,STOP,12.0,1,1,3.0,6.647058823529413,1.0,3.0,2.712,1.224
28169,2026-08-25 02:11:26.940,1,EMA8,7698.75,LATER,False,False,TARGET,,1,1,0.5,0.36564692896002526,4.0,2.0,37.1,50.732
28177,2026-08-25 02:28:33.740,1,EMA24,7698.75,LATER,False,False,TARGET,9.0,2,4,1.25,1.708876545562568,8.0,10.0,487.82,356.828
28196,2026-08-25 02:34:49.472,1,EMA8,7708.5,LATER,False,False,STOP,5.0,1,1,1.0,5.74279379157428,4.0,4.0,10.36,1.804
28204,2026-08-25 02:36:18.380,1,EMA24,7707.25,LATER,False,False,STOP,10.0,2,1,1.0,0.47372400756143673,4.0,4.0,15.036,31.74
28265,2026-08-25 03:57:53.428,-1,EMA8,7701.5,LATER,False,False,TARGET,6.0,1,1,0.6666666666666666,1.3926703402431557,3.0,2.0,159.224,76.22
28267,2026-08-25 04:00:04.900,-1,EMA8,7701.5,LATER,False,False,TARGET,6.0,1,1,0.75,0.4314267756128221,4.0,3.0,73.216,127.28
28313,2026-08-25 04:58:00.212,1,EMA8,7704.25,LATER,False,False,TARGET,10.0,1,1,1.3333333333333333,0.9016124565999958,3.0,4.0,42.328,62.596
28318,2026-08-25 05:03:53.548,1,EMA50,7702.75,LATER,False,False,TARGET,12.0,3,2,1.8,2.2306810236330583,5.0,9.0,248.136,200.228
28373,2026-08-25 06:11:19.060,-1,EMA50,7698.25,LATER,False,False,TARGET,11.0,3,2,1.5,0.7597360450021636,6.0,9.0,74.912,147.904
28408,2026-08-25 06:30:13.576,-1,EMA8,7694.75,LATER,False,False,STOP,8.0,1,1,0.75,0.5877926421404681,4.0,3.0,2.812,3.588
28542,2026-08-25 06:57:05.816,-1,EMA8,7691.0,LATER,False,False,TARGET,6.0,1,1,,,,,,
28551,2026-08-25 06:59:41.008,-1,EMA8,7688.75,LATER,False,False,TARGET,,1,1,0.75,1.8084866365845194,4.0,3.0,27.788,11.524
28553,2026-08-25 07:00:05.964,-1,EMA8,7689.0,LATER,True,False,TARGET,3.0,1,1,1.3333333333333333,0.2344890510948905,3.0,4.0,3.084,17.536
28568,2026-08-25 07:03:45.636,-1,EMA24,7688.5,LATER,True,False,TARGET,,2,3,0.5,0.4455868396077191,14.0,7.0,22.536,25.288
28574,2026-08-25 07:05:59.660,-1,EMA24,7688.0,LATER,True,False,TARGET,10.0,3,3,0.7272727272727273,0.3916036399155268,11.0,8.0,50.716,94.188
28582,2026-08-25 07:08:25.876,-1,EMA8,7685.5,LATER,True,False,STOP,,1,2,0.5,0.5989990900818926,8.0,4.0,26.332,21.98
28645,2026-08-25 07:30:28.516,-1,EMA8,7671.25,LATER,True,True,TARGET,6.0,1,1,0.75,,4.0,3.0,0.088,0.0
28702,2026-08-25 07:31:24.300,1,EMA8,7677.75,LATER,True,False,TARGET,,1,2,1.0,2.2965879265091864,4.0,4.0,17.5,7.62
28715,2026-08-25 07:34:01.968,1,EMA8,7680.75,LATER,True,False,STOP,5.0,1,2,0.2,0.32390438247011955,5.0,1.0,19.512,12.048
28724,2026-08-25 07:36:06.064,1,EMA50,7678.5,LATER,True,False,TARGET,11.0,1,3,0.3,1.9647746243739568,10.0,3.0,31.384,4.792
28757,2026-08-25 07:48:17.324,-1,EMA50,7675.75,LATER,True,False,TARGET,4.0,1,3,0.5714285714285714,0.2813561196836458,7.0,4.0,25.436,51.66
28781,2026-08-25 08:00:56.256,1,EMA24,7679.0,LATER,False,False,TARGET,11.0,4,1,3.25,0.6859007918329952,4.0,13.0,25.8,122.248
28845,2026-08-25 08:33:57.108,1,EMA8,7689.0,LATER,False,False,STOP,,2,5,0.375,5.916612483745123,24.0,9.0,48.532,3.076
28858,2026-08-25 08:35:26.152,1,EMA24,7687.0,LATER,False,False,TARGET,12.0,3,5,0.5909090909090909,4.158075291143812,22.0,13.0,28.344,4.028
28864,2026-08-25 08:36:43.092,1,EMA50,7686.5,LATER,False,False,STOP,9.0,1,1,1.3333333333333333,4.623266645495924,3.0,4.0,43.676,12.596
28890,2026-08-25 08:52:58.348,-1,EMA24,7681.75,LATER,False,False,STOP,11.0,2,5,0.7,1.2936361899910864,10.0,7.0,232.204,125.648
28912,2026-08-25 09:10:34.308,1,EMA24,7687.75,LATER,False,False,TARGET,8.0,3,1,2.0,0.42527140236950384,4.0,8.0,34.316,161.384
28929,2026-08-25 09:37:19.204,1,EMA24,7690.25,LATER,False,False,TARGET,7.0,3,1,7.0,2.418127532522926,1.0,7.0,129.584,375.12
28977,2026-08-25 10:19:25.728,-1,EMA24,7685.25,LATER,False,False,TARGET,11.0,1,2,1.0,1.1299849645593185,1.0,1.0,126.26,111.736
28979,2026-08-25 10:20:22.088,-1,EMA50,7686.25,LATER,False,False,TARGET,15.0,1,1,1.0,4.712016781540306,4.0,4.0,62.896,13.348
28987,2026-08-25 10:30:37.544,-1,EMA8,7680.75,LATER,False,False,STOP,,1,7,0.15384615384615385,1.4848321518542387,26.0,4.0,506.892,52.52
28989,2026-08-25 10:33:10.120,-1,EMA8,7681.5,LATER,False,False,STOP,8.0,1,1,,,,,,
28993,2026-08-25 10:40:20.048,-1,EMA24,7682.0,LATER,False,False,STOP,10.0,2,2,2.5,1.8001228073086943,2.0,5.0,173.552,241.028
29035,2026-08-25 11:59:02.464,1,EMA8,7689.75,LATER,True,False,TARGET,9.0,1,2,,,,,,
29152,2026-08-25 16:59:53.148,-1,EMA8,7682.25,LATER,False,False,TARGET,6.0,1,1,1.0,1.1603704606385574,4.0,4.0,38.088,32.824
29154,2026-08-25 17:00:25.012,-1,EMA8,7681.75,LATER,False,False,TARGET,4.0,1,1,0.5,13.304798255179938,2.0,1.0,292.812,11.004
29166,2026-08-25 17:05:33.424,-1,EMA24,7682.0,LATER,False,False,TARGET,10.0,2,2,1.0,0.8124694077337248,5.0,5.0,53.116,65.376
29193,2026-08-25 17:39:48.504,-1,EMA8,7677.5,LATER,False,False,TARGET,,1,1,1.0,4.765473684210526,4.0,4.0,45.272,9.5
29210,2026-08-25 18:12:23.544,-1,EMA24,7677.0,LATER,False,False,TARGET,13.0,1,1,0.6666666666666666,0.5841259727847815,3.0,2.0,154.02,175.784
29219,2026-08-25 18:33:05.220,-1,EMA8,7673.0,LATER,False,False,TARGET,,1,4,0.2727272727272727,1.659734402405412,11.0,3.0,582.912,95.784
29258,2026-08-25 20:12:01.340,1,EMA8,7686.25,LATER,False,False,TARGET,4.0,1,1,1.0,2.673087002096436,3.0,3.0,81.604,30.528
29271,2026-08-25 21:03:21.448,1,EMA8,7690.25,LATER,False,False,TARGET,,2,6,0.20833333333333334,0.477901475806037,24.0,5.0,1249.08,544.516
29274,2026-08-25 21:10:21.920,1,EMA8,7691.0,LATER,False,False,STOP,4.0,1,2,0.5,0.7465511219767748,6.0,3.0,273.608,183.248
29276,2026-08-25 21:21:54.476,1,EMA8,7690.75,LATER,False,False,STOP,5.0,1,1,1.0,2.9373168851195066,2.0,2.0,152.388,51.88
29329,2026-08-25 23:29:42.092,-1,EMA50,7682.75,LATER,False,False,TARGET,8.0,2,2,2.0,12.733806292412092,4.0,8.0,330.264,51.872
29353,2026-08-26 00:03:43.788,1,EMA50,7686.75,LATER,False,False,TARGET,10.0,3,1,9.0,0.4027819101457899,1.0,9.0,7.22,161.328
29399,2026-08-26 01:06:18.372,1,EMA8,7687.5,LATER,False,False,TARGET,6.0,1,3,0.18181818181818182,0.49818894364942695,11.0,2.0,117.46,42.868
29402,2026-08-26 01:09:11.748,1,EMA8,7688.5,LATER,False,False,TARGET,2.0,1,2,1.0,7.522902310498582,4.0,4.0,74.236,9.868
29426,2026-08-26 01:38:23.444,1,EMA8,7689.25,LATER,False,False,TARGET,,1,4,0.23076923076923078,0.8675249933252246,13.0,3.0,194.956,51.86
29495,2026-08-26 04:11:32.924,1,EMA50,7688.25,LATER,False,False,TARGET,11.0,3,3,1.0909090909090908,0.3657142645866705,11.0,12.0,131.884,393.404
29519,2026-08-26 04:46:02.196,-1,EMA8,7685.5,LATER,False,False,TARGET,14.0,2,1,2.6666666666666665,0.6915665259283317,3.0,8.0,44.716,172.424
29530,2026-08-26 04:56:25.940,-1,EMA50,7686.5,LATER,False,False,NONE,14.0,1,1,0.75,0.6037562915553346,4.0,3.0,51.82,64.372
29597,2026-08-26 05:32:10.236,-1,EMA8,7684.5,LATER,False,False,TARGET,,1,2,0.1111111111111111,0.08143176733780762,9.0,1.0,6.552,8.94
29602,2026-08-26 05:33:20.584,-1,EMA8,7683.25,LATER,False,False,TARGET,2.0,1,1,1.3333333333333333,1.2537737524418398,3.0,4.0,7.06,7.508
29606,2026-08-26 05:33:47.340,-1,EMA8,7683.25,LATER,False,False,TARGET,5.0,1,1,4.0,1.8489021213248977,1.0,4.0,4.968,10.748
29609,2026-08-26 05:34:50.136,-1,EMA24,7684.25,LATER,False,False,TARGET,9.0,2,1,2.3333333333333335,0.3791598044597809,3.0,7.0,8.288,51.004
29623,2026-08-26 05:39:47.836,-1,EMA8,7681.25,LATER,False,False,STOP,6.0,1,1,0.5,0.14774862551325774,4.0,2.0,16.984,57.476
29658,2026-08-26 05:54:41.176,-1,EMA8,7678.0,LATER,False,False,STOP,,1,2,0.3333333333333333,0.1268613974799542,6.0,2.0,1.772,4.656
29670,2026-08-26 05:58:33.284,-1,EMA50,7679.75,LATER,False,False,TARGET,10.0,1,2,0.42857142857142855,1.477375843041079,7.0,3.0,32.128,9.32
29751,2026-08-26 06:33:03.000,1,EMA24,7685.5,LATER,True,False,TARGET,10.0,2,1,1.5,2.0934329951948745,4.0,6.0,10.456,7.492
29764,2026-08-26 06:34:43.184,1,EMA8,7688.75,LATER,True,False,TARGET,,1,6,0.16666666666666666,0.9420323685029568,18.0,3.0,48.428,8.568
29767,2026-08-26 06:35:01.308,1,EMA8,7689.5,LATER,True,False,STOP,,1,2,0.4,0.9106424717999019,5.0,2.0,18.568,8.156
29802,2026-08-26 06:39:26.060,1,EMA24,7688.0,LATER,True,False,TARGET,11.0,3,2,1.2857142857142858,0.8337328505125721,7.0,9.0,21.796,33.612
29835,2026-08-26 06:43:43.896,1,EMA8,7696.5,LATER,True,False,TARGET,5.0,1,1,3.0,0.6505681818181819,1.0,3.0,0.916,4.224
29837,2026-08-26 06:44:02.284,1,EMA8,7696.0,LATER,True,False,TARGET,7.0,1,1,2.0,4.367965367965367,2.0,4.0,4.036,1.848
29845,2026-08-26 06:45:46.288,1,EMA8,7697.0,LATER,False,False,TARGET,5.0,1,2,0.5,1.682852386237514,6.0,3.0,24.26,7.208
29895,2026-08-26 06:59:37.916,1,EMA24,7699.0,LATER,False,False,TARGET,9.0,2,1,1.5,0.3623258985097887,4.0,6.0,9.92,41.068
29900,2026-08-26 07:00:17.256,1,EMA24,7699.75,LATER,True,False,TARGET,,2,3,0.8333333333333334,2.757559047881629,12.0,10.0,48.008,14.508
29904,2026-08-26 07:02:09.948,1,EMA24,7700.0,LATER,True,False,TARGET,6.0,2,2,0.625,0.22641153652754833,8.0,5.0,20.172,55.684
29910,2026-08-26 07:05:35.964,1,EMA24,7700.5,LATER,True,False,TARGET,,2,2,1.0,2.356359015825344,7.0,7.0,81.596,34.628
29935,2026-08-26 07:15:28.088,-1,EMA8,7693.75,LATER,True,False,TARGET,2.0,1,2,0.5,0.8791055206149546,6.0,3.0,40.256,22.896
29941,2026-08-26 07:18:26.280,-1,EMA24,7694.75,LATER,True,False,TARGET,11.0,1,1,,,,,,
29954,2026-08-26 07:23:51.400,-1,EMA8,7689.5,LATER,True,False,TARGET,,2,3,0.5833333333333334,0.6248398120461341,12.0,7.0,70.212,65.548
29979,2026-08-26 07:32:17.356,-1,EMA8,7682.25,LATER,True,False,STOP,7.0,1,3,0.5,3.2954168050481565,8.0,4.0,79.38,12.044
30019,2026-08-26 07:54:49.608,1,EMA8,7689.5,LATER,True,False,TARGET,,2,7,0.23809523809523808,0.4799930450033641,21.0,5.0,253.972,125.98
30026,2026-08-26 07:59:54.072,1,EMA8,7690.5,LATER,True,False,TARGET,4.0,1,4,0.4444444444444444,0.8779336642923952,9.0,4.0,183.036,92.66
30038,2026-08-26 08:07:05.068,1,EMA8,7696.0,LATER,False,False,STOP,3.0,1,3,0.5714285714285714,3.814228021124573,7.0,4.0,171.892,25.752
30093,2026-08-26 08:36:08.136,-1,EMA8,7685.5,LATER,False,False,STOP,8.0,1,1,1.0,3.528969957081545,4.0,4.0,26.312,7.456
30134,2026-08-26 08:52:55.756,-1,EMA50,7688.0,LATER,False,False,TARGET,6.0,2,1,2.5,2.188429506246282,2.0,5.0,11.772,13.448
30162,2026-08-26 09:06:38.444,-1,EMA24,7684.25,LATER,False,False,TARGET,11.0,2,1,2.0,0.15414601548142787,3.0,6.0,5.536,71.828
30210,2026-08-26 09:49:10.648,-1,EMA24,7674.5,LATER,False,False,TARGET,13.0,4,1,7.0,3.323089606549921,2.0,14.0,66.796,140.704
30214,2026-08-26 09:51:29.068,-1,EMA24,7674.25,LATER,False,False,TARGET,12.0,2,2,0.6666666666666666,0.5784303443453942,9.0,6.0,66.184,76.28
30240,2026-08-26 10:14:33.716,1,EMA8,7683.5,LATER,False,False,TARGET,,1,2,0.8,5.607129313613956,5.0,4.0,147.86,21.096
30256,2026-08-26 10:34:36.948,1,EMA8,7689.0,LATER,False,False,TARGET,,1,1,0.3333333333333333,0.3135996608275038,3.0,1.0,65.092,69.188
30259,2026-08-26 10:38:37.076,1,EMA8,7690.0,LATER,False,False,STOP,,1,2,0.6,3.293696419566314,5.0,3.0,261.256,47.592
30261,2026-08-26 10:41:49.556,1,EMA8,7689.5,LATER,False,False,STOP,5.0,1,1,2.0,7.236224363726217,2.0,4.0,117.14,32.376
30316,2026-08-26 11:52:20.032,1,EMA8,7695.5,LATER,True,False,TARGET,5.0,1,1,4.0,34.19896562214785,1.0,4.0,112.412,13.148
30321,2026-08-26 11:57:24.740,1,EMA8,7696.75,LATER,True,False,TARGET,,2,3,0.5833333333333334,0.7598831850605113,12.0,7.0,173.368,133.088
30345,2026-08-26 12:15:07.732,1,EMA24,7702.25,LATER,True,False,TARGET,13.0,2,2,1.0,2.3353436807095345,4.0,4.0,210.648,90.2
30416,2026-08-26 12:59:55.268,-1,EMA24,7691.0,LATER,True,False,TARGET,,3,1,4.0,0.6965399886557005,4.0,16.0,1.228,7.052
30424,2026-08-26 13:00:25.928,-1,EMA50,7692.25,LATER,False,True,TARGET,13.0,1,1,0.3333333333333333,0.09605640008812515,3.0,1.0,1.744,6.052
30445,2026-08-26 13:05:00.264,1,EMA8,7701.25,LATER,False,False,TARGET,,2,6,0.2631578947368421,1.1642077651503264,19.0,5.0,148.416,33.548
30457,2026-08-26 13:12:58.864,1,EMA8,7702.5,LATER,False,False,TARGET,4.0,1,2,1.0,2.1763035866376454,3.0,3.0,91.988,42.268
30469,2026-08-26 13:19:22.776,1,EMA8,7705.5,LATER,False,False,TARGET,,2,4,0.42105263157894735,2.17709414381023,19.0,8.0,117.476,22.72
30475,2026-08-26 13:19:57.048,1,EMA8,7706.75,LATER,False,False,STOP,2.0,1,1,0.0,0.0,3.0,0.0,5.164,0.9
30527,2026-08-26 13:20:28.608,1,EMA50,7702.75,LATER,False,False,TARGET,6.0,3,2,2.0,0.2823529411764706,4.0,8.0,0.24,1.7
30551,2026-08-26 13:21:12.040,-1,EMA24,7698.25,LATER,False,False,TARGET,9.0,3,1,3.3333333333333335,0.042138913106655046,3.0,10.0,0.116,9.176
30585,2026-08-26 13:23:10.052,-1,EMA50,7693.5,LATER,False,False,STOP,9.0,1,1,2.0,1.6858974358974361,2.0,4.0,1.052,1.248
30596,2026-08-26 13:24:08.456,1,EMA8,7698.75,LATER,False,False,TARGET,,1,3,0.23076923076923078,0.7572562800989198,13.0,3.0,23.272,7.092
30603,2026-08-26 13:25:05.496,1,EMA8,7699.25,LATER,False,False,TARGET,7.0,1,1,1.5,1.4070175438596495,2.0,3.0,3.208,3.42
30642,2026-08-26 13:34:56.208,-1,EMA24,7694.75,LATER,False,False,STOP,,2,3,1.25,5.840918183636727,8.0,10.0,93.436,19.996
30662,2026-08-26 13:52:45.556,1,EMA8,7703.0,LATER,False,False,TARGET,,2,8,0.21875,2.0825427752845007,32.0,7.0,475.172,49.912
30717,2026-08-26 15:04:41.564,1,EMA8,7732.25,LATER,False,False,TARGET,7.0,1,1,1.5,3.644028103044496,2.0,3.0,12.448,5.124
30756,2026-08-26 15:29:07.328,1,EMA8,7738.0,LATER,False,False,TARGET,3.0,1,2,0.5,1.7001117942984907,4.0,2.0,145.992,42.936
30811,2026-08-26 17:22:36.112,-1,EMA8,7730.25,LATER,False,False,STOP,,1,2,0.5,2.591877794336811,6.0,3.0,139.132,26.84
30837,2026-08-26 17:53:34.576,-1,EMA8,7716.0,LATER,False,False,TARGET,,1,2,0.3333333333333333,0.7744630683274387,6.0,2.0,60.436,26.012
30841,2026-08-26 17:58:33.244,-1,EMA8,7716.25,LATER,False,False,TARGET,6.0,1,1,0.6666666666666666,11.082581076563024,3.0,2.0,132.592,7.976
30845,2026-08-26 18:00:59.172,-1,EMA8,7715.25,LATER,False,False,STOP,2.0,1,1,0.5,2.133191015407463,2.0,1.0,91.932,21.548
30847,2026-08-26 18:01:46.440,-1,EMA8,7715.5,LATER,False,False,STOP,3.0,1,1,0.75,0.2849938875305623,4.0,3.0,7.46,19.632
30851,2026-08-26 18:02:48.736,-1,EMA24,7717.25,LATER,False,False,TARGET,11.0,3,1,4.5,2.7779217298070047,2.0,9.0,27.636,44.768
30894,2026-08-26 19:00:27.188,1,EMA8,7725.25,LATER,False,False,TARGET,7.0,3,1,1.75,0.29747961452928096,4.0,7.0,64.208,377.72
30897,2026-08-26 19:07:50.584,1,EMA8,7725.5,LATER,False,False,TARGET,6.0,1,2,0.5,1.8715791216067093,8.0,4.0,271.364,72.496
30905,2026-08-26 19:44:44.644,1,EMA8,7727.5,LATER,False,False,TARGET,,1,1,0.75,0.6033506731946144,4.0,3.0,105.16,130.72
30909,2026-08-26 20:03:00.972,1,EMA8,7728.75,LATER,False,False,STOP,,2,2,0.8,0.8891455506044121,5.0,4.0,569.68,512.564
30920,2026-08-26 20:50:11.396,1,EMA24,7728.25,LATER,False,False,STOP,10.0,3,1,4.5,0.5224458523918539,2.0,9.0,101.224,871.876
30972,2026-08-26 22:55:43.032,-1,EMA8,7711.0,LATER,False,False,TARGET,3.0,1,1,0.0,-0.0,2.0,-0.0,177.12,35.312
30974,2026-08-26 23:00:47.720,-1,EMA8,7711.25,LATER,False,False,TARGET,4.0,1,1,0.75,0.9720515308322553,4.0,3.0,144.268,111.312
31035,2026-08-27 00:38:22.528,1,EMA50,7718.5,LATER,False,False,STOP,12.0,3,1,4.333333333333333,0.6477261253556178,3.0,13.0,33.556,224.492
31070,2026-08-27 01:23:22.900,1,EMA24,7728.25,LATER,False,False,TARGET,19.0,1,1,1.0,0.22190574831693421,3.0,3.0,20.568,92.688
31118,2026-08-27 02:06:44.124,-1,EMA8,7722.25,LATER,False,False,STOP,,2,3,0.625,2.2102249899558055,8.0,5.0,176.04,49.78
31121,2026-08-27 02:11:25.768,-1,EMA24,7724.25,LATER,False,False,TARGET,13.0,2,1,3.0,0.3346338807730696,3.0,9.0,14.752,132.252
31123,2026-08-27 02:12:45.936,-1,EMA24,7724.25,LATER,False,False,TARGET,13.0,1,1,3.0,26.56330014224751,1.0,3.0,149.392,16.872
31162,2026-08-27 03:19:17.976,-1,EMA24,7722.75,LATER,False,False,TARGET,8.0,2,2,0.8333333333333334,0.6691879604953754,6.0,5.0,122.94,153.096
31170,2026-08-27 03:39:36.104,-1,EMA8,7719.25,LATER,False,False,STOP,,1,2,0.3333333333333333,2.3946820926574315,9.0,3.0,377.536,52.552
31201,2026-08-27 04:22:05.156,1,EMA24,7726.75,LATER,False,False,STOP,12.0,2,1,4.5,1.5790894722978315,2.0,9.0,63.944,182.224
31203,2026-08-27 04:25:37.264,1,EMA24,7726.25,LATER,False,False,STOP,14.0,1,1,,,,,,
31212,2026-08-27 04:31:41.244,-1,EMA8,7722.0,LATER,False,True,STOP,9.0,2,3,0.5384615384615384,1.5471026770586245,13.0,7.0,146.096,50.848
31234,2026-08-27 04:42:29.836,-1,EMA8,7719.5,LATER,False,False,TARGET,6.0,1,1,,,,,,
31274,2026-08-27 05:22:25.684,1,EMA50,7723.5,LATER,False,False,TARGET,6.0,1,1,1.3333333333333333,1.682578539371685,3.0,4.0,20.62,16.34
31306,2026-08-27 05:51:30.760,-1,EMA8,7712.0,LATER,False,False,TARGET,,1,2,0.5714285714285714,0.6361273554256011,7.0,4.0,54.824,49.248
31325,2026-08-27 06:08:01.532,-1,EMA50,7714.25,LATER,False,False,TARGET,15.0,1,1,2.0,2.2801066508665384,2.0,4.0,61.572,54.008
31456,2026-08-27 06:37:47.704,-1,EMA50,7708.0,LATER,True,False,TARGET,13.0,3,1,4.666666666666667,0.6651734202131271,3.0,14.0,2.8,19.644
31497,2026-08-27 06:43:34.728,1,EMA8,7716.75,LATER,True,False,TARGET,9.0,1,1,0.75,0.3498303167420815,4.0,3.0,4.948,10.608
31501,2026-08-27 06:44:04.728,1,EMA8,7717.25,LATER,True,True,TARGET,7.0,1,1,0.5,0.5502183406113537,2.0,1.0,8.064,7.328
31524,2026-08-27 06:46:34.316,1,EMA8,7727.5,LATER,False,False,STOP,,1,7,0.2,1.4823104693140794,20.0,4.0,49.272,6.648
31543,2026-08-27 06:47:54.408,-1,EMA8,7713.0,LATER,False,False,STOP,,1,1,1.0,1.3360588716271462,3.0,3.0,6.536,4.892
31545,2026-08-27 06:48:04.308,-1,EMA8,7713.75,LATER,False,False,TARGET,,1,1,,,,,,
31580,2026-08-27 06:52:28.104,1,EMA8,7721.25,LATER,False,False,TARGET,,1,2,0.5714285714285714,2.212106537530266,7.0,4.0,22.84,5.9
31593,2026-08-27 06:53:52.272,1,EMA8,7723.0,LATER,False,False,TARGET,,2,7,0.5,1.255644852659778,10.0,5.0,52.496,20.904
31597,2026-08-27 06:54:44.140,1,EMA8,7724.0,LATER,False,False,STOP,,2,2,0.5,0.9226158763985083,10.0,5.0,27.708,15.016
31599,2026-08-27 06:55:03.336,1,EMA8,7723.75,LATER,False,False,STOP,7.0,1,1,1.0,0.8851040821843742,3.0,3.0,13.096,14.796
31677,2026-08-27 07:01:42.060,1,EMA8,7718.25,LATER,True,False,STOP,,1,4,0.3333333333333333,2.241255605381166,12.0,4.0,29.988,4.46
31682,2026-08-27 07:02:17.404,1,EMA24,7717.75,LATER,True,False,TARGET,7.0,2,1,2.0,0.5424325381306219,2.0,4.0,5.548,20.456
31700,2026-08-27 07:04:47.928,1,EMA24,7719.5,LATER,True,False,TARGET,9.0,3,3,0.7272727272727273,0.21884343787772761,11.0,8.0,10.32,34.296
31706,2026-08-27 07:05:40.492,1,EMA8,7721.5,LATER,True,False,STOP,,1,3,0.3076923076923077,3.2716832156956572,13.0,4.0,27.348,2.572
31722,2026-08-27 07:07:27.932,-1,EMA8,7714.25,LATER,True,False,STOP,9.0,3,4,0.6875,0.7408433734939759,16.0,11.0,17.888,16.6
31729,2026-08-27 07:08:22.492,-1,EMA50,7715.5,LATER,True,False,TARGET,14.0,1,2,0.16666666666666666,0.37695207323640284,6.0,1.0,16.8,7.428
31760,2026-08-27 07:13:25.644,1,EMA50,7719.25,LATER,True,False,TARGET,6.0,1,1,1.0,0.4166417240347201,4.0,4.0,5.568,13.364
31773,2026-08-27 07:16:48.264,1,EMA24,7720.5,LATER,True,False,TARGET,,2,4,0.5,0.7930670339761248,16.0,8.0,69.092,43.56
31783,2026-08-27 07:20:02.780,1,EMA8,7723.5,LATER,True,False,TARGET,6.0,1,1,,,,,,
31790,2026-08-27 07:22:06.456,1,EMA24,7723.75,LATER,True,False,TARGET,11.0,3,4,0.9285714285714286,1.2167487684729064,14.0,13.0,73.872,56.376
31954,2026-08-27 08:20:13.584,1,EMA8,7741.75,LATER,False,False,STOP,,1,1,1.0,1.5123663101604279,3.0,3.0,36.2,23.936
31959,2026-08-27 08:23:44.856,1,EMA24,7740.5,LATER,False,False,STOP,,2,1,4.0,1.3914719716246433,2.0,8.0,36.092,103.752
31963,2026-08-27 08:26:04.420,1,EMA50,7738.25,LATER,False,False,STOP,13.0,3,1,3.6666666666666665,1.3228930246633381,3.0,11.0,34.972,96.932
31976,2026-08-27 08:32:10.244,-1,EMA8,7733.75,LATER,False,False,STOP,5.0,1,1,1.3333333333333333,0.8979441997063143,3.0,4.0,4.892,7.264
31994,2026-08-27 08:38:31.316,-1,EMA8,7731.5,LATER,False,False,TARGET,,1,1,1.0,1.0440752669944058,3.0,3.0,24.636,23.596
31996,2026-08-27 08:39:02.808,-1,EMA8,7731.25,LATER,False,False,TARGET,,1,1,0.6666666666666666,0.9824654622741764,3.0,2.0,22.188,15.056
32002,2026-08-27 08:40:27.264,-1,EMA8,7730.25,LATER,False,False,STOP,3.0,1,2,1.3333333333333333,5.625184456468274,3.0,4.0,34.308,8.132
32045,2026-08-27 08:57:44.420,1,EMA8,7738.25,LATER,False,False,TARGET,9.0,1,1,1.3333333333333333,16.477255779269203,3.0,4.0,88.384,7.152
32048,2026-08-27 09:00:39.556,1,EMA8,7739.0,LATER,False,False,TARGET,6.0,1,2,0.4444444444444444,0.1805448234413904,9.0,4.0,29.44,72.472
32058,2026-08-27 09:06:36.928,1,EMA24,7738.5,LATER,False,False,STOP,12.0,3,3,1.0833333333333333,1.124497043490431,12.0,13.0,118.668,114.324
32077,2026-08-27 09:19:30.564,1,EMA50,7738.25,LATER,False,False,STOP,13.0,2,1,2.0,0.5375728251209637,4.0,8.0,21.776,81.016
32175,2026-08-27 10:56:08.544,-1,EMA8,7744.5,LATER,False,False,TARGET,4.0,1,1,1.3333333333333333,3.2681212715534853,3.0,4.0,39.992,16.316
32192,2026-08-27 11:03:29.028,-1,EMA8,7738.75,LATER,True,False,TARGET,,1,2,0.6666666666666666,0.2886374746839864,6.0,4.0,16.532,38.184
32194,2026-08-27 11:04:11.016,-1,EMA8,7739.0,LATER,True,False,TARGET,6.0,1,1,,,,,,
32208,2026-08-27 11:12:07.420,-1,EMA8,7735.25,LATER,True,False,TARGET,,1,2,0.2857142857142857,0.4697122427859092,7.0,2.0,69.896,42.516
32211,2026-08-27 11:13:17.364,-1,EMA8,7734.75,LATER,True,False,TARGET,,1,2,0.75,3.639408528198074,4.0,3.0,70.556,14.54
32221,2026-08-27 11:16:20.984,-1,EMA8,7733.0,LATER,True,False,STOP,7.0,1,2,0.5,4.953488372093022,6.0,3.0,40.896,4.128
32245,2026-08-27 11:29:02.884,-1,EMA8,7726.25,LATER,True,False,TARGET,,2,11,0.19047619047619047,2.6604119628517355,42.0,8.0,364.096,26.068
32333,2026-08-27 12:15:41.932,1,EMA50,7731.5,LATER,True,False,TARGET,9.0,2,2,1.4,1.4627356873500172,5.0,7.0,85.336,81.676
32348,2026-08-27 12:26:08.756,1,EMA50,7731.25,LATER,True,False,TARGET,,1,1,2.0,3.2205748865355517,1.0,2.0,21.288,13.22
32378,2026-08-27 12:50:40.340,1,EMA24,7736.75,LATER,True,False,TARGET,12.0,3,1,5.0,0.6490106874638937,2.0,10.0,14.38,110.784
32393,2026-08-27 12:55:12.044,1,EMA8,7743.0,LATER,True,False,STOP,,2,4,0.5333333333333333,1.8446343779677115,15.0,8.0,63.128,18.252
32395,2026-08-27 12:55:30.552,1,EMA8,7742.75,LATER,True,False,TARGET,7.0,1,1,1.0,1.22078501338091,4.0,4.0,10.948,8.968
32397,2026-08-27 12:56:18.680,1,EMA24,7741.75,LATER,True,False,TARGET,11.0,1,1,1.3333333333333333,1.3205980066445182,3.0,4.0,9.54,9.632
32453,2026-08-27 13:59:25.744,-1,EMA8,7732.5,LATER,False,False,TARGET,,1,2,0.5714285714285714,4.730331948821309,7.0,4.0,849.596,102.632
32464,2026-08-27 15:02:38.244,-1,EMA8,7731.25,LATER,False,False,TARGET,,1,3,0.3333333333333333,5.4605923694779115,12.0,4.0,87.02,5.312
32471,2026-08-27 15:06:00.400,-1,EMA24,7731.5,LATER,False,False,STOP,14.0,3,4,1.0714285714285714,1.0600381446849092,14.0,15.0,64.028,64.716
32533,2026-08-27 18:27:10.020,1,EMA8,7738.75,LATER,False,False,TARGET,,2,4,0.46153846153846156,0.48249364261790867,13.0,6.0,967.788,925.756
32608,2026-08-27 23:24:42.556,-1,EMA50,7736.0,LATER,False,False,TARGET,20.0,3,1,,,,,,
32757,2026-08-28 04:41:39.284,1,EMA24+EMA50,7740.5,LATER,False,False,TARGET,12.0,3,2,1.625,0.7712905596975743,8.0,13.0,126.56,266.644
32782,2026-08-28 05:28:35.092,1,EMA8,7749.75,LATER,False,False,STOP,,2,8,0.32,0.8456113500152372,25.0,8.0,624.336,236.264
32801,2026-08-28 05:58:09.836,1,EMA8,7750.75,LATER,False,False,TARGET,3.0,1,1,2.0,2.8488643233439848,2.0,4.0,131.948,92.632
32813,2026-08-28 06:07:48.748,1,EMA24,7752.0,LATER,False,False,STOP,12.0,3,3,1.3333333333333333,0.5137544217234937,9.0,12.0,69.568,180.548
32815,2026-08-28 06:11:02.828,1,EMA24,7752.0,LATER,False,False,STOP,12.0,1,1,2.0,4.70876419732158,1.0,2.0,111.108,47.192
32898,2026-08-28 06:38:18.376,1,EMA24,7751.0,LATER,True,False,TARGET,11.0,1,1,2.0,3.144186046511628,2.0,4.0,9.464,6.02
32900,2026-08-28 06:39:16.380,1,EMA24,7750.75,LATER,True,False,TARGET,12.0,1,1,1.0,0.2336532693461308,3.0,3.0,6.232,26.672
32919,2026-08-28 06:44:57.920,1,EMA24,7755.25,LATER,True,False,STOP,10.0,2,2,0.8571428571428571,0.42338291248702864,7.0,6.0,28.56,57.82
32923,2026-08-28 06:45:41.320,1,EMA50,7752.5,LATER,False,False,TARGET,17.0,3,1,13.0,18.118003025718608,1.0,13.0,47.904,34.372
32948,2026-08-28 06:50:24.084,-1,EMA8,7749.5,LATER,False,False,TARGET,1.0,1,2,0.2857142857142857,1.5471521942110178,7.0,2.0,26.512,4.896
32957,2026-08-28 06:51:57.168,-1,EMA8,7747.25,LATER,False,False,NONE,,2,7,0.4375,3.318527304415182,16.0,7.0,78.34,10.328
32962,2026-08-28 06:53:20.536,-1,EMA8,7747.25,LATER,False,False,TARGET,3.0,1,2,1.0,2.2676611314382216,3.0,3.0,32.228,14.212
33012,2026-08-28 07:00:00.488,-1,EMA24,7743.75,LATER,True,True,NONE,8.0,1,1,1.0,,3.0,3.0,0.008,0.0
33143,2026-08-28 07:00:20.956,1,EMA8,7756.25,LATER,True,False,TARGET,,2,3,0.5454545454545454,1.0145030067209055,11.0,6.0,1.912,1.028
33145,2026-08-28 07:00:22.072,1,EMA8,7757.25,LATER,True,True,TARGET,1.0,1,1,0.0,0.0,3.0,0.0,0.412,0.588
33149,2026-08-28 07:00:23.412,1,EMA8,7758.5,LATER,True,False,STOP,,2,2,0.3,0.31588235294117645,10.0,3.0,0.716,0.68
33162,2026-08-28 07:00:32.000,1,EMA50,7755.0,LATER,True,False,TARGET,20.0,1,1,1.0,1.6764705882352942,4.0,4.0,0.456,0.272
33198,2026-08-28 07:01:49.600,-1,EMA8,7749.75,LATER,True,False,STOP,,2,4,0.42857142857142855,0.8689275893675528,14.0,6.0,8.848,4.364
33200,2026-08-28 07:01:51.768,-1,EMA8,7750.0,LATER,True,False,TARGET,6.0,1,1,1.0,2.7138364779874213,4.0,4.0,3.452,1.272
33202,2026-08-28 07:01:53.808,-1,EMA8,7749.75,LATER,True,False,STOP,5.0,1,1,1.0,1.5664335664335665,3.0,3.0,0.896,0.572
33205,2026-08-28 07:02:09.844,-1,EMA24,7751.0,LATER,True,False,TARGET,10.0,2,1,1.75,0.2267031415460642,4.0,7.0,1.468,11.332
33220,2026-08-28 07:02:57.652,-1,EMA50,7750.25,LATER,True,False,TARGET,19.0,1,1,,,,,,
33235,2026-08-28 07:03:52.036,-1,EMA8,7745.5,LATER,True,False,TARGET,,1,1,0.75,0.47490347490347484,4.0,3.0,1.968,3.108
33242,2026-08-28 07:04:17.184,-1,EMA8,7743.0,LATER,True,False,TARGET,,2,5,0.4375,0.7601673427991887,16.0,7.0,17.132,9.86
33284,2026-08-28 07:06:52.520,-1,EMA8,7736.75,LATER,True,False,TARGET,,1,1,1.0,1.5148148148148148,4.0,4.0,4.908,3.24
33290,2026-08-28 07:07:12.584,-1,EMA8,7735.75,LATER,True,False,STOP,,1,3,0.5,0.7156454491374182,8.0,4.0,9.624,6.724
33294,2026-08-28 07:07:30.536,-1,EMA24,7737.5,LATER,True,False,TARGET,10.0,3,1,2.0,0.2436926605504587,4.0,8.0,1.7,13.952
33338,2026-08-28 07:11:31.348,-1,EMA8,7736.0,LATER,True,False,TARGET,4.0,1,5,0.1875,1.105252968508002,16.0,3.0,45.672,7.748
33351,2026-08-28 07:12:54.552,-1,EMA24,7734.5,LATER,True,False,TARGET,10.0,3,3,1.1,1.467200832466181,10.0,11.0,25.636,19.22
33362,2026-08-28 07:14:03.996,-1,EMA8,7728.5,LATER,True,False,STOP,,2,7,0.22580645161290322,0.7659745910665842,31.0,7.0,48.888,14.412
33405,2026-08-28 07:18:31.644,1,EMA8,7741.25,LATER,True,False,TARGET,,2,11,0.24242424242424243,2.1517613069558346,33.0,8.0,83.044,9.356
33415,2026-08-28 07:19:43.604,1,EMA8,7745.0,LATER,True,False,TARGET,,2,4,0.5714285714285714,2.193943596856218,14.0,8.0,37.964,9.888
33494,2026-08-28 07:28:44.952,-1,EMA8,7736.5,LATER,True,False,STOP,6.0,1,1,,,,,,
33502,2026-08-28 07:29:32.816,-1,EMA50,7739.0,LATER,True,False,STOP,8.0,3,2,1.8333333333333333,1.580381189144396,6.0,11.0,16.644,19.308
33548,2026-08-28 07:32:23.584,1,EMA50,7741.75,LATER,True,False,TARGET,13.0,3,3,1.0,2.540810953133228,13.0,13.0,19.3,7.596
33566,2026-08-28 07:34:31.848,1,EMA8,7749.5,LATER,True,False,TARGET,,1,1,0.6666666666666666,0.12015702338282983,3.0,2.0,1.408,7.812
33568,2026-08-28 07:34:47.396,1,EMA8,7749.5,LATER,True,False,TARGET,5.0,1,1,,,,,,
33586,2026-08-28 07:37:43.952,1,EMA8,7752.75,LATER,True,False,TARGET,5.0,1,3,0.4,1.1601880877742947,10.0,4.0,44.412,15.312
33589,2026-08-28 07:38:14.104,1,EMA8,7753.75,LATER,True,True,TARGET,,1,2,0.5714285714285714,1.108994708994709,7.0,4.0,10.48,5.4
33598,2026-08-28 07:40:16.532,1,EMA24,7753.5,LATER,True,False,TARGET,8.0,3,1,6.0,0.839600023390445,1.0,6.0,9.572,68.404
33610,2026-08-28 07:42:52.428,1,EMA8,7758.25,LATER,True,False,TARGET,,1,3,0.4,7.13240997229917,10.0,4.0,51.496,2.888
33616,2026-08-28 07:43:56.116,1,EMA8,7759.5,LATER,True,False,TARGET,,2,2,0.75,0.2929845600359766,8.0,6.0,10.424,26.684
33627,2026-08-28 07:45:29.024,1,EMA8,7764.5,LATER,True,False,STOP,,1,1,1.5,0.48267326732673266,2.0,3.0,3.38,10.504
33631,2026-08-28 07:46:09.628,1,EMA24,7762.5,LATER,True,False,TARGET,10.0,3,1,2.5,1.0967849966510383,4.0,10.0,10.48,23.888
33637,2026-08-28 07:47:08.924,1,EMA8,7765.25,LATER,True,False,TARGET,,1,5,0.2857142857142857,1.894081432768994,14.0,4.0,54.148,8.168
33652,2026-08-28 07:51:32.292,1,EMA8,7769.75,LATER,True,False,TARGET,,2,5,0.23529411764705882,0.6112283248549863,17.0,4.0,99.368,38.252
33657,2026-08-28 07:52:30.424,1,EMA8,7770.75,LATER,True,False,TARGET,2.0,1,2,0.2,0.5129990993695587,5.0,1.0,34.176,13.324
33661,2026-08-28 07:53:12.428,1,EMA8,7771.5,LATER,True,False,TARGET,,1,3,0.5,2.98285536159601,8.0,4.0,38.276,6.416
33670,2026-08-28 07:55:47.512,1,EMA8,7775.5,LATER,True,False,TARGET,,2,1,1.75,0.2922198514303777,4.0,7.0,8.452,50.616
33676,2026-08-28 07:57:37.104,1,EMA8,7777.75,LATER,True,False,TARGET,,1,1,0.6666666666666666,0.3274284426414244,3.0,2.0,14.528,29.58
33793,2026-08-28 08:32:04.272,1,EMA50,7777.0,LATER,False,False,TARGET,11.0,1,1,1.0,0.5048780487804878,3.0,3.0,4.14,8.2
33841,2026-08-28 08:42:18.684,-1,EMA24,7761.0,LATER,False,False,TARGET,15.0,1,2,1.0,7.461656441717793,3.0,3.0,19.46,2.608
33857,2026-08-28 08:45:23.036,-1,EMA24,7758.25,LATER,False,False,TARGET,10.0,2,1,2.0,1.7642614280317341,4.0,8.0,9.34,10.588
33877,2026-08-28 08:49:02.052,-1,EMA8,7752.75,LATER,False,False,TARGET,,2,7,0.32,2.7869603524229074,25.0,8.0,79.08,9.08
33881,2026-08-28 08:49:42.348,-1,EMA8,7752.0,LATER,False,False,TARGET,,2,2,0.7777777777777778,0.9319096255029404,9.0,7.0,24.088,20.104
33886,2026-08-28 08:50:32.588,-1,EMA24,7753.0,LATER,False,False,TARGET,9.0,3,2,1.5,0.8052170409910364,8.0,12.0,21.32,39.716
33903,2026-08-28 08:52:56.872,-1,EMA8,7744.75,LATER,False,False,STOP,4.0,1,1,2.0,0.8038990825688074,2.0,4.0,2.804,6.976
33938,2026-08-28 08:57:40.180,-1,EMA8,7738.75,LATER,False,False,STOP,,2,2,0.75,0.08711770157553289,8.0,6.0,3.008,25.896
33976,2026-08-28 09:02:23.840,-1,EMA24,7737.0,LATER,False,False,TARGET,13.0,2,1,,,,,,
34072,2026-08-28 09:19:59.812,-1,EMA24,7730.75,LATER,False,False,TARGET,18.0,1,1,,,,,,
34085,2026-08-28 09:21:18.652,-1,EMA8,7726.25,LATER,False,False,STOP,,2,7,0.32,2.826518105849582,25.0,8.0,50.736,5.744
34091,2026-08-28 09:22:03.092,-1,EMA24,7728.0,LATER,False,False,TARGET,13.0,2,1,1.5,0.3823529411764706,4.0,6.0,5.252,20.604
34105,2026-08-28 09:23:44.820,-1,EMA24,7726.0,LATER,False,False,TARGET,5.0,2,2,1.6,3.7233138281490605,5.0,8.0,30.224,12.988
34161,2026-08-28 09:30:25.372,1,EMA50,7727.5,LATER,False,False,TARGET,,2,2,0.7777777777777778,0.25259815242494227,9.0,7.0,4.5,13.856
34173,2026-08-28 09:32:28.016,1,EMA8,7730.5,LATER,False,False,TARGET,4.0,1,2,0.5,0.6877476882430646,6.0,3.0,16.66,12.112
34196,2026-08-28 09:37:21.180,1,EMA8,7732.25,LATER,False,False,TARGET,8.0,2,8,0.16666666666666666,0.5310564003540108,30.0,5.0,105.608,33.144
34221,2026-08-28 09:42:26.384,-1,EMA8,7727.5,LATER,False,False,TARGET,6.0,1,2,0.42857142857142855,0.30185237159696887,7.0,3.0,14.34,20.36
34246,2026-08-28 09:47:25.096,1,EMA8,7733.0,LATER,False,False,TARGET,10.0,2,1,1.5,0.49300037835792654,4.0,6.0,10.424,31.716
34252,2026-08-28 09:48:29.544,1,EMA8,7733.25,LATER,False,False,TARGET,6.0,1,1,1.0,0.2838732772507607,3.0,3.0,6.344,22.348
34255,2026-08-28 09:49:00.668,1,EMA8,7734.25,LATER,False,False,STOP,2.0,1,2,0.4444444444444444,0.4052921203606136,9.0,4.0,17.308,18.98
34259,2026-08-28 09:49:58.672,1,EMA24,7732.75,LATER,False,False,STOP,10.0,3,1,2.6666666666666665,0.40191438731584717,3.0,8.0,7.516,49.868
34286,2026-08-28 09:56:01.664,-1,EMA8,7728.25,LATER,False,False,TARGET,4.0,1,1,0.75,0.12642829631531646,4.0,3.0,5.252,31.156
34294,2026-08-28 09:58:39.536,-1,EMA50,7729.0,LATER,False,False,TARGET,11.0,2,1,3.5,0.5934440496047575,2.0,7.0,9.352,55.156
34310,2026-08-28 10:01:25.500,-1,EMA8,7718.0,LATER,False,False,TARGET,,2,14,0.16,4.113254156769597,50.0,8.0,173.168,6.736
34350,2026-08-28 10:07:37.692,-1,EMA8,7715.0,LATER,False,False,TARGET,,2,1,2.0,2.1161113019580897,2.0,4.0,12.32,11.644
34352,2026-08-28 10:07:55.404,-1,EMA8,7715.5,LATER,False,False,TARGET,7.0,1,1,1.0,0.5159851301115241,4.0,4.0,5.552,10.76
34425,2026-08-28 10:23:18.352,-1,EMA24+EMA50,7717.75,LATER,False,False,TARGET,12.0,3,3,1.0,1.9043478260869566,13.0,13.0,47.304,24.84
34471,2026-08-28 10:37:54.468,1,EMA24+EMA50,7721.0,LATER,False,False,STOP,13.0,3,1,4.333333333333333,22.622018857459793,3.0,13.0,50.2,9.616
34504,2026-08-28 10:51:13.712,1,EMA8,7724.75,LATER,False,False,TARGET,,2,4,0.6153846153846154,0.635715504008187,13.0,8.0,93.18,90.2
34506,2026-08-28 10:51:39.344,1,EMA8,7724.5,LATER,False,False,TARGET,7.0,1,1,1.0,1.2820169567157518,4.0,4.0,11.492,8.964
34528,2026-08-28 11:01:55.176,1,EMA50,7723.75,LATER,True,False,TARGET,8.0,1,1,2.0,3.302325581395349,2.0,4.0,17.324,10.492
34537,2026-08-28 11:05:06.168,1,EMA24,7724.75,LATER,True,False,TARGET,10.0,3,2,2.5,2.015682956985749,4.0,10.0,49.56,61.468
34543,2026-08-28 11:07:14.452,1,EMA50,7724.5,LATER,True,False,TARGET,9.0,1,1,1.3333333333333333,1.7632241813602014,3.0,4.0,18.9,14.292
34597,2026-08-28 11:29:21.288,-1,EMA50,7720.75,LATER,True,False,TARGET,11.0,1,3,0.5714285714285714,1.5217248634354432,7.0,4.0,78.836,29.604
34607,2026-08-28 11:32:42.864,-1,EMA50,7720.5,LATER,True,False,STOP,6.0,1,2,0.8,2.4822060957910015,5.0,4.0,42.756,13.78
34661,2026-08-28 11:59:46.716,-1,EMA50,7716.0,LATER,True,False,TARGET,12.0,2,1,2.0,4.072318692543412,2.0,4.0,79.736,39.16
34688,2026-08-28 12:12:51.752,1,EMA8,7721.5,LATER,True,False,TARGET,7.0,2,1,2.0,0.33728283782801477,1.0,2.0,18.56,110.056
34691,2026-08-28 12:14:26.916,1,EMA24,7720.5,LATER,True,False,TARGET,7.0,2,1,1.75,0.13775973250537377,4.0,7.0,6.592,83.74
34704,2026-08-28 12:22:03.272,1,EMA8,7723.5,LATER,True,False,STOP,,1,5,0.2,3.0504953877690464,20.0,4.0,178.576,11.708
34709,2026-08-28 12:25:16.408,1,EMA24,7722.75,LATER,True,False,TARGET,8.0,1,1,1.0,2.362484157160963,1.0,1.0,37.28,15.78
34759,2026-08-28 12:50:25.512,1,EMA8,7726.0,LATER,True,False,STOP,5.0,1,2,0.4444444444444444,1.2278338945005614,9.0,4.0,8.752,3.168
34813,2026-08-28 12:59:58.116,-1,EMA8,7720.75,LATER,True,False,STOP,,2,3,0.5,0.5393939393939394,10.0,5.0,3.56,3.3
34826,2026-08-28 13:05:03.000,-1,EMA50,7721.75,LATER,False,False,TARGET,3.0,1,2,0.375,0.3222450786376419,8.0,3.0,99.004,115.212
34904,2026-08-30 15:03:33.796,-1,EMA8,7708.0,LATER,False,True,TARGET,5.0,1,2,0.375,3.0770547945205484,8.0,3.0,9.584,1.168
34960,2026-08-30 15:40:19.308,-1,EMA50,7708.75,LATER,False,False,TARGET,9.0,1,1,,,,,,
34969,2026-08-30 15:47:08.448,-1,EMA24,7707.75,LATER,False,False,TARGET,10.0,3,4,0.75,0.5282234957020058,16.0,12.0,132.732,188.46
35029,2026-08-30 16:48:22.080,-1,EMA8,7691.25,LATER,False,False,TARGET,2.0,1,1,2.0,5.5407949790794975,1.0,2.0,21.188,7.648
35034,2026-08-30 16:49:03.256,-1,EMA8,7690.0,LATER,False,False,TARGET,,1,4,0.3333333333333333,0.684572410829394,12.0,4.0,19.116,9.308
35054,2026-08-30 16:58:06.832,-1,EMA24,7691.0,LATER,False,False,TARGET,10.0,2,5,0.5333333333333333,0.6461553955385466,15.0,8.0,96.24,79.436
35064,2026-08-30 17:01:12.920,-1,EMA8,7688.0,LATER,False,False,TARGET,3.0,1,1,1.5,0.9440993788819876,2.0,3.0,9.728,15.456
35066,2026-08-30 17:01:29.832,-1,EMA8,7687.75,LATER,False,False,TARGET,2.0,1,1,0.6666666666666666,1.0455598455598456,3.0,2.0,16.248,10.36
35070,2026-08-30 17:02:11.128,-1,EMA8,7687.0,LATER,False,False,TARGET,,2,2,0.75,0.3651297625621204,8.0,6.0,10.58,21.732
35075,2026-08-30 17:05:58.420,-1,EMA8,7686.5,LATER,False,False,TARGET,5.0,1,1,2.0,1.4148123546994356,2.0,4.0,42.6,60.22
35103,2026-08-30 17:26:56.108,1,EMA8,7698.0,LATER,False,False,TARGET,,1,4,0.2,0.7442015407037268,15.0,3.0,285.952,76.848
35121,2026-08-30 17:52:45.728,1,EMA24,7700.75,LATER,False,False,STOP,10.0,1,1,1.0,11.64750602633043,4.0,4.0,251.26,21.572
35138,2026-08-30 18:02:20.672,-1,EMA8,7692.25,LATER,False,False,TARGET,,2,6,0.36,0.623881882497693,25.0,9.0,90.144,52.016
35144,2026-08-30 18:04:33.228,-1,EMA50,7694.25,LATER,False,False,TARGET,13.0,2,1,2.3333333333333335,2.346605410923941,3.0,7.0,18.388,18.284
35146,2026-08-30 18:05:06.100,-1,EMA50,7694.25,LATER,False,False,TARGET,8.0,1,1,2.0,7.30482686253935,2.0,4.0,55.692,15.248
35168,2026-08-30 18:15:14.424,-1,EMA24,7690.75,LATER,False,False,TARGET,17.0,3,1,12.0,3.8668128047167314,1.0,12.0,34.104,105.836
35357,2026-08-30 20:36:51.836,1,EMA24,7692.25,LATER,False,False,TARGET,11.0,3,2,2.0,1.6850693370757117,5.0,10.0,566.736,672.656
35366,2026-08-30 21:07:22.704,1,EMA50,7692.25,LATER,False,False,TARGET,5.0,1,1,2.0,2.339329805996472,2.0,4.0,132.64,113.4
35397,2026-08-30 22:12:53.224,1,EMA8,7703.0,LATER,False,False,TARGET,,2,4,0.375,0.48899649296992603,16.0,6.0,325.716,249.784
35407,2026-08-30 22:21:20.184,1,EMA8,7707.75,LATER,False,False,TARGET,12.0,3,7,0.45454545454545453,3.3623744701806224,33.0,15.0,611.78,82.704
35449,2026-08-30 23:30:57.216,1,EMA8,7708.75,LATER,False,False,TARGET,6.0,1,1,1.0,13.758898131733263,4.0,4.0,403.576,29.332
35457,2026-08-30 23:52:15.616,1,EMA8,7710.75,LATER,False,False,STOP,,2,2,0.7142857142857143,0.8017764283052884,7.0,5.0,277.16,246.916
35645,2026-08-31 04:40:25.364,-1,EMA24,7707.5,LATER,False,False,TARGET,11.0,3,5,0.5882352941176471,1.3978938074686775,17.0,10.0,481.32,202.54
35663,2026-08-31 05:04:53.200,-1,EMA24,7703.75,LATER,False,False,STOP,7.0,2,1,5.0,1.2287130591527917,1.0,5.0,41.444,168.648
35712,2026-08-31 05:12:27.288,1,EMA8,7704.5,LATER,False,False,TARGET,4.0,1,2,1.0,0.22919042189281644,4.0,4.0,9.648,42.096
35715,2026-08-31 05:15:05.692,1,EMA8,7705.5,LATER,False,False,TARGET,11.0,1,2,0.5,6.543281419775442,6.0,3.0,144.528,11.044
35737,2026-08-31 05:25:58.192,-1,EMA8,7696.5,LATER,False,False,STOP,5.0,1,1,,,,,,
35750,2026-08-31 05:29:45.428,-1,EMA50,7699.5,LATER,False,False,TARGET,17.0,1,2,0.6,1.7144312393887946,5.0,3.0,53.856,18.848
35781,2026-08-31 05:43:28.544,-1,EMA8,7693.25,LATER,False,False,TARGET,,1,1,1.0,0.6024182415385346,2.0,2.0,50.62,84.028
35828,2026-08-31 06:27:50.348,1,EMA8,7700.75,LATER,False,False,TARGET,,1,4,0.2,2.6734744707347446,15.0,3.0,128.808,9.636
35833,2026-08-31 06:28:33.908,1,EMA24,7700.25,LATER,False,False,TARGET,7.0,3,2,4.0,5.343283582089553,2.0,8.0,10.74,8.04
35836,2026-08-31 06:28:57.732,1,EMA8,7702.0,LATER,False,False,STOP,,1,2,0.2222222222222222,1.0590579011631645,9.0,2.0,32.96,6.916
35839,2026-08-31 06:29:48.068,1,EMA24,7701.0,LATER,False,False,TARGET,,2,1,2.6666666666666665,1.6927033108325298,3.0,8.0,10.532,16.592
35853,2026-08-31 06:30:24.948,1,EMA24,7702.0,LATER,False,False,STOP,,2,2,0.8888888888888888,0.4622902060760569,9.0,8.0,4.352,8.368
35857,2026-08-31 06:30:49.740,1,EMA50,7700.75,LATER,False,False,TARGET,13.0,3,1,4.5,1.8103448275862066,2.0,9.0,4.06,10.092
35869,2026-08-31 06:31:36.588,1,EMA50,7701.25,LATER,True,False,TARGET,12.0,1,1,0.75,2.2529761904761907,4.0,3.0,3.028,1.008
35902,2026-08-31 06:34:25.472,-1,EMA8,7692.5,LATER,True,False,TARGET,5.0,1,4,0.2222222222222222,0.6678189957009262,9.0,2.0,30.136,10.028
35905,2026-08-31 06:34:56.056,-1,EMA8,7691.75,LATER,True,False,TARGET,,1,2,0.6,1.6650154798761612,5.0,3.0,21.512,7.752
35930,2026-08-31 06:37:30.532,-1,EMA50,7690.5,LATER,True,False,TARGET,20.0,2,1,3.0,1.5483870967741935,2.0,6.0,5.76,11.16
35979,2026-08-31 06:43:55.208,-1,EMA8,7687.5,LATER,True,False,TARGET,,1,3,0.14285714285714285,0.6005923900660743,14.0,2.0,21.088,5.016
36025,2026-08-31 06:48:06.604,1,EMA8,7693.0,LATER,False,False,STOP,,1,3,0.4,0.46513931888544896,10.0,4.0,7.512,6.46
36088,2026-08-31 06:57:33.436,1,EMA50,7691.25,LATER,False,False,TARGET,16.0,3,1,3.3333333333333335,2.069377990430622,3.0,10.0,18.684,30.096
36124,2026-08-31 07:05:58.588,-1,EMA50,7687.75,LATER,True,False,TARGET,11.0,3,1,2.75,0.8495884773662551,4.0,11.0,16.516,53.46
36245,2026-08-31 07:41:20.552,1,EMA8,7686.0,LATER,True,False,TARGET,,1,4,0.3333333333333333,1.3497363796133566,9.0,3.0,101.376,25.036
36249,2026-08-31 07:42:27.436,1,EMA8,7687.25,LATER,True,False,TARGET,,1,3,0.4,1.220491153947716,10.0,4.0,46.22,15.148
36305,2026-08-31 08:00:56.384,1,EMA8,7691.25,LATER,False,False,STOP,,2,4,0.375,0.7072808018252933,16.0,6.0,46.292,24.544
36308,2026-08-31 08:01:52.560,1,EMA24,7690.0,LATER,False,False,STOP,11.0,2,1,2.0,0.16322335286257583,4.0,8.0,3.176,38.916
36357,2026-08-31 08:20:06.992,-1,EMA24,7684.75,LATER,False,False,STOP,12.0,3,4,0.5555555555555556,0.5541159495111958,18.0,10.0,133.948,134.296
36421,2026-08-31 08:44:25.664,-1,EMA50,7684.0,LATER,False,False,STOP,8.0,1,2,0.4,0.8312291052114061,10.0,4.0,42.268,20.34
36462,2026-08-31 09:02:43.668,-1,EMA8,7679.75,LATER,False,False,TARGET,,1,2,0.4444444444444444,0.5774329582255773,9.0,4.0,24.784,19.076
36464,2026-08-31 09:04:02.556,-1,EMA8,7680.25,LATER,False,False,TARGET,6.0,1,1,4.0,6.7348403997283395,1.0,4.0,69.416,41.228
36470,2026-08-31 09:07:45.660,-1,EMA8,7678.75,LATER,False,False,STOP,,2,1,1.25,0.522497897392767,4.0,5.0,39.76,95.12
36506,2026-08-31 09:30:03.416,1,EMA8,7686.0,LATER,False,True,TARGET,,1,1,0.0,0.0,3.0,0.0,39.432,50.084
36544,2026-08-31 10:00:40.064,1,EMA24,7686.5,LATER,False,False,STOP,,2,2,1.75,2.807022765549683,4.0,7.0,220.956,137.752
36567,2026-08-31 10:19:54.048,1,EMA50,7686.25,LATER,False,False,TARGET,10.0,3,2,1.3333333333333333,0.7614896459585837,9.0,12.0,91.196,159.68
36673,2026-08-31 11:45:11.620,-1,EMA8,7680.75,LATER,True,False,STOP,,1,3,0.7142857142857143,3.9178732633800344,7.0,5.0,106.936,19.496
36706,2026-08-31 12:13:47.980,1,EMA8,7688.75,LATER,True,False,TARGET,4.0,1,1,1.0,0.09591962732222037,4.0,4.0,6.836,71.268
36721,2026-08-31 12:26:38.088,1,EMA8,7691.75,LATER,True,False,TARGET,5.0,1,1,2.0,1.9531869875694259,2.0,4.0,59.08,60.496
36730,2026-08-31 12:31:13.152,1,EMA24,7692.25,LATER,True,False,STOP,13.0,3,1,13.0,18.215424256951106,1.0,13.0,93.532,66.752
36733,2026-08-31 12:33:56.760,1,EMA50,7691.0,LATER,True,False,TARGET,18.0,2,1,1.75,0.13212608987256874,4.0,7.0,9.456,125.244
36746,2026-08-31 12:45:49.248,1,EMA8,7698.5,LATER,True,False,TARGET,,2,11,0.19444444444444445,1.826889400468292,36.0,7.0,636.672,67.764
36858,2026-08-31 13:06:59.040,1,EMA24,7702.0,LATER,False,False,TARGET,11.0,2,1,2.5,1.7157620456653269,2.0,5.0,62.16,90.572
36867,2026-08-31 13:26:47.648,1,EMA50,7702.0,LATER,False,False,TARGET,7.0,1,1,1.0,0.08868817491001198,4.0,4.0,31.932,360.048
36900,2026-08-31 16:39:40.216,1,EMA8,7704.25,LATER,False,False,NONE,,1,3,0.08333333333333333,0.2626000041079993,12.0,1.0,818.228,259.656
36924,2026-08-31 17:07:52.000,1,EMA8,7705.75,LATER,False,False,TARGET,,1,3,0.16666666666666666,0.37160120845921446,12.0,2.0,85.608,38.396
37005,2026-08-31 19:31:20.816,-1,EMA8,7697.25,LATER,False,False,TARGET,,2,3,0.6428571428571429,3.2257010061800915,14.0,9.0,505.248,100.692
37031,2026-08-31 21:03:31.760,-1,EMA50,7697.25,LATER,False,False,TARGET,13.0,1,1,1.5,1.307075536562404,2.0,3.0,329.512,378.148
37047,2026-08-31 22:11:34.740,-1,EMA8,7692.25,LATER,False,False,TARGET,,2,5,0.42857142857142855,0.8014779377541756,21.0,9.0,840.34,449.352
37071,2026-08-31 22:52:25.740,1,EMA8,7702.5,LATER,False,False,TARGET,,2,4,0.5714285714285714,0.9751411867971714,14.0,8.0,412.16,241.524
37118,2026-09-01 00:03:19.508,1,EMA8,7702.0,LATER,False,False,TARGET,7.0,1,1,,,,,,
37124,2026-09-01 00:08:16.584,1,EMA8,7704.0,LATER,False,False,STOP,10.0,2,4,0.4375,0.4563620632524576,16.0,7.0,113.328,108.644
37188,2026-09-01 01:00:10.720,-1,EMA8,7690.0,LATER,False,False,TARGET,3.0,1,1,1.5,10.752427184466018,2.0,3.0,26.58,3.708
37228,2026-09-01 01:06:52.004,-1,EMA24,7682.75,LATER,False,False,TARGET,12.0,2,1,1.75,0.3868558625840179,4.0,7.0,1.184,5.356
37246,2026-09-01 01:08:32.532,-1,EMA24,7679.75,LATER,False,False,TARGET,8.0,1,1,1.0,0.866947762942141,2.0,2.0,14.804,17.076
37262,2026-09-01 01:11:05.180,-1,EMA8,7675.75,LATER,False,False,TARGET,8.0,1,2,,,,,,
37274,2026-09-01 01:13:46.208,-1,EMA50,7677.5,LATER,False,False,TARGET,14.0,1,1,2.0,1.4497452524316814,2.0,4.0,18.78,25.908
37313,2026-09-01 01:25:51.972,-1,EMA8,7668.5,LATER,False,False,TARGET,,1,1,1.0,1.2870962452861123,4.0,4.0,31.4,24.396
37344,2026-09-01 01:34:37.652,-1,EMA50,7667.75,LATER,False,False,TARGET,16.0,3,1,4.0,0.8025153866738026,3.0,12.0,11.996,59.792
37358,2026-09-01 01:39:46.292,-1,EMA24,7663.5,LATER,False,False,TARGET,8.0,1,1,1.5,3.4395752895752896,2.0,3.0,23.756,10.36
37362,2026-09-01 01:41:22.972,-1,EMA24,7663.5,LATER,False,False,TARGET,8.0,2,2,1.75,2.043605633802817,4.0,7.0,41.456,35.5
37425,2026-09-01 02:09:47.152,-1,EMA8,7654.25,LATER,False,False,TARGET,2.0,1,2,0.75,4.09072375127421,4.0,3.0,64.208,11.772
37427,2026-09-01 02:10:56.960,-1,EMA8,7654.75,LATER,False,False,TARGET,4.0,1,1,1.0,0.8203453103126458,4.0,4.0,35.16,42.86
37430,2026-09-01 02:12:09.952,-1,EMA8,7654.0,LATER,False,False,TARGET,1.0,1,2,0.8,3.0326330935251797,5.0,4.0,52.692,13.9
37435,2026-09-01 02:13:31.104,-1,EMA8,7653.25,LATER,False,False,TARGET,,1,2,0.5714285714285714,0.9362876110009484,7.0,4.0,21.72,13.256
37441,2026-09-01 02:17:17.708,-1,EMA24,7653.25,LATER,False,False,TARGET,12.0,3,3,0.9090909090909091,1.0440959741476976,11.0,10.0,132.34,115.228
37443,2026-09-01 02:18:47.716,-1,EMA24,7653.25,LATER,False,False,TARGET,12.0,1,1,1.5,0.38600738364703746,2.0,3.0,17.008,66.092
37449,2026-09-01 02:21:10.728,-1,EMA8,7651.5,LATER,False,False,TARGET,,1,3,0.3333333333333333,2.559058260175579,9.0,3.0,76.956,10.024
37452,2026-09-01 02:24:47.368,-1,EMA8,7650.75,LATER,False,False,TARGET,4.0,1,2,0.6666666666666666,1.9378049533691555,3.0,2.0,125.5,43.176
37457,2026-09-01 02:27:52.588,-1,EMA8,7650.0,LATER,False,False,TARGET,,1,2,0.42857142857142855,1.7927864214992926,7.0,3.0,74.36,17.776
37466,2026-09-01 02:33:43.044,-1,EMA50,7652.25,LATER,False,False,TARGET,9.0,3,2,1.6,0.40778154560057117,5.0,8.0,39.984,156.884
37478,2026-09-01 02:41:28.088,-1,EMA50,7651.25,LATER,False,False,STOP,7.0,1,1,,,,,,
37488,2026-09-01 02:56:31.644,1,EMA8,7655.5,LATER,False,False,STOP,3.0,1,1,1.0,2.2066017100815274,3.0,3.0,88.776,40.232
37556,2026-09-01 04:04:07.348,-1,EMA8,7655.25,LATER,False,False,TARGET,8.0,1,3,0.4,1.1739709575281143,10.0,4.0,107.524,36.636
37566,2026-09-01 04:08:28.836,-1,EMA24,7655.0,LATER,False,True,TARGET,10.0,2,1,1.75,0.7648230205201245,4.0,7.0,33.14,75.828
37573,2026-09-01 04:14:45.784,-1,EMA50,7655.25,LATER,False,False,STOP,6.0,1,1,1.0,1.174150177574835,2.0,2.0,74.056,63.072
37598,2026-09-01 04:45:52.984,1,EMA8,7661.25,LATER,False,False,STOP,,1,6,0.2777777777777778,2.081396141734236,18.0,5.0,537.22,71.696
37604,2026-09-01 04:52:18.852,1,EMA24,7660.25,LATER,False,False,STOP,12.0,2,1,1.0,0.2481865421645433,4.0,4.0,37.636,151.644
37622,2026-09-01 05:01:41.284,-1,EMA8,7650.75,LATER,False,False,STOP,2.0,1,1,1.3333333333333333,1.4396838837143664,3.0,4.0,25.504,23.62
37624,2026-09-01 05:02:32.040,-1,EMA8,7651.5,LATER,False,False,TARGET,5.0,1,1,0.75,0.33193988014691667,4.0,3.0,18.316,41.384
37636,2026-09-01 05:09:31.976,-1,EMA24,7651.75,LATER,False,False,TARGET,,2,1,2.5,1.1752127081824764,2.0,5.0,41.548,88.384
37673,2026-09-01 05:35:00.268,-1,EMA8,7648.75,LATER,False,False,TARGET,,1,1,1.0,0.09177772190093036,4.0,4.0,2.92,31.816
37723,2026-09-01 06:05:02.388,-1,EMA8,7643.25,LATER,False,False,TARGET,4.0,1,1,4.0,3.181749049429657,1.0,4.0,37.656,47.34
37729,2026-09-01 06:09:29.584,-1,EMA24,7644.0,LATER,False,False,NONE,9.0,3,1,2.5,3.17721651098471,4.0,10.0,97.416,76.652
37737,2026-09-01 06:16:53.028,-1,EMA50,7644.75,LATER,False,False,TARGET,7.0,1,1,1.0,0.3903712296983759,3.0,3.0,16.152,41.376
37777,2026-09-01 06:31:35.144,-1,EMA50,7643.75,LATER,True,False,STOP,13.0,1,1,1.0,0.0848,4.0,4.0,0.424,5.0
37828,2026-09-01 06:37:31.048,1,EMA50,7648.0,LATER,True,False,TARGET,6.0,1,1,1.0,3.3913701741105227,4.0,4.0,17.92,5.284
37861,2026-09-01 06:41:36.676,-1,EMA8,7642.5,LATER,True,False,STOP,,1,3,0.25,0.8813183060109288,12.0,3.0,20.644,5.856
37867,2026-09-01 06:42:59.032,-1,EMA50,7644.75,LATER,True,False,TARGET,14.0,1,1,,,,,,
37931,2026-09-01 06:55:02.788,-1,EMA8,7644.25,LATER,False,False,TARGET,5.0,1,1,2.0,4.20641669887901,2.0,4.0,21.764,10.348
37938,2026-09-01 06:56:53.844,-1,EMA24,7644.25,LATER,False,False,STOP,10.0,3,1,3.0,0.4772959473265979,3.0,9.0,11.212,70.472
37942,2026-09-01 06:58:04.648,-1,EMA50,7644.25,LATER,False,False,STOP,10.0,1,1,0.6666666666666666,1.010419653952777,3.0,2.0,21.14,13.948
37972,2026-09-01 07:02:34.020,1,EMA8,7650.5,LATER,True,False,STOP,9.0,3,7,0.36,0.5325473247471691,25.0,9.0,68.456,46.276
37979,2026-09-01 07:03:19.968,1,EMA50,7648.25,LATER,True,False,TARGET,18.0,1,2,0.8,1.4804993542832545,5.0,4.0,17.196,9.292
37985,2026-09-01 07:05:08.536,1,EMA24,7650.0,LATER,True,False,TARGET,11.0,2,4,0.42857142857142855,1.1281055900621118,14.0,6.0,75.556,28.704
37996,2026-09-01 07:07:56.360,1,EMA8,7655.0,LATER,True,False,TARGET,,2,3,0.46153846153846156,1.6510959691322549,13.0,6.0,40.224,11.244
38004,2026-09-01 07:10:35.136,1,EMA8,7656.0,LATER,True,False,TARGET,,1,4,0.3333333333333333,2.056095441257802,12.0,4.0,104.096,16.876
38007,2026-09-01 07:11:04.120,1,EMA8,7656.75,LATER,True,False,STOP,,1,2,0.8,2.227486033519553,5.0,4.0,29.904,10.74
38035,2026-09-01 07:19:26.340,1,EMA24,7658.75,LATER,True,False,TARGET,15.0,3,1,5.5,1.4519426823742636,2.0,11.0,18.644,70.624
38043,2026-09-01 07:22:21.592,1,EMA8,7662.75,LATER,True,False,TARGET,,1,7,0.2,2.734432589718719,20.0,4.0,169.152,12.372
38061,2026-09-01 07:27:39.468,1,EMA24,7665.25,LATER,True,False,TARGET,,2,3,0.75,0.49046651944159625,8.0,6.0,66.332,101.432
38081,2026-09-01 07:37:55.328,1,EMA8,7671.0,LATER,True,False,STOP,8.0,1,1,1.5,1.5097625028545332,2.0,3.0,35.26,35.032
38118,2026-09-01 07:53:23.512,-1,EMA8,7664.0,LATER,True,False,TARGET,,2,1,1.6666666666666667,1.1548761437179202,3.0,5.0,24.84,35.848
38128,2026-09-01 07:58:31.692,-1,EMA8,7661.5,LATER,True,False,TARGET,,1,2,0.375,0.6890859962406015,8.0,3.0,46.924,25.536
38133,2026-09-01 08:00:45.596,-1,EMA24,7662.5,LATER,False,False,TARGET,8.0,2,1,3.0,1.1015829853355346,2.0,6.0,15.124,41.188
38137,2026-09-01 08:02:40.036,-1,EMA8,7661.0,LATER,False,False,TARGET,,1,3,0.4444444444444444,0.47146562905317774,9.0,4.0,61.068,57.568
38154,2026-09-01 08:10:04.924,-1,EMA8,7654.5,LATER,False,False,STOP,,2,1,2.0,0.2643928256395178,2.0,4.0,8.992,68.02
38166,2026-09-01 08:14:41.752,-1,EMA50,7657.75,LATER,False,False,TARGET,15.0,1,1,0.3333333333333333,0.20283289069416238,3.0,1.0,15.58,25.604
38194,2026-09-01 08:30:24.216,1,EMA8,7662.75,LATER,False,False,TARGET,,1,4,0.21428571428571427,1.6673065265710245,14.0,3.0,88.016,11.312
38217,2026-09-01 08:43:00.964,1,EMA8,7668.0,LATER,False,False,TARGET,,1,1,0.75,1.4809379217273955,4.0,3.0,35.116,17.784
38219,2026-09-01 08:44:36.208,1,EMA8,7668.25,LATER,False,False,TARGET,5.0,1,1,,,,,,
38222,2026-09-01 08:46:17.360,1,EMA8,7669.5,LATER,False,False,TARGET,,1,2,0.4444444444444444,3.7147994814536025,9.0,4.0,88.832,10.628
38236,2026-09-01 08:55:04.928,1,EMA8,7672.75,LATER,False,False,STOP,,1,3,0.18181818181818182,0.6964907238879843,11.0,2.0,87.248,22.776
38294,2026-09-01 09:21:57.504,-1,EMA8,7652.25,LATER,False,False,STOP,,2,2,1.0,0.8573075814355723,5.0,5.0,11.896,13.876
38296,2026-09-01 09:22:15.408,-1,EMA8,7652.0,LATER,False,False,STOP,5.0,1,1,1.5,2.9002280501710374,2.0,3.0,20.348,10.524
38328,2026-09-01 09:27:12.088,-1,EMA24,7651.75,LATER,False,False,TARGET,8.0,2,1,3.3333333333333335,0.5195258019525801,3.0,10.0,1.192,7.648
38330,2026-09-01 09:27:24.216,-1,EMA8,7651.25,LATER,False,False,TARGET,6.0,1,1,0.5,0.6153169014084506,4.0,2.0,2.796,2.272
38353,2026-09-01 09:33:10.928,-1,EMA8,7646.5,LATER,False,False,TARGET,,1,2,0.5,0.26785590338030124,6.0,3.0,30.872,57.628
38362,2026-09-01 09:36:08.636,-1,EMA24,7645.5,LATER,False,False,TARGET,11.0,3,4,0.6666666666666666,1.0518603102102961,15.0,10.0,88.432,56.048
38366,2026-09-01 09:37:30.020,-1,EMA8,7644.25,LATER,False,False,STOP,6.0,1,1,0.0,-0.0,1.0,-0.0,24.048,23.884
38398,2026-09-01 09:50:02.504,-1,EMA50,7645.75,LATER,False,False,TARGET,10.0,1,1,1.0,1.8704954954954955,3.0,3.0,19.932,10.656
38463,2026-09-01 10:23:10.212,-1,EMA24,7643.0,LATER,False,False,TARGET,5.0,2,2,1.5,0.9628277983421092,4.0,6.0,49.248,76.724
38484,2026-09-01 10:26:06.768,-1,EMA50,7640.25,LATER,False,False,TARGET,27.0,1,1,0.6666666666666666,0.16902125493190787,3.0,2.0,2.656,10.476
38510,2026-09-01 10:35:01.068,1,EMA8,7647.0,LATER,False,False,TARGET,,1,3,0.375,0.7689690473322894,8.0,3.0,68.104,33.212
38566,2026-09-01 11:09:42.592,-1,EMA24,7642.5,LATER,True,False,TARGET,,2,2,1.4,1.0450765355551253,5.0,7.0,77.052,103.22
38603,2026-09-01 11:36:58.408,-1,EMA8,7634.75,LATER,True,False,TARGET,,2,4,0.45454545454545453,0.6073342845023715,11.0,5.0,138.6,103.732
38628,2026-09-01 11:46:50.436,-1,EMA8,7623.75,LATER,True,False,STOP,9.0,3,2,1.125,0.6577617657789129,8.0,9.0,32.052,54.82
38635,2026-09-01 11:48:33.336,-1,EMA24,7626.0,LATER,True,False,TARGET,9.0,3,1,1.75,0.6009541466944018,4.0,7.0,15.188,44.228
38660,2026-09-01 11:58:02.884,1,EMA8,7633.5,LATER,True,False,TARGET,,2,4,0.47058823529411764,1.0733079192710662,17.0,8.0,66.024,28.948
38683,2026-09-01 12:06:45.404,1,EMA8,7637.75,LATER,True,False,TARGET,5.0,1,2,1.0,0.382176957352005,4.0,4.0,12.008,31.42
38686,2026-09-01 12:07:55.020,1,EMA24,7637.0,LATER,True,False,TARGET,8.0,2,1,1.5,1.1879920326282842,4.0,6.0,33.4,42.172
38700,2026-09-01 12:13:38.804,1,EMA8,7640.75,LATER,True,False,TARGET,3.0,1,2,0.6,0.6752977333845562,5.0,3.0,35.156,31.236
38707,2026-09-01 12:17:24.136,1,EMA8,7642.0,LATER,True,False,STOP,,1,2,0.6,2.8703304864463424,5.0,3.0,51.532,10.772
38726,2026-09-01 12:28:50.064,1,EMA50,7640.0,LATER,True,False,TARGET,7.0,1,1,2.0,4.523311669963266,2.0,4.0,64.032,28.312
38731,2026-09-01 12:30:14.108,1,EMA50,7640.5,LATER,True,False,STOP,4.0,1,1,1.3333333333333333,1.3459958240722034,3.0,4.0,19.984,19.796
38795,2026-09-01 12:55:31.044,-1,EMA50,7636.5,LATER,True,False,TARGET,11.0,1,2,0.8,3.7442176870748303,5.0,4.0,19.264,4.116
38940,2026-09-01 17:23:03.316,1,EMA8,7650.25,LATER,False,False,STOP,6.0,1,1,0.75,0.42369020501138954,4.0,3.0,0.992,1.756
38991,2026-09-01 18:19:35.564,-1,EMA24,7639.75,LATER,False,False,STOP,11.0,1,1,,,,,,
38993,2026-09-01 18:22:53.604,-1,EMA24,7640.25,LATER,False,False,TARGET,13.0,1,1,2.0,1.1198263999153173,2.0,4.0,84.632,151.152
39019,2026-09-01 18:54:31.956,-1,EMA8,7633.75,LATER,False,False,STOP,5.0,1,1,3.0,2.1167531057773488,1.0,3.0,23.4,33.164
39024,2026-09-01 19:02:11.780,-1,EMA24,7636.0,LATER,False,False,TARGET,14.0,1,1,,,,,,
39075,2026-09-01 21:28:16.196,-1,EMA8,7634.5,LATER,False,False,NONE,6.0,1,1,2.0,2.6201912801880742,1.0,2.0,392.316,299.456
39077,2026-09-01 21:33:28.912,-1,EMA24,7635.25,LATER,False,False,TARGET,9.0,1,1,1.0,0.3363033873343152,4.0,4.0,73.072,217.28
39109,2026-09-01 22:37:08.972,1,EMA50,7639.0,LATER,False,False,TARGET,16.0,1,2,,,,,,
39137,2026-09-01 23:27:41.596,-1,EMA24,7635.25,LATER,False,False,TARGET,14.0,4,5,1.0833333333333333,0.6112366759411009,12.0,13.0,296.068,524.74
39146,2026-09-01 23:36:55.392,-1,EMA24+EMA50,7634.75,LATER,False,False,TARGET,12.0,3,1,10.0,5.5203895313451,1.0,10.0,76.188,138.012
39225,2026-09-02 00:55:01.680,-1,EMA24,7639.0,LATER,False,False,TARGET,14.0,3,2,1.8333333333333333,1.7819143213701694,6.0,11.0,120.46,123.936
39227,2026-09-02 00:56:57.488,-1,EMA50,7639.0,LATER,False,False,TARGET,14.0,1,1,2.0,0.5846667594267427,2.0,4.0,16.808,57.496
39269,2026-09-02 01:24:09.028,-1,EMA8,7637.0,LATER,False,False,TARGET,6.0,2,6,0.3333333333333333,1.4805900320921779,21.0,7.0,306.34,68.968
39345,2026-09-02 02:20:13.148,-1,EMA24,7627.5,LATER,False,False,TARGET,14.0,3,1,7.0,7.952366852955329,2.0,14.0,122.78,108.076
39446,2026-09-02 04:15:04.376,1,EMA8,7634.5,LATER,False,False,STOP,5.0,1,1,2.0,1.5142857142857145,2.0,4.0,1.06,1.4
39469,2026-09-02 04:30:39.396,1,EMA8,7636.75,LATER,False,False,TARGET,,1,6,0.14285714285714285,0.9479634401201875,21.0,3.0,451.788,68.084
39471,2026-09-02 04:32:36.092,1,EMA8,7636.25,LATER,False,False,TARGET,7.0,1,1,,,,,,
39520,2026-09-02 05:12:16.144,1,EMA24,7647.75,LATER,False,False,TARGET,14.0,1,2,0.6666666666666666,6.512096774193548,6.0,4.0,77.52,7.936
39536,2026-09-02 05:18:24.636,1,EMA24,7650.5,LATER,False,False,TARGET,14.0,1,2,,,,,,
39552,2026-09-02 05:20:59.312,1,EMA8,7656.25,LATER,False,False,TARGET,,1,1,0.5,0.22157996146435455,4.0,2.0,0.92,2.076
39554,2026-09-02 05:21:02.008,1,EMA8,7656.25,LATER,False,False,TARGET,,1,1,0.75,1.782051282051282,4.0,3.0,2.224,0.936
39557,2026-09-02 05:21:13.552,1,EMA8,7657.25,LATER,False,False,TARGET,,1,2,0.4,1.2545736434108528,5.0,2.0,8.092,2.58
39559,2026-09-02 05:21:20.320,1,EMA8,7657.0,LATER,False,False,TARGET,,1,1,0.5,0.5465116279069768,4.0,2.0,2.632,2.408
39565,2026-09-02 05:21:48.412,1,EMA24,7656.75,LATER,False,False,STOP,9.0,2,1,3.0,1.1413390010626994,3.0,9.0,5.728,15.056
39594,2026-09-02 05:42:38.016,-1,EMA8,7645.75,LATER,False,False,TARGET,,2,3,0.5833333333333334,2.124277456647399,12.0,7.0,259.56,71.276
39598,2026-09-02 05:49:11.736,-1,EMA8,7644.5,LATER,False,False,TARGET,,1,3,0.3333333333333333,3.063879315557168,9.0,3.0,405.388,44.104
39643,2026-09-02 06:30:00.044,1,EMA24,7651.5,LATER,False,True,STOP,13.0,3,1,7.0,1.7965732743487115,2.0,14.0,14.62,56.964
39656,2026-09-02 06:30:37.056,-1,EMA8,7645.75,LATER,False,False,TARGET,11.0,2,5,0.45,1.3823980942297511,20.0,9.0,23.212,7.556
39727,2026-09-02 06:40:24.652,1,EMA8,7650.0,LATER,True,False,TARGET,,1,3,0.26666666666666666,1.085746352413019,15.0,4.0,19.348,4.752
39731,2026-09-02 06:41:11.004,1,EMA8,7651.5,LATER,True,False,TARGET,,1,3,0.3333333333333333,0.591004734350342,9.0,3.0,26.964,15.208
39733,2026-09-02 06:41:16.432,1,EMA8,7651.25,LATER,True,False,TARGET,6.0,1,1,,,,,,
39753,2026-09-02 06:45:37.596,1,EMA24,7652.75,LATER,False,False,TARGET,11.0,3,4,0.9230769230769231,5.114965503900961,13.0,12.0,79.328,14.316
39781,2026-09-02 06:50:35.300,-1,EMA24+EMA50,7648.75,LATER,False,False,TARGET,11.0,3,3,1.0,1.161122807017544,12.0,12.0,33.092,28.5
39823,2026-09-02 07:00:39.992,1,EMA8,7657.25,LATER,True,False,TARGET,,1,2,0.2857142857142857,0.6266906600104487,7.0,2.0,21.592,9.844
39832,2026-09-02 07:02:16.096,1,EMA8,7661.0,LATER,True,False,STOP,,1,1,0.75,0.3365268008731507,4.0,3.0,7.4,16.492
39836,2026-09-02 07:02:37.172,1,EMA24,7659.0,LATER,True,True,TARGET,14.0,3,1,,,,,,
39840,2026-09-02 07:02:46.868,1,EMA24,7659.0,LATER,True,False,TARGET,14.0,2,2,0.875,0.7794865864939872,8.0,7.0,3.852,4.324
39848,2026-09-02 07:04:37.776,1,EMA8,7661.5,LATER,True,False,TARGET,,2,3,0.7142857142857143,3.157335078319905,7.0,5.0,61.76,13.972
39860,2026-09-02 07:09:01.324,1,EMA8,7666.75,LATER,True,False,STOP,5.0,1,1,1.3333333333333333,0.6279511121232825,3.0,4.0,8.272,17.564
39877,2026-09-02 07:12:55.996,1,EMA50,7664.0,LATER,True,False,TARGET,13.0,1,1,2.0,8.173913043478262,2.0,4.0,15.416,3.772
39886,2026-09-02 07:16:00.016,1,EMA8,7668.5,LATER,True,False,TARGET,,2,4,0.47368421052631576,1.1913127800441383,19.0,9.0,79.172,31.48
39909,2026-09-02 07:23:44.032,1,EMA8,7678.25,LATER,True,False,TARGET,7.0,1,1,,,,,,
39919,2026-09-02 07:29:14.872,1,EMA8,7681.0,LATER,True,False,STOP,,2,4,0.5,0.21894309816775023,18.0,9.0,65.196,148.888
39923,2026-09-02 07:30:17.576,1,EMA24,7679.5,LATER,True,False,STOP,12.0,1,1,,,,,,
39933,2026-09-02 07:33:44.516,1,EMA50,7677.0,LATER,True,False,TARGET,12.0,1,1,,,,,,
39942,2026-09-02 07:36:20.628,1,EMA8,7683.0,LATER,True,False,TARGET,,1,8,0.13333333333333333,0.7080603533849513,30.0,4.0,142.66,26.864
39968,2026-09-02 07:48:02.332,1,EMA24,7686.25,LATER,True,False,STOP,16.0,4,4,1.2666666666666666,0.8628464149666547,15.0,19.0,83.212,122.156
39972,2026-09-02 07:49:51.340,1,EMA50,7684.25,LATER,True,False,STOP,10.0,3,1,2.75,3.381254618389106,4.0,11.0,93.18,75.784
40018,2026-09-02 08:05:09.280,-1,EMA50,7679.75,LATER,False,False,STOP,8.0,1,3,0.42857142857142855,10.182824736699972,7.0,3.0,50.276,2.116
40065,2026-09-02 08:24:43.088,1,EMA8,7685.5,LATER,False,False,TARGET,6.0,1,2,0.6,0.5919504643962848,5.0,3.0,7.648,7.752
40074,2026-09-02 08:29:54.072,1,EMA8,7689.25,LATER,False,False,TARGET,,2,3,0.5,0.2713615749330035,14.0,7.0,42.124,77.616
40081,2026-09-02 08:33:58.172,1,EMA24,7688.75,LATER,False,False,STOP,10.0,1,1,0.5,0.6724137931034483,4.0,2.0,82.992,61.712
40230,2026-09-02 10:16:44.676,-1,EMA50,7675.0,LATER,False,False,TARGET,7.0,1,3,0.36363636363636365,1.4652151971739602,11.0,4.0,60.972,15.132
40242,2026-09-02 10:26:45.968,-1,EMA50,7674.0,LATER,False,False,TARGET,8.0,2,1,3.5,3.15058941164088,2.0,7.0,68.42,76.008
40308,2026-09-02 11:13:18.060,1,EMA24,7678.5,LATER,True,False,TARGET,9.0,1,1,1.0,2.1066825302399366,3.0,3.0,169.984,80.688
40310,2026-09-02 11:15:10.444,1,EMA24,7678.75,LATER,True,False,TARGET,8.0,1,1,0.5,0.9417539884829607,2.0,1.0,79.808,42.372
40358,2026-09-02 11:46:10.584,-1,EMA8,7674.25,LATER,True,False,TARGET,,2,1,2.3333333333333335,0.33351658420377495,3.0,7.0,22.88,160.072
40468,2026-09-02 13:13:16.348,1,EMA8,7681.5,LATER,False,False,STOP,,1,2,0.4444444444444444,0.37301864801864804,9.0,4.0,76.812,91.52
40480,2026-09-02 13:15:12.360,-1,EMA8,7675.0,LATER,False,False,TARGET,4.0,1,1,0.6666666666666666,0.37951450562463,3.0,2.0,2.564,4.504
40485,2026-09-02 13:15:47.888,-1,EMA8,7674.5,LATER,False,False,TARGET,3.0,1,2,1.0,0.8483972041455772,4.0,4.0,14.08,16.596
40538,2026-09-02 15:40:34.788,1,EMA8,7678.75,LATER,False,False,STOP,,2,3,0.3,0.3916947115384615,10.0,3.0,477.972,366.08
40579,2026-09-02 17:41:23.476,-1,EMA8,7672.75,LATER,False,False,STOP,4.0,1,2,0.75,0.41672696029664463,4.0,3.0,221.172,398.052
40581,2026-09-02 17:57:01.332,-1,EMA8,7673.0,LATER,False,False,STOP,5.0,1,1,1.0,0.30280833175295524,3.0,3.0,153.284,506.208
40620,2026-09-02 19:04:40.064,-1,EMA8,7672.75,LATER,False,False,STOP,,1,6,0.23529411764705882,1.1915488039112974,17.0,4.0,696.048,137.448
40636,2026-09-02 19:47:52.952,1,EMA24,7677.75,LATER,False,False,TARGET,11.0,3,3,0.8333333333333334,0.6404033276763647,12.0,10.0,505.352,657.596
40646,2026-09-02 20:26:17.032,1,EMA8,7682.0,LATER,False,False,TARGET,,2,4,0.17647058823529413,0.7284873288864012,17.0,3.0,1029.068,249.284
40648,2026-09-02 20:30:29.960,1,EMA8,7682.25,LATER,False,False,TARGET,6.0,1,1,3.0,2.8192391874536473,1.0,3.0,207.808,221.132
40651,2026-09-02 20:39:57.428,1,EMA8,7682.5,LATER,False,False,TARGET,5.0,1,2,0.6666666666666666,0.8616485763725027,6.0,4.0,175.28,135.616
40656,2026-09-02 21:00:49.400,1,EMA8,7683.25,LATER,False,False,TARGET,2.0,1,2,0.5714285714285714,1.6396611594010575,7.0,4.0,593.072,206.688
40699,2026-09-02 22:27:38.216,-1,EMA8,7662.25,LATER,False,False,STOP,4.0,1,3,0.3,1.7229667180956578,10.0,3.0,104.228,18.148
40734,2026-09-02 22:55:20.532,1,EMA8,7676.5,LATER,False,False,TARGET,,2,7,0.2727272727272727,0.5983824495243745,33.0,9.0,301.272,137.312
40743,2026-09-02 23:04:47.056,1,EMA8,7678.75,LATER,False,False,TARGET,4.0,1,1,0.3333333333333333,2.4353783653515113,3.0,1.0,141.476,19.364
40749,2026-09-02 23:12:55.628,1,EMA24,7677.0,LATER,False,False,TARGET,15.0,4,2,1.875,0.44014654406197534,8.0,15.0,85.572,364.532
40757,2026-09-02 23:27:10.900,1,EMA50,7676.5,LATER,False,False,TARGET,9.0,2,1,4.0,8.47250755287009,2.0,8.0,224.352,105.92
40887,2026-09-03 01:03:38.188,1,EMA8,7689.75,LATER,False,True,TARGET,,1,4,0.45454545454545453,2.7030812324929974,11.0,5.0,8.492,1.428
40889,2026-09-03 01:03:45.836,1,EMA8,7690.0,LATER,False,False,TARGET,7.0,1,1,1.5,2.5668449197860963,2.0,3.0,1.28,0.748
40892,2026-09-03 01:03:53.584,1,EMA8,7690.75,LATER,False,False,STOP,4.0,1,2,0.375,1.8513513513513518,8.0,3.0,8.768,1.776
40894,2026-09-03 01:04:07.084,1,EMA8,7691.0,LATER,False,False,STOP,2.0,1,1,1.5,0.7816150330116811,2.0,3.0,4.104,7.876
40898,2026-09-03 01:04:27.672,1,EMA24,7689.0,LATER,False,False,TARGET,11.0,3,1,2.75,1.002723029045643,4.0,11.0,5.624,15.424
40907,2026-09-03 01:05:37.208,1,EMA24,7690.75,LATER,False,False,TARGET,11.0,2,5,0.5294117647058824,2.5430710714542015,17.0,9.0,47.248,9.836
40944,2026-09-03 01:13:27.060,-1,EMA8,7686.75,LATER,False,False,TARGET,4.0,1,3,0.3333333333333333,4.2933061962912715,9.0,3.0,75.94,5.896
40946,2026-09-03 01:13:55.696,-1,EMA8,7686.75,LATER,False,False,TARGET,4.0,1,1,1.0,1.8447561364360854,3.0,3.0,23.148,12.548
40991,2026-09-03 02:03:08.356,-1,EMA8,7684.25,LATER,False,False,STOP,4.0,1,1,1.3333333333333333,0.2348050220337574,3.0,4.0,16.944,96.216
40997,2026-09-03 02:16:37.248,-1,EMA50,7685.5,LATER,False,False,TARGET,9.0,3,1,2.6666666666666665,0.6555713646896214,3.0,8.0,120.948,491.98
40999,2026-09-03 02:19:18.508,-1,EMA50,7685.5,LATER,False,False,TARGET,9.0,1,1,1.3333333333333333,2.2779895110589923,3.0,4.0,139.864,81.864
41028,2026-09-03 02:53:34.868,-1,EMA8,7677.0,LATER,False,False,TARGET,4.0,1,1,0.75,0.4573380305894483,4.0,3.0,42.58,69.828
41040,2026-09-03 03:02:31.520,-1,EMA24,7675.75,LATER,False,False,TARGET,14.0,2,1,8.0,4.629989764585466,1.0,8.0,36.188,62.528
41054,2026-09-03 03:16:52.624,-1,EMA8,7672.5,LATER,False,False,TARGET,,1,3,0.3333333333333333,1.0051471302321064,12.0,4.0,124.2,41.188
41108,2026-09-03 04:09:43.260,1,EMA8,7680.75,LATER,False,False,TARGET,5.0,1,1,,,,,,
41172,2026-09-03 04:42:33.104,1,EMA50,7679.0,LATER,False,False,TARGET,16.0,1,1,,,,,,
41246,2026-09-03 05:30:02.152,1,EMA8,7691.0,LATER,False,True,TARGET,6.0,2,1,6.0,1.2781065088757395,1.0,6.0,0.144,0.676
41248,2026-09-03 05:30:02.696,1,EMA8,7690.75,LATER,False,True,TARGET,7.0,1,1,1.0,,4.0,4.0,0.0,0.0
41251,2026-09-03 05:30:02.948,1,EMA8,7691.5,LATER,False,True,TARGET,4.0,1,2,0.5,34.25,6.0,3.0,0.548,0.008
41261,2026-09-03 05:30:04.620,1,EMA8,7696.5,LATER,False,False,TARGET,,2,8,0.21428571428571427,1.7333333333333336,28.0,6.0,1.456,0.18
41308,2026-09-03 05:30:18.228,-1,EMA8,7690.75,LATER,False,True,TARGET,,1,4,0.15384615384615385,0.4518968769649969,13.0,2.0,4.312,1.468
41357,2026-09-03 05:37:19.104,-1,EMA8,7691.25,LATER,False,False,TARGET,9.0,3,4,0.625,0.718607579755337,16.0,10.0,95.868,83.38
41477,2026-09-03 06:30:56.892,1,EMA8,7710.25,LATER,False,False,STOP,10.0,1,1,1.3333333333333333,1.589216358236235,3.0,4.0,6.956,5.836
41481,2026-09-03 06:31:16.388,1,EMA24,7708.75,LATER,True,False,TARGET,16.0,1,1,2.0,2.241685144124168,2.0,4.0,4.044,3.608
41500,2026-09-03 06:32:58.904,1,EMA24,7711.25,LATER,True,False,TARGET,6.0,2,1,2.0,2.103286384976526,3.0,6.0,7.168,6.816
41512,2026-09-03 06:34:16.084,1,EMA8,7717.25,LATER,True,False,STOP,,1,3,0.6,1.0337050805452295,5.0,3.0,16.684,9.684
41548,2026-09-03 06:39:14.564,1,EMA8,7720.75,LATER,True,False,TARGET,2.0,1,1,0.75,0.3406786820613912,4.0,3.0,6.452,14.204
41560,2026-09-03 06:41:13.352,1,EMA24,7720.5,LATER,True,False,TARGET,8.0,3,2,2.5,1.6666666666666667,4.0,10.0,20.64,30.96
41584,2026-09-03 06:46:02.484,1,EMA24,7723.75,LATER,False,False,TARGET,,2,2,1.6666666666666667,0.4346143925715759,3.0,5.0,8.088,31.016
41610,2026-09-03 06:51:13.772,1,EMA24,7724.5,LATER,False,False,TARGET,,2,6,0.3333333333333333,1.329673796454035,18.0,6.0,84.296,21.132
41628,2026-09-03 06:55:58.100,-1,EMA8,7720.0,LATER,False,False,TARGET,3.0,1,2,0.42857142857142855,0.7862050504149192,7.0,3.0,23.496,12.808
41633,2026-09-03 06:57:52.040,-1,EMA8,7718.5,LATER,False,False,TARGET,,1,1,0.75,0.6776598602901666,4.0,3.0,26.904,29.776
41643,2026-09-03 07:00:00.020,-1,EMA50,7720.75,LATER,True,True,TARGET,14.0,1,2,0.5,,6.0,3.0,0.5,0.0
41678,2026-09-03 07:03:32.464,-1,EMA24,7710.5,LATER,True,False,TARGET,13.0,2,1,1.5,1.785445420326223,4.0,6.0,11.384,9.564
41695,2026-09-03 07:06:10.032,-1,EMA24,7707.75,LATER,True,False,TARGET,10.0,3,2,1.5714285714285714,1.5348492338111717,7.0,11.0,24.84,25.432
41697,2026-09-03 07:06:21.668,-1,EMA24,7707.75,LATER,True,False,TARGET,10.0,1,1,1.3333333333333333,2.5461787403534974,3.0,4.0,10.228,5.356
41834,2026-09-03 07:36:18.576,-1,EMA50,7709.0,LATER,True,False,TARGET,20.0,1,1,1.3333333333333333,1.6746031746031746,3.0,4.0,9.284,7.392
41894,2026-09-03 07:48:26.252,1,EMA8,7711.0,LATER,True,False,TARGET,,1,3,0.08333333333333333,0.21119462475800022,12.0,1.0,29.672,11.708
41901,2026-09-03 07:49:50.412,1,EMA8,7712.25,LATER,True,False,TARGET,5.0,1,1,1.3333333333333333,2.963212580735748,3.0,4.0,21.104,9.496
41906,2026-09-03 07:50:50.572,1,EMA24,7711.5,LATER,True,False,STOP,10.0,3,2,2.0,2.406886997823076,6.0,12.0,24.324,20.212
41998,2026-09-03 08:07:06.484,1,EMA8,7731.25,LATER,False,False,TARGET,,2,6,0.23076923076923078,0.6752732951587714,26.0,6.0,112.424,38.42
42005,2026-09-03 08:08:43.972,1,EMA8,7733.0,LATER,False,False,TARGET,,1,3,0.3333333333333333,0.8304684866868891,6.0,2.0,29.568,11.868
42029,2026-09-03 08:18:40.564,1,EMA8,7743.75,LATER,False,False,TARGET,6.0,1,1,,,,,,
42063,2026-09-03 08:31:51.588,1,EMA8,7757.25,LATER,False,False,STOP,,1,3,0.23076923076923078,0.40758334455612827,13.0,3.0,44.388,25.132
42070,2026-09-03 08:34:45.320,1,EMA24,7754.0,LATER,False,False,TARGET,18.0,1,1,4.0,8.305336635892818,1.0,4.0,36.884,17.764
42103,2026-09-03 08:54:39.452,1,EMA8,7757.5,LATER,False,False,TARGET,,2,6,0.4,1.4176817629706748,20.0,8.0,326.804,92.208
42138,2026-09-03 09:16:26.540,-1,EMA24,7752.5,LATER,False,False,TARGET,,4,1,3.5,0.27461807472851096,4.0,14.0,11.936,152.124
42175,2026-09-03 09:47:00.336,1,EMA8,7757.75,LATER,False,False,STOP,2.0,1,1,1.3333333333333333,1.3320000000000003,3.0,4.0,43.956,44.0
42177,2026-09-03 09:49:16.272,1,EMA8,7757.5,LATER,False,False,STOP,3.0,1,1,0.75,0.10767708293685532,4.0,3.0,15.088,105.092
42187,2026-09-03 10:00:20.108,1,EMA50,7756.0,LATER,False,False,STOP,10.0,1,3,0.5,1.2627481655305994,8.0,4.0,271.208,107.388
42200,2026-09-03 10:16:47.008,-1,EMA8,7750.25,LATER,False,False,TARGET,5.0,2,1,1.0,0.28572301301240155,4.0,4.0,56.124,196.428
42202,2026-09-03 10:18:44.988,-1,EMA8,7750.5,LATER,False,False,TARGET,5.0,1,1,1.3333333333333333,2.349114064230343,3.0,4.0,101.82,57.792
42223,2026-09-03 10:39:53.324,1,EMA8,7756.0,LATER,False,False,TARGET,5.0,1,1,1.0,1.5836590593872149,3.0,3.0,50.24,31.724
42228,2026-09-03 10:45:11.924,1,EMA8,7757.25,LATER,False,False,STOP,5.0,1,1,1.0,0.6933598607311614,4.0,4.0,66.912,96.504
42232,2026-09-03 10:49:57.632,1,EMA24,7756.0,LATER,False,False,TARGET,8.0,3,1,2.3333333333333335,1.333571243641147,3.0,7.0,108.904,190.548
42250,2026-09-03 11:03:37.672,1,EMA8,7764.0,LATER,True,False,TARGET,7.0,2,1,3.0,1.9765743550834596,3.0,9.0,27.788,42.176
42252,2026-09-03 11:05:10.768,1,EMA8,7764.25,LATER,True,False,TARGET,6.0,1,1,0.75,0.7575298351960598,4.0,3.0,42.656,42.232
42259,2026-09-03 11:13:21.080,1,EMA8,7764.5,LATER,True,False,TARGET,3.0,1,2,0.5,3.218875,6.0,3.0,206.008,32.0
42274,2026-09-03 11:32:27.152,1,EMA50,7762.75,LATER,True,False,TARGET,7.0,2,1,3.0,2.644318418005285,2.0,6.0,118.744,134.716
42309,2026-09-03 12:30:52.348,-1,EMA24+EMA50,7759.75,LATER,True,False,TARGET,11.0,3,3,1.0,0.5578101071975499,11.0,11.0,180.668,323.888
42311,2026-09-03 12:33:28.348,-1,EMA50,7759.75,LATER,True,False,TARGET,11.0,1,1,1.3333333333333333,1.0807231309184824,3.0,4.0,48.96,60.404
42316,2026-09-03 12:41:04.328,-1,EMA50,7759.75,LATER,True,False,TARGET,6.0,1,1,1.3333333333333333,1.5365853658536583,3.0,4.0,83.16,72.16
42340,2026-09-03 12:58:30.724,-1,EMA8,7754.5,LATER,True,False,TARGET,,2,5,0.46153846153846156,0.5672886740949569,13.0,6.0,126.772,103.14
42344,2026-09-03 12:59:04.876,-1,EMA8,7753.75,LATER,True,False,TARGET,,2,2,0.6666666666666666,0.7591851749666623,9.0,6.0,33.02,28.996
42435,2026-09-03 18:56:11.692,1,EMA50,7755.0,LATER,False,False,TARGET,10.0,2,1,4.5,2.9496730278985765,2.0,9.0,402.144,613.508
42468,2026-09-03 22:56:34.152,1,EMA24,7760.75,LATER,False,False,TARGET,15.0,3,2,12.0,7.646071973261512,1.0,12.0,628.344,986.144
42476,2026-09-03 23:20:01.572,1,EMA24,7762.25,LATER,False,False,TARGET,9.0,2,3,1.0,1.8597408856381468,9.0,9.0,524.804,282.192
42510,2026-09-04 00:56:39.740,1,EMA24+EMA50,7760.0,LATER,False,False,TARGET,13.0,3,3,1.2727272727272727,2.5771639398603274,11.0,14.0,784.136,387.244
42551,2026-09-04 02:59:34.872,-1,EMA50,7758.5,LATER,False,False,STOP,,1,1,4.0,62.438852470571646,1.0,4.0,885.82,56.748
42656,2026-09-04 05:30:01.116,-1,EMA8,7754.75,LATER,False,True,NONE,25.0,2,6,0.24242424242424243,3.6363636363636362,33.0,8.0,0.06,0.004
42702,2026-09-04 05:30:01.260,-1,EMA8,7745.25,LATER,False,True,NONE,,1,1,0.5,,2.0,1.0,0.0,0.0
42709,2026-09-04 05:30:01.336,-1,EMA8,7742.0,LATER,False,True,NONE,,1,1,0.75,2.25,4.0,3.0,0.024,0.008
42735,2026-09-04 05:30:01.644,-1,EMA50,7742.5,LATER,False,True,NONE,13.0,1,1,0.75,,4.0,3.0,0.0,0.0
42790,2026-09-04 05:30:01.856,-1,EMA24,7740.0,LATER,False,True,NONE,10.0,2,1,4.0,,2.0,8.0,0.0,0.004
42794,2026-09-04 05:30:01.856,-1,EMA24,7739.5,LATER,False,True,NONE,8.0,2,2,0.8,,10.0,8.0,0.048,0.0
42835,2026-09-04 05:30:03.588,-1,EMA8,7734.75,LATER,False,True,TARGET,,1,4,0.2857142857142857,0.6587301587301587,14.0,4.0,0.664,0.288
42860,2026-09-04 05:30:06.216,1,EMA8,7740.25,LATER,False,True,STOP,3.0,1,1,3.0,105.00000000000001,1.0,3.0,0.14,0.004
42862,2026-09-04 05:30:06.220,1,EMA8,7740.0,LATER,False,True,STOP,4.0,1,1,1.0,2.0,4.0,4.0,0.008,0.004
42922,2026-09-04 05:30:25.932,1,EMA8,7740.75,LATER,False,False,TARGET,2.0,1,1,1.0,0.22549019607843138,3.0,3.0,0.092,0.408
42929,2026-09-04 05:30:30.028,1,EMA8,7743.0,LATER,False,True,STOP,,1,2,0.8,3.820895522388059,5.0,4.0,1.28,0.268
42944,2026-09-04 05:30:41.312,1,EMA24,7742.75,LATER,False,True,STOP,,2,4,0.5714285714285714,0.543042270904042,14.0,8.0,1.76,1.852
42947,2026-09-04 05:30:46.204,1,EMA50,7741.75,LATER,False,True,STOP,10.0,2,1,2.0,0.6088840736728062,3.0,6.0,1.124,3.692
42968,2026-09-04 05:31:29.928,1,EMA8,7743.0,LATER,False,False,STOP,5.0,1,2,0.14285714285714285,0.24103623052374695,7.0,1.0,5.136,3.044
42973,2026-09-04 05:31:35.576,1,EMA50,7742.0,LATER,False,False,STOP,9.0,1,1,1.0,0.334061135371179,4.0,4.0,0.612,1.832
42999,2026-09-04 05:33:03.112,-1,EMA24,7736.5,LATER,False,False,TARGET,9.0,4,2,1.7142857142857142,1.6030146498433397,7.0,12.0,12.62,13.496
43057,2026-09-04 05:39:11.624,1,EMA50,7740.0,LATER,False,False,TARGET,13.0,1,1,1.0,2.5561497326203204,3.0,3.0,3.824,1.496
43065,2026-09-04 05:40:23.920,1,EMA50,7741.0,LATER,False,False,TARGET,7.0,1,1,0.75,0.05575035063113604,4.0,3.0,2.968,39.928
43095,2026-09-04 05:47:55.824,-1,EMA8,7733.0,LATER,False,False,TARGET,,2,5,0.42105263157894735,1.5452353628620463,19.0,8.0,73.384,19.996
43185,2026-09-04 06:27:40.120,1,EMA8,7742.0,LATER,False,False,TARGET,,2,2,0.8333333333333334,0.3568466625902264,6.0,5.0,81.236,189.708
43196,2026-09-04 06:30:02.292,1,EMA24,7742.5,LATER,False,True,TARGET,,2,2,1.4,10.094736842105263,5.0,7.0,14.796,2.052
43213,2026-09-04 06:31:14.084,1,EMA24,7744.5,LATER,True,False,TARGET,,2,4,0.625,1.2983995869901908,8.0,5.0,16.096,7.748
43226,2026-09-04 06:32:11.324,1,EMA24,7746.5,LATER,True,False,TARGET,,2,2,1.3333333333333333,0.47950057026232074,6.0,8.0,7.988,22.212
43233,2026-09-04 06:33:52.528,1,EMA8,7749.0,LATER,True,False,TARGET,,1,1,1.0,0.4063234909851058,3.0,3.0,6.22,15.308
43294,2026-09-04 06:46:03.104,-1,EMA8,7741.25,LATER,False,False,STOP,,1,3,0.3333333333333333,4.253115264797509,9.0,3.0,43.688,3.424
43347,2026-09-04 07:03:35.924,-1,EMA24,7742.25,LATER,True,False,TARGET,10.0,3,3,1.0,1.7454198473282443,12.0,12.0,36.584,20.96
43356,2026-09-04 07:06:33.380,-1,EMA50,7742.0,LATER,True,False,TARGET,9.0,1,1,3.0,9.735618115055079,1.0,3.0,31.816,9.804
43409,2026-09-04 07:22:17.208,-1,EMA24,7733.0,LATER,True,False,TARGET,10.0,3,1,3.0,0.3140666470067827,4.0,12.0,7.1,67.82
43472,2026-09-04 07:47:11.120,-1,EMA8,7724.25,LATER,True,False,TARGET,,1,5,0.5,4.56564062088924,4.0,2.0,138.832,15.204
43476,2026-09-04 07:47:41.676,-1,EMA8,7723.5,LATER,True,False,TARGET,,2,2,0.6666666666666666,0.5950168918918919,9.0,6.0,16.908,18.944
43478,2026-09-04 07:48:24.976,-1,EMA8,7723.0,LATER,True,False,TARGET,,1,1,0.25,0.05432117683113699,4.0,1.0,8.508,39.156
43488,2026-09-04 07:51:35.100,-1,EMA24,7722.5,LATER,True,False,TARGET,12.0,3,1,10.0,6.793641562469711,1.0,10.0,28.036,41.268
43491,2026-09-04 07:52:24.320,-1,EMA8,7721.0,LATER,True,False,TARGET,6.0,1,2,0.2857142857142857,0.8817080870114218,7.0,2.0,30.724,9.956
43502,2026-09-04 07:56:29.648,-1,EMA8,7718.5,LATER,True,False,TARGET,,2,5,0.34782608695652173,0.6878104297828389,23.0,8.0,104.552,52.872
43516,2026-09-04 08:00:20.364,-1,EMA24,7717.0,LATER,False,False,TARGET,8.0,2,4,0.6428571428571429,1.5042492917847026,14.0,9.0,66.08,28.24
43602,2026-09-04 08:34:11.724,-1,EMA50,7714.5,LATER,False,False,TARGET,9.0,3,2,8.0,11.702113233133687,1.0,8.0,51.776,35.396
43618,2026-09-04 08:45:34.448,1,EMA8,7721.25,LATER,False,False,TARGET,,1,8,0.10714285714285714,0.5100996489715067,28.0,3.0,403.784,84.812
43626,2026-09-04 08:49:53.960,1,EMA24,7720.0,LATER,False,False,TARGET,11.0,1,2,3.0,1.8437467886137087,1.0,3.0,47.844,77.848
43717,2026-09-04 10:26:54.984,-1,EMA8,7723.0,LATER,False,False,TARGET,,1,3,0.2727272727272727,1.0775340183282422,11.0,3.0,284.548,72.02
43730,2026-09-04 10:36:02.940,-1,EMA8,7718.25,LATER,False,False,TARGET,7.0,1,3,1.0,10.85918491484185,4.0,4.0,142.82,13.152
43736,2026-09-04 10:40:16.324,-1,EMA8,7717.75,LATER,False,False,TARGET,2.0,1,2,1.3333333333333333,3.2568192625253967,3.0,4.0,75.34,30.844
43739,2026-09-04 10:41:29.052,-1,EMA8,7716.75,LATER,False,False,TARGET,,1,2,0.4444444444444444,1.9121447028423773,9.0,4.0,51.06,11.868
43748,2026-09-04 10:47:59.940,-1,EMA24,7716.0,LATER,False,False,TARGET,12.0,3,3,1.1666666666666667,1.1011787100080535,12.0,14.0,120.328,127.484
43761,2026-09-04 11:01:14.928,-1,EMA50,7716.75,LATER,True,False,TARGET,9.0,2,1,2.25,0.25038811056418026,4.0,9.0,23.512,211.28
43784,2026-09-04 11:27:31.416,1,EMA8,7720.5,LATER,True,False,TARGET,,1,1,1.0,1.8463626827913864,4.0,4.0,119.696,64.828
43788,2026-09-04 11:33:22.028,1,EMA8,7721.5,LATER,True,False,TARGET,,1,1,0.3333333333333333,0.1365765372477331,3.0,1.0,60.068,146.604
43803,2026-09-04 12:00:10.772,1,EMA8,7725.5,LATER,True,False,STOP,,1,2,0.5714285714285714,1.631148556560525,7.0,4.0,157.98,55.344
43821,2026-09-04 12:19:21.332,-1,EMA8,7718.25,LATER,True,False,STOP,3.0,1,2,0.4444444444444444,0.49835689744859657,9.0,4.0,159.992,142.684
43823,2026-09-04 12:22:37.860,-1,EMA8,7718.75,LATER,True,False,STOP,5.0,1,1,2.0,2.5500115393491805,2.0,4.0,110.492,86.66
43855,2026-09-04 12:55:08.732,1,EMA8,7725.5,LATER,True,False,STOP,,1,3,0.3333333333333333,185.2,12.0,4.0,100.008,0.18
43859,2026-09-04 12:55:55.200,1,EMA24,7724.0,LATER,True,False,TARGET,11.0,3,1,,,,,,
43899,2026-09-04 13:48:29.140,-1,EMA8,7715.25,LATER,False,False,STOP,6.0,1,1,1.0,1.38108171025064,4.0,4.0,142.384,103.096
43959,2026-09-06 17:50:43.052,-1,EMA50,7718.75,LATER,False,False,TARGET,,2,2,1.4285714285714286,0.5055621591328024,7.0,10.0,122.324,345.652
44060,2026-09-06 23:31:07.608,1,EMA8,7720.0,LATER,False,False,TARGET,,1,1,0.5,0.44732760351088485,4.0,2.0,196.112,219.204
44074,2026-09-07 00:00:51.984,1,EMA8,7723.75,LATER,False,False,TARGET,5.0,1,3,0.3076923076923077,7.3855180022064,13.0,4.0,589.128,24.544
44127,2026-09-07 01:03:15.792,1,EMA50,7723.0,LATER,False,False,TARGET,8.0,1,1,1.3333333333333333,0.45316763088350825,3.0,4.0,31.724,93.34
44165,2026-09-07 02:53:06.328,-1,EMA24,7718.0,LATER,False,False,TARGET,12.0,3,2,1.4444444444444444,2.740958464956408,9.0,13.0,575.872,303.476
44170,2026-09-07 03:05:00.460,-1,EMA24,7718.0,LATER,False,False,TARGET,12.0,2,3,1.1428571428571428,15.536043301905256,7.0,8.0,1150.98,84.668
44192,2026-09-07 03:56:20.968,-1,EMA8,7712.5,LATER,False,False,TARGET,3.0,1,1,0.75,1.6512723845428838,4.0,3.0,9.344,4.244
44196,2026-09-07 04:00:34.288,-1,EMA8,7711.5,LATER,False,False,TARGET,,1,3,0.4444444444444444,0.35827940220922677,9.0,4.0,68.924,85.5
44207,2026-09-07 04:06:56.440,-1,EMA24,7710.5,LATER,False,False,TARGET,11.0,3,2,1.5,0.43779549365986825,6.0,9.0,59.016,202.204
44228,2026-09-07 04:33:10.200,-1,EMA24,7708.0,LATER,False,False,TARGET,11.0,3,6,0.6666666666666666,0.8094745266876414,21.0,14.0,469.288,386.496
44254,2026-09-07 05:34:40.048,-1,EMA24,7706.25,LATER,False,False,TARGET,10.0,3,1,3.0,0.25757736731069864,4.0,12.0,45.256,527.096
44285,2026-09-07 06:30:00.164,1,EMA8,7714.75,LATER,False,False,TARGET,,2,4,0.4375,0.7496147609019782,16.0,7.0,445.876,260.228
44287,2026-09-07 06:30:47.048,1,EMA8,7715.25,LATER,False,False,TARGET,5.0,1,1,0.5,2.233835252435784,4.0,2.0,40.352,9.032
44291,2026-09-07 06:33:49.640,1,EMA8,7716.5,LATER,True,False,STOP,,1,3,0.36363636363636365,0.6874729966706483,11.0,4.0,108.2,57.232
44330,2026-09-07 07:40:14.212,-1,EMA24,7710.0,LATER,True,False,TARGET,14.0,3,3,0.7857142857142857,4.786701711363874,14.0,11.0,1334.428,219.04
44346,2026-09-07 08:11:44.724,-1,EMA8,7705.5,LATER,False,False,TARGET,4.0,1,2,0.5,0.45683331928167936,6.0,3.0,173.392,189.776
44363,2026-09-07 08:53:11.748,-1,EMA50,7706.75,LATER,False,False,TARGET,2.0,1,1,1.3333333333333333,0.6752266406616825,3.0,4.0,149.56,295.328
44420,2026-09-07 16:16:56.520,-1,EMA24,7703.0,LATER,False,False,TARGET,18.0,4,8,0.85,187.12933884297522,20.0,17.0,1811.412,8.228
44445,2026-09-07 16:53:48.212,1,EMA8,7711.75,LATER,False,False,TARGET,,1,2,0.4444444444444444,0.20358313618915413,9.0,4.0,62.476,136.392
44447,2026-09-07 16:59:46.044,1,EMA8,7711.75,LATER,False,False,TARGET,5.0,1,1,,,,,,
44452,2026-09-07 17:01:56.072,1,EMA8,7712.25,LATER,False,False,TARGET,2.0,1,2,1.3333333333333333,3.6653433318629616,3.0,4.0,49.856,18.136
44495,2026-09-07 17:46:13.996,1,EMA8,7712.0,LATER,False,False,STOP,,2,3,0.5833333333333334,0.29749588090458773,12.0,7.0,257.116,504.156
44544,2026-09-07 19:23:48.640,1,EMA8,7719.75,LATER,False,False,TARGET,6.0,1,2,0.8,0.9326387804635714,5.0,4.0,328.536,281.812
44576,2026-09-07 21:05:14.688,1,EMA8,7722.75,LATER,False,False,TARGET,2.0,1,2,0.42857142857142855,1.0186666666666666,7.0,3.0,342.272,144.0
44589,2026-09-07 21:57:07.136,1,EMA24,7723.75,LATER,False,False,STOP,,2,1,2.25,0.9722892077478483,4.0,9.0,244.424,565.628
44624,2026-09-07 22:38:04.544,-1,EMA8,7712.75,LATER,False,False,STOP,,1,4,0.23529411764705882,0.31270637152990094,17.0,4.0,204.56,153.92
44627,2026-09-07 22:40:15.292,-1,EMA24,7715.0,LATER,False,False,TARGET,14.0,2,1,,,,,,
44635,2026-09-07 22:50:26.668,-1,EMA8,7710.0,LATER,False,False,TARGET,,1,7,0.13043478260869565,0.7872270724851496,23.0,3.0,458.184,75.916
44651,2026-09-07 23:01:52.588,-1,EMA8,7705.25,LATER,False,False,TARGET,,1,2,0.375,0.19893676552881925,8.0,3.0,18.96,35.74
44656,2026-09-07 23:05:11.252,-1,EMA8,7703.75,LATER,False,False,TARGET,,2,3,0.6666666666666666,0.21910860562275372,12.0,8.0,48.04,146.168
44662,2026-09-07 23:07:05.244,-1,EMA8,7702.5,LATER,False,False,TARGET,,1,2,0.8,2.315529753265603,5.0,4.0,63.816,22.048
44665,2026-09-07 23:09:13.900,-1,EMA24,7703.5,LATER,False,False,TARGET,8.0,2,1,6.0,0.931697985821987,1.0,6.0,11.04,71.096
44670,2026-09-07 23:16:01.436,-1,EMA8,7701.25,LATER,False,False,TARGET,,1,4,0.3076923076923077,4.0891994253624135,13.0,4.0,250.488,18.848
44673,2026-09-07 23:17:18.012,-1,EMA8,7701.5,LATER,False,False,TARGET,,1,2,1.6666666666666667,26.7026586044726,3.0,5.0,222.572,13.892
44796,2026-09-08 00:49:10.696,-1,EMA8,7695.5,LATER,False,False,TARGET,7.0,1,2,0.375,0.16478679949726452,8.0,3.0,95.1,216.416
44813,2026-09-08 01:00:04.856,-1,EMA8,7691.5,LATER,False,False,STOP,4.0,1,1,,,,,,
44827,2026-09-08 01:02:42.912,-1,EMA8,7689.5,LATER,False,False,TARGET,,2,5,0.3888888888888889,0.9146763586015924,18.0,7.0,42.28,17.976
44945,2026-09-08 01:46:45.756,1,EMA8,7694.75,LATER,False,False,STOP,4.0,1,1,0.6666666666666666,0.6038997214484679,3.0,2.0,13.008,14.36
45006,2026-09-08 02:41:21.816,1,EMA8,7703.75,LATER,False,False,TARGET,,2,3,0.46153846153846156,7.84640736906598,13.0,6.0,247.596,14.564
45022,2026-09-08 02:55:39.256,1,EMA8,7706.75,LATER,False,False,TARGET,,1,1,0.75,0.8122216035634744,4.0,3.0,46.68,43.104
45030,2026-09-08 03:06:45.304,1,EMA24,7707.0,LATER,False,False,STOP,,3,1,2.75,0.47506501888869906,4.0,11.0,36.4,210.708
45058,2026-09-08 03:20:28.012,1,EMA8,7716.0,LATER,False,False,STOP,9.0,1,2,1.0,2.9966777408637877,3.0,3.0,3.608,1.204
45088,2026-09-08 03:40:36.172,-1,EMA8,7703.5,LATER,False,False,TARGET,8.0,3,5,0.5,0.7655270417119452,22.0,11.0,366.32,239.26
45090,2026-09-08 03:43:43.244,-1,EMA8,7703.0,LATER,False,False,TARGET,6.0,1,1,0.5,0.4356666418706142,4.0,2.0,140.56,161.316
45232,2026-09-08 05:39:39.868,1,EMA8,7708.75,LATER,False,False,TARGET,5.0,2,1,1.0,1.1144463835563312,3.0,3.0,114.944,103.14
45236,2026-09-08 05:41:56.416,1,EMA8,7709.5,LATER,False,False,TARGET,2.0,1,1,1.3333333333333333,0.6582556689701811,3.0,4.0,31.148,63.092
45238,2026-09-08 05:44:38.476,1,EMA8,7709.75,LATER,False,False,TARGET,,1,1,0.5,0.04390088634249058,4.0,2.0,7.172,81.684
45241,2026-09-08 05:48:49.032,1,EMA8,7710.0,LATER,False,False,TARGET,,2,1,1.0,0.3540980139919291,3.0,3.0,80.376,226.988
45245,2026-09-08 05:52:43.964,1,EMA8,7711.75,LATER,False,False,TARGET,,1,3,0.21428571428571427,1.287868743785217,14.0,3.0,155.42,25.86
45252,2026-09-08 05:59:13.432,1,EMA8,7713.75,LATER,False,False,STOP,,1,1,0.5,0.6967403670178564,2.0,1.0,112.688,80.868
45261,2026-09-08 06:05:58.024,1,EMA8,7713.75,LATER,False,False,TARGET,,1,3,0.5,5.192017738359202,8.0,4.0,187.328,18.04
45350,2026-09-08 06:39:22.004,-1,EMA50,7706.75,LATER,True,False,TARGET,19.0,2,1,,,,,,
45368,2026-09-08 06:42:43.928,-1,EMA8,7693.5,LATER,True,False,TARGET,,2,16,0.14754098360655737,2.05815768930523,61.0,9.0,210.92,15.12
45427,2026-09-08 06:54:43.028,-1,EMA24,7691.5,LATER,False,False,STOP,12.0,3,1,4.666666666666667,1.841012457979039,3.0,14.0,15.96,40.456
45442,2026-09-08 06:56:51.928,1,EMA8,7698.75,LATER,False,False,TARGET,,2,1,1.6666666666666667,0.40181250750210057,3.0,5.0,5.356,22.216
45445,2026-09-08 06:57:34.152,1,EMA8,7699.0,LATER,False,False,TARGET,5.0,1,2,1.0,7.2650392327811675,4.0,4.0,33.332,4.588
45474,2026-09-08 07:03:06.468,-1,EMA8,7687.75,LATER,True,False,TARGET,,1,1,0.75,0.9964788732394366,4.0,3.0,15.848,11.928
45498,2026-09-08 07:05:59.064,-1,EMA50,7689.5,LATER,True,False,TARGET,7.0,1,2,0.5714285714285714,0.3583337383949837,7.0,4.0,7.372,11.756
45519,2026-09-08 07:10:55.004,-1,EMA8,7682.75,LATER,True,False,TARGET,,2,5,0.2631578947368421,0.9774354399688923,19.0,5.0,68.372,18.408
45524,2026-09-08 07:11:45.268,-1,EMA8,7682.25,LATER,True,False,TARGET,5.0,1,2,0.6666666666666666,3.959145775301764,6.0,4.0,25.584,4.308
45558,2026-09-08 07:19:30.756,-1,EMA50,7684.0,LATER,True,False,STOP,10.0,1,1,,,,,,
45631,2026-09-08 07:38:48.616,1,EMA50,7688.5,LATER,True,False,TARGET,4.0,1,1,,,,,,
45682,2026-09-08 07:55:00.168,1,EMA8,7696.75,LATER,True,False,TARGET,4.0,1,3,0.2727272727272727,0.10720771520735035,11.0,3.0,34.476,87.704
45703,2026-09-08 08:05:21.568,1,EMA24,7697.75,LATER,False,False,TARGET,8.0,2,3,0.6666666666666666,0.8887808238607581,12.0,8.0,87.728,65.804
45748,2026-09-08 08:25:59.032,1,EMA24,7701.25,LATER,False,False,TARGET,14.0,4,10,0.4358974358974359,11.045289422745475,39.0,17.0,196.024,7.736
45753,2026-09-08 08:28:42.728,1,EMA50,7701.0,LATER,False,False,STOP,6.0,1,1,0.75,3.7014098690835846,4.0,3.0,58.808,11.916
45814,2026-09-08 09:15:02.212,-1,EMA8,7692.5,LATER,False,False,TARGET,,2,5,0.25,0.2983895863346368,20.0,5.0,185.584,155.488
45821,2026-09-08 09:19:11.596,-1,EMA8,7690.0,LATER,False,False,TARGET,,2,3,0.46153846153846156,0.38472228971281397,13.0,6.0,79.172,94.98
45857,2026-09-08 09:45:19.740,-1,EMA24,7690.5,LATER,False,False,STOP,7.0,2,1,1.3333333333333333,0.7299698712681457,3.0,4.0,66.628,121.7
45885,2026-09-08 09:59:23.180,-1,EMA8,7688.75,LATER,False,True,TARGET,6.0,1,2,0.8,30.70357470210816,5.0,4.0,167.488,4.364
46015,2026-09-08 11:48:15.808,-1,EMA8,7688.75,LATER,True,False,TARGET,,2,10,0.125,3.9660874439461886,32.0,4.0,169.812,5.352
46017,2026-09-08 11:48:21.080,-1,EMA8,7688.75,LATER,True,False,TARGET,7.0,1,1,3.0,8.01547987616099,1.0,3.0,6.904,2.584
46019,2026-09-08 11:48:28.844,-1,EMA8,7688.0,LATER,True,False,TARGET,4.0,1,1,0.3333333333333333,0.12763532763532764,3.0,1.0,2.688,7.02
46021,2026-09-08 11:48:37.004,-1,EMA8,7687.5,LATER,True,False,TARGET,2.0,1,1,0.5,0.058564231738035266,4.0,2.0,0.744,6.352
46023,2026-09-08 11:48:42.204,-1,EMA8,7687.25,LATER,True,False,TARGET,1.0,1,1,0.75,0.545016077170418,4.0,3.0,1.808,2.488
46043,2026-09-08 11:49:23.908,-1,EMA24,7682.25,LATER,True,False,TARGET,21.0,1,1,,,,,,
46049,2026-09-08 11:49:46.620,-1,EMA50,7684.25,LATER,True,False,TARGET,29.0,1,1,1.0,1.3890160183066362,4.0,4.0,2.428,1.748
46083,2026-09-08 11:56:56.552,1,EMA8,7690.25,LATER,True,False,TARGET,4.0,1,1,1.3333333333333333,0.28338123260800147,3.0,4.0,6.212,29.228
46143,2026-09-08 12:38:18.196,1,EMA50,7689.75,LATER,True,False,TARGET,10.0,1,1,,,,,,
46160,2026-09-08 12:49:20.008,-1,EMA8,7685.5,LATER,True,False,TARGET,,2,1,1.5,1.8166344294003869,4.0,6.0,75.136,62.04
46178,2026-09-08 12:50:37.784,-1,EMA24,7682.5,LATER,True,False,TARGET,14.0,4,3,1.4545454545454546,0.11981201907352258,11.0,16.0,1.74,21.124
46210,2026-09-08 12:57:11.856,-1,EMA50,7680.0,LATER,True,False,TARGET,10.0,1,1,0.25,0.09035029428517181,4.0,1.0,15.228,42.136
46226,2026-09-08 12:59:42.000,-1,EMA50,7678.5,LATER,True,False,STOP,24.0,1,1,1.3333333333333333,7.145539906103287,3.0,4.0,3.044,0.568
46270,2026-09-08 13:42:40.472,-1,EMA24,7676.5,LATER,False,False,STOP,9.0,3,6,0.5789473684210527,0.49339386750586905,19.0,11.0,305.24,358.168
46370,2026-09-08 18:06:31.928,1,EMA8,7682.75,LATER,False,False,TARGET,4.0,1,1,1.5,1.3266622006364093,2.0,3.0,63.372,71.652
46378,2026-09-08 18:33:25.552,1,EMA8,7686.0,LATER,False,False,TARGET,,2,6,0.3888888888888889,1.5922885411971757,18.0,7.0,1356.608,331.328
46386,2026-09-08 18:54:12.196,1,EMA24,7685.0,LATER,False,False,TARGET,12.0,3,1,5.0,3.499483645017174,1.0,5.0,249.404,356.344
46394,2026-09-08 19:19:04.144,1,EMA50,7684.25,LATER,False,False,TARGET,15.0,3,1,4.0,0.715571641350727,3.0,12.0,99.448,555.908
46469,2026-09-08 23:11:01.940,1,EMA24,7689.0,LATER,False,False,TARGET,10.0,3,1,2.5,0.5235715638420702,4.0,10.0,137.128,654.772
46582,2026-09-09 01:42:50.440,-1,EMA8,7681.25,LATER,False,False,TARGET,,2,5,0.3157894736842105,1.3298384508398418,19.0,6.0,472.34,112.164
46590,2026-09-09 01:48:35.632,-1,EMA8,7679.25,LATER,False,False,STOP,,1,1,0.75,0.3154613076634579,4.0,3.0,26.916,63.992
46594,2026-09-09 01:52:33.524,-1,EMA50,7682.0,LATER,False,False,TARGET,15.0,3,1,14.0,6.407462718871069,1.0,14.0,84.584,184.812
46613,2026-09-09 02:15:35.036,-1,EMA50,7680.5,LATER,False,False,TARGET,10.0,1,1,,,,,,
46646,2026-09-09 02:47:34.020,-1,EMA8,7670.5,LATER,False,False,TARGET,4.0,1,1,1.3333333333333333,2.67942147819155,3.0,4.0,23.528,11.708
46686,2026-09-09 03:02:17.304,-1,EMA24,7658.75,LATER,False,False,STOP,,3,1,3.5,0.3440133862171542,4.0,14.0,3.172,32.272
46718,2026-09-09 03:14:37.356,-1,EMA50,7660.75,LATER,False,False,TARGET,11.0,3,4,1.0,8.35605765485002,14.0,14.0,85.8,10.268
46720,2026-09-09 03:14:57.860,-1,EMA50,7660.5,LATER,False,False,TARGET,10.0,1,1,0.75,0.05644444444444444,4.0,3.0,1.016,13.5
46726,2026-09-09 03:16:47.896,-1,EMA50,7660.5,LATER,False,False,STOP,12.0,3,3,0.9166666666666666,1.063718595736466,12.0,11.0,56.104,48.348
46735,2026-09-09 03:21:54.868,1,EMA8,7664.25,LATER,False,False,STOP,,1,2,0.3333333333333333,0.7402621899462417,9.0,3.0,94.188,42.412
46774,2026-09-09 03:49:05.216,-1,EMA8,7653.25,LATER,False,False,TARGET,,1,1,0.6666666666666666,0.4520994700366898,3.0,2.0,13.308,19.624
46781,2026-09-09 03:50:27.116,-1,EMA8,7653.0,LATER,False,False,TARGET,,1,1,1.0,0.6953354632587859,1.0,1.0,21.764,31.3
46784,2026-09-09 03:51:19.188,-1,EMA8,7651.75,LATER,False,False,TARGET,,1,2,0.3333333333333333,1.381331211880138,9.0,3.0,41.672,10.056
46795,2026-09-09 03:56:11.916,-1,EMA24,7651.5,LATER,False,False,TARGET,16.0,2,1,5.0,2.1337778703896646,1.0,5.0,24.576,57.588
46801,2026-09-09 03:59:54.008,-1,EMA24,7650.5,LATER,False,False,TARGET,12.0,2,4,0.75,0.4271903441271826,12.0,9.0,58.328,102.404
46811,2026-09-09 04:02:37.028,-1,EMA50,7651.25,LATER,False,False,TARGET,8.0,2,1,2.6666666666666665,0.6661467810415042,3.0,8.0,7.688,30.776
46889,2026-09-09 04:49:05.652,1,EMA8,7658.25,LATER,False,False,TARGET,,2,7,0.3,36.91960784313726,30.0,9.0,150.632,1.224
46894,2026-09-09 04:49:43.496,1,EMA24,7657.25,LATER,False,False,TARGET,11.0,3,2,1.625,0.23107798165137616,8.0,13.0,1.86,13.08
46917,2026-09-09 04:51:30.520,1,EMA50,7659.5,LATER,False,False,STOP,11.0,1,1,1.0,5.989473684210527,4.0,4.0,22.76,3.8
46940,2026-09-09 05:04:56.740,-1,EMA8,7650.25,LATER,False,False,TARGET,,1,3,0.25,1.3323026180169038,8.0,2.0,103.408,19.404
46988,2026-09-09 05:42:22.532,1,EMA8,7652.5,LATER,False,False,TARGET,7.0,3,1,7.0,3.8554712065402925,1.0,7.0,98.092,178.096
46990,2026-09-09 05:43:50.436,1,EMA50,7652.0,LATER,False,False,TARGET,9.0,1,1,1.0,1.2235596212485957,4.0,4.0,30.496,24.924
46999,2026-09-09 05:55:57.324,1,EMA8,7655.0,LATER,False,False,TARGET,7.0,1,1,2.0,11.164755977726825,2.0,4.0,68.172,12.212
47013,2026-09-09 06:09:30.760,1,EMA24,7656.75,LATER,False,False,TARGET,11.0,4,5,0.8235294117647058,0.32990769306812423,17.0,14.0,160.188,399.868
47015,2026-09-09 06:11:31.372,1,EMA24,7656.5,LATER,False,False,TARGET,12.0,1,1,1.0,0.11134127395132057,4.0,4.0,9.46,84.964
47038,2026-09-09 06:30:04.576,1,EMA24,7659.5,LATER,False,False,STOP,8.0,3,2,4.0,33.06105263157895,2.0,8.0,15.704,1.9
47095,2026-09-09 06:35:30.800,1,EMA24,7660.0,LATER,True,False,TARGET,15.0,1,1,1.0,0.6450617283950617,3.0,3.0,2.508,3.888
47278,2026-09-09 07:17:40.312,-1,EMA8,7652.0,LATER,True,False,TARGET,3.0,1,1,1.0,0.2933104631217839,4.0,4.0,4.104,13.992
47280,2026-09-09 07:18:01.908,-1,EMA8,7651.75,LATER,True,False,TARGET,2.0,1,1,0.75,0.05907975460122699,4.0,3.0,1.284,16.3
47314,2026-09-09 07:24:52.240,-1,EMA8,7647.0,LATER,True,False,TARGET,,1,2,0.1111111111111111,0.3232804232804233,9.0,1.0,2.444,0.84
47317,2026-09-09 07:24:58.740,-1,EMA8,7646.25,LATER,True,False,TARGET,,1,2,0.8,4.073126142595978,5.0,4.0,11.14,2.188
47320,2026-09-09 07:25:07.004,-1,EMA8,7645.75,LATER,True,False,STOP,,1,2,0.5,0.5684848484848485,8.0,4.0,3.752,3.3
47358,2026-09-09 07:32:32.248,1,EMA24,7657.25,LATER,True,False,STOP,12.0,2,2,1.0,0.6812895327484187,9.0,9.0,13.356,19.604
47362,2026-09-09 07:33:37.800,1,EMA50,7656.0,LATER,True,False,TARGET,9.0,3,1,4.0,0.6810392482034273,2.0,8.0,9.856,57.888
47427,2026-09-09 07:55:02.740,1,EMA50,7657.5,LATER,True,False,TARGET,8.0,1,1,2.0,1.5898892360124965,1.0,2.0,22.392,28.168
47474,2026-09-09 08:01:48.604,-1,EMA8,7652.75,LATER,False,False,TARGET,1.0,1,2,1.0,2.617554858934169,2.0,2.0,3.34,1.276
47482,2026-09-09 08:02:26.496,-1,EMA24,7654.5,LATER,False,False,TARGET,13.0,3,1,2.0,0.0979765708200213,4.0,8.0,0.92,18.78
47498,2026-09-09 08:04:25.228,-1,EMA8,7648.0,LATER,False,False,STOP,,1,4,0.4,1.425820962663068,10.0,4.0,31.696,8.892
47520,2026-09-09 08:08:26.468,-1,EMA24,7647.25,LATER,False,False,TARGET,7.0,2,1,6.0,2.3461397731430664,1.0,6.0,12.824,32.796
47553,2026-09-09 08:14:37.404,-1,EMA24,7636.75,LATER,False,False,TARGET,12.0,2,2,5.0,4.431679853925746,1.0,5.0,23.3,26.288
47596,2026-09-09 08:25:28.112,-1,EMA8,7630.5,LATER,False,False,STOP,,2,2,1.0,2.5717340590979783,8.0,8.0,52.916,20.576
47603,2026-09-09 08:27:04.568,-1,EMA24,7633.0,LATER,False,False,TARGET,16.0,3,1,4.0,3.6517507097471946,2.0,8.0,27.012,29.588
47643,2026-09-09 08:36:05.944,1,EMA8,7641.25,LATER,False,False,TARGET,,1,1,0.5,0.7455645161290324,4.0,2.0,14.792,9.92
47737,2026-09-09 09:13:25.836,-1,EMA24,7637.5,LATER,False,False,TARGET,14.0,3,1,,,,,,
47771,2026-09-09 09:36:32.504,1,EMA8,7640.75,LATER,False,False,TARGET,,2,3,0.35714285714285715,0.40092531608667953,14.0,5.0,118.824,105.848
47773,2026-09-09 09:38:19.532,1,EMA8,7640.25,LATER,False,False,TARGET,8.0,1,1,2.0,1.681783633139093,2.0,4.0,26.552,31.576
47797,2026-09-09 09:54:30.684,1,EMA8,7647.5,LATER,False,False,STOP,,2,1,2.0,0.20700425934690014,3.0,6.0,17.496,169.04
47799,2026-09-09 09:55:17.816,1,EMA8,7647.25,LATER,False,False,STOP,,1,1,1.3333333333333333,2.023975361288794,3.0,4.0,42.716,28.14
47801,2026-09-09 09:56:01.592,1,EMA24,7646.25,LATER,False,False,TARGET,,1,1,1.3333333333333333,1.215099168266155,3.0,4.0,18.992,20.84
47815,2026-09-09 10:02:16.080,1,EMA8,7649.25,LATER,False,False,STOP,,1,2,0.5714285714285714,0.4260826281732205,7.0,4.0,0.856,1.148
47819,2026-09-09 10:02:51.856,1,EMA24,7648.0,LATER,False,False,STOP,9.0,3,1,8.0,2.746386333771353,1.0,8.0,8.36,24.352
47924,2026-09-09 11:50:52.012,1,EMA24,7650.75,LATER,True,False,TARGET,10.0,3,6,0.47619047619047616,0.6302183575058175,21.0,10.0,489.992,370.236
47965,2026-09-09 12:45:27.720,-1,EMA8,7648.0,LATER,True,False,TARGET,7.0,3,4,0.5294117647058824,1.7137785803614993,17.0,9.0,407.452,125.868
47987,2026-09-09 12:56:49.956,-1,EMA24,7644.5,LATER,True,False,TARGET,12.0,3,4,0.7647058823529411,0.5334539297326695,17.0,13.0,42.556,61.004
47992,2026-09-09 12:59:01.940,-1,EMA24,7644.0,LATER,True,False,TARGET,10.0,2,3,1.0,5.809539052496799,8.0,8.0,145.192,24.992
48004,2026-09-09 13:02:05.988,-1,EMA50,7644.5,LATER,False,False,TARGET,11.0,1,2,0.6666666666666666,37.43421052631579,6.0,4.0,34.14,0.608
48029,2026-09-09 15:03:48.724,1,EMA24,7648.25,LATER,False,False,STOP,12.0,3,0,,,,,,
48033,2026-09-09 15:10:27.612,1,EMA50,7647.75,LATER,False,False,NONE,14.0,1,1,,,,,,
48038,2026-09-09 15:35:36.964,1,EMA50,7647.5,LATER,False,False,TARGET,3.0,1,1,0.6666666666666666,0.45312175897116785,3.0,2.0,69.904,102.848
48058,2026-09-09 17:04:21.904,1,EMA8,7652.0,LATER,False,False,TARGET,5.0,1,2,1.0,1.3699348945680694,4.0,4.0,56.392,41.164
48066,2026-09-09 17:15:28.192,1,EMA24,7652.25,LATER,False,False,TARGET,10.0,4,4,1.0833333333333333,3.076728365764911,12.0,13.0,574.464,202.272
48073,2026-09-09 17:26:35.784,1,EMA8,7654.5,LATER,False,False,TARGET,,2,2,0.625,1.1075250531721244,8.0,5.0,369.924,208.756
48098,2026-09-09 18:10:00.616,-1,EMA50,7649.0,LATER,False,False,TARGET,7.0,1,1,,,,,,
48107,2026-09-09 18:20:17.100,-1,EMA50,7649.25,LATER,False,False,TARGET,9.0,3,1,3.0,0.3440325743545048,3.0,9.0,33.684,293.728
48157,2026-09-09 20:00:36.368,1,EMA8,7655.0,LATER,False,False,TARGET,3.0,1,1,0.6666666666666666,0.8322592501061409,3.0,2.0,262.676,210.412
48162,2026-09-09 20:20:30.500,1,EMA8,7655.75,LATER,False,False,STOP,,1,1,0.6666666666666666,1.5506118191762701,3.0,2.0,243.812,104.824
48166,2026-09-09 20:29:03.156,1,EMA50,7653.25,LATER,False,False,TARGET,14.0,3,1,12.0,15.871020442359251,1.0,12.0,505.164,381.952
48190,2026-09-09 22:14:47.772,1,EMA8,7659.25,LATER,False,False,TARGET,,1,2,0.6666666666666666,0.8725281241434092,6.0,4.0,311.948,238.348
48199,2026-09-09 22:41:46.844,1,EMA8,7664.0,LATER,False,False,TARGET,,1,3,0.375,0.7539496397478234,8.0,3.0,321.46,159.888
48201,2026-09-09 22:45:24.868,1,EMA8,7664.0,LATER,False,False,TARGET,4.0,1,1,4.0,4.50398036201794,1.0,4.0,196.324,174.356
48210,2026-09-09 23:00:25.276,1,EMA8,7663.75,LATER,False,False,STOP,8.0,1,2,0.42857142857142855,2.8550330535890107,7.0,3.0,243.58,36.564
48253,2026-09-10 00:33:37.540,-1,EMA8,7658.0,LATER,False,False,TARGET,,1,7,0.14814814814814814,1.4919087698680171,27.0,4.0,517.94,51.432
48259,2026-09-10 00:39:21.140,-1,EMA24,7659.0,LATER,False,False,TARGET,10.0,2,1,,,,,,
48267,2026-09-10 00:49:18.816,-1,EMA50,7660.0,LATER,False,False,TARGET,10.0,1,2,1.3333333333333333,2.203102136376939,3.0,4.0,112.92,68.34
48300,2026-09-10 01:27:43.792,-1,EMA50,7658.75,LATER,False,False,STOP,9.0,1,1,1.0,1.5372925907672088,4.0,4.0,149.72,97.392
48321,2026-09-10 01:48:50.020,-1,EMA8,7654.25,LATER,False,False,TARGET,,2,4,0.3333333333333333,0.546052848341076,15.0,5.0,265.172,161.872
48331,2026-09-10 02:05:49.636,-1,EMA24,7654.25,LATER,False,False,TARGET,,1,1,,,,,,
48333,2026-09-10 02:08:32.380,-1,EMA24,7653.75,LATER,False,False,TARGET,,1,1,1.0,1.0107841952634122,1.0,1.0,133.844,132.416
48361,2026-09-10 02:50:05.512,-1,EMA50,7651.25,LATER,False,False,STOP,21.0,1,1,1.0,0.8022754021184778,2.0,2.0,24.54,30.588
48449,2026-09-10 04:05:55.724,-1,EMA8,7646.5,LATER,False,False,TARGET,8.0,3,3,0.75,0.6745049176851091,12.0,9.0,135.696,150.884
48456,2026-09-10 04:10:53.924,-1,EMA8,7644.75,LATER,False,False,TARGET,4.0,1,1,0.25,0.2671361502347418,4.0,1.0,45.52,42.6
48464,2026-09-10 04:18:43.288,-1,EMA8,7644.5,LATER,False,False,TARGET,7.0,1,2,1.0,6.372306883867577,4.0,4.0,194.024,30.448
48497,2026-09-10 04:56:46.396,-1,EMA8,7635.25,LATER,False,False,TARGET,,1,5,0.26666666666666666,1.9362423512889957,15.0,4.0,96.512,13.292
48507,2026-09-10 05:00:11.664,-1,EMA8,7633.25,LATER,False,False,TARGET,,1,3,0.18181818181818182,1.370195150798344,11.0,2.0,101.948,13.528
48519,2026-09-10 05:03:17.968,-1,EMA24,7633.0,LATER,False,False,TARGET,13.0,1,1,,,,,,
48529,2026-09-10 05:07:38.780,-1,EMA8,7630.25,LATER,False,False,TARGET,,2,2,0.7142857142857143,0.6430402930402931,7.0,5.0,28.088,31.2
48534,2026-09-10 05:11:08.444,-1,EMA8,7629.5,LATER,False,False,STOP,,1,2,0.42857142857142855,0.7795844290529278,7.0,3.0,112.256,61.712
48537,2026-09-10 05:12:52.004,-1,EMA24,7630.25,LATER,False,False,STOP,,2,1,2.3333333333333335,0.4996269584680427,3.0,7.0,17.22,80.42
48541,2026-09-10 05:15:01.228,-1,EMA50,7633.0,LATER,False,False,TARGET,13.0,3,1,3.25,0.7921652481671864,4.0,13.0,23.14,94.936
48638,2026-09-10 05:30:41.792,-1,EMA8,7622.0,LATER,False,False,TARGET,,2,2,0.75,0.9607641741988495,8.0,6.0,6.236,4.868
48641,2026-09-10 05:31:00.232,-1,EMA8,7621.25,LATER,False,False,TARGET,3.0,1,2,0.5,0.45975503062117234,6.0,3.0,8.408,9.144
48645,2026-09-10 05:31:40.660,-1,EMA8,7620.75,LATER,False,False,TARGET,,2,2,0.5714285714285714,0.34181136150501573,7.0,4.0,12.028,20.108
48655,2026-09-10 05:32:31.436,-1,EMA8,7616.75,LATER,False,False,TARGET,,1,2,0.375,0.8411367595818816,8.0,3.0,10.3,4.592
48717,2026-09-10 05:41:26.072,-1,EMA24,7607.0,LATER,False,False,TARGET,10.0,3,1,2.6666666666666665,0.9410618606916707,3.0,8.0,11.592,32.848
48734,2026-09-10 05:43:48.016,-1,EMA8,7600.75,LATER,False,False,TARGET,,2,5,0.38095238095238093,0.6397448870082483,21.0,8.0,31.296,18.636
48737,2026-09-10 05:44:12.572,-1,EMA8,7599.75,LATER,False,False,STOP,3.0,1,2,0.3333333333333333,0.842557141199675,6.0,2.0,29.048,11.492
48741,2026-09-10 05:45:12.188,-1,EMA24,7602.25,LATER,False,False,TARGET,13.0,3,1,3.6666666666666665,0.3485807556033282,3.0,11.0,3.184,33.492
48810,2026-09-10 05:58:57.632,-1,EMA50,7601.5,LATER,False,False,STOP,8.0,1,1,1.0,0.7456445993031359,4.0,4.0,4.28,5.74
48841,2026-09-10 06:06:17.336,1,EMA24,7606.5,LATER,False,False,STOP,8.0,3,1,2.0,0.2863643751015765,4.0,8.0,3.524,24.612
48871,2026-09-10 06:15:56.716,-1,EMA24,7602.25,LATER,False,False,TARGET,,2,5,0.8181818181818182,2.0430025961815828,11.0,9.0,84.988,34.036
48881,2026-09-10 06:19:38.280,-1,EMA24,7600.75,LATER,False,False,TARGET,,2,4,0.6,0.47280913330117386,10.0,6.0,58.808,74.628
48883,2026-09-10 06:20:16.476,-1,EMA50,7601.5,LATER,False,False,TARGET,10.0,1,1,2.0,3.2940575515068957,2.0,4.0,38.692,23.492
48885,2026-09-10 06:20:40.972,-1,EMA50,7601.25,LATER,False,False,TARGET,9.0,1,1,3.0,3.892693258030356,1.0,3.0,14.704,11.332
48902,2026-09-10 06:28:00.120,-1,EMA24,7598.5,LATER,False,True,TARGET,10.0,3,1,5.0,1.7683118516189877,2.0,10.0,45.0,127.24
48906,2026-09-10 06:28:45.292,-1,EMA24,7598.0,LATER,False,False,STOP,8.0,2,2,0.3333333333333333,0.028871820014163534,9.0,3.0,2.12,24.476
48913,2026-09-10 06:29:56.640,-1,EMA50,7599.0,LATER,False,False,STOP,11.0,1,1,1.0,5.291319857312724,2.0,2.0,17.8,3.364
49153,2026-09-10 06:52:34.576,-1,EMA8,7592.75,LATER,False,False,STOP,,2,2,0.6666666666666666,0.31511651886987,6.0,4.0,9.168,19.396
49155,2026-09-10 06:52:46.128,-1,EMA8,7593.25,LATER,False,False,STOP,6.0,1,1,1.0,1.204887218045113,3.0,3.0,5.128,4.256
49181,2026-09-10 06:56:35.136,-1,EMA8,7588.75,LATER,False,True,STOP,,2,5,0.3333333333333333,1.3846957182189312,21.0,7.0,58.34,14.044
49183,2026-09-10 06:56:41.960,-1,EMA8,7588.75,LATER,False,False,STOP,6.0,1,1,2.0,9.342105263157894,2.0,4.0,2.84,0.608
49225,2026-09-10 07:03:22.308,1,EMA24,7593.75,LATER,True,False,TARGET,9.0,3,1,2.6666666666666665,0.6130851663846588,3.0,8.0,4.348,18.912
49284,2026-09-10 07:15:00.524,1,EMA24,7593.5,LATER,True,False,STOP,11.0,1,1,,,,,,
49301,2026-09-10 07:17:40.148,1,EMA50,7593.75,LATER,True,False,TARGET,13.0,3,1,,,,,,
49330,2026-09-10 07:22:38.468,1,EMA8,7602.75,LATER,True,False,TARGET,,2,4,0.625,1.4109939552136284,8.0,5.0,65.732,29.116
49366,2026-09-10 07:24:50.576,1,EMA24,7613.25,LATER,True,False,TARGET,27.0,3,1,,,,,,
49391,2026-09-10 07:25:35.384,1,EMA24,7616.5,LATER,True,False,STOP,14.0,2,2,1.0,0.9770569620253164,8.0,8.0,4.94,5.056
49399,2026-09-10 07:26:02.740,1,EMA50,7615.0,LATER,True,False,STOP,13.0,2,1,1.25,0.6423821039903265,4.0,5.0,5.1,9.924
49419,2026-09-10 07:27:47.396,-1,EMA8,7609.0,LATER,True,False,TARGET,4.0,1,1,2.0,6.241331484049931,2.0,4.0,9.0,2.884
49446,2026-09-10 07:33:01.672,-1,EMA50,7608.25,LATER,True,False,STOP,10.0,1,4,0.2857142857142857,5.107932812240146,14.0,4.0,61.428,3.436
49462,2026-09-10 07:36:31.752,1,EMA8,7612.25,LATER,True,False,TARGET,,1,5,0.21428571428571427,2.3443211785032285,14.0,3.0,68.748,6.284
49466,2026-09-10 07:37:39.740,1,EMA8,7613.25,LATER,True,False,TARGET,,2,2,0.8,0.8087990487514862,5.0,4.0,40.812,40.368
49470,2026-09-10 07:38:48.388,1,EMA8,7614.75,LATER,True,False,STOP,,1,3,0.3333333333333333,3.5054006531022357,12.0,4.0,55.82,5.308
49479,2026-09-10 07:41:08.528,1,EMA50,7612.5,LATER,True,False,TARGET,,1,2,0.0,0.0,6.0,0.0,28.208,9.076
49481,2026-09-10 07:41:46.768,1,EMA50,7612.75,LATER,True,False,STOP,4.0,1,1,,,,,,
49497,2026-09-10 07:45:49.448,-1,EMA8,7606.5,LATER,True,False,TARGET,,1,2,0.3333333333333333,0.18300159570000837,6.0,2.0,8.716,15.876
49502,2026-09-10 07:46:30.040,-1,EMA24,7608.5,LATER,True,False,TARGET,13.0,3,2,2.6,2.962683093771389,5.0,13.0,33.296,29.22
49504,2026-09-10 07:47:03.364,-1,EMA50,7608.25,LATER,True,False,TARGET,12.0,1,1,1.0,0.2615979381443299,1.0,1.0,4.872,18.624
49517,2026-09-10 07:49:49.124,-1,EMA50,7607.25,LATER,True,False,TARGET,14.0,1,1,0.75,1.151753325272068,4.0,3.0,10.16,6.616
49546,2026-09-10 07:56:08.248,1,EMA50,7609.5,LATER,True,False,TARGET,10.0,3,3,1.2,0.6247534715234454,10.0,12.0,31.044,59.628
49557,2026-09-10 07:58:52.388,1,EMA8,7613.25,LATER,True,False,STOP,,2,2,0.8333333333333334,0.3431069605621553,6.0,5.0,23.984,58.252
49708,2026-09-10 08:50:00.140,-1,EMA24,7610.5,LATER,False,False,TARGET,15.0,3,7,0.6086956521739131,1.06180082388083,23.0,14.0,186.468,106.896
49711,2026-09-10 08:50:59.048,-1,EMA8,7608.75,LATER,False,False,STOP,8.0,1,2,0.2222222222222222,0.08249373255758952,9.0,2.0,10.464,28.188
49758,2026-09-10 09:04:46.076,-1,EMA50,7605.75,LATER,False,False,TARGET,,2,2,0.875,0.3413716371637163,8.0,7.0,15.604,39.996
49774,2026-09-10 09:10:50.532,-1,EMA8,7600.0,LATER,False,False,TARGET,,1,2,0.5,4.46078431372549,8.0,4.0,34.58,3.876
49786,2026-09-10 09:16:21.956,-1,EMA50,7602.5,LATER,False,False,TARGET,10.0,3,2,1.5,0.3488689393340188,6.0,9.0,23.524,101.144
49807,2026-09-10 09:29:29.612,-1,EMA24,7599.0,LATER,False,False,STOP,,2,4,0.5384615384615384,1.2271359002980753,13.0,7.0,285.828,125.42
49812,2026-09-10 09:32:01.956,-1,EMA50,7600.75,LATER,False,False,STOP,14.0,1,1,,,,,,
49823,2026-09-10 09:34:16.312,-1,EMA24,7598.5,LATER,False,True,TARGET,9.0,3,5,0.4,24.275736961451244,25.0,10.0,107.056,1.764
49859,2026-09-10 09:40:50.168,1,EMA8,7601.75,LATER,False,False,TARGET,7.0,1,2,0.375,1.320578580221584,8.0,3.0,34.328,9.748
49978,2026-09-10 10:27:39.044,-1,EMA8,7605.5,LATER,False,False,TARGET,,1,1,1.0,0.5805802930192473,4.0,4.0,8.084,13.924
50006,2026-09-10 10:44:38.392,-1,EMA24,7602.75,LATER,False,False,TARGET,12.0,4,6,0.5555555555555556,0.3913346261753868,27.0,15.0,187.912,266.768
50008,2026-09-10 10:45:12.468,-1,EMA24,7603.25,LATER,False,False,TARGET,14.0,1,1,1.0,1.1593142857142857,4.0,4.0,20.288,17.5
50016,2026-09-10 10:52:55.548,-1,EMA50,7603.75,LATER,False,False,TARGET,16.0,1,1,2.0,0.8706579485083775,2.0,4.0,17.044,39.152
50042,2026-09-10 11:04:50.848,-1,EMA8,7599.0,LATER,True,False,TARGET,,1,8,0.15384615384615385,0.4918416826726283,26.0,4.0,156.204,48.86
50059,2026-09-10 11:14:45.524,-1,EMA24,7597.25,LATER,True,False,TARGET,12.0,3,1,10.0,4.40932692617796,1.0,10.0,54.688,124.028
50127,2026-09-10 11:51:44.700,1,EMA8,7602.0,LATER,True,False,TARGET,,1,1,0.75,0.27313284864507603,4.0,3.0,2.204,6.052
50133,2026-09-10 11:52:44.916,1,EMA24,7601.0,LATER,True,False,TARGET,10.0,1,1,,,,,,
50153,2026-09-10 12:00:30.600,-1,EMA8,7596.0,LATER,True,False,TARGET,9.0,2,3,0.5,1.65521327014218,10.0,5.0,50.292,15.192
50166,2026-09-10 12:07:50.900,-1,EMA24,7595.0,LATER,True,False,TARGET,9.0,3,2,1.6666666666666667,0.7651500967359421,6.0,10.0,68.656,149.548
50194,2026-09-10 12:19:04.476,-1,EMA8,7594.5,LATER,True,False,TARGET,7.0,1,3,0.26666666666666666,2.740943683409437,15.0,4.0,54.024,5.256
50198,2026-09-10 12:20:45.504,-1,EMA24+EMA50,7595.5,LATER,True,False,TARGET,9.0,3,1,,,,,,
50206,2026-09-10 12:28:11.124,-1,EMA50,7595.5,LATER,True,False,TARGET,9.0,1,1,,,,,,
50231,2026-09-10 12:42:01.420,1,EMA8,7600.75,LATER,True,False,TARGET,,1,1,0.75,0.7144194756554306,4.0,3.0,21.364,22.428
50240,2026-09-10 12:47:16.960,1,EMA50,7599.25,LATER,True,False,TARGET,12.0,3,2,2.142857142857143,2.2944756150194214,7.0,15.0,70.884,66.2
50324,2026-09-10 13:19:00.608,1,EMA8,7605.0,LATER,False,False,STOP,,1,2,0.8,20.096514745308312,5.0,4.0,187.4,7.46
50402,2026-09-10 17:01:09.112,-1,EMA24,7598.0,LATER,False,False,STOP,,3,1,3.75,0.42964989059080955,4.0,15.0,5.236,45.7
50418,2026-09-10 17:10:14.068,1,EMA8,7604.5,LATER,False,False,TARGET,,2,6,0.3333333333333333,0.7214578612280135,21.0,7.0,213.944,98.848
50425,2026-09-10 17:17:07.060,1,EMA8,7605.5,LATER,False,False,STOP,3.0,1,1,0.75,0.2144024700326916,4.0,3.0,28.332,99.108
50440,2026-09-10 17:34:35.000,1,EMA24,7606.5,LATER,False,False,TARGET,,2,1,1.75,0.7437534924562944,4.0,7.0,63.888,150.324
50450,2026-09-10 17:42:53.204,1,EMA24,7608.5,LATER,False,False,TARGET,16.0,4,6,0.8260869565217391,1.6251161625453592,23.0,19.0,437.004,222.14
50465,2026-09-10 18:09:40.608,1,EMA8,7614.5,LATER,False,False,TARGET,7.0,3,2,0.75,0.3896074516675764,8.0,6.0,144.668,278.488
50552,2026-09-10 20:40:01.144,-1,EMA24,7600.5,LATER,False,False,STOP,10.0,3,4,0.5833333333333334,0.5705009298843079,12.0,7.0,269.948,276.02
50568,2026-09-10 20:59:25.408,-1,EMA50,7601.75,LATER,False,False,TARGET,10.0,1,1,1.3333333333333333,0.6611532943205818,3.0,4.0,41.012,82.708
50572,2026-09-10 21:01:31.532,-1,EMA50,7601.25,LATER,False,False,TARGET,13.0,1,3,0.5,8.694430506773706,10.0,5.0,138.624,7.972
50598,2026-09-10 21:24:08.136,1,EMA8,7606.75,LATER,False,False,TARGET,,1,3,0.4,1.5273983178253627,5.0,2.0,375.908,98.444
50621,2026-09-10 22:14:40.832,1,EMA8,7615.0,LATER,False,False,TARGET,,2,2,1.0,2.2002400213352296,6.0,6.0,198.004,89.992
50627,2026-09-10 22:22:48.964,1,EMA24,7614.25,LATER,False,False,STOP,11.0,1,1,1.3333333333333333,1.3023712791099074,3.0,4.0,98.092,100.424
50641,2026-09-10 22:46:01.688,1,EMA8,7619.0,LATER,False,False,TARGET,,2,9,0.2903225806451613,6.215770474725328,31.0,9.0,912.232,42.608
50658,2026-09-10 23:01:36.016,1,EMA8,7626.0,LATER,False,False,STOP,6.0,3,2,1.2857142857142858,0.7599422423028552,7.0,9.0,72.512,122.68
50663,2026-09-10 23:06:16.812,1,EMA24,7623.75,LATER,False,False,TARGET,12.0,3,2,2.1666666666666665,1.7647417405041557,6.0,13.0,126.488,155.296
50677,2026-09-10 23:14:47.304,1,EMA8,7628.25,LATER,False,False,STOP,,1,3,0.07142857142857142,1.030612244897959,14.0,1.0,63.832,4.424
50682,2026-09-10 23:19:50.188,1,EMA24,7627.75,LATER,False,False,TARGET,7.0,2,1,2.0,0.38010987987708356,4.0,8.0,24.492,128.868
50715,2026-09-10 23:52:22.464,1,EMA8,7630.75,LATER,False,False,TARGET,,2,6,0.36,0.6787803464187168,25.0,9.0,325.264,172.508
50717,2026-09-10 23:57:35.452,1,EMA8,7631.0,LATER,False,False,TARGET,5.0,1,1,0.5,0.21109047409179624,4.0,2.0,53.644,127.064
50720,2026-09-11 00:00:11.092,1,EMA8,7631.5,LATER,False,False,TARGET,3.0,1,2,0.5714285714285714,3.5827903531568177,7.0,4.0,285.38,45.516
50723,2026-09-11 00:04:02.380,1,EMA8,7631.75,LATER,False,False,TARGET,,1,2,0.75,0.26593492311121014,4.0,3.0,50.912,143.584
50730,2026-09-11 00:10:12.044,1,EMA24,7631.75,LATER,False,False,TARGET,6.0,2,2,2.6666666666666665,5.530521158428135,3.0,8.0,164.804,79.464
50765,2026-09-11 00:45:00.956,-1,EMA8,7626.25,LATER,False,False,TARGET,,1,2,0.6,4.421052631578948,5.0,3.0,246.4,33.44
50769,2026-09-11 00:57:21.728,-1,EMA24,7626.25,LATER,False,False,STOP,,2,2,1.25,1.208177256498206,4.0,5.0,440.716,455.972
50895,2026-09-11 02:01:23.008,1,EMA8,7645.5,LATER,False,False,TARGET,,1,8,0.19047619047619047,6.251649601820249,21.0,4.0,384.664,11.72
50951,2026-09-11 03:08:26.620,1,EMA8,7644.25,LATER,False,False,STOP,,1,3,0.3333333333333333,1.2309331969135011,9.0,3.0,115.496,31.276
50954,2026-09-11 03:13:39.444,1,EMA24,7642.75,LATER,False,False,STOP,11.0,2,1,,,,,,
50986,2026-09-11 04:20:41.336,-1,EMA24,7637.75,LATER,False,False,TARGET,9.0,2,1,2.25,1.9784527950207196,4.0,9.0,211.348,240.356
51052,2026-09-11 05:23:31.396,1,EMA8,7645.75,LATER,False,False,STOP,,2,2,1.0,1.9667915825886422,5.0,5.0,136.456,69.38
51056,2026-09-11 05:25:34.296,1,EMA24,7644.0,LATER,False,False,TARGET,11.0,3,1,2.5,0.21950847531482853,4.0,10.0,8.06,91.796
51067,2026-09-11 05:27:16.416,1,EMA8,7649.0,LATER,False,False,TARGET,,2,1,2.0,1.4921681780708984,3.0,6.0,3.62,4.852
51075,2026-09-11 05:28:55.692,1,EMA8,7650.75,LATER,False,False,TARGET,,2,4,0.6923076923076923,0.7851953478220199,13.0,9.0,44.768,39.472
51077,2026-09-11 05:29:24.448,1,EMA8,7650.5,LATER,False,False,TARGET,7.0,1,1,1.0,1.9934497816593886,4.0,4.0,10.956,5.496
51092,2026-09-11 05:29:46.724,1,EMA24,7653.75,LATER,False,False,TARGET,11.0,3,2,11.0,0.2708498808578237,1.0,11.0,0.124,5.036
51196,2026-09-11 05:30:01.496,-1,EMA8,7636.0,LATER,False,True,NONE,14.0,1,8,0.18181818181818182,0.987012987012987,33.0,6.0,0.152,0.028
51204,2026-09-11 05:30:01.552,-1,EMA8,7632.75,LATER,False,True,NONE,,1,1,1.5,,2.0,3.0,0.044,0.0
51239,2026-09-11 05:30:02.528,1,EMA8,7639.0,LATER,False,True,STOP,,2,5,0.3333333333333333,2.5416666666666665,27.0,9.0,0.244,0.032
51283,2026-09-11 05:30:08.824,-1,EMA24,7626.0,LATER,False,True,NONE,12.0,3,1,2.25,0.35156250000000006,4.0,9.0,0.14,0.896
51287,2026-09-11 05:30:08.828,-1,EMA24,7625.5,LATER,False,True,STOP,10.0,2,2,1.0,33.0,8.0,8.0,0.132,0.004
51367,2026-09-11 05:30:38.524,1,EMA50,7632.5,LATER,False,False,TARGET,4.0,1,2,4.0,19.16417910447761,1.0,4.0,1.284,0.268
51384,2026-09-11 05:30:59.192,-1,EMA8,7627.75,LATER,False,False,STOP,,2,6,0.2916666666666667,1.3105748074807482,24.0,7.0,10.892,2.424
51401,2026-09-11 05:31:26.012,-1,EMA50,7629.0,LATER,False,False,STOP,13.0,3,2,1.4444444444444444,1.6940287226001511,9.0,13.0,3.448,2.94
51433,2026-09-11 05:32:27.824,1,EMA8,7637.0,LATER,False,False,TARGET,,1,3,0.25,0.7995495495495495,8.0,2.0,9.94,3.108
51447,2026-09-11 05:33:05.168,1,EMA24,7638.25,LATER,False,False,TARGET,13.0,1,1,0.0,0.0,1.0,0.0,0.96,6.976
51457,2026-09-11 05:33:45.376,1,EMA8,7641.0,LATER,False,False,TARGET,,2,4,0.5454545454545454,1.5724786509566535,11.0,6.0,19.396,6.728
51496,2026-09-11 05:37:00.240,1,EMA24,7646.0,LATER,False,False,TARGET,11.0,2,2,5.0,28.88036809815951,2.0,10.0,15.064,2.608
51572,2026-09-11 05:53:34.144,1,EMA8,7665.75,LATER,False,False,TARGET,,2,1,2.0,1.0640608034744843,4.0,8.0,7.84,14.736
51584,2026-09-11 05:57:43.920,1,EMA8,7671.25,LATER,False,False,TARGET,,1,2,0.75,0.7607922803453528,4.0,3.0,23.968,23.628
51664,2026-09-11 06:19:04.568,-1,EMA24,7667.75,LATER,False,False,TARGET,8.0,2,1,2.5,0.35395558821985407,2.0,5.0,10.788,76.196
51721,2026-09-11 06:30:36.532,-1,EMA8,7662.0,LATER,False,False,TARGET,2.0,1,3,0.25,0.4354111405835544,4.0,1.0,13.132,7.54
51771,2026-09-11 06:33:40.784,1,EMA8,7668.5,LATER,True,False,TARGET,,1,3,0.42857142857142855,2.228058936579116,7.0,3.0,13.912,2.676
51779,2026-09-11 06:34:07.060,1,EMA8,7672.25,LATER,True,False,TARGET,,1,1,0.75,0.6006637168141593,4.0,3.0,2.172,2.712
51783,2026-09-11 06:34:39.740,1,EMA8,7673.5,LATER,True,False,TARGET,,1,3,0.5,1.6433070866141732,4.0,2.0,16.696,5.08
51794,2026-09-11 06:35:38.752,1,EMA8,7677.5,LATER,True,False,STOP,,1,1,1.0,1.6565132858068696,3.0,3.0,10.224,6.172
51874,2026-09-11 06:41:06.428,-1,EMA50,7671.5,LATER,True,False,STOP,11.0,3,1,2.5,0.19302152932442465,4.0,10.0,0.832,10.776
51890,2026-09-11 06:42:18.132,-1,EMA8,7669.5,LATER,True,False,NONE,21.0,1,6,0.17391304347826086,2.0612183534788624,23.0,4.0,34.276,2.892
51897,2026-09-11 06:42:42.156,-1,EMA50,7670.25,LATER,True,False,TARGET,7.0,1,1,1.0,0.8106884057971014,2.0,2.0,3.58,4.416
51899,2026-09-11 06:42:52.004,-1,EMA50,7670.0,LATER,True,False,TARGET,6.0,1,1,3.0,2.1577899452463916,1.0,3.0,5.78,8.036
51901,2026-09-11 06:43:05.684,-1,EMA50,7670.0,LATER,True,False,TARGET,6.0,1,1,1.0,0.285264483627204,4.0,4.0,1.812,6.352
51995,2026-09-11 06:50:25.616,-1,EMA50,7668.5,LATER,False,False,TARGET,11.0,1,1,0.5,0.6248431618569635,2.0,1.0,3.984,3.188
52011,2026-09-11 06:52:35.016,-1,EMA50,7668.25,LATER,False,False,TARGET,2.0,1,1,2.0,2.0519382762514113,1.0,2.0,10.904,10.628
52046,2026-09-11 06:57:21.136,1,EMA8,7674.5,LATER,False,False,TARGET,,1,2,0.42857142857142855,0.42266133365172226,7.0,3.0,18.88,19.144
52048,2026-09-11 06:57:37.092,1,EMA8,7674.5,LATER,False,False,TARGET,4.0,1,1,4.0,12.74257425742574,1.0,4.0,10.296,3.232
52052,2026-09-11 06:58:41.644,1,EMA8,7675.5,LATER,False,False,TARGET,,2,2,0.5555555555555556,0.45339374422726486,9.0,5.0,29.06,35.608
52067,2026-09-11 07:00:05.908,1,EMA24,7678.0,LATER,True,False,TARGET,16.0,2,1,,,,,,
52124,2026-09-11 07:06:34.668,-1,EMA24,7670.0,LATER,True,False,TARGET,12.0,3,2,2.1666666666666665,1.8783783783783783,6.0,13.0,10.008,11.544
52166,2026-09-11 07:12:04.140,-1,EMA8,7669.0,LATER,True,False,TARGET,8.0,1,5,0.15789473684210525,0.2521847578373141,19.0,3.0,37.476,23.464
52181,2026-09-11 07:14:18.628,-1,EMA50,7669.0,LATER,True,False,TARGET,14.0,1,3,0.5714285714285714,1.9174401931929668,7.0,4.0,25.408,7.572
52188,2026-09-11 07:15:14.528,-1,EMA8,7667.0,LATER,True,False,TARGET,6.0,1,4,0.14285714285714285,0.5207373271889401,14.0,2.0,29.38,8.06
52194,2026-09-11 07:15:52.332,-1,EMA24,7667.25,LATER,True,False,TARGET,6.0,2,2,0.75,0.7867799113737075,4.0,3.0,14.204,13.54
52224,2026-09-11 07:21:45.028,1,EMA8,7676.0,LATER,True,False,TARGET,4.0,1,1,4.0,14.525490196078433,1.0,4.0,18.52,5.1
52268,2026-09-11 07:33:06.528,-1,EMA8,7669.25,LATER,True,False,TARGET,6.0,1,1,2.0,13.661406025824967,2.0,4.0,19.044,2.788
52283,2026-09-11 07:35:54.928,-1,EMA8,7663.75,LATER,True,False,TARGET,,1,2,0.6666666666666666,2.056722311972716,6.0,4.0,22.916,7.428
52286,2026-09-11 07:36:45.208,-1,EMA8,7663.0,LATER,True,False,TARGET,,1,2,0.5714285714285714,0.3767507002801121,7.0,4.0,12.912,19.584
52295,2026-09-11 07:38:23.652,-1,EMA8,7662.75,LATER,True,False,TARGET,4.0,1,2,0.6666666666666666,1.0265017667844525,6.0,4.0,13.944,9.056
52333,2026-09-11 07:46:07.640,-1,EMA24,7658.0,LATER,True,False,TARGET,7.0,2,1,1.3333333333333333,0.07975077881619937,3.0,4.0,1.408,23.54
52387,2026-09-11 07:50:39.012,1,EMA50,7662.25,LATER,True,False,TARGET,8.0,3,1,2.5,0.1888690210102816,4.0,10.0,1.352,17.896
52389,2026-09-11 07:50:44.208,1,EMA50,7662.5,LATER,True,False,TARGET,7.0,1,1,0.75,2.7215517241379312,4.0,3.0,12.628,3.48
52422,2026-09-11 07:58:20.800,-1,EMA24,7657.5,LATER,True,False,TARGET,12.0,4,1,3.0,0.19091510474090406,4.0,12.0,5.772,90.7
52424,2026-09-11 07:58:36.104,-1,EMA50,7658.5,LATER,True,False,TARGET,16.0,1,1,1.0,2.1059135039717565,4.0,4.0,9.544,4.532
52467,2026-09-11 08:08:21.468,1,EMA8,7669.25,LATER,False,False,STOP,4.0,1,1,1.0,1.3297787256731541,4.0,4.0,19.952,15.004
52514,2026-09-11 08:21:31.024,1,EMA8,7672.25,LATER,False,False,TARGET,4.0,1,1,3.0,2.0886132695756126,1.0,3.0,37.272,53.536
52517,2026-09-11 08:22:28.524,1,EMA8,7673.25,LATER,False,False,TARGET,,1,2,0.5,0.44228677110530895,8.0,4.0,32.524,36.768
52523,2026-09-11 08:24:28.116,1,EMA8,7674.25,LATER,False,False,TARGET,,1,2,0.4444444444444444,1.2433313456569273,9.0,4.0,31.276,11.18
52528,2026-09-11 08:26:12.836,1,EMA8,7675.75,LATER,False,False,TARGET,,2,3,0.5,0.5576892806548087,12.0,6.0,56.688,50.824
52540,2026-09-11 08:31:56.692,1,EMA24,7676.5,LATER,False,False,TARGET,15.0,1,1,1.3333333333333333,0.48830122150862615,3.0,4.0,19.388,52.94
52613,2026-09-11 09:21:33.940,-1,EMA8,7672.25,LATER,False,False,TARGET,3.0,1,1,0.25,0.2535542546518921,4.0,1.0,19.404,19.132
52618,2026-09-11 09:25:58.236,-1,EMA8,7671.5,LATER,False,False,TARGET,,1,1,1.0,2.4171506662111377,4.0,4.0,84.9,35.124
52622,2026-09-11 09:27:42.312,-1,EMA24,7672.75,LATER,False,False,TARGET,10.0,3,1,6.0,3.141566734153559,1.0,6.0,53.792,102.736
52638,2026-09-11 09:29:53.964,-1,EMA8,7667.25,LATER,False,False,TARGET,,1,3,0.4444444444444444,4.957084068195179,9.0,4.0,16.864,1.512
52701,2026-09-11 10:07:10.220,1,EMA8,7675.0,LATER,False,True,TARGET,6.0,1,2,0.4,1.5778801843317973,5.0,2.0,112.992,28.644
52737,2026-09-11 10:30:34.308,1,EMA24,7678.25,LATER,False,False,TARGET,12.0,4,4,0.9230769230769231,0.5627814525591257,13.0,12.0,186.584,306.036
52745,2026-09-11 10:40:15.676,1,EMA50,7677.0,LATER,False,False,NONE,14.0,3,1,,,,,,
52788,2026-09-11 11:21:27.724,-1,EMA8,7670.0,LATER,True,False,STOP,4.0,1,3,0.3333333333333333,3.665705359288632,6.0,2.0,61.012,5.548
52861,2026-09-11 12:54:29.248,-1,EMA24,7664.0,LATER,True,False,TARGET,,1,2,0.0,-0.0,3.0,-0.0,28.984,29.972
