Version,Families,BarNumber,Time,Direction,Segment,TickOutcome,TicksSeen
CURRENT,EMA8,1025,2026-08-03 06:32:55.424,1,DEV,NONE,0
CURRENT,EMA8,1027,2026-08-03 06:33:01.816,1,DEV,NONE,0
CURRENT,EMA24,1029,2026-08-03 06:33:05.364,1,DEV,NONE,0
CURRENT,EMA24,1031,2026-08-03 06:33:11.392,1,DEV,NONE,0
CURRENT,PIN7,1035,2026-08-03 06:33:28.280,1,DEV,NONE,0
CURRENT,PIN_STRICT,1047,2026-08-03 06:34:11.036,1,DEV,NONE,0
CURRENT,EMA8,1051,2026-08-03 06:34:29.936,1,DEV,NONE,0
CURRENT,PIN_STRICT,1069,2026-08-03 06:35:44.004,1,DEV,NONE,0
CURRENT,EMA8,1072,2026-08-03 06:36:04.044,1,DEV,NONE,0
CURRENT,PIN7,1081,2026-08-03 06:36:52.268,1,DEV,NONE,0
CURRENT,EMA8,1319,2026-08-03 07:00:02.252,1,DEV,NONE,0
CURRENT,PIN7,1389,2026-08-03 07:10:26.840,1,DEV,NONE,0
CURRENT,EMA8,1393,2026-08-03 07:10:53.264,1,DEV,NONE,0
CURRENT,EMA8,1395,2026-08-03 07:11:24.544,1,DEV,NONE,0
CURRENT,EMA8,1399,2026-08-03 07:12:51.456,1,DEV,NONE,0
CURRENT,PIN7,1408,2026-08-03 07:15:07.836,1,DEV,NONE,0
CURRENT,PIN7,1409,2026-08-03 07:15:32.676,1,DEV,NONE,0
CURRENT,PIN7,1410,2026-08-03 07:16:00.104,1,DEV,NONE,0
CURRENT,PIN_STRICT,1413,2026-08-03 07:16:53.480,1,DEV,NONE,0
CURRENT,EMA8,1423,2026-08-03 07:21:11.684,1,DEV,NONE,0
CURRENT,PIN7,1428,2026-08-03 07:23:56.052,1,DEV,NONE,0
CURRENT,EMA8,1489,2026-08-03 07:58:58.816,1,DEV,NONE,0
CURRENT,EMA8,1696,2026-08-03 11:01:38.916,1,DEV,NONE,0
CURRENT,EMA8,1698,2026-08-03 11:03:05.052,1,DEV,NONE,0
CURRENT,PIN7,1700,2026-08-03 11:04:03.352,1,DEV,NONE,0
CURRENT,PIN_STRICT,1702,2026-08-03 11:05:08.452,1,DEV,NONE,0
CURRENT,PIN7,1717,2026-08-03 11:17:18.116,1,DEV,NONE,0
CURRENT,EMA24,1759,2026-08-03 11:46:47.456,1,DEV,NONE,0
CURRENT,EMA24,1773,2026-08-03 12:00:02.288,1,DEV,NONE,0
CURRENT,PIN_STRICT,1777,2026-08-03 12:02:15.008,1,DEV,NONE,0
CURRENT,PIN_STRICT,1778,2026-08-03 12:02:35.060,1,DEV,NONE,0
CURRENT,PIN7,1802,2026-08-03 12:28:02.888,1,DEV,NONE,0
CURRENT,EMA8,1862,2026-08-03 12:55:03.820,-1,DEV,NONE,0
CURRENT,EMA24,1870,2026-08-03 12:58:00.088,-1,DEV,NONE,0
CURRENT,PIN7,2587,2026-08-04 06:32:26.700,1,DEV,TARGET,1
CURRENT,PIN_STRICT,2600,2026-08-04 06:36:28.908,1,DEV,STOP,4062
CURRENT,PIN7,2624,2026-08-04 06:41:15.464,1,DEV,STOP,6581
CURRENT,EMA8,2711,2026-08-04 07:01:15.116,1,DEV,TARGET,1931
CURRENT,PIN7,2713,2026-08-04 07:01:37.220,1,DEV,TARGET,3981
CURRENT,PIN7,2715,2026-08-04 07:02:09.032,1,DEV,TARGET,3487
CURRENT,PIN7,2716,2026-08-04 07:02:24.164,1,DEV,TARGET,1
CURRENT,EMA8,2736,2026-08-04 07:05:50.564,1,DEV,TARGET,3070
CURRENT,EMA8,2743,2026-08-04 07:08:25.252,1,DEV,TARGET,1994
CURRENT,PIN7,2755,2026-08-04 07:14:56.764,1,DEV,TARGET,1923
CURRENT,EMA8,2760,2026-08-04 07:16:44.524,1,DEV,TARGET,4342
CURRENT,EMA8,2762,2026-08-04 07:17:18.796,1,DEV,TARGET,704
CURRENT,EMA8,2771,2026-08-04 07:19:46.872,1,DEV,STOP,2844
CURRENT,EMA24,2847,2026-08-04 07:37:29.576,1,DEV,TARGET,538
CURRENT,PIN7,2890,2026-08-04 07:42:47.812,1,DEV,TARGET,6325
CURRENT,PIN7,2891,2026-08-04 07:43:36.808,1,DEV,TARGET,1480
CURRENT,EMA8,2897,2026-08-04 07:45:16.056,1,DEV,TARGET,17509
CURRENT,EMA8,2904,2026-08-04 07:48:15.420,1,DEV,TARGET,3844
CURRENT,EMA8,2926,2026-08-04 07:58:03.960,1,DEV,TARGET,1282
CURRENT,PIN7,2928,2026-08-04 07:59:01.968,1,DEV,TARGET,1473
CURRENT,PIN_STRICT,3281,2026-08-04 11:00:49.780,-1,DEV,STOP,4036
CURRENT,PIN7,3302,2026-08-04 11:04:26.876,-1,DEV,TARGET,388
CURRENT,PIN7,3304,2026-08-04 11:04:45.436,-1,DEV,STOP,3725
CURRENT,PIN7,3391,2026-08-04 11:40:16.704,-1,DEV,TARGET,366
CURRENT,PIN7,3401,2026-08-04 11:43:31.520,-1,DEV,STOP,4322
CURRENT,EMA8,3417,2026-08-04 11:50:12.044,1,DEV,TARGET,1990
CURRENT,EMA8,3420,2026-08-04 11:51:53.460,1,DEV,STOP,10253
CURRENT,EMA24,3468,2026-08-04 12:13:40.804,1,DEV,TARGET,3690
CURRENT,EMA24,3472,2026-08-04 12:16:19.744,1,DEV,TARGET,527
CURRENT,EMA8,3524,2026-08-04 12:40:15.916,1,DEV,TARGET,1862
CURRENT,EMA8,3530,2026-08-04 12:43:46.932,1,DEV,TARGET,216
CURRENT,PIN7,3560,2026-08-04 12:50:30.808,-1,DEV,TARGET,5782
CURRENT,EMA8,3565,2026-08-04 12:51:50.464,-1,DEV,TARGET,4104
CURRENT,EMA8,3567,2026-08-04 12:52:08.384,-1,DEV,TARGET,10323
CURRENT,PIN7,3575,2026-08-04 12:54:08.616,-1,DEV,TARGET,1356
CURRENT,PIN7,3576,2026-08-04 12:54:16.924,-1,DEV,TARGET,1648
CURRENT,PIN7,3616,2026-08-04 12:59:44.036,-1,DEV,TARGET,889
CURRENT,PIN7,4490,2026-08-05 06:31:06.756,1,DEV,TARGET,2318
CURRENT,PIN_STRICT,4578,2026-08-05 06:39:52.952,1,DEV,TARGET,84
CURRENT,PIN_STRICT,4581,2026-08-05 06:39:53.476,1,DEV,TARGET,1308
CURRENT,EMA8,4856,2026-08-05 07:01:46.872,-1,DEV,TARGET,3804
CURRENT,PIN7,4899,2026-08-05 07:05:16.744,1,DEV,TARGET,3356
CURRENT,EMA8,4909,2026-08-05 07:05:50.004,1,DEV,STOP,3206
CURRENT,EMA24,4993,2026-08-05 07:15:05.100,1,DEV,TARGET,767
CURRENT,EMA8,5034,2026-08-05 07:20:20.652,-1,DEV,TARGET,8420
CURRENT,EMA8,5036,2026-08-05 07:20:28.032,-1,DEV,TARGET,4079
CURRENT,EMA8,5041,2026-08-05 07:21:06.552,-1,DEV,STOP,4222
CURRENT,EMA8,5049,2026-08-05 07:22:10.876,-1,DEV,TARGET,560
CURRENT,EMA8,5053,2026-08-05 07:22:26.564,-1,DEV,TARGET,1439
CURRENT,EMA8,5057,2026-08-05 07:22:53.764,-1,DEV,TARGET,4044
CURRENT,EMA8,5061,2026-08-05 07:23:12.508,-1,DEV,TARGET,2746
CURRENT,PIN7,5066,2026-08-05 07:23:32.376,-1,DEV,STOP,7258
CURRENT,PIN_STRICT,5123,2026-08-05 07:29:53.036,-1,DEV,TARGET,1775
CURRENT,PIN7,5129,2026-08-05 07:30:09.948,-1,DEV,TARGET,5136
CURRENT,EMA8,5131,2026-08-05 07:30:19.320,-1,DEV,TARGET,437
CURRENT,EMA24,5138,2026-08-05 07:31:06.088,-1,DEV,TARGET,219
CURRENT,PIN7,5142,2026-08-05 07:31:25.308,-1,DEV,TARGET,1025
CURRENT,EMA24,5149,2026-08-05 07:32:22.196,-1,DEV,TARGET,591
CURRENT,PIN7,5188,2026-08-05 07:36:22.976,-1,DEV,TARGET,724
CURRENT,EMA8,5203,2026-08-05 07:37:47.816,-1,DEV,TARGET,1617
CURRENT,PIN7,5219,2026-08-05 07:40:03.340,-1,DEV,STOP,1869
CURRENT,EMA24,5286,2026-08-05 07:47:55.580,1,DEV,TARGET,25296
CURRENT,EMA8,5300,2026-08-05 07:50:22.408,1,DEV,STOP,998
CURRENT,PIN_STRICT,5320,2026-08-05 07:52:31.212,-1,DEV,TARGET,11977
CURRENT,PIN7,6243,2026-08-05 11:03:24.612,1,DEV,TARGET,631
CURRENT,PIN7,6339,2026-08-05 11:57:17.108,-1,DEV,STOP,3236
CURRENT,EMA8,6341,2026-08-05 11:57:43.964,-1,DEV,TARGET,5750
CURRENT,EMA8,6404,2026-08-05 12:35:01.624,-1,DEV,TARGET,1503
CURRENT,PIN7,6406,2026-08-05 12:36:12.052,-1,DEV,STOP,16190
CURRENT,EMA8,6412,2026-08-05 12:38:50.600,-1,DEV,TARGET,1573
CURRENT,EMA24,6416,2026-08-05 12:41:21.152,-1,DEV,STOP,12230
CURRENT,PIN7,6461,2026-08-05 12:56:23.544,-1,DEV,TARGET,459
CURRENT,PIN7,6470,2026-08-05 12:59:00.100,-1,DEV,TARGET,578
CURRENT,PIN7,6471,2026-08-05 12:59:02.948,-1,DEV,TARGET,598
CURRENT,PIN_STRICT,6484,2026-08-05 12:59:44.020,-1,DEV,TARGET,1
CURRENT,PIN_STRICT,7379,2026-08-06 06:33:16.124,-1,DEV,STOP,3611
CURRENT,EMA24,7387,2026-08-06 06:34:16.520,-1,DEV,TARGET,91
CURRENT,EMA8,7419,2026-08-06 06:36:00.160,1,DEV,TARGET,1022
CURRENT,PIN7,7426,2026-08-06 06:36:26.952,1,DEV,TARGET,539
CURRENT,EMA8,7460,2026-08-06 06:39:35.764,-1,DEV,TARGET,3190
CURRENT,EMA8,7493,2026-08-06 06:42:04.704,1,DEV,STOP,15812
CURRENT,PIN7,7509,2026-08-06 06:43:23.676,1,DEV,TARGET,2368
CURRENT,EMA8,7516,2026-08-06 06:43:52.588,1,DEV,TARGET,3511
CURRENT,EMA8,7709,2026-08-06 07:07:48.944,1,DEV,TARGET,14500
CURRENT,EMA8,7711,2026-08-06 07:08:14.028,1,DEV,TARGET,7045
CURRENT,EMA8,7713,2026-08-06 07:08:50.888,1,DEV,TARGET,1187
CURRENT,EMA8,7723,2026-08-06 07:10:43.428,1,DEV,TARGET,4874
CURRENT,EMA8,7727,2026-08-06 07:12:00.300,1,DEV,STOP,7349
CURRENT,EMA8,7791,2026-08-06 07:26:31.688,-1,DEV,TARGET,1
CURRENT,EMA8,7799,2026-08-06 07:27:14.708,-1,DEV,STOP,19763
CURRENT,EMA8,7801,2026-08-06 07:27:17.480,-1,DEV,STOP,18332
CURRENT,EMA8,7803,2026-08-06 07:27:27.176,-1,DEV,STOP,14902
CURRENT,PIN7,7879,2026-08-06 07:37:28.884,-1,DEV,TARGET,18771
CURRENT,PIN7,7885,2026-08-06 07:38:59.048,-1,DEV,TARGET,9619
CURRENT,EMA8,7931,2026-08-06 07:46:04.168,-1,DEV,TARGET,8994
CURRENT,EMA8,7933,2026-08-06 07:46:41.772,-1,DEV,TARGET,1685
CURRENT,EMA8,7936,2026-08-06 07:47:24.664,-1,DEV,TARGET,12801
CURRENT,EMA8,7938,2026-08-06 07:48:13.348,-1,DEV,TARGET,1873
CURRENT,EMA8,7973,2026-08-06 07:55:29.052,1,DEV,TARGET,6546
CURRENT,EMA8,7975,2026-08-06 07:55:40.624,1,DEV,TARGET,3298
CURRENT,PIN7,7978,2026-08-06 07:56:14.760,1,DEV,TARGET,7557
CURRENT,EMA8,7980,2026-08-06 07:56:32.088,1,DEV,TARGET,2479
CURRENT,EMA24,7994,2026-08-06 07:59:13.636,1,DEV,TARGET,877
CURRENT,PIN7,8677,2026-08-06 11:05:36.956,1,DEV,STOP,16441
CURRENT,EMA24,8684,2026-08-06 11:09:42.676,1,DEV,TARGET,1233
CURRENT,PIN7,8701,2026-08-06 11:16:21.144,1,DEV,TARGET,2597
CURRENT,PIN7,8702,2026-08-06 11:16:42.048,1,DEV,TARGET,1441
CURRENT,EMA24,8716,2026-08-06 11:20:01.468,1,DEV,TARGET,4430
CURRENT,EMA8,8782,2026-08-06 12:06:33.832,1,DEV,TARGET,5907
CURRENT,PIN7,8788,2026-08-06 12:12:07.476,1,DEV,STOP,3018
CURRENT,EMA8,8811,2026-08-06 12:25:50.168,-1,DEV,STOP,2165
CURRENT,EMA24,8814,2026-08-06 12:26:17.040,-1,DEV,TARGET,807
CURRENT,EMA8,8818,2026-08-06 12:27:38.708,-1,DEV,TARGET,9418
CURRENT,PIN7,8842,2026-08-06 12:39:00.620,-1,DEV,TARGET,6349
CURRENT,PIN7,8843,2026-08-06 12:40:00.680,-1,DEV,TARGET,6236
CURRENT,PIN7,8844,2026-08-06 12:40:34.152,-1,DEV,TARGET,4212
CURRENT,PIN7,8845,2026-08-06 12:41:21.528,-1,DEV,TARGET,1623
CURRENT,PIN_STRICT,8847,2026-08-06 12:42:01.880,-1,DEV,TARGET,5327
CURRENT,EMA24,8858,2026-08-06 12:46:17.460,-1,DEV,TARGET,201
CURRENT,EMA8,8885,2026-08-06 12:51:52.356,-1,DEV,STOP,9941
CURRENT,EMA8,8906,2026-08-06 12:54:39.372,1,DEV,STOP,14004
CURRENT,EMA8,8910,2026-08-06 12:55:00.280,1,DEV,TARGET,1925
CURRENT,EMA8,9976,2026-08-07 06:32:21.132,1,DEV,STOP,9353
CURRENT,PIN7,9986,2026-08-07 06:33:17.020,1,DEV,STOP,1334
CURRENT,EMA8,10033,2026-08-07 06:36:39.064,-1,DEV,TARGET,930
CURRENT,EMA24,10058,2026-08-07 06:39:17.644,1,DEV,TARGET,4551
CURRENT,EMA8,10092,2026-08-07 06:41:51.860,1,DEV,STOP,1511
CURRENT,PIN7,10114,2026-08-07 06:43:30.996,1,DEV,TARGET,4531
CURRENT,PIN7,10115,2026-08-07 06:43:45.948,1,DEV,TARGET,1190
CURRENT,PIN_STRICT,10119,2026-08-07 06:44:04.288,1,DEV,TARGET,16453
CURRENT,EMA8,10122,2026-08-07 06:44:38.264,1,DEV,TARGET,2631
CURRENT,EMA24,10314,2026-08-07 07:01:12.332,1,DEV,STOP,9360
CURRENT,PIN7,10350,2026-08-07 07:04:01.160,-1,DEV,TARGET,2767
CURRENT,PIN7,10351,2026-08-07 07:04:07.676,-1,DEV,TARGET,172
CURRENT,PIN7,10416,2026-08-07 07:09:46.176,-1,DEV,TARGET,1122
CURRENT,EMA8,10421,2026-08-07 07:10:15.448,-1,DEV,TARGET,7812
CURRENT,PIN7,10436,2026-08-07 07:11:37.476,-1,DEV,TARGET,4849
CURRENT,PIN7,10437,2026-08-07 07:11:51.784,-1,DEV,TARGET,2124
CURRENT,EMA8,10492,2026-08-07 07:17:33.552,1,DEV,TARGET,494
CURRENT,EMA8,10499,2026-08-07 07:17:51.784,1,DEV,TARGET,21708
CURRENT,EMA8,10506,2026-08-07 07:18:36.064,1,DEV,TARGET,2272
CURRENT,PIN7,10508,2026-08-07 07:18:45.692,1,DEV,TARGET,2894
CURRENT,EMA24,10533,2026-08-07 07:22:35.944,1,DEV,TARGET,12442
CURRENT,PIN7,10542,2026-08-07 07:23:37.936,1,DEV,TARGET,2554
CURRENT,PIN7,10544,2026-08-07 07:23:56.392,1,DEV,TARGET,520
CURRENT,EMA8,10548,2026-08-07 07:24:15.416,1,DEV,TARGET,11815
CURRENT,EMA8,10550,2026-08-07 07:24:30.576,1,DEV,TARGET,7955
CURRENT,PIN_STRICT,10555,2026-08-07 07:25:38.068,1,DEV,TARGET,3925
CURRENT,EMA8,10562,2026-08-07 07:27:00.716,1,DEV,TARGET,11723
CURRENT,EMA8,10569,2026-08-07 07:28:15.872,1,DEV,TARGET,3968
CURRENT,EMA8,10571,2026-08-07 07:28:27.940,1,DEV,TARGET,2729
CURRENT,PIN7,10573,2026-08-07 07:28:43.944,1,DEV,TARGET,412
CURRENT,EMA8,10578,2026-08-07 07:29:34.648,1,DEV,TARGET,2717
CURRENT,EMA8,10581,2026-08-07 07:30:03.296,1,DEV,STOP,7206
CURRENT,EMA8,10627,2026-08-07 07:36:09.288,-1,DEV,TARGET,242
CURRENT,EMA8,10630,2026-08-07 07:36:18.460,-1,DEV,TARGET,8530
CURRENT,EMA24,10668,2026-08-07 07:40:36.996,-1,DEV,TARGET,16255
CURRENT,PIN7,10695,2026-08-07 07:43:47.252,-1,DEV,TARGET,13053
CURRENT,EMA8,10714,2026-08-07 07:46:07.560,1,DEV,TARGET,6780
CURRENT,PIN7,10787,2026-08-07 07:58:15.320,1,DEV,TARGET,4563
CURRENT,EMA24,10795,2026-08-07 07:59:29.136,1,DEV,TARGET,2602
CURRENT,PIN7,11240,2026-08-07 11:06:26.044,-1,DEV,TARGET,14919
CURRENT,PIN7,11250,2026-08-07 11:13:32.356,-1,DEV,TARGET,2641
CURRENT,PIN7,11252,2026-08-07 11:14:36.620,-1,DEV,STOP,21261
CURRENT,EMA8,11256,2026-08-07 11:17:21.284,-1,DEV,STOP,6702
CURRENT,EMA24,11261,2026-08-07 11:20:49.996,-1,DEV,TARGET,4195
CURRENT,PIN7,11274,2026-08-07 11:31:12.824,-1,DEV,STOP,9151
CURRENT,PIN7,11317,2026-08-07 12:01:23.260,1,DEV,TARGET,321
CURRENT,PIN_STRICT,11331,2026-08-07 12:07:24.296,1,DEV,TARGET,9545
CURRENT,EMA8,11342,2026-08-07 12:13:23.056,1,DEV,TARGET,8947
CURRENT,EMA8,11344,2026-08-07 12:15:08.788,1,DEV,TARGET,2351
CURRENT,PIN7,11350,2026-08-07 12:16:59.584,1,DEV,TARGET,641
CURRENT,PIN7,11440,2026-08-07 12:58:59.036,1,DEV,TARGET,53
CURRENT,EMA24,11995,2026-08-10 06:31:48.184,1,DEV,TARGET,786
CURRENT,EMA8,11999,2026-08-10 06:32:38.048,1,DEV,TARGET,757
CURRENT,EMA24,12030,2026-08-10 06:36:08.676,-1,DEV,STOP,2248
CURRENT,PIN7,12056,2026-08-10 06:39:22.584,-1,DEV,STOP,7696
CURRENT,PIN7,12220,2026-08-10 07:10:41.420,1,DEV,STOP,5194
CURRENT,EMA24,12231,2026-08-10 07:18:36.816,1,DEV,TARGET,6069
CURRENT,EMA24,12323,2026-08-10 07:56:57.028,-1,DEV,TARGET,1680
CURRENT,EMA8,12326,2026-08-10 07:57:25.276,-1,DEV,TARGET,13612
CURRENT,EMA8,12328,2026-08-10 07:58:32.656,-1,DEV,TARGET,7776
CURRENT,EMA8,12741,2026-08-10 12:01:25.288,1,DEV,TARGET,3492
CURRENT,EMA8,12747,2026-08-10 12:13:28.732,1,DEV,TARGET,8461
CURRENT,EMA8,12749,2026-08-10 12:17:41.588,1,DEV,TARGET,876
CURRENT,EMA24,12792,2026-08-10 12:55:05.104,-1,DEV,TARGET,230
CURRENT,EMA8,13319,2026-08-11 06:31:41.036,-1,DEV,TARGET,1222
CURRENT,EMA8,13322,2026-08-11 06:31:59.108,-1,DEV,TARGET,5263
CURRENT,EMA8,13324,2026-08-11 06:32:15.448,-1,DEV,TARGET,312
CURRENT,EMA8,13329,2026-08-11 06:32:42.888,-1,DEV,TARGET,17500
CURRENT,EMA8,13341,2026-08-11 06:35:10.428,-1,DEV,TARGET,3552
CURRENT,PIN7,13344,2026-08-11 06:35:35.276,-1,DEV,TARGET,6481
CURRENT,PIN7,13345,2026-08-11 06:35:49.752,-1,DEV,STOP,13478
CURRENT,PIN7,13346,2026-08-11 06:36:02.564,-1,DEV,STOP,3493
CURRENT,EMA24,13351,2026-08-11 06:36:56.020,-1,DEV,STOP,7798
CURRENT,PIN7,13389,2026-08-11 06:44:24.384,-1,DEV,STOP,2762
CURRENT,EMA24,13576,2026-08-11 07:40:32.620,-1,DEV,STOP,9153
CURRENT,PIN7,13902,2026-08-11 11:23:31.400,-1,DEV,TARGET,13480
CURRENT,PIN_STRICT,13910,2026-08-11 11:29:04.884,-1,DEV,TARGET,4269
CURRENT,PIN_STRICT,13916,2026-08-11 11:29:56.236,-1,DEV,STOP,4467
CURRENT,PIN7,13972,2026-08-11 12:23:11.516,1,DEV,TARGET,2186
CURRENT,EMA8,13985,2026-08-11 12:36:35.848,1,DEV,TARGET,988
CURRENT,PIN7,13987,2026-08-11 12:38:21.000,1,DEV,STOP,11710
CURRENT,EMA8,14018,2026-08-11 12:54:13.412,-1,DEV,STOP,1983
CURRENT,PIN7,14043,2026-08-11 12:59:39.544,-1,DEV,STOP,2407
CURRENT,PIN_STRICT,14765,2026-08-12 06:31:20.752,-1,DEV,TARGET,1978
CURRENT,PIN_STRICT,14766,2026-08-12 06:31:26.692,-1,DEV,TARGET,2239
CURRENT,EMA8,14782,2026-08-12 06:33:10.604,-1,DEV,STOP,9015
CURRENT,EMA24,14787,2026-08-12 06:33:51.856,-1,DEV,TARGET,767
CURRENT,PIN7,14831,2026-08-12 06:38:44.284,-1,DEV,TARGET,13008
CURRENT,PIN7,14836,2026-08-12 06:40:03.360,-1,DEV,TARGET,1464
CURRENT,PIN7,14975,2026-08-12 07:02:32.248,-1,DEV,TARGET,12093
CURRENT,PIN7,15020,2026-08-12 07:16:09.928,1,DEV,TARGET,16477
CURRENT,PIN7,15028,2026-08-12 07:18:18.288,1,DEV,TARGET,329
CURRENT,EMA8,15094,2026-08-12 07:31:10.180,-1,DEV,TARGET,1
CURRENT,EMA8,15096,2026-08-12 07:31:10.232,-1,DEV,TARGET,1
CURRENT,EMA8,15098,2026-08-12 07:31:10.312,-1,DEV,TARGET,1
CURRENT,EMA24,15139,2026-08-12 07:31:20.008,1,DEV,TARGET,5135
CURRENT,PIN7,15146,2026-08-12 07:31:46.028,1,DEV,STOP,8366
CURRENT,EMA8,15148,2026-08-12 07:32:03.888,1,DEV,STOP,4136
CURRENT,PIN7,15175,2026-08-12 07:37:31.176,1,DEV,TARGET,2954
CURRENT,PIN7,15177,2026-08-12 07:38:09.784,1,DEV,STOP,9426
CURRENT,EMA24,15182,2026-08-12 07:39:18.036,1,DEV,TARGET,5375
CURRENT,EMA8,15196,2026-08-12 07:43:43.552,1,DEV,TARGET,673
CURRENT,EMA24,15226,2026-08-12 07:53:06.900,-1,DEV,TARGET,381
CURRENT,EMA24,15240,2026-08-12 07:56:17.312,-1,DEV,TARGET,765
CURRENT,PIN7,15513,2026-08-12 11:36:03.720,1,DEV,TARGET,8273
CURRENT,PIN7,15514,2026-08-12 11:40:25.116,1,DEV,TARGET,2264
CURRENT,EMA8,15518,2026-08-12 11:48:22.108,1,DEV,TARGET,4075
CURRENT,PIN7,15548,2026-08-12 12:42:11.932,-1,DEV,TARGET,895
CURRENT,EMA24,15553,2026-08-12 12:45:32.068,-1,DEV,TARGET,1516
CURRENT,PIN7,15567,2026-08-12 12:54:35.500,-1,DEV,TARGET,5064
CURRENT,EMA8,15570,2026-08-12 12:54:50.036,-1,DEV,TARGET,1388
CURRENT,PIN7,15573,2026-08-12 12:55:17.252,-1,DEV,STOP,12998
CURRENT,EMA8,16016,2026-08-13 06:34:21.652,1,DEV,TARGET,1079
CURRENT,PIN7,16026,2026-08-13 06:35:48.232,1,DEV,TARGET,6765
CURRENT,PIN7,16030,2026-08-13 06:36:43.512,1,DEV,TARGET,2348
CURRENT,EMA8,16037,2026-08-13 06:39:21.008,1,DEV,TARGET,1580
CURRENT,PIN7,16040,2026-08-13 06:39:57.076,1,DEV,STOP,10757
CURRENT,PIN_STRICT,16104,2026-08-13 07:01:09.296,1,DEV,TARGET,8785
CURRENT,EMA8,16111,2026-08-13 07:04:44.408,1,DEV,TARGET,1305
CURRENT,EMA24,16122,2026-08-13 07:08:55.156,1,DEV,TARGET,841
CURRENT,PIN7,16127,2026-08-13 07:12:43.788,1,DEV,STOP,19609
CURRENT,EMA8,16132,2026-08-13 07:15:52.120,1,DEV,STOP,3444
CURRENT,EMA8,16156,2026-08-13 07:25:26.124,1,DEV,TARGET,16100
CURRENT,EMA8,16159,2026-08-13 07:27:01.668,1,DEV,TARGET,8148
CURRENT,EMA8,16173,2026-08-13 07:35:26.280,1,DEV,TARGET,533
CURRENT,EMA8,16195,2026-08-13 07:47:27.768,-1,DEV,TARGET,290
CURRENT,PIN_STRICT,16200,2026-08-13 07:49:10.108,-1,DEV,TARGET,152
CURRENT,PIN_STRICT,16202,2026-08-13 07:49:21.080,-1,DEV,STOP,8040
CURRENT,EMA8,16206,2026-08-13 07:50:03.240,-1,DEV,STOP,4209
CURRENT,PIN7,16549,2026-08-13 11:35:43.984,1,DEV,TARGET,7208
CURRENT,PIN7,16556,2026-08-13 11:50:33.608,1,DEV,TARGET,7595
CURRENT,EMA8,16561,2026-08-13 12:00:25.748,1,DEV,TARGET,3307
CURRENT,EMA8,16564,2026-08-13 12:05:25.360,1,DEV,TARGET,853
CURRENT,PIN7,16567,2026-08-13 12:07:08.992,1,DEV,TARGET,3566
CURRENT,PIN7,16568,2026-08-13 12:08:40.384,1,DEV,TARGET,2173
CURRENT,EMA24,16577,2026-08-13 12:17:46.332,1,DEV,TARGET,2590
CURRENT,PIN7,16581,2026-08-13 12:22:47.596,1,DEV,STOP,7723
CURRENT,PIN7,16582,2026-08-13 12:25:08.080,1,DEV,STOP,2208
CURRENT,EMA24,16585,2026-08-13 12:27:53.456,1,DEV,TARGET,8599
CURRENT,EMA8,16885,2026-08-14 06:31:24.252,-1,DEV,TARGET,3145
CURRENT,EMA24,16914,2026-08-14 06:40:04.108,-1,DEV,STOP,18855
CURRENT,EMA8,16999,2026-08-14 07:09:12.716,1,DEV,STOP,14110
CURRENT,EMA24,17002,2026-08-14 07:10:06.516,1,DEV,STOP,9982
CURRENT,EMA8,17041,2026-08-14 07:23:01.072,-1,DEV,TARGET,17800
CURRENT,EMA8,17046,2026-08-14 07:24:38.732,-1,DEV,TARGET,16116
CURRENT,EMA8,17053,2026-08-14 07:26:40.256,-1,DEV,TARGET,1983
CURRENT,EMA8,17055,2026-08-14 07:27:23.612,-1,DEV,TARGET,7941
CURRENT,EMA24,17063,2026-08-14 07:30:14.040,-1,DEV,TARGET,1061
CURRENT,PIN7,17066,2026-08-14 07:30:44.692,-1,DEV,TARGET,3558
CURRENT,PIN7,17067,2026-08-14 07:30:57.944,-1,DEV,TARGET,1684
CURRENT,EMA8,17069,2026-08-14 07:31:38.368,-1,DEV,TARGET,8782
CURRENT,EMA8,17071,2026-08-14 07:32:19.432,-1,DEV,TARGET,3073
CURRENT,EMA8,17075,2026-08-14 07:33:20.016,-1,DEV,STOP,24851
CURRENT,EMA8,17078,2026-08-14 07:34:58.808,-1,DEV,STOP,11969
CURRENT,PIN7,17326,2026-08-14 11:10:46.004,1,DEV,TARGET,4671
CURRENT,PIN7,17344,2026-08-14 11:43:01.040,1,DEV,TARGET,10538
CURRENT,PIN7,17728,2026-08-17 06:32:50.512,-1,DEV,TARGET,4387
CURRENT,PIN7,17729,2026-08-17 06:33:01.284,-1,DEV,STOP,9892
CURRENT,PIN7,17735,2026-08-17 06:34:11.060,-1,DEV,TARGET,5031
CURRENT,EMA24,17748,2026-08-17 06:36:21.240,-1,DEV,TARGET,15198
CURRENT,EMA24,17750,2026-08-17 06:37:30.608,-1,DEV,TARGET,3343
CURRENT,EMA8,17823,2026-08-17 07:00:14.276,-1,DEV,TARGET,938
CURRENT,PIN7,17840,2026-08-17 07:03:12.332,-1,DEV,STOP,4568
CURRENT,PIN7,17881,2026-08-17 07:22:17.260,-1,DEV,NONE,36712
CURRENT,PIN7,17908,2026-08-17 07:37:05.388,-1,DEV,TARGET,2588
CURRENT,PIN7,17910,2026-08-17 07:38:39.176,-1,DEV,STOP,14503
CURRENT,PIN7,18181,2026-08-17 12:32:01.096,-1,DEV,TARGET,4021
CURRENT,PIN7,18182,2026-08-17 12:32:50.860,-1,DEV,TARGET,604
CURRENT,EMA24,18190,2026-08-17 12:40:13.856,-1,DEV,TARGET,3204
CURRENT,PIN7,18202,2026-08-17 12:52:51.016,-1,DEV,TARGET,1739
CURRENT,EMA8,18978,2026-08-18 06:31:32.724,1,DEV,TARGET,414
CURRENT,PIN7,19003,2026-08-18 06:33:04.772,-1,DEV,TARGET,5989
CURRENT,PIN7,19011,2026-08-18 06:33:28.284,-1,DEV,STOP,6385
CURRENT,EMA8,19013,2026-08-18 06:33:37.880,-1,DEV,TARGET,9022
CURRENT,EMA8,19017,2026-08-18 06:33:58.012,-1,DEV,TARGET,1652
CURRENT,EMA24,19023,2026-08-18 06:34:25.540,-1,DEV,STOP,9457
CURRENT,EMA24,19088,2026-08-18 06:39:35.528,1,DEV,TARGET,689
CURRENT,EMA8,19100,2026-08-18 06:40:57.548,1,DEV,TARGET,10555
CURRENT,PIN7,19251,2026-08-18 07:02:20.880,1,DEV,TARGET,1979
CURRENT,PIN7,19280,2026-08-18 07:07:45.552,1,DEV,TARGET,142
CURRENT,EMA24,19286,2026-08-18 07:08:55.048,1,DEV,STOP,6918
CURRENT,PIN_STRICT,19302,2026-08-18 07:11:35.256,-1,DEV,TARGET,3731
CURRENT,EMA8,19308,2026-08-18 07:12:24.392,-1,DEV,STOP,3780
CURRENT,EMA24,19318,2026-08-18 07:14:11.564,-1,DEV,STOP,8433
CURRENT,EMA8,19335,2026-08-18 07:16:40.876,1,DEV,TARGET,4142
CURRENT,PIN7,19348,2026-08-18 07:18:37.696,1,DEV,TARGET,1155
CURRENT,PIN7,19349,2026-08-18 07:18:42.392,1,DEV,TARGET,2927
CURRENT,EMA8,19380,2026-08-18 07:25:00.228,1,DEV,TARGET,7825
CURRENT,EMA8,19382,2026-08-18 07:25:15.764,1,DEV,TARGET,4025
CURRENT,EMA24,19389,2026-08-18 07:26:38.012,1,DEV,TARGET,516
CURRENT,EMA24,19416,2026-08-18 07:31:38.556,1,DEV,TARGET,9399
CURRENT,PIN7,19499,2026-08-18 07:53:22.356,-1,DEV,TARGET,115
CURRENT,PIN7,19501,2026-08-18 07:53:24.428,-1,DEV,TARGET,1
CURRENT,EMA8,19510,2026-08-18 07:54:06.944,-1,DEV,TARGET,6117
CURRENT,EMA24,19524,2026-08-18 07:57:23.440,-1,DEV,TARGET,951
CURRENT,EMA8,19832,2026-08-18 11:05:24.816,-1,DEV,TARGET,1981
CURRENT,PIN7,19878,2026-08-18 11:54:47.008,-1,DEV,TARGET,1255
CURRENT,PIN7,19883,2026-08-18 12:00:01.880,-1,DEV,STOP,20392
CURRENT,EMA8,19929,2026-08-18 12:56:14.180,-1,DEV,TARGET,5008
CURRENT,EMA8,19931,2026-08-18 12:57:11.036,-1,DEV,TARGET,5105
CURRENT,EMA8,20747,2026-08-19 06:33:40.184,-1,DEV,TARGET,1681
CURRENT,EMA8,20805,2026-08-19 06:40:27.852,-1,DEV,TARGET,570
CURRENT,EMA8,20808,2026-08-19 06:40:56.512,-1,DEV,STOP,3820
CURRENT,EMA24,20812,2026-08-19 06:41:19.264,-1,DEV,TARGET,10946
CURRENT,EMA8,20836,2026-08-19 06:44:39.044,1,DEV,TARGET,10707
CURRENT,PIN7,21042,2026-08-19 07:03:58.088,-1,DEV,STOP,5948
CURRENT,PIN7,21095,2026-08-19 07:11:11.092,-1,DEV,TARGET,4046
CURRENT,PIN7,21099,2026-08-19 07:12:07.208,-1,DEV,STOP,13105
CURRENT,EMA8,21101,2026-08-19 07:12:18.104,-1,DEV,TARGET,1959
CURRENT,EMA8,21103,2026-08-19 07:12:23.824,-1,DEV,TARGET,714
CURRENT,EMA8,21143,2026-08-19 07:17:23.944,1,DEV,TARGET,9932
CURRENT,EMA24,21161,2026-08-19 07:19:44.832,1,DEV,STOP,6790
CURRENT,EMA24,21206,2026-08-19 07:26:29.780,-1,DEV,TARGET,2728
CURRENT,EMA8,21225,2026-08-19 07:30:24.964,1,DEV,TARGET,1020
CURRENT,EMA8,21228,2026-08-19 07:30:58.048,1,DEV,TARGET,1251
CURRENT,EMA8,21232,2026-08-19 07:31:33.448,1,DEV,TARGET,1838
CURRENT,EMA8,21237,2026-08-19 07:32:54.000,1,DEV,TARGET,5273
CURRENT,EMA8,21239,2026-08-19 07:33:26.236,1,DEV,TARGET,2709
CURRENT,EMA24,21245,2026-08-19 07:34:57.468,1,DEV,TARGET,4205
CURRENT,EMA8,21252,2026-08-19 07:36:54.752,1,DEV,TARGET,2394
CURRENT,PIN_STRICT,21255,2026-08-19 07:37:32.544,1,DEV,TARGET,3900
CURRENT,PIN7,21256,2026-08-19 07:38:00.032,1,DEV,TARGET,627
CURRENT,EMA8,21274,2026-08-19 07:43:46.760,1,DEV,TARGET,15899
CURRENT,PIN7,21308,2026-08-19 07:56:09.676,1,DEV,TARGET,501
CURRENT,PIN7,21309,2026-08-19 07:56:12.928,1,DEV,TARGET,1072
CURRENT,PIN_STRICT,21311,2026-08-19 07:56:46.280,1,DEV,TARGET,12773
CURRENT,PIN7,21700,2026-08-19 11:01:15.076,1,DEV,TARGET,298
CURRENT,EMA24,21716,2026-08-19 11:05:12.540,1,DEV,TARGET,696
CURRENT,PIN7,21734,2026-08-19 11:08:32.724,-1,DEV,STOP,21822
CURRENT,EMA8,21737,2026-08-19 11:09:12.024,-1,DEV,TARGET,1078
CURRENT,EMA8,21739,2026-08-19 11:09:47.120,-1,DEV,STOP,12004
CURRENT,EMA8,21741,2026-08-19 11:10:30.596,-1,DEV,STOP,6456
CURRENT,EMA8,21743,2026-08-19 11:11:16.744,-1,DEV,STOP,2320
CURRENT,EMA8,21791,2026-08-19 11:34:12.500,1,DEV,TARGET,1195
CURRENT,EMA8,21795,2026-08-19 11:35:52.824,1,DEV,TARGET,25390
CURRENT,PIN7,21837,2026-08-19 12:09:37.936,1,DEV,STOP,16169
CURRENT,EMA8,21882,2026-08-19 12:40:34.820,-1,DEV,TARGET,1943
CURRENT,EMA8,21893,2026-08-19 12:45:43.884,-1,DEV,TARGET,1092
CURRENT,EMA24,21905,2026-08-19 12:48:30.592,-1,DEV,TARGET,813
CURRENT,EMA8,21908,2026-08-19 12:50:00.024,-1,DEV,TARGET,1898
CURRENT,EMA8,21920,2026-08-19 12:52:00.224,-1,DEV,TARGET,1351
CURRENT,PIN7,21958,2026-08-19 12:59:57.512,1,DEV,TARGET,3518
CURRENT,PIN7,22989,2026-08-20 06:31:16.112,1,DEV,TARGET,201
CURRENT,EMA24,23000,2026-08-20 06:32:55.440,1,DEV,TARGET,272
CURRENT,EMA8,23015,2026-08-20 06:34:23.120,1,DEV,TARGET,3440
CURRENT,EMA8,23017,2026-08-20 06:34:37.024,1,DEV,TARGET,60
CURRENT,EMA24,23024,2026-08-20 06:35:15.608,1,DEV,TARGET,1
CURRENT,PIN7,23033,2026-08-20 06:35:29.792,1,DEV,TARGET,623
CURRENT,PIN7,23061,2026-08-20 06:39:36.900,1,DEV,STOP,7626
CURRENT,EMA8,23096,2026-08-20 06:43:25.136,1,DEV,TARGET,6850
CURRENT,EMA8,23098,2026-08-20 06:43:43.292,1,DEV,TARGET,900
CURRENT,PIN7,23100,2026-08-20 06:44:03.852,1,DEV,STOP,9021
CURRENT,EMA8,23102,2026-08-20 06:44:19.000,1,DEV,STOP,5380
CURRENT,EMA24,23266,2026-08-20 07:03:58.616,-1,DEV,TARGET,680
CURRENT,PIN7,23275,2026-08-20 07:05:05.376,-1,DEV,TARGET,440
CURRENT,PIN7,23305,2026-08-20 07:08:35.256,-1,DEV,STOP,2347
CURRENT,PIN7,23314,2026-08-20 07:09:51.876,1,DEV,TARGET,5765
CURRENT,PIN7,23315,2026-08-20 07:09:58.196,1,DEV,STOP,15776
CURRENT,PIN7,23316,2026-08-20 07:10:07.588,1,DEV,STOP,11759
CURRENT,EMA8,23318,2026-08-20 07:10:28.672,1,DEV,STOP,5286
CURRENT,EMA8,23366,2026-08-20 07:18:03.704,-1,DEV,STOP,10586
CURRENT,EMA8,23398,2026-08-20 07:21:36.476,1,DEV,STOP,5948
CURRENT,PIN7,23416,2026-08-20 07:23:44.936,1,DEV,TARGET,2999
CURRENT,EMA8,23424,2026-08-20 07:24:51.928,1,DEV,STOP,6925
CURRENT,EMA24,23430,2026-08-20 07:25:28.572,1,DEV,TARGET,450
CURRENT,PIN7,23456,2026-08-20 07:29:16.044,-1,DEV,STOP,5974
CURRENT,EMA24,23460,2026-08-20 07:30:00.072,-1,DEV,TARGET,3586
CURRENT,PIN7,23488,2026-08-20 07:33:32.992,1,DEV,TARGET,2826
CURRENT,PIN7,23489,2026-08-20 07:33:41.024,1,DEV,TARGET,5336
CURRENT,PIN7,23490,2026-08-20 07:34:10.376,1,DEV,TARGET,163
CURRENT,PIN7,23517,2026-08-20 07:37:35.788,1,DEV,STOP,7542
CURRENT,EMA8,23552,2026-08-20 07:45:26.396,1,DEV,TARGET,1202
CURRENT,EMA8,23602,2026-08-20 07:57:00.696,-1,DEV,TARGET,4732
CURRENT,EMA8,24151,2026-08-20 11:10:09.464,-1,DEV,TARGET,1979
CURRENT,EMA8,24161,2026-08-20 11:14:29.476,-1,DEV,TARGET,3794
CURRENT,PIN_STRICT,24166,2026-08-20 11:16:50.604,-1,DEV,STOP,6072
CURRENT,PIN7,24251,2026-08-20 12:20:26.560,-1,DEV,STOP,8539
CURRENT,EMA24,24270,2026-08-20 12:36:16.180,-1,DEV,STOP,2190
CURRENT,PIN7,24280,2026-08-20 12:43:56.612,-1,DEV,TARGET,785
CURRENT,EMA8,24322,2026-08-20 12:55:25.872,-1,DEV,TARGET,938
CURRENT,EMA8,24330,2026-08-20 12:57:06.812,-1,DEV,TARGET,1879
CURRENT,PIN7,24332,2026-08-20 12:57:26.816,-1,DEV,STOP,9533
CURRENT,EMA8,24334,2026-08-20 12:58:06.760,-1,DEV,STOP,5907
CURRENT,EMA24,24339,2026-08-20 12:59:00.448,-1,DEV,STOP,7709
CURRENT,EMA8,24353,2026-08-20 12:59:53.388,-1,DEV,STOP,4868
CURRENT,EMA24,24355,2026-08-20 12:59:55.408,-1,DEV,STOP,3159
CURRENT,EMA24,25008,2026-08-21 06:31:49.388,-1,DEV,TARGET,1415
CURRENT,EMA8,25038,2026-08-21 06:35:35.072,-1,DEV,TARGET,1
CURRENT,PIN7,25088,2026-08-21 06:43:39.956,-1,DEV,STOP,4020
CURRENT,PIN7,25195,2026-08-21 07:04:44.068,1,DEV,TARGET,3938
CURRENT,EMA24,25213,2026-08-21 07:10:05.708,1,DEV,TARGET,6229
CURRENT,EMA8,25234,2026-08-21 07:14:36.880,-1,DEV,STOP,11100
CURRENT,EMA8,25236,2026-08-21 07:15:10.136,-1,DEV,STOP,22969
CURRENT,PIN7,25306,2026-08-21 07:35:51.960,-1,DEV,TARGET,1426
CURRENT,EMA8,25311,2026-08-21 07:36:54.256,-1,DEV,TARGET,515
CURRENT,EMA8,25354,2026-08-21 07:51:14.888,1,DEV,TARGET,11427
CURRENT,EMA8,25356,2026-08-21 07:51:57.240,1,DEV,TARGET,5951
CURRENT,EMA24,25366,2026-08-21 07:54:53.580,1,DEV,TARGET,5676
CURRENT,EMA24,25689,2026-08-21 11:01:57.436,-1,DEV,STOP,4110
CURRENT,EMA24,25700,2026-08-21 11:13:49.524,-1,DEV,TARGET,23522
CURRENT,PIN7,25710,2026-08-21 11:30:21.212,-1,DEV,TARGET,1054
CURRENT,PIN7,25712,2026-08-21 11:33:05.704,-1,DEV,STOP,9153
CURRENT,EMA24,25743,2026-08-21 12:13:31.520,1,DEV,TARGET,11527
CURRENT,PIN7,25770,2026-08-21 12:45:08.000,1,DEV,TARGET,7741
CURRENT,PIN7,25776,2026-08-21 12:49:23.516,1,DEV,STOP,2275
CURRENT,PIN7,25808,2026-08-21 12:59:40.164,-1,DEV,TARGET,20
CURRENT,PIN_STRICT,26823,2026-08-24 06:31:01.644,-1,HOLD,TARGET,1
CURRENT,EMA24,26832,2026-08-24 06:31:30.156,-1,HOLD,STOP,3555
CURRENT,EMA8,26853,2026-08-24 06:33:54.080,-1,HOLD,TARGET,16426
CURRENT,PIN7,26860,2026-08-24 06:35:10.788,-1,HOLD,STOP,5177
CURRENT,EMA8,26891,2026-08-24 06:39:00.164,-1,HOLD,STOP,20324
CURRENT,EMA8,26930,2026-08-24 06:43:43.568,-1,HOLD,TARGET,9011
CURRENT,EMA8,26932,2026-08-24 06:44:19.540,-1,HOLD,TARGET,583
CURRENT,EMA8,27069,2026-08-24 07:03:32.376,-1,HOLD,TARGET,1601
CURRENT,PIN7,27097,2026-08-24 07:09:28.340,-1,HOLD,STOP,3862
CURRENT,PIN7,27110,2026-08-24 07:13:01.032,-1,HOLD,STOP,7177
CURRENT,EMA24,27151,2026-08-24 07:23:59.072,1,HOLD,STOP,5497
CURRENT,PIN_STRICT,27177,2026-08-24 07:33:34.588,1,HOLD,TARGET,2332
CURRENT,EMA8,27183,2026-08-24 07:36:09.316,1,HOLD,TARGET,3239
CURRENT,EMA8,27185,2026-08-24 07:36:27.016,1,HOLD,TARGET,4752
CURRENT,EMA8,27190,2026-08-24 07:38:34.228,1,HOLD,TARGET,19918
CURRENT,PIN7,27562,2026-08-24 11:14:21.836,1,HOLD,TARGET,2343
CURRENT,PIN7,27581,2026-08-24 11:28:57.680,1,HOLD,TARGET,4193
CURRENT,PIN7,27659,2026-08-24 12:52:00.084,-1,HOLD,TARGET,654
CURRENT,PIN7,28463,2026-08-25 06:37:54.456,1,HOLD,STOP,11643
CURRENT,EMA8,28553,2026-08-25 07:00:05.964,-1,HOLD,TARGET,7674
CURRENT,EMA24,28568,2026-08-25 07:03:45.636,-1,HOLD,TARGET,1640
CURRENT,EMA24,28574,2026-08-25 07:05:59.660,-1,HOLD,TARGET,3899
CURRENT,EMA8,28582,2026-08-25 07:08:25.876,-1,HOLD,STOP,19168
CURRENT,PIN7,28614,2026-08-25 07:22:41.676,-1,HOLD,TARGET,5517
CURRENT,PIN7,28615,2026-08-25 07:22:58.988,-1,HOLD,TARGET,4403
CURRENT,PIN7,28616,2026-08-25 07:23:21.644,-1,HOLD,TARGET,7809
CURRENT,EMA8,28645,2026-08-25 07:30:28.516,-1,HOLD,TARGET,1
CURRENT,EMA8,28702,2026-08-25 07:31:24.300,1,HOLD,TARGET,4761
CURRENT,PIN7,28706,2026-08-25 07:32:14.608,1,HOLD,TARGET,498
CURRENT,EMA8,28715,2026-08-25 07:34:01.968,1,HOLD,STOP,5352
CURRENT,PIN7,29029,2026-08-25 11:45:29.616,1,HOLD,TARGET,240
CURRENT,EMA8,29035,2026-08-25 11:59:02.464,1,HOLD,TARGET,2815
CURRENT,EMA24,29751,2026-08-26 06:33:03.000,1,HOLD,TARGET,16763
CURRENT,PIN7,29760,2026-08-26 06:34:08.404,1,HOLD,TARGET,3035
CURRENT,PIN7,29761,2026-08-26 06:34:20.020,1,HOLD,TARGET,743
CURRENT,EMA8,29764,2026-08-26 06:34:43.184,1,HOLD,TARGET,1764
CURRENT,EMA8,29767,2026-08-26 06:35:01.308,1,HOLD,STOP,2464
CURRENT,EMA24,29802,2026-08-26 06:39:26.060,1,HOLD,TARGET,17590
CURRENT,PIN7,29826,2026-08-26 06:43:30.880,1,HOLD,TARGET,883
CURRENT,PIN_STRICT,29831,2026-08-26 06:43:34.616,1,HOLD,STOP,5426
CURRENT,EMA8,29835,2026-08-26 06:43:43.896,1,HOLD,TARGET,8932
CURRENT,EMA8,29837,2026-08-26 06:44:02.284,1,HOLD,TARGET,1696
CURRENT,EMA24,29900,2026-08-26 07:00:17.256,1,HOLD,TARGET,2565
CURRENT,EMA24,29904,2026-08-26 07:02:09.948,1,HOLD,TARGET,3115
CURRENT,EMA24,29910,2026-08-26 07:05:35.964,1,HOLD,TARGET,9616
CURRENT,EMA8,29935,2026-08-26 07:15:28.088,-1,HOLD,TARGET,5651
CURRENT,EMA24,29941,2026-08-26 07:18:26.280,-1,HOLD,TARGET,822
CURRENT,PIN7,29946,2026-08-26 07:20:58.876,-1,HOLD,TARGET,800
CURRENT,EMA8,29954,2026-08-26 07:23:51.400,-1,HOLD,TARGET,794
CURRENT,PIN7,29957,2026-08-26 07:25:01.820,-1,HOLD,TARGET,8398
CURRENT,PIN7,29958,2026-08-26 07:25:46.456,-1,HOLD,TARGET,1581
CURRENT,PIN_STRICT,29962,2026-08-26 07:27:01.112,-1,HOLD,TARGET,11789
CURRENT,EMA8,29979,2026-08-26 07:32:17.356,-1,HOLD,STOP,14758
CURRENT,EMA8,30019,2026-08-26 07:54:49.608,1,HOLD,TARGET,11388
CURRENT,EMA8,30026,2026-08-26 07:59:54.072,1,HOLD,TARGET,2386
CURRENT,EMA8,30316,2026-08-26 11:52:20.032,1,HOLD,TARGET,2221
CURRENT,EMA8,30321,2026-08-26 11:57:24.740,1,HOLD,TARGET,947
CURRENT,EMA24,30345,2026-08-26 12:15:07.732,1,HOLD,TARGET,2281
CURRENT,PIN7,30405,2026-08-26 12:59:00.164,-1,HOLD,TARGET,2144
CURRENT,EMA24,30416,2026-08-26 12:59:55.268,-1,HOLD,TARGET,290
CURRENT,PIN_STRICT,31396,2026-08-27 06:31:59.912,-1,HOLD,TARGET,2007
CURRENT,EMA8,31497,2026-08-27 06:43:34.728,1,HOLD,TARGET,8466
CURRENT,EMA8,31501,2026-08-27 06:44:04.728,1,HOLD,TARGET,1
CURRENT,EMA8,31677,2026-08-27 07:01:42.060,1,HOLD,STOP,15986
CURRENT,EMA24,31682,2026-08-27 07:02:17.404,1,HOLD,TARGET,10899
CURRENT,EMA24,31700,2026-08-27 07:04:47.928,1,HOLD,TARGET,5850
CURRENT,EMA8,31706,2026-08-27 07:05:40.492,1,HOLD,STOP,8282
CURRENT,EMA8,31722,2026-08-27 07:07:27.932,-1,HOLD,STOP,6946
CURRENT,EMA24,31773,2026-08-27 07:16:48.264,1,HOLD,TARGET,10411
CURRENT,PIN7,31778,2026-08-27 07:18:28.068,1,HOLD,TARGET,919
CURRENT,EMA8,31783,2026-08-27 07:20:02.780,1,HOLD,TARGET,1646
CURRENT,PIN7,31786,2026-08-27 07:21:01.624,1,HOLD,STOP,5033
CURRENT,EMA24,31790,2026-08-27 07:22:06.456,1,HOLD,TARGET,14624
CURRENT,PIN7,31843,2026-08-27 07:36:50.584,1,HOLD,TARGET,2095
CURRENT,PIN7,31844,2026-08-27 07:37:07.932,1,HOLD,TARGET,1267
CURRENT,PIN_STRICT,31888,2026-08-27 07:49:51.540,1,HOLD,TARGET,21169
CURRENT,PIN7,31921,2026-08-27 07:59:29.788,1,HOLD,TARGET,10925
CURRENT,PIN7,32186,2026-08-27 11:01:52.068,-1,HOLD,TARGET,1
CURRENT,PIN_STRICT,32190,2026-08-27 11:02:18.828,-1,HOLD,STOP,9419
CURRENT,EMA8,32192,2026-08-27 11:03:29.028,-1,HOLD,TARGET,4726
CURRENT,EMA8,32194,2026-08-27 11:04:11.016,-1,HOLD,TARGET,198
CURRENT,EMA8,32208,2026-08-27 11:12:07.420,-1,HOLD,TARGET,1648
CURRENT,EMA8,32211,2026-08-27 11:13:17.364,-1,HOLD,TARGET,1002
CURRENT,PIN7,32213,2026-08-27 11:13:57.080,-1,HOLD,TARGET,571
CURRENT,EMA8,32221,2026-08-27 11:16:20.984,-1,HOLD,STOP,8332
CURRENT,PIN7,32237,2026-08-27 11:26:33.700,-1,HOLD,TARGET,1900
CURRENT,PIN7,32238,2026-08-27 11:27:01.020,-1,HOLD,TARGET,1377
CURRENT,EMA8,32245,2026-08-27 11:29:02.884,-1,HOLD,TARGET,1850
CURRENT,PIN7,32287,2026-08-27 11:49:46.440,-1,HOLD,TARGET,793
CURRENT,PIN7,32359,2026-08-27 12:33:42.088,1,HOLD,TARGET,4824
CURRENT,PIN7,32360,2026-08-27 12:34:39.128,1,HOLD,TARGET,2171
CURRENT,EMA24,32378,2026-08-27 12:50:40.340,1,HOLD,TARGET,6608
CURRENT,EMA8,32393,2026-08-27 12:55:12.044,1,HOLD,STOP,6080
CURRENT,EMA8,32395,2026-08-27 12:55:30.552,1,HOLD,TARGET,25352
CURRENT,EMA24,32397,2026-08-27 12:56:18.680,1,HOLD,TARGET,10665
CURRENT,EMA24,32898,2026-08-28 06:38:18.376,1,HOLD,TARGET,16192
CURRENT,EMA24,32900,2026-08-28 06:39:16.380,1,HOLD,TARGET,4841
CURRENT,EMA24,32919,2026-08-28 06:44:57.920,1,HOLD,STOP,5081
CURRENT,EMA24,33012,2026-08-28 07:00:00.488,-1,HOLD,NONE,0
CURRENT,PIN7,33133,2026-08-28 07:00:15.744,1,HOLD,TARGET,13
CURRENT,PIN7,33140,2026-08-28 07:00:19.516,1,HOLD,TARGET,1310
CURRENT,EMA8,33143,2026-08-28 07:00:20.956,1,HOLD,TARGET,186
CURRENT,EMA8,33145,2026-08-28 07:00:22.072,1,HOLD,TARGET,247
CURRENT,EMA8,33149,2026-08-28 07:00:23.412,1,HOLD,STOP,222
CURRENT,PIN7,33167,2026-08-28 07:00:39.456,1,HOLD,TARGET,147
CURRENT,PIN7,33168,2026-08-28 07:00:39.704,1,HOLD,TARGET,1358
CURRENT,EMA8,33198,2026-08-28 07:01:49.600,-1,HOLD,STOP,8888
CURRENT,EMA8,33200,2026-08-28 07:01:51.768,-1,HOLD,TARGET,2805
CURRENT,EMA8,33202,2026-08-28 07:01:53.808,-1,HOLD,STOP,6262
CURRENT,EMA24,33205,2026-08-28 07:02:09.844,-1,HOLD,TARGET,3003
CURRENT,EMA8,33235,2026-08-28 07:03:52.036,-1,HOLD,TARGET,1322
CURRENT,PIN7,33239,2026-08-28 07:04:06.452,-1,HOLD,STOP,13065
CURRENT,EMA8,33242,2026-08-28 07:04:17.184,-1,HOLD,TARGET,704
CURRENT,PIN7,33280,2026-08-28 07:06:31.036,-1,HOLD,STOP,12273
CURRENT,EMA8,33284,2026-08-28 07:06:52.520,-1,HOLD,TARGET,6822
CURRENT,EMA8,33290,2026-08-28 07:07:12.584,-1,HOLD,STOP,5218
CURRENT,EMA24,33294,2026-08-28 07:07:30.536,-1,HOLD,TARGET,25072
CURRENT,PIN7,33335,2026-08-28 07:10:46.692,-1,HOLD,TARGET,12492
CURRENT,PIN7,33336,2026-08-28 07:11:16.484,-1,HOLD,TARGET,5567
CURRENT,EMA8,33338,2026-08-28 07:11:31.348,-1,HOLD,TARGET,1
CURRENT,PIN7,33341,2026-08-28 07:11:46.592,-1,HOLD,STOP,6145
CURRENT,PIN7,33342,2026-08-28 07:11:52.832,-1,HOLD,STOP,1707
CURRENT,EMA24,33351,2026-08-28 07:12:54.552,-1,HOLD,TARGET,2879
CURRENT,PIN_STRICT,33358,2026-08-28 07:13:33.236,-1,HOLD,TARGET,3440
CURRENT,EMA8,33362,2026-08-28 07:14:03.996,-1,HOLD,STOP,5077
CURRENT,PIN7,33399,2026-08-28 07:17:46.304,1,HOLD,TARGET,3644
CURRENT,PIN_STRICT,33401,2026-08-28 07:18:10.060,1,HOLD,TARGET,1649
CURRENT,EMA8,33405,2026-08-28 07:18:31.644,1,HOLD,TARGET,1225
CURRENT,PIN7,33407,2026-08-28 07:18:43.252,1,HOLD,TARGET,10589
CURRENT,PIN7,33411,2026-08-28 07:19:24.168,1,HOLD,TARGET,1
CURRENT,EMA8,33415,2026-08-28 07:19:43.604,1,HOLD,TARGET,11030
CURRENT,PIN7,33472,2026-08-28 07:26:09.456,-1,HOLD,TARGET,1674
CURRENT,PIN7,33487,2026-08-28 07:27:42.952,-1,HOLD,TARGET,2207
CURRENT,EMA8,33494,2026-08-28 07:28:44.952,-1,HOLD,STOP,4427
CURRENT,PIN7,33536,2026-08-28 07:31:35.132,1,HOLD,STOP,2109
CURRENT,PIN7,33559,2026-08-28 07:33:42.908,1,HOLD,TARGET,2636
CURRENT,EMA8,33566,2026-08-28 07:34:31.848,1,HOLD,TARGET,5225
CURRENT,EMA8,33568,2026-08-28 07:34:47.396,1,HOLD,TARGET,2759
CURRENT,PIN7,33571,2026-08-28 07:35:25.568,1,HOLD,TARGET,12776
CURRENT,PIN7,33577,2026-08-28 07:36:15.276,1,HOLD,TARGET,1157
CURRENT,EMA8,33586,2026-08-28 07:37:43.952,1,HOLD,TARGET,655
CURRENT,EMA8,33589,2026-08-28 07:38:14.104,1,HOLD,TARGET,1
CURRENT,EMA24,33598,2026-08-28 07:40:16.532,1,HOLD,TARGET,1861
CURRENT,EMA8,33610,2026-08-28 07:42:52.428,1,HOLD,TARGET,561
CURRENT,EMA8,33616,2026-08-28 07:43:56.116,1,HOLD,TARGET,1000
CURRENT,PIN_STRICT,33620,2026-08-28 07:44:33.828,1,HOLD,TARGET,3030
CURRENT,PIN_STRICT,33621,2026-08-28 07:44:42.492,1,HOLD,STOP,16946
CURRENT,EMA8,33627,2026-08-28 07:45:29.024,1,HOLD,STOP,4407
CURRENT,EMA24,33631,2026-08-28 07:46:09.628,1,HOLD,TARGET,5362
CURRENT,EMA8,33637,2026-08-28 07:47:08.924,1,HOLD,TARGET,2523
CURRENT,PIN7,33647,2026-08-28 07:50:20.836,1,HOLD,TARGET,2256
CURRENT,PIN7,33648,2026-08-28 07:50:25.360,1,HOLD,TARGET,2864
CURRENT,EMA8,33652,2026-08-28 07:51:32.292,1,HOLD,TARGET,10310
CURRENT,EMA8,33657,2026-08-28 07:52:30.424,1,HOLD,TARGET,6213
CURRENT,PIN7,33659,2026-08-28 07:53:01.616,1,HOLD,TARGET,6645
CURRENT,EMA8,33661,2026-08-28 07:53:12.428,1,HOLD,TARGET,2331
CURRENT,PIN_STRICT,33665,2026-08-28 07:54:02.320,1,HOLD,TARGET,22833
CURRENT,EMA8,33670,2026-08-28 07:55:47.512,1,HOLD,TARGET,1858
CURRENT,PIN7,33672,2026-08-28 07:56:25.168,1,HOLD,TARGET,18331
CURRENT,EMA8,33676,2026-08-28 07:57:37.104,1,HOLD,TARGET,14031
CURRENT,PIN7,33678,2026-08-28 07:59:12.924,1,HOLD,TARGET,1100
CURRENT,EMA24,34537,2026-08-28 11:05:06.168,1,HOLD,TARGET,1037
CURRENT,PIN_STRICT,34643,2026-08-28 11:51:04.068,-1,HOLD,TARGET,14830
CURRENT,EMA8,34688,2026-08-28 12:12:51.752,1,HOLD,TARGET,37792
CURRENT,EMA24,34691,2026-08-28 12:14:26.916,1,HOLD,TARGET,1528
CURRENT,EMA8,34704,2026-08-28 12:22:03.272,1,HOLD,STOP,7634
CURRENT,EMA24,34709,2026-08-28 12:25:16.408,1,HOLD,TARGET,2152
CURRENT,PIN7,34732,2026-08-28 12:39:40.992,1,HOLD,TARGET,830
CURRENT,EMA8,34759,2026-08-28 12:50:25.512,1,HOLD,STOP,7141
CURRENT,PIN7,34785,2026-08-28 12:56:40.660,1,HOLD,TARGET,2895
CURRENT,PIN7,34786,2026-08-28 12:57:14.780,1,HOLD,STOP,7939
CURRENT,EMA8,34813,2026-08-28 12:59:58.116,-1,HOLD,STOP,1872
CURRENT,PIN_STRICT,35892,2026-08-31 06:33:26.868,-1,HOLD,TARGET,2286
CURRENT,PIN7,35893,2026-08-31 06:33:30.488,-1,HOLD,STOP,4073
CURRENT,EMA8,35902,2026-08-31 06:34:25.472,-1,HOLD,TARGET,5434
CURRENT,EMA8,35905,2026-08-31 06:34:56.056,-1,HOLD,TARGET,1157
CURRENT,EMA8,35979,2026-08-31 06:43:55.208,-1,HOLD,TARGET,792
CURRENT,PIN_STRICT,36195,2026-08-31 07:25:13.844,-1,HOLD,TARGET,8471
CURRENT,EMA8,36245,2026-08-31 07:41:20.552,1,HOLD,TARGET,657
CURRENT,PIN7,36247,2026-08-31 07:41:45.384,1,HOLD,TARGET,6348
CURRENT,EMA8,36249,2026-08-31 07:42:27.436,1,HOLD,TARGET,1091
CURRENT,PIN7,36287,2026-08-31 07:55:27.204,1,HOLD,TARGET,6317
CURRENT,PIN7,36292,2026-08-31 07:56:43.872,1,HOLD,TARGET,3608
CURRENT,PIN_STRICT,36658,2026-08-31 11:38:07.212,-1,HOLD,TARGET,1130
CURRENT,EMA8,36673,2026-08-31 11:45:11.620,-1,HOLD,STOP,26317
CURRENT,PIN7,36701,2026-08-31 12:10:01.120,1,HOLD,TARGET,716
CURRENT,EMA8,36706,2026-08-31 12:13:47.980,1,HOLD,TARGET,1024
CURRENT,EMA8,36721,2026-08-31 12:26:38.088,1,HOLD,TARGET,2504
CURRENT,EMA24,36730,2026-08-31 12:31:13.152,1,HOLD,STOP,7927
CURRENT,PIN7,36736,2026-08-31 12:36:19.564,1,HOLD,TARGET,3969
CURRENT,PIN7,36737,2026-08-31 12:37:49.276,1,HOLD,TARGET,7170
CURRENT,PIN7,36738,2026-08-31 12:40:13.636,1,HOLD,TARGET,3461
CURRENT,PIN7,36739,2026-08-31 12:41:30.284,1,HOLD,TARGET,1142
CURRENT,PIN_STRICT,36742,2026-08-31 12:43:37.704,1,HOLD,TARGET,1255
CURRENT,EMA8,36746,2026-08-31 12:45:49.248,1,HOLD,TARGET,1375
CURRENT,PIN7,36802,2026-08-31 12:59:06.024,1,HOLD,TARGET,1405
CURRENT,PIN_STRICT,36807,2026-08-31 12:59:21.176,1,HOLD,STOP,5082
CURRENT,PIN7,36827,2026-08-31 12:59:56.460,-1,HOLD,TARGET,830
CURRENT,EMA8,37861,2026-09-01 06:41:36.676,-1,HOLD,STOP,12041
CURRENT,EMA8,37972,2026-09-01 07:02:34.020,1,HOLD,STOP,1265
CURRENT,PIN7,37982,2026-09-01 07:04:26.172,1,HOLD,TARGET,15107
CURRENT,EMA24,37985,2026-09-01 07:05:08.536,1,HOLD,TARGET,359
CURRENT,EMA8,37996,2026-09-01 07:07:56.360,1,HOLD,TARGET,17213
CURRENT,EMA8,38004,2026-09-01 07:10:35.136,1,HOLD,TARGET,4636
CURRENT,EMA8,38007,2026-09-01 07:11:04.120,1,HOLD,STOP,4960
CURRENT,PIN7,38019,2026-09-01 07:14:28.956,1,HOLD,TARGET,684
CURRENT,PIN_STRICT,38025,2026-09-01 07:16:17.176,1,HOLD,TARGET,905
CURRENT,EMA24,38035,2026-09-01 07:19:26.340,1,HOLD,TARGET,1255
CURRENT,PIN7,38039,2026-09-01 07:20:26.060,1,HOLD,TARGET,9265
CURRENT,PIN7,38040,2026-09-01 07:21:08.968,1,HOLD,TARGET,10213
CURRENT,PIN7,38041,2026-09-01 07:21:40.928,1,HOLD,TARGET,5950
CURRENT,EMA8,38043,2026-09-01 07:22:21.592,1,HOLD,TARGET,770
CURRENT,EMA24,38061,2026-09-01 07:27:39.468,1,HOLD,TARGET,14849
CURRENT,PIN7,38070,2026-09-01 07:31:24.240,1,HOLD,TARGET,545
CURRENT,EMA8,38081,2026-09-01 07:37:55.328,1,HOLD,STOP,8695
CURRENT,EMA8,38118,2026-09-01 07:53:23.512,-1,HOLD,TARGET,3341
CURRENT,EMA8,38128,2026-09-01 07:58:31.692,-1,HOLD,TARGET,21758
CURRENT,EMA24,38566,2026-09-01 11:09:42.592,-1,HOLD,TARGET,12128
CURRENT,PIN7,38573,2026-09-01 11:14:09.016,-1,HOLD,STOP,12606
CURRENT,PIN7,38574,2026-09-01 11:15:17.068,-1,HOLD,STOP,7501
CURRENT,PIN7,38599,2026-09-01 11:34:03.368,-1,HOLD,TARGET,3002
CURRENT,PIN7,38600,2026-09-01 11:34:30.856,-1,HOLD,TARGET,12412
CURRENT,EMA8,38603,2026-09-01 11:36:58.408,-1,HOLD,TARGET,1122
CURRENT,PIN_STRICT,38613,2026-09-01 11:42:52.120,-1,HOLD,TARGET,1239
CURRENT,PIN_STRICT,38617,2026-09-01 11:44:25.032,-1,HOLD,TARGET,3760
CURRENT,EMA8,38628,2026-09-01 11:46:50.436,-1,HOLD,STOP,5788
CURRENT,EMA24,38635,2026-09-01 11:48:33.336,-1,HOLD,TARGET,1054
CURRENT,EMA8,38660,2026-09-01 11:58:02.884,1,HOLD,TARGET,1211
CURRENT,EMA8,38683,2026-09-01 12:06:45.404,1,HOLD,TARGET,13634
CURRENT,EMA24,38686,2026-09-01 12:07:55.020,1,HOLD,TARGET,7607
CURRENT,EMA8,38700,2026-09-01 12:13:38.804,1,HOLD,TARGET,4798
CURRENT,EMA8,38707,2026-09-01 12:17:24.136,1,HOLD,STOP,6093
CURRENT,PIN7,38782,2026-09-01 12:53:00.052,-1,HOLD,TARGET,2453
CURRENT,PIN7,38798,2026-09-01 12:56:19.160,-1,HOLD,STOP,8908
CURRENT,EMA8,39727,2026-09-02 06:40:24.652,1,HOLD,TARGET,614
CURRENT,EMA8,39731,2026-09-02 06:41:11.004,1,HOLD,TARGET,4348
CURRENT,EMA8,39733,2026-09-02 06:41:16.432,1,HOLD,TARGET,313
CURRENT,EMA8,39823,2026-09-02 07:00:39.992,1,HOLD,TARGET,3700
CURRENT,PIN_STRICT,39826,2026-09-02 07:01:09.408,1,HOLD,TARGET,1892
CURRENT,PIN7,39827,2026-09-02 07:01:15.160,1,HOLD,TARGET,897
CURRENT,EMA8,39832,2026-09-02 07:02:16.096,1,HOLD,STOP,1233
CURRENT,EMA24,39836,2026-09-02 07:02:37.172,1,HOLD,TARGET,3876
CURRENT,EMA24,39840,2026-09-02 07:02:46.868,1,HOLD,TARGET,824
CURRENT,EMA8,39848,2026-09-02 07:04:37.776,1,HOLD,TARGET,1533
CURRENT,EMA8,39860,2026-09-02 07:09:01.324,1,HOLD,STOP,6953
CURRENT,EMA8,39886,2026-09-02 07:16:00.016,1,HOLD,TARGET,796
CURRENT,PIN7,39889,2026-09-02 07:17:19.568,1,HOLD,TARGET,1470
CURRENT,PIN7,39902,2026-09-02 07:21:37.324,1,HOLD,TARGET,1357
CURRENT,EMA8,39909,2026-09-02 07:23:44.032,1,HOLD,TARGET,1771
CURRENT,EMA8,39919,2026-09-02 07:29:14.872,1,HOLD,STOP,7388
CURRENT,EMA24,39923,2026-09-02 07:30:17.576,1,HOLD,STOP,8304
CURRENT,PIN_STRICT,39939,2026-09-02 07:35:13.772,1,HOLD,TARGET,31546
CURRENT,EMA8,39942,2026-09-02 07:36:20.628,1,HOLD,TARGET,775
CURRENT,PIN7,39952,2026-09-02 07:40:21.972,1,HOLD,TARGET,1432
CURRENT,PIN7,39963,2026-09-02 07:44:26.996,1,HOLD,STOP,7229
CURRENT,EMA24,39968,2026-09-02 07:48:02.332,1,HOLD,STOP,7869
CURRENT,EMA24,40308,2026-09-02 11:13:18.060,1,HOLD,TARGET,14535
CURRENT,EMA24,40310,2026-09-02 11:15:10.444,1,HOLD,TARGET,9223
CURRENT,EMA8,40358,2026-09-02 11:46:10.584,-1,HOLD,TARGET,1668
CURRENT,EMA24,41481,2026-09-03 06:31:16.388,1,HOLD,TARGET,2170
CURRENT,EMA24,41500,2026-09-03 06:32:58.904,1,HOLD,TARGET,1251
CURRENT,PIN7,41503,2026-09-03 06:33:15.320,1,HOLD,TARGET,3817
CURRENT,PIN7,41504,2026-09-03 06:33:24.108,1,HOLD,TARGET,1307
CURRENT,EMA8,41512,2026-09-03 06:34:16.084,1,HOLD,STOP,9468
CURRENT,PIN_STRICT,41543,2026-09-03 06:38:32.784,1,HOLD,TARGET,10200
CURRENT,EMA8,41548,2026-09-03 06:39:14.564,1,HOLD,TARGET,492
CURRENT,EMA24,41560,2026-09-03 06:41:13.352,1,HOLD,TARGET,2089
CURRENT,PIN_STRICT,41660,2026-09-03 07:01:08.032,-1,HOLD,TARGET,226
CURRENT,EMA24,41678,2026-09-03 07:03:32.464,-1,HOLD,TARGET,1182
CURRENT,EMA24,41695,2026-09-03 07:06:10.032,-1,HOLD,TARGET,6860
CURRENT,EMA24,41697,2026-09-03 07:06:21.668,-1,HOLD,TARGET,3708
CURRENT,PIN7,41749,2026-09-03 07:15:02.856,1,HOLD,TARGET,5558
CURRENT,PIN7,41750,2026-09-03 07:15:15.928,1,HOLD,TARGET,2716
CURRENT,PIN7,41751,2026-09-03 07:15:24.624,1,HOLD,TARGET,4708
CURRENT,PIN7,41767,2026-09-03 07:19:33.000,1,HOLD,TARGET,768
CURRENT,PIN_STRICT,41770,2026-09-03 07:20:45.632,1,HOLD,STOP,6421
CURRENT,EMA8,41894,2026-09-03 07:48:26.252,1,HOLD,TARGET,1014
CURRENT,EMA8,41901,2026-09-03 07:49:50.412,1,HOLD,TARGET,1116
CURRENT,EMA24,41906,2026-09-03 07:50:50.572,1,HOLD,STOP,7235
CURRENT,PIN_STRICT,41938,2026-09-03 07:56:22.816,-1,HOLD,TARGET,56
CURRENT,PIN7,41968,2026-09-03 07:58:12.480,1,HOLD,TARGET,511
CURRENT,PIN_STRICT,41975,2026-09-03 07:59:49.772,1,HOLD,TARGET,6311
CURRENT,EMA8,42250,2026-09-03 11:03:37.672,1,HOLD,TARGET,9396
CURRENT,EMA8,42252,2026-09-03 11:05:10.768,1,HOLD,TARGET,28948
CURRENT,EMA8,42259,2026-09-03 11:13:21.080,1,HOLD,TARGET,4834
CURRENT,PIN7,42298,2026-09-03 12:15:33.976,-1,HOLD,STOP,11959
CURRENT,EMA24,42309,2026-09-03 12:30:52.348,-1,HOLD,TARGET,10492
CURRENT,PIN7,42337,2026-09-03 12:56:16.900,-1,HOLD,TARGET,16375
CURRENT,EMA8,42340,2026-09-03 12:58:30.724,-1,HOLD,TARGET,568
CURRENT,EMA8,42344,2026-09-03 12:59:04.876,-1,HOLD,TARGET,7291
CURRENT,EMA24,43213,2026-09-04 06:31:14.084,1,HOLD,TARGET,4687
CURRENT,EMA24,43226,2026-09-04 06:32:11.324,1,HOLD,TARGET,1394
CURRENT,PIN7,43229,2026-09-04 06:33:16.972,1,HOLD,TARGET,38144
CURRENT,EMA8,43233,2026-09-04 06:33:52.528,1,HOLD,TARGET,4402
CURRENT,PIN7,43268,2026-09-04 06:41:14.984,-1,HOLD,STOP,5313
CURRENT,PIN7,43343,2026-09-04 07:02:56.308,-1,HOLD,STOP,3079
CURRENT,EMA24,43347,2026-09-04 07:03:35.924,-1,HOLD,TARGET,24424
CURRENT,PIN7,43368,2026-09-04 07:10:01.684,-1,HOLD,TARGET,9457
CURRENT,PIN_STRICT,43377,2026-09-04 07:12:40.320,-1,HOLD,TARGET,2047
CURRENT,EMA24,43409,2026-09-04 07:22:17.208,-1,HOLD,TARGET,18168
CURRENT,PIN7,43431,2026-09-04 07:31:41.084,-1,HOLD,STOP,16317
CURRENT,EMA8,43472,2026-09-04 07:47:11.120,-1,HOLD,TARGET,298
CURRENT,EMA8,43476,2026-09-04 07:47:41.676,-1,HOLD,TARGET,10229
CURRENT,EMA8,43478,2026-09-04 07:48:24.976,-1,HOLD,TARGET,9729
CURRENT,EMA24,43488,2026-09-04 07:51:35.100,-1,HOLD,TARGET,2791
CURRENT,EMA8,43491,2026-09-04 07:52:24.320,-1,HOLD,TARGET,14279
CURRENT,EMA8,43502,2026-09-04 07:56:29.648,-1,HOLD,TARGET,164
CURRENT,PIN7,43504,2026-09-04 07:56:50.116,-1,HOLD,TARGET,1237
CURRENT,EMA8,43784,2026-09-04 11:27:31.416,1,HOLD,TARGET,7285
CURRENT,EMA8,43788,2026-09-04 11:33:22.028,1,HOLD,TARGET,28020
CURRENT,PIN7,43797,2026-09-04 11:47:10.868,1,HOLD,TARGET,21305
CURRENT,PIN7,43798,2026-09-04 11:52:30.856,1,HOLD,TARGET,16993
CURRENT,EMA8,43803,2026-09-04 12:00:10.772,1,HOLD,STOP,2524
CURRENT,EMA8,43821,2026-09-04 12:19:21.332,-1,HOLD,STOP,16184
CURRENT,EMA8,43823,2026-09-04 12:22:37.860,-1,HOLD,STOP,9494
CURRENT,PIN7,43844,2026-09-04 12:50:00.048,1,HOLD,TARGET,90
CURRENT,EMA8,43855,2026-09-04 12:55:08.732,1,HOLD,STOP,4595
CURRENT,EMA24,43859,2026-09-04 12:55:55.200,1,HOLD,TARGET,5740
CURRENT,EMA8,44291,2026-09-07 06:33:49.640,1,HOLD,STOP,2643
CURRENT,EMA24,44330,2026-09-07 07:40:14.212,-1,HOLD,TARGET,1379
CURRENT,PIN7,44338,2026-09-07 07:58:20.160,-1,HOLD,TARGET,2014
CURRENT,PIN7,45322,2026-09-08 06:33:05.644,-1,HOLD,TARGET,4899
CURRENT,PIN7,45336,2026-09-08 06:35:24.440,-1,HOLD,TARGET,7337
CURRENT,PIN7,45340,2026-09-08 06:36:13.868,-1,HOLD,TARGET,4685
CURRENT,PIN_STRICT,45357,2026-09-08 06:40:41.196,-1,HOLD,TARGET,3206
CURRENT,PIN_STRICT,45358,2026-09-08 06:40:49.060,-1,HOLD,TARGET,2231
CURRENT,PIN_STRICT,45361,2026-09-08 06:41:47.320,-1,HOLD,TARGET,4230
CURRENT,EMA8,45368,2026-09-08 06:42:43.928,-1,HOLD,TARGET,5055
CURRENT,EMA8,45474,2026-09-08 07:03:06.468,-1,HOLD,TARGET,21484
CURRENT,PIN7,45514,2026-09-08 07:10:00.740,-1,HOLD,TARGET,1152
CURRENT,EMA8,45519,2026-09-08 07:10:55.004,-1,HOLD,TARGET,13605
CURRENT,EMA8,45524,2026-09-08 07:11:45.268,-1,HOLD,TARGET,1550
CURRENT,PIN7,45673,2026-09-08 07:50:55.056,1,HOLD,TARGET,2190
CURRENT,EMA8,45682,2026-09-08 07:55:00.168,1,HOLD,TARGET,1388
CURRENT,PIN7,45998,2026-09-08 11:41:45.556,-1,HOLD,STOP,4866
CURRENT,PIN7,46009,2026-09-08 11:47:59.508,-1,HOLD,TARGET,1503
CURRENT,PIN7,46010,2026-09-08 11:48:01.284,-1,HOLD,TARGET,217
CURRENT,EMA8,46015,2026-09-08 11:48:15.808,-1,HOLD,TARGET,6047
CURRENT,EMA8,46017,2026-09-08 11:48:21.080,-1,HOLD,TARGET,3436
CURRENT,EMA8,46019,2026-09-08 11:48:28.844,-1,HOLD,TARGET,6270
CURRENT,EMA8,46021,2026-09-08 11:48:37.004,-1,HOLD,TARGET,2596
CURRENT,EMA8,46023,2026-09-08 11:48:42.204,-1,HOLD,TARGET,958
CURRENT,PIN_STRICT,46026,2026-09-08 11:48:54.112,-1,HOLD,TARGET,1420
CURRENT,PIN7,46027,2026-09-08 11:48:56.640,-1,HOLD,TARGET,257
CURRENT,PIN_STRICT,46031,2026-09-08 11:49:00.632,-1,HOLD,TARGET,1
CURRENT,EMA24,46043,2026-09-08 11:49:23.908,-1,HOLD,TARGET,489
CURRENT,EMA8,46083,2026-09-08 11:56:56.552,1,HOLD,TARGET,3629
CURRENT,EMA8,46160,2026-09-08 12:49:20.008,-1,HOLD,TARGET,2753
CURRENT,EMA24,46178,2026-09-08 12:50:37.784,-1,HOLD,TARGET,5995
CURRENT,PIN7,46190,2026-09-08 12:53:18.064,-1,HOLD,TARGET,4705
CURRENT,PIN7,47078,2026-09-09 06:32:56.500,-1,HOLD,STOP,21311
CURRENT,EMA24,47095,2026-09-09 06:35:30.800,1,HOLD,TARGET,1124
CURRENT,PIN7,47270,2026-09-09 07:16:09.040,-1,HOLD,TARGET,1791
CURRENT,EMA8,47278,2026-09-09 07:17:40.312,-1,HOLD,TARGET,5628
CURRENT,EMA8,47280,2026-09-09 07:18:01.908,-1,HOLD,TARGET,2129
CURRENT,EMA8,47314,2026-09-09 07:24:52.240,-1,HOLD,TARGET,156
CURRENT,EMA8,47317,2026-09-09 07:24:58.740,-1,HOLD,TARGET,418
CURRENT,EMA8,47320,2026-09-09 07:25:07.004,-1,HOLD,STOP,5310
CURRENT,PIN_STRICT,47344,2026-09-09 07:29:14.564,1,HOLD,TARGET,573
CURRENT,EMA24,47358,2026-09-09 07:32:32.248,1,HOLD,STOP,11767
CURRENT,EMA24,47924,2026-09-09 11:50:52.012,1,HOLD,TARGET,4857
CURRENT,EMA8,47965,2026-09-09 12:45:27.720,-1,HOLD,TARGET,1018
CURRENT,PIN7,47974,2026-09-09 12:50:17.404,-1,HOLD,TARGET,2696
CURRENT,PIN7,47975,2026-09-09 12:50:57.004,-1,HOLD,TARGET,983
CURRENT,EMA24,47987,2026-09-09 12:56:49.956,-1,HOLD,TARGET,3309
CURRENT,EMA24,47992,2026-09-09 12:59:01.940,-1,HOLD,TARGET,2856
CURRENT,EMA24,49225,2026-09-10 07:03:22.308,1,HOLD,TARGET,3934
CURRENT,EMA24,49284,2026-09-10 07:15:00.524,1,HOLD,STOP,6248
CURRENT,PIN7,49293,2026-09-10 07:16:34.300,1,HOLD,TARGET,4901
CURRENT,PIN7,49310,2026-09-10 07:19:10.484,1,HOLD,TARGET,1447
CURRENT,PIN7,49315,2026-09-10 07:19:46.184,1,HOLD,TARGET,1967
CURRENT,PIN7,49317,2026-09-10 07:19:56.224,1,HOLD,TARGET,4002
CURRENT,EMA8,49330,2026-09-10 07:22:38.468,1,HOLD,TARGET,739
CURRENT,PIN_STRICT,49348,2026-09-10 07:24:40.464,1,HOLD,TARGET,1
CURRENT,EMA24,49366,2026-09-10 07:24:50.576,1,HOLD,TARGET,12052
CURRENT,PIN7,49385,2026-09-10 07:25:19.952,1,HOLD,TARGET,3758
CURRENT,EMA24,49391,2026-09-10 07:25:35.384,1,HOLD,STOP,9602
CURRENT,EMA8,49419,2026-09-10 07:27:47.396,-1,HOLD,TARGET,794
CURRENT,PIN7,49423,2026-09-10 07:29:06.552,-1,HOLD,TARGET,2824
CURRENT,EMA8,49462,2026-09-10 07:36:31.752,1,HOLD,TARGET,1906
CURRENT,EMA8,49466,2026-09-10 07:37:39.740,1,HOLD,TARGET,1009
CURRENT,PIN7,49468,2026-09-10 07:38:18.000,1,HOLD,STOP,13694
CURRENT,EMA8,49470,2026-09-10 07:38:48.388,1,HOLD,STOP,9346
CURRENT,EMA8,49497,2026-09-10 07:45:49.448,-1,HOLD,TARGET,1503
CURRENT,EMA24,49502,2026-09-10 07:46:30.040,-1,HOLD,TARGET,7202
CURRENT,PIN7,49551,2026-09-10 07:57:13.440,1,HOLD,TARGET,5595
CURRENT,EMA8,49557,2026-09-10 07:58:52.388,1,HOLD,STOP,19113
CURRENT,PIN7,50037,2026-09-10 11:02:19.680,-1,HOLD,TARGET,1032
CURRENT,PIN7,50039,2026-09-10 11:03:16.004,-1,HOLD,TARGET,8877
CURRENT,EMA8,50042,2026-09-10 11:04:50.848,-1,HOLD,TARGET,1740
CURRENT,PIN7,50052,2026-09-10 11:10:09.944,-1,HOLD,TARGET,1289
CURRENT,EMA24,50059,2026-09-10 11:14:45.524,-1,HOLD,TARGET,1281
CURRENT,PIN7,50083,2026-09-10 11:32:37.156,-1,HOLD,TARGET,1806
CURRENT,PIN7,50122,2026-09-10 11:51:26.412,1,HOLD,TARGET,3030
CURRENT,PIN7,50123,2026-09-10 11:51:27.792,1,HOLD,TARGET,6182
CURRENT,EMA8,50127,2026-09-10 11:51:44.700,1,HOLD,TARGET,582
CURRENT,EMA24,50133,2026-09-10 11:52:44.916,1,HOLD,TARGET,846
CURRENT,EMA8,50153,2026-09-10 12:00:30.600,-1,HOLD,TARGET,2927
CURRENT,PIN7,50159,2026-09-10 12:03:06.548,-1,HOLD,TARGET,7692
CURRENT,EMA24,50166,2026-09-10 12:07:50.900,-1,HOLD,TARGET,1331
CURRENT,EMA8,50194,2026-09-10 12:19:04.476,-1,HOLD,TARGET,16306
CURRENT,EMA24,50198,2026-09-10 12:20:45.504,-1,HOLD,TARGET,885
CURRENT,EMA8,50231,2026-09-10 12:42:01.420,1,HOLD,TARGET,4920
CURRENT,PIN7,51769,2026-09-11 06:33:32.216,1,HOLD,TARGET,7178
CURRENT,EMA8,51771,2026-09-11 06:33:40.784,1,HOLD,TARGET,3125
CURRENT,PIN7,51774,2026-09-11 06:33:54.692,1,HOLD,TARGET,795
CURRENT,EMA8,51779,2026-09-11 06:34:07.060,1,HOLD,TARGET,5415
CURRENT,EMA8,51783,2026-09-11 06:34:39.740,1,HOLD,TARGET,123
CURRENT,EMA8,51794,2026-09-11 06:35:38.752,1,HOLD,STOP,20675
CURRENT,PIN_STRICT,51846,2026-09-11 06:40:26.424,-1,HOLD,TARGET,209
CURRENT,EMA8,51890,2026-09-11 06:42:18.132,-1,HOLD,NONE,21942
CURRENT,EMA24,52067,2026-09-11 07:00:05.908,1,HOLD,TARGET,2560
CURRENT,PIN7,52117,2026-09-11 07:06:04.188,-1,HOLD,TARGET,5920
CURRENT,EMA24,52124,2026-09-11 07:06:34.668,-1,HOLD,TARGET,3352
CURRENT,EMA8,52166,2026-09-11 07:12:04.140,-1,HOLD,TARGET,675
CURRENT,PIN7,52170,2026-09-11 07:12:35.096,-1,HOLD,STOP,8497
CURRENT,PIN7,52185,2026-09-11 07:14:52.576,-1,HOLD,TARGET,997
CURRENT,EMA8,52188,2026-09-11 07:15:14.528,-1,HOLD,TARGET,13011
CURRENT,EMA24,52194,2026-09-11 07:15:52.332,-1,HOLD,TARGET,2701
CURRENT,EMA8,52224,2026-09-11 07:21:45.028,1,HOLD,TARGET,1613
CURRENT,EMA8,52268,2026-09-11 07:33:06.528,-1,HOLD,TARGET,988
CURRENT,PIN_STRICT,52278,2026-09-11 07:35:16.320,-1,HOLD,TARGET,10823
CURRENT,EMA8,52283,2026-09-11 07:35:54.928,-1,HOLD,TARGET,1949
CURRENT,EMA8,52286,2026-09-11 07:36:45.208,-1,HOLD,TARGET,3757
CURRENT,EMA8,52295,2026-09-11 07:38:23.652,-1,HOLD,TARGET,451
CURRENT,PIN7,52297,2026-09-11 07:38:35.752,-1,HOLD,TARGET,232
CURRENT,EMA24,52333,2026-09-11 07:46:07.640,-1,HOLD,TARGET,1677
CURRENT,EMA24,52422,2026-09-11 07:58:20.800,-1,HOLD,TARGET,8416
CURRENT,EMA8,52788,2026-09-11 11:21:27.724,-1,HOLD,STOP,31823
CURRENT,PIN7,52812,2026-09-11 11:45:57.820,-1,HOLD,STOP,6236
CURRENT,PIN7,52828,2026-09-11 12:09:52.700,-1,HOLD,TARGET,2499
CURRENT,PIN7,52850,2026-09-11 12:50:00.028,-1,HOLD,TARGET,1
CURRENT,EMA24,52861,2026-09-11 12:54:29.248,-1,HOLD,TARGET,3577
NO_50_ORDER,EMA8,1025,2026-08-03 06:32:55.424,1,DEV,NONE,0
NO_50_ORDER,EMA8,1027,2026-08-03 06:33:01.816,1,DEV,NONE,0
NO_50_ORDER,EMA24,1029,2026-08-03 06:33:05.364,1,DEV,NONE,0
NO_50_ORDER,EMA24,1031,2026-08-03 06:33:11.392,1,DEV,NONE,0
NO_50_ORDER,PIN7,1035,2026-08-03 06:33:28.280,1,DEV,NONE,0
NO_50_ORDER,PIN_STRICT,1047,2026-08-03 06:34:11.036,1,DEV,NONE,0
NO_50_ORDER,EMA8,1051,2026-08-03 06:34:29.936,1,DEV,NONE,0
NO_50_ORDER,PIN_STRICT,1069,2026-08-03 06:35:44.004,1,DEV,NONE,0
NO_50_ORDER,EMA8,1072,2026-08-03 06:36:04.044,1,DEV,NONE,0
NO_50_ORDER,PIN7,1081,2026-08-03 06:36:52.268,1,DEV,NONE,0
NO_50_ORDER,PIN7,1116,2026-08-03 06:40:22.552,-1,DEV,NONE,0
NO_50_ORDER,PIN7,1117,2026-08-03 06:40:28.284,-1,DEV,NONE,0
NO_50_ORDER,PIN7,1176,2026-08-03 06:44:52.564,1,DEV,NONE,0
NO_50_ORDER,EMA8,1319,2026-08-03 07:00:02.252,1,DEV,NONE,0
NO_50_ORDER,PIN7,1389,2026-08-03 07:10:26.840,1,DEV,NONE,0
NO_50_ORDER,EMA8,1393,2026-08-03 07:10:53.264,1,DEV,NONE,0
NO_50_ORDER,EMA8,1395,2026-08-03 07:11:24.544,1,DEV,NONE,0
NO_50_ORDER,EMA8,1399,2026-08-03 07:12:51.456,1,DEV,NONE,0
NO_50_ORDER,PIN7,1408,2026-08-03 07:15:07.836,1,DEV,NONE,0
NO_50_ORDER,PIN7,1409,2026-08-03 07:15:32.676,1,DEV,NONE,0
NO_50_ORDER,PIN7,1410,2026-08-03 07:16:00.104,1,DEV,NONE,0
NO_50_ORDER,PIN_STRICT,1413,2026-08-03 07:16:53.480,1,DEV,NONE,0
NO_50_ORDER,EMA8,1423,2026-08-03 07:21:11.684,1,DEV,NONE,0
NO_50_ORDER,PIN7,1428,2026-08-03 07:23:56.052,1,DEV,NONE,0
NO_50_ORDER,EMA8,1489,2026-08-03 07:58:58.816,1,DEV,NONE,0
NO_50_ORDER,EMA8,1696,2026-08-03 11:01:38.916,1,DEV,NONE,0
NO_50_ORDER,EMA8,1698,2026-08-03 11:03:05.052,1,DEV,NONE,0
NO_50_ORDER,PIN7,1700,2026-08-03 11:04:03.352,1,DEV,NONE,0
NO_50_ORDER,PIN_STRICT,1702,2026-08-03 11:05:08.452,1,DEV,NONE,0
NO_50_ORDER,PIN7,1717,2026-08-03 11:17:18.116,1,DEV,NONE,0
NO_50_ORDER,PIN7,1730,2026-08-03 11:28:06.472,-1,DEV,NONE,0
NO_50_ORDER,PIN7,1731,2026-08-03 11:28:33.440,-1,DEV,NONE,0
NO_50_ORDER,EMA8,1735,2026-08-03 11:30:17.568,-1,DEV,NONE,0
NO_50_ORDER,EMA8,1739,2026-08-03 11:32:39.960,-1,DEV,NONE,0
NO_50_ORDER,EMA24,1759,2026-08-03 11:46:47.456,1,DEV,NONE,0
NO_50_ORDER,EMA24,1773,2026-08-03 12:00:02.288,1,DEV,NONE,0
NO_50_ORDER,PIN_STRICT,1777,2026-08-03 12:02:15.008,1,DEV,NONE,0
NO_50_ORDER,PIN_STRICT,1778,2026-08-03 12:02:35.060,1,DEV,NONE,0
NO_50_ORDER,PIN7,1802,2026-08-03 12:28:02.888,1,DEV,NONE,0
NO_50_ORDER,PIN7,1821,2026-08-03 12:40:10.348,-1,DEV,NONE,0
NO_50_ORDER,EMA8,1862,2026-08-03 12:55:03.820,-1,DEV,NONE,0
NO_50_ORDER,EMA24,1870,2026-08-03 12:58:00.088,-1,DEV,NONE,0
NO_50_ORDER,PIN7,2587,2026-08-04 06:32:26.700,1,DEV,TARGET,1
NO_50_ORDER,PIN_STRICT,2600,2026-08-04 06:36:28.908,1,DEV,STOP,4062
NO_50_ORDER,PIN7,2624,2026-08-04 06:41:15.464,1,DEV,STOP,6581
NO_50_ORDER,EMA8,2711,2026-08-04 07:01:15.116,1,DEV,TARGET,1931
NO_50_ORDER,PIN7,2713,2026-08-04 07:01:37.220,1,DEV,TARGET,3981
NO_50_ORDER,PIN7,2715,2026-08-04 07:02:09.032,1,DEV,TARGET,3487
NO_50_ORDER,PIN7,2716,2026-08-04 07:02:24.164,1,DEV,TARGET,1
NO_50_ORDER,EMA8,2736,2026-08-04 07:05:50.564,1,DEV,TARGET,3070
NO_50_ORDER,EMA8,2743,2026-08-04 07:08:25.252,1,DEV,TARGET,1994
NO_50_ORDER,PIN7,2755,2026-08-04 07:14:56.764,1,DEV,TARGET,1923
NO_50_ORDER,EMA8,2760,2026-08-04 07:16:44.524,1,DEV,TARGET,4342
NO_50_ORDER,EMA8,2762,2026-08-04 07:17:18.796,1,DEV,TARGET,704
NO_50_ORDER,EMA8,2771,2026-08-04 07:19:46.872,1,DEV,STOP,2844
NO_50_ORDER,EMA24,2786,2026-08-04 07:22:37.292,-1,DEV,TARGET,1538
NO_50_ORDER,EMA24,2847,2026-08-04 07:37:29.576,1,DEV,TARGET,538
NO_50_ORDER,PIN7,2890,2026-08-04 07:42:47.812,1,DEV,TARGET,6325
NO_50_ORDER,PIN7,2891,2026-08-04 07:43:36.808,1,DEV,TARGET,1480
NO_50_ORDER,EMA8,2897,2026-08-04 07:45:16.056,1,DEV,TARGET,17509
NO_50_ORDER,EMA8,2904,2026-08-04 07:48:15.420,1,DEV,TARGET,3844
NO_50_ORDER,EMA8,2926,2026-08-04 07:58:03.960,1,DEV,TARGET,1282
NO_50_ORDER,PIN7,2928,2026-08-04 07:59:01.968,1,DEV,TARGET,1473
NO_50_ORDER,PIN_STRICT,3281,2026-08-04 11:00:49.780,-1,DEV,STOP,4036
NO_50_ORDER,PIN7,3302,2026-08-04 11:04:26.876,-1,DEV,TARGET,388
NO_50_ORDER,PIN7,3304,2026-08-04 11:04:45.436,-1,DEV,STOP,3725
NO_50_ORDER,PIN7,3391,2026-08-04 11:40:16.704,-1,DEV,TARGET,366
NO_50_ORDER,PIN7,3401,2026-08-04 11:43:31.520,-1,DEV,STOP,4322
NO_50_ORDER,EMA8,3417,2026-08-04 11:50:12.044,1,DEV,TARGET,1990
NO_50_ORDER,EMA8,3420,2026-08-04 11:51:53.460,1,DEV,STOP,10253
NO_50_ORDER,EMA24,3468,2026-08-04 12:13:40.804,1,DEV,TARGET,3690
NO_50_ORDER,EMA24,3472,2026-08-04 12:16:19.744,1,DEV,TARGET,527
NO_50_ORDER,PIN7,3487,2026-08-04 12:26:10.448,-1,DEV,TARGET,9754
NO_50_ORDER,PIN7,3520,2026-08-04 12:38:19.804,1,DEV,TARGET,7084
NO_50_ORDER,EMA8,3524,2026-08-04 12:40:15.916,1,DEV,TARGET,1862
NO_50_ORDER,EMA8,3530,2026-08-04 12:43:46.932,1,DEV,TARGET,216
NO_50_ORDER,PIN7,3560,2026-08-04 12:50:30.808,-1,DEV,TARGET,5782
NO_50_ORDER,EMA8,3565,2026-08-04 12:51:50.464,-1,DEV,TARGET,4104
NO_50_ORDER,EMA8,3567,2026-08-04 12:52:08.384,-1,DEV,TARGET,10323
NO_50_ORDER,PIN7,3575,2026-08-04 12:54:08.616,-1,DEV,TARGET,1356
NO_50_ORDER,PIN7,3576,2026-08-04 12:54:16.924,-1,DEV,TARGET,1648
NO_50_ORDER,PIN7,3616,2026-08-04 12:59:44.036,-1,DEV,TARGET,889
NO_50_ORDER,PIN7,4490,2026-08-05 06:31:06.756,1,DEV,TARGET,2318
NO_50_ORDER,PIN_STRICT,4578,2026-08-05 06:39:52.952,1,DEV,TARGET,84
NO_50_ORDER,PIN_STRICT,4581,2026-08-05 06:39:53.476,1,DEV,TARGET,1308
NO_50_ORDER,PIN7,4618,2026-08-05 06:43:36.496,-1,DEV,TARGET,1035
NO_50_ORDER,EMA8,4856,2026-08-05 07:01:46.872,-1,DEV,TARGET,3804
NO_50_ORDER,EMA24,4886,2026-08-05 07:04:29.920,1,DEV,TARGET,6793
NO_50_ORDER,PIN7,4895,2026-08-05 07:05:01.848,1,DEV,TARGET,4397
NO_50_ORDER,PIN7,4899,2026-08-05 07:05:16.744,1,DEV,TARGET,3356
NO_50_ORDER,EMA8,4909,2026-08-05 07:05:50.004,1,DEV,STOP,3206
NO_50_ORDER,EMA24,4993,2026-08-05 07:15:05.100,1,DEV,TARGET,767
NO_50_ORDER,EMA8,5034,2026-08-05 07:20:20.652,-1,DEV,TARGET,8420
NO_50_ORDER,EMA8,5036,2026-08-05 07:20:28.032,-1,DEV,TARGET,4079
NO_50_ORDER,EMA8,5041,2026-08-05 07:21:06.552,-1,DEV,STOP,4222
NO_50_ORDER,EMA8,5049,2026-08-05 07:22:10.876,-1,DEV,TARGET,560
NO_50_ORDER,EMA8,5053,2026-08-05 07:22:26.564,-1,DEV,TARGET,1439
NO_50_ORDER,EMA8,5057,2026-08-05 07:22:53.764,-1,DEV,TARGET,4044
NO_50_ORDER,EMA8,5061,2026-08-05 07:23:12.508,-1,DEV,TARGET,2746
NO_50_ORDER,PIN7,5066,2026-08-05 07:23:32.376,-1,DEV,STOP,7258
NO_50_ORDER,PIN_STRICT,5123,2026-08-05 07:29:53.036,-1,DEV,TARGET,1775
NO_50_ORDER,PIN7,5129,2026-08-05 07:30:09.948,-1,DEV,TARGET,5136
NO_50_ORDER,EMA8,5131,2026-08-05 07:30:19.320,-1,DEV,TARGET,437
NO_50_ORDER,EMA24,5138,2026-08-05 07:31:06.088,-1,DEV,TARGET,219
NO_50_ORDER,PIN7,5142,2026-08-05 07:31:25.308,-1,DEV,TARGET,1025
NO_50_ORDER,EMA24,5149,2026-08-05 07:32:22.196,-1,DEV,TARGET,591
NO_50_ORDER,PIN7,5188,2026-08-05 07:36:22.976,-1,DEV,TARGET,724
NO_50_ORDER,EMA8,5203,2026-08-05 07:37:47.816,-1,DEV,TARGET,1617
NO_50_ORDER,PIN7,5219,2026-08-05 07:40:03.340,-1,DEV,STOP,1869
NO_50_ORDER,EMA24,5286,2026-08-05 07:47:55.580,1,DEV,TARGET,25296
NO_50_ORDER,EMA8,5300,2026-08-05 07:50:22.408,1,DEV,STOP,998
NO_50_ORDER,PIN7,5306,2026-08-05 07:50:57.888,-1,DEV,TARGET,7374
NO_50_ORDER,PIN_STRICT,5320,2026-08-05 07:52:31.212,-1,DEV,TARGET,11977
NO_50_ORDER,PIN7,5367,2026-08-05 07:57:20.680,1,DEV,TARGET,910
NO_50_ORDER,PIN7,6243,2026-08-05 11:03:24.612,1,DEV,TARGET,631
NO_50_ORDER,PIN7,6339,2026-08-05 11:57:17.108,-1,DEV,STOP,3236
NO_50_ORDER,EMA8,6341,2026-08-05 11:57:43.964,-1,DEV,TARGET,5750
NO_50_ORDER,EMA8,6404,2026-08-05 12:35:01.624,-1,DEV,TARGET,1503
NO_50_ORDER,PIN7,6406,2026-08-05 12:36:12.052,-1,DEV,STOP,16190
NO_50_ORDER,EMA8,6412,2026-08-05 12:38:50.600,-1,DEV,TARGET,1573
NO_50_ORDER,EMA24,6416,2026-08-05 12:41:21.152,-1,DEV,STOP,12230
NO_50_ORDER,PIN7,6461,2026-08-05 12:56:23.544,-1,DEV,TARGET,459
NO_50_ORDER,PIN7,6470,2026-08-05 12:59:00.100,-1,DEV,TARGET,578
NO_50_ORDER,PIN7,6471,2026-08-05 12:59:02.948,-1,DEV,TARGET,598
NO_50_ORDER,PIN_STRICT,6484,2026-08-05 12:59:44.020,-1,DEV,TARGET,1
NO_50_ORDER,PIN_STRICT,7379,2026-08-06 06:33:16.124,-1,DEV,STOP,3611
NO_50_ORDER,EMA24,7387,2026-08-06 06:34:16.520,-1,DEV,TARGET,91
NO_50_ORDER,EMA8,7401,2026-08-06 06:35:01.800,1,DEV,TARGET,241
NO_50_ORDER,EMA8,7419,2026-08-06 06:36:00.160,1,DEV,TARGET,1022
NO_50_ORDER,PIN7,7426,2026-08-06 06:36:26.952,1,DEV,TARGET,539
NO_50_ORDER,PIN7,7451,2026-08-06 06:39:06.856,-1,DEV,TARGET,4408
NO_50_ORDER,EMA8,7460,2026-08-06 06:39:35.764,-1,DEV,TARGET,3190
NO_50_ORDER,PIN7,7475,2026-08-06 06:40:52.028,1,DEV,TARGET,5524
NO_50_ORDER,EMA8,7493,2026-08-06 06:42:04.704,1,DEV,STOP,15812
NO_50_ORDER,PIN7,7509,2026-08-06 06:43:23.676,1,DEV,TARGET,2368
NO_50_ORDER,EMA8,7516,2026-08-06 06:43:52.588,1,DEV,TARGET,3511
NO_50_ORDER,EMA8,7709,2026-08-06 07:07:48.944,1,DEV,TARGET,14500
NO_50_ORDER,EMA8,7711,2026-08-06 07:08:14.028,1,DEV,TARGET,7045
NO_50_ORDER,EMA8,7713,2026-08-06 07:08:50.888,1,DEV,TARGET,1187
NO_50_ORDER,EMA8,7723,2026-08-06 07:10:43.428,1,DEV,TARGET,4874
NO_50_ORDER,EMA8,7727,2026-08-06 07:12:00.300,1,DEV,STOP,7349
NO_50_ORDER,PIN7,7771,2026-08-06 07:23:56.276,-1,DEV,TARGET,662
NO_50_ORDER,PIN7,7775,2026-08-06 07:25:12.248,-1,DEV,TARGET,163
NO_50_ORDER,EMA8,7791,2026-08-06 07:26:31.688,-1,DEV,TARGET,1
NO_50_ORDER,EMA8,7799,2026-08-06 07:27:14.708,-1,DEV,STOP,19763
NO_50_ORDER,EMA8,7801,2026-08-06 07:27:17.480,-1,DEV,STOP,18332
NO_50_ORDER,EMA8,7803,2026-08-06 07:27:27.176,-1,DEV,STOP,14902
NO_50_ORDER,PIN7,7830,2026-08-06 07:30:32.168,1,DEV,STOP,4727
NO_50_ORDER,EMA8,7832,2026-08-06 07:30:43.264,1,DEV,STOP,6105
NO_50_ORDER,PIN7,7878,2026-08-06 07:37:23.404,-1,DEV,TARGET,19407
NO_50_ORDER,PIN7,7879,2026-08-06 07:37:28.884,-1,DEV,TARGET,18771
NO_50_ORDER,PIN7,7885,2026-08-06 07:38:59.048,-1,DEV,TARGET,9619
NO_50_ORDER,PIN7,7911,2026-08-06 07:42:11.092,1,DEV,TARGET,8424
NO_50_ORDER,EMA8,7931,2026-08-06 07:46:04.168,-1,DEV,TARGET,8994
NO_50_ORDER,EMA8,7933,2026-08-06 07:46:41.772,-1,DEV,TARGET,1685
NO_50_ORDER,EMA8,7936,2026-08-06 07:47:24.664,-1,DEV,TARGET,12801
NO_50_ORDER,EMA8,7938,2026-08-06 07:48:13.348,-1,DEV,TARGET,1873
NO_50_ORDER,EMA8,7973,2026-08-06 07:55:29.052,1,DEV,TARGET,6546
NO_50_ORDER,EMA8,7975,2026-08-06 07:55:40.624,1,DEV,TARGET,3298
NO_50_ORDER,PIN7,7978,2026-08-06 07:56:14.760,1,DEV,TARGET,7557
NO_50_ORDER,EMA8,7980,2026-08-06 07:56:32.088,1,DEV,TARGET,2479
NO_50_ORDER,EMA24,7994,2026-08-06 07:59:13.636,1,DEV,TARGET,877
NO_50_ORDER,PIN7,8677,2026-08-06 11:05:36.956,1,DEV,STOP,16441
NO_50_ORDER,EMA24,8684,2026-08-06 11:09:42.676,1,DEV,TARGET,1233
NO_50_ORDER,PIN7,8701,2026-08-06 11:16:21.144,1,DEV,TARGET,2597
NO_50_ORDER,PIN7,8702,2026-08-06 11:16:42.048,1,DEV,TARGET,1441
NO_50_ORDER,EMA24,8716,2026-08-06 11:20:01.468,1,DEV,TARGET,4430
NO_50_ORDER,PIN7,8737,2026-08-06 11:34:15.080,-1,DEV,TARGET,10718
NO_50_ORDER,PIN7,8742,2026-08-06 11:38:20.884,-1,DEV,TARGET,2589
NO_50_ORDER,EMA8,8782,2026-08-06 12:06:33.832,1,DEV,TARGET,5907
NO_50_ORDER,PIN7,8788,2026-08-06 12:12:07.476,1,DEV,STOP,3018
NO_50_ORDER,EMA8,8811,2026-08-06 12:25:50.168,-1,DEV,STOP,2165
NO_50_ORDER,EMA24,8814,2026-08-06 12:26:17.040,-1,DEV,TARGET,807
NO_50_ORDER,EMA8,8818,2026-08-06 12:27:38.708,-1,DEV,TARGET,9418
NO_50_ORDER,PIN7,8842,2026-08-06 12:39:00.620,-1,DEV,TARGET,6349
NO_50_ORDER,PIN7,8843,2026-08-06 12:40:00.680,-1,DEV,TARGET,6236
NO_50_ORDER,PIN7,8844,2026-08-06 12:40:34.152,-1,DEV,TARGET,4212
NO_50_ORDER,PIN7,8845,2026-08-06 12:41:21.528,-1,DEV,TARGET,1623
NO_50_ORDER,PIN_STRICT,8847,2026-08-06 12:42:01.880,-1,DEV,TARGET,5327
NO_50_ORDER,EMA24,8858,2026-08-06 12:46:17.460,-1,DEV,TARGET,201
NO_50_ORDER,EMA8,8885,2026-08-06 12:51:52.356,-1,DEV,STOP,9941
NO_50_ORDER,EMA8,8900,2026-08-06 12:54:06.224,1,DEV,TARGET,916
NO_50_ORDER,EMA8,8906,2026-08-06 12:54:39.372,1,DEV,STOP,14004
NO_50_ORDER,EMA8,8910,2026-08-06 12:55:00.280,1,DEV,TARGET,1925
NO_50_ORDER,EMA8,9976,2026-08-07 06:32:21.132,1,DEV,STOP,9353
NO_50_ORDER,PIN7,9986,2026-08-07 06:33:17.020,1,DEV,STOP,1334
NO_50_ORDER,EMA8,10033,2026-08-07 06:36:39.064,-1,DEV,TARGET,930
NO_50_ORDER,PIN7,10048,2026-08-07 06:38:05.836,1,DEV,TARGET,16160
NO_50_ORDER,EMA8,10050,2026-08-07 06:38:22.504,1,DEV,TARGET,6605
NO_50_ORDER,EMA24,10058,2026-08-07 06:39:17.644,1,DEV,TARGET,4551
NO_50_ORDER,EMA8,10092,2026-08-07 06:41:51.860,1,DEV,STOP,1511
NO_50_ORDER,PIN7,10114,2026-08-07 06:43:30.996,1,DEV,TARGET,4531
NO_50_ORDER,PIN7,10115,2026-08-07 06:43:45.948,1,DEV,TARGET,1190
NO_50_ORDER,PIN_STRICT,10119,2026-08-07 06:44:04.288,1,DEV,TARGET,16453
NO_50_ORDER,EMA8,10122,2026-08-07 06:44:38.264,1,DEV,TARGET,2631
NO_50_ORDER,PIN7,10304,2026-08-07 07:00:34.000,1,DEV,TARGET,404
NO_50_ORDER,EMA24,10314,2026-08-07 07:01:12.332,1,DEV,STOP,9360
NO_50_ORDER,PIN7,10350,2026-08-07 07:04:01.160,-1,DEV,TARGET,2767
NO_50_ORDER,PIN7,10351,2026-08-07 07:04:07.676,-1,DEV,TARGET,172
NO_50_ORDER,PIN7,10416,2026-08-07 07:09:46.176,-1,DEV,TARGET,1122
NO_50_ORDER,EMA8,10421,2026-08-07 07:10:15.448,-1,DEV,TARGET,7812
NO_50_ORDER,PIN7,10436,2026-08-07 07:11:37.476,-1,DEV,TARGET,4849
NO_50_ORDER,PIN7,10437,2026-08-07 07:11:51.784,-1,DEV,TARGET,2124
NO_50_ORDER,EMA8,10492,2026-08-07 07:17:33.552,1,DEV,TARGET,494
NO_50_ORDER,EMA8,10499,2026-08-07 07:17:51.784,1,DEV,TARGET,21708
NO_50_ORDER,EMA8,10506,2026-08-07 07:18:36.064,1,DEV,TARGET,2272
NO_50_ORDER,PIN7,10508,2026-08-07 07:18:45.692,1,DEV,TARGET,2894
NO_50_ORDER,EMA24,10533,2026-08-07 07:22:35.944,1,DEV,TARGET,12442
NO_50_ORDER,PIN7,10542,2026-08-07 07:23:37.936,1,DEV,TARGET,2554
NO_50_ORDER,PIN7,10544,2026-08-07 07:23:56.392,1,DEV,TARGET,520
NO_50_ORDER,EMA8,10548,2026-08-07 07:24:15.416,1,DEV,TARGET,11815
NO_50_ORDER,EMA8,10550,2026-08-07 07:24:30.576,1,DEV,TARGET,7955
NO_50_ORDER,PIN_STRICT,10555,2026-08-07 07:25:38.068,1,DEV,TARGET,3925
NO_50_ORDER,EMA8,10562,2026-08-07 07:27:00.716,1,DEV,TARGET,11723
NO_50_ORDER,EMA8,10569,2026-08-07 07:28:15.872,1,DEV,TARGET,3968
NO_50_ORDER,EMA8,10571,2026-08-07 07:28:27.940,1,DEV,TARGET,2729
NO_50_ORDER,PIN7,10573,2026-08-07 07:28:43.944,1,DEV,TARGET,412
NO_50_ORDER,EMA8,10578,2026-08-07 07:29:34.648,1,DEV,TARGET,2717
NO_50_ORDER,EMA8,10581,2026-08-07 07:30:03.296,1,DEV,STOP,7206
NO_50_ORDER,PIN7,10593,2026-08-07 07:31:38.268,-1,DEV,TARGET,533
NO_50_ORDER,EMA24,10597,2026-08-07 07:32:01.048,-1,DEV,TARGET,12251
NO_50_ORDER,EMA8,10627,2026-08-07 07:36:09.288,-1,DEV,TARGET,242
NO_50_ORDER,EMA8,10630,2026-08-07 07:36:18.460,-1,DEV,TARGET,8530
NO_50_ORDER,PIN7,10642,2026-08-07 07:37:35.092,1,DEV,TARGET,14684
NO_50_ORDER,EMA24,10668,2026-08-07 07:40:36.996,-1,DEV,TARGET,16255
NO_50_ORDER,PIN7,10695,2026-08-07 07:43:47.252,-1,DEV,TARGET,13053
NO_50_ORDER,EMA8,10714,2026-08-07 07:46:07.560,1,DEV,TARGET,6780
NO_50_ORDER,PIN7,10787,2026-08-07 07:58:15.320,1,DEV,TARGET,4563
NO_50_ORDER,EMA24,10795,2026-08-07 07:59:29.136,1,DEV,TARGET,2602
NO_50_ORDER,PIN7,11239,2026-08-07 11:05:25.376,-1,DEV,TARGET,6218
NO_50_ORDER,PIN7,11240,2026-08-07 11:06:26.044,-1,DEV,TARGET,14919
NO_50_ORDER,PIN7,11250,2026-08-07 11:13:32.356,-1,DEV,TARGET,2641
NO_50_ORDER,PIN7,11252,2026-08-07 11:14:36.620,-1,DEV,STOP,21261
NO_50_ORDER,EMA8,11256,2026-08-07 11:17:21.284,-1,DEV,STOP,6702
NO_50_ORDER,EMA24,11261,2026-08-07 11:20:49.996,-1,DEV,TARGET,4195
NO_50_ORDER,PIN7,11274,2026-08-07 11:31:12.824,-1,DEV,STOP,9151
NO_50_ORDER,PIN7,11317,2026-08-07 12:01:23.260,1,DEV,TARGET,321
NO_50_ORDER,PIN_STRICT,11331,2026-08-07 12:07:24.296,1,DEV,TARGET,9545
NO_50_ORDER,EMA8,11342,2026-08-07 12:13:23.056,1,DEV,TARGET,8947
NO_50_ORDER,EMA8,11344,2026-08-07 12:15:08.788,1,DEV,TARGET,2351
NO_50_ORDER,PIN7,11350,2026-08-07 12:16:59.584,1,DEV,TARGET,641
NO_50_ORDER,PIN7,11440,2026-08-07 12:58:59.036,1,DEV,TARGET,53
NO_50_ORDER,EMA24,11995,2026-08-10 06:31:48.184,1,DEV,TARGET,786
NO_50_ORDER,EMA8,11999,2026-08-10 06:32:38.048,1,DEV,TARGET,757
NO_50_ORDER,EMA24,12030,2026-08-10 06:36:08.676,-1,DEV,STOP,2248
NO_50_ORDER,PIN7,12056,2026-08-10 06:39:22.584,-1,DEV,STOP,7696
NO_50_ORDER,PIN7,12220,2026-08-10 07:10:41.420,1,DEV,STOP,5194
NO_50_ORDER,EMA24,12231,2026-08-10 07:18:36.816,1,DEV,TARGET,6069
NO_50_ORDER,EMA24,12323,2026-08-10 07:56:57.028,-1,DEV,TARGET,1680
NO_50_ORDER,EMA8,12326,2026-08-10 07:57:25.276,-1,DEV,TARGET,13612
NO_50_ORDER,EMA8,12328,2026-08-10 07:58:32.656,-1,DEV,TARGET,7776
NO_50_ORDER,EMA8,12741,2026-08-10 12:01:25.288,1,DEV,TARGET,3492
NO_50_ORDER,EMA8,12747,2026-08-10 12:13:28.732,1,DEV,TARGET,8461
NO_50_ORDER,EMA8,12749,2026-08-10 12:17:41.588,1,DEV,TARGET,876
NO_50_ORDER,PIN7,12759,2026-08-10 12:30:16.480,-1,DEV,TARGET,7485
NO_50_ORDER,PIN7,12760,2026-08-10 12:32:39.120,-1,DEV,STOP,14092
NO_50_ORDER,EMA24,12792,2026-08-10 12:55:05.104,-1,DEV,TARGET,230
NO_50_ORDER,PIN7,12809,2026-08-10 12:59:50.552,1,DEV,TARGET,498
NO_50_ORDER,EMA8,13319,2026-08-11 06:31:41.036,-1,DEV,TARGET,1222
NO_50_ORDER,EMA8,13322,2026-08-11 06:31:59.108,-1,DEV,TARGET,5263
NO_50_ORDER,EMA8,13324,2026-08-11 06:32:15.448,-1,DEV,TARGET,312
NO_50_ORDER,EMA8,13329,2026-08-11 06:32:42.888,-1,DEV,TARGET,17500
NO_50_ORDER,EMA8,13341,2026-08-11 06:35:10.428,-1,DEV,TARGET,3552
NO_50_ORDER,PIN7,13344,2026-08-11 06:35:35.276,-1,DEV,TARGET,6481
NO_50_ORDER,PIN7,13345,2026-08-11 06:35:49.752,-1,DEV,STOP,13478
NO_50_ORDER,PIN7,13346,2026-08-11 06:36:02.564,-1,DEV,STOP,3493
NO_50_ORDER,EMA24,13351,2026-08-11 06:36:56.020,-1,DEV,STOP,7798
NO_50_ORDER,PIN7,13355,2026-08-11 06:37:32.920,1,DEV,STOP,6369
NO_50_ORDER,PIN7,13379,2026-08-11 06:42:11.036,1,DEV,STOP,7057
NO_50_ORDER,PIN7,13389,2026-08-11 06:44:24.384,-1,DEV,STOP,2762
NO_50_ORDER,PIN7,13554,2026-08-11 07:29:44.388,1,DEV,TARGET,1342
NO_50_ORDER,EMA24,13576,2026-08-11 07:40:32.620,-1,DEV,STOP,9153
NO_50_ORDER,PIN7,13902,2026-08-11 11:23:31.400,-1,DEV,TARGET,13480
NO_50_ORDER,PIN_STRICT,13910,2026-08-11 11:29:04.884,-1,DEV,TARGET,4269
NO_50_ORDER,PIN_STRICT,13916,2026-08-11 11:29:56.236,-1,DEV,STOP,4467
NO_50_ORDER,PIN7,13941,2026-08-11 11:48:25.332,1,DEV,TARGET,2250
NO_50_ORDER,EMA8,13949,2026-08-11 11:57:36.860,1,DEV,STOP,5131
NO_50_ORDER,PIN7,13967,2026-08-11 12:13:17.960,1,DEV,TARGET,12117
NO_50_ORDER,PIN7,13972,2026-08-11 12:23:11.516,1,DEV,TARGET,2186
NO_50_ORDER,EMA8,13985,2026-08-11 12:36:35.848,1,DEV,TARGET,988
NO_50_ORDER,PIN7,13987,2026-08-11 12:38:21.000,1,DEV,STOP,11710
NO_50_ORDER,PIN7,14000,2026-08-11 12:48:44.936,-1,DEV,TARGET,4797
NO_50_ORDER,PIN7,14005,2026-08-11 12:50:02.580,-1,DEV,TARGET,670
NO_50_ORDER,EMA8,14018,2026-08-11 12:54:13.412,-1,DEV,STOP,1983
NO_50_ORDER,PIN7,14043,2026-08-11 12:59:39.544,-1,DEV,STOP,2407
NO_50_ORDER,PIN_STRICT,14765,2026-08-12 06:31:20.752,-1,DEV,TARGET,1978
NO_50_ORDER,PIN_STRICT,14766,2026-08-12 06:31:26.692,-1,DEV,TARGET,2239
NO_50_ORDER,EMA8,14782,2026-08-12 06:33:10.604,-1,DEV,STOP,9015
NO_50_ORDER,EMA24,14787,2026-08-12 06:33:51.856,-1,DEV,TARGET,767
NO_50_ORDER,PIN7,14814,2026-08-12 06:36:16.776,1,DEV,STOP,6948
NO_50_ORDER,PIN7,14815,2026-08-12 06:36:30.096,1,DEV,STOP,2928
NO_50_ORDER,PIN7,14831,2026-08-12 06:38:44.284,-1,DEV,TARGET,13008
NO_50_ORDER,PIN7,14836,2026-08-12 06:40:03.360,-1,DEV,TARGET,1464
NO_50_ORDER,PIN7,14975,2026-08-12 07:02:32.248,-1,DEV,TARGET,12093
NO_50_ORDER,PIN7,15020,2026-08-12 07:16:09.928,1,DEV,TARGET,16477
NO_50_ORDER,PIN7,15028,2026-08-12 07:18:18.288,1,DEV,TARGET,329
NO_50_ORDER,EMA8,15094,2026-08-12 07:31:10.180,-1,DEV,TARGET,1
NO_50_ORDER,EMA8,15096,2026-08-12 07:31:10.232,-1,DEV,TARGET,1
NO_50_ORDER,EMA8,15098,2026-08-12 07:31:10.312,-1,DEV,TARGET,1
NO_50_ORDER,PIN7,15125,2026-08-12 07:31:17.752,1,DEV,TARGET,1
NO_50_ORDER,EMA24,15139,2026-08-12 07:31:20.008,1,DEV,TARGET,5135
NO_50_ORDER,PIN7,15146,2026-08-12 07:31:46.028,1,DEV,STOP,8366
NO_50_ORDER,EMA8,15148,2026-08-12 07:32:03.888,1,DEV,STOP,4136
NO_50_ORDER,PIN7,15175,2026-08-12 07:37:31.176,1,DEV,TARGET,2954
NO_50_ORDER,PIN7,15177,2026-08-12 07:38:09.784,1,DEV,STOP,9426
NO_50_ORDER,EMA24,15182,2026-08-12 07:39:18.036,1,DEV,TARGET,5375
NO_50_ORDER,EMA8,15196,2026-08-12 07:43:43.552,1,DEV,TARGET,673
NO_50_ORDER,EMA24,15226,2026-08-12 07:53:06.900,-1,DEV,TARGET,381
NO_50_ORDER,EMA24,15240,2026-08-12 07:56:17.312,-1,DEV,TARGET,765
NO_50_ORDER,PIN7,15513,2026-08-12 11:36:03.720,1,DEV,TARGET,8273
NO_50_ORDER,PIN7,15514,2026-08-12 11:40:25.116,1,DEV,TARGET,2264
NO_50_ORDER,EMA8,15518,2026-08-12 11:48:22.108,1,DEV,TARGET,4075
NO_50_ORDER,PIN7,15548,2026-08-12 12:42:11.932,-1,DEV,TARGET,895
NO_50_ORDER,EMA24,15553,2026-08-12 12:45:32.068,-1,DEV,TARGET,1516
NO_50_ORDER,PIN7,15567,2026-08-12 12:54:35.500,-1,DEV,TARGET,5064
NO_50_ORDER,EMA8,15570,2026-08-12 12:54:50.036,-1,DEV,TARGET,1388
NO_50_ORDER,PIN7,15573,2026-08-12 12:55:17.252,-1,DEV,STOP,12998
NO_50_ORDER,EMA8,16016,2026-08-13 06:34:21.652,1,DEV,TARGET,1079
NO_50_ORDER,PIN7,16026,2026-08-13 06:35:48.232,1,DEV,TARGET,6765
NO_50_ORDER,PIN7,16030,2026-08-13 06:36:43.512,1,DEV,TARGET,2348
NO_50_ORDER,EMA8,16037,2026-08-13 06:39:21.008,1,DEV,TARGET,1580
NO_50_ORDER,PIN7,16040,2026-08-13 06:39:57.076,1,DEV,STOP,10757
NO_50_ORDER,PIN_STRICT,16104,2026-08-13 07:01:09.296,1,DEV,TARGET,8785
NO_50_ORDER,EMA8,16111,2026-08-13 07:04:44.408,1,DEV,TARGET,1305
NO_50_ORDER,EMA24,16122,2026-08-13 07:08:55.156,1,DEV,TARGET,841
NO_50_ORDER,PIN7,16127,2026-08-13 07:12:43.788,1,DEV,STOP,19609
NO_50_ORDER,EMA8,16132,2026-08-13 07:15:52.120,1,DEV,STOP,3444
NO_50_ORDER,EMA8,16156,2026-08-13 07:25:26.124,1,DEV,TARGET,16100
NO_50_ORDER,EMA8,16159,2026-08-13 07:27:01.668,1,DEV,TARGET,8148
NO_50_ORDER,EMA8,16173,2026-08-13 07:35:26.280,1,DEV,TARGET,533
NO_50_ORDER,EMA8,16195,2026-08-13 07:47:27.768,-1,DEV,TARGET,290
NO_50_ORDER,PIN_STRICT,16200,2026-08-13 07:49:10.108,-1,DEV,TARGET,152
NO_50_ORDER,PIN_STRICT,16202,2026-08-13 07:49:21.080,-1,DEV,STOP,8040
NO_50_ORDER,EMA8,16206,2026-08-13 07:50:03.240,-1,DEV,STOP,4209
NO_50_ORDER,PIN7,16549,2026-08-13 11:35:43.984,1,DEV,TARGET,7208
NO_50_ORDER,PIN7,16556,2026-08-13 11:50:33.608,1,DEV,TARGET,7595
NO_50_ORDER,EMA8,16561,2026-08-13 12:00:25.748,1,DEV,TARGET,3307
NO_50_ORDER,EMA8,16564,2026-08-13 12:05:25.360,1,DEV,TARGET,853
NO_50_ORDER,PIN7,16567,2026-08-13 12:07:08.992,1,DEV,TARGET,3566
NO_50_ORDER,PIN7,16568,2026-08-13 12:08:40.384,1,DEV,TARGET,2173
NO_50_ORDER,EMA24,16577,2026-08-13 12:17:46.332,1,DEV,TARGET,2590
NO_50_ORDER,PIN7,16581,2026-08-13 12:22:47.596,1,DEV,STOP,7723
NO_50_ORDER,PIN7,16582,2026-08-13 12:25:08.080,1,DEV,STOP,2208
NO_50_ORDER,EMA24,16585,2026-08-13 12:27:53.456,1,DEV,TARGET,8599
NO_50_ORDER,PIN7,16609,2026-08-13 12:51:07.016,-1,DEV,STOP,10695
NO_50_ORDER,PIN7,16624,2026-08-13 12:59:10.604,1,DEV,TARGET,1550
NO_50_ORDER,EMA8,16885,2026-08-14 06:31:24.252,-1,DEV,TARGET,3145
NO_50_ORDER,EMA24,16914,2026-08-14 06:40:04.108,-1,DEV,STOP,18855
NO_50_ORDER,EMA8,16999,2026-08-14 07:09:12.716,1,DEV,STOP,14110
NO_50_ORDER,EMA24,17002,2026-08-14 07:10:06.516,1,DEV,STOP,9982
NO_50_ORDER,PIN7,17014,2026-08-14 07:15:27.364,-1,DEV,TARGET,7053
NO_50_ORDER,EMA8,17041,2026-08-14 07:23:01.072,-1,DEV,TARGET,17800
NO_50_ORDER,EMA8,17046,2026-08-14 07:24:38.732,-1,DEV,TARGET,16116
NO_50_ORDER,EMA8,17053,2026-08-14 07:26:40.256,-1,DEV,TARGET,1983
NO_50_ORDER,EMA8,17055,2026-08-14 07:27:23.612,-1,DEV,TARGET,7941
NO_50_ORDER,EMA24,17063,2026-08-14 07:30:14.040,-1,DEV,TARGET,1061
NO_50_ORDER,PIN7,17066,2026-08-14 07:30:44.692,-1,DEV,TARGET,3558
NO_50_ORDER,PIN7,17067,2026-08-14 07:30:57.944,-1,DEV,TARGET,1684
NO_50_ORDER,EMA8,17069,2026-08-14 07:31:38.368,-1,DEV,TARGET,8782
NO_50_ORDER,EMA8,17071,2026-08-14 07:32:19.432,-1,DEV,TARGET,3073
NO_50_ORDER,EMA8,17075,2026-08-14 07:33:20.016,-1,DEV,STOP,24851
NO_50_ORDER,EMA8,17078,2026-08-14 07:34:58.808,-1,DEV,STOP,11969
NO_50_ORDER,EMA8,17324,2026-08-14 11:08:08.760,1,DEV,TARGET,1399
NO_50_ORDER,PIN7,17326,2026-08-14 11:10:46.004,1,DEV,TARGET,4671
NO_50_ORDER,PIN7,17344,2026-08-14 11:43:01.040,1,DEV,TARGET,10538
NO_50_ORDER,PIN7,17728,2026-08-17 06:32:50.512,-1,DEV,TARGET,4387
NO_50_ORDER,PIN7,17729,2026-08-17 06:33:01.284,-1,DEV,STOP,9892
NO_50_ORDER,PIN7,17735,2026-08-17 06:34:11.060,-1,DEV,TARGET,5031
NO_50_ORDER,EMA24,17748,2026-08-17 06:36:21.240,-1,DEV,TARGET,15198
NO_50_ORDER,EMA24,17750,2026-08-17 06:37:30.608,-1,DEV,TARGET,3343
NO_50_ORDER,EMA8,17823,2026-08-17 07:00:14.276,-1,DEV,TARGET,938
NO_50_ORDER,PIN7,17840,2026-08-17 07:03:12.332,-1,DEV,STOP,4568
NO_50_ORDER,PIN7,17881,2026-08-17 07:22:17.260,-1,DEV,NONE,36712
NO_50_ORDER,PIN7,17897,2026-08-17 07:30:35.156,1,DEV,TARGET,7630
NO_50_ORDER,PIN7,17908,2026-08-17 07:37:05.388,-1,DEV,TARGET,2588
NO_50_ORDER,PIN7,17910,2026-08-17 07:38:39.176,-1,DEV,STOP,14503
NO_50_ORDER,PIN7,18181,2026-08-17 12:32:01.096,-1,DEV,TARGET,4021
NO_50_ORDER,PIN7,18182,2026-08-17 12:32:50.860,-1,DEV,TARGET,604
NO_50_ORDER,EMA24,18190,2026-08-17 12:40:13.856,-1,DEV,TARGET,3204
NO_50_ORDER,PIN7,18197,2026-08-17 12:50:00.012,1,DEV,STOP,5407
NO_50_ORDER,PIN7,18202,2026-08-17 12:52:51.016,-1,DEV,TARGET,1739
NO_50_ORDER,EMA8,18978,2026-08-18 06:31:32.724,1,DEV,TARGET,414
NO_50_ORDER,PIN7,18999,2026-08-18 06:32:39.376,-1,DEV,TARGET,5726
NO_50_ORDER,PIN7,19003,2026-08-18 06:33:04.772,-1,DEV,TARGET,5989
NO_50_ORDER,PIN7,19011,2026-08-18 06:33:28.284,-1,DEV,STOP,6385
NO_50_ORDER,EMA8,19013,2026-08-18 06:33:37.880,-1,DEV,TARGET,9022
NO_50_ORDER,EMA8,19017,2026-08-18 06:33:58.012,-1,DEV,TARGET,1652
NO_50_ORDER,EMA24,19023,2026-08-18 06:34:25.540,-1,DEV,STOP,9457
NO_50_ORDER,EMA24,19088,2026-08-18 06:39:35.528,1,DEV,TARGET,689
NO_50_ORDER,EMA8,19100,2026-08-18 06:40:57.548,1,DEV,TARGET,10555
NO_50_ORDER,PIN7,19249,2026-08-18 07:02:14.260,1,DEV,TARGET,865
NO_50_ORDER,PIN7,19251,2026-08-18 07:02:20.880,1,DEV,TARGET,1979
NO_50_ORDER,PIN7,19280,2026-08-18 07:07:45.552,1,DEV,TARGET,142
NO_50_ORDER,EMA24,19286,2026-08-18 07:08:55.048,1,DEV,STOP,6918
NO_50_ORDER,PIN_STRICT,19302,2026-08-18 07:11:35.256,-1,DEV,TARGET,3731
NO_50_ORDER,EMA8,19308,2026-08-18 07:12:24.392,-1,DEV,STOP,3780
NO_50_ORDER,EMA24,19318,2026-08-18 07:14:11.564,-1,DEV,STOP,8433
NO_50_ORDER,PIN7,19330,2026-08-18 07:15:55.088,1,DEV,TARGET,3339
NO_50_ORDER,EMA8,19335,2026-08-18 07:16:40.876,1,DEV,TARGET,4142
NO_50_ORDER,PIN7,19348,2026-08-18 07:18:37.696,1,DEV,TARGET,1155
NO_50_ORDER,PIN7,19349,2026-08-18 07:18:42.392,1,DEV,TARGET,2927
NO_50_ORDER,PIN7,19364,2026-08-18 07:21:59.100,-1,DEV,STOP,18202
NO_50_ORDER,EMA8,19380,2026-08-18 07:25:00.228,1,DEV,TARGET,7825
NO_50_ORDER,EMA8,19382,2026-08-18 07:25:15.764,1,DEV,TARGET,4025
NO_50_ORDER,EMA24,19389,2026-08-18 07:26:38.012,1,DEV,TARGET,516
NO_50_ORDER,EMA24,19416,2026-08-18 07:31:38.556,1,DEV,TARGET,9399
NO_50_ORDER,PIN7,19499,2026-08-18 07:53:22.356,-1,DEV,TARGET,115
NO_50_ORDER,PIN7,19501,2026-08-18 07:53:24.428,-1,DEV,TARGET,1
NO_50_ORDER,EMA8,19510,2026-08-18 07:54:06.944,-1,DEV,TARGET,6117
NO_50_ORDER,EMA24,19524,2026-08-18 07:57:23.440,-1,DEV,TARGET,951
NO_50_ORDER,EMA8,19832,2026-08-18 11:05:24.816,-1,DEV,TARGET,1981
NO_50_ORDER,PIN7,19877,2026-08-18 11:52:25.012,-1,DEV,TARGET,3835
NO_50_ORDER,PIN7,19878,2026-08-18 11:54:47.008,-1,DEV,TARGET,1255
NO_50_ORDER,PIN7,19883,2026-08-18 12:00:01.880,-1,DEV,STOP,20392
NO_50_ORDER,EMA8,19929,2026-08-18 12:56:14.180,-1,DEV,TARGET,5008
NO_50_ORDER,EMA8,19931,2026-08-18 12:57:11.036,-1,DEV,TARGET,5105
NO_50_ORDER,EMA8,20747,2026-08-19 06:33:40.184,-1,DEV,TARGET,1681
NO_50_ORDER,EMA8,20805,2026-08-19 06:40:27.852,-1,DEV,TARGET,570
NO_50_ORDER,EMA8,20808,2026-08-19 06:40:56.512,-1,DEV,STOP,3820
NO_50_ORDER,EMA24,20812,2026-08-19 06:41:19.264,-1,DEV,TARGET,10946
NO_50_ORDER,EMA8,20836,2026-08-19 06:44:39.044,1,DEV,TARGET,10707
NO_50_ORDER,PIN7,21042,2026-08-19 07:03:58.088,-1,DEV,STOP,5948
NO_50_ORDER,PIN7,21055,2026-08-19 07:05:24.356,1,DEV,STOP,20836
NO_50_ORDER,PIN7,21095,2026-08-19 07:11:11.092,-1,DEV,TARGET,4046
NO_50_ORDER,PIN7,21099,2026-08-19 07:12:07.208,-1,DEV,STOP,13105
NO_50_ORDER,EMA8,21101,2026-08-19 07:12:18.104,-1,DEV,TARGET,1959
NO_50_ORDER,EMA8,21103,2026-08-19 07:12:23.824,-1,DEV,TARGET,714
NO_50_ORDER,EMA8,21143,2026-08-19 07:17:23.944,1,DEV,TARGET,9932
NO_50_ORDER,EMA24,21161,2026-08-19 07:19:44.832,1,DEV,STOP,6790
NO_50_ORDER,EMA8,21177,2026-08-19 07:22:10.336,-1,DEV,TARGET,1115
NO_50_ORDER,EMA24,21206,2026-08-19 07:26:29.780,-1,DEV,TARGET,2728
NO_50_ORDER,EMA8,21225,2026-08-19 07:30:24.964,1,DEV,TARGET,1020
NO_50_ORDER,EMA8,21228,2026-08-19 07:30:58.048,1,DEV,TARGET,1251
NO_50_ORDER,EMA8,21232,2026-08-19 07:31:33.448,1,DEV,TARGET,1838
NO_50_ORDER,EMA8,21237,2026-08-19 07:32:54.000,1,DEV,TARGET,5273
NO_50_ORDER,EMA8,21239,2026-08-19 07:33:26.236,1,DEV,TARGET,2709
NO_50_ORDER,EMA24,21245,2026-08-19 07:34:57.468,1,DEV,TARGET,4205
NO_50_ORDER,EMA8,21252,2026-08-19 07:36:54.752,1,DEV,TARGET,2394
NO_50_ORDER,PIN_STRICT,21255,2026-08-19 07:37:32.544,1,DEV,TARGET,3900
NO_50_ORDER,PIN7,21256,2026-08-19 07:38:00.032,1,DEV,TARGET,627
NO_50_ORDER,EMA8,21274,2026-08-19 07:43:46.760,1,DEV,TARGET,15899
NO_50_ORDER,PIN7,21289,2026-08-19 07:49:43.932,-1,DEV,STOP,13113
NO_50_ORDER,PIN7,21308,2026-08-19 07:56:09.676,1,DEV,TARGET,501
NO_50_ORDER,PIN7,21309,2026-08-19 07:56:12.928,1,DEV,TARGET,1072
NO_50_ORDER,PIN_STRICT,21311,2026-08-19 07:56:46.280,1,DEV,TARGET,12773
NO_50_ORDER,PIN7,21700,2026-08-19 11:01:15.076,1,DEV,TARGET,298
NO_50_ORDER,EMA24,21716,2026-08-19 11:05:12.540,1,DEV,TARGET,696
NO_50_ORDER,PIN7,21721,2026-08-19 11:06:13.960,-1,DEV,TARGET,4380
NO_50_ORDER,PIN7,21722,2026-08-19 11:06:22.032,-1,DEV,TARGET,4228
NO_50_ORDER,PIN7,21734,2026-08-19 11:08:32.724,-1,DEV,STOP,21822
NO_50_ORDER,EMA8,21737,2026-08-19 11:09:12.024,-1,DEV,TARGET,1078
NO_50_ORDER,EMA8,21739,2026-08-19 11:09:47.120,-1,DEV,STOP,12004
NO_50_ORDER,EMA8,21741,2026-08-19 11:10:30.596,-1,DEV,STOP,6456
NO_50_ORDER,EMA8,21743,2026-08-19 11:11:16.744,-1,DEV,STOP,2320
NO_50_ORDER,PIN7,21749,2026-08-19 11:13:10.408,1,DEV,TARGET,637
NO_50_ORDER,EMA8,21791,2026-08-19 11:34:12.500,1,DEV,TARGET,1195
NO_50_ORDER,EMA8,21795,2026-08-19 11:35:52.824,1,DEV,TARGET,25390
NO_50_ORDER,PIN7,21837,2026-08-19 12:09:37.936,1,DEV,STOP,16169
NO_50_ORDER,EMA8,21882,2026-08-19 12:40:34.820,-1,DEV,TARGET,1943
NO_50_ORDER,EMA8,21893,2026-08-19 12:45:43.884,-1,DEV,TARGET,1092
NO_50_ORDER,EMA24,21905,2026-08-19 12:48:30.592,-1,DEV,TARGET,813
NO_50_ORDER,EMA8,21908,2026-08-19 12:50:00.024,-1,DEV,TARGET,1898
NO_50_ORDER,EMA8,21920,2026-08-19 12:52:00.224,-1,DEV,TARGET,1351
NO_50_ORDER,PIN7,21947,2026-08-19 12:59:26.128,1,DEV,STOP,3395
NO_50_ORDER,PIN7,21958,2026-08-19 12:59:57.512,1,DEV,TARGET,3518
NO_50_ORDER,PIN7,22989,2026-08-20 06:31:16.112,1,DEV,TARGET,201
NO_50_ORDER,EMA24,23000,2026-08-20 06:32:55.440,1,DEV,TARGET,272
NO_50_ORDER,EMA8,23015,2026-08-20 06:34:23.120,1,DEV,TARGET,3440
NO_50_ORDER,EMA8,23017,2026-08-20 06:34:37.024,1,DEV,TARGET,60
NO_50_ORDER,EMA24,23024,2026-08-20 06:35:15.608,1,DEV,TARGET,1
NO_50_ORDER,PIN7,23033,2026-08-20 06:35:29.792,1,DEV,TARGET,623
NO_50_ORDER,PIN7,23061,2026-08-20 06:39:36.900,1,DEV,STOP,7626
NO_50_ORDER,PIN7,23068,2026-08-20 06:40:13.140,-1,DEV,TARGET,1075
NO_50_ORDER,PIN7,23086,2026-08-20 06:41:21.300,1,DEV,TARGET,22421
NO_50_ORDER,EMA8,23096,2026-08-20 06:43:25.136,1,DEV,TARGET,6850
NO_50_ORDER,EMA8,23098,2026-08-20 06:43:43.292,1,DEV,TARGET,900
NO_50_ORDER,PIN7,23100,2026-08-20 06:44:03.852,1,DEV,STOP,9021
NO_50_ORDER,EMA8,23102,2026-08-20 06:44:19.000,1,DEV,STOP,5380
NO_50_ORDER,EMA24,23266,2026-08-20 07:03:58.616,-1,DEV,TARGET,680
NO_50_ORDER,PIN7,23275,2026-08-20 07:05:05.376,-1,DEV,TARGET,440
NO_50_ORDER,EMA24,23294,2026-08-20 07:07:07.264,1,DEV,TARGET,751
NO_50_ORDER,PIN7,23305,2026-08-20 07:08:35.256,-1,DEV,STOP,2347
NO_50_ORDER,PIN7,23313,2026-08-20 07:09:49.076,1,DEV,TARGET,640
NO_50_ORDER,PIN7,23314,2026-08-20 07:09:51.876,1,DEV,TARGET,5765
NO_50_ORDER,PIN7,23315,2026-08-20 07:09:58.196,1,DEV,STOP,15776
NO_50_ORDER,PIN7,23316,2026-08-20 07:10:07.588,1,DEV,STOP,11759
NO_50_ORDER,EMA8,23318,2026-08-20 07:10:28.672,1,DEV,STOP,5286
NO_50_ORDER,EMA8,23366,2026-08-20 07:18:03.704,-1,DEV,STOP,10586
NO_50_ORDER,EMA8,23398,2026-08-20 07:21:36.476,1,DEV,STOP,5948
NO_50_ORDER,PIN7,23416,2026-08-20 07:23:44.936,1,DEV,TARGET,2999
NO_50_ORDER,EMA8,23424,2026-08-20 07:24:51.928,1,DEV,STOP,6925
NO_50_ORDER,EMA24,23430,2026-08-20 07:25:28.572,1,DEV,TARGET,450
NO_50_ORDER,EMA8,23447,2026-08-20 07:28:04.032,-1,DEV,STOP,6004
NO_50_ORDER,PIN7,23456,2026-08-20 07:29:16.044,-1,DEV,STOP,5974
NO_50_ORDER,EMA24,23460,2026-08-20 07:30:00.072,-1,DEV,TARGET,3586
NO_50_ORDER,PIN7,23488,2026-08-20 07:33:32.992,1,DEV,TARGET,2826
NO_50_ORDER,PIN7,23489,2026-08-20 07:33:41.024,1,DEV,TARGET,5336
NO_50_ORDER,PIN7,23490,2026-08-20 07:34:10.376,1,DEV,TARGET,163
NO_50_ORDER,PIN7,23517,2026-08-20 07:37:35.788,1,DEV,STOP,7542
NO_50_ORDER,EMA8,23552,2026-08-20 07:45:26.396,1,DEV,TARGET,1202
NO_50_ORDER,EMA8,23574,2026-08-20 07:50:53.516,-1,DEV,STOP,21601
NO_50_ORDER,EMA8,23602,2026-08-20 07:57:00.696,-1,DEV,TARGET,4732
NO_50_ORDER,EMA8,24151,2026-08-20 11:10:09.464,-1,DEV,TARGET,1979
NO_50_ORDER,EMA8,24161,2026-08-20 11:14:29.476,-1,DEV,TARGET,3794
NO_50_ORDER,PIN_STRICT,24166,2026-08-20 11:16:50.604,-1,DEV,STOP,6072
NO_50_ORDER,PIN7,24251,2026-08-20 12:20:26.560,-1,DEV,STOP,8539
NO_50_ORDER,EMA24,24270,2026-08-20 12:36:16.180,-1,DEV,STOP,2190
NO_50_ORDER,PIN7,24280,2026-08-20 12:43:56.612,-1,DEV,TARGET,785
NO_50_ORDER,EMA8,24322,2026-08-20 12:55:25.872,-1,DEV,TARGET,938
NO_50_ORDER,EMA8,24330,2026-08-20 12:57:06.812,-1,DEV,TARGET,1879
NO_50_ORDER,PIN7,24332,2026-08-20 12:57:26.816,-1,DEV,STOP,9533
NO_50_ORDER,EMA8,24334,2026-08-20 12:58:06.760,-1,DEV,STOP,5907
NO_50_ORDER,EMA24,24339,2026-08-20 12:59:00.448,-1,DEV,STOP,7709
NO_50_ORDER,EMA8,24353,2026-08-20 12:59:53.388,-1,DEV,STOP,4868
NO_50_ORDER,EMA24,24355,2026-08-20 12:59:55.408,-1,DEV,STOP,3159
NO_50_ORDER,EMA24,25008,2026-08-21 06:31:49.388,-1,DEV,TARGET,1415
NO_50_ORDER,EMA8,25038,2026-08-21 06:35:35.072,-1,DEV,TARGET,1
NO_50_ORDER,PIN7,25088,2026-08-21 06:43:39.956,-1,DEV,STOP,4020
NO_50_ORDER,PIN7,25195,2026-08-21 07:04:44.068,1,DEV,TARGET,3938
NO_50_ORDER,EMA24,25213,2026-08-21 07:10:05.708,1,DEV,TARGET,6229
NO_50_ORDER,PIN7,25226,2026-08-21 07:13:16.284,-1,DEV,TARGET,1221
NO_50_ORDER,PIN7,25227,2026-08-21 07:13:21.668,-1,DEV,TARGET,3624
NO_50_ORDER,PIN7,25228,2026-08-21 07:13:31.796,-1,DEV,TARGET,6561
NO_50_ORDER,EMA8,25234,2026-08-21 07:14:36.880,-1,DEV,STOP,11100
NO_50_ORDER,EMA8,25236,2026-08-21 07:15:10.136,-1,DEV,STOP,22969
NO_50_ORDER,PIN7,25306,2026-08-21 07:35:51.960,-1,DEV,TARGET,1426
NO_50_ORDER,EMA8,25311,2026-08-21 07:36:54.256,-1,DEV,TARGET,515
NO_50_ORDER,EMA8,25354,2026-08-21 07:51:14.888,1,DEV,TARGET,11427
NO_50_ORDER,EMA8,25356,2026-08-21 07:51:57.240,1,DEV,TARGET,5951
NO_50_ORDER,EMA24,25366,2026-08-21 07:54:53.580,1,DEV,TARGET,5676
NO_50_ORDER,EMA24,25689,2026-08-21 11:01:57.436,-1,DEV,STOP,4110
NO_50_ORDER,EMA24,25700,2026-08-21 11:13:49.524,-1,DEV,TARGET,23522
NO_50_ORDER,PIN7,25710,2026-08-21 11:30:21.212,-1,DEV,TARGET,1054
NO_50_ORDER,PIN7,25712,2026-08-21 11:33:05.704,-1,DEV,STOP,9153
NO_50_ORDER,EMA24,25743,2026-08-21 12:13:31.520,1,DEV,TARGET,11527
NO_50_ORDER,PIN7,25770,2026-08-21 12:45:08.000,1,DEV,TARGET,7741
NO_50_ORDER,PIN7,25776,2026-08-21 12:49:23.516,1,DEV,STOP,2275
NO_50_ORDER,PIN7,25788,2026-08-21 12:52:45.584,-1,DEV,TARGET,528
NO_50_ORDER,PIN7,25808,2026-08-21 12:59:40.164,-1,DEV,TARGET,20
NO_50_ORDER,PIN_STRICT,26823,2026-08-24 06:31:01.644,-1,HOLD,TARGET,1
NO_50_ORDER,EMA24,26832,2026-08-24 06:31:30.156,-1,HOLD,STOP,3555
NO_50_ORDER,EMA8,26853,2026-08-24 06:33:54.080,-1,HOLD,TARGET,16426
NO_50_ORDER,PIN7,26860,2026-08-24 06:35:10.788,-1,HOLD,STOP,5177
NO_50_ORDER,EMA8,26891,2026-08-24 06:39:00.164,-1,HOLD,STOP,20324
NO_50_ORDER,PIN7,26908,2026-08-24 06:41:00.104,1,HOLD,TARGET,5409
NO_50_ORDER,PIN7,26909,2026-08-24 06:41:05.988,1,HOLD,TARGET,3594
NO_50_ORDER,PIN7,26910,2026-08-24 06:41:17.060,1,HOLD,STOP,4044
NO_50_ORDER,EMA8,26930,2026-08-24 06:43:43.568,-1,HOLD,TARGET,9011
NO_50_ORDER,EMA8,26932,2026-08-24 06:44:19.540,-1,HOLD,TARGET,583
NO_50_ORDER,EMA8,27069,2026-08-24 07:03:32.376,-1,HOLD,TARGET,1601
NO_50_ORDER,PIN7,27097,2026-08-24 07:09:28.340,-1,HOLD,STOP,3862
NO_50_ORDER,PIN7,27110,2026-08-24 07:13:01.032,-1,HOLD,STOP,7177
NO_50_ORDER,PIN7,27118,2026-08-24 07:14:55.400,1,HOLD,STOP,6066
NO_50_ORDER,EMA24,27151,2026-08-24 07:23:59.072,1,HOLD,STOP,5497
NO_50_ORDER,PIN7,27156,2026-08-24 07:26:00.840,-1,HOLD,STOP,23735
NO_50_ORDER,PIN_STRICT,27177,2026-08-24 07:33:34.588,1,HOLD,TARGET,2332
NO_50_ORDER,EMA8,27183,2026-08-24 07:36:09.316,1,HOLD,TARGET,3239
NO_50_ORDER,EMA8,27185,2026-08-24 07:36:27.016,1,HOLD,TARGET,4752
NO_50_ORDER,EMA8,27190,2026-08-24 07:38:34.228,1,HOLD,TARGET,19918
NO_50_ORDER,PIN7,27556,2026-08-24 11:09:38.576,1,HOLD,TARGET,10633
NO_50_ORDER,PIN7,27562,2026-08-24 11:14:21.836,1,HOLD,TARGET,2343
NO_50_ORDER,PIN7,27581,2026-08-24 11:28:57.680,1,HOLD,TARGET,4193
NO_50_ORDER,PIN7,27659,2026-08-24 12:52:00.084,-1,HOLD,TARGET,654
NO_50_ORDER,PIN7,28463,2026-08-25 06:37:54.456,1,HOLD,STOP,11643
NO_50_ORDER,EMA8,28553,2026-08-25 07:00:05.964,-1,HOLD,TARGET,7674
NO_50_ORDER,EMA24,28568,2026-08-25 07:03:45.636,-1,HOLD,TARGET,1640
NO_50_ORDER,EMA24,28574,2026-08-25 07:05:59.660,-1,HOLD,TARGET,3899
NO_50_ORDER,EMA8,28582,2026-08-25 07:08:25.876,-1,HOLD,STOP,19168
NO_50_ORDER,PIN7,28614,2026-08-25 07:22:41.676,-1,HOLD,TARGET,5517
NO_50_ORDER,PIN7,28615,2026-08-25 07:22:58.988,-1,HOLD,TARGET,4403
NO_50_ORDER,PIN7,28616,2026-08-25 07:23:21.644,-1,HOLD,TARGET,7809
NO_50_ORDER,EMA8,28645,2026-08-25 07:30:28.516,-1,HOLD,TARGET,1
NO_50_ORDER,EMA8,28686,2026-08-25 07:30:40.312,1,HOLD,TARGET,1627
NO_50_ORDER,EMA8,28702,2026-08-25 07:31:24.300,1,HOLD,TARGET,4761
NO_50_ORDER,PIN7,28706,2026-08-25 07:32:14.608,1,HOLD,TARGET,498
NO_50_ORDER,EMA8,28715,2026-08-25 07:34:01.968,1,HOLD,STOP,5352
NO_50_ORDER,EMA8,28745,2026-08-25 07:45:01.648,-1,HOLD,STOP,13963
NO_50_ORDER,PIN7,28768,2026-08-25 07:53:15.544,1,HOLD,TARGET,1015
NO_50_ORDER,PIN7,29022,2026-08-25 11:33:22.260,1,HOLD,TARGET,1139
NO_50_ORDER,PIN7,29029,2026-08-25 11:45:29.616,1,HOLD,TARGET,240
NO_50_ORDER,EMA8,29035,2026-08-25 11:59:02.464,1,HOLD,TARGET,2815
NO_50_ORDER,PIN7,29044,2026-08-25 12:14:00.232,-1,HOLD,TARGET,7450
NO_50_ORDER,EMA24,29751,2026-08-26 06:33:03.000,1,HOLD,TARGET,16763
NO_50_ORDER,PIN7,29760,2026-08-26 06:34:08.404,1,HOLD,TARGET,3035
NO_50_ORDER,PIN7,29761,2026-08-26 06:34:20.020,1,HOLD,TARGET,743
NO_50_ORDER,EMA8,29764,2026-08-26 06:34:43.184,1,HOLD,TARGET,1764
NO_50_ORDER,EMA8,29767,2026-08-26 06:35:01.308,1,HOLD,STOP,2464
NO_50_ORDER,EMA8,29780,2026-08-26 06:36:10.644,-1,HOLD,TARGET,4000
NO_50_ORDER,EMA24,29802,2026-08-26 06:39:26.060,1,HOLD,TARGET,17590
NO_50_ORDER,PIN7,29826,2026-08-26 06:43:30.880,1,HOLD,TARGET,883
NO_50_ORDER,PIN_STRICT,29831,2026-08-26 06:43:34.616,1,HOLD,STOP,5426
NO_50_ORDER,EMA8,29835,2026-08-26 06:43:43.896,1,HOLD,TARGET,8932
NO_50_ORDER,EMA8,29837,2026-08-26 06:44:02.284,1,HOLD,TARGET,1696
NO_50_ORDER,EMA24,29900,2026-08-26 07:00:17.256,1,HOLD,TARGET,2565
NO_50_ORDER,EMA24,29904,2026-08-26 07:02:09.948,1,HOLD,TARGET,3115
NO_50_ORDER,EMA24,29910,2026-08-26 07:05:35.964,1,HOLD,TARGET,9616
NO_50_ORDER,EMA8,29935,2026-08-26 07:15:28.088,-1,HOLD,TARGET,5651
NO_50_ORDER,EMA24,29941,2026-08-26 07:18:26.280,-1,HOLD,TARGET,822
NO_50_ORDER,PIN7,29946,2026-08-26 07:20:58.876,-1,HOLD,TARGET,800
NO_50_ORDER,EMA8,29954,2026-08-26 07:23:51.400,-1,HOLD,TARGET,794
NO_50_ORDER,PIN7,29957,2026-08-26 07:25:01.820,-1,HOLD,TARGET,8398
NO_50_ORDER,PIN7,29958,2026-08-26 07:25:46.456,-1,HOLD,TARGET,1581
NO_50_ORDER,PIN_STRICT,29962,2026-08-26 07:27:01.112,-1,HOLD,TARGET,11789
NO_50_ORDER,EMA8,29979,2026-08-26 07:32:17.356,-1,HOLD,STOP,14758
NO_50_ORDER,PIN7,29991,2026-08-26 07:37:09.836,1,HOLD,TARGET,2593
NO_50_ORDER,EMA24,29997,2026-08-26 07:40:10.200,1,HOLD,TARGET,504
NO_50_ORDER,PIN7,30013,2026-08-26 07:49:50.400,1,HOLD,TARGET,3500
NO_50_ORDER,EMA8,30019,2026-08-26 07:54:49.608,1,HOLD,TARGET,11388
NO_50_ORDER,EMA8,30026,2026-08-26 07:59:54.072,1,HOLD,TARGET,2386
NO_50_ORDER,EMA8,30316,2026-08-26 11:52:20.032,1,HOLD,TARGET,2221
NO_50_ORDER,EMA8,30321,2026-08-26 11:57:24.740,1,HOLD,TARGET,947
NO_50_ORDER,EMA24,30345,2026-08-26 12:15:07.732,1,HOLD,TARGET,2281
NO_50_ORDER,PIN7,30365,2026-08-26 12:39:14.752,-1,HOLD,STOP,14183
NO_50_ORDER,PIN7,30405,2026-08-26 12:59:00.164,-1,HOLD,TARGET,2144
NO_50_ORDER,EMA24,30416,2026-08-26 12:59:55.268,-1,HOLD,TARGET,290
NO_50_ORDER,PIN_STRICT,31396,2026-08-27 06:31:59.912,-1,HOLD,TARGET,2007
NO_50_ORDER,EMA8,31497,2026-08-27 06:43:34.728,1,HOLD,TARGET,8466
NO_50_ORDER,EMA8,31501,2026-08-27 06:44:04.728,1,HOLD,TARGET,1
NO_50_ORDER,PIN7,31659,2026-08-27 07:00:12.032,1,HOLD,STOP,3775
NO_50_ORDER,EMA8,31677,2026-08-27 07:01:42.060,1,HOLD,STOP,15986
NO_50_ORDER,EMA24,31682,2026-08-27 07:02:17.404,1,HOLD,TARGET,10899
NO_50_ORDER,EMA24,31700,2026-08-27 07:04:47.928,1,HOLD,TARGET,5850
NO_50_ORDER,EMA8,31706,2026-08-27 07:05:40.492,1,HOLD,STOP,8282
NO_50_ORDER,EMA8,31722,2026-08-27 07:07:27.932,-1,HOLD,STOP,6946
NO_50_ORDER,EMA24,31773,2026-08-27 07:16:48.264,1,HOLD,TARGET,10411
NO_50_ORDER,PIN7,31778,2026-08-27 07:18:28.068,1,HOLD,TARGET,919
NO_50_ORDER,EMA8,31783,2026-08-27 07:20:02.780,1,HOLD,TARGET,1646
NO_50_ORDER,PIN7,31786,2026-08-27 07:21:01.624,1,HOLD,STOP,5033
NO_50_ORDER,EMA24,31790,2026-08-27 07:22:06.456,1,HOLD,TARGET,14624
NO_50_ORDER,EMA8,31831,2026-08-27 07:32:20.812,-1,HOLD,TARGET,1759
NO_50_ORDER,PIN7,31843,2026-08-27 07:36:50.584,1,HOLD,TARGET,2095
NO_50_ORDER,PIN7,31844,2026-08-27 07:37:07.932,1,HOLD,TARGET,1267
NO_50_ORDER,PIN_STRICT,31888,2026-08-27 07:49:51.540,1,HOLD,TARGET,21169
NO_50_ORDER,PIN7,31921,2026-08-27 07:59:29.788,1,HOLD,TARGET,10925
NO_50_ORDER,PIN7,32186,2026-08-27 11:01:52.068,-1,HOLD,TARGET,1
NO_50_ORDER,PIN_STRICT,32190,2026-08-27 11:02:18.828,-1,HOLD,STOP,9419
NO_50_ORDER,EMA8,32192,2026-08-27 11:03:29.028,-1,HOLD,TARGET,4726
NO_50_ORDER,EMA8,32194,2026-08-27 11:04:11.016,-1,HOLD,TARGET,198
NO_50_ORDER,EMA8,32208,2026-08-27 11:12:07.420,-1,HOLD,TARGET,1648
NO_50_ORDER,EMA8,32211,2026-08-27 11:13:17.364,-1,HOLD,TARGET,1002
NO_50_ORDER,PIN7,32213,2026-08-27 11:13:57.080,-1,HOLD,TARGET,571
NO_50_ORDER,EMA8,32221,2026-08-27 11:16:20.984,-1,HOLD,STOP,8332
NO_50_ORDER,PIN7,32237,2026-08-27 11:26:33.700,-1,HOLD,TARGET,1900
NO_50_ORDER,PIN7,32238,2026-08-27 11:27:01.020,-1,HOLD,TARGET,1377
NO_50_ORDER,EMA8,32245,2026-08-27 11:29:02.884,-1,HOLD,TARGET,1850
NO_50_ORDER,PIN7,32268,2026-08-27 11:38:24.372,1,HOLD,TARGET,802
NO_50_ORDER,PIN7,32287,2026-08-27 11:49:46.440,-1,HOLD,TARGET,793
NO_50_ORDER,PIN7,32313,2026-08-27 12:05:11.576,1,HOLD,TARGET,751
NO_50_ORDER,PIN7,32359,2026-08-27 12:33:42.088,1,HOLD,TARGET,4824
NO_50_ORDER,PIN7,32360,2026-08-27 12:34:39.128,1,HOLD,TARGET,2171
NO_50_ORDER,EMA24,32378,2026-08-27 12:50:40.340,1,HOLD,TARGET,6608
NO_50_ORDER,EMA8,32393,2026-08-27 12:55:12.044,1,HOLD,STOP,6080
NO_50_ORDER,EMA8,32395,2026-08-27 12:55:30.552,1,HOLD,TARGET,25352
NO_50_ORDER,EMA24,32397,2026-08-27 12:56:18.680,1,HOLD,TARGET,10665
NO_50_ORDER,EMA24,32898,2026-08-28 06:38:18.376,1,HOLD,TARGET,16192
NO_50_ORDER,EMA24,32900,2026-08-28 06:39:16.380,1,HOLD,TARGET,4841
NO_50_ORDER,EMA24,32919,2026-08-28 06:44:57.920,1,HOLD,STOP,5081
NO_50_ORDER,EMA24,33012,2026-08-28 07:00:00.488,-1,HOLD,NONE,0
NO_50_ORDER,PIN7,33133,2026-08-28 07:00:15.744,1,HOLD,TARGET,13
NO_50_ORDER,PIN7,33140,2026-08-28 07:00:19.516,1,HOLD,TARGET,1310
NO_50_ORDER,EMA8,33143,2026-08-28 07:00:20.956,1,HOLD,TARGET,186
NO_50_ORDER,EMA8,33145,2026-08-28 07:00:22.072,1,HOLD,TARGET,247
NO_50_ORDER,EMA8,33149,2026-08-28 07:00:23.412,1,HOLD,STOP,222
NO_50_ORDER,PIN7,33167,2026-08-28 07:00:39.456,1,HOLD,TARGET,147
NO_50_ORDER,PIN7,33168,2026-08-28 07:00:39.704,1,HOLD,TARGET,1358
NO_50_ORDER,EMA8,33198,2026-08-28 07:01:49.600,-1,HOLD,STOP,8888
NO_50_ORDER,EMA8,33200,2026-08-28 07:01:51.768,-1,HOLD,TARGET,2805
NO_50_ORDER,EMA8,33202,2026-08-28 07:01:53.808,-1,HOLD,STOP,6262
NO_50_ORDER,EMA24,33205,2026-08-28 07:02:09.844,-1,HOLD,TARGET,3003
NO_50_ORDER,EMA8,33235,2026-08-28 07:03:52.036,-1,HOLD,TARGET,1322
NO_50_ORDER,PIN7,33239,2026-08-28 07:04:06.452,-1,HOLD,STOP,13065
NO_50_ORDER,EMA8,33242,2026-08-28 07:04:17.184,-1,HOLD,TARGET,704
NO_50_ORDER,PIN7,33280,2026-08-28 07:06:31.036,-1,HOLD,STOP,12273
NO_50_ORDER,EMA8,33284,2026-08-28 07:06:52.520,-1,HOLD,TARGET,6822
NO_50_ORDER,EMA8,33290,2026-08-28 07:07:12.584,-1,HOLD,STOP,5218
NO_50_ORDER,EMA24,33294,2026-08-28 07:07:30.536,-1,HOLD,TARGET,25072
NO_50_ORDER,PIN7,33311,2026-08-28 07:08:49.156,1,HOLD,TARGET,890
NO_50_ORDER,EMA8,33317,2026-08-28 07:09:24.536,1,HOLD,TARGET,2830
NO_50_ORDER,PIN7,33335,2026-08-28 07:10:46.692,-1,HOLD,TARGET,12492
NO_50_ORDER,PIN7,33336,2026-08-28 07:11:16.484,-1,HOLD,TARGET,5567
NO_50_ORDER,EMA8,33338,2026-08-28 07:11:31.348,-1,HOLD,TARGET,1
NO_50_ORDER,PIN7,33341,2026-08-28 07:11:46.592,-1,HOLD,STOP,6145
NO_50_ORDER,PIN7,33342,2026-08-28 07:11:52.832,-1,HOLD,STOP,1707
NO_50_ORDER,EMA24,33351,2026-08-28 07:12:54.552,-1,HOLD,TARGET,2879
NO_50_ORDER,PIN_STRICT,33358,2026-08-28 07:13:33.236,-1,HOLD,TARGET,3440
NO_50_ORDER,EMA8,33362,2026-08-28 07:14:03.996,-1,HOLD,STOP,5077
NO_50_ORDER,PIN7,33399,2026-08-28 07:17:46.304,1,HOLD,TARGET,3644
NO_50_ORDER,PIN_STRICT,33401,2026-08-28 07:18:10.060,1,HOLD,TARGET,1649
NO_50_ORDER,EMA8,33405,2026-08-28 07:18:31.644,1,HOLD,TARGET,1225
NO_50_ORDER,PIN7,33407,2026-08-28 07:18:43.252,1,HOLD,TARGET,10589
NO_50_ORDER,PIN7,33411,2026-08-28 07:19:24.168,1,HOLD,TARGET,1
NO_50_ORDER,EMA8,33415,2026-08-28 07:19:43.604,1,HOLD,TARGET,11030
NO_50_ORDER,PIN7,33472,2026-08-28 07:26:09.456,-1,HOLD,TARGET,1674
NO_50_ORDER,PIN7,33487,2026-08-28 07:27:42.952,-1,HOLD,TARGET,2207
NO_50_ORDER,EMA8,33494,2026-08-28 07:28:44.952,-1,HOLD,STOP,4427
NO_50_ORDER,PIN7,33505,2026-08-28 07:29:46.580,1,HOLD,TARGET,4266
NO_50_ORDER,PIN7,33506,2026-08-28 07:29:51.828,1,HOLD,TARGET,7720
NO_50_ORDER,PIN7,33536,2026-08-28 07:31:35.132,1,HOLD,STOP,2109
NO_50_ORDER,PIN7,33559,2026-08-28 07:33:42.908,1,HOLD,TARGET,2636
NO_50_ORDER,EMA8,33566,2026-08-28 07:34:31.848,1,HOLD,TARGET,5225
NO_50_ORDER,EMA8,33568,2026-08-28 07:34:47.396,1,HOLD,TARGET,2759
NO_50_ORDER,PIN7,33571,2026-08-28 07:35:25.568,1,HOLD,TARGET,12776
NO_50_ORDER,PIN7,33577,2026-08-28 07:36:15.276,1,HOLD,TARGET,1157
NO_50_ORDER,EMA8,33586,2026-08-28 07:37:43.952,1,HOLD,TARGET,655
NO_50_ORDER,EMA8,33589,2026-08-28 07:38:14.104,1,HOLD,TARGET,1
NO_50_ORDER,EMA24,33598,2026-08-28 07:40:16.532,1,HOLD,TARGET,1861
NO_50_ORDER,EMA8,33610,2026-08-28 07:42:52.428,1,HOLD,TARGET,561
NO_50_ORDER,EMA8,33616,2026-08-28 07:43:56.116,1,HOLD,TARGET,1000
NO_50_ORDER,PIN_STRICT,33620,2026-08-28 07:44:33.828,1,HOLD,TARGET,3030
NO_50_ORDER,PIN_STRICT,33621,2026-08-28 07:44:42.492,1,HOLD,STOP,16946
NO_50_ORDER,EMA8,33627,2026-08-28 07:45:29.024,1,HOLD,STOP,4407
NO_50_ORDER,EMA24,33631,2026-08-28 07:46:09.628,1,HOLD,TARGET,5362
NO_50_ORDER,EMA8,33637,2026-08-28 07:47:08.924,1,HOLD,TARGET,2523
NO_50_ORDER,PIN7,33647,2026-08-28 07:50:20.836,1,HOLD,TARGET,2256
NO_50_ORDER,PIN7,33648,2026-08-28 07:50:25.360,1,HOLD,TARGET,2864
NO_50_ORDER,EMA8,33652,2026-08-28 07:51:32.292,1,HOLD,TARGET,10310
NO_50_ORDER,EMA8,33657,2026-08-28 07:52:30.424,1,HOLD,TARGET,6213
NO_50_ORDER,PIN7,33659,2026-08-28 07:53:01.616,1,HOLD,TARGET,6645
NO_50_ORDER,EMA8,33661,2026-08-28 07:53:12.428,1,HOLD,TARGET,2331
NO_50_ORDER,PIN_STRICT,33665,2026-08-28 07:54:02.320,1,HOLD,TARGET,22833
NO_50_ORDER,EMA8,33670,2026-08-28 07:55:47.512,1,HOLD,TARGET,1858
NO_50_ORDER,PIN7,33672,2026-08-28 07:56:25.168,1,HOLD,TARGET,18331
NO_50_ORDER,EMA8,33676,2026-08-28 07:57:37.104,1,HOLD,TARGET,14031
NO_50_ORDER,PIN7,33678,2026-08-28 07:59:12.924,1,HOLD,TARGET,1100
NO_50_ORDER,EMA24,34537,2026-08-28 11:05:06.168,1,HOLD,TARGET,1037
NO_50_ORDER,PIN7,34561,2026-08-28 11:14:26.788,-1,HOLD,TARGET,992
NO_50_ORDER,PIN_STRICT,34643,2026-08-28 11:51:04.068,-1,HOLD,TARGET,14830
NO_50_ORDER,PIN7,34675,2026-08-28 12:05:38.800,1,HOLD,STOP,6845
NO_50_ORDER,EMA8,34688,2026-08-28 12:12:51.752,1,HOLD,TARGET,37792
NO_50_ORDER,EMA24,34691,2026-08-28 12:14:26.916,1,HOLD,TARGET,1528
NO_50_ORDER,EMA8,34704,2026-08-28 12:22:03.272,1,HOLD,STOP,7634
NO_50_ORDER,EMA24,34709,2026-08-28 12:25:16.408,1,HOLD,TARGET,2152
NO_50_ORDER,PIN7,34732,2026-08-28 12:39:40.992,1,HOLD,TARGET,830
NO_50_ORDER,EMA8,34759,2026-08-28 12:50:25.512,1,HOLD,STOP,7141
NO_50_ORDER,PIN7,34766,2026-08-28 12:51:46.044,-1,HOLD,STOP,24420
NO_50_ORDER,PIN7,34785,2026-08-28 12:56:40.660,1,HOLD,TARGET,2895
NO_50_ORDER,PIN7,34786,2026-08-28 12:57:14.780,1,HOLD,STOP,7939
NO_50_ORDER,EMA8,34813,2026-08-28 12:59:58.116,-1,HOLD,STOP,1872
NO_50_ORDER,PIN_STRICT,35892,2026-08-31 06:33:26.868,-1,HOLD,TARGET,2286
NO_50_ORDER,PIN7,35893,2026-08-31 06:33:30.488,-1,HOLD,STOP,4073
NO_50_ORDER,EMA8,35902,2026-08-31 06:34:25.472,-1,HOLD,TARGET,5434
NO_50_ORDER,EMA8,35905,2026-08-31 06:34:56.056,-1,HOLD,TARGET,1157
NO_50_ORDER,PIN7,35935,2026-08-31 06:38:19.040,1,HOLD,STOP,8991
NO_50_ORDER,EMA24,35938,2026-08-31 06:38:38.808,1,HOLD,STOP,8754
NO_50_ORDER,EMA8,35979,2026-08-31 06:43:55.208,-1,HOLD,TARGET,792
NO_50_ORDER,PIN_STRICT,36195,2026-08-31 07:25:13.844,-1,HOLD,TARGET,8471
NO_50_ORDER,EMA8,36245,2026-08-31 07:41:20.552,1,HOLD,TARGET,657
NO_50_ORDER,PIN7,36247,2026-08-31 07:41:45.384,1,HOLD,TARGET,6348
NO_50_ORDER,EMA8,36249,2026-08-31 07:42:27.436,1,HOLD,TARGET,1091
NO_50_ORDER,PIN7,36269,2026-08-31 07:50:01.892,-1,HOLD,STOP,6865
NO_50_ORDER,PIN7,36287,2026-08-31 07:55:27.204,1,HOLD,TARGET,6317
NO_50_ORDER,PIN7,36292,2026-08-31 07:56:43.872,1,HOLD,TARGET,3608
NO_50_ORDER,PIN7,36651,2026-08-31 11:33:56.028,-1,HOLD,TARGET,2189
NO_50_ORDER,PIN7,36652,2026-08-31 11:34:49.528,-1,HOLD,TARGET,1347
NO_50_ORDER,PIN_STRICT,36658,2026-08-31 11:38:07.212,-1,HOLD,TARGET,1130
NO_50_ORDER,EMA8,36673,2026-08-31 11:45:11.620,-1,HOLD,STOP,26317
NO_50_ORDER,EMA8,36687,2026-08-31 12:00:03.964,1,HOLD,TARGET,881
NO_50_ORDER,EMA8,36692,2026-08-31 12:02:30.020,1,HOLD,STOP,8446
NO_50_ORDER,PIN7,36701,2026-08-31 12:10:01.120,1,HOLD,TARGET,716
NO_50_ORDER,EMA8,36706,2026-08-31 12:13:47.980,1,HOLD,TARGET,1024
NO_50_ORDER,EMA8,36721,2026-08-31 12:26:38.088,1,HOLD,TARGET,2504
NO_50_ORDER,EMA24,36730,2026-08-31 12:31:13.152,1,HOLD,STOP,7927
NO_50_ORDER,PIN7,36736,2026-08-31 12:36:19.564,1,HOLD,TARGET,3969
NO_50_ORDER,PIN7,36737,2026-08-31 12:37:49.276,1,HOLD,TARGET,7170
NO_50_ORDER,PIN7,36738,2026-08-31 12:40:13.636,1,HOLD,TARGET,3461
NO_50_ORDER,PIN7,36739,2026-08-31 12:41:30.284,1,HOLD,TARGET,1142
NO_50_ORDER,PIN_STRICT,36742,2026-08-31 12:43:37.704,1,HOLD,TARGET,1255
NO_50_ORDER,EMA8,36746,2026-08-31 12:45:49.248,1,HOLD,TARGET,1375
NO_50_ORDER,PIN7,36802,2026-08-31 12:59:06.024,1,HOLD,TARGET,1405
NO_50_ORDER,PIN_STRICT,36807,2026-08-31 12:59:21.176,1,HOLD,STOP,5082
NO_50_ORDER,PIN7,36818,2026-08-31 12:59:47.540,-1,HOLD,TARGET,2054
NO_50_ORDER,PIN7,36819,2026-08-31 12:59:50.148,-1,HOLD,STOP,2116
NO_50_ORDER,EMA24,36822,2026-08-31 12:59:53.856,-1,HOLD,TARGET,606
NO_50_ORDER,PIN7,36825,2026-08-31 12:59:55.020,-1,HOLD,TARGET,570
NO_50_ORDER,PIN7,36826,2026-08-31 12:59:55.620,-1,HOLD,TARGET,683
NO_50_ORDER,PIN7,36827,2026-08-31 12:59:56.460,-1,HOLD,TARGET,830
NO_50_ORDER,EMA8,37861,2026-09-01 06:41:36.676,-1,HOLD,STOP,12041
NO_50_ORDER,PIN7,37876,2026-09-01 06:44:09.500,1,HOLD,TARGET,4874
NO_50_ORDER,EMA8,37972,2026-09-01 07:02:34.020,1,HOLD,STOP,1265
NO_50_ORDER,PIN7,37982,2026-09-01 07:04:26.172,1,HOLD,TARGET,15107
NO_50_ORDER,EMA24,37985,2026-09-01 07:05:08.536,1,HOLD,TARGET,359
NO_50_ORDER,EMA8,37996,2026-09-01 07:07:56.360,1,HOLD,TARGET,17213
NO_50_ORDER,EMA8,38004,2026-09-01 07:10:35.136,1,HOLD,TARGET,4636
NO_50_ORDER,EMA8,38007,2026-09-01 07:11:04.120,1,HOLD,STOP,4960
NO_50_ORDER,PIN7,38019,2026-09-01 07:14:28.956,1,HOLD,TARGET,684
NO_50_ORDER,PIN_STRICT,38025,2026-09-01 07:16:17.176,1,HOLD,TARGET,905
NO_50_ORDER,EMA24,38035,2026-09-01 07:19:26.340,1,HOLD,TARGET,1255
NO_50_ORDER,PIN7,38039,2026-09-01 07:20:26.060,1,HOLD,TARGET,9265
NO_50_ORDER,PIN7,38040,2026-09-01 07:21:08.968,1,HOLD,TARGET,10213
NO_50_ORDER,PIN7,38041,2026-09-01 07:21:40.928,1,HOLD,TARGET,5950
NO_50_ORDER,EMA8,38043,2026-09-01 07:22:21.592,1,HOLD,TARGET,770
NO_50_ORDER,EMA24,38061,2026-09-01 07:27:39.468,1,HOLD,TARGET,14849
NO_50_ORDER,PIN7,38070,2026-09-01 07:31:24.240,1,HOLD,TARGET,545
NO_50_ORDER,EMA8,38081,2026-09-01 07:37:55.328,1,HOLD,STOP,8695
NO_50_ORDER,PIN7,38095,2026-09-01 07:43:18.064,-1,HOLD,STOP,25928
NO_50_ORDER,PIN7,38112,2026-09-01 07:51:39.356,-1,HOLD,TARGET,1546
NO_50_ORDER,EMA8,38118,2026-09-01 07:53:23.512,-1,HOLD,TARGET,3341
NO_50_ORDER,EMA8,38128,2026-09-01 07:58:31.692,-1,HOLD,TARGET,21758
NO_50_ORDER,EMA24,38566,2026-09-01 11:09:42.592,-1,HOLD,TARGET,12128
NO_50_ORDER,PIN7,38573,2026-09-01 11:14:09.016,-1,HOLD,STOP,12606
NO_50_ORDER,PIN7,38574,2026-09-01 11:15:17.068,-1,HOLD,STOP,7501
NO_50_ORDER,PIN7,38599,2026-09-01 11:34:03.368,-1,HOLD,TARGET,3002
NO_50_ORDER,PIN7,38600,2026-09-01 11:34:30.856,-1,HOLD,TARGET,12412
NO_50_ORDER,EMA8,38603,2026-09-01 11:36:58.408,-1,HOLD,TARGET,1122
NO_50_ORDER,PIN_STRICT,38613,2026-09-01 11:42:52.120,-1,HOLD,TARGET,1239
NO_50_ORDER,PIN_STRICT,38617,2026-09-01 11:44:25.032,-1,HOLD,TARGET,3760
NO_50_ORDER,EMA8,38628,2026-09-01 11:46:50.436,-1,HOLD,STOP,5788
NO_50_ORDER,EMA24,38635,2026-09-01 11:48:33.336,-1,HOLD,TARGET,1054
NO_50_ORDER,EMA8,38654,2026-09-01 11:56:28.216,1,HOLD,TARGET,419
NO_50_ORDER,EMA8,38660,2026-09-01 11:58:02.884,1,HOLD,TARGET,1211
NO_50_ORDER,EMA8,38683,2026-09-01 12:06:45.404,1,HOLD,TARGET,13634
NO_50_ORDER,EMA24,38686,2026-09-01 12:07:55.020,1,HOLD,TARGET,7607
NO_50_ORDER,EMA8,38700,2026-09-01 12:13:38.804,1,HOLD,TARGET,4798
NO_50_ORDER,EMA8,38707,2026-09-01 12:17:24.136,1,HOLD,STOP,6093
NO_50_ORDER,PIN7,38718,2026-09-01 12:20:53.884,-1,HOLD,STOP,10164
NO_50_ORDER,PIN7,38719,2026-09-01 12:22:07.368,-1,HOLD,STOP,3855
NO_50_ORDER,PIN7,38737,2026-09-01 12:32:58.208,-1,HOLD,STOP,8806
NO_50_ORDER,PIN7,38782,2026-09-01 12:53:00.052,-1,HOLD,TARGET,2453
NO_50_ORDER,PIN7,38798,2026-09-01 12:56:19.160,-1,HOLD,STOP,8908
NO_50_ORDER,PIN7,39677,2026-09-02 06:32:20.540,1,HOLD,STOP,3651
NO_50_ORDER,EMA8,39727,2026-09-02 06:40:24.652,1,HOLD,TARGET,614
NO_50_ORDER,EMA8,39731,2026-09-02 06:41:11.004,1,HOLD,TARGET,4348
NO_50_ORDER,EMA8,39733,2026-09-02 06:41:16.432,1,HOLD,TARGET,313
NO_50_ORDER,EMA8,39823,2026-09-02 07:00:39.992,1,HOLD,TARGET,3700
NO_50_ORDER,PIN_STRICT,39826,2026-09-02 07:01:09.408,1,HOLD,TARGET,1892
NO_50_ORDER,PIN7,39827,2026-09-02 07:01:15.160,1,HOLD,TARGET,897
NO_50_ORDER,EMA8,39832,2026-09-02 07:02:16.096,1,HOLD,STOP,1233
NO_50_ORDER,EMA24,39836,2026-09-02 07:02:37.172,1,HOLD,TARGET,3876
NO_50_ORDER,EMA24,39840,2026-09-02 07:02:46.868,1,HOLD,TARGET,824
NO_50_ORDER,EMA8,39848,2026-09-02 07:04:37.776,1,HOLD,TARGET,1533
NO_50_ORDER,EMA8,39860,2026-09-02 07:09:01.324,1,HOLD,STOP,6953
NO_50_ORDER,EMA8,39886,2026-09-02 07:16:00.016,1,HOLD,TARGET,796
NO_50_ORDER,PIN7,39889,2026-09-02 07:17:19.568,1,HOLD,TARGET,1470
NO_50_ORDER,PIN7,39902,2026-09-02 07:21:37.324,1,HOLD,TARGET,1357
NO_50_ORDER,EMA8,39909,2026-09-02 07:23:44.032,1,HOLD,TARGET,1771
NO_50_ORDER,EMA8,39919,2026-09-02 07:29:14.872,1,HOLD,STOP,7388
NO_50_ORDER,EMA24,39923,2026-09-02 07:30:17.576,1,HOLD,STOP,8304
NO_50_ORDER,PIN_STRICT,39939,2026-09-02 07:35:13.772,1,HOLD,TARGET,31546
NO_50_ORDER,EMA8,39942,2026-09-02 07:36:20.628,1,HOLD,TARGET,775
NO_50_ORDER,PIN7,39952,2026-09-02 07:40:21.972,1,HOLD,TARGET,1432
NO_50_ORDER,PIN7,39963,2026-09-02 07:44:26.996,1,HOLD,STOP,7229
NO_50_ORDER,EMA24,39968,2026-09-02 07:48:02.332,1,HOLD,STOP,7869
NO_50_ORDER,PIN7,39977,2026-09-02 07:51:24.588,-1,HOLD,STOP,6104
NO_50_ORDER,EMA8,39981,2026-09-02 07:52:26.920,-1,HOLD,TARGET,4830
NO_50_ORDER,EMA8,39983,2026-09-02 07:53:07.036,-1,HOLD,TARGET,1093
NO_50_ORDER,PIN7,40297,2026-09-02 11:01:55.340,-1,HOLD,STOP,3345
NO_50_ORDER,EMA24,40308,2026-09-02 11:13:18.060,1,HOLD,TARGET,14535
NO_50_ORDER,EMA24,40310,2026-09-02 11:15:10.444,1,HOLD,TARGET,9223
NO_50_ORDER,PIN7,40337,2026-09-02 11:22:09.484,-1,HOLD,TARGET,16208
NO_50_ORDER,EMA8,40358,2026-09-02 11:46:10.584,-1,HOLD,TARGET,1668
NO_50_ORDER,PIN7,40382,2026-09-02 12:12:48.252,1,HOLD,TARGET,3247
NO_50_ORDER,PIN7,40411,2026-09-02 12:42:28.396,-1,HOLD,STOP,2866
NO_50_ORDER,PIN7,40452,2026-09-02 12:59:58.952,1,HOLD,TARGET,2336
NO_50_ORDER,EMA24,41481,2026-09-03 06:31:16.388,1,HOLD,TARGET,2170
NO_50_ORDER,EMA24,41500,2026-09-03 06:32:58.904,1,HOLD,TARGET,1251
NO_50_ORDER,PIN7,41503,2026-09-03 06:33:15.320,1,HOLD,TARGET,3817
NO_50_ORDER,PIN7,41504,2026-09-03 06:33:24.108,1,HOLD,TARGET,1307
NO_50_ORDER,EMA8,41512,2026-09-03 06:34:16.084,1,HOLD,STOP,9468
NO_50_ORDER,PIN_STRICT,41543,2026-09-03 06:38:32.784,1,HOLD,TARGET,10200
NO_50_ORDER,EMA8,41548,2026-09-03 06:39:14.564,1,HOLD,TARGET,492
NO_50_ORDER,EMA24,41560,2026-09-03 06:41:13.352,1,HOLD,TARGET,2089
NO_50_ORDER,PIN_STRICT,41660,2026-09-03 07:01:08.032,-1,HOLD,TARGET,226
NO_50_ORDER,EMA24,41678,2026-09-03 07:03:32.464,-1,HOLD,TARGET,1182
NO_50_ORDER,EMA24,41695,2026-09-03 07:06:10.032,-1,HOLD,TARGET,6860
NO_50_ORDER,EMA24,41697,2026-09-03 07:06:21.668,-1,HOLD,TARGET,3708
NO_50_ORDER,EMA24,41741,2026-09-03 07:13:26.136,1,HOLD,TARGET,602
NO_50_ORDER,PIN7,41749,2026-09-03 07:15:02.856,1,HOLD,TARGET,5558
NO_50_ORDER,PIN7,41750,2026-09-03 07:15:15.928,1,HOLD,TARGET,2716
NO_50_ORDER,PIN7,41751,2026-09-03 07:15:24.624,1,HOLD,TARGET,4708
NO_50_ORDER,PIN7,41767,2026-09-03 07:19:33.000,1,HOLD,TARGET,768
NO_50_ORDER,PIN_STRICT,41770,2026-09-03 07:20:45.632,1,HOLD,STOP,6421
NO_50_ORDER,EMA8,41894,2026-09-03 07:48:26.252,1,HOLD,TARGET,1014
NO_50_ORDER,EMA8,41901,2026-09-03 07:49:50.412,1,HOLD,TARGET,1116
NO_50_ORDER,EMA24,41906,2026-09-03 07:50:50.572,1,HOLD,STOP,7235
NO_50_ORDER,PIN_STRICT,41938,2026-09-03 07:56:22.816,-1,HOLD,TARGET,56
NO_50_ORDER,PIN7,41968,2026-09-03 07:58:12.480,1,HOLD,TARGET,511
NO_50_ORDER,PIN_STRICT,41975,2026-09-03 07:59:49.772,1,HOLD,TARGET,6311
NO_50_ORDER,EMA8,42250,2026-09-03 11:03:37.672,1,HOLD,TARGET,9396
NO_50_ORDER,EMA8,42252,2026-09-03 11:05:10.768,1,HOLD,TARGET,28948
NO_50_ORDER,EMA8,42259,2026-09-03 11:13:21.080,1,HOLD,TARGET,4834
NO_50_ORDER,PIN7,42298,2026-09-03 12:15:33.976,-1,HOLD,STOP,11959
NO_50_ORDER,EMA24,42309,2026-09-03 12:30:52.348,-1,HOLD,TARGET,10492
NO_50_ORDER,PIN7,42337,2026-09-03 12:56:16.900,-1,HOLD,TARGET,16375
NO_50_ORDER,EMA8,42340,2026-09-03 12:58:30.724,-1,HOLD,TARGET,568
NO_50_ORDER,EMA8,42344,2026-09-03 12:59:04.876,-1,HOLD,TARGET,7291
NO_50_ORDER,EMA24,43213,2026-09-04 06:31:14.084,1,HOLD,TARGET,4687
NO_50_ORDER,EMA24,43226,2026-09-04 06:32:11.324,1,HOLD,TARGET,1394
NO_50_ORDER,PIN7,43229,2026-09-04 06:33:16.972,1,HOLD,TARGET,38144
NO_50_ORDER,EMA8,43233,2026-09-04 06:33:52.528,1,HOLD,TARGET,4402
NO_50_ORDER,PIN7,43268,2026-09-04 06:41:14.984,-1,HOLD,STOP,5313
NO_50_ORDER,PIN7,43281,2026-09-04 06:44:14.788,1,HOLD,STOP,2833
NO_50_ORDER,PIN7,43343,2026-09-04 07:02:56.308,-1,HOLD,STOP,3079
NO_50_ORDER,EMA24,43347,2026-09-04 07:03:35.924,-1,HOLD,TARGET,24424
NO_50_ORDER,PIN7,43368,2026-09-04 07:10:01.684,-1,HOLD,TARGET,9457
NO_50_ORDER,PIN_STRICT,43377,2026-09-04 07:12:40.320,-1,HOLD,TARGET,2047
NO_50_ORDER,EMA24,43409,2026-09-04 07:22:17.208,-1,HOLD,TARGET,18168
NO_50_ORDER,PIN7,43426,2026-09-04 07:30:07.100,1,HOLD,STOP,4243
NO_50_ORDER,PIN7,43431,2026-09-04 07:31:41.084,-1,HOLD,STOP,16317
NO_50_ORDER,EMA8,43472,2026-09-04 07:47:11.120,-1,HOLD,TARGET,298
NO_50_ORDER,EMA8,43476,2026-09-04 07:47:41.676,-1,HOLD,TARGET,10229
NO_50_ORDER,EMA8,43478,2026-09-04 07:48:24.976,-1,HOLD,TARGET,9729
NO_50_ORDER,EMA24,43488,2026-09-04 07:51:35.100,-1,HOLD,TARGET,2791
NO_50_ORDER,EMA8,43491,2026-09-04 07:52:24.320,-1,HOLD,TARGET,14279
NO_50_ORDER,EMA8,43502,2026-09-04 07:56:29.648,-1,HOLD,TARGET,164
NO_50_ORDER,PIN7,43504,2026-09-04 07:56:50.116,-1,HOLD,TARGET,1237
NO_50_ORDER,PIN7,43771,2026-09-04 11:09:38.236,1,HOLD,TARGET,3158
NO_50_ORDER,PIN7,43779,2026-09-04 11:20:51.756,1,HOLD,TARGET,2464
NO_50_ORDER,EMA8,43784,2026-09-04 11:27:31.416,1,HOLD,TARGET,7285
NO_50_ORDER,EMA8,43788,2026-09-04 11:33:22.028,1,HOLD,TARGET,28020
NO_50_ORDER,PIN7,43797,2026-09-04 11:47:10.868,1,HOLD,TARGET,21305
NO_50_ORDER,PIN7,43798,2026-09-04 11:52:30.856,1,HOLD,TARGET,16993
NO_50_ORDER,EMA8,43803,2026-09-04 12:00:10.772,1,HOLD,STOP,2524
NO_50_ORDER,EMA8,43821,2026-09-04 12:19:21.332,-1,HOLD,STOP,16184
NO_50_ORDER,EMA8,43823,2026-09-04 12:22:37.860,-1,HOLD,STOP,9494
NO_50_ORDER,PIN7,43844,2026-09-04 12:50:00.048,1,HOLD,TARGET,90
NO_50_ORDER,EMA8,43855,2026-09-04 12:55:08.732,1,HOLD,STOP,4595
NO_50_ORDER,EMA24,43859,2026-09-04 12:55:55.200,1,HOLD,TARGET,5740
NO_50_ORDER,EMA8,44291,2026-09-07 06:33:49.640,1,HOLD,STOP,2643
NO_50_ORDER,PIN7,44316,2026-09-07 07:01:47.888,-1,HOLD,TARGET,11626
NO_50_ORDER,PIN7,44317,2026-09-07 07:04:17.948,-1,HOLD,STOP,3287
NO_50_ORDER,EMA24,44330,2026-09-07 07:40:14.212,-1,HOLD,TARGET,1379
NO_50_ORDER,PIN7,44338,2026-09-07 07:58:20.160,-1,HOLD,TARGET,2014
NO_50_ORDER,PIN7,45322,2026-09-08 06:33:05.644,-1,HOLD,TARGET,4899
NO_50_ORDER,PIN7,45336,2026-09-08 06:35:24.440,-1,HOLD,TARGET,7337
NO_50_ORDER,PIN7,45340,2026-09-08 06:36:13.868,-1,HOLD,TARGET,4685
NO_50_ORDER,PIN_STRICT,45357,2026-09-08 06:40:41.196,-1,HOLD,TARGET,3206
NO_50_ORDER,PIN_STRICT,45358,2026-09-08 06:40:49.060,-1,HOLD,TARGET,2231
NO_50_ORDER,PIN_STRICT,45361,2026-09-08 06:41:47.320,-1,HOLD,TARGET,4230
NO_50_ORDER,EMA8,45368,2026-09-08 06:42:43.928,-1,HOLD,TARGET,5055
NO_50_ORDER,EMA8,45474,2026-09-08 07:03:06.468,-1,HOLD,TARGET,21484
NO_50_ORDER,PIN7,45514,2026-09-08 07:10:00.740,-1,HOLD,TARGET,1152
NO_50_ORDER,EMA8,45519,2026-09-08 07:10:55.004,-1,HOLD,TARGET,13605
NO_50_ORDER,EMA8,45524,2026-09-08 07:11:45.268,-1,HOLD,TARGET,1550
NO_50_ORDER,PIN7,45533,2026-09-08 07:13:34.440,1,HOLD,TARGET,635
NO_50_ORDER,PIN7,45673,2026-09-08 07:50:55.056,1,HOLD,TARGET,2190
NO_50_ORDER,EMA8,45682,2026-09-08 07:55:00.168,1,HOLD,TARGET,1388
NO_50_ORDER,PIN7,45998,2026-09-08 11:41:45.556,-1,HOLD,STOP,4866
NO_50_ORDER,PIN7,46009,2026-09-08 11:47:59.508,-1,HOLD,TARGET,1503
NO_50_ORDER,PIN7,46010,2026-09-08 11:48:01.284,-1,HOLD,TARGET,217
NO_50_ORDER,EMA8,46015,2026-09-08 11:48:15.808,-1,HOLD,TARGET,6047
NO_50_ORDER,EMA8,46017,2026-09-08 11:48:21.080,-1,HOLD,TARGET,3436
NO_50_ORDER,EMA8,46019,2026-09-08 11:48:28.844,-1,HOLD,TARGET,6270
NO_50_ORDER,EMA8,46021,2026-09-08 11:48:37.004,-1,HOLD,TARGET,2596
NO_50_ORDER,EMA8,46023,2026-09-08 11:48:42.204,-1,HOLD,TARGET,958
NO_50_ORDER,PIN_STRICT,46026,2026-09-08 11:48:54.112,-1,HOLD,TARGET,1420
NO_50_ORDER,PIN7,46027,2026-09-08 11:48:56.640,-1,HOLD,TARGET,257
NO_50_ORDER,PIN_STRICT,46031,2026-09-08 11:49:00.632,-1,HOLD,TARGET,1
NO_50_ORDER,EMA24,46043,2026-09-08 11:49:23.908,-1,HOLD,TARGET,489
NO_50_ORDER,EMA8,46060,2026-09-08 11:50:58.040,1,HOLD,TARGET,374
NO_50_ORDER,EMA8,46083,2026-09-08 11:56:56.552,1,HOLD,TARGET,3629
NO_50_ORDER,EMA8,46160,2026-09-08 12:49:20.008,-1,HOLD,TARGET,2753
NO_50_ORDER,EMA24,46178,2026-09-08 12:50:37.784,-1,HOLD,TARGET,5995
NO_50_ORDER,PIN7,46190,2026-09-08 12:53:18.064,-1,HOLD,TARGET,4705
NO_50_ORDER,PIN7,47078,2026-09-09 06:32:56.500,-1,HOLD,STOP,21311
NO_50_ORDER,PIN7,47084,2026-09-09 06:34:08.672,1,HOLD,TARGET,1468
NO_50_ORDER,EMA24,47095,2026-09-09 06:35:30.800,1,HOLD,TARGET,1124
NO_50_ORDER,PIN7,47112,2026-09-09 06:38:05.948,-1,HOLD,STOP,10261
NO_50_ORDER,PIN7,47228,2026-09-09 07:02:27.740,-1,HOLD,TARGET,8253
NO_50_ORDER,PIN7,47270,2026-09-09 07:16:09.040,-1,HOLD,TARGET,1791
NO_50_ORDER,EMA8,47278,2026-09-09 07:17:40.312,-1,HOLD,TARGET,5628
NO_50_ORDER,EMA8,47280,2026-09-09 07:18:01.908,-1,HOLD,TARGET,2129
NO_50_ORDER,EMA8,47314,2026-09-09 07:24:52.240,-1,HOLD,TARGET,156
NO_50_ORDER,EMA8,47317,2026-09-09 07:24:58.740,-1,HOLD,TARGET,418
NO_50_ORDER,EMA8,47320,2026-09-09 07:25:07.004,-1,HOLD,STOP,5310
NO_50_ORDER,PIN7,47327,2026-09-09 07:26:11.256,1,HOLD,TARGET,4779
NO_50_ORDER,EMA8,47333,2026-09-09 07:27:26.704,1,HOLD,TARGET,1249
NO_50_ORDER,PIN_STRICT,47344,2026-09-09 07:29:14.564,1,HOLD,TARGET,573
NO_50_ORDER,EMA24,47358,2026-09-09 07:32:32.248,1,HOLD,STOP,11767
NO_50_ORDER,PIN7,47377,2026-09-09 07:37:26.108,-1,HOLD,STOP,23308
NO_50_ORDER,PIN7,47893,2026-09-09 11:10:18.540,-1,HOLD,TARGET,9457
NO_50_ORDER,PIN7,47894,2026-09-09 11:11:55.800,-1,HOLD,TARGET,5656
NO_50_ORDER,EMA24,47924,2026-09-09 11:50:52.012,1,HOLD,TARGET,4857
NO_50_ORDER,EMA8,47965,2026-09-09 12:45:27.720,-1,HOLD,TARGET,1018
NO_50_ORDER,PIN7,47974,2026-09-09 12:50:17.404,-1,HOLD,TARGET,2696
NO_50_ORDER,PIN7,47975,2026-09-09 12:50:57.004,-1,HOLD,TARGET,983
NO_50_ORDER,EMA24,47987,2026-09-09 12:56:49.956,-1,HOLD,TARGET,3309
NO_50_ORDER,EMA24,47992,2026-09-09 12:59:01.940,-1,HOLD,TARGET,2856
NO_50_ORDER,PIN7,48997,2026-09-10 06:35:12.024,1,HOLD,TARGET,8618
NO_50_ORDER,PIN7,48998,2026-09-10 06:35:17.220,1,HOLD,NONE,25476
NO_50_ORDER,EMA24,49225,2026-09-10 07:03:22.308,1,HOLD,TARGET,3934
NO_50_ORDER,EMA24,49284,2026-09-10 07:15:00.524,1,HOLD,STOP,6248
NO_50_ORDER,PIN7,49293,2026-09-10 07:16:34.300,1,HOLD,TARGET,4901
NO_50_ORDER,PIN7,49310,2026-09-10 07:19:10.484,1,HOLD,TARGET,1447
NO_50_ORDER,PIN7,49315,2026-09-10 07:19:46.184,1,HOLD,TARGET,1967
NO_50_ORDER,PIN7,49317,2026-09-10 07:19:56.224,1,HOLD,TARGET,4002
NO_50_ORDER,EMA8,49330,2026-09-10 07:22:38.468,1,HOLD,TARGET,739
NO_50_ORDER,PIN_STRICT,49348,2026-09-10 07:24:40.464,1,HOLD,TARGET,1
NO_50_ORDER,EMA24,49366,2026-09-10 07:24:50.576,1,HOLD,TARGET,12052
NO_50_ORDER,PIN7,49385,2026-09-10 07:25:19.952,1,HOLD,TARGET,3758
NO_50_ORDER,EMA24,49391,2026-09-10 07:25:35.384,1,HOLD,STOP,9602
NO_50_ORDER,PIN7,49403,2026-09-10 07:26:24.552,-1,HOLD,TARGET,1146
NO_50_ORDER,EMA8,49419,2026-09-10 07:27:47.396,-1,HOLD,TARGET,794
NO_50_ORDER,PIN7,49423,2026-09-10 07:29:06.552,-1,HOLD,TARGET,2824
NO_50_ORDER,EMA8,49462,2026-09-10 07:36:31.752,1,HOLD,TARGET,1906
NO_50_ORDER,EMA8,49466,2026-09-10 07:37:39.740,1,HOLD,TARGET,1009
NO_50_ORDER,PIN7,49468,2026-09-10 07:38:18.000,1,HOLD,STOP,13694
NO_50_ORDER,EMA8,49470,2026-09-10 07:38:48.388,1,HOLD,STOP,9346
NO_50_ORDER,PIN7,49487,2026-09-10 07:42:55.044,-1,HOLD,TARGET,955
NO_50_ORDER,PIN7,49489,2026-09-10 07:43:30.820,-1,HOLD,TARGET,311
NO_50_ORDER,EMA8,49497,2026-09-10 07:45:49.448,-1,HOLD,TARGET,1503
NO_50_ORDER,EMA24,49502,2026-09-10 07:46:30.040,-1,HOLD,TARGET,7202
NO_50_ORDER,PIN7,49551,2026-09-10 07:57:13.440,1,HOLD,TARGET,5595
NO_50_ORDER,EMA8,49557,2026-09-10 07:58:52.388,1,HOLD,STOP,19113
NO_50_ORDER,PIN7,50037,2026-09-10 11:02:19.680,-1,HOLD,TARGET,1032
NO_50_ORDER,PIN7,50039,2026-09-10 11:03:16.004,-1,HOLD,TARGET,8877
NO_50_ORDER,EMA8,50042,2026-09-10 11:04:50.848,-1,HOLD,TARGET,1740
NO_50_ORDER,PIN7,50052,2026-09-10 11:10:09.944,-1,HOLD,TARGET,1289
NO_50_ORDER,EMA24,50059,2026-09-10 11:14:45.524,-1,HOLD,TARGET,1281
NO_50_ORDER,PIN7,50083,2026-09-10 11:32:37.156,-1,HOLD,TARGET,1806
NO_50_ORDER,PIN7,50122,2026-09-10 11:51:26.412,1,HOLD,TARGET,3030
NO_50_ORDER,PIN7,50123,2026-09-10 11:51:27.792,1,HOLD,TARGET,6182
NO_50_ORDER,EMA8,50127,2026-09-10 11:51:44.700,1,HOLD,TARGET,582
NO_50_ORDER,EMA24,50133,2026-09-10 11:52:44.916,1,HOLD,TARGET,846
NO_50_ORDER,EMA8,50153,2026-09-10 12:00:30.600,-1,HOLD,TARGET,2927
NO_50_ORDER,PIN7,50159,2026-09-10 12:03:06.548,-1,HOLD,TARGET,7692
NO_50_ORDER,EMA24,50166,2026-09-10 12:07:50.900,-1,HOLD,TARGET,1331
NO_50_ORDER,EMA8,50194,2026-09-10 12:19:04.476,-1,HOLD,TARGET,16306
NO_50_ORDER,EMA24,50198,2026-09-10 12:20:45.504,-1,HOLD,TARGET,885
NO_50_ORDER,EMA8,50231,2026-09-10 12:42:01.420,1,HOLD,TARGET,4920
NO_50_ORDER,PIN7,50252,2026-09-10 12:51:07.064,-1,HOLD,TARGET,10010
NO_50_ORDER,PIN7,51749,2026-09-11 06:32:14.340,1,HOLD,TARGET,1289
NO_50_ORDER,PIN7,51750,2026-09-11 06:32:17.144,1,HOLD,TARGET,104
NO_50_ORDER,PIN7,51769,2026-09-11 06:33:32.216,1,HOLD,TARGET,7178
NO_50_ORDER,EMA8,51771,2026-09-11 06:33:40.784,1,HOLD,TARGET,3125
NO_50_ORDER,PIN7,51774,2026-09-11 06:33:54.692,1,HOLD,TARGET,795
NO_50_ORDER,EMA8,51779,2026-09-11 06:34:07.060,1,HOLD,TARGET,5415
NO_50_ORDER,EMA8,51783,2026-09-11 06:34:39.740,1,HOLD,TARGET,123
NO_50_ORDER,EMA8,51794,2026-09-11 06:35:38.752,1,HOLD,STOP,20675
NO_50_ORDER,PIN_STRICT,51846,2026-09-11 06:40:26.424,-1,HOLD,TARGET,209
NO_50_ORDER,EMA8,51890,2026-09-11 06:42:18.132,-1,HOLD,NONE,21942
NO_50_ORDER,EMA24,52067,2026-09-11 07:00:05.908,1,HOLD,TARGET,2560
NO_50_ORDER,EMA8,52091,2026-09-11 07:02:35.032,-1,HOLD,STOP,6621
NO_50_ORDER,PIN7,52117,2026-09-11 07:06:04.188,-1,HOLD,TARGET,5920
NO_50_ORDER,EMA24,52124,2026-09-11 07:06:34.668,-1,HOLD,TARGET,3352
NO_50_ORDER,PIN7,52154,2026-09-11 07:10:11.840,1,HOLD,TARGET,5083
NO_50_ORDER,EMA8,52166,2026-09-11 07:12:04.140,-1,HOLD,TARGET,675
NO_50_ORDER,PIN7,52170,2026-09-11 07:12:35.096,-1,HOLD,STOP,8497
NO_50_ORDER,PIN7,52185,2026-09-11 07:14:52.576,-1,HOLD,TARGET,997
NO_50_ORDER,EMA8,52188,2026-09-11 07:15:14.528,-1,HOLD,TARGET,13011
NO_50_ORDER,EMA24,52194,2026-09-11 07:15:52.332,-1,HOLD,TARGET,2701
NO_50_ORDER,PIN7,52211,2026-09-11 07:18:44.148,1,HOLD,TARGET,782
NO_50_ORDER,EMA8,52224,2026-09-11 07:21:45.028,1,HOLD,TARGET,1613
NO_50_ORDER,PIN7,52255,2026-09-11 07:30:22.984,-1,HOLD,TARGET,323
NO_50_ORDER,EMA8,52268,2026-09-11 07:33:06.528,-1,HOLD,TARGET,988
NO_50_ORDER,PIN_STRICT,52278,2026-09-11 07:35:16.320,-1,HOLD,TARGET,10823
NO_50_ORDER,EMA8,52283,2026-09-11 07:35:54.928,-1,HOLD,TARGET,1949
NO_50_ORDER,EMA8,52286,2026-09-11 07:36:45.208,-1,HOLD,TARGET,3757
NO_50_ORDER,EMA8,52295,2026-09-11 07:38:23.652,-1,HOLD,TARGET,451
NO_50_ORDER,PIN7,52297,2026-09-11 07:38:35.752,-1,HOLD,TARGET,232
NO_50_ORDER,EMA24,52333,2026-09-11 07:46:07.640,-1,HOLD,TARGET,1677
NO_50_ORDER,EMA24,52422,2026-09-11 07:58:20.800,-1,HOLD,TARGET,8416
NO_50_ORDER,EMA8,52788,2026-09-11 11:21:27.724,-1,HOLD,STOP,31823
NO_50_ORDER,PIN7,52812,2026-09-11 11:45:57.820,-1,HOLD,STOP,6236
NO_50_ORDER,PIN7,52828,2026-09-11 12:09:52.700,-1,HOLD,TARGET,2499
NO_50_ORDER,PIN7,52850,2026-09-11 12:50:00.028,-1,HOLD,TARGET,1
NO_50_ORDER,EMA24,52861,2026-09-11 12:54:29.248,-1,HOLD,TARGET,3577
NO_50_ALL,EMA8,1025,2026-08-03 06:32:55.424,1,DEV,NONE,0
NO_50_ALL,EMA8,1027,2026-08-03 06:33:01.816,1,DEV,NONE,0
NO_50_ALL,EMA24,1029,2026-08-03 06:33:05.364,1,DEV,NONE,0
NO_50_ALL,EMA24,1031,2026-08-03 06:33:11.392,1,DEV,NONE,0
NO_50_ALL,PIN7,1035,2026-08-03 06:33:28.280,1,DEV,NONE,0
NO_50_ALL,PIN_STRICT,1047,2026-08-03 06:34:11.036,1,DEV,NONE,0
NO_50_ALL,EMA8,1051,2026-08-03 06:34:29.936,1,DEV,NONE,0
NO_50_ALL,PIN_STRICT,1069,2026-08-03 06:35:44.004,1,DEV,NONE,0
NO_50_ALL,EMA8,1072,2026-08-03 06:36:04.044,1,DEV,NONE,0
NO_50_ALL,PIN7,1081,2026-08-03 06:36:52.268,1,DEV,NONE,0
NO_50_ALL,PIN7,1116,2026-08-03 06:40:22.552,-1,DEV,NONE,0
NO_50_ALL,PIN7,1117,2026-08-03 06:40:28.284,-1,DEV,NONE,0
NO_50_ALL,PIN7,1176,2026-08-03 06:44:52.564,1,DEV,NONE,0
NO_50_ALL,EMA8,1319,2026-08-03 07:00:02.252,1,DEV,NONE,0
NO_50_ALL,PIN_STRICT,1351,2026-08-03 07:04:27.896,-1,DEV,NONE,0
NO_50_ALL,PIN7,1389,2026-08-03 07:10:26.840,1,DEV,NONE,0
NO_50_ALL,EMA8,1393,2026-08-03 07:10:53.264,1,DEV,NONE,0
NO_50_ALL,EMA8,1395,2026-08-03 07:11:24.544,1,DEV,NONE,0
NO_50_ALL,EMA8,1399,2026-08-03 07:12:51.456,1,DEV,NONE,0
NO_50_ALL,PIN7,1408,2026-08-03 07:15:07.836,1,DEV,NONE,0
NO_50_ALL,PIN7,1409,2026-08-03 07:15:32.676,1,DEV,NONE,0
NO_50_ALL,PIN7,1410,2026-08-03 07:16:00.104,1,DEV,NONE,0
NO_50_ALL,PIN_STRICT,1413,2026-08-03 07:16:53.480,1,DEV,NONE,0
NO_50_ALL,EMA8,1423,2026-08-03 07:21:11.684,1,DEV,NONE,0
NO_50_ALL,PIN7,1428,2026-08-03 07:23:56.052,1,DEV,NONE,0
NO_50_ALL,EMA8,1489,2026-08-03 07:58:58.816,1,DEV,NONE,0
NO_50_ALL,EMA8,1696,2026-08-03 11:01:38.916,1,DEV,NONE,0
NO_50_ALL,EMA8,1698,2026-08-03 11:03:05.052,1,DEV,NONE,0
NO_50_ALL,PIN7,1700,2026-08-03 11:04:03.352,1,DEV,NONE,0
NO_50_ALL,PIN_STRICT,1702,2026-08-03 11:05:08.452,1,DEV,NONE,0
NO_50_ALL,PIN7,1717,2026-08-03 11:17:18.116,1,DEV,NONE,0
NO_50_ALL,PIN7,1730,2026-08-03 11:28:06.472,-1,DEV,NONE,0
NO_50_ALL,PIN7,1731,2026-08-03 11:28:33.440,-1,DEV,NONE,0
NO_50_ALL,EMA8,1735,2026-08-03 11:30:17.568,-1,DEV,NONE,0
NO_50_ALL,EMA8,1739,2026-08-03 11:32:39.960,-1,DEV,NONE,0
NO_50_ALL,EMA24,1745,2026-08-03 11:36:25.532,-1,DEV,NONE,0
NO_50_ALL,EMA24,1759,2026-08-03 11:46:47.456,1,DEV,NONE,0
NO_50_ALL,EMA24,1761,2026-08-03 11:48:09.168,1,DEV,NONE,0
NO_50_ALL,EMA24,1773,2026-08-03 12:00:02.288,1,DEV,NONE,0
NO_50_ALL,PIN_STRICT,1777,2026-08-03 12:02:15.008,1,DEV,NONE,0
NO_50_ALL,PIN_STRICT,1778,2026-08-03 12:02:35.060,1,DEV,NONE,0
NO_50_ALL,PIN7,1802,2026-08-03 12:28:02.888,1,DEV,NONE,0
NO_50_ALL,PIN7,1821,2026-08-03 12:40:10.348,-1,DEV,NONE,0
NO_50_ALL,EMA8,1862,2026-08-03 12:55:03.820,-1,DEV,NONE,0
NO_50_ALL,EMA24,1870,2026-08-03 12:58:00.088,-1,DEV,NONE,0
NO_50_ALL,PIN7,2587,2026-08-04 06:32:26.700,1,DEV,TARGET,1
NO_50_ALL,PIN_STRICT,2600,2026-08-04 06:36:28.908,1,DEV,STOP,4062
NO_50_ALL,PIN7,2624,2026-08-04 06:41:15.464,1,DEV,STOP,6581
NO_50_ALL,EMA8,2711,2026-08-04 07:01:15.116,1,DEV,TARGET,1931
NO_50_ALL,PIN7,2713,2026-08-04 07:01:37.220,1,DEV,TARGET,3981
NO_50_ALL,PIN7,2715,2026-08-04 07:02:09.032,1,DEV,TARGET,3487
NO_50_ALL,PIN7,2716,2026-08-04 07:02:24.164,1,DEV,TARGET,1
NO_50_ALL,EMA8,2736,2026-08-04 07:05:50.564,1,DEV,TARGET,3070
NO_50_ALL,EMA8,2743,2026-08-04 07:08:25.252,1,DEV,TARGET,1994
NO_50_ALL,PIN7,2755,2026-08-04 07:14:56.764,1,DEV,TARGET,1923
NO_50_ALL,EMA8,2760,2026-08-04 07:16:44.524,1,DEV,TARGET,4342
NO_50_ALL,EMA8,2762,2026-08-04 07:17:18.796,1,DEV,TARGET,704
NO_50_ALL,EMA8,2771,2026-08-04 07:19:46.872,1,DEV,STOP,2844
NO_50_ALL,EMA24,2786,2026-08-04 07:22:37.292,-1,DEV,TARGET,1538
NO_50_ALL,EMA24,2796,2026-08-04 07:24:17.296,-1,DEV,TARGET,1180
NO_50_ALL,EMA24,2847,2026-08-04 07:37:29.576,1,DEV,TARGET,538
NO_50_ALL,PIN7,2890,2026-08-04 07:42:47.812,1,DEV,TARGET,6325
NO_50_ALL,PIN7,2891,2026-08-04 07:43:36.808,1,DEV,TARGET,1480
NO_50_ALL,PIN_STRICT,2894,2026-08-04 07:44:59.916,1,DEV,TARGET,32418
NO_50_ALL,EMA8,2897,2026-08-04 07:45:16.056,1,DEV,TARGET,17509
NO_50_ALL,EMA8,2904,2026-08-04 07:48:15.420,1,DEV,TARGET,3844
NO_50_ALL,EMA8,2926,2026-08-04 07:58:03.960,1,DEV,TARGET,1282
NO_50_ALL,PIN7,2928,2026-08-04 07:59:01.968,1,DEV,TARGET,1473
NO_50_ALL,PIN_STRICT,3281,2026-08-04 11:00:49.780,-1,DEV,STOP,4036
NO_50_ALL,PIN7,3302,2026-08-04 11:04:26.876,-1,DEV,TARGET,388
NO_50_ALL,PIN7,3304,2026-08-04 11:04:45.436,-1,DEV,STOP,3725
NO_50_ALL,EMA24,3329,2026-08-04 11:10:58.540,1,DEV,TARGET,16887
NO_50_ALL,PIN7,3391,2026-08-04 11:40:16.704,-1,DEV,TARGET,366
NO_50_ALL,PIN7,3401,2026-08-04 11:43:31.520,-1,DEV,STOP,4322
NO_50_ALL,EMA8,3417,2026-08-04 11:50:12.044,1,DEV,TARGET,1990
NO_50_ALL,EMA8,3420,2026-08-04 11:51:53.460,1,DEV,STOP,10253
NO_50_ALL,EMA24,3468,2026-08-04 12:13:40.804,1,DEV,TARGET,3690
NO_50_ALL,EMA24,3472,2026-08-04 12:16:19.744,1,DEV,TARGET,527
NO_50_ALL,PIN7,3487,2026-08-04 12:26:10.448,-1,DEV,TARGET,9754
NO_50_ALL,PIN7,3520,2026-08-04 12:38:19.804,1,DEV,TARGET,7084
NO_50_ALL,EMA8,3524,2026-08-04 12:40:15.916,1,DEV,TARGET,1862
NO_50_ALL,EMA8,3530,2026-08-04 12:43:46.932,1,DEV,TARGET,216
NO_50_ALL,PIN7,3560,2026-08-04 12:50:30.808,-1,DEV,TARGET,5782
NO_50_ALL,EMA8,3565,2026-08-04 12:51:50.464,-1,DEV,TARGET,4104
NO_50_ALL,EMA8,3567,2026-08-04 12:52:08.384,-1,DEV,TARGET,10323
NO_50_ALL,PIN7,3575,2026-08-04 12:54:08.616,-1,DEV,TARGET,1356
NO_50_ALL,PIN7,3576,2026-08-04 12:54:16.924,-1,DEV,TARGET,1648
NO_50_ALL,PIN_STRICT,3607,2026-08-04 12:59:25.016,1,DEV,STOP,1622
NO_50_ALL,PIN7,3616,2026-08-04 12:59:44.036,-1,DEV,TARGET,889
NO_50_ALL,PIN7,4490,2026-08-05 06:31:06.756,1,DEV,TARGET,2318
NO_50_ALL,PIN_STRICT,4540,2026-08-05 06:36:31.080,-1,DEV,TARGET,2014
NO_50_ALL,PIN_STRICT,4541,2026-08-05 06:36:35.616,-1,DEV,STOP,8175
NO_50_ALL,PIN_STRICT,4542,2026-08-05 06:36:37.384,-1,DEV,STOP,4437
NO_50_ALL,PIN_STRICT,4578,2026-08-05 06:39:52.952,1,DEV,TARGET,84
NO_50_ALL,PIN_STRICT,4581,2026-08-05 06:39:53.476,1,DEV,TARGET,1308
NO_50_ALL,PIN7,4618,2026-08-05 06:43:36.496,-1,DEV,TARGET,1035
NO_50_ALL,EMA24,4625,2026-08-05 06:44:06.224,-1,DEV,TARGET,365
NO_50_ALL,EMA24,4846,2026-08-05 07:01:03.532,-1,DEV,TARGET,2446
NO_50_ALL,EMA24,4850,2026-08-05 07:01:22.552,-1,DEV,TARGET,1687
NO_50_ALL,EMA8,4856,2026-08-05 07:01:46.872,-1,DEV,TARGET,3804
NO_50_ALL,EMA24,4886,2026-08-05 07:04:29.920,1,DEV,TARGET,6793
NO_50_ALL,PIN7,4895,2026-08-05 07:05:01.848,1,DEV,TARGET,4397
NO_50_ALL,PIN7,4899,2026-08-05 07:05:16.744,1,DEV,TARGET,3356
NO_50_ALL,EMA8,4909,2026-08-05 07:05:50.004,1,DEV,STOP,3206
NO_50_ALL,EMA24,4993,2026-08-05 07:15:05.100,1,DEV,TARGET,767
NO_50_ALL,PIN_STRICT,5030,2026-08-05 07:20:05.860,-1,DEV,TARGET,2147
NO_50_ALL,EMA8,5034,2026-08-05 07:20:20.652,-1,DEV,TARGET,8420
NO_50_ALL,EMA8,5036,2026-08-05 07:20:28.032,-1,DEV,TARGET,4079
NO_50_ALL,EMA8,5041,2026-08-05 07:21:06.552,-1,DEV,STOP,4222
NO_50_ALL,EMA8,5049,2026-08-05 07:22:10.876,-1,DEV,TARGET,560
NO_50_ALL,EMA8,5053,2026-08-05 07:22:26.564,-1,DEV,TARGET,1439
NO_50_ALL,EMA8,5057,2026-08-05 07:22:53.764,-1,DEV,TARGET,4044
NO_50_ALL,EMA8,5061,2026-08-05 07:23:12.508,-1,DEV,TARGET,2746
NO_50_ALL,PIN7,5066,2026-08-05 07:23:32.376,-1,DEV,STOP,7258
NO_50_ALL,PIN_STRICT,5078,2026-08-05 07:25:12.824,1,DEV,TARGET,1942
NO_50_ALL,PIN_STRICT,5081,2026-08-05 07:25:25.012,1,DEV,TARGET,1994
NO_50_ALL,PIN_STRICT,5082,2026-08-05 07:25:31.036,1,DEV,TARGET,790
NO_50_ALL,PIN_STRICT,5083,2026-08-05 07:25:33.744,1,DEV,TARGET,3043
NO_50_ALL,PIN_STRICT,5123,2026-08-05 07:29:53.036,-1,DEV,TARGET,1775
NO_50_ALL,PIN7,5129,2026-08-05 07:30:09.948,-1,DEV,TARGET,5136
NO_50_ALL,EMA8,5131,2026-08-05 07:30:19.320,-1,DEV,TARGET,437
NO_50_ALL,EMA24,5138,2026-08-05 07:31:06.088,-1,DEV,TARGET,219
NO_50_ALL,PIN7,5142,2026-08-05 07:31:25.308,-1,DEV,TARGET,1025
NO_50_ALL,EMA24,5149,2026-08-05 07:32:22.196,-1,DEV,TARGET,591
NO_50_ALL,PIN7,5188,2026-08-05 07:36:22.976,-1,DEV,TARGET,724
NO_50_ALL,EMA8,5203,2026-08-05 07:37:47.816,-1,DEV,TARGET,1617
NO_50_ALL,PIN7,5219,2026-08-05 07:40:03.340,-1,DEV,STOP,1869
NO_50_ALL,PIN_STRICT,5277,2026-08-05 07:46:42.004,1,DEV,STOP,7841
NO_50_ALL,EMA24,5286,2026-08-05 07:47:55.580,1,DEV,TARGET,25296
NO_50_ALL,EMA8,5300,2026-08-05 07:50:22.408,1,DEV,STOP,998
NO_50_ALL,PIN7,5306,2026-08-05 07:50:57.888,-1,DEV,TARGET,7374
NO_50_ALL,PIN_STRICT,5320,2026-08-05 07:52:31.212,-1,DEV,TARGET,11977
NO_50_ALL,PIN7,5367,2026-08-05 07:57:20.680,1,DEV,TARGET,910
NO_50_ALL,PIN7,6243,2026-08-05 11:03:24.612,1,DEV,TARGET,631
NO_50_ALL,PIN_STRICT,6295,2026-08-05 11:31:33.984,-1,DEV,TARGET,4073
NO_50_ALL,PIN7,6339,2026-08-05 11:57:17.108,-1,DEV,STOP,3236
NO_50_ALL,EMA8,6341,2026-08-05 11:57:43.964,-1,DEV,TARGET,5750
NO_50_ALL,EMA8,6404,2026-08-05 12:35:01.624,-1,DEV,TARGET,1503
NO_50_ALL,PIN7,6406,2026-08-05 12:36:12.052,-1,DEV,STOP,16190
NO_50_ALL,EMA8,6412,2026-08-05 12:38:50.600,-1,DEV,TARGET,1573
NO_50_ALL,EMA24,6416,2026-08-05 12:41:21.152,-1,DEV,STOP,12230
NO_50_ALL,PIN7,6461,2026-08-05 12:56:23.544,-1,DEV,TARGET,459
NO_50_ALL,PIN7,6470,2026-08-05 12:59:00.100,-1,DEV,TARGET,578
NO_50_ALL,PIN7,6471,2026-08-05 12:59:02.948,-1,DEV,TARGET,598
NO_50_ALL,PIN_STRICT,6484,2026-08-05 12:59:44.020,-1,DEV,TARGET,1
NO_50_ALL,PIN_STRICT,7379,2026-08-06 06:33:16.124,-1,DEV,STOP,3611
NO_50_ALL,EMA24,7387,2026-08-06 06:34:16.520,-1,DEV,TARGET,91
NO_50_ALL,EMA8,7401,2026-08-06 06:35:01.800,1,DEV,TARGET,241
NO_50_ALL,EMA8,7419,2026-08-06 06:36:00.160,1,DEV,TARGET,1022
NO_50_ALL,PIN7,7426,2026-08-06 06:36:26.952,1,DEV,TARGET,539
NO_50_ALL,PIN7,7451,2026-08-06 06:39:06.856,-1,DEV,TARGET,4408
NO_50_ALL,EMA8,7460,2026-08-06 06:39:35.764,-1,DEV,TARGET,3190
NO_50_ALL,PIN7,7475,2026-08-06 06:40:52.028,1,DEV,TARGET,5524
NO_50_ALL,EMA8,7493,2026-08-06 06:42:04.704,1,DEV,STOP,15812
NO_50_ALL,PIN7,7509,2026-08-06 06:43:23.676,1,DEV,TARGET,2368
NO_50_ALL,EMA8,7516,2026-08-06 06:43:52.588,1,DEV,TARGET,3511
NO_50_ALL,EMA24,7650,2026-08-06 07:00:18.188,1,DEV,TARGET,774
NO_50_ALL,EMA8,7709,2026-08-06 07:07:48.944,1,DEV,TARGET,14500
NO_50_ALL,EMA8,7711,2026-08-06 07:08:14.028,1,DEV,TARGET,7045
NO_50_ALL,EMA8,7713,2026-08-06 07:08:50.888,1,DEV,TARGET,1187
NO_50_ALL,EMA8,7723,2026-08-06 07:10:43.428,1,DEV,TARGET,4874
NO_50_ALL,EMA8,7727,2026-08-06 07:12:00.300,1,DEV,STOP,7349
NO_50_ALL,PIN7,7771,2026-08-06 07:23:56.276,-1,DEV,TARGET,662
NO_50_ALL,PIN7,7775,2026-08-06 07:25:12.248,-1,DEV,TARGET,163
NO_50_ALL,EMA8,7791,2026-08-06 07:26:31.688,-1,DEV,TARGET,1
NO_50_ALL,EMA8,7799,2026-08-06 07:27:14.708,-1,DEV,STOP,19763
NO_50_ALL,EMA8,7801,2026-08-06 07:27:17.480,-1,DEV,STOP,18332
NO_50_ALL,EMA8,7803,2026-08-06 07:27:27.176,-1,DEV,STOP,14902
NO_50_ALL,PIN7,7830,2026-08-06 07:30:32.168,1,DEV,STOP,4727
NO_50_ALL,EMA8,7832,2026-08-06 07:30:43.264,1,DEV,STOP,6105
NO_50_ALL,PIN7,7878,2026-08-06 07:37:23.404,-1,DEV,TARGET,19407
NO_50_ALL,PIN7,7879,2026-08-06 07:37:28.884,-1,DEV,TARGET,18771
NO_50_ALL,PIN7,7885,2026-08-06 07:38:59.048,-1,DEV,TARGET,9619
NO_50_ALL,PIN7,7911,2026-08-06 07:42:11.092,1,DEV,TARGET,8424
NO_50_ALL,EMA8,7931,2026-08-06 07:46:04.168,-1,DEV,TARGET,8994
NO_50_ALL,EMA8,7933,2026-08-06 07:46:41.772,-1,DEV,TARGET,1685
NO_50_ALL,EMA8,7936,2026-08-06 07:47:24.664,-1,DEV,TARGET,12801
NO_50_ALL,EMA8,7938,2026-08-06 07:48:13.348,-1,DEV,TARGET,1873
NO_50_ALL,PIN_STRICT,7968,2026-08-06 07:54:59.132,1,DEV,TARGET,13972
NO_50_ALL,EMA8,7973,2026-08-06 07:55:29.052,1,DEV,TARGET,6546
NO_50_ALL,EMA8,7975,2026-08-06 07:55:40.624,1,DEV,TARGET,3298
NO_50_ALL,PIN7,7978,2026-08-06 07:56:14.760,1,DEV,TARGET,7557
NO_50_ALL,EMA8,7980,2026-08-06 07:56:32.088,1,DEV,TARGET,2479
NO_50_ALL,EMA24,7994,2026-08-06 07:59:13.636,1,DEV,TARGET,877
NO_50_ALL,PIN7,8677,2026-08-06 11:05:36.956,1,DEV,STOP,16441
NO_50_ALL,EMA24,8684,2026-08-06 11:09:42.676,1,DEV,TARGET,1233
NO_50_ALL,PIN7,8701,2026-08-06 11:16:21.144,1,DEV,TARGET,2597
NO_50_ALL,PIN7,8702,2026-08-06 11:16:42.048,1,DEV,TARGET,1441
NO_50_ALL,EMA24,8716,2026-08-06 11:20:01.468,1,DEV,TARGET,4430
NO_50_ALL,PIN7,8737,2026-08-06 11:34:15.080,-1,DEV,TARGET,10718
NO_50_ALL,PIN7,8742,2026-08-06 11:38:20.884,-1,DEV,TARGET,2589
NO_50_ALL,EMA8,8782,2026-08-06 12:06:33.832,1,DEV,TARGET,5907
NO_50_ALL,PIN7,8788,2026-08-06 12:12:07.476,1,DEV,STOP,3018
NO_50_ALL,EMA8,8811,2026-08-06 12:25:50.168,-1,DEV,STOP,2165
NO_50_ALL,EMA24,8814,2026-08-06 12:26:17.040,-1,DEV,TARGET,807
NO_50_ALL,EMA8,8818,2026-08-06 12:27:38.708,-1,DEV,TARGET,9418
NO_50_ALL,PIN7,8842,2026-08-06 12:39:00.620,-1,DEV,TARGET,6349
NO_50_ALL,PIN7,8843,2026-08-06 12:40:00.680,-1,DEV,TARGET,6236
NO_50_ALL,PIN7,8844,2026-08-06 12:40:34.152,-1,DEV,TARGET,4212
NO_50_ALL,PIN7,8845,2026-08-06 12:41:21.528,-1,DEV,TARGET,1623
NO_50_ALL,PIN_STRICT,8847,2026-08-06 12:42:01.880,-1,DEV,TARGET,5327
NO_50_ALL,EMA24,8858,2026-08-06 12:46:17.460,-1,DEV,TARGET,201
NO_50_ALL,EMA8,8885,2026-08-06 12:51:52.356,-1,DEV,STOP,9941
NO_50_ALL,EMA8,8900,2026-08-06 12:54:06.224,1,DEV,TARGET,916
NO_50_ALL,EMA8,8906,2026-08-06 12:54:39.372,1,DEV,STOP,14004
NO_50_ALL,EMA8,8910,2026-08-06 12:55:00.280,1,DEV,TARGET,1925
NO_50_ALL,EMA8,9976,2026-08-07 06:32:21.132,1,DEV,STOP,9353
NO_50_ALL,PIN7,9986,2026-08-07 06:33:17.020,1,DEV,STOP,1334
NO_50_ALL,EMA8,10033,2026-08-07 06:36:39.064,-1,DEV,TARGET,930
NO_50_ALL,PIN7,10048,2026-08-07 06:38:05.836,1,DEV,TARGET,16160
NO_50_ALL,EMA8,10050,2026-08-07 06:38:22.504,1,DEV,TARGET,6605
NO_50_ALL,EMA24,10058,2026-08-07 06:39:17.644,1,DEV,TARGET,4551
NO_50_ALL,EMA8,10092,2026-08-07 06:41:51.860,1,DEV,STOP,1511
NO_50_ALL,PIN7,10114,2026-08-07 06:43:30.996,1,DEV,TARGET,4531
NO_50_ALL,PIN7,10115,2026-08-07 06:43:45.948,1,DEV,TARGET,1190
NO_50_ALL,PIN_STRICT,10119,2026-08-07 06:44:04.288,1,DEV,TARGET,16453
NO_50_ALL,EMA8,10122,2026-08-07 06:44:38.264,1,DEV,TARGET,2631
NO_50_ALL,PIN7,10304,2026-08-07 07:00:34.000,1,DEV,TARGET,404
NO_50_ALL,EMA24,10314,2026-08-07 07:01:12.332,1,DEV,STOP,9360
NO_50_ALL,PIN7,10350,2026-08-07 07:04:01.160,-1,DEV,TARGET,2767
NO_50_ALL,PIN7,10351,2026-08-07 07:04:07.676,-1,DEV,TARGET,172
NO_50_ALL,PIN7,10416,2026-08-07 07:09:46.176,-1,DEV,TARGET,1122
NO_50_ALL,EMA8,10421,2026-08-07 07:10:15.448,-1,DEV,TARGET,7812
NO_50_ALL,PIN7,10436,2026-08-07 07:11:37.476,-1,DEV,TARGET,4849
NO_50_ALL,PIN7,10437,2026-08-07 07:11:51.784,-1,DEV,TARGET,2124
NO_50_ALL,PIN_STRICT,10487,2026-08-07 07:17:08.388,1,DEV,TARGET,8998
NO_50_ALL,EMA8,10492,2026-08-07 07:17:33.552,1,DEV,TARGET,494
NO_50_ALL,EMA8,10499,2026-08-07 07:17:51.784,1,DEV,TARGET,21708
NO_50_ALL,EMA8,10506,2026-08-07 07:18:36.064,1,DEV,TARGET,2272
NO_50_ALL,PIN7,10508,2026-08-07 07:18:45.692,1,DEV,TARGET,2894
NO_50_ALL,EMA24,10533,2026-08-07 07:22:35.944,1,DEV,TARGET,12442
NO_50_ALL,PIN7,10542,2026-08-07 07:23:37.936,1,DEV,TARGET,2554
NO_50_ALL,PIN7,10544,2026-08-07 07:23:56.392,1,DEV,TARGET,520
NO_50_ALL,EMA8,10548,2026-08-07 07:24:15.416,1,DEV,TARGET,11815
NO_50_ALL,EMA8,10550,2026-08-07 07:24:30.576,1,DEV,TARGET,7955
NO_50_ALL,PIN_STRICT,10555,2026-08-07 07:25:38.068,1,DEV,TARGET,3925
NO_50_ALL,EMA8,10562,2026-08-07 07:27:00.716,1,DEV,TARGET,11723
NO_50_ALL,EMA8,10569,2026-08-07 07:28:15.872,1,DEV,TARGET,3968
NO_50_ALL,EMA8,10571,2026-08-07 07:28:27.940,1,DEV,TARGET,2729
NO_50_ALL,PIN7,10573,2026-08-07 07:28:43.944,1,DEV,TARGET,412
NO_50_ALL,EMA8,10578,2026-08-07 07:29:34.648,1,DEV,TARGET,2717
NO_50_ALL,EMA8,10581,2026-08-07 07:30:03.296,1,DEV,STOP,7206
NO_50_ALL,PIN7,10593,2026-08-07 07:31:38.268,-1,DEV,TARGET,533
NO_50_ALL,EMA24,10597,2026-08-07 07:32:01.048,-1,DEV,TARGET,12251
NO_50_ALL,EMA24,10609,2026-08-07 07:33:42.252,-1,DEV,TARGET,2655
NO_50_ALL,EMA8,10627,2026-08-07 07:36:09.288,-1,DEV,TARGET,242
NO_50_ALL,EMA8,10630,2026-08-07 07:36:18.460,-1,DEV,TARGET,8530
NO_50_ALL,PIN7,10642,2026-08-07 07:37:35.092,1,DEV,TARGET,14684
NO_50_ALL,EMA24,10668,2026-08-07 07:40:36.996,-1,DEV,TARGET,16255
NO_50_ALL,PIN7,10695,2026-08-07 07:43:47.252,-1,DEV,TARGET,13053
NO_50_ALL,EMA8,10714,2026-08-07 07:46:07.560,1,DEV,TARGET,6780
NO_50_ALL,EMA24,10718,2026-08-07 07:46:23.556,1,DEV,TARGET,1534
NO_50_ALL,PIN7,10787,2026-08-07 07:58:15.320,1,DEV,TARGET,4563
NO_50_ALL,EMA24,10795,2026-08-07 07:59:29.136,1,DEV,TARGET,2602
NO_50_ALL,PIN7,11239,2026-08-07 11:05:25.376,-1,DEV,TARGET,6218
NO_50_ALL,PIN7,11240,2026-08-07 11:06:26.044,-1,DEV,TARGET,14919
NO_50_ALL,PIN7,11250,2026-08-07 11:13:32.356,-1,DEV,TARGET,2641
NO_50_ALL,PIN7,11252,2026-08-07 11:14:36.620,-1,DEV,STOP,21261
NO_50_ALL,EMA8,11256,2026-08-07 11:17:21.284,-1,DEV,STOP,6702
NO_50_ALL,EMA24,11261,2026-08-07 11:20:49.996,-1,DEV,TARGET,4195
NO_50_ALL,PIN7,11274,2026-08-07 11:31:12.824,-1,DEV,STOP,9151
NO_50_ALL,PIN7,11317,2026-08-07 12:01:23.260,1,DEV,TARGET,321
NO_50_ALL,PIN_STRICT,11331,2026-08-07 12:07:24.296,1,DEV,TARGET,9545
NO_50_ALL,EMA8,11342,2026-08-07 12:13:23.056,1,DEV,TARGET,8947
NO_50_ALL,EMA8,11344,2026-08-07 12:15:08.788,1,DEV,TARGET,2351
NO_50_ALL,PIN7,11350,2026-08-07 12:16:59.584,1,DEV,TARGET,641
NO_50_ALL,EMA24,11396,2026-08-07 12:43:43.132,-1,DEV,TARGET,3804
NO_50_ALL,PIN7,11440,2026-08-07 12:58:59.036,1,DEV,TARGET,53
NO_50_ALL,EMA24,11995,2026-08-10 06:31:48.184,1,DEV,TARGET,786
NO_50_ALL,EMA8,11999,2026-08-10 06:32:38.048,1,DEV,TARGET,757
NO_50_ALL,EMA24,12030,2026-08-10 06:36:08.676,-1,DEV,STOP,2248
NO_50_ALL,PIN7,12056,2026-08-10 06:39:22.584,-1,DEV,STOP,7696
NO_50_ALL,PIN7,12220,2026-08-10 07:10:41.420,1,DEV,STOP,5194
NO_50_ALL,EMA24,12231,2026-08-10 07:18:36.816,1,DEV,TARGET,6069
NO_50_ALL,PIN_STRICT,12307,2026-08-10 07:53:35.932,-1,DEV,TARGET,464
NO_50_ALL,EMA24,12323,2026-08-10 07:56:57.028,-1,DEV,TARGET,1680
NO_50_ALL,EMA8,12326,2026-08-10 07:57:25.276,-1,DEV,TARGET,13612
NO_50_ALL,EMA8,12328,2026-08-10 07:58:32.656,-1,DEV,TARGET,7776
NO_50_ALL,EMA8,12741,2026-08-10 12:01:25.288,1,DEV,TARGET,3492
NO_50_ALL,EMA8,12747,2026-08-10 12:13:28.732,1,DEV,TARGET,8461
NO_50_ALL,EMA8,12749,2026-08-10 12:17:41.588,1,DEV,TARGET,876
NO_50_ALL,PIN7,12759,2026-08-10 12:30:16.480,-1,DEV,TARGET,7485
NO_50_ALL,PIN7,12760,2026-08-10 12:32:39.120,-1,DEV,STOP,14092
NO_50_ALL,PIN_STRICT,12782,2026-08-10 12:51:49.560,-1,DEV,TARGET,4788
NO_50_ALL,EMA24,12792,2026-08-10 12:55:05.104,-1,DEV,TARGET,230
NO_50_ALL,PIN7,12809,2026-08-10 12:59:50.552,1,DEV,TARGET,498
NO_50_ALL,EMA8,13319,2026-08-11 06:31:41.036,-1,DEV,TARGET,1222
NO_50_ALL,EMA8,13322,2026-08-11 06:31:59.108,-1,DEV,TARGET,5263
NO_50_ALL,EMA8,13324,2026-08-11 06:32:15.448,-1,DEV,TARGET,312
NO_50_ALL,EMA8,13329,2026-08-11 06:32:42.888,-1,DEV,TARGET,17500
NO_50_ALL,EMA8,13341,2026-08-11 06:35:10.428,-1,DEV,TARGET,3552
NO_50_ALL,PIN7,13344,2026-08-11 06:35:35.276,-1,DEV,TARGET,6481
NO_50_ALL,PIN7,13345,2026-08-11 06:35:49.752,-1,DEV,STOP,13478
NO_50_ALL,PIN7,13346,2026-08-11 06:36:02.564,-1,DEV,STOP,3493
NO_50_ALL,EMA24,13351,2026-08-11 06:36:56.020,-1,DEV,STOP,7798
NO_50_ALL,PIN7,13355,2026-08-11 06:37:32.920,1,DEV,STOP,6369
NO_50_ALL,PIN7,13379,2026-08-11 06:42:11.036,1,DEV,STOP,7057
NO_50_ALL,EMA24,13384,2026-08-11 06:42:56.928,1,DEV,TARGET,294
NO_50_ALL,PIN7,13389,2026-08-11 06:44:24.384,-1,DEV,STOP,2762
NO_50_ALL,PIN7,13554,2026-08-11 07:29:44.388,1,DEV,TARGET,1342
NO_50_ALL,EMA24,13576,2026-08-11 07:40:32.620,-1,DEV,STOP,9153
NO_50_ALL,PIN7,13902,2026-08-11 11:23:31.400,-1,DEV,TARGET,13480
NO_50_ALL,PIN_STRICT,13910,2026-08-11 11:29:04.884,-1,DEV,TARGET,4269
NO_50_ALL,PIN_STRICT,13916,2026-08-11 11:29:56.236,-1,DEV,STOP,4467
NO_50_ALL,PIN7,13941,2026-08-11 11:48:25.332,1,DEV,TARGET,2250
NO_50_ALL,EMA8,13949,2026-08-11 11:57:36.860,1,DEV,STOP,5131
NO_50_ALL,PIN7,13967,2026-08-11 12:13:17.960,1,DEV,TARGET,12117
NO_50_ALL,PIN7,13972,2026-08-11 12:23:11.516,1,DEV,TARGET,2186
NO_50_ALL,EMA8,13985,2026-08-11 12:36:35.848,1,DEV,TARGET,988
NO_50_ALL,PIN7,13987,2026-08-11 12:38:21.000,1,DEV,STOP,11710
NO_50_ALL,PIN7,14000,2026-08-11 12:48:44.936,-1,DEV,TARGET,4797
NO_50_ALL,PIN7,14005,2026-08-11 12:50:02.580,-1,DEV,TARGET,670
NO_50_ALL,EMA8,14018,2026-08-11 12:54:13.412,-1,DEV,STOP,1983
NO_50_ALL,PIN7,14043,2026-08-11 12:59:39.544,-1,DEV,STOP,2407
NO_50_ALL,PIN_STRICT,14765,2026-08-12 06:31:20.752,-1,DEV,TARGET,1978
NO_50_ALL,PIN_STRICT,14766,2026-08-12 06:31:26.692,-1,DEV,TARGET,2239
NO_50_ALL,EMA8,14782,2026-08-12 06:33:10.604,-1,DEV,STOP,9015
NO_50_ALL,EMA24,14787,2026-08-12 06:33:51.856,-1,DEV,TARGET,767
NO_50_ALL,PIN7,14814,2026-08-12 06:36:16.776,1,DEV,STOP,6948
NO_50_ALL,PIN7,14815,2026-08-12 06:36:30.096,1,DEV,STOP,2928
NO_50_ALL,PIN7,14831,2026-08-12 06:38:44.284,-1,DEV,TARGET,13008
NO_50_ALL,PIN7,14836,2026-08-12 06:40:03.360,-1,DEV,TARGET,1464
NO_50_ALL,PIN7,14975,2026-08-12 07:02:32.248,-1,DEV,TARGET,12093
NO_50_ALL,PIN7,15020,2026-08-12 07:16:09.928,1,DEV,TARGET,16477
NO_50_ALL,PIN7,15028,2026-08-12 07:18:18.288,1,DEV,TARGET,329
NO_50_ALL,EMA24,15041,2026-08-12 07:21:12.152,-1,DEV,STOP,10802
NO_50_ALL,EMA8,15094,2026-08-12 07:31:10.180,-1,DEV,TARGET,1
NO_50_ALL,EMA8,15096,2026-08-12 07:31:10.232,-1,DEV,TARGET,1
NO_50_ALL,EMA8,15098,2026-08-12 07:31:10.312,-1,DEV,TARGET,1
NO_50_ALL,PIN7,15125,2026-08-12 07:31:17.752,1,DEV,TARGET,1
NO_50_ALL,EMA24,15139,2026-08-12 07:31:20.008,1,DEV,TARGET,5135
NO_50_ALL,PIN7,15146,2026-08-12 07:31:46.028,1,DEV,STOP,8366
NO_50_ALL,EMA8,15148,2026-08-12 07:32:03.888,1,DEV,STOP,4136
NO_50_ALL,PIN7,15175,2026-08-12 07:37:31.176,1,DEV,TARGET,2954
NO_50_ALL,PIN7,15177,2026-08-12 07:38:09.784,1,DEV,STOP,9426
NO_50_ALL,EMA24,15182,2026-08-12 07:39:18.036,1,DEV,TARGET,5375
NO_50_ALL,EMA8,15196,2026-08-12 07:43:43.552,1,DEV,TARGET,673
NO_50_ALL,EMA24,15226,2026-08-12 07:53:06.900,-1,DEV,TARGET,381
NO_50_ALL,PIN_STRICT,15236,2026-08-12 07:55:56.424,-1,DEV,TARGET,45
NO_50_ALL,EMA24,15240,2026-08-12 07:56:17.312,-1,DEV,TARGET,765
NO_50_ALL,PIN7,15513,2026-08-12 11:36:03.720,1,DEV,TARGET,8273
NO_50_ALL,PIN7,15514,2026-08-12 11:40:25.116,1,DEV,TARGET,2264
NO_50_ALL,EMA8,15518,2026-08-12 11:48:22.108,1,DEV,TARGET,4075
NO_50_ALL,PIN7,15548,2026-08-12 12:42:11.932,-1,DEV,TARGET,895
NO_50_ALL,EMA24,15553,2026-08-12 12:45:32.068,-1,DEV,TARGET,1516
NO_50_ALL,PIN7,15567,2026-08-12 12:54:35.500,-1,DEV,TARGET,5064
NO_50_ALL,EMA8,15570,2026-08-12 12:54:50.036,-1,DEV,TARGET,1388
NO_50_ALL,PIN7,15573,2026-08-12 12:55:17.252,-1,DEV,STOP,12998
NO_50_ALL,EMA8,16016,2026-08-13 06:34:21.652,1,DEV,TARGET,1079
NO_50_ALL,PIN7,16026,2026-08-13 06:35:48.232,1,DEV,TARGET,6765
NO_50_ALL,PIN7,16030,2026-08-13 06:36:43.512,1,DEV,TARGET,2348
NO_50_ALL,EMA8,16037,2026-08-13 06:39:21.008,1,DEV,TARGET,1580
NO_50_ALL,PIN7,16040,2026-08-13 06:39:57.076,1,DEV,STOP,10757
NO_50_ALL,PIN_STRICT,16104,2026-08-13 07:01:09.296,1,DEV,TARGET,8785
NO_50_ALL,EMA8,16111,2026-08-13 07:04:44.408,1,DEV,TARGET,1305
NO_50_ALL,EMA24,16122,2026-08-13 07:08:55.156,1,DEV,TARGET,841
NO_50_ALL,PIN7,16127,2026-08-13 07:12:43.788,1,DEV,STOP,19609
NO_50_ALL,EMA8,16132,2026-08-13 07:15:52.120,1,DEV,STOP,3444
NO_50_ALL,EMA8,16156,2026-08-13 07:25:26.124,1,DEV,TARGET,16100
NO_50_ALL,EMA8,16159,2026-08-13 07:27:01.668,1,DEV,TARGET,8148
NO_50_ALL,EMA8,16173,2026-08-13 07:35:26.280,1,DEV,TARGET,533
NO_50_ALL,PIN_STRICT,16192,2026-08-13 07:46:01.700,-1,DEV,TARGET,15536
NO_50_ALL,EMA8,16195,2026-08-13 07:47:27.768,-1,DEV,TARGET,290
NO_50_ALL,PIN_STRICT,16200,2026-08-13 07:49:10.108,-1,DEV,TARGET,152
NO_50_ALL,PIN_STRICT,16202,2026-08-13 07:49:21.080,-1,DEV,STOP,8040
NO_50_ALL,EMA8,16206,2026-08-13 07:50:03.240,-1,DEV,STOP,4209
NO_50_ALL,PIN7,16549,2026-08-13 11:35:43.984,1,DEV,TARGET,7208
NO_50_ALL,PIN_STRICT,16551,2026-08-13 11:41:33.092,1,DEV,TARGET,545
NO_50_ALL,PIN7,16556,2026-08-13 11:50:33.608,1,DEV,TARGET,7595
NO_50_ALL,EMA8,16561,2026-08-13 12:00:25.748,1,DEV,TARGET,3307
NO_50_ALL,EMA8,16564,2026-08-13 12:05:25.360,1,DEV,TARGET,853
NO_50_ALL,PIN7,16567,2026-08-13 12:07:08.992,1,DEV,TARGET,3566
NO_50_ALL,PIN7,16568,2026-08-13 12:08:40.384,1,DEV,TARGET,2173
NO_50_ALL,EMA24,16577,2026-08-13 12:17:46.332,1,DEV,TARGET,2590
NO_50_ALL,PIN7,16581,2026-08-13 12:22:47.596,1,DEV,STOP,7723
NO_50_ALL,PIN7,16582,2026-08-13 12:25:08.080,1,DEV,STOP,2208
NO_50_ALL,EMA24,16585,2026-08-13 12:27:53.456,1,DEV,TARGET,8599
NO_50_ALL,PIN7,16609,2026-08-13 12:51:07.016,-1,DEV,STOP,10695
NO_50_ALL,EMA24,16615,2026-08-13 12:54:40.028,-1,DEV,TARGET,2127
NO_50_ALL,PIN7,16624,2026-08-13 12:59:10.604,1,DEV,TARGET,1550
NO_50_ALL,EMA8,16885,2026-08-14 06:31:24.252,-1,DEV,TARGET,3145
NO_50_ALL,EMA24,16914,2026-08-14 06:40:04.108,-1,DEV,STOP,18855
NO_50_ALL,PIN_STRICT,16923,2026-08-14 06:44:15.204,1,DEV,TARGET,9815
NO_50_ALL,EMA8,16999,2026-08-14 07:09:12.716,1,DEV,STOP,14110
NO_50_ALL,EMA24,17002,2026-08-14 07:10:06.516,1,DEV,STOP,9982
NO_50_ALL,PIN7,17014,2026-08-14 07:15:27.364,-1,DEV,TARGET,7053
NO_50_ALL,EMA8,17041,2026-08-14 07:23:01.072,-1,DEV,TARGET,17800
NO_50_ALL,EMA8,17046,2026-08-14 07:24:38.732,-1,DEV,TARGET,16116
NO_50_ALL,EMA8,17053,2026-08-14 07:26:40.256,-1,DEV,TARGET,1983
NO_50_ALL,EMA8,17055,2026-08-14 07:27:23.612,-1,DEV,TARGET,7941
NO_50_ALL,EMA24,17063,2026-08-14 07:30:14.040,-1,DEV,TARGET,1061
NO_50_ALL,PIN7,17066,2026-08-14 07:30:44.692,-1,DEV,TARGET,3558
NO_50_ALL,PIN7,17067,2026-08-14 07:30:57.944,-1,DEV,TARGET,1684
NO_50_ALL,EMA8,17069,2026-08-14 07:31:38.368,-1,DEV,TARGET,8782
NO_50_ALL,EMA8,17071,2026-08-14 07:32:19.432,-1,DEV,TARGET,3073
NO_50_ALL,EMA8,17075,2026-08-14 07:33:20.016,-1,DEV,STOP,24851
NO_50_ALL,EMA8,17078,2026-08-14 07:34:58.808,-1,DEV,STOP,11969
NO_50_ALL,EMA8,17324,2026-08-14 11:08:08.760,1,DEV,TARGET,1399
NO_50_ALL,PIN7,17326,2026-08-14 11:10:46.004,1,DEV,TARGET,4671
NO_50_ALL,PIN7,17344,2026-08-14 11:43:01.040,1,DEV,TARGET,10538
NO_50_ALL,PIN7,17728,2026-08-17 06:32:50.512,-1,DEV,TARGET,4387
NO_50_ALL,PIN7,17729,2026-08-17 06:33:01.284,-1,DEV,STOP,9892
NO_50_ALL,PIN7,17735,2026-08-17 06:34:11.060,-1,DEV,TARGET,5031
NO_50_ALL,EMA24,17748,2026-08-17 06:36:21.240,-1,DEV,TARGET,15198
NO_50_ALL,EMA24,17750,2026-08-17 06:37:30.608,-1,DEV,TARGET,3343
NO_50_ALL,EMA8,17823,2026-08-17 07:00:14.276,-1,DEV,TARGET,938
NO_50_ALL,PIN7,17840,2026-08-17 07:03:12.332,-1,DEV,STOP,4568
NO_50_ALL,PIN7,17881,2026-08-17 07:22:17.260,-1,DEV,NONE,36712
NO_50_ALL,EMA24,17888,2026-08-17 07:25:27.404,-1,DEV,TARGET,3895
NO_50_ALL,EMA24,17892,2026-08-17 07:27:37.872,-1,DEV,TARGET,5867
NO_50_ALL,PIN7,17897,2026-08-17 07:30:35.156,1,DEV,TARGET,7630
NO_50_ALL,PIN7,17908,2026-08-17 07:37:05.388,-1,DEV,TARGET,2588
NO_50_ALL,PIN7,17910,2026-08-17 07:38:39.176,-1,DEV,STOP,14503
NO_50_ALL,PIN7,18181,2026-08-17 12:32:01.096,-1,DEV,TARGET,4021
NO_50_ALL,PIN7,18182,2026-08-17 12:32:50.860,-1,DEV,TARGET,604
NO_50_ALL,EMA24,18190,2026-08-17 12:40:13.856,-1,DEV,TARGET,3204
NO_50_ALL,PIN7,18197,2026-08-17 12:50:00.012,1,DEV,STOP,5407
NO_50_ALL,PIN7,18202,2026-08-17 12:52:51.016,-1,DEV,TARGET,1739
NO_50_ALL,EMA8,18978,2026-08-18 06:31:32.724,1,DEV,TARGET,414
NO_50_ALL,PIN7,18999,2026-08-18 06:32:39.376,-1,DEV,TARGET,5726
NO_50_ALL,PIN7,19003,2026-08-18 06:33:04.772,-1,DEV,TARGET,5989
NO_50_ALL,PIN7,19011,2026-08-18 06:33:28.284,-1,DEV,STOP,6385
NO_50_ALL,EMA8,19013,2026-08-18 06:33:37.880,-1,DEV,TARGET,9022
NO_50_ALL,EMA8,19017,2026-08-18 06:33:58.012,-1,DEV,TARGET,1652
NO_50_ALL,EMA24,19023,2026-08-18 06:34:25.540,-1,DEV,STOP,9457
NO_50_ALL,PIN_STRICT,19038,2026-08-18 06:35:29.784,1,DEV,TARGET,1413
NO_50_ALL,EMA24,19088,2026-08-18 06:39:35.528,1,DEV,TARGET,689
NO_50_ALL,EMA8,19100,2026-08-18 06:40:57.548,1,DEV,TARGET,10555
NO_50_ALL,PIN7,19249,2026-08-18 07:02:14.260,1,DEV,TARGET,865
NO_50_ALL,PIN7,19251,2026-08-18 07:02:20.880,1,DEV,TARGET,1979
NO_50_ALL,PIN7,19280,2026-08-18 07:07:45.552,1,DEV,TARGET,142
NO_50_ALL,PIN_STRICT,19282,2026-08-18 07:07:52.256,1,DEV,STOP,2125
NO_50_ALL,EMA24,19286,2026-08-18 07:08:55.048,1,DEV,STOP,6918
NO_50_ALL,PIN_STRICT,19302,2026-08-18 07:11:35.256,-1,DEV,TARGET,3731
NO_50_ALL,EMA8,19308,2026-08-18 07:12:24.392,-1,DEV,STOP,3780
NO_50_ALL,EMA24,19318,2026-08-18 07:14:11.564,-1,DEV,STOP,8433
NO_50_ALL,PIN7,19330,2026-08-18 07:15:55.088,1,DEV,TARGET,3339
NO_50_ALL,EMA8,19335,2026-08-18 07:16:40.876,1,DEV,TARGET,4142
NO_50_ALL,PIN7,19348,2026-08-18 07:18:37.696,1,DEV,TARGET,1155
NO_50_ALL,PIN7,19349,2026-08-18 07:18:42.392,1,DEV,TARGET,2927
NO_50_ALL,PIN7,19364,2026-08-18 07:21:59.100,-1,DEV,STOP,18202
NO_50_ALL,EMA24,19369,2026-08-18 07:23:28.236,-1,DEV,STOP,9254
NO_50_ALL,EMA8,19380,2026-08-18 07:25:00.228,1,DEV,TARGET,7825
NO_50_ALL,EMA8,19382,2026-08-18 07:25:15.764,1,DEV,TARGET,4025
NO_50_ALL,EMA24,19389,2026-08-18 07:26:38.012,1,DEV,TARGET,516
NO_50_ALL,EMA24,19416,2026-08-18 07:31:38.556,1,DEV,TARGET,9399
NO_50_ALL,PIN7,19499,2026-08-18 07:53:22.356,-1,DEV,TARGET,115
NO_50_ALL,PIN7,19501,2026-08-18 07:53:24.428,-1,DEV,TARGET,1
NO_50_ALL,EMA8,19510,2026-08-18 07:54:06.944,-1,DEV,TARGET,6117
NO_50_ALL,EMA24,19524,2026-08-18 07:57:23.440,-1,DEV,TARGET,951
NO_50_ALL,EMA8,19832,2026-08-18 11:05:24.816,-1,DEV,TARGET,1981
NO_50_ALL,EMA24,19859,2026-08-18 11:27:51.988,1,DEV,TARGET,2378
NO_50_ALL,PIN7,19877,2026-08-18 11:52:25.012,-1,DEV,TARGET,3835
NO_50_ALL,PIN7,19878,2026-08-18 11:54:47.008,-1,DEV,TARGET,1255
NO_50_ALL,PIN7,19883,2026-08-18 12:00:01.880,-1,DEV,STOP,20392
NO_50_ALL,EMA8,19929,2026-08-18 12:56:14.180,-1,DEV,TARGET,5008
NO_50_ALL,EMA8,19931,2026-08-18 12:57:11.036,-1,DEV,TARGET,5105
NO_50_ALL,EMA8,20747,2026-08-19 06:33:40.184,-1,DEV,TARGET,1681
NO_50_ALL,EMA8,20805,2026-08-19 06:40:27.852,-1,DEV,TARGET,570
NO_50_ALL,EMA8,20808,2026-08-19 06:40:56.512,-1,DEV,STOP,3820
NO_50_ALL,EMA24,20812,2026-08-19 06:41:19.264,-1,DEV,TARGET,10946
NO_50_ALL,PIN_STRICT,20827,2026-08-19 06:43:18.204,1,DEV,TARGET,2801
NO_50_ALL,EMA8,20836,2026-08-19 06:44:39.044,1,DEV,TARGET,10707
NO_50_ALL,EMA24,21025,2026-08-19 07:01:37.320,-1,DEV,STOP,2691
NO_50_ALL,PIN7,21042,2026-08-19 07:03:58.088,-1,DEV,STOP,5948
NO_50_ALL,PIN7,21055,2026-08-19 07:05:24.356,1,DEV,STOP,20836
NO_50_ALL,PIN7,21095,2026-08-19 07:11:11.092,-1,DEV,TARGET,4046
NO_50_ALL,PIN_STRICT,21096,2026-08-19 07:11:29.300,-1,DEV,TARGET,2562
NO_50_ALL,PIN_STRICT,21097,2026-08-19 07:11:34.792,-1,DEV,TARGET,7920
NO_50_ALL,PIN_STRICT,21098,2026-08-19 07:11:53.988,-1,DEV,STOP,17144
NO_50_ALL,PIN7,21099,2026-08-19 07:12:07.208,-1,DEV,STOP,13105
NO_50_ALL,EMA8,21101,2026-08-19 07:12:18.104,-1,DEV,TARGET,1959
NO_50_ALL,EMA8,21103,2026-08-19 07:12:23.824,-1,DEV,TARGET,714
NO_50_ALL,EMA8,21143,2026-08-19 07:17:23.944,1,DEV,TARGET,9932
NO_50_ALL,EMA24,21161,2026-08-19 07:19:44.832,1,DEV,STOP,6790
NO_50_ALL,EMA8,21177,2026-08-19 07:22:10.336,-1,DEV,TARGET,1115
NO_50_ALL,EMA24,21182,2026-08-19 07:22:43.876,-1,DEV,TARGET,892
NO_50_ALL,EMA24,21206,2026-08-19 07:26:29.780,-1,DEV,TARGET,2728
NO_50_ALL,EMA8,21225,2026-08-19 07:30:24.964,1,DEV,TARGET,1020
NO_50_ALL,EMA8,21228,2026-08-19 07:30:58.048,1,DEV,TARGET,1251
NO_50_ALL,EMA8,21232,2026-08-19 07:31:33.448,1,DEV,TARGET,1838
NO_50_ALL,EMA8,21237,2026-08-19 07:32:54.000,1,DEV,TARGET,5273
NO_50_ALL,EMA8,21239,2026-08-19 07:33:26.236,1,DEV,TARGET,2709
NO_50_ALL,EMA24,21245,2026-08-19 07:34:57.468,1,DEV,TARGET,4205
NO_50_ALL,EMA8,21252,2026-08-19 07:36:54.752,1,DEV,TARGET,2394
NO_50_ALL,PIN_STRICT,21255,2026-08-19 07:37:32.544,1,DEV,TARGET,3900
NO_50_ALL,PIN7,21256,2026-08-19 07:38:00.032,1,DEV,TARGET,627
NO_50_ALL,EMA8,21274,2026-08-19 07:43:46.760,1,DEV,TARGET,15899
NO_50_ALL,PIN7,21289,2026-08-19 07:49:43.932,-1,DEV,STOP,13113
NO_50_ALL,PIN7,21308,2026-08-19 07:56:09.676,1,DEV,TARGET,501
NO_50_ALL,PIN7,21309,2026-08-19 07:56:12.928,1,DEV,TARGET,1072
NO_50_ALL,PIN_STRICT,21311,2026-08-19 07:56:46.280,1,DEV,TARGET,12773
NO_50_ALL,PIN7,21700,2026-08-19 11:01:15.076,1,DEV,TARGET,298
NO_50_ALL,EMA24,21716,2026-08-19 11:05:12.540,1,DEV,TARGET,696
NO_50_ALL,PIN7,21721,2026-08-19 11:06:13.960,-1,DEV,TARGET,4380
NO_50_ALL,PIN7,21722,2026-08-19 11:06:22.032,-1,DEV,TARGET,4228
NO_50_ALL,PIN7,21734,2026-08-19 11:08:32.724,-1,DEV,STOP,21822
NO_50_ALL,EMA8,21737,2026-08-19 11:09:12.024,-1,DEV,TARGET,1078
NO_50_ALL,EMA8,21739,2026-08-19 11:09:47.120,-1,DEV,STOP,12004
NO_50_ALL,EMA8,21741,2026-08-19 11:10:30.596,-1,DEV,STOP,6456
NO_50_ALL,EMA8,21743,2026-08-19 11:11:16.744,-1,DEV,STOP,2320
NO_50_ALL,PIN7,21749,2026-08-19 11:13:10.408,1,DEV,TARGET,637
NO_50_ALL,EMA8,21791,2026-08-19 11:34:12.500,1,DEV,TARGET,1195
NO_50_ALL,EMA8,21795,2026-08-19 11:35:52.824,1,DEV,TARGET,25390
NO_50_ALL,PIN7,21837,2026-08-19 12:09:37.936,1,DEV,STOP,16169
NO_50_ALL,PIN_STRICT,21876,2026-08-19 12:37:51.480,-1,DEV,TARGET,10084
NO_50_ALL,EMA8,21882,2026-08-19 12:40:34.820,-1,DEV,TARGET,1943
NO_50_ALL,EMA8,21893,2026-08-19 12:45:43.884,-1,DEV,TARGET,1092
NO_50_ALL,EMA24,21905,2026-08-19 12:48:30.592,-1,DEV,TARGET,813
NO_50_ALL,EMA8,21908,2026-08-19 12:50:00.024,-1,DEV,TARGET,1898
NO_50_ALL,EMA8,21920,2026-08-19 12:52:00.224,-1,DEV,TARGET,1351
NO_50_ALL,PIN7,21947,2026-08-19 12:59:26.128,1,DEV,STOP,3395
NO_50_ALL,PIN7,21958,2026-08-19 12:59:57.512,1,DEV,TARGET,3518
NO_50_ALL,PIN7,22989,2026-08-20 06:31:16.112,1,DEV,TARGET,201
NO_50_ALL,EMA24,23000,2026-08-20 06:32:55.440,1,DEV,TARGET,272
NO_50_ALL,EMA8,23015,2026-08-20 06:34:23.120,1,DEV,TARGET,3440
NO_50_ALL,EMA8,23017,2026-08-20 06:34:37.024,1,DEV,TARGET,60
NO_50_ALL,EMA24,23024,2026-08-20 06:35:15.608,1,DEV,TARGET,1
NO_50_ALL,PIN7,23033,2026-08-20 06:35:29.792,1,DEV,TARGET,623
NO_50_ALL,PIN7,23061,2026-08-20 06:39:36.900,1,DEV,STOP,7626
NO_50_ALL,PIN7,23068,2026-08-20 06:40:13.140,-1,DEV,TARGET,1075
NO_50_ALL,EMA24,23079,2026-08-20 06:41:02.996,-1,DEV,STOP,2372
NO_50_ALL,PIN7,23086,2026-08-20 06:41:21.300,1,DEV,TARGET,22421
NO_50_ALL,EMA8,23096,2026-08-20 06:43:25.136,1,DEV,TARGET,6850
NO_50_ALL,EMA8,23098,2026-08-20 06:43:43.292,1,DEV,TARGET,900
NO_50_ALL,PIN7,23100,2026-08-20 06:44:03.852,1,DEV,STOP,9021
NO_50_ALL,EMA8,23102,2026-08-20 06:44:19.000,1,DEV,STOP,5380
NO_50_ALL,EMA24,23266,2026-08-20 07:03:58.616,-1,DEV,TARGET,680
NO_50_ALL,PIN7,23275,2026-08-20 07:05:05.376,-1,DEV,TARGET,440
NO_50_ALL,EMA24,23294,2026-08-20 07:07:07.264,1,DEV,TARGET,751
NO_50_ALL,PIN7,23305,2026-08-20 07:08:35.256,-1,DEV,STOP,2347
NO_50_ALL,PIN7,23313,2026-08-20 07:09:49.076,1,DEV,TARGET,640
NO_50_ALL,PIN7,23314,2026-08-20 07:09:51.876,1,DEV,TARGET,5765
NO_50_ALL,PIN7,23315,2026-08-20 07:09:58.196,1,DEV,STOP,15776
NO_50_ALL,PIN7,23316,2026-08-20 07:10:07.588,1,DEV,STOP,11759
NO_50_ALL,EMA8,23318,2026-08-20 07:10:28.672,1,DEV,STOP,5286
NO_50_ALL,EMA8,23366,2026-08-20 07:18:03.704,-1,DEV,STOP,10586
NO_50_ALL,EMA8,23398,2026-08-20 07:21:36.476,1,DEV,STOP,5948
NO_50_ALL,PIN_STRICT,23410,2026-08-20 07:22:59.736,1,DEV,TARGET,10082
NO_50_ALL,PIN7,23416,2026-08-20 07:23:44.936,1,DEV,TARGET,2999
NO_50_ALL,EMA8,23424,2026-08-20 07:24:51.928,1,DEV,STOP,6925
NO_50_ALL,EMA24,23430,2026-08-20 07:25:28.572,1,DEV,TARGET,450
NO_50_ALL,EMA8,23447,2026-08-20 07:28:04.032,-1,DEV,STOP,6004
NO_50_ALL,PIN7,23456,2026-08-20 07:29:16.044,-1,DEV,STOP,5974
NO_50_ALL,EMA24,23460,2026-08-20 07:30:00.072,-1,DEV,TARGET,3586
NO_50_ALL,EMA24,23477,2026-08-20 07:31:58.272,1,DEV,TARGET,958
NO_50_ALL,PIN7,23488,2026-08-20 07:33:32.992,1,DEV,TARGET,2826
NO_50_ALL,PIN7,23489,2026-08-20 07:33:41.024,1,DEV,TARGET,5336
NO_50_ALL,PIN7,23490,2026-08-20 07:34:10.376,1,DEV,TARGET,163
NO_50_ALL,PIN7,23517,2026-08-20 07:37:35.788,1,DEV,STOP,7542
NO_50_ALL,EMA8,23552,2026-08-20 07:45:26.396,1,DEV,TARGET,1202
NO_50_ALL,EMA8,23574,2026-08-20 07:50:53.516,-1,DEV,STOP,21601
NO_50_ALL,EMA8,23602,2026-08-20 07:57:00.696,-1,DEV,TARGET,4732
NO_50_ALL,PIN_STRICT,24135,2026-08-20 11:02:51.420,-1,DEV,TARGET,706
NO_50_ALL,EMA8,24151,2026-08-20 11:10:09.464,-1,DEV,TARGET,1979
NO_50_ALL,EMA8,24161,2026-08-20 11:14:29.476,-1,DEV,TARGET,3794
NO_50_ALL,PIN_STRICT,24166,2026-08-20 11:16:50.604,-1,DEV,STOP,6072
NO_50_ALL,PIN7,24251,2026-08-20 12:20:26.560,-1,DEV,STOP,8539
NO_50_ALL,EMA24,24270,2026-08-20 12:36:16.180,-1,DEV,STOP,2190
NO_50_ALL,PIN7,24280,2026-08-20 12:43:56.612,-1,DEV,TARGET,785
NO_50_ALL,EMA8,24322,2026-08-20 12:55:25.872,-1,DEV,TARGET,938
NO_50_ALL,EMA8,24330,2026-08-20 12:57:06.812,-1,DEV,TARGET,1879
NO_50_ALL,PIN7,24332,2026-08-20 12:57:26.816,-1,DEV,STOP,9533
NO_50_ALL,EMA8,24334,2026-08-20 12:58:06.760,-1,DEV,STOP,5907
NO_50_ALL,EMA24,24339,2026-08-20 12:59:00.448,-1,DEV,STOP,7709
NO_50_ALL,EMA8,24353,2026-08-20 12:59:53.388,-1,DEV,STOP,4868
NO_50_ALL,EMA24,24355,2026-08-20 12:59:55.408,-1,DEV,STOP,3159
NO_50_ALL,EMA24,25008,2026-08-21 06:31:49.388,-1,DEV,TARGET,1415
NO_50_ALL,EMA8,25038,2026-08-21 06:35:35.072,-1,DEV,TARGET,1
NO_50_ALL,PIN7,25088,2026-08-21 06:43:39.956,-1,DEV,STOP,4020
NO_50_ALL,EMA24,25091,2026-08-21 06:44:19.232,-1,DEV,STOP,1380
NO_50_ALL,PIN7,25195,2026-08-21 07:04:44.068,1,DEV,TARGET,3938
NO_50_ALL,PIN_STRICT,25200,2026-08-21 07:05:52.364,1,DEV,TARGET,8000
NO_50_ALL,EMA24,25213,2026-08-21 07:10:05.708,1,DEV,TARGET,6229
NO_50_ALL,PIN7,25226,2026-08-21 07:13:16.284,-1,DEV,TARGET,1221
NO_50_ALL,PIN7,25227,2026-08-21 07:13:21.668,-1,DEV,TARGET,3624
NO_50_ALL,PIN7,25228,2026-08-21 07:13:31.796,-1,DEV,TARGET,6561
NO_50_ALL,EMA8,25234,2026-08-21 07:14:36.880,-1,DEV,STOP,11100
NO_50_ALL,EMA8,25236,2026-08-21 07:15:10.136,-1,DEV,STOP,22969
NO_50_ALL,EMA24,25268,2026-08-21 07:23:40.300,1,DEV,TARGET,1119
NO_50_ALL,PIN7,25306,2026-08-21 07:35:51.960,-1,DEV,TARGET,1426
NO_50_ALL,EMA8,25311,2026-08-21 07:36:54.256,-1,DEV,TARGET,515
NO_50_ALL,EMA24,25334,2026-08-21 07:45:04.640,1,DEV,TARGET,10208
NO_50_ALL,EMA8,25354,2026-08-21 07:51:14.888,1,DEV,TARGET,11427
NO_50_ALL,EMA8,25356,2026-08-21 07:51:57.240,1,DEV,TARGET,5951
NO_50_ALL,EMA24,25366,2026-08-21 07:54:53.580,1,DEV,TARGET,5676
NO_50_ALL,EMA24,25689,2026-08-21 11:01:57.436,-1,DEV,STOP,4110
NO_50_ALL,EMA24,25700,2026-08-21 11:13:49.524,-1,DEV,TARGET,23522
NO_50_ALL,PIN7,25710,2026-08-21 11:30:21.212,-1,DEV,TARGET,1054
NO_50_ALL,PIN7,25712,2026-08-21 11:33:05.704,-1,DEV,STOP,9153
NO_50_ALL,EMA24,25743,2026-08-21 12:13:31.520,1,DEV,TARGET,11527
NO_50_ALL,PIN7,25770,2026-08-21 12:45:08.000,1,DEV,TARGET,7741
NO_50_ALL,PIN7,25776,2026-08-21 12:49:23.516,1,DEV,STOP,2275
NO_50_ALL,PIN7,25788,2026-08-21 12:52:45.584,-1,DEV,TARGET,528
NO_50_ALL,PIN7,25808,2026-08-21 12:59:40.164,-1,DEV,TARGET,20
NO_50_ALL,PIN_STRICT,26823,2026-08-24 06:31:01.644,-1,HOLD,TARGET,1
NO_50_ALL,EMA24,26832,2026-08-24 06:31:30.156,-1,HOLD,STOP,3555
NO_50_ALL,EMA8,26853,2026-08-24 06:33:54.080,-1,HOLD,TARGET,16426
NO_50_ALL,PIN7,26860,2026-08-24 06:35:10.788,-1,HOLD,STOP,5177
NO_50_ALL,PIN_STRICT,26884,2026-08-24 06:38:26.960,-1,HOLD,STOP,4535
NO_50_ALL,PIN_STRICT,26885,2026-08-24 06:38:27.664,-1,HOLD,STOP,1745
NO_50_ALL,EMA8,26891,2026-08-24 06:39:00.164,-1,HOLD,STOP,20324
NO_50_ALL,PIN7,26908,2026-08-24 06:41:00.104,1,HOLD,TARGET,5409
NO_50_ALL,PIN7,26909,2026-08-24 06:41:05.988,1,HOLD,TARGET,3594
NO_50_ALL,PIN7,26910,2026-08-24 06:41:17.060,1,HOLD,STOP,4044
NO_50_ALL,PIN_STRICT,26923,2026-08-24 06:42:49.544,-1,HOLD,TARGET,3594
NO_50_ALL,EMA8,26930,2026-08-24 06:43:43.568,-1,HOLD,TARGET,9011
NO_50_ALL,EMA8,26932,2026-08-24 06:44:19.540,-1,HOLD,TARGET,583
NO_50_ALL,EMA8,27069,2026-08-24 07:03:32.376,-1,HOLD,TARGET,1601
NO_50_ALL,PIN7,27097,2026-08-24 07:09:28.340,-1,HOLD,STOP,3862
NO_50_ALL,PIN7,27110,2026-08-24 07:13:01.032,-1,HOLD,STOP,7177
NO_50_ALL,PIN7,27118,2026-08-24 07:14:55.400,1,HOLD,STOP,6066
NO_50_ALL,EMA24,27151,2026-08-24 07:23:59.072,1,HOLD,STOP,5497
NO_50_ALL,PIN7,27156,2026-08-24 07:26:00.840,-1,HOLD,STOP,23735
NO_50_ALL,PIN_STRICT,27177,2026-08-24 07:33:34.588,1,HOLD,TARGET,2332
NO_50_ALL,EMA8,27183,2026-08-24 07:36:09.316,1,HOLD,TARGET,3239
NO_50_ALL,EMA8,27185,2026-08-24 07:36:27.016,1,HOLD,TARGET,4752
NO_50_ALL,EMA8,27190,2026-08-24 07:38:34.228,1,HOLD,TARGET,19918
NO_50_ALL,PIN7,27556,2026-08-24 11:09:38.576,1,HOLD,TARGET,10633
NO_50_ALL,PIN7,27562,2026-08-24 11:14:21.836,1,HOLD,TARGET,2343
NO_50_ALL,PIN7,27581,2026-08-24 11:28:57.680,1,HOLD,TARGET,4193
NO_50_ALL,PIN7,27659,2026-08-24 12:52:00.084,-1,HOLD,TARGET,654
NO_50_ALL,EMA24,28434,2026-08-25 06:32:44.708,1,HOLD,STOP,9318
NO_50_ALL,PIN7,28463,2026-08-25 06:37:54.456,1,HOLD,STOP,11643
NO_50_ALL,EMA8,28553,2026-08-25 07:00:05.964,-1,HOLD,TARGET,7674
NO_50_ALL,EMA24,28568,2026-08-25 07:03:45.636,-1,HOLD,TARGET,1640
NO_50_ALL,EMA24,28574,2026-08-25 07:05:59.660,-1,HOLD,TARGET,3899
NO_50_ALL,EMA8,28582,2026-08-25 07:08:25.876,-1,HOLD,STOP,19168
NO_50_ALL,PIN7,28614,2026-08-25 07:22:41.676,-1,HOLD,TARGET,5517
NO_50_ALL,PIN7,28615,2026-08-25 07:22:58.988,-1,HOLD,TARGET,4403
NO_50_ALL,PIN7,28616,2026-08-25 07:23:21.644,-1,HOLD,TARGET,7809
NO_50_ALL,EMA8,28645,2026-08-25 07:30:28.516,-1,HOLD,TARGET,1
NO_50_ALL,EMA8,28686,2026-08-25 07:30:40.312,1,HOLD,TARGET,1627
NO_50_ALL,EMA8,28702,2026-08-25 07:31:24.300,1,HOLD,TARGET,4761
NO_50_ALL,PIN7,28706,2026-08-25 07:32:14.608,1,HOLD,TARGET,498
NO_50_ALL,EMA8,28715,2026-08-25 07:34:01.968,1,HOLD,STOP,5352
NO_50_ALL,EMA8,28745,2026-08-25 07:45:01.648,-1,HOLD,STOP,13963
NO_50_ALL,PIN7,28768,2026-08-25 07:53:15.544,1,HOLD,TARGET,1015
NO_50_ALL,PIN7,29022,2026-08-25 11:33:22.260,1,HOLD,TARGET,1139
NO_50_ALL,PIN7,29029,2026-08-25 11:45:29.616,1,HOLD,TARGET,240
NO_50_ALL,EMA8,29035,2026-08-25 11:59:02.464,1,HOLD,TARGET,2815
NO_50_ALL,PIN7,29044,2026-08-25 12:14:00.232,-1,HOLD,TARGET,7450
NO_50_ALL,EMA24,29751,2026-08-26 06:33:03.000,1,HOLD,TARGET,16763
NO_50_ALL,PIN7,29760,2026-08-26 06:34:08.404,1,HOLD,TARGET,3035
NO_50_ALL,PIN7,29761,2026-08-26 06:34:20.020,1,HOLD,TARGET,743
NO_50_ALL,EMA8,29764,2026-08-26 06:34:43.184,1,HOLD,TARGET,1764
NO_50_ALL,EMA8,29767,2026-08-26 06:35:01.308,1,HOLD,STOP,2464
NO_50_ALL,PIN_STRICT,29775,2026-08-26 06:35:45.760,-1,HOLD,TARGET,498
NO_50_ALL,EMA8,29780,2026-08-26 06:36:10.644,-1,HOLD,TARGET,4000
NO_50_ALL,EMA24,29802,2026-08-26 06:39:26.060,1,HOLD,TARGET,17590
NO_50_ALL,PIN7,29826,2026-08-26 06:43:30.880,1,HOLD,TARGET,883
NO_50_ALL,PIN_STRICT,29831,2026-08-26 06:43:34.616,1,HOLD,STOP,5426
NO_50_ALL,EMA8,29835,2026-08-26 06:43:43.896,1,HOLD,TARGET,8932
NO_50_ALL,EMA8,29837,2026-08-26 06:44:02.284,1,HOLD,TARGET,1696
NO_50_ALL,EMA24,29900,2026-08-26 07:00:17.256,1,HOLD,TARGET,2565
NO_50_ALL,EMA24,29904,2026-08-26 07:02:09.948,1,HOLD,TARGET,3115
NO_50_ALL,EMA24,29910,2026-08-26 07:05:35.964,1,HOLD,TARGET,9616
NO_50_ALL,EMA8,29935,2026-08-26 07:15:28.088,-1,HOLD,TARGET,5651
NO_50_ALL,EMA24,29941,2026-08-26 07:18:26.280,-1,HOLD,TARGET,822
NO_50_ALL,PIN7,29946,2026-08-26 07:20:58.876,-1,HOLD,TARGET,800
NO_50_ALL,EMA8,29954,2026-08-26 07:23:51.400,-1,HOLD,TARGET,794
NO_50_ALL,PIN7,29957,2026-08-26 07:25:01.820,-1,HOLD,TARGET,8398
NO_50_ALL,PIN7,29958,2026-08-26 07:25:46.456,-1,HOLD,TARGET,1581
NO_50_ALL,PIN_STRICT,29962,2026-08-26 07:27:01.112,-1,HOLD,TARGET,11789
NO_50_ALL,EMA8,29979,2026-08-26 07:32:17.356,-1,HOLD,STOP,14758
NO_50_ALL,PIN7,29991,2026-08-26 07:37:09.836,1,HOLD,TARGET,2593
NO_50_ALL,EMA24,29997,2026-08-26 07:40:10.200,1,HOLD,TARGET,504
NO_50_ALL,PIN7,30013,2026-08-26 07:49:50.400,1,HOLD,TARGET,3500
NO_50_ALL,PIN_STRICT,30016,2026-08-26 07:52:18.816,1,HOLD,TARGET,4163
NO_50_ALL,EMA8,30019,2026-08-26 07:54:49.608,1,HOLD,TARGET,11388
NO_50_ALL,EMA8,30026,2026-08-26 07:59:54.072,1,HOLD,TARGET,2386
NO_50_ALL,EMA8,30316,2026-08-26 11:52:20.032,1,HOLD,TARGET,2221
NO_50_ALL,EMA8,30321,2026-08-26 11:57:24.740,1,HOLD,TARGET,947
NO_50_ALL,EMA24,30345,2026-08-26 12:15:07.732,1,HOLD,TARGET,2281
NO_50_ALL,PIN7,30365,2026-08-26 12:39:14.752,-1,HOLD,STOP,14183
NO_50_ALL,PIN7,30405,2026-08-26 12:59:00.164,-1,HOLD,TARGET,2144
NO_50_ALL,EMA24,30416,2026-08-26 12:59:55.268,-1,HOLD,TARGET,290
NO_50_ALL,PIN_STRICT,31396,2026-08-27 06:31:59.912,-1,HOLD,TARGET,2007
NO_50_ALL,PIN_STRICT,31424,2026-08-27 06:34:24.792,-1,HOLD,TARGET,3447
NO_50_ALL,PIN_STRICT,31472,2026-08-27 06:40:09.052,1,HOLD,TARGET,18648
NO_50_ALL,EMA8,31497,2026-08-27 06:43:34.728,1,HOLD,TARGET,8466
NO_50_ALL,EMA8,31501,2026-08-27 06:44:04.728,1,HOLD,TARGET,1
NO_50_ALL,PIN7,31659,2026-08-27 07:00:12.032,1,HOLD,STOP,3775
NO_50_ALL,EMA24,31663,2026-08-27 07:00:23.516,1,HOLD,TARGET,4213
NO_50_ALL,EMA8,31677,2026-08-27 07:01:42.060,1,HOLD,STOP,15986
NO_50_ALL,EMA24,31682,2026-08-27 07:02:17.404,1,HOLD,TARGET,10899
NO_50_ALL,EMA24,31700,2026-08-27 07:04:47.928,1,HOLD,TARGET,5850
NO_50_ALL,EMA8,31706,2026-08-27 07:05:40.492,1,HOLD,STOP,8282
NO_50_ALL,EMA8,31722,2026-08-27 07:07:27.932,-1,HOLD,STOP,6946
NO_50_ALL,EMA24,31773,2026-08-27 07:16:48.264,1,HOLD,TARGET,10411
NO_50_ALL,PIN7,31778,2026-08-27 07:18:28.068,1,HOLD,TARGET,919
NO_50_ALL,EMA8,31783,2026-08-27 07:20:02.780,1,HOLD,TARGET,1646
NO_50_ALL,PIN7,31786,2026-08-27 07:21:01.624,1,HOLD,STOP,5033
NO_50_ALL,EMA24,31790,2026-08-27 07:22:06.456,1,HOLD,TARGET,14624
NO_50_ALL,EMA8,31831,2026-08-27 07:32:20.812,-1,HOLD,TARGET,1759
NO_50_ALL,PIN7,31843,2026-08-27 07:36:50.584,1,HOLD,TARGET,2095
NO_50_ALL,PIN7,31844,2026-08-27 07:37:07.932,1,HOLD,TARGET,1267
NO_50_ALL,PIN_STRICT,31888,2026-08-27 07:49:51.540,1,HOLD,TARGET,21169
NO_50_ALL,PIN7,31921,2026-08-27 07:59:29.788,1,HOLD,TARGET,10925
NO_50_ALL,PIN7,32186,2026-08-27 11:01:52.068,-1,HOLD,TARGET,1
NO_50_ALL,PIN_STRICT,32190,2026-08-27 11:02:18.828,-1,HOLD,STOP,9419
NO_50_ALL,EMA8,32192,2026-08-27 11:03:29.028,-1,HOLD,TARGET,4726
NO_50_ALL,EMA8,32194,2026-08-27 11:04:11.016,-1,HOLD,TARGET,198
NO_50_ALL,EMA8,32208,2026-08-27 11:12:07.420,-1,HOLD,TARGET,1648
NO_50_ALL,EMA8,32211,2026-08-27 11:13:17.364,-1,HOLD,TARGET,1002
NO_50_ALL,PIN7,32213,2026-08-27 11:13:57.080,-1,HOLD,TARGET,571
NO_50_ALL,EMA8,32221,2026-08-27 11:16:20.984,-1,HOLD,STOP,8332
NO_50_ALL,PIN7,32237,2026-08-27 11:26:33.700,-1,HOLD,TARGET,1900
NO_50_ALL,PIN7,32238,2026-08-27 11:27:01.020,-1,HOLD,TARGET,1377
NO_50_ALL,EMA8,32245,2026-08-27 11:29:02.884,-1,HOLD,TARGET,1850
NO_50_ALL,PIN7,32268,2026-08-27 11:38:24.372,1,HOLD,TARGET,802
NO_50_ALL,PIN7,32287,2026-08-27 11:49:46.440,-1,HOLD,TARGET,793
NO_50_ALL,PIN7,32313,2026-08-27 12:05:11.576,1,HOLD,TARGET,751
NO_50_ALL,PIN_STRICT,32314,2026-08-27 12:05:12.636,1,HOLD,STOP,2733
NO_50_ALL,PIN7,32359,2026-08-27 12:33:42.088,1,HOLD,TARGET,4824
NO_50_ALL,PIN7,32360,2026-08-27 12:34:39.128,1,HOLD,TARGET,2171
NO_50_ALL,EMA24,32378,2026-08-27 12:50:40.340,1,HOLD,TARGET,6608
NO_50_ALL,EMA8,32393,2026-08-27 12:55:12.044,1,HOLD,STOP,6080
NO_50_ALL,EMA8,32395,2026-08-27 12:55:30.552,1,HOLD,TARGET,25352
NO_50_ALL,EMA24,32397,2026-08-27 12:56:18.680,1,HOLD,TARGET,10665
NO_50_ALL,EMA24,32898,2026-08-28 06:38:18.376,1,HOLD,TARGET,16192
NO_50_ALL,EMA24,32900,2026-08-28 06:39:16.380,1,HOLD,TARGET,4841
NO_50_ALL,EMA24,32919,2026-08-28 06:44:57.920,1,HOLD,STOP,5081
NO_50_ALL,EMA24,33012,2026-08-28 07:00:00.488,-1,HOLD,NONE,0
NO_50_ALL,PIN7,33133,2026-08-28 07:00:15.744,1,HOLD,TARGET,13
NO_50_ALL,PIN7,33140,2026-08-28 07:00:19.516,1,HOLD,TARGET,1310
NO_50_ALL,EMA8,33143,2026-08-28 07:00:20.956,1,HOLD,TARGET,186
NO_50_ALL,EMA8,33145,2026-08-28 07:00:22.072,1,HOLD,TARGET,247
NO_50_ALL,EMA8,33149,2026-08-28 07:00:23.412,1,HOLD,STOP,222
NO_50_ALL,PIN7,33167,2026-08-28 07:00:39.456,1,HOLD,TARGET,147
NO_50_ALL,PIN7,33168,2026-08-28 07:00:39.704,1,HOLD,TARGET,1358
NO_50_ALL,EMA8,33198,2026-08-28 07:01:49.600,-1,HOLD,STOP,8888
NO_50_ALL,EMA8,33200,2026-08-28 07:01:51.768,-1,HOLD,TARGET,2805
NO_50_ALL,EMA8,33202,2026-08-28 07:01:53.808,-1,HOLD,STOP,6262
NO_50_ALL,EMA24,33205,2026-08-28 07:02:09.844,-1,HOLD,TARGET,3003
NO_50_ALL,EMA8,33235,2026-08-28 07:03:52.036,-1,HOLD,TARGET,1322
NO_50_ALL,PIN7,33239,2026-08-28 07:04:06.452,-1,HOLD,STOP,13065
NO_50_ALL,EMA8,33242,2026-08-28 07:04:17.184,-1,HOLD,TARGET,704
NO_50_ALL,PIN7,33280,2026-08-28 07:06:31.036,-1,HOLD,STOP,12273
NO_50_ALL,EMA8,33284,2026-08-28 07:06:52.520,-1,HOLD,TARGET,6822
NO_50_ALL,EMA8,33290,2026-08-28 07:07:12.584,-1,HOLD,STOP,5218
NO_50_ALL,EMA24,33294,2026-08-28 07:07:30.536,-1,HOLD,TARGET,25072
NO_50_ALL,PIN7,33311,2026-08-28 07:08:49.156,1,HOLD,TARGET,890
NO_50_ALL,EMA8,33317,2026-08-28 07:09:24.536,1,HOLD,TARGET,2830
NO_50_ALL,EMA24,33332,2026-08-28 07:10:38.668,-1,HOLD,TARGET,1081
NO_50_ALL,PIN7,33335,2026-08-28 07:10:46.692,-1,HOLD,TARGET,12492
NO_50_ALL,PIN7,33336,2026-08-28 07:11:16.484,-1,HOLD,TARGET,5567
NO_50_ALL,EMA8,33338,2026-08-28 07:11:31.348,-1,HOLD,TARGET,1
NO_50_ALL,PIN7,33341,2026-08-28 07:11:46.592,-1,HOLD,STOP,6145
NO_50_ALL,PIN7,33342,2026-08-28 07:11:52.832,-1,HOLD,STOP,1707
NO_50_ALL,EMA24,33351,2026-08-28 07:12:54.552,-1,HOLD,TARGET,2879
NO_50_ALL,PIN_STRICT,33358,2026-08-28 07:13:33.236,-1,HOLD,TARGET,3440
NO_50_ALL,EMA8,33362,2026-08-28 07:14:03.996,-1,HOLD,STOP,5077
NO_50_ALL,EMA24,33385,2026-08-28 07:16:04.924,1,HOLD,TARGET,7184
NO_50_ALL,PIN7,33399,2026-08-28 07:17:46.304,1,HOLD,TARGET,3644
NO_50_ALL,PIN_STRICT,33401,2026-08-28 07:18:10.060,1,HOLD,TARGET,1649
NO_50_ALL,EMA8,33405,2026-08-28 07:18:31.644,1,HOLD,TARGET,1225
NO_50_ALL,PIN7,33407,2026-08-28 07:18:43.252,1,HOLD,TARGET,10589
NO_50_ALL,PIN7,33411,2026-08-28 07:19:24.168,1,HOLD,TARGET,1
NO_50_ALL,EMA8,33415,2026-08-28 07:19:43.604,1,HOLD,TARGET,11030
NO_50_ALL,PIN7,33472,2026-08-28 07:26:09.456,-1,HOLD,TARGET,1674
NO_50_ALL,PIN7,33487,2026-08-28 07:27:42.952,-1,HOLD,TARGET,2207
NO_50_ALL,EMA8,33494,2026-08-28 07:28:44.952,-1,HOLD,STOP,4427
NO_50_ALL,PIN7,33505,2026-08-28 07:29:46.580,1,HOLD,TARGET,4266
NO_50_ALL,PIN7,33506,2026-08-28 07:29:51.828,1,HOLD,TARGET,7720
NO_50_ALL,PIN7,33536,2026-08-28 07:31:35.132,1,HOLD,STOP,2109
NO_50_ALL,PIN7,33559,2026-08-28 07:33:42.908,1,HOLD,TARGET,2636
NO_50_ALL,EMA8,33566,2026-08-28 07:34:31.848,1,HOLD,TARGET,5225
NO_50_ALL,EMA8,33568,2026-08-28 07:34:47.396,1,HOLD,TARGET,2759
NO_50_ALL,PIN7,33571,2026-08-28 07:35:25.568,1,HOLD,TARGET,12776
NO_50_ALL,PIN7,33577,2026-08-28 07:36:15.276,1,HOLD,TARGET,1157
NO_50_ALL,EMA8,33586,2026-08-28 07:37:43.952,1,HOLD,TARGET,655
NO_50_ALL,EMA8,33589,2026-08-28 07:38:14.104,1,HOLD,TARGET,1
NO_50_ALL,EMA24,33598,2026-08-28 07:40:16.532,1,HOLD,TARGET,1861
NO_50_ALL,EMA8,33610,2026-08-28 07:42:52.428,1,HOLD,TARGET,561
NO_50_ALL,EMA8,33616,2026-08-28 07:43:56.116,1,HOLD,TARGET,1000
NO_50_ALL,PIN_STRICT,33620,2026-08-28 07:44:33.828,1,HOLD,TARGET,3030
NO_50_ALL,PIN_STRICT,33621,2026-08-28 07:44:42.492,1,HOLD,STOP,16946
NO_50_ALL,EMA8,33627,2026-08-28 07:45:29.024,1,HOLD,STOP,4407
NO_50_ALL,EMA24,33631,2026-08-28 07:46:09.628,1,HOLD,TARGET,5362
NO_50_ALL,EMA8,33637,2026-08-28 07:47:08.924,1,HOLD,TARGET,2523
NO_50_ALL,PIN7,33647,2026-08-28 07:50:20.836,1,HOLD,TARGET,2256
NO_50_ALL,PIN7,33648,2026-08-28 07:50:25.360,1,HOLD,TARGET,2864
NO_50_ALL,EMA8,33652,2026-08-28 07:51:32.292,1,HOLD,TARGET,10310
NO_50_ALL,EMA8,33657,2026-08-28 07:52:30.424,1,HOLD,TARGET,6213
NO_50_ALL,PIN7,33659,2026-08-28 07:53:01.616,1,HOLD,TARGET,6645
NO_50_ALL,EMA8,33661,2026-08-28 07:53:12.428,1,HOLD,TARGET,2331
NO_50_ALL,PIN_STRICT,33665,2026-08-28 07:54:02.320,1,HOLD,TARGET,22833
NO_50_ALL,EMA8,33670,2026-08-28 07:55:47.512,1,HOLD,TARGET,1858
NO_50_ALL,PIN7,33672,2026-08-28 07:56:25.168,1,HOLD,TARGET,18331
NO_50_ALL,EMA8,33676,2026-08-28 07:57:37.104,1,HOLD,TARGET,14031
NO_50_ALL,PIN7,33678,2026-08-28 07:59:12.924,1,HOLD,TARGET,1100
NO_50_ALL,EMA24,34526,2026-08-28 11:01:29.720,1,HOLD,TARGET,9091
NO_50_ALL,EMA24,34537,2026-08-28 11:05:06.168,1,HOLD,TARGET,1037
NO_50_ALL,PIN7,34561,2026-08-28 11:14:26.788,-1,HOLD,TARGET,992
NO_50_ALL,PIN_STRICT,34643,2026-08-28 11:51:04.068,-1,HOLD,TARGET,14830
NO_50_ALL,PIN7,34675,2026-08-28 12:05:38.800,1,HOLD,STOP,6845
NO_50_ALL,EMA24,34678,2026-08-28 12:07:34.580,1,HOLD,TARGET,1573
NO_50_ALL,EMA8,34688,2026-08-28 12:12:51.752,1,HOLD,TARGET,37792
NO_50_ALL,EMA24,34691,2026-08-28 12:14:26.916,1,HOLD,TARGET,1528
NO_50_ALL,EMA8,34704,2026-08-28 12:22:03.272,1,HOLD,STOP,7634
NO_50_ALL,EMA24,34709,2026-08-28 12:25:16.408,1,HOLD,TARGET,2152
NO_50_ALL,PIN7,34732,2026-08-28 12:39:40.992,1,HOLD,TARGET,830
NO_50_ALL,EMA8,34759,2026-08-28 12:50:25.512,1,HOLD,STOP,7141
NO_50_ALL,PIN7,34766,2026-08-28 12:51:46.044,-1,HOLD,STOP,24420
NO_50_ALL,PIN7,34785,2026-08-28 12:56:40.660,1,HOLD,TARGET,2895
NO_50_ALL,PIN7,34786,2026-08-28 12:57:14.780,1,HOLD,STOP,7939
NO_50_ALL,EMA8,34813,2026-08-28 12:59:58.116,-1,HOLD,STOP,1872
NO_50_ALL,PIN_STRICT,35892,2026-08-31 06:33:26.868,-1,HOLD,TARGET,2286
NO_50_ALL,PIN7,35893,2026-08-31 06:33:30.488,-1,HOLD,STOP,4073
NO_50_ALL,EMA8,35902,2026-08-31 06:34:25.472,-1,HOLD,TARGET,5434
NO_50_ALL,EMA8,35905,2026-08-31 06:34:56.056,-1,HOLD,TARGET,1157
NO_50_ALL,PIN7,35935,2026-08-31 06:38:19.040,1,HOLD,STOP,8991
NO_50_ALL,EMA24,35938,2026-08-31 06:38:38.808,1,HOLD,STOP,8754
NO_50_ALL,EMA8,35979,2026-08-31 06:43:55.208,-1,HOLD,TARGET,792
NO_50_ALL,PIN_STRICT,36192,2026-08-31 07:24:49.788,-1,HOLD,TARGET,1576
NO_50_ALL,PIN_STRICT,36195,2026-08-31 07:25:13.844,-1,HOLD,TARGET,8471
NO_50_ALL,EMA8,36245,2026-08-31 07:41:20.552,1,HOLD,TARGET,657
NO_50_ALL,PIN7,36247,2026-08-31 07:41:45.384,1,HOLD,TARGET,6348
NO_50_ALL,EMA8,36249,2026-08-31 07:42:27.436,1,HOLD,TARGET,1091
NO_50_ALL,PIN7,36269,2026-08-31 07:50:01.892,-1,HOLD,STOP,6865
NO_50_ALL,PIN7,36287,2026-08-31 07:55:27.204,1,HOLD,TARGET,6317
NO_50_ALL,PIN7,36292,2026-08-31 07:56:43.872,1,HOLD,TARGET,3608
NO_50_ALL,PIN_STRICT,36293,2026-08-31 07:57:14.292,1,HOLD,TARGET,4409
NO_50_ALL,PIN7,36651,2026-08-31 11:33:56.028,-1,HOLD,TARGET,2189
NO_50_ALL,PIN7,36652,2026-08-31 11:34:49.528,-1,HOLD,TARGET,1347
NO_50_ALL,PIN_STRICT,36658,2026-08-31 11:38:07.212,-1,HOLD,TARGET,1130
NO_50_ALL,EMA8,36673,2026-08-31 11:45:11.620,-1,HOLD,STOP,26317
NO_50_ALL,EMA8,36687,2026-08-31 12:00:03.964,1,HOLD,TARGET,881
NO_50_ALL,EMA8,36692,2026-08-31 12:02:30.020,1,HOLD,STOP,8446
NO_50_ALL,PIN7,36701,2026-08-31 12:10:01.120,1,HOLD,TARGET,716
NO_50_ALL,EMA8,36706,2026-08-31 12:13:47.980,1,HOLD,TARGET,1024
NO_50_ALL,EMA8,36721,2026-08-31 12:26:38.088,1,HOLD,TARGET,2504
NO_50_ALL,EMA24,36730,2026-08-31 12:31:13.152,1,HOLD,STOP,7927
NO_50_ALL,PIN7,36736,2026-08-31 12:36:19.564,1,HOLD,TARGET,3969
NO_50_ALL,PIN7,36737,2026-08-31 12:37:49.276,1,HOLD,TARGET,7170
NO_50_ALL,PIN7,36738,2026-08-31 12:40:13.636,1,HOLD,TARGET,3461
NO_50_ALL,PIN7,36739,2026-08-31 12:41:30.284,1,HOLD,TARGET,1142
NO_50_ALL,PIN_STRICT,36742,2026-08-31 12:43:37.704,1,HOLD,TARGET,1255
NO_50_ALL,EMA8,36746,2026-08-31 12:45:49.248,1,HOLD,TARGET,1375
NO_50_ALL,PIN7,36802,2026-08-31 12:59:06.024,1,HOLD,TARGET,1405
NO_50_ALL,PIN_STRICT,36807,2026-08-31 12:59:21.176,1,HOLD,STOP,5082
NO_50_ALL,PIN7,36818,2026-08-31 12:59:47.540,-1,HOLD,TARGET,2054
NO_50_ALL,PIN7,36819,2026-08-31 12:59:50.148,-1,HOLD,STOP,2116
NO_50_ALL,EMA24,36822,2026-08-31 12:59:53.856,-1,HOLD,TARGET,606
NO_50_ALL,PIN7,36825,2026-08-31 12:59:55.020,-1,HOLD,TARGET,570
NO_50_ALL,PIN7,36826,2026-08-31 12:59:55.620,-1,HOLD,TARGET,683
NO_50_ALL,PIN7,36827,2026-08-31 12:59:56.460,-1,HOLD,TARGET,830
NO_50_ALL,EMA24,37812,2026-09-01 06:35:03.948,1,HOLD,TARGET,1559
NO_50_ALL,EMA8,37861,2026-09-01 06:41:36.676,-1,HOLD,STOP,12041
NO_50_ALL,PIN7,37876,2026-09-01 06:44:09.500,1,HOLD,TARGET,4874
NO_50_ALL,PIN_STRICT,37968,2026-09-01 07:01:42.028,1,HOLD,STOP,8465
NO_50_ALL,EMA8,37972,2026-09-01 07:02:34.020,1,HOLD,STOP,1265
NO_50_ALL,PIN7,37982,2026-09-01 07:04:26.172,1,HOLD,TARGET,15107
NO_50_ALL,EMA24,37985,2026-09-01 07:05:08.536,1,HOLD,TARGET,359
NO_50_ALL,EMA8,37996,2026-09-01 07:07:56.360,1,HOLD,TARGET,17213
NO_50_ALL,EMA8,38004,2026-09-01 07:10:35.136,1,HOLD,TARGET,4636
NO_50_ALL,EMA8,38007,2026-09-01 07:11:04.120,1,HOLD,STOP,4960
NO_50_ALL,PIN7,38019,2026-09-01 07:14:28.956,1,HOLD,TARGET,684
NO_50_ALL,PIN_STRICT,38022,2026-09-01 07:15:24.808,1,HOLD,TARGET,1925
NO_50_ALL,PIN_STRICT,38025,2026-09-01 07:16:17.176,1,HOLD,TARGET,905
NO_50_ALL,EMA24,38035,2026-09-01 07:19:26.340,1,HOLD,TARGET,1255
NO_50_ALL,PIN7,38039,2026-09-01 07:20:26.060,1,HOLD,TARGET,9265
NO_50_ALL,PIN7,38040,2026-09-01 07:21:08.968,1,HOLD,TARGET,10213
NO_50_ALL,PIN7,38041,2026-09-01 07:21:40.928,1,HOLD,TARGET,5950
NO_50_ALL,EMA8,38043,2026-09-01 07:22:21.592,1,HOLD,TARGET,770
NO_50_ALL,EMA24,38061,2026-09-01 07:27:39.468,1,HOLD,TARGET,14849
NO_50_ALL,PIN7,38070,2026-09-01 07:31:24.240,1,HOLD,TARGET,545
NO_50_ALL,EMA8,38081,2026-09-01 07:37:55.328,1,HOLD,STOP,8695
NO_50_ALL,PIN7,38095,2026-09-01 07:43:18.064,-1,HOLD,STOP,25928
NO_50_ALL,PIN7,38112,2026-09-01 07:51:39.356,-1,HOLD,TARGET,1546
NO_50_ALL,EMA8,38118,2026-09-01 07:53:23.512,-1,HOLD,TARGET,3341
NO_50_ALL,EMA8,38128,2026-09-01 07:58:31.692,-1,HOLD,TARGET,21758
NO_50_ALL,EMA24,38566,2026-09-01 11:09:42.592,-1,HOLD,TARGET,12128
NO_50_ALL,PIN7,38573,2026-09-01 11:14:09.016,-1,HOLD,STOP,12606
NO_50_ALL,PIN7,38574,2026-09-01 11:15:17.068,-1,HOLD,STOP,7501
NO_50_ALL,PIN7,38599,2026-09-01 11:34:03.368,-1,HOLD,TARGET,3002
NO_50_ALL,PIN7,38600,2026-09-01 11:34:30.856,-1,HOLD,TARGET,12412
NO_50_ALL,EMA8,38603,2026-09-01 11:36:58.408,-1,HOLD,TARGET,1122
NO_50_ALL,PIN_STRICT,38613,2026-09-01 11:42:52.120,-1,HOLD,TARGET,1239
NO_50_ALL,PIN_STRICT,38617,2026-09-01 11:44:25.032,-1,HOLD,TARGET,3760
NO_50_ALL,EMA8,38628,2026-09-01 11:46:50.436,-1,HOLD,STOP,5788
NO_50_ALL,EMA24,38635,2026-09-01 11:48:33.336,-1,HOLD,TARGET,1054
NO_50_ALL,EMA8,38654,2026-09-01 11:56:28.216,1,HOLD,TARGET,419
NO_50_ALL,EMA8,38660,2026-09-01 11:58:02.884,1,HOLD,TARGET,1211
NO_50_ALL,EMA8,38683,2026-09-01 12:06:45.404,1,HOLD,TARGET,13634
NO_50_ALL,EMA24,38686,2026-09-01 12:07:55.020,1,HOLD,TARGET,7607
NO_50_ALL,EMA8,38700,2026-09-01 12:13:38.804,1,HOLD,TARGET,4798
NO_50_ALL,EMA8,38707,2026-09-01 12:17:24.136,1,HOLD,STOP,6093
NO_50_ALL,PIN7,38718,2026-09-01 12:20:53.884,-1,HOLD,STOP,10164
NO_50_ALL,PIN7,38719,2026-09-01 12:22:07.368,-1,HOLD,STOP,3855
NO_50_ALL,PIN_STRICT,38736,2026-09-01 12:32:32.952,-1,HOLD,STOP,11502
NO_50_ALL,PIN7,38737,2026-09-01 12:32:58.208,-1,HOLD,STOP,8806
NO_50_ALL,PIN7,38782,2026-09-01 12:53:00.052,-1,HOLD,TARGET,2453
NO_50_ALL,PIN_STRICT,38784,2026-09-01 12:53:40.044,-1,HOLD,STOP,11333
NO_50_ALL,PIN7,38798,2026-09-01 12:56:19.160,-1,HOLD,STOP,8908
NO_50_ALL,PIN_STRICT,38807,2026-09-01 12:59:00.636,1,HOLD,STOP,4318
NO_50_ALL,PIN_STRICT,38808,2026-09-01 12:59:02.056,1,HOLD,STOP,2931
NO_50_ALL,EMA24,38812,2026-09-01 12:59:12.796,1,HOLD,TARGET,634
NO_50_ALL,PIN7,39677,2026-09-02 06:32:20.540,1,HOLD,STOP,3651
NO_50_ALL,EMA8,39727,2026-09-02 06:40:24.652,1,HOLD,TARGET,614
NO_50_ALL,EMA8,39731,2026-09-02 06:41:11.004,1,HOLD,TARGET,4348
NO_50_ALL,EMA8,39733,2026-09-02 06:41:16.432,1,HOLD,TARGET,313
NO_50_ALL,EMA8,39823,2026-09-02 07:00:39.992,1,HOLD,TARGET,3700
NO_50_ALL,PIN_STRICT,39826,2026-09-02 07:01:09.408,1,HOLD,TARGET,1892
NO_50_ALL,PIN7,39827,2026-09-02 07:01:15.160,1,HOLD,TARGET,897
NO_50_ALL,EMA8,39832,2026-09-02 07:02:16.096,1,HOLD,STOP,1233
NO_50_ALL,EMA24,39836,2026-09-02 07:02:37.172,1,HOLD,TARGET,3876
NO_50_ALL,EMA24,39840,2026-09-02 07:02:46.868,1,HOLD,TARGET,824
NO_50_ALL,EMA8,39848,2026-09-02 07:04:37.776,1,HOLD,TARGET,1533
NO_50_ALL,EMA8,39860,2026-09-02 07:09:01.324,1,HOLD,STOP,6953
NO_50_ALL,EMA8,39886,2026-09-02 07:16:00.016,1,HOLD,TARGET,796
NO_50_ALL,PIN7,39889,2026-09-02 07:17:19.568,1,HOLD,TARGET,1470
NO_50_ALL,PIN7,39902,2026-09-02 07:21:37.324,1,HOLD,TARGET,1357
NO_50_ALL,EMA8,39909,2026-09-02 07:23:44.032,1,HOLD,TARGET,1771
NO_50_ALL,EMA8,39919,2026-09-02 07:29:14.872,1,HOLD,STOP,7388
NO_50_ALL,EMA24,39923,2026-09-02 07:30:17.576,1,HOLD,STOP,8304
NO_50_ALL,PIN_STRICT,39939,2026-09-02 07:35:13.772,1,HOLD,TARGET,31546
NO_50_ALL,EMA8,39942,2026-09-02 07:36:20.628,1,HOLD,TARGET,775
NO_50_ALL,PIN7,39952,2026-09-02 07:40:21.972,1,HOLD,TARGET,1432
NO_50_ALL,PIN7,39963,2026-09-02 07:44:26.996,1,HOLD,STOP,7229
NO_50_ALL,EMA24,39968,2026-09-02 07:48:02.332,1,HOLD,STOP,7869
NO_50_ALL,PIN7,39977,2026-09-02 07:51:24.588,-1,HOLD,STOP,6104
NO_50_ALL,EMA8,39981,2026-09-02 07:52:26.920,-1,HOLD,TARGET,4830
NO_50_ALL,EMA8,39983,2026-09-02 07:53:07.036,-1,HOLD,TARGET,1093
NO_50_ALL,PIN7,40297,2026-09-02 11:01:55.340,-1,HOLD,STOP,3345
NO_50_ALL,EMA24,40308,2026-09-02 11:13:18.060,1,HOLD,TARGET,14535
NO_50_ALL,EMA24,40310,2026-09-02 11:15:10.444,1,HOLD,TARGET,9223
NO_50_ALL,PIN7,40337,2026-09-02 11:22:09.484,-1,HOLD,TARGET,16208
NO_50_ALL,PIN_STRICT,40352,2026-09-02 11:39:51.116,-1,HOLD,TARGET,3036
NO_50_ALL,EMA8,40358,2026-09-02 11:46:10.584,-1,HOLD,TARGET,1668
NO_50_ALL,PIN7,40382,2026-09-02 12:12:48.252,1,HOLD,TARGET,3247
NO_50_ALL,EMA24,40400,2026-09-02 12:32:25.456,1,HOLD,STOP,4820
NO_50_ALL,PIN7,40411,2026-09-02 12:42:28.396,-1,HOLD,STOP,2866
NO_50_ALL,PIN7,40452,2026-09-02 12:59:58.952,1,HOLD,TARGET,2336
NO_50_ALL,EMA24,41481,2026-09-03 06:31:16.388,1,HOLD,TARGET,2170
NO_50_ALL,EMA24,41500,2026-09-03 06:32:58.904,1,HOLD,TARGET,1251
NO_50_ALL,PIN7,41503,2026-09-03 06:33:15.320,1,HOLD,TARGET,3817
NO_50_ALL,PIN7,41504,2026-09-03 06:33:24.108,1,HOLD,TARGET,1307
NO_50_ALL,EMA8,41512,2026-09-03 06:34:16.084,1,HOLD,STOP,9468
NO_50_ALL,PIN_STRICT,41543,2026-09-03 06:38:32.784,1,HOLD,TARGET,10200
NO_50_ALL,EMA8,41548,2026-09-03 06:39:14.564,1,HOLD,TARGET,492
NO_50_ALL,EMA24,41560,2026-09-03 06:41:13.352,1,HOLD,TARGET,2089
NO_50_ALL,PIN_STRICT,41660,2026-09-03 07:01:08.032,-1,HOLD,TARGET,226
NO_50_ALL,EMA24,41678,2026-09-03 07:03:32.464,-1,HOLD,TARGET,1182
NO_50_ALL,EMA24,41695,2026-09-03 07:06:10.032,-1,HOLD,TARGET,6860
NO_50_ALL,EMA24,41697,2026-09-03 07:06:21.668,-1,HOLD,TARGET,3708
NO_50_ALL,EMA24,41741,2026-09-03 07:13:26.136,1,HOLD,TARGET,602
NO_50_ALL,PIN7,41749,2026-09-03 07:15:02.856,1,HOLD,TARGET,5558
NO_50_ALL,PIN7,41750,2026-09-03 07:15:15.928,1,HOLD,TARGET,2716
NO_50_ALL,PIN7,41751,2026-09-03 07:15:24.624,1,HOLD,TARGET,4708
NO_50_ALL,PIN7,41767,2026-09-03 07:19:33.000,1,HOLD,TARGET,768
NO_50_ALL,PIN_STRICT,41770,2026-09-03 07:20:45.632,1,HOLD,STOP,6421
NO_50_ALL,PIN_STRICT,41827,2026-09-03 07:34:55.140,-1,HOLD,TARGET,230
NO_50_ALL,EMA8,41894,2026-09-03 07:48:26.252,1,HOLD,TARGET,1014
NO_50_ALL,EMA8,41901,2026-09-03 07:49:50.412,1,HOLD,TARGET,1116
NO_50_ALL,EMA24,41906,2026-09-03 07:50:50.572,1,HOLD,STOP,7235
NO_50_ALL,EMA24,41918,2026-09-03 07:54:31.492,-1,HOLD,STOP,3772
NO_50_ALL,PIN_STRICT,41938,2026-09-03 07:56:22.816,-1,HOLD,TARGET,56
NO_50_ALL,EMA24,41964,2026-09-03 07:57:38.996,1,HOLD,TARGET,983
NO_50_ALL,PIN7,41968,2026-09-03 07:58:12.480,1,HOLD,TARGET,511
NO_50_ALL,PIN_STRICT,41975,2026-09-03 07:59:49.772,1,HOLD,TARGET,6311
NO_50_ALL,EMA8,42250,2026-09-03 11:03:37.672,1,HOLD,TARGET,9396
NO_50_ALL,EMA8,42252,2026-09-03 11:05:10.768,1,HOLD,TARGET,28948
NO_50_ALL,EMA8,42259,2026-09-03 11:13:21.080,1,HOLD,TARGET,4834
NO_50_ALL,PIN7,42298,2026-09-03 12:15:33.976,-1,HOLD,STOP,11959
NO_50_ALL,EMA24,42309,2026-09-03 12:30:52.348,-1,HOLD,TARGET,10492
NO_50_ALL,EMA24,42323,2026-09-03 12:46:49.100,-1,HOLD,TARGET,3989
NO_50_ALL,PIN7,42337,2026-09-03 12:56:16.900,-1,HOLD,TARGET,16375
NO_50_ALL,EMA8,42340,2026-09-03 12:58:30.724,-1,HOLD,TARGET,568
NO_50_ALL,EMA8,42344,2026-09-03 12:59:04.876,-1,HOLD,TARGET,7291
NO_50_ALL,EMA24,43213,2026-09-04 06:31:14.084,1,HOLD,TARGET,4687
NO_50_ALL,EMA24,43226,2026-09-04 06:32:11.324,1,HOLD,TARGET,1394
NO_50_ALL,PIN7,43229,2026-09-04 06:33:16.972,1,HOLD,TARGET,38144
NO_50_ALL,EMA8,43233,2026-09-04 06:33:52.528,1,HOLD,TARGET,4402
NO_50_ALL,PIN7,43268,2026-09-04 06:41:14.984,-1,HOLD,STOP,5313
NO_50_ALL,EMA24,43272,2026-09-04 06:41:53.312,-1,HOLD,TARGET,3417
NO_50_ALL,PIN7,43281,2026-09-04 06:44:14.788,1,HOLD,STOP,2833
NO_50_ALL,PIN7,43343,2026-09-04 07:02:56.308,-1,HOLD,STOP,3079
NO_50_ALL,EMA24,43347,2026-09-04 07:03:35.924,-1,HOLD,TARGET,24424
NO_50_ALL,EMA24,43349,2026-09-04 07:04:26.040,-1,HOLD,TARGET,22259
NO_50_ALL,PIN7,43368,2026-09-04 07:10:01.684,-1,HOLD,TARGET,9457
NO_50_ALL,PIN_STRICT,43377,2026-09-04 07:12:40.320,-1,HOLD,TARGET,2047
NO_50_ALL,EMA24,43409,2026-09-04 07:22:17.208,-1,HOLD,TARGET,18168
NO_50_ALL,PIN7,43426,2026-09-04 07:30:07.100,1,HOLD,STOP,4243
NO_50_ALL,PIN7,43431,2026-09-04 07:31:41.084,-1,HOLD,STOP,16317
NO_50_ALL,EMA8,43472,2026-09-04 07:47:11.120,-1,HOLD,TARGET,298
NO_50_ALL,EMA8,43476,2026-09-04 07:47:41.676,-1,HOLD,TARGET,10229
NO_50_ALL,EMA8,43478,2026-09-04 07:48:24.976,-1,HOLD,TARGET,9729
NO_50_ALL,EMA24,43488,2026-09-04 07:51:35.100,-1,HOLD,TARGET,2791
NO_50_ALL,EMA8,43491,2026-09-04 07:52:24.320,-1,HOLD,TARGET,14279
NO_50_ALL,EMA8,43502,2026-09-04 07:56:29.648,-1,HOLD,TARGET,164
NO_50_ALL,PIN7,43504,2026-09-04 07:56:50.116,-1,HOLD,TARGET,1237
NO_50_ALL,PIN7,43771,2026-09-04 11:09:38.236,1,HOLD,TARGET,3158
NO_50_ALL,PIN7,43779,2026-09-04 11:20:51.756,1,HOLD,TARGET,2464
NO_50_ALL,EMA8,43784,2026-09-04 11:27:31.416,1,HOLD,TARGET,7285
NO_50_ALL,EMA8,43788,2026-09-04 11:33:22.028,1,HOLD,TARGET,28020
NO_50_ALL,PIN7,43797,2026-09-04 11:47:10.868,1,HOLD,TARGET,21305
NO_50_ALL,PIN7,43798,2026-09-04 11:52:30.856,1,HOLD,TARGET,16993
NO_50_ALL,EMA8,43803,2026-09-04 12:00:10.772,1,HOLD,STOP,2524
NO_50_ALL,EMA8,43821,2026-09-04 12:19:21.332,-1,HOLD,STOP,16184
NO_50_ALL,EMA8,43823,2026-09-04 12:22:37.860,-1,HOLD,STOP,9494
NO_50_ALL,PIN7,43844,2026-09-04 12:50:00.048,1,HOLD,TARGET,90
NO_50_ALL,EMA8,43855,2026-09-04 12:55:08.732,1,HOLD,STOP,4595
NO_50_ALL,EMA24,43859,2026-09-04 12:55:55.200,1,HOLD,TARGET,5740
NO_50_ALL,EMA24,43871,2026-09-04 12:59:51.960,-1,HOLD,TARGET,8990
NO_50_ALL,EMA8,44291,2026-09-07 06:33:49.640,1,HOLD,STOP,2643
NO_50_ALL,PIN7,44316,2026-09-07 07:01:47.888,-1,HOLD,TARGET,11626
NO_50_ALL,PIN7,44317,2026-09-07 07:04:17.948,-1,HOLD,STOP,3287
NO_50_ALL,EMA24,44320,2026-09-07 07:09:34.400,-1,HOLD,TARGET,313
NO_50_ALL,EMA24,44330,2026-09-07 07:40:14.212,-1,HOLD,TARGET,1379
NO_50_ALL,PIN7,44338,2026-09-07 07:58:20.160,-1,HOLD,TARGET,2014
NO_50_ALL,PIN7,45322,2026-09-08 06:33:05.644,-1,HOLD,TARGET,4899
NO_50_ALL,PIN7,45336,2026-09-08 06:35:24.440,-1,HOLD,TARGET,7337
NO_50_ALL,PIN7,45340,2026-09-08 06:36:13.868,-1,HOLD,TARGET,4685
NO_50_ALL,PIN_STRICT,45357,2026-09-08 06:40:41.196,-1,HOLD,TARGET,3206
NO_50_ALL,PIN_STRICT,45358,2026-09-08 06:40:49.060,-1,HOLD,TARGET,2231
NO_50_ALL,PIN_STRICT,45361,2026-09-08 06:41:47.320,-1,HOLD,TARGET,4230
NO_50_ALL,EMA8,45368,2026-09-08 06:42:43.928,-1,HOLD,TARGET,5055
NO_50_ALL,PIN_STRICT,45468,2026-09-08 07:02:00.204,-1,HOLD,TARGET,3026
NO_50_ALL,EMA8,45474,2026-09-08 07:03:06.468,-1,HOLD,TARGET,21484
NO_50_ALL,PIN7,45514,2026-09-08 07:10:00.740,-1,HOLD,TARGET,1152
NO_50_ALL,EMA8,45519,2026-09-08 07:10:55.004,-1,HOLD,TARGET,13605
NO_50_ALL,EMA8,45524,2026-09-08 07:11:45.268,-1,HOLD,TARGET,1550
NO_50_ALL,PIN7,45533,2026-09-08 07:13:34.440,1,HOLD,TARGET,635
NO_50_ALL,PIN7,45673,2026-09-08 07:50:55.056,1,HOLD,TARGET,2190
NO_50_ALL,EMA8,45682,2026-09-08 07:55:00.168,1,HOLD,TARGET,1388
NO_50_ALL,PIN7,45998,2026-09-08 11:41:45.556,-1,HOLD,STOP,4866
NO_50_ALL,PIN7,46009,2026-09-08 11:47:59.508,-1,HOLD,TARGET,1503
NO_50_ALL,PIN7,46010,2026-09-08 11:48:01.284,-1,HOLD,TARGET,217
NO_50_ALL,EMA8,46015,2026-09-08 11:48:15.808,-1,HOLD,TARGET,6047
NO_50_ALL,EMA8,46017,2026-09-08 11:48:21.080,-1,HOLD,TARGET,3436
NO_50_ALL,EMA8,46019,2026-09-08 11:48:28.844,-1,HOLD,TARGET,6270
NO_50_ALL,EMA8,46021,2026-09-08 11:48:37.004,-1,HOLD,TARGET,2596
NO_50_ALL,EMA8,46023,2026-09-08 11:48:42.204,-1,HOLD,TARGET,958
NO_50_ALL,PIN_STRICT,46026,2026-09-08 11:48:54.112,-1,HOLD,TARGET,1420
NO_50_ALL,PIN7,46027,2026-09-08 11:48:56.640,-1,HOLD,TARGET,257
NO_50_ALL,PIN_STRICT,46031,2026-09-08 11:49:00.632,-1,HOLD,TARGET,1
NO_50_ALL,EMA24,46043,2026-09-08 11:49:23.908,-1,HOLD,TARGET,489
NO_50_ALL,EMA8,46060,2026-09-08 11:50:58.040,1,HOLD,TARGET,374
NO_50_ALL,EMA8,46083,2026-09-08 11:56:56.552,1,HOLD,TARGET,3629
NO_50_ALL,EMA24,46113,2026-09-08 12:15:44.528,1,HOLD,STOP,10160
NO_50_ALL,EMA8,46160,2026-09-08 12:49:20.008,-1,HOLD,TARGET,2753
NO_50_ALL,EMA24,46178,2026-09-08 12:50:37.784,-1,HOLD,TARGET,5995
NO_50_ALL,PIN7,46190,2026-09-08 12:53:18.064,-1,HOLD,TARGET,4705
NO_50_ALL,PIN_STRICT,46230,2026-09-08 12:59:53.420,1,HOLD,STOP,9427
NO_50_ALL,PIN7,47078,2026-09-09 06:32:56.500,-1,HOLD,STOP,21311
NO_50_ALL,PIN7,47084,2026-09-09 06:34:08.672,1,HOLD,TARGET,1468
NO_50_ALL,PIN_STRICT,47087,2026-09-09 06:34:25.904,1,HOLD,TARGET,621
NO_50_ALL,EMA24,47095,2026-09-09 06:35:30.800,1,HOLD,TARGET,1124
NO_50_ALL,PIN7,47112,2026-09-09 06:38:05.948,-1,HOLD,STOP,10261
NO_50_ALL,PIN7,47228,2026-09-09 07:02:27.740,-1,HOLD,TARGET,8253
NO_50_ALL,EMA24,47234,2026-09-09 07:04:11.504,-1,HOLD,STOP,4449
NO_50_ALL,PIN7,47270,2026-09-09 07:16:09.040,-1,HOLD,TARGET,1791
NO_50_ALL,EMA8,47278,2026-09-09 07:17:40.312,-1,HOLD,TARGET,5628
NO_50_ALL,EMA8,47280,2026-09-09 07:18:01.908,-1,HOLD,TARGET,2129
NO_50_ALL,EMA8,47314,2026-09-09 07:24:52.240,-1,HOLD,TARGET,156
NO_50_ALL,EMA8,47317,2026-09-09 07:24:58.740,-1,HOLD,TARGET,418
NO_50_ALL,EMA8,47320,2026-09-09 07:25:07.004,-1,HOLD,STOP,5310
NO_50_ALL,PIN7,47327,2026-09-09 07:26:11.256,1,HOLD,TARGET,4779
NO_50_ALL,EMA8,47333,2026-09-09 07:27:26.704,1,HOLD,TARGET,1249
NO_50_ALL,PIN_STRICT,47344,2026-09-09 07:29:14.564,1,HOLD,TARGET,573
NO_50_ALL,EMA24,47358,2026-09-09 07:32:32.248,1,HOLD,STOP,11767
NO_50_ALL,PIN7,47377,2026-09-09 07:37:26.108,-1,HOLD,STOP,23308
NO_50_ALL,PIN7,47893,2026-09-09 11:10:18.540,-1,HOLD,TARGET,9457
NO_50_ALL,PIN7,47894,2026-09-09 11:11:55.800,-1,HOLD,TARGET,5656
NO_50_ALL,PIN_STRICT,47896,2026-09-09 11:14:59.392,-1,HOLD,TARGET,679
NO_50_ALL,PIN_STRICT,47920,2026-09-09 11:42:46.360,1,HOLD,STOP,8930
NO_50_ALL,EMA24,47924,2026-09-09 11:50:52.012,1,HOLD,TARGET,4857
NO_50_ALL,EMA24,47952,2026-09-09 12:30:36.304,1,HOLD,STOP,8845
NO_50_ALL,EMA8,47965,2026-09-09 12:45:27.720,-1,HOLD,TARGET,1018
NO_50_ALL,PIN7,47974,2026-09-09 12:50:17.404,-1,HOLD,TARGET,2696
NO_50_ALL,PIN7,47975,2026-09-09 12:50:57.004,-1,HOLD,TARGET,983
NO_50_ALL,EMA24,47987,2026-09-09 12:56:49.956,-1,HOLD,TARGET,3309
NO_50_ALL,EMA24,47992,2026-09-09 12:59:01.940,-1,HOLD,TARGET,2856
NO_50_ALL,PIN7,48997,2026-09-10 06:35:12.024,1,HOLD,TARGET,8618
NO_50_ALL,PIN7,48998,2026-09-10 06:35:17.220,1,HOLD,NONE,25476
NO_50_ALL,EMA24,49050,2026-09-10 06:40:16.212,1,HOLD,TARGET,2603
NO_50_ALL,PIN_STRICT,49216,2026-09-10 07:02:12.228,1,HOLD,TARGET,1303
NO_50_ALL,EMA24,49225,2026-09-10 07:03:22.308,1,HOLD,TARGET,3934
NO_50_ALL,PIN_STRICT,49251,2026-09-10 07:08:39.504,-1,HOLD,TARGET,8901
NO_50_ALL,EMA24,49284,2026-09-10 07:15:00.524,1,HOLD,STOP,6248
NO_50_ALL,PIN7,49293,2026-09-10 07:16:34.300,1,HOLD,TARGET,4901
NO_50_ALL,PIN7,49310,2026-09-10 07:19:10.484,1,HOLD,TARGET,1447
NO_50_ALL,PIN7,49315,2026-09-10 07:19:46.184,1,HOLD,TARGET,1967
NO_50_ALL,PIN7,49317,2026-09-10 07:19:56.224,1,HOLD,TARGET,4002
NO_50_ALL,EMA8,49330,2026-09-10 07:22:38.468,1,HOLD,TARGET,739
NO_50_ALL,PIN_STRICT,49348,2026-09-10 07:24:40.464,1,HOLD,TARGET,1
NO_50_ALL,EMA24,49366,2026-09-10 07:24:50.576,1,HOLD,TARGET,12052
NO_50_ALL,PIN7,49385,2026-09-10 07:25:19.952,1,HOLD,TARGET,3758
NO_50_ALL,EMA24,49391,2026-09-10 07:25:35.384,1,HOLD,STOP,9602
NO_50_ALL,PIN7,49403,2026-09-10 07:26:24.552,-1,HOLD,TARGET,1146
NO_50_ALL,EMA8,49419,2026-09-10 07:27:47.396,-1,HOLD,TARGET,794
NO_50_ALL,PIN7,49423,2026-09-10 07:29:06.552,-1,HOLD,TARGET,2824
NO_50_ALL,EMA8,49462,2026-09-10 07:36:31.752,1,HOLD,TARGET,1906
NO_50_ALL,EMA8,49466,2026-09-10 07:37:39.740,1,HOLD,TARGET,1009
NO_50_ALL,PIN7,49468,2026-09-10 07:38:18.000,1,HOLD,STOP,13694
NO_50_ALL,EMA8,49470,2026-09-10 07:38:48.388,1,HOLD,STOP,9346
NO_50_ALL,PIN7,49487,2026-09-10 07:42:55.044,-1,HOLD,TARGET,955
NO_50_ALL,PIN7,49489,2026-09-10 07:43:30.820,-1,HOLD,TARGET,311
NO_50_ALL,PIN_STRICT,49491,2026-09-10 07:44:29.196,-1,HOLD,STOP,20859
NO_50_ALL,EMA8,49497,2026-09-10 07:45:49.448,-1,HOLD,TARGET,1503
NO_50_ALL,EMA24,49502,2026-09-10 07:46:30.040,-1,HOLD,TARGET,7202
NO_50_ALL,EMA24,49536,2026-09-10 07:53:29.944,1,HOLD,TARGET,472
NO_50_ALL,PIN7,49551,2026-09-10 07:57:13.440,1,HOLD,TARGET,5595
NO_50_ALL,EMA8,49557,2026-09-10 07:58:52.388,1,HOLD,STOP,19113
NO_50_ALL,PIN7,50037,2026-09-10 11:02:19.680,-1,HOLD,TARGET,1032
NO_50_ALL,PIN7,50039,2026-09-10 11:03:16.004,-1,HOLD,TARGET,8877
NO_50_ALL,PIN_STRICT,50040,2026-09-10 11:03:31.984,-1,HOLD,STOP,17496
NO_50_ALL,EMA8,50042,2026-09-10 11:04:50.848,-1,HOLD,TARGET,1740
NO_50_ALL,PIN7,50052,2026-09-10 11:10:09.944,-1,HOLD,TARGET,1289
NO_50_ALL,EMA24,50059,2026-09-10 11:14:45.524,-1,HOLD,TARGET,1281
NO_50_ALL,PIN7,50083,2026-09-10 11:32:37.156,-1,HOLD,TARGET,1806
NO_50_ALL,PIN7,50122,2026-09-10 11:51:26.412,1,HOLD,TARGET,3030
NO_50_ALL,PIN7,50123,2026-09-10 11:51:27.792,1,HOLD,TARGET,6182
NO_50_ALL,EMA8,50127,2026-09-10 11:51:44.700,1,HOLD,TARGET,582
NO_50_ALL,EMA24,50133,2026-09-10 11:52:44.916,1,HOLD,TARGET,846
NO_50_ALL,EMA8,50153,2026-09-10 12:00:30.600,-1,HOLD,TARGET,2927
NO_50_ALL,PIN7,50159,2026-09-10 12:03:06.548,-1,HOLD,TARGET,7692
NO_50_ALL,EMA24,50166,2026-09-10 12:07:50.900,-1,HOLD,TARGET,1331
NO_50_ALL,EMA24,50174,2026-09-10 12:09:28.604,1,HOLD,TARGET,2332
NO_50_ALL,EMA8,50194,2026-09-10 12:19:04.476,-1,HOLD,TARGET,16306
NO_50_ALL,EMA24,50198,2026-09-10 12:20:45.504,-1,HOLD,TARGET,885
NO_50_ALL,EMA8,50231,2026-09-10 12:42:01.420,1,HOLD,TARGET,4920
NO_50_ALL,PIN7,50252,2026-09-10 12:51:07.064,-1,HOLD,TARGET,10010
NO_50_ALL,PIN7,51749,2026-09-11 06:32:14.340,1,HOLD,TARGET,1289
NO_50_ALL,PIN7,51750,2026-09-11 06:32:17.144,1,HOLD,TARGET,104
NO_50_ALL,PIN7,51769,2026-09-11 06:33:32.216,1,HOLD,TARGET,7178
NO_50_ALL,EMA8,51771,2026-09-11 06:33:40.784,1,HOLD,TARGET,3125
NO_50_ALL,PIN7,51774,2026-09-11 06:33:54.692,1,HOLD,TARGET,795
NO_50_ALL,EMA8,51779,2026-09-11 06:34:07.060,1,HOLD,TARGET,5415
NO_50_ALL,EMA8,51783,2026-09-11 06:34:39.740,1,HOLD,TARGET,123
NO_50_ALL,EMA8,51794,2026-09-11 06:35:38.752,1,HOLD,STOP,20675
NO_50_ALL,PIN_STRICT,51846,2026-09-11 06:40:26.424,-1,HOLD,TARGET,209
NO_50_ALL,EMA24,51861,2026-09-11 06:40:40.060,1,HOLD,TARGET,493
NO_50_ALL,EMA8,51890,2026-09-11 06:42:18.132,-1,HOLD,NONE,21942
NO_50_ALL,EMA24,52067,2026-09-11 07:00:05.908,1,HOLD,TARGET,2560
NO_50_ALL,EMA8,52091,2026-09-11 07:02:35.032,-1,HOLD,STOP,6621
NO_50_ALL,PIN7,52117,2026-09-11 07:06:04.188,-1,HOLD,TARGET,5920
NO_50_ALL,EMA24,52124,2026-09-11 07:06:34.668,-1,HOLD,TARGET,3352
NO_50_ALL,PIN7,52154,2026-09-11 07:10:11.840,1,HOLD,TARGET,5083
NO_50_ALL,EMA8,52166,2026-09-11 07:12:04.140,-1,HOLD,TARGET,675
NO_50_ALL,PIN7,52170,2026-09-11 07:12:35.096,-1,HOLD,STOP,8497
NO_50_ALL,PIN7,52185,2026-09-11 07:14:52.576,-1,HOLD,TARGET,997
NO_50_ALL,EMA8,52188,2026-09-11 07:15:14.528,-1,HOLD,TARGET,13011
NO_50_ALL,EMA24,52194,2026-09-11 07:15:52.332,-1,HOLD,TARGET,2701
NO_50_ALL,PIN7,52211,2026-09-11 07:18:44.148,1,HOLD,TARGET,782
NO_50_ALL,PIN_STRICT,52214,2026-09-11 07:18:56.916,1,HOLD,TARGET,8472
NO_50_ALL,PIN_STRICT,52215,2026-09-11 07:19:19.228,1,HOLD,TARGET,2872
NO_50_ALL,EMA8,52224,2026-09-11 07:21:45.028,1,HOLD,TARGET,1613
NO_50_ALL,PIN7,52255,2026-09-11 07:30:22.984,-1,HOLD,TARGET,323
NO_50_ALL,PIN_STRICT,52264,2026-09-11 07:32:02.024,-1,HOLD,TARGET,16346
NO_50_ALL,EMA8,52268,2026-09-11 07:33:06.528,-1,HOLD,TARGET,988
NO_50_ALL,PIN_STRICT,52278,2026-09-11 07:35:16.320,-1,HOLD,TARGET,10823
NO_50_ALL,EMA8,52283,2026-09-11 07:35:54.928,-1,HOLD,TARGET,1949
NO_50_ALL,EMA8,52286,2026-09-11 07:36:45.208,-1,HOLD,TARGET,3757
NO_50_ALL,EMA8,52295,2026-09-11 07:38:23.652,-1,HOLD,TARGET,451
NO_50_ALL,PIN7,52297,2026-09-11 07:38:35.752,-1,HOLD,TARGET,232
NO_50_ALL,EMA24,52333,2026-09-11 07:46:07.640,-1,HOLD,TARGET,1677
NO_50_ALL,EMA24,52422,2026-09-11 07:58:20.800,-1,HOLD,TARGET,8416
NO_50_ALL,PIN_STRICT,52779,2026-09-11 11:20:10.872,-1,HOLD,STOP,3717
NO_50_ALL,EMA8,52788,2026-09-11 11:21:27.724,-1,HOLD,STOP,31823
NO_50_ALL,PIN7,52812,2026-09-11 11:45:57.820,-1,HOLD,STOP,6236
NO_50_ALL,PIN7,52828,2026-09-11 12:09:52.700,-1,HOLD,TARGET,2499
NO_50_ALL,PIN7,52850,2026-09-11 12:50:00.028,-1,HOLD,TARGET,1
NO_50_ALL,EMA24,52861,2026-09-11 12:54:29.248,-1,HOLD,TARGET,3577
