bar,time,direction,family,version,segment,outcome
1025,2026-08-03 06:32:55.424,1,EMA8,CURRENT,DEV,TARGET
1025,2026-08-03 06:32:55.424,1,EMA8,NO_50_ORDER,DEV,TARGET
1025,2026-08-03 06:32:55.424,1,EMA8,NO_50_ALL,DEV,TARGET
1027,2026-08-03 06:33:01.816,1,EMA8,CURRENT,DEV,TARGET
1027,2026-08-03 06:33:01.816,1,EMA8,NO_50_ORDER,DEV,TARGET
1027,2026-08-03 06:33:01.816,1,EMA8,NO_50_ALL,DEV,TARGET
1029,2026-08-03 06:33:05.364,1,EMA24,CURRENT,DEV,TARGET
1029,2026-08-03 06:33:05.364,1,EMA24,NO_50_ORDER,DEV,TARGET
1029,2026-08-03 06:33:05.364,1,EMA24,NO_50_ALL,DEV,TARGET
1031,2026-08-03 06:33:11.392,1,EMA24,CURRENT,DEV,TARGET
1031,2026-08-03 06:33:11.392,1,EMA24,NO_50_ORDER,DEV,TARGET
1031,2026-08-03 06:33:11.392,1,EMA24,NO_50_ALL,DEV,TARGET
1035,2026-08-03 06:33:28.280,1,PIN7,CURRENT,DEV,TARGET
1035,2026-08-03 06:33:28.280,1,PIN7,NO_50_ORDER,DEV,TARGET
1035,2026-08-03 06:33:28.280,1,PIN7,NO_50_ALL,DEV,TARGET
1047,2026-08-03 06:34:11.036,1,PIN_STRICT,CURRENT,DEV,STOP
1047,2026-08-03 06:34:11.036,1,PIN_STRICT,NO_50_ORDER,DEV,STOP
1047,2026-08-03 06:34:11.036,1,PIN_STRICT,NO_50_ALL,DEV,STOP
1051,2026-08-03 06:34:29.936,1,EMA8,CURRENT,DEV,STOP
1051,2026-08-03 06:34:29.936,1,EMA8,NO_50_ORDER,DEV,STOP
1051,2026-08-03 06:34:29.936,1,EMA8,NO_50_ALL,DEV,STOP
1069,2026-08-03 06:35:44.004,1,PIN_STRICT,CURRENT,DEV,TARGET
1069,2026-08-03 06:35:44.004,1,PIN_STRICT,NO_50_ORDER,DEV,TARGET
1069,2026-08-03 06:35:44.004,1,PIN_STRICT,NO_50_ALL,DEV,TARGET
1072,2026-08-03 06:36:04.044,1,EMA8,CURRENT,DEV,TARGET
1072,2026-08-03 06:36:04.044,1,EMA8,NO_50_ORDER,DEV,TARGET
1072,2026-08-03 06:36:04.044,1,EMA8,NO_50_ALL,DEV,TARGET
1081,2026-08-03 06:36:52.268,1,PIN7,CURRENT,DEV,TARGET
1081,2026-08-03 06:36:52.268,1,PIN7,NO_50_ORDER,DEV,TARGET
1081,2026-08-03 06:36:52.268,1,PIN7,NO_50_ALL,DEV,TARGET
1116,2026-08-03 06:40:22.552,-1,PIN7,NO_50_ORDER,DEV,TARGET
1116,2026-08-03 06:40:22.552,-1,PIN7,NO_50_ALL,DEV,TARGET
1117,2026-08-03 06:40:28.284,-1,PIN7,NO_50_ORDER,DEV,TARGET
1117,2026-08-03 06:40:28.284,-1,PIN7,NO_50_ALL,DEV,TARGET
1176,2026-08-03 06:44:52.564,1,PIN7,NO_50_ORDER,DEV,TARGET
1176,2026-08-03 06:44:52.564,1,PIN7,NO_50_ALL,DEV,TARGET
1319,2026-08-03 07:00:02.252,1,EMA8,CURRENT,DEV,STOP
1319,2026-08-03 07:00:02.252,1,EMA8,NO_50_ORDER,DEV,STOP
1319,2026-08-03 07:00:02.252,1,EMA8,NO_50_ALL,DEV,STOP
1351,2026-08-03 07:04:27.896,-1,PIN_STRICT,NO_50_ALL,DEV,STOP
1389,2026-08-03 07:10:26.840,1,PIN7,CURRENT,DEV,TARGET
1389,2026-08-03 07:10:26.840,1,PIN7,NO_50_ORDER,DEV,TARGET
1389,2026-08-03 07:10:26.840,1,PIN7,NO_50_ALL,DEV,TARGET
1393,2026-08-03 07:10:53.264,1,EMA8,CURRENT,DEV,TARGET
1393,2026-08-03 07:10:53.264,1,EMA8,NO_50_ORDER,DEV,TARGET
1393,2026-08-03 07:10:53.264,1,EMA8,NO_50_ALL,DEV,TARGET
1395,2026-08-03 07:11:24.544,1,EMA8,CURRENT,DEV,TARGET
1395,2026-08-03 07:11:24.544,1,EMA8,NO_50_ORDER,DEV,TARGET
1395,2026-08-03 07:11:24.544,1,EMA8,NO_50_ALL,DEV,TARGET
1399,2026-08-03 07:12:51.456,1,EMA8,CURRENT,DEV,STOP
1399,2026-08-03 07:12:51.456,1,EMA8,NO_50_ORDER,DEV,STOP
1399,2026-08-03 07:12:51.456,1,EMA8,NO_50_ALL,DEV,STOP
1408,2026-08-03 07:15:07.836,1,PIN7,CURRENT,DEV,TARGET
1408,2026-08-03 07:15:07.836,1,PIN7,NO_50_ORDER,DEV,TARGET
1408,2026-08-03 07:15:07.836,1,PIN7,NO_50_ALL,DEV,TARGET
1409,2026-08-03 07:15:32.676,1,PIN7,CURRENT,DEV,TARGET
1409,2026-08-03 07:15:32.676,1,PIN7,NO_50_ORDER,DEV,TARGET
1409,2026-08-03 07:15:32.676,1,PIN7,NO_50_ALL,DEV,TARGET
1410,2026-08-03 07:16:00.104,1,PIN7,CURRENT,DEV,TARGET
1410,2026-08-03 07:16:00.104,1,PIN7,NO_50_ORDER,DEV,TARGET
1410,2026-08-03 07:16:00.104,1,PIN7,NO_50_ALL,DEV,TARGET
1413,2026-08-03 07:16:53.480,1,PIN_STRICT,CURRENT,DEV,TARGET
1413,2026-08-03 07:16:53.480,1,PIN_STRICT,NO_50_ORDER,DEV,TARGET
1413,2026-08-03 07:16:53.480,1,PIN_STRICT,NO_50_ALL,DEV,TARGET
1423,2026-08-03 07:21:11.684,1,EMA8,CURRENT,DEV,TARGET
1423,2026-08-03 07:21:11.684,1,EMA8,NO_50_ORDER,DEV,TARGET
1423,2026-08-03 07:21:11.684,1,EMA8,NO_50_ALL,DEV,TARGET
1428,2026-08-03 07:23:56.052,1,PIN7,CURRENT,DEV,TARGET
1428,2026-08-03 07:23:56.052,1,PIN7,NO_50_ORDER,DEV,TARGET
1428,2026-08-03 07:23:56.052,1,PIN7,NO_50_ALL,DEV,TARGET
1489,2026-08-03 07:58:58.816,1,EMA8,CURRENT,DEV,TARGET
1489,2026-08-03 07:58:58.816,1,EMA8,NO_50_ORDER,DEV,TARGET
1489,2026-08-03 07:58:58.816,1,EMA8,NO_50_ALL,DEV,TARGET
1696,2026-08-03 11:01:38.916,1,EMA8,CURRENT,DEV,TARGET
1696,2026-08-03 11:01:38.916,1,EMA8,NO_50_ORDER,DEV,TARGET
1696,2026-08-03 11:01:38.916,1,EMA8,NO_50_ALL,DEV,TARGET
1698,2026-08-03 11:03:05.052,1,EMA8,CURRENT,DEV,TARGET
1698,2026-08-03 11:03:05.052,1,EMA8,NO_50_ORDER,DEV,TARGET
1698,2026-08-03 11:03:05.052,1,EMA8,NO_50_ALL,DEV,TARGET
1700,2026-08-03 11:04:03.352,1,PIN7,CURRENT,DEV,TARGET
1700,2026-08-03 11:04:03.352,1,PIN7,NO_50_ORDER,DEV,TARGET
1700,2026-08-03 11:04:03.352,1,PIN7,NO_50_ALL,DEV,TARGET
1702,2026-08-03 11:05:08.452,1,PIN_STRICT,CURRENT,DEV,TARGET
1702,2026-08-03 11:05:08.452,1,PIN_STRICT,NO_50_ORDER,DEV,TARGET
1702,2026-08-03 11:05:08.452,1,PIN_STRICT,NO_50_ALL,DEV,TARGET
1717,2026-08-03 11:17:18.116,1,PIN7,CURRENT,DEV,STOP
1717,2026-08-03 11:17:18.116,1,PIN7,NO_50_ORDER,DEV,STOP
1717,2026-08-03 11:17:18.116,1,PIN7,NO_50_ALL,DEV,STOP
1730,2026-08-03 11:28:06.472,-1,PIN7,NO_50_ORDER,DEV,TARGET
1730,2026-08-03 11:28:06.472,-1,PIN7,NO_50_ALL,DEV,TARGET
1731,2026-08-03 11:28:33.440,-1,PIN7,NO_50_ORDER,DEV,STOP
1731,2026-08-03 11:28:33.440,-1,PIN7,NO_50_ALL,DEV,STOP
1735,2026-08-03 11:30:17.568,-1,EMA8,NO_50_ORDER,DEV,TARGET
1735,2026-08-03 11:30:17.568,-1,EMA8,NO_50_ALL,DEV,TARGET
1739,2026-08-03 11:32:39.960,-1,EMA8,NO_50_ORDER,DEV,TARGET
1739,2026-08-03 11:32:39.960,-1,EMA8,NO_50_ALL,DEV,TARGET
1745,2026-08-03 11:36:25.532,-1,EMA24,NO_50_ALL,DEV,TARGET
1759,2026-08-03 11:46:47.456,1,EMA24,CURRENT,DEV,TARGET
1759,2026-08-03 11:46:47.456,1,EMA24,NO_50_ORDER,DEV,TARGET
1759,2026-08-03 11:46:47.456,1,EMA24,NO_50_ALL,DEV,TARGET
1761,2026-08-03 11:48:09.168,1,EMA24,NO_50_ALL,DEV,TARGET
1773,2026-08-03 12:00:02.288,1,EMA24,CURRENT,DEV,TARGET
1773,2026-08-03 12:00:02.288,1,EMA24,NO_50_ORDER,DEV,TARGET
1773,2026-08-03 12:00:02.288,1,EMA24,NO_50_ALL,DEV,TARGET
1777,2026-08-03 12:02:15.008,1,PIN_STRICT,CURRENT,DEV,TARGET
1777,2026-08-03 12:02:15.008,1,PIN_STRICT,NO_50_ORDER,DEV,TARGET
1777,2026-08-03 12:02:15.008,1,PIN_STRICT,NO_50_ALL,DEV,TARGET
1778,2026-08-03 12:02:35.060,1,PIN_STRICT,CURRENT,DEV,STOP
1778,2026-08-03 12:02:35.060,1,PIN_STRICT,NO_50_ORDER,DEV,STOP
1778,2026-08-03 12:02:35.060,1,PIN_STRICT,NO_50_ALL,DEV,STOP
1802,2026-08-03 12:28:02.888,1,PIN7,CURRENT,DEV,STOP
1802,2026-08-03 12:28:02.888,1,PIN7,NO_50_ORDER,DEV,STOP
1802,2026-08-03 12:28:02.888,1,PIN7,NO_50_ALL,DEV,STOP
1821,2026-08-03 12:40:10.348,-1,PIN7,NO_50_ORDER,DEV,STOP
1821,2026-08-03 12:40:10.348,-1,PIN7,NO_50_ALL,DEV,STOP
1862,2026-08-03 12:55:03.820,-1,EMA8,CURRENT,DEV,TARGET
1862,2026-08-03 12:55:03.820,-1,EMA8,NO_50_ORDER,DEV,TARGET
1862,2026-08-03 12:55:03.820,-1,EMA8,NO_50_ALL,DEV,TARGET
1870,2026-08-03 12:58:00.088,-1,EMA24,CURRENT,DEV,STOP
1870,2026-08-03 12:58:00.088,-1,EMA24,NO_50_ORDER,DEV,STOP
1870,2026-08-03 12:58:00.088,-1,EMA24,NO_50_ALL,DEV,STOP
2587,2026-08-04 06:32:26.700,1,PIN7,CURRENT,DEV,TARGET
2587,2026-08-04 06:32:26.700,1,PIN7,NO_50_ORDER,DEV,TARGET
2587,2026-08-04 06:32:26.700,1,PIN7,NO_50_ALL,DEV,TARGET
2600,2026-08-04 06:36:28.908,1,PIN_STRICT,CURRENT,DEV,STOP
2600,2026-08-04 06:36:28.908,1,PIN_STRICT,NO_50_ORDER,DEV,STOP
2600,2026-08-04 06:36:28.908,1,PIN_STRICT,NO_50_ALL,DEV,STOP
2624,2026-08-04 06:41:15.464,1,PIN7,CURRENT,DEV,STOP
2624,2026-08-04 06:41:15.464,1,PIN7,NO_50_ORDER,DEV,STOP
2624,2026-08-04 06:41:15.464,1,PIN7,NO_50_ALL,DEV,STOP
2711,2026-08-04 07:01:15.116,1,EMA8,CURRENT,DEV,TARGET
2711,2026-08-04 07:01:15.116,1,EMA8,NO_50_ORDER,DEV,TARGET
2711,2026-08-04 07:01:15.116,1,EMA8,NO_50_ALL,DEV,TARGET
2713,2026-08-04 07:01:37.220,1,PIN7,CURRENT,DEV,TARGET
2713,2026-08-04 07:01:37.220,1,PIN7,NO_50_ORDER,DEV,TARGET
2713,2026-08-04 07:01:37.220,1,PIN7,NO_50_ALL,DEV,TARGET
2715,2026-08-04 07:02:09.032,1,PIN7,CURRENT,DEV,TARGET
2715,2026-08-04 07:02:09.032,1,PIN7,NO_50_ORDER,DEV,TARGET
2715,2026-08-04 07:02:09.032,1,PIN7,NO_50_ALL,DEV,TARGET
2716,2026-08-04 07:02:24.164,1,PIN7,CURRENT,DEV,TARGET
2716,2026-08-04 07:02:24.164,1,PIN7,NO_50_ORDER,DEV,TARGET
2716,2026-08-04 07:02:24.164,1,PIN7,NO_50_ALL,DEV,TARGET
2736,2026-08-04 07:05:50.564,1,EMA8,CURRENT,DEV,TARGET
2736,2026-08-04 07:05:50.564,1,EMA8,NO_50_ORDER,DEV,TARGET
2736,2026-08-04 07:05:50.564,1,EMA8,NO_50_ALL,DEV,TARGET
2743,2026-08-04 07:08:25.252,1,EMA8,CURRENT,DEV,TARGET
2743,2026-08-04 07:08:25.252,1,EMA8,NO_50_ORDER,DEV,TARGET
2743,2026-08-04 07:08:25.252,1,EMA8,NO_50_ALL,DEV,TARGET
2755,2026-08-04 07:14:56.764,1,PIN7,CURRENT,DEV,TARGET
2755,2026-08-04 07:14:56.764,1,PIN7,NO_50_ORDER,DEV,TARGET
2755,2026-08-04 07:14:56.764,1,PIN7,NO_50_ALL,DEV,TARGET
2760,2026-08-04 07:16:44.524,1,EMA8,CURRENT,DEV,TARGET
2760,2026-08-04 07:16:44.524,1,EMA8,NO_50_ORDER,DEV,TARGET
2760,2026-08-04 07:16:44.524,1,EMA8,NO_50_ALL,DEV,TARGET
2762,2026-08-04 07:17:18.796,1,EMA8,CURRENT,DEV,TARGET
2762,2026-08-04 07:17:18.796,1,EMA8,NO_50_ORDER,DEV,TARGET
2762,2026-08-04 07:17:18.796,1,EMA8,NO_50_ALL,DEV,TARGET
2771,2026-08-04 07:19:46.872,1,EMA8,CURRENT,DEV,STOP
2771,2026-08-04 07:19:46.872,1,EMA8,NO_50_ORDER,DEV,STOP
2771,2026-08-04 07:19:46.872,1,EMA8,NO_50_ALL,DEV,STOP
2786,2026-08-04 07:22:37.292,-1,EMA24,NO_50_ORDER,DEV,TARGET
2786,2026-08-04 07:22:37.292,-1,EMA24,NO_50_ALL,DEV,TARGET
2796,2026-08-04 07:24:17.296,-1,EMA24,NO_50_ALL,DEV,TARGET
2847,2026-08-04 07:37:29.576,1,EMA24,CURRENT,DEV,TARGET
2847,2026-08-04 07:37:29.576,1,EMA24,NO_50_ORDER,DEV,TARGET
2847,2026-08-04 07:37:29.576,1,EMA24,NO_50_ALL,DEV,TARGET
2890,2026-08-04 07:42:47.812,1,PIN7,CURRENT,DEV,TARGET
2890,2026-08-04 07:42:47.812,1,PIN7,NO_50_ORDER,DEV,TARGET
2890,2026-08-04 07:42:47.812,1,PIN7,NO_50_ALL,DEV,TARGET
2891,2026-08-04 07:43:36.808,1,PIN7,CURRENT,DEV,TARGET
2891,2026-08-04 07:43:36.808,1,PIN7,NO_50_ORDER,DEV,TARGET
2891,2026-08-04 07:43:36.808,1,PIN7,NO_50_ALL,DEV,TARGET
2894,2026-08-04 07:44:59.916,1,PIN_STRICT,NO_50_ALL,DEV,NONE
2897,2026-08-04 07:45:16.056,1,EMA8,CURRENT,DEV,TARGET
2897,2026-08-04 07:45:16.056,1,EMA8,NO_50_ORDER,DEV,TARGET
2897,2026-08-04 07:45:16.056,1,EMA8,NO_50_ALL,DEV,TARGET
2904,2026-08-04 07:48:15.420,1,EMA8,CURRENT,DEV,TARGET
2904,2026-08-04 07:48:15.420,1,EMA8,NO_50_ORDER,DEV,TARGET
2904,2026-08-04 07:48:15.420,1,EMA8,NO_50_ALL,DEV,TARGET
2926,2026-08-04 07:58:03.960,1,EMA8,CURRENT,DEV,TARGET
2926,2026-08-04 07:58:03.960,1,EMA8,NO_50_ORDER,DEV,TARGET
2926,2026-08-04 07:58:03.960,1,EMA8,NO_50_ALL,DEV,TARGET
2928,2026-08-04 07:59:01.968,1,PIN7,CURRENT,DEV,TARGET
2928,2026-08-04 07:59:01.968,1,PIN7,NO_50_ORDER,DEV,TARGET
2928,2026-08-04 07:59:01.968,1,PIN7,NO_50_ALL,DEV,TARGET
3281,2026-08-04 11:00:49.780,-1,PIN_STRICT,CURRENT,DEV,STOP
3281,2026-08-04 11:00:49.780,-1,PIN_STRICT,NO_50_ORDER,DEV,STOP
3281,2026-08-04 11:00:49.780,-1,PIN_STRICT,NO_50_ALL,DEV,STOP
3302,2026-08-04 11:04:26.876,-1,PIN7,CURRENT,DEV,TARGET
3302,2026-08-04 11:04:26.876,-1,PIN7,NO_50_ORDER,DEV,TARGET
3302,2026-08-04 11:04:26.876,-1,PIN7,NO_50_ALL,DEV,TARGET
3304,2026-08-04 11:04:45.436,-1,PIN7,CURRENT,DEV,STOP
3304,2026-08-04 11:04:45.436,-1,PIN7,NO_50_ORDER,DEV,STOP
3304,2026-08-04 11:04:45.436,-1,PIN7,NO_50_ALL,DEV,STOP
3329,2026-08-04 11:10:58.540,1,EMA24,NO_50_ALL,DEV,NONE
3391,2026-08-04 11:40:16.704,-1,PIN7,CURRENT,DEV,TARGET
3391,2026-08-04 11:40:16.704,-1,PIN7,NO_50_ORDER,DEV,TARGET
3391,2026-08-04 11:40:16.704,-1,PIN7,NO_50_ALL,DEV,TARGET
3401,2026-08-04 11:43:31.520,-1,PIN7,CURRENT,DEV,STOP
3401,2026-08-04 11:43:31.520,-1,PIN7,NO_50_ORDER,DEV,STOP
3401,2026-08-04 11:43:31.520,-1,PIN7,NO_50_ALL,DEV,STOP
3417,2026-08-04 11:50:12.044,1,EMA8,CURRENT,DEV,TARGET
3417,2026-08-04 11:50:12.044,1,EMA8,NO_50_ORDER,DEV,TARGET
3417,2026-08-04 11:50:12.044,1,EMA8,NO_50_ALL,DEV,TARGET
3420,2026-08-04 11:51:53.460,1,EMA8,CURRENT,DEV,STOP
3420,2026-08-04 11:51:53.460,1,EMA8,NO_50_ORDER,DEV,STOP
3420,2026-08-04 11:51:53.460,1,EMA8,NO_50_ALL,DEV,STOP
3468,2026-08-04 12:13:40.804,1,EMA24,CURRENT,DEV,TARGET
3468,2026-08-04 12:13:40.804,1,EMA24,NO_50_ORDER,DEV,TARGET
3468,2026-08-04 12:13:40.804,1,EMA24,NO_50_ALL,DEV,TARGET
3472,2026-08-04 12:16:19.744,1,EMA24,CURRENT,DEV,TARGET
3472,2026-08-04 12:16:19.744,1,EMA24,NO_50_ORDER,DEV,TARGET
3472,2026-08-04 12:16:19.744,1,EMA24,NO_50_ALL,DEV,TARGET
3487,2026-08-04 12:26:10.448,-1,PIN7,NO_50_ORDER,DEV,TARGET
3487,2026-08-04 12:26:10.448,-1,PIN7,NO_50_ALL,DEV,TARGET
3520,2026-08-04 12:38:19.804,1,PIN7,NO_50_ORDER,DEV,TARGET
3520,2026-08-04 12:38:19.804,1,PIN7,NO_50_ALL,DEV,TARGET
3524,2026-08-04 12:40:15.916,1,EMA8,CURRENT,DEV,TARGET
3524,2026-08-04 12:40:15.916,1,EMA8,NO_50_ORDER,DEV,TARGET
3524,2026-08-04 12:40:15.916,1,EMA8,NO_50_ALL,DEV,TARGET
3530,2026-08-04 12:43:46.932,1,EMA8,CURRENT,DEV,TARGET
3530,2026-08-04 12:43:46.932,1,EMA8,NO_50_ORDER,DEV,TARGET
3530,2026-08-04 12:43:46.932,1,EMA8,NO_50_ALL,DEV,TARGET
3560,2026-08-04 12:50:30.808,-1,PIN7,CURRENT,DEV,TARGET
3560,2026-08-04 12:50:30.808,-1,PIN7,NO_50_ORDER,DEV,TARGET
3560,2026-08-04 12:50:30.808,-1,PIN7,NO_50_ALL,DEV,TARGET
3565,2026-08-04 12:51:50.464,-1,EMA8,CURRENT,DEV,TARGET
3565,2026-08-04 12:51:50.464,-1,EMA8,NO_50_ORDER,DEV,TARGET
3565,2026-08-04 12:51:50.464,-1,EMA8,NO_50_ALL,DEV,TARGET
3567,2026-08-04 12:52:08.384,-1,EMA8,CURRENT,DEV,TARGET
3567,2026-08-04 12:52:08.384,-1,EMA8,NO_50_ORDER,DEV,TARGET
3567,2026-08-04 12:52:08.384,-1,EMA8,NO_50_ALL,DEV,TARGET
3575,2026-08-04 12:54:08.616,-1,PIN7,CURRENT,DEV,TARGET
3575,2026-08-04 12:54:08.616,-1,PIN7,NO_50_ORDER,DEV,TARGET
3575,2026-08-04 12:54:08.616,-1,PIN7,NO_50_ALL,DEV,TARGET
3576,2026-08-04 12:54:16.924,-1,PIN7,CURRENT,DEV,TARGET
3576,2026-08-04 12:54:16.924,-1,PIN7,NO_50_ORDER,DEV,TARGET
3576,2026-08-04 12:54:16.924,-1,PIN7,NO_50_ALL,DEV,TARGET
3607,2026-08-04 12:59:25.016,1,PIN_STRICT,NO_50_ALL,DEV,STOP
3616,2026-08-04 12:59:44.036,-1,PIN7,CURRENT,DEV,TARGET
3616,2026-08-04 12:59:44.036,-1,PIN7,NO_50_ORDER,DEV,TARGET
3616,2026-08-04 12:59:44.036,-1,PIN7,NO_50_ALL,DEV,TARGET
4490,2026-08-05 06:31:06.756,1,PIN7,CURRENT,DEV,TARGET
4490,2026-08-05 06:31:06.756,1,PIN7,NO_50_ORDER,DEV,TARGET
4490,2026-08-05 06:31:06.756,1,PIN7,NO_50_ALL,DEV,TARGET
4540,2026-08-05 06:36:31.080,-1,PIN_STRICT,NO_50_ALL,DEV,TARGET
4541,2026-08-05 06:36:35.616,-1,PIN_STRICT,NO_50_ALL,DEV,STOP
4542,2026-08-05 06:36:37.384,-1,PIN_STRICT,NO_50_ALL,DEV,STOP
4578,2026-08-05 06:39:52.952,1,PIN_STRICT,CURRENT,DEV,TARGET
4578,2026-08-05 06:39:52.952,1,PIN_STRICT,NO_50_ORDER,DEV,TARGET
4578,2026-08-05 06:39:52.952,1,PIN_STRICT,NO_50_ALL,DEV,TARGET
4581,2026-08-05 06:39:53.476,1,PIN_STRICT,CURRENT,DEV,TARGET
4581,2026-08-05 06:39:53.476,1,PIN_STRICT,NO_50_ORDER,DEV,TARGET
4581,2026-08-05 06:39:53.476,1,PIN_STRICT,NO_50_ALL,DEV,TARGET
4618,2026-08-05 06:43:36.496,-1,PIN7,NO_50_ORDER,DEV,TARGET
4618,2026-08-05 06:43:36.496,-1,PIN7,NO_50_ALL,DEV,TARGET
4625,2026-08-05 06:44:06.224,-1,EMA24,NO_50_ALL,DEV,TARGET
4846,2026-08-05 07:01:03.532,-1,EMA24,NO_50_ALL,DEV,TARGET
4850,2026-08-05 07:01:22.552,-1,EMA24,NO_50_ALL,DEV,TARGET
4856,2026-08-05 07:01:46.872,-1,EMA8,CURRENT,DEV,TARGET
4856,2026-08-05 07:01:46.872,-1,EMA8,NO_50_ORDER,DEV,TARGET
4856,2026-08-05 07:01:46.872,-1,EMA8,NO_50_ALL,DEV,TARGET
4886,2026-08-05 07:04:29.920,1,EMA24,NO_50_ORDER,DEV,TARGET
4886,2026-08-05 07:04:29.920,1,EMA24,NO_50_ALL,DEV,TARGET
4895,2026-08-05 07:05:01.848,1,PIN7,NO_50_ORDER,DEV,TARGET
4895,2026-08-05 07:05:01.848,1,PIN7,NO_50_ALL,DEV,TARGET
4899,2026-08-05 07:05:16.744,1,PIN7,CURRENT,DEV,TARGET
4899,2026-08-05 07:05:16.744,1,PIN7,NO_50_ORDER,DEV,TARGET
4899,2026-08-05 07:05:16.744,1,PIN7,NO_50_ALL,DEV,TARGET
4909,2026-08-05 07:05:50.004,1,EMA8,CURRENT,DEV,STOP
4909,2026-08-05 07:05:50.004,1,EMA8,NO_50_ORDER,DEV,STOP
4909,2026-08-05 07:05:50.004,1,EMA8,NO_50_ALL,DEV,STOP
4993,2026-08-05 07:15:05.100,1,EMA24,CURRENT,DEV,TARGET
4993,2026-08-05 07:15:05.100,1,EMA24,NO_50_ORDER,DEV,TARGET
4993,2026-08-05 07:15:05.100,1,EMA24,NO_50_ALL,DEV,TARGET
5030,2026-08-05 07:20:05.860,-1,PIN_STRICT,NO_50_ALL,DEV,TARGET
5034,2026-08-05 07:20:20.652,-1,EMA8,CURRENT,DEV,TARGET
5034,2026-08-05 07:20:20.652,-1,EMA8,NO_50_ORDER,DEV,TARGET
5034,2026-08-05 07:20:20.652,-1,EMA8,NO_50_ALL,DEV,TARGET
5036,2026-08-05 07:20:28.032,-1,EMA8,CURRENT,DEV,TARGET
5036,2026-08-05 07:20:28.032,-1,EMA8,NO_50_ORDER,DEV,TARGET
5036,2026-08-05 07:20:28.032,-1,EMA8,NO_50_ALL,DEV,TARGET
5041,2026-08-05 07:21:06.552,-1,EMA8,CURRENT,DEV,STOP
5041,2026-08-05 07:21:06.552,-1,EMA8,NO_50_ORDER,DEV,STOP
5041,2026-08-05 07:21:06.552,-1,EMA8,NO_50_ALL,DEV,STOP
5049,2026-08-05 07:22:10.876,-1,EMA8,CURRENT,DEV,TARGET
5049,2026-08-05 07:22:10.876,-1,EMA8,NO_50_ORDER,DEV,TARGET
5049,2026-08-05 07:22:10.876,-1,EMA8,NO_50_ALL,DEV,TARGET
5053,2026-08-05 07:22:26.564,-1,EMA8,CURRENT,DEV,TARGET
5053,2026-08-05 07:22:26.564,-1,EMA8,NO_50_ORDER,DEV,TARGET
5053,2026-08-05 07:22:26.564,-1,EMA8,NO_50_ALL,DEV,TARGET
5057,2026-08-05 07:22:53.764,-1,EMA8,CURRENT,DEV,TARGET
5057,2026-08-05 07:22:53.764,-1,EMA8,NO_50_ORDER,DEV,TARGET
5057,2026-08-05 07:22:53.764,-1,EMA8,NO_50_ALL,DEV,TARGET
5061,2026-08-05 07:23:12.508,-1,EMA8,CURRENT,DEV,TARGET
5061,2026-08-05 07:23:12.508,-1,EMA8,NO_50_ORDER,DEV,TARGET
5061,2026-08-05 07:23:12.508,-1,EMA8,NO_50_ALL,DEV,TARGET
5066,2026-08-05 07:23:32.376,-1,PIN7,CURRENT,DEV,STOP
5066,2026-08-05 07:23:32.376,-1,PIN7,NO_50_ORDER,DEV,STOP
5066,2026-08-05 07:23:32.376,-1,PIN7,NO_50_ALL,DEV,STOP
5078,2026-08-05 07:25:12.824,1,PIN_STRICT,NO_50_ALL,DEV,TARGET
5081,2026-08-05 07:25:25.012,1,PIN_STRICT,NO_50_ALL,DEV,TARGET
5082,2026-08-05 07:25:31.036,1,PIN_STRICT,NO_50_ALL,DEV,TARGET
5083,2026-08-05 07:25:33.744,1,PIN_STRICT,NO_50_ALL,DEV,TARGET
5123,2026-08-05 07:29:53.036,-1,PIN_STRICT,CURRENT,DEV,TARGET
5123,2026-08-05 07:29:53.036,-1,PIN_STRICT,NO_50_ORDER,DEV,TARGET
5123,2026-08-05 07:29:53.036,-1,PIN_STRICT,NO_50_ALL,DEV,TARGET
5129,2026-08-05 07:30:09.948,-1,PIN7,CURRENT,DEV,TARGET
5129,2026-08-05 07:30:09.948,-1,PIN7,NO_50_ORDER,DEV,TARGET
5129,2026-08-05 07:30:09.948,-1,PIN7,NO_50_ALL,DEV,TARGET
5131,2026-08-05 07:30:19.320,-1,EMA8,CURRENT,DEV,TARGET
5131,2026-08-05 07:30:19.320,-1,EMA8,NO_50_ORDER,DEV,TARGET
5131,2026-08-05 07:30:19.320,-1,EMA8,NO_50_ALL,DEV,TARGET
5138,2026-08-05 07:31:06.088,-1,EMA24,CURRENT,DEV,TARGET
5138,2026-08-05 07:31:06.088,-1,EMA24,NO_50_ORDER,DEV,TARGET
5138,2026-08-05 07:31:06.088,-1,EMA24,NO_50_ALL,DEV,TARGET
5142,2026-08-05 07:31:25.308,-1,PIN7,CURRENT,DEV,TARGET
5142,2026-08-05 07:31:25.308,-1,PIN7,NO_50_ORDER,DEV,TARGET
5142,2026-08-05 07:31:25.308,-1,PIN7,NO_50_ALL,DEV,TARGET
5149,2026-08-05 07:32:22.196,-1,EMA24,CURRENT,DEV,TARGET
5149,2026-08-05 07:32:22.196,-1,EMA24,NO_50_ORDER,DEV,TARGET
5149,2026-08-05 07:32:22.196,-1,EMA24,NO_50_ALL,DEV,TARGET
5188,2026-08-05 07:36:22.976,-1,PIN7,CURRENT,DEV,TARGET
5188,2026-08-05 07:36:22.976,-1,PIN7,NO_50_ORDER,DEV,TARGET
5188,2026-08-05 07:36:22.976,-1,PIN7,NO_50_ALL,DEV,TARGET
5203,2026-08-05 07:37:47.816,-1,EMA8,CURRENT,DEV,TARGET
5203,2026-08-05 07:37:47.816,-1,EMA8,NO_50_ORDER,DEV,TARGET
5203,2026-08-05 07:37:47.816,-1,EMA8,NO_50_ALL,DEV,TARGET
5219,2026-08-05 07:40:03.340,-1,PIN7,CURRENT,DEV,STOP
5219,2026-08-05 07:40:03.340,-1,PIN7,NO_50_ORDER,DEV,STOP
5219,2026-08-05 07:40:03.340,-1,PIN7,NO_50_ALL,DEV,STOP
5277,2026-08-05 07:46:42.004,1,PIN_STRICT,NO_50_ALL,DEV,STOP
5286,2026-08-05 07:47:55.580,1,EMA24,CURRENT,DEV,TARGET
5286,2026-08-05 07:47:55.580,1,EMA24,NO_50_ORDER,DEV,TARGET
5286,2026-08-05 07:47:55.580,1,EMA24,NO_50_ALL,DEV,TARGET
5300,2026-08-05 07:50:22.408,1,EMA8,CURRENT,DEV,STOP
5300,2026-08-05 07:50:22.408,1,EMA8,NO_50_ORDER,DEV,STOP
5300,2026-08-05 07:50:22.408,1,EMA8,NO_50_ALL,DEV,STOP
5306,2026-08-05 07:50:57.888,-1,PIN7,NO_50_ORDER,DEV,TARGET
5306,2026-08-05 07:50:57.888,-1,PIN7,NO_50_ALL,DEV,TARGET
5320,2026-08-05 07:52:31.212,-1,PIN_STRICT,CURRENT,DEV,TARGET
5320,2026-08-05 07:52:31.212,-1,PIN_STRICT,NO_50_ORDER,DEV,TARGET
5320,2026-08-05 07:52:31.212,-1,PIN_STRICT,NO_50_ALL,DEV,TARGET
5367,2026-08-05 07:57:20.680,1,PIN7,NO_50_ORDER,DEV,TARGET
5367,2026-08-05 07:57:20.680,1,PIN7,NO_50_ALL,DEV,TARGET
6243,2026-08-05 11:03:24.612,1,PIN7,CURRENT,DEV,TARGET
6243,2026-08-05 11:03:24.612,1,PIN7,NO_50_ORDER,DEV,TARGET
6243,2026-08-05 11:03:24.612,1,PIN7,NO_50_ALL,DEV,TARGET
6295,2026-08-05 11:31:33.984,-1,PIN_STRICT,NO_50_ALL,DEV,TARGET
6339,2026-08-05 11:57:17.108,-1,PIN7,CURRENT,DEV,STOP
6339,2026-08-05 11:57:17.108,-1,PIN7,NO_50_ORDER,DEV,STOP
6339,2026-08-05 11:57:17.108,-1,PIN7,NO_50_ALL,DEV,STOP
6341,2026-08-05 11:57:43.964,-1,EMA8,CURRENT,DEV,TARGET
6341,2026-08-05 11:57:43.964,-1,EMA8,NO_50_ORDER,DEV,TARGET
6341,2026-08-05 11:57:43.964,-1,EMA8,NO_50_ALL,DEV,TARGET
6404,2026-08-05 12:35:01.624,-1,EMA8,CURRENT,DEV,TARGET
6404,2026-08-05 12:35:01.624,-1,EMA8,NO_50_ORDER,DEV,TARGET
6404,2026-08-05 12:35:01.624,-1,EMA8,NO_50_ALL,DEV,TARGET
6406,2026-08-05 12:36:12.052,-1,PIN7,CURRENT,DEV,STOP
6406,2026-08-05 12:36:12.052,-1,PIN7,NO_50_ORDER,DEV,STOP
6406,2026-08-05 12:36:12.052,-1,PIN7,NO_50_ALL,DEV,STOP
6412,2026-08-05 12:38:50.600,-1,EMA8,CURRENT,DEV,TARGET
6412,2026-08-05 12:38:50.600,-1,EMA8,NO_50_ORDER,DEV,TARGET
6412,2026-08-05 12:38:50.600,-1,EMA8,NO_50_ALL,DEV,TARGET
6416,2026-08-05 12:41:21.152,-1,EMA24,CURRENT,DEV,STOP
6416,2026-08-05 12:41:21.152,-1,EMA24,NO_50_ORDER,DEV,STOP
6416,2026-08-05 12:41:21.152,-1,EMA24,NO_50_ALL,DEV,STOP
6461,2026-08-05 12:56:23.544,-1,PIN7,CURRENT,DEV,TARGET
6461,2026-08-05 12:56:23.544,-1,PIN7,NO_50_ORDER,DEV,TARGET
6461,2026-08-05 12:56:23.544,-1,PIN7,NO_50_ALL,DEV,TARGET
6470,2026-08-05 12:59:00.100,-1,PIN7,CURRENT,DEV,TARGET
6470,2026-08-05 12:59:00.100,-1,PIN7,NO_50_ORDER,DEV,TARGET
6470,2026-08-05 12:59:00.100,-1,PIN7,NO_50_ALL,DEV,TARGET
6471,2026-08-05 12:59:02.948,-1,PIN7,CURRENT,DEV,TARGET
6471,2026-08-05 12:59:02.948,-1,PIN7,NO_50_ORDER,DEV,TARGET
6471,2026-08-05 12:59:02.948,-1,PIN7,NO_50_ALL,DEV,TARGET
6484,2026-08-05 12:59:44.020,-1,PIN_STRICT,CURRENT,DEV,TARGET
6484,2026-08-05 12:59:44.020,-1,PIN_STRICT,NO_50_ORDER,DEV,TARGET
6484,2026-08-05 12:59:44.020,-1,PIN_STRICT,NO_50_ALL,DEV,TARGET
7379,2026-08-06 06:33:16.124,-1,PIN_STRICT,CURRENT,DEV,STOP
7379,2026-08-06 06:33:16.124,-1,PIN_STRICT,NO_50_ORDER,DEV,STOP
7379,2026-08-06 06:33:16.124,-1,PIN_STRICT,NO_50_ALL,DEV,STOP
7387,2026-08-06 06:34:16.520,-1,EMA24,CURRENT,DEV,TARGET
7387,2026-08-06 06:34:16.520,-1,EMA24,NO_50_ORDER,DEV,TARGET
7387,2026-08-06 06:34:16.520,-1,EMA24,NO_50_ALL,DEV,TARGET
7401,2026-08-06 06:35:01.800,1,EMA8,NO_50_ORDER,DEV,TARGET
7401,2026-08-06 06:35:01.800,1,EMA8,NO_50_ALL,DEV,TARGET
7419,2026-08-06 06:36:00.160,1,EMA8,CURRENT,DEV,TARGET
7419,2026-08-06 06:36:00.160,1,EMA8,NO_50_ORDER,DEV,TARGET
7419,2026-08-06 06:36:00.160,1,EMA8,NO_50_ALL,DEV,TARGET
7426,2026-08-06 06:36:26.952,1,PIN7,CURRENT,DEV,TARGET
7426,2026-08-06 06:36:26.952,1,PIN7,NO_50_ORDER,DEV,TARGET
7426,2026-08-06 06:36:26.952,1,PIN7,NO_50_ALL,DEV,TARGET
7451,2026-08-06 06:39:06.856,-1,PIN7,NO_50_ORDER,DEV,TARGET
7451,2026-08-06 06:39:06.856,-1,PIN7,NO_50_ALL,DEV,TARGET
7460,2026-08-06 06:39:35.764,-1,EMA8,CURRENT,DEV,TARGET
7460,2026-08-06 06:39:35.764,-1,EMA8,NO_50_ORDER,DEV,TARGET
7460,2026-08-06 06:39:35.764,-1,EMA8,NO_50_ALL,DEV,TARGET
7475,2026-08-06 06:40:52.028,1,PIN7,NO_50_ORDER,DEV,TARGET
7475,2026-08-06 06:40:52.028,1,PIN7,NO_50_ALL,DEV,TARGET
7493,2026-08-06 06:42:04.704,1,EMA8,CURRENT,DEV,STOP
7493,2026-08-06 06:42:04.704,1,EMA8,NO_50_ORDER,DEV,STOP
7493,2026-08-06 06:42:04.704,1,EMA8,NO_50_ALL,DEV,STOP
7509,2026-08-06 06:43:23.676,1,PIN7,CURRENT,DEV,TARGET
7509,2026-08-06 06:43:23.676,1,PIN7,NO_50_ORDER,DEV,TARGET
7509,2026-08-06 06:43:23.676,1,PIN7,NO_50_ALL,DEV,TARGET
7516,2026-08-06 06:43:52.588,1,EMA8,CURRENT,DEV,TARGET
7516,2026-08-06 06:43:52.588,1,EMA8,NO_50_ORDER,DEV,TARGET
7516,2026-08-06 06:43:52.588,1,EMA8,NO_50_ALL,DEV,TARGET
7650,2026-08-06 07:00:18.188,1,EMA24,NO_50_ALL,DEV,TARGET
7709,2026-08-06 07:07:48.944,1,EMA8,CURRENT,DEV,TARGET
7709,2026-08-06 07:07:48.944,1,EMA8,NO_50_ORDER,DEV,TARGET
7709,2026-08-06 07:07:48.944,1,EMA8,NO_50_ALL,DEV,TARGET
7711,2026-08-06 07:08:14.028,1,EMA8,CURRENT,DEV,TARGET
7711,2026-08-06 07:08:14.028,1,EMA8,NO_50_ORDER,DEV,TARGET
7711,2026-08-06 07:08:14.028,1,EMA8,NO_50_ALL,DEV,TARGET
7713,2026-08-06 07:08:50.888,1,EMA8,CURRENT,DEV,TARGET
7713,2026-08-06 07:08:50.888,1,EMA8,NO_50_ORDER,DEV,TARGET
7713,2026-08-06 07:08:50.888,1,EMA8,NO_50_ALL,DEV,TARGET
7723,2026-08-06 07:10:43.428,1,EMA8,CURRENT,DEV,TARGET
7723,2026-08-06 07:10:43.428,1,EMA8,NO_50_ORDER,DEV,TARGET
7723,2026-08-06 07:10:43.428,1,EMA8,NO_50_ALL,DEV,TARGET
7727,2026-08-06 07:12:00.300,1,EMA8,CURRENT,DEV,STOP
7727,2026-08-06 07:12:00.300,1,EMA8,NO_50_ORDER,DEV,STOP
7727,2026-08-06 07:12:00.300,1,EMA8,NO_50_ALL,DEV,STOP
7771,2026-08-06 07:23:56.276,-1,PIN7,NO_50_ORDER,DEV,TARGET
7771,2026-08-06 07:23:56.276,-1,PIN7,NO_50_ALL,DEV,TARGET
7775,2026-08-06 07:25:12.248,-1,PIN7,NO_50_ORDER,DEV,TARGET
7775,2026-08-06 07:25:12.248,-1,PIN7,NO_50_ALL,DEV,TARGET
7791,2026-08-06 07:26:31.688,-1,EMA8,CURRENT,DEV,TARGET
7791,2026-08-06 07:26:31.688,-1,EMA8,NO_50_ORDER,DEV,TARGET
7791,2026-08-06 07:26:31.688,-1,EMA8,NO_50_ALL,DEV,TARGET
7799,2026-08-06 07:27:14.708,-1,EMA8,CURRENT,DEV,STOP
7799,2026-08-06 07:27:14.708,-1,EMA8,NO_50_ORDER,DEV,STOP
7799,2026-08-06 07:27:14.708,-1,EMA8,NO_50_ALL,DEV,STOP
7801,2026-08-06 07:27:17.480,-1,EMA8,CURRENT,DEV,STOP
7801,2026-08-06 07:27:17.480,-1,EMA8,NO_50_ORDER,DEV,STOP
7801,2026-08-06 07:27:17.480,-1,EMA8,NO_50_ALL,DEV,STOP
7803,2026-08-06 07:27:27.176,-1,EMA8,CURRENT,DEV,STOP
7803,2026-08-06 07:27:27.176,-1,EMA8,NO_50_ORDER,DEV,STOP
7803,2026-08-06 07:27:27.176,-1,EMA8,NO_50_ALL,DEV,STOP
7830,2026-08-06 07:30:32.168,1,PIN7,NO_50_ORDER,DEV,STOP
7830,2026-08-06 07:30:32.168,1,PIN7,NO_50_ALL,DEV,STOP
7832,2026-08-06 07:30:43.264,1,EMA8,NO_50_ORDER,DEV,STOP
7832,2026-08-06 07:30:43.264,1,EMA8,NO_50_ALL,DEV,STOP
7878,2026-08-06 07:37:23.404,-1,PIN7,NO_50_ORDER,DEV,TARGET
7878,2026-08-06 07:37:23.404,-1,PIN7,NO_50_ALL,DEV,TARGET
7879,2026-08-06 07:37:28.884,-1,PIN7,CURRENT,DEV,TARGET
7879,2026-08-06 07:37:28.884,-1,PIN7,NO_50_ORDER,DEV,TARGET
7879,2026-08-06 07:37:28.884,-1,PIN7,NO_50_ALL,DEV,TARGET
7885,2026-08-06 07:38:59.048,-1,PIN7,CURRENT,DEV,TARGET
7885,2026-08-06 07:38:59.048,-1,PIN7,NO_50_ORDER,DEV,TARGET
7885,2026-08-06 07:38:59.048,-1,PIN7,NO_50_ALL,DEV,TARGET
7911,2026-08-06 07:42:11.092,1,PIN7,NO_50_ORDER,DEV,TARGET
7911,2026-08-06 07:42:11.092,1,PIN7,NO_50_ALL,DEV,TARGET
7931,2026-08-06 07:46:04.168,-1,EMA8,CURRENT,DEV,TARGET
7931,2026-08-06 07:46:04.168,-1,EMA8,NO_50_ORDER,DEV,TARGET
7931,2026-08-06 07:46:04.168,-1,EMA8,NO_50_ALL,DEV,TARGET
7933,2026-08-06 07:46:41.772,-1,EMA8,CURRENT,DEV,TARGET
7933,2026-08-06 07:46:41.772,-1,EMA8,NO_50_ORDER,DEV,TARGET
7933,2026-08-06 07:46:41.772,-1,EMA8,NO_50_ALL,DEV,TARGET
7936,2026-08-06 07:47:24.664,-1,EMA8,CURRENT,DEV,TARGET
7936,2026-08-06 07:47:24.664,-1,EMA8,NO_50_ORDER,DEV,TARGET
7936,2026-08-06 07:47:24.664,-1,EMA8,NO_50_ALL,DEV,TARGET
7938,2026-08-06 07:48:13.348,-1,EMA8,CURRENT,DEV,TARGET
7938,2026-08-06 07:48:13.348,-1,EMA8,NO_50_ORDER,DEV,TARGET
7938,2026-08-06 07:48:13.348,-1,EMA8,NO_50_ALL,DEV,TARGET
7968,2026-08-06 07:54:59.132,1,PIN_STRICT,NO_50_ALL,DEV,TARGET
7973,2026-08-06 07:55:29.052,1,EMA8,CURRENT,DEV,TARGET
7973,2026-08-06 07:55:29.052,1,EMA8,NO_50_ORDER,DEV,TARGET
7973,2026-08-06 07:55:29.052,1,EMA8,NO_50_ALL,DEV,TARGET
7975,2026-08-06 07:55:40.624,1,EMA8,CURRENT,DEV,TARGET
7975,2026-08-06 07:55:40.624,1,EMA8,NO_50_ORDER,DEV,TARGET
7975,2026-08-06 07:55:40.624,1,EMA8,NO_50_ALL,DEV,TARGET
7978,2026-08-06 07:56:14.760,1,PIN7,CURRENT,DEV,TARGET
7978,2026-08-06 07:56:14.760,1,PIN7,NO_50_ORDER,DEV,TARGET
7978,2026-08-06 07:56:14.760,1,PIN7,NO_50_ALL,DEV,TARGET
7980,2026-08-06 07:56:32.088,1,EMA8,CURRENT,DEV,TARGET
7980,2026-08-06 07:56:32.088,1,EMA8,NO_50_ORDER,DEV,TARGET
7980,2026-08-06 07:56:32.088,1,EMA8,NO_50_ALL,DEV,TARGET
7994,2026-08-06 07:59:13.636,1,EMA24,CURRENT,DEV,TARGET
7994,2026-08-06 07:59:13.636,1,EMA24,NO_50_ORDER,DEV,TARGET
7994,2026-08-06 07:59:13.636,1,EMA24,NO_50_ALL,DEV,TARGET
8677,2026-08-06 11:05:36.956,1,PIN7,CURRENT,DEV,STOP
8677,2026-08-06 11:05:36.956,1,PIN7,NO_50_ORDER,DEV,STOP
8677,2026-08-06 11:05:36.956,1,PIN7,NO_50_ALL,DEV,STOP
8684,2026-08-06 11:09:42.676,1,EMA24,CURRENT,DEV,TARGET
8684,2026-08-06 11:09:42.676,1,EMA24,NO_50_ORDER,DEV,TARGET
8684,2026-08-06 11:09:42.676,1,EMA24,NO_50_ALL,DEV,TARGET
8701,2026-08-06 11:16:21.144,1,PIN7,CURRENT,DEV,TARGET
8701,2026-08-06 11:16:21.144,1,PIN7,NO_50_ORDER,DEV,TARGET
8701,2026-08-06 11:16:21.144,1,PIN7,NO_50_ALL,DEV,TARGET
8702,2026-08-06 11:16:42.048,1,PIN7,CURRENT,DEV,TARGET
8702,2026-08-06 11:16:42.048,1,PIN7,NO_50_ORDER,DEV,TARGET
8702,2026-08-06 11:16:42.048,1,PIN7,NO_50_ALL,DEV,TARGET
8716,2026-08-06 11:20:01.468,1,EMA24,CURRENT,DEV,TARGET
8716,2026-08-06 11:20:01.468,1,EMA24,NO_50_ORDER,DEV,TARGET
8716,2026-08-06 11:20:01.468,1,EMA24,NO_50_ALL,DEV,TARGET
8737,2026-08-06 11:34:15.080,-1,PIN7,NO_50_ORDER,DEV,TARGET
8737,2026-08-06 11:34:15.080,-1,PIN7,NO_50_ALL,DEV,TARGET
8742,2026-08-06 11:38:20.884,-1,PIN7,NO_50_ORDER,DEV,TARGET
8742,2026-08-06 11:38:20.884,-1,PIN7,NO_50_ALL,DEV,TARGET
8782,2026-08-06 12:06:33.832,1,EMA8,CURRENT,DEV,TARGET
8782,2026-08-06 12:06:33.832,1,EMA8,NO_50_ORDER,DEV,TARGET
8782,2026-08-06 12:06:33.832,1,EMA8,NO_50_ALL,DEV,TARGET
8788,2026-08-06 12:12:07.476,1,PIN7,CURRENT,DEV,STOP
8788,2026-08-06 12:12:07.476,1,PIN7,NO_50_ORDER,DEV,STOP
8788,2026-08-06 12:12:07.476,1,PIN7,NO_50_ALL,DEV,STOP
8811,2026-08-06 12:25:50.168,-1,EMA8,CURRENT,DEV,STOP
8811,2026-08-06 12:25:50.168,-1,EMA8,NO_50_ORDER,DEV,STOP
8811,2026-08-06 12:25:50.168,-1,EMA8,NO_50_ALL,DEV,STOP
8814,2026-08-06 12:26:17.040,-1,EMA24,CURRENT,DEV,TARGET
8814,2026-08-06 12:26:17.040,-1,EMA24,NO_50_ORDER,DEV,TARGET
8814,2026-08-06 12:26:17.040,-1,EMA24,NO_50_ALL,DEV,TARGET
8818,2026-08-06 12:27:38.708,-1,EMA8,CURRENT,DEV,TARGET
8818,2026-08-06 12:27:38.708,-1,EMA8,NO_50_ORDER,DEV,TARGET
8818,2026-08-06 12:27:38.708,-1,EMA8,NO_50_ALL,DEV,TARGET
8842,2026-08-06 12:39:00.620,-1,PIN7,CURRENT,DEV,TARGET
8842,2026-08-06 12:39:00.620,-1,PIN7,NO_50_ORDER,DEV,TARGET
8842,2026-08-06 12:39:00.620,-1,PIN7,NO_50_ALL,DEV,TARGET
8843,2026-08-06 12:40:00.680,-1,PIN7,CURRENT,DEV,TARGET
8843,2026-08-06 12:40:00.680,-1,PIN7,NO_50_ORDER,DEV,TARGET
8843,2026-08-06 12:40:00.680,-1,PIN7,NO_50_ALL,DEV,TARGET
8844,2026-08-06 12:40:34.152,-1,PIN7,CURRENT,DEV,TARGET
8844,2026-08-06 12:40:34.152,-1,PIN7,NO_50_ORDER,DEV,TARGET
8844,2026-08-06 12:40:34.152,-1,PIN7,NO_50_ALL,DEV,TARGET
8845,2026-08-06 12:41:21.528,-1,PIN7,CURRENT,DEV,TARGET
8845,2026-08-06 12:41:21.528,-1,PIN7,NO_50_ORDER,DEV,TARGET
8845,2026-08-06 12:41:21.528,-1,PIN7,NO_50_ALL,DEV,TARGET
8847,2026-08-06 12:42:01.880,-1,PIN_STRICT,CURRENT,DEV,TARGET
8847,2026-08-06 12:42:01.880,-1,PIN_STRICT,NO_50_ORDER,DEV,TARGET
8847,2026-08-06 12:42:01.880,-1,PIN_STRICT,NO_50_ALL,DEV,TARGET
8858,2026-08-06 12:46:17.460,-1,EMA24,CURRENT,DEV,TARGET
8858,2026-08-06 12:46:17.460,-1,EMA24,NO_50_ORDER,DEV,TARGET
8858,2026-08-06 12:46:17.460,-1,EMA24,NO_50_ALL,DEV,TARGET
8885,2026-08-06 12:51:52.356,-1,EMA8,CURRENT,DEV,STOP
8885,2026-08-06 12:51:52.356,-1,EMA8,NO_50_ORDER,DEV,STOP
8885,2026-08-06 12:51:52.356,-1,EMA8,NO_50_ALL,DEV,STOP
8900,2026-08-06 12:54:06.224,1,EMA8,NO_50_ORDER,DEV,TARGET
8900,2026-08-06 12:54:06.224,1,EMA8,NO_50_ALL,DEV,TARGET
8906,2026-08-06 12:54:39.372,1,EMA8,CURRENT,DEV,STOP
8906,2026-08-06 12:54:39.372,1,EMA8,NO_50_ORDER,DEV,STOP
8906,2026-08-06 12:54:39.372,1,EMA8,NO_50_ALL,DEV,STOP
8910,2026-08-06 12:55:00.280,1,EMA8,CURRENT,DEV,TARGET
8910,2026-08-06 12:55:00.280,1,EMA8,NO_50_ORDER,DEV,TARGET
8910,2026-08-06 12:55:00.280,1,EMA8,NO_50_ALL,DEV,TARGET
9976,2026-08-07 06:32:21.132,1,EMA8,CURRENT,DEV,STOP
9976,2026-08-07 06:32:21.132,1,EMA8,NO_50_ORDER,DEV,STOP
9976,2026-08-07 06:32:21.132,1,EMA8,NO_50_ALL,DEV,STOP
9986,2026-08-07 06:33:17.020,1,PIN7,CURRENT,DEV,STOP
9986,2026-08-07 06:33:17.020,1,PIN7,NO_50_ORDER,DEV,STOP
9986,2026-08-07 06:33:17.020,1,PIN7,NO_50_ALL,DEV,STOP
10033,2026-08-07 06:36:39.064,-1,EMA8,CURRENT,DEV,TARGET
10033,2026-08-07 06:36:39.064,-1,EMA8,NO_50_ORDER,DEV,TARGET
10033,2026-08-07 06:36:39.064,-1,EMA8,NO_50_ALL,DEV,TARGET
10048,2026-08-07 06:38:05.836,1,PIN7,NO_50_ORDER,DEV,TARGET
10048,2026-08-07 06:38:05.836,1,PIN7,NO_50_ALL,DEV,TARGET
10050,2026-08-07 06:38:22.504,1,EMA8,NO_50_ORDER,DEV,TARGET
10050,2026-08-07 06:38:22.504,1,EMA8,NO_50_ALL,DEV,TARGET
10058,2026-08-07 06:39:17.644,1,EMA24,CURRENT,DEV,TARGET
10058,2026-08-07 06:39:17.644,1,EMA24,NO_50_ORDER,DEV,TARGET
10058,2026-08-07 06:39:17.644,1,EMA24,NO_50_ALL,DEV,TARGET
10092,2026-08-07 06:41:51.860,1,EMA8,CURRENT,DEV,STOP
10092,2026-08-07 06:41:51.860,1,EMA8,NO_50_ORDER,DEV,STOP
10092,2026-08-07 06:41:51.860,1,EMA8,NO_50_ALL,DEV,STOP
10114,2026-08-07 06:43:30.996,1,PIN7,CURRENT,DEV,TARGET
10114,2026-08-07 06:43:30.996,1,PIN7,NO_50_ORDER,DEV,TARGET
10114,2026-08-07 06:43:30.996,1,PIN7,NO_50_ALL,DEV,TARGET
10115,2026-08-07 06:43:45.948,1,PIN7,CURRENT,DEV,TARGET
10115,2026-08-07 06:43:45.948,1,PIN7,NO_50_ORDER,DEV,TARGET
10115,2026-08-07 06:43:45.948,1,PIN7,NO_50_ALL,DEV,TARGET
10119,2026-08-07 06:44:04.288,1,PIN_STRICT,CURRENT,DEV,TARGET
10119,2026-08-07 06:44:04.288,1,PIN_STRICT,NO_50_ORDER,DEV,TARGET
10119,2026-08-07 06:44:04.288,1,PIN_STRICT,NO_50_ALL,DEV,TARGET
10122,2026-08-07 06:44:38.264,1,EMA8,CURRENT,DEV,TARGET
10122,2026-08-07 06:44:38.264,1,EMA8,NO_50_ORDER,DEV,TARGET
10122,2026-08-07 06:44:38.264,1,EMA8,NO_50_ALL,DEV,TARGET
10304,2026-08-07 07:00:34.000,1,PIN7,NO_50_ORDER,DEV,TARGET
10304,2026-08-07 07:00:34.000,1,PIN7,NO_50_ALL,DEV,TARGET
10314,2026-08-07 07:01:12.332,1,EMA24,CURRENT,DEV,STOP
10314,2026-08-07 07:01:12.332,1,EMA24,NO_50_ORDER,DEV,STOP
10314,2026-08-07 07:01:12.332,1,EMA24,NO_50_ALL,DEV,STOP
10350,2026-08-07 07:04:01.160,-1,PIN7,CURRENT,DEV,TARGET
10350,2026-08-07 07:04:01.160,-1,PIN7,NO_50_ORDER,DEV,TARGET
10350,2026-08-07 07:04:01.160,-1,PIN7,NO_50_ALL,DEV,TARGET
10351,2026-08-07 07:04:07.676,-1,PIN7,CURRENT,DEV,TARGET
10351,2026-08-07 07:04:07.676,-1,PIN7,NO_50_ORDER,DEV,TARGET
10351,2026-08-07 07:04:07.676,-1,PIN7,NO_50_ALL,DEV,TARGET
10416,2026-08-07 07:09:46.176,-1,PIN7,CURRENT,DEV,TARGET
10416,2026-08-07 07:09:46.176,-1,PIN7,NO_50_ORDER,DEV,TARGET
10416,2026-08-07 07:09:46.176,-1,PIN7,NO_50_ALL,DEV,TARGET
10421,2026-08-07 07:10:15.448,-1,EMA8,CURRENT,DEV,TARGET
10421,2026-08-07 07:10:15.448,-1,EMA8,NO_50_ORDER,DEV,TARGET
10421,2026-08-07 07:10:15.448,-1,EMA8,NO_50_ALL,DEV,TARGET
10436,2026-08-07 07:11:37.476,-1,PIN7,CURRENT,DEV,TARGET
10436,2026-08-07 07:11:37.476,-1,PIN7,NO_50_ORDER,DEV,TARGET
10436,2026-08-07 07:11:37.476,-1,PIN7,NO_50_ALL,DEV,TARGET
10437,2026-08-07 07:11:51.784,-1,PIN7,CURRENT,DEV,TARGET
10437,2026-08-07 07:11:51.784,-1,PIN7,NO_50_ORDER,DEV,TARGET
10437,2026-08-07 07:11:51.784,-1,PIN7,NO_50_ALL,DEV,TARGET
10487,2026-08-07 07:17:08.388,1,PIN_STRICT,NO_50_ALL,DEV,TARGET
10492,2026-08-07 07:17:33.552,1,EMA8,CURRENT,DEV,TARGET
10492,2026-08-07 07:17:33.552,1,EMA8,NO_50_ORDER,DEV,TARGET
10492,2026-08-07 07:17:33.552,1,EMA8,NO_50_ALL,DEV,TARGET
10499,2026-08-07 07:17:51.784,1,EMA8,CURRENT,DEV,TARGET
10499,2026-08-07 07:17:51.784,1,EMA8,NO_50_ORDER,DEV,TARGET
10499,2026-08-07 07:17:51.784,1,EMA8,NO_50_ALL,DEV,TARGET
10506,2026-08-07 07:18:36.064,1,EMA8,CURRENT,DEV,TARGET
10506,2026-08-07 07:18:36.064,1,EMA8,NO_50_ORDER,DEV,TARGET
10506,2026-08-07 07:18:36.064,1,EMA8,NO_50_ALL,DEV,TARGET
10508,2026-08-07 07:18:45.692,1,PIN7,CURRENT,DEV,TARGET
10508,2026-08-07 07:18:45.692,1,PIN7,NO_50_ORDER,DEV,TARGET
10508,2026-08-07 07:18:45.692,1,PIN7,NO_50_ALL,DEV,TARGET
10533,2026-08-07 07:22:35.944,1,EMA24,CURRENT,DEV,TARGET
10533,2026-08-07 07:22:35.944,1,EMA24,NO_50_ORDER,DEV,TARGET
10533,2026-08-07 07:22:35.944,1,EMA24,NO_50_ALL,DEV,TARGET
10542,2026-08-07 07:23:37.936,1,PIN7,CURRENT,DEV,TARGET
10542,2026-08-07 07:23:37.936,1,PIN7,NO_50_ORDER,DEV,TARGET
10542,2026-08-07 07:23:37.936,1,PIN7,NO_50_ALL,DEV,TARGET
10544,2026-08-07 07:23:56.392,1,PIN7,CURRENT,DEV,TARGET
10544,2026-08-07 07:23:56.392,1,PIN7,NO_50_ORDER,DEV,TARGET
10544,2026-08-07 07:23:56.392,1,PIN7,NO_50_ALL,DEV,TARGET
10548,2026-08-07 07:24:15.416,1,EMA8,CURRENT,DEV,TARGET
10548,2026-08-07 07:24:15.416,1,EMA8,NO_50_ORDER,DEV,TARGET
10548,2026-08-07 07:24:15.416,1,EMA8,NO_50_ALL,DEV,TARGET
10550,2026-08-07 07:24:30.576,1,EMA8,CURRENT,DEV,TARGET
10550,2026-08-07 07:24:30.576,1,EMA8,NO_50_ORDER,DEV,TARGET
10550,2026-08-07 07:24:30.576,1,EMA8,NO_50_ALL,DEV,TARGET
10555,2026-08-07 07:25:38.068,1,PIN_STRICT,CURRENT,DEV,TARGET
10555,2026-08-07 07:25:38.068,1,PIN_STRICT,NO_50_ORDER,DEV,TARGET
10555,2026-08-07 07:25:38.068,1,PIN_STRICT,NO_50_ALL,DEV,TARGET
10562,2026-08-07 07:27:00.716,1,EMA8,CURRENT,DEV,TARGET
10562,2026-08-07 07:27:00.716,1,EMA8,NO_50_ORDER,DEV,TARGET
10562,2026-08-07 07:27:00.716,1,EMA8,NO_50_ALL,DEV,TARGET
10569,2026-08-07 07:28:15.872,1,EMA8,CURRENT,DEV,TARGET
10569,2026-08-07 07:28:15.872,1,EMA8,NO_50_ORDER,DEV,TARGET
10569,2026-08-07 07:28:15.872,1,EMA8,NO_50_ALL,DEV,TARGET
10571,2026-08-07 07:28:27.940,1,EMA8,CURRENT,DEV,TARGET
10571,2026-08-07 07:28:27.940,1,EMA8,NO_50_ORDER,DEV,TARGET
10571,2026-08-07 07:28:27.940,1,EMA8,NO_50_ALL,DEV,TARGET
10573,2026-08-07 07:28:43.944,1,PIN7,CURRENT,DEV,TARGET
10573,2026-08-07 07:28:43.944,1,PIN7,NO_50_ORDER,DEV,TARGET
10573,2026-08-07 07:28:43.944,1,PIN7,NO_50_ALL,DEV,TARGET
10578,2026-08-07 07:29:34.648,1,EMA8,CURRENT,DEV,TARGET
10578,2026-08-07 07:29:34.648,1,EMA8,NO_50_ORDER,DEV,TARGET
10578,2026-08-07 07:29:34.648,1,EMA8,NO_50_ALL,DEV,TARGET
10581,2026-08-07 07:30:03.296,1,EMA8,CURRENT,DEV,STOP
10581,2026-08-07 07:30:03.296,1,EMA8,NO_50_ORDER,DEV,STOP
10581,2026-08-07 07:30:03.296,1,EMA8,NO_50_ALL,DEV,STOP
10593,2026-08-07 07:31:38.268,-1,PIN7,NO_50_ORDER,DEV,TARGET
10593,2026-08-07 07:31:38.268,-1,PIN7,NO_50_ALL,DEV,TARGET
10597,2026-08-07 07:32:01.048,-1,EMA24,NO_50_ORDER,DEV,TARGET
10597,2026-08-07 07:32:01.048,-1,EMA24,NO_50_ALL,DEV,TARGET
10609,2026-08-07 07:33:42.252,-1,EMA24,NO_50_ALL,DEV,TARGET
10627,2026-08-07 07:36:09.288,-1,EMA8,CURRENT,DEV,TARGET
10627,2026-08-07 07:36:09.288,-1,EMA8,NO_50_ORDER,DEV,TARGET
10627,2026-08-07 07:36:09.288,-1,EMA8,NO_50_ALL,DEV,TARGET
10630,2026-08-07 07:36:18.460,-1,EMA8,CURRENT,DEV,TARGET
10630,2026-08-07 07:36:18.460,-1,EMA8,NO_50_ORDER,DEV,TARGET
10630,2026-08-07 07:36:18.460,-1,EMA8,NO_50_ALL,DEV,TARGET
10642,2026-08-07 07:37:35.092,1,PIN7,NO_50_ORDER,DEV,TARGET
10642,2026-08-07 07:37:35.092,1,PIN7,NO_50_ALL,DEV,TARGET
10668,2026-08-07 07:40:36.996,-1,EMA24,CURRENT,DEV,TARGET
10668,2026-08-07 07:40:36.996,-1,EMA24,NO_50_ORDER,DEV,TARGET
10668,2026-08-07 07:40:36.996,-1,EMA24,NO_50_ALL,DEV,TARGET
10695,2026-08-07 07:43:47.252,-1,PIN7,CURRENT,DEV,TARGET
10695,2026-08-07 07:43:47.252,-1,PIN7,NO_50_ORDER,DEV,TARGET
10695,2026-08-07 07:43:47.252,-1,PIN7,NO_50_ALL,DEV,TARGET
10714,2026-08-07 07:46:07.560,1,EMA8,CURRENT,DEV,TARGET
10714,2026-08-07 07:46:07.560,1,EMA8,NO_50_ORDER,DEV,TARGET
10714,2026-08-07 07:46:07.560,1,EMA8,NO_50_ALL,DEV,TARGET
10718,2026-08-07 07:46:23.556,1,EMA24,NO_50_ALL,DEV,TARGET
10787,2026-08-07 07:58:15.320,1,PIN7,CURRENT,DEV,TARGET
10787,2026-08-07 07:58:15.320,1,PIN7,NO_50_ORDER,DEV,TARGET
10787,2026-08-07 07:58:15.320,1,PIN7,NO_50_ALL,DEV,TARGET
10795,2026-08-07 07:59:29.136,1,EMA24,CURRENT,DEV,TARGET
10795,2026-08-07 07:59:29.136,1,EMA24,NO_50_ORDER,DEV,TARGET
10795,2026-08-07 07:59:29.136,1,EMA24,NO_50_ALL,DEV,TARGET
11239,2026-08-07 11:05:25.376,-1,PIN7,NO_50_ORDER,DEV,TARGET
11239,2026-08-07 11:05:25.376,-1,PIN7,NO_50_ALL,DEV,TARGET
11240,2026-08-07 11:06:26.044,-1,PIN7,CURRENT,DEV,TARGET
11240,2026-08-07 11:06:26.044,-1,PIN7,NO_50_ORDER,DEV,TARGET
11240,2026-08-07 11:06:26.044,-1,PIN7,NO_50_ALL,DEV,TARGET
11250,2026-08-07 11:13:32.356,-1,PIN7,CURRENT,DEV,TARGET
11250,2026-08-07 11:13:32.356,-1,PIN7,NO_50_ORDER,DEV,TARGET
11250,2026-08-07 11:13:32.356,-1,PIN7,NO_50_ALL,DEV,TARGET
11252,2026-08-07 11:14:36.620,-1,PIN7,CURRENT,DEV,STOP
11252,2026-08-07 11:14:36.620,-1,PIN7,NO_50_ORDER,DEV,STOP
11252,2026-08-07 11:14:36.620,-1,PIN7,NO_50_ALL,DEV,STOP
11256,2026-08-07 11:17:21.284,-1,EMA8,CURRENT,DEV,STOP
11256,2026-08-07 11:17:21.284,-1,EMA8,NO_50_ORDER,DEV,STOP
11256,2026-08-07 11:17:21.284,-1,EMA8,NO_50_ALL,DEV,STOP
11261,2026-08-07 11:20:49.996,-1,EMA24,CURRENT,DEV,TARGET
11261,2026-08-07 11:20:49.996,-1,EMA24,NO_50_ORDER,DEV,TARGET
11261,2026-08-07 11:20:49.996,-1,EMA24,NO_50_ALL,DEV,TARGET
11274,2026-08-07 11:31:12.824,-1,PIN7,CURRENT,DEV,STOP
11274,2026-08-07 11:31:12.824,-1,PIN7,NO_50_ORDER,DEV,STOP
11274,2026-08-07 11:31:12.824,-1,PIN7,NO_50_ALL,DEV,STOP
11317,2026-08-07 12:01:23.260,1,PIN7,CURRENT,DEV,TARGET
11317,2026-08-07 12:01:23.260,1,PIN7,NO_50_ORDER,DEV,TARGET
11317,2026-08-07 12:01:23.260,1,PIN7,NO_50_ALL,DEV,TARGET
11331,2026-08-07 12:07:24.296,1,PIN_STRICT,CURRENT,DEV,TARGET
11331,2026-08-07 12:07:24.296,1,PIN_STRICT,NO_50_ORDER,DEV,TARGET
11331,2026-08-07 12:07:24.296,1,PIN_STRICT,NO_50_ALL,DEV,TARGET
11342,2026-08-07 12:13:23.056,1,EMA8,CURRENT,DEV,TARGET
11342,2026-08-07 12:13:23.056,1,EMA8,NO_50_ORDER,DEV,TARGET
11342,2026-08-07 12:13:23.056,1,EMA8,NO_50_ALL,DEV,TARGET
11344,2026-08-07 12:15:08.788,1,EMA8,CURRENT,DEV,TARGET
11344,2026-08-07 12:15:08.788,1,EMA8,NO_50_ORDER,DEV,TARGET
11344,2026-08-07 12:15:08.788,1,EMA8,NO_50_ALL,DEV,TARGET
11350,2026-08-07 12:16:59.584,1,PIN7,CURRENT,DEV,TARGET
11350,2026-08-07 12:16:59.584,1,PIN7,NO_50_ORDER,DEV,TARGET
11350,2026-08-07 12:16:59.584,1,PIN7,NO_50_ALL,DEV,TARGET
11396,2026-08-07 12:43:43.132,-1,EMA24,NO_50_ALL,DEV,TARGET
11440,2026-08-07 12:58:59.036,1,PIN7,CURRENT,DEV,TARGET
11440,2026-08-07 12:58:59.036,1,PIN7,NO_50_ORDER,DEV,TARGET
11440,2026-08-07 12:58:59.036,1,PIN7,NO_50_ALL,DEV,TARGET
11995,2026-08-10 06:31:48.184,1,EMA24,CURRENT,DEV,TARGET
11995,2026-08-10 06:31:48.184,1,EMA24,NO_50_ORDER,DEV,TARGET
11995,2026-08-10 06:31:48.184,1,EMA24,NO_50_ALL,DEV,TARGET
11999,2026-08-10 06:32:38.048,1,EMA8,CURRENT,DEV,TARGET
11999,2026-08-10 06:32:38.048,1,EMA8,NO_50_ORDER,DEV,TARGET
11999,2026-08-10 06:32:38.048,1,EMA8,NO_50_ALL,DEV,TARGET
12030,2026-08-10 06:36:08.676,-1,EMA24,CURRENT,DEV,STOP
12030,2026-08-10 06:36:08.676,-1,EMA24,NO_50_ORDER,DEV,STOP
12030,2026-08-10 06:36:08.676,-1,EMA24,NO_50_ALL,DEV,STOP
12056,2026-08-10 06:39:22.584,-1,PIN7,CURRENT,DEV,STOP
12056,2026-08-10 06:39:22.584,-1,PIN7,NO_50_ORDER,DEV,STOP
12056,2026-08-10 06:39:22.584,-1,PIN7,NO_50_ALL,DEV,STOP
12220,2026-08-10 07:10:41.420,1,PIN7,CURRENT,DEV,STOP
12220,2026-08-10 07:10:41.420,1,PIN7,NO_50_ORDER,DEV,STOP
12220,2026-08-10 07:10:41.420,1,PIN7,NO_50_ALL,DEV,STOP
12231,2026-08-10 07:18:36.816,1,EMA24,CURRENT,DEV,TARGET
12231,2026-08-10 07:18:36.816,1,EMA24,NO_50_ORDER,DEV,TARGET
12231,2026-08-10 07:18:36.816,1,EMA24,NO_50_ALL,DEV,TARGET
12307,2026-08-10 07:53:35.932,-1,PIN_STRICT,NO_50_ALL,DEV,TARGET
12323,2026-08-10 07:56:57.028,-1,EMA24,CURRENT,DEV,TARGET
12323,2026-08-10 07:56:57.028,-1,EMA24,NO_50_ORDER,DEV,TARGET
12323,2026-08-10 07:56:57.028,-1,EMA24,NO_50_ALL,DEV,TARGET
12326,2026-08-10 07:57:25.276,-1,EMA8,CURRENT,DEV,TARGET
12326,2026-08-10 07:57:25.276,-1,EMA8,NO_50_ORDER,DEV,TARGET
12326,2026-08-10 07:57:25.276,-1,EMA8,NO_50_ALL,DEV,TARGET
12328,2026-08-10 07:58:32.656,-1,EMA8,CURRENT,DEV,TARGET
12328,2026-08-10 07:58:32.656,-1,EMA8,NO_50_ORDER,DEV,TARGET
12328,2026-08-10 07:58:32.656,-1,EMA8,NO_50_ALL,DEV,TARGET
12741,2026-08-10 12:01:25.288,1,EMA8,CURRENT,DEV,TARGET
12741,2026-08-10 12:01:25.288,1,EMA8,NO_50_ORDER,DEV,TARGET
12741,2026-08-10 12:01:25.288,1,EMA8,NO_50_ALL,DEV,TARGET
12747,2026-08-10 12:13:28.732,1,EMA8,CURRENT,DEV,TARGET
12747,2026-08-10 12:13:28.732,1,EMA8,NO_50_ORDER,DEV,TARGET
12747,2026-08-10 12:13:28.732,1,EMA8,NO_50_ALL,DEV,TARGET
12749,2026-08-10 12:17:41.588,1,EMA8,CURRENT,DEV,TARGET
12749,2026-08-10 12:17:41.588,1,EMA8,NO_50_ORDER,DEV,TARGET
12749,2026-08-10 12:17:41.588,1,EMA8,NO_50_ALL,DEV,TARGET
12759,2026-08-10 12:30:16.480,-1,PIN7,NO_50_ORDER,DEV,TARGET
12759,2026-08-10 12:30:16.480,-1,PIN7,NO_50_ALL,DEV,TARGET
12760,2026-08-10 12:32:39.120,-1,PIN7,NO_50_ORDER,DEV,STOP
12760,2026-08-10 12:32:39.120,-1,PIN7,NO_50_ALL,DEV,STOP
12782,2026-08-10 12:51:49.560,-1,PIN_STRICT,NO_50_ALL,DEV,TARGET
12792,2026-08-10 12:55:05.104,-1,EMA24,CURRENT,DEV,TARGET
12792,2026-08-10 12:55:05.104,-1,EMA24,NO_50_ORDER,DEV,TARGET
12792,2026-08-10 12:55:05.104,-1,EMA24,NO_50_ALL,DEV,TARGET
12809,2026-08-10 12:59:50.552,1,PIN7,NO_50_ORDER,DEV,TARGET
12809,2026-08-10 12:59:50.552,1,PIN7,NO_50_ALL,DEV,TARGET
13319,2026-08-11 06:31:41.036,-1,EMA8,CURRENT,DEV,TARGET
13319,2026-08-11 06:31:41.036,-1,EMA8,NO_50_ORDER,DEV,TARGET
13319,2026-08-11 06:31:41.036,-1,EMA8,NO_50_ALL,DEV,TARGET
13322,2026-08-11 06:31:59.108,-1,EMA8,CURRENT,DEV,TARGET
13322,2026-08-11 06:31:59.108,-1,EMA8,NO_50_ORDER,DEV,TARGET
13322,2026-08-11 06:31:59.108,-1,EMA8,NO_50_ALL,DEV,TARGET
13324,2026-08-11 06:32:15.448,-1,EMA8,CURRENT,DEV,TARGET
13324,2026-08-11 06:32:15.448,-1,EMA8,NO_50_ORDER,DEV,TARGET
13324,2026-08-11 06:32:15.448,-1,EMA8,NO_50_ALL,DEV,TARGET
13329,2026-08-11 06:32:42.888,-1,EMA8,CURRENT,DEV,TARGET
13329,2026-08-11 06:32:42.888,-1,EMA8,NO_50_ORDER,DEV,TARGET
13329,2026-08-11 06:32:42.888,-1,EMA8,NO_50_ALL,DEV,TARGET
13341,2026-08-11 06:35:10.428,-1,EMA8,CURRENT,DEV,TARGET
13341,2026-08-11 06:35:10.428,-1,EMA8,NO_50_ORDER,DEV,TARGET
13341,2026-08-11 06:35:10.428,-1,EMA8,NO_50_ALL,DEV,TARGET
13344,2026-08-11 06:35:35.276,-1,PIN7,CURRENT,DEV,TARGET
13344,2026-08-11 06:35:35.276,-1,PIN7,NO_50_ORDER,DEV,TARGET
13344,2026-08-11 06:35:35.276,-1,PIN7,NO_50_ALL,DEV,TARGET
13345,2026-08-11 06:35:49.752,-1,PIN7,CURRENT,DEV,STOP
13345,2026-08-11 06:35:49.752,-1,PIN7,NO_50_ORDER,DEV,STOP
13345,2026-08-11 06:35:49.752,-1,PIN7,NO_50_ALL,DEV,STOP
13346,2026-08-11 06:36:02.564,-1,PIN7,CURRENT,DEV,STOP
13346,2026-08-11 06:36:02.564,-1,PIN7,NO_50_ORDER,DEV,STOP
13346,2026-08-11 06:36:02.564,-1,PIN7,NO_50_ALL,DEV,STOP
13351,2026-08-11 06:36:56.020,-1,EMA24,CURRENT,DEV,STOP
13351,2026-08-11 06:36:56.020,-1,EMA24,NO_50_ORDER,DEV,STOP
13351,2026-08-11 06:36:56.020,-1,EMA24,NO_50_ALL,DEV,STOP
13355,2026-08-11 06:37:32.920,1,PIN7,NO_50_ORDER,DEV,STOP
13355,2026-08-11 06:37:32.920,1,PIN7,NO_50_ALL,DEV,STOP
13379,2026-08-11 06:42:11.036,1,PIN7,NO_50_ORDER,DEV,STOP
13379,2026-08-11 06:42:11.036,1,PIN7,NO_50_ALL,DEV,STOP
13384,2026-08-11 06:42:56.928,1,EMA24,NO_50_ALL,DEV,TARGET
13389,2026-08-11 06:44:24.384,-1,PIN7,CURRENT,DEV,STOP
13389,2026-08-11 06:44:24.384,-1,PIN7,NO_50_ORDER,DEV,STOP
13389,2026-08-11 06:44:24.384,-1,PIN7,NO_50_ALL,DEV,STOP
13554,2026-08-11 07:29:44.388,1,PIN7,NO_50_ORDER,DEV,TARGET
13554,2026-08-11 07:29:44.388,1,PIN7,NO_50_ALL,DEV,TARGET
13576,2026-08-11 07:40:32.620,-1,EMA24,CURRENT,DEV,STOP
13576,2026-08-11 07:40:32.620,-1,EMA24,NO_50_ORDER,DEV,STOP
13576,2026-08-11 07:40:32.620,-1,EMA24,NO_50_ALL,DEV,STOP
13902,2026-08-11 11:23:31.400,-1,PIN7,CURRENT,DEV,TARGET
13902,2026-08-11 11:23:31.400,-1,PIN7,NO_50_ORDER,DEV,TARGET
13902,2026-08-11 11:23:31.400,-1,PIN7,NO_50_ALL,DEV,TARGET
13910,2026-08-11 11:29:04.884,-1,PIN_STRICT,CURRENT,DEV,TARGET
13910,2026-08-11 11:29:04.884,-1,PIN_STRICT,NO_50_ORDER,DEV,TARGET
13910,2026-08-11 11:29:04.884,-1,PIN_STRICT,NO_50_ALL,DEV,TARGET
13916,2026-08-11 11:29:56.236,-1,PIN_STRICT,CURRENT,DEV,STOP
13916,2026-08-11 11:29:56.236,-1,PIN_STRICT,NO_50_ORDER,DEV,STOP
13916,2026-08-11 11:29:56.236,-1,PIN_STRICT,NO_50_ALL,DEV,STOP
13941,2026-08-11 11:48:25.332,1,PIN7,NO_50_ORDER,DEV,TARGET
13941,2026-08-11 11:48:25.332,1,PIN7,NO_50_ALL,DEV,TARGET
13949,2026-08-11 11:57:36.860,1,EMA8,NO_50_ORDER,DEV,STOP
13949,2026-08-11 11:57:36.860,1,EMA8,NO_50_ALL,DEV,STOP
13967,2026-08-11 12:13:17.960,1,PIN7,NO_50_ORDER,DEV,TARGET
13967,2026-08-11 12:13:17.960,1,PIN7,NO_50_ALL,DEV,TARGET
13972,2026-08-11 12:23:11.516,1,PIN7,CURRENT,DEV,TARGET
13972,2026-08-11 12:23:11.516,1,PIN7,NO_50_ORDER,DEV,TARGET
13972,2026-08-11 12:23:11.516,1,PIN7,NO_50_ALL,DEV,TARGET
13985,2026-08-11 12:36:35.848,1,EMA8,CURRENT,DEV,TARGET
13985,2026-08-11 12:36:35.848,1,EMA8,NO_50_ORDER,DEV,TARGET
13985,2026-08-11 12:36:35.848,1,EMA8,NO_50_ALL,DEV,TARGET
13987,2026-08-11 12:38:21.000,1,PIN7,CURRENT,DEV,STOP
13987,2026-08-11 12:38:21.000,1,PIN7,NO_50_ORDER,DEV,STOP
13987,2026-08-11 12:38:21.000,1,PIN7,NO_50_ALL,DEV,STOP
14000,2026-08-11 12:48:44.936,-1,PIN7,NO_50_ORDER,DEV,TARGET
14000,2026-08-11 12:48:44.936,-1,PIN7,NO_50_ALL,DEV,TARGET
14005,2026-08-11 12:50:02.580,-1,PIN7,NO_50_ORDER,DEV,TARGET
14005,2026-08-11 12:50:02.580,-1,PIN7,NO_50_ALL,DEV,TARGET
14018,2026-08-11 12:54:13.412,-1,EMA8,CURRENT,DEV,STOP
14018,2026-08-11 12:54:13.412,-1,EMA8,NO_50_ORDER,DEV,STOP
14018,2026-08-11 12:54:13.412,-1,EMA8,NO_50_ALL,DEV,STOP
14043,2026-08-11 12:59:39.544,-1,PIN7,CURRENT,DEV,STOP
14043,2026-08-11 12:59:39.544,-1,PIN7,NO_50_ORDER,DEV,STOP
14043,2026-08-11 12:59:39.544,-1,PIN7,NO_50_ALL,DEV,STOP
14765,2026-08-12 06:31:20.752,-1,PIN_STRICT,CURRENT,DEV,TARGET
14765,2026-08-12 06:31:20.752,-1,PIN_STRICT,NO_50_ORDER,DEV,TARGET
14765,2026-08-12 06:31:20.752,-1,PIN_STRICT,NO_50_ALL,DEV,TARGET
14766,2026-08-12 06:31:26.692,-1,PIN_STRICT,CURRENT,DEV,TARGET
14766,2026-08-12 06:31:26.692,-1,PIN_STRICT,NO_50_ORDER,DEV,TARGET
14766,2026-08-12 06:31:26.692,-1,PIN_STRICT,NO_50_ALL,DEV,TARGET
14782,2026-08-12 06:33:10.604,-1,EMA8,CURRENT,DEV,STOP
14782,2026-08-12 06:33:10.604,-1,EMA8,NO_50_ORDER,DEV,STOP
14782,2026-08-12 06:33:10.604,-1,EMA8,NO_50_ALL,DEV,STOP
14787,2026-08-12 06:33:51.856,-1,EMA24,CURRENT,DEV,TARGET
14787,2026-08-12 06:33:51.856,-1,EMA24,NO_50_ORDER,DEV,TARGET
14787,2026-08-12 06:33:51.856,-1,EMA24,NO_50_ALL,DEV,TARGET
14814,2026-08-12 06:36:16.776,1,PIN7,NO_50_ORDER,DEV,STOP
14814,2026-08-12 06:36:16.776,1,PIN7,NO_50_ALL,DEV,STOP
14815,2026-08-12 06:36:30.096,1,PIN7,NO_50_ORDER,DEV,STOP
14815,2026-08-12 06:36:30.096,1,PIN7,NO_50_ALL,DEV,STOP
14831,2026-08-12 06:38:44.284,-1,PIN7,CURRENT,DEV,TARGET
14831,2026-08-12 06:38:44.284,-1,PIN7,NO_50_ORDER,DEV,TARGET
14831,2026-08-12 06:38:44.284,-1,PIN7,NO_50_ALL,DEV,TARGET
14836,2026-08-12 06:40:03.360,-1,PIN7,CURRENT,DEV,TARGET
14836,2026-08-12 06:40:03.360,-1,PIN7,NO_50_ORDER,DEV,TARGET
14836,2026-08-12 06:40:03.360,-1,PIN7,NO_50_ALL,DEV,TARGET
14975,2026-08-12 07:02:32.248,-1,PIN7,CURRENT,DEV,TARGET
14975,2026-08-12 07:02:32.248,-1,PIN7,NO_50_ORDER,DEV,TARGET
14975,2026-08-12 07:02:32.248,-1,PIN7,NO_50_ALL,DEV,TARGET
15020,2026-08-12 07:16:09.928,1,PIN7,CURRENT,DEV,TARGET
15020,2026-08-12 07:16:09.928,1,PIN7,NO_50_ORDER,DEV,TARGET
15020,2026-08-12 07:16:09.928,1,PIN7,NO_50_ALL,DEV,TARGET
15028,2026-08-12 07:18:18.288,1,PIN7,CURRENT,DEV,TARGET
15028,2026-08-12 07:18:18.288,1,PIN7,NO_50_ORDER,DEV,TARGET
15028,2026-08-12 07:18:18.288,1,PIN7,NO_50_ALL,DEV,TARGET
15041,2026-08-12 07:21:12.152,-1,EMA24,NO_50_ALL,DEV,STOP
15094,2026-08-12 07:31:10.180,-1,EMA8,CURRENT,DEV,TARGET
15094,2026-08-12 07:31:10.180,-1,EMA8,NO_50_ORDER,DEV,TARGET
15094,2026-08-12 07:31:10.180,-1,EMA8,NO_50_ALL,DEV,TARGET
15096,2026-08-12 07:31:10.232,-1,EMA8,CURRENT,DEV,TARGET
15096,2026-08-12 07:31:10.232,-1,EMA8,NO_50_ORDER,DEV,TARGET
15096,2026-08-12 07:31:10.232,-1,EMA8,NO_50_ALL,DEV,TARGET
15098,2026-08-12 07:31:10.312,-1,EMA8,CURRENT,DEV,TARGET
15098,2026-08-12 07:31:10.312,-1,EMA8,NO_50_ORDER,DEV,TARGET
15098,2026-08-12 07:31:10.312,-1,EMA8,NO_50_ALL,DEV,TARGET
15125,2026-08-12 07:31:17.752,1,PIN7,NO_50_ORDER,DEV,TARGET
15125,2026-08-12 07:31:17.752,1,PIN7,NO_50_ALL,DEV,TARGET
15139,2026-08-12 07:31:20.008,1,EMA24,CURRENT,DEV,TARGET
15139,2026-08-12 07:31:20.008,1,EMA24,NO_50_ORDER,DEV,TARGET
15139,2026-08-12 07:31:20.008,1,EMA24,NO_50_ALL,DEV,TARGET
15146,2026-08-12 07:31:46.028,1,PIN7,CURRENT,DEV,STOP
15146,2026-08-12 07:31:46.028,1,PIN7,NO_50_ORDER,DEV,STOP
15146,2026-08-12 07:31:46.028,1,PIN7,NO_50_ALL,DEV,STOP
15148,2026-08-12 07:32:03.888,1,EMA8,CURRENT,DEV,STOP
15148,2026-08-12 07:32:03.888,1,EMA8,NO_50_ORDER,DEV,STOP
15148,2026-08-12 07:32:03.888,1,EMA8,NO_50_ALL,DEV,STOP
15175,2026-08-12 07:37:31.176,1,PIN7,CURRENT,DEV,TARGET
15175,2026-08-12 07:37:31.176,1,PIN7,NO_50_ORDER,DEV,TARGET
15175,2026-08-12 07:37:31.176,1,PIN7,NO_50_ALL,DEV,TARGET
15177,2026-08-12 07:38:09.784,1,PIN7,CURRENT,DEV,STOP
15177,2026-08-12 07:38:09.784,1,PIN7,NO_50_ORDER,DEV,STOP
15177,2026-08-12 07:38:09.784,1,PIN7,NO_50_ALL,DEV,STOP
15182,2026-08-12 07:39:18.036,1,EMA24,CURRENT,DEV,TARGET
15182,2026-08-12 07:39:18.036,1,EMA24,NO_50_ORDER,DEV,TARGET
15182,2026-08-12 07:39:18.036,1,EMA24,NO_50_ALL,DEV,TARGET
15196,2026-08-12 07:43:43.552,1,EMA8,CURRENT,DEV,TARGET
15196,2026-08-12 07:43:43.552,1,EMA8,NO_50_ORDER,DEV,TARGET
15196,2026-08-12 07:43:43.552,1,EMA8,NO_50_ALL,DEV,TARGET
15226,2026-08-12 07:53:06.900,-1,EMA24,CURRENT,DEV,TARGET
15226,2026-08-12 07:53:06.900,-1,EMA24,NO_50_ORDER,DEV,TARGET
15226,2026-08-12 07:53:06.900,-1,EMA24,NO_50_ALL,DEV,TARGET
15236,2026-08-12 07:55:56.424,-1,PIN_STRICT,NO_50_ALL,DEV,TARGET
15240,2026-08-12 07:56:17.312,-1,EMA24,CURRENT,DEV,TARGET
15240,2026-08-12 07:56:17.312,-1,EMA24,NO_50_ORDER,DEV,TARGET
15240,2026-08-12 07:56:17.312,-1,EMA24,NO_50_ALL,DEV,TARGET
15513,2026-08-12 11:36:03.720,1,PIN7,CURRENT,DEV,TARGET
15513,2026-08-12 11:36:03.720,1,PIN7,NO_50_ORDER,DEV,TARGET
15513,2026-08-12 11:36:03.720,1,PIN7,NO_50_ALL,DEV,TARGET
15514,2026-08-12 11:40:25.116,1,PIN7,CURRENT,DEV,TARGET
15514,2026-08-12 11:40:25.116,1,PIN7,NO_50_ORDER,DEV,TARGET
15514,2026-08-12 11:40:25.116,1,PIN7,NO_50_ALL,DEV,TARGET
15518,2026-08-12 11:48:22.108,1,EMA8,CURRENT,DEV,TARGET
15518,2026-08-12 11:48:22.108,1,EMA8,NO_50_ORDER,DEV,TARGET
15518,2026-08-12 11:48:22.108,1,EMA8,NO_50_ALL,DEV,TARGET
15548,2026-08-12 12:42:11.932,-1,PIN7,CURRENT,DEV,TARGET
15548,2026-08-12 12:42:11.932,-1,PIN7,NO_50_ORDER,DEV,TARGET
15548,2026-08-12 12:42:11.932,-1,PIN7,NO_50_ALL,DEV,TARGET
15553,2026-08-12 12:45:32.068,-1,EMA24,CURRENT,DEV,TARGET
15553,2026-08-12 12:45:32.068,-1,EMA24,NO_50_ORDER,DEV,TARGET
15553,2026-08-12 12:45:32.068,-1,EMA24,NO_50_ALL,DEV,TARGET
15567,2026-08-12 12:54:35.500,-1,PIN7,CURRENT,DEV,TARGET
15567,2026-08-12 12:54:35.500,-1,PIN7,NO_50_ORDER,DEV,TARGET
15567,2026-08-12 12:54:35.500,-1,PIN7,NO_50_ALL,DEV,TARGET
15570,2026-08-12 12:54:50.036,-1,EMA8,CURRENT,DEV,TARGET
15570,2026-08-12 12:54:50.036,-1,EMA8,NO_50_ORDER,DEV,TARGET
15570,2026-08-12 12:54:50.036,-1,EMA8,NO_50_ALL,DEV,TARGET
15573,2026-08-12 12:55:17.252,-1,PIN7,CURRENT,DEV,STOP
15573,2026-08-12 12:55:17.252,-1,PIN7,NO_50_ORDER,DEV,STOP
15573,2026-08-12 12:55:17.252,-1,PIN7,NO_50_ALL,DEV,STOP
16016,2026-08-13 06:34:21.652,1,EMA8,CURRENT,DEV,TARGET
16016,2026-08-13 06:34:21.652,1,EMA8,NO_50_ORDER,DEV,TARGET
16016,2026-08-13 06:34:21.652,1,EMA8,NO_50_ALL,DEV,TARGET
16026,2026-08-13 06:35:48.232,1,PIN7,CURRENT,DEV,TARGET
16026,2026-08-13 06:35:48.232,1,PIN7,NO_50_ORDER,DEV,TARGET
16026,2026-08-13 06:35:48.232,1,PIN7,NO_50_ALL,DEV,TARGET
16030,2026-08-13 06:36:43.512,1,PIN7,CURRENT,DEV,TARGET
16030,2026-08-13 06:36:43.512,1,PIN7,NO_50_ORDER,DEV,TARGET
16030,2026-08-13 06:36:43.512,1,PIN7,NO_50_ALL,DEV,TARGET
16037,2026-08-13 06:39:21.008,1,EMA8,CURRENT,DEV,TARGET
16037,2026-08-13 06:39:21.008,1,EMA8,NO_50_ORDER,DEV,TARGET
16037,2026-08-13 06:39:21.008,1,EMA8,NO_50_ALL,DEV,TARGET
16040,2026-08-13 06:39:57.076,1,PIN7,CURRENT,DEV,STOP
16040,2026-08-13 06:39:57.076,1,PIN7,NO_50_ORDER,DEV,STOP
16040,2026-08-13 06:39:57.076,1,PIN7,NO_50_ALL,DEV,STOP
16104,2026-08-13 07:01:09.296,1,PIN_STRICT,CURRENT,DEV,TARGET
16104,2026-08-13 07:01:09.296,1,PIN_STRICT,NO_50_ORDER,DEV,TARGET
16104,2026-08-13 07:01:09.296,1,PIN_STRICT,NO_50_ALL,DEV,TARGET
16111,2026-08-13 07:04:44.408,1,EMA8,CURRENT,DEV,TARGET
16111,2026-08-13 07:04:44.408,1,EMA8,NO_50_ORDER,DEV,TARGET
16111,2026-08-13 07:04:44.408,1,EMA8,NO_50_ALL,DEV,TARGET
16122,2026-08-13 07:08:55.156,1,EMA24,CURRENT,DEV,TARGET
16122,2026-08-13 07:08:55.156,1,EMA24,NO_50_ORDER,DEV,TARGET
16122,2026-08-13 07:08:55.156,1,EMA24,NO_50_ALL,DEV,TARGET
16127,2026-08-13 07:12:43.788,1,PIN7,CURRENT,DEV,STOP
16127,2026-08-13 07:12:43.788,1,PIN7,NO_50_ORDER,DEV,STOP
16127,2026-08-13 07:12:43.788,1,PIN7,NO_50_ALL,DEV,STOP
16132,2026-08-13 07:15:52.120,1,EMA8,CURRENT,DEV,STOP
16132,2026-08-13 07:15:52.120,1,EMA8,NO_50_ORDER,DEV,STOP
16132,2026-08-13 07:15:52.120,1,EMA8,NO_50_ALL,DEV,STOP
16156,2026-08-13 07:25:26.124,1,EMA8,CURRENT,DEV,TARGET
16156,2026-08-13 07:25:26.124,1,EMA8,NO_50_ORDER,DEV,TARGET
16156,2026-08-13 07:25:26.124,1,EMA8,NO_50_ALL,DEV,TARGET
16159,2026-08-13 07:27:01.668,1,EMA8,CURRENT,DEV,TARGET
16159,2026-08-13 07:27:01.668,1,EMA8,NO_50_ORDER,DEV,TARGET
16159,2026-08-13 07:27:01.668,1,EMA8,NO_50_ALL,DEV,TARGET
16173,2026-08-13 07:35:26.280,1,EMA8,CURRENT,DEV,TARGET
16173,2026-08-13 07:35:26.280,1,EMA8,NO_50_ORDER,DEV,TARGET
16173,2026-08-13 07:35:26.280,1,EMA8,NO_50_ALL,DEV,TARGET
16192,2026-08-13 07:46:01.700,-1,PIN_STRICT,NO_50_ALL,DEV,TARGET
16195,2026-08-13 07:47:27.768,-1,EMA8,CURRENT,DEV,TARGET
16195,2026-08-13 07:47:27.768,-1,EMA8,NO_50_ORDER,DEV,TARGET
16195,2026-08-13 07:47:27.768,-1,EMA8,NO_50_ALL,DEV,TARGET
16200,2026-08-13 07:49:10.108,-1,PIN_STRICT,CURRENT,DEV,TARGET
16200,2026-08-13 07:49:10.108,-1,PIN_STRICT,NO_50_ORDER,DEV,TARGET
16200,2026-08-13 07:49:10.108,-1,PIN_STRICT,NO_50_ALL,DEV,TARGET
16202,2026-08-13 07:49:21.080,-1,PIN_STRICT,CURRENT,DEV,STOP
16202,2026-08-13 07:49:21.080,-1,PIN_STRICT,NO_50_ORDER,DEV,STOP
16202,2026-08-13 07:49:21.080,-1,PIN_STRICT,NO_50_ALL,DEV,STOP
16206,2026-08-13 07:50:03.240,-1,EMA8,CURRENT,DEV,STOP
16206,2026-08-13 07:50:03.240,-1,EMA8,NO_50_ORDER,DEV,STOP
16206,2026-08-13 07:50:03.240,-1,EMA8,NO_50_ALL,DEV,STOP
16549,2026-08-13 11:35:43.984,1,PIN7,CURRENT,DEV,TARGET
16549,2026-08-13 11:35:43.984,1,PIN7,NO_50_ORDER,DEV,TARGET
16549,2026-08-13 11:35:43.984,1,PIN7,NO_50_ALL,DEV,TARGET
16551,2026-08-13 11:41:33.092,1,PIN_STRICT,NO_50_ALL,DEV,TARGET
16556,2026-08-13 11:50:33.608,1,PIN7,CURRENT,DEV,TARGET
16556,2026-08-13 11:50:33.608,1,PIN7,NO_50_ORDER,DEV,TARGET
16556,2026-08-13 11:50:33.608,1,PIN7,NO_50_ALL,DEV,TARGET
16561,2026-08-13 12:00:25.748,1,EMA8,CURRENT,DEV,TARGET
16561,2026-08-13 12:00:25.748,1,EMA8,NO_50_ORDER,DEV,TARGET
16561,2026-08-13 12:00:25.748,1,EMA8,NO_50_ALL,DEV,TARGET
16564,2026-08-13 12:05:25.360,1,EMA8,CURRENT,DEV,TARGET
16564,2026-08-13 12:05:25.360,1,EMA8,NO_50_ORDER,DEV,TARGET
16564,2026-08-13 12:05:25.360,1,EMA8,NO_50_ALL,DEV,TARGET
16567,2026-08-13 12:07:08.992,1,PIN7,CURRENT,DEV,TARGET
16567,2026-08-13 12:07:08.992,1,PIN7,NO_50_ORDER,DEV,TARGET
16567,2026-08-13 12:07:08.992,1,PIN7,NO_50_ALL,DEV,TARGET
16568,2026-08-13 12:08:40.384,1,PIN7,CURRENT,DEV,TARGET
16568,2026-08-13 12:08:40.384,1,PIN7,NO_50_ORDER,DEV,TARGET
16568,2026-08-13 12:08:40.384,1,PIN7,NO_50_ALL,DEV,TARGET
16577,2026-08-13 12:17:46.332,1,EMA24,CURRENT,DEV,TARGET
16577,2026-08-13 12:17:46.332,1,EMA24,NO_50_ORDER,DEV,TARGET
16577,2026-08-13 12:17:46.332,1,EMA24,NO_50_ALL,DEV,TARGET
16581,2026-08-13 12:22:47.596,1,PIN7,CURRENT,DEV,STOP
16581,2026-08-13 12:22:47.596,1,PIN7,NO_50_ORDER,DEV,STOP
16581,2026-08-13 12:22:47.596,1,PIN7,NO_50_ALL,DEV,STOP
16582,2026-08-13 12:25:08.080,1,PIN7,CURRENT,DEV,STOP
16582,2026-08-13 12:25:08.080,1,PIN7,NO_50_ORDER,DEV,STOP
16582,2026-08-13 12:25:08.080,1,PIN7,NO_50_ALL,DEV,STOP
16585,2026-08-13 12:27:53.456,1,EMA24,CURRENT,DEV,TARGET
16585,2026-08-13 12:27:53.456,1,EMA24,NO_50_ORDER,DEV,TARGET
16585,2026-08-13 12:27:53.456,1,EMA24,NO_50_ALL,DEV,TARGET
16609,2026-08-13 12:51:07.016,-1,PIN7,NO_50_ORDER,DEV,STOP
16609,2026-08-13 12:51:07.016,-1,PIN7,NO_50_ALL,DEV,STOP
16615,2026-08-13 12:54:40.028,-1,EMA24,NO_50_ALL,DEV,TARGET
16624,2026-08-13 12:59:10.604,1,PIN7,NO_50_ORDER,DEV,TARGET
16624,2026-08-13 12:59:10.604,1,PIN7,NO_50_ALL,DEV,TARGET
16885,2026-08-14 06:31:24.252,-1,EMA8,CURRENT,DEV,TARGET
16885,2026-08-14 06:31:24.252,-1,EMA8,NO_50_ORDER,DEV,TARGET
16885,2026-08-14 06:31:24.252,-1,EMA8,NO_50_ALL,DEV,TARGET
16914,2026-08-14 06:40:04.108,-1,EMA24,CURRENT,DEV,STOP
16914,2026-08-14 06:40:04.108,-1,EMA24,NO_50_ORDER,DEV,STOP
16914,2026-08-14 06:40:04.108,-1,EMA24,NO_50_ALL,DEV,STOP
16923,2026-08-14 06:44:15.204,1,PIN_STRICT,NO_50_ALL,DEV,TARGET
16999,2026-08-14 07:09:12.716,1,EMA8,CURRENT,DEV,STOP
16999,2026-08-14 07:09:12.716,1,EMA8,NO_50_ORDER,DEV,STOP
16999,2026-08-14 07:09:12.716,1,EMA8,NO_50_ALL,DEV,STOP
17002,2026-08-14 07:10:06.516,1,EMA24,CURRENT,DEV,STOP
17002,2026-08-14 07:10:06.516,1,EMA24,NO_50_ORDER,DEV,STOP
17002,2026-08-14 07:10:06.516,1,EMA24,NO_50_ALL,DEV,STOP
17014,2026-08-14 07:15:27.364,-1,PIN7,NO_50_ORDER,DEV,TARGET
17014,2026-08-14 07:15:27.364,-1,PIN7,NO_50_ALL,DEV,TARGET
17041,2026-08-14 07:23:01.072,-1,EMA8,CURRENT,DEV,TARGET
17041,2026-08-14 07:23:01.072,-1,EMA8,NO_50_ORDER,DEV,TARGET
17041,2026-08-14 07:23:01.072,-1,EMA8,NO_50_ALL,DEV,TARGET
17046,2026-08-14 07:24:38.732,-1,EMA8,CURRENT,DEV,TARGET
17046,2026-08-14 07:24:38.732,-1,EMA8,NO_50_ORDER,DEV,TARGET
17046,2026-08-14 07:24:38.732,-1,EMA8,NO_50_ALL,DEV,TARGET
17053,2026-08-14 07:26:40.256,-1,EMA8,CURRENT,DEV,TARGET
17053,2026-08-14 07:26:40.256,-1,EMA8,NO_50_ORDER,DEV,TARGET
17053,2026-08-14 07:26:40.256,-1,EMA8,NO_50_ALL,DEV,TARGET
17055,2026-08-14 07:27:23.612,-1,EMA8,CURRENT,DEV,TARGET
17055,2026-08-14 07:27:23.612,-1,EMA8,NO_50_ORDER,DEV,TARGET
17055,2026-08-14 07:27:23.612,-1,EMA8,NO_50_ALL,DEV,TARGET
17063,2026-08-14 07:30:14.040,-1,EMA24,CURRENT,DEV,TARGET
17063,2026-08-14 07:30:14.040,-1,EMA24,NO_50_ORDER,DEV,TARGET
17063,2026-08-14 07:30:14.040,-1,EMA24,NO_50_ALL,DEV,TARGET
17066,2026-08-14 07:30:44.692,-1,PIN7,CURRENT,DEV,TARGET
17066,2026-08-14 07:30:44.692,-1,PIN7,NO_50_ORDER,DEV,TARGET
17066,2026-08-14 07:30:44.692,-1,PIN7,NO_50_ALL,DEV,TARGET
17067,2026-08-14 07:30:57.944,-1,PIN7,CURRENT,DEV,TARGET
17067,2026-08-14 07:30:57.944,-1,PIN7,NO_50_ORDER,DEV,TARGET
17067,2026-08-14 07:30:57.944,-1,PIN7,NO_50_ALL,DEV,TARGET
17069,2026-08-14 07:31:38.368,-1,EMA8,CURRENT,DEV,TARGET
17069,2026-08-14 07:31:38.368,-1,EMA8,NO_50_ORDER,DEV,TARGET
17069,2026-08-14 07:31:38.368,-1,EMA8,NO_50_ALL,DEV,TARGET
17071,2026-08-14 07:32:19.432,-1,EMA8,CURRENT,DEV,TARGET
17071,2026-08-14 07:32:19.432,-1,EMA8,NO_50_ORDER,DEV,TARGET
17071,2026-08-14 07:32:19.432,-1,EMA8,NO_50_ALL,DEV,TARGET
17075,2026-08-14 07:33:20.016,-1,EMA8,CURRENT,DEV,STOP
17075,2026-08-14 07:33:20.016,-1,EMA8,NO_50_ORDER,DEV,STOP
17075,2026-08-14 07:33:20.016,-1,EMA8,NO_50_ALL,DEV,STOP
17078,2026-08-14 07:34:58.808,-1,EMA8,CURRENT,DEV,STOP
17078,2026-08-14 07:34:58.808,-1,EMA8,NO_50_ORDER,DEV,STOP
17078,2026-08-14 07:34:58.808,-1,EMA8,NO_50_ALL,DEV,STOP
17324,2026-08-14 11:08:08.760,1,EMA8,NO_50_ORDER,DEV,TARGET
17324,2026-08-14 11:08:08.760,1,EMA8,NO_50_ALL,DEV,TARGET
17326,2026-08-14 11:10:46.004,1,PIN7,CURRENT,DEV,TARGET
17326,2026-08-14 11:10:46.004,1,PIN7,NO_50_ORDER,DEV,TARGET
17326,2026-08-14 11:10:46.004,1,PIN7,NO_50_ALL,DEV,TARGET
17344,2026-08-14 11:43:01.040,1,PIN7,CURRENT,DEV,TARGET
17344,2026-08-14 11:43:01.040,1,PIN7,NO_50_ORDER,DEV,TARGET
17344,2026-08-14 11:43:01.040,1,PIN7,NO_50_ALL,DEV,TARGET
17728,2026-08-17 06:32:50.512,-1,PIN7,CURRENT,DEV,TARGET
17728,2026-08-17 06:32:50.512,-1,PIN7,NO_50_ORDER,DEV,TARGET
17728,2026-08-17 06:32:50.512,-1,PIN7,NO_50_ALL,DEV,TARGET
17729,2026-08-17 06:33:01.284,-1,PIN7,CURRENT,DEV,STOP
17729,2026-08-17 06:33:01.284,-1,PIN7,NO_50_ORDER,DEV,STOP
17729,2026-08-17 06:33:01.284,-1,PIN7,NO_50_ALL,DEV,STOP
17735,2026-08-17 06:34:11.060,-1,PIN7,CURRENT,DEV,TARGET
17735,2026-08-17 06:34:11.060,-1,PIN7,NO_50_ORDER,DEV,TARGET
17735,2026-08-17 06:34:11.060,-1,PIN7,NO_50_ALL,DEV,TARGET
17748,2026-08-17 06:36:21.240,-1,EMA24,CURRENT,DEV,TARGET
17748,2026-08-17 06:36:21.240,-1,EMA24,NO_50_ORDER,DEV,TARGET
17748,2026-08-17 06:36:21.240,-1,EMA24,NO_50_ALL,DEV,TARGET
17750,2026-08-17 06:37:30.608,-1,EMA24,CURRENT,DEV,TARGET
17750,2026-08-17 06:37:30.608,-1,EMA24,NO_50_ORDER,DEV,TARGET
17750,2026-08-17 06:37:30.608,-1,EMA24,NO_50_ALL,DEV,TARGET
17823,2026-08-17 07:00:14.276,-1,EMA8,CURRENT,DEV,TARGET
17823,2026-08-17 07:00:14.276,-1,EMA8,NO_50_ORDER,DEV,TARGET
17823,2026-08-17 07:00:14.276,-1,EMA8,NO_50_ALL,DEV,TARGET
17840,2026-08-17 07:03:12.332,-1,PIN7,CURRENT,DEV,STOP
17840,2026-08-17 07:03:12.332,-1,PIN7,NO_50_ORDER,DEV,STOP
17840,2026-08-17 07:03:12.332,-1,PIN7,NO_50_ALL,DEV,STOP
17881,2026-08-17 07:22:17.260,-1,PIN7,CURRENT,DEV,NONE
17881,2026-08-17 07:22:17.260,-1,PIN7,NO_50_ORDER,DEV,NONE
17881,2026-08-17 07:22:17.260,-1,PIN7,NO_50_ALL,DEV,NONE
17888,2026-08-17 07:25:27.404,-1,EMA24,NO_50_ALL,DEV,TARGET
17892,2026-08-17 07:27:37.872,-1,EMA24,NO_50_ALL,DEV,TARGET
17897,2026-08-17 07:30:35.156,1,PIN7,NO_50_ORDER,DEV,TARGET
17897,2026-08-17 07:30:35.156,1,PIN7,NO_50_ALL,DEV,TARGET
17908,2026-08-17 07:37:05.388,-1,PIN7,CURRENT,DEV,TARGET
17908,2026-08-17 07:37:05.388,-1,PIN7,NO_50_ORDER,DEV,TARGET
17908,2026-08-17 07:37:05.388,-1,PIN7,NO_50_ALL,DEV,TARGET
17910,2026-08-17 07:38:39.176,-1,PIN7,CURRENT,DEV,STOP
17910,2026-08-17 07:38:39.176,-1,PIN7,NO_50_ORDER,DEV,STOP
17910,2026-08-17 07:38:39.176,-1,PIN7,NO_50_ALL,DEV,STOP
18181,2026-08-17 12:32:01.096,-1,PIN7,CURRENT,DEV,TARGET
18181,2026-08-17 12:32:01.096,-1,PIN7,NO_50_ORDER,DEV,TARGET
18181,2026-08-17 12:32:01.096,-1,PIN7,NO_50_ALL,DEV,TARGET
18182,2026-08-17 12:32:50.860,-1,PIN7,CURRENT,DEV,TARGET
18182,2026-08-17 12:32:50.860,-1,PIN7,NO_50_ORDER,DEV,TARGET
18182,2026-08-17 12:32:50.860,-1,PIN7,NO_50_ALL,DEV,TARGET
18190,2026-08-17 12:40:13.856,-1,EMA24,CURRENT,DEV,TARGET
18190,2026-08-17 12:40:13.856,-1,EMA24,NO_50_ORDER,DEV,TARGET
18190,2026-08-17 12:40:13.856,-1,EMA24,NO_50_ALL,DEV,TARGET
18197,2026-08-17 12:50:00.012,1,PIN7,NO_50_ORDER,DEV,STOP
18197,2026-08-17 12:50:00.012,1,PIN7,NO_50_ALL,DEV,STOP
18202,2026-08-17 12:52:51.016,-1,PIN7,CURRENT,DEV,TARGET
18202,2026-08-17 12:52:51.016,-1,PIN7,NO_50_ORDER,DEV,TARGET
18202,2026-08-17 12:52:51.016,-1,PIN7,NO_50_ALL,DEV,TARGET
18978,2026-08-18 06:31:32.724,1,EMA8,CURRENT,DEV,TARGET
18978,2026-08-18 06:31:32.724,1,EMA8,NO_50_ORDER,DEV,TARGET
18978,2026-08-18 06:31:32.724,1,EMA8,NO_50_ALL,DEV,TARGET
18999,2026-08-18 06:32:39.376,-1,PIN7,NO_50_ORDER,DEV,TARGET
18999,2026-08-18 06:32:39.376,-1,PIN7,NO_50_ALL,DEV,TARGET
19003,2026-08-18 06:33:04.772,-1,PIN7,CURRENT,DEV,TARGET
19003,2026-08-18 06:33:04.772,-1,PIN7,NO_50_ORDER,DEV,TARGET
19003,2026-08-18 06:33:04.772,-1,PIN7,NO_50_ALL,DEV,TARGET
19011,2026-08-18 06:33:28.284,-1,PIN7,CURRENT,DEV,STOP
19011,2026-08-18 06:33:28.284,-1,PIN7,NO_50_ORDER,DEV,STOP
19011,2026-08-18 06:33:28.284,-1,PIN7,NO_50_ALL,DEV,STOP
19013,2026-08-18 06:33:37.880,-1,EMA8,CURRENT,DEV,TARGET
19013,2026-08-18 06:33:37.880,-1,EMA8,NO_50_ORDER,DEV,TARGET
19013,2026-08-18 06:33:37.880,-1,EMA8,NO_50_ALL,DEV,TARGET
19017,2026-08-18 06:33:58.012,-1,EMA8,CURRENT,DEV,TARGET
19017,2026-08-18 06:33:58.012,-1,EMA8,NO_50_ORDER,DEV,TARGET
19017,2026-08-18 06:33:58.012,-1,EMA8,NO_50_ALL,DEV,TARGET
19023,2026-08-18 06:34:25.540,-1,EMA24,CURRENT,DEV,STOP
19023,2026-08-18 06:34:25.540,-1,EMA24,NO_50_ORDER,DEV,STOP
19023,2026-08-18 06:34:25.540,-1,EMA24,NO_50_ALL,DEV,STOP
19038,2026-08-18 06:35:29.784,1,PIN_STRICT,NO_50_ALL,DEV,TARGET
19088,2026-08-18 06:39:35.528,1,EMA24,CURRENT,DEV,TARGET
19088,2026-08-18 06:39:35.528,1,EMA24,NO_50_ORDER,DEV,TARGET
19088,2026-08-18 06:39:35.528,1,EMA24,NO_50_ALL,DEV,TARGET
19100,2026-08-18 06:40:57.548,1,EMA8,CURRENT,DEV,TARGET
19100,2026-08-18 06:40:57.548,1,EMA8,NO_50_ORDER,DEV,TARGET
19100,2026-08-18 06:40:57.548,1,EMA8,NO_50_ALL,DEV,TARGET
19249,2026-08-18 07:02:14.260,1,PIN7,NO_50_ORDER,DEV,TARGET
19249,2026-08-18 07:02:14.260,1,PIN7,NO_50_ALL,DEV,TARGET
19251,2026-08-18 07:02:20.880,1,PIN7,CURRENT,DEV,TARGET
19251,2026-08-18 07:02:20.880,1,PIN7,NO_50_ORDER,DEV,TARGET
19251,2026-08-18 07:02:20.880,1,PIN7,NO_50_ALL,DEV,TARGET
19280,2026-08-18 07:07:45.552,1,PIN7,CURRENT,DEV,TARGET
19280,2026-08-18 07:07:45.552,1,PIN7,NO_50_ORDER,DEV,TARGET
19280,2026-08-18 07:07:45.552,1,PIN7,NO_50_ALL,DEV,TARGET
19282,2026-08-18 07:07:52.256,1,PIN_STRICT,NO_50_ALL,DEV,STOP
19286,2026-08-18 07:08:55.048,1,EMA24,CURRENT,DEV,STOP
19286,2026-08-18 07:08:55.048,1,EMA24,NO_50_ORDER,DEV,STOP
19286,2026-08-18 07:08:55.048,1,EMA24,NO_50_ALL,DEV,STOP
19302,2026-08-18 07:11:35.256,-1,PIN_STRICT,CURRENT,DEV,TARGET
19302,2026-08-18 07:11:35.256,-1,PIN_STRICT,NO_50_ORDER,DEV,TARGET
19302,2026-08-18 07:11:35.256,-1,PIN_STRICT,NO_50_ALL,DEV,TARGET
19308,2026-08-18 07:12:24.392,-1,EMA8,CURRENT,DEV,STOP
19308,2026-08-18 07:12:24.392,-1,EMA8,NO_50_ORDER,DEV,STOP
19308,2026-08-18 07:12:24.392,-1,EMA8,NO_50_ALL,DEV,STOP
19318,2026-08-18 07:14:11.564,-1,EMA24,CURRENT,DEV,STOP
19318,2026-08-18 07:14:11.564,-1,EMA24,NO_50_ORDER,DEV,STOP
19318,2026-08-18 07:14:11.564,-1,EMA24,NO_50_ALL,DEV,STOP
19330,2026-08-18 07:15:55.088,1,PIN7,NO_50_ORDER,DEV,TARGET
19330,2026-08-18 07:15:55.088,1,PIN7,NO_50_ALL,DEV,TARGET
19335,2026-08-18 07:16:40.876,1,EMA8,CURRENT,DEV,TARGET
19335,2026-08-18 07:16:40.876,1,EMA8,NO_50_ORDER,DEV,TARGET
19335,2026-08-18 07:16:40.876,1,EMA8,NO_50_ALL,DEV,TARGET
19348,2026-08-18 07:18:37.696,1,PIN7,CURRENT,DEV,TARGET
19348,2026-08-18 07:18:37.696,1,PIN7,NO_50_ORDER,DEV,TARGET
19348,2026-08-18 07:18:37.696,1,PIN7,NO_50_ALL,DEV,TARGET
19349,2026-08-18 07:18:42.392,1,PIN7,CURRENT,DEV,TARGET
19349,2026-08-18 07:18:42.392,1,PIN7,NO_50_ORDER,DEV,TARGET
19349,2026-08-18 07:18:42.392,1,PIN7,NO_50_ALL,DEV,TARGET
19364,2026-08-18 07:21:59.100,-1,PIN7,NO_50_ORDER,DEV,STOP
19364,2026-08-18 07:21:59.100,-1,PIN7,NO_50_ALL,DEV,STOP
19369,2026-08-18 07:23:28.236,-1,EMA24,NO_50_ALL,DEV,STOP
19380,2026-08-18 07:25:00.228,1,EMA8,CURRENT,DEV,TARGET
19380,2026-08-18 07:25:00.228,1,EMA8,NO_50_ORDER,DEV,TARGET
19380,2026-08-18 07:25:00.228,1,EMA8,NO_50_ALL,DEV,TARGET
19382,2026-08-18 07:25:15.764,1,EMA8,CURRENT,DEV,TARGET
19382,2026-08-18 07:25:15.764,1,EMA8,NO_50_ORDER,DEV,TARGET
19382,2026-08-18 07:25:15.764,1,EMA8,NO_50_ALL,DEV,TARGET
19389,2026-08-18 07:26:38.012,1,EMA24,CURRENT,DEV,TARGET
19389,2026-08-18 07:26:38.012,1,EMA24,NO_50_ORDER,DEV,TARGET
19389,2026-08-18 07:26:38.012,1,EMA24,NO_50_ALL,DEV,TARGET
19416,2026-08-18 07:31:38.556,1,EMA24,CURRENT,DEV,TARGET
19416,2026-08-18 07:31:38.556,1,EMA24,NO_50_ORDER,DEV,TARGET
19416,2026-08-18 07:31:38.556,1,EMA24,NO_50_ALL,DEV,TARGET
19499,2026-08-18 07:53:22.356,-1,PIN7,CURRENT,DEV,TARGET
19499,2026-08-18 07:53:22.356,-1,PIN7,NO_50_ORDER,DEV,TARGET
19499,2026-08-18 07:53:22.356,-1,PIN7,NO_50_ALL,DEV,TARGET
19501,2026-08-18 07:53:24.428,-1,PIN7,CURRENT,DEV,TARGET
19501,2026-08-18 07:53:24.428,-1,PIN7,NO_50_ORDER,DEV,TARGET
19501,2026-08-18 07:53:24.428,-1,PIN7,NO_50_ALL,DEV,TARGET
19510,2026-08-18 07:54:06.944,-1,EMA8,CURRENT,DEV,TARGET
19510,2026-08-18 07:54:06.944,-1,EMA8,NO_50_ORDER,DEV,TARGET
19510,2026-08-18 07:54:06.944,-1,EMA8,NO_50_ALL,DEV,TARGET
19524,2026-08-18 07:57:23.440,-1,EMA24,CURRENT,DEV,TARGET
19524,2026-08-18 07:57:23.440,-1,EMA24,NO_50_ORDER,DEV,TARGET
19524,2026-08-18 07:57:23.440,-1,EMA24,NO_50_ALL,DEV,TARGET
19832,2026-08-18 11:05:24.816,-1,EMA8,CURRENT,DEV,TARGET
19832,2026-08-18 11:05:24.816,-1,EMA8,NO_50_ORDER,DEV,TARGET
19832,2026-08-18 11:05:24.816,-1,EMA8,NO_50_ALL,DEV,TARGET
19859,2026-08-18 11:27:51.988,1,EMA24,NO_50_ALL,DEV,TARGET
19877,2026-08-18 11:52:25.012,-1,PIN7,NO_50_ORDER,DEV,TARGET
19877,2026-08-18 11:52:25.012,-1,PIN7,NO_50_ALL,DEV,TARGET
19878,2026-08-18 11:54:47.008,-1,PIN7,CURRENT,DEV,TARGET
19878,2026-08-18 11:54:47.008,-1,PIN7,NO_50_ORDER,DEV,TARGET
19878,2026-08-18 11:54:47.008,-1,PIN7,NO_50_ALL,DEV,TARGET
19883,2026-08-18 12:00:01.880,-1,PIN7,CURRENT,DEV,STOP
19883,2026-08-18 12:00:01.880,-1,PIN7,NO_50_ORDER,DEV,STOP
19883,2026-08-18 12:00:01.880,-1,PIN7,NO_50_ALL,DEV,STOP
19929,2026-08-18 12:56:14.180,-1,EMA8,CURRENT,DEV,TARGET
19929,2026-08-18 12:56:14.180,-1,EMA8,NO_50_ORDER,DEV,TARGET
19929,2026-08-18 12:56:14.180,-1,EMA8,NO_50_ALL,DEV,TARGET
19931,2026-08-18 12:57:11.036,-1,EMA8,CURRENT,DEV,TARGET
19931,2026-08-18 12:57:11.036,-1,EMA8,NO_50_ORDER,DEV,TARGET
19931,2026-08-18 12:57:11.036,-1,EMA8,NO_50_ALL,DEV,TARGET
20747,2026-08-19 06:33:40.184,-1,EMA8,CURRENT,DEV,TARGET
20747,2026-08-19 06:33:40.184,-1,EMA8,NO_50_ORDER,DEV,TARGET
20747,2026-08-19 06:33:40.184,-1,EMA8,NO_50_ALL,DEV,TARGET
20805,2026-08-19 06:40:27.852,-1,EMA8,CURRENT,DEV,TARGET
20805,2026-08-19 06:40:27.852,-1,EMA8,NO_50_ORDER,DEV,TARGET
20805,2026-08-19 06:40:27.852,-1,EMA8,NO_50_ALL,DEV,TARGET
20808,2026-08-19 06:40:56.512,-1,EMA8,CURRENT,DEV,STOP
20808,2026-08-19 06:40:56.512,-1,EMA8,NO_50_ORDER,DEV,STOP
20808,2026-08-19 06:40:56.512,-1,EMA8,NO_50_ALL,DEV,STOP
20812,2026-08-19 06:41:19.264,-1,EMA24,CURRENT,DEV,TARGET
20812,2026-08-19 06:41:19.264,-1,EMA24,NO_50_ORDER,DEV,TARGET
20812,2026-08-19 06:41:19.264,-1,EMA24,NO_50_ALL,DEV,TARGET
20827,2026-08-19 06:43:18.204,1,PIN_STRICT,NO_50_ALL,DEV,TARGET
20836,2026-08-19 06:44:39.044,1,EMA8,CURRENT,DEV,TARGET
20836,2026-08-19 06:44:39.044,1,EMA8,NO_50_ORDER,DEV,TARGET
20836,2026-08-19 06:44:39.044,1,EMA8,NO_50_ALL,DEV,TARGET
21025,2026-08-19 07:01:37.320,-1,EMA24,NO_50_ALL,DEV,STOP
21042,2026-08-19 07:03:58.088,-1,PIN7,CURRENT,DEV,STOP
21042,2026-08-19 07:03:58.088,-1,PIN7,NO_50_ORDER,DEV,STOP
21042,2026-08-19 07:03:58.088,-1,PIN7,NO_50_ALL,DEV,STOP
21055,2026-08-19 07:05:24.356,1,PIN7,NO_50_ORDER,DEV,STOP
21055,2026-08-19 07:05:24.356,1,PIN7,NO_50_ALL,DEV,STOP
21095,2026-08-19 07:11:11.092,-1,PIN7,CURRENT,DEV,TARGET
21095,2026-08-19 07:11:11.092,-1,PIN7,NO_50_ORDER,DEV,TARGET
21095,2026-08-19 07:11:11.092,-1,PIN7,NO_50_ALL,DEV,TARGET
21096,2026-08-19 07:11:29.300,-1,PIN_STRICT,NO_50_ALL,DEV,TARGET
21097,2026-08-19 07:11:34.792,-1,PIN_STRICT,NO_50_ALL,DEV,TARGET
21098,2026-08-19 07:11:53.988,-1,PIN_STRICT,NO_50_ALL,DEV,STOP
21099,2026-08-19 07:12:07.208,-1,PIN7,CURRENT,DEV,STOP
21099,2026-08-19 07:12:07.208,-1,PIN7,NO_50_ORDER,DEV,STOP
21099,2026-08-19 07:12:07.208,-1,PIN7,NO_50_ALL,DEV,STOP
21101,2026-08-19 07:12:18.104,-1,EMA8,CURRENT,DEV,TARGET
21101,2026-08-19 07:12:18.104,-1,EMA8,NO_50_ORDER,DEV,TARGET
21101,2026-08-19 07:12:18.104,-1,EMA8,NO_50_ALL,DEV,TARGET
21103,2026-08-19 07:12:23.824,-1,EMA8,CURRENT,DEV,TARGET
21103,2026-08-19 07:12:23.824,-1,EMA8,NO_50_ORDER,DEV,TARGET
21103,2026-08-19 07:12:23.824,-1,EMA8,NO_50_ALL,DEV,TARGET
21143,2026-08-19 07:17:23.944,1,EMA8,CURRENT,DEV,TARGET
21143,2026-08-19 07:17:23.944,1,EMA8,NO_50_ORDER,DEV,TARGET
21143,2026-08-19 07:17:23.944,1,EMA8,NO_50_ALL,DEV,TARGET
21161,2026-08-19 07:19:44.832,1,EMA24,CURRENT,DEV,STOP
21161,2026-08-19 07:19:44.832,1,EMA24,NO_50_ORDER,DEV,STOP
21161,2026-08-19 07:19:44.832,1,EMA24,NO_50_ALL,DEV,STOP
21177,2026-08-19 07:22:10.336,-1,EMA8,NO_50_ORDER,DEV,TARGET
21177,2026-08-19 07:22:10.336,-1,EMA8,NO_50_ALL,DEV,TARGET
21182,2026-08-19 07:22:43.876,-1,EMA24,NO_50_ALL,DEV,TARGET
21206,2026-08-19 07:26:29.780,-1,EMA24,CURRENT,DEV,TARGET
21206,2026-08-19 07:26:29.780,-1,EMA24,NO_50_ORDER,DEV,TARGET
21206,2026-08-19 07:26:29.780,-1,EMA24,NO_50_ALL,DEV,TARGET
21225,2026-08-19 07:30:24.964,1,EMA8,CURRENT,DEV,TARGET
21225,2026-08-19 07:30:24.964,1,EMA8,NO_50_ORDER,DEV,TARGET
21225,2026-08-19 07:30:24.964,1,EMA8,NO_50_ALL,DEV,TARGET
21228,2026-08-19 07:30:58.048,1,EMA8,CURRENT,DEV,TARGET
21228,2026-08-19 07:30:58.048,1,EMA8,NO_50_ORDER,DEV,TARGET
21228,2026-08-19 07:30:58.048,1,EMA8,NO_50_ALL,DEV,TARGET
21232,2026-08-19 07:31:33.448,1,EMA8,CURRENT,DEV,TARGET
21232,2026-08-19 07:31:33.448,1,EMA8,NO_50_ORDER,DEV,TARGET
21232,2026-08-19 07:31:33.448,1,EMA8,NO_50_ALL,DEV,TARGET
21237,2026-08-19 07:32:54.000,1,EMA8,CURRENT,DEV,TARGET
21237,2026-08-19 07:32:54.000,1,EMA8,NO_50_ORDER,DEV,TARGET
21237,2026-08-19 07:32:54.000,1,EMA8,NO_50_ALL,DEV,TARGET
21239,2026-08-19 07:33:26.236,1,EMA8,CURRENT,DEV,TARGET
21239,2026-08-19 07:33:26.236,1,EMA8,NO_50_ORDER,DEV,TARGET
21239,2026-08-19 07:33:26.236,1,EMA8,NO_50_ALL,DEV,TARGET
21245,2026-08-19 07:34:57.468,1,EMA24,CURRENT,DEV,TARGET
21245,2026-08-19 07:34:57.468,1,EMA24,NO_50_ORDER,DEV,TARGET
21245,2026-08-19 07:34:57.468,1,EMA24,NO_50_ALL,DEV,TARGET
21252,2026-08-19 07:36:54.752,1,EMA8,CURRENT,DEV,TARGET
21252,2026-08-19 07:36:54.752,1,EMA8,NO_50_ORDER,DEV,TARGET
21252,2026-08-19 07:36:54.752,1,EMA8,NO_50_ALL,DEV,TARGET
21255,2026-08-19 07:37:32.544,1,PIN_STRICT,CURRENT,DEV,TARGET
21255,2026-08-19 07:37:32.544,1,PIN_STRICT,NO_50_ORDER,DEV,TARGET
21255,2026-08-19 07:37:32.544,1,PIN_STRICT,NO_50_ALL,DEV,TARGET
21256,2026-08-19 07:38:00.032,1,PIN7,CURRENT,DEV,TARGET
21256,2026-08-19 07:38:00.032,1,PIN7,NO_50_ORDER,DEV,TARGET
21256,2026-08-19 07:38:00.032,1,PIN7,NO_50_ALL,DEV,TARGET
21274,2026-08-19 07:43:46.760,1,EMA8,CURRENT,DEV,TARGET
21274,2026-08-19 07:43:46.760,1,EMA8,NO_50_ORDER,DEV,TARGET
21274,2026-08-19 07:43:46.760,1,EMA8,NO_50_ALL,DEV,TARGET
21289,2026-08-19 07:49:43.932,-1,PIN7,NO_50_ORDER,DEV,STOP
21289,2026-08-19 07:49:43.932,-1,PIN7,NO_50_ALL,DEV,STOP
21308,2026-08-19 07:56:09.676,1,PIN7,CURRENT,DEV,TARGET
21308,2026-08-19 07:56:09.676,1,PIN7,NO_50_ORDER,DEV,TARGET
21308,2026-08-19 07:56:09.676,1,PIN7,NO_50_ALL,DEV,TARGET
21309,2026-08-19 07:56:12.928,1,PIN7,CURRENT,DEV,TARGET
21309,2026-08-19 07:56:12.928,1,PIN7,NO_50_ORDER,DEV,TARGET
21309,2026-08-19 07:56:12.928,1,PIN7,NO_50_ALL,DEV,TARGET
21311,2026-08-19 07:56:46.280,1,PIN_STRICT,CURRENT,DEV,TARGET
21311,2026-08-19 07:56:46.280,1,PIN_STRICT,NO_50_ORDER,DEV,TARGET
21311,2026-08-19 07:56:46.280,1,PIN_STRICT,NO_50_ALL,DEV,TARGET
21700,2026-08-19 11:01:15.076,1,PIN7,CURRENT,DEV,TARGET
21700,2026-08-19 11:01:15.076,1,PIN7,NO_50_ORDER,DEV,TARGET
21700,2026-08-19 11:01:15.076,1,PIN7,NO_50_ALL,DEV,TARGET
21716,2026-08-19 11:05:12.540,1,EMA24,CURRENT,DEV,TARGET
21716,2026-08-19 11:05:12.540,1,EMA24,NO_50_ORDER,DEV,TARGET
21716,2026-08-19 11:05:12.540,1,EMA24,NO_50_ALL,DEV,TARGET
21721,2026-08-19 11:06:13.960,-1,PIN7,NO_50_ORDER,DEV,TARGET
21721,2026-08-19 11:06:13.960,-1,PIN7,NO_50_ALL,DEV,TARGET
21722,2026-08-19 11:06:22.032,-1,PIN7,NO_50_ORDER,DEV,TARGET
21722,2026-08-19 11:06:22.032,-1,PIN7,NO_50_ALL,DEV,TARGET
21734,2026-08-19 11:08:32.724,-1,PIN7,CURRENT,DEV,STOP
21734,2026-08-19 11:08:32.724,-1,PIN7,NO_50_ORDER,DEV,STOP
21734,2026-08-19 11:08:32.724,-1,PIN7,NO_50_ALL,DEV,STOP
21737,2026-08-19 11:09:12.024,-1,EMA8,CURRENT,DEV,TARGET
21737,2026-08-19 11:09:12.024,-1,EMA8,NO_50_ORDER,DEV,TARGET
21737,2026-08-19 11:09:12.024,-1,EMA8,NO_50_ALL,DEV,TARGET
21739,2026-08-19 11:09:47.120,-1,EMA8,CURRENT,DEV,STOP
21739,2026-08-19 11:09:47.120,-1,EMA8,NO_50_ORDER,DEV,STOP
21739,2026-08-19 11:09:47.120,-1,EMA8,NO_50_ALL,DEV,STOP
21741,2026-08-19 11:10:30.596,-1,EMA8,CURRENT,DEV,STOP
21741,2026-08-19 11:10:30.596,-1,EMA8,NO_50_ORDER,DEV,STOP
21741,2026-08-19 11:10:30.596,-1,EMA8,NO_50_ALL,DEV,STOP
21743,2026-08-19 11:11:16.744,-1,EMA8,CURRENT,DEV,STOP
21743,2026-08-19 11:11:16.744,-1,EMA8,NO_50_ORDER,DEV,STOP
21743,2026-08-19 11:11:16.744,-1,EMA8,NO_50_ALL,DEV,STOP
21749,2026-08-19 11:13:10.408,1,PIN7,NO_50_ORDER,DEV,TARGET
21749,2026-08-19 11:13:10.408,1,PIN7,NO_50_ALL,DEV,TARGET
21791,2026-08-19 11:34:12.500,1,EMA8,CURRENT,DEV,TARGET
21791,2026-08-19 11:34:12.500,1,EMA8,NO_50_ORDER,DEV,TARGET
21791,2026-08-19 11:34:12.500,1,EMA8,NO_50_ALL,DEV,TARGET
21795,2026-08-19 11:35:52.824,1,EMA8,CURRENT,DEV,TARGET
21795,2026-08-19 11:35:52.824,1,EMA8,NO_50_ORDER,DEV,TARGET
21795,2026-08-19 11:35:52.824,1,EMA8,NO_50_ALL,DEV,TARGET
21837,2026-08-19 12:09:37.936,1,PIN7,CURRENT,DEV,STOP
21837,2026-08-19 12:09:37.936,1,PIN7,NO_50_ORDER,DEV,STOP
21837,2026-08-19 12:09:37.936,1,PIN7,NO_50_ALL,DEV,STOP
21876,2026-08-19 12:37:51.480,-1,PIN_STRICT,NO_50_ALL,DEV,TARGET
21882,2026-08-19 12:40:34.820,-1,EMA8,CURRENT,DEV,TARGET
21882,2026-08-19 12:40:34.820,-1,EMA8,NO_50_ORDER,DEV,TARGET
21882,2026-08-19 12:40:34.820,-1,EMA8,NO_50_ALL,DEV,TARGET
21893,2026-08-19 12:45:43.884,-1,EMA8,CURRENT,DEV,TARGET
21893,2026-08-19 12:45:43.884,-1,EMA8,NO_50_ORDER,DEV,TARGET
21893,2026-08-19 12:45:43.884,-1,EMA8,NO_50_ALL,DEV,TARGET
21905,2026-08-19 12:48:30.592,-1,EMA24,CURRENT,DEV,TARGET
21905,2026-08-19 12:48:30.592,-1,EMA24,NO_50_ORDER,DEV,TARGET
21905,2026-08-19 12:48:30.592,-1,EMA24,NO_50_ALL,DEV,TARGET
21908,2026-08-19 12:50:00.024,-1,EMA8,CURRENT,DEV,TARGET
21908,2026-08-19 12:50:00.024,-1,EMA8,NO_50_ORDER,DEV,TARGET
21908,2026-08-19 12:50:00.024,-1,EMA8,NO_50_ALL,DEV,TARGET
21920,2026-08-19 12:52:00.224,-1,EMA8,CURRENT,DEV,TARGET
21920,2026-08-19 12:52:00.224,-1,EMA8,NO_50_ORDER,DEV,TARGET
21920,2026-08-19 12:52:00.224,-1,EMA8,NO_50_ALL,DEV,TARGET
21947,2026-08-19 12:59:26.128,1,PIN7,NO_50_ORDER,DEV,STOP
21947,2026-08-19 12:59:26.128,1,PIN7,NO_50_ALL,DEV,STOP
21958,2026-08-19 12:59:57.512,1,PIN7,CURRENT,DEV,TARGET
21958,2026-08-19 12:59:57.512,1,PIN7,NO_50_ORDER,DEV,TARGET
21958,2026-08-19 12:59:57.512,1,PIN7,NO_50_ALL,DEV,TARGET
22989,2026-08-20 06:31:16.112,1,PIN7,CURRENT,DEV,TARGET
22989,2026-08-20 06:31:16.112,1,PIN7,NO_50_ORDER,DEV,TARGET
22989,2026-08-20 06:31:16.112,1,PIN7,NO_50_ALL,DEV,TARGET
23000,2026-08-20 06:32:55.440,1,EMA24,CURRENT,DEV,TARGET
23000,2026-08-20 06:32:55.440,1,EMA24,NO_50_ORDER,DEV,TARGET
23000,2026-08-20 06:32:55.440,1,EMA24,NO_50_ALL,DEV,TARGET
23015,2026-08-20 06:34:23.120,1,EMA8,CURRENT,DEV,TARGET
23015,2026-08-20 06:34:23.120,1,EMA8,NO_50_ORDER,DEV,TARGET
23015,2026-08-20 06:34:23.120,1,EMA8,NO_50_ALL,DEV,TARGET
23017,2026-08-20 06:34:37.024,1,EMA8,CURRENT,DEV,TARGET
23017,2026-08-20 06:34:37.024,1,EMA8,NO_50_ORDER,DEV,TARGET
23017,2026-08-20 06:34:37.024,1,EMA8,NO_50_ALL,DEV,TARGET
23024,2026-08-20 06:35:15.608,1,EMA24,CURRENT,DEV,TARGET
23024,2026-08-20 06:35:15.608,1,EMA24,NO_50_ORDER,DEV,TARGET
23024,2026-08-20 06:35:15.608,1,EMA24,NO_50_ALL,DEV,TARGET
23033,2026-08-20 06:35:29.792,1,PIN7,CURRENT,DEV,TARGET
23033,2026-08-20 06:35:29.792,1,PIN7,NO_50_ORDER,DEV,TARGET
23033,2026-08-20 06:35:29.792,1,PIN7,NO_50_ALL,DEV,TARGET
23061,2026-08-20 06:39:36.900,1,PIN7,CURRENT,DEV,STOP
23061,2026-08-20 06:39:36.900,1,PIN7,NO_50_ORDER,DEV,STOP
23061,2026-08-20 06:39:36.900,1,PIN7,NO_50_ALL,DEV,STOP
23068,2026-08-20 06:40:13.140,-1,PIN7,NO_50_ORDER,DEV,TARGET
23068,2026-08-20 06:40:13.140,-1,PIN7,NO_50_ALL,DEV,TARGET
23079,2026-08-20 06:41:02.996,-1,EMA24,NO_50_ALL,DEV,STOP
23086,2026-08-20 06:41:21.300,1,PIN7,NO_50_ORDER,DEV,TARGET
23086,2026-08-20 06:41:21.300,1,PIN7,NO_50_ALL,DEV,TARGET
23096,2026-08-20 06:43:25.136,1,EMA8,CURRENT,DEV,TARGET
23096,2026-08-20 06:43:25.136,1,EMA8,NO_50_ORDER,DEV,TARGET
23096,2026-08-20 06:43:25.136,1,EMA8,NO_50_ALL,DEV,TARGET
23098,2026-08-20 06:43:43.292,1,EMA8,CURRENT,DEV,TARGET
23098,2026-08-20 06:43:43.292,1,EMA8,NO_50_ORDER,DEV,TARGET
23098,2026-08-20 06:43:43.292,1,EMA8,NO_50_ALL,DEV,TARGET
23100,2026-08-20 06:44:03.852,1,PIN7,CURRENT,DEV,STOP
23100,2026-08-20 06:44:03.852,1,PIN7,NO_50_ORDER,DEV,STOP
23100,2026-08-20 06:44:03.852,1,PIN7,NO_50_ALL,DEV,STOP
23102,2026-08-20 06:44:19.000,1,EMA8,CURRENT,DEV,STOP
23102,2026-08-20 06:44:19.000,1,EMA8,NO_50_ORDER,DEV,STOP
23102,2026-08-20 06:44:19.000,1,EMA8,NO_50_ALL,DEV,STOP
23266,2026-08-20 07:03:58.616,-1,EMA24,CURRENT,DEV,TARGET
23266,2026-08-20 07:03:58.616,-1,EMA24,NO_50_ORDER,DEV,TARGET
23266,2026-08-20 07:03:58.616,-1,EMA24,NO_50_ALL,DEV,TARGET
23275,2026-08-20 07:05:05.376,-1,PIN7,CURRENT,DEV,TARGET
23275,2026-08-20 07:05:05.376,-1,PIN7,NO_50_ORDER,DEV,TARGET
23275,2026-08-20 07:05:05.376,-1,PIN7,NO_50_ALL,DEV,TARGET
23294,2026-08-20 07:07:07.264,1,EMA24,NO_50_ORDER,DEV,TARGET
23294,2026-08-20 07:07:07.264,1,EMA24,NO_50_ALL,DEV,TARGET
23305,2026-08-20 07:08:35.256,-1,PIN7,CURRENT,DEV,STOP
23305,2026-08-20 07:08:35.256,-1,PIN7,NO_50_ORDER,DEV,STOP
23305,2026-08-20 07:08:35.256,-1,PIN7,NO_50_ALL,DEV,STOP
23313,2026-08-20 07:09:49.076,1,PIN7,NO_50_ORDER,DEV,TARGET
23313,2026-08-20 07:09:49.076,1,PIN7,NO_50_ALL,DEV,TARGET
23314,2026-08-20 07:09:51.876,1,PIN7,CURRENT,DEV,TARGET
23314,2026-08-20 07:09:51.876,1,PIN7,NO_50_ORDER,DEV,TARGET
23314,2026-08-20 07:09:51.876,1,PIN7,NO_50_ALL,DEV,TARGET
23315,2026-08-20 07:09:58.196,1,PIN7,CURRENT,DEV,STOP
23315,2026-08-20 07:09:58.196,1,PIN7,NO_50_ORDER,DEV,STOP
23315,2026-08-20 07:09:58.196,1,PIN7,NO_50_ALL,DEV,STOP
23316,2026-08-20 07:10:07.588,1,PIN7,CURRENT,DEV,STOP
23316,2026-08-20 07:10:07.588,1,PIN7,NO_50_ORDER,DEV,STOP
23316,2026-08-20 07:10:07.588,1,PIN7,NO_50_ALL,DEV,STOP
23318,2026-08-20 07:10:28.672,1,EMA8,CURRENT,DEV,STOP
23318,2026-08-20 07:10:28.672,1,EMA8,NO_50_ORDER,DEV,STOP
23318,2026-08-20 07:10:28.672,1,EMA8,NO_50_ALL,DEV,STOP
23366,2026-08-20 07:18:03.704,-1,EMA8,CURRENT,DEV,STOP
23366,2026-08-20 07:18:03.704,-1,EMA8,NO_50_ORDER,DEV,STOP
23366,2026-08-20 07:18:03.704,-1,EMA8,NO_50_ALL,DEV,STOP
23398,2026-08-20 07:21:36.476,1,EMA8,CURRENT,DEV,STOP
23398,2026-08-20 07:21:36.476,1,EMA8,NO_50_ORDER,DEV,STOP
23398,2026-08-20 07:21:36.476,1,EMA8,NO_50_ALL,DEV,STOP
23410,2026-08-20 07:22:59.736,1,PIN_STRICT,NO_50_ALL,DEV,TARGET
23416,2026-08-20 07:23:44.936,1,PIN7,CURRENT,DEV,TARGET
23416,2026-08-20 07:23:44.936,1,PIN7,NO_50_ORDER,DEV,TARGET
23416,2026-08-20 07:23:44.936,1,PIN7,NO_50_ALL,DEV,TARGET
23424,2026-08-20 07:24:51.928,1,EMA8,CURRENT,DEV,STOP
23424,2026-08-20 07:24:51.928,1,EMA8,NO_50_ORDER,DEV,STOP
23424,2026-08-20 07:24:51.928,1,EMA8,NO_50_ALL,DEV,STOP
23430,2026-08-20 07:25:28.572,1,EMA24,CURRENT,DEV,TARGET
23430,2026-08-20 07:25:28.572,1,EMA24,NO_50_ORDER,DEV,TARGET
23430,2026-08-20 07:25:28.572,1,EMA24,NO_50_ALL,DEV,TARGET
23447,2026-08-20 07:28:04.032,-1,EMA8,NO_50_ORDER,DEV,STOP
23447,2026-08-20 07:28:04.032,-1,EMA8,NO_50_ALL,DEV,STOP
23456,2026-08-20 07:29:16.044,-1,PIN7,CURRENT,DEV,STOP
23456,2026-08-20 07:29:16.044,-1,PIN7,NO_50_ORDER,DEV,STOP
23456,2026-08-20 07:29:16.044,-1,PIN7,NO_50_ALL,DEV,STOP
23460,2026-08-20 07:30:00.072,-1,EMA24,CURRENT,DEV,TARGET
23460,2026-08-20 07:30:00.072,-1,EMA24,NO_50_ORDER,DEV,TARGET
23460,2026-08-20 07:30:00.072,-1,EMA24,NO_50_ALL,DEV,TARGET
23477,2026-08-20 07:31:58.272,1,EMA24,NO_50_ALL,DEV,TARGET
23488,2026-08-20 07:33:32.992,1,PIN7,CURRENT,DEV,TARGET
23488,2026-08-20 07:33:32.992,1,PIN7,NO_50_ORDER,DEV,TARGET
23488,2026-08-20 07:33:32.992,1,PIN7,NO_50_ALL,DEV,TARGET
23489,2026-08-20 07:33:41.024,1,PIN7,CURRENT,DEV,TARGET
23489,2026-08-20 07:33:41.024,1,PIN7,NO_50_ORDER,DEV,TARGET
23489,2026-08-20 07:33:41.024,1,PIN7,NO_50_ALL,DEV,TARGET
23490,2026-08-20 07:34:10.376,1,PIN7,CURRENT,DEV,TARGET
23490,2026-08-20 07:34:10.376,1,PIN7,NO_50_ORDER,DEV,TARGET
23490,2026-08-20 07:34:10.376,1,PIN7,NO_50_ALL,DEV,TARGET
23517,2026-08-20 07:37:35.788,1,PIN7,CURRENT,DEV,STOP
23517,2026-08-20 07:37:35.788,1,PIN7,NO_50_ORDER,DEV,STOP
23517,2026-08-20 07:37:35.788,1,PIN7,NO_50_ALL,DEV,STOP
23552,2026-08-20 07:45:26.396,1,EMA8,CURRENT,DEV,TARGET
23552,2026-08-20 07:45:26.396,1,EMA8,NO_50_ORDER,DEV,TARGET
23552,2026-08-20 07:45:26.396,1,EMA8,NO_50_ALL,DEV,TARGET
23574,2026-08-20 07:50:53.516,-1,EMA8,NO_50_ORDER,DEV,STOP
23574,2026-08-20 07:50:53.516,-1,EMA8,NO_50_ALL,DEV,STOP
23602,2026-08-20 07:57:00.696,-1,EMA8,CURRENT,DEV,TARGET
23602,2026-08-20 07:57:00.696,-1,EMA8,NO_50_ORDER,DEV,TARGET
23602,2026-08-20 07:57:00.696,-1,EMA8,NO_50_ALL,DEV,TARGET
24135,2026-08-20 11:02:51.420,-1,PIN_STRICT,NO_50_ALL,DEV,TARGET
24151,2026-08-20 11:10:09.464,-1,EMA8,CURRENT,DEV,TARGET
24151,2026-08-20 11:10:09.464,-1,EMA8,NO_50_ORDER,DEV,TARGET
24151,2026-08-20 11:10:09.464,-1,EMA8,NO_50_ALL,DEV,TARGET
24161,2026-08-20 11:14:29.476,-1,EMA8,CURRENT,DEV,TARGET
24161,2026-08-20 11:14:29.476,-1,EMA8,NO_50_ORDER,DEV,TARGET
24161,2026-08-20 11:14:29.476,-1,EMA8,NO_50_ALL,DEV,TARGET
24166,2026-08-20 11:16:50.604,-1,PIN_STRICT,CURRENT,DEV,STOP
24166,2026-08-20 11:16:50.604,-1,PIN_STRICT,NO_50_ORDER,DEV,STOP
24166,2026-08-20 11:16:50.604,-1,PIN_STRICT,NO_50_ALL,DEV,STOP
24251,2026-08-20 12:20:26.560,-1,PIN7,CURRENT,DEV,STOP
24251,2026-08-20 12:20:26.560,-1,PIN7,NO_50_ORDER,DEV,STOP
24251,2026-08-20 12:20:26.560,-1,PIN7,NO_50_ALL,DEV,STOP
24270,2026-08-20 12:36:16.180,-1,EMA24,CURRENT,DEV,STOP
24270,2026-08-20 12:36:16.180,-1,EMA24,NO_50_ORDER,DEV,STOP
24270,2026-08-20 12:36:16.180,-1,EMA24,NO_50_ALL,DEV,STOP
24280,2026-08-20 12:43:56.612,-1,PIN7,CURRENT,DEV,TARGET
24280,2026-08-20 12:43:56.612,-1,PIN7,NO_50_ORDER,DEV,TARGET
24280,2026-08-20 12:43:56.612,-1,PIN7,NO_50_ALL,DEV,TARGET
24322,2026-08-20 12:55:25.872,-1,EMA8,CURRENT,DEV,TARGET
24322,2026-08-20 12:55:25.872,-1,EMA8,NO_50_ORDER,DEV,TARGET
24322,2026-08-20 12:55:25.872,-1,EMA8,NO_50_ALL,DEV,TARGET
24330,2026-08-20 12:57:06.812,-1,EMA8,CURRENT,DEV,TARGET
24330,2026-08-20 12:57:06.812,-1,EMA8,NO_50_ORDER,DEV,TARGET
24330,2026-08-20 12:57:06.812,-1,EMA8,NO_50_ALL,DEV,TARGET
24332,2026-08-20 12:57:26.816,-1,PIN7,CURRENT,DEV,STOP
24332,2026-08-20 12:57:26.816,-1,PIN7,NO_50_ORDER,DEV,STOP
24332,2026-08-20 12:57:26.816,-1,PIN7,NO_50_ALL,DEV,STOP
24334,2026-08-20 12:58:06.760,-1,EMA8,CURRENT,DEV,STOP
24334,2026-08-20 12:58:06.760,-1,EMA8,NO_50_ORDER,DEV,STOP
24334,2026-08-20 12:58:06.760,-1,EMA8,NO_50_ALL,DEV,STOP
24339,2026-08-20 12:59:00.448,-1,EMA24,CURRENT,DEV,STOP
24339,2026-08-20 12:59:00.448,-1,EMA24,NO_50_ORDER,DEV,STOP
24339,2026-08-20 12:59:00.448,-1,EMA24,NO_50_ALL,DEV,STOP
24353,2026-08-20 12:59:53.388,-1,EMA8,CURRENT,DEV,STOP
24353,2026-08-20 12:59:53.388,-1,EMA8,NO_50_ORDER,DEV,STOP
24353,2026-08-20 12:59:53.388,-1,EMA8,NO_50_ALL,DEV,STOP
24355,2026-08-20 12:59:55.408,-1,EMA24,CURRENT,DEV,STOP
24355,2026-08-20 12:59:55.408,-1,EMA24,NO_50_ORDER,DEV,STOP
24355,2026-08-20 12:59:55.408,-1,EMA24,NO_50_ALL,DEV,STOP
25008,2026-08-21 06:31:49.388,-1,EMA24,CURRENT,DEV,TARGET
25008,2026-08-21 06:31:49.388,-1,EMA24,NO_50_ORDER,DEV,TARGET
25008,2026-08-21 06:31:49.388,-1,EMA24,NO_50_ALL,DEV,TARGET
25038,2026-08-21 06:35:35.072,-1,EMA8,CURRENT,DEV,TARGET
25038,2026-08-21 06:35:35.072,-1,EMA8,NO_50_ORDER,DEV,TARGET
25038,2026-08-21 06:35:35.072,-1,EMA8,NO_50_ALL,DEV,TARGET
25088,2026-08-21 06:43:39.956,-1,PIN7,CURRENT,DEV,STOP
25088,2026-08-21 06:43:39.956,-1,PIN7,NO_50_ORDER,DEV,STOP
25088,2026-08-21 06:43:39.956,-1,PIN7,NO_50_ALL,DEV,STOP
25091,2026-08-21 06:44:19.232,-1,EMA24,NO_50_ALL,DEV,STOP
25195,2026-08-21 07:04:44.068,1,PIN7,CURRENT,DEV,TARGET
25195,2026-08-21 07:04:44.068,1,PIN7,NO_50_ORDER,DEV,TARGET
25195,2026-08-21 07:04:44.068,1,PIN7,NO_50_ALL,DEV,TARGET
25200,2026-08-21 07:05:52.364,1,PIN_STRICT,NO_50_ALL,DEV,TARGET
25213,2026-08-21 07:10:05.708,1,EMA24,CURRENT,DEV,TARGET
25213,2026-08-21 07:10:05.708,1,EMA24,NO_50_ORDER,DEV,TARGET
25213,2026-08-21 07:10:05.708,1,EMA24,NO_50_ALL,DEV,TARGET
25226,2026-08-21 07:13:16.284,-1,PIN7,NO_50_ORDER,DEV,TARGET
25226,2026-08-21 07:13:16.284,-1,PIN7,NO_50_ALL,DEV,TARGET
25227,2026-08-21 07:13:21.668,-1,PIN7,NO_50_ORDER,DEV,TARGET
25227,2026-08-21 07:13:21.668,-1,PIN7,NO_50_ALL,DEV,TARGET
25228,2026-08-21 07:13:31.796,-1,PIN7,NO_50_ORDER,DEV,TARGET
25228,2026-08-21 07:13:31.796,-1,PIN7,NO_50_ALL,DEV,TARGET
25234,2026-08-21 07:14:36.880,-1,EMA8,CURRENT,DEV,STOP
25234,2026-08-21 07:14:36.880,-1,EMA8,NO_50_ORDER,DEV,STOP
25234,2026-08-21 07:14:36.880,-1,EMA8,NO_50_ALL,DEV,STOP
25236,2026-08-21 07:15:10.136,-1,EMA8,CURRENT,DEV,STOP
25236,2026-08-21 07:15:10.136,-1,EMA8,NO_50_ORDER,DEV,STOP
25236,2026-08-21 07:15:10.136,-1,EMA8,NO_50_ALL,DEV,STOP
25268,2026-08-21 07:23:40.300,1,EMA24,NO_50_ALL,DEV,TARGET
25306,2026-08-21 07:35:51.960,-1,PIN7,CURRENT,DEV,TARGET
25306,2026-08-21 07:35:51.960,-1,PIN7,NO_50_ORDER,DEV,TARGET
25306,2026-08-21 07:35:51.960,-1,PIN7,NO_50_ALL,DEV,TARGET
25311,2026-08-21 07:36:54.256,-1,EMA8,CURRENT,DEV,TARGET
25311,2026-08-21 07:36:54.256,-1,EMA8,NO_50_ORDER,DEV,TARGET
25311,2026-08-21 07:36:54.256,-1,EMA8,NO_50_ALL,DEV,TARGET
25334,2026-08-21 07:45:04.640,1,EMA24,NO_50_ALL,DEV,TARGET
25354,2026-08-21 07:51:14.888,1,EMA8,CURRENT,DEV,TARGET
25354,2026-08-21 07:51:14.888,1,EMA8,NO_50_ORDER,DEV,TARGET
25354,2026-08-21 07:51:14.888,1,EMA8,NO_50_ALL,DEV,TARGET
25356,2026-08-21 07:51:57.240,1,EMA8,CURRENT,DEV,TARGET
25356,2026-08-21 07:51:57.240,1,EMA8,NO_50_ORDER,DEV,TARGET
25356,2026-08-21 07:51:57.240,1,EMA8,NO_50_ALL,DEV,TARGET
25366,2026-08-21 07:54:53.580,1,EMA24,CURRENT,DEV,TARGET
25366,2026-08-21 07:54:53.580,1,EMA24,NO_50_ORDER,DEV,TARGET
25366,2026-08-21 07:54:53.580,1,EMA24,NO_50_ALL,DEV,TARGET
25689,2026-08-21 11:01:57.436,-1,EMA24,CURRENT,DEV,STOP
25689,2026-08-21 11:01:57.436,-1,EMA24,NO_50_ORDER,DEV,STOP
25689,2026-08-21 11:01:57.436,-1,EMA24,NO_50_ALL,DEV,STOP
25700,2026-08-21 11:13:49.524,-1,EMA24,CURRENT,DEV,TARGET
25700,2026-08-21 11:13:49.524,-1,EMA24,NO_50_ORDER,DEV,TARGET
25700,2026-08-21 11:13:49.524,-1,EMA24,NO_50_ALL,DEV,TARGET
25710,2026-08-21 11:30:21.212,-1,PIN7,CURRENT,DEV,TARGET
25710,2026-08-21 11:30:21.212,-1,PIN7,NO_50_ORDER,DEV,TARGET
25710,2026-08-21 11:30:21.212,-1,PIN7,NO_50_ALL,DEV,TARGET
25712,2026-08-21 11:33:05.704,-1,PIN7,CURRENT,DEV,STOP
25712,2026-08-21 11:33:05.704,-1,PIN7,NO_50_ORDER,DEV,STOP
25712,2026-08-21 11:33:05.704,-1,PIN7,NO_50_ALL,DEV,STOP
25743,2026-08-21 12:13:31.520,1,EMA24,CURRENT,DEV,TARGET
25743,2026-08-21 12:13:31.520,1,EMA24,NO_50_ORDER,DEV,TARGET
25743,2026-08-21 12:13:31.520,1,EMA24,NO_50_ALL,DEV,TARGET
25770,2026-08-21 12:45:08.000,1,PIN7,CURRENT,DEV,TARGET
25770,2026-08-21 12:45:08.000,1,PIN7,NO_50_ORDER,DEV,TARGET
25770,2026-08-21 12:45:08.000,1,PIN7,NO_50_ALL,DEV,TARGET
25776,2026-08-21 12:49:23.516,1,PIN7,CURRENT,DEV,STOP
25776,2026-08-21 12:49:23.516,1,PIN7,NO_50_ORDER,DEV,STOP
25776,2026-08-21 12:49:23.516,1,PIN7,NO_50_ALL,DEV,STOP
25788,2026-08-21 12:52:45.584,-1,PIN7,NO_50_ORDER,DEV,TARGET
25788,2026-08-21 12:52:45.584,-1,PIN7,NO_50_ALL,DEV,TARGET
25808,2026-08-21 12:59:40.164,-1,PIN7,CURRENT,DEV,TARGET
25808,2026-08-21 12:59:40.164,-1,PIN7,NO_50_ORDER,DEV,TARGET
25808,2026-08-21 12:59:40.164,-1,PIN7,NO_50_ALL,DEV,TARGET
26823,2026-08-24 06:31:01.644,-1,PIN_STRICT,CURRENT,HOLD,TARGET
26823,2026-08-24 06:31:01.644,-1,PIN_STRICT,NO_50_ORDER,HOLD,TARGET
26823,2026-08-24 06:31:01.644,-1,PIN_STRICT,NO_50_ALL,HOLD,TARGET
26832,2026-08-24 06:31:30.156,-1,EMA24,CURRENT,HOLD,STOP
26832,2026-08-24 06:31:30.156,-1,EMA24,NO_50_ORDER,HOLD,STOP
26832,2026-08-24 06:31:30.156,-1,EMA24,NO_50_ALL,HOLD,STOP
26853,2026-08-24 06:33:54.080,-1,EMA8,CURRENT,HOLD,TARGET
26853,2026-08-24 06:33:54.080,-1,EMA8,NO_50_ORDER,HOLD,TARGET
26853,2026-08-24 06:33:54.080,-1,EMA8,NO_50_ALL,HOLD,TARGET
26860,2026-08-24 06:35:10.788,-1,PIN7,CURRENT,HOLD,STOP
26860,2026-08-24 06:35:10.788,-1,PIN7,NO_50_ORDER,HOLD,STOP
26860,2026-08-24 06:35:10.788,-1,PIN7,NO_50_ALL,HOLD,STOP
26884,2026-08-24 06:38:26.960,-1,PIN_STRICT,NO_50_ALL,HOLD,STOP
26885,2026-08-24 06:38:27.664,-1,PIN_STRICT,NO_50_ALL,HOLD,STOP
26891,2026-08-24 06:39:00.164,-1,EMA8,CURRENT,HOLD,STOP
26891,2026-08-24 06:39:00.164,-1,EMA8,NO_50_ORDER,HOLD,STOP
26891,2026-08-24 06:39:00.164,-1,EMA8,NO_50_ALL,HOLD,STOP
26908,2026-08-24 06:41:00.104,1,PIN7,NO_50_ORDER,HOLD,TARGET
26908,2026-08-24 06:41:00.104,1,PIN7,NO_50_ALL,HOLD,TARGET
26909,2026-08-24 06:41:05.988,1,PIN7,NO_50_ORDER,HOLD,TARGET
26909,2026-08-24 06:41:05.988,1,PIN7,NO_50_ALL,HOLD,TARGET
26910,2026-08-24 06:41:17.060,1,PIN7,NO_50_ORDER,HOLD,STOP
26910,2026-08-24 06:41:17.060,1,PIN7,NO_50_ALL,HOLD,STOP
26923,2026-08-24 06:42:49.544,-1,PIN_STRICT,NO_50_ALL,HOLD,TARGET
26930,2026-08-24 06:43:43.568,-1,EMA8,CURRENT,HOLD,TARGET
26930,2026-08-24 06:43:43.568,-1,EMA8,NO_50_ORDER,HOLD,TARGET
26930,2026-08-24 06:43:43.568,-1,EMA8,NO_50_ALL,HOLD,TARGET
26932,2026-08-24 06:44:19.540,-1,EMA8,CURRENT,HOLD,TARGET
26932,2026-08-24 06:44:19.540,-1,EMA8,NO_50_ORDER,HOLD,TARGET
26932,2026-08-24 06:44:19.540,-1,EMA8,NO_50_ALL,HOLD,TARGET
27069,2026-08-24 07:03:32.376,-1,EMA8,CURRENT,HOLD,TARGET
27069,2026-08-24 07:03:32.376,-1,EMA8,NO_50_ORDER,HOLD,TARGET
27069,2026-08-24 07:03:32.376,-1,EMA8,NO_50_ALL,HOLD,TARGET
27097,2026-08-24 07:09:28.340,-1,PIN7,CURRENT,HOLD,STOP
27097,2026-08-24 07:09:28.340,-1,PIN7,NO_50_ORDER,HOLD,STOP
27097,2026-08-24 07:09:28.340,-1,PIN7,NO_50_ALL,HOLD,STOP
27110,2026-08-24 07:13:01.032,-1,PIN7,CURRENT,HOLD,STOP
27110,2026-08-24 07:13:01.032,-1,PIN7,NO_50_ORDER,HOLD,STOP
27110,2026-08-24 07:13:01.032,-1,PIN7,NO_50_ALL,HOLD,STOP
27118,2026-08-24 07:14:55.400,1,PIN7,NO_50_ORDER,HOLD,STOP
27118,2026-08-24 07:14:55.400,1,PIN7,NO_50_ALL,HOLD,STOP
27151,2026-08-24 07:23:59.072,1,EMA24,CURRENT,HOLD,STOP
27151,2026-08-24 07:23:59.072,1,EMA24,NO_50_ORDER,HOLD,STOP
27151,2026-08-24 07:23:59.072,1,EMA24,NO_50_ALL,HOLD,STOP
27156,2026-08-24 07:26:00.840,-1,PIN7,NO_50_ORDER,HOLD,STOP
27156,2026-08-24 07:26:00.840,-1,PIN7,NO_50_ALL,HOLD,STOP
27177,2026-08-24 07:33:34.588,1,PIN_STRICT,CURRENT,HOLD,TARGET
27177,2026-08-24 07:33:34.588,1,PIN_STRICT,NO_50_ORDER,HOLD,TARGET
27177,2026-08-24 07:33:34.588,1,PIN_STRICT,NO_50_ALL,HOLD,TARGET
27183,2026-08-24 07:36:09.316,1,EMA8,CURRENT,HOLD,TARGET
27183,2026-08-24 07:36:09.316,1,EMA8,NO_50_ORDER,HOLD,TARGET
27183,2026-08-24 07:36:09.316,1,EMA8,NO_50_ALL,HOLD,TARGET
27185,2026-08-24 07:36:27.016,1,EMA8,CURRENT,HOLD,TARGET
27185,2026-08-24 07:36:27.016,1,EMA8,NO_50_ORDER,HOLD,TARGET
27185,2026-08-24 07:36:27.016,1,EMA8,NO_50_ALL,HOLD,TARGET
27190,2026-08-24 07:38:34.228,1,EMA8,CURRENT,HOLD,TARGET
27190,2026-08-24 07:38:34.228,1,EMA8,NO_50_ORDER,HOLD,TARGET
27190,2026-08-24 07:38:34.228,1,EMA8,NO_50_ALL,HOLD,TARGET
27556,2026-08-24 11:09:38.576,1,PIN7,NO_50_ORDER,HOLD,TARGET
27556,2026-08-24 11:09:38.576,1,PIN7,NO_50_ALL,HOLD,TARGET
27562,2026-08-24 11:14:21.836,1,PIN7,CURRENT,HOLD,TARGET
27562,2026-08-24 11:14:21.836,1,PIN7,NO_50_ORDER,HOLD,TARGET
27562,2026-08-24 11:14:21.836,1,PIN7,NO_50_ALL,HOLD,TARGET
27581,2026-08-24 11:28:57.680,1,PIN7,CURRENT,HOLD,TARGET
27581,2026-08-24 11:28:57.680,1,PIN7,NO_50_ORDER,HOLD,TARGET
27581,2026-08-24 11:28:57.680,1,PIN7,NO_50_ALL,HOLD,TARGET
27659,2026-08-24 12:52:00.084,-1,PIN7,CURRENT,HOLD,TARGET
27659,2026-08-24 12:52:00.084,-1,PIN7,NO_50_ORDER,HOLD,TARGET
27659,2026-08-24 12:52:00.084,-1,PIN7,NO_50_ALL,HOLD,TARGET
28434,2026-08-25 06:32:44.708,1,EMA24,NO_50_ALL,HOLD,STOP
28463,2026-08-25 06:37:54.456,1,PIN7,CURRENT,HOLD,STOP
28463,2026-08-25 06:37:54.456,1,PIN7,NO_50_ORDER,HOLD,STOP
28463,2026-08-25 06:37:54.456,1,PIN7,NO_50_ALL,HOLD,STOP
28553,2026-08-25 07:00:05.964,-1,EMA8,CURRENT,HOLD,TARGET
28553,2026-08-25 07:00:05.964,-1,EMA8,NO_50_ORDER,HOLD,TARGET
28553,2026-08-25 07:00:05.964,-1,EMA8,NO_50_ALL,HOLD,TARGET
28568,2026-08-25 07:03:45.636,-1,EMA24,CURRENT,HOLD,TARGET
28568,2026-08-25 07:03:45.636,-1,EMA24,NO_50_ORDER,HOLD,TARGET
28568,2026-08-25 07:03:45.636,-1,EMA24,NO_50_ALL,HOLD,TARGET
28574,2026-08-25 07:05:59.660,-1,EMA24,CURRENT,HOLD,TARGET
28574,2026-08-25 07:05:59.660,-1,EMA24,NO_50_ORDER,HOLD,TARGET
28574,2026-08-25 07:05:59.660,-1,EMA24,NO_50_ALL,HOLD,TARGET
28582,2026-08-25 07:08:25.876,-1,EMA8,CURRENT,HOLD,STOP
28582,2026-08-25 07:08:25.876,-1,EMA8,NO_50_ORDER,HOLD,STOP
28582,2026-08-25 07:08:25.876,-1,EMA8,NO_50_ALL,HOLD,STOP
28614,2026-08-25 07:22:41.676,-1,PIN7,CURRENT,HOLD,TARGET
28614,2026-08-25 07:22:41.676,-1,PIN7,NO_50_ORDER,HOLD,TARGET
28614,2026-08-25 07:22:41.676,-1,PIN7,NO_50_ALL,HOLD,TARGET
28615,2026-08-25 07:22:58.988,-1,PIN7,CURRENT,HOLD,TARGET
28615,2026-08-25 07:22:58.988,-1,PIN7,NO_50_ORDER,HOLD,TARGET
28615,2026-08-25 07:22:58.988,-1,PIN7,NO_50_ALL,HOLD,TARGET
28616,2026-08-25 07:23:21.644,-1,PIN7,CURRENT,HOLD,TARGET
28616,2026-08-25 07:23:21.644,-1,PIN7,NO_50_ORDER,HOLD,TARGET
28616,2026-08-25 07:23:21.644,-1,PIN7,NO_50_ALL,HOLD,TARGET
28645,2026-08-25 07:30:28.516,-1,EMA8,CURRENT,HOLD,TARGET
28645,2026-08-25 07:30:28.516,-1,EMA8,NO_50_ORDER,HOLD,TARGET
28645,2026-08-25 07:30:28.516,-1,EMA8,NO_50_ALL,HOLD,TARGET
28686,2026-08-25 07:30:40.312,1,EMA8,NO_50_ORDER,HOLD,TARGET
28686,2026-08-25 07:30:40.312,1,EMA8,NO_50_ALL,HOLD,TARGET
28702,2026-08-25 07:31:24.300,1,EMA8,CURRENT,HOLD,TARGET
28702,2026-08-25 07:31:24.300,1,EMA8,NO_50_ORDER,HOLD,TARGET
28702,2026-08-25 07:31:24.300,1,EMA8,NO_50_ALL,HOLD,TARGET
28706,2026-08-25 07:32:14.608,1,PIN7,CURRENT,HOLD,TARGET
28706,2026-08-25 07:32:14.608,1,PIN7,NO_50_ORDER,HOLD,TARGET
28706,2026-08-25 07:32:14.608,1,PIN7,NO_50_ALL,HOLD,TARGET
28715,2026-08-25 07:34:01.968,1,EMA8,CURRENT,HOLD,STOP
28715,2026-08-25 07:34:01.968,1,EMA8,NO_50_ORDER,HOLD,STOP
28715,2026-08-25 07:34:01.968,1,EMA8,NO_50_ALL,HOLD,STOP
28745,2026-08-25 07:45:01.648,-1,EMA8,NO_50_ORDER,HOLD,STOP
28745,2026-08-25 07:45:01.648,-1,EMA8,NO_50_ALL,HOLD,STOP
28768,2026-08-25 07:53:15.544,1,PIN7,NO_50_ORDER,HOLD,TARGET
28768,2026-08-25 07:53:15.544,1,PIN7,NO_50_ALL,HOLD,TARGET
29022,2026-08-25 11:33:22.260,1,PIN7,NO_50_ORDER,HOLD,TARGET
29022,2026-08-25 11:33:22.260,1,PIN7,NO_50_ALL,HOLD,TARGET
29029,2026-08-25 11:45:29.616,1,PIN7,CURRENT,HOLD,TARGET
29029,2026-08-25 11:45:29.616,1,PIN7,NO_50_ORDER,HOLD,TARGET
29029,2026-08-25 11:45:29.616,1,PIN7,NO_50_ALL,HOLD,TARGET
29035,2026-08-25 11:59:02.464,1,EMA8,CURRENT,HOLD,TARGET
29035,2026-08-25 11:59:02.464,1,EMA8,NO_50_ORDER,HOLD,TARGET
29035,2026-08-25 11:59:02.464,1,EMA8,NO_50_ALL,HOLD,TARGET
29044,2026-08-25 12:14:00.232,-1,PIN7,NO_50_ORDER,HOLD,TARGET
29044,2026-08-25 12:14:00.232,-1,PIN7,NO_50_ALL,HOLD,TARGET
29751,2026-08-26 06:33:03.000,1,EMA24,CURRENT,HOLD,TARGET
29751,2026-08-26 06:33:03.000,1,EMA24,NO_50_ORDER,HOLD,TARGET
29751,2026-08-26 06:33:03.000,1,EMA24,NO_50_ALL,HOLD,TARGET
29760,2026-08-26 06:34:08.404,1,PIN7,CURRENT,HOLD,TARGET
29760,2026-08-26 06:34:08.404,1,PIN7,NO_50_ORDER,HOLD,TARGET
29760,2026-08-26 06:34:08.404,1,PIN7,NO_50_ALL,HOLD,TARGET
29761,2026-08-26 06:34:20.020,1,PIN7,CURRENT,HOLD,TARGET
29761,2026-08-26 06:34:20.020,1,PIN7,NO_50_ORDER,HOLD,TARGET
29761,2026-08-26 06:34:20.020,1,PIN7,NO_50_ALL,HOLD,TARGET
29764,2026-08-26 06:34:43.184,1,EMA8,CURRENT,HOLD,TARGET
29764,2026-08-26 06:34:43.184,1,EMA8,NO_50_ORDER,HOLD,TARGET
29764,2026-08-26 06:34:43.184,1,EMA8,NO_50_ALL,HOLD,TARGET
29767,2026-08-26 06:35:01.308,1,EMA8,CURRENT,HOLD,STOP
29767,2026-08-26 06:35:01.308,1,EMA8,NO_50_ORDER,HOLD,STOP
29767,2026-08-26 06:35:01.308,1,EMA8,NO_50_ALL,HOLD,STOP
29775,2026-08-26 06:35:45.760,-1,PIN_STRICT,NO_50_ALL,HOLD,TARGET
29780,2026-08-26 06:36:10.644,-1,EMA8,NO_50_ORDER,HOLD,TARGET
29780,2026-08-26 06:36:10.644,-1,EMA8,NO_50_ALL,HOLD,TARGET
29802,2026-08-26 06:39:26.060,1,EMA24,CURRENT,HOLD,TARGET
29802,2026-08-26 06:39:26.060,1,EMA24,NO_50_ORDER,HOLD,TARGET
29802,2026-08-26 06:39:26.060,1,EMA24,NO_50_ALL,HOLD,TARGET
29826,2026-08-26 06:43:30.880,1,PIN7,CURRENT,HOLD,TARGET
29826,2026-08-26 06:43:30.880,1,PIN7,NO_50_ORDER,HOLD,TARGET
29826,2026-08-26 06:43:30.880,1,PIN7,NO_50_ALL,HOLD,TARGET
29831,2026-08-26 06:43:34.616,1,PIN_STRICT,CURRENT,HOLD,STOP
29831,2026-08-26 06:43:34.616,1,PIN_STRICT,NO_50_ORDER,HOLD,STOP
29831,2026-08-26 06:43:34.616,1,PIN_STRICT,NO_50_ALL,HOLD,STOP
29835,2026-08-26 06:43:43.896,1,EMA8,CURRENT,HOLD,TARGET
29835,2026-08-26 06:43:43.896,1,EMA8,NO_50_ORDER,HOLD,TARGET
29835,2026-08-26 06:43:43.896,1,EMA8,NO_50_ALL,HOLD,TARGET
29837,2026-08-26 06:44:02.284,1,EMA8,CURRENT,HOLD,TARGET
29837,2026-08-26 06:44:02.284,1,EMA8,NO_50_ORDER,HOLD,TARGET
29837,2026-08-26 06:44:02.284,1,EMA8,NO_50_ALL,HOLD,TARGET
29900,2026-08-26 07:00:17.256,1,EMA24,CURRENT,HOLD,TARGET
29900,2026-08-26 07:00:17.256,1,EMA24,NO_50_ORDER,HOLD,TARGET
29900,2026-08-26 07:00:17.256,1,EMA24,NO_50_ALL,HOLD,TARGET
29904,2026-08-26 07:02:09.948,1,EMA24,CURRENT,HOLD,TARGET
29904,2026-08-26 07:02:09.948,1,EMA24,NO_50_ORDER,HOLD,TARGET
29904,2026-08-26 07:02:09.948,1,EMA24,NO_50_ALL,HOLD,TARGET
29910,2026-08-26 07:05:35.964,1,EMA24,CURRENT,HOLD,TARGET
29910,2026-08-26 07:05:35.964,1,EMA24,NO_50_ORDER,HOLD,TARGET
29910,2026-08-26 07:05:35.964,1,EMA24,NO_50_ALL,HOLD,TARGET
29935,2026-08-26 07:15:28.088,-1,EMA8,CURRENT,HOLD,TARGET
29935,2026-08-26 07:15:28.088,-1,EMA8,NO_50_ORDER,HOLD,TARGET
29935,2026-08-26 07:15:28.088,-1,EMA8,NO_50_ALL,HOLD,TARGET
29941,2026-08-26 07:18:26.280,-1,EMA24,CURRENT,HOLD,TARGET
29941,2026-08-26 07:18:26.280,-1,EMA24,NO_50_ORDER,HOLD,TARGET
29941,2026-08-26 07:18:26.280,-1,EMA24,NO_50_ALL,HOLD,TARGET
29946,2026-08-26 07:20:58.876,-1,PIN7,CURRENT,HOLD,TARGET
29946,2026-08-26 07:20:58.876,-1,PIN7,NO_50_ORDER,HOLD,TARGET
29946,2026-08-26 07:20:58.876,-1,PIN7,NO_50_ALL,HOLD,TARGET
29954,2026-08-26 07:23:51.400,-1,EMA8,CURRENT,HOLD,TARGET
29954,2026-08-26 07:23:51.400,-1,EMA8,NO_50_ORDER,HOLD,TARGET
29954,2026-08-26 07:23:51.400,-1,EMA8,NO_50_ALL,HOLD,TARGET
29957,2026-08-26 07:25:01.820,-1,PIN7,CURRENT,HOLD,TARGET
29957,2026-08-26 07:25:01.820,-1,PIN7,NO_50_ORDER,HOLD,TARGET
29957,2026-08-26 07:25:01.820,-1,PIN7,NO_50_ALL,HOLD,TARGET
29958,2026-08-26 07:25:46.456,-1,PIN7,CURRENT,HOLD,TARGET
29958,2026-08-26 07:25:46.456,-1,PIN7,NO_50_ORDER,HOLD,TARGET
29958,2026-08-26 07:25:46.456,-1,PIN7,NO_50_ALL,HOLD,TARGET
29962,2026-08-26 07:27:01.112,-1,PIN_STRICT,CURRENT,HOLD,TARGET
29962,2026-08-26 07:27:01.112,-1,PIN_STRICT,NO_50_ORDER,HOLD,TARGET
29962,2026-08-26 07:27:01.112,-1,PIN_STRICT,NO_50_ALL,HOLD,TARGET
29979,2026-08-26 07:32:17.356,-1,EMA8,CURRENT,HOLD,STOP
29979,2026-08-26 07:32:17.356,-1,EMA8,NO_50_ORDER,HOLD,STOP
29979,2026-08-26 07:32:17.356,-1,EMA8,NO_50_ALL,HOLD,STOP
29991,2026-08-26 07:37:09.836,1,PIN7,NO_50_ORDER,HOLD,TARGET
29991,2026-08-26 07:37:09.836,1,PIN7,NO_50_ALL,HOLD,TARGET
29997,2026-08-26 07:40:10.200,1,EMA24,NO_50_ORDER,HOLD,TARGET
29997,2026-08-26 07:40:10.200,1,EMA24,NO_50_ALL,HOLD,TARGET
30013,2026-08-26 07:49:50.400,1,PIN7,NO_50_ORDER,HOLD,TARGET
30013,2026-08-26 07:49:50.400,1,PIN7,NO_50_ALL,HOLD,TARGET
30016,2026-08-26 07:52:18.816,1,PIN_STRICT,NO_50_ALL,HOLD,TARGET
30019,2026-08-26 07:54:49.608,1,EMA8,CURRENT,HOLD,TARGET
30019,2026-08-26 07:54:49.608,1,EMA8,NO_50_ORDER,HOLD,TARGET
30019,2026-08-26 07:54:49.608,1,EMA8,NO_50_ALL,HOLD,TARGET
30026,2026-08-26 07:59:54.072,1,EMA8,CURRENT,HOLD,TARGET
30026,2026-08-26 07:59:54.072,1,EMA8,NO_50_ORDER,HOLD,TARGET
30026,2026-08-26 07:59:54.072,1,EMA8,NO_50_ALL,HOLD,TARGET
30316,2026-08-26 11:52:20.032,1,EMA8,CURRENT,HOLD,TARGET
30316,2026-08-26 11:52:20.032,1,EMA8,NO_50_ORDER,HOLD,TARGET
30316,2026-08-26 11:52:20.032,1,EMA8,NO_50_ALL,HOLD,TARGET
30321,2026-08-26 11:57:24.740,1,EMA8,CURRENT,HOLD,TARGET
30321,2026-08-26 11:57:24.740,1,EMA8,NO_50_ORDER,HOLD,TARGET
30321,2026-08-26 11:57:24.740,1,EMA8,NO_50_ALL,HOLD,TARGET
30345,2026-08-26 12:15:07.732,1,EMA24,CURRENT,HOLD,TARGET
30345,2026-08-26 12:15:07.732,1,EMA24,NO_50_ORDER,HOLD,TARGET
30345,2026-08-26 12:15:07.732,1,EMA24,NO_50_ALL,HOLD,TARGET
30365,2026-08-26 12:39:14.752,-1,PIN7,NO_50_ORDER,HOLD,STOP
30365,2026-08-26 12:39:14.752,-1,PIN7,NO_50_ALL,HOLD,STOP
30405,2026-08-26 12:59:00.164,-1,PIN7,CURRENT,HOLD,TARGET
30405,2026-08-26 12:59:00.164,-1,PIN7,NO_50_ORDER,HOLD,TARGET
30405,2026-08-26 12:59:00.164,-1,PIN7,NO_50_ALL,HOLD,TARGET
30416,2026-08-26 12:59:55.268,-1,EMA24,CURRENT,HOLD,TARGET
30416,2026-08-26 12:59:55.268,-1,EMA24,NO_50_ORDER,HOLD,TARGET
30416,2026-08-26 12:59:55.268,-1,EMA24,NO_50_ALL,HOLD,TARGET
31396,2026-08-27 06:31:59.912,-1,PIN_STRICT,CURRENT,HOLD,TARGET
31396,2026-08-27 06:31:59.912,-1,PIN_STRICT,NO_50_ORDER,HOLD,TARGET
31396,2026-08-27 06:31:59.912,-1,PIN_STRICT,NO_50_ALL,HOLD,TARGET
31424,2026-08-27 06:34:24.792,-1,PIN_STRICT,NO_50_ALL,HOLD,TARGET
31472,2026-08-27 06:40:09.052,1,PIN_STRICT,NO_50_ALL,HOLD,TARGET
31497,2026-08-27 06:43:34.728,1,EMA8,CURRENT,HOLD,TARGET
31497,2026-08-27 06:43:34.728,1,EMA8,NO_50_ORDER,HOLD,TARGET
31497,2026-08-27 06:43:34.728,1,EMA8,NO_50_ALL,HOLD,TARGET
31501,2026-08-27 06:44:04.728,1,EMA8,CURRENT,HOLD,TARGET
31501,2026-08-27 06:44:04.728,1,EMA8,NO_50_ORDER,HOLD,TARGET
31501,2026-08-27 06:44:04.728,1,EMA8,NO_50_ALL,HOLD,TARGET
31659,2026-08-27 07:00:12.032,1,PIN7,NO_50_ORDER,HOLD,STOP
31659,2026-08-27 07:00:12.032,1,PIN7,NO_50_ALL,HOLD,STOP
31663,2026-08-27 07:00:23.516,1,EMA24,NO_50_ALL,HOLD,TARGET
31677,2026-08-27 07:01:42.060,1,EMA8,CURRENT,HOLD,STOP
31677,2026-08-27 07:01:42.060,1,EMA8,NO_50_ORDER,HOLD,STOP
31677,2026-08-27 07:01:42.060,1,EMA8,NO_50_ALL,HOLD,STOP
31682,2026-08-27 07:02:17.404,1,EMA24,CURRENT,HOLD,TARGET
31682,2026-08-27 07:02:17.404,1,EMA24,NO_50_ORDER,HOLD,TARGET
31682,2026-08-27 07:02:17.404,1,EMA24,NO_50_ALL,HOLD,TARGET
31700,2026-08-27 07:04:47.928,1,EMA24,CURRENT,HOLD,TARGET
31700,2026-08-27 07:04:47.928,1,EMA24,NO_50_ORDER,HOLD,TARGET
31700,2026-08-27 07:04:47.928,1,EMA24,NO_50_ALL,HOLD,TARGET
31706,2026-08-27 07:05:40.492,1,EMA8,CURRENT,HOLD,STOP
31706,2026-08-27 07:05:40.492,1,EMA8,NO_50_ORDER,HOLD,STOP
31706,2026-08-27 07:05:40.492,1,EMA8,NO_50_ALL,HOLD,STOP
31722,2026-08-27 07:07:27.932,-1,EMA8,CURRENT,HOLD,STOP
31722,2026-08-27 07:07:27.932,-1,EMA8,NO_50_ORDER,HOLD,STOP
31722,2026-08-27 07:07:27.932,-1,EMA8,NO_50_ALL,HOLD,STOP
31773,2026-08-27 07:16:48.264,1,EMA24,CURRENT,HOLD,TARGET
31773,2026-08-27 07:16:48.264,1,EMA24,NO_50_ORDER,HOLD,TARGET
31773,2026-08-27 07:16:48.264,1,EMA24,NO_50_ALL,HOLD,TARGET
31778,2026-08-27 07:18:28.068,1,PIN7,CURRENT,HOLD,TARGET
31778,2026-08-27 07:18:28.068,1,PIN7,NO_50_ORDER,HOLD,TARGET
31778,2026-08-27 07:18:28.068,1,PIN7,NO_50_ALL,HOLD,TARGET
31783,2026-08-27 07:20:02.780,1,EMA8,CURRENT,HOLD,TARGET
31783,2026-08-27 07:20:02.780,1,EMA8,NO_50_ORDER,HOLD,TARGET
31783,2026-08-27 07:20:02.780,1,EMA8,NO_50_ALL,HOLD,TARGET
31786,2026-08-27 07:21:01.624,1,PIN7,CURRENT,HOLD,STOP
31786,2026-08-27 07:21:01.624,1,PIN7,NO_50_ORDER,HOLD,STOP
31786,2026-08-27 07:21:01.624,1,PIN7,NO_50_ALL,HOLD,STOP
31790,2026-08-27 07:22:06.456,1,EMA24,CURRENT,HOLD,TARGET
31790,2026-08-27 07:22:06.456,1,EMA24,NO_50_ORDER,HOLD,TARGET
31790,2026-08-27 07:22:06.456,1,EMA24,NO_50_ALL,HOLD,TARGET
31831,2026-08-27 07:32:20.812,-1,EMA8,NO_50_ORDER,HOLD,TARGET
31831,2026-08-27 07:32:20.812,-1,EMA8,NO_50_ALL,HOLD,TARGET
31843,2026-08-27 07:36:50.584,1,PIN7,CURRENT,HOLD,TARGET
31843,2026-08-27 07:36:50.584,1,PIN7,NO_50_ORDER,HOLD,TARGET
31843,2026-08-27 07:36:50.584,1,PIN7,NO_50_ALL,HOLD,TARGET
31844,2026-08-27 07:37:07.932,1,PIN7,CURRENT,HOLD,TARGET
31844,2026-08-27 07:37:07.932,1,PIN7,NO_50_ORDER,HOLD,TARGET
31844,2026-08-27 07:37:07.932,1,PIN7,NO_50_ALL,HOLD,TARGET
31888,2026-08-27 07:49:51.540,1,PIN_STRICT,CURRENT,HOLD,TARGET
31888,2026-08-27 07:49:51.540,1,PIN_STRICT,NO_50_ORDER,HOLD,TARGET
31888,2026-08-27 07:49:51.540,1,PIN_STRICT,NO_50_ALL,HOLD,TARGET
31921,2026-08-27 07:59:29.788,1,PIN7,CURRENT,HOLD,TARGET
31921,2026-08-27 07:59:29.788,1,PIN7,NO_50_ORDER,HOLD,TARGET
31921,2026-08-27 07:59:29.788,1,PIN7,NO_50_ALL,HOLD,TARGET
32186,2026-08-27 11:01:52.068,-1,PIN7,CURRENT,HOLD,TARGET
32186,2026-08-27 11:01:52.068,-1,PIN7,NO_50_ORDER,HOLD,TARGET
32186,2026-08-27 11:01:52.068,-1,PIN7,NO_50_ALL,HOLD,TARGET
32190,2026-08-27 11:02:18.828,-1,PIN_STRICT,CURRENT,HOLD,STOP
32190,2026-08-27 11:02:18.828,-1,PIN_STRICT,NO_50_ORDER,HOLD,STOP
32190,2026-08-27 11:02:18.828,-1,PIN_STRICT,NO_50_ALL,HOLD,STOP
32192,2026-08-27 11:03:29.028,-1,EMA8,CURRENT,HOLD,TARGET
32192,2026-08-27 11:03:29.028,-1,EMA8,NO_50_ORDER,HOLD,TARGET
32192,2026-08-27 11:03:29.028,-1,EMA8,NO_50_ALL,HOLD,TARGET
32194,2026-08-27 11:04:11.016,-1,EMA8,CURRENT,HOLD,TARGET
32194,2026-08-27 11:04:11.016,-1,EMA8,NO_50_ORDER,HOLD,TARGET
32194,2026-08-27 11:04:11.016,-1,EMA8,NO_50_ALL,HOLD,TARGET
32208,2026-08-27 11:12:07.420,-1,EMA8,CURRENT,HOLD,TARGET
32208,2026-08-27 11:12:07.420,-1,EMA8,NO_50_ORDER,HOLD,TARGET
32208,2026-08-27 11:12:07.420,-1,EMA8,NO_50_ALL,HOLD,TARGET
32211,2026-08-27 11:13:17.364,-1,EMA8,CURRENT,HOLD,TARGET
32211,2026-08-27 11:13:17.364,-1,EMA8,NO_50_ORDER,HOLD,TARGET
32211,2026-08-27 11:13:17.364,-1,EMA8,NO_50_ALL,HOLD,TARGET
32213,2026-08-27 11:13:57.080,-1,PIN7,CURRENT,HOLD,TARGET
32213,2026-08-27 11:13:57.080,-1,PIN7,NO_50_ORDER,HOLD,TARGET
32213,2026-08-27 11:13:57.080,-1,PIN7,NO_50_ALL,HOLD,TARGET
32221,2026-08-27 11:16:20.984,-1,EMA8,CURRENT,HOLD,STOP
32221,2026-08-27 11:16:20.984,-1,EMA8,NO_50_ORDER,HOLD,STOP
32221,2026-08-27 11:16:20.984,-1,EMA8,NO_50_ALL,HOLD,STOP
32237,2026-08-27 11:26:33.700,-1,PIN7,CURRENT,HOLD,TARGET
32237,2026-08-27 11:26:33.700,-1,PIN7,NO_50_ORDER,HOLD,TARGET
32237,2026-08-27 11:26:33.700,-1,PIN7,NO_50_ALL,HOLD,TARGET
32238,2026-08-27 11:27:01.020,-1,PIN7,CURRENT,HOLD,TARGET
32238,2026-08-27 11:27:01.020,-1,PIN7,NO_50_ORDER,HOLD,TARGET
32238,2026-08-27 11:27:01.020,-1,PIN7,NO_50_ALL,HOLD,TARGET
32245,2026-08-27 11:29:02.884,-1,EMA8,CURRENT,HOLD,TARGET
32245,2026-08-27 11:29:02.884,-1,EMA8,NO_50_ORDER,HOLD,TARGET
32245,2026-08-27 11:29:02.884,-1,EMA8,NO_50_ALL,HOLD,TARGET
32268,2026-08-27 11:38:24.372,1,PIN7,NO_50_ORDER,HOLD,TARGET
32268,2026-08-27 11:38:24.372,1,PIN7,NO_50_ALL,HOLD,TARGET
32287,2026-08-27 11:49:46.440,-1,PIN7,CURRENT,HOLD,TARGET
32287,2026-08-27 11:49:46.440,-1,PIN7,NO_50_ORDER,HOLD,TARGET
32287,2026-08-27 11:49:46.440,-1,PIN7,NO_50_ALL,HOLD,TARGET
32313,2026-08-27 12:05:11.576,1,PIN7,NO_50_ORDER,HOLD,TARGET
32313,2026-08-27 12:05:11.576,1,PIN7,NO_50_ALL,HOLD,TARGET
32314,2026-08-27 12:05:12.636,1,PIN_STRICT,NO_50_ALL,HOLD,STOP
32359,2026-08-27 12:33:42.088,1,PIN7,CURRENT,HOLD,TARGET
32359,2026-08-27 12:33:42.088,1,PIN7,NO_50_ORDER,HOLD,TARGET
32359,2026-08-27 12:33:42.088,1,PIN7,NO_50_ALL,HOLD,TARGET
32360,2026-08-27 12:34:39.128,1,PIN7,CURRENT,HOLD,TARGET
32360,2026-08-27 12:34:39.128,1,PIN7,NO_50_ORDER,HOLD,TARGET
32360,2026-08-27 12:34:39.128,1,PIN7,NO_50_ALL,HOLD,TARGET
32378,2026-08-27 12:50:40.340,1,EMA24,CURRENT,HOLD,TARGET
32378,2026-08-27 12:50:40.340,1,EMA24,NO_50_ORDER,HOLD,TARGET
32378,2026-08-27 12:50:40.340,1,EMA24,NO_50_ALL,HOLD,TARGET
32393,2026-08-27 12:55:12.044,1,EMA8,CURRENT,HOLD,STOP
32393,2026-08-27 12:55:12.044,1,EMA8,NO_50_ORDER,HOLD,STOP
32393,2026-08-27 12:55:12.044,1,EMA8,NO_50_ALL,HOLD,STOP
32395,2026-08-27 12:55:30.552,1,EMA8,CURRENT,HOLD,TARGET
32395,2026-08-27 12:55:30.552,1,EMA8,NO_50_ORDER,HOLD,TARGET
32395,2026-08-27 12:55:30.552,1,EMA8,NO_50_ALL,HOLD,TARGET
32397,2026-08-27 12:56:18.680,1,EMA24,CURRENT,HOLD,TARGET
32397,2026-08-27 12:56:18.680,1,EMA24,NO_50_ORDER,HOLD,TARGET
32397,2026-08-27 12:56:18.680,1,EMA24,NO_50_ALL,HOLD,TARGET
32898,2026-08-28 06:38:18.376,1,EMA24,CURRENT,HOLD,TARGET
32898,2026-08-28 06:38:18.376,1,EMA24,NO_50_ORDER,HOLD,TARGET
32898,2026-08-28 06:38:18.376,1,EMA24,NO_50_ALL,HOLD,TARGET
32900,2026-08-28 06:39:16.380,1,EMA24,CURRENT,HOLD,TARGET
32900,2026-08-28 06:39:16.380,1,EMA24,NO_50_ORDER,HOLD,TARGET
32900,2026-08-28 06:39:16.380,1,EMA24,NO_50_ALL,HOLD,TARGET
32919,2026-08-28 06:44:57.920,1,EMA24,CURRENT,HOLD,STOP
32919,2026-08-28 06:44:57.920,1,EMA24,NO_50_ORDER,HOLD,STOP
32919,2026-08-28 06:44:57.920,1,EMA24,NO_50_ALL,HOLD,STOP
33012,2026-08-28 07:00:00.488,-1,EMA24,CURRENT,HOLD,STOP
33012,2026-08-28 07:00:00.488,-1,EMA24,NO_50_ORDER,HOLD,STOP
33012,2026-08-28 07:00:00.488,-1,EMA24,NO_50_ALL,HOLD,STOP
33133,2026-08-28 07:00:15.744,1,PIN7,CURRENT,HOLD,TARGET
33133,2026-08-28 07:00:15.744,1,PIN7,NO_50_ORDER,HOLD,TARGET
33133,2026-08-28 07:00:15.744,1,PIN7,NO_50_ALL,HOLD,TARGET
33140,2026-08-28 07:00:19.516,1,PIN7,CURRENT,HOLD,TARGET
33140,2026-08-28 07:00:19.516,1,PIN7,NO_50_ORDER,HOLD,TARGET
33140,2026-08-28 07:00:19.516,1,PIN7,NO_50_ALL,HOLD,TARGET
33143,2026-08-28 07:00:20.956,1,EMA8,CURRENT,HOLD,TARGET
33143,2026-08-28 07:00:20.956,1,EMA8,NO_50_ORDER,HOLD,TARGET
33143,2026-08-28 07:00:20.956,1,EMA8,NO_50_ALL,HOLD,TARGET
33145,2026-08-28 07:00:22.072,1,EMA8,CURRENT,HOLD,TARGET
33145,2026-08-28 07:00:22.072,1,EMA8,NO_50_ORDER,HOLD,TARGET
33145,2026-08-28 07:00:22.072,1,EMA8,NO_50_ALL,HOLD,TARGET
33149,2026-08-28 07:00:23.412,1,EMA8,CURRENT,HOLD,STOP
33149,2026-08-28 07:00:23.412,1,EMA8,NO_50_ORDER,HOLD,STOP
33149,2026-08-28 07:00:23.412,1,EMA8,NO_50_ALL,HOLD,STOP
33167,2026-08-28 07:00:39.456,1,PIN7,CURRENT,HOLD,TARGET
33167,2026-08-28 07:00:39.456,1,PIN7,NO_50_ORDER,HOLD,TARGET
33167,2026-08-28 07:00:39.456,1,PIN7,NO_50_ALL,HOLD,TARGET
33168,2026-08-28 07:00:39.704,1,PIN7,CURRENT,HOLD,TARGET
33168,2026-08-28 07:00:39.704,1,PIN7,NO_50_ORDER,HOLD,TARGET
33168,2026-08-28 07:00:39.704,1,PIN7,NO_50_ALL,HOLD,TARGET
33198,2026-08-28 07:01:49.600,-1,EMA8,CURRENT,HOLD,STOP
33198,2026-08-28 07:01:49.600,-1,EMA8,NO_50_ORDER,HOLD,STOP
33198,2026-08-28 07:01:49.600,-1,EMA8,NO_50_ALL,HOLD,STOP
33200,2026-08-28 07:01:51.768,-1,EMA8,CURRENT,HOLD,TARGET
33200,2026-08-28 07:01:51.768,-1,EMA8,NO_50_ORDER,HOLD,TARGET
33200,2026-08-28 07:01:51.768,-1,EMA8,NO_50_ALL,HOLD,TARGET
33202,2026-08-28 07:01:53.808,-1,EMA8,CURRENT,HOLD,STOP
33202,2026-08-28 07:01:53.808,-1,EMA8,NO_50_ORDER,HOLD,STOP
33202,2026-08-28 07:01:53.808,-1,EMA8,NO_50_ALL,HOLD,STOP
33205,2026-08-28 07:02:09.844,-1,EMA24,CURRENT,HOLD,TARGET
33205,2026-08-28 07:02:09.844,-1,EMA24,NO_50_ORDER,HOLD,TARGET
33205,2026-08-28 07:02:09.844,-1,EMA24,NO_50_ALL,HOLD,TARGET
33235,2026-08-28 07:03:52.036,-1,EMA8,CURRENT,HOLD,TARGET
33235,2026-08-28 07:03:52.036,-1,EMA8,NO_50_ORDER,HOLD,TARGET
33235,2026-08-28 07:03:52.036,-1,EMA8,NO_50_ALL,HOLD,TARGET
33239,2026-08-28 07:04:06.452,-1,PIN7,CURRENT,HOLD,STOP
33239,2026-08-28 07:04:06.452,-1,PIN7,NO_50_ORDER,HOLD,STOP
33239,2026-08-28 07:04:06.452,-1,PIN7,NO_50_ALL,HOLD,STOP
33242,2026-08-28 07:04:17.184,-1,EMA8,CURRENT,HOLD,TARGET
33242,2026-08-28 07:04:17.184,-1,EMA8,NO_50_ORDER,HOLD,TARGET
33242,2026-08-28 07:04:17.184,-1,EMA8,NO_50_ALL,HOLD,TARGET
33280,2026-08-28 07:06:31.036,-1,PIN7,CURRENT,HOLD,STOP
33280,2026-08-28 07:06:31.036,-1,PIN7,NO_50_ORDER,HOLD,STOP
33280,2026-08-28 07:06:31.036,-1,PIN7,NO_50_ALL,HOLD,STOP
33284,2026-08-28 07:06:52.520,-1,EMA8,CURRENT,HOLD,TARGET
33284,2026-08-28 07:06:52.520,-1,EMA8,NO_50_ORDER,HOLD,TARGET
33284,2026-08-28 07:06:52.520,-1,EMA8,NO_50_ALL,HOLD,TARGET
33290,2026-08-28 07:07:12.584,-1,EMA8,CURRENT,HOLD,STOP
33290,2026-08-28 07:07:12.584,-1,EMA8,NO_50_ORDER,HOLD,STOP
33290,2026-08-28 07:07:12.584,-1,EMA8,NO_50_ALL,HOLD,STOP
33294,2026-08-28 07:07:30.536,-1,EMA24,CURRENT,HOLD,TARGET
33294,2026-08-28 07:07:30.536,-1,EMA24,NO_50_ORDER,HOLD,TARGET
33294,2026-08-28 07:07:30.536,-1,EMA24,NO_50_ALL,HOLD,TARGET
33311,2026-08-28 07:08:49.156,1,PIN7,NO_50_ORDER,HOLD,TARGET
33311,2026-08-28 07:08:49.156,1,PIN7,NO_50_ALL,HOLD,TARGET
33317,2026-08-28 07:09:24.536,1,EMA8,NO_50_ORDER,HOLD,TARGET
33317,2026-08-28 07:09:24.536,1,EMA8,NO_50_ALL,HOLD,TARGET
33332,2026-08-28 07:10:38.668,-1,EMA24,NO_50_ALL,HOLD,TARGET
33335,2026-08-28 07:10:46.692,-1,PIN7,CURRENT,HOLD,TARGET
33335,2026-08-28 07:10:46.692,-1,PIN7,NO_50_ORDER,HOLD,TARGET
33335,2026-08-28 07:10:46.692,-1,PIN7,NO_50_ALL,HOLD,TARGET
33336,2026-08-28 07:11:16.484,-1,PIN7,CURRENT,HOLD,TARGET
33336,2026-08-28 07:11:16.484,-1,PIN7,NO_50_ORDER,HOLD,TARGET
33336,2026-08-28 07:11:16.484,-1,PIN7,NO_50_ALL,HOLD,TARGET
33338,2026-08-28 07:11:31.348,-1,EMA8,CURRENT,HOLD,TARGET
33338,2026-08-28 07:11:31.348,-1,EMA8,NO_50_ORDER,HOLD,TARGET
33338,2026-08-28 07:11:31.348,-1,EMA8,NO_50_ALL,HOLD,TARGET
33341,2026-08-28 07:11:46.592,-1,PIN7,CURRENT,HOLD,STOP
33341,2026-08-28 07:11:46.592,-1,PIN7,NO_50_ORDER,HOLD,STOP
33341,2026-08-28 07:11:46.592,-1,PIN7,NO_50_ALL,HOLD,STOP
33342,2026-08-28 07:11:52.832,-1,PIN7,CURRENT,HOLD,STOP
33342,2026-08-28 07:11:52.832,-1,PIN7,NO_50_ORDER,HOLD,STOP
33342,2026-08-28 07:11:52.832,-1,PIN7,NO_50_ALL,HOLD,STOP
33351,2026-08-28 07:12:54.552,-1,EMA24,CURRENT,HOLD,TARGET
33351,2026-08-28 07:12:54.552,-1,EMA24,NO_50_ORDER,HOLD,TARGET
33351,2026-08-28 07:12:54.552,-1,EMA24,NO_50_ALL,HOLD,TARGET
33358,2026-08-28 07:13:33.236,-1,PIN_STRICT,CURRENT,HOLD,TARGET
33358,2026-08-28 07:13:33.236,-1,PIN_STRICT,NO_50_ORDER,HOLD,TARGET
33358,2026-08-28 07:13:33.236,-1,PIN_STRICT,NO_50_ALL,HOLD,TARGET
33362,2026-08-28 07:14:03.996,-1,EMA8,CURRENT,HOLD,STOP
33362,2026-08-28 07:14:03.996,-1,EMA8,NO_50_ORDER,HOLD,STOP
33362,2026-08-28 07:14:03.996,-1,EMA8,NO_50_ALL,HOLD,STOP
33385,2026-08-28 07:16:04.924,1,EMA24,NO_50_ALL,HOLD,TARGET
33399,2026-08-28 07:17:46.304,1,PIN7,CURRENT,HOLD,TARGET
33399,2026-08-28 07:17:46.304,1,PIN7,NO_50_ORDER,HOLD,TARGET
33399,2026-08-28 07:17:46.304,1,PIN7,NO_50_ALL,HOLD,TARGET
33401,2026-08-28 07:18:10.060,1,PIN_STRICT,CURRENT,HOLD,TARGET
33401,2026-08-28 07:18:10.060,1,PIN_STRICT,NO_50_ORDER,HOLD,TARGET
33401,2026-08-28 07:18:10.060,1,PIN_STRICT,NO_50_ALL,HOLD,TARGET
33405,2026-08-28 07:18:31.644,1,EMA8,CURRENT,HOLD,TARGET
33405,2026-08-28 07:18:31.644,1,EMA8,NO_50_ORDER,HOLD,TARGET
33405,2026-08-28 07:18:31.644,1,EMA8,NO_50_ALL,HOLD,TARGET
33407,2026-08-28 07:18:43.252,1,PIN7,CURRENT,HOLD,TARGET
33407,2026-08-28 07:18:43.252,1,PIN7,NO_50_ORDER,HOLD,TARGET
33407,2026-08-28 07:18:43.252,1,PIN7,NO_50_ALL,HOLD,TARGET
33411,2026-08-28 07:19:24.168,1,PIN7,CURRENT,HOLD,TARGET
33411,2026-08-28 07:19:24.168,1,PIN7,NO_50_ORDER,HOLD,TARGET
33411,2026-08-28 07:19:24.168,1,PIN7,NO_50_ALL,HOLD,TARGET
33415,2026-08-28 07:19:43.604,1,EMA8,CURRENT,HOLD,TARGET
33415,2026-08-28 07:19:43.604,1,EMA8,NO_50_ORDER,HOLD,TARGET
33415,2026-08-28 07:19:43.604,1,EMA8,NO_50_ALL,HOLD,TARGET
33472,2026-08-28 07:26:09.456,-1,PIN7,CURRENT,HOLD,TARGET
33472,2026-08-28 07:26:09.456,-1,PIN7,NO_50_ORDER,HOLD,TARGET
33472,2026-08-28 07:26:09.456,-1,PIN7,NO_50_ALL,HOLD,TARGET
33487,2026-08-28 07:27:42.952,-1,PIN7,CURRENT,HOLD,TARGET
33487,2026-08-28 07:27:42.952,-1,PIN7,NO_50_ORDER,HOLD,TARGET
33487,2026-08-28 07:27:42.952,-1,PIN7,NO_50_ALL,HOLD,TARGET
33494,2026-08-28 07:28:44.952,-1,EMA8,CURRENT,HOLD,STOP
33494,2026-08-28 07:28:44.952,-1,EMA8,NO_50_ORDER,HOLD,STOP
33494,2026-08-28 07:28:44.952,-1,EMA8,NO_50_ALL,HOLD,STOP
33505,2026-08-28 07:29:46.580,1,PIN7,NO_50_ORDER,HOLD,TARGET
33505,2026-08-28 07:29:46.580,1,PIN7,NO_50_ALL,HOLD,TARGET
33506,2026-08-28 07:29:51.828,1,PIN7,NO_50_ORDER,HOLD,TARGET
33506,2026-08-28 07:29:51.828,1,PIN7,NO_50_ALL,HOLD,TARGET
33536,2026-08-28 07:31:35.132,1,PIN7,CURRENT,HOLD,STOP
33536,2026-08-28 07:31:35.132,1,PIN7,NO_50_ORDER,HOLD,STOP
33536,2026-08-28 07:31:35.132,1,PIN7,NO_50_ALL,HOLD,STOP
33559,2026-08-28 07:33:42.908,1,PIN7,CURRENT,HOLD,TARGET
33559,2026-08-28 07:33:42.908,1,PIN7,NO_50_ORDER,HOLD,TARGET
33559,2026-08-28 07:33:42.908,1,PIN7,NO_50_ALL,HOLD,TARGET
33566,2026-08-28 07:34:31.848,1,EMA8,CURRENT,HOLD,TARGET
33566,2026-08-28 07:34:31.848,1,EMA8,NO_50_ORDER,HOLD,TARGET
33566,2026-08-28 07:34:31.848,1,EMA8,NO_50_ALL,HOLD,TARGET
33568,2026-08-28 07:34:47.396,1,EMA8,CURRENT,HOLD,TARGET
33568,2026-08-28 07:34:47.396,1,EMA8,NO_50_ORDER,HOLD,TARGET
33568,2026-08-28 07:34:47.396,1,EMA8,NO_50_ALL,HOLD,TARGET
33571,2026-08-28 07:35:25.568,1,PIN7,CURRENT,HOLD,TARGET
33571,2026-08-28 07:35:25.568,1,PIN7,NO_50_ORDER,HOLD,TARGET
33571,2026-08-28 07:35:25.568,1,PIN7,NO_50_ALL,HOLD,TARGET
33577,2026-08-28 07:36:15.276,1,PIN7,CURRENT,HOLD,TARGET
33577,2026-08-28 07:36:15.276,1,PIN7,NO_50_ORDER,HOLD,TARGET
33577,2026-08-28 07:36:15.276,1,PIN7,NO_50_ALL,HOLD,TARGET
33586,2026-08-28 07:37:43.952,1,EMA8,CURRENT,HOLD,TARGET
33586,2026-08-28 07:37:43.952,1,EMA8,NO_50_ORDER,HOLD,TARGET
33586,2026-08-28 07:37:43.952,1,EMA8,NO_50_ALL,HOLD,TARGET
33589,2026-08-28 07:38:14.104,1,EMA8,CURRENT,HOLD,TARGET
33589,2026-08-28 07:38:14.104,1,EMA8,NO_50_ORDER,HOLD,TARGET
33589,2026-08-28 07:38:14.104,1,EMA8,NO_50_ALL,HOLD,TARGET
33598,2026-08-28 07:40:16.532,1,EMA24,CURRENT,HOLD,TARGET
33598,2026-08-28 07:40:16.532,1,EMA24,NO_50_ORDER,HOLD,TARGET
33598,2026-08-28 07:40:16.532,1,EMA24,NO_50_ALL,HOLD,TARGET
33610,2026-08-28 07:42:52.428,1,EMA8,CURRENT,HOLD,TARGET
33610,2026-08-28 07:42:52.428,1,EMA8,NO_50_ORDER,HOLD,TARGET
33610,2026-08-28 07:42:52.428,1,EMA8,NO_50_ALL,HOLD,TARGET
33616,2026-08-28 07:43:56.116,1,EMA8,CURRENT,HOLD,TARGET
33616,2026-08-28 07:43:56.116,1,EMA8,NO_50_ORDER,HOLD,TARGET
33616,2026-08-28 07:43:56.116,1,EMA8,NO_50_ALL,HOLD,TARGET
33620,2026-08-28 07:44:33.828,1,PIN_STRICT,CURRENT,HOLD,TARGET
33620,2026-08-28 07:44:33.828,1,PIN_STRICT,NO_50_ORDER,HOLD,TARGET
33620,2026-08-28 07:44:33.828,1,PIN_STRICT,NO_50_ALL,HOLD,TARGET
33621,2026-08-28 07:44:42.492,1,PIN_STRICT,CURRENT,HOLD,STOP
33621,2026-08-28 07:44:42.492,1,PIN_STRICT,NO_50_ORDER,HOLD,STOP
33621,2026-08-28 07:44:42.492,1,PIN_STRICT,NO_50_ALL,HOLD,STOP
33627,2026-08-28 07:45:29.024,1,EMA8,CURRENT,HOLD,STOP
33627,2026-08-28 07:45:29.024,1,EMA8,NO_50_ORDER,HOLD,STOP
33627,2026-08-28 07:45:29.024,1,EMA8,NO_50_ALL,HOLD,STOP
33631,2026-08-28 07:46:09.628,1,EMA24,CURRENT,HOLD,TARGET
33631,2026-08-28 07:46:09.628,1,EMA24,NO_50_ORDER,HOLD,TARGET
33631,2026-08-28 07:46:09.628,1,EMA24,NO_50_ALL,HOLD,TARGET
33637,2026-08-28 07:47:08.924,1,EMA8,CURRENT,HOLD,TARGET
33637,2026-08-28 07:47:08.924,1,EMA8,NO_50_ORDER,HOLD,TARGET
33637,2026-08-28 07:47:08.924,1,EMA8,NO_50_ALL,HOLD,TARGET
33647,2026-08-28 07:50:20.836,1,PIN7,CURRENT,HOLD,TARGET
33647,2026-08-28 07:50:20.836,1,PIN7,NO_50_ORDER,HOLD,TARGET
33647,2026-08-28 07:50:20.836,1,PIN7,NO_50_ALL,HOLD,TARGET
33648,2026-08-28 07:50:25.360,1,PIN7,CURRENT,HOLD,TARGET
33648,2026-08-28 07:50:25.360,1,PIN7,NO_50_ORDER,HOLD,TARGET
33648,2026-08-28 07:50:25.360,1,PIN7,NO_50_ALL,HOLD,TARGET
33652,2026-08-28 07:51:32.292,1,EMA8,CURRENT,HOLD,TARGET
33652,2026-08-28 07:51:32.292,1,EMA8,NO_50_ORDER,HOLD,TARGET
33652,2026-08-28 07:51:32.292,1,EMA8,NO_50_ALL,HOLD,TARGET
33657,2026-08-28 07:52:30.424,1,EMA8,CURRENT,HOLD,TARGET
33657,2026-08-28 07:52:30.424,1,EMA8,NO_50_ORDER,HOLD,TARGET
33657,2026-08-28 07:52:30.424,1,EMA8,NO_50_ALL,HOLD,TARGET
33659,2026-08-28 07:53:01.616,1,PIN7,CURRENT,HOLD,TARGET
33659,2026-08-28 07:53:01.616,1,PIN7,NO_50_ORDER,HOLD,TARGET
33659,2026-08-28 07:53:01.616,1,PIN7,NO_50_ALL,HOLD,TARGET
33661,2026-08-28 07:53:12.428,1,EMA8,CURRENT,HOLD,TARGET
33661,2026-08-28 07:53:12.428,1,EMA8,NO_50_ORDER,HOLD,TARGET
33661,2026-08-28 07:53:12.428,1,EMA8,NO_50_ALL,HOLD,TARGET
33665,2026-08-28 07:54:02.320,1,PIN_STRICT,CURRENT,HOLD,TARGET
33665,2026-08-28 07:54:02.320,1,PIN_STRICT,NO_50_ORDER,HOLD,TARGET
33665,2026-08-28 07:54:02.320,1,PIN_STRICT,NO_50_ALL,HOLD,TARGET
33670,2026-08-28 07:55:47.512,1,EMA8,CURRENT,HOLD,TARGET
33670,2026-08-28 07:55:47.512,1,EMA8,NO_50_ORDER,HOLD,TARGET
33670,2026-08-28 07:55:47.512,1,EMA8,NO_50_ALL,HOLD,TARGET
33672,2026-08-28 07:56:25.168,1,PIN7,CURRENT,HOLD,TARGET
33672,2026-08-28 07:56:25.168,1,PIN7,NO_50_ORDER,HOLD,TARGET
33672,2026-08-28 07:56:25.168,1,PIN7,NO_50_ALL,HOLD,TARGET
33676,2026-08-28 07:57:37.104,1,EMA8,CURRENT,HOLD,TARGET
33676,2026-08-28 07:57:37.104,1,EMA8,NO_50_ORDER,HOLD,TARGET
33676,2026-08-28 07:57:37.104,1,EMA8,NO_50_ALL,HOLD,TARGET
33678,2026-08-28 07:59:12.924,1,PIN7,CURRENT,HOLD,TARGET
33678,2026-08-28 07:59:12.924,1,PIN7,NO_50_ORDER,HOLD,TARGET
33678,2026-08-28 07:59:12.924,1,PIN7,NO_50_ALL,HOLD,TARGET
34526,2026-08-28 11:01:29.720,1,EMA24,NO_50_ALL,HOLD,TARGET
34537,2026-08-28 11:05:06.168,1,EMA24,CURRENT,HOLD,TARGET
34537,2026-08-28 11:05:06.168,1,EMA24,NO_50_ORDER,HOLD,TARGET
34537,2026-08-28 11:05:06.168,1,EMA24,NO_50_ALL,HOLD,TARGET
34561,2026-08-28 11:14:26.788,-1,PIN7,NO_50_ORDER,HOLD,TARGET
34561,2026-08-28 11:14:26.788,-1,PIN7,NO_50_ALL,HOLD,TARGET
34643,2026-08-28 11:51:04.068,-1,PIN_STRICT,CURRENT,HOLD,TARGET
34643,2026-08-28 11:51:04.068,-1,PIN_STRICT,NO_50_ORDER,HOLD,TARGET
34643,2026-08-28 11:51:04.068,-1,PIN_STRICT,NO_50_ALL,HOLD,TARGET
34675,2026-08-28 12:05:38.800,1,PIN7,NO_50_ORDER,HOLD,STOP
34675,2026-08-28 12:05:38.800,1,PIN7,NO_50_ALL,HOLD,STOP
34678,2026-08-28 12:07:34.580,1,EMA24,NO_50_ALL,HOLD,TARGET
34688,2026-08-28 12:12:51.752,1,EMA8,CURRENT,HOLD,NONE
34688,2026-08-28 12:12:51.752,1,EMA8,NO_50_ORDER,HOLD,NONE
34688,2026-08-28 12:12:51.752,1,EMA8,NO_50_ALL,HOLD,NONE
34691,2026-08-28 12:14:26.916,1,EMA24,CURRENT,HOLD,TARGET
34691,2026-08-28 12:14:26.916,1,EMA24,NO_50_ORDER,HOLD,TARGET
34691,2026-08-28 12:14:26.916,1,EMA24,NO_50_ALL,HOLD,TARGET
34704,2026-08-28 12:22:03.272,1,EMA8,CURRENT,HOLD,STOP
34704,2026-08-28 12:22:03.272,1,EMA8,NO_50_ORDER,HOLD,STOP
34704,2026-08-28 12:22:03.272,1,EMA8,NO_50_ALL,HOLD,STOP
34709,2026-08-28 12:25:16.408,1,EMA24,CURRENT,HOLD,TARGET
34709,2026-08-28 12:25:16.408,1,EMA24,NO_50_ORDER,HOLD,TARGET
34709,2026-08-28 12:25:16.408,1,EMA24,NO_50_ALL,HOLD,TARGET
34732,2026-08-28 12:39:40.992,1,PIN7,CURRENT,HOLD,TARGET
34732,2026-08-28 12:39:40.992,1,PIN7,NO_50_ORDER,HOLD,TARGET
34732,2026-08-28 12:39:40.992,1,PIN7,NO_50_ALL,HOLD,TARGET
34759,2026-08-28 12:50:25.512,1,EMA8,CURRENT,HOLD,STOP
34759,2026-08-28 12:50:25.512,1,EMA8,NO_50_ORDER,HOLD,STOP
34759,2026-08-28 12:50:25.512,1,EMA8,NO_50_ALL,HOLD,STOP
34766,2026-08-28 12:51:46.044,-1,PIN7,NO_50_ORDER,HOLD,STOP
34766,2026-08-28 12:51:46.044,-1,PIN7,NO_50_ALL,HOLD,STOP
34785,2026-08-28 12:56:40.660,1,PIN7,CURRENT,HOLD,TARGET
34785,2026-08-28 12:56:40.660,1,PIN7,NO_50_ORDER,HOLD,TARGET
34785,2026-08-28 12:56:40.660,1,PIN7,NO_50_ALL,HOLD,TARGET
34786,2026-08-28 12:57:14.780,1,PIN7,CURRENT,HOLD,STOP
34786,2026-08-28 12:57:14.780,1,PIN7,NO_50_ORDER,HOLD,STOP
34786,2026-08-28 12:57:14.780,1,PIN7,NO_50_ALL,HOLD,STOP
34813,2026-08-28 12:59:58.116,-1,EMA8,CURRENT,HOLD,STOP
34813,2026-08-28 12:59:58.116,-1,EMA8,NO_50_ORDER,HOLD,STOP
34813,2026-08-28 12:59:58.116,-1,EMA8,NO_50_ALL,HOLD,STOP
35892,2026-08-31 06:33:26.868,-1,PIN_STRICT,CURRENT,HOLD,TARGET
35892,2026-08-31 06:33:26.868,-1,PIN_STRICT,NO_50_ORDER,HOLD,TARGET
35892,2026-08-31 06:33:26.868,-1,PIN_STRICT,NO_50_ALL,HOLD,TARGET
35893,2026-08-31 06:33:30.488,-1,PIN7,CURRENT,HOLD,STOP
35893,2026-08-31 06:33:30.488,-1,PIN7,NO_50_ORDER,HOLD,STOP
35893,2026-08-31 06:33:30.488,-1,PIN7,NO_50_ALL,HOLD,STOP
35902,2026-08-31 06:34:25.472,-1,EMA8,CURRENT,HOLD,TARGET
35902,2026-08-31 06:34:25.472,-1,EMA8,NO_50_ORDER,HOLD,TARGET
35902,2026-08-31 06:34:25.472,-1,EMA8,NO_50_ALL,HOLD,TARGET
35905,2026-08-31 06:34:56.056,-1,EMA8,CURRENT,HOLD,TARGET
35905,2026-08-31 06:34:56.056,-1,EMA8,NO_50_ORDER,HOLD,TARGET
35905,2026-08-31 06:34:56.056,-1,EMA8,NO_50_ALL,HOLD,TARGET
35935,2026-08-31 06:38:19.040,1,PIN7,NO_50_ORDER,HOLD,STOP
35935,2026-08-31 06:38:19.040,1,PIN7,NO_50_ALL,HOLD,STOP
35938,2026-08-31 06:38:38.808,1,EMA24,NO_50_ORDER,HOLD,STOP
35938,2026-08-31 06:38:38.808,1,EMA24,NO_50_ALL,HOLD,STOP
35979,2026-08-31 06:43:55.208,-1,EMA8,CURRENT,HOLD,TARGET
35979,2026-08-31 06:43:55.208,-1,EMA8,NO_50_ORDER,HOLD,TARGET
35979,2026-08-31 06:43:55.208,-1,EMA8,NO_50_ALL,HOLD,TARGET
36192,2026-08-31 07:24:49.788,-1,PIN_STRICT,NO_50_ALL,HOLD,TARGET
36195,2026-08-31 07:25:13.844,-1,PIN_STRICT,CURRENT,HOLD,TARGET
36195,2026-08-31 07:25:13.844,-1,PIN_STRICT,NO_50_ORDER,HOLD,TARGET
36195,2026-08-31 07:25:13.844,-1,PIN_STRICT,NO_50_ALL,HOLD,TARGET
36245,2026-08-31 07:41:20.552,1,EMA8,CURRENT,HOLD,TARGET
36245,2026-08-31 07:41:20.552,1,EMA8,NO_50_ORDER,HOLD,TARGET
36245,2026-08-31 07:41:20.552,1,EMA8,NO_50_ALL,HOLD,TARGET
36247,2026-08-31 07:41:45.384,1,PIN7,CURRENT,HOLD,TARGET
36247,2026-08-31 07:41:45.384,1,PIN7,NO_50_ORDER,HOLD,TARGET
36247,2026-08-31 07:41:45.384,1,PIN7,NO_50_ALL,HOLD,TARGET
36249,2026-08-31 07:42:27.436,1,EMA8,CURRENT,HOLD,TARGET
36249,2026-08-31 07:42:27.436,1,EMA8,NO_50_ORDER,HOLD,TARGET
36249,2026-08-31 07:42:27.436,1,EMA8,NO_50_ALL,HOLD,TARGET
36269,2026-08-31 07:50:01.892,-1,PIN7,NO_50_ORDER,HOLD,STOP
36269,2026-08-31 07:50:01.892,-1,PIN7,NO_50_ALL,HOLD,STOP
36287,2026-08-31 07:55:27.204,1,PIN7,CURRENT,HOLD,TARGET
36287,2026-08-31 07:55:27.204,1,PIN7,NO_50_ORDER,HOLD,TARGET
36287,2026-08-31 07:55:27.204,1,PIN7,NO_50_ALL,HOLD,TARGET
36292,2026-08-31 07:56:43.872,1,PIN7,CURRENT,HOLD,TARGET
36292,2026-08-31 07:56:43.872,1,PIN7,NO_50_ORDER,HOLD,TARGET
36292,2026-08-31 07:56:43.872,1,PIN7,NO_50_ALL,HOLD,TARGET
36293,2026-08-31 07:57:14.292,1,PIN_STRICT,NO_50_ALL,HOLD,TARGET
36651,2026-08-31 11:33:56.028,-1,PIN7,NO_50_ORDER,HOLD,TARGET
36651,2026-08-31 11:33:56.028,-1,PIN7,NO_50_ALL,HOLD,TARGET
36652,2026-08-31 11:34:49.528,-1,PIN7,NO_50_ORDER,HOLD,TARGET
36652,2026-08-31 11:34:49.528,-1,PIN7,NO_50_ALL,HOLD,TARGET
36658,2026-08-31 11:38:07.212,-1,PIN_STRICT,CURRENT,HOLD,TARGET
36658,2026-08-31 11:38:07.212,-1,PIN_STRICT,NO_50_ORDER,HOLD,TARGET
36658,2026-08-31 11:38:07.212,-1,PIN_STRICT,NO_50_ALL,HOLD,TARGET
36673,2026-08-31 11:45:11.620,-1,EMA8,CURRENT,HOLD,STOP
36673,2026-08-31 11:45:11.620,-1,EMA8,NO_50_ORDER,HOLD,STOP
36673,2026-08-31 11:45:11.620,-1,EMA8,NO_50_ALL,HOLD,STOP
36687,2026-08-31 12:00:03.964,1,EMA8,NO_50_ORDER,HOLD,TARGET
36687,2026-08-31 12:00:03.964,1,EMA8,NO_50_ALL,HOLD,TARGET
36692,2026-08-31 12:02:30.020,1,EMA8,NO_50_ORDER,HOLD,STOP
36692,2026-08-31 12:02:30.020,1,EMA8,NO_50_ALL,HOLD,STOP
36701,2026-08-31 12:10:01.120,1,PIN7,CURRENT,HOLD,TARGET
36701,2026-08-31 12:10:01.120,1,PIN7,NO_50_ORDER,HOLD,TARGET
36701,2026-08-31 12:10:01.120,1,PIN7,NO_50_ALL,HOLD,TARGET
36706,2026-08-31 12:13:47.980,1,EMA8,CURRENT,HOLD,TARGET
36706,2026-08-31 12:13:47.980,1,EMA8,NO_50_ORDER,HOLD,TARGET
36706,2026-08-31 12:13:47.980,1,EMA8,NO_50_ALL,HOLD,TARGET
36721,2026-08-31 12:26:38.088,1,EMA8,CURRENT,HOLD,TARGET
36721,2026-08-31 12:26:38.088,1,EMA8,NO_50_ORDER,HOLD,TARGET
36721,2026-08-31 12:26:38.088,1,EMA8,NO_50_ALL,HOLD,TARGET
36730,2026-08-31 12:31:13.152,1,EMA24,CURRENT,HOLD,STOP
36730,2026-08-31 12:31:13.152,1,EMA24,NO_50_ORDER,HOLD,STOP
36730,2026-08-31 12:31:13.152,1,EMA24,NO_50_ALL,HOLD,STOP
36736,2026-08-31 12:36:19.564,1,PIN7,CURRENT,HOLD,TARGET
36736,2026-08-31 12:36:19.564,1,PIN7,NO_50_ORDER,HOLD,TARGET
36736,2026-08-31 12:36:19.564,1,PIN7,NO_50_ALL,HOLD,TARGET
36737,2026-08-31 12:37:49.276,1,PIN7,CURRENT,HOLD,TARGET
36737,2026-08-31 12:37:49.276,1,PIN7,NO_50_ORDER,HOLD,TARGET
36737,2026-08-31 12:37:49.276,1,PIN7,NO_50_ALL,HOLD,TARGET
36738,2026-08-31 12:40:13.636,1,PIN7,CURRENT,HOLD,TARGET
36738,2026-08-31 12:40:13.636,1,PIN7,NO_50_ORDER,HOLD,TARGET
36738,2026-08-31 12:40:13.636,1,PIN7,NO_50_ALL,HOLD,TARGET
36739,2026-08-31 12:41:30.284,1,PIN7,CURRENT,HOLD,TARGET
36739,2026-08-31 12:41:30.284,1,PIN7,NO_50_ORDER,HOLD,TARGET
36739,2026-08-31 12:41:30.284,1,PIN7,NO_50_ALL,HOLD,TARGET
36742,2026-08-31 12:43:37.704,1,PIN_STRICT,CURRENT,HOLD,TARGET
36742,2026-08-31 12:43:37.704,1,PIN_STRICT,NO_50_ORDER,HOLD,TARGET
36742,2026-08-31 12:43:37.704,1,PIN_STRICT,NO_50_ALL,HOLD,TARGET
36746,2026-08-31 12:45:49.248,1,EMA8,CURRENT,HOLD,TARGET
36746,2026-08-31 12:45:49.248,1,EMA8,NO_50_ORDER,HOLD,TARGET
36746,2026-08-31 12:45:49.248,1,EMA8,NO_50_ALL,HOLD,TARGET
36802,2026-08-31 12:59:06.024,1,PIN7,CURRENT,HOLD,TARGET
36802,2026-08-31 12:59:06.024,1,PIN7,NO_50_ORDER,HOLD,TARGET
36802,2026-08-31 12:59:06.024,1,PIN7,NO_50_ALL,HOLD,TARGET
36807,2026-08-31 12:59:21.176,1,PIN_STRICT,CURRENT,HOLD,STOP
36807,2026-08-31 12:59:21.176,1,PIN_STRICT,NO_50_ORDER,HOLD,STOP
36807,2026-08-31 12:59:21.176,1,PIN_STRICT,NO_50_ALL,HOLD,STOP
36818,2026-08-31 12:59:47.540,-1,PIN7,NO_50_ORDER,HOLD,TARGET
36818,2026-08-31 12:59:47.540,-1,PIN7,NO_50_ALL,HOLD,TARGET
36819,2026-08-31 12:59:50.148,-1,PIN7,NO_50_ORDER,HOLD,STOP
36819,2026-08-31 12:59:50.148,-1,PIN7,NO_50_ALL,HOLD,STOP
36822,2026-08-31 12:59:53.856,-1,EMA24,NO_50_ORDER,HOLD,TARGET
36822,2026-08-31 12:59:53.856,-1,EMA24,NO_50_ALL,HOLD,TARGET
36825,2026-08-31 12:59:55.020,-1,PIN7,NO_50_ORDER,HOLD,TARGET
36825,2026-08-31 12:59:55.020,-1,PIN7,NO_50_ALL,HOLD,TARGET
36826,2026-08-31 12:59:55.620,-1,PIN7,NO_50_ORDER,HOLD,TARGET
36826,2026-08-31 12:59:55.620,-1,PIN7,NO_50_ALL,HOLD,TARGET
36827,2026-08-31 12:59:56.460,-1,PIN7,CURRENT,HOLD,TARGET
36827,2026-08-31 12:59:56.460,-1,PIN7,NO_50_ORDER,HOLD,TARGET
36827,2026-08-31 12:59:56.460,-1,PIN7,NO_50_ALL,HOLD,TARGET
37812,2026-09-01 06:35:03.948,1,EMA24,NO_50_ALL,HOLD,TARGET
37861,2026-09-01 06:41:36.676,-1,EMA8,CURRENT,HOLD,STOP
37861,2026-09-01 06:41:36.676,-1,EMA8,NO_50_ORDER,HOLD,STOP
37861,2026-09-01 06:41:36.676,-1,EMA8,NO_50_ALL,HOLD,STOP
37876,2026-09-01 06:44:09.500,1,PIN7,NO_50_ORDER,HOLD,TARGET
37876,2026-09-01 06:44:09.500,1,PIN7,NO_50_ALL,HOLD,TARGET
37968,2026-09-01 07:01:42.028,1,PIN_STRICT,NO_50_ALL,HOLD,STOP
37972,2026-09-01 07:02:34.020,1,EMA8,CURRENT,HOLD,STOP
37972,2026-09-01 07:02:34.020,1,EMA8,NO_50_ORDER,HOLD,STOP
37972,2026-09-01 07:02:34.020,1,EMA8,NO_50_ALL,HOLD,STOP
37982,2026-09-01 07:04:26.172,1,PIN7,CURRENT,HOLD,TARGET
37982,2026-09-01 07:04:26.172,1,PIN7,NO_50_ORDER,HOLD,TARGET
37982,2026-09-01 07:04:26.172,1,PIN7,NO_50_ALL,HOLD,TARGET
37985,2026-09-01 07:05:08.536,1,EMA24,CURRENT,HOLD,TARGET
37985,2026-09-01 07:05:08.536,1,EMA24,NO_50_ORDER,HOLD,TARGET
37985,2026-09-01 07:05:08.536,1,EMA24,NO_50_ALL,HOLD,TARGET
37996,2026-09-01 07:07:56.360,1,EMA8,CURRENT,HOLD,TARGET
37996,2026-09-01 07:07:56.360,1,EMA8,NO_50_ORDER,HOLD,TARGET
37996,2026-09-01 07:07:56.360,1,EMA8,NO_50_ALL,HOLD,TARGET
38004,2026-09-01 07:10:35.136,1,EMA8,CURRENT,HOLD,TARGET
38004,2026-09-01 07:10:35.136,1,EMA8,NO_50_ORDER,HOLD,TARGET
38004,2026-09-01 07:10:35.136,1,EMA8,NO_50_ALL,HOLD,TARGET
38007,2026-09-01 07:11:04.120,1,EMA8,CURRENT,HOLD,STOP
38007,2026-09-01 07:11:04.120,1,EMA8,NO_50_ORDER,HOLD,STOP
38007,2026-09-01 07:11:04.120,1,EMA8,NO_50_ALL,HOLD,STOP
38019,2026-09-01 07:14:28.956,1,PIN7,CURRENT,HOLD,TARGET
38019,2026-09-01 07:14:28.956,1,PIN7,NO_50_ORDER,HOLD,TARGET
38019,2026-09-01 07:14:28.956,1,PIN7,NO_50_ALL,HOLD,TARGET
38022,2026-09-01 07:15:24.808,1,PIN_STRICT,NO_50_ALL,HOLD,TARGET
38025,2026-09-01 07:16:17.176,1,PIN_STRICT,CURRENT,HOLD,TARGET
38025,2026-09-01 07:16:17.176,1,PIN_STRICT,NO_50_ORDER,HOLD,TARGET
38025,2026-09-01 07:16:17.176,1,PIN_STRICT,NO_50_ALL,HOLD,TARGET
38035,2026-09-01 07:19:26.340,1,EMA24,CURRENT,HOLD,TARGET
38035,2026-09-01 07:19:26.340,1,EMA24,NO_50_ORDER,HOLD,TARGET
38035,2026-09-01 07:19:26.340,1,EMA24,NO_50_ALL,HOLD,TARGET
38039,2026-09-01 07:20:26.060,1,PIN7,CURRENT,HOLD,TARGET
38039,2026-09-01 07:20:26.060,1,PIN7,NO_50_ORDER,HOLD,TARGET
38039,2026-09-01 07:20:26.060,1,PIN7,NO_50_ALL,HOLD,TARGET
38040,2026-09-01 07:21:08.968,1,PIN7,CURRENT,HOLD,TARGET
38040,2026-09-01 07:21:08.968,1,PIN7,NO_50_ORDER,HOLD,TARGET
38040,2026-09-01 07:21:08.968,1,PIN7,NO_50_ALL,HOLD,TARGET
38041,2026-09-01 07:21:40.928,1,PIN7,CURRENT,HOLD,TARGET
38041,2026-09-01 07:21:40.928,1,PIN7,NO_50_ORDER,HOLD,TARGET
38041,2026-09-01 07:21:40.928,1,PIN7,NO_50_ALL,HOLD,TARGET
38043,2026-09-01 07:22:21.592,1,EMA8,CURRENT,HOLD,TARGET
38043,2026-09-01 07:22:21.592,1,EMA8,NO_50_ORDER,HOLD,TARGET
38043,2026-09-01 07:22:21.592,1,EMA8,NO_50_ALL,HOLD,TARGET
38061,2026-09-01 07:27:39.468,1,EMA24,CURRENT,HOLD,TARGET
38061,2026-09-01 07:27:39.468,1,EMA24,NO_50_ORDER,HOLD,TARGET
38061,2026-09-01 07:27:39.468,1,EMA24,NO_50_ALL,HOLD,TARGET
38070,2026-09-01 07:31:24.240,1,PIN7,CURRENT,HOLD,TARGET
38070,2026-09-01 07:31:24.240,1,PIN7,NO_50_ORDER,HOLD,TARGET
38070,2026-09-01 07:31:24.240,1,PIN7,NO_50_ALL,HOLD,TARGET
38081,2026-09-01 07:37:55.328,1,EMA8,CURRENT,HOLD,STOP
38081,2026-09-01 07:37:55.328,1,EMA8,NO_50_ORDER,HOLD,STOP
38081,2026-09-01 07:37:55.328,1,EMA8,NO_50_ALL,HOLD,STOP
38095,2026-09-01 07:43:18.064,-1,PIN7,NO_50_ORDER,HOLD,STOP
38095,2026-09-01 07:43:18.064,-1,PIN7,NO_50_ALL,HOLD,STOP
38112,2026-09-01 07:51:39.356,-1,PIN7,NO_50_ORDER,HOLD,TARGET
38112,2026-09-01 07:51:39.356,-1,PIN7,NO_50_ALL,HOLD,TARGET
38118,2026-09-01 07:53:23.512,-1,EMA8,CURRENT,HOLD,TARGET
38118,2026-09-01 07:53:23.512,-1,EMA8,NO_50_ORDER,HOLD,TARGET
38118,2026-09-01 07:53:23.512,-1,EMA8,NO_50_ALL,HOLD,TARGET
38128,2026-09-01 07:58:31.692,-1,EMA8,CURRENT,HOLD,TARGET
38128,2026-09-01 07:58:31.692,-1,EMA8,NO_50_ORDER,HOLD,TARGET
38128,2026-09-01 07:58:31.692,-1,EMA8,NO_50_ALL,HOLD,TARGET
38566,2026-09-01 11:09:42.592,-1,EMA24,CURRENT,HOLD,TARGET
38566,2026-09-01 11:09:42.592,-1,EMA24,NO_50_ORDER,HOLD,TARGET
38566,2026-09-01 11:09:42.592,-1,EMA24,NO_50_ALL,HOLD,TARGET
38573,2026-09-01 11:14:09.016,-1,PIN7,CURRENT,HOLD,STOP
38573,2026-09-01 11:14:09.016,-1,PIN7,NO_50_ORDER,HOLD,STOP
38573,2026-09-01 11:14:09.016,-1,PIN7,NO_50_ALL,HOLD,STOP
38574,2026-09-01 11:15:17.068,-1,PIN7,CURRENT,HOLD,STOP
38574,2026-09-01 11:15:17.068,-1,PIN7,NO_50_ORDER,HOLD,STOP
38574,2026-09-01 11:15:17.068,-1,PIN7,NO_50_ALL,HOLD,STOP
38599,2026-09-01 11:34:03.368,-1,PIN7,CURRENT,HOLD,TARGET
38599,2026-09-01 11:34:03.368,-1,PIN7,NO_50_ORDER,HOLD,TARGET
38599,2026-09-01 11:34:03.368,-1,PIN7,NO_50_ALL,HOLD,TARGET
38600,2026-09-01 11:34:30.856,-1,PIN7,CURRENT,HOLD,TARGET
38600,2026-09-01 11:34:30.856,-1,PIN7,NO_50_ORDER,HOLD,TARGET
38600,2026-09-01 11:34:30.856,-1,PIN7,NO_50_ALL,HOLD,TARGET
38603,2026-09-01 11:36:58.408,-1,EMA8,CURRENT,HOLD,TARGET
38603,2026-09-01 11:36:58.408,-1,EMA8,NO_50_ORDER,HOLD,TARGET
38603,2026-09-01 11:36:58.408,-1,EMA8,NO_50_ALL,HOLD,TARGET
38613,2026-09-01 11:42:52.120,-1,PIN_STRICT,CURRENT,HOLD,TARGET
38613,2026-09-01 11:42:52.120,-1,PIN_STRICT,NO_50_ORDER,HOLD,TARGET
38613,2026-09-01 11:42:52.120,-1,PIN_STRICT,NO_50_ALL,HOLD,TARGET
38617,2026-09-01 11:44:25.032,-1,PIN_STRICT,CURRENT,HOLD,TARGET
38617,2026-09-01 11:44:25.032,-1,PIN_STRICT,NO_50_ORDER,HOLD,TARGET
38617,2026-09-01 11:44:25.032,-1,PIN_STRICT,NO_50_ALL,HOLD,TARGET
38628,2026-09-01 11:46:50.436,-1,EMA8,CURRENT,HOLD,STOP
38628,2026-09-01 11:46:50.436,-1,EMA8,NO_50_ORDER,HOLD,STOP
38628,2026-09-01 11:46:50.436,-1,EMA8,NO_50_ALL,HOLD,STOP
38635,2026-09-01 11:48:33.336,-1,EMA24,CURRENT,HOLD,TARGET
38635,2026-09-01 11:48:33.336,-1,EMA24,NO_50_ORDER,HOLD,TARGET
38635,2026-09-01 11:48:33.336,-1,EMA24,NO_50_ALL,HOLD,TARGET
38654,2026-09-01 11:56:28.216,1,EMA8,NO_50_ORDER,HOLD,TARGET
38654,2026-09-01 11:56:28.216,1,EMA8,NO_50_ALL,HOLD,TARGET
38660,2026-09-01 11:58:02.884,1,EMA8,CURRENT,HOLD,TARGET
38660,2026-09-01 11:58:02.884,1,EMA8,NO_50_ORDER,HOLD,TARGET
38660,2026-09-01 11:58:02.884,1,EMA8,NO_50_ALL,HOLD,TARGET
38683,2026-09-01 12:06:45.404,1,EMA8,CURRENT,HOLD,TARGET
38683,2026-09-01 12:06:45.404,1,EMA8,NO_50_ORDER,HOLD,TARGET
38683,2026-09-01 12:06:45.404,1,EMA8,NO_50_ALL,HOLD,TARGET
38686,2026-09-01 12:07:55.020,1,EMA24,CURRENT,HOLD,TARGET
38686,2026-09-01 12:07:55.020,1,EMA24,NO_50_ORDER,HOLD,TARGET
38686,2026-09-01 12:07:55.020,1,EMA24,NO_50_ALL,HOLD,TARGET
38700,2026-09-01 12:13:38.804,1,EMA8,CURRENT,HOLD,TARGET
38700,2026-09-01 12:13:38.804,1,EMA8,NO_50_ORDER,HOLD,TARGET
38700,2026-09-01 12:13:38.804,1,EMA8,NO_50_ALL,HOLD,TARGET
38707,2026-09-01 12:17:24.136,1,EMA8,CURRENT,HOLD,STOP
38707,2026-09-01 12:17:24.136,1,EMA8,NO_50_ORDER,HOLD,STOP
38707,2026-09-01 12:17:24.136,1,EMA8,NO_50_ALL,HOLD,STOP
38718,2026-09-01 12:20:53.884,-1,PIN7,NO_50_ORDER,HOLD,STOP
38718,2026-09-01 12:20:53.884,-1,PIN7,NO_50_ALL,HOLD,STOP
38719,2026-09-01 12:22:07.368,-1,PIN7,NO_50_ORDER,HOLD,STOP
38719,2026-09-01 12:22:07.368,-1,PIN7,NO_50_ALL,HOLD,STOP
38736,2026-09-01 12:32:32.952,-1,PIN_STRICT,NO_50_ALL,HOLD,STOP
38737,2026-09-01 12:32:58.208,-1,PIN7,NO_50_ORDER,HOLD,STOP
38737,2026-09-01 12:32:58.208,-1,PIN7,NO_50_ALL,HOLD,STOP
38782,2026-09-01 12:53:00.052,-1,PIN7,CURRENT,HOLD,TARGET
38782,2026-09-01 12:53:00.052,-1,PIN7,NO_50_ORDER,HOLD,TARGET
38782,2026-09-01 12:53:00.052,-1,PIN7,NO_50_ALL,HOLD,TARGET
38784,2026-09-01 12:53:40.044,-1,PIN_STRICT,NO_50_ALL,HOLD,STOP
38798,2026-09-01 12:56:19.160,-1,PIN7,CURRENT,HOLD,STOP
38798,2026-09-01 12:56:19.160,-1,PIN7,NO_50_ORDER,HOLD,STOP
38798,2026-09-01 12:56:19.160,-1,PIN7,NO_50_ALL,HOLD,STOP
38807,2026-09-01 12:59:00.636,1,PIN_STRICT,NO_50_ALL,HOLD,STOP
38808,2026-09-01 12:59:02.056,1,PIN_STRICT,NO_50_ALL,HOLD,STOP
38812,2026-09-01 12:59:12.796,1,EMA24,NO_50_ALL,HOLD,TARGET
39677,2026-09-02 06:32:20.540,1,PIN7,NO_50_ORDER,HOLD,STOP
39677,2026-09-02 06:32:20.540,1,PIN7,NO_50_ALL,HOLD,STOP
39727,2026-09-02 06:40:24.652,1,EMA8,CURRENT,HOLD,TARGET
39727,2026-09-02 06:40:24.652,1,EMA8,NO_50_ORDER,HOLD,TARGET
39727,2026-09-02 06:40:24.652,1,EMA8,NO_50_ALL,HOLD,TARGET
39731,2026-09-02 06:41:11.004,1,EMA8,CURRENT,HOLD,TARGET
39731,2026-09-02 06:41:11.004,1,EMA8,NO_50_ORDER,HOLD,TARGET
39731,2026-09-02 06:41:11.004,1,EMA8,NO_50_ALL,HOLD,TARGET
39733,2026-09-02 06:41:16.432,1,EMA8,CURRENT,HOLD,TARGET
39733,2026-09-02 06:41:16.432,1,EMA8,NO_50_ORDER,HOLD,TARGET
39733,2026-09-02 06:41:16.432,1,EMA8,NO_50_ALL,HOLD,TARGET
39823,2026-09-02 07:00:39.992,1,EMA8,CURRENT,HOLD,TARGET
39823,2026-09-02 07:00:39.992,1,EMA8,NO_50_ORDER,HOLD,TARGET
39823,2026-09-02 07:00:39.992,1,EMA8,NO_50_ALL,HOLD,TARGET
39826,2026-09-02 07:01:09.408,1,PIN_STRICT,CURRENT,HOLD,TARGET
39826,2026-09-02 07:01:09.408,1,PIN_STRICT,NO_50_ORDER,HOLD,TARGET
39826,2026-09-02 07:01:09.408,1,PIN_STRICT,NO_50_ALL,HOLD,TARGET
39827,2026-09-02 07:01:15.160,1,PIN7,CURRENT,HOLD,TARGET
39827,2026-09-02 07:01:15.160,1,PIN7,NO_50_ORDER,HOLD,TARGET
39827,2026-09-02 07:01:15.160,1,PIN7,NO_50_ALL,HOLD,TARGET
39832,2026-09-02 07:02:16.096,1,EMA8,CURRENT,HOLD,STOP
39832,2026-09-02 07:02:16.096,1,EMA8,NO_50_ORDER,HOLD,STOP
39832,2026-09-02 07:02:16.096,1,EMA8,NO_50_ALL,HOLD,STOP
39836,2026-09-02 07:02:37.172,1,EMA24,CURRENT,HOLD,TARGET
39836,2026-09-02 07:02:37.172,1,EMA24,NO_50_ORDER,HOLD,TARGET
39836,2026-09-02 07:02:37.172,1,EMA24,NO_50_ALL,HOLD,TARGET
39840,2026-09-02 07:02:46.868,1,EMA24,CURRENT,HOLD,TARGET
39840,2026-09-02 07:02:46.868,1,EMA24,NO_50_ORDER,HOLD,TARGET
39840,2026-09-02 07:02:46.868,1,EMA24,NO_50_ALL,HOLD,TARGET
39848,2026-09-02 07:04:37.776,1,EMA8,CURRENT,HOLD,TARGET
39848,2026-09-02 07:04:37.776,1,EMA8,NO_50_ORDER,HOLD,TARGET
39848,2026-09-02 07:04:37.776,1,EMA8,NO_50_ALL,HOLD,TARGET
39860,2026-09-02 07:09:01.324,1,EMA8,CURRENT,HOLD,STOP
39860,2026-09-02 07:09:01.324,1,EMA8,NO_50_ORDER,HOLD,STOP
39860,2026-09-02 07:09:01.324,1,EMA8,NO_50_ALL,HOLD,STOP
39886,2026-09-02 07:16:00.016,1,EMA8,CURRENT,HOLD,TARGET
39886,2026-09-02 07:16:00.016,1,EMA8,NO_50_ORDER,HOLD,TARGET
39886,2026-09-02 07:16:00.016,1,EMA8,NO_50_ALL,HOLD,TARGET
39889,2026-09-02 07:17:19.568,1,PIN7,CURRENT,HOLD,TARGET
39889,2026-09-02 07:17:19.568,1,PIN7,NO_50_ORDER,HOLD,TARGET
39889,2026-09-02 07:17:19.568,1,PIN7,NO_50_ALL,HOLD,TARGET
39902,2026-09-02 07:21:37.324,1,PIN7,CURRENT,HOLD,TARGET
39902,2026-09-02 07:21:37.324,1,PIN7,NO_50_ORDER,HOLD,TARGET
39902,2026-09-02 07:21:37.324,1,PIN7,NO_50_ALL,HOLD,TARGET
39909,2026-09-02 07:23:44.032,1,EMA8,CURRENT,HOLD,TARGET
39909,2026-09-02 07:23:44.032,1,EMA8,NO_50_ORDER,HOLD,TARGET
39909,2026-09-02 07:23:44.032,1,EMA8,NO_50_ALL,HOLD,TARGET
39919,2026-09-02 07:29:14.872,1,EMA8,CURRENT,HOLD,STOP
39919,2026-09-02 07:29:14.872,1,EMA8,NO_50_ORDER,HOLD,STOP
39919,2026-09-02 07:29:14.872,1,EMA8,NO_50_ALL,HOLD,STOP
39923,2026-09-02 07:30:17.576,1,EMA24,CURRENT,HOLD,STOP
39923,2026-09-02 07:30:17.576,1,EMA24,NO_50_ORDER,HOLD,STOP
39923,2026-09-02 07:30:17.576,1,EMA24,NO_50_ALL,HOLD,STOP
39939,2026-09-02 07:35:13.772,1,PIN_STRICT,CURRENT,HOLD,TARGET
39939,2026-09-02 07:35:13.772,1,PIN_STRICT,NO_50_ORDER,HOLD,TARGET
39939,2026-09-02 07:35:13.772,1,PIN_STRICT,NO_50_ALL,HOLD,TARGET
39942,2026-09-02 07:36:20.628,1,EMA8,CURRENT,HOLD,TARGET
39942,2026-09-02 07:36:20.628,1,EMA8,NO_50_ORDER,HOLD,TARGET
39942,2026-09-02 07:36:20.628,1,EMA8,NO_50_ALL,HOLD,TARGET
39952,2026-09-02 07:40:21.972,1,PIN7,CURRENT,HOLD,TARGET
39952,2026-09-02 07:40:21.972,1,PIN7,NO_50_ORDER,HOLD,TARGET
39952,2026-09-02 07:40:21.972,1,PIN7,NO_50_ALL,HOLD,TARGET
39963,2026-09-02 07:44:26.996,1,PIN7,CURRENT,HOLD,STOP
39963,2026-09-02 07:44:26.996,1,PIN7,NO_50_ORDER,HOLD,STOP
39963,2026-09-02 07:44:26.996,1,PIN7,NO_50_ALL,HOLD,STOP
39968,2026-09-02 07:48:02.332,1,EMA24,CURRENT,HOLD,STOP
39968,2026-09-02 07:48:02.332,1,EMA24,NO_50_ORDER,HOLD,STOP
39968,2026-09-02 07:48:02.332,1,EMA24,NO_50_ALL,HOLD,STOP
39977,2026-09-02 07:51:24.588,-1,PIN7,NO_50_ORDER,HOLD,STOP
39977,2026-09-02 07:51:24.588,-1,PIN7,NO_50_ALL,HOLD,STOP
39981,2026-09-02 07:52:26.920,-1,EMA8,NO_50_ORDER,HOLD,TARGET
39981,2026-09-02 07:52:26.920,-1,EMA8,NO_50_ALL,HOLD,TARGET
39983,2026-09-02 07:53:07.036,-1,EMA8,NO_50_ORDER,HOLD,TARGET
39983,2026-09-02 07:53:07.036,-1,EMA8,NO_50_ALL,HOLD,TARGET
40297,2026-09-02 11:01:55.340,-1,PIN7,NO_50_ORDER,HOLD,STOP
40297,2026-09-02 11:01:55.340,-1,PIN7,NO_50_ALL,HOLD,STOP
40308,2026-09-02 11:13:18.060,1,EMA24,CURRENT,HOLD,TARGET
40308,2026-09-02 11:13:18.060,1,EMA24,NO_50_ORDER,HOLD,TARGET
40308,2026-09-02 11:13:18.060,1,EMA24,NO_50_ALL,HOLD,TARGET
40310,2026-09-02 11:15:10.444,1,EMA24,CURRENT,HOLD,TARGET
40310,2026-09-02 11:15:10.444,1,EMA24,NO_50_ORDER,HOLD,TARGET
40310,2026-09-02 11:15:10.444,1,EMA24,NO_50_ALL,HOLD,TARGET
40337,2026-09-02 11:22:09.484,-1,PIN7,NO_50_ORDER,HOLD,TARGET
40337,2026-09-02 11:22:09.484,-1,PIN7,NO_50_ALL,HOLD,TARGET
40352,2026-09-02 11:39:51.116,-1,PIN_STRICT,NO_50_ALL,HOLD,TARGET
40358,2026-09-02 11:46:10.584,-1,EMA8,CURRENT,HOLD,TARGET
40358,2026-09-02 11:46:10.584,-1,EMA8,NO_50_ORDER,HOLD,TARGET
40358,2026-09-02 11:46:10.584,-1,EMA8,NO_50_ALL,HOLD,TARGET
40382,2026-09-02 12:12:48.252,1,PIN7,NO_50_ORDER,HOLD,TARGET
40382,2026-09-02 12:12:48.252,1,PIN7,NO_50_ALL,HOLD,TARGET
40400,2026-09-02 12:32:25.456,1,EMA24,NO_50_ALL,HOLD,STOP
40411,2026-09-02 12:42:28.396,-1,PIN7,NO_50_ORDER,HOLD,STOP
40411,2026-09-02 12:42:28.396,-1,PIN7,NO_50_ALL,HOLD,STOP
40452,2026-09-02 12:59:58.952,1,PIN7,NO_50_ORDER,HOLD,TARGET
40452,2026-09-02 12:59:58.952,1,PIN7,NO_50_ALL,HOLD,TARGET
41481,2026-09-03 06:31:16.388,1,EMA24,CURRENT,HOLD,TARGET
41481,2026-09-03 06:31:16.388,1,EMA24,NO_50_ORDER,HOLD,TARGET
41481,2026-09-03 06:31:16.388,1,EMA24,NO_50_ALL,HOLD,TARGET
41500,2026-09-03 06:32:58.904,1,EMA24,CURRENT,HOLD,TARGET
41500,2026-09-03 06:32:58.904,1,EMA24,NO_50_ORDER,HOLD,TARGET
41500,2026-09-03 06:32:58.904,1,EMA24,NO_50_ALL,HOLD,TARGET
41503,2026-09-03 06:33:15.320,1,PIN7,CURRENT,HOLD,TARGET
41503,2026-09-03 06:33:15.320,1,PIN7,NO_50_ORDER,HOLD,TARGET
41503,2026-09-03 06:33:15.320,1,PIN7,NO_50_ALL,HOLD,TARGET
41504,2026-09-03 06:33:24.108,1,PIN7,CURRENT,HOLD,TARGET
41504,2026-09-03 06:33:24.108,1,PIN7,NO_50_ORDER,HOLD,TARGET
41504,2026-09-03 06:33:24.108,1,PIN7,NO_50_ALL,HOLD,TARGET
41512,2026-09-03 06:34:16.084,1,EMA8,CURRENT,HOLD,STOP
41512,2026-09-03 06:34:16.084,1,EMA8,NO_50_ORDER,HOLD,STOP
41512,2026-09-03 06:34:16.084,1,EMA8,NO_50_ALL,HOLD,STOP
41543,2026-09-03 06:38:32.784,1,PIN_STRICT,CURRENT,HOLD,TARGET
41543,2026-09-03 06:38:32.784,1,PIN_STRICT,NO_50_ORDER,HOLD,TARGET
41543,2026-09-03 06:38:32.784,1,PIN_STRICT,NO_50_ALL,HOLD,TARGET
41548,2026-09-03 06:39:14.564,1,EMA8,CURRENT,HOLD,TARGET
41548,2026-09-03 06:39:14.564,1,EMA8,NO_50_ORDER,HOLD,TARGET
41548,2026-09-03 06:39:14.564,1,EMA8,NO_50_ALL,HOLD,TARGET
41560,2026-09-03 06:41:13.352,1,EMA24,CURRENT,HOLD,TARGET
41560,2026-09-03 06:41:13.352,1,EMA24,NO_50_ORDER,HOLD,TARGET
41560,2026-09-03 06:41:13.352,1,EMA24,NO_50_ALL,HOLD,TARGET
41660,2026-09-03 07:01:08.032,-1,PIN_STRICT,CURRENT,HOLD,TARGET
41660,2026-09-03 07:01:08.032,-1,PIN_STRICT,NO_50_ORDER,HOLD,TARGET
41660,2026-09-03 07:01:08.032,-1,PIN_STRICT,NO_50_ALL,HOLD,TARGET
41678,2026-09-03 07:03:32.464,-1,EMA24,CURRENT,HOLD,TARGET
41678,2026-09-03 07:03:32.464,-1,EMA24,NO_50_ORDER,HOLD,TARGET
41678,2026-09-03 07:03:32.464,-1,EMA24,NO_50_ALL,HOLD,TARGET
41695,2026-09-03 07:06:10.032,-1,EMA24,CURRENT,HOLD,TARGET
41695,2026-09-03 07:06:10.032,-1,EMA24,NO_50_ORDER,HOLD,TARGET
41695,2026-09-03 07:06:10.032,-1,EMA24,NO_50_ALL,HOLD,TARGET
41697,2026-09-03 07:06:21.668,-1,EMA24,CURRENT,HOLD,TARGET
41697,2026-09-03 07:06:21.668,-1,EMA24,NO_50_ORDER,HOLD,TARGET
41697,2026-09-03 07:06:21.668,-1,EMA24,NO_50_ALL,HOLD,TARGET
41741,2026-09-03 07:13:26.136,1,EMA24,NO_50_ORDER,HOLD,TARGET
41741,2026-09-03 07:13:26.136,1,EMA24,NO_50_ALL,HOLD,TARGET
41749,2026-09-03 07:15:02.856,1,PIN7,CURRENT,HOLD,TARGET
41749,2026-09-03 07:15:02.856,1,PIN7,NO_50_ORDER,HOLD,TARGET
41749,2026-09-03 07:15:02.856,1,PIN7,NO_50_ALL,HOLD,TARGET
41750,2026-09-03 07:15:15.928,1,PIN7,CURRENT,HOLD,TARGET
41750,2026-09-03 07:15:15.928,1,PIN7,NO_50_ORDER,HOLD,TARGET
41750,2026-09-03 07:15:15.928,1,PIN7,NO_50_ALL,HOLD,TARGET
41751,2026-09-03 07:15:24.624,1,PIN7,CURRENT,HOLD,TARGET
41751,2026-09-03 07:15:24.624,1,PIN7,NO_50_ORDER,HOLD,TARGET
41751,2026-09-03 07:15:24.624,1,PIN7,NO_50_ALL,HOLD,TARGET
41767,2026-09-03 07:19:33.000,1,PIN7,CURRENT,HOLD,TARGET
41767,2026-09-03 07:19:33.000,1,PIN7,NO_50_ORDER,HOLD,TARGET
41767,2026-09-03 07:19:33.000,1,PIN7,NO_50_ALL,HOLD,TARGET
41770,2026-09-03 07:20:45.632,1,PIN_STRICT,CURRENT,HOLD,STOP
41770,2026-09-03 07:20:45.632,1,PIN_STRICT,NO_50_ORDER,HOLD,STOP
41770,2026-09-03 07:20:45.632,1,PIN_STRICT,NO_50_ALL,HOLD,STOP
41827,2026-09-03 07:34:55.140,-1,PIN_STRICT,NO_50_ALL,HOLD,TARGET
41894,2026-09-03 07:48:26.252,1,EMA8,CURRENT,HOLD,TARGET
41894,2026-09-03 07:48:26.252,1,EMA8,NO_50_ORDER,HOLD,TARGET
41894,2026-09-03 07:48:26.252,1,EMA8,NO_50_ALL,HOLD,TARGET
41901,2026-09-03 07:49:50.412,1,EMA8,CURRENT,HOLD,TARGET
41901,2026-09-03 07:49:50.412,1,EMA8,NO_50_ORDER,HOLD,TARGET
41901,2026-09-03 07:49:50.412,1,EMA8,NO_50_ALL,HOLD,TARGET
41906,2026-09-03 07:50:50.572,1,EMA24,CURRENT,HOLD,STOP
41906,2026-09-03 07:50:50.572,1,EMA24,NO_50_ORDER,HOLD,STOP
41906,2026-09-03 07:50:50.572,1,EMA24,NO_50_ALL,HOLD,STOP
41918,2026-09-03 07:54:31.492,-1,EMA24,NO_50_ALL,HOLD,STOP
41938,2026-09-03 07:56:22.816,-1,PIN_STRICT,CURRENT,HOLD,TARGET
41938,2026-09-03 07:56:22.816,-1,PIN_STRICT,NO_50_ORDER,HOLD,TARGET
41938,2026-09-03 07:56:22.816,-1,PIN_STRICT,NO_50_ALL,HOLD,TARGET
41964,2026-09-03 07:57:38.996,1,EMA24,NO_50_ALL,HOLD,TARGET
41968,2026-09-03 07:58:12.480,1,PIN7,CURRENT,HOLD,TARGET
41968,2026-09-03 07:58:12.480,1,PIN7,NO_50_ORDER,HOLD,TARGET
41968,2026-09-03 07:58:12.480,1,PIN7,NO_50_ALL,HOLD,TARGET
41975,2026-09-03 07:59:49.772,1,PIN_STRICT,CURRENT,HOLD,TARGET
41975,2026-09-03 07:59:49.772,1,PIN_STRICT,NO_50_ORDER,HOLD,TARGET
41975,2026-09-03 07:59:49.772,1,PIN_STRICT,NO_50_ALL,HOLD,TARGET
42250,2026-09-03 11:03:37.672,1,EMA8,CURRENT,HOLD,TARGET
42250,2026-09-03 11:03:37.672,1,EMA8,NO_50_ORDER,HOLD,TARGET
42250,2026-09-03 11:03:37.672,1,EMA8,NO_50_ALL,HOLD,TARGET
42252,2026-09-03 11:05:10.768,1,EMA8,CURRENT,HOLD,TARGET
42252,2026-09-03 11:05:10.768,1,EMA8,NO_50_ORDER,HOLD,TARGET
42252,2026-09-03 11:05:10.768,1,EMA8,NO_50_ALL,HOLD,TARGET
42259,2026-09-03 11:13:21.080,1,EMA8,CURRENT,HOLD,TARGET
42259,2026-09-03 11:13:21.080,1,EMA8,NO_50_ORDER,HOLD,TARGET
42259,2026-09-03 11:13:21.080,1,EMA8,NO_50_ALL,HOLD,TARGET
42298,2026-09-03 12:15:33.976,-1,PIN7,CURRENT,HOLD,STOP
42298,2026-09-03 12:15:33.976,-1,PIN7,NO_50_ORDER,HOLD,STOP
42298,2026-09-03 12:15:33.976,-1,PIN7,NO_50_ALL,HOLD,STOP
42309,2026-09-03 12:30:52.348,-1,EMA24,CURRENT,HOLD,TARGET
42309,2026-09-03 12:30:52.348,-1,EMA24,NO_50_ORDER,HOLD,TARGET
42309,2026-09-03 12:30:52.348,-1,EMA24,NO_50_ALL,HOLD,TARGET
42323,2026-09-03 12:46:49.100,-1,EMA24,NO_50_ALL,HOLD,TARGET
42337,2026-09-03 12:56:16.900,-1,PIN7,CURRENT,HOLD,TARGET
42337,2026-09-03 12:56:16.900,-1,PIN7,NO_50_ORDER,HOLD,TARGET
42337,2026-09-03 12:56:16.900,-1,PIN7,NO_50_ALL,HOLD,TARGET
42340,2026-09-03 12:58:30.724,-1,EMA8,CURRENT,HOLD,TARGET
42340,2026-09-03 12:58:30.724,-1,EMA8,NO_50_ORDER,HOLD,TARGET
42340,2026-09-03 12:58:30.724,-1,EMA8,NO_50_ALL,HOLD,TARGET
42344,2026-09-03 12:59:04.876,-1,EMA8,CURRENT,HOLD,TARGET
42344,2026-09-03 12:59:04.876,-1,EMA8,NO_50_ORDER,HOLD,TARGET
42344,2026-09-03 12:59:04.876,-1,EMA8,NO_50_ALL,HOLD,TARGET
43213,2026-09-04 06:31:14.084,1,EMA24,CURRENT,HOLD,TARGET
43213,2026-09-04 06:31:14.084,1,EMA24,NO_50_ORDER,HOLD,TARGET
43213,2026-09-04 06:31:14.084,1,EMA24,NO_50_ALL,HOLD,TARGET
43226,2026-09-04 06:32:11.324,1,EMA24,CURRENT,HOLD,TARGET
43226,2026-09-04 06:32:11.324,1,EMA24,NO_50_ORDER,HOLD,TARGET
43226,2026-09-04 06:32:11.324,1,EMA24,NO_50_ALL,HOLD,TARGET
43229,2026-09-04 06:33:16.972,1,PIN7,CURRENT,HOLD,TARGET
43229,2026-09-04 06:33:16.972,1,PIN7,NO_50_ORDER,HOLD,TARGET
43229,2026-09-04 06:33:16.972,1,PIN7,NO_50_ALL,HOLD,TARGET
43233,2026-09-04 06:33:52.528,1,EMA8,CURRENT,HOLD,TARGET
43233,2026-09-04 06:33:52.528,1,EMA8,NO_50_ORDER,HOLD,TARGET
43233,2026-09-04 06:33:52.528,1,EMA8,NO_50_ALL,HOLD,TARGET
43268,2026-09-04 06:41:14.984,-1,PIN7,CURRENT,HOLD,STOP
43268,2026-09-04 06:41:14.984,-1,PIN7,NO_50_ORDER,HOLD,STOP
43268,2026-09-04 06:41:14.984,-1,PIN7,NO_50_ALL,HOLD,STOP
43272,2026-09-04 06:41:53.312,-1,EMA24,NO_50_ALL,HOLD,TARGET
43281,2026-09-04 06:44:14.788,1,PIN7,NO_50_ORDER,HOLD,STOP
43281,2026-09-04 06:44:14.788,1,PIN7,NO_50_ALL,HOLD,STOP
43343,2026-09-04 07:02:56.308,-1,PIN7,CURRENT,HOLD,STOP
43343,2026-09-04 07:02:56.308,-1,PIN7,NO_50_ORDER,HOLD,STOP
43343,2026-09-04 07:02:56.308,-1,PIN7,NO_50_ALL,HOLD,STOP
43347,2026-09-04 07:03:35.924,-1,EMA24,CURRENT,HOLD,TARGET
43347,2026-09-04 07:03:35.924,-1,EMA24,NO_50_ORDER,HOLD,TARGET
43347,2026-09-04 07:03:35.924,-1,EMA24,NO_50_ALL,HOLD,TARGET
43349,2026-09-04 07:04:26.040,-1,EMA24,NO_50_ALL,HOLD,TARGET
43368,2026-09-04 07:10:01.684,-1,PIN7,CURRENT,HOLD,TARGET
43368,2026-09-04 07:10:01.684,-1,PIN7,NO_50_ORDER,HOLD,TARGET
43368,2026-09-04 07:10:01.684,-1,PIN7,NO_50_ALL,HOLD,TARGET
43377,2026-09-04 07:12:40.320,-1,PIN_STRICT,CURRENT,HOLD,TARGET
43377,2026-09-04 07:12:40.320,-1,PIN_STRICT,NO_50_ORDER,HOLD,TARGET
43377,2026-09-04 07:12:40.320,-1,PIN_STRICT,NO_50_ALL,HOLD,TARGET
43409,2026-09-04 07:22:17.208,-1,EMA24,CURRENT,HOLD,TARGET
43409,2026-09-04 07:22:17.208,-1,EMA24,NO_50_ORDER,HOLD,TARGET
43409,2026-09-04 07:22:17.208,-1,EMA24,NO_50_ALL,HOLD,TARGET
43426,2026-09-04 07:30:07.100,1,PIN7,NO_50_ORDER,HOLD,STOP
43426,2026-09-04 07:30:07.100,1,PIN7,NO_50_ALL,HOLD,STOP
43431,2026-09-04 07:31:41.084,-1,PIN7,CURRENT,HOLD,STOP
43431,2026-09-04 07:31:41.084,-1,PIN7,NO_50_ORDER,HOLD,STOP
43431,2026-09-04 07:31:41.084,-1,PIN7,NO_50_ALL,HOLD,STOP
43472,2026-09-04 07:47:11.120,-1,EMA8,CURRENT,HOLD,TARGET
43472,2026-09-04 07:47:11.120,-1,EMA8,NO_50_ORDER,HOLD,TARGET
43472,2026-09-04 07:47:11.120,-1,EMA8,NO_50_ALL,HOLD,TARGET
43476,2026-09-04 07:47:41.676,-1,EMA8,CURRENT,HOLD,TARGET
43476,2026-09-04 07:47:41.676,-1,EMA8,NO_50_ORDER,HOLD,TARGET
43476,2026-09-04 07:47:41.676,-1,EMA8,NO_50_ALL,HOLD,TARGET
43478,2026-09-04 07:48:24.976,-1,EMA8,CURRENT,HOLD,TARGET
43478,2026-09-04 07:48:24.976,-1,EMA8,NO_50_ORDER,HOLD,TARGET
43478,2026-09-04 07:48:24.976,-1,EMA8,NO_50_ALL,HOLD,TARGET
43488,2026-09-04 07:51:35.100,-1,EMA24,CURRENT,HOLD,TARGET
43488,2026-09-04 07:51:35.100,-1,EMA24,NO_50_ORDER,HOLD,TARGET
43488,2026-09-04 07:51:35.100,-1,EMA24,NO_50_ALL,HOLD,TARGET
43491,2026-09-04 07:52:24.320,-1,EMA8,CURRENT,HOLD,TARGET
43491,2026-09-04 07:52:24.320,-1,EMA8,NO_50_ORDER,HOLD,TARGET
43491,2026-09-04 07:52:24.320,-1,EMA8,NO_50_ALL,HOLD,TARGET
43502,2026-09-04 07:56:29.648,-1,EMA8,CURRENT,HOLD,TARGET
43502,2026-09-04 07:56:29.648,-1,EMA8,NO_50_ORDER,HOLD,TARGET
43502,2026-09-04 07:56:29.648,-1,EMA8,NO_50_ALL,HOLD,TARGET
43504,2026-09-04 07:56:50.116,-1,PIN7,CURRENT,HOLD,TARGET
43504,2026-09-04 07:56:50.116,-1,PIN7,NO_50_ORDER,HOLD,TARGET
43504,2026-09-04 07:56:50.116,-1,PIN7,NO_50_ALL,HOLD,TARGET
43771,2026-09-04 11:09:38.236,1,PIN7,NO_50_ORDER,HOLD,TARGET
43771,2026-09-04 11:09:38.236,1,PIN7,NO_50_ALL,HOLD,TARGET
43779,2026-09-04 11:20:51.756,1,PIN7,NO_50_ORDER,HOLD,TARGET
43779,2026-09-04 11:20:51.756,1,PIN7,NO_50_ALL,HOLD,TARGET
43784,2026-09-04 11:27:31.416,1,EMA8,CURRENT,HOLD,TARGET
43784,2026-09-04 11:27:31.416,1,EMA8,NO_50_ORDER,HOLD,TARGET
43784,2026-09-04 11:27:31.416,1,EMA8,NO_50_ALL,HOLD,TARGET
43788,2026-09-04 11:33:22.028,1,EMA8,CURRENT,HOLD,TARGET
43788,2026-09-04 11:33:22.028,1,EMA8,NO_50_ORDER,HOLD,TARGET
43788,2026-09-04 11:33:22.028,1,EMA8,NO_50_ALL,HOLD,TARGET
43797,2026-09-04 11:47:10.868,1,PIN7,CURRENT,HOLD,TARGET
43797,2026-09-04 11:47:10.868,1,PIN7,NO_50_ORDER,HOLD,TARGET
43797,2026-09-04 11:47:10.868,1,PIN7,NO_50_ALL,HOLD,TARGET
43798,2026-09-04 11:52:30.856,1,PIN7,CURRENT,HOLD,TARGET
43798,2026-09-04 11:52:30.856,1,PIN7,NO_50_ORDER,HOLD,TARGET
43798,2026-09-04 11:52:30.856,1,PIN7,NO_50_ALL,HOLD,TARGET
43803,2026-09-04 12:00:10.772,1,EMA8,CURRENT,HOLD,STOP
43803,2026-09-04 12:00:10.772,1,EMA8,NO_50_ORDER,HOLD,STOP
43803,2026-09-04 12:00:10.772,1,EMA8,NO_50_ALL,HOLD,STOP
43821,2026-09-04 12:19:21.332,-1,EMA8,CURRENT,HOLD,STOP
43821,2026-09-04 12:19:21.332,-1,EMA8,NO_50_ORDER,HOLD,STOP
43821,2026-09-04 12:19:21.332,-1,EMA8,NO_50_ALL,HOLD,STOP
43823,2026-09-04 12:22:37.860,-1,EMA8,CURRENT,HOLD,STOP
43823,2026-09-04 12:22:37.860,-1,EMA8,NO_50_ORDER,HOLD,STOP
43823,2026-09-04 12:22:37.860,-1,EMA8,NO_50_ALL,HOLD,STOP
43844,2026-09-04 12:50:00.048,1,PIN7,CURRENT,HOLD,TARGET
43844,2026-09-04 12:50:00.048,1,PIN7,NO_50_ORDER,HOLD,TARGET
43844,2026-09-04 12:50:00.048,1,PIN7,NO_50_ALL,HOLD,TARGET
43855,2026-09-04 12:55:08.732,1,EMA8,CURRENT,HOLD,STOP
43855,2026-09-04 12:55:08.732,1,EMA8,NO_50_ORDER,HOLD,STOP
43855,2026-09-04 12:55:08.732,1,EMA8,NO_50_ALL,HOLD,STOP
43859,2026-09-04 12:55:55.200,1,EMA24,CURRENT,HOLD,TARGET
43859,2026-09-04 12:55:55.200,1,EMA24,NO_50_ORDER,HOLD,TARGET
43859,2026-09-04 12:55:55.200,1,EMA24,NO_50_ALL,HOLD,TARGET
43871,2026-09-04 12:59:51.960,-1,EMA24,NO_50_ALL,HOLD,TARGET
44291,2026-09-07 06:33:49.640,1,EMA8,CURRENT,HOLD,STOP
44291,2026-09-07 06:33:49.640,1,EMA8,NO_50_ORDER,HOLD,STOP
44291,2026-09-07 06:33:49.640,1,EMA8,NO_50_ALL,HOLD,STOP
44316,2026-09-07 07:01:47.888,-1,PIN7,NO_50_ORDER,HOLD,TARGET
44316,2026-09-07 07:01:47.888,-1,PIN7,NO_50_ALL,HOLD,TARGET
44317,2026-09-07 07:04:17.948,-1,PIN7,NO_50_ORDER,HOLD,STOP
44317,2026-09-07 07:04:17.948,-1,PIN7,NO_50_ALL,HOLD,STOP
44320,2026-09-07 07:09:34.400,-1,EMA24,NO_50_ALL,HOLD,TARGET
44330,2026-09-07 07:40:14.212,-1,EMA24,CURRENT,HOLD,TARGET
44330,2026-09-07 07:40:14.212,-1,EMA24,NO_50_ORDER,HOLD,TARGET
44330,2026-09-07 07:40:14.212,-1,EMA24,NO_50_ALL,HOLD,TARGET
44338,2026-09-07 07:58:20.160,-1,PIN7,CURRENT,HOLD,TARGET
44338,2026-09-07 07:58:20.160,-1,PIN7,NO_50_ORDER,HOLD,TARGET
44338,2026-09-07 07:58:20.160,-1,PIN7,NO_50_ALL,HOLD,TARGET
45322,2026-09-08 06:33:05.644,-1,PIN7,CURRENT,HOLD,TARGET
45322,2026-09-08 06:33:05.644,-1,PIN7,NO_50_ORDER,HOLD,TARGET
45322,2026-09-08 06:33:05.644,-1,PIN7,NO_50_ALL,HOLD,TARGET
45336,2026-09-08 06:35:24.440,-1,PIN7,CURRENT,HOLD,TARGET
45336,2026-09-08 06:35:24.440,-1,PIN7,NO_50_ORDER,HOLD,TARGET
45336,2026-09-08 06:35:24.440,-1,PIN7,NO_50_ALL,HOLD,TARGET
45340,2026-09-08 06:36:13.868,-1,PIN7,CURRENT,HOLD,TARGET
45340,2026-09-08 06:36:13.868,-1,PIN7,NO_50_ORDER,HOLD,TARGET
45340,2026-09-08 06:36:13.868,-1,PIN7,NO_50_ALL,HOLD,TARGET
45357,2026-09-08 06:40:41.196,-1,PIN_STRICT,CURRENT,HOLD,TARGET
45357,2026-09-08 06:40:41.196,-1,PIN_STRICT,NO_50_ORDER,HOLD,TARGET
45357,2026-09-08 06:40:41.196,-1,PIN_STRICT,NO_50_ALL,HOLD,TARGET
45358,2026-09-08 06:40:49.060,-1,PIN_STRICT,CURRENT,HOLD,TARGET
45358,2026-09-08 06:40:49.060,-1,PIN_STRICT,NO_50_ORDER,HOLD,TARGET
45358,2026-09-08 06:40:49.060,-1,PIN_STRICT,NO_50_ALL,HOLD,TARGET
45361,2026-09-08 06:41:47.320,-1,PIN_STRICT,CURRENT,HOLD,TARGET
45361,2026-09-08 06:41:47.320,-1,PIN_STRICT,NO_50_ORDER,HOLD,TARGET
45361,2026-09-08 06:41:47.320,-1,PIN_STRICT,NO_50_ALL,HOLD,TARGET
45368,2026-09-08 06:42:43.928,-1,EMA8,CURRENT,HOLD,TARGET
45368,2026-09-08 06:42:43.928,-1,EMA8,NO_50_ORDER,HOLD,TARGET
45368,2026-09-08 06:42:43.928,-1,EMA8,NO_50_ALL,HOLD,TARGET
45468,2026-09-08 07:02:00.204,-1,PIN_STRICT,NO_50_ALL,HOLD,TARGET
45474,2026-09-08 07:03:06.468,-1,EMA8,CURRENT,HOLD,TARGET
45474,2026-09-08 07:03:06.468,-1,EMA8,NO_50_ORDER,HOLD,TARGET
45474,2026-09-08 07:03:06.468,-1,EMA8,NO_50_ALL,HOLD,TARGET
45514,2026-09-08 07:10:00.740,-1,PIN7,CURRENT,HOLD,TARGET
45514,2026-09-08 07:10:00.740,-1,PIN7,NO_50_ORDER,HOLD,TARGET
45514,2026-09-08 07:10:00.740,-1,PIN7,NO_50_ALL,HOLD,TARGET
45519,2026-09-08 07:10:55.004,-1,EMA8,CURRENT,HOLD,TARGET
45519,2026-09-08 07:10:55.004,-1,EMA8,NO_50_ORDER,HOLD,TARGET
45519,2026-09-08 07:10:55.004,-1,EMA8,NO_50_ALL,HOLD,TARGET
45524,2026-09-08 07:11:45.268,-1,EMA8,CURRENT,HOLD,TARGET
45524,2026-09-08 07:11:45.268,-1,EMA8,NO_50_ORDER,HOLD,TARGET
45524,2026-09-08 07:11:45.268,-1,EMA8,NO_50_ALL,HOLD,TARGET
45533,2026-09-08 07:13:34.440,1,PIN7,NO_50_ORDER,HOLD,TARGET
45533,2026-09-08 07:13:34.440,1,PIN7,NO_50_ALL,HOLD,TARGET
45673,2026-09-08 07:50:55.056,1,PIN7,CURRENT,HOLD,TARGET
45673,2026-09-08 07:50:55.056,1,PIN7,NO_50_ORDER,HOLD,TARGET
45673,2026-09-08 07:50:55.056,1,PIN7,NO_50_ALL,HOLD,TARGET
45682,2026-09-08 07:55:00.168,1,EMA8,CURRENT,HOLD,TARGET
45682,2026-09-08 07:55:00.168,1,EMA8,NO_50_ORDER,HOLD,TARGET
45682,2026-09-08 07:55:00.168,1,EMA8,NO_50_ALL,HOLD,TARGET
45998,2026-09-08 11:41:45.556,-1,PIN7,CURRENT,HOLD,STOP
45998,2026-09-08 11:41:45.556,-1,PIN7,NO_50_ORDER,HOLD,STOP
45998,2026-09-08 11:41:45.556,-1,PIN7,NO_50_ALL,HOLD,STOP
46009,2026-09-08 11:47:59.508,-1,PIN7,CURRENT,HOLD,TARGET
46009,2026-09-08 11:47:59.508,-1,PIN7,NO_50_ORDER,HOLD,TARGET
46009,2026-09-08 11:47:59.508,-1,PIN7,NO_50_ALL,HOLD,TARGET
46010,2026-09-08 11:48:01.284,-1,PIN7,CURRENT,HOLD,TARGET
46010,2026-09-08 11:48:01.284,-1,PIN7,NO_50_ORDER,HOLD,TARGET
46010,2026-09-08 11:48:01.284,-1,PIN7,NO_50_ALL,HOLD,TARGET
46015,2026-09-08 11:48:15.808,-1,EMA8,CURRENT,HOLD,TARGET
46015,2026-09-08 11:48:15.808,-1,EMA8,NO_50_ORDER,HOLD,TARGET
46015,2026-09-08 11:48:15.808,-1,EMA8,NO_50_ALL,HOLD,TARGET
46017,2026-09-08 11:48:21.080,-1,EMA8,CURRENT,HOLD,TARGET
46017,2026-09-08 11:48:21.080,-1,EMA8,NO_50_ORDER,HOLD,TARGET
46017,2026-09-08 11:48:21.080,-1,EMA8,NO_50_ALL,HOLD,TARGET
46019,2026-09-08 11:48:28.844,-1,EMA8,CURRENT,HOLD,TARGET
46019,2026-09-08 11:48:28.844,-1,EMA8,NO_50_ORDER,HOLD,TARGET
46019,2026-09-08 11:48:28.844,-1,EMA8,NO_50_ALL,HOLD,TARGET
46021,2026-09-08 11:48:37.004,-1,EMA8,CURRENT,HOLD,TARGET
46021,2026-09-08 11:48:37.004,-1,EMA8,NO_50_ORDER,HOLD,TARGET
46021,2026-09-08 11:48:37.004,-1,EMA8,NO_50_ALL,HOLD,TARGET
46023,2026-09-08 11:48:42.204,-1,EMA8,CURRENT,HOLD,TARGET
46023,2026-09-08 11:48:42.204,-1,EMA8,NO_50_ORDER,HOLD,TARGET
46023,2026-09-08 11:48:42.204,-1,EMA8,NO_50_ALL,HOLD,TARGET
46026,2026-09-08 11:48:54.112,-1,PIN_STRICT,CURRENT,HOLD,TARGET
46026,2026-09-08 11:48:54.112,-1,PIN_STRICT,NO_50_ORDER,HOLD,TARGET
46026,2026-09-08 11:48:54.112,-1,PIN_STRICT,NO_50_ALL,HOLD,TARGET
46027,2026-09-08 11:48:56.640,-1,PIN7,CURRENT,HOLD,TARGET
46027,2026-09-08 11:48:56.640,-1,PIN7,NO_50_ORDER,HOLD,TARGET
46027,2026-09-08 11:48:56.640,-1,PIN7,NO_50_ALL,HOLD,TARGET
46031,2026-09-08 11:49:00.632,-1,PIN_STRICT,CURRENT,HOLD,TARGET
46031,2026-09-08 11:49:00.632,-1,PIN_STRICT,NO_50_ORDER,HOLD,TARGET
46031,2026-09-08 11:49:00.632,-1,PIN_STRICT,NO_50_ALL,HOLD,TARGET
46043,2026-09-08 11:49:23.908,-1,EMA24,CURRENT,HOLD,TARGET
46043,2026-09-08 11:49:23.908,-1,EMA24,NO_50_ORDER,HOLD,TARGET
46043,2026-09-08 11:49:23.908,-1,EMA24,NO_50_ALL,HOLD,TARGET
46060,2026-09-08 11:50:58.040,1,EMA8,NO_50_ORDER,HOLD,TARGET
46060,2026-09-08 11:50:58.040,1,EMA8,NO_50_ALL,HOLD,TARGET
46083,2026-09-08 11:56:56.552,1,EMA8,CURRENT,HOLD,TARGET
46083,2026-09-08 11:56:56.552,1,EMA8,NO_50_ORDER,HOLD,TARGET
46083,2026-09-08 11:56:56.552,1,EMA8,NO_50_ALL,HOLD,TARGET
46113,2026-09-08 12:15:44.528,1,EMA24,NO_50_ALL,HOLD,STOP
46160,2026-09-08 12:49:20.008,-1,EMA8,CURRENT,HOLD,TARGET
46160,2026-09-08 12:49:20.008,-1,EMA8,NO_50_ORDER,HOLD,TARGET
46160,2026-09-08 12:49:20.008,-1,EMA8,NO_50_ALL,HOLD,TARGET
46178,2026-09-08 12:50:37.784,-1,EMA24,CURRENT,HOLD,TARGET
46178,2026-09-08 12:50:37.784,-1,EMA24,NO_50_ORDER,HOLD,TARGET
46178,2026-09-08 12:50:37.784,-1,EMA24,NO_50_ALL,HOLD,TARGET
46190,2026-09-08 12:53:18.064,-1,PIN7,CURRENT,HOLD,TARGET
46190,2026-09-08 12:53:18.064,-1,PIN7,NO_50_ORDER,HOLD,TARGET
46190,2026-09-08 12:53:18.064,-1,PIN7,NO_50_ALL,HOLD,TARGET
46230,2026-09-08 12:59:53.420,1,PIN_STRICT,NO_50_ALL,HOLD,STOP
47078,2026-09-09 06:32:56.500,-1,PIN7,CURRENT,HOLD,STOP
47078,2026-09-09 06:32:56.500,-1,PIN7,NO_50_ORDER,HOLD,STOP
47078,2026-09-09 06:32:56.500,-1,PIN7,NO_50_ALL,HOLD,STOP
47084,2026-09-09 06:34:08.672,1,PIN7,NO_50_ORDER,HOLD,TARGET
47084,2026-09-09 06:34:08.672,1,PIN7,NO_50_ALL,HOLD,TARGET
47087,2026-09-09 06:34:25.904,1,PIN_STRICT,NO_50_ALL,HOLD,TARGET
47095,2026-09-09 06:35:30.800,1,EMA24,CURRENT,HOLD,TARGET
47095,2026-09-09 06:35:30.800,1,EMA24,NO_50_ORDER,HOLD,TARGET
47095,2026-09-09 06:35:30.800,1,EMA24,NO_50_ALL,HOLD,TARGET
47112,2026-09-09 06:38:05.948,-1,PIN7,NO_50_ORDER,HOLD,STOP
47112,2026-09-09 06:38:05.948,-1,PIN7,NO_50_ALL,HOLD,STOP
47228,2026-09-09 07:02:27.740,-1,PIN7,NO_50_ORDER,HOLD,TARGET
47228,2026-09-09 07:02:27.740,-1,PIN7,NO_50_ALL,HOLD,TARGET
47234,2026-09-09 07:04:11.504,-1,EMA24,NO_50_ALL,HOLD,STOP
47270,2026-09-09 07:16:09.040,-1,PIN7,CURRENT,HOLD,TARGET
47270,2026-09-09 07:16:09.040,-1,PIN7,NO_50_ORDER,HOLD,TARGET
47270,2026-09-09 07:16:09.040,-1,PIN7,NO_50_ALL,HOLD,TARGET
47278,2026-09-09 07:17:40.312,-1,EMA8,CURRENT,HOLD,TARGET
47278,2026-09-09 07:17:40.312,-1,EMA8,NO_50_ORDER,HOLD,TARGET
47278,2026-09-09 07:17:40.312,-1,EMA8,NO_50_ALL,HOLD,TARGET
47280,2026-09-09 07:18:01.908,-1,EMA8,CURRENT,HOLD,TARGET
47280,2026-09-09 07:18:01.908,-1,EMA8,NO_50_ORDER,HOLD,TARGET
47280,2026-09-09 07:18:01.908,-1,EMA8,NO_50_ALL,HOLD,TARGET
47314,2026-09-09 07:24:52.240,-1,EMA8,CURRENT,HOLD,TARGET
47314,2026-09-09 07:24:52.240,-1,EMA8,NO_50_ORDER,HOLD,TARGET
47314,2026-09-09 07:24:52.240,-1,EMA8,NO_50_ALL,HOLD,TARGET
47317,2026-09-09 07:24:58.740,-1,EMA8,CURRENT,HOLD,TARGET
47317,2026-09-09 07:24:58.740,-1,EMA8,NO_50_ORDER,HOLD,TARGET
47317,2026-09-09 07:24:58.740,-1,EMA8,NO_50_ALL,HOLD,TARGET
47320,2026-09-09 07:25:07.004,-1,EMA8,CURRENT,HOLD,STOP
47320,2026-09-09 07:25:07.004,-1,EMA8,NO_50_ORDER,HOLD,STOP
47320,2026-09-09 07:25:07.004,-1,EMA8,NO_50_ALL,HOLD,STOP
47327,2026-09-09 07:26:11.256,1,PIN7,NO_50_ORDER,HOLD,TARGET
47327,2026-09-09 07:26:11.256,1,PIN7,NO_50_ALL,HOLD,TARGET
47333,2026-09-09 07:27:26.704,1,EMA8,NO_50_ORDER,HOLD,TARGET
47333,2026-09-09 07:27:26.704,1,EMA8,NO_50_ALL,HOLD,TARGET
47344,2026-09-09 07:29:14.564,1,PIN_STRICT,CURRENT,HOLD,TARGET
47344,2026-09-09 07:29:14.564,1,PIN_STRICT,NO_50_ORDER,HOLD,TARGET
47344,2026-09-09 07:29:14.564,1,PIN_STRICT,NO_50_ALL,HOLD,TARGET
47358,2026-09-09 07:32:32.248,1,EMA24,CURRENT,HOLD,STOP
47358,2026-09-09 07:32:32.248,1,EMA24,NO_50_ORDER,HOLD,STOP
47358,2026-09-09 07:32:32.248,1,EMA24,NO_50_ALL,HOLD,STOP
47377,2026-09-09 07:37:26.108,-1,PIN7,NO_50_ORDER,HOLD,STOP
47377,2026-09-09 07:37:26.108,-1,PIN7,NO_50_ALL,HOLD,STOP
47893,2026-09-09 11:10:18.540,-1,PIN7,NO_50_ORDER,HOLD,TARGET
47893,2026-09-09 11:10:18.540,-1,PIN7,NO_50_ALL,HOLD,TARGET
47894,2026-09-09 11:11:55.800,-1,PIN7,NO_50_ORDER,HOLD,TARGET
47894,2026-09-09 11:11:55.800,-1,PIN7,NO_50_ALL,HOLD,TARGET
47896,2026-09-09 11:14:59.392,-1,PIN_STRICT,NO_50_ALL,HOLD,TARGET
47920,2026-09-09 11:42:46.360,1,PIN_STRICT,NO_50_ALL,HOLD,STOP
47924,2026-09-09 11:50:52.012,1,EMA24,CURRENT,HOLD,TARGET
47924,2026-09-09 11:50:52.012,1,EMA24,NO_50_ORDER,HOLD,TARGET
47924,2026-09-09 11:50:52.012,1,EMA24,NO_50_ALL,HOLD,TARGET
47952,2026-09-09 12:30:36.304,1,EMA24,NO_50_ALL,HOLD,STOP
47965,2026-09-09 12:45:27.720,-1,EMA8,CURRENT,HOLD,TARGET
47965,2026-09-09 12:45:27.720,-1,EMA8,NO_50_ORDER,HOLD,TARGET
47965,2026-09-09 12:45:27.720,-1,EMA8,NO_50_ALL,HOLD,TARGET
47974,2026-09-09 12:50:17.404,-1,PIN7,CURRENT,HOLD,TARGET
47974,2026-09-09 12:50:17.404,-1,PIN7,NO_50_ORDER,HOLD,TARGET
47974,2026-09-09 12:50:17.404,-1,PIN7,NO_50_ALL,HOLD,TARGET
47975,2026-09-09 12:50:57.004,-1,PIN7,CURRENT,HOLD,TARGET
47975,2026-09-09 12:50:57.004,-1,PIN7,NO_50_ORDER,HOLD,TARGET
47975,2026-09-09 12:50:57.004,-1,PIN7,NO_50_ALL,HOLD,TARGET
47987,2026-09-09 12:56:49.956,-1,EMA24,CURRENT,HOLD,TARGET
47987,2026-09-09 12:56:49.956,-1,EMA24,NO_50_ORDER,HOLD,TARGET
47987,2026-09-09 12:56:49.956,-1,EMA24,NO_50_ALL,HOLD,TARGET
47992,2026-09-09 12:59:01.940,-1,EMA24,CURRENT,HOLD,TARGET
47992,2026-09-09 12:59:01.940,-1,EMA24,NO_50_ORDER,HOLD,TARGET
47992,2026-09-09 12:59:01.940,-1,EMA24,NO_50_ALL,HOLD,TARGET
48997,2026-09-10 06:35:12.024,1,PIN7,NO_50_ORDER,HOLD,TARGET
48997,2026-09-10 06:35:12.024,1,PIN7,NO_50_ALL,HOLD,TARGET
48998,2026-09-10 06:35:17.220,1,PIN7,NO_50_ORDER,HOLD,NONE
48998,2026-09-10 06:35:17.220,1,PIN7,NO_50_ALL,HOLD,NONE
49050,2026-09-10 06:40:16.212,1,EMA24,NO_50_ALL,HOLD,TARGET
49216,2026-09-10 07:02:12.228,1,PIN_STRICT,NO_50_ALL,HOLD,TARGET
49225,2026-09-10 07:03:22.308,1,EMA24,CURRENT,HOLD,TARGET
49225,2026-09-10 07:03:22.308,1,EMA24,NO_50_ORDER,HOLD,TARGET
49225,2026-09-10 07:03:22.308,1,EMA24,NO_50_ALL,HOLD,TARGET
49251,2026-09-10 07:08:39.504,-1,PIN_STRICT,NO_50_ALL,HOLD,TARGET
49284,2026-09-10 07:15:00.524,1,EMA24,CURRENT,HOLD,STOP
49284,2026-09-10 07:15:00.524,1,EMA24,NO_50_ORDER,HOLD,STOP
49284,2026-09-10 07:15:00.524,1,EMA24,NO_50_ALL,HOLD,STOP
49293,2026-09-10 07:16:34.300,1,PIN7,CURRENT,HOLD,TARGET
49293,2026-09-10 07:16:34.300,1,PIN7,NO_50_ORDER,HOLD,TARGET
49293,2026-09-10 07:16:34.300,1,PIN7,NO_50_ALL,HOLD,TARGET
49310,2026-09-10 07:19:10.484,1,PIN7,CURRENT,HOLD,TARGET
49310,2026-09-10 07:19:10.484,1,PIN7,NO_50_ORDER,HOLD,TARGET
49310,2026-09-10 07:19:10.484,1,PIN7,NO_50_ALL,HOLD,TARGET
49315,2026-09-10 07:19:46.184,1,PIN7,CURRENT,HOLD,TARGET
49315,2026-09-10 07:19:46.184,1,PIN7,NO_50_ORDER,HOLD,TARGET
49315,2026-09-10 07:19:46.184,1,PIN7,NO_50_ALL,HOLD,TARGET
49317,2026-09-10 07:19:56.224,1,PIN7,CURRENT,HOLD,TARGET
49317,2026-09-10 07:19:56.224,1,PIN7,NO_50_ORDER,HOLD,TARGET
49317,2026-09-10 07:19:56.224,1,PIN7,NO_50_ALL,HOLD,TARGET
49330,2026-09-10 07:22:38.468,1,EMA8,CURRENT,HOLD,TARGET
49330,2026-09-10 07:22:38.468,1,EMA8,NO_50_ORDER,HOLD,TARGET
49330,2026-09-10 07:22:38.468,1,EMA8,NO_50_ALL,HOLD,TARGET
49348,2026-09-10 07:24:40.464,1,PIN_STRICT,CURRENT,HOLD,TARGET
49348,2026-09-10 07:24:40.464,1,PIN_STRICT,NO_50_ORDER,HOLD,TARGET
49348,2026-09-10 07:24:40.464,1,PIN_STRICT,NO_50_ALL,HOLD,TARGET
49366,2026-09-10 07:24:50.576,1,EMA24,CURRENT,HOLD,TARGET
49366,2026-09-10 07:24:50.576,1,EMA24,NO_50_ORDER,HOLD,TARGET
49366,2026-09-10 07:24:50.576,1,EMA24,NO_50_ALL,HOLD,TARGET
49385,2026-09-10 07:25:19.952,1,PIN7,CURRENT,HOLD,TARGET
49385,2026-09-10 07:25:19.952,1,PIN7,NO_50_ORDER,HOLD,TARGET
49385,2026-09-10 07:25:19.952,1,PIN7,NO_50_ALL,HOLD,TARGET
49391,2026-09-10 07:25:35.384,1,EMA24,CURRENT,HOLD,STOP
49391,2026-09-10 07:25:35.384,1,EMA24,NO_50_ORDER,HOLD,STOP
49391,2026-09-10 07:25:35.384,1,EMA24,NO_50_ALL,HOLD,STOP
49403,2026-09-10 07:26:24.552,-1,PIN7,NO_50_ORDER,HOLD,TARGET
49403,2026-09-10 07:26:24.552,-1,PIN7,NO_50_ALL,HOLD,TARGET
49419,2026-09-10 07:27:47.396,-1,EMA8,CURRENT,HOLD,TARGET
49419,2026-09-10 07:27:47.396,-1,EMA8,NO_50_ORDER,HOLD,TARGET
49419,2026-09-10 07:27:47.396,-1,EMA8,NO_50_ALL,HOLD,TARGET
49423,2026-09-10 07:29:06.552,-1,PIN7,CURRENT,HOLD,TARGET
49423,2026-09-10 07:29:06.552,-1,PIN7,NO_50_ORDER,HOLD,TARGET
49423,2026-09-10 07:29:06.552,-1,PIN7,NO_50_ALL,HOLD,TARGET
49462,2026-09-10 07:36:31.752,1,EMA8,CURRENT,HOLD,TARGET
49462,2026-09-10 07:36:31.752,1,EMA8,NO_50_ORDER,HOLD,TARGET
49462,2026-09-10 07:36:31.752,1,EMA8,NO_50_ALL,HOLD,TARGET
49466,2026-09-10 07:37:39.740,1,EMA8,CURRENT,HOLD,TARGET
49466,2026-09-10 07:37:39.740,1,EMA8,NO_50_ORDER,HOLD,TARGET
49466,2026-09-10 07:37:39.740,1,EMA8,NO_50_ALL,HOLD,TARGET
49468,2026-09-10 07:38:18.000,1,PIN7,CURRENT,HOLD,STOP
49468,2026-09-10 07:38:18.000,1,PIN7,NO_50_ORDER,HOLD,STOP
49468,2026-09-10 07:38:18.000,1,PIN7,NO_50_ALL,HOLD,STOP
49470,2026-09-10 07:38:48.388,1,EMA8,CURRENT,HOLD,STOP
49470,2026-09-10 07:38:48.388,1,EMA8,NO_50_ORDER,HOLD,STOP
49470,2026-09-10 07:38:48.388,1,EMA8,NO_50_ALL,HOLD,STOP
49487,2026-09-10 07:42:55.044,-1,PIN7,NO_50_ORDER,HOLD,TARGET
49487,2026-09-10 07:42:55.044,-1,PIN7,NO_50_ALL,HOLD,TARGET
49489,2026-09-10 07:43:30.820,-1,PIN7,NO_50_ORDER,HOLD,TARGET
49489,2026-09-10 07:43:30.820,-1,PIN7,NO_50_ALL,HOLD,TARGET
49491,2026-09-10 07:44:29.196,-1,PIN_STRICT,NO_50_ALL,HOLD,STOP
49497,2026-09-10 07:45:49.448,-1,EMA8,CURRENT,HOLD,TARGET
49497,2026-09-10 07:45:49.448,-1,EMA8,NO_50_ORDER,HOLD,TARGET
49497,2026-09-10 07:45:49.448,-1,EMA8,NO_50_ALL,HOLD,TARGET
49502,2026-09-10 07:46:30.040,-1,EMA24,CURRENT,HOLD,TARGET
49502,2026-09-10 07:46:30.040,-1,EMA24,NO_50_ORDER,HOLD,TARGET
49502,2026-09-10 07:46:30.040,-1,EMA24,NO_50_ALL,HOLD,TARGET
49536,2026-09-10 07:53:29.944,1,EMA24,NO_50_ALL,HOLD,TARGET
49551,2026-09-10 07:57:13.440,1,PIN7,CURRENT,HOLD,TARGET
49551,2026-09-10 07:57:13.440,1,PIN7,NO_50_ORDER,HOLD,TARGET
49551,2026-09-10 07:57:13.440,1,PIN7,NO_50_ALL,HOLD,TARGET
49557,2026-09-10 07:58:52.388,1,EMA8,CURRENT,HOLD,STOP
49557,2026-09-10 07:58:52.388,1,EMA8,NO_50_ORDER,HOLD,STOP
49557,2026-09-10 07:58:52.388,1,EMA8,NO_50_ALL,HOLD,STOP
50037,2026-09-10 11:02:19.680,-1,PIN7,CURRENT,HOLD,TARGET
50037,2026-09-10 11:02:19.680,-1,PIN7,NO_50_ORDER,HOLD,TARGET
50037,2026-09-10 11:02:19.680,-1,PIN7,NO_50_ALL,HOLD,TARGET
50039,2026-09-10 11:03:16.004,-1,PIN7,CURRENT,HOLD,TARGET
50039,2026-09-10 11:03:16.004,-1,PIN7,NO_50_ORDER,HOLD,TARGET
50039,2026-09-10 11:03:16.004,-1,PIN7,NO_50_ALL,HOLD,TARGET
50040,2026-09-10 11:03:31.984,-1,PIN_STRICT,NO_50_ALL,HOLD,STOP
50042,2026-09-10 11:04:50.848,-1,EMA8,CURRENT,HOLD,TARGET
50042,2026-09-10 11:04:50.848,-1,EMA8,NO_50_ORDER,HOLD,TARGET
50042,2026-09-10 11:04:50.848,-1,EMA8,NO_50_ALL,HOLD,TARGET
50052,2026-09-10 11:10:09.944,-1,PIN7,CURRENT,HOLD,TARGET
50052,2026-09-10 11:10:09.944,-1,PIN7,NO_50_ORDER,HOLD,TARGET
50052,2026-09-10 11:10:09.944,-1,PIN7,NO_50_ALL,HOLD,TARGET
50059,2026-09-10 11:14:45.524,-1,EMA24,CURRENT,HOLD,TARGET
50059,2026-09-10 11:14:45.524,-1,EMA24,NO_50_ORDER,HOLD,TARGET
50059,2026-09-10 11:14:45.524,-1,EMA24,NO_50_ALL,HOLD,TARGET
50083,2026-09-10 11:32:37.156,-1,PIN7,CURRENT,HOLD,TARGET
50083,2026-09-10 11:32:37.156,-1,PIN7,NO_50_ORDER,HOLD,TARGET
50083,2026-09-10 11:32:37.156,-1,PIN7,NO_50_ALL,HOLD,TARGET
50122,2026-09-10 11:51:26.412,1,PIN7,CURRENT,HOLD,TARGET
50122,2026-09-10 11:51:26.412,1,PIN7,NO_50_ORDER,HOLD,TARGET
50122,2026-09-10 11:51:26.412,1,PIN7,NO_50_ALL,HOLD,TARGET
50123,2026-09-10 11:51:27.792,1,PIN7,CURRENT,HOLD,TARGET
50123,2026-09-10 11:51:27.792,1,PIN7,NO_50_ORDER,HOLD,TARGET
50123,2026-09-10 11:51:27.792,1,PIN7,NO_50_ALL,HOLD,TARGET
50127,2026-09-10 11:51:44.700,1,EMA8,CURRENT,HOLD,TARGET
50127,2026-09-10 11:51:44.700,1,EMA8,NO_50_ORDER,HOLD,TARGET
50127,2026-09-10 11:51:44.700,1,EMA8,NO_50_ALL,HOLD,TARGET
50133,2026-09-10 11:52:44.916,1,EMA24,CURRENT,HOLD,TARGET
50133,2026-09-10 11:52:44.916,1,EMA24,NO_50_ORDER,HOLD,TARGET
50133,2026-09-10 11:52:44.916,1,EMA24,NO_50_ALL,HOLD,TARGET
50153,2026-09-10 12:00:30.600,-1,EMA8,CURRENT,HOLD,TARGET
50153,2026-09-10 12:00:30.600,-1,EMA8,NO_50_ORDER,HOLD,TARGET
50153,2026-09-10 12:00:30.600,-1,EMA8,NO_50_ALL,HOLD,TARGET
50159,2026-09-10 12:03:06.548,-1,PIN7,CURRENT,HOLD,TARGET
50159,2026-09-10 12:03:06.548,-1,PIN7,NO_50_ORDER,HOLD,TARGET
50159,2026-09-10 12:03:06.548,-1,PIN7,NO_50_ALL,HOLD,TARGET
50166,2026-09-10 12:07:50.900,-1,EMA24,CURRENT,HOLD,TARGET
50166,2026-09-10 12:07:50.900,-1,EMA24,NO_50_ORDER,HOLD,TARGET
50166,2026-09-10 12:07:50.900,-1,EMA24,NO_50_ALL,HOLD,TARGET
50174,2026-09-10 12:09:28.604,1,EMA24,NO_50_ALL,HOLD,TARGET
50194,2026-09-10 12:19:04.476,-1,EMA8,CURRENT,HOLD,TARGET
50194,2026-09-10 12:19:04.476,-1,EMA8,NO_50_ORDER,HOLD,TARGET
50194,2026-09-10 12:19:04.476,-1,EMA8,NO_50_ALL,HOLD,TARGET
50198,2026-09-10 12:20:45.504,-1,EMA24,CURRENT,HOLD,TARGET
50198,2026-09-10 12:20:45.504,-1,EMA24,NO_50_ORDER,HOLD,TARGET
50198,2026-09-10 12:20:45.504,-1,EMA24,NO_50_ALL,HOLD,TARGET
50231,2026-09-10 12:42:01.420,1,EMA8,CURRENT,HOLD,TARGET
50231,2026-09-10 12:42:01.420,1,EMA8,NO_50_ORDER,HOLD,TARGET
50231,2026-09-10 12:42:01.420,1,EMA8,NO_50_ALL,HOLD,TARGET
50252,2026-09-10 12:51:07.064,-1,PIN7,NO_50_ORDER,HOLD,TARGET
50252,2026-09-10 12:51:07.064,-1,PIN7,NO_50_ALL,HOLD,TARGET
51749,2026-09-11 06:32:14.340,1,PIN7,NO_50_ORDER,HOLD,TARGET
51749,2026-09-11 06:32:14.340,1,PIN7,NO_50_ALL,HOLD,TARGET
51750,2026-09-11 06:32:17.144,1,PIN7,NO_50_ORDER,HOLD,TARGET
51750,2026-09-11 06:32:17.144,1,PIN7,NO_50_ALL,HOLD,TARGET
51769,2026-09-11 06:33:32.216,1,PIN7,CURRENT,HOLD,TARGET
51769,2026-09-11 06:33:32.216,1,PIN7,NO_50_ORDER,HOLD,TARGET
51769,2026-09-11 06:33:32.216,1,PIN7,NO_50_ALL,HOLD,TARGET
51771,2026-09-11 06:33:40.784,1,EMA8,CURRENT,HOLD,TARGET
51771,2026-09-11 06:33:40.784,1,EMA8,NO_50_ORDER,HOLD,TARGET
51771,2026-09-11 06:33:40.784,1,EMA8,NO_50_ALL,HOLD,TARGET
51774,2026-09-11 06:33:54.692,1,PIN7,CURRENT,HOLD,TARGET
51774,2026-09-11 06:33:54.692,1,PIN7,NO_50_ORDER,HOLD,TARGET
51774,2026-09-11 06:33:54.692,1,PIN7,NO_50_ALL,HOLD,TARGET
51779,2026-09-11 06:34:07.060,1,EMA8,CURRENT,HOLD,TARGET
51779,2026-09-11 06:34:07.060,1,EMA8,NO_50_ORDER,HOLD,TARGET
51779,2026-09-11 06:34:07.060,1,EMA8,NO_50_ALL,HOLD,TARGET
51783,2026-09-11 06:34:39.740,1,EMA8,CURRENT,HOLD,TARGET
51783,2026-09-11 06:34:39.740,1,EMA8,NO_50_ORDER,HOLD,TARGET
51783,2026-09-11 06:34:39.740,1,EMA8,NO_50_ALL,HOLD,TARGET
51794,2026-09-11 06:35:38.752,1,EMA8,CURRENT,HOLD,STOP
51794,2026-09-11 06:35:38.752,1,EMA8,NO_50_ORDER,HOLD,STOP
51794,2026-09-11 06:35:38.752,1,EMA8,NO_50_ALL,HOLD,STOP
51846,2026-09-11 06:40:26.424,-1,PIN_STRICT,CURRENT,HOLD,TARGET
51846,2026-09-11 06:40:26.424,-1,PIN_STRICT,NO_50_ORDER,HOLD,TARGET
51846,2026-09-11 06:40:26.424,-1,PIN_STRICT,NO_50_ALL,HOLD,TARGET
51861,2026-09-11 06:40:40.060,1,EMA24,NO_50_ALL,HOLD,TARGET
51890,2026-09-11 06:42:18.132,-1,EMA8,CURRENT,HOLD,NONE
51890,2026-09-11 06:42:18.132,-1,EMA8,NO_50_ORDER,HOLD,NONE
51890,2026-09-11 06:42:18.132,-1,EMA8,NO_50_ALL,HOLD,NONE
52067,2026-09-11 07:00:05.908,1,EMA24,CURRENT,HOLD,TARGET
52067,2026-09-11 07:00:05.908,1,EMA24,NO_50_ORDER,HOLD,TARGET
52067,2026-09-11 07:00:05.908,1,EMA24,NO_50_ALL,HOLD,TARGET
52091,2026-09-11 07:02:35.032,-1,EMA8,NO_50_ORDER,HOLD,STOP
52091,2026-09-11 07:02:35.032,-1,EMA8,NO_50_ALL,HOLD,STOP
52117,2026-09-11 07:06:04.188,-1,PIN7,CURRENT,HOLD,TARGET
52117,2026-09-11 07:06:04.188,-1,PIN7,NO_50_ORDER,HOLD,TARGET
52117,2026-09-11 07:06:04.188,-1,PIN7,NO_50_ALL,HOLD,TARGET
52124,2026-09-11 07:06:34.668,-1,EMA24,CURRENT,HOLD,TARGET
52124,2026-09-11 07:06:34.668,-1,EMA24,NO_50_ORDER,HOLD,TARGET
52124,2026-09-11 07:06:34.668,-1,EMA24,NO_50_ALL,HOLD,TARGET
52154,2026-09-11 07:10:11.840,1,PIN7,NO_50_ORDER,HOLD,TARGET
52154,2026-09-11 07:10:11.840,1,PIN7,NO_50_ALL,HOLD,TARGET
52166,2026-09-11 07:12:04.140,-1,EMA8,CURRENT,HOLD,TARGET
52166,2026-09-11 07:12:04.140,-1,EMA8,NO_50_ORDER,HOLD,TARGET
52166,2026-09-11 07:12:04.140,-1,EMA8,NO_50_ALL,HOLD,TARGET
52170,2026-09-11 07:12:35.096,-1,PIN7,CURRENT,HOLD,STOP
52170,2026-09-11 07:12:35.096,-1,PIN7,NO_50_ORDER,HOLD,STOP
52170,2026-09-11 07:12:35.096,-1,PIN7,NO_50_ALL,HOLD,STOP
52185,2026-09-11 07:14:52.576,-1,PIN7,CURRENT,HOLD,TARGET
52185,2026-09-11 07:14:52.576,-1,PIN7,NO_50_ORDER,HOLD,TARGET
52185,2026-09-11 07:14:52.576,-1,PIN7,NO_50_ALL,HOLD,TARGET
52188,2026-09-11 07:15:14.528,-1,EMA8,CURRENT,HOLD,TARGET
52188,2026-09-11 07:15:14.528,-1,EMA8,NO_50_ORDER,HOLD,TARGET
52188,2026-09-11 07:15:14.528,-1,EMA8,NO_50_ALL,HOLD,TARGET
52194,2026-09-11 07:15:52.332,-1,EMA24,CURRENT,HOLD,TARGET
52194,2026-09-11 07:15:52.332,-1,EMA24,NO_50_ORDER,HOLD,TARGET
52194,2026-09-11 07:15:52.332,-1,EMA24,NO_50_ALL,HOLD,TARGET
52211,2026-09-11 07:18:44.148,1,PIN7,NO_50_ORDER,HOLD,TARGET
52211,2026-09-11 07:18:44.148,1,PIN7,NO_50_ALL,HOLD,TARGET
52214,2026-09-11 07:18:56.916,1,PIN_STRICT,NO_50_ALL,HOLD,TARGET
52215,2026-09-11 07:19:19.228,1,PIN_STRICT,NO_50_ALL,HOLD,TARGET
52224,2026-09-11 07:21:45.028,1,EMA8,CURRENT,HOLD,TARGET
52224,2026-09-11 07:21:45.028,1,EMA8,NO_50_ORDER,HOLD,TARGET
52224,2026-09-11 07:21:45.028,1,EMA8,NO_50_ALL,HOLD,TARGET
52255,2026-09-11 07:30:22.984,-1,PIN7,NO_50_ORDER,HOLD,TARGET
52255,2026-09-11 07:30:22.984,-1,PIN7,NO_50_ALL,HOLD,TARGET
52264,2026-09-11 07:32:02.024,-1,PIN_STRICT,NO_50_ALL,HOLD,TARGET
52268,2026-09-11 07:33:06.528,-1,EMA8,CURRENT,HOLD,TARGET
52268,2026-09-11 07:33:06.528,-1,EMA8,NO_50_ORDER,HOLD,TARGET
52268,2026-09-11 07:33:06.528,-1,EMA8,NO_50_ALL,HOLD,TARGET
52278,2026-09-11 07:35:16.320,-1,PIN_STRICT,CURRENT,HOLD,TARGET
52278,2026-09-11 07:35:16.320,-1,PIN_STRICT,NO_50_ORDER,HOLD,TARGET
52278,2026-09-11 07:35:16.320,-1,PIN_STRICT,NO_50_ALL,HOLD,TARGET
52283,2026-09-11 07:35:54.928,-1,EMA8,CURRENT,HOLD,TARGET
52283,2026-09-11 07:35:54.928,-1,EMA8,NO_50_ORDER,HOLD,TARGET
52283,2026-09-11 07:35:54.928,-1,EMA8,NO_50_ALL,HOLD,TARGET
52286,2026-09-11 07:36:45.208,-1,EMA8,CURRENT,HOLD,TARGET
52286,2026-09-11 07:36:45.208,-1,EMA8,NO_50_ORDER,HOLD,TARGET
52286,2026-09-11 07:36:45.208,-1,EMA8,NO_50_ALL,HOLD,TARGET
52295,2026-09-11 07:38:23.652,-1,EMA8,CURRENT,HOLD,TARGET
52295,2026-09-11 07:38:23.652,-1,EMA8,NO_50_ORDER,HOLD,TARGET
52295,2026-09-11 07:38:23.652,-1,EMA8,NO_50_ALL,HOLD,TARGET
52297,2026-09-11 07:38:35.752,-1,PIN7,CURRENT,HOLD,TARGET
52297,2026-09-11 07:38:35.752,-1,PIN7,NO_50_ORDER,HOLD,TARGET
52297,2026-09-11 07:38:35.752,-1,PIN7,NO_50_ALL,HOLD,TARGET
52333,2026-09-11 07:46:07.640,-1,EMA24,CURRENT,HOLD,TARGET
52333,2026-09-11 07:46:07.640,-1,EMA24,NO_50_ORDER,HOLD,TARGET
52333,2026-09-11 07:46:07.640,-1,EMA24,NO_50_ALL,HOLD,TARGET
52422,2026-09-11 07:58:20.800,-1,EMA24,CURRENT,HOLD,TARGET
52422,2026-09-11 07:58:20.800,-1,EMA24,NO_50_ORDER,HOLD,TARGET
52422,2026-09-11 07:58:20.800,-1,EMA24,NO_50_ALL,HOLD,TARGET
52779,2026-09-11 11:20:10.872,-1,PIN_STRICT,NO_50_ALL,HOLD,STOP
52788,2026-09-11 11:21:27.724,-1,EMA8,CURRENT,HOLD,STOP
52788,2026-09-11 11:21:27.724,-1,EMA8,NO_50_ORDER,HOLD,STOP
52788,2026-09-11 11:21:27.724,-1,EMA8,NO_50_ALL,HOLD,STOP
52812,2026-09-11 11:45:57.820,-1,PIN7,CURRENT,HOLD,STOP
52812,2026-09-11 11:45:57.820,-1,PIN7,NO_50_ORDER,HOLD,STOP
52812,2026-09-11 11:45:57.820,-1,PIN7,NO_50_ALL,HOLD,STOP
52828,2026-09-11 12:09:52.700,-1,PIN7,CURRENT,HOLD,TARGET
52828,2026-09-11 12:09:52.700,-1,PIN7,NO_50_ORDER,HOLD,TARGET
52828,2026-09-11 12:09:52.700,-1,PIN7,NO_50_ALL,HOLD,TARGET
52850,2026-09-11 12:50:00.028,-1,PIN7,CURRENT,HOLD,TARGET
52850,2026-09-11 12:50:00.028,-1,PIN7,NO_50_ORDER,HOLD,TARGET
52850,2026-09-11 12:50:00.028,-1,PIN7,NO_50_ALL,HOLD,TARGET
52861,2026-09-11 12:54:29.248,-1,EMA24,CURRENT,HOLD,TARGET
52861,2026-09-11 12:54:29.248,-1,EMA24,NO_50_ORDER,HOLD,TARGET
52861,2026-09-11 12:54:29.248,-1,EMA24,NO_50_ALL,HOLD,TARGET
