bar,time,text_time,direction,entry,length,start_order,prior50,prior24,current50,gap2450,penetration,recovery,tail,shape,early,won
30,63921366000,2026-08-02 15:00:00.616,1,7553.0,1,True,6.27118445266863,2.45144991633128,4.227994974656371,1.70898,1.928151,4.0,0.0,no_tail,True,True
32,63921366000,2026-08-02 15:00:00.660,1,7553.0,1,False,6.27118445266863,2.45144991633128,4.020821390109756,1.538422,2.013645,4.0,0.0,no_tail,True,True
34,63921366000,2026-08-02 15:00:00.756,1,7553.0,1,False,6.27118445266863,2.45144991633128,3.8295139944725376,1.387505,2.092565,4.0,0.0,no_tail,True,True
60,63921366002,2026-08-02 15:00:02.232,1,7555.5,2,True,26.978520894351256,33.08418986246898,4.716524745909339,4.122554,1.739373,3.0,1.0,tail_1,True,False
71,63921366053,2026-08-02 15:00:53.504,-1,7552.5,2,True,24.891740148318483,49.18514286618626,12.026499017645897,0.745594,-0.371412,3.0,1.0,tail_1,True,True
80,63921366063,2026-08-02 15:01:03.704,1,7555.0,2,False,17.81117319055877,36.011053819457715,11.617233792186035,0.249056,0.790397,1.0,3.0,tail_2_3,True,False
102,63921366145,2026-08-02 15:02:25.980,-1,7550.25,3,True,30.403899291851655,39.096527734954584,12.824491990509229,4.897975,0.25835,2.0,2.0,tail_2_3,True,True
110,63921366182,2026-08-02 15:03:02.564,-1,7550.75,1,False,15.402810552608353,9.402773858735227,-0.3201654834777373,2.845196,2.838576,4.0,0.0,no_tail,True,False
112,63921366189,2026-08-02 15:03:09.260,-1,7551.25,1,False,15.402810552608353,9.402773858735227,0.4827246189440621,2.348712,4.775633,2.0,2.0,tail_2_3,True,True
114,63921366202,2026-08-02 15:03:22.616,-1,7551.25,1,False,7.811081291547172,-5.580390794769155,-2.37267431921477,1.861472,4.642174,4.0,0.0,no_tail,True,True
116,63921366286,2026-08-02 15:04:46.108,-1,7551.25,1,False,0.4827246189440621,-11.656368627212062,-1.35406729340691,1.495231,4.556655,3.0,1.0,tail_1,True,True
119,63921366306,2026-08-02 15:05:06.124,-1,7551.25,1,False,5.328144919506596,3.7183093159860405,5.1203327257824,1.405777,4.825473,-1.0,5.0,tail_ge4,True,False
130,63921366367,2026-08-02 15:06:07.456,1,7552.5,1,False,13.417984543141154,28.498125230208064,6.843526510534784,0.102775,1.190081,2.0,2.0,tail_2_3,True,False
132,63921366380,2026-08-02 15:06:20.660,1,7552.5,1,True,13.417984543141154,28.498125230208064,7.089510200057541,0.30739,1.407683,2.0,2.0,tail_2_3,True,False
135,63921366472,2026-08-02 15:07:52.884,1,7552.0,2,True,7.089510200057541,14.531631496683172,0.5891326390638647,0.272401,3.438531,3.0,1.0,tail_1,True,True
138,63921366530,2026-08-02 15:08:50.664,1,7552.5,1,True,7.089510200057541,14.531631496683172,6.200749500195584,0.521276,1.764477,3.0,1.0,tail_1,True,True
144,63921366581,2026-08-02 15:09:41.120,1,7551.75,1,False,6.200749500195584,10.84678866066891,-0.44643967889714764,0.114668,4.503934,3.0,1.0,tail_1,True,True
174,63921367320,2026-08-02 15:22:00.816,1,7554.5,1,False,4.814696723281474,5.441878626814577,7.587962927107521,1.098955,0.546356,3.0,1.0,tail_1,True,True
186,63921367772,2026-08-02 15:29:32.892,-1,7552.25,2,True,21.521036675365632,39.586665011200715,6.277524932627288,0.738182,1.719502,4.0,0.0,no_tail,True,True
194,63921368286,2026-08-02 15:38:06.884,-1,7551.0,1,True,20.52221491087267,33.24505510277982,12.59025994760448,2.156425,-0.934011,3.0,1.0,tail_1,True,True
196,63921368403,2026-08-02 15:40:03.172,-1,7551.5,1,True,20.52221491087267,33.24505510277982,8.89180758330586,2.055118,1.293133,2.0,2.0,tail_2_3,True,True
198,63921368508,2026-08-02 15:41:48.968,-1,7551.5,1,True,20.52221491087267,33.24505510277982,6.86122362691273,1.951948,1.502812,2.0,2.0,tail_2_3,True,True
226,63921371014,2026-08-02 16:23:34.976,-1,7548.0,5,True,38.033655038076354,49.313723114398606,6.900830273136438,5.061121,0.499892,4.0,0.0,no_tail,True,False
228,63921371228,2026-08-02 16:27:08.332,-1,7548.75,1,True,38.033655038076354,49.313723114398606,4.978885279810521,4.362879,3.577562,1.0,3.0,tail_2_3,True,False
244,63921372414,2026-08-02 16:46:54.572,-1,7548.5,2,False,11.2485100084586,18.412119153755786,5.3488957802532555,1.11967,1.784735,4.0,0.0,no_tail,True,False
281,63921373297,2026-08-02 17:01:37.532,-1,7549.25,3,True,22.869044321797432,39.6513958007724,8.949216837949356,1.389595,2.255388,-0.0,4.0,tail_ge4,True,True
286,63921373382,2026-08-02 17:03:02.408,-1,7548.5,2,True,22.869044321797432,39.6513958007724,8.61621846661203,1.673301,0.115549,3.0,1.0,tail_1,True,True
289,63921373399,2026-08-02 17:03:19.380,-1,7549.0,2,True,10.863736174086792,15.322828092861084,3.348063497909639,1.471441,2.291051,4.0,0.0,no_tail,True,True
294,63921373530,2026-08-02 17:05:30.380,-1,7548.0,2,True,11.151915088008547,15.35160327046206,10.724931257384277,1.805874,-0.775577,3.0,1.0,tail_1,True,False
298,63921373582,2026-08-02 17:06:22.936,-1,7548.75,3,True,11.151915088008547,15.35160327046206,1.4985158201883466,1.46374,2.411748,4.0,0.0,no_tail,True,True
315,63921373981,2026-08-02 17:13:01.712,1,7550.75,2,True,25.891936269304377,43.44357507698245,5.92487004314841,1.874566,3.198625,0.0,4.0,tail_ge4,True,True
317,63921374016,2026-08-02 17:13:36.860,1,7551.0,1,True,25.891936269304377,43.44357507698245,2.6379420378542915,1.657827,2.263321,4.0,0.0,no_tail,True,True
363,63921375758,2026-08-02 17:42:38.056,1,7550.75,3,True,24.259248211748147,41.689921163404904,3.445961698038458,1.281327,4.223511,0.0,4.0,tail_ge4,True,True
375,63921376200,2026-08-02 17:50:00.616,1,7552.0,1,True,9.648416558592523,17.888834075960684,10.729356118048516,0.762823,-0.790543,4.0,0.0,no_tail,True,False
483,63921392718,2026-08-02 22:25:18.096,1,7563.25,2,True,29.28766012455792,26.575378765287837,13.326297787443629,6.037738,-0.278906,2.0,2.0,tail_2_3,True,True
488,63921393420,2026-08-02 22:37:00.400,1,7563.5,1,True,20.926187591212493,12.371708521185246,12.03826400712486,5.04451,-0.043302,2.0,2.0,tail_2_3,True,False
495,63921394858,2026-08-02 23:00:58.152,1,7563.5,1,False,12.514416902720011,-0.2499608016016662,6.876359265914255,3.275605,0.523163,3.0,1.0,tail_1,True,True
505,63921396192,2026-08-02 23:23:12.380,1,7563.0,4,True,20.720226985177547,26.491114906723194,-0.5722512170178583,2.709768,4.568664,2.0,2.0,tail_2_3,True,False
515,63921396897,2026-08-02 23:34:57.644,-1,7561.0,3,False,19.962033913954553,38.275511549082616,8.996323632667202,0.634071,-0.057325,4.0,0.0,no_tail,True,True
540,63921398903,2026-08-03 00:08:23.136,-1,7559.0,1,False,35.16454240276435,43.08086837850088,2.976623279772322,3.663816,3.097265,3.0,1.0,tail_1,True,True
542,63921398976,2026-08-03 00:09:36.500,-1,7559.25,1,False,18.919185304571958,10.043912450216226,2.088384370675446,3.134377,4.129001,1.0,3.0,tail_2_3,True,True
570,63921399733,2026-08-03 00:22:13.636,-1,7556.75,3,True,30.061113995126426,37.58874077478215,8.252931135223848,4.92073,3.841286,-1.0,5.0,tail_ge4,True,True
573,63921399848,2026-08-03 00:24:08.124,-1,7556.75,1,True,27.574824066040204,31.637665622530324,0.3157347463378191,3.84493,3.857818,4.0,0.0,no_tail,True,True
576,63921400034,2026-08-03 00:27:14.376,-1,7556.5,1,False,25.436009721459243,27.17995429490208,5.303151146460925,3.257336,3.136286,-0.0,4.0,tail_ge4,True,False
578,63921400236,2026-08-03 00:30:36.716,-1,7556.5,1,False,8.252931135223848,-5.883070940932792,2.748469273750136,2.828124,3.204238,2.0,2.0,tail_2_3,True,False
588,63921400807,2026-08-03 00:40:07.100,-1,7555.5,1,False,12.216147197840584,19.60874632979625,12.466646377698284,1.447899,-0.880738,3.0,1.0,tail_1,True,True
596,63921401418,2026-08-03 00:50:18.028,-1,7556.5,2,True,16.624783308204428,25.669559954815558,2.4798160270150977,1.794326,4.608224,1.0,3.0,tail_2_3,True,False
622,63921402758,2026-08-03 01:12:38.236,-1,7554.0,1,True,31.280466284360536,45.978841662357304,15.396916960846182,3.767436,-0.518683,-0.0,4.0,tail_ge4,True,True
624,63921402942,2026-08-03 01:15:42.500,-1,7554.5,1,True,31.280466284360536,45.978841662357304,9.384555843671562,3.458664,1.751881,-0.0,4.0,tail_ge4,True,True
663,63921404956,2026-08-03 01:49:16.384,1,7553.75,2,True,29.046041452912267,51.50375284940729,6.652616194830401,1.106183,3.52326,1.0,3.0,tail_2_3,True,True
665,63921404991,2026-08-03 01:49:51.652,1,7554.5,1,True,26.306195412765916,47.11662831109349,4.835632385797655,1.135979,0.716781,4.0,0.0,no_tail,True,True
694,63921407172,2026-08-03 02:26:12.948,1,7556.25,2,True,18.582781860919848,20.909056843780192,6.742741000621825,3.377491,-0.847928,-1.0,0.0,no_tail,True,True
697,63921407550,2026-08-03 02:32:30.928,1,7557.0,1,True,18.582781860919848,20.909056843780192,4.730713615914845,2.871227,1.400337,4.0,0.0,no_tail,True,True
704,63921407906,2026-08-03 02:38:26.420,1,7557.0,3,True,19.34848659028007,25.193169021727233,2.6669859585882425,2.708029,2.891545,4.0,0.0,no_tail,True,True
708,63921408319,2026-08-03 02:45:19.252,1,7557.5,1,True,19.34848659028007,25.193169021727233,9.111579075482371,2.524766,1.533803,1.0,3.0,tail_2_3,True,True
717,63921409161,2026-08-03 02:59:21.132,1,7558.0,1,False,7.291264936102703,3.961522459723239,8.634066079418417,1.241628,-0.545183,4.0,0.0,no_tail,True,True
719,63921409408,2026-08-03 03:03:28.736,1,7557.0,1,False,8.634066079418417,12.610050380647781,6.56298608298804,1.169439,3.573632,0.0,4.0,tail_ge4,True,True
729,63921410561,2026-08-03 03:22:41.364,1,7558.75,2,True,22.588938617905864,33.65419421996076,13.648193091527864,2.707059,-0.418666,2.0,2.0,tail_2_3,True,True
756,63921412972,2026-08-03 04:02:52.852,1,7561.25,2,True,27.460358447646357,33.690702182257816,10.553885488878487,4.678611,-0.395817,4.0,0.0,no_tail,True,False
758,63921413030,2026-08-03 04:03:50.044,1,7560.75,1,True,27.460358447646357,33.690702182257816,7.707203691682446,4.148613,1.789944,2.0,2.0,tail_2_3,True,False
780,63921414394,2026-08-03 04:26:34.672,1,7561.75,2,True,26.111937970482682,39.05651985086983,13.035233490927768,3.131588,0.833549,0.0,4.0,tail_ge4,True,True
782,63921414508,2026-08-03 04:28:28.380,1,7562.0,1,True,26.111937970482682,39.05651985086983,8.610990813143871,2.93911,0.117782,3.0,1.0,tail_1,True,True
803,63921415536,2026-08-03 04:45:36.276,1,7564.0,1,False,27.09997638162563,29.547860102785044,8.154742607637441,3.24973,-0.331023,3.0,1.0,tail_1,True,False
806,63921415751,2026-08-03 04:49:11.556,1,7562.75,2,False,8.572675177850467,2.354142055252506,2.0686242555043295,2.624961,4.777336,1.0,3.0,tail_2_3,True,False
837,63921417402,2026-08-03 05:16:42.960,-1,7557.0,5,True,34.09930986807852,39.34978835313139,8.18311149866417,6.035308,0.284211,4.0,0.0,no_tail,True,True
844,63921417749,2026-08-03 05:22:29.728,-1,7557.5,2,True,18.11029824900232,10.841482957171984,0.9891324556230839,4.2932,3.58126,4.0,0.0,no_tail,True,True
899,63921420902,2026-08-03 06:15:02.544,1,7563.0,1,True,22.03396699998904,19.357667247282823,4.72851324098583,4.254608,1.721352,4.0,0.0,no_tail,True,True
909,63921421489,2026-08-03 06:24:49.796,1,7564.0,2,True,23.00374704445604,27.208904423838366,9.924837138620948,4.038592,0.857285,2.0,2.0,tail_2_3,True,False
982,63921421858,2026-08-03 06:30:58.004,-1,7550.25,1,False,7.208043107283583,13.274566752049825,9.859520056833247,0.687266,-0.075325,2.0,2.0,tail_2_3,True,True
993,63921421881,2026-08-03 06:31:21.836,-1,7549.25,1,True,20.05518309399627,30.642217690801736,12.504805959589282,2.473749,-0.897188,3.0,1.0,tail_1,True,True
1014,63921421934,2026-08-03 06:32:14.560,-1,7549.5,1,False,7.6338961425315315,2.9619187284853874,3.745010157337883,1.156564,2.460554,3.0,1.0,tail_1,True,False
1097,63921422301,2026-08-03 06:38:21.016,1,7565.75,2,True,36.32689595521588,29.412216926372686,8.870330398811411,7.499139,-0.00432,4.0,0.0,no_tail,True,True
1100,63921422322,2026-08-03 06:38:42.084,1,7566.0,2,False,25.534987939348287,5.761417346534368,8.64168253844636,6.282555,-0.548381,4.0,0.0,no_tail,True,True
1130,63921422475,2026-08-03 06:41:15.380,1,7567.25,2,True,19.534210069384034,31.460407115957555,14.014167862898066,2.030196,-0.244915,1.0,3.0,tail_2_3,True,False
1136,63921422498,2026-08-03 06:41:38.080,1,7566.25,1,False,19.534210069384034,31.460407115957555,0.33689530095704046,1.054678,3.529048,4.0,0.0,no_tail,True,True
1139,63921422512,2026-08-03 06:41:52.544,1,7567.0,1,False,8.43540769810093,8.224422548925283,6.064431424749273,1.129903,0.847774,4.0,0.0,no_tail,True,True
1162,63921422601,2026-08-03 06:43:21.676,-1,7564.0,2,True,24.732751080195627,37.86644647222173,9.142261628905992,2.677828,2.161063,1.0,3.0,tail_2_3,True,True
1167,63921422616,2026-08-03 06:43:36.976,-1,7563.0,1,True,15.234961583950302,18.432886150097932,11.038992658139104,2.578948,-0.922349,4.0,0.0,no_tail,True,True
1171,63921422643,2026-08-03 06:44:03.544,-1,7563.5,2,True,15.112280825743268,18.864887309236053,7.614683445973292,2.508682,1.828614,2.0,2.0,tail_2_3,True,False
1173,63921422654,2026-08-03 06:44:14.464,-1,7564.0,1,True,15.112280825743268,18.864887309236053,3.468644430369465,2.177279,3.881008,1.0,3.0,tail_2_3,True,False
1190,63921422717,2026-08-03 06:45:17.660,1,7568.0,4,True,44.9922067141497,61.18178179054124,12.9523291757282,5.438421,0.869415,0.0,4.0,tail_ge4,True,True
1192,63921422745,2026-08-03 06:45:45.060,1,7567.75,1,True,42.7659022494008,56.829932725196215,7.061823640972539,4.807294,2.072459,1.0,3.0,tail_2_3,True,True
1194,63921422750,2026-08-03 06:45:50.896,1,7567.75,1,True,39.907357719051014,52.139330992674736,4.413870676962929,4.185688,2.184534,3.0,1.0,tail_1,True,True
1197,63921422763,2026-08-03 06:46:03.620,1,7568.5,1,True,19.199275547449087,12.584002042698312,12.311489557880718,3.879864,-0.160728,2.0,2.0,tail_2_3,True,False
1199,63921422780,2026-08-03 06:46:20.760,1,7568.5,1,True,12.311489557880718,6.633923952781722,10.05798527702684,3.607934,0.160743,2.0,2.0,tail_2_3,True,False
1228,63921422936,2026-08-03 06:48:56.924,1,7570.25,4,True,35.54959973591932,47.43735893272991,6.949538862293551,4.598832,1.439854,4.0,0.0,no_tail,True,True
1231,63921422943,2026-08-03 06:49:03.540,1,7570.5,1,True,35.54959973591932,47.43735893272991,11.75598799828895,4.169081,1.064179,0.0,4.0,tail_ge4,True,True
1258,63921423064,2026-08-03 06:51:04.424,1,7571.0,1,False,13.246123376037776,12.64009397687652,2.359404353356248,1.317377,3.351251,3.0,1.0,tail_1,True,True
1361,63921423941,2026-08-03 07:05:41.544,1,7585.75,1,False,9.011973496096907,2.0133085889518036,-0.862198197521181,2.011732,4.021447,4.0,0.0,no_tail,True,True
1366,63921423977,2026-08-03 07:06:17.632,1,7587.25,1,True,13.117140324413397,17.1883721871962,13.33071018144301,2.276438,-0.921006,2.0,2.0,tail_2_3,True,False
1371,63921424020,2026-08-03 07:07:00.744,1,7587.5,1,True,15.322970211959131,20.277792568851417,13.571410169074433,2.565185,-0.705389,2.0,2.0,tail_2_3,True,False
1373,63921424027,2026-08-03 07:07:07.956,1,7587.0,1,True,15.322970211959131,20.277792568851417,9.092437045061992,2.419478,1.541853,1.0,3.0,tail_2_3,True,False
1375,63921424044,2026-08-03 07:07:24.532,1,7587.0,1,True,15.322970211959131,20.277792568851417,5.597567831157043,2.205342,1.694729,3.0,1.0,tail_1,True,False
1405,63921424455,2026-08-03 07:14:15.036,1,7588.75,3,True,29.58952786120431,38.67443199462279,0.38211898674142764,3.832181,3.190384,4.0,0.0,no_tail,True,True
1449,63921425643,2026-08-03 07:34:03.220,1,7596.5,1,True,24.10075032596292,12.960600331273756,12.8932542769277,6.004909,-0.078383,1.0,3.0,tail_2_3,True,True
1451,63921425683,2026-08-03 07:34:43.036,1,7596.5,1,True,21.639415736202025,11.385278595614992,9.878428351555756,5.400256,0.236756,2.0,2.0,tail_2_3,True,True
1504,63921427638,2026-08-03 08:07:18.880,1,7602.0,1,False,24.663577796830726,17.472750843611156,-3.7586261992855543,3.749037,3.932607,4.0,0.0,no_tail,True,True
1508,63921427733,2026-08-03 08:08:53.064,1,7602.5,2,False,9.621536487106331,2.224097506373345,5.948827979735509,3.203366,2.522364,2.0,2.0,tail_2_3,True,False
1519,63921428072,2026-08-03 08:14:32.760,1,7602.5,2,False,7.802757978273948,8.828114447733801,2.1213422191150935,1.380677,2.475826,4.0,0.0,no_tail,True,True
1539,63921428756,2026-08-03 08:25:56.032,1,7605.75,3,True,35.49828852229973,45.634355096541015,11.676664565753908,5.368118,-0.554596,4.0,0.0,no_tail,True,True
1543,63921428761,2026-08-03 08:26:01.744,1,7606.0,2,True,35.49828852229973,45.634355096541015,15.06520599591302,4.912433,-0.372396,0.0,4.0,tail_ge4,True,True
1558,63921429082,2026-08-03 08:31:22.944,1,7605.5,1,False,0.9203966186796487,-10.183549274959224,2.82727417271286,1.261571,1.8784,3.0,1.0,tail_1,True,True
1560,63921429138,2026-08-03 08:32:18.840,1,7605.25,1,False,2.82727417271286,-0.3013730207965472,3.3863573022647846,1.122767,2.928504,3.0,1.0,tail_1,True,True
1562,63921429219,2026-08-03 08:33:39.660,1,7605.25,1,False,3.3863573022647846,1.394762066499293,1.7779664753831612,0.965519,2.937077,4.0,0.0,no_tail,True,True
1566,63921429313,2026-08-03 08:35:13.460,1,7605.25,2,True,8.912014717347109,13.350961726677927,3.823581772079849,1.104858,3.414556,1.0,3.0,tail_2_3,True,True
1568,63921429354,2026-08-03 08:35:54.960,1,7605.25,1,True,8.912014717347109,13.350961726677927,1.4051454996405908,0.948999,3.423433,3.0,1.0,tail_1,True,True
1571,63921429435,2026-08-03 08:37:15.984,1,7606.0,1,True,8.912014717347109,13.350961726677927,8.35787599974371,1.157988,0.864181,3.0,1.0,tail_1,True,True
1609,63921431378,2026-08-03 09:09:38.416,1,7611.5,1,True,26.455488799346906,25.105220060257082,15.1276593020342,5.73688,-0.733056,1.0,3.0,tail_2_3,True,True
1612,63921431570,2026-08-03 09:12:50.836,1,7610.75,2,True,23.521308689681497,19.38071634027506,3.739076777391265,4.65524,2.463002,3.0,1.0,tail_1,True,True
1614,63921431673,2026-08-03 09:14:33.488,1,7610.75,1,False,21.940167539769025,16.80487622144255,2.8227016441944093,3.99111,2.507369,4.0,0.0,no_tail,True,True
1641,63921433405,2026-08-03 09:43:25.640,1,7615.0,1,True,29.96935438056576,30.489860340228,13.542675950119888,5.494225,-0.679842,1.0,3.0,tail_2_3,True,True
1652,63921434406,2026-08-03 10:00:06.264,1,7614.5,1,False,15.986866577323651,8.471732983825778,5.597189493207007,2.562492,2.028041,2.0,2.0,tail_2_3,True,False
1654,63921434483,2026-08-03 10:01:23.036,1,7613.75,1,False,5.597189493207007,-1.3874325290711025,1.5556182244021974,2.13082,4.988207,1.0,3.0,tail_2_3,True,True
1759,63921440807,2026-08-03 11:46:47.456,1,7630.5,3,True,28.315668800473738,46.07216914443438,13.96619092617471,2.075132,-0.557136,2.0,2.0,tail_2_3,True,True
1788,63921442105,2026-08-03 12:08:25.948,1,7633.5,3,True,41.661920250019776,52.833135634687416,6.77980605028092,5.794573,1.523642,3.0,1.0,tail_1,True,True
1793,63921442453,2026-08-03 12:14:13.080,1,7634.0,2,True,24.022278004549893,18.161076851739157,10.594487457324524,4.980249,0.893416,2.0,2.0,tail_2_3,True,True
1812,63921443659,2026-08-03 12:34:19.084,1,7635.0,3,True,21.72075491589227,22.658909910249466,5.424086887340277,3.857841,2.739949,2.0,2.0,tail_2_3,True,True
1828,63921444301,2026-08-03 12:45:01.284,-1,7632.25,1,True,23.52439150476844,45.280248096180955,10.932096138303718,1.069314,-0.876814,4.0,0.0,no_tail,True,False
1830,63921444383,2026-08-03 12:46:23.200,-1,7632.25,1,True,23.52439150476844,44.490673238426254,10.22335972121959,1.212168,-0.575636,4.0,0.0,no_tail,True,False
1834,63921444517,2026-08-03 12:48:37.804,-1,7633.25,2,True,15.526498676338763,28.220438746183184,4.024774346820893,1.333468,3.971748,1.0,3.0,tail_2_3,True,True
1836,63921444601,2026-08-03 12:50:01.060,-1,7633.0,1,True,13.678416283245879,21.64416799275035,0.9016847293371066,1.140539,2.976996,4.0,0.0,no_tail,True,False
1877,63921445145,2026-08-03 12:59:05.156,-1,7630.75,2,True,21.857826874056325,21.191378370452334,0.7140212362238509,3.531089,4.014356,4.0,0.0,no_tail,True,True
1880,63921445163,2026-08-03 12:59:23.352,-1,7629.5,1,False,13.859303988710444,6.455749441571799,11.366115373140573,3.329938,-0.382583,1.0,3.0,tail_2_3,True,True
1900,63921445397,2026-08-03 13:03:17.196,-1,7628.0,2,True,26.986165058713176,35.74060255946037,12.622927071708247,4.048467,0.025241,2.0,2.0,tail_2_3,True,False
1905,63921445605,2026-08-03 13:06:45.344,-1,7629.25,1,False,26.986165058713176,35.74060255946037,-4.377720578741196,2.474184,4.828242,4.0,0.0,no_tail,True,False
1941,63921452522,2026-08-03 15:02:02.500,1,7633.0,2,False,7.146377569548438,5.686312314301277,3.7183093159860405,1.728379,1.498228,4.0,0.0,no_tail,True,False
1948,63921452839,2026-08-03 15:07:19.984,1,7633.0,1,False,6.319262565891598,4.957048698299655,3.8874628993298845,1.185167,1.761625,3.0,1.0,tail_1,True,True
1953,63921453304,2026-08-03 15:15:04.232,1,7633.0,2,True,19.814835334408542,31.653444704940203,7.976203760816701,1.783175,2.970782,1.0,3.0,tail_2_3,True,True
1968,63921456955,2026-08-03 16:15:55.060,1,7635.0,2,True,20.925321149381777,29.121654886353337,12.764630222630174,3.065609,-0.996154,2.0,2.0,tail_2_3,True,True
1972,63921457973,2026-08-03 16:32:53.168,1,7635.25,2,True,20.925321149381777,29.121654886353337,11.158165566692217,3.112156,-0.973191,4.0,0.0,no_tail,True,False
1976,63921458747,2026-08-03 16:45:47.448,1,7634.0,2,True,17.282868197662633,21.022832803003165,3.3839212057631998,2.67186,4.556088,1.0,3.0,tail_2_3,True,True
1980,63921459396,2026-08-03 16:56:36.972,1,7634.5,2,True,14.51917505173192,15.447959994899916,4.862331062291181,2.296439,2.985563,1.0,3.0,tail_2_3,True,True
1987,63921459677,2026-08-03 17:01:17.280,1,7634.25,1,False,7.395042096250139,4.440373450529885,-2.7031936483959322,1.091203,3.817909,4.0,0.0,no_tail,True,True
1993,63921459985,2026-08-03 17:06:25.696,1,7635.25,3,True,13.798294702111468,21.79752380505545,5.325039743041628,1.484583,0.834308,4.0,0.0,no_tail,True,True
1995,63921460054,2026-08-03 17:07:34.228,1,7635.5,1,True,13.798294702111468,21.79752380505545,8.609273124004105,1.545027,0.118483,3.0,1.0,tail_1,True,True
2009,63921461238,2026-08-03 17:27:18.640,-1,7632.75,2,True,14.975913221818589,32.34542606145596,7.368520035791253,0.569731,-0.015255,4.0,0.0,no_tail,True,True
2030,63921462496,2026-08-03 17:48:16.212,1,7633.75,2,True,10.478115728544763,25.639639849443615,0.4041195300093423,0.014791,4.474773,3.0,1.0,tail_1,True,True
2033,63921462681,2026-08-03 17:51:21.772,1,7634.5,1,True,10.075907838688838,23.305410991941038,7.514464412172161,0.38419,1.870499,2.0,2.0,tail_2_3,True,True
2037,63921462987,2026-08-03 17:56:27.564,1,7634.0,2,True,11.23609007809168,20.277590913158253,3.102548059684156,0.679755,4.351911,1.0,3.0,tail_2_3,True,False
2044,63921463361,2026-08-03 18:02:41.172,-1,7632.0,1,True,15.801088687736204,30.262820626535902,13.964536192138166,0.869348,-0.876539,2.0,2.0,tail_2_3,True,True
2098,63921468174,2026-08-03 19:22:54.920,1,7640.5,2,True,23.0752331052339,-0.13262039414656301,9.149708053862074,6.584714,2.170958,0.0,4.0,tail_ge4,True,True
2139,63921473194,2026-08-03 20:46:34.952,1,7643.0,3,True,27.44754512222306,41.747806114497166,8.735369588841413,2.817343,0.705679,3.0,1.0,tail_1,True,True
2147,63921474920,2026-08-03 21:15:20.084,1,7643.25,2,True,21.208909019247887,28.872869290857082,5.854722582110987,2.785613,1.575017,4.0,0.0,no_tail,True,True
2158,63921478174,2026-08-03 22:09:34.376,1,7644.75,1,True,25.128142816749452,35.17077063820936,11.0119077574728,3.398159,-0.910839,4.0,0.0,no_tail,True,True
2160,63921478536,2026-08-03 22:15:36.912,1,7644.0,1,True,24.063182213120136,32.014611405900546,8.108250846304607,3.06356,2.275308,1.0,3.0,tail_2_3,True,True
2197,63921485189,2026-08-04 00:06:29.396,1,7645.75,2,False,10.732895913249651,12.712227915302508,0.876938915512747,1.665965,4.933825,2.0,2.0,tail_2_3,True,False
2205,63921485891,2026-08-04 00:18:11.688,-1,7643.75,3,True,26.946719738705113,46.80054126317537,12.691798962326098,1.179676,-0.311465,1.0,3.0,tail_2_3,True,False
2208,63921486595,2026-08-04 00:29:55.068,-1,7645.0,2,True,26.946719738705113,46.80054126317537,2.7166090032294616,1.04243,4.830883,1.0,3.0,tail_2_3,True,False
2228,63921488725,2026-08-04 01:05:25.608,-1,7643.5,2,True,13.006589530130785,23.20397478293446,9.200037697844188,1.077943,-0.463198,4.0,0.0,no_tail,True,True
2230,63921488818,2026-08-04 01:06:58.516,-1,7644.0,1,True,13.006589530130785,23.20397478293446,9.263078441183465,1.178021,1.8031,-0.0,4.0,tail_ge4,True,True
2232,63921488884,2026-08-04 01:08:04.680,-1,7644.0,1,True,13.006589530130785,23.20397478293446,4.300396287769662,1.098611,1.898209,4.0,0.0,no_tail,True,True
2287,63921494730,2026-08-04 02:45:30.148,-1,7637.0,1,False,36.378381212649145,34.464094132172406,-0.21581308216799355,5.835607,4.435384,1.0,3.0,tail_2_3,True,True
2289,63921494808,2026-08-04 02:46:48.100,-1,7637.0,1,False,30.006949382922226,20.613020427699993,-1.60867183501645,4.838879,4.328088,4.0,0.0,no_tail,True,True
2297,63921495237,2026-08-04 02:53:57.160,-1,7635.75,1,False,5.837182956311429,-10.46999005980473,6.848873437403476,2.705923,-0.438747,4.0,0.0,no_tail,True,False
2300,63921495613,2026-08-04 03:00:13.260,-1,7637.0,2,False,8.789097123844732,5.459745016535415,2.990870320407228,2.244675,4.717996,1.0,3.0,tail_2_3,True,False
2302,63921495908,2026-08-04 03:05:08.592,-1,7636.75,1,False,8.789097123844732,5.459745016535415,-0.056226240243605986,1.890464,3.70354,3.0,1.0,tail_1,True,False
2326,63921498248,2026-08-04 03:44:08.700,1,7638.5,2,True,28.516059081806812,44.14583973853399,5.03119617979207,2.331584,-0.777815,-1.0,0.0,no_tail,True,True
2366,63921498892,2026-08-04 03:54:52.548,1,7644.0,2,False,24.219104702833977,15.336896947854617,2.951023394434388,4.214352,2.774664,4.0,0.0,no_tail,True,True
2372,63921499200,2026-08-04 04:00:00.740,1,7644.0,1,False,4.004401006233941,-11.370667789803116,3.6892484430364703,2.613098,2.803657,3.0,1.0,tail_1,True,True
2380,63921499551,2026-08-04 04:05:51.900,1,7644.0,2,False,4.643522608605785,1.7929252370086837,2.077398112836131,1.398037,2.813969,4.0,0.0,no_tail,True,True
2388,63921500347,2026-08-04 04:19:07.232,1,7644.25,1,False,2.077398112836131,-2.9407373935219407,3.187014431608042,0.485611,1.397104,4.0,0.0,no_tail,True,True
2461,63921502665,2026-08-04 04:57:45.100,1,7653.5,5,True,36.58048937385878,45.2386874485677,5.221718048217913,5.359883,3.79711,1.0,3.0,tail_2_3,True,True
2466,63921502979,2026-08-04 05:02:59.156,1,7654.0,2,True,23.89621630573252,19.817201859539786,4.573465808278022,4.074052,2.43869,3.0,1.0,tail_1,True,False
2475,63921503397,2026-08-04 05:09:57.792,1,7654.75,1,False,10.173410081255238,9.706171914389934,11.949087540376553,2.446366,-0.00504,2.0,2.0,tail_2_3,True,False
2487,63921504785,2026-08-04 05:33:05.084,1,7654.0,2,True,14.350374220178386,23.05259867132641,4.7090886358661255,1.350958,3.369026,1.0,3.0,tail_2_3,True,True
2505,63921506668,2026-08-04 06:04:28.452,-1,7652.0,4,True,21.696158346812283,38.068757435322695,6.582286812469763,1.369975,0.632527,4.0,0.0,no_tail,True,False
2515,63921507642,2026-08-04 06:20:42.568,1,7654.75,1,True,14.560046979174281,28.71463299578946,11.396584420700835,0.62097,-0.101637,3.0,1.0,tail_1,True,True
2540,63921507761,2026-08-04 06:22:41.972,1,7658.25,2,True,42.43347145321881,49.19486672824318,4.0166403365444125,6.680825,3.32187,2.0,2.0,tail_2_3,True,True
2544,63921507824,2026-08-04 06:23:44.088,1,7659.0,2,False,25.871591649897155,13.695291731040168,9.397197118938129,5.467279,1.080252,2.0,2.0,tail_2_3,True,True
2547,63921507897,2026-08-04 06:24:57.596,1,7658.0,2,False,11.280400069236093,-6.099782626159942,-2.359023028687796,4.136443,4.956665,4.0,0.0,no_tail,True,True
2565,63921508203,2026-08-04 06:30:03.948,1,7659.0,1,False,15.519193621110995,13.95467924073746,2.205561399904436,1.982714,3.747689,2.0,2.0,tail_2_3,True,False
2613,63921508772,2026-08-04 06:39:32.740,1,7667.75,3,True,34.52729758755625,31.92664837322324,14.270829106922339,8.214349,0.936424,0.0,4.0,tail_ge4,True,True
2652,63921509257,2026-08-04 06:47:37.448,1,7672.5,2,True,39.464171252994035,50.52240589121291,17.079959424451967,5.939735,-0.6283,0.0,4.0,tail_ge4,True,True
2655,63921509285,2026-08-04 06:48:05.820,1,7672.25,2,True,26.616182010619,26.879538511402156,7.761961459278986,5.01389,0.780621,4.0,0.0,no_tail,True,True
2809,63921511663,2026-08-04 07:27:43.808,1,7699.25,1,True,16.98909979322935,34.846150264190925,12.580945745686273,0.740892,-0.583787,1.0,3.0,tail_2_3,True,True
2830,63921511902,2026-08-04 07:31:42.976,-1,7696.0,3,True,28.763029046359012,43.205038336539495,8.839527134905843,2.910868,2.288469,1.0,3.0,tail_2_3,True,False
2872,63921512305,2026-08-04 07:38:25.464,1,7704.5,1,True,42.54036320025088,46.28934414611135,11.566063447237374,7.678679,1.145453,0.0,4.0,tail_ge4,True,True
2874,63921512306,2026-08-04 07:38:26.496,1,7704.75,1,True,41.819464223443006,44.684099136103924,7.217141116491564,6.72792,0.368025,4.0,0.0,no_tail,True,False
2877,63921512316,2026-08-04 07:38:36.812,1,7703.75,2,False,18.111678491793196,-8.298790639948248,1.3084081185652086,5.298521,4.436542,2.0,2.0,tail_2_3,True,True
2885,63921512448,2026-08-04 07:40:48.536,1,7704.5,1,False,6.336619818433376,-5.764744805715111,7.72228224790299,3.04472,1.809737,0.0,4.0,tail_ge4,True,True
2887,63921512509,2026-08-04 07:41:49.752,1,7704.75,1,False,7.72228224790299,0.7899441519927236,5.742813107068165,2.754783,0.98123,4.0,0.0,no_tail,True,True
2999,63921515674,2026-08-04 08:34:34.024,1,7725.25,3,True,26.96274393956475,12.941227551077883,10.498945040556402,7.948363,1.920408,0.0,4.0,tail_ge4,True,True
3072,63921517816,2026-08-04 09:10:16.244,1,7736.75,2,True,39.180998054643815,45.57613849694916,7.175708385175403,6.304978,2.985228,1.0,3.0,tail_2_3,True,False
3201,63921522656,2026-08-04 10:30:56.564,1,7763.5,4,True,31.912833873928797,29.149573420372604,4.405213199926952,6.677821,3.148377,3.0,1.0,tail_1,True,True
3203,63921522710,2026-08-04 10:31:50.732,1,7763.5,1,False,31.912833873928797,29.149573420372604,2.0030080125630185,5.686372,3.177721,3.0,1.0,tail_1,True,True
3242,63921523867,2026-08-04 10:51:07.192,1,7773.5,2,True,53.05919549967308,51.226593981258766,3.385215383581332,11.258082,2.915917,4.0,0.0,no_tail,True,False
3258,63921524011,2026-08-04 10:53:31.476,1,7772.5,1,False,-0.901226476469435,-9.108748865463575,0.6319850136194887,1.255915,3.407859,4.0,0.0,no_tail,True,True
3268,63921524205,2026-08-04 10:56:45.688,1,7772.75,2,False,8.609795900640028,11.472911864536547,2.380224358616069,0.737984,2.689452,4.0,0.0,no_tail,True,False
3270,63921524279,2026-08-04 10:57:59.844,1,7772.5,1,False,4.969711059022813,6.7929883841490915,1.566610849368554,0.617391,3.677191,3.0,1.0,tail_1,True,True
3295,63921524586,2026-08-04 11:03:06.012,-1,7769.75,1,False,22.245085112369107,20.247336622479114,2.733530218769227,2.616815,4.183762,1.0,3.0,tail_2_3,True,True
3300,63921524642,2026-08-04 11:04:02.060,-1,7769.0,1,False,2.733530218769227,-8.20084936028765,4.283227852396426,1.847009,1.278211,3.0,1.0,tail_1,True,True
3308,63921524731,2026-08-04 11:05:31.328,-1,7768.5,3,True,30.023960928054233,43.88087102705225,9.047292486482567,3.115065,2.201028,1.0,3.0,tail_2_3,True,False
3331,63921525098,2026-08-04 11:11:38.976,1,7771.25,1,True,20.438278046108874,34.93758509100418,11.854145093456017,1.747361,0.38191,0.0,4.0,tail_ge4,True,True
3333,63921525147,2026-08-04 11:12:27.000,1,7771.25,1,True,20.438278046108874,34.93758509100418,8.167393086244456,1.725437,0.623978,3.0,1.0,tail_1,True,True
3335,63921525177,2026-08-04 11:12:57.440,1,7770.5,1,True,20.438278046108874,34.93758509100418,4.701880010007233,1.530037,3.692107,1.0,3.0,tail_2_3,True,True
3337,63921525196,2026-08-04 11:13:16.104,1,7770.75,1,True,14.253679010059638,22.343446594272994,1.530121002022669,1.328365,2.718858,4.0,0.0,no_tail,True,True
3369,63921526017,2026-08-04 11:26:57.420,1,7773.75,2,True,29.27394377335934,37.94159446718771,6.409733818604381,3.96687,2.343948,1.0,3.0,tail_2_3,True,True
3371,63921526085,2026-08-04 11:28:05.032,1,7773.5,1,True,29.27394377335934,37.94159446718771,3.0603478764024206,3.412744,3.395932,2.0,2.0,tail_2_3,True,True
3382,63921526515,2026-08-04 11:35:15.900,1,7774.5,2,True,22.7394024940229,29.710809589793538,3.8876910289699436,3.061815,2.068562,4.0,0.0,no_tail,True,False
3384,63921526598,2026-08-04 11:36:38.200,1,7775.0,1,True,22.7394024940229,29.710809589793538,7.3282425101548645,2.862027,0.334724,3.0,1.0,tail_1,True,False
3408,63921527158,2026-08-04 11:45:58.628,-1,7771.25,2,True,36.66591401859539,50.00362348551177,3.4812031935529344,4.020563,4.849166,-0.0,4.0,tail_ge4,True,False
3425,63921527641,2026-08-04 11:54:01.564,1,7773.5,2,True,21.17842692440828,38.224156909456596,8.384495964524545,1.650043,0.853039,3.0,1.0,tail_1,True,False
3433,63921527787,2026-08-04 11:56:27.364,1,7773.0,1,True,10.609618167376912,13.882417206087755,0.5486476147612828,1.012928,3.135053,3.0,1.0,tail_1,True,True
3435,63921527851,2026-08-04 11:57:31.432,1,7773.25,1,False,10.609618167376912,13.882417206087755,2.780556487112622,0.933414,2.204637,4.0,0.0,no_tail,True,True
3437,63921527985,2026-08-04 11:59:45.528,1,7772.75,1,False,2.780556487112622,1.2251789659250858,1.907244691224321,0.779207,4.19044,2.0,2.0,tail_2_3,True,True
3442,63921528026,2026-08-04 12:00:26.588,1,7774.0,2,True,13.745759370239437,22.88564555783347,8.470014040314018,1.355885,0.163875,4.0,0.0,no_tail,True,True
3483,63921529436,2026-08-04 12:23:56.292,1,7780.25,3,True,29.12882539338399,28.458165106737038,7.571373518164699,5.724637,0.220122,4.0,0.0,no_tail,True,True
3503,63921529935,2026-08-04 12:32:15.736,-1,7777.0,2,True,33.673139901232254,54.07717824331766,4.0040969188635955,2.400793,3.313963,3.0,1.0,tail_1,True,True
3507,63921530028,2026-08-04 12:33:48.428,-1,7776.5,2,True,26.073920925779294,39.664481352870276,4.507571063677545,2.159081,1.812664,4.0,0.0,no_tail,True,True
3509,63921530084,2026-08-04 12:34:44.948,-1,7776.25,1,True,16.56268835167481,21.428815756755736,5.7363845302305485,2.004954,0.983932,4.0,0.0,no_tail,True,True
3511,63921530111,2026-08-04 12:35:11.140,-1,7777.25,1,True,8.816029656172008,6.768581666160504,3.151066486163096,1.698225,4.985167,-0.0,4.0,tail_ge4,True,True
3515,63921530163,2026-08-04 12:36:03.696,-1,7776.0,1,True,11.370227239694024,14.952883118990641,10.935336562834754,1.924374,0.761456,1.0,3.0,tail_2_3,True,False
3544,63921530910,2026-08-04 12:48:30.288,1,7780.75,5,True,39.5828081688993,49.80419606205846,3.4511377189807213,5.373401,3.875122,2.0,2.0,tail_2_3,True,True
3547,63921530984,2026-08-04 12:49:44.604,1,7780.75,1,True,39.5828081688993,49.80419606205846,1.6814156632928774,4.265602,3.963183,2.0,2.0,tail_2_3,True,True
3746,63921532673,2026-08-04 13:17:53.040,-1,7765.5,3,True,32.56751043341443,32.81753801085274,9.720941620654807,6.548507,1.2767,1.0,3.0,tail_2_3,True,False
3761,63921532831,2026-08-04 13:20:31.952,-1,7765.0,1,True,23.98249568106576,29.217412189703012,9.83504727939328,3.91657,2.201787,-0.0,4.0,tail_ge4,True,False
3765,63921532871,2026-08-04 13:21:11.736,-1,7765.5,2,True,21.21634500691009,23.129395453250403,-0.0650115832375734,2.920435,4.347331,3.0,1.0,tail_1,True,False
3779,63921533102,2026-08-04 13:25:02.636,1,7767.75,2,True,28.71504431607524,45.910025887546816,13.03690116304239,2.197701,1.473008,0.0,4.0,tail_ge4,True,True
3789,63921533421,2026-08-04 13:30:21.944,1,7768.0,1,True,23.582873378770568,34.84753949777957,4.925125265995952,2.056791,2.306333,2.0,2.0,tail_2_3,True,True
3794,63921533583,2026-08-04 13:33:03.060,1,7767.5,2,True,8.948620471085043,8.84437544824234,0.6871344376824541,1.671167,4.704764,1.0,3.0,tail_2_3,True,True
3804,63921533923,2026-08-04 13:38:43.032,1,7767.5,2,False,2.1507894795524214,1.0159386712136855,-0.9801205816112799,0.530729,4.38995,4.0,0.0,no_tail,True,True
3806,63921534042,2026-08-04 13:40:42.712,1,7767.75,1,False,2.1507894795524214,1.0159386712136855,-0.03834996935043009,0.429021,3.363041,4.0,0.0,no_tail,True,True
3842,63921538916,2026-08-04 15:01:56.600,1,7773.0,2,True,27.726714952336085,31.992801302733728,13.87572132719631,5.106002,-0.850895,3.0,1.0,tail_1,True,True
3846,63921539014,2026-08-04 15:03:34.764,1,7772.25,2,True,22.14586438526153,20.77774701535578,3.9063211982211046,4.129285,2.701052,4.0,0.0,no_tail,True,True
3886,63921542181,2026-08-04 15:56:21.104,1,7779.0,1,True,28.06088774917443,18.572142576122978,9.873163907266703,5.992205,-0.747408,4.0,0.0,no_tail,True,True
3909,63921545011,2026-08-04 16:43:31.936,1,7778.75,2,False,6.0456208819208745,1.4888203270505016,-0.3020605511092798,1.815703,4.444657,3.0,1.0,tail_1,True,True
3912,63921545134,2026-08-04 16:45:34.784,1,7779.5,1,False,6.0456208819208745,1.4888203270505016,6.243480786746149,1.731185,1.772866,1.0,3.0,tail_2_3,True,True
3918,63921545456,2026-08-04 16:50:56.072,1,7779.5,1,False,12.16461764896564,16.486295267414473,0.9299434255993762,1.46152,2.325238,4.0,0.0,no_tail,True,True
3924,63921545867,2026-08-04 16:57:47.856,1,7779.0,1,True,3.7608321102278954,1.2305241165161174,4.061033327154409,1.123703,4.610047,0.0,4.0,tail_ge4,True,True
3937,63921546215,2026-08-04 17:03:35.524,-1,7777.25,1,True,13.648265232499513,28.511222261819906,10.15031696053943,0.483523,-0.531602,3.0,1.0,tail_1,True,False
3939,63921546270,2026-08-04 17:04:30.644,-1,7777.5,1,True,13.648265232499513,28.511222261819906,8.739772845578743,0.64909,0.703815,3.0,1.0,tail_1,True,False
3947,63921546637,2026-08-04 17:10:37.916,1,7778.75,2,True,8.40124373746318,17.616100658053703,1.1585155403659906,0.077026,4.831244,1.0,3.0,tail_2_3,True,True
3948,63921546662,2026-08-04 17:11:02.548,-1,7778.0,1,False,4.707343403272559,7.082739337587035,2.629708868071296,0.044607,2.279785,3.0,1.0,tail_1,True,False
3949,63921546685,2026-08-04 17:11:25.932,1,7779.0,1,True,8.40124373746318,17.616100658053703,-1.0302962341158004,0.011157,3.770402,4.0,0.0,no_tail,True,True
3953,63921547178,2026-08-04 17:19:38.604,1,7780.25,1,True,11.760161652665714,21.96284053254741,11.311181222740805,0.777298,-0.385233,3.0,1.0,tail_1,True,True
3955,63921547297,2026-08-04 17:21:37.308,1,7780.25,1,True,11.760161652665714,21.96284053254741,9.149559128300682,0.927298,-0.121855,4.0,0.0,no_tail,True,True
3969,63921548385,2026-08-04 17:39:45.624,1,7782.0,4,True,33.95374911613606,46.263432060064446,11.378303774889922,4.430557,-0.093829,3.0,1.0,tail_1,True,False
3971,63921548524,2026-08-04 17:42:04.460,1,7782.25,1,True,33.95374911613606,46.263432060064446,10.63721862959213,4.109693,-0.738286,3.0,1.0,tail_1,True,False
3974,63921548760,2026-08-04 17:46:00.292,1,7781.25,2,True,31.28766375978118,41.28882653899773,2.285957414983737,3.312028,3.38147,3.0,1.0,tail_1,True,True
3979,63921549081,2026-08-04 17:51:21.152,1,7781.0,1,False,10.63721862959213,1.763312759466848,-2.879779442868938,1.779122,3.890577,4.0,0.0,no_tail,True,True
3984,63921549263,2026-08-04 17:54:23.036,1,7782.25,1,True,16.573145563839212,24.445341898630225,13.859015944467737,2.272696,0.142793,1.0,3.0,tail_2_3,True,True
3990,63921549675,2026-08-04 18:01:15.456,1,7783.0,2,True,22.946438823340582,33.58606910507106,11.867973654708686,2.932624,-0.956645,4.0,0.0,no_tail,True,False
4011,63921551636,2026-08-04 18:33:56.456,-1,7779.5,3,True,19.349914760334805,34.86492667621313,9.858259426726017,1.208105,-0.741135,4.0,0.0,no_tail,True,False
4035,63921553679,2026-08-04 19:07:59.164,1,7784.5,2,True,38.280501798785146,53.45511538651249,9.331601204495609,4.39984,0.121503,4.0,0.0,no_tail,True,True
4045,63921555131,2026-08-04 19:32:11.900,1,7785.0,3,True,22.546204882828913,26.5251900176782,6.670025834328458,3.837488,0.916134,4.0,0.0,no_tail,True,True
4066,63921558691,2026-08-04 20:31:31.372,1,7787.75,5,True,41.618869860124576,52.51089620521374,9.41838777352206,6.226102,1.071277,2.0,2.0,tail_2_3,True,True
4083,63921561935,2026-08-04 21:25:35.972,1,7789.5,4,True,37.765134948486,45.880719078064054,6.474832159805821,5.734641,2.303805,2.0,2.0,tail_2_3,True,True
4123,63921570465,2026-08-04 23:47:45.788,1,7795.25,2,False,17.35590375545289,10.781264796474884,9.936251983284025,4.711968,-0.774086,4.0,0.0,no_tail,True,True
4125,63921570934,2026-08-04 23:55:34.988,1,7795.25,1,False,17.35590375545289,10.781264796474884,11.38909624747524,4.359275,-0.405452,2.0,2.0,tail_2_3,True,True
4138,63921571479,2026-08-05 00:04:39.764,1,7796.75,3,True,30.615915036337565,38.24004219557662,12.797107304130282,5.177693,-0.383088,3.0,1.0,tail_1,True,True
4141,63921571593,2026-08-05 00:06:33.600,1,7796.0,2,True,29.0519381548587,34.92824022591987,1.577145339971856,4.1145,2.699513,4.0,0.0,no_tail,True,True
4170,63921574063,2026-08-05 00:47:43.452,-1,7791.75,2,True,36.306163711695994,50.61701580992241,10.3238033551696,4.022768,-0.298158,4.0,0.0,no_tail,True,True
4176,63921574447,2026-08-05 00:54:07.332,-1,7791.25,2,True,18.344901537851893,19.942796792983042,11.534457509885138,3.687102,-0.813822,4.0,0.0,no_tail,True,False
4189,63921575371,2026-08-05 01:09:31.312,1,7793.5,4,False,25.02536179560628,46.58731071061086,-0.16340712013933126,0.422539,4.38772,3.0,1.0,tail_1,True,False
4244,63921578276,2026-08-05 01:57:56.616,-1,7784.0,2,True,33.42635436831193,32.22776866365141,8.644370626955169,6.216464,2.037351,2.0,2.0,tail_2_3,True,True
4247,63921578478,2026-08-05 02:01:18.532,-1,7784.75,2,False,20.54405559498606,5.301409080613839,-0.8566990401669323,4.791901,4.992494,3.0,1.0,tail_1,True,True
4259,63921579487,2026-08-05 02:18:07.572,-1,7784.75,1,False,5.905142862177601,-8.16005740329423,-1.6804233909919177,0.976505,4.050552,3.0,1.0,tail_1,True,False
4280,63921581437,2026-08-05 02:50:37.024,1,7788.5,1,True,29.13663602713611,39.333658866101985,10.66614209646931,4.267225,0.209706,3.0,1.0,tail_1,True,True
4289,63921582838,2026-08-05 03:13:58.144,1,7788.75,1,True,14.359336544245155,10.55314717184732,6.621863688743922,3.256294,0.93614,4.0,0.0,no_tail,True,True
4345,63921587588,2026-08-05 04:33:08.884,1,7796.5,1,False,31.613516029350382,33.793867623332,7.045872269557246,4.607809,0.439442,4.0,0.0,no_tail,True,True
4360,63921588912,2026-08-05 04:55:12.556,1,7797.0,2,True,17.871120629499185,27.12315876300443,11.040685298740012,2.16404,-0.602987,4.0,0.0,no_tail,True,True
4412,63921591661,2026-08-05 05:41:01.876,1,7802.0,2,True,23.06314079788511,33.677002102535795,13.3270211417407,3.018012,-0.279221,2.0,2.0,tail_2_3,True,True
4417,63921592043,2026-08-05 05:47:23.784,1,7802.0,2,True,23.06314079788511,33.677002102535795,9.196762238732578,2.949339,0.844655,2.0,2.0,tail_2_3,True,True
4450,63921594300,2026-08-05 06:25:00.052,1,7804.5,2,True,22.348151914248064,19.39757408322238,5.748863399680909,4.694329,2.925417,2.0,2.0,tail_2_3,True,True
4534,63921594975,2026-08-05 06:36:15.700,1,7811.25,4,True,33.20094954896645,51.73443323264919,4.891606154886033,2.002713,3.933743,1.0,3.0,tail_2_3,True,False
4551,63921595034,2026-08-05 06:37:14.184,-1,7809.0,3,True,36.90728202200072,55.17914785645696,3.795896984114918,2.769847,3.079768,3.0,1.0,tail_1,True,True
4555,63921595049,2026-08-05 06:37:29.960,-1,7809.25,2,True,21.887959334070146,30.143449643231328,2.753880777992163,2.332904,4.495453,1.0,3.0,tail_2_3,True,True
4557,63921595057,2026-08-05 06:37:37.112,-1,7808.75,1,True,18.454404266561816,23.150195617826032,1.192802172787368,2.022996,2.537325,4.0,0.0,no_tail,True,True
4573,63921595191,2026-08-05 06:39:51.408,1,7811.0,1,True,25.365131046259663,46.44448450123342,13.447110103815419,0.789098,0.014898,0.0,4.0,tail_ge4,True,True
4602,63921595264,2026-08-05 06:41:04.648,1,7815.75,4,True,40.131692550211284,47.43798804848462,9.97901349831707,6.915308,1.154472,2.0,2.0,tail_2_3,True,True
4606,63921595280,2026-08-05 06:41:20.888,1,7816.25,2,True,36.671517078219644,40.75949747284915,9.03559476886802,5.663257,-0.060797,3.0,1.0,tail_1,True,False
4608,63921595295,2026-08-05 06:41:35.720,1,7815.5,1,False,25.676448143234285,17.408851223297763,6.227249756371864,4.915535,3.059987,1.0,3.0,tail_2_3,True,False
4613,63921595390,2026-08-05 06:43:10.200,1,7816.0,1,False,10.908453626966635,-7.874657433822771,5.295652619407273,3.389427,1.179659,3.0,1.0,tail_1,True,False
4615,63921595397,2026-08-05 06:43:17.508,1,7815.5,1,False,6.4792820725924045,-6.371557177963212,4.204592695740377,2.936599,3.244275,2.0,2.0,tail_2_3,True,False
4625,63921595446,2026-08-05 06:44:06.224,-1,7814.0,3,False,21.614263173143875,41.337873377130855,3.515757088779396,0.210848,2.875195,3.0,1.0,tail_1,True,True
4669,63921595716,2026-08-05 06:48:36.452,-1,7810.75,1,False,17.552579670677407,6.249369005118056,-0.0569901832748988,3.040238,3.050599,4.0,0.0,no_tail,True,True
4672,63921595744,2026-08-05 06:49:04.184,-1,7809.75,1,False,7.251199005892769,0.7331931653717839,9.900374078133,2.871952,-0.425795,3.0,1.0,tail_1,True,True
4719,63921595884,2026-08-05 06:51:24.948,-1,7800.25,2,True,32.04782850959533,22.835894563307576,8.648104019700208,7.638091,2.382011,-0.0,4.0,tail_ge4,True,False
4721,63921595897,2026-08-05 06:51:37.144,-1,7800.75,1,False,32.04782850959533,22.835894563307576,2.9457661287852908,6.512284,4.42953,-0.0,4.0,tail_ge4,True,True
4724,63921595910,2026-08-05 06:51:50.736,-1,7799.75,1,False,23.12713417687571,4.12244570286865,6.276921084106814,5.390445,0.75951,4.0,0.0,no_tail,True,False
4740,63921596000,2026-08-05 06:53:20.156,1,7803.25,2,True,22.73049965098351,40.029900947398815,16.501606809977,1.319665,-0.369185,0.0,4.0,tail_ge4,True,True
4764,63921596082,2026-08-05 06:54:42.248,1,7804.75,1,False,19.717205619581982,19.354131116559707,5.663618103544333,2.558994,1.667345,3.0,1.0,tail_1,True,True
4788,63921596187,2026-08-05 06:56:27.820,1,7806.75,1,True,22.899520038150772,22.734268879303755,-0.4721065384382081,3.970893,4.181351,4.0,0.0,no_tail,True,True
4796,63921596209,2026-08-05 06:56:49.576,1,7808.25,3,True,20.46329440050068,23.8178141518436,9.271338305810245,3.757268,0.467026,4.0,0.0,no_tail,True,True
4821,63921596400,2026-08-05 07:00:00.204,1,7812.5,5,True,50.59963240283277,59.027646951931416,10.44583214903134,8.855055,1.942933,0.0,4.0,tail_ge4,True,True
4823,63921596400,2026-08-05 07:00:00.492,1,7812.25,1,True,50.59963240283277,59.027646951931416,4.674030550719831,7.616786,3.06343,1.0,3.0,tail_2_3,True,True
4836,63921596417,2026-08-05 07:00:17.776,1,7813.0,3,True,23.63713593357138,19.963991112469742,3.073297746792879,4.935626,4.030802,2.0,2.0,tail_2_3,True,False
4850,63921596482,2026-08-05 07:01:22.552,-1,7810.75,2,True,22.794418408300338,46.16807678315806,7.8455707619027555,0.442273,0.43861,3.0,1.0,tail_1,True,True
4877,63921596589,2026-08-05 07:03:09.560,-1,7806.25,4,True,39.1461866478937,44.88372160470213,8.894417486281789,6.717124,-0.014462,4.0,0.0,no_tail,True,True
4881,63921596611,2026-08-05 07:03:31.136,-1,7806.75,2,True,31.712305957726556,30.530630225815166,9.153877915562596,5.548317,2.822462,-1.0,5.0,tail_ge4,True,True
4887,63921596671,2026-08-05 07:04:31.668,-1,7806.75,1,False,15.27670024564339,0.855782512450167,4.560181547605421,3.373957,2.777319,2.0,2.0,tail_2_3,True,True
4889,63921596683,2026-08-05 07:04:43.668,-1,7806.75,1,False,9.153877915562596,-8.14343883997838,4.984192563546034,3.026211,2.948229,-0.0,4.0,tail_ge4,True,False
4919,63921596776,2026-08-05 07:06:16.744,1,7811.5,3,True,33.623641297341926,38.11432605401248,0.8867150790611918,5.113725,3.943458,4.0,0.0,no_tail,True,True
4922,63921596793,2026-08-05 07:06:33.392,1,7812.0,1,False,21.179024733425436,13.887888819925296,8.610617403805614,4.407305,2.397735,0.0,4.0,tail_ge4,True,False
4932,63921596885,2026-08-05 07:08:05.992,1,7811.75,1,False,6.387100134212559,5.105554138156663,5.397132297258571,1.609515,2.751109,2.0,2.0,tail_2_3,True,True
4938,63921596924,2026-08-05 07:08:44.312,1,7812.75,2,True,17.70384566554599,26.867320678309405,12.257735742870269,2.201478,0.195549,1.0,3.0,tail_2_3,True,True
4940,63921596931,2026-08-05 07:08:51.028,1,7812.25,1,True,17.70384566554599,26.867320678309405,7.107489634925641,2.042528,2.373515,1.0,3.0,tail_2_3,True,True
4942,63921596945,2026-08-05 07:09:05.172,1,7811.75,1,True,17.70384566554599,26.867320678309405,1.5279071426007982,1.705007,4.346332,2.0,2.0,tail_2_3,True,True
4951,63921596989,2026-08-05 07:09:49.724,1,7812.25,3,True,24.570763971185535,36.85190100521333,2.7954943580123044,2.497146,4.798409,1.0,3.0,tail_2_3,True,True
4955,63921597023,2026-08-05 07:10:23.032,1,7812.5,1,True,24.570763971185535,36.85190100521333,6.640104609297095,2.145514,-0.805227,-1.0,0.0,no_tail,True,False
4962,63921597084,2026-08-05 07:11:24.992,1,7812.5,1,False,6.9086604615632865,7.142692149194634,6.049096020604801,1.21906,4.120402,-1.0,5.0,tail_ge4,True,True
4964,63921597090,2026-08-05 07:11:30.140,1,7812.25,1,False,6.293979267375063,7.142692149194634,-1.6494334589261879,0.91481,4.998111,3.0,1.0,tail_1,True,True
4972,63921597146,2026-08-05 07:12:26.116,1,7813.25,1,False,1.723700784270348,3.7604517815586216,6.8662689470007585,0.254387,0.527359,3.0,1.0,tail_1,True,False
4975,63921597163,2026-08-05 07:12:43.416,1,7812.25,2,True,6.8662689470007585,13.88176923475576,-0.4183281513274776,0.177392,4.505456,2.0,2.0,tail_2_3,True,True
4980,63921597205,2026-08-05 07:13:25.016,-1,7810.75,1,True,11.546264737811423,22.04939129772361,11.10491759664873,0.657506,0.356012,2.0,2.0,tail_2_3,True,False
5000,63921597346,2026-08-05 07:15:46.372,1,7814.75,1,True,22.278127512316956,31.823572727639952,11.569582924783134,2.955799,-0.495701,3.0,1.0,tail_1,True,False
5017,63921597503,2026-08-05 07:18:23.144,1,7813.25,1,False,2.0434465621971314,-0.46721762711835857,0.3182556834193043,0.182783,4.843188,2.0,2.0,tail_2_3,True,True
5019,63921597532,2026-08-05 07:18:52.312,1,7813.75,1,False,0.33124230952806993,-0.4297866794852085,1.1307190855755795,0.212383,2.895999,3.0,1.0,tail_1,True,True
5022,63921597563,2026-08-05 07:19:23.532,1,7813.75,2,False,3.2286713010381165,5.616862417112083,3.1022433772761606,0.321227,3.058593,2.0,2.0,tail_2_3,True,True
5073,63921597859,2026-08-05 07:24:19.872,-1,7805.25,6,True,44.749136597385025,53.152642142933416,10.638104123266336,7.556865,2.514523,-1.0,5.0,tail_ge4,True,False
5099,63921597997,2026-08-05 07:26:37.472,1,7809.0,1,False,1.3291763808548829,-3.79178974865463,5.009287270609289,1.329029,0.965025,4.0,0.0,no_tail,True,False
5108,63921598074,2026-08-05 07:27:54.096,-1,7806.75,2,True,13.881049262266387,27.74197657698922,10.001093907574248,0.55116,1.491325,-0.0,4.0,tail_ge4,True,True
5110,63921598083,2026-08-05 07:28:03.188,-1,7806.75,1,True,13.881049262266387,27.74197657698922,4.996778064708765,0.591951,1.610408,4.0,0.0,no_tail,True,True
5113,63921598092,2026-08-05 07:28:12.936,-1,7806.0,1,True,13.881049262266387,27.610826879824998,13.489737732203404,1.143595,-0.669924,2.0,2.0,tail_2_3,True,True
5164,63921598405,2026-08-05 07:33:25.816,-1,7799.5,1,False,16.62786946793376,-7.843096707464422,-2.2704738634116026,4.011363,4.613223,3.0,1.0,tail_1,True,False
5175,63921598478,2026-08-05 07:34:38.592,-1,7799.25,1,False,7.4333544570737855,9.97345587639608,7.144873323497085,1.199642,2.677977,1.0,3.0,tail_2_3,True,True
5180,63921598512,2026-08-05 07:35:12.828,-1,7798.75,2,True,15.455979774674717,24.39163067095308,9.327361161670423,1.73258,1.776022,-0.0,4.0,tail_ge4,True,True
5185,63921598562,2026-08-05 07:36:02.540,-1,7799.0,3,True,15.455979774674717,24.39163067095308,6.290809247192738,1.908317,3.699892,-1.0,5.0,tail_ge4,True,True
5210,63921598712,2026-08-05 07:38:32.456,-1,7794.5,4,True,37.61746312068394,46.01939348477792,14.729671236878584,6.274546,-0.54496,-0.0,4.0,tail_ge4,True,False
5215,63921598770,2026-08-05 07:39:30.360,-1,7795.75,2,True,33.502168869956996,38.42613997568346,1.6036337675214076,4.545326,4.968474,1.0,3.0,tail_2_3,True,True
5254,63921599027,2026-08-05 07:43:47.500,-1,7793.0,1,False,4.6089133910132265,0.0010695212321231015,3.7346647248097553,1.211054,-0.242283,-1.0,0.0,no_tail,True,True
5267,63921599119,2026-08-05 07:45:19.964,-1,7791.75,1,True,19.680572144553047,32.90722894584555,11.013453497397638,1.571251,1.381425,-0.0,4.0,tail_ge4,True,False
5288,63921599289,2026-08-05 07:48:09.160,1,7795.25,1,True,30.57685894009801,46.886747736021285,12.723931279919434,3.261945,0.968079,0.0,4.0,tail_ge4,True,True
5292,63921599356,2026-08-05 07:49:16.472,1,7795.5,1,True,20.995403866187598,28.117551268615472,10.438295884882544,2.955981,0.639655,2.0,2.0,tail_2_3,True,True
5303,63921599432,2026-08-05 07:50:32.992,1,7796.5,2,True,33.196884254519205,46.23592385975784,12.11423659470174,4.445574,1.550634,0.0,4.0,tail_ge4,True,True
5364,63921599811,2026-08-05 07:56:51.200,-1,7782.25,2,True,24.35379004518232,12.305801591402398,15.220879046335956,7.379521,-0.120915,-0.0,4.0,tail_ge4,True,False
5397,63921600096,2026-08-05 08:01:36.624,1,7786.5,2,True,35.263977869650525,50.557890606232135,4.933466601967811,3.521077,3.929484,0.0,4.0,tail_ge4,True,True
5401,63921600116,2026-08-05 08:01:56.000,1,7786.75,2,True,23.00523576257813,28.68424511001038,1.079477532126034,2.76988,3.224071,4.0,0.0,no_tail,True,True
5410,63921600203,2026-08-05 08:03:23.236,1,7788.25,3,True,29.599405183724382,42.05159712544764,14.65926470543467,3.749027,0.446214,0.0,4.0,tail_ge4,True,False
5417,63921600269,2026-08-05 08:04:29.012,1,7787.25,1,False,20.86211055094437,25.280678842615067,-1.1694354276130277,1.858996,4.160707,3.0,1.0,tail_1,True,True
5423,63921600298,2026-08-05 08:04:58.948,1,7787.5,1,False,-1.1694354276130277,-8.06234746751499,2.1691743697527093,0.888766,2.802373,2.0,2.0,tail_2_3,True,True
5428,63921600334,2026-08-05 08:05:34.388,1,7787.25,3,True,10.9750996366207,17.206428672077955,0.784673935544415,0.985626,4.318482,3.0,1.0,tail_1,True,False
5436,63921600398,2026-08-05 08:06:38.932,-1,7785.75,2,True,21.61472537264768,39.56660474251683,9.086329040193762,0.951092,1.531338,2.0,2.0,tail_2_3,True,False
5444,63921600458,2026-08-05 08:07:38.040,1,7788.25,2,False,13.699402050291594,27.7565160296722,9.857072942417707,0.482924,-0.407478,3.0,1.0,tail_1,True,False
5461,63921600620,2026-08-05 08:10:20.232,1,7788.0,3,True,21.00399313724067,37.89685708926321,7.149762086867698,1.014345,1.369495,3.0,1.0,tail_1,True,True
5467,63921600692,2026-08-05 08:11:32.320,1,7788.75,2,True,20.368282944579,33.53588651634762,15.501886377926843,2.064076,0.075119,0.0,4.0,tail_ge4,True,False
5551,63921601369,2026-08-05 08:22:49.448,1,7776.0,3,True,26.78348753130204,49.816253434305715,6.8670219706465465,1.224325,1.167255,3.0,1.0,tail_1,True,True
5553,63921601395,2026-08-05 08:23:15.104,1,7776.0,1,True,23.39768471943001,43.36676069787793,6.430479598059998,1.222498,1.348935,3.0,1.0,tail_1,True,True
5555,63921601412,2026-08-05 08:23:32.236,1,7776.5,1,True,20.0083862129492,35.32596325327304,8.913655050892222,1.360429,-0.329568,3.0,1.0,tail_1,True,False
5585,63921601672,2026-08-05 08:27:52.952,-1,7772.5,2,True,18.223336914497146,24.643637608296466,9.381209469396113,2.830535,0.433766,3.0,1.0,tail_1,True,True
5648,63921602249,2026-08-05 08:37:29.108,-1,7772.5,3,True,16.52035663513077,30.23602731441062,-2.558655181867567,0.738939,4.718697,4.0,0.0,no_tail,True,True
5650,63921602283,2026-08-05 08:38:03.040,-1,7772.5,1,True,16.52035663513077,30.23602731441062,-1.5260749795513355,0.539249,4.627294,3.0,1.0,tail_1,True,True
5666,63921602451,2026-08-05 08:40:51.912,-1,7771.75,2,True,9.319550286763144,16.340996415402387,2.0848748883789328,0.660077,2.810924,4.0,0.0,no_tail,True,True
5673,63921602531,2026-08-05 08:42:11.212,-1,7771.0,3,True,22.988081150362454,37.40499934421735,4.9593992330927,1.746166,1.625859,4.0,0.0,no_tail,True,False
5675,63921602555,2026-08-05 08:42:35.924,-1,7771.25,1,True,22.988081150362454,37.40499934421735,5.381306715678738,1.624144,2.770737,1.0,3.0,tail_2_3,True,False
5682,63921602657,2026-08-05 08:44:17.664,-1,7770.5,1,True,6.329752523171197,8.59515761029255,9.755893865890744,1.171654,-0.044566,3.0,1.0,tail_1,True,True
5685,63921602702,2026-08-05 08:45:02.044,-1,7770.5,2,True,9.755893865890744,15.23716625509289,6.6053552469206025,1.251555,0.302831,4.0,0.0,no_tail,True,True
5726,63921603209,2026-08-05 08:53:29.484,-1,7766.25,2,True,31.672981195551515,37.58355976123453,7.517693165239518,5.227624,1.215869,3.0,1.0,tail_1,True,True
5732,63921603264,2026-08-05 08:54:24.108,-1,7766.0,2,True,15.737340920494885,6.32824320306129,4.412731546731687,3.962922,1.211664,4.0,0.0,no_tail,True,True
5761,63921603538,2026-08-05 08:58:58.348,-1,7761.0,2,True,42.167136176033786,45.81711477131043,7.747860818677761,7.314701,2.093031,2.0,2.0,tail_2_3,True,True
5813,63921604049,2026-08-05 09:07:29.548,-1,7757.25,2,True,20.605658225066822,32.787258766216986,6.6905239102543455,2.219495,2.200997,3.0,1.0,tail_1,True,True
5829,63921604221,2026-08-05 09:10:21.524,-1,7754.5,2,True,40.42750026478963,54.05852615736551,12.304634798596757,5.031523,-0.797955,2.0,2.0,tail_2_3,True,True
5837,63921604290,2026-08-05 09:11:30.996,-1,7754.25,1,True,20.56676061008808,21.079788814061292,12.36544004255914,4.329355,0.469334,1.0,3.0,tail_2_3,True,True
5839,63921604332,2026-08-05 09:12:12.492,-1,7754.0,1,True,20.56676061008808,21.079788814061292,9.409614414060085,3.980837,-0.218427,3.0,1.0,tail_1,True,True
5845,63921604403,2026-08-05 09:13:23.380,-1,7753.5,3,True,25.39213335806353,32.54943875020501,14.259563437832147,4.199241,-0.031992,1.0,3.0,tail_2_3,True,True
5849,63921604449,2026-08-05 09:14:09.692,-1,7753.25,2,True,25.39213335806353,32.54943875020501,9.919870691381856,3.829336,-0.113925,3.0,1.0,tail_1,True,True
5881,63921604802,2026-08-05 09:20:02.316,1,7757.75,3,True,32.033940652148154,39.599140089232534,-0.4016750309680854,3.869611,4.152423,4.0,0.0,no_tail,True,True
5903,63921605060,2026-08-05 09:24:20.156,1,7763.5,2,True,47.765757278935816,55.42634250370363,14.963650129753836,8.970677,-0.340748,1.0,3.0,tail_2_3,True,True
5934,63921605489,2026-08-05 09:31:29.524,1,7768.0,6,True,46.562113870657825,54.536491357078816,13.054084126536141,8.205065,0.185198,0.0,4.0,tail_ge4,True,True
5938,63921605522,2026-08-05 09:32:02.760,1,7767.75,1,True,40.1692730032463,42.661848486545225,10.560825495198978,6.521891,1.894111,0.0,4.0,tail_ge4,True,True
5961,63921605837,2026-08-05 09:37:17.808,1,7767.25,1,False,-0.9323873999614345,-3.3474544271067153,2.846478397830956,0.332191,2.83073,3.0,1.0,tail_1,True,True
5963,63921605864,2026-08-05 09:37:44.128,1,7767.5,1,False,2.846478397830956,4.54666905271054,3.462707444239222,0.380582,1.923715,4.0,0.0,no_tail,True,True
5966,63921605903,2026-08-05 09:38:23.176,1,7767.75,1,True,8.26774499717464,14.739888917585638,8.680954681375106,0.728662,1.381762,2.0,2.0,tail_2_3,True,True
5971,63921606010,2026-08-05 09:40:10.076,1,7767.75,3,True,14.415818497185258,24.75140272267301,3.585465938134545,1.14366,2.193211,4.0,0.0,no_tail,True,True
5996,63921606453,2026-08-05 09:47:33.752,-1,7766.5,2,False,7.996432080280269,20.47120672496988,5.269822968530751,0.067722,1.497356,4.0,0.0,no_tail,True,True
6001,63921606545,2026-08-05 09:49:05.908,-1,7765.75,2,True,14.53091564707393,26.80753076095432,10.647327710349893,0.977697,-0.435556,4.0,0.0,no_tail,True,False
6004,63921606597,2026-08-05 09:49:57.024,-1,7765.5,1,True,14.53091564707393,26.80753076095432,12.270063863032526,1.385921,-0.78309,2.0,2.0,tail_2_3,True,False
6036,63921607119,2026-08-05 09:58:39.036,1,7770.25,3,True,24.321192207455468,30.914299290002855,5.671183038897056,3.628423,1.651155,4.0,0.0,no_tail,True,True
6084,63921607725,2026-08-05 10:08:45.024,-1,7765.75,2,True,29.462684081327204,36.96243642940811,9.164525511647087,4.156828,0.845179,3.0,1.0,tail_1,True,True
6102,63921608039,2026-08-05 10:13:59.820,-1,7766.25,1,False,-2.6148431475321017,-10.996081391449456,-1.016091411901541,0.922668,4.097686,3.0,1.0,tail_1,True,True
6117,63921608293,2026-08-05 10:18:13.544,-1,7765.25,2,False,12.161551521002654,25.233376677486973,9.803375610119389,0.405922,-0.077721,4.0,0.0,no_tail,True,True
6119,63921608310,2026-08-05 10:18:30.616,-1,7765.0,1,True,12.161551521002654,25.233376677486973,9.905489383454393,0.666084,-0.761095,4.0,0.0,no_tail,True,True
6121,63921608345,2026-08-05 10:19:05.056,-1,7765.5,1,True,12.161551521002654,25.233376677486973,8.511936925193764,0.78043,1.452753,2.0,2.0,tail_2_3,True,True
6123,63921608388,2026-08-05 10:19:48.112,-1,7766.0,1,True,12.161551521002654,25.233376677486973,4.309663882917866,0.743318,3.534049,1.0,3.0,tail_2_3,True,True
6125,63921608463,2026-08-05 10:21:03.260,-1,7765.0,1,True,9.905489383454393,19.062761027205486,6.266278022993604,0.904729,-0.196366,4.0,0.0,no_tail,True,True
6128,63921608531,2026-08-05 10:22:11.600,-1,7764.75,1,True,10.050282407866412,16.101383822500818,10.38996646410873,1.231373,-0.646307,4.0,0.0,no_tail,True,True
6139,63921608707,2026-08-05 10:25:07.776,-1,7764.75,2,True,21.270830568624326,33.90688946835093,4.170854471515954,2.315877,2.271794,4.0,0.0,no_tail,True,False
6141,63921608733,2026-08-05 10:25:33.476,-1,7765.25,1,True,20.401308694039724,30.686475658490004,1.7563674280679813,1.944172,4.252433,2.0,2.0,tail_2_3,True,False
6165,63921609196,2026-08-05 10:33:16.820,-1,7765.25,1,True,20.024235539780346,35.28001767491898,-0.48257184105814543,1.235453,4.18561,4.0,0.0,no_tail,True,False
6178,63921609445,2026-08-05 10:37:25.208,1,7767.5,1,True,21.572851320205256,36.54584244726799,11.375220060988328,1.84972,0.240645,2.0,2.0,tail_2_3,True,True
6205,63921610055,2026-08-05 10:47:35.932,1,7767.5,1,False,7.248793319388837,-2.7528137247533344,-2.9433279597717106,0.797364,4.8901,3.0,1.0,tail_1,True,True
6208,63921610127,2026-08-05 10:48:47.460,1,7768.5,1,False,4.613315628220485,5.503043874790749,7.396544667248663,0.99382,1.279549,2.0,2.0,tail_2_3,True,True
6221,63921610446,2026-08-05 10:54:06.424,1,7769.25,2,True,19.571656372403993,28.50479214362573,4.235288902998379,2.274957,1.605017,4.0,0.0,no_tail,True,False
6228,63921610678,2026-08-05 10:57:58.952,1,7769.0,1,False,6.723829612172067,3.631425360754402,5.604226499046328,1.383697,2.665305,2.0,2.0,tail_2_3,True,False
6230,63921610717,2026-08-05 10:58:37.972,1,7769.5,1,False,5.604226499046328,4.861496760691148,6.004822443885503,1.395894,0.885581,3.0,1.0,tail_1,True,False
6239,63921610891,2026-08-05 11:01:31.124,1,7768.75,1,False,4.2846712461549314,2.4804260375878315,-1.3541436451435382,0.434008,3.583331,4.0,0.0,no_tail,True,True
6241,63921610925,2026-08-05 11:02:05.056,1,7768.5,1,False,0.50930786779934,-3.4631641380715763,-0.44254380030297663,0.291539,4.502337,3.0,1.0,tail_1,True,True
6257,63921611301,2026-08-05 11:08:21.512,1,7769.75,1,True,35.52744377005907,50.94005095142159,1.753161872992258,2.624997,4.907009,1.0,3.0,tail_2_3,True,True
6260,63921611375,2026-08-05 11:09:35.660,1,7770.75,1,True,14.807601441878749,12.854484821533855,5.256036175267765,2.311789,1.182989,4.0,0.0,no_tail,True,True
6275,63921611934,2026-08-05 11:18:54.556,1,7771.0,2,True,16.26992012515905,23.431779955443943,5.171332540883301,1.991292,2.511465,3.0,1.0,tail_1,True,True
6278,63921612047,2026-08-05 11:20:47.072,1,7772.0,1,True,16.26992012515905,23.431779955443943,13.037263697467061,2.21244,-0.793877,2.0,2.0,tail_2_3,True,False
6284,63921612311,2026-08-05 11:25:11.012,1,7771.25,1,True,13.037263697467061,16.975823132932142,2.279397921488336,1.515686,2.410825,4.0,0.0,no_tail,True,True
6289,63921612552,2026-08-05 11:29:12.784,1,7771.0,3,True,9.392363799092372,12.024964377901615,-0.26119055095562854,1.291481,3.787703,3.0,1.0,tail_1,True,False
6308,63921612996,2026-08-05 11:36:36.392,-1,7767.5,2,True,36.58846903975119,50.66905834867896,8.701035550161102,4.400695,1.69344,2.0,2.0,tail_2_3,True,True
6311,63921613086,2026-08-05 11:38:06.680,-1,7767.0,1,True,26.91253169314809,33.2344738257358,10.591682576028672,3.960703,0.254423,2.0,2.0,tail_2_3,True,True
6313,63921613160,2026-08-05 11:39:20.968,-1,7767.5,1,True,24.562296540727296,28.116897571330007,6.977088251355013,3.52702,2.427862,1.0,3.0,tail_2_3,True,True
6316,63921613257,2026-08-05 11:40:57.556,-1,7767.25,1,True,10.591682576028672,2.3095253317293207,8.995429313888248,3.191632,1.902772,1.0,3.0,tail_2_3,True,True
6320,63921613397,2026-08-05 11:43:17.516,-1,7767.25,2,True,11.166180492839755,8.068713159962877,5.954193667088124,2.840019,2.533198,1.0,3.0,tail_2_3,True,False
6332,63921613966,2026-08-05 11:52:46.908,1,7769.5,2,True,17.663833457503035,36.6400507361008,11.082185676552765,0.776964,1.018994,1.0,3.0,tail_2_3,True,False
6334,63921614060,2026-08-05 11:54:20.508,1,7769.5,1,True,17.663833457503035,36.6400507361008,6.048718290244375,0.819303,1.174396,4.0,0.0,no_tail,True,False
6343,63921614316,2026-08-05 11:58:36.912,-1,7767.0,1,True,20.12963640669423,37.028516398837546,10.558536804303268,1.030884,0.588581,2.0,2.0,tail_2_3,True,True
6352,63921614550,2026-08-05 12:02:30.952,-1,7766.75,2,True,20.278531968491155,32.29037529516079,5.134655935806031,2.077519,1.873409,4.0,0.0,no_tail,True,True
6354,63921614577,2026-08-05 12:02:57.728,-1,7766.5,1,True,20.278531968491155,32.29037529516079,5.601124184001626,1.93126,1.040006,4.0,0.0,no_tail,True,True
6368,63921615070,2026-08-05 12:11:10.592,-1,7767.25,1,False,-2.3656580470424875,-5.47140301881798,-0.0272727889803789,0.091024,3.358503,4.0,0.0,no_tail,True,False
6372,63921615208,2026-08-05 12:13:28.588,1,7768.75,1,True,9.936474342487918,22.393685596443564,6.393965896956786,0.30015,1.030955,4.0,0.0,no_tail,True,True
6374,63921615285,2026-08-05 12:14:45.244,1,7769.25,1,True,6.393965896956786,12.492427176168862,8.909032255018657,0.568223,-0.660776,4.0,0.0,no_tail,True,True
6385,63921615699,2026-08-05 12:21:39.812,1,7769.25,3,True,21.649645900291045,33.16317056775972,5.012243921984803,2.147817,2.257259,3.0,1.0,tail_1,True,True
6389,63921615807,2026-08-05 12:23:27.828,1,7770.0,1,True,21.649645900291045,33.16317056775972,9.047888528167714,2.146956,-0.079029,4.0,0.0,no_tail,True,True
6392,63921615967,2026-08-05 12:26:07.604,1,7770.25,2,True,9.822809530889588,10.302506950132518,10.17185584136386,2.190392,-0.540762,3.0,1.0,tail_1,True,False
6396,63921616210,2026-08-05 12:30:10.384,1,7769.75,2,True,12.209214501477511,14.809315134855149,5.552466505646484,2.087992,2.046593,2.0,2.0,tail_2_3,True,False
6418,63921616987,2026-08-05 12:43:07.336,-1,7766.25,1,True,24.280453062613695,33.48075647556198,10.130403869424919,3.239541,1.423481,1.0,3.0,tail_2_3,True,True
6422,63921617118,2026-08-05 12:45:18.420,-1,7766.75,2,True,24.280453062613695,33.48075647556198,0.830501450866732,2.505136,3.646438,4.0,0.0,no_tail,True,True
6441,63921617416,2026-08-05 12:50:16.588,-1,7766.0,1,False,21.394384950773155,29.151379734060452,2.546608813141786,1.795681,3.927485,2.0,2.0,tail_2_3,True,True
6443,63921617457,2026-08-05 12:50:57.696,-1,7765.25,1,False,13.823509028113689,13.52975050684952,4.64777262977628,1.724486,1.127602,3.0,1.0,tail_1,True,False
6445,63921617498,2026-08-05 12:51:38.228,-1,7765.5,1,False,4.64777262977628,1.260991063066669,5.778129872005666,1.608092,2.273115,2.0,2.0,tail_2_3,True,False
6447,63921617530,2026-08-05 12:52:10.080,-1,7765.5,1,False,5.778129872005666,4.116213688988984,3.248470445900929,1.42657,2.332083,4.0,0.0,no_tail,True,False
6449,63921617559,2026-08-05 12:52:39.960,-1,7765.75,1,False,5.778129872005666,4.116213688988984,3.0870090315121046,1.263545,3.38498,2.0,2.0,tail_2_3,True,True
6451,63921617641,2026-08-05 12:54:01.660,-1,7766.0,1,False,5.778129872005666,4.116213688988984,1.4422502443009013,1.080718,4.394593,1.0,3.0,tail_2_3,True,True
6453,63921617681,2026-08-05 12:54:41.052,-1,7765.75,1,False,5.778129872005666,4.116213688988984,-0.04881599232289729,0.894176,3.367327,4.0,0.0,no_tail,True,True
6457,63921617703,2026-08-05 12:55:03.352,-1,7766.0,1,False,3.0870090315121046,-0.041787714421531154,-2.0019397972734936,0.468712,4.16963,4.0,0.0,no_tail,True,True
6459,63921617745,2026-08-05 12:55:45.216,-1,7765.5,1,False,1.4422502443009013,-2.722325683342298,2.6432020615801473,0.506059,2.274233,3.0,1.0,tail_1,True,True
6515,63921618206,2026-08-05 13:03:26.732,-1,7752.75,3,True,30.874302704835102,14.76067857976983,4.979036917727068,8.635711,3.577454,1.0,3.0,tail_2_3,True,True
6568,63921619047,2026-08-05 13:17:27.732,1,7756.25,4,True,41.67705314509333,55.78900332629481,9.714262015488286,5.549007,0.946355,2.0,2.0,tail_2_3,True,True
6570,63921619260,2026-08-05 13:21:00.188,1,7756.25,1,True,38.009523354756816,49.252511304300135,7.628417697844201,4.935776,1.182698,2.0,2.0,tail_2_3,True,True
6572,63921619304,2026-08-05 13:21:44.688,1,7756.75,1,True,34.28340169766102,41.99510419564576,8.575812421260812,4.480177,-0.5207,4.0,0.0,no_tail,True,True
6601,63921625281,2026-08-05 15:01:21.564,1,7758.5,3,True,18.5809286616739,13.292295257719882,0.3379647850255267,3.593569,2.888424,4.0,0.0,no_tail,True,True
6607,63921625530,2026-08-05 15:05:30.068,1,7758.75,3,True,17.027801005331664,18.52538263842181,3.265375255049795,3.026655,2.978367,3.0,1.0,tail_1,True,True
6609,63921625565,2026-08-05 15:06:05.760,1,7758.5,1,False,17.027801005331664,18.52538263842181,3.0732977467235982,2.640126,4.056924,0.0,4.0,tail_ge4,True,True
6611,63921625648,2026-08-05 15:07:28.044,1,7758.5,1,False,17.027801005331664,18.52538263842181,-0.7582462748153498,2.163254,3.978729,4.0,0.0,no_tail,True,True
6617,63921625939,2026-08-05 15:12:19.084,1,7758.5,1,False,5.931369878590117,2.0252876140059404,-1.7559858148903043,1.347688,4.068564,4.0,0.0,no_tail,True,True
6619,63921626131,2026-08-05 15:15:31.652,1,7758.5,1,False,5.931369878590117,2.0252876140059404,-0.06485879470620948,1.104364,4.027152,3.0,1.0,tail_1,True,True
6685,63921632580,2026-08-05 17:03:00.424,-1,7761.5,3,True,33.814122884522696,48.54548285279198,11.5230160185581,3.796952,1.470915,1.0,3.0,tail_2_3,True,True
6687,63921632635,2026-08-05 17:03:55.832,-1,7761.0,1,True,33.814122884522696,48.54548285279198,7.941211537868728,3.494168,-0.254646,4.0,0.0,no_tail,True,False
6690,63921632675,2026-08-05 17:04:35.296,-1,7762.25,2,True,32.76257753942343,46.16551185081141,0.5217591423700575,2.744014,4.772676,1.0,3.0,tail_2_3,True,True
6693,63921632773,2026-08-05 17:06:13.500,-1,7761.0,1,True,11.5230160185581,5.031651020448749,9.055711392214773,2.594656,0.25082,3.0,1.0,tail_1,True,True
6695,63921632796,2026-08-05 17:06:36.292,-1,7761.25,1,True,9.055711392214773,6.254426727779581,8.427110222835031,2.447781,1.50143,1.0,3.0,tail_2_3,True,True
6698,63921632941,2026-08-05 17:09:01.808,-1,7762.0,2,True,9.055711392214773,6.254426727779581,0.30091466727597416,1.915269,4.517182,3.0,1.0,tail_1,True,True
6700,63921632998,2026-08-05 17:09:58.504,-1,7761.5,1,False,9.055711392214773,6.254426727779581,1.8630602180856346,1.703765,2.595061,3.0,1.0,tail_1,True,True
6721,63921633650,2026-08-05 17:20:50.560,-1,7760.25,4,True,24.54232404079904,31.97466409960471,0.3722645397132851,3.158037,4.1547,4.0,0.0,no_tail,True,False
6742,63921635189,2026-08-05 17:46:29.412,-1,7760.25,1,False,10.193613822262112,12.534364605894606,-1.8181103536689025,0.898258,4.74733,3.0,1.0,tail_1,True,True
6745,63921635392,2026-08-05 17:49:52.728,-1,7760.0,1,False,5.6061938037376375,3.224787531928079,3.3649649119557186,0.862126,3.923722,1.0,3.0,tail_2_3,True,True
6849,63921645997,2026-08-05 20:46:37.488,1,7762.25,1,False,0.8815214986037351,-11.329250132104608,2.343693606634316,2.332596,3.69089,2.0,2.0,tail_2_3,True,True
6864,63921647574,2026-08-05 21:12:54.008,1,7763.0,1,False,7.300134099205007,12.791150165379642,9.218572675561939,0.770336,0.515377,2.0,2.0,tail_2_3,True,True
6866,63921647766,2026-08-05 21:16:06.256,1,7762.25,1,True,9.218572675561939,16.112313572709482,4.944234198291933,0.729971,3.591857,1.0,3.0,tail_2_3,True,True
6868,63921648057,2026-08-05 21:20:57.284,1,7762.75,1,True,9.218572675561939,16.112313572709482,4.65331275900351,0.80743,1.778565,2.0,2.0,tail_2_3,True,True
6876,63921648967,2026-08-05 21:36:07.468,1,7763.25,3,True,21.143347006437427,34.19082901038788,5.215354008307047,1.910261,1.840038,4.0,0.0,no_tail,True,False
6886,63921650506,2026-08-05 22:01:46.532,1,7762.75,2,False,4.923760300125445,7.22533653053024,0.1800609436592126,0.556618,3.273326,4.0,0.0,no_tail,True,True
6888,63921650555,2026-08-05 22:02:35.916,1,7763.25,1,False,4.923760300125445,7.22533653053024,3.9343029171226704,0.613293,1.409171,4.0,0.0,no_tail,True,True
6894,63921651393,2026-08-05 22:16:33.600,1,7764.0,2,True,15.302645217914842,26.1221620008329,12.217679639601268,1.599514,-0.120378,2.0,2.0,tail_2_3,True,False
6897,63921651574,2026-08-05 22:19:34.004,1,7762.75,2,True,15.302645217914842,26.1221620008329,0.8948873011877105,1.28124,4.926481,2.0,2.0,tail_2_3,True,True
6920,63921653879,2026-08-05 22:57:59.852,1,7763.75,1,False,5.077814028323633,8.044522463318152,4.6747135340401424,0.294925,1.436556,3.0,1.0,tail_1,True,True
6970,63921657718,2026-08-06 00:01:58.840,-1,7758.75,1,False,8.274403390842348,-3.5523631573131214,0.5476545787545523,1.804765,3.775667,3.0,1.0,tail_1,True,False
6972,63921657796,2026-08-06 00:03:16.656,-1,7759.0,1,False,0.5476545787545523,-8.503119681864966,0.5642305967859752,1.508839,4.755239,1.0,3.0,tail_2_3,True,False
6989,63921659240,2026-08-06 00:27:20.640,1,7761.0,4,True,30.980380647579324,47.66553950836304,2.504216009749612,2.719658,3.291673,3.0,1.0,tail_1,True,True
7008,63921661254,2026-08-06 01:00:54.344,-1,7758.0,1,True,27.573683590682446,44.10888020907457,11.8374611547936,2.378138,0.042837,2.0,2.0,tail_2_3,True,True
7025,63921661619,2026-08-06 01:06:59.500,-1,7755.75,2,True,46.1953235734304,59.1055056466845,11.785127711653237,6.266143,1.691854,-0.0,4.0,tail_ge4,True,True
7028,63921661729,2026-08-06 01:08:49.800,-1,7756.25,2,True,38.943433618140304,47.86094826256871,-0.7442685080408836,4.845735,3.652886,4.0,0.0,no_tail,True,True
7040,63921662260,2026-08-06 01:17:40.536,-1,7754.5,3,True,29.452374551159313,37.18138398789244,9.90467391067228,4.700128,1.185932,2.0,2.0,tail_2_3,True,True
7042,63921662485,2026-08-06 01:21:25.688,-1,7755.25,1,True,29.452374551159313,36.9131429162131,4.876513874146835,4.076555,-0.713793,-1.0,0.0,no_tail,True,True
7094,63921666399,2026-08-06 02:26:39.356,1,7760.75,1,False,11.66032546913009,21.823073233012526,11.933658424268836,0.78978,-0.651678,3.0,1.0,tail_1,True,True
7096,63921666569,2026-08-06 02:29:29.336,1,7760.75,1,True,11.933658424268836,21.823073233012526,11.81550550135198,1.066068,-0.254779,1.0,3.0,tail_2_3,True,True
7099,63921666899,2026-08-06 02:34:59.512,1,7759.75,2,True,11.933658424268836,21.823073233012526,1.2708411271207787,0.89408,3.811773,2.0,2.0,tail_2_3,True,True
7207,63921675366,2026-08-06 04:56:06.940,-1,7758.0,4,True,30.84683142164722,48.6188690915423,5.8319662175571985,2.106808,2.237692,3.0,1.0,tail_1,True,False
7221,63921676084,2026-08-06 05:08:04.788,-1,7757.25,1,True,19.264248421344487,32.93382102753208,7.801258246918426,1.604377,0.123989,4.0,0.0,no_tail,True,True
7223,63921676123,2026-08-06 05:08:43.416,-1,7757.0,1,True,19.264248421344487,32.93382102753208,10.16356630642991,1.700907,-0.537217,3.0,1.0,tail_1,True,True
7248,63921677411,2026-08-06 05:30:11.592,-1,7756.75,2,False,2.0516866219570202,2.137668041838996,2.718971904256481,0.489854,2.229979,4.0,0.0,no_tail,True,True
7267,63921678319,2026-08-06 05:45:19.872,1,7759.0,2,True,24.721847360368642,39.231179654745354,5.5772125542258815,2.268345,2.676526,2.0,2.0,tail_2_3,True,False
7316,63921680700,2026-08-06 06:25:00.104,-1,7751.25,1,False,10.584670148142024,-1.886717123484186,10.267228450782392,4.020932,-0.59424,4.0,0.0,no_tail,True,True
7324,63921680880,2026-08-06 06:28:00.048,-1,7750.75,3,True,23.436924879569812,28.485851187039295,10.471984581641133,3.975262,-0.014817,2.0,2.0,tail_2_3,True,False
7326,63921680900,2026-08-06 06:28:20.140,-1,7751.0,1,True,23.436924879569812,28.485851187039295,8.30731798230654,3.60078,1.21854,2.0,2.0,tail_2_3,True,False
7328,63921680993,2026-08-06 06:29:53.232,-1,7751.75,1,True,23.436924879569812,28.485851187039295,3.3718927998883075,3.071721,4.240952,1.0,3.0,tail_2_3,True,True
7343,63921681020,2026-08-06 06:30:20.232,1,7754.25,2,True,33.33003977584321,54.70895224426283,11.222493069875613,2.097265,0.639015,1.0,3.0,tail_2_3,True,True
7363,63921681100,2026-08-06 06:31:40.204,-1,7751.75,2,True,19.22563866468626,34.96740253053728,9.540573475332351,1.162399,1.019722,2.0,2.0,tail_2_3,True,True
7394,63921681284,2026-08-06 06:34:44.284,-1,7746.5,2,True,31.703348817182217,29.28835746773044,10.580683993574606,6.88969,0.246016,3.0,1.0,tail_1,True,False
7410,63921681331,2026-08-06 06:35:31.860,-1,7747.25,1,False,2.3147116941710184,-1.4451513877402553,3.7177768040445054,1.227288,1.818538,4.0,0.0,no_tail,True,True
7412,63921681338,2026-08-06 06:35:38.156,-1,7747.5,1,False,3.7177768040445054,1.7254562634137718,3.520399598089114,1.098343,2.873245,3.0,1.0,tail_1,True,True
7485,63921681689,2026-08-06 06:41:29.608,1,7752.5,1,True,20.55905907509119,41.13257605682713,12.494174840987696,0.549852,-0.239341,2.0,2.0,tail_2_3,True,True
7487,63921681701,2026-08-06 06:41:41.364,1,7752.75,1,True,20.55905907509119,41.13257605682713,10.257686371346308,0.800304,-0.910287,4.0,0.0,no_tail,True,True
7503,63921681768,2026-08-06 06:42:48.804,1,7752.75,2,True,21.978674476547855,31.15357727699738,2.947442363805883,2.944323,4.402715,2.0,2.0,tail_2_3,True,True
7506,63921681781,2026-08-06 06:43:01.568,1,7753.75,1,True,20.508611580088253,27.014912374580664,6.334129501683954,2.615018,0.735728,4.0,0.0,no_tail,True,True
7526,63921681880,2026-08-06 06:44:40.436,1,7755.0,5,True,31.946454754046542,41.36985624439273,0.4676759628620857,4.166473,3.808514,3.0,1.0,tail_1,True,True
7529,63921681892,2026-08-06 06:44:52.368,1,7755.25,1,True,31.946454754046542,41.36985624439273,4.666669424066219,3.47272,3.053403,2.0,2.0,tail_2_3,True,True
7542,63921681976,2026-08-06 06:46:16.292,1,7757.25,1,True,25.45637893213805,33.454228686524495,13.415382412075022,4.104249,-0.304469,1.0,3.0,tail_2_3,True,True
7577,63921682301,2026-08-06 06:51:41.116,1,7761.75,3,True,33.96378751488902,32.93043061875051,7.572874874701309,6.317894,1.846092,2.0,2.0,tail_2_3,True,True
7589,63921682401,2026-08-06 06:53:21.380,1,7762.5,2,True,27.516809860238716,29.90980900017187,4.171690363529641,4.368789,2.28453,3.0,1.0,tail_1,True,True
7608,63921682542,2026-08-06 06:55:42.968,-1,7760.5,3,True,24.901482720481702,44.789912838478685,6.359710700146908,0.867021,2.031615,2.0,2.0,tail_2_3,True,True
7611,63921682564,2026-08-06 06:56:04.768,-1,7760.5,2,True,24.901482720481702,44.789912838478685,4.959854173400203,0.924528,2.291965,2.0,2.0,tail_2_3,True,False
7623,63921682638,2026-08-06 06:57:18.976,-1,7759.25,2,True,26.052899285231792,42.004976614838775,12.190165962039432,2.390604,-0.095481,1.0,3.0,tail_2_3,True,True
7625,63921682647,2026-08-06 06:57:27.444,-1,7760.0,1,True,26.052899285231792,42.004976614838775,6.304243829124714,2.148222,3.02797,1.0,3.0,tail_2_3,True,True
7661,63921682867,2026-08-06 07:01:07.572,-1,7759.5,2,True,19.96446353239941,35.49580732421527,-0.17624126191246198,0.93087,4.713058,3.0,1.0,tail_1,True,True
7689,63921683076,2026-08-06 07:04:36.584,-1,7758.75,1,True,15.278335323936206,30.230552840551148,9.244176028902658,0.713114,1.798034,1.0,3.0,tail_2_3,True,False
7697,63921683152,2026-08-06 07:05:52.548,1,7760.5,3,True,20.245453743586754,37.400371316713354,6.364388992340074,0.792809,2.66983,2.0,2.0,tail_2_3,True,True
7699,63921683170,2026-08-06 07:06:10.124,1,7760.25,1,True,20.245453743586754,37.400371316713354,1.6107328554481661,0.6653,3.659078,3.0,1.0,tail_1,True,True
7701,63921683193,2026-08-06 07:06:33.032,1,7760.25,1,True,20.245453743586754,37.400371316713354,0.8556297577996879,0.5582,3.649153,3.0,1.0,tail_1,True,True
7703,63921683205,2026-08-06 07:06:45.392,1,7760.25,1,True,18.844430955546372,34.08762679147476,1.597221645855307,0.504235,3.677669,2.0,2.0,tail_2_3,True,True
7766,63921684132,2026-08-06 07:22:12.788,1,7766.5,1,True,26.176208739736698,38.228729943445806,10.90469699370642,3.452971,-0.211912,3.0,1.0,tail_1,True,True
7826,63921684604,2026-08-06 07:30:04.172,-1,7755.0,5,True,34.44960300296077,37.96501113959255,6.304847614296826,6.20921,0.747905,4.0,0.0,no_tail,True,False
7828,63921684619,2026-08-06 07:30:19.748,-1,7756.0,1,True,34.44960300296077,37.96501113959255,4.395796066185403,5.310735,-0.195032,-1.0,0.0,no_tail,True,False
7833,63921684646,2026-08-06 07:30:46.444,-1,7756.25,1,False,8.856234630287263,-15.805049490192673,-6.304772141210038,2.813797,4.986391,4.0,0.0,no_tail,True,True
7835,63921684662,2026-08-06 07:31:02.512,-1,7755.25,1,False,4.574528527878083,-18.634037715022615,3.0236294880393033,2.545779,1.1443,4.0,0.0,no_tail,True,True
7849,63921684774,2026-08-06 07:32:54.076,-1,7754.25,1,True,19.369498569516097,25.298852563237016,9.385968737871154,3.143108,1.084979,2.0,2.0,tail_2_3,True,True
7852,63921684806,2026-08-06 07:33:26.160,-1,7753.75,1,True,19.366914864150758,24.229079426042144,10.52545772797483,2.984257,-0.357625,2.0,2.0,tail_2_3,True,False
7854,63921684817,2026-08-06 07:33:37.644,-1,7753.75,1,True,17.305920004906444,19.833968362599467,9.789280883464096,2.829073,-0.058692,3.0,1.0,tail_1,True,False
7856,63921684827,2026-08-06 07:33:47.308,-1,7754.5,1,True,10.52545772797483,7.5673198031720545,6.22256899362125,2.51652,3.061931,1.0,3.0,tail_2_3,True,False
7859,63921684846,2026-08-06 07:34:06.720,-1,7755.0,2,True,10.52545772797483,7.5673198031720545,-2.3195166725077128,1.840705,4.940416,4.0,0.0,no_tail,True,False
7905,63921685274,2026-08-06 07:41:14.064,-1,7750.5,2,True,34.12010090713813,39.718943643990976,11.458089947140946,5.92087,-0.781191,4.0,0.0,no_tail,True,True
7957,63921685981,2026-08-06 07:53:01.608,-1,7749.0,1,True,18.855309704476515,18.079237036160617,12.08845457910397,3.858161,1.574797,-1.0,5.0,tail_ge4,True,False
8023,63921686766,2026-08-06 08:06:06.124,-1,7754.25,1,True,32.23443770047935,56.12570230663768,13.098299324323222,1.291952,0.81934,-1.0,5.0,tail_ge4,True,False
8026,63921686830,2026-08-06 08:07:10.988,-1,7755.0,2,True,21.598084328548904,40.03518585140684,2.4921686313332727,1.124976,3.94991,2.0,2.0,tail_2_3,True,False
8035,63921686979,2026-08-06 08:09:39.344,-1,7754.75,1,False,3.3986898525712466,7.936790254083726,5.499183567454421,0.054364,2.055595,3.0,1.0,tail_1,True,False
8040,63921687062,2026-08-06 08:11:02.776,1,7757.0,1,True,9.30615940240286,17.79697649286132,11.125586593175568,0.652537,-0.306028,3.0,1.0,tail_1,True,False
8043,63921687121,2026-08-06 08:12:01.856,1,7755.75,2,True,11.125586593175568,20.57238558814655,-0.806365754871068,0.464986,4.651748,3.0,1.0,tail_1,True,False
8113,63921687849,2026-08-06 08:24:09.696,-1,7741.25,3,True,43.53930945019403,47.550810194470586,5.340338113716936,7.837114,2.77467,2.0,2.0,tail_2_3,True,True
8131,63921688035,2026-08-06 08:27:15.248,-1,7739.5,1,False,14.818025988434577,0.630380926558588,10.60733020481986,3.827178,0.260842,1.0,3.0,tail_2_3,True,False
8152,63921688256,2026-08-06 08:30:56.120,1,7742.5,1,True,18.19872778633616,36.303583809574114,7.819479253363182,0.712975,-0.203703,4.0,0.0,no_tail,True,True
8191,63921688711,2026-08-06 08:38:31.572,-1,7736.75,2,True,35.21627924601727,44.3667062609816,5.940817040464155,4.609114,1.859353,4.0,0.0,no_tail,True,True
8195,63921688759,2026-08-06 08:39:19.760,-1,7737.0,2,True,15.814880097638186,4.781470093816682,5.273686190944542,3.816192,3.455507,1.0,3.0,tail_2_3,True,True
8302,63921689882,2026-08-06 08:58:02.624,-1,7734.25,4,True,22.95039044083968,11.83731479545696,-1.0830667890819923,4.999093,4.125214,3.0,1.0,tail_1,True,True
8305,63921689913,2026-08-06 08:58:33.080,-1,7733.0,1,False,20.991941244873225,11.83731479545696,9.043567181234026,4.353292,-0.397296,4.0,0.0,no_tail,True,True
8307,63921689928,2026-08-06 08:58:48.568,-1,7733.25,1,False,18.90694739623051,7.940986729117132,9.147325231746397,3.950083,0.865472,2.0,2.0,tail_2_3,True,True
8331,63921690192,2026-08-06 09:03:12.040,-1,7730.75,1,True,32.65721819266678,40.57767504965349,8.99610005343766,4.13134,-0.057251,4.0,0.0,no_tail,True,True
8333,63921690227,2026-08-06 09:03:47.548,-1,7731.0,1,True,19.848027862504043,14.792962543624023,9.103609685346132,3.772061,1.217047,1.0,3.0,tail_2_3,True,True
8342,63921690325,2026-08-06 09:05:25.388,-1,7730.0,1,True,27.00345159918998,35.794167094262654,10.8265965068913,3.864371,0.154502,2.0,2.0,tail_2_3,True,False
8362,63921690566,2026-08-06 09:09:26.016,1,7732.75,2,True,21.520375535282582,39.80827609806348,7.128175528234479,0.809737,1.058391,3.0,1.0,tail_1,True,True
8389,63921691052,2026-08-06 09:17:32.044,-1,7728.5,4,True,37.46443789601705,52.27906036232512,13.676036217716561,4.273795,-0.75087,2.0,2.0,tail_2_3,True,False
8392,63921691094,2026-08-06 09:18:14.308,-1,7729.5,2,True,37.46443789601705,52.27906036232512,3.0310952547696757,3.477096,3.407987,2.0,2.0,tail_2_3,True,True
8403,63921691257,2026-08-06 09:20:57.336,-1,7730.0,1,False,4.330553124578125,5.417045611156067,4.905636056781395,0.773909,-0.72584,-1.0,0.0,no_tail,True,False
8408,63921691315,2026-08-06 09:21:55.232,1,7731.75,1,False,9.48907880097233,21.72029339552234,12.73229016521382,0.102912,-0.649042,1.0,3.0,tail_2_3,True,True
8411,63921691352,2026-08-06 09:22:32.048,1,7732.0,1,True,14.565629010066125,27.494813317636634,14.720167219269952,0.831196,-0.860876,0.0,4.0,tail_ge4,True,False
8414,63921691417,2026-08-06 09:23:37.152,1,7731.0,2,True,14.720167219269952,27.494813317636634,1.1407991808338176,0.704934,3.198866,4.0,0.0,no_tail,True,False
8421,63921691494,2026-08-06 09:24:54.436,1,7731.75,1,False,4.297661544442457,5.24740018052699,8.04736857765694,0.377199,0.034057,3.0,1.0,tail_1,True,True
8425,63921691585,2026-08-06 09:26:25.612,1,7730.75,3,True,8.469789829155367,15.977688219450195,-1.8187208932642918,0.308676,4.094326,4.0,0.0,no_tail,True,True
8429,63921691668,2026-08-06 09:27:48.752,1,7731.5,1,True,8.469789829155367,15.977688219450195,5.3803223222132734,0.552543,1.451602,4.0,0.0,no_tail,True,True
8466,63921692179,2026-08-06 09:36:19.460,1,7733.25,1,False,3.9235818820582273,-1.162868232865128,4.515315078232318,1.716997,4.422471,0.0,4.0,tail_ge4,True,True
8488,63921692603,2026-08-06 09:43:23.808,1,7734.25,1,False,9.26471556235227,1.748735136122733,-0.8738074772747235,1.051375,4.039265,3.0,1.0,tail_1,True,False
8517,63921693174,2026-08-06 09:52:54.096,1,7734.5,1,True,15.44164309437437,31.597446283811628,12.945581247201462,0.403074,-0.434168,2.0,2.0,tail_2_3,True,True
8522,63921693285,2026-08-06 09:54:45.972,1,7733.75,3,True,18.14866089542724,32.23640542598114,1.4253776588008045,0.922181,3.402048,4.0,0.0,no_tail,True,True
8546,63921693863,2026-08-06 10:04:23.308,1,7737.75,2,True,41.153804854721116,53.73771103635838,9.36380728249268,5.329702,-0.852341,4.0,0.0,no_tail,True,True
8569,63921694415,2026-08-06 10:13:35.112,-1,7734.25,3,True,25.837936538714395,42.344498119015924,12.759616238046707,2.121356,0.299422,1.0,3.0,tail_2_3,True,True
8585,63921694796,2026-08-06 10:19:56.584,-1,7733.25,2,True,26.360194017212855,34.00207984020174,5.360255144863604,3.399312,2.126238,2.0,2.0,tail_2_3,True,True
8588,63921694864,2026-08-06 10:21:04.004,-1,7732.75,1,True,14.792891129496363,10.375109919452003,9.012718693868795,3.102589,0.602074,2.0,2.0,tail_2_3,True,True
8601,63921695183,2026-08-06 10:26:23.364,-1,7731.25,2,True,29.032201990604086,39.27492675746016,10.033764441556102,4.389892,0.144868,4.0,0.0,no_tail,True,True
8603,63921695236,2026-08-06 10:27:16.044,-1,7731.0,1,True,25.977442920014685,32.744530521285135,10.813846043983148,4.092887,-0.480266,2.0,2.0,tail_2_3,True,True
8615,63921695510,2026-08-06 10:31:50.848,-1,7730.0,3,True,32.36799442828504,43.08930331884538,8.125920482555538,4.041182,-0.332026,4.0,0.0,no_tail,True,False
8618,63921695553,2026-08-06 10:32:33.620,-1,7730.75,2,True,21.333561751073322,21.710007315492643,2.1576552582251507,3.255499,2.781,4.0,0.0,no_tail,True,True
8629,63921695883,2026-08-06 10:38:03.936,-1,7730.25,1,False,6.122818829452779,-1.9161728860281233,5.320419788171833,1.792171,1.47642,4.0,0.0,no_tail,True,True
8631,63921695924,2026-08-06 10:38:44.068,-1,7731.0,1,False,5.320419788171833,2.1764976873278554,2.7938176771156744,1.521133,4.479002,1.0,3.0,tail_2_3,True,True
8696,63921698168,2026-08-06 11:16:08.356,1,7737.25,4,True,38.94204721343972,48.22617589383544,12.003331403020663,6.264269,1.598292,0.0,4.0,tail_ge4,True,True
8698,63921698173,2026-08-06 11:16:13.388,1,7737.25,1,True,38.94204721343972,48.22617589383544,4.757951580039444,5.419322,1.70915,4.0,0.0,no_tail,True,True
8727,63921698854,2026-08-06 11:27:34.856,1,7743.0,4,True,33.80557886551593,31.706666478341667,10.895636487734265,7.30707,-0.541184,4.0,0.0,no_tail,True,True
8733,63921699093,2026-08-06 11:31:33.676,1,7743.5,1,True,22.529977368925437,13.303220515516994,14.737459625818797,6.061041,-0.561446,1.0,3.0,tail_2_3,True,False
8758,63921700123,2026-08-06 11:48:43.908,-1,7740.25,1,True,37.93779319349768,54.984059233167486,-2.665080231377755,2.334895,4.7625,4.0,0.0,no_tail,True,True
8762,63921700298,2026-08-06 11:51:38.356,-1,7739.0,1,True,14.327283970293417,13.160825833685886,10.099974259950338,2.315755,0.463056,2.0,2.0,tail_2_3,True,True
8767,63921700628,2026-08-06 11:57:08.044,-1,7739.5,3,True,13.567367583550105,16.851910484829602,1.4372113986974793,2.01346,3.077112,4.0,0.0,no_tail,True,False
8769,63921700759,2026-08-06 11:59:19.716,-1,7739.5,1,True,13.567367583550105,16.851910484829602,2.1629952654849625,1.743924,3.111936,3.0,1.0,tail_1,True,False
8833,63921702750,2026-08-06 12:32:30.052,-1,7738.75,5,True,30.738143374133553,38.9865699038875,4.054952383132458,4.347218,3.959308,1.0,3.0,tail_2_3,True,True
8868,63921703800,2026-08-06 12:50:00.032,-1,7733.25,4,True,37.70454920978079,44.695798141702525,15.276558063801966,6.779421,-0.465562,-0.0,4.0,tail_ge4,True,True
8938,63921704390,2026-08-06 12:59:50.604,1,7734.75,1,False,1.3319250954276183,-12.250221589387735,0.5577376976849232,0.917213,4.424737,2.0,2.0,tail_2_3,True,True
8944,63921704401,2026-08-06 13:00:01.152,1,7736.5,2,True,21.095018485613327,34.68654023896997,15.57308281391462,1.962119,-0.942792,2.0,2.0,tail_2_3,True,True
8958,63921704488,2026-08-06 13:01:28.384,1,7737.5,1,True,28.54701601316337,42.08704359300004,13.532638995798928,3.241985,-0.688562,2.0,2.0,tail_2_3,True,True
8975,63921705300,2026-08-06 13:15:00.272,1,7739.0,2,True,23.323064318475108,26.213359886075324,12.572940813372872,4.519878,0.379957,1.0,3.0,tail_2_3,True,False
8977,63921705346,2026-08-06 13:15:46.300,1,7738.5,1,True,23.323064318475108,26.213359886075324,6.698888439842145,3.990677,2.543743,1.0,3.0,tail_2_3,True,False
9020,63921711845,2026-08-06 15:04:05.272,-1,7732.75,2,True,21.074733735299958,21.33555023558314,9.192444495416952,4.318812,3.446412,-1.0,5.0,tail_ge4,True,False
9048,63921714625,2026-08-06 15:50:25.796,1,7736.5,1,False,25.40940102115544,32.382870304709456,4.966223271640713,2.424931,0.662754,4.0,0.0,no_tail,True,True
9077,63921718828,2026-08-06 17:00:28.828,1,7739.25,2,True,25.967811094364272,33.50716180115302,9.65918223623652,3.917084,-0.323793,3.0,1.0,tail_1,True,True
9079,63921718899,2026-08-06 17:01:39.652,1,7739.0,1,True,25.967811094364272,33.50716180115302,9.686872848355266,3.61116,0.971001,1.0,3.0,tail_2_3,True,True
9145,63921721225,2026-08-06 17:40:25.364,-1,7733.5,2,False,14.77789312647334,25.51259205360009,10.186953531165194,1.277138,0.413136,3.0,1.0,tail_1,True,True
9155,63921721597,2026-08-06 17:46:37.732,-1,7734.0,1,False,23.011578627994908,36.420450381736885,0.6933978671088707,1.00055,3.382641,4.0,0.0,no_tail,True,True
9178,63921722513,2026-08-06 18:01:53.368,1,7736.0,2,True,21.363847152619435,36.787670061657316,13.652016500988683,1.753261,0.245948,0.0,4.0,tail_ge4,True,False
9184,63921722834,2026-08-06 18:07:14.008,1,7735.75,2,True,21.25112485198587,35.549852587241716,4.456851293238189,1.797016,2.166786,3.0,1.0,tail_1,True,True
9242,63921725414,2026-08-06 18:50:14.868,-1,7732.0,3,True,13.660817085540637,21.339261929064982,5.766786636338758,1.578978,1.30447,3.0,1.0,tail_1,True,True
9247,63921725825,2026-08-06 18:57:05.540,-1,7731.5,1,True,13.660817085540637,21.339261929064982,11.853706068472661,1.9697,0.369014,1.0,3.0,tail_2_3,True,False
9295,63921731401,2026-08-06 20:30:01.452,-1,7730.5,3,True,16.304057256761485,25.647338571828836,7.535713230073912,1.809448,1.874668,1.0,3.0,tail_2_3,True,True
9298,63921731676,2026-08-06 20:34:36.644,-1,7731.25,2,True,16.304057256761485,25.647338571828836,-2.577715429052126,1.28328,4.739609,3.0,1.0,tail_1,True,True
9300,63921731971,2026-08-06 20:39:31.560,-1,7731.0,1,False,16.304057256761485,25.647338571828836,1.3341393332268565,1.146926,3.798847,1.0,3.0,tail_2_3,True,True
9305,63921732705,2026-08-06 20:51:45.808,-1,7730.0,2,True,13.15669702346016,20.439619612286695,7.199696678319175,1.525019,0.6954,4.0,0.0,no_tail,True,True
9308,63921733981,2026-08-06 21:13:01.640,-1,7729.5,2,True,13.15669702346016,20.439619612286695,9.274537968730458,1.663074,-0.814701,4.0,0.0,no_tail,True,True
9320,63921735006,2026-08-06 21:30:06.188,-1,7730.0,1,False,31.833995437638045,47.083990177008054,1.672561505585941,1.785008,3.6467,2.0,2.0,tail_2_3,True,False
9331,63921736330,2026-08-06 21:52:10.792,-1,7729.75,1,False,3.9003900503108992,8.290936181281555,5.236566971924729,0.180509,1.511163,4.0,0.0,no_tail,True,False
9350,63921739314,2026-08-06 22:41:54.588,1,7733.0,3,True,25.758672489197313,35.08128869641811,2.923136463396803,3.535106,2.786134,4.0,0.0,no_tail,True,True
9352,63921739830,2026-08-06 22:50:30.316,1,7733.5,1,True,24.872690550449317,32.7618752473746,5.022781513371909,3.171656,0.959442,4.0,0.0,no_tail,True,True
9354,63921740663,2026-08-06 23:04:23.652,1,7733.0,1,True,23.79882235385187,29.74099796179753,5.4106856076850685,2.805092,3.07867,1.0,3.0,tail_2_3,True,True
9371,63921743600,2026-08-06 23:53:20.616,1,7735.5,4,True,39.06817239760353,51.145137941212006,4.7599241623824815,5.256604,2.028442,4.0,0.0,no_tail,True,True
9402,63921747230,2026-08-07 00:53:50.488,1,7739.5,2,True,32.83269686710683,37.47916251156208,10.04909731848403,5.626797,0.471525,3.0,1.0,tail_1,True,True
9428,63921749943,2026-08-07 01:39:03.844,1,7743.25,4,True,37.70875710065249,44.08724984744061,9.963599894039671,6.610481,0.507747,3.0,1.0,tail_1,True,True
9459,63921754727,2026-08-07 02:58:47.592,1,7746.25,3,True,27.24194599694589,28.855877686240746,6.747186092975971,4.920461,1.217114,3.0,1.0,tail_1,True,True
9475,63921758330,2026-08-07 03:58:50.504,1,7746.25,2,True,24.02030221987984,32.03728949333684,1.5986720102328646,2.933362,3.984086,3.0,1.0,tail_1,True,True
9517,63921762633,2026-08-07 05:10:33.056,1,7752.5,4,True,34.62135411255538,44.85106533894017,9.620793882897651,4.934076,-0.320651,4.0,0.0,no_tail,True,True
9524,63921763443,2026-08-07 05:24:03.696,1,7753.25,3,True,27.269777507425694,33.01280308058528,10.94196448338512,4.671121,-0.86795,3.0,1.0,tail_1,True,True
9535,63921763786,2026-08-07 05:29:46.388,1,7754.5,4,True,40.674357327993995,52.24279975939396,10.021171137743718,5.643288,-0.169861,4.0,0.0,no_tail,True,False
9537,63921763787,2026-08-07 05:29:47.112,1,7753.25,1,True,40.674357327993995,52.24279975939396,4.986467087386111,4.825431,-0.119122,-1.0,0.0,no_tail,True,False
9595,63921763802,2026-08-07 05:30:02.328,1,7759.25,2,True,20.629549326090164,10.047393737234625,4.604662903325306,4.740991,2.412709,4.0,0.0,no_tail,True,True
9597,63921763802,2026-08-07 05:30:02.648,1,7758.75,1,False,17.1859318515536,5.201564812728708,2.158799548694993,4.021902,4.42019,1.0,3.0,tail_2_3,True,True
9600,63921763803,2026-08-07 05:30:03.188,1,7760.0,1,False,13.946476463491512,0.3200126995186414,9.82399626130288,3.632288,-0.060324,2.0,2.0,tail_2_3,True,True
9602,63921763803,2026-08-07 05:30:03.188,1,7760.25,1,False,9.82399626130288,2.4788247585739995,9.867528540822276,3.395546,-0.745036,4.0,0.0,no_tail,True,True
9645,63921763804,2026-08-07 05:30:04.212,1,7768.5,1,False,30.929816388262328,21.062626754773746,1.3211592618531762,6.21778,2.164521,4.0,0.0,no_tail,True,False
9658,63921763807,2026-08-07 05:30:07.600,1,7767.25,1,False,-5.960843950957319,-17.713343346084418,-2.4955998691265164,0.695657,4.705817,3.0,1.0,tail_1,True,True
9661,63921763808,2026-08-07 05:30:08.628,1,7768.25,1,False,3.564539170084265,3.894382776607087,6.398266335709617,0.867131,1.042229,3.0,1.0,tail_1,True,True
9664,63921763809,2026-08-07 05:30:09.412,1,7768.75,1,True,10.198127861338302,16.42326771449382,11.254021468883204,1.243709,-0.360818,3.0,1.0,tail_1,True,True
9710,63921763843,2026-08-07 05:30:43.408,-1,7768.0,1,True,32.60699314896364,50.488599526915635,0.49517599479662744,1.851,2.503772,4.0,0.0,no_tail,True,True
9713,63921763850,2026-08-07 05:30:50.340,-1,7768.5,2,True,26.011697200312042,39.404791882275724,-0.36737550356736515,1.423208,4.484536,2.0,2.0,tail_2_3,True,True
9744,63921763946,2026-08-07 05:32:26.668,-1,7765.25,3,True,26.491237295208506,37.36197522806047,10.633086257658116,3.431025,0.223737,3.0,1.0,tail_1,True,True
9822,63921764700,2026-08-07 05:45:00.988,1,7773.0,2,True,34.34844080900269,34.81166166366105,8.790365502732264,6.695943,0.349411,4.0,0.0,no_tail,True,True
9849,63921765613,2026-08-07 06:00:13.564,1,7775.25,4,True,31.987965416375097,36.77360516782229,2.0072808600609684,4.772619,2.522732,4.0,0.0,no_tail,True,False
9942,63921767435,2026-08-07 06:30:35.236,-1,7756.75,2,True,28.153314183335304,23.27144415451795,12.514271287723615,6.124885,1.378566,-0.0,4.0,tail_ge4,True,True
9946,63921767442,2026-08-07 06:30:42.152,-1,7757.0,2,True,22.175678078518803,14.385574100357118,2.911783189291734,4.741519,2.79082,4.0,0.0,no_tail,True,True
9952,63921767459,2026-08-07 06:30:59.272,-1,7756.25,3,True,21.748111187981987,23.458207745992624,7.868885403163769,4.167864,1.402209,2.0,2.0,tail_2_3,True,True
9957,63921767470,2026-08-07 06:31:10.584,-1,7756.75,1,False,21.748111187981987,23.458207745992624,-0.6584904987187815,2.664969,3.297587,4.0,0.0,no_tail,True,True
9981,63921767576,2026-08-07 06:32:56.796,1,7759.5,4,True,23.706470053553495,39.44595350938753,7.365439363705579,2.32096,0.306145,4.0,0.0,no_tail,True,True
9997,63921767628,2026-08-07 06:33:48.896,1,7761.0,1,True,21.96454892875026,27.432502209722173,16.84519273460641,3.19497,-0.843,0.0,4.0,tail_ge4,True,True
10002,63921767671,2026-08-07 06:34:31.216,1,7761.25,1,True,16.84519273460641,20.290361404590953,11.500863818098779,3.031661,-0.786383,3.0,1.0,tail_1,True,True
10005,63921767690,2026-08-07 06:34:50.524,1,7760.75,2,True,16.84519273460641,20.143508559354782,4.5986665932215125,2.595273,1.454921,4.0,0.0,no_tail,True,True
10062,63921767980,2026-08-07 06:39:40.564,1,7760.25,2,True,25.360764642899753,42.866981266586684,8.304475575946721,1.992631,0.553406,4.0,0.0,no_tail,True,False
10076,63921768037,2026-08-07 06:40:37.584,-1,7757.75,1,False,13.442846505898508,29.22387111620765,7.047903873194419,0.209938,0.771769,3.0,1.0,tail_1,True,False
10081,63921768054,2026-08-07 06:40:54.676,1,7760.0,1,True,6.666182253982538,13.629507101557662,7.881628632933817,0.34107,0.743632,3.0,1.0,tail_1,True,True
10111,63921768188,2026-08-07 06:43:08.104,1,7761.0,1,False,10.69100302861106,23.296067006360474,13.152495635095086,0.177217,-0.843768,2.0,2.0,tail_2_3,True,True
10139,63921768354,2026-08-07 06:45:54.700,1,7764.5,2,True,40.68569264771822,46.518379018315585,3.679662501871699,5.631632,2.47445,4.0,0.0,no_tail,True,False
10163,63921768460,2026-08-07 06:47:40.004,-1,7761.75,3,True,17.72069122633264,27.227269985395104,2.5842720223221436,1.88459,2.938646,3.0,1.0,tail_1,True,True
10175,63921768510,2026-08-07 06:48:30.112,-1,7761.5,1,False,3.8441160374432943,5.254672613018843,6.664599585743933,0.716999,1.904787,2.0,2.0,tail_2_3,True,True
10178,63921768535,2026-08-07 06:48:55.748,-1,7761.75,2,True,6.664599585743933,10.82866006358251,0.9556813583965942,0.609859,2.954831,4.0,0.0,no_tail,True,True
10206,63921768696,2026-08-07 06:51:36.192,1,7765.0,3,True,27.826107957893615,39.10577511321353,8.00542180083979,3.722028,1.332007,3.0,1.0,tail_1,True,True
10208,63921768717,2026-08-07 06:51:57.420,1,7765.5,1,True,25.686685870871198,34.77936033897328,8.95078229165786,3.47733,-0.345194,3.0,1.0,tail_1,True,True
10227,63921768876,2026-08-07 06:54:36.216,1,7766.5,3,True,19.348894641436008,18.309035324970576,3.2463382675080363,3.631599,2.34601,3.0,1.0,tail_1,True,True
10230,63921768897,2026-08-07 06:54:57.112,1,7767.25,1,True,17.9684316882294,15.522952597614003,11.978186014044772,3.430927,-0.017514,2.0,2.0,tail_2_3,True,True
10238,63921768935,2026-08-07 06:55:35.196,1,7766.75,1,True,16.459669893531963,19.327469198080852,4.810297035968666,2.771349,3.314102,2.0,2.0,tail_2_3,True,False
10287,63921769184,2026-08-07 06:59:44.256,-1,7756.25,3,True,32.02718732566826,21.962709115707106,7.20172691900262,6.929155,1.027682,3.0,1.0,tail_1,True,False
10294,63921769204,2026-08-07 07:00:04.044,-1,7757.25,1,False,11.284955214723073,-14.697082585411174,-2.8534893048284387,3.435489,4.519936,4.0,0.0,no_tail,True,True
10297,63921769212,2026-08-07 07:00:12.220,-1,7757.25,2,False,4.485856574795417,-20.21283235006834,-2.53120743142465,2.551925,4.387317,4.0,0.0,no_tail,True,True
10342,63921769400,2026-08-07 07:03:20.620,1,7760.0,1,True,14.797033069755175,28.39441432369882,12.393791576922283,0.814491,-0.836305,2.0,2.0,tail_2_3,True,False
10344,63921769403,2026-08-07 07:03:23.648,1,7760.0,1,True,14.797033069755175,28.39441432369882,11.523382747535218,1.065223,-0.462887,2.0,2.0,tail_2_3,True,False
10375,63921769558,2026-08-07 07:05:58.248,-1,7755.0,3,True,25.043047400170458,27.408244400702884,5.496761388308309,4.316712,3.029954,2.0,2.0,tail_2_3,True,True
10379,63921769576,2026-08-07 07:06:16.188,-1,7754.5,2,True,21.50814335941919,21.144742547971305,9.25779490069384,3.772483,1.792287,1.0,3.0,tail_2_3,True,False
10381,63921769588,2026-08-07 07:06:28.088,-1,7754.5,1,True,19.41639896584611,16.830076052885552,4.324628292979195,3.295393,1.888228,4.0,0.0,no_tail,True,False
10383,63921769592,2026-08-07 07:06:32.408,-1,7754.5,1,False,11.885458557052637,5.0900169397469455,4.110133581541781,2.884225,1.976792,4.0,0.0,no_tail,True,False
10414,63921769760,2026-08-07 07:09:20.204,-1,7754.25,1,True,7.117719982550468,15.121323070399578,8.313077468740309,0.25293,0.229731,4.0,0.0,no_tail,True,True
10425,63921769832,2026-08-07 07:10:32.052,-1,7753.0,1,True,26.67507542871644,42.31084349020364,12.016779336780592,2.813423,-0.68734,3.0,1.0,tail_1,True,True
10455,63921770039,2026-08-07 07:13:59.760,-1,7748.75,2,True,40.271137542212365,45.58717789693393,16.56696962954712,7.582908,0.254868,-1.0,5.0,tail_ge4,True,True
10473,63921770125,2026-08-07 07:15:25.540,-1,7747.5,4,True,26.547630612712297,27.96651429786706,5.854949380490995,4.982589,1.574914,4.0,0.0,no_tail,True,True
10588,63921771067,2026-08-07 07:31:07.824,1,7775.25,6,True,49.13489647408938,48.99502440458689,14.430436070053354,11.446239,-0.106745,1.0,3.0,tail_2_3,True,False
10590,63921771078,2026-08-07 07:31:18.680,1,7775.25,1,True,48.330997432208235,47.32976913781828,8.538311506432343,9.936129,0.13522,4.0,0.0,no_tail,True,False
10598,63921771133,2026-08-07 07:32:13.812,1,7775.25,1,False,8.803571049625464,-11.499983526135278,10.648065573250923,5.541104,0.563597,1.0,3.0,tail_2_3,True,False
10602,63921771170,2026-08-07 07:32:50.588,1,7775.0,1,False,10.648065573250923,-4.819475629558985,9.209938148742495,4.503061,2.145573,0.0,4.0,tail_ge4,True,True
10617,63921771307,2026-08-07 07:35:07.212,1,7774.25,1,False,-3.0727645229925087,-8.659677066671788,-0.7081397755431063,0.360284,3.638082,4.0,0.0,no_tail,True,True
10619,63921771314,2026-08-07 07:35:14.472,1,7775.0,1,False,-0.6803363067743565,-3.1656896804961043,4.579310726931035,0.495843,0.822774,4.0,0.0,no_tail,True,False
10643,63921771461,2026-08-07 07:37:41.668,-1,7771.75,2,True,31.255406038085727,42.77779895095101,-2.681926654784362,2.985909,4.129236,4.0,0.0,no_tail,True,False
10670,63921771654,2026-08-07 07:40:54.744,-1,7768.75,1,True,39.27955022318093,53.55477642983499,13.726151666452596,4.589639,-0.439551,1.0,3.0,tail_2_3,True,True
10672,63921771664,2026-08-07 07:41:04.280,-1,7769.25,1,True,33.62544224402001,44.00527361332478,7.803657811936929,4.076662,1.749572,2.0,2.0,tail_2_3,True,True
10674,63921771673,2026-08-07 07:41:13.296,-1,7768.75,1,True,22.161722911820974,21.875986823219602,7.325837650979868,3.70954,0.002585,4.0,0.0,no_tail,True,True
10687,63921771750,2026-08-07 07:42:30.532,-1,7769.75,1,False,15.311884341006184,15.31998567001124,-1.8826726011808206,1.23184,4.440717,4.0,0.0,no_tail,True,True
10692,63921771792,2026-08-07 07:43:12.552,-1,7768.5,2,False,10.532842066399498,15.432699408736472,8.306719584339096,1.511438,0.232384,4.0,0.0,no_tail,True,True
10731,63921772117,2026-08-07 07:48:37.652,1,7772.0,4,True,29.055032194071167,40.51989320612002,7.461746366584795,3.617219,0.599074,3.0,1.0,tail_1,True,False
10733,63921772131,2026-08-07 07:48:51.140,1,7772.0,1,True,29.055032194071167,40.51989320612002,7.688447769949275,3.291428,0.824443,3.0,1.0,tail_1,True,False
10735,63921772163,2026-08-07 07:49:23.828,1,7771.25,1,True,29.055032194071167,40.018118934468504,5.682227488308082,2.911959,3.952513,-1.0,5.0,tail_ge4,True,True
10737,63921772179,2026-08-07 07:49:39.104,1,7771.5,1,True,17.027731161999554,16.418698909974218,3.100719962463635,2.585816,3.072274,1.0,3.0,tail_2_3,True,True
10739,63921772210,2026-08-07 07:50:10.652,1,7772.5,1,False,7.688447769949275,-0.6163260257616319,7.289987146408079,2.499641,-0.622634,4.0,0.0,no_tail,True,False
10741,63921772231,2026-08-07 07:50:31.408,1,7772.25,1,True,7.743660445186831,4.36055565204546,9.640397537942853,2.398438,0.657461,2.0,2.0,tail_2_3,True,False
10743,63921772242,2026-08-07 07:50:42.036,1,7772.25,1,True,9.640397537942853,8.539282738755801,7.5594373614721615,2.255372,0.878341,3.0,1.0,tail_1,True,False
10745,63921772273,2026-08-07 07:51:13.996,1,7771.5,1,True,9.640397537942853,8.539282738755801,5.562304633687525,2.030908,-0.997733,-1.0,0.0,no_tail,True,False
10747,63921772284,2026-08-07 07:51:24.380,1,7771.5,1,True,9.640397537942853,8.539282738755801,0.08418653805712985,1.687726,3.965953,3.0,1.0,tail_1,True,False
10762,63921772380,2026-08-07 07:53:00.452,-1,7768.75,2,True,21.002062301929882,34.698986823281324,9.396453540072667,2.124527,-0.546035,4.0,0.0,no_tail,True,False
10764,63921772396,2026-08-07 07:53:16.116,-1,7769.75,1,True,21.002062301929882,34.698986823281324,6.564870985796059,1.916791,3.572845,-0.0,4.0,tail_ge4,True,False
10768,63921772459,2026-08-07 07:54:19.296,-1,7770.0,2,True,14.711948791815098,20.871982378792527,-2.1321752802395806,1.346905,4.556338,3.0,1.0,tail_1,True,True
10810,63921772939,2026-08-07 08:02:19.480,1,7773.75,1,False,19.098172814748246,15.414454739977366,-0.19022128907583627,3.033068,3.105315,4.0,0.0,no_tail,True,True
10816,63921773007,2026-08-07 08:03:27.092,1,7773.75,1,False,0.9047397449249375,-8.188350694095421,3.8594020154428823,1.845629,3.066645,2.0,2.0,tail_2_3,True,True
10818,63921773018,2026-08-07 08:03:38.164,1,7773.75,1,False,3.8594020154428823,-1.4730172542185864,1.4676731689915916,1.566753,3.064596,4.0,0.0,no_tail,True,True
10844,63921773581,2026-08-07 08:13:01.968,1,7776.25,3,True,40.00758783724393,53.30002203224421,3.4353050069307955,4.539253,3.561603,2.0,2.0,tail_2_3,True,True
10851,63921773681,2026-08-07 08:14:41.424,1,7777.25,1,False,9.519026365367012,5.25914204467464,11.32778120033538,2.96169,-0.059181,2.0,2.0,tail_2_3,True,True
10862,63921773894,2026-08-07 08:18:14.636,1,7776.75,4,True,18.131275593073156,22.744600698289343,-2.1621561239683795,2.322143,3.915448,4.0,0.0,no_tail,True,True
10866,63921774009,2026-08-07 08:20:09.056,1,7776.75,2,False,16.059204865075365,18.542002171994067,-2.178786209486026,1.659092,3.922275,4.0,0.0,no_tail,True,True
10870,63921774106,2026-08-07 08:21:46.924,1,7777.5,1,True,9.524301943717179,11.80577070163752,10.610946646123192,1.785959,1.565783,-1.0,5.0,tail_ge4,True,True
10899,63921774857,2026-08-07 08:34:17.116,1,7783.0,4,True,38.72989196470489,42.12400547187448,7.973356651356288,7.368516,0.372077,4.0,0.0,no_tail,True,False
10908,63921775056,2026-08-07 08:37:36.740,1,7782.25,1,False,5.447102384581376,-23.499789189120012,-1.2333494018033901,3.137058,2.893516,4.0,0.0,no_tail,True,True
10911,63921775152,2026-08-07 08:39:12.780,1,7782.75,1,False,5.4097013094933395,-3.447179590396538,6.680501168679466,2.779419,1.2449,3.0,1.0,tail_1,True,True
10913,63921775206,2026-08-07 08:40:06.844,1,7782.75,1,False,6.680501168679466,-0.11940423163084794,5.546033705885114,2.496852,1.382932,4.0,0.0,no_tail,True,True
10926,63921775464,2026-08-07 08:44:24.576,-1,7780.0,3,True,30.70285721068816,50.61449370514891,10.885396715524065,1.862216,1.422914,1.0,3.0,tail_2_3,True,True
10932,63921775540,2026-08-07 08:45:40.224,-1,7779.25,2,True,25.23306412327545,40.78079230259598,9.451915740738698,2.239797,-0.249355,4.0,0.0,no_tail,True,False
10934,63921775571,2026-08-07 08:46:11.084,-1,7779.25,1,True,16.24682683735883,23.26435211587342,8.851535800513155,2.154735,0.003575,4.0,0.0,no_tail,True,False
10937,63921775618,2026-08-07 08:46:58.304,-1,7780.25,2,True,16.24682683735883,23.26435211587342,0.6847665516551219,1.709443,4.039432,3.0,1.0,tail_1,True,True
10941,63921775745,2026-08-07 08:49:05.240,-1,7780.25,2,True,8.851535800513155,8.14882879562611,-0.3347563319775621,1.302275,4.138003,3.0,1.0,tail_1,True,False
10983,63921776945,2026-08-07 09:09:05.072,-1,7779.0,1,False,6.794720865803564,-4.894108829139682,-1.0453409882352265,1.169876,3.456479,4.0,0.0,no_tail,True,True
10990,63921777238,2026-08-07 09:13:58.320,-1,7779.0,1,False,0.49341905502609584,-4.258309460964695,2.0620628726427803,0.446004,3.153455,3.0,1.0,tail_1,True,True
10994,63921777461,2026-08-07 09:17:41.812,-1,7778.5,1,True,11.712120371437239,20.383253685574758,10.542588851291198,0.995177,1.901842,-0.0,4.0,tail_ge4,True,True
10996,63921777542,2026-08-07 09:19:02.280,-1,7778.25,1,True,11.712120371437239,20.383253685574758,6.95985144421361,1.084829,1.141608,2.0,2.0,tail_2_3,True,True
11001,63921777616,2026-08-07 09:20:16.672,-1,7777.75,1,True,15.19704824142389,24.358988926505877,14.104384925291136,1.800883,0.382013,-1.0,5.0,tail_ge4,True,True
11081,63921778396,2026-08-07 09:33:16.648,-1,7762.0,2,True,42.036724771134935,45.66504117255918,12.625109433311806,8.338382,-0.308854,3.0,1.0,tail_1,True,False
11083,63921778421,2026-08-07 09:33:41.284,-1,7762.25,1,True,42.036724771134935,45.66504117255918,8.250013122306356,7.280357,0.909435,3.0,1.0,tail_1,True,False
11140,63921779786,2026-08-07 09:56:26.216,1,7770.25,1,False,1.6259995432098346,-31.59594985288743,-4.616807018949479,2.88526,4.927057,4.0,0.0,no_tail,True,True
11153,63921780150,2026-08-07 10:02:30.600,-1,7768.5,4,True,28.37046580426558,47.75450287764842,6.574446071830138,1.361111,1.622184,2.0,2.0,tail_2_3,True,False
11155,63921780201,2026-08-07 10:03:21.552,-1,7769.25,1,True,28.37046580426558,47.75450287764842,2.466853169594163,1.145103,4.613558,1.0,3.0,tail_2_3,True,True
11158,63921780333,2026-08-07 10:05:33.488,-1,7768.25,1,True,25.012188352434286,42.18706478342433,7.303967272625406,1.263015,0.998082,2.0,2.0,tail_2_3,True,False
11161,63921780412,2026-08-07 10:06:52.076,-1,7769.25,2,True,7.303967272625406,9.50758300172739,-2.153612084941385,0.875936,4.885265,3.0,1.0,tail_1,True,True
11164,63921780551,2026-08-07 10:09:11.984,-1,7769.0,1,True,7.303967272625406,9.50758300172739,0.24896769359465237,0.694949,3.898301,3.0,1.0,tail_1,True,True
11168,63921780689,2026-08-07 10:11:29.356,1,7770.25,1,False,8.359072480735474,18.710006869686108,8.768652642903145,0.030857,1.6781,1.0,3.0,tail_2_3,True,False
11173,63921780945,2026-08-07 10:15:45.048,-1,7768.25,2,False,7.044743593205516,13.423405468294943,6.771067648572369,0.491558,0.887097,3.0,1.0,tail_1,True,False
11176,63921781035,2026-08-07 10:17:15.664,-1,7769.25,2,True,7.044743593205516,13.423405468294943,0.18747112157818369,0.386168,4.896911,2.0,2.0,tail_2_3,True,False
11179,63921781193,2026-08-07 10:19:53.448,1,7770.75,1,False,4.166598993740133,9.998500726388375,8.442434110169184,0.135147,-0.451641,3.0,1.0,tail_1,True,False
11182,63921781332,2026-08-07 10:22:12.912,1,7770.25,2,True,9.578237221442825,19.27738657383829,5.966209403460387,0.402513,1.861885,3.0,1.0,tail_1,True,False
11192,63921781757,2026-08-07 10:29:17.728,-1,7768.75,1,True,22.144946840465707,39.139937155647296,4.7147036724460785,1.196496,4.0069,1.0,3.0,tail_2_3,True,True
11194,63921781848,2026-08-07 10:30:48.948,-1,7768.75,1,True,22.144946840465707,39.139937155647296,0.7933812424769416,1.017047,4.007907,2.0,2.0,tail_2_3,True,True
11202,63921782017,2026-08-07 10:33:37.476,-1,7768.0,4,True,21.64588400848445,34.18534031612749,2.2544560472317907,1.774868,2.741186,4.0,0.0,no_tail,True,True
11205,63921782055,2026-08-07 10:34:15.516,-1,7767.25,1,True,21.64588400848445,34.18534031612749,11.158974432523987,1.942347,0.33297,2.0,2.0,tail_2_3,True,False
11209,63921782236,2026-08-07 10:37:16.476,-1,7767.75,3,True,11.158974432523987,14.202572056836544,1.1886786581396205,1.574289,2.539024,4.0,0.0,no_tail,True,False
11217,63921782728,2026-08-07 10:45:28.212,1,7769.5,1,False,13.9122199714337,30.713417538562037,7.896169948113672,0.171093,1.710894,2.0,2.0,tail_2_3,True,True
11230,63921783388,2026-08-07 10:56:28.220,1,7770.5,1,True,15.186375985635978,24.913171777168834,11.079095628112105,1.018192,-0.606285,3.0,1.0,tail_1,True,False
11234,63921783640,2026-08-07 11:00:40.528,1,7769.75,2,True,13.062565974652767,21.320635288029127,4.201553335460136,1.176013,2.912388,3.0,1.0,tail_1,True,False
11236,63921783814,2026-08-07 11:03:34.688,1,7769.75,1,True,13.062565974652767,21.320635288029127,3.2504503176537476,1.083666,2.997556,2.0,2.0,tail_2_3,True,False
11246,63921784180,2026-08-07 11:09:40.096,-1,7767.75,3,True,16.42706317344061,31.04782854404217,5.050298938671509,0.910395,0.948054,4.0,0.0,no_tail,True,True
11299,63921786746,2026-08-07 11:52:26.904,-1,7761.25,5,True,41.47891203866006,50.62116746648046,5.36282987541861,6.537614,2.112089,3.0,1.0,tail_1,True,True
11379,63921789230,2026-08-07 12:33:50.644,1,7777.25,1,False,21.74026792432304,9.64730282856677,7.903665071746491,5.06426,-0.879112,4.0,0.0,no_tail,True,False
11405,63921790108,2026-08-07 12:48:28.232,-1,7775.25,1,False,9.183213104642093,22.000678449541354,5.83302469419888,0.045438,3.556805,-0.0,4.0,tail_ge4,True,False
11406,63921790118,2026-08-07 12:48:38.856,1,7776.25,1,False,-0.2679895050619667,-2.4210236388017132,-0.381049512876886,0.062475,2.543462,4.0,0.0,no_tail,True,True
11408,63921790200,2026-08-07 12:50:00.120,1,7776.75,1,False,2.6279554937410614,5.297318974499048,6.985593282665048,0.32288,0.810785,2.0,2.0,tail_2_3,True,True
11410,63921790207,2026-08-07 12:50:07.528,1,7776.75,1,True,6.985593282665048,13.782659081866315,7.220524580303975,0.486859,1.019875,3.0,1.0,tail_1,True,True
11417,63921790389,2026-08-07 12:53:09.580,1,7775.75,1,False,10.970461162031796,19.479162343786477,-3.9338467084656736,0.137102,4.965144,4.0,0.0,no_tail,True,True
11421,63921790480,2026-08-07 12:54:40.080,1,7777.5,1,True,14.878197394163596,27.05085614385084,15.716460312355052,1.056663,-0.993219,1.0,3.0,tail_2_3,True,True
11423,63921790500,2026-08-07 12:55:00.220,1,7776.75,1,True,15.716460312355052,27.61520560857545,8.289739283832745,1.088036,2.199262,1.0,3.0,tail_2_3,True,True
11431,63921790563,2026-08-07 12:56:03.968,1,7777.25,4,True,26.98519442868521,41.98721249582434,5.743115624720995,2.288912,2.607716,2.0,2.0,tail_2_3,True,True
11433,63921790603,2026-08-07 12:56:43.456,1,7777.0,1,True,26.98519442868521,41.98721249582434,1.7501852763103574,1.936365,3.60174,3.0,1.0,tail_1,True,True
11455,63921790795,2026-08-07 12:59:55.128,1,7780.25,2,True,41.225793606124554,50.73586226299159,6.197276334498774,4.96767,2.099123,2.0,2.0,tail_2_3,True,False
11462,63921790805,2026-08-07 13:00:05.260,1,7780.5,1,False,7.982497230428615,-8.353538694561461,6.937268558713895,2.896459,1.151017,2.0,2.0,tail_2_3,True,False
11514,63921970916,2026-08-09 15:01:56.680,-1,7775.75,2,True,25.384526538119356,40.82762789942343,10.398613653226647,2.338197,-0.009809,4.0,0.0,no_tail,True,True
11561,63921972530,2026-08-09 15:28:50.064,-1,7769.25,3,True,47.52925976718866,56.35803552218611,12.365585824597051,7.995476,1.775753,-1.0,5.0,tail_ge4,True,True
11564,63921972680,2026-08-09 15:31:20.140,-1,7769.5,1,True,37.71602415043267,37.68474658342568,4.7370111634265495,6.457864,3.024347,2.0,2.0,tail_2_3,True,True
11569,63921973515,2026-08-09 15:45:15.860,-1,7768.5,2,False,18.122305633518504,9.48610605225292,12.636602589732632,5.406322,0.352505,1.0,3.0,tail_2_3,True,False
11572,63921974475,2026-08-09 16:01:15.692,-1,7768.5,2,False,18.122305633518504,9.48610605225292,5.757711721180473,4.50607,0.654996,4.0,0.0,no_tail,True,False
11600,63921978241,2026-08-09 17:04:01.928,-1,7768.25,3,True,28.0721300751069,46.242830902302465,7.721457081161646,2.328164,0.797564,4.0,0.0,no_tail,True,False
11642,63921981081,2026-08-09 17:51:21.040,-1,7771.75,3,True,17.567439943409077,37.72587064057788,1.0173133369536933,0.340442,4.556112,2.0,2.0,tail_2_3,True,True
11644,63921981279,2026-08-09 17:54:39.860,-1,7771.5,1,True,14.74103209503162,31.176175129708756,1.0271650743659329,0.327061,3.591782,2.0,2.0,tail_2_3,True,True
11755,63922003298,2026-08-10 00:01:38.892,1,7787.75,1,False,11.572369115084406,7.061673161491612,13.276375901847427,3.489648,-0.231116,0.0,4.0,tail_ge4,True,False
11761,63922003646,2026-08-10 00:07:26.328,1,7786.75,2,False,13.276375901847427,10.977161134084172,-0.13269678813557884,2.333269,4.055015,3.0,1.0,tail_1,True,False
11786,63922006316,2026-08-10 00:51:56.604,1,7791.0,4,True,47.02107917275775,59.550021341773174,15.623826275290124,7.276234,0.341235,0.0,4.0,tail_ge4,True,True
11796,63922007649,2026-08-10 01:14:09.652,1,7791.0,4,True,23.788908603482504,20.64279662031658,2.4519074438396573,4.879895,2.98007,4.0,0.0,no_tail,True,True
11809,63922009950,2026-08-10 01:52:30.464,1,7790.75,3,False,11.145590800642214,9.190136692817207,-1.6199692290446592,2.227743,4.985989,3.0,1.0,tail_1,True,True
11813,63922011158,2026-08-10 02:12:38.396,1,7792.0,1,False,11.145590800642214,9.190136692817207,9.031720198129953,2.145221,0.581038,3.0,1.0,tail_1,True,True
11815,63922011809,2026-08-10 02:23:29.800,1,7791.75,1,True,9.994129270035232,8.523817144524944,7.699401429865582,2.042049,1.806256,1.0,3.0,tail_2_3,True,True
11828,63922014512,2026-08-10 03:08:32.608,-1,7789.75,2,False,12.883962316885192,31.09938806329586,7.11756953958233,0.026023,0.729667,4.0,0.0,no_tail,True,True
11834,63922015820,2026-08-10 03:30:20.972,-1,7790.0,3,True,23.72151903177907,40.763179036399606,6.237516943474887,1.308947,3.375811,1.0,3.0,tail_2_3,True,True
11871,63922020072,2026-08-10 04:41:12.372,-1,7785.5,2,False,22.289835825277116,6.610556655772234,0.12253638696596564,4.070511,4.283361,2.0,2.0,tail_2_3,True,True
11874,63922020463,2026-08-10 04:47:43.652,-1,7784.25,1,False,5.965680419880477,-6.699566632404685,9.411844971350812,3.649024,-0.219356,3.0,1.0,tail_1,True,True
11889,63922021545,2026-08-10 05:05:45.632,-1,7783.25,2,True,20.154550647737672,20.71889034388872,10.510097171370742,4.071975,1.262422,1.0,3.0,tail_2_3,True,True
11936,63922025570,2026-08-10 06:12:50.304,-1,7776.0,1,True,29.57889747086501,20.71855617988063,9.440690917048528,6.566499,1.061882,2.0,2.0,tail_2_3,True,True
11938,63922025708,2026-08-10 06:15:08.128,-1,7775.75,1,False,29.57889747086501,20.71855617988063,7.401953838310923,5.792982,0.29088,4.0,0.0,no_tail,True,True
11942,63922025898,2026-08-10 06:18:18.536,-1,7776.5,2,False,16.66461518973383,7.985868652275976,6.899249145894541,4.818735,4.073842,-0.0,4.0,tail_ge4,True,True
11963,63922026602,2026-08-10 06:30:02.436,-1,7774.5,6,True,33.70339333899207,42.90868929971648,0.4942593307056464,4.546966,4.117652,3.0,1.0,tail_1,True,True
12039,63922027014,2026-08-10 06:36:54.952,-1,7775.75,1,False,11.331453501530461,6.330054386107303,2.5196180314782364,1.6343,2.632108,4.0,0.0,no_tail,True,True
12044,63922027035,2026-08-10 06:37:15.428,-1,7775.75,2,True,18.1590766224815,27.52420016657083,6.264164455594302,1.943857,3.684819,1.0,3.0,tail_2_3,True,True
12048,63922027065,2026-08-10 06:37:45.624,-1,7775.25,2,True,18.1590766224815,27.52420016657083,5.1723933713445565,1.853243,2.204035,2.0,2.0,tail_2_3,True,True
12061,63922027202,2026-08-10 06:40:02.220,-1,7774.25,4,True,25.900591427910445,36.724852697102506,6.053175474159582,3.058897,2.158929,2.0,2.0,tail_2_3,True,True
12065,63922027249,2026-08-10 06:40:49.424,-1,7773.75,2,True,25.900591427910445,36.724852697102506,10.927603614354584,3.017134,1.084845,1.0,3.0,tail_2_3,True,True
12068,63922027280,2026-08-10 06:41:20.900,-1,7773.25,1,True,14.325562767356015,15.03948764633383,13.907613282039001,3.056968,-0.17231,-1.0,5.0,tail_ge4,True,False
12087,63922027432,2026-08-10 06:43:52.616,1,7775.75,1,True,15.472230344935028,30.497007464207638,5.562531663537179,0.363375,2.029358,3.0,1.0,tail_1,True,False
12090,63922027446,2026-08-10 06:44:06.928,1,7776.25,1,True,7.200448621369236,13.400419064817541,7.129454231326391,0.64567,0.404595,4.0,0.0,no_tail,True,False
12092,63922027460,2026-08-10 06:44:20.556,1,7776.25,1,True,7.129454231326391,12.362451476003837,7.410893705059079,0.755303,0.607241,4.0,0.0,no_tail,True,False
12107,63922027608,2026-08-10 06:46:48.388,1,7775.75,1,True,13.37699443550021,25.07244939873049,3.4666654432958466,0.54416,2.895389,3.0,1.0,tail_1,True,True
12109,63922027638,2026-08-10 06:47:18.632,1,7775.75,1,True,13.37699443550021,25.07244939873049,2.5708538056499766,0.514248,2.944186,3.0,1.0,tail_1,True,True
12111,63922027654,2026-08-10 06:47:34.164,1,7775.5,1,True,3.673347840596817,4.709771550524087,0.9942493453803918,0.40848,3.912338,3.0,1.0,tail_1,True,True
12113,63922027672,2026-08-10 06:47:52.320,1,7776.0,1,True,3.4666654432958466,4.704839358643987,3.2200660471707883,0.474815,2.036726,3.0,1.0,tail_1,True,True
12116,63922027697,2026-08-10 06:48:17.232,1,7775.75,2,True,4.585155550140453,7.403080732211828,2.0526784752708784,0.470018,3.144249,4.0,0.0,no_tail,True,True
12125,63922027815,2026-08-10 06:50:15.020,1,7777.0,2,True,22.423393804731965,37.12387596744813,6.969410878084767,1.863092,0.47131,4.0,0.0,no_tail,True,True
12148,63922027953,2026-08-10 06:52:33.044,-1,7774.25,3,True,31.07697775202923,49.93415536868545,13.688224530418019,1.96772,-0.436107,2.0,2.0,tail_2_3,True,False
12150,63922027961,2026-08-10 06:52:41.080,-1,7774.75,1,True,31.07697775202923,49.93415536868545,7.796084091309878,1.857205,1.752752,2.0,2.0,tail_2_3,True,True
12154,63922027981,2026-08-10 06:53:01.164,-1,7775.25,2,True,28.36194816851125,45.394283168252684,2.7975520962565366,1.660044,4.144336,2.0,2.0,tail_2_3,True,False
12171,63922028184,2026-08-10 06:56:24.156,1,7778.0,1,True,21.978411701284006,36.468501912393215,13.970147802359726,2.25222,-0.865896,1.0,3.0,tail_2_3,True,True
12173,63922028207,2026-08-10 06:56:47.636,1,7777.75,1,True,21.978411701284006,36.468501912393215,9.472430744397206,2.171758,0.395226,3.0,1.0,tail_1,True,True
12245,63922029897,2026-08-10 07:24:57.568,1,7786.25,1,True,36.50158920957363,41.0711084501473,5.531124207382254,5.889486,4.322173,0.0,4.0,tail_ge4,True,True
12280,63922030766,2026-08-10 07:39:26.068,1,7789.75,1,True,26.395940344301525,27.789170760807384,4.499447263143909,4.684148,3.122502,2.0,2.0,tail_2_3,True,True
12351,63922032223,2026-08-10 08:03:43.584,-1,7784.75,2,True,26.361727332567003,16.261331182711164,1.9005294067497165,5.493831,3.86003,3.0,1.0,tail_1,True,True
12353,63922032260,2026-08-10 08:04:20.008,-1,7785.0,1,False,19.87890945830469,6.820104054659792,-0.34499281767368434,4.588871,4.795437,2.0,2.0,tail_2_3,True,True
12357,63922032356,2026-08-10 08:05:56.568,-1,7785.0,2,False,12.909223221359847,-6.396455633526763,-1.3249769440804704,3.317079,4.851718,4.0,0.0,no_tail,True,True
12374,63922032695,2026-08-10 08:11:35.860,-1,7784.5,4,True,22.517331602188627,34.2548631971433,1.5802751319095303,2.160566,4.644923,2.0,2.0,tail_2_3,True,True
12389,63922033079,2026-08-10 08:17:59.572,1,7785.5,4,False,27.045281215631483,48.17085150370437,4.323033130185711,0.632317,2.54213,3.0,1.0,tail_1,True,True
12392,63922033147,2026-08-10 08:19:07.628,1,7786.0,1,True,27.045281215631483,48.17085150370437,8.810807587988208,0.934468,1.007132,2.0,2.0,tail_2_3,True,True
12401,63922033400,2026-08-10 08:23:20.236,1,7785.75,1,True,11.382268451790093,18.067776122414298,3.6736521636378203,1.218462,3.143244,2.0,2.0,tail_2_3,True,True
12404,63922033488,2026-08-10 08:24:48.208,1,7786.0,1,True,10.946824770121198,16.70604239030762,8.188350694095421,1.35249,2.574926,0.0,4.0,tail_ge4,True,False
12412,63922033699,2026-08-10 08:28:19.176,-1,7783.5,3,True,26.643042502735845,46.285732522523425,12.918150424022402,1.254121,-0.102223,2.0,2.0,tail_2_3,True,True
12415,63922033824,2026-08-10 08:30:24.332,-1,7784.25,2,True,26.643042502735845,46.285732522523425,2.3805294089414404,1.096301,3.022492,3.0,1.0,tail_1,True,True
12417,63922033854,2026-08-10 08:30:54.528,-1,7784.0,1,True,26.643042502735845,46.285732522523425,3.0329997706464016,1.012615,2.100732,4.0,0.0,no_tail,True,True
12440,63922034484,2026-08-10 08:41:24.784,-1,7781.0,3,True,29.810235751653984,38.78665849243537,10.18702753595402,4.57073,-0.240145,4.0,0.0,no_tail,True,False
12442,63922034543,2026-08-10 08:42:23.032,-1,7781.75,1,True,29.810235751653984,38.78665849243537,6.625406452468069,4.004577,2.89443,1.0,3.0,tail_2_3,True,True
12452,63922034996,2026-08-10 08:49:56.748,-1,7782.5,1,False,0.9885978543157999,-15.939694988943165,-1.85855770256802,0.752094,4.456918,2.0,2.0,tail_2_3,True,False
12475,63922036177,2026-08-10 09:09:37.392,1,7786.75,1,True,41.29098304716195,53.50800383062638,12.477716728069801,5.58101,1.407365,-1.0,5.0,tail_ge4,True,True
12489,63922036861,2026-08-10 09:21:01.120,-1,7784.0,1,True,29.195818335321835,52.79560105749898,11.839217454808276,0.51164,0.695321,1.0,3.0,tail_2_3,True,True
12494,63922037117,2026-08-10 09:25:17.972,-1,7783.25,2,True,19.15831762595877,37.763034264629326,12.505898148221577,1.561728,-0.884586,2.0,2.0,tail_2_3,True,False
12496,63922037156,2026-08-10 09:25:56.196,-1,7784.5,1,True,18.63321457193615,31.79344945390038,6.576858633767912,1.425622,4.22111,-1.0,5.0,tail_ge4,True,True
12580,63922037709,2026-08-10 09:35:09.912,1,7774.0,1,True,17.813873769878708,29.68844466352033,14.545160182537126,2.448426,-0.797164,1.0,3.0,tail_2_3,True,True
12590,63922037927,2026-08-10 09:38:47.664,1,7773.25,2,True,27.005513498408163,38.64671633796336,1.5310370804853708,2.85238,4.998286,1.0,3.0,tail_2_3,True,False
12592,63922037963,2026-08-10 09:39:23.664,1,7773.25,1,True,27.005513498408163,38.64671633796336,-2.15391723080999,2.30662,4.885384,3.0,1.0,tail_1,True,False
12615,63922038491,2026-08-10 09:48:11.124,-1,7770.5,1,True,36.662374823676025,51.84165205027494,6.700169468631979,3.950838,3.516566,-0.0,4.0,tail_ge4,True,False
12623,63922038810,2026-08-10 09:53:30.080,-1,7770.25,1,False,6.700169468631979,-6.719233394989427,4.167966830889391,1.702428,1.95292,4.0,0.0,no_tail,True,False
12641,63922039473,2026-08-10 10:04:33.540,1,7773.0,4,True,30.46216950661737,44.94942052448357,5.142461435513581,3.052876,3.176683,2.0,2.0,tail_2_3,True,True
12644,63922039643,2026-08-10 10:07:23.716,1,7773.75,1,True,30.46216950661737,44.53383278547923,10.278101281339554,2.894798,0.720693,1.0,3.0,tail_2_3,True,True
12665,63922040937,2026-08-10 10:28:57.488,1,7776.5,3,True,30.195410459202975,34.27938556648399,7.232027978568819,5.08535,0.361808,4.0,0.0,no_tail,True,True
12689,63922042510,2026-08-10 10:55:10.292,-1,7773.5,2,True,20.64172621751667,35.57027770472139,9.579128570000634,1.538933,0.017052,4.0,0.0,no_tail,True,True
12719,63922044971,2026-08-10 11:36:11.156,-1,7772.25,1,True,21.48406971759332,33.078236444415275,13.193054741914528,2.669294,-0.861351,2.0,2.0,tail_2_3,True,True
12770,63922048952,2026-08-10 12:42:32.708,1,7777.5,2,False,14.174640103208702,21.231015606208278,7.384298415415712,1.742504,2.911255,0.0,4.0,tail_ge4,True,True
12775,63922049353,2026-08-10 12:49:13.260,1,7777.5,1,False,14.174640103208702,21.231015606208278,-0.36431985325488675,1.106077,2.856711,4.0,0.0,no_tail,True,True
12792,63922049705,2026-08-10 12:55:05.104,-1,7774.0,3,True,33.310623202505994,50.99791628568736,12.911182905789126,3.733519,-0.099181,2.0,2.0,tail_2_3,True,True
12801,63922049948,2026-08-10 12:59:08.608,-1,7773.75,4,True,29.317056499069984,39.55216505843881,6.079765956793078,3.810537,1.801676,4.0,0.0,no_tail,True,False
12804,63922049972,2026-08-10 12:59:32.068,-1,7774.5,2,True,29.317056499069984,39.55216505843881,1.8104785739567753,3.051705,4.896505,-0.0,4.0,tail_ge4,True,False
12806,63922049980,2026-08-10 12:59:40.616,-1,7774.25,1,False,26.58008361699708,34.20776104998105,-1.17699529985358,2.52392,3.830646,4.0,0.0,no_tail,True,False
12816,63922050040,2026-08-10 13:00:40.220,1,7776.5,2,True,24.560843060730527,45.676269393764386,11.687580647112643,1.24247,0.427144,2.0,2.0,tail_2_3,True,True
12820,63922050120,2026-08-10 13:02:00.028,1,7775.75,2,True,24.330580075140773,44.087525744040036,6.731665585441243,1.517181,-0.843346,-1.0,0.0,no_tail,True,False
12823,63922050986,2026-08-10 13:16:26.968,1,7776.5,1,True,17.251937675970698,29.76403029532337,5.406899827866041,1.453642,1.440601,4.0,0.0,no_tail,True,False
12830,63922051361,2026-08-10 13:22:41.448,-1,7774.0,2,False,12.958206105878759,28.757275554416683,8.068039155006295,0.130788,-0.307767,4.0,0.0,no_tail,True,False
12834,63922052620,2026-08-10 13:43:40.240,1,7776.25,1,False,2.9880514165646335,6.487050376263058,6.589071868994063,0.193634,1.603017,3.0,1.0,tail_1,True,True
12849,63922057938,2026-08-10 15:12:18.100,1,7778.25,2,True,35.093155971974745,50.75005652904369,9.368641398307346,3.765589,0.105891,4.0,0.0,no_tail,True,False
13019,63922089727,2026-08-11 00:02:07.132,-1,7776.25,1,True,35.028509150180255,36.349599486054025,14.127951825267338,7.313205,-0.627748,2.0,2.0,tail_2_3,True,True
13045,63922092528,2026-08-11 00:48:48.268,-1,7775.25,1,False,16.79248384821563,4.871204870216645,3.0535681135816417,3.083106,3.718854,2.0,2.0,tail_2_3,True,True
13047,63922092792,2026-08-11 00:53:12.352,-1,7775.25,1,False,4.832522459726343,-9.968120380982093,1.440646977665138,2.635968,3.74201,2.0,2.0,tail_2_3,True,True
13061,63922093625,2026-08-11 01:07:05.404,1,7776.5,4,True,30.335715555374996,49.88120880209879,0.8620454433835676,1.201237,4.2867,3.0,1.0,tail_1,True,False
13076,63922094961,2026-08-11 01:29:21.392,-1,7773.5,3,True,33.56432694049166,49.816921345287334,11.888311528865444,3.715609,0.341135,2.0,2.0,tail_2_3,True,True
13078,63922095052,2026-08-11 01:30:52.696,-1,7773.25,1,True,33.56432694049166,47.88648664598927,9.68991631007303,3.471197,-0.336768,3.0,1.0,tail_1,True,True
13108,63922098441,2026-08-11 02:27:21.016,1,7776.25,1,True,24.669192712806463,43.51131614252004,13.875073318442535,1.433832,-0.184287,1.0,3.0,tail_2_3,True,True
13110,63922098562,2026-08-11 02:29:22.972,1,7776.25,1,True,24.669192712806463,43.51131614252004,9.41043228843595,1.503497,0.101318,3.0,1.0,tail_1,True,True
13123,63922100902,2026-08-11 03:08:22.368,1,7777.25,3,True,30.6537524074866,43.0368631135372,7.030973299201032,3.707099,1.419,3.0,1.0,tail_1,True,True
13125,63922101457,2026-08-11 03:17:37.900,1,7776.75,1,True,30.6537524074866,43.0368631135372,3.669087295684697,3.187117,3.465213,2.0,2.0,tail_2_3,True,True
13227,63922107396,2026-08-11 04:56:36.496,-1,7789.5,3,True,26.103067483319666,40.49198110241794,2.4994123346936825,2.556268,3.280604,4.0,0.0,no_tail,True,True
13229,63922107665,2026-08-11 05:01:05.976,-1,7788.5,1,True,21.87730258200063,31.899070287376723,6.828690044324963,2.458652,-0.430323,4.0,0.0,no_tail,True,False
13271,63922111196,2026-08-11 05:59:56.432,-1,7788.0,1,True,14.360125194347487,19.204794108722822,13.11061876633088,2.350567,-0.172399,1.0,3.0,tail_2_3,True,False
13273,63922111300,2026-08-11 06:01:40.252,-1,7788.75,1,True,14.360125194347487,19.204794108722822,7.184431693906947,2.156157,2.994645,-0.0,4.0,tail_ge4,True,False
13275,63922111452,2026-08-11 06:04:12.684,-1,7789.0,1,True,14.360125194347487,19.204794108722822,1.6001223725610991,1.830244,3.996594,2.0,2.0,tail_2_3,True,False
13356,63922113470,2026-08-11 06:37:50.932,-1,7780.5,4,True,40.465328111244865,44.01922202977375,5.159890501018565,6.715915,1.222802,4.0,0.0,no_tail,True,True
13369,63922113620,2026-08-11 06:40:20.132,-1,7778.75,4,True,36.47704805556689,44.00329738638421,8.691331309784248,6.177099,0.72421,3.0,1.0,tail_1,True,False
13371,63922113637,2026-08-11 06:40:37.380,-1,7779.0,1,True,33.40980217086895,37.20387807134511,8.089606199097274,5.479571,1.976097,-0.0,4.0,tail_ge4,True,False
13373,63922113672,2026-08-11 06:41:12.712,-1,7779.5,1,False,33.40980217086895,37.20387807134511,2.420261057852808,4.644604,3.979473,2.0,2.0,tail_2_3,True,False
13392,63922113889,2026-08-11 06:44:49.680,-1,7779.75,2,True,11.550738024155441,22.24593590434542,2.7448869833172576,0.423034,2.85951,4.0,0.0,no_tail,True,True
13396,63922113930,2026-08-11 06:45:30.488,-1,7779.75,2,True,11.550738024155441,22.24593590434542,1.309324372687193,0.532447,3.129664,4.0,0.0,no_tail,True,True
13423,63922114217,2026-08-11 06:50:17.932,-1,7775.25,1,True,34.492386669735865,41.63978357640224,13.611539791490358,5.521635,-0.069596,1.0,3.0,tail_2_3,True,True
13425,63922114237,2026-08-11 06:50:37.980,-1,7775.5,1,True,29.679622766645874,31.941668994126186,7.722507292843369,4.87791,1.130296,3.0,1.0,tail_1,True,True
13448,63922114528,2026-08-11 06:55:28.492,-1,7775.0,2,False,0.9898197999674523,-7.334780589745974,0.9430797474424132,1.545425,2.6399,4.0,0.0,no_tail,True,False
13487,63922115272,2026-08-11 07:07:52.532,1,7782.75,4,True,32.37398896033636,29.660128381144013,11.17029808094178,6.972794,0.00805,2.0,2.0,tail_2_3,True,True
13490,63922115314,2026-08-11 07:08:34.800,1,7782.5,2,True,30.83196334632755,27.99803019810791,6.408451296690942,5.749456,1.345004,4.0,0.0,no_tail,True,True
13501,63922115599,2026-08-11 07:13:19.800,1,7783.75,3,True,23.587429055082666,25.7602835948438,9.207928327633846,4.489188,-0.466522,4.0,0.0,no_tail,True,True
13503,63922115631,2026-08-11 07:13:51.652,1,7783.25,1,True,23.587429055082666,25.7602835948438,7.863188176349069,3.993709,1.724676,2.0,2.0,tail_2_3,True,True
13506,63922115690,2026-08-11 07:14:50.800,1,7783.5,1,True,23.587429055082666,25.7602835948438,8.425316127311309,3.532189,1.169033,2.0,2.0,tail_2_3,True,True
13509,63922115722,2026-08-11 07:15:22.632,1,7783.75,1,True,9.950260021924418,4.176553699899196,10.294150282515432,3.268861,0.713907,1.0,3.0,tail_2_3,True,True
13515,63922115858,2026-08-11 07:17:38.876,1,7784.25,2,True,17.40064324204082,20.525498111256873,9.277886390672524,3.154265,0.144167,4.0,0.0,no_tail,True,False
13526,63922116004,2026-08-11 07:20:04.608,1,7783.25,1,False,0.718833329210871,-0.7105076381158194,3.6814123318369196,0.495905,2.806865,3.0,1.0,tail_1,True,True
13531,63922116108,2026-08-11 07:21:48.540,1,7783.25,1,True,9.599851102987193,16.236686606436347,1.6903460685994356,0.715357,3.293178,4.0,0.0,no_tail,True,False
13533,63922116145,2026-08-11 07:22:25.404,1,7783.75,1,True,9.599851102987193,16.236686606436347,3.8898202329435176,0.746127,1.427497,4.0,0.0,no_tail,True,False
13538,63922116232,2026-08-11 07:23:52.116,-1,7781.75,1,False,7.325612194092901,16.741006694455,8.511712763012255,0.024051,1.132785,2.0,2.0,tail_2_3,True,True
13544,63922116380,2026-08-11 07:26:20.212,-1,7781.25,1,True,17.858386907920114,32.19555765699553,8.33865651834859,1.155081,0.539073,4.0,0.0,no_tail,True,True
13548,63922116443,2026-08-11 07:27:23.268,-1,7781.75,2,True,17.858386907920114,32.19555765699553,2.6076007456357226,1.163811,2.92907,3.0,1.0,tail_1,True,True
13560,63922116684,2026-08-11 07:31:24.052,-1,7781.75,1,False,2.2900761360888615,5.006861280125821,4.4394622118874585,0.132557,2.507101,2.0,2.0,tail_2_3,True,True
13564,63922116840,2026-08-11 07:34:00.240,-1,7782.0,2,True,8.421503619061486,16.03458045102585,1.207005294971739,0.358915,3.824932,3.0,1.0,tail_1,True,True
13579,63922117328,2026-08-11 07:42:08.452,-1,7781.25,2,True,26.75925138845043,43.89221991265604,4.239087769505345,1.868196,3.55014,2.0,2.0,tail_2_3,True,True
13583,63922117399,2026-08-11 07:43:19.608,-1,7781.0,2,True,19.15265960732015,29.776175586916235,5.280427777736553,1.831151,3.119559,2.0,2.0,tail_2_3,True,True
13585,63922117425,2026-08-11 07:43:45.548,-1,7781.0,1,True,11.613715515158551,14.302180480286026,3.5034275772802617,1.658206,3.226475,1.0,3.0,tail_2_3,True,True
13606,63922118052,2026-08-11 07:54:12.568,1,7783.75,2,True,22.25143308074149,35.972845438862635,16.65970722579069,2.173914,-0.439856,0.0,4.0,tail_ge4,True,True
13611,63922118298,2026-08-11 07:58:18.024,1,7783.75,2,True,22.25143308074149,35.972845438862635,14.032720285038264,2.706703,1.040424,0.0,4.0,tail_ge4,True,False
13713,63922121071,2026-08-11 08:44:31.108,-1,7766.5,3,True,24.97629206706168,16.07126789929077,3.939625314336626,5.504243,2.047159,4.0,0.0,no_tail,True,True
13715,63922121115,2026-08-11 08:45:15.256,-1,7766.25,1,False,22.09197114211537,11.394382057742774,5.926759545982176,4.854233,1.238073,3.0,1.0,tail_1,True,True
13722,63922121477,2026-08-11 08:51:17.080,-1,7766.75,1,True,15.751636355486633,11.208600749860922,3.6308166571284333,3.626116,4.467391,-0.0,4.0,tail_ge4,True,True
13733,63922121993,2026-08-11 08:59:53.356,-1,7765.75,2,True,23.151616511474884,29.954044603918742,0.5096898094493473,3.071485,3.137991,4.0,0.0,no_tail,True,False
13739,63922122212,2026-08-11 09:03:32.480,-1,7766.25,1,False,9.144048799356469,0.4518633460016607,-2.073659698609419,1.371668,4.519217,4.0,0.0,no_tail,True,False
13748,63922122738,2026-08-11 09:12:18.128,1,7767.25,2,True,18.73556599540279,36.19447665695145,4.297053821046065,0.419177,2.872933,3.0,1.0,tail_1,True,True
13750,63922122846,2026-08-11 09:14:06.076,1,7767.25,1,True,18.73556599540279,36.19447665695145,1.9028187141699326,0.374262,2.885779,4.0,0.0,no_tail,True,True
13759,63922123203,2026-08-11 09:20:03.980,1,7767.0,4,True,14.690149095207936,26.695140229302556,-1.4250722703159697,0.672623,4.585798,3.0,1.0,tail_1,True,False
13761,63922123328,2026-08-11 09:22:08.468,1,7767.0,1,True,14.690149095207936,26.695140229302556,-1.9464670043259644,0.457392,4.466936,4.0,0.0,no_tail,True,False
13785,63922124287,2026-08-11 09:38:07.768,-1,7764.25,4,True,28.852420093519804,37.835534231760114,3.250374168923795,3.887751,4.611135,1.0,3.0,tail_2_3,True,True
13787,63922124409,2026-08-11 09:40:09.144,-1,7763.25,1,True,28.852420093519804,37.835534231760114,3.864193029735608,3.483559,0.797899,4.0,0.0,no_tail,True,True
13839,63922126938,2026-08-11 10:22:18.128,-1,7754.25,2,True,42.68778113615378,40.18403493214241,7.645828159215101,8.340366,3.762259,-0.0,4.0,tail_ge4,True,True
13847,63922127136,2026-08-11 10:25:36.232,-1,7754.25,2,False,13.748570500011267,-4.130045587514822,-0.554605823511278,5.032146,4.868444,3.0,1.0,tail_1,True,True
13853,63922127399,2026-08-11 10:29:59.252,-1,7754.0,3,False,11.612396138418887,1.7030927440618036,-3.145430353575017,3.356908,4.32007,4.0,0.0,no_tail,True,True
13857,63922127678,2026-08-11 10:34:38.432,-1,7753.0,1,False,11.612396138418887,2.4126352010804166,8.188350694095421,2.96383,0.935279,3.0,1.0,tail_1,True,False
13882,63922129396,2026-08-11 11:03:16.404,1,7755.75,4,True,21.795943128705474,31.43004766942983,-1.1341554896312702,2.243915,4.453258,4.0,0.0,no_tail,True,True
13884,63922129482,2026-08-11 11:04:42.436,1,7756.5,1,True,17.74092944221713,22.947280990736733,3.471765123970108,2.063541,1.612946,3.0,1.0,tail_1,True,False
13895,63922130158,2026-08-11 11:15:58.648,-1,7753.75,1,True,20.03475503068447,38.23075698075891,10.950138510509191,0.895911,-0.231261,3.0,1.0,tail_1,True,True
13929,63922131466,2026-08-11 11:37:46.672,-1,7746.75,3,True,46.67495585258005,47.17507853651323,9.355031159330549,9.163117,0.76487,3.0,1.0,tail_1,True,True
13953,63922132814,2026-08-11 12:00:14.904,-1,7746.5,1,False,-1.1178897723081955,-8.122925738373388,3.415437255265058,1.117199,2.276324,3.0,1.0,tail_1,True,True
13957,63922132896,2026-08-11 12:01:36.384,-1,7745.75,2,False,12.513980057237983,19.705018894660597,9.435338425603334,1.520095,0.07776,4.0,0.0,no_tail,True,True
13959,63922133129,2026-08-11 12:05:29.628,-1,7745.75,1,True,12.513980057237983,19.705018894660597,9.537378730865038,1.592332,0.380892,2.0,2.0,tail_2_3,True,True
13961,63922133212,2026-08-11 12:06:52.116,-1,7745.75,1,True,12.513980057237983,19.705018894660597,7.463323586953598,1.558376,0.585361,4.0,0.0,no_tail,True,True
13995,63922135568,2026-08-11 12:46:08.832,1,7751.25,3,True,42.86386217657727,53.68282300739319,2.700983135298387,5.647477,2.557483,4.0,0.0,no_tail,True,False
13997,63922135599,2026-08-11 12:46:39.000,1,7751.25,1,True,40.01005285344396,48.86662970147608,2.610802659892731,4.823693,2.594585,4.0,0.0,no_tail,True,False
14029,63922136177,2026-08-11 12:56:17.436,-1,7747.5,1,False,7.912059286984486,-3.7866936799842796,4.450928466997349,1.746283,1.529017,3.0,1.0,tail_1,True,True
14063,63922136580,2026-08-11 13:03:00.064,1,7748.75,2,True,25.479854147495352,41.81797916716257,4.208391862735487,2.039476,4.549201,0.0,4.0,tail_ge4,True,True
14069,63922136853,2026-08-11 13:07:33.920,1,7750.0,1,False,18.942972311333737,28.03851506890046,6.5667558744689885,1.414755,-0.321288,4.0,0.0,no_tail,True,True
14098,63922144300,2026-08-11 15:11:40.744,1,7753.25,1,True,30.768891829305886,34.026119651038435,8.2003254798956,4.827369,1.596533,1.0,3.0,tail_2_3,True,True
14104,63922145603,2026-08-11 15:33:23.376,1,7754.0,3,True,18.952949899873285,17.74924519165482,9.335394839670528,4.17115,0.11993,4.0,0.0,no_tail,True,False
14113,63922147685,2026-08-11 16:08:05.180,1,7753.25,1,False,7.5082320321540585,-0.3022133355882545,4.70339762781338,1.959812,3.038201,2.0,2.0,tail_2_3,True,True
14117,63922150220,2026-08-11 16:50:20.176,1,7753.25,2,False,4.894488020504465,-0.11306352480696744,0.4167239546357009,1.522589,3.17617,4.0,0.0,no_tail,True,True
14122,63922150837,2026-08-11 17:00:37.432,1,7753.75,2,True,19.04358185555188,29.37864096515344,7.896844520336113,1.983795,2.350754,2.0,2.0,tail_2_3,True,False
14133,63922151084,2026-08-11 17:04:44.904,-1,7751.75,1,True,18.721999379014463,38.13285900665844,4.329945453812418,0.259164,1.245844,4.0,0.0,no_tail,True,True
14142,63922151738,2026-08-11 17:15:38.932,-1,7751.0,2,True,22.00080979603312,35.97379609611791,8.911791034420505,1.870307,0.618426,4.0,0.0,no_tail,True,False
14151,63922152449,2026-08-11 17:27:29.352,1,7753.25,2,False,11.701865493778143,26.721232193601598,6.80684788733711,0.0205,1.512366,3.0,1.0,tail_1,True,False
14153,63922152691,2026-08-11 17:31:31.268,1,7752.75,1,True,11.701865493778143,26.721232193601598,4.89153031595297,0.131462,3.626755,0.0,4.0,tail_ge4,True,True
14156,63922153329,2026-08-11 17:42:09.212,1,7752.75,1,True,11.701865493778143,26.721232193601598,5.027254200992748,0.345513,3.890661,0.0,4.0,tail_ge4,True,True
14161,63922154431,2026-08-11 18:00:31.812,1,7752.75,1,True,5.4436955963373865,10.660166013998664,-1.8758808140071144,0.139442,3.797738,4.0,0.0,no_tail,True,True
14164,63922154701,2026-08-11 18:05:01.156,1,7753.5,1,True,5.027254200992748,9.052284274610098,4.804228408424541,0.356631,1.049875,4.0,0.0,no_tail,True,False
14166,63922154915,2026-08-11 18:08:35.156,1,7752.75,1,True,4.804228408424541,8.891434736996354,4.465507560000043,0.374733,4.122934,0.0,4.0,tail_ge4,True,False
14175,63922156209,2026-08-11 18:30:09.708,-1,7750.5,2,True,21.409947036155987,36.35861773871594,13.130979373799695,1.609597,-0.847528,3.0,1.0,tail_1,True,True
14178,63922157195,2026-08-11 18:46:35.732,-1,7751.5,2,True,21.409947036155987,36.35861773871594,3.899857763593259,1.440079,3.356983,3.0,1.0,tail_1,True,True
14180,63922157514,2026-08-11 18:51:54.936,-1,7751.5,1,True,21.409947036155987,36.35861773871594,1.5345487071499164,1.237146,3.370287,3.0,1.0,tail_1,True,True
14185,63922158481,2026-08-11 19:08:01.784,-1,7750.5,2,True,16.0725376073113,25.339739114301732,10.706492945178667,1.811654,0.525707,2.0,2.0,tail_2_3,True,False
14210,63922170294,2026-08-11 22:24:54.516,1,7754.25,4,True,27.42744687062624,37.45404055648347,7.410593211194802,3.614313,3.220345,0.0,4.0,tail_ge4,True,True
14219,63922173457,2026-08-11 23:17:37.256,1,7755.5,2,True,24.134415551003386,31.051753516484265,12.439549163046259,3.82755,1.077578,1.0,3.0,tail_2_3,True,True
14221,63922174030,2026-08-11 23:27:10.548,1,7755.5,1,True,24.134415551003386,31.051753516484265,7.338387723950604,3.468669,1.303831,2.0,2.0,tail_2_3,True,True
14244,63922179590,2026-08-12 00:59:50.696,1,7758.5,3,True,26.718977052016328,28.974526845652665,8.972100938298423,5.012616,-0.047128,4.0,0.0,no_tail,True,True
14255,63922181959,2026-08-12 01:39:19.192,1,7759.5,3,True,32.63880347264196,39.68566129062805,10.736435625614973,5.43233,1.15315,2.0,2.0,tail_2_3,True,True
14317,63922189762,2026-08-12 03:49:22.276,-1,7765.0,5,True,41.96251191841599,62.776370976207694,1.3663598566967405,2.264004,3.759449,3.0,1.0,tail_1,True,True
14319,63922189787,2026-08-12 03:49:47.416,-1,7764.5,1,True,39.248914116795824,58.291170201284174,4.278821669319146,2.09298,1.933271,2.0,2.0,tail_2_3,True,False
14337,63922191616,2026-08-12 04:20:16.072,1,7766.0,3,True,23.843191817350597,40.629373503254335,3.592771057352063,1.221815,4.470025,1.0,3.0,tail_2_3,True,True
14343,63922192723,2026-08-12 04:38:43.624,1,7766.75,2,True,20.42211033341815,34.320884453172766,5.542098276831363,1.473227,2.357893,3.0,1.0,tail_1,True,True
14421,63922195800,2026-08-12 05:30:00.668,1,7779.5,2,False,21.986820026299725,6.889611571019288,1.0141821520228202,4.707711,3.891067,4.0,0.0,no_tail,True,True
14431,63922195801,2026-08-12 05:30:01.180,1,7779.5,2,False,8.25098579806799,-3.044274366964054,-0.06126826350668187,2.331461,4.358851,2.0,2.0,tail_2_3,True,True
14458,63922195802,2026-08-12 05:30:02.516,1,7783.0,2,True,25.73685629466176,26.535952815346942,6.41433575554729,4.555191,3.315373,0.0,4.0,tail_ge4,True,False
14460,63922195802,2026-08-12 05:30:02.624,1,7782.75,1,True,20.788431164865525,16.136777742871214,0.15989300696053207,3.800262,4.254983,3.0,1.0,tail_1,True,True
14462,63922195802,2026-08-12 05:30:02.760,1,7783.0,1,False,17.33279487458691,10.11315372811198,0.26508658178249567,3.206708,3.238452,4.0,0.0,no_tail,True,False
14464,63922195802,2026-08-12 05:30:02.760,1,7783.0,1,False,13.904949956059163,3.286771967301249,3.23704795677826,2.813357,3.336226,1.0,3.0,tail_2_3,True,False
14466,63922195802,2026-08-12 05:30:02.788,1,7782.75,1,False,6.41433575554729,-7.992836081096121,1.551801313940863,2.396219,4.349588,1.0,3.0,tail_2_3,True,True
14468,63922195803,2026-08-12 05:30:03.040,1,7783.75,1,False,3.23704795677826,-7.992836081096121,4.449106039725124,2.241188,0.556463,4.0,0.0,no_tail,True,False
14498,63922195805,2026-08-12 05:30:05.564,-1,7779.5,2,True,16.009949952323886,21.132181728168337,10.512608136099784,2.722452,-0.685323,3.0,1.0,tail_1,True,True
14614,63922195857,2026-08-12 05:30:57.672,1,7770.25,3,True,26.083412096752674,38.06364339208961,8.249489371788801,3.158012,0.269467,3.0,1.0,tail_1,True,True
14619,63922195873,2026-08-12 05:31:13.608,1,7769.5,3,True,18.52895405052569,22.74453572321317,2.5651357296781696,2.602233,3.919864,2.0,2.0,tail_2_3,True,True
14621,63922195875,2026-08-12 05:31:15.640,1,7769.5,1,True,13.298373006118428,12.754529384054738,-0.4501063843181911,2.141695,3.852209,4.0,0.0,no_tail,True,True
14624,63922195887,2026-08-12 05:31:27.472,1,7770.75,1,True,13.298373006118428,12.754529384054738,11.648234764777278,2.25676,-0.529348,3.0,1.0,tail_1,True,True
14662,63922196161,2026-08-12 05:36:01.912,1,7775.75,4,True,44.56750794228387,50.581804923856566,-2.8822940883284653,6.842081,4.851888,4.0,0.0,no_tail,True,True
14665,63922196192,2026-08-12 05:36:32.512,1,7776.75,1,False,31.436221238084922,23.623670697102607,4.68806938395682,5.570035,1.097902,4.0,0.0,no_tail,True,True
14667,63922196219,2026-08-12 05:36:59.288,1,7776.5,1,False,24.13995047975079,7.778461007611041,5.131169922633464,4.829321,2.208021,3.0,1.0,tail_1,True,True
14697,63922196875,2026-08-12 05:47:55.672,1,7780.75,4,True,43.94668192776702,48.57108357442175,0.13185645443895472,6.586618,4.27956,2.0,2.0,tail_2_3,True,True
14703,63922197147,2026-08-12 05:52:27.604,1,7781.0,3,False,14.241981004152647,0.6683440516675635,-0.08739509455942684,4.559244,4.036438,3.0,1.0,tail_1,True,True
14749,63922199404,2026-08-12 06:30:04.684,1,7789.0,4,True,43.23493769358898,48.99745797810944,12.087139782110281,8.274284,-0.397429,3.0,1.0,tail_1,True,False
14751,63922199412,2026-08-12 06:30:12.140,1,7788.25,1,True,43.23493769358898,48.99745797810944,7.681845290730809,7.187253,2.786918,0.0,4.0,tail_ge4,True,False
14811,63922199759,2026-08-12 06:35:59.104,-1,7776.0,2,True,25.70157397017213,22.722440603809446,9.201079876688357,5.543988,0.509668,3.0,1.0,tail_1,True,False
14825,63922199877,2026-08-12 06:37:57.492,-1,7776.0,1,False,2.963213963765213,-0.14247521140440506,7.303441154692281,1.395331,-0.30819,4.0,0.0,no_tail,True,True
14829,63922199901,2026-08-12 06:38:21.736,-1,7776.5,3,False,8.4906403474973,11.223301576395286,2.517788107339598,1.269437,1.992675,4.0,0.0,no_tail,True,True
14848,63922200116,2026-08-12 06:41:56.508,-1,7773.75,2,True,43.109667991646994,57.09976358613203,10.006280145890267,5.006859,0.489649,3.0,1.0,tail_1,True,True
14850,63922200122,2026-08-12 06:42:02.528,-1,7773.75,1,True,32.28890126308138,40.067951876793245,7.222855381461044,4.44009,0.685755,4.0,0.0,no_tail,True,True
14855,63922200161,2026-08-12 06:42:41.784,-1,7774.75,3,True,14.856930667165713,4.748088498700156,-3.0726121731978093,3.082661,4.930272,4.0,0.0,no_tail,True,True
14859,63922200209,2026-08-12 06:43:29.468,-1,7773.25,1,False,10.97244909746652,5.20648959483147,9.708398586709944,2.861054,-0.357663,4.0,0.0,no_tail,True,True
14863,63922200229,2026-08-12 06:43:49.908,-1,7774.0,3,True,9.708398586709944,6.305451397925666,0.5468143173038238,2.190453,2.802644,4.0,0.0,no_tail,True,True
14865,63922200254,2026-08-12 06:44:14.348,-1,7773.25,1,False,9.708398586709944,6.305451397925666,6.439908938582483,2.108982,0.051576,4.0,0.0,no_tail,True,True
14870,63922200304,2026-08-12 06:45:04.552,-1,7773.5,2,True,18.665448381106003,26.85503939990396,8.923794967495054,2.402192,2.253008,1.0,3.0,tail_2_3,True,True
14890,63922200511,2026-08-12 06:48:31.100,-1,7772.5,6,True,33.71935771790469,47.904722752013264,-0.6992793649636548,3.356151,3.967592,3.0,1.0,tail_1,True,False
14959,63922201203,2026-08-12 07:00:03.780,-1,7770.5,1,False,25.21843478838908,19.578099181657613,5.321707323563603,4.174304,1.475879,4.0,0.0,no_tail,True,True
14968,63922201274,2026-08-12 07:01:14.436,-1,7770.0,4,True,22.872611335929214,27.32539873395026,4.3084484734719615,3.633317,1.907984,3.0,1.0,tail_1,True,False
14990,63922201622,2026-08-12 07:07:02.260,-1,7767.75,4,True,35.653135125922226,47.50915560516224,9.082976997780536,4.942621,0.892585,2.0,2.0,tail_2_3,True,True
15000,63922201825,2026-08-12 07:10:25.456,-1,7768.5,2,False,13.021456209922924,5.153752547884039,-1.0510686487384722,2.61039,4.739189,4.0,0.0,no_tail,True,False
15012,63922202022,2026-08-12 07:13:42.764,-1,7767.5,1,False,13.201744229569751,25.120565479851315,14.820667666208394,0.784979,-0.264806,-0.0,4.0,tail_ge4,True,False
15026,63922202258,2026-08-12 07:17:38.868,1,7770.5,1,True,14.464894414519359,28.118918064422566,10.511648066107105,1.068653,-0.044752,3.0,1.0,tail_1,True,True
15075,63922203017,2026-08-12 07:30:17.100,1,7773.75,1,False,24.179126609426415,21.491477840470978,6.158615409156078,3.406317,0.808673,4.0,0.0,no_tail,True,False
15122,63922203075,2026-08-12 07:31:15.728,-1,7762.75,2,True,37.54972153180066,32.06818608826927,8.640413149949728,8.032479,1.065669,3.0,1.0,tail_1,True,False
15154,63922203183,2026-08-12 07:33:03.116,1,7767.75,2,True,28.915675201668048,38.40967937591469,5.117073916376382,3.808778,3.200234,1.0,3.0,tail_2_3,True,True
15158,63922203219,2026-08-12 07:33:39.460,1,7769.0,2,True,21.520111077612825,23.319456720515767,10.342805004350176,3.503846,-0.946386,4.0,0.0,no_tail,True,False
15161,63922203254,2026-08-12 07:34:14.828,1,7769.0,2,True,11.505778680290755,6.391476136207525,8.519259411772472,3.165198,-0.496998,4.0,0.0,no_tail,True,False
15172,63922203402,2026-08-12 07:36:42.200,1,7767.25,2,False,2.1166885334601306,1.7064511215795604,-3.1965341248370227,0.3251,4.981292,4.0,0.0,no_tail,True,True
15229,63922204422,2026-08-12 07:53:42.436,-1,7768.25,1,True,23.610459251200854,38.147697494044806,12.499781772773002,2.604778,-0.895027,3.0,1.0,tail_1,True,True
15231,63922204447,2026-08-12 07:54:07.384,-1,7769.0,1,True,20.145259238420405,30.77244497170403,8.073431132045446,2.39083,2.289904,1.0,3.0,tail_2_3,True,True
15248,63922204722,2026-08-12 07:58:42.032,-1,7766.75,1,True,25.29079684378159,29.6271783911236,10.542145829050247,4.224319,0.595564,2.0,2.0,tail_2_3,True,True
15250,63922204739,2026-08-12 07:58:59.528,-1,7766.75,1,True,25.29079684378159,29.6271783911236,7.696175410718622,3.805546,0.821203,3.0,1.0,tail_1,True,True
15252,63922204801,2026-08-12 08:00:01.496,-1,7766.75,1,True,19.658014923164252,17.704122984364634,8.609347806488502,3.505633,1.104847,1.0,3.0,tail_2_3,True,True
15260,63922204939,2026-08-12 08:02:19.528,-1,7766.0,1,True,23.224106630112473,30.453768354074388,11.043923339315631,3.521233,0.382027,2.0,2.0,tail_2_3,True,True
15276,63922205233,2026-08-12 08:07:13.812,-1,7765.5,3,True,28.339878767907102,36.76924253186487,4.345592664668854,4.046879,4.159393,1.0,3.0,tail_2_3,True,True
15278,63922205262,2026-08-12 08:07:42.308,-1,7765.25,1,True,26.19940023191605,32.380582027120525,1.199292865199849,3.458698,3.18789,3.0,1.0,tail_1,True,True
15282,63922205377,2026-08-12 08:09:37.080,-1,7765.5,2,False,19.0765454492805,17.447516192028075,-1.4186590941474384,2.531282,4.263088,3.0,1.0,tail_1,True,True
15285,63922205440,2026-08-12 08:10:40.432,-1,7764.75,1,False,4.008430143071278,-6.926503287175162,4.492538093856868,2.20028,1.498798,4.0,0.0,no_tail,True,True
15300,63922205730,2026-08-12 08:15:30.160,-1,7765.25,1,False,1.9197593995863265,2.4467221139325437,3.3393080313558023,0.36773,3.601152,2.0,2.0,tail_2_3,True,False
15305,63922205850,2026-08-12 08:17:30.836,1,7767.25,1,True,11.934682211532916,25.820420881622297,13.43323478824527,0.624418,-0.645385,2.0,2.0,tail_2_3,True,False
15307,63922205877,2026-08-12 08:17:57.040,1,7767.25,1,True,13.43323478824527,25.203113978506757,9.718640897896373,0.817856,-0.362003,4.0,0.0,no_tail,True,False
15313,63922206076,2026-08-12 08:21:16.800,1,7766.0,1,True,13.43323478824527,25.203113978506757,-0.9355951110522192,0.300303,4.397789,2.0,2.0,tail_2_3,True,False
15327,63922206384,2026-08-12 08:26:24.360,-1,7763.75,1,True,21.158231426633705,34.82638719707263,10.266340839732454,2.039001,0.059365,3.0,1.0,tail_1,True,False
15329,63922206406,2026-08-12 08:26:46.404,-1,7763.75,1,True,21.158231426633705,34.82638719707263,8.172707545234616,1.9611,0.288557,4.0,0.0,no_tail,True,False
15331,63922206429,2026-08-12 08:27:09.252,-1,7763.5,1,True,15.60809565179968,23.314882520078985,9.104577948030574,1.954291,-0.422982,4.0,0.0,no_tail,True,False
15333,63922206474,2026-08-12 08:27:54.340,-1,7763.75,1,True,11.758257896154173,15.044332574583642,8.501102119907294,1.885617,0.804083,3.0,1.0,tail_1,True,False
15335,63922206489,2026-08-12 08:28:09.564,-1,7763.5,1,True,10.266340839732454,11.824654118503409,7.971183830650791,1.850858,0.052904,4.0,0.0,no_tail,True,False
15337,63922206522,2026-08-12 08:28:42.780,-1,7763.5,1,True,9.104577948030574,9.848618995195157,8.18700348554863,1.802352,0.282592,4.0,0.0,no_tail,True,False
15357,63922206944,2026-08-12 08:35:44.476,-1,7764.25,4,False,21.428815756755736,40.49030210249905,3.521693403962603,0.563894,1.899393,4.0,0.0,no_tail,True,False
15363,63922207136,2026-08-12 08:38:56.696,-1,7764.25,1,True,13.74734514404203,25.76406332501267,4.679114950042743,0.515364,2.074928,3.0,1.0,tail_1,True,True
15375,63922207548,2026-08-12 08:45:48.732,-1,7762.75,1,True,29.32547724059782,45.44663565549151,9.327361161670423,2.456466,-0.183742,3.0,1.0,tail_1,True,False
15378,63922207705,2026-08-12 08:48:25.324,-1,7764.0,2,True,23.19984442329475,34.19349468985695,1.7791112872031867,1.995728,4.909439,-0.0,4.0,tail_ge4,True,True
15389,63922208199,2026-08-12 08:56:39.456,-1,7764.25,1,False,-1.555007519722239,-4.766752244781168,0.0035905354763326805,0.221198,4.972411,2.0,2.0,tail_2_3,True,False
15392,63922208371,2026-08-12 08:59:31.696,1,7765.5,1,False,5.659608607386801,14.09065927197097,6.45152540424103,0.159149,0.366826,4.0,0.0,no_tail,True,True
15400,63922208903,2026-08-12 09:08:23.416,1,7765.75,3,True,27.419802800122753,43.988036481934735,8.898220421141893,2.019873,1.943687,1.0,3.0,tail_2_3,True,True
15422,63922210331,2026-08-12 09:32:11.208,1,7767.75,4,True,27.579565788290225,33.70450363682652,5.739107239305871,4.431806,3.249556,2.0,2.0,tail_2_3,True,True
15426,63922210526,2026-08-12 09:35:26.328,1,7767.5,2,True,27.244904888539654,32.632898324561495,0.47073153276918345,3.3465,4.460494,2.0,2.0,tail_2_3,True,True
15429,63922210663,2026-08-12 09:37:43.940,1,7768.75,1,False,11.301264388745114,-0.8984769573996618,8.363484440934757,3.034565,-0.098456,3.0,1.0,tail_1,True,True
15466,63922213307,2026-08-12 10:21:47.404,1,7773.0,1,False,18.25083299983139,5.672544706189929,5.5885632549743125,4.216565,1.365289,4.0,0.0,no_tail,True,True
15468,63922213421,2026-08-12 10:23:41.644,1,7772.25,1,False,18.25083299983139,5.672544706189929,3.7601475184119266,3.617587,4.414094,0.0,4.0,tail_ge4,True,True
15475,63922213884,2026-08-12 10:31:24.180,1,7772.75,3,False,12.42366698389044,10.190135704984518,0.3691325015952841,2.601164,3.195724,4.0,0.0,no_tail,True,True
15479,63922214218,2026-08-12 10:36:58.240,1,7773.75,1,True,12.42366698389044,10.585777394963658,11.980452215039413,2.587436,-0.018488,2.0,2.0,tail_2_3,True,False
15481,63922214412,2026-08-12 10:40:12.632,1,7773.25,1,True,11.980452215039413,12.695143428483037,6.872594271632397,2.349699,2.138258,2.0,2.0,tail_2_3,True,False
15483,63922214437,2026-08-12 10:40:37.516,1,7772.75,1,True,11.980452215039413,12.695143428483037,3.4920110731925,2.054886,4.204521,0.0,4.0,tail_ge4,True,True
15486,63922214822,2026-08-12 10:47:02.760,1,7773.75,1,True,11.980452215039413,12.695143428483037,8.820207204483001,2.042819,0.670026,3.0,1.0,tail_1,True,False
15489,63922215054,2026-08-12 10:50:54.264,1,7773.0,2,True,8.820207204483001,8.594933546030164,-0.00572957792642888,1.590957,3.669727,4.0,0.0,no_tail,True,True
15495,63922215814,2026-08-12 11:03:34.448,1,7773.5,1,False,5.528702288922867,1.8549709364470446,3.9532351343923597,1.043683,1.721454,4.0,0.0,no_tail,True,True
15497,63922215953,2026-08-12 11:05:53.904,1,7774.0,1,False,3.9532351343923597,3.2460336698994263,7.387979875398745,1.144583,-0.023371,4.0,0.0,no_tail,True,True
15499,63922216234,2026-08-12 11:10:34.696,1,7774.0,1,True,7.387979875398745,10.396470377417108,9.058020934579243,1.246334,0.24986,3.0,1.0,tail_1,True,True
15525,63922219219,2026-08-12 12:00:19.368,1,7776.0,5,True,37.83215088806292,48.43912218617586,-0.5820287045313656,5.147716,4.559623,3.0,1.0,tail_1,True,True
15531,63922220023,2026-08-12 12:13:43.172,1,7776.75,3,True,15.024096414137164,8.328335549751884,4.216749899637477,3.932361,2.586011,3.0,1.0,tail_1,True,False
15533,63922220127,2026-08-12 12:15:27.672,1,7776.25,1,False,15.024096414137164,8.328335549751884,1.0504576992846988,3.288261,4.542489,2.0,2.0,tail_2_3,True,False
15544,63922221194,2026-08-12 12:33:14.316,-1,7774.0,1,True,17.96421501867645,40.153255069044214,14.954951039418782,0.618273,-0.977116,1.0,3.0,tail_2_3,True,True
15553,63922221932,2026-08-12 12:45:32.068,-1,7773.5,3,True,29.61742198108996,45.352927306620316,10.679937834220674,2.637867,0.203829,3.0,1.0,tail_1,True,True
15557,63922222200,2026-08-12 12:50:00.012,-1,7773.5,2,True,29.61742198108996,45.352927306620316,8.769174975170532,2.606061,1.011549,3.0,1.0,tail_1,True,True
15585,63922222791,2026-08-12 12:59:51.480,-1,7770.25,1,False,35.303632994521074,36.81921152728557,-1.9172412108129286,5.163072,4.134859,4.0,0.0,no_tail,True,True
15604,63922223276,2026-08-12 13:07:56.600,1,7773.5,4,True,39.1498623014597,57.30971730341644,15.513661293412763,3.621958,0.389996,0.0,4.0,tail_ge4,True,False
15626,63922230001,2026-08-12 15:00:01.916,-1,7769.5,1,True,32.93882544175792,47.90245681638159,10.141063973294951,3.181465,0.112493,3.0,1.0,tail_1,True,True
15628,63922230017,2026-08-12 15:00:17.352,-1,7770.25,1,True,32.93882544175792,47.90245681638159,5.841945980652791,2.801654,3.219952,1.0,3.0,tail_2_3,True,True
15630,63922230059,2026-08-12 15:00:59.380,-1,7769.75,1,True,32.93882544175792,47.90245681638159,4.053660170694194,2.517586,1.359902,4.0,0.0,no_tail,True,True
15635,63922230462,2026-08-12 15:07:42.976,-1,7770.0,1,True,11.314413227730348,11.639367579660714,7.657984622174944,2.302352,3.116996,-0.0,4.0,tail_ge4,True,True
15656,63922237074,2026-08-12 16:57:54.196,-1,7768.25,1,True,12.364784021641107,18.5390493505332,13.320438458111042,1.737775,-0.916551,2.0,2.0,tail_2_3,True,False
15670,63922238325,2026-08-12 17:18:45.444,1,7770.75,2,True,20.672761778348086,37.91659388478009,5.0009478530859,1.076227,3.235255,2.0,2.0,tail_2_3,True,True
15685,63922240462,2026-08-12 17:54:22.004,-1,7769.25,1,True,14.233009319154926,30.973697999790865,5.838392620896947,0.532643,1.59483,3.0,1.0,tail_1,True,True
15688,63922240816,2026-08-12 18:00:16.900,-1,7769.75,2,True,11.671169568732866,22.898871761105195,1.5672978845593102,0.490573,3.676912,3.0,1.0,tail_1,True,True
15776,63922266174,2026-08-13 01:02:54.664,1,7777.25,2,True,27.10021854487052,37.51508353529348,5.189290404993213,3.33088,1.85082,4.0,0.0,no_tail,True,True
15778,63922266284,2026-08-13 01:04:44.336,1,7776.5,1,True,27.10021854487052,37.51508353529348,2.672093278319727,2.8307,4.862291,0.0,4.0,tail_ge4,True,True
15790,63922267187,2026-08-13 01:19:47.572,1,7778.5,2,True,20.199981818723277,27.676411134739244,10.867935912655291,3.227348,0.12383,3.0,1.0,tail_1,True,True
15806,63922270613,2026-08-13 02:16:53.564,1,7779.25,2,True,31.002106821893253,39.43684106163911,5.3008788847480535,4.27309,3.764341,1.0,3.0,tail_2_3,True,True
15879,63922282201,2026-08-13 05:30:01.736,1,7786.5,1,True,20.485420038194775,22.257518736904725,15.066844350640247,4.150478,-0.05301,0.0,4.0,tail_ge4,True,True
15905,63922282203,2026-08-13 05:30:03.268,1,7788.0,1,True,14.202428465516354,11.655489313665852,7.907712325332645,2.743611,0.399553,4.0,0.0,no_tail,True,True
15907,63922282203,2026-08-13 05:30:03.268,1,7788.25,1,True,9.665567071489782,2.8560040658962764,8.861082503312366,2.608094,-0.320521,4.0,0.0,no_tail,True,True
15909,63922282204,2026-08-13 05:30:04.936,1,7788.25,1,True,8.861082503312366,5.821608057751895,9.007651288320004,2.471921,-0.062118,4.0,0.0,no_tail,True,True
15911,63922282204,2026-08-13 05:30:04.936,1,7788.25,1,True,9.007651288320004,6.80684788733711,8.44019166600086,2.336842,0.176414,4.0,0.0,no_tail,True,True
15939,63922282844,2026-08-13 05:40:44.080,-1,7784.0,4,True,41.77857882935503,54.20311970530828,0.5843202983020099,4.460686,3.74753,4.0,0.0,no_tail,True,False
15992,63922285850,2026-08-13 06:30:50.044,1,7788.75,1,False,-3.61148989102412,-19.059348687529635,-1.1159806386699358,1.209648,4.45883,3.0,1.0,tail_1,True,True
16000,63922285934,2026-08-13 06:32:14.988,1,7790.0,2,True,17.212423482509916,28.224056684995933,10.366535350983986,1.652105,0.657063,3.0,1.0,tail_1,True,True
16005,63922285969,2026-08-13 06:32:49.272,1,7790.5,2,True,21.300147153288187,32.65813872956053,12.335259672125217,2.36084,0.14916,2.0,2.0,tail_2_3,True,True
16052,63922286646,2026-08-13 06:44:06.524,1,7802.75,4,True,49.70672174098123,46.63604950405031,12.959366948238406,12.031221,-0.120012,2.0,2.0,tail_2_3,True,False
16055,63922286682,2026-08-13 06:44:42.008,1,7801.5,2,False,44.44207635156935,34.65672552821025,-1.927084997628498,9.269378,4.77905,4.0,0.0,no_tail,True,True
16059,63922286703,2026-08-13 06:45:03.832,1,7801.75,1,False,19.89836476552762,-23.015138138113507,-0.584243911847594,6.497878,3.60026,3.0,1.0,tail_1,True,True
16179,63922289945,2026-08-13 07:39:05.040,1,7834.0,4,True,39.1219636835297,32.79676035757733,11.451045322463367,9.225068,-0.124886,3.0,1.0,tail_1,True,True
16184,63922290161,2026-08-13 07:42:41.880,1,7833.0,3,False,33.046954357071066,21.212228749148498,3.8119452513534977,6.741135,4.699751,1.0,3.0,tail_2_3,True,False
16233,63922291107,2026-08-13 07:58:27.352,-1,7822.25,1,True,38.75015617853638,41.90476036590066,14.43652615910416,7.715592,-0.762656,2.0,2.0,tail_2_3,True,False
16235,63922291151,2026-08-13 07:59:11.628,-1,7823.0,1,True,38.75015617853638,41.90476036590066,7.781535779976548,6.706469,2.412097,1.0,3.0,tail_2_3,True,True
16238,63922291196,2026-08-13 07:59:56.296,-1,7822.75,1,False,30.373032199995574,24.13670592450298,9.02866518934118,5.669136,1.888789,1.0,3.0,tail_2_3,True,True
16299,63922292451,2026-08-13 08:20:51.436,-1,7815.5,5,True,35.537410410767066,43.94842433360525,7.586836989599524,5.497504,-0.106439,4.0,0.0,no_tail,True,True
16302,63922292505,2026-08-13 08:21:45.352,-1,7815.75,1,True,35.537410410767066,43.94842433360525,10.813551222733444,4.819767,1.466575,-0.0,4.0,tail_ge4,True,True
16384,63922294033,2026-08-13 08:47:13.828,-1,7804.5,3,False,14.045590162792315,14.376828932568095,-0.2151255425826127,2.481468,3.115528,4.0,0.0,no_tail,True,True
16403,63922294650,2026-08-13 08:57:30.276,-1,7802.25,2,True,21.97650655175319,25.56956071159031,7.423964789598255,3.822108,0.921874,4.0,0.0,no_tail,True,True
16424,63922295407,2026-08-13 09:10:07.600,1,7804.5,3,True,28.107626097389442,48.81586834775138,11.106241677096154,0.946486,0.355456,2.0,2.0,tail_2_3,True,False
16426,63922295445,2026-08-13 09:10:45.032,1,7804.5,1,True,28.107626097389442,48.81586834775138,7.51949523915843,1.013684,0.56188,4.0,0.0,no_tail,True,False
16463,63922297286,2026-08-13 09:41:26.456,1,7807.5,3,True,38.28120791082207,50.176231348089516,13.718293247103144,5.798526,-0.769261,2.0,2.0,tail_2_3,True,True
16504,63922300472,2026-08-13 10:34:32.544,1,7814.0,3,True,35.72691065943673,29.30973803616022,4.470898640428297,7.564946,2.48106,3.0,1.0,tail_1,True,False
16516,63922301406,2026-08-13 10:50:06.004,1,7813.25,1,False,-6.279034547939885,-25.77335671977272,-3.0505210012580446,1.791067,3.960879,4.0,0.0,no_tail,True,False
16518,63922301636,2026-08-13 10:53:56.712,1,7813.0,1,False,-2.9311369548398005,-14.65361592300378,-0.5717165096596469,1.447116,4.888532,2.0,2.0,tail_2_3,True,True
16524,63922302025,2026-08-13 11:00:25.788,1,7813.0,1,False,-0.32459621678839123,-4.067418219854688,1.9343342252174769,0.612992,4.512464,1.0,3.0,tail_2_3,True,True
16526,63922302132,2026-08-13 11:02:12.552,1,7813.25,1,False,1.9343342252174769,0.8353132793777501,0.40580012226468354,0.525173,3.513812,3.0,1.0,tail_1,True,True
16595,63922307864,2026-08-13 12:37:44.148,1,7823.5,3,True,28.957860951397976,18.955204942953255,4.654375239589958,7.034178,3.698672,2.0,2.0,tail_2_3,True,True
16598,63922308116,2026-08-13 12:41:56.848,1,7824.5,1,False,28.957860951397976,18.955204942953255,9.239040770829032,5.947774,0.186663,2.0,2.0,tail_2_3,True,False
16615,63922308880,2026-08-13 12:54:40.028,-1,7821.0,1,True,28.16887131760719,49.48033115662701,11.486998581155165,1.146403,-0.127211,2.0,2.0,tail_2_3,True,True
16621,63922309080,2026-08-13 12:58:00.624,-1,7821.25,1,True,20.894589312409728,33.51847343936016,9.828372256132841,2.032848,2.537771,-1.0,5.0,tail_ge4,True,False
16632,63922309196,2026-08-13 12:59:56.052,1,7823.25,1,False,15.648338557016425,33.699004738036756,7.1624723817405815,0.025577,0.710947,4.0,0.0,no_tail,True,True
16634,63922309199,2026-08-13 12:59:59.052,1,7822.5,1,True,15.648338557016425,33.699004738036756,4.507571063677545,0.084605,3.772389,1.0,3.0,tail_2_3,True,True
16637,63922309201,2026-08-13 13:00:01.124,1,7823.25,1,True,7.1624723817405815,15.529831879083137,9.000198963142717,0.514565,1.24755,2.0,2.0,tail_2_3,True,True
16655,63922310111,2026-08-13 13:15:11.112,1,7823.0,4,True,19.33672023804832,34.95847497035562,0.8856458136603718,0.832093,2.983582,4.0,0.0,no_tail,True,False
16663,63922311195,2026-08-13 13:33:15.872,-1,7821.75,2,True,14.692865360232156,29.06022742725052,2.49514237183005,0.492229,3.282382,4.0,0.0,no_tail,True,False
16679,63922317444,2026-08-13 15:17:24.244,1,7824.75,4,True,31.659699489803934,47.38456452639794,8.60299969228079,3.069513,0.108028,4.0,0.0,no_tail,True,True
16683,63922317848,2026-08-13 15:24:08.208,1,7824.25,2,True,30.644988535641367,44.998624868274895,5.3086802467173975,2.770882,2.774709,3.0,1.0,tail_1,True,True
16685,63922320427,2026-08-13 16:07:07.784,1,7824.75,1,True,18.17335311740465,22.193494733178298,5.048328071138927,2.525693,0.948895,4.0,0.0,no_tail,True,True
16721,63922330441,2026-08-13 18:54:01.648,-1,7823.5,3,True,27.54672545714889,47.30375148981358,2.100591143532778,1.903615,3.124514,4.0,0.0,no_tail,True,False
16729,63922334840,2026-08-13 20:07:20.580,1,7825.75,2,False,18.686222408681825,36.34414788056633,11.151253256849873,0.472581,-0.317,3.0,1.0,tail_1,True,True
16734,63922338465,2026-08-13 21:07:45.220,1,7825.25,3,True,18.686222408681825,36.34414788056633,2.8211774600914556,0.978205,2.508035,4.0,0.0,no_tail,True,False
16743,63922344010,2026-08-13 22:40:10.068,-1,7823.5,3,True,12.48550910443698,24.264962790289758,5.846179712004042,0.605933,1.924772,2.0,2.0,tail_2_3,True,False
16759,63922352401,2026-08-14 01:00:01.380,-1,7823.5,2,True,22.50826955218901,35.37673263468657,-0.2193271726465862,1.847148,4.730766,3.0,1.0,tail_1,True,True
16769,63922353312,2026-08-14 01:15:12.444,1,7824.5,3,False,14.28797659280689,30.925150543884683,4.982752023523997,0.001127,2.282503,2.0,2.0,tail_2_3,True,True
16782,63922356159,2026-08-14 02:02:39.664,1,7826.0,3,True,27.398309468824994,43.3939603403415,10.330753641247263,2.438412,-0.301099,4.0,0.0,no_tail,True,True
16784,63922356697,2026-08-14 02:11:37.648,1,7826.0,1,True,27.398309468824994,43.3939603403415,9.665864034639723,2.362735,-0.006512,3.0,1.0,tail_1,True,True
16789,63922358737,2026-08-14 02:45:37.272,1,7825.25,2,True,17.451479120600972,23.78340741859488,6.263258635734871,2.402191,4.018361,0.0,4.0,tail_ge4,True,True
16798,63922362298,2026-08-14 03:44:58.400,1,7827.0,1,True,24.05158896234893,34.97201947079258,14.607485227939227,3.211161,-0.171271,0.0,4.0,tail_ge4,True,True
16805,63922365142,2026-08-14 04:32:22.300,1,7827.75,2,True,22.487011450983537,29.73846375894614,15.566135528526717,3.614856,-0.926672,1.0,3.0,tail_2_3,True,True
16826,63922367720,2026-08-14 05:15:20.084,-1,7826.0,5,False,34.65543324454439,56.985021338124184,0.9802733256262456,0.669533,3.91808,3.0,1.0,tail_1,True,False
16829,63922368285,2026-08-14 05:24:45.592,-1,7826.0,1,True,34.65543324454439,56.985021338124184,2.997269940230804,0.665542,4.075161,1.0,3.0,tail_2_3,True,False
16853,63922370759,2026-08-14 06:05:59.276,1,7829.75,1,True,19.599933080224677,23.864917943273753,11.21499579326774,3.320365,-0.997438,4.0,0.0,no_tail,True,False
16862,63922371689,2026-08-14 06:21:29.996,1,7828.25,2,False,7.869260215218,0.614187229941099,-1.1511082961149932,1.435866,4.806427,2.0,2.0,tail_2_3,True,True
16864,63922371900,2026-08-14 06:25:00.068,1,7829.0,1,False,2.7756025177084505,-3.3472260253257202,1.9617281135300755,1.316596,1.901281,4.0,0.0,no_tail,True,False
16866,63922372020,2026-08-14 06:27:00.012,1,7829.25,1,False,2.7756025177084505,-0.7991097139382083,6.251029760627092,1.320999,1.103412,3.0,1.0,tail_1,True,False
16894,63922372380,2026-08-14 06:33:00.956,-1,7825.0,1,True,29.337263943180684,38.58351907755327,7.918204834974404,2.945638,0.408244,3.0,1.0,tail_1,True,True
16902,63922372541,2026-08-14 06:35:41.156,-1,7824.25,1,True,18.059006822857516,21.947134504267872,12.686854807799193,3.245435,-0.32242,2.0,2.0,tail_2_3,True,True
16919,63922372915,2026-08-14 06:41:55.124,-1,7823.25,2,True,30.154702949671066,37.86525618795285,6.690222480379283,4.386216,2.854376,2.0,2.0,tail_2_3,True,False
16934,63922373331,2026-08-14 06:48:51.308,-1,7823.75,2,False,13.44508672029817,25.53069604221031,8.124797458750082,0.701298,2.921628,-0.0,4.0,tail_ge4,True,True
16961,63922373783,2026-08-14 06:56:23.260,1,7825.25,3,True,24.894065934289525,40.45741212092572,6.868979820996553,2.477506,-0.580386,-1.0,0.0,no_tail,True,True
16964,63922373822,2026-08-14 06:57:02.144,1,7826.5,1,True,22.269165076624184,33.16557954861862,8.422251175601575,2.357904,-0.136191,4.0,0.0,no_tail,True,False
16967,63922373882,2026-08-14 06:58:02.388,1,7825.25,2,True,21.47679314849792,31.016080445910656,0.2377379234489655,1.841989,4.876257,2.0,2.0,tail_2_3,True,True
16972,63922373995,2026-08-14 06:59:55.300,1,7825.75,1,False,8.422251175601575,6.175228217376963,-0.40961964745942175,0.971218,2.555212,4.0,0.0,no_tail,True,True
16976,63922374002,2026-08-14 07:00:02.768,1,7825.5,2,True,9.047516002354376,13.655984058927428,1.7981149544489874,0.984708,3.90213,3.0,1.0,tail_1,True,True
16979,63922374016,2026-08-14 07:00:16.996,1,7826.0,1,True,9.047516002354376,13.655984058927428,7.993510335729255,1.160639,2.323402,1.0,3.0,tail_2_3,True,True
16985,63922374134,2026-08-14 07:02:14.876,1,7826.0,2,True,11.444367281395655,17.36488123760774,1.5907331485755514,1.241609,3.014038,4.0,0.0,no_tail,True,True
16988,63922374178,2026-08-14 07:02:58.452,1,7827.0,1,True,11.444367281395655,17.36488123760774,8.60285032234116,1.407904,-0.532099,4.0,0.0,no_tail,True,True
16990,63922374224,2026-08-14 07:03:44.632,1,7826.75,1,True,11.444367281395655,17.36488123760774,8.740892301084623,1.431525,0.703357,3.0,1.0,tail_1,True,True
16992,63922374252,2026-08-14 07:04:12.040,1,7827.0,1,True,8.740892301084623,11.679595141871989,8.193140694838425,1.474241,-0.040077,4.0,0.0,no_tail,True,True
17007,63922374714,2026-08-14 07:11:54.696,1,7827.0,4,True,28.186679275978953,40.23602954845951,-1.099409255155726,2.584784,4.452013,3.0,1.0,tail_1,True,True
17010,63922374822,2026-08-14 07:13:42.508,1,7828.5,1,True,15.416726624406374,15.201672550293202,12.52868637683644,2.653918,-0.881328,1.0,3.0,tail_2_3,True,False
17084,63922376255,2026-08-14 07:37:35.272,-1,7815.25,5,True,38.31231027722523,40.202088375536306,4.98752852649446,7.169648,3.253875,1.0,3.0,tail_2_3,True,True
17096,63922376604,2026-08-14 07:43:24.588,-1,7814.0,3,False,17.928883869311473,15.841538157160189,8.490191973053527,4.025256,0.168458,3.0,1.0,tail_1,True,True
17098,63922376727,2026-08-14 07:45:27.872,-1,7813.75,1,False,17.928883869311473,15.841538157160189,11.45559501601933,3.818372,-0.420812,1.0,3.0,tail_2_3,True,False
17107,63922377028,2026-08-14 07:50:28.264,-1,7814.5,1,False,11.017575391257934,4.802407799085887,2.300983005185741,1.679055,2.401938,4.0,0.0,no_tail,True,True
17109,63922377134,2026-08-14 07:52:14.384,-1,7814.5,1,False,2.300983005185741,-3.8870066397485927,3.6768475433795262,1.512674,2.488678,3.0,1.0,tail_1,True,True
17124,63922377674,2026-08-14 08:01:14.048,-1,7812.5,3,True,31.06049943322972,44.59033675827333,13.014929594449265,3.598628,-0.797302,3.0,1.0,tail_1,True,True
17133,63922377981,2026-08-14 08:06:21.496,-1,7812.0,2,True,19.147069376391915,22.57076698967542,10.464006340611142,3.478815,-0.357662,4.0,0.0,no_tail,True,True
17181,63922379805,2026-08-14 08:36:45.512,-1,7805.75,4,True,31.55114551948795,29.843410593708796,3.4083577425898444,5.943263,1.946089,4.0,0.0,no_tail,True,True
17196,63922380440,2026-08-14 08:47:20.548,-1,7804.5,4,True,33.49914096080108,41.88317183426575,8.44833908842646,5.140465,2.785938,-0.0,4.0,tail_ge4,True,True
17205,63922380982,2026-08-14 08:56:22.340,-1,7803.25,4,True,29.911014381968343,37.19360226506175,8.833410619184061,4.722596,0.997616,2.0,2.0,tail_2_3,True,False
17228,63922381961,2026-08-14 09:12:41.824,1,7805.25,1,False,10.849073002850359,19.918693153806377,-0.5048009527393703,0.110472,3.55456,4.0,0.0,no_tail,True,True
17277,63922385531,2026-08-14 10:12:11.916,-1,7802.25,2,True,33.90604752186355,43.50351998189483,9.993684708550028,4.914725,1.161306,1.0,3.0,tail_2_3,True,True
17281,63922385766,2026-08-14 10:16:06.516,-1,7802.25,1,True,21.71152394535407,19.31631213852593,6.387401929818569,3.99317,1.686898,3.0,1.0,tail_1,True,True
17284,63922386017,2026-08-14 10:20:17.936,-1,7801.5,1,True,14.844297104506582,8.426213177119664,14.688219076353333,3.85565,-0.526729,-0.0,4.0,tail_ge4,True,True
17286,63922386100,2026-08-14 10:21:40.760,-1,7802.75,1,True,14.688219076353333,12.204178946966046,5.781759611470966,3.339748,-0.448549,-1.0,0.0,no_tail,True,True
17288,63922386191,2026-08-14 10:23:11.424,-1,7802.5,1,False,14.688219076353333,12.204178946966046,0.3181028994034764,2.830109,3.549801,3.0,1.0,tail_1,True,True
17297,63922386795,2026-08-14 10:33:15.460,-1,7801.0,1,True,23.417629349181077,31.963668365263764,8.462764414099583,3.207084,0.166939,4.0,0.0,no_tail,True,True
17314,63922388109,2026-08-14 10:55:09.564,-1,7799.25,3,True,25.960586189980898,30.949936138578614,8.055756892530697,4.460208,0.337579,4.0,0.0,no_tail,True,False
17337,63922390224,2026-08-14 11:30:24.728,1,7802.75,4,True,29.915491258953267,46.828914140294195,4.573389899589826,2.80645,2.758789,3.0,1.0,tail_1,True,True
17354,63922392106,2026-08-14 12:01:46.616,1,7804.0,4,True,27.92388792015274,40.973051991516606,8.53689200419121,3.161508,1.442307,2.0,2.0,tail_2_3,True,False
17360,63922392804,2026-08-14 12:13:24.696,1,7804.25,1,False,21.66482347168675,28.646250147460062,4.3876697997659155,2.078183,0.581839,4.0,0.0,no_tail,True,False
17378,63922394343,2026-08-14 12:39:03.156,1,7804.0,3,True,15.940260049612316,27.030553469693782,1.4627871259376475,1.425387,2.746519,4.0,0.0,no_tail,True,True
17394,63922395260,2026-08-14 12:54:20.068,1,7804.5,2,True,16.171031521128377,24.675501004187122,2.1918306526679063,1.780098,3.100076,3.0,1.0,tail_1,True,True
17405,63922395573,2026-08-14 12:59:33.036,1,7804.25,1,False,4.612328924699145,1.0954382050086382,-0.354388975464488,0.223538,3.492823,4.0,0.0,no_tail,True,True
17407,63922395585,2026-08-14 12:59:45.832,1,7804.25,1,False,-0.354388975464488,-1.9130442130164202,1.9483746581568475,0.232968,3.53336,2.0,2.0,tail_2_3,True,True
17426,63922398490,2026-08-14 13:48:10.364,-1,7802.0,2,True,21.914791505177558,36.21616334159241,9.51687150480797,2.331833,1.016676,3.0,1.0,tail_1,True,False
17436,63922575679,2026-08-16 15:01:19.784,1,7805.5,1,True,39.242866160579204,60.328218466483584,14.527551091757244,1.875215,-0.789446,1.0,3.0,tail_2_3,True,True
17467,63922584505,2026-08-16 17:28:25.432,1,7809.75,2,True,40.05425843591425,49.305182743074724,12.913578034010657,6.671871,-0.100233,2.0,2.0,tail_2_3,True,True
17469,63922585381,2026-08-16 17:43:01.000,1,7809.5,1,True,40.05425843591425,49.305182743074724,8.495273488571412,5.889742,1.139692,2.0,2.0,tail_2_3,True,True
17480,63922588749,2026-08-16 18:39:09.344,1,7811.0,2,True,24.954819588037804,27.036069250984198,16.71949710697726,5.184946,-0.799764,1.0,3.0,tail_2_3,True,False
17491,63922594612,2026-08-16 20:16:52.752,1,7809.5,1,False,-1.4528622855630862,-12.57264971549023,0.18586685672374934,1.471038,4.244303,3.0,1.0,tail_1,True,True
17519,63922609104,2026-08-17 00:18:24.248,1,7815.5,4,True,48.43179138073682,57.25197639748585,9.282499667315312,8.098871,0.142222,4.0,0.0,no_tail,True,True
17522,63922609591,2026-08-17 00:26:31.464,1,7814.5,2,True,43.52794657713723,48.52887036257415,-0.3060329466464897,6.291554,4.126198,3.0,1.0,tail_1,True,True
17534,63922612478,2026-08-17 01:14:38.452,1,7816.75,1,True,34.913397026619606,42.936668065906446,12.338394672118614,5.289767,-0.172266,2.0,2.0,tail_2_3,True,False
17536,63922612795,2026-08-17 01:19:55.320,1,7815.5,1,True,34.913397026619606,42.936668065906446,4.991925880427395,4.526395,-0.121342,-1.0,0.0,no_tail,True,True
17552,63922619129,2026-08-17 03:05:29.748,1,7815.75,2,False,10.149650763305978,8.707156427695828,-2.476155951770242,1.255856,4.044585,4.0,0.0,no_tail,True,True
17600,63922623005,2026-08-17 04:10:05.604,-1,7817.5,3,False,23.06993086371277,45.54666637456219,9.0866269965187,0.483688,0.891058,2.0,2.0,tail_2_3,True,True
17688,63922630267,2026-08-17 06:11:07.584,-1,7805.5,2,True,29.316940341204525,24.30044516414266,7.112379196202045,5.959746,2.358418,2.0,2.0,tail_2_3,True,False
17721,63922631514,2026-08-17 06:31:54.104,1,7807.25,3,True,17.935315050565933,34.61612858363308,4.861420915026293,0.535902,1.346281,4.0,0.0,no_tail,True,False
17771,63922632187,2026-08-17 06:43:07.716,-1,7799.0,2,True,30.062029589339673,30.00362658190271,4.732762228293199,5.728679,3.999409,1.0,3.0,tail_2_3,True,True
17774,63922632223,2026-08-17 06:43:43.772,-1,7798.25,1,False,30.062029589339673,30.00362658190271,7.136449362954889,4.817536,1.375017,3.0,1.0,tail_1,True,True
17780,63922632327,2026-08-17 06:45:27.768,-1,7798.25,2,True,17.358478782131094,14.377904194997381,4.328578190969615,3.834529,2.539847,3.0,1.0,tail_1,True,True
17810,63922632925,2026-08-17 06:55:25.804,1,7799.0,1,True,16.039519933220145,29.45191115223076,2.6745325802124653,0.512626,3.567843,1.0,3.0,tail_2_3,True,False
17844,63922633465,2026-08-17 07:04:25.032,-1,7794.75,3,True,26.55197096777733,33.950174664148435,5.935073204604643,3.87981,2.848152,2.0,2.0,tail_2_3,True,True
17846,63922633482,2026-08-17 07:04:42.360,-1,7795.25,1,True,26.55197096777733,33.950174664148435,0.4612592571686575,3.223674,4.784472,2.0,2.0,tail_2_3,True,True
17848,63922633509,2026-08-17 07:05:09.452,-1,7795.25,1,False,26.55197096777733,33.950174664148435,-0.9546121344306301,2.673206,4.72569,2.0,2.0,tail_2_3,True,True
17851,63922633596,2026-08-17 07:06:36.168,-1,7794.25,1,False,11.499323303617793,2.9188694879016412,8.423222994867222,2.503819,1.169932,2.0,2.0,tail_2_3,True,True
17865,63922633930,2026-08-17 07:12:10.632,1,7796.5,1,False,18.280868899615175,36.62981863624823,12.87466966741492,0.277321,0.902978,0.0,4.0,tail_ge4,True,True
17871,63922634164,2026-08-17 07:16:04.056,1,7796.0,3,True,21.489030597567083,36.9029346104501,5.447026678638414,1.311512,-0.629889,-1.0,0.0,no_tail,True,False
17916,63922635792,2026-08-17 07:43:12.628,-1,7794.25,2,True,23.474149326522344,40.07457287355411,4.789966708593676,1.583538,-0.35793,-1.0,0.0,no_tail,True,True
17920,63922635978,2026-08-17 07:46:18.040,-1,7793.75,1,True,20.70812952204106,34.76126672807736,6.933353971408738,1.549019,3.099348,-0.0,4.0,tail_ge4,True,False
17923,63922636253,2026-08-17 07:50:53.340,-1,7794.0,2,True,11.0927060662461,14.892896103464649,-0.21344488987885377,1.195903,4.088173,3.0,1.0,tail_1,True,True
17933,63922636854,2026-08-17 08:00:54.012,-1,7793.0,4,True,22.031866410017468,35.60145142376816,4.829564210862292,1.759244,1.679552,4.0,0.0,no_tail,True,False
17941,63922637165,2026-08-17 08:06:05.892,1,7795.75,2,False,18.098634328353768,35.60261302186707,13.352552775642371,0.523263,-0.943551,3.0,1.0,tail_1,True,True
17945,63922637414,2026-08-17 08:10:14.796,1,7795.75,2,True,18.098634328353768,35.60261302186707,9.631932602539127,1.206991,-0.00526,4.0,0.0,no_tail,True,True
17949,63922637720,2026-08-17 08:15:20.380,1,7795.75,1,True,17.17498441211201,30.283276312432587,12.68692751737017,1.752647,0.984033,0.0,4.0,tail_ge4,True,True
17982,63922639747,2026-08-17 08:49:07.252,-1,7792.25,2,True,34.56160936464316,49.10312139896754,8.334543154137133,3.811842,-0.099384,4.0,0.0,no_tail,True,False
17992,63922640767,2026-08-17 09:06:07.268,-1,7793.0,1,False,11.257989589697985,5.652421635561954,2.115849341270634,1.330261,2.47807,4.0,0.0,no_tail,True,True
17995,63922640935,2026-08-17 09:08:55.748,-1,7792.75,1,False,8.485259785248056,10.961772833816728,8.889645064103284,1.475608,1.947301,1.0,3.0,tail_2_3,True,False
17997,63922640989,2026-08-17 09:09:49.064,-1,7793.25,1,True,8.889645064103284,11.57735479075289,2.4849248481844373,1.257859,3.952891,2.0,2.0,tail_2_3,True,False
18008,63922642211,2026-08-17 09:30:11.436,1,7794.75,4,True,22.966453656591632,41.15016660825499,2.3620736197616368,1.037594,2.376822,4.0,0.0,no_tail,True,False
18119,63922648004,2026-08-17 11:06:44.916,-1,7776.25,2,True,20.793105004684918,20.20509537327171,4.6951265304358625,4.072143,3.028591,3.0,1.0,tail_1,True,True
18122,63922648140,2026-08-17 11:09:00.236,-1,7775.25,1,True,20.043789879238595,18.705483538785174,9.919129417779374,3.673455,-0.446791,4.0,0.0,no_tail,True,True
18125,63922648278,2026-08-17 11:11:18.716,-1,7775.25,2,True,16.53819016997114,11.769606823947958,9.517391646028432,3.342151,0.056173,3.0,1.0,tail_1,True,False
18138,63922648931,2026-08-17 11:22:11.568,-1,7775.75,1,False,4.659004581753777,7.8050075551002704,7.439964542133173,0.630551,0.941326,2.0,2.0,tail_2_3,True,False
18145,63922649333,2026-08-17 11:28:53.196,-1,7776.0,1,False,7.439964542133173,13.103589588806848,5.139354414817803,0.141938,1.57752,2.0,2.0,tail_2_3,True,True
18147,63922649444,2026-08-17 11:30:44.044,-1,7776.0,1,False,5.139354414817803,10.747275478841962,5.5181061627808505,0.274897,1.727653,3.0,1.0,tail_1,True,True
18156,63922649825,2026-08-17 11:37:05.948,-1,7774.75,2,True,22.499988798814368,37.60216967372433,10.631905559405533,2.191867,-0.428988,4.0,0.0,no_tail,True,False
18174,63922652405,2026-08-17 12:20:05.068,-1,7774.75,3,True,23.413898230376386,37.56825237051301,6.116248049159082,1.927729,1.146333,4.0,0.0,no_tail,True,True
18218,63922654768,2026-08-17 12:59:28.908,-1,7770.0,2,True,34.12366106757566,43.411139222818385,11.981402546073499,5.061198,0.954414,1.0,3.0,tail_2_3,True,True
18220,63922654780,2026-08-17 12:59:40.664,-1,7770.0,1,True,32.00274623878894,39.24905155822909,6.19221751138186,4.450432,1.114782,4.0,0.0,no_tail,True,True
18238,63922655013,2026-08-17 13:03:33.792,-1,7768.25,2,True,24.542892965785715,30.41532028594181,10.551375196697728,4.144132,-0.061615,3.0,1.0,tail_1,True,True
18255,63922662001,2026-08-17 15:00:01.192,-1,7766.75,2,True,31.602821954034866,39.60816470767053,9.977753787348076,4.853423,1.128876,4.0,0.0,no_tail,True,True
18257,63922662052,2026-08-17 15:00:52.680,-1,7767.0,1,True,31.602821954034866,39.60816470767053,5.062048092582704,4.220404,2.236613,3.0,1.0,tail_1,True,True
18259,63922662192,2026-08-17 15:03:12.384,-1,7767.25,1,True,27.734675470283673,32.12788957057251,3.3010105522935165,3.635569,3.296851,2.0,2.0,tail_2_3,True,True
18261,63922662300,2026-08-17 15:05:00.672,-1,7766.75,1,False,20.343907319084977,16.926123812962086,5.311482629515066,3.289357,1.506243,2.0,2.0,tail_2_3,True,True
18263,63922662878,2026-08-17 15:14:38.256,-1,7766.75,1,False,9.977753787348076,-4.241063165326662,6.388533660342715,2.980261,1.699535,2.0,2.0,tail_2_3,True,True
18277,63922666668,2026-08-17 16:17:48.632,-1,7765.0,2,True,20.92818703414913,25.19435749819841,12.47414810002787,3.719701,-0.563907,3.0,1.0,tail_1,True,True
18298,63922671352,2026-08-17 17:35:52.376,1,7768.25,2,True,20.11764780609731,37.39010083915391,13.76983198679468,1.805303,1.168024,-1.0,5.0,tail_ge4,True,True
18300,63922672201,2026-08-17 17:50:01.716,1,7767.75,1,True,20.11764780609731,37.39010083915391,4.230654235262579,1.596689,3.233536,2.0,2.0,tail_2_3,True,True
18304,63922672817,2026-08-17 18:00:17.276,1,7767.5,2,True,18.586899937179876,30.660536249456676,1.6321061538409816,1.463182,4.623586,2.0,2.0,tail_2_3,True,False
18314,63922675167,2026-08-17 18:39:27.704,-1,7765.75,1,False,9.61663523931837,22.830184167126312,9.868344197973945,0.2699,-0.412222,3.0,1.0,tail_1,True,True
18376,63922678834,2026-08-17 19:40:34.352,-1,7752.25,4,True,40.255612643641044,37.06355644878562,11.168901055209783,8.93775,-0.337561,4.0,0.0,no_tail,True,True
18438,63922685617,2026-08-17 21:33:37.372,-1,7743.75,2,True,35.10087807630403,41.915633763621706,9.077762584924727,5.818452,1.534983,2.0,2.0,tail_2_3,True,True
18440,63922685886,2026-08-17 21:38:06.388,-1,7743.5,1,True,35.10087807630403,41.915633763621706,7.063478908936557,5.159467,0.76528,3.0,1.0,tail_1,True,True
18445,63922687210,2026-08-17 22:00:10.916,-1,7743.25,1,True,19.143183261071787,16.51712658761182,10.216774665875306,4.488336,1.05374,2.0,2.0,tail_2_3,True,True
18496,63922691480,2026-08-17 23:11:20.412,-1,7733.25,4,True,48.97070850648658,51.34818008682859,6.003840183768625,10.003266,1.513128,4.0,0.0,no_tail,True,False
18522,63922692734,2026-08-17 23:32:14.840,1,7735.75,2,True,13.109024555068919,25.596098558705346,3.879402239919294,0.536258,2.405148,3.0,1.0,tail_1,True,True
18524,63922693074,2026-08-17 23:37:54.848,1,7735.75,1,True,13.109024555068919,25.596098558705346,5.100324628516696,0.617008,2.566998,1.0,3.0,tail_2_3,True,True
18546,63922695042,2026-08-18 00:10:42.688,1,7738.75,4,True,29.507488795629087,36.551610876783286,8.013587119786491,4.536722,1.021525,2.0,2.0,tail_2_3,True,True
18550,63922695354,2026-08-18 00:15:54.260,1,7738.25,2,True,29.507488795629087,36.551610876783286,2.988203790098745,3.583934,3.41258,3.0,1.0,tail_1,True,False
18558,63922696019,2026-08-18 00:26:59.248,1,7738.5,1,False,2.988203790098745,-5.188608479483281,4.272212299751747,1.796686,2.243017,3.0,1.0,tail_1,True,False
18636,63922698710,2026-08-18 01:11:50.472,-1,7722.5,2,True,20.953042317060024,10.704944024753589,13.353203653282609,6.333091,0.055663,-0.0,4.0,tail_ge4,True,True
18657,63922699539,2026-08-18 01:25:39.028,1,7724.75,1,True,25.46503531653285,43.97498336942653,-3.1704116655740253,0.467969,4.330349,4.0,0.0,no_tail,True,True
18659,63922699628,2026-08-18 01:27:08.836,1,7725.25,1,True,25.46503531653285,43.97498336942653,2.2826014025095023,0.493102,2.422594,3.0,1.0,tail_1,True,True
18680,63922701079,2026-08-18 01:51:19.952,1,7727.0,4,True,37.10322940982541,50.077139288860174,1.569206313494721,4.526028,4.96953,2.0,2.0,tail_2_3,True,True
18696,63922701654,2026-08-18 02:00:54.736,1,7728.75,2,True,16.666928856890742,16.48875370587388,6.643571738926159,3.194139,1.567294,4.0,0.0,no_tail,True,True
18698,63922701747,2026-08-18 02:02:27.920,1,7729.25,1,True,14.654760003733657,13.286579002070116,7.728583415389582,2.976554,-0.165678,4.0,0.0,no_tail,True,True
18707,63922702017,2026-08-18 02:06:57.956,1,7728.5,3,True,17.55237133175343,21.545494626312916,-0.5983753654847233,2.534756,4.553249,4.0,0.0,no_tail,True,False
18713,63922702315,2026-08-18 02:11:55.244,1,7728.75,1,False,14.82523690263581,15.814314333189849,1.2638162828713828,1.498121,3.481508,3.0,1.0,tail_1,True,False
18715,63922702410,2026-08-18 02:13:30.056,1,7728.75,1,False,1.2638162828713828,-5.289820305853278,0.5353561834614868,1.240799,3.447559,4.0,0.0,no_tail,True,False
18735,63922703304,2026-08-18 02:28:24.624,-1,7726.5,2,True,24.238925549801998,36.758162146430415,6.296017117083224,2.730093,3.35149,1.0,3.0,tail_2_3,True,True
18752,63922704203,2026-08-18 02:43:23.048,-1,7726.0,2,True,23.029439002958327,38.12605207653207,6.228759661932872,1.696365,2.393059,3.0,1.0,tail_1,True,True
18760,63922704455,2026-08-18 02:47:35.212,-1,7725.5,3,True,19.70197192318497,29.36901060741081,4.425261786417903,2.174805,2.166774,4.0,0.0,no_tail,True,True
18762,63922704544,2026-08-18 02:49:04.264,-1,7725.5,1,True,19.70197192318497,29.36901060741081,4.2029970344875025,1.950315,2.271597,3.0,1.0,tail_1,True,True
18793,63922706800,2026-08-18 03:26:40.560,1,7729.5,3,True,28.304003829458004,37.53175798798753,4.953484952342026,3.998747,1.628322,4.0,0.0,no_tail,True,True
18802,63922707953,2026-08-18 03:45:53.900,1,7730.75,4,True,29.162158027434444,38.65915610107593,10.088422826673733,4.182738,-0.198342,4.0,0.0,no_tail,True,True
18832,63922710832,2026-08-18 04:33:52.768,1,7734.25,2,True,29.150272646091054,30.92475701808719,10.330310015131209,5.335657,-0.300915,4.0,0.0,no_tail,True,True
18837,63922711255,2026-08-18 04:40:55.344,1,7733.5,2,True,19.204725980633018,10.875892987785255,4.019681107113693,4.036568,3.320585,2.0,2.0,tail_2_3,True,True
18846,63922712262,2026-08-18 04:57:42.768,1,7735.25,4,True,32.113861608917844,42.74551492523506,9.248492506745329,4.418258,-0.163546,4.0,0.0,no_tail,True,True
18850,63922712430,2026-08-18 05:00:30.568,1,7735.25,2,True,32.113861608917844,42.74551492523506,9.457416380437818,3.96331,0.734758,2.0,2.0,tail_2_3,True,True
18852,63922712652,2026-08-18 05:04:12.500,1,7735.0,1,True,22.316515599287953,23.7437979474608,5.939910127016496,3.497244,1.872801,3.0,1.0,tail_1,True,True
18900,63922716472,2026-08-18 06:07:52.892,-1,7732.5,1,False,-0.33124230952806993,-2.912392766874408,4.9124612013418805,0.56229,1.325189,4.0,0.0,no_tail,True,True
18960,63922717842,2026-08-18 06:30:42.060,-1,7724.25,3,True,30.19478268858715,22.010463098067223,5.116467622592809,6.48713,1.880954,4.0,0.0,no_tail,True,False
19027,63922718085,2026-08-18 06:34:45.356,-1,7723.25,1,True,37.60010769357826,47.37822488399681,13.968061466399602,5.234865,-0.864984,1.0,3.0,tail_2_3,True,False
19048,63922718167,2026-08-18 06:36:07.436,1,7726.75,3,True,37.78422660196852,56.66907479702678,0.6046390136830349,2.709296,3.739202,4.0,0.0,no_tail,True,True
19050,63922718170,2026-08-18 06:36:10.676,1,7727.0,1,True,35.20761001308945,52.54061623157527,1.4243087987843206,2.322878,2.762332,4.0,0.0,no_tail,True,True
19052,63922718178,2026-08-18 06:36:18.404,1,7727.0,1,True,28.18086266173373,41.12759179629786,3.586607370755694,2.065883,2.859038,2.0,2.0,tail_2_3,True,True
19088,63922718375,2026-08-18 06:39:35.528,1,7728.25,2,True,26.885676823754856,45.97463561861921,10.588877643378915,1.683653,-0.077518,3.0,1.0,tail_1,True,True
19116,63922718610,2026-08-18 06:43:30.104,1,7731.5,3,True,36.17730780338506,44.827403832211445,11.08270067832436,5.809931,1.671974,0.0,4.0,tail_ge4,True,False
19119,63922718637,2026-08-18 06:43:57.808,1,7731.25,2,True,28.78938132366054,30.367459265979797,1.4583591310542243,4.600858,2.748347,4.0,0.0,no_tail,True,True
19133,63922718742,2026-08-18 06:45:42.448,-1,7728.25,4,True,36.55856142995593,56.94928996153094,13.810614382988787,2.004352,0.163877,1.0,3.0,tail_2_3,True,True
19135,63922718747,2026-08-18 06:45:47.464,-1,7728.25,1,True,36.55856142995593,56.94928996153094,7.942410513675493,1.923757,0.385032,4.0,0.0,no_tail,True,True
19138,63922718763,2026-08-18 06:46:03.684,-1,7729.25,2,True,34.4626400523318,53.68526135011061,-0.830425072516399,1.45679,4.341548,3.0,1.0,tail_1,True,True
19146,63922718850,2026-08-18 06:47:30.492,-1,7728.0,2,True,23.416342780306312,35.70616249027549,9.646857334468582,2.483471,1.628102,1.0,3.0,tail_2_3,True,True
19149,63922718871,2026-08-18 06:47:51.332,-1,7728.25,2,True,23.416342780306312,35.70616249027549,2.9335751771121807,2.078355,2.781838,4.0,0.0,no_tail,True,False
19152,63922718885,2026-08-18 06:48:05.376,-1,7727.75,1,True,19.327537224219462,27.829752500385016,6.2081487006340375,1.931183,1.108175,4.0,0.0,no_tail,True,False
19173,63922719049,2026-08-18 06:50:49.768,-1,7727.0,3,True,30.501714916656592,44.81648840879627,1.9707320375754829,3.125988,2.85784,4.0,0.0,no_tail,True,True
19176,63922719067,2026-08-18 06:51:07.636,-1,7726.25,1,True,25.639453577776234,35.529214673880276,7.4939644655920725,2.815445,0.252475,4.0,0.0,no_tail,True,True
19189,63922719207,2026-08-18 06:53:27.448,-1,7725.5,3,True,26.828157203272944,36.486629350324556,6.627290880565457,3.893824,2.227338,3.0,1.0,tail_1,True,True
19195,63922719291,2026-08-18 06:54:51.512,-1,7725.5,3,True,21.24654600124135,23.57947245641813,1.3962126987190315,3.040088,3.107035,3.0,1.0,tail_1,True,True
19206,63922719402,2026-08-18 06:56:42.600,-1,7723.75,2,True,28.221091179509873,38.43645333701483,11.612176241070468,4.152019,0.459435,2.0,2.0,tail_2_3,True,False
19219,63922719514,2026-08-18 06:58:34.848,1,7726.75,1,False,23.105292785991075,47.28259547359956,10.579798167332278,0.312127,0.259475,2.0,2.0,tail_2_3,True,False
19221,63922719540,2026-08-18 06:59:00.620,1,7726.75,1,True,12.648531101853031,29.775715155647244,8.436827950879943,0.520047,0.510957,3.0,1.0,tail_1,True,False
19241,63922719666,2026-08-18 07:01:06.452,-1,7724.5,3,True,22.625527843235435,35.681573008856454,-0.22039667813019828,1.78108,3.757882,4.0,0.0,no_tail,True,True
19244,63922719708,2026-08-18 07:01:48.376,-1,7723.5,1,True,22.625527843235435,35.681573008856454,9.086850463420213,1.846432,0.2377,3.0,1.0,tail_1,True,False
19267,63922719934,2026-08-18 07:05:34.068,1,7728.25,2,True,38.43626584767066,51.774948644486926,10.267746221549524,4.487588,1.365288,1.0,3.0,tail_2_3,True,False
19286,63922720135,2026-08-18 07:08:55.048,1,7729.5,3,True,33.66504402499476,49.45045153747754,14.088934465774221,3.393432,-0.943859,3.0,1.0,tail_1,True,False
19288,63922720165,2026-08-18 07:09:25.308,1,7729.5,1,True,33.66504402499476,49.45045153747754,10.36919647421981,3.184445,-0.637526,4.0,0.0,no_tail,True,False
19291,63922720179,2026-08-18 07:09:39.056,1,7728.25,2,True,33.66504402499476,49.12122280214182,-0.8098791969859858,2.436504,4.320063,4.0,0.0,no_tail,True,False
19373,63922721068,2026-08-18 07:24:28.292,1,7724.75,1,False,-0.30228972786086944,-1.5971453108057563,1.955700008572674,0.201408,4.836836,0.0,4.0,tail_ge4,True,True
19394,63922721253,2026-08-18 07:27:33.036,1,7728.25,3,True,25.039347642378182,33.5812443508454,13.334399108584183,4.131583,-0.589456,1.0,3.0,tail_2_3,True,True
19396,63922721273,2026-08-18 07:27:53.628,1,7728.25,1,True,24.456357180409523,30.969991253860147,9.596434659024002,3.782031,-0.310375,4.0,0.0,no_tail,True,True
19399,63922721306,2026-08-18 07:28:26.416,1,7728.25,2,True,24.456357180409523,30.969991253860147,9.230630532015576,3.411935,0.177162,3.0,1.0,tail_1,True,False
19401,63922721335,2026-08-18 07:28:55.476,1,7728.0,1,True,18.17666327549818,17.812142638724467,7.177062024024245,3.073331,1.35808,3.0,1.0,tail_1,True,False
19416,63922721498,2026-08-18 07:31:38.556,1,7729.25,3,True,28.591385346007538,42.91799106503238,10.087904473653891,3.033782,-0.838305,4.0,0.0,no_tail,True,True
19438,63922721826,2026-08-18 07:37:06.796,1,7730.5,2,True,15.882678158072208,18.91774966506661,9.252213523335536,2.911684,-0.152034,3.0,1.0,tail_1,True,True
19440,63922721849,2026-08-18 07:37:29.124,1,7730.75,1,True,15.882678158072208,18.91774966506661,10.763570663751938,2.828584,-0.792016,3.0,1.0,tail_1,True,True
19442,63922721907,2026-08-18 07:38:27.392,1,7730.25,1,True,15.882678158072208,18.91774966506661,8.579920637919164,2.613141,1.42421,2.0,2.0,tail_2_3,True,True
19445,63922721947,2026-08-18 07:39:07.932,1,7730.75,1,True,11.879825590936349,10.393292362730053,11.816456986006102,2.629403,0.051842,2.0,2.0,tail_2_3,True,True
19447,63922721963,2026-08-18 07:39:23.764,1,7730.5,1,True,11.816456986006102,12.11365235484154,7.454235637338958,2.42061,1.242396,3.0,1.0,tail_1,True,True
19452,63922722061,2026-08-18 07:41:01.096,1,7730.25,2,True,15.01832412969688,19.20847294393091,6.046300803826601,2.330161,3.122068,2.0,2.0,tail_2_3,True,False
19454,63922722116,2026-08-18 07:41:56.672,1,7730.0,1,True,15.01832412969688,19.20847294393091,2.0326885792319205,2.003669,4.151898,1.0,3.0,tail_2_3,True,False
19484,63922722609,2026-08-18 07:50:09.792,-1,7725.25,2,True,24.43679423266729,26.168824895278366,11.171548039881314,4.644483,0.647703,2.0,2.0,tail_2_3,True,True
19545,63922723414,2026-08-18 08:03:34.968,-1,7718.25,5,True,40.4742589995983,49.744106103948404,13.012681458394297,6.54916,-0.783265,2.0,2.0,tail_2_3,True,False
19586,63922724138,2026-08-18 08:15:38.344,-1,7718.25,2,True,20.453436380921023,29.444554128154184,9.961450766068909,2.873329,-0.144614,4.0,0.0,no_tail,True,True
19588,63922724189,2026-08-18 08:16:29.960,-1,7718.0,1,True,20.453436380921023,29.444554128154184,11.440477727569814,2.831474,-0.747489,2.0,2.0,tail_2_3,True,True
19614,63922724854,2026-08-18 08:27:34.748,-1,7715.75,2,True,20.03637328896254,21.111508232230804,10.521470038122027,4.031052,-0.368991,3.0,1.0,tail_1,True,False
19635,63922725183,2026-08-18 08:33:03.096,1,7718.75,2,True,21.56128875964216,37.056842945065895,4.815910420117602,1.83607,3.64494,1.0,3.0,tail_2_3,True,True
19637,63922725219,2026-08-18 08:33:39.340,1,7718.5,1,True,19.49335208590916,31.0654883704889,0.13857912183738264,1.509441,4.596886,2.0,2.0,tail_2_3,True,True
19639,63922725276,2026-08-18 08:34:36.380,1,7719.25,1,True,15.362684926922718,22.825771260102076,2.4320809663258984,1.394943,1.707852,4.0,0.0,no_tail,True,True
19660,63922725860,2026-08-18 08:44:20.644,1,7720.5,2,True,23.18996924795914,38.61370907737024,9.490193568492295,2.092973,-0.905688,4.0,0.0,no_tail,True,True
19674,63922726276,2026-08-18 08:51:16.792,1,7722.25,3,True,36.34930214542988,49.68565772563409,12.848239931071332,5.015299,-0.725263,3.0,1.0,tail_1,True,True
19686,63922726604,2026-08-18 08:56:44.092,1,7723.5,2,True,32.618701110093504,41.64631099809821,13.58382582044896,5.168759,-0.710785,2.0,2.0,tail_2_3,True,False
19705,63922727254,2026-08-18 09:07:34.216,1,7723.25,4,True,24.20404435855523,30.710650617369744,-1.0604619664238752,3.336258,4.422953,4.0,0.0,no_tail,True,True
19710,63922727403,2026-08-18 09:10:03.644,1,7724.5,2,True,21.893550202825498,25.459243772775114,7.4970433354447765,2.924774,0.251202,4.0,0.0,no_tail,True,True
19718,63922727885,2026-08-18 09:18:05.752,1,7724.25,1,True,23.336784285698315,31.894554934381464,4.748240240601782,2.98897,3.339757,2.0,2.0,tail_2_3,True,True
19744,63922728925,2026-08-18 09:35:25.128,-1,7722.75,3,True,23.04820024081537,44.87278914390504,9.669056355757345,1.049243,0.325282,2.0,2.0,tail_2_3,True,False
19755,63922729525,2026-08-18 09:45:25.460,-1,7722.75,1,True,7.6607610010073985,12.896811172842586,9.757303675349391,0.696835,0.621109,1.0,3.0,tail_2_3,True,False
19771,63922730476,2026-08-18 10:01:16.264,1,7726.0,2,True,24.934219061016996,40.05649630249051,6.699189859014491,2.613631,1.224055,4.0,0.0,no_tail,True,False
19779,63922730803,2026-08-18 10:06:43.940,1,7725.75,2,True,7.170970586004786,6.414184873634498,3.711995204945175,1.604648,2.47418,3.0,1.0,tail_1,True,True
19781,63922730920,2026-08-18 10:08:40.148,1,7725.75,1,True,7.170970586004786,6.414184873634498,3.5150721244375407,1.444154,2.555366,3.0,1.0,tail_1,True,True
19786,63922731149,2026-08-18 10:12:29.628,1,7726.0,2,True,15.675606879497572,23.86887898076397,8.134679852706261,1.832979,2.597382,0.0,4.0,tail_ge4,True,True
19795,63922731749,2026-08-18 10:22:29.548,-1,7724.25,2,False,17.151132647986046,35.07734922529044,5.557007220985308,0.160526,1.698496,4.0,0.0,no_tail,True,True
19812,63922732790,2026-08-18 10:39:50.912,-1,7722.75,3,True,21.156105264088957,28.87591547399432,7.952451661209549,2.984989,1.354153,3.0,1.0,tail_1,True,True
19857,63922735610,2026-08-18 11:26:50.360,1,7722.5,4,True,30.375534126944626,49.67196751839935,9.32431124255929,1.793554,0.137674,3.0,1.0,tail_1,True,True
19864,63922736094,2026-08-18 11:34:54.932,1,7722.75,2,True,15.701735138889626,22.932573946866675,8.351519571406142,2.126252,0.533691,4.0,0.0,no_tail,True,True
19868,63922736526,2026-08-18 11:42:06.852,1,7722.75,2,True,16.162363476460946,22.932573946866675,10.708041849837134,2.389077,1.511428,0.0,4.0,tail_ge4,True,False
19872,63922736790,2026-08-18 11:46:30.008,1,7722.0,2,True,16.162363476460946,22.53056397197853,0.5339048167515342,1.906584,4.754624,2.0,2.0,tail_2_3,True,False
19874,63922736878,2026-08-18 11:47:58.836,1,7722.0,1,True,16.162363476460946,22.53056397197853,-2.3254656481202263,1.488866,4.62278,4.0,0.0,no_tail,True,False
19911,63922740425,2026-08-18 12:47:05.816,-1,7719.25,2,False,6.433572460379655,10.129515495465887,4.48623620989435,0.792511,1.821506,4.0,0.0,no_tail,True,True
19915,63922740600,2026-08-18 12:50:00.608,-1,7719.0,2,True,13.45693748039694,22.710350252759223,7.429823989227412,1.227737,1.572669,3.0,1.0,tail_1,True,True
19917,63922740604,2026-08-18 12:50:04.612,-1,7719.0,1,True,13.45693748039694,22.710350252759223,4.815227716154401,1.158366,1.685497,4.0,0.0,no_tail,True,True
19920,63922740680,2026-08-18 12:51:20.052,-1,7718.25,1,True,13.45693748039694,22.710350252759223,10.663854981582562,1.446072,-0.749606,3.0,1.0,tail_1,True,True
19940,63922741181,2026-08-18 12:59:41.280,-1,7716.5,2,True,34.68225278934107,45.035234317684136,5.493582248289124,4.426034,1.724779,4.0,0.0,no_tail,True,True
19952,63922741200,2026-08-18 13:00:00.532,-1,7715.0,5,True,37.753436440909425,49.31930685108659,8.309038366075137,5.083142,1.204768,3.0,1.0,tail_1,True,True
19956,63922741250,2026-08-18 13:00:50.988,-1,7714.75,2,True,36.16451335928212,46.22389634050043,8.063096382955573,4.321789,0.974672,4.0,0.0,no_tail,True,True
19960,63922741538,2026-08-18 13:05:38.508,-1,7714.75,2,True,14.086059730862493,7.1566813884339995,7.14487332356549,3.739707,1.704662,2.0,2.0,tail_2_3,True,True
19964,63922742297,2026-08-18 13:18:17.564,-1,7714.25,1,True,13.159811752808285,7.1566813884339995,10.96611706177952,3.334,0.415191,2.0,2.0,tail_2_3,True,True
19968,63922743858,2026-08-18 13:44:18.264,-1,7714.75,2,True,13.696733964713877,12.80197451342124,6.952098231393685,2.966994,3.078444,1.0,3.0,tail_2_3,True,True
19983,63922748477,2026-08-18 15:01:17.452,-1,7714.25,1,False,13.789000046708423,12.686636678969265,1.2246444497191298,1.494377,2.844366,4.0,0.0,no_tail,True,True
19991,63922748930,2026-08-18 15:08:50.644,-1,7714.0,2,False,10.541038267769169,14.227841305104425,3.506471931343281,1.268664,2.54585,4.0,0.0,no_tail,True,False
20028,63922754828,2026-08-18 16:47:08.920,-1,7711.0,1,False,18.256207158070442,15.671782670494688,6.667237360487425,2.761339,0.917273,4.0,0.0,no_tail,True,False
20030,63922755208,2026-08-18 16:53:28.240,-1,7711.25,1,False,12.794855248139463,4.6723610303788154,5.533697474071847,2.465896,2.041281,3.0,1.0,tail_1,True,False
20095,63922759200,2026-08-18 18:00:00.364,1,7710.5,5,True,43.21481869378847,57.495099242300896,5.133898110132997,5.289613,-0.180124,-1.0,0.0,no_tail,True,True
20098,63922759432,2026-08-18 18:03:52.584,1,7711.0,1,True,38.381524223752734,48.589874399554205,1.139042805625577,4.179687,2.879523,4.0,0.0,no_tail,True,True
20121,63922761472,2026-08-18 18:37:52.604,1,7713.0,5,True,29.77669356705259,35.82335827837011,-0.8218706815825197,4.203863,4.017941,3.0,1.0,tail_1,True,True
20150,63922764398,2026-08-18 19:26:38.544,-1,7710.25,2,True,28.340943989849603,39.708591569496505,4.487906599322301,3.257294,3.447357,2.0,2.0,tail_2_3,True,True
20160,63922765697,2026-08-18 19:48:17.104,-1,7709.0,3,True,26.562239795186105,36.2612391210372,5.358740587290638,3.424688,1.460539,4.0,0.0,no_tail,True,True
20162,63922765919,2026-08-18 19:51:59.660,-1,7709.5,1,True,26.562239795186105,36.2612391210372,4.29226796548508,2.98082,3.541236,1.0,3.0,tail_2_3,True,True
20166,63922766774,2026-08-18 20:06:14.972,-1,7709.75,2,True,14.895250564763934,12.233440867320486,1.7978096778054165,2.421407,4.888682,1.0,3.0,tail_2_3,True,True
20171,63922767451,2026-08-18 20:17:31.984,-1,7709.25,2,True,13.65396422788393,16.518811843295964,5.430370898373398,2.291749,3.723761,-0.0,4.0,tail_ge4,True,True
20183,63922769676,2026-08-18 20:54:36.464,-1,7707.75,2,True,20.429892727289133,33.32171944656678,14.892039923001017,2.008089,-0.962496,2.0,2.0,tail_2_3,True,True
20191,63922771469,2026-08-18 21:24:29.100,-1,7707.75,2,True,26.088403588518716,39.07797966237895,7.00847253809264,2.731531,1.415308,4.0,0.0,no_tail,True,True
20193,63922771660,2026-08-18 21:27:40.400,-1,7707.5,1,True,26.088403588518716,39.07797966237895,7.328317661543074,2.555877,0.654807,3.0,1.0,tail_1,True,True
20195,63922771867,2026-08-18 21:31:07.336,-1,7707.5,1,True,22.692535845050458,32.63587808382827,6.857081866419471,2.35291,0.838213,4.0,0.0,no_tail,True,True
20218,63922774257,2026-08-18 22:10:57.844,-1,7705.0,1,False,11.55623777080989,-7.491561414993839,8.501924092203081,3.312112,0.176627,2.0,2.0,tail_2_3,True,True
20230,63922775492,2026-08-18 22:31:32.068,-1,7703.5,1,True,38.32669962209106,51.29967067135744,13.086051127723307,5.209774,0.491499,-0.0,4.0,tail_ge4,True,True
20278,63922779815,2026-08-18 23:43:35.236,1,7705.25,2,True,29.056783454760367,41.04487272830248,13.605333580409859,3.970072,0.586325,0.0,4.0,tail_ge4,True,True
20366,63922788218,2026-08-19 02:03:38.772,1,7719.0,1,True,22.41869357174886,12.913868349493312,5.882315022166627,5.182571,1.576626,3.0,1.0,tail_1,True,True
20412,63922795224,2026-08-19 04:00:24.032,-1,7713.5,1,False,16.158769186198505,6.799993559050013,2.9158978251820606,2.644474,1.188652,4.0,0.0,no_tail,True,False
20433,63922797238,2026-08-19 04:33:58.308,1,7717.25,1,True,22.782795364035387,33.040512745883845,10.47612128562164,2.916214,0.623611,2.0,2.0,tail_2_3,True,False
20435,63922797349,2026-08-19 04:35:49.344,1,7716.75,1,True,22.782795364035387,33.040512745883845,5.445739673932074,2.578724,2.730984,2.0,2.0,tail_2_3,True,False
20442,63922798307,2026-08-19 04:51:47.072,1,7716.5,1,False,5.666644101487367,-1.9691296514471672,2.456711463637239,1.173189,3.311232,3.0,1.0,tail_1,True,True
20445,63922798724,2026-08-19 04:58:44.640,1,7717.0,1,False,3.0153256063625915,0.7185277998312861,4.389112794641741,1.13754,1.541497,4.0,0.0,no_tail,True,True
20448,63922798869,2026-08-19 05:01:09.128,1,7716.25,2,False,4.961825574130654,4.935134843961373,1.6248545495682756,0.958098,4.626596,2.0,2.0,tail_2_3,True,True
20452,63922799214,2026-08-19 05:06:54.820,1,7716.75,2,True,6.654198940297065,8.854519198384072,3.2005704214286066,1.014811,3.00507,3.0,1.0,tail_1,True,True
20455,63922799442,2026-08-19 05:10:42.816,1,7717.5,1,True,9.492868980817784,14.283600286102615,11.302880512212386,1.357865,0.604688,1.0,3.0,tail_2_3,True,True
20458,63922799812,2026-08-19 05:16:52.396,1,7717.75,1,True,12.55460036094975,18.90216113486149,12.791222815131599,1.699838,0.285787,1.0,3.0,tail_2_3,True,True
20466,63922800600,2026-08-19 05:30:00.736,1,7717.25,3,True,22.764350268247874,34.480241398714895,1.0199862950072462,2.227816,4.221858,3.0,1.0,tail_1,True,True
20493,63922800943,2026-08-19 05:35:43.376,1,7721.75,4,True,39.09657374783207,49.7208394272453,10.93806141055613,6.238118,-0.546215,3.0,1.0,tail_1,True,True
20608,63922802156,2026-08-19 05:55:56.076,1,7751.25,4,True,42.47946346923871,35.826773399835226,4.959702526723683,9.334994,3.252338,2.0,2.0,tail_2_3,True,True
20647,63922802941,2026-08-19 06:09:01.776,-1,7745.25,2,True,39.48183335608667,47.12037807055709,7.540968799968686,5.93231,1.193096,4.0,0.0,no_tail,True,True
20671,63922803930,2026-08-19 06:25:30.972,1,7747.75,3,True,20.20993948355528,35.45020703217983,6.925374034425633,1.27191,2.756429,2.0,2.0,tail_2_3,True,True
20678,63922804080,2026-08-19 06:28:00.112,1,7749.0,2,True,22.714640621804403,35.84173620149989,12.928165550487122,2.440057,-0.093467,1.0,3.0,tail_2_3,True,False
20710,63922804248,2026-08-19 06:30:48.092,-1,7744.5,3,True,31.752646917814314,42.92114565165812,1.8535209631126566,3.70646,2.906005,4.0,0.0,no_tail,True,True
20712,63922804258,2026-08-19 06:30:58.464,-1,7744.25,1,True,29.047617864991327,37.79534294613679,3.2940055239839166,3.230789,1.993202,4.0,0.0,no_tail,True,True
20715,63922804267,2026-08-19 06:31:07.624,-1,7743.75,1,True,16.279353015597234,11.996241462771168,13.333820460792165,3.18365,0.704241,-0.0,4.0,tail_ge4,True,True
20717,63922804274,2026-08-19 06:31:14.080,-1,7744.0,1,True,13.333820460792165,12.478445007400058,8.133631743157917,2.947448,1.957663,-0.0,4.0,tail_ge4,True,True
20719,63922804281,2026-08-19 06:31:21.180,-1,7743.5,1,True,13.333820460792165,12.478445007400058,6.865214709851384,2.737811,0.194675,4.0,0.0,no_tail,True,True
20721,63922804285,2026-08-19 06:31:25.820,-1,7743.5,1,True,13.333820460792165,12.478445007400058,7.874432552447561,2.542194,0.413462,4.0,0.0,no_tail,True,True
20723,63922804296,2026-08-19 06:31:36.976,-1,7744.25,1,True,13.333820460792165,12.478445007400058,5.884507180967288,2.273411,3.535456,-0.0,4.0,tail_ge4,True,True
20734,63922804338,2026-08-19 06:32:18.812,-1,7744.25,1,False,16.33691620334729,22.074063178812192,-1.1126969230531745,1.333932,4.457478,3.0,1.0,tail_1,True,True
20767,63922804559,2026-08-19 06:35:59.192,-1,7741.25,4,True,24.642249130139817,31.249432032977552,3.2394847760844057,3.525991,2.989027,3.0,1.0,tail_1,True,True
20775,63922804610,2026-08-19 06:36:50.120,-1,7740.25,4,True,28.565463586894328,38.939690201021094,5.715131381049448,3.732594,1.632917,4.0,0.0,no_tail,True,True
20777,63922804612,2026-08-19 06:36:52.920,-1,7740.25,1,True,28.565463586894328,38.939690201021094,5.394785014341155,3.309778,1.77879,3.0,1.0,tail_1,True,True
20783,63922804657,2026-08-19 06:37:37.520,-1,7740.75,4,True,13.824661552582317,13.236278826501959,-2.52495528077132,2.428968,4.384742,4.0,0.0,no_tail,True,True
20822,63922804940,2026-08-19 06:42:20.844,-1,7735.75,3,True,26.175408868442386,28.154680067074604,9.59665747269423,5.114089,1.64928,1.0,3.0,tail_2_3,True,False
20857,63922805203,2026-08-19 06:46:43.104,1,7742.0,3,True,32.51799948205022,40.52289502307271,10.462824344006176,5.411318,0.309175,2.0,2.0,tail_2_3,True,False
20859,63922805208,2026-08-19 06:46:48.004,1,7741.75,1,True,32.51799948205022,40.52289502307271,6.8847926366347245,4.755484,1.479942,3.0,1.0,tail_1,True,False
20861,63922805226,2026-08-19 06:47:06.356,1,7741.0,1,True,31.48796934060717,37.68771286759144,3.5033514681488835,4.064933,4.519931,0.0,4.0,tail_ge4,True,False
21007,63922806002,2026-08-19 07:00:02.756,1,7739.75,2,True,29.565086174577143,25.774038178116363,4.341035291511242,5.560897,2.854787,3.0,1.0,tail_1,True,True
21019,63922806077,2026-08-19 07:01:17.140,1,7739.75,1,False,5.795673181126499,-2.147661715400602,4.541203180403301,1.93834,2.78519,2.0,2.0,tail_2_3,True,False
21032,63922806147,2026-08-19 07:02:27.132,-1,7738.0,1,False,12.241174856398052,27.36385454403184,7.348908197695624,0.181842,1.619513,2.0,2.0,tail_2_3,True,True
21034,63922806174,2026-08-19 07:02:54.472,-1,7737.5,1,True,7.348908197695624,15.056372692319254,7.6132574349222475,0.42294,-0.117474,4.0,0.0,no_tail,True,True
21038,63922806206,2026-08-19 07:03:26.556,-1,7737.5,1,True,12.785991927809205,23.256421033216025,10.446201564269655,0.988779,0.636315,2.0,2.0,tail_2_3,True,True
21040,63922806224,2026-08-19 07:03:44.972,-1,7737.0,1,True,12.785991927809205,23.256421033216025,11.16441577645972,1.253194,-0.949715,2.0,2.0,tail_2_3,True,True
21050,63922806296,2026-08-19 07:04:56.512,-1,7737.25,1,True,21.112837890906935,33.41890399932683,7.2528529005400335,1.552219,1.659629,2.0,2.0,tail_2_3,True,True
21068,63922806434,2026-08-19 07:07:14.656,-1,7737.0,2,True,13.151336606015704,23.773491316606087,7.194508202683936,0.96531,1.337728,4.0,0.0,no_tail,True,True
21077,63922806505,2026-08-19 07:08:25.384,-1,7736.25,2,True,15.692884852223633,25.085484574633764,8.72917500078402,1.950844,0.375117,4.0,0.0,no_tail,True,False
21084,63922806561,2026-08-19 07:09:21.920,-1,7735.75,1,True,11.34437925127063,15.472017471784119,12.653840386106728,1.737269,-0.961446,3.0,1.0,tail_1,True,True
21110,63922806792,2026-08-19 07:13:12.024,-1,7733.25,2,True,34.72526212182499,44.13683044315967,13.478973883880755,5.396481,-0.665237,2.0,2.0,tail_2_3,True,True
21114,63922806813,2026-08-19 07:13:33.212,-1,7733.5,2,True,31.534055302813954,38.16814958708995,9.741424078944213,4.691413,1.268039,1.0,3.0,tail_2_3,True,True
21117,63922806842,2026-08-19 07:14:02.100,-1,7734.0,2,True,18.319982636633597,11.095354436667744,1.5534807562681618,3.7284,3.349402,4.0,0.0,no_tail,True,True
21132,63922806972,2026-08-19 07:16:12.120,-1,7732.5,6,True,40.09232689335227,52.6072901579801,1.6467618676013438,4.70324,3.964344,3.0,1.0,tail_1,True,True
21165,63922807209,2026-08-19 07:20:09.140,1,7737.5,3,True,37.720230738358296,49.02132070231158,7.3749066582297695,4.900464,0.635345,3.0,1.0,tail_1,True,True
21190,63922807431,2026-08-19 07:23:51.208,1,7737.0,1,False,5.803612682731544,12.13001010394782,5.5775152453146655,0.168465,3.329639,1.0,3.0,tail_2_3,True,False
21197,63922807498,2026-08-19 07:24:58.684,-1,7736.0,1,True,2.8292555904853383,6.050153662654923,4.954925620248917,0.138895,2.934186,2.0,2.0,tail_2_3,True,True
21199,63922807514,2026-08-19 07:25:14.164,-1,7735.25,1,True,4.954925620248917,10.065687778842811,6.147741007982211,0.362453,0.173003,4.0,0.0,no_tail,True,True
21206,63922807589,2026-08-19 07:26:29.780,-1,7734.25,3,True,28.650839236849038,45.53624824512219,15.725096202213377,2.442853,-0.997051,1.0,3.0,tail_2_3,True,True
21293,63922809061,2026-08-19 07:51:01.692,1,7748.25,1,False,27.010789190153957,14.001654070624674,0.6894259382339691,4.803086,3.717433,3.0,1.0,tail_1,True,True
21300,63922809158,2026-08-19 07:52:38.820,1,7749.5,1,False,16.12500467421577,12.168778709283972,11.205807423735838,3.954175,0.313014,2.0,2.0,tail_2_3,True,True
21357,63922810485,2026-08-19 08:14:45.472,1,7757.5,2,False,9.153877915562596,8.652882654434642,2.6172826746044255,1.858911,4.218523,2.0,2.0,tail_2_3,True,False
21363,63922810644,2026-08-19 08:17:24.708,-1,7755.75,2,False,19.12163586412224,38.762838697080284,12.2437284324992,0.07477,0.188527,2.0,2.0,tail_2_3,True,True
21439,63922812372,2026-08-19 08:46:12.176,-1,7744.75,2,True,40.85010299934376,41.245623236908,9.76798815958308,7.814059,1.256793,1.0,3.0,tail_2_3,True,False
21441,63922812465,2026-08-19 08:47:45.716,-1,7745.25,1,False,33.32486642457564,24.779243742653033,4.032148028891312,6.67569,3.315479,2.0,2.0,tail_2_3,True,True
21622,63922817892,2026-08-19 10:18:12.604,-1,7738.0,2,True,20.8639115892668,19.936180840025514,0.8767861625680052,2.880224,2.987227,4.0,0.0,no_tail,True,True
21647,63922818587,2026-08-19 10:29:47.964,-1,7735.0,3,True,28.205786552738505,26.844458339175045,0.1754009317195385,4.913608,4.261678,2.0,2.0,tail_2_3,True,True
21650,63922818664,2026-08-19 10:31:04.720,-1,7735.0,1,False,22.694356508077025,15.364105566921385,2.2848895945277703,3.937579,4.381378,-0.0,4.0,tail_ge4,True,True
21660,63922819028,2026-08-19 10:37:08.948,-1,7733.0,2,True,26.370067855211513,33.36751488119405,14.17550186023754,4.32632,0.004739,1.0,3.0,tail_2_3,True,True
21677,63922819725,2026-08-19 10:48:45.216,1,7735.75,3,False,17.007893534462017,39.09188012657858,6.972045299234924,0.296148,0.470206,4.0,0.0,no_tail,True,True
21680,63922819819,2026-08-19 10:50:19.568,1,7735.5,2,True,16.33691620334729,33.43582513401408,5.420906976509519,0.500418,1.754893,4.0,0.0,no_tail,True,True
21682,63922819916,2026-08-19 10:51:56.776,1,7735.5,1,True,16.33691620334729,33.43582513401408,4.40817499106851,0.528786,1.853709,4.0,0.0,no_tail,True,True
21763,63922821537,2026-08-19 11:18:57.024,-1,7732.5,2,True,24.47230693251915,34.2592991531105,14.860070984543404,3.388963,-0.295198,1.0,3.0,tail_2_3,True,True
21765,63922821599,2026-08-19 11:19:59.688,-1,7732.75,1,True,24.47230693251915,34.2592991531105,8.219857800897007,3.090121,0.922041,3.0,1.0,tail_1,True,True
21769,63922821697,2026-08-19 11:21:37.248,-1,7732.75,2,True,24.47230693251915,34.2592991531105,5.915800249706936,2.765134,1.549679,4.0,0.0,no_tail,True,True
21771,63922821759,2026-08-19 11:22:39.176,-1,7733.25,1,True,14.860070984543404,14.84365468047866,3.3764605840841355,2.379814,3.585843,2.0,2.0,tail_2_3,True,True
21774,63922821857,2026-08-19 11:24:17.804,-1,7732.25,1,True,12.588368055078769,11.530717124847113,9.448793677757308,2.331277,0.085117,3.0,1.0,tail_1,True,False
21777,63922822003,2026-08-19 11:26:43.964,-1,7733.0,2,True,9.448793677757308,8.544512366331437,4.072738886538495,2.013741,3.298723,2.0,2.0,tail_2_3,True,False
21809,63922823251,2026-08-19 11:47:31.092,1,7736.5,2,True,28.710578379610762,37.43516392481641,2.0541281048444984,3.620441,3.80993,2.0,2.0,tail_2_3,True,True
21812,63922823380,2026-08-19 11:49:40.652,1,7736.75,1,True,21.593329041393137,22.571288106634583,4.663633863023188,3.047379,3.054658,2.0,2.0,tail_2_3,True,True
21814,63922823440,2026-08-19 11:50:40.148,1,7737.75,1,False,12.661040295185684,4.077755450584274,7.328918872077756,2.891659,-0.638895,4.0,0.0,no_tail,True,False
21833,63922824353,2026-08-19 12:05:53.432,-1,7735.25,1,True,13.4741334481363,26.717514209688318,4.677824885555889,0.276765,2.395549,3.0,1.0,tail_1,True,False
21843,63922824954,2026-08-19 12:15:54.044,1,7737.25,3,True,20.441229460696686,35.28195220616704,4.705066999884547,1.387342,1.744103,3.0,1.0,tail_1,True,True
21845,63922824984,2026-08-19 12:16:24.484,1,7737.25,1,True,20.441229460696686,35.28195220616704,5.146932460893079,1.316229,1.881427,3.0,1.0,tail_1,True,True
21847,63922825129,2026-08-19 12:18:49.236,1,7737.25,1,True,20.441229460696686,35.28195220616704,4.125257677116854,1.209582,1.970514,4.0,0.0,no_tail,True,True
21851,63922825350,2026-08-19 12:22:30.552,1,7737.75,2,True,14.551816546483055,23.096437890352803,9.913718018172718,1.646028,0.848936,3.0,1.0,tail_1,True,True
21931,63922827291,2026-08-19 12:54:51.784,-1,7727.25,2,True,35.21984839204318,32.32748326353959,1.8314658128182573,6.1664,2.915102,4.0,0.0,no_tail,True,True
21978,63922828404,2026-08-19 13:13:24.096,1,7730.0,1,False,11.60887773935856,6.333450320267643,7.106060358893966,1.697239,0.414386,4.0,0.0,no_tail,True,False
21985,63922829622,2026-08-19 13:33:42.532,1,7729.25,1,False,7.106060358893966,6.765191648833405,0.23261958665250593,0.601918,2.94474,3.0,1.0,tail_1,True,True
21987,63922830185,2026-08-19 13:43:05.528,1,7729.0,1,False,4.605725530028156,1.6689740223072471,2.4307845993450137,0.554486,3.988205,1.0,3.0,tail_2_3,True,True
22062,63922840607,2026-08-19 16:36:47.340,1,7741.75,1,False,27.69761625476257,21.624166801971658,9.040586881436575,5.55274,-0.075986,4.0,0.0,no_tail,True,True
22101,63922843489,2026-08-19 17:24:49.128,1,7740.25,3,False,24.393658339707326,47.48170965238507,10.390853377299722,0.571388,0.979902,2.0,2.0,tail_2_3,True,False
22108,63922844195,2026-08-19 17:36:35.644,1,7739.5,1,True,15.242215488870038,29.033428421942823,2.564754522807987,0.283257,3.920051,2.0,2.0,tail_2_3,True,True
22114,63922845016,2026-08-19 17:50:16.196,1,7741.0,1,True,18.3064876387849,31.16974367018671,14.314517753978187,1.606501,-0.36304,0.0,4.0,tail_ge4,True,True
22124,63922846332,2026-08-19 18:12:12.428,1,7740.5,3,True,27.27237279483955,41.106042412345275,2.0163605865995593,2.717404,4.798815,1.0,3.0,tail_2_3,True,True
22130,63922846649,2026-08-19 18:17:29.344,1,7741.0,1,True,16.72706455116589,19.404438534354213,5.906125475418114,2.241032,3.513424,1.0,3.0,tail_2_3,True,True
22144,63922847461,2026-08-19 18:31:01.996,-1,7740.0,2,False,13.71021799292935,28.725737508458785,3.035056640238662,0.089816,3.393311,3.0,1.0,tail_1,True,True
22149,63922847870,2026-08-19 18:37:50.044,-1,7739.75,2,True,13.71021799292935,28.725737508458785,5.9474676480164135,0.71565,3.176176,1.0,3.0,tail_2_3,True,False
22154,63922848392,2026-08-19 18:46:32.448,1,7741.5,1,False,9.742834010825044,21.206651517646463,10.819521239414335,0.15178,0.49068,1.0,3.0,tail_2_3,True,False
22156,63922848611,2026-08-19 18:50:11.908,1,7741.25,1,True,10.819521239414335,22.30834273188912,6.482298917964188,0.289888,1.64749,3.0,1.0,tail_1,True,False
22160,63922848881,2026-08-19 18:54:41.316,1,7740.5,2,True,10.819521239414335,22.30834273188912,-0.5526961424991529,0.375864,4.867668,3.0,1.0,tail_1,True,False
22166,63922849253,2026-08-19 19:00:53.124,-1,7739.25,2,True,17.844889940589905,33.26156319030741,10.958238452654408,0.846104,1.391878,1.0,3.0,tail_2_3,True,False
22174,63922850086,2026-08-19 19:14:46.012,1,7741.5,2,True,19.062419799570126,35.446962374746,7.409466355638097,0.850947,1.261107,3.0,1.0,tail_1,True,False
22196,63922851852,2026-08-19 19:44:12.180,-1,7739.0,2,True,25.428034575827535,36.02919483259296,-0.16417105760398423,1.770486,4.067925,3.0,1.0,tail_1,True,True
22198,63922852171,2026-08-19 19:49:31.676,-1,7738.75,1,False,6.742891683036726,-1.458588165640252,0.6855303861269079,1.503053,3.065778,4.0,0.0,no_tail,True,True
22225,63922855571,2026-08-19 20:46:11.132,-1,7738.75,1,True,11.837973411270932,21.398424789175586,-2.9349466724503825,0.404408,4.553472,4.0,0.0,no_tail,True,False
22229,63922856272,2026-08-19 20:57:52.616,1,7740.5,1,True,9.01003596747556,18.721999379014463,10.844283213113476,0.373573,-0.839434,4.0,0.0,no_tail,True,True
22231,63922856517,2026-08-19 21:01:57.060,1,7740.0,1,True,10.844283213113476,21.39504723464672,8.684164778823035,0.538857,1.380438,2.0,2.0,tail_2_3,True,True
22251,63922861240,2026-08-19 22:20:40.880,-1,7738.0,3,True,25.810020442462946,44.1632997108412,9.206365117650355,1.366024,1.480804,2.0,2.0,tail_2_3,True,False
22258,63922861837,2026-08-19 22:30:37.892,-1,7738.5,1,True,15.511320603903442,25.62399099890322,3.911111679642722,0.712869,3.378454,1.0,3.0,tail_2_3,True,True
22280,63922864780,2026-08-19 23:19:40.376,1,7739.5,4,True,31.754856366231248,52.781714991110476,8.100388856248122,1.19447,2.265545,2.0,2.0,tail_2_3,True,True
22334,63922869359,2026-08-20 00:35:59.996,-1,7734.75,5,True,44.985443174889575,55.63332005888912,11.124924642248676,6.902957,-0.292689,2.0,2.0,tail_2_3,True,True
22342,63922870220,2026-08-20 00:50:20.544,-1,7734.5,1,True,21.45760598081325,16.804596185591294,12.40494100607526,5.381265,1.105563,-0.0,4.0,tail_ge4,True,True
22447,63922873913,2026-08-20 01:51:53.416,-1,7719.5,4,True,38.892840984769435,47.490535940634665,12.94514588441244,6.408737,-0.113887,2.0,2.0,tail_2_3,True,True
22482,63922875247,2026-08-20 02:14:07.268,1,7724.0,2,True,36.59881059594241,51.95024902108234,13.554805814715108,4.389656,-0.378103,2.0,2.0,tail_2_3,True,True
22486,63922875512,2026-08-20 02:18:32.944,1,7724.25,2,True,29.111742783310493,38.208925032126096,13.288677405669214,4.143184,-0.262577,2.0,2.0,tail_2_3,True,True
22506,63922877423,2026-08-20 02:50:23.884,1,7725.0,2,True,17.064810650595803,23.48398233224729,12.3262916995827,2.602308,0.486159,1.0,3.0,tail_2_3,True,False
22508,63922877493,2026-08-20 02:51:33.736,1,7725.0,1,True,17.064810650595803,23.48398233224729,8.642205225306814,2.47699,0.757888,2.0,2.0,tail_2_3,True,False
22520,63922878099,2026-08-20 03:01:39.860,1,7724.5,1,False,6.637918785095387,5.637744528599411,2.2417178177402137,0.921518,2.759475,3.0,1.0,tail_1,True,True
22522,63922878204,2026-08-20 03:03:24.512,1,7724.75,1,False,6.637918785095387,5.637744528599411,4.338376798497133,0.920775,1.895617,3.0,1.0,tail_1,True,True
22538,63922879577,2026-08-20 03:26:17.444,1,7726.25,2,True,30.29854129423516,44.93621619191115,10.022134189708668,3.275501,1.136208,2.0,2.0,tail_2_3,True,True
22552,63922880204,2026-08-20 03:36:44.904,1,7726.25,2,True,17.90882664898813,23.96055388391202,5.490024598996815,2.53245,3.685968,1.0,3.0,tail_2_3,True,True
22555,63922880350,2026-08-20 03:39:10.388,1,7727.5,1,True,17.90882664898813,23.96055388391202,9.321856390953128,2.45298,-0.821589,3.0,1.0,tail_1,True,True
22558,63922880451,2026-08-20 03:40:51.088,1,7726.75,2,True,15.17755277259097,18.203553653683883,3.901378580710967,2.103277,2.383004,4.0,0.0,no_tail,True,True
22560,63922880845,2026-08-20 03:47:25.064,1,7726.5,1,True,9.691623593760875,8.716262728601547,2.2547611517599258,1.796481,3.394307,3.0,1.0,tail_1,True,True
22576,63922881623,2026-08-20 04:00:23.608,1,7728.75,5,True,41.60255628280114,55.476561495505514,10.225579341297458,5.023938,2.35649,0.0,4.0,tail_ge4,True,False
22582,63922881647,2026-08-20 04:00:47.444,1,7729.0,1,False,24.598622584528044,25.32151523787366,4.726843981759315,3.151812,1.415,3.0,1.0,tail_1,True,False
22607,63922882648,2026-08-20 04:17:28.540,-1,7725.0,5,True,33.8858358163283,47.377909613353786,5.696599767361403,3.992745,1.6406,4.0,0.0,no_tail,True,True
22648,63922884020,2026-08-20 04:40:20.692,-1,7718.25,1,True,35.274620862247346,34.73279576707885,8.610766767615777,7.252998,3.037883,-0.0,4.0,tail_ge4,True,True
22651,63922884080,2026-08-20 04:41:20.504,-1,7717.25,1,True,35.274620862247346,34.73279576707885,11.262986327037815,6.216777,-0.364672,3.0,1.0,tail_1,True,True
22773,63922886143,2026-08-20 05:15:43.328,-1,7689.5,3,True,29.35554825926183,18.018325167589637,13.769111321792574,8.345903,-0.471291,2.0,2.0,tail_2_3,True,True
22782,63922886217,2026-08-20 05:16:57.248,-1,7689.0,2,True,22.334361814169434,12.365075586885416,11.174856702831304,5.992004,0.339267,1.0,3.0,tail_2_3,True,True
22798,63922886500,2026-08-20 05:21:40.888,-1,7688.75,3,True,23.014749837089358,23.60641832567263,0.6597126469370359,3.746032,3.729655,3.0,1.0,tail_1,True,False
22815,63922886699,2026-08-20 05:24:59.028,1,7690.75,2,True,18.167215200419733,34.529475308213506,10.609618167444037,0.662563,0.553797,3.0,1.0,tail_1,True,False
22817,63922886726,2026-08-20 05:25:26.224,1,7690.0,1,True,18.167215200419733,34.529475308213506,4.858538765453314,0.635804,3.627323,1.0,3.0,tail_2_3,True,False
22825,63922886891,2026-08-20 05:28:11.676,1,7690.0,1,False,4.858538765453314,7.139683598756271,3.013878127752443,0.012447,3.095011,2.0,2.0,tail_2_3,True,False
22826,63922886898,2026-08-20 05:28:18.508,-1,7689.25,1,True,12.58640336789909,25.507551827194902,-0.6513867503799057,0.033208,3.947931,3.0,1.0,tail_1,True,True
22863,63922887557,2026-08-20 05:39:17.296,-1,7684.25,2,True,26.286731302311487,29.11792349530367,12.602774841457416,4.938014,-0.619313,3.0,1.0,tail_1,True,False
22866,63922887618,2026-08-20 05:40:18.132,-1,7685.5,2,True,26.286731302311487,29.11792349530367,4.096148982500206,4.03824,4.595529,-0.0,4.0,tail_ge4,True,False
22925,63922889858,2026-08-20 06:17:38.088,1,7695.25,1,False,16.764752680971505,-12.984612588745724,2.1560532487439152,4.789221,4.421307,1.0,3.0,tail_2_3,True,True
22927,63922889906,2026-08-20 06:18:26.248,1,7695.25,1,False,4.118569705737752,-20.42673961083099,-1.5770690035094723,3.954297,4.315094,4.0,0.0,no_tail,True,True
22939,63922890236,2026-08-20 06:23:56.200,1,7695.0,1,False,1.9170122841806134,-6.169564877059952,-2.9769280331322014,1.097721,4.890849,4.0,0.0,no_tail,True,True
22949,63922890463,2026-08-20 06:27:43.672,1,7695.75,4,True,20.93938292823444,33.36538345057793,0.26340594131857586,1.771717,3.879301,4.0,0.0,no_tail,True,True
22983,63922890660,2026-08-20 06:31:00.976,1,7698.75,1,False,24.09018254078368,24.555408011014414,-2.700144662695849,3.273121,4.456835,4.0,0.0,no_tail,True,True
22987,63922890669,2026-08-20 06:31:09.188,1,7700.25,1,False,10.976130388915356,5.110101468560839,10.741892519816348,3.034245,-0.795871,4.0,0.0,no_tail,True,True
23052,63922891101,2026-08-20 06:38:21.640,1,7711.25,1,True,36.49531960906157,27.76489090638005,11.854510946385874,7.873869,-0.61771,3.0,1.0,tail_1,True,False
23055,63922891120,2026-08-20 06:38:40.984,1,7710.0,2,False,25.48744893918431,2.931289344025884,-0.1332315457675443,6.12188,4.375316,3.0,1.0,tail_1,True,True
23079,63922891262,2026-08-20 06:41:02.996,-1,7707.75,1,True,31.051136756536245,54.11506214892702,9.798034591454881,1.815643,-0.395544,4.0,0.0,no_tail,True,False
23108,63922891504,2026-08-20 06:45:04.316,1,7713.25,5,True,35.28811154533861,46.56066921620138,8.266772404071983,4.66168,-0.391039,4.0,0.0,no_tail,True,False
23113,63922891538,2026-08-20 06:45:38.700,1,7712.25,1,False,21.076330113091927,18.462033996875526,-1.9208277198910744,2.970088,3.496126,4.0,0.0,no_tail,True,False
23126,63922891619,2026-08-20 06:46:59.644,1,7711.5,1,False,-0.5137383882310858,-1.765526096033705,1.7527039356462666,0.160084,-0.066672,-1.0,0.0,no_tail,True,False
23145,63922891788,2026-08-20 06:49:48.024,-1,7709.5,5,True,32.791307988063636,47.669385181829306,3.721047938408089,3.101305,3.110655,3.0,1.0,tail_1,True,True
23150,63922891818,2026-08-20 06:50:18.640,-1,7709.5,1,False,24.344342204305143,32.7105779990153,-0.5957782388966614,1.918399,2.951764,4.0,0.0,no_tail,True,True
23152,63922891833,2026-08-20 06:50:33.140,-1,7709.0,1,False,7.728808453615045,-1.1227771430326108,5.3671462867127495,1.826492,1.150014,3.0,1.0,tail_1,True,True
23224,63922892352,2026-08-20 06:59:12.904,-1,7704.25,1,True,37.640415451464634,51.50099990043195,11.574861975065806,4.930616,0.475407,2.0,2.0,tail_2_3,True,True
23233,63922892420,2026-08-20 07:00:20.584,-1,7705.0,1,False,19.434879807266825,18.936547753135056,-1.4633978824846088,3.000008,4.614627,2.0,2.0,tail_2_3,True,False
23241,63922892472,2026-08-20 07:01:12.024,-1,7703.75,1,False,3.5586034040778607,1.5153873001052216,9.331749976037953,1.401458,-0.825765,3.0,1.0,tail_1,True,False
23246,63922892505,2026-08-20 07:01:45.592,-1,7704.75,1,False,9.331749976037953,13.369546762243573,0.9062672507558966,1.049115,3.321329,2.0,2.0,tail_2_3,True,True
23248,63922892523,2026-08-20 07:02:03.348,-1,7704.25,1,False,9.331749976037953,13.369546762243573,5.256945213381289,1.098305,1.528839,2.0,2.0,tail_2_3,True,True
23250,63922892540,2026-08-20 07:02:20.232,-1,7704.75,1,True,8.971877329111331,12.334020232780919,4.139545238588674,1.006531,3.604284,1.0,3.0,tail_2_3,True,True
23252,63922892558,2026-08-20 07:02:38.324,-1,7704.0,1,True,5.256945213381289,5.926910705630786,5.368812253713498,1.081341,0.829253,3.0,1.0,tail_1,True,True
23254,63922892567,2026-08-20 07:02:47.688,-1,7704.0,1,True,6.64146131799049,8.846762263285955,8.591721929278393,1.199248,1.112278,1.0,3.0,tail_2_3,True,True
23287,63922892792,2026-08-20 07:06:32.552,-1,7700.75,3,True,32.27497748513629,37.862304116955436,4.256182206354824,5.112945,3.88929,-0.0,4.0,tail_ge4,True,False
23295,63922892849,2026-08-20 07:07:29.528,-1,7701.25,1,False,4.256182206354824,-12.396342184083291,1.7189686068980312,1.967825,4.93411,-0.0,4.0,tail_ge4,True,True
23327,63922893087,2026-08-20 07:11:27.004,1,7703.0,3,True,24.528731520485785,38.142688997970566,4.67365111498964,2.596724,2.077177,3.0,1.0,tail_1,True,False
23339,63922893189,2026-08-20 07:13:09.724,-1,7700.5,2,False,12.78468417213979,27.978670059702015,11.11117009324188,0.144084,-0.633017,4.0,0.0,no_tail,True,False
23341,63922893202,2026-08-20 07:13:22.128,-1,7701.25,1,True,12.78468417213979,27.978670059702015,7.495241075463536,0.288,2.531767,1.0,3.0,tail_2_3,True,True
23343,63922893217,2026-08-20 07:13:37.544,-1,7701.5,1,True,12.78468417213979,27.978670059702015,2.6391617574528357,0.284542,3.569309,2.0,2.0,tail_2_3,True,True
23345,63922893235,2026-08-20 07:13:55.056,-1,7701.75,1,True,12.78468417213979,27.978670059702015,-0.4109946756984042,0.166106,4.489393,3.0,1.0,tail_1,True,True
23406,63922893760,2026-08-20 07:22:40.136,1,7698.5,1,True,21.56776402086378,36.36728716517919,-0.4897523950740736,0.854735,3.228304,4.0,0.0,no_tail,True,True
23460,63922894200,2026-08-20 07:30:00.072,-1,7700.5,3,True,24.065220370426793,41.02231239642106,8.943924013681782,1.586636,0.938079,3.0,1.0,tail_1,True,True
23462,63922894210,2026-08-20 07:30:10.116,-1,7700.0,1,True,24.065220370426793,41.02231239642106,10.509949466240151,1.736073,-0.671155,2.0,2.0,tail_2_3,True,True
23466,63922894247,2026-08-20 07:30:47.180,-1,7700.25,2,True,20.646074634938454,34.16641191211193,10.532620541452463,2.078335,1.265893,-0.0,4.0,tail_ge4,True,False
23468,63922894253,2026-08-20 07:30:53.792,-1,7700.5,1,True,15.951348719687479,23.76568532114289,4.756358332196046,1.86106,2.363095,3.0,1.0,tail_1,True,True
23470,63922894275,2026-08-20 07:31:15.544,-1,7700.5,1,True,15.951348719687479,23.76568532114289,3.7637986625654496,1.669702,2.452822,3.0,1.0,tail_1,True,True
23482,63922894341,2026-08-20 07:32:21.712,1,7701.75,2,True,19.01545349011969,34.811507172116954,7.132162049580891,0.733425,4.309892,-1.0,5.0,tail_ge4,True,True
23539,63922894922,2026-08-20 07:42:02.336,1,7705.25,2,True,26.708309630972753,28.76455537653876,4.254738705427819,4.305865,3.210509,3.0,1.0,tail_1,True,True
23580,63922895547,2026-08-20 07:52:27.032,-1,7706.5,2,True,21.02056963184182,43.77483224832762,6.1918399833217865,0.54265,2.421441,2.0,2.0,tail_2_3,True,False
23589,63922895670,2026-08-20 07:54:30.048,1,7708.0,3,True,19.734534650718942,35.599481680420276,5.11389086121415,0.970847,3.201576,1.0,3.0,tail_2_3,True,False
23596,63922895762,2026-08-20 07:56:02.308,-1,7706.5,1,False,9.811683519430078,22.495815444993923,5.802629708894294,0.104893,1.609673,3.0,1.0,tail_1,True,True
23604,63922895841,2026-08-20 07:57:21.260,-1,7705.75,1,True,21.413456325114495,37.254973160175496,10.314264696623884,1.589844,0.692293,2.0,2.0,tail_2_3,True,True
23611,63922895892,2026-08-20 07:58:12.828,-1,7705.5,2,True,17.911870105646955,27.705461259267818,6.53282569947925,2.099105,1.293269,4.0,0.0,no_tail,True,True
23662,63922896199,2026-08-20 08:03:19.676,1,7716.25,3,True,29.639818502606257,19.04549314631714,12.64140322250544,7.088479,0.017272,2.0,2.0,tail_2_3,True,False
23665,63922896220,2026-08-20 08:03:40.056,1,7715.0,2,True,25.115555154240212,14.766536117482085,-1.5325638760904945,5.437179,4.937007,4.0,0.0,no_tail,True,True
23667,63922896226,2026-08-20 08:03:46.300,1,7715.25,1,False,25.115555154240212,14.766536117482085,-0.5485712273664681,4.5758,3.905711,3.0,1.0,tail_1,True,True
23738,63922896811,2026-08-20 08:13:31.524,-1,7703.5,5,True,34.78662647910376,30.929872600498125,6.726165361444183,7.608117,1.545985,3.0,1.0,tail_1,True,False
23752,63922896962,2026-08-20 08:16:02.692,-1,7704.5,1,False,5.299364034361509,3.596575760689829,6.575049214510174,1.481853,3.568635,-0.0,4.0,tail_ge4,True,True
23757,63922897027,2026-08-20 08:17:07.116,-1,7703.75,2,True,12.99926431538392,19.00118084862036,6.280997034856506,1.68553,1.397977,4.0,0.0,no_tail,True,False
23759,63922897048,2026-08-20 08:17:28.732,-1,7704.0,1,True,12.99926431538392,19.00118084862036,4.4613313164765165,1.518458,2.485022,3.0,1.0,tail_1,True,True
23893,63922898964,2026-08-20 08:49:24.020,-1,7694.0,4,True,37.29541262205554,43.5913712646592,11.62470983578168,6.744617,-0.519298,3.0,1.0,tail_1,True,True
23895,63922898986,2026-08-20 08:49:46.060,-1,7694.5,1,True,35.13078102914995,38.93492948239119,7.979575286505821,5.906752,1.675957,2.0,2.0,tail_2_3,True,True
23899,63922899061,2026-08-20 08:51:01.388,-1,7693.75,1,True,23.882101979728915,14.53535383995822,14.697439969877523,5.239499,-0.210717,-0.0,4.0,tail_ge4,True,False
23914,63922899426,2026-08-20 08:57:06.024,1,7697.0,1,False,13.629723558530308,31.50057808925349,14.526405687786504,0.209711,-0.135708,0.0,4.0,tail_ge4,True,False
23916,63922899521,2026-08-20 08:58:41.968,1,7696.5,1,True,14.526405687786504,28.97031702107866,7.839573003359238,0.382106,2.06773,1.0,3.0,tail_2_3,True,False
23920,63922899586,2026-08-20 08:59:46.500,1,7696.0,1,True,14.526405687786504,28.97031702107866,-0.7461016628595243,0.20597,3.986794,3.0,1.0,tail_1,True,True
23927,63922899695,2026-08-20 09:01:35.464,-1,7694.25,2,True,13.843676558514844,27.055158155458756,9.266055013744941,0.640051,-0.170971,4.0,0.0,no_tail,True,False
23935,63922899858,2026-08-20 09:04:18.448,1,7697.25,3,True,18.005819896622494,34.409843454374375,8.507752521284484,0.792814,-0.492129,4.0,0.0,no_tail,True,False
23945,63922899993,2026-08-20 09:06:33.548,-1,7694.25,1,False,11.45933739612041,24.742518685508195,9.07657069783721,0.331378,-0.718221,3.0,1.0,tail_1,True,False
23947,63922900067,2026-08-20 09:07:47.860,-1,7694.25,1,True,11.45933739612041,24.742518685508195,10.574556924216974,0.611336,-0.39156,3.0,1.0,tail_1,True,False
23958,63922900259,2026-08-20 09:10:59.472,1,7696.75,2,True,17.319079925965735,32.764414250867276,6.015551516067429,1.058252,2.161506,3.0,1.0,tail_1,True,True
24030,63922902801,2026-08-20 09:53:21.880,1,7701.0,2,True,31.521400072417567,32.1524828859548,9.9352143030915,6.138396,1.839315,0.0,4.0,tail_ge4,True,False
24115,63922906128,2026-08-20 10:48:48.460,-1,7685.0,3,True,43.13058875885216,44.79622242583273,8.367971077700844,8.359127,0.873017,2.0,2.0,tail_2_3,True,False
24117,63922906201,2026-08-20 10:50:01.768,-1,7685.25,1,False,41.15038318184158,40.70031742048364,5.632297165829681,7.207258,2.000428,3.0,1.0,tail_1,True,False
24126,63922906462,2026-08-20 10:54:22.032,-1,7686.0,1,False,1.6836291901846026,-23.33330625230505,-0.056913788951832814,2.773493,4.036967,2.0,2.0,tail_2_3,True,True
24129,63922906709,2026-08-20 10:58:29.276,-1,7685.25,1,False,5.088652662009413,-2.4492385290576135,7.1121535264273,2.521124,1.411283,1.0,3.0,tail_2_3,True,True
24177,63922908161,2026-08-20 11:22:41.336,-1,7676.5,2,False,40.24212822699065,36.743693993460624,-2.012698188050108,6.617536,4.827301,3.0,1.0,tail_1,True,True
24179,63922908235,2026-08-20 11:23:55.984,-1,7676.0,1,False,24.134542796111965,-1.9305188499875432,1.166457284888364,5.659976,2.881334,3.0,1.0,tail_1,True,True
24206,63922909484,2026-08-20 11:44:44.688,-1,7673.5,4,True,26.57971701910377,31.758059879094855,2.6181212597821117,4.09246,1.951411,4.0,0.0,no_tail,True,False
24209,63922909537,2026-08-20 11:45:37.716,-1,7673.25,1,True,26.57971701910377,31.758059879094855,7.238493683693003,3.548626,1.332448,3.0,1.0,tail_1,True,False
24273,63922912650,2026-08-20 12:37:30.368,-1,7672.75,2,True,24.410574163790777,40.51269657967449,2.2834404070981025,1.784318,4.022682,3.0,1.0,tail_1,True,True
24305,63922913527,2026-08-20 12:52:07.272,-1,7671.25,3,True,11.004473257695867,11.11602478811351,-4.420173800790316,1.719552,4.845803,4.0,0.0,no_tail,True,True
24310,63922913649,2026-08-20 12:54:09.316,-1,7670.5,1,False,11.004473257695867,11.11602478811351,4.702562938879817,1.347313,2.065225,3.0,1.0,tail_1,True,True
24345,63922913979,2026-08-20 12:59:39.680,-1,7664.75,1,True,37.22059451192938,37.84177592464644,10.497394018233827,6.582357,0.61456,2.0,2.0,tail_2_3,True,True
24417,63922921357,2026-08-20 15:02:37.892,1,7667.5,2,True,45.09019406511427,60.576315247839645,13.082934528352801,5.127974,-0.826718,3.0,1.0,tail_1,True,False
24440,63922923660,2026-08-20 15:41:00.060,1,7666.5,2,True,11.74031735986578,21.65063583920349,4.3894165822749445,0.682577,1.861479,4.0,0.0,no_tail,True,True
24448,63922927207,2026-08-20 16:40:07.784,1,7667.25,2,True,22.210128263958012,35.468960079953305,11.103078575984872,2.23132,1.343208,0.0,4.0,tail_ge4,True,True
24457,63922927847,2026-08-20 16:50:47.244,1,7666.75,1,False,12.371781408727077,14.769179049441982,0.4905162828785214,1.054192,3.479017,3.0,1.0,tail_1,True,True
24459,63922928035,2026-08-20 16:53:55.068,1,7667.0,1,False,10.45920442363108,10.714384817672233,4.160975613145549,1.049721,2.635187,1.0,3.0,tail_2_3,True,True
24461,63922928355,2026-08-20 16:59:15.060,1,7667.0,1,False,4.160975613145549,3.667413499073941,3.8711893342227413,0.998036,2.74167,2.0,2.0,tail_2_3,True,True
24463,63922928423,2026-08-20 17:00:23.152,1,7667.0,1,False,4.160975613145549,3.667413499073941,2.1974755460382385,0.874278,2.764609,4.0,0.0,no_tail,True,True
24486,63922929456,2026-08-20 17:17:36.416,1,7668.5,2,True,33.54602321773204,45.427941419843364,-1.7078249999499444,3.38671,4.688947,4.0,0.0,no_tail,True,True
24502,63922930610,2026-08-20 17:36:50.180,-1,7667.75,2,False,16.549071219758922,34.323489798471556,3.46110901211485,0.009286,3.537888,3.0,1.0,tail_1,True,True
24503,63922930715,2026-08-20 17:38:35.116,1,7668.25,1,False,0.5530780787860607,-7.411194198445057,0.4153489284492479,0.013394,4.483205,2.0,2.0,tail_2_3,True,True
24510,63922931523,2026-08-20 17:52:03.492,1,7668.75,1,True,6.94306503953755,13.544408863687153,5.008301714114335,0.337861,2.912146,2.0,2.0,tail_2_3,True,False
24594,63922941482,2026-08-20 20:38:02.024,1,7669.75,1,False,11.07460758430381,10.285645254707076,12.090061535546083,2.657639,1.240944,0.0,4.0,tail_ge4,True,False
24602,63922942991,2026-08-20 21:03:11.836,1,7669.25,1,False,12.090061535546083,12.423156973463664,1.8320763434135001,1.142432,2.914841,4.0,0.0,no_tail,True,False
24604,63922943632,2026-08-20 21:13:52.124,1,7669.5,1,False,1.8320763434135001,-2.102574726184174,4.70643284371814,1.131762,2.076714,2.0,2.0,tail_2_3,True,False
24630,63922949038,2026-08-20 22:43:58.352,1,7668.75,2,True,10.897846418184649,20.41533364241688,1.244955915929429,0.392667,4.129432,3.0,1.0,tail_1,True,False
24635,63922950009,2026-08-20 23:00:09.844,-1,7667.75,2,True,11.690291218513767,23.548920426568674,5.0271025854863085,0.333573,2.571177,3.0,1.0,tail_1,True,False
24637,63922950070,2026-08-20 23:01:10.108,-1,7667.5,1,True,11.690291218513767,23.548920426568674,4.043702395400035,0.40166,1.68412,4.0,0.0,no_tail,True,False
24639,63922950304,2026-08-20 23:05:04.928,-1,7667.75,1,True,11.690291218513767,23.548920426568674,3.82145223635777,0.409842,2.749162,3.0,1.0,tail_1,True,False
24641,63922950539,2026-08-20 23:08:59.724,-1,7668.0,1,True,11.690291218513767,23.548920426568674,1.4324779173854227,0.335071,3.73231,3.0,1.0,tail_1,True,False
24647,63922951582,2026-08-20 23:26:22.488,1,7670.0,2,True,13.394997102510388,25.74931481893479,8.867123520010423,0.731632,-0.643152,4.0,0.0,no_tail,True,True
24656,63922952943,2026-08-20 23:49:03.124,1,7670.5,4,True,37.47295578292164,54.114747172985574,9.54302521538071,3.359549,1.658878,2.0,2.0,tail_2_3,True,True
24709,63922957788,2026-08-21 01:09:48.480,1,7679.25,4,True,38.8628861515287,42.01341215226454,8.639442435428071,7.595814,1.719312,2.0,2.0,tail_2_3,True,True
24712,63922957927,2026-08-21 01:12:07.508,1,7680.0,1,True,38.8628861515287,42.01341215226454,13.267112770346497,6.585633,-0.573337,2.0,2.0,tail_2_3,True,True
24716,63922958252,2026-08-21 01:17:32.656,1,7680.0,1,False,14.948461914180923,-5.7640641922192,10.160161551395007,5.343102,0.104422,3.0,1.0,tail_1,True,True
24755,63922961611,2026-08-21 02:13:31.012,1,7684.5,1,False,15.371279503401368,-6.849024053308101,8.18236303095326,4.134911,0.61769,3.0,1.0,tail_1,True,True
24783,63922965255,2026-08-21 03:14:15.796,1,7687.0,1,True,42.25573259731723,53.989349029649986,3.598478100450719,5.332333,3.161146,3.0,1.0,tail_1,True,True
24786,63922965778,2026-08-21 03:22:58.188,1,7687.0,1,True,33.85270791905523,38.692400765898434,6.023635818808685,4.445757,3.477709,0.0,4.0,tail_ge4,True,True
24794,63922967575,2026-08-21 03:52:55.744,1,7688.0,1,True,14.184765334386903,10.280468056870136,9.621313706193112,3.44366,0.985642,2.0,2.0,tail_2_3,True,False
24806,63922968922,2026-08-21 04:15:22.128,1,7688.25,1,True,17.06376340945992,24.514124183430265,9.744911783412324,2.33802,1.266558,1.0,3.0,tail_2_3,True,True
24848,63922970055,2026-08-21 04:34:15.828,1,7695.25,2,True,31.258978913415326,29.46123624007005,10.816720520509323,6.037915,0.465731,3.0,1.0,tail_1,True,True
24861,63922970466,2026-08-21 04:41:06.068,1,7696.75,1,True,33.46587314260552,41.1778331229579,12.979825016334042,5.40551,-0.115811,1.0,3.0,tail_2_3,True,True
24881,63922972090,2026-08-21 05:08:10.164,1,7696.25,1,False,-0.7876527551531206,-5.288608382756287,3.7081154051024003,0.764251,2.168745,2.0,2.0,tail_2_3,True,False
24966,63922976983,2026-08-21 06:29:43.628,-1,7693.25,1,False,-0.4962454359735744,-17.831667849301486,1.7694948241166029,2.992047,4.593272,-0.0,4.0,tail_ge4,True,False
24977,63922977002,2026-08-21 06:30:02.764,-1,7693.25,1,False,-1.9645513883354857,-6.0452431467063255,0.3586668947436946,0.34777,3.200013,4.0,0.0,no_tail,True,True
24988,63922977015,2026-08-21 06:30:15.212,-1,7692.25,1,True,16.752074882580523,28.990193737695687,9.36380728249268,1.872683,1.747554,1.0,3.0,tail_2_3,True,True
24990,63922977021,2026-08-21 06:30:21.860,-1,7692.25,1,True,15.436390547068882,25.784816568825335,4.424654269491023,1.690834,1.846934,4.0,0.0,no_tail,True,True
24993,63922977027,2026-08-21 06:30:27.508,-1,7691.5,1,True,15.375469990261895,23.165565503679026,14.337754051952919,2.041119,-0.386269,1.0,3.0,tail_2_3,True,True
24996,63922977032,2026-08-21 06:30:32.792,-1,7692.25,1,True,14.337754051952919,20.4233179978463,7.162547588434978,1.937757,2.990726,1.0,3.0,tail_2_3,True,True
25013,63922977136,2026-08-21 06:32:16.516,-1,7690.0,3,True,30.10544363172897,41.3401988977453,6.3390346480562965,3.756244,0.413634,4.0,0.0,no_tail,True,True
25060,63922977542,2026-08-21 06:39:02.252,-1,7684.75,2,False,18.64562946679261,9.236287019972593,3.4075203738932553,3.658969,1.946448,4.0,0.0,no_tail,True,True
25080,63922977725,2026-08-21 06:42:05.168,1,7686.5,2,True,12.658494919194947,25.19254349840987,8.108999591216234,0.506042,2.288076,0.0,4.0,tail_ge4,True,True
25082,63922977753,2026-08-21 06:42:33.180,1,7687.25,1,True,12.658494919194947,25.19254349840987,8.285325661519748,0.758689,-0.385748,3.0,1.0,tail_1,True,False
25091,63922977859,2026-08-21 06:44:19.232,-1,7684.25,2,True,18.76488436640539,36.31459681589284,10.522430046941954,0.772162,-0.369416,3.0,1.0,tail_1,True,False
25106,63922977969,2026-08-21 06:46:09.568,1,7686.75,4,True,22.95149167019153,38.95623219343464,1.5768399939498652,1.391554,2.69966,4.0,0.0,no_tail,True,True
25161,63922978641,2026-08-21 06:57:21.008,-1,7681.0,1,False,17.220508890240726,8.702976337941104,7.364011720759637,3.732148,-0.01335,4.0,0.0,no_tail,True,True
25189,63922978988,2026-08-21 07:03:08.036,1,7682.25,4,True,18.396712580768305,36.31990377547123,-1.4439298545703645,0.539438,4.926719,2.0,2.0,tail_2_3,True,True
25193,63922979047,2026-08-21 07:04:07.640,1,7683.25,1,True,14.425993677288453,26.487443132271135,9.12297394091073,0.938914,1.528995,1.0,3.0,tail_2_3,True,True
25223,63922979560,2026-08-21 07:12:40.032,1,7687.0,2,True,27.910228442443454,30.214696237653467,6.817241989669757,4.9759,1.841209,2.0,2.0,tail_2_3,True,False
25239,63922979762,2026-08-21 07:16:02.448,-1,7683.75,2,True,26.84889776071118,48.19520216802843,11.365013960124848,1.752059,0.258071,1.0,3.0,tail_2_3,True,True
25241,63922979780,2026-08-21 07:16:20.176,-1,7683.5,1,True,25.327507254771955,45.06074542671151,9.871236040413484,1.81562,-0.413445,3.0,1.0,tail_1,True,True
25250,63922979928,2026-08-21 07:18:48.720,-1,7683.25,2,True,16.080931379812736,23.64508553472888,8.61666654448606,1.99198,0.11538,3.0,1.0,tail_1,True,True
25278,63922980392,2026-08-21 07:26:32.560,1,7685.5,1,True,19.404710381910842,36.10257307458915,7.288408690136181,0.631009,0.351349,3.0,1.0,tail_1,True,False
25280,63922980461,2026-08-21 07:27:41.560,1,7685.5,1,True,15.968226569165775,29.434762418240066,8.234674140783818,0.782901,0.595766,3.0,1.0,tail_1,True,False
25282,63922980504,2026-08-21 07:28:24.164,1,7685.5,1,True,8.234674140783818,13.958420664645745,9.104131058222908,0.964558,0.896746,1.0,3.0,tail_2_3,True,False
25289,63922980651,2026-08-21 07:30:51.408,-1,7682.75,2,False,15.541178144417865,31.588245243616637,11.581827083886296,0.432885,-0.820994,3.0,1.0,tail_1,True,True
25291,63922980683,2026-08-21 07:31:23.292,-1,7683.0,1,True,15.541178144417865,31.588245243616637,10.769321484890208,0.700273,0.512032,1.0,3.0,tail_2_3,True,True
25294,63922980722,2026-08-21 07:32:02.152,-1,7683.0,1,True,15.541178144417865,31.588245243616637,9.547854297125982,1.022153,1.016638,2.0,2.0,tail_2_3,True,True
25300,63922980829,2026-08-21 07:33:49.544,-1,7682.5,1,True,13.12605256108638,21.357751316399586,9.98686794713665,1.583992,0.177819,3.0,1.0,tail_1,True,True
25316,63922981147,2026-08-21 07:39:07.688,-1,7680.5,2,True,35.345282451625934,49.29936840120796,16.45299484057427,4.823463,-0.347465,-0.0,4.0,tail_ge4,True,True
25322,63922981236,2026-08-21 07:40:36.268,-1,7680.25,2,True,27.24122134649266,33.2584650604543,12.887301694425089,4.279611,0.257356,-0.0,4.0,tail_ge4,True,True
25335,63922981515,2026-08-21 07:45:15.064,-1,7681.0,1,False,22.45015295443068,25.76443508875932,-2.8763503630303613,1.77231,4.542417,3.0,1.0,tail_1,True,False
25346,63922981669,2026-08-21 07:47:49.744,1,7682.5,3,True,20.174812855332057,36.94867970662866,9.736971584336333,1.062255,1.910111,1.0,3.0,tail_2_3,True,True
25366,63922982093,2026-08-21 07:54:53.580,1,7685.5,3,True,33.423108293302676,44.39577774755695,14.615282319015886,4.920665,-0.840973,2.0,2.0,tail_2_3,True,True
25413,63922983086,2026-08-21 08:11:26.024,1,7694.75,4,True,41.755672115922614,43.179172244197375,8.196358911881898,8.458943,2.238399,1.0,3.0,tail_2_3,True,True
25416,63922983207,2026-08-21 08:13:27.480,1,7694.75,2,False,41.04856610696056,41.668272669557794,3.800460533262904,6.777966,2.437686,3.0,1.0,tail_1,True,False
25434,63922983810,2026-08-21 08:23:30.540,-1,7693.0,3,False,19.23735289122609,38.318612196587885,4.700134741341905,0.408811,3.705857,-0.0,4.0,tail_ge4,True,True
25560,63922987280,2026-08-21 09:21:20.524,1,7702.0,2,True,33.76135477733342,56.753396165445814,5.029528425393635,1.034214,2.583225,2.0,2.0,tail_2_3,True,False
25586,63922987848,2026-08-21 09:30:48.460,-1,7699.0,1,False,20.679047610463694,25.48004091618283,1.535006744585076,2.358819,2.729895,3.0,1.0,tail_1,True,True
25588,63922987880,2026-08-21 09:31:20.792,-1,7698.75,1,False,17.836652323791938,19.18196802911724,3.6884876616224713,2.103654,1.830634,4.0,0.0,no_tail,True,True
25605,63922988702,2026-08-21 09:45:02.740,-1,7698.25,1,False,1.9147993236717729,-0.4229115666157979,5.567601950994511,0.960045,1.373985,4.0,0.0,no_tail,True,True
25630,63922989905,2026-08-21 10:05:05.016,-1,7697.75,1,False,1.345592223651118,-14.156469869473263,-2.76729499903059,0.760815,3.844302,4.0,0.0,no_tail,True,False
25632,63922989970,2026-08-21 10:06:10.848,-1,7697.25,1,False,-1.91121278927646,-7.680494758357894,2.654941663662193,0.742328,1.936243,4.0,0.0,no_tail,True,False
25646,63922990645,2026-08-21 10:17:25.448,-1,7697.0,1,True,11.397759000315347,22.752007456182263,10.238156602213273,0.497946,0.72457,2.0,2.0,tail_2_3,True,True
25677,63922992539,2026-08-21 10:48:59.848,-1,7693.0,2,True,35.07335820428761,43.965565743323175,12.420534031351139,5.464219,-0.207635,2.0,2.0,tail_2_3,True,True
25692,63922993505,2026-08-21 11:05:05.848,-1,7691.75,2,True,27.87340822228542,33.38328422217131,10.64201499236675,4.746697,0.219941,3.0,1.0,tail_1,True,True
25706,63922994560,2026-08-21 11:22:40.132,-1,7690.25,1,True,27.822104653762075,33.24521540546639,12.58567569836543,4.664989,-0.278795,2.0,2.0,tail_2_3,True,True
25718,63922995885,2026-08-21 11:44:45.604,-1,7689.5,2,True,34.10774273041149,44.62909302041032,10.627625451687415,5.028981,1.865738,-0.0,4.0,tail_ge4,True,False
25745,63922997839,2026-08-21 12:17:19.764,1,7695.0,1,True,33.509870490922665,42.65936971201143,12.085021470973247,5.331867,-0.050335,1.0,3.0,tail_2_3,True,True
25748,63922998043,2026-08-21 12:20:43.388,1,7695.25,1,True,33.2482076142417,40.78797513266812,14.80395975431921,4.901153,-0.257479,0.0,4.0,tail_ge4,True,True
25762,63922998930,2026-08-21 12:35:30.452,1,7696.25,1,True,25.315585053952308,30.984367327856095,10.768363029945629,4.010015,-0.153849,3.0,1.0,tail_1,True,True
25785,63922999881,2026-08-21 12:51:21.228,1,7698.0,4,True,41.73257886300919,52.802191740479316,3.586074702530775,5.590133,4.15267,1.0,3.0,tail_2_3,True,False
25847,63923180438,2026-08-23 15:00:38.580,-1,7691.25,1,False,32.43269329992201,37.40340852422744,-0.4837176751393114,3.649651,3.545927,4.0,0.0,no_tail,True,True
25889,63923180732,2026-08-23 15:05:32.020,-1,7685.25,2,True,27.49848001875685,33.23730643884812,9.270445366246614,4.421721,0.813601,2.0,2.0,tail_2_3,True,True
25904,63923181756,2026-08-23 15:22:36.472,-1,7684.25,3,True,23.58531166743017,29.258363112684044,7.004935431420199,3.755776,1.109776,3.0,1.0,tail_1,True,False
25907,63923182510,2026-08-23 15:35:10.296,-1,7684.0,1,True,23.58531166743017,29.258363112684044,9.720422105331165,3.413457,0.623675,2.0,2.0,tail_2_3,True,False
26065,63923193751,2026-08-23 18:42:31.040,1,7697.25,1,False,0.9141338854875788,-8.241109175437947,1.6268392043649333,1.795604,2.999173,4.0,0.0,no_tail,True,True
26074,63923194204,2026-08-23 18:50:04.932,1,7696.75,1,False,8.775666696804988,9.413406344420489,-3.33892735529199,0.541439,4.73291,3.0,1.0,tail_1,True,True
26106,63923195561,2026-08-23 19:12:41.492,-1,7691.25,3,True,39.58852521690298,48.987294587619026,12.736723785120017,6.458015,-0.997193,3.0,1.0,tail_1,True,False
26121,63923196371,2026-08-23 19:26:11.700,1,7694.5,3,False,23.30895491892114,48.7629128262928,5.178530963469266,0.250767,1.548244,3.0,1.0,tail_1,True,True
26124,63923196619,2026-08-23 19:30:19.920,1,7695.25,1,True,17.836721550662464,36.66925629265869,13.616663278660964,0.884646,-0.725058,2.0,2.0,tail_2_3,True,True
26126,63923196672,2026-08-23 19:31:12.380,1,7695.25,1,True,14.405857385776775,29.79458936588053,9.892589611896971,1.044225,-0.435549,4.0,0.0,no_tail,True,True
26140,63923197992,2026-08-23 19:53:12.680,1,7694.75,1,True,16.78961306772299,25.38321707072154,3.1562455812611536,1.383141,3.676545,2.0,2.0,tail_2_3,True,True
26142,63923198079,2026-08-23 19:54:39.296,1,7694.75,1,True,9.981532891150263,11.133309131429916,0.8164477897827204,1.164442,3.665276,3.0,1.0,tail_1,True,True
26148,63923198350,2026-08-23 19:59:10.440,1,7694.75,3,True,14.864852655986297,23.583258377752234,-0.2761635186601719,1.292907,4.447083,2.0,2.0,tail_2_3,True,True
26230,63923206057,2026-08-23 22:07:37.344,-1,7683.25,2,True,28.11879921406233,32.0737814627855,2.222495638976392,4.689601,3.727661,3.0,1.0,tail_1,True,False
26257,63923208131,2026-08-23 22:42:11.904,-1,7681.0,3,True,42.2907839170113,55.12919304813326,4.324172532846608,5.011772,3.515019,2.0,2.0,tail_2_3,True,True
26293,63923210242,2026-08-23 23:17:22.592,-1,7675.0,1,True,36.387689846063104,40.82666558999888,18.36940041101924,7.038294,-0.878721,-1.0,5.0,tail_ge4,True,True
26305,63923210999,2026-08-23 23:29:59.432,-1,7673.5,2,True,40.65268647771644,48.99015654419581,10.987762666602833,6.455735,-0.580431,4.0,0.0,no_tail,True,True
26312,63923211355,2026-08-23 23:35:55.212,-1,7674.0,2,True,17.943612658510734,9.687615161174428,5.60997704459725,4.780738,2.983017,2.0,2.0,tail_2_3,True,True
26315,63923211610,2026-08-23 23:40:10.132,-1,7674.5,2,False,17.943612658510734,9.687615161174428,-0.019709747377390664,3.71572,4.981982,2.0,2.0,tail_2_3,True,True
26335,63923212899,2026-08-24 00:01:39.428,-1,7672.75,1,False,10.86587289792982,18.03759777051404,13.317400175557063,1.253664,-0.595167,2.0,2.0,tail_2_3,False,False
26338,63923212963,2026-08-24 00:02:43.216,-1,7672.75,2,True,13.317400175557063,22.109940134800734,7.775986158023871,1.375,-0.1855,4.0,0.0,no_tail,False,False
26341,63923213112,2026-08-24 00:05:12.272,-1,7674.0,2,True,13.317400175557063,22.109940134800734,1.06366942777253,1.117872,4.870202,1.0,3.0,tail_2_3,False,False
26355,63923214300,2026-08-24 00:25:00.356,1,7676.25,2,True,29.763684888555353,46.62160284257506,9.322600289021961,2.397883,0.778522,3.0,1.0,tail_1,False,True
26431,63923217244,2026-08-24 01:14:04.044,1,7675.5,1,False,-0.35102775048868884,-12.975690146248015,0.5772163515534441,1.646749,3.110246,4.0,0.0,no_tail,False,True
26434,63923217321,2026-08-24 01:15:21.296,1,7676.25,1,False,7.090337736203565,6.708232259938126,9.018903716907342,1.735209,0.586413,3.0,1.0,tail_1,False,True
26437,63923217503,2026-08-24 01:18:23.932,1,7675.5,2,False,9.018903716907342,10.658911744731398,0.20313178587131303,1.364884,3.597048,3.0,1.0,tail_1,False,True
26446,63923218066,2026-08-24 01:27:46.792,1,7676.25,2,True,26.991624540265686,41.56605576139141,6.959475080517746,2.606585,3.408559,0.0,4.0,tail_ge4,False,True
26468,63923220083,2026-08-24 02:01:23.788,1,7680.0,4,True,39.514902903135734,49.649176068835274,14.894251708674231,6.259716,-0.310218,1.0,3.0,tail_2_3,False,True
26489,63923222468,2026-08-24 02:41:08.876,1,7681.0,1,False,4.90988282989171,-3.260958738044483,8.412756992846036,2.640093,0.867286,1.0,3.0,tail_2_3,False,True
26496,63923223360,2026-08-24 02:56:00.536,1,7681.0,2,True,16.064143126105503,20.414260052463373,6.540743152826987,2.574245,2.276407,2.0,2.0,tail_2_3,False,True
26500,63923224068,2026-08-24 03:07:48.852,1,7681.5,1,True,16.064143126105503,20.414260052463373,9.735932651814366,2.448981,0.937169,2.0,2.0,tail_2_3,False,False
26509,63923225125,2026-08-24 03:25:25.096,-1,7678.75,3,False,27.199658939249765,48.323804290163956,12.055361595724227,0.815847,0.589537,2.0,2.0,tail_2_3,False,True
26516,63923225770,2026-08-24 03:36:10.016,-1,7679.0,3,True,22.10416957039923,35.608117528038115,6.0456208819208745,1.867399,3.455515,1.0,3.0,tail_2_3,False,True
26558,63923228828,2026-08-24 04:27:08.340,-1,7670.75,3,True,38.773287934459084,33.89504806826136,7.097710200259391,7.89038,4.004172,-1.0,5.0,tail_ge4,False,True
26633,63923230600,2026-08-24 04:56:40.396,-1,7679.5,2,False,25.173211662840554,48.29568768291786,2.696714535499653,0.008362,1.919041,4.0,0.0,no_tail,False,True
26636,63923230801,2026-08-24 05:00:01.136,-1,7679.0,1,True,25.173211662840554,48.29568768291786,10.788784172981032,0.547543,0.49071,2.0,2.0,tail_2_3,False,True
26638,63923230856,2026-08-24 05:00:56.052,-1,7679.0,1,True,16.917733151317577,34.505981024157094,7.220524580303975,0.665643,0.686734,4.0,0.0,no_tail,False,True
26655,63923232026,2026-08-24 05:20:26.140,-1,7677.75,2,True,19.34644630401085,26.93433427993871,9.832154802424823,2.890896,0.896526,2.0,2.0,tail_2_3,False,False
26691,63923232776,2026-08-24 05:32:56.128,-1,7674.0,5,True,40.754325063696456,50.070594081351416,9.603118941445787,6.454075,-0.633273,4.0,0.0,no_tail,False,True
26693,63923232777,2026-08-24 05:32:57.068,-1,7674.0,1,True,40.754325063696456,50.070594081351416,9.692217427477717,5.751149,-0.350822,4.0,0.0,no_tail,False,True
26710,63923232789,2026-08-24 05:33:09.544,-1,7673.0,1,False,23.54352741693858,20.867380133971597,5.531048522773498,4.059794,1.735363,2.0,2.0,tail_2_3,False,False
26712,63923232791,2026-08-24 05:33:11.240,-1,7673.25,1,False,23.54352741693858,20.867380133971597,4.42267983231833,3.538077,2.834144,2.0,2.0,tail_2_3,False,False
26714,63923232794,2026-08-24 05:33:14.404,-1,7673.25,1,False,9.59064140104351,-8.464109726242206,2.7083006651886317,3.052997,2.88765,3.0,1.0,tail_1,False,False
26747,63923233325,2026-08-24 05:42:05.132,1,7678.25,1,True,36.57713939283862,47.32190685557395,9.731999491640059,3.915629,-0.994771,3.0,1.0,tail_1,False,False
26752,63923233576,2026-08-24 05:46:16.224,1,7677.25,1,False,9.731999491640059,0.8879370958858774,-0.11443861807437682,2.637398,3.07419,4.0,0.0,no_tail,False,True
26754,63923233638,2026-08-24 05:47:18.416,1,7677.0,1,False,9.731999491640059,0.8879370958858774,2.1402618322191156,2.267387,4.107701,1.0,3.0,tail_2_3,False,True
26758,63923234114,2026-08-24 05:55:14.916,1,7678.5,1,True,15.28942474702848,20.286396056171117,16.1083648986278,2.599356,-0.834065,0.0,4.0,tail_ge4,False,True
26762,63923234441,2026-08-24 06:00:41.712,1,7678.75,2,True,16.1083648986278,21.47487465916535,9.65918223623652,2.638083,-0.977032,4.0,0.0,no_tail,False,True
26769,63923234871,2026-08-24 06:07:51.988,1,7678.25,1,True,13.43648695940592,15.382430087485886,4.400808441182653,2.353109,2.176854,4.0,0.0,no_tail,False,True
26772,63923235080,2026-08-24 06:11:20.264,1,7678.75,1,True,13.43648695940592,15.382430087485886,11.637682017653225,2.417314,0.794722,0.0,4.0,tail_ge4,False,False
26775,63923235247,2026-08-24 06:14:07.248,1,7678.0,2,True,12.436707998310013,13.108227441690413,2.5452364276559125,2.003946,3.928076,2.0,2.0,tail_2_3,False,True
26780,63923235398,2026-08-24 06:16:38.592,1,7677.75,1,False,11.637682017653225,12.80887545834588,-1.6446245893560043,1.115211,4.689073,2.0,2.0,tail_2_3,False,True
26808,63923236206,2026-08-24 06:30:06.328,1,7680.0,1,True,25.751298024502976,41.94649909240179,13.305608023446158,2.990633,0.716479,0.0,4.0,tail_ge4,False,False
26838,63923236322,2026-08-24 06:32:02.968,-1,7675.0,1,True,33.08590601345031,38.94574417212423,-0.19686752367913427,4.212501,3.108027,4.0,0.0,no_tail,False,True
26868,63923236566,2026-08-24 06:36:06.084,-1,7670.5,4,True,38.15657879590066,43.6489033981807,6.736713626524571,6.426871,2.527997,1.0,3.0,tail_2_3,False,True
26871,63923236581,2026-08-24 06:36:21.780,-1,7669.5,1,True,32.979539232680786,33.26199050137446,10.297034492153783,5.529716,-0.926972,4.0,0.0,no_tail,False,False
26880,63923236695,2026-08-24 06:38:15.008,-1,7670.0,1,False,9.173013347744781,-4.886979950053192,6.375028016939516,2.911207,1.385058,2.0,2.0,tail_2_3,False,True
26897,63923236788,2026-08-24 06:39:48.600,-1,7667.75,1,True,22.434163971841464,24.28826025151828,15.371137449997935,4.621536,-0.187193,-0.0,4.0,tail_ge4,False,True
26901,63923236812,2026-08-24 06:40:12.896,-1,7668.25,2,True,22.434163971841464,24.28826025151828,4.109525565618704,3.745733,2.310201,3.0,1.0,tail_1,False,True
26914,63923236909,2026-08-24 06:41:49.204,-1,7668.5,1,False,8.875849082167216,0.3281102439981762,-0.6151038569511265,0.908623,3.292854,3.0,1.0,tail_1,False,True
26916,63923236921,2026-08-24 06:42:01.708,-1,7668.75,1,False,-0.5909659095621813,-5.56071541990312,0.9299434256688381,0.751457,4.271874,2.0,2.0,tail_2_3,False,True
26918,63923236933,2026-08-24 06:42:13.948,-1,7668.0,1,False,0.9299434256688381,-2.0752618783098518,3.1609676523706276,0.778316,1.407831,4.0,0.0,no_tail,False,True
26954,63923237192,2026-08-24 06:46:32.832,-1,7662.25,5,True,36.63778810190449,31.95261499837025,-0.7061538243490487,7.528714,4.930699,3.0,1.0,tail_1,False,False
26978,63923237414,2026-08-24 06:50:14.236,1,7666.25,2,True,37.96225701180351,53.90565552415923,8.168665575191445,3.891722,0.290252,4.0,0.0,no_tail,False,False
26990,63923237505,2026-08-24 06:51:45.104,1,7665.25,3,False,5.83551965879972,2.672398191621282,-2.7222494612723773,1.380513,4.145854,4.0,0.0,no_tail,False,False
27029,63923237897,2026-08-24 06:58:17.628,1,7668.25,2,True,28.552556858298615,36.52325347419678,6.983109544406978,4.19115,1.77212,2.0,2.0,tail_2_3,False,True
27036,63923238000,2026-08-24 07:00:00.856,1,7669.0,1,True,19.282967949037634,20.786027363063614,11.925394715564531,3.827865,0.658366,1.0,3.0,tail_2_3,False,True
27038,63923238006,2026-08-24 07:00:06.180,1,7669.25,1,True,19.282967949037634,20.786027363063614,8.29220787679404,3.505954,-0.081608,4.0,0.0,no_tail,False,True
27040,63923238012,2026-08-24 07:00:12.372,1,7669.25,1,True,19.282967949037634,20.786027363063614,8.483017839791342,3.213543,0.158423,4.0,0.0,no_tail,False,True
27055,63923238140,2026-08-24 07:02:20.892,1,7670.25,3,True,34.89397463351332,48.86874528046615,14.12752076721006,4.070566,0.67895,0.0,4.0,tail_ge4,False,False
27087,63923238367,2026-08-24 07:06:07.040,-1,7665.25,3,True,22.825446770297553,25.71149730140448,5.403568302404829,3.7365,1.121914,4.0,0.0,no_tail,False,True
27135,63923239161,2026-08-24 07:19:21.100,-1,7662.75,2,False,10.855336342577969,16.156866273742654,6.371029002657251,1.403569,3.333379,-0.0,4.0,tail_ge4,False,False
27137,63923239194,2026-08-24 07:19:54.628,-1,7663.0,1,True,10.855336342577969,16.156866273742654,0.1194042317003279,1.131349,4.271604,3.0,1.0,tail_1,False,False
27151,63923239439,2026-08-24 07:23:59.072,1,7666.0,3,True,32.9671193187826,50.139763217277576,15.387543331780975,3.250578,-0.84772,1.0,3.0,tail_2_3,False,False
27204,63923240676,2026-08-24 07:44:36.020,1,7670.75,5,True,41.12746176197076,48.84506704327768,13.517256984876697,7.115055,0.62459,0.0,4.0,tail_ge4,False,True
27207,63923240730,2026-08-24 07:45:30.984,1,7671.0,1,True,41.12746176197076,48.84506704327768,12.777200643013188,6.185149,0.304916,0.0,4.0,tail_ge4,False,True
27212,63923240800,2026-08-24 07:46:40.268,1,7670.25,3,True,14.578867312126167,1.709885813682748,0.20290260562256102,4.536138,3.904164,4.0,0.0,no_tail,False,True
27214,63923240848,2026-08-24 07:47:28.184,1,7671.0,1,False,14.578867312126167,1.709885813682748,3.9844067791311066,4.009876,1.068396,4.0,0.0,no_tail,False,True
27230,63923241404,2026-08-24 07:56:44.024,1,7670.75,1,False,6.240234661057666,-5.485407160972218,0.9819535090790698,1.314001,3.264146,4.0,0.0,no_tail,False,True
27236,63923241529,2026-08-24 07:58:49.856,1,7671.5,3,True,20.835089799932575,33.01355512317499,5.5865958316435025,1.933202,1.699287,3.0,1.0,tail_1,False,True
27238,63923241601,2026-08-24 08:00:01.352,1,7671.25,1,True,20.835089799932575,33.01355512317499,4.503243454179652,1.740898,2.800841,2.0,2.0,tail_2_3,False,True
27284,63923243029,2026-08-24 08:23:49.704,-1,7662.25,3,True,41.66835792843805,48.65723248584322,13.065610598577845,7.591004,0.167172,1.0,3.0,tail_2_3,False,False
27286,63923243051,2026-08-24 08:24:11.376,-1,7663.0,1,True,40.533002106033955,46.278069926009486,5.720274636915952,6.529693,3.270427,1.0,3.0,tail_2_3,False,False
27325,63923243423,2026-08-24 08:30:23.680,1,7669.25,3,True,31.31638691829821,32.814246614737165,8.31075873475538,6.25235,4.137111,-1.0,5.0,tail_ge4,False,True
27337,63923243559,2026-08-24 08:32:39.348,1,7671.0,2,True,31.159787167069055,37.11518149560691,8.874655867393576,5.145097,1.620418,2.0,2.0,tail_2_3,False,True
27339,63923243615,2026-08-24 08:33:35.212,1,7671.5,1,True,29.02180535453179,32.73458532702117,7.611230981848191,4.62377,-0.116639,4.0,0.0,no_tail,False,True
27386,63923244954,2026-08-24 08:55:54.852,1,7677.25,3,True,29.058301165888004,28.351654200976395,10.716376159774148,6.288233,0.841599,2.0,2.0,tail_2_3,False,True
27388,63923245128,2026-08-24 08:58:48.524,1,7677.75,1,True,29.058301165888004,28.351654200976395,9.324013686656901,5.651061,-0.835571,4.0,0.0,no_tail,False,True
27390,63923245159,2026-08-24 08:59:19.440,1,7677.75,1,True,29.058301165888004,28.351654200976395,10.13358716915093,5.086995,-0.537565,4.0,0.0,no_tail,False,True
27418,63923245756,2026-08-24 09:09:16.156,1,7680.5,6,True,37.89500176175004,44.58157943393889,0.408932133162891,5.887349,3.819549,4.0,0.0,no_tail,False,True
27485,63923249714,2026-08-24 10:15:14.140,-1,7678.25,1,False,2.910030650093024,3.519942959855539,4.2882417230447025,0.576732,3.209746,2.0,2.0,tail_2_3,False,True
27597,63923254993,2026-08-24 11:43:13.884,1,7677.75,1,False,34.97519972683945,23.994483970187453,0.12009177800604455,6.060194,2.977898,4.0,0.0,no_tail,False,False
27599,63923255108,2026-08-24 11:45:08.740,1,7678.0,1,False,18.65907117336233,-13.484392049568035,3.8498198248328217,5.253397,2.097245,3.0,1.0,tail_1,False,False
27620,63923256896,2026-08-24 12:14:56.088,-1,7675.25,2,True,24.94791164263205,44.895838354647466,11.20367563850154,1.962964,1.607308,1.0,3.0,tail_2_3,False,True
27624,63923257200,2026-08-24 12:20:00.304,-1,7675.5,2,True,22.268641687287786,35.75363569156527,6.586810204101375,1.963127,3.24363,-0.0,4.0,tail_ge4,False,True
27628,63923257367,2026-08-24 12:22:47.912,-1,7675.25,2,True,11.832265301817936,14.901671561152346,2.5013185591743783,1.746869,2.639638,4.0,0.0,no_tail,False,True
27631,63923257616,2026-08-24 12:26:56.312,-1,7675.0,1,True,10.658985525590278,12.306530831625198,5.771172741274425,1.647664,1.942841,3.0,1.0,tail_1,False,True
27652,63923259000,2026-08-24 12:50:00.028,-1,7672.75,3,True,31.688471718747596,44.70679784435081,13.547008186657614,4.473348,0.291618,-0.0,4.0,tail_ge4,False,True
27654,63923259000,2026-08-24 12:50:00.032,-1,7672.75,1,True,31.688471718747596,43.29885705349167,7.6605358904808005,4.003716,0.502951,4.0,0.0,no_tail,False,True
27656,63923259010,2026-08-24 12:50:10.200,-1,7673.0,1,True,31.688471718747596,42.62220573233442,6.454995154375804,3.549225,1.658818,3.0,1.0,tail_1,False,True
27671,63923259363,2026-08-24 12:56:03.724,-1,7670.75,2,True,31.081124456478612,40.37557813048459,15.420560316735129,4.735837,-0.875346,2.0,2.0,tail_2_3,False,False
27674,63923259414,2026-08-24 12:56:54.792,-1,7672.0,2,True,23.813849992866327,26.741768153220995,-0.2963311294057539,3.670291,4.109139,4.0,0.0,no_tail,False,True
27688,63923259591,2026-08-24 12:59:51.764,-1,7670.75,2,True,15.806746929483355,21.93280547717109,10.577952679607437,2.432688,0.593403,1.0,3.0,tail_2_3,False,True
27708,63923260557,2026-08-24 13:15:57.420,-1,7670.5,1,False,3.6308927451525146,-1.1560719176740788,4.680632666815877,1.265434,2.394366,3.0,1.0,tail_1,False,True
27716,63923262586,2026-08-24 13:49:46.276,-1,7670.5,3,True,26.85029641039796,41.14449187034136,4.693532993725586,2.310891,4.668854,-0.0,4.0,tail_ge4,False,False
27739,63923268721,2026-08-24 15:32:01.476,1,7674.5,1,True,24.533599877732147,29.734028595738916,11.85970595324414,4.061879,0.033297,2.0,2.0,tail_2_3,False,True
27741,63923270293,2026-08-24 15:58:13.376,1,7674.5,1,True,24.533599877732147,29.734028595738916,8.933710664383467,3.711186,0.302171,3.0,1.0,tail_1,False,True
27744,63923271748,2026-08-24 16:22:28.388,1,7675.0,1,True,16.91990081057389,13.797574212675174,13.465535773172352,3.574351,-0.979502,2.0,2.0,tail_2_3,False,False
27840,63923279571,2026-08-24 18:32:51.476,1,7674.0,1,True,18.6225815899006,20.76405573911588,9.753148413064885,3.538434,-0.056466,4.0,0.0,no_tail,False,True
27843,63923279662,2026-08-24 18:34:22.732,1,7673.25,2,True,18.6225815899006,20.76405573911588,1.5630229914106586,2.834195,3.025397,4.0,0.0,no_tail,False,True
27845,63923279744,2026-08-24 18:35:44.760,1,7673.5,1,False,18.6225815899006,20.76405573911588,3.026448207973868,2.483345,2.103413,4.0,0.0,no_tail,False,True
27850,63923280233,2026-08-24 18:43:53.164,1,7674.5,2,True,21.21335742333259,30.180912622264128,16.327277784820836,3.032742,-0.291393,0.0,4.0,tail_ge4,False,True
27856,63923281246,2026-08-24 19:00:46.468,1,7674.5,1,True,21.21335742333259,30.180912622264128,11.421835741815956,3.062,1.207158,0.0,4.0,tail_ge4,False,False
27869,63923282722,2026-08-24 19:25:22.228,-1,7671.25,1,True,32.220223819148096,53.168460833347126,13.258283190822128,1.982181,0.403802,1.0,3.0,tail_2_3,False,True
27875,63923283049,2026-08-24 19:30:49.844,-1,7671.25,3,True,20.572184703201405,30.554203308010294,5.2933803025374795,2.309119,1.807716,4.0,0.0,no_tail,False,False
27895,63923284137,2026-08-24 19:48:57.960,-1,7671.0,2,False,12.355380692710485,25.8180685611845,9.285699126584388,0.362623,-0.499343,4.0,0.0,no_tail,False,True
27927,63923288026,2026-08-24 20:53:46.108,1,7674.75,3,True,33.424811182598,45.10382235241211,3.4493108945524864,4.100561,2.249328,4.0,0.0,no_tail,False,True
27944,63923291749,2026-08-24 21:55:49.660,1,7676.75,4,True,27.411676052976343,33.39223184506802,5.415909906029017,4.360058,0.796668,4.0,0.0,no_tail,False,True
27946,63923291984,2026-08-24 21:59:44.220,1,7676.75,1,True,25.581929931438484,29.15860435363094,7.251725246432197,3.90501,1.006844,3.0,1.0,tail_1,False,True
28032,63923302856,2026-08-25 01:00:56.260,-1,7684.25,2,True,17.69358426803884,35.23962596728097,6.106051690949068,0.611057,2.457106,2.0,2.0,tail_2_3,False,True
28034,63923302945,2026-08-25 01:02:25.784,-1,7684.0,1,True,17.69358426803884,35.23962596728097,4.298725058072109,0.645273,1.578821,4.0,0.0,no_tail,False,True
28113,63923304373,2026-08-25 01:26:13.772,1,7694.75,1,False,18.674841888979078,-1.199751030510292,-1.2425124476768057,4.730069,3.537469,4.0,0.0,no_tail,False,True
28209,63923308736,2026-08-25 02:38:56.828,1,7704.75,3,True,37.10133422051857,28.628301775842857,14.436884389251224,9.109627,0.863761,0.0,4.0,tail_ge4,False,True
28211,63923308769,2026-08-25 02:39:29.276,1,7705.0,1,True,34.43505487695772,23.628480027993767,9.246855234486922,8.032527,0.183348,2.0,2.0,tail_2_3,False,True
28220,63923309147,2026-08-25 02:45:47.944,1,7705.75,3,True,29.09786263003364,28.10114700077535,10.739016613678901,6.180564,0.511866,2.0,2.0,tail_2_3,False,True
28250,63923310901,2026-08-25 03:15:01.540,1,7708.0,2,True,18.34180427529349,18.838888409186403,7.187364455306704,3.667709,3.313522,0.0,4.0,tail_ge4,False,False
28297,63923315510,2026-08-25 04:31:50.104,-1,7700.0,4,True,20.187061869126786,8.676550039693458,1.4588935451314862,5.306145,3.734517,2.0,2.0,tail_2_3,False,True
28318,63923317433,2026-08-25 05:03:53.548,1,7702.75,3,True,28.157649259229785,45.71193850633256,7.8592150176944315,2.623504,2.04643,2.0,2.0,tail_2_3,False,True
28326,63923317940,2026-08-25 05:12:20.868,1,7702.75,3,True,19.501294539757033,26.02218550640025,5.568207352606679,2.749958,3.973694,1.0,3.0,tail_2_3,False,True
28337,63923318700,2026-08-25 05:25:00.560,1,7704.75,5,True,33.73732375725116,47.176561089528214,6.670930197444149,3.933928,0.27557,4.0,0.0,no_tail,False,True
28358,63923320394,2026-08-25 05:53:14.808,-1,7699.5,2,True,41.49507382671875,56.776986214381736,9.720422105398665,4.646756,-0.362748,4.0,0.0,no_tail,False,True
28373,63923321479,2026-08-25 06:11:19.060,-1,7698.25,3,True,25.554577480855368,30.340836901788165,11.775903244434314,4.56268,0.069224,2.0,2.0,tail_2_3,False,True
28376,63923321489,2026-08-25 06:11:29.320,-1,7698.75,2,True,25.554577480855368,30.340836901788165,4.136049393482678,3.757891,2.286166,4.0,0.0,no_tail,False,True
28378,63923321595,2026-08-25 06:13:15.672,-1,7699.0,1,True,25.554577480855368,30.340836901788165,3.189908437076512,3.240297,3.342593,2.0,2.0,tail_2_3,False,True
28381,63923321652,2026-08-25 06:14:12.192,-1,7699.25,2,False,11.775903244434314,1.708664591297269,-2.1487297338772993,2.419123,4.23003,4.0,0.0,no_tail,False,True
28385,63923321807,2026-08-25 06:16:47.232,-1,7697.75,1,True,12.92889125304786,15.087927012157456,13.150250006455446,2.584102,-0.842801,2.0,2.0,tail_2_3,False,False
28394,63923322460,2026-08-25 06:27:40.108,-1,7699.0,2,False,10.310345545276133,13.615653031207748,3.7128320199737885,1.491048,4.420516,1.0,3.0,tail_2_3,False,True
28396,63923322482,2026-08-25 06:28:02.876,-1,7698.0,1,False,10.310345545276133,13.615653031207748,4.2905207334356215,1.469611,0.621937,4.0,0.0,no_tail,False,True
28414,63923322644,2026-08-25 06:30:44.240,-1,7696.5,3,True,22.30036509076814,25.856251254962743,7.355445669642275,3.967177,2.256978,2.0,2.0,tail_2_3,False,True
28439,63923322819,2026-08-25 06:33:39.380,-1,7695.75,1,False,6.7029575668565,11.3561289175811,8.650269353618208,0.785574,0.754507,2.0,2.0,tail_2_3,False,False
28452,63923322950,2026-08-25 06:35:50.620,1,7698.5,2,True,23.884848447381795,39.88505443329117,4.0754752019335605,1.691502,1.350922,4.0,0.0,no_tail,False,False
28456,63923322995,2026-08-25 06:36:35.668,1,7697.75,2,True,22.41053268939182,36.581523868058724,1.5862293441387314,1.464554,4.65553,1.0,3.0,tail_2_3,False,False
28485,63923323330,2026-08-25 06:42:10.428,-1,7696.75,1,False,14.069744239558583,22.45902688030905,2.270855235730525,0.330314,3.067597,3.0,1.0,tail_1,False,True
28522,63923323849,2026-08-25 06:50:49.044,1,7697.25,1,True,24.84929489217895,42.189539249386925,-1.4784376572188178,0.824075,4.287653,3.0,1.0,tail_1,False,False
28526,63923323898,2026-08-25 06:51:38.204,-1,7695.5,1,False,9.208002765817696,20.751096831606162,11.752107118366682,0.076766,-0.573826,3.0,1.0,tail_1,False,True
28602,63923325396,2026-08-25 07:16:36.240,-1,7686.75,3,True,25.387644203194107,27.014063508392926,8.7855903839989,4.958104,1.99104,1.0,3.0,tail_2_3,False,True
28611,63923325639,2026-08-25 07:20:39.016,-1,7687.0,1,False,11.385205178271324,1.6104275193868793,0.18961014081060742,2.447055,3.269406,4.0,0.0,no_tail,False,True
28669,63923326233,2026-08-25 07:30:33.908,-1,7672.0,5,True,49.844416901666854,41.5012449018287,5.629497786930307,12.388273,3.308094,1.0,3.0,tail_2_3,False,True
28672,63923326234,2026-08-25 07:30:34.480,-1,7671.25,1,False,42.65961759836626,23.10089780124732,12.055361595724227,10.253295,0.948798,-1.0,5.0,tail_ge4,False,False
28720,63923326516,2026-08-25 07:35:16.224,1,7677.5,4,True,30.262478676379256,34.04117696140094,0.7695506322091183,4.926605,3.351374,4.0,0.0,no_tail,False,True
28724,63923326566,2026-08-25 07:36:06.064,1,7678.5,1,True,28.122305190926316,29.60425649332132,12.359462841047932,4.26816,0.151823,1.0,3.0,tail_2_3,False,True
28753,63923327198,2026-08-25 07:46:38.752,-1,7677.0,2,True,20.566492743620213,40.245243916032756,4.95560803964967,1.218414,3.254022,2.0,2.0,tail_2_3,False,True
28757,63923327297,2026-08-25 07:48:17.324,-1,7675.75,1,True,16.540998300385727,29.531033001877905,11.066072564106442,1.61731,-0.933912,4.0,0.0,no_tail,False,True
28759,63923327336,2026-08-25 07:48:56.968,-1,7675.75,1,True,14.63230523670799,24.361461415347147,11.042377919760822,1.716294,-0.590666,3.0,1.0,tail_1,False,True
28781,63923328056,2026-08-25 08:00:56.256,1,7679.0,4,True,25.228313101267457,40.52099684655255,6.410865450121374,2.26223,1.344024,4.0,0.0,no_tail,False,True
28786,63923328153,2026-08-25 08:02:33.316,1,7679.0,2,True,22.848287069459584,34.78497753827691,7.054750998732643,2.357944,2.382416,2.0,2.0,tail_2_3,False,False
28796,63923328400,2026-08-25 08:06:40.444,1,7678.75,1,False,0.3224572425944847,-3.407444249444374,2.5550717919517307,0.798928,2.963764,2.0,2.0,tail_2_3,False,True
28798,63923328423,2026-08-25 08:07:03.268,1,7678.5,1,False,2.5550717919517307,1.4447696587744456,0.9501824849425429,0.647932,3.93041,3.0,1.0,tail_1,False,True
28802,63923328529,2026-08-25 08:08:49.356,1,7679.5,2,True,10.010947618771766,16.346061269135713,8.896281679931837,1.103542,0.63802,3.0,1.0,tail_1,False,True
28805,63923328646,2026-08-25 08:10:46.356,1,7679.25,1,True,10.010947618771766,16.346061269135713,8.552057719074998,1.281756,2.089162,1.0,3.0,tail_2_3,False,True
28817,63923329166,2026-08-25 08:19:26.244,1,7680.5,2,True,17.13090266460432,27.154255270625548,11.038403909023325,1.889626,-0.922122,4.0,0.0,no_tail,False,True
28825,63923329449,2026-08-25 08:24:09.288,1,7681.25,4,True,33.961737981980455,49.236720489143195,13.834961733281304,3.767412,-0.166805,1.0,3.0,tail_2_3,False,True
28828,63923329514,2026-08-25 08:25:14.256,1,7680.75,2,True,33.961737981980455,49.236720489143195,4.642839564754411,3.164168,2.07683,4.0,0.0,no_tail,False,True
28850,63923330112,2026-08-25 08:35:12.228,1,7684.75,4,True,50.104747936527886,61.30634059956142,8.052386629212256,7.470847,1.312324,3.0,1.0,tail_1,False,True
28864,63923330203,2026-08-25 08:36:43.092,1,7686.5,1,True,33.01274936279802,35.464551365758,10.279136750014404,5.517022,0.053955,3.0,1.0,tail_1,False,False
28866,63923330261,2026-08-25 08:37:41.612,1,7686.0,1,True,21.622516291436433,13.50960134742741,6.71199982789433,4.823744,2.205131,2.0,2.0,tail_2_3,False,False
28868,63923330323,2026-08-25 08:38:43.912,1,7685.75,1,False,21.622516291436433,13.50960134742741,2.6538744362998976,4.112728,3.230112,3.0,1.0,tail_1,False,False
28912,63923332234,2026-08-25 09:10:34.308,1,7687.75,3,True,39.53594730483821,54.50913756347117,13.162057206329223,4.572728,-0.847903,2.0,2.0,tail_2_3,False,True
28915,63923332450,2026-08-25 09:14:10.652,1,7687.75,2,True,29.592069579255117,38.50379268899537,9.66014740121556,4.049889,-0.337253,4.0,0.0,no_tail,False,True
28920,63923332922,2026-08-25 09:22:02.576,1,7688.25,1,True,16.817476974686414,16.37707776579372,14.947249616417603,3.863915,-0.973716,1.0,3.0,tail_2_3,False,True
28936,63923334325,2026-08-25 09:45:25.724,1,7689.5,4,True,29.73489261931465,37.1329083309698,7.796609011523625,4.662592,0.766152,4.0,0.0,no_tail,False,True
28949,63923335126,2026-08-25 09:58:46.316,1,7689.0,1,False,2.3049490981206233,-6.476943992637138,4.002044322962852,1.623149,3.020848,1.0,3.0,tail_2_3,False,True
28979,63923336422,2026-08-25 10:20:22.088,-1,7686.25,1,True,33.407779283232244,48.74581189840282,12.095685731263787,3.1416,1.238517,-0.0,4.0,tail_ge4,False,True
29001,63923338635,2026-08-25 10:57:15.032,-1,7683.5,2,True,24.947660429985756,22.06146584739731,8.765369377680381,5.098621,1.666402,2.0,2.0,tail_2_3,False,True
29003,63923338805,2026-08-25 11:00:05.220,-1,7683.25,1,True,22.03902128919968,16.650451523468956,7.480822458799285,4.576044,0.924272,2.0,2.0,tail_2_3,False,True
29011,63923339600,2026-08-25 11:13:20.780,-1,7682.75,2,True,16.569355832923147,14.509438003103384,8.576036508103241,3.742773,0.772612,3.0,1.0,tail_1,False,True
29052,63923344343,2026-08-25 12:32:23.404,-1,7684.25,1,False,23.59499976121436,47.9803116992396,12.540042584745233,0.151206,-0.259143,2.0,2.0,tail_2_3,False,False
29056,63923344761,2026-08-25 12:39:21.404,-1,7685.25,3,True,23.59499976121436,47.0538298576883,0.171886822845554,0.249596,3.916883,4.0,0.0,no_tail,False,False
29063,63923345230,2026-08-25 12:47:10.064,1,7686.75,3,True,20.330608280733287,36.32426783626404,5.080466874486799,1.021544,1.575771,4.0,0.0,no_tail,False,True
29067,63923345424,2026-08-25 12:50:24.076,1,7686.5,2,True,20.330608280733287,36.32426783626404,4.793759771988421,1.107082,3.000859,2.0,2.0,tail_2_3,False,True
29095,63923345999,2026-08-25 12:59:59.328,1,7691.0,4,True,29.084095419946287,28.084143082084225,4.7058258026684285,5.707319,1.74379,3.0,1.0,tail_1,False,True
29102,63923346156,2026-08-25 13:02:36.444,1,7690.5,4,True,21.161952064131576,18.6426802362302,-1.524242813449596,4.000942,4.946659,3.0,1.0,tail_1,False,True
29120,63923353201,2026-08-25 15:00:01.348,1,7692.75,1,False,29.899246311857908,41.01439740369344,1.306193834863369,2.932106,3.015432,7.0,0.0,no_tail,False,True
29125,63923353293,2026-08-25 15:01:33.868,1,7692.0,2,True,10.698969469059486,8.708350721918958,2.9749471330722614,2.366321,3.73814,3.0,1.0,tail_1,False,True
29128,63923353537,2026-08-25 15:05:37.072,1,7692.5,1,False,10.698969469059486,8.708350721918958,6.9824321566490015,2.191208,2.105558,1.0,3.0,tail_2_3,False,True
29132,63923354675,2026-08-25 15:24:35.332,1,7692.0,2,True,7.895795184800783,6.019933691352867,0.021772395172818596,1.720563,4.298635,4.0,0.0,no_tail,False,True
29180,63923361755,2026-08-25 17:22:35.192,-1,7683.5,1,False,20.10639840300092,7.635997426553019,7.378438005730069,4.818778,0.620803,4.0,0.0,no_tail,False,True
29232,63923367631,2026-08-25 19:00:31.836,-1,7674.75,3,True,32.96894757727846,31.412078515097875,12.842357831741275,7.384859,-0.722693,3.0,1.0,tail_1,False,True
29292,63923378817,2026-08-25 22:06:57.428,1,7685.75,2,False,8.813194837531176,-5.19906450925779,4.504913765711052,4.017135,2.133864,4.0,0.0,no_tail,False,True
29294,63923378949,2026-08-25 22:09:09.320,1,7686.25,1,False,8.813194837531176,-5.19906450925779,7.890998154246805,3.701523,0.432682,2.0,2.0,tail_2_3,False,True
29298,63923379521,2026-08-25 22:18:41.644,1,7685.75,2,False,9.780600903786402,2.5283101008142297,1.5035543890208012,2.907557,2.729753,4.0,0.0,no_tail,False,True
29300,63923379862,2026-08-25 22:24:22.044,1,7686.0,1,False,9.780600903786402,2.5283101008142297,4.404757537635933,2.604038,1.868181,3.0,1.0,tail_1,False,True
29302,63923379974,2026-08-25 22:26:14.152,1,7685.25,1,False,9.780600903786402,2.5283101008142297,1.9146467054422593,2.178247,4.840639,1.0,3.0,tail_2_3,False,True
29313,63923382024,2026-08-25 23:00:24.112,1,7685.5,1,False,10.393366270809414,11.380065867139024,-1.4462202282034038,0.800002,3.941254,4.0,0.0,no_tail,False,False
29321,63923382882,2026-08-25 23:14:42.240,-1,7683.25,2,True,26.836125882125515,44.92354197676418,16.654097816043468,1.625921,-0.437339,-0.0,4.0,tail_ge4,False,True
29329,63923383782,2026-08-25 23:29:42.092,-1,7682.75,2,True,22.598445874748638,33.995201320429686,12.021968126052831,2.878402,0.28378,2.0,2.0,tail_2_3,False,True
29353,63923385823,2026-08-26 00:03:43.788,1,7686.75,3,True,24.662883783355255,33.39132651459153,5.441348675259246,3.276228,1.759487,3.0,1.0,tail_1,False,True
29421,63923391103,2026-08-26 01:31:43.136,1,7687.25,2,True,15.389673776157531,25.992134588760717,11.437248582905564,1.465941,0.534231,2.0,2.0,tail_2_3,False,True
29436,63923392897,2026-08-26 02:01:37.536,1,7688.5,1,True,26.210838786637606,37.48637834160353,9.406640292834188,2.582912,-0.204119,2.0,2.0,tail_2_3,False,True
29440,63923393469,2026-08-26 02:11:09.292,1,7687.25,2,True,11.221096547774597,11.15309166924813,-1.5516486372522873,1.966917,4.957916,3.0,1.0,tail_1,False,False
29453,63923394880,2026-08-26 02:34:40.544,-1,7686.5,3,True,23.501973578439774,40.96416684277394,-0.058900040590184874,0.957778,4.67797,2.0,2.0,tail_2_3,False,False
29470,63923398043,2026-08-26 03:27:23.600,-1,7685.25,1,True,15.346772436435216,30.64029497049212,14.917936371244547,0.665958,-0.627676,-0.0,4.0,tail_ge4,False,True
29481,63923399214,2026-08-26 03:46:54.916,1,7688.0,2,False,24.225648805807914,44.889090414934216,15.27520732585534,0.497766,-0.144872,0.0,4.0,tail_ge4,False,True
29484,63923399440,2026-08-26 03:50:40.876,1,7687.5,1,True,24.225648805807914,44.889090414934216,10.169635472455983,0.889906,2.393272,-1.0,5.0,tail_ge4,False,True
29486,63923399990,2026-08-26 03:59:50.276,1,7687.5,1,True,24.225648805807914,44.889090414934216,5.126850244993088,0.917248,2.556035,1.0,3.0,tail_2_3,False,True
29495,63923400692,2026-08-26 04:11:32.924,1,7688.25,3,True,23.98128397438931,37.66263550978583,8.04002851727285,2.210761,1.97074,2.0,2.0,tail_2_3,False,True
29506,63923401721,2026-08-26 04:28:41.500,1,7689.25,1,True,36.995685694694224,52.08135772902378,6.642290414083834,3.779847,2.554217,2.0,2.0,tail_2_3,False,True
29528,63923403258,2026-08-26 04:54:18.964,-1,7686.75,4,True,32.265965703544644,48.46187455531333,1.0470211041684465,2.543192,2.917316,4.0,0.0,no_tail,False,True
29530,63923403385,2026-08-26 04:56:25.940,-1,7686.5,1,True,32.265965703544644,48.46187455531333,3.268725690242383,2.245331,2.003643,4.0,0.0,no_tail,False,False
29533,63923403689,2026-08-26 05:01:29.968,-1,7687.25,2,True,24.42412889341945,34.886778822940215,-3.5729860895398446,1.572818,4.816319,4.0,0.0,no_tail,False,True
29535,63923403803,2026-08-26 05:03:23.224,-1,7687.0,1,False,4.200489553747451,-4.7935321894314304,1.1617227887335349,1.386107,3.869659,1.0,3.0,tail_2_3,False,True
29539,63923403944,2026-08-26 05:05:44.000,-1,7687.0,2,True,6.855123918213654,7.340642153033939,-0.26478101079131955,1.171816,4.0962,4.0,0.0,no_tail,False,True
29543,63923404532,2026-08-26 05:15:32.208,-1,7687.0,2,True,6.855123918213654,7.340642153033939,1.5928705404452388,1.040289,4.332713,1.0,3.0,tail_2_3,False,True
29568,63923405410,2026-08-26 05:30:10.596,1,7692.5,3,True,48.80132252006766,60.81601087905726,14.438603877943075,7.968838,0.209796,1.0,3.0,tail_2_3,False,False
29583,63923405438,2026-08-26 05:30:38.668,1,7690.75,1,False,-7.793909408010349,-21.578664939259475,-4.9214853446271905,0.662884,4.732967,4.0,0.0,no_tail,False,False
29634,63923406248,2026-08-26 05:44:08.428,-1,7683.0,2,True,23.210040785784873,15.394715654111904,6.982657952786298,5.311025,1.439142,3.0,1.0,tail_1,False,True
29645,63923406519,2026-08-26 05:48:39.044,-1,7682.0,3,True,24.290735501241546,27.549487923639596,7.7691614216264195,4.371045,0.790675,3.0,1.0,tail_1,False,True
29670,63923407113,2026-08-26 05:58:33.284,-1,7679.75,1,True,22.944624888814715,23.475563313026193,9.22839765775247,3.671794,-0.475168,4.0,0.0,no_tail,False,True
29677,63923407286,2026-08-26 06:01:26.080,-1,7679.75,2,True,15.254659748191024,14.896249411525234,7.394966967404361,3.161626,0.947064,3.0,1.0,tail_1,False,False
29703,63923408536,2026-08-26 06:22:16.868,-1,7680.25,1,False,0.9517863248374452,-3.378211556596976,-0.5998266999485088,0.347658,3.273507,4.0,0.0,no_tail,False,True
29707,63923408760,2026-08-26 06:26:00.260,1,7681.0,1,False,6.379781480988507,13.83957130897138,6.870862354251871,0.089763,-0.90129,-1.0,0.0,no_tail,False,False
29710,63923408970,2026-08-26 06:29:30.592,-1,7680.0,1,False,0.9108497606487651,2.1376680417696123,3.865257692169738,0.130572,2.103978,2.0,2.0,tail_2_3,False,True
29712,63923408986,2026-08-26 06:29:46.072,-1,7679.5,1,True,4.4592052105673385,8.888750221132682,7.249920988180186,0.378306,0.367417,3.0,1.0,tail_1,False,True
29729,63923409052,2026-08-26 06:30:52.464,1,7681.25,1,True,21.37007498305595,37.0460404675877,-1.9226591229891585,0.594789,4.150117,3.0,1.0,tail_1,False,True
29733,63923409082,2026-08-26 06:31:22.240,1,7681.25,1,False,0.442085461436405,-1.761023095524578,-1.720876745711006,0.338744,4.054101,4.0,0.0,no_tail,False,True
29739,63923409107,2026-08-26 06:31:47.784,1,7682.75,1,True,14.361057228335975,24.999514087225222,11.983303188137292,1.288132,-0.672959,3.0,1.0,tail_1,False,True
29820,63923409731,2026-08-26 06:42:11.100,1,7688.75,1,True,28.518123443038007,37.93194796806322,14.73888862758084,4.301369,-0.548994,0.0,4.0,tail_ge4,False,True
29822,63923409754,2026-08-26 06:42:34.804,1,7687.5,1,True,26.975365857106755,34.61959509709075,5.831210160514809,3.718712,-0.469102,-1.0,0.0,no_tail,False,True
29852,63923410084,2026-08-26 06:48:04.316,1,7694.5,5,True,40.189697169854696,41.965468552261356,10.016948458055294,8.264381,-0.155047,3.0,1.0,tail_1,False,True
29920,63923411400,2026-08-26 07:10:00.268,1,7698.5,4,True,17.778829132651335,12.920109968430404,-0.17731077303318082,3.931709,4.72657,2.0,2.0,tail_2_3,False,False
30005,63923413522,2026-08-26 07:45:22.360,-1,7685.5,2,False,10.790700816702568,6.242272930727834,4.884553062917053,2.930393,3.629618,-0.0,4.0,tail_ge4,False,True
30009,63923413684,2026-08-26 07:48:04.844,-1,7685.0,2,False,10.790700816702568,7.458141248733159,7.334855738995846,2.662018,2.265598,2.0,2.0,tail_2_3,False,False
30062,63923415713,2026-08-26 08:21:53.272,1,7692.0,1,False,-4.2512438913077615,-17.38074626383715,1.1505737511821617,1.585989,2.56777,3.0,1.0,tail_1,False,False
30070,63923416005,2026-08-26 08:26:45.340,-1,7689.75,1,False,11.5533779294833,25.64268220521595,10.771312102686615,0.121244,-0.475216,3.0,1.0,tail_1,False,False
30072,63923416043,2026-08-26 08:27:23.200,-1,7690.5,1,True,11.5533779294833,25.64268220521595,7.146302357525513,0.256564,2.677434,1.0,3.0,tail_2_3,False,False
30134,63923417575,2026-08-26 08:52:55.756,-1,7688.0,2,True,20.76111680023718,38.2427283383084,12.4571775643918,1.595637,-0.86359,2.0,2.0,tail_2_3,False,True
30145,63923417873,2026-08-26 08:57:53.704,-1,7688.75,3,True,21.1925737741746,31.65820506027979,-1.7189686068980312,2.169575,4.693531,4.0,0.0,no_tail,False,True
30166,63923418532,2026-08-26 09:08:52.164,-1,7685.25,2,True,26.661837332937903,27.6096871533354,10.585408313600775,5.09525,1.550502,1.0,3.0,tail_2_3,False,True
30173,63923418816,2026-08-26 09:13:36.028,-1,7684.0,3,True,25.190979662092666,28.86314374185201,13.4843198090161,4.792828,-0.987659,2.0,2.0,tail_2_3,False,True
30295,63923426733,2026-08-26 11:25:33.760,1,7688.25,4,True,30.435087628878396,38.65850393616817,6.481318447185563,4.520226,2.954348,1.0,3.0,tail_2_3,False,True
30299,63923427158,2026-08-26 11:32:38.140,1,7688.5,2,True,30.435087628878396,38.65850393616817,2.579545182809628,3.531481,2.287372,4.0,0.0,no_tail,False,True
30362,63923430941,2026-08-26 12:35:41.120,1,7701.25,1,True,27.71252678625694,16.75760849408154,10.460755828428379,6.921647,-0.023097,3.0,1.0,tail_1,False,False
30368,63923431382,2026-08-26 12:43:02.436,1,7700.25,1,False,12.771169903659631,-13.196240959160109,-0.028265915580767815,3.985853,3.705122,2.0,2.0,tail_2_3,False,True
30375,63923431698,2026-08-26 12:48:18.368,1,7701.25,1,False,9.6314870678432,6.724055653478534,11.434606500684685,2.742156,0.215272,2.0,2.0,tail_2_3,False,True
30381,63923431860,2026-08-26 12:51:00.044,1,7702.0,3,True,25.238627348039497,35.91711697010964,12.76833608343285,3.370852,-0.690725,3.0,1.0,tail_1,False,False
30422,63923432401,2026-08-26 13:00:01.972,-1,7692.5,4,True,46.07301479456939,52.480739229047174,9.55342614436751,7.78204,0.040986,3.0,1.0,tail_1,False,True
30424,63923432425,2026-08-26 13:00:25.928,-1,7692.25,1,True,31.74563122005897,24.660801696609298,11.039066251637712,6.971969,-0.57616,2.0,2.0,tail_2_3,False,True
30429,63923432448,2026-08-26 13:00:48.788,-1,7693.5,3,True,16.44505444249056,2.264448155064218,-1.6434796170284327,5.018466,4.995674,3.0,1.0,tail_1,False,False
30480,63923433600,2026-08-26 13:20:00.080,1,7703.0,4,True,38.88640768664674,41.25292131286652,6.358201555505422,7.571457,1.686008,4.0,0.0,no_tail,False,False
30483,63923433600,2026-08-26 13:20:00.096,1,7702.25,2,True,37.14494812896928,37.7846083344705,-1.50844025182253,5.817605,4.607007,4.0,0.0,no_tail,False,False
30496,63923433608,2026-08-26 13:20:08.560,1,7702.0,1,False,-2.595326590077883,-5.870144447022907,2.7454205173335935,0.185696,2.565327,2.0,2.0,tail_2_3,False,False
30502,63923433610,2026-08-26 13:20:10.104,-1,7700.75,2,True,10.383240541590279,21.880855009659957,3.7344365139806306,0.45031,3.118165,2.0,2.0,tail_2_3,False,True
30507,63923433613,2026-08-26 13:20:13.540,-1,7699.5,2,True,19.872017890972476,34.10287177896899,13.667453157498763,1.555583,-0.427071,2.0,2.0,tail_2_3,False,True
30512,63923433622,2026-08-26 13:20:22.436,-1,7699.5,2,True,19.872017890972476,34.10287177896899,10.315891485434825,1.989183,0.691612,2.0,2.0,tail_2_3,False,False
30527,63923433628,2026-08-26 13:20:28.608,1,7702.75,3,True,35.6157417854084,55.083943883552514,5.172848011892157,2.147329,1.217438,4.0,0.0,no_tail,False,True
30542,63923433653,2026-08-26 13:20:53.276,-1,7699.75,2,True,21.46316416307481,42.48104246496131,12.074575515308007,1.486382,-0.392067,3.0,1.0,tail_1,False,True
30585,63923433790,2026-08-26 13:23:10.052,-1,7693.5,1,True,32.41897704531549,32.72334026027354,10.93415823482206,5.990406,-0.877699,4.0,0.0,no_tail,False,False
30587,63923433797,2026-08-26 13:23:17.656,-1,7694.0,1,True,25.02950143672889,18.91467321166037,8.76820492832311,5.29588,1.345116,2.0,2.0,tail_2_3,False,False
30614,63923433962,2026-08-26 13:26:02.016,1,7698.75,4,True,29.683024858027686,42.25585814895797,8.86943546151248,3.965258,0.649286,3.0,1.0,tail_1,False,False
30630,63923434183,2026-08-26 13:29:43.028,1,7697.5,3,False,12.842503071996022,21.660600468109305,-2.120579321702643,0.816268,4.871675,3.0,1.0,tail_1,False,False
30771,63923443324,2026-08-26 16:02:04.676,1,7737.0,2,True,42.2468171560063,42.922538483202686,16.98567599223564,8.858019,-0.585933,0.0,4.0,tail_ge4,False,False
30785,63923446359,2026-08-26 16:52:39.824,1,7735.75,1,False,3.7773380546435713,-4.863089516604239,5.118741218373392,2.32892,3.519659,1.0,3.0,tail_2_3,False,True
30787,63923446553,2026-08-26 16:55:53.504,1,7735.75,1,False,5.118741218373392,-1.4287369263672516,1.1690536148102917,1.976983,3.520454,3.0,1.0,tail_1,False,True
30858,63923451052,2026-08-26 18:10:52.852,-1,7720.0,2,True,40.581729265046775,21.533266680676743,8.801332887705394,10.682364,0.998044,3.0,1.0,tail_1,False,True
30885,63923453280,2026-08-26 18:48:00.048,1,7721.75,1,True,34.171432426773855,56.77194025327571,-0.07295658651620722,0.55924,3.390307,3.0,1.0,tail_1,False,True
30923,63923460949,2026-08-26 20:55:49.320,1,7726.75,2,True,34.58714341409005,41.47338002602761,5.562531663537179,5.256046,2.349428,3.0,1.0,tail_1,False,False
30925,63923461238,2026-08-26 21:00:38.548,1,7727.0,1,True,32.47017398725175,37.22950691845386,5.253763568272252,4.620973,1.5171,3.0,1.0,tail_1,False,False
30928,63923461988,2026-08-26 21:13:08.836,1,7726.5,2,False,19.38132817427052,10.094939121732567,0.3527847547482776,3.619495,3.535573,3.0,1.0,tail_1,False,True
30931,63923462630,2026-08-26 21:23:50.308,1,7726.5,1,False,5.562531663537179,-7.05384809264342,4.536344557701292,3.039958,3.773591,0.0,4.0,tail_ge4,False,False
30994,63923470364,2026-08-26 23:32:44.536,-1,7713.25,1,False,37.63955319847163,33.20506794913301,8.296696148310419,6.994898,3.502825,-1.0,5.0,tail_ge4,False,False
31009,63923472128,2026-08-27 00:02:08.712,1,7715.0,1,True,23.670979148809103,46.27686560880661,8.723875852628618,0.341709,3.323486,-1.0,5.0,tail_ge4,False,True
31035,63923474302,2026-08-27 00:38:22.528,1,7718.5,3,True,32.460058906237464,40.36196412450887,5.5664668195673865,4.918574,2.014636,4.0,0.0,no_tail,False,False
31041,63923475051,2026-08-27 00:50:51.832,1,7718.75,1,False,20.885587366769343,16.72902638305157,4.14684081581484,3.023805,1.001348,4.0,0.0,no_tail,False,True
31043,63923475169,2026-08-27 00:52:49.352,1,7719.0,1,False,5.5664668195673865,-6.332544742174332,7.535788310568418,2.799089,0.235,4.0,0.0,no_tail,False,True
31134,63923480891,2026-08-27 02:28:11.728,-1,7725.0,6,True,40.51066535033848,52.43947192359717,1.6069924819456411,4.897227,4.633943,2.0,2.0,tail_2_3,False,False
31175,63923485784,2026-08-27 03:49:44.868,-1,7722.5,4,True,35.39135700235972,46.52579360026618,3.477625882972456,4.47563,2.570789,3.0,1.0,tail_1,False,True
31192,63923486935,2026-08-27 04:08:55.732,1,7724.5,2,False,15.763594852026445,33.657370055898575,11.765945981822844,0.051543,0.393558,2.0,2.0,tail_2_3,False,True
31217,63923488307,2026-08-27 04:31:47.736,-1,7723.5,1,True,25.52665266978672,48.03792587307492,0.38609131547434306,0.256267,2.548549,4.0,0.0,no_tail,False,True
31227,63923488520,2026-08-27 04:35:20.416,-1,7721.75,1,True,28.519715895049135,44.8629655665841,11.732408136749996,2.568333,-0.885477,3.0,1.0,tail_1,False,True
31272,63923491320,2026-08-27 05:22:00.396,1,7723.5,2,True,32.79141596220437,51.057901267803324,8.397131694918055,2.565588,0.847719,3.0,1.0,tail_1,False,True
31274,63923491345,2026-08-27 05:22:25.684,1,7723.5,1,True,21.809575315722864,33.17580286079008,6.429197180776045,2.346332,1.016292,4.0,0.0,no_tail,False,True
31281,63923491800,2026-08-27 05:30:00.056,1,7723.25,3,True,14.075710085906344,17.627134176625336,2.2169272156329067,2.102573,3.08978,3.0,1.0,tail_1,False,False
31284,63923491838,2026-08-27 05:30:38.384,1,7722.75,2,True,14.075710085906344,17.627134176625336,-3.758245868691897,1.452332,4.892715,4.0,0.0,no_tail,False,False
31325,63923494081,2026-08-27 06:08:01.532,-1,7714.25,1,True,37.94672556293309,38.65081681213508,10.846493904335553,6.882534,0.466122,2.0,2.0,tail_2_3,False,True
31342,63923494966,2026-08-27 06:22:46.364,-1,7713.25,1,False,5.640165545873703,-3.2055205531111883,8.37223328682016,2.925202,-0.755376,4.0,0.0,no_tail,False,False
31358,63923495401,2026-08-27 06:30:01.808,1,7715.25,2,True,14.745033121341399,29.35589646823079,-0.44896053929481017,0.443891,4.838128,2.0,2.0,tail_2_3,False,False
31364,63923495406,2026-08-27 06:30:06.428,-1,7714.25,3,True,13.150105125725048,26.192019326288516,4.607471266949314,0.489394,2.104529,3.0,1.0,tail_1,False,False
31374,63923495440,2026-08-27 06:30:40.336,1,7715.5,2,True,16.994968875434633,30.984928805339926,1.8229946589250519,0.737756,4.225038,2.0,2.0,tail_2_3,False,True
31412,63923495602,2026-08-27 06:33:22.776,-1,7711.5,5,True,42.69686070440652,48.44493824667612,-3.1345387355350613,6.317518,4.955765,4.0,0.0,no_tail,False,True
31420,63923495636,2026-08-27 06:33:56.852,-1,7710.25,1,False,10.892174197609908,3.796125162725246,10.474643904029527,3.692356,0.304132,2.0,2.0,tail_2_3,False,True
31440,63923495779,2026-08-27 06:36:19.068,-1,7708.5,2,True,42.1353923103978,52.235064890672085,3.770416283342188,5.532799,4.409821,-0.0,4.0,tail_ge4,False,True
31442,63923495785,2026-08-27 06:36:25.424,-1,7708.25,1,False,36.67318800820291,42.30695794613198,-0.08304062493625286,4.661249,3.381384,4.0,0.0,no_tail,False,True
31448,63923495825,2026-08-27 06:37:05.008,-1,7708.5,1,False,3.770416283342188,-16.533696991400113,1.0134948178981622,2.723041,4.237595,2.0,2.0,tail_2_3,False,True
31456,63923495867,2026-08-27 06:37:47.704,-1,7708.0,3,True,23.577290639904643,33.230090930677186,1.1776061969028941,2.747553,4.157122,3.0,1.0,tail_1,False,True
31463,63923495922,2026-08-27 06:38:42.224,-1,7708.0,2,False,6.652465456576195,-1.8877854848163762,-0.5488767768645489,1.592167,4.225928,3.0,1.0,tail_1,False,False
31487,63923496145,2026-08-27 06:42:25.420,1,7712.75,6,True,47.74286360691164,60.718152609563425,11.249024420330182,6.49495,0.614625,2.0,2.0,tail_2_3,False,True
31489,63923496152,2026-08-27 06:42:32.216,1,7712.25,1,True,47.74286360691164,60.718152609563425,6.17802208740998,5.644377,2.760367,1.0,3.0,tail_2_3,False,True
31530,63923496426,2026-08-27 06:47:06.508,1,7721.5,5,True,54.2554566629935,60.691375084001116,8.943327629539864,10.760572,2.244804,1.0,3.0,tail_2_3,False,False
31566,63923496634,2026-08-27 06:50:34.520,-1,7714.75,4,True,46.36256815405856,57.626259794502424,0.8107193670295875,5.904089,3.654544,4.0,0.0,no_tail,False,False
31651,63923497169,2026-08-27 06:59:29.180,-1,7713.75,3,True,26.78062601287588,16.134310449181697,-1.8221551708466843,5.604207,4.73592,4.0,0.0,no_tail,False,False
31672,63923497271,2026-08-27 07:01:11.848,1,7716.0,2,True,15.719291832375603,28.21925248332689,10.394105349410633,1.093429,0.325263,3.0,1.0,tail_1,False,True
31685,63923497351,2026-08-27 07:02:31.504,1,7717.0,2,True,23.3340147553669,35.36057873505002,8.506482237782723,2.821673,0.468671,4.0,0.0,no_tail,False,True
31690,63923497397,2026-08-27 07:03:17.260,1,7717.25,2,True,18.52895405052569,24.211733839896233,10.93901877749931,2.954336,0.746798,2.0,2.0,tail_2_3,False,True
31729,63923497702,2026-08-27 07:08:22.492,-1,7715.5,1,True,25.068375337119583,41.43501593349796,7.601248544681658,1.543419,-0.432521,4.0,0.0,no_tail,False,True
31733,63923497734,2026-08-27 07:08:54.832,-1,7715.25,2,True,17.493044715795346,27.22654514384816,12.053096655689483,2.044112,-0.382826,3.0,1.0,tail_1,False,True
31735,63923497766,2026-08-27 07:09:26.520,-1,7715.0,1,True,17.493044715795346,27.22654514384816,12.640821337238,2.183819,-0.929706,1.0,3.0,tail_2_3,False,False
31737,63923497780,2026-08-27 07:09:40.764,-1,7715.75,1,True,17.493044715795346,27.22654514384816,8.149876825702066,2.037189,2.257891,1.0,3.0,tail_2_3,False,False
31760,63923498005,2026-08-27 07:13:25.644,1,7719.25,1,True,21.060364792622128,32.4202835350602,13.84893394707922,2.913456,-0.172915,1.0,3.0,tail_2_3,False,True
31767,63923498101,2026-08-27 07:15:01.004,1,7718.5,4,True,21.00532471868289,28.250383146331608,-0.9006918481054327,2.471105,4.050304,3.0,1.0,tail_1,False,True
31839,63923499304,2026-08-27 07:35:04.752,1,7726.0,2,False,9.67596047090104,12.69150813506055,6.76865699929557,1.590485,1.195136,4.0,0.0,no_tail,False,True
31853,63923499564,2026-08-27 07:39:24.184,1,7727.75,2,True,38.675270117232046,53.46502678822381,9.837049733817448,4.381909,0.907478,1.0,3.0,tail_2_3,False,False
31865,63923499777,2026-08-27 07:42:57.308,1,7727.75,1,False,3.2420738837249914,-1.9915627758274628,6.830497581847967,1.750754,0.849283,4.0,0.0,no_tail,False,True
31868,63923499879,2026-08-27 07:44:39.512,1,7727.0,2,False,6.830497581847967,5.78667480945957,1.017924299236966,1.411565,3.902589,3.0,1.0,tail_1,False,True
31870,63923499922,2026-08-27 07:45:22.624,1,7727.5,1,False,6.830497581847967,5.78667480945957,3.9587093495660413,1.360496,2.065404,2.0,2.0,tail_2_3,False,True
31872,63923499955,2026-08-27 07:45:55.420,1,7727.25,1,False,6.830497581847967,5.78667480945957,2.9672520306038503,1.192153,3.101128,3.0,1.0,tail_1,False,True
31917,63923500705,2026-08-27 07:58:25.880,1,7732.0,1,False,9.049155110217088,5.3495773539831895,11.601987284057198,2.796089,-0.496477,2.0,2.0,tail_2_3,False,True
31963,63923502364,2026-08-27 08:26:04.420,1,7738.25,3,True,39.11773329790201,43.31123652985523,7.812281020994825,6.980264,2.066066,2.0,2.0,tail_2_3,False,False
32005,63923503286,2026-08-27 08:41:26.348,-1,7732.25,2,True,31.620884091866653,41.577685699118895,15.092769735765975,5.249779,-0.397602,1.0,3.0,tail_2_3,False,False
32063,63923505001,2026-08-27 09:10:01.800,1,7737.25,2,True,39.78094575595454,47.48125604753833,9.616041139027452,6.031194,0.987856,2.0,2.0,tail_2_3,False,True
32068,63923505126,2026-08-27 09:12:06.936,1,7737.25,2,True,20.652496458063375,12.392989947216082,9.05101771466434,4.993801,2.199476,1.0,3.0,tail_2_3,False,True
32070,63923505284,2026-08-27 09:14:44.208,1,7737.5,1,True,18.76358306600116,12.392989947216082,6.299715396080252,4.446434,1.416356,2.0,2.0,tail_2_3,False,True
32077,63923505570,2026-08-27 09:19:30.564,1,7738.25,2,True,22.437166265894426,25.81020618067,10.718883738530723,4.128828,0.520421,2.0,2.0,tail_2_3,False,False
32084,63923505916,2026-08-27 09:25:16.732,1,7737.5,1,False,15.570601694460494,11.560490760125097,-0.8414998986805887,1.945633,3.052668,4.0,0.0,no_tail,False,True
32087,63923506007,2026-08-27 09:26:47.116,1,7737.25,2,False,1.94867988239941,-11.078065597438496,-2.213876007104881,1.410848,3.936694,4.0,0.0,no_tail,False,True
32259,63923513583,2026-08-27 11:33:03.656,-1,7729.75,6,True,43.8023024908092,41.50672931474192,8.313077468740309,8.990469,0.229726,4.0,0.0,no_tail,False,True
32270,63923513967,2026-08-27 11:39:27.148,-1,7730.0,5,True,31.60332069611259,30.29677581171022,-1.716526183596779,5.623543,4.69252,4.0,0.0,no_tail,False,False
32276,63923514226,2026-08-27 11:43:46.772,-1,7730.0,1,False,9.861670521365681,-14.831947618940871,-1.5864583516952757,2.87198,3.998888,4.0,0.0,no_tail,False,True
32279,63923514343,2026-08-27 11:45:43.224,-1,7730.0,2,False,-1.5864583516952757,-17.00097731710444,-2.097844636198874,2.138003,3.888996,4.0,0.0,no_tail,False,True
32302,63923515203,2026-08-27 12:00:03.408,-1,7727.75,4,True,37.05694025073907,50.787367162806305,7.2499961658532595,4.476643,2.647201,-0.0,4.0,tail_ge4,False,False
32319,63923515584,2026-08-27 12:06:24.024,1,7729.5,4,True,28.939141972734014,49.633702855481324,0.7823825329204653,0.822839,3.346108,4.0,0.0,no_tail,False,True
32333,63923516141,2026-08-27 12:15:41.932,1,7731.5,2,True,27.08271955230908,40.969785670839194,12.513397594162964,3.198373,0.072458,2.0,2.0,tail_2_3,False,True
32337,63923516326,2026-08-27 12:18:46.428,1,7732.0,2,True,21.448010502236095,28.954761088042353,13.112285419673153,3.269386,-0.839427,3.0,1.0,tail_1,False,True
32348,63923516768,2026-08-27 12:26:08.756,1,7731.25,1,True,20.572653433877054,26.112492331262306,-2.434749949277023,2.316206,4.027544,4.0,0.0,no_tail,False,True
32354,63923517014,2026-08-27 12:30:14.724,1,7731.25,1,False,-0.3960221212971262,-12.473565457542787,-0.24805097833570655,1.217811,3.782298,3.0,1.0,tail_1,False,True
32417,63923518795,2026-08-27 12:59:55.408,1,7741.25,4,True,27.658554112589762,22.57702013382973,4.290672666959715,5.990892,2.235378,3.0,1.0,tail_1,False,True
32424,63923518814,2026-08-27 13:00:14.008,1,7742.25,2,True,16.58170699918927,9.619457187207408,9.078284033076525,4.668083,-0.091832,4.0,0.0,no_tail,False,True
32429,63923518872,2026-08-27 13:01:12.344,1,7741.5,2,True,16.58170699918927,9.619457187207408,4.211811081341687,3.618613,3.56138,2.0,2.0,tail_2_3,False,False
32480,63923527606,2026-08-27 15:26:46.592,-1,7733.0,1,True,23.435252823232343,12.517838808269435,9.453774084664719,5.955451,1.709627,1.0,3.0,tail_2_3,False,True
32482,63923527678,2026-08-27 15:27:58.180,-1,7732.75,1,False,23.435252823232343,12.517838808269435,8.09177775289943,5.333871,1.001851,1.0,3.0,tail_2_3,False,True
32484,63923527918,2026-08-27 15:31:58.812,-1,7732.75,1,False,21.969148252817707,10.070353538648432,6.797357226851729,4.713506,1.19625,3.0,1.0,tail_1,False,True
32486,63923528380,2026-08-27 15:39:40.928,-1,7732.75,1,False,12.4426088093445,-8.438322942619326,6.366049011036819,4.173517,1.3757,3.0,1.0,tail_1,False,True
32507,63923533789,2026-08-27 17:09:49.784,-1,7731.75,2,True,33.398142656821946,43.996735368756816,6.792837732932931,4.159185,-0.548686,-1.0,0.0,no_tail,False,False
32576,63923547456,2026-08-27 20:57:36.188,1,7741.75,1,False,27.01988404748421,16.26977932889843,4.52040174306439,4.260195,2.460607,3.0,1.0,tail_1,False,False
32608,63923556282,2026-08-27 23:24:42.556,-1,7736.0,3,True,40.72244000275858,48.91517680517752,3.1370522060238892,5.787928,2.057871,4.0,0.0,no_tail,False,True
32614,63923556795,2026-08-27 23:33:15.376,-1,7735.0,3,True,18.07178070810282,12.60321138541354,9.903784299353672,4.74714,-0.440286,4.0,0.0,no_tail,False,False
32658,63923561662,2026-08-28 00:54:22.448,1,7740.75,3,True,16.656271501358116,18.596508007581996,3.381104453923049,2.919635,3.250737,3.0,1.0,tail_1,False,False
32660,63923562001,2026-08-28 01:00:01.632,1,7740.75,1,True,16.656271501358116,18.596508007581996,2.4917111315810967,2.533514,3.309888,2.0,2.0,tail_2_3,False,False
32672,63923562787,2026-08-28 01:13:07.272,-1,7738.75,3,False,19.525320804593594,37.69254453214692,9.187977753457673,0.625549,0.835289,3.0,1.0,tail_1,False,True
32678,63923563810,2026-08-28 01:30:10.096,-1,7739.0,3,True,18.814455790257718,35.40770158032103,2.0467273369465255,1.138335,2.826602,4.0,0.0,no_tail,False,False
32687,63923564771,2026-08-28 01:46:11.992,1,7742.0,3,True,34.161233880865424,53.11612680782471,17.897136037483858,2.388401,-0.997161,0.0,4.0,tail_ge4,False,False
32690,63923565066,2026-08-28 01:51:06.744,1,7740.75,2,True,34.161233880865424,53.11612680782471,2.068242781250768,1.954499,4.111179,3.0,1.0,tail_1,False,False
32708,63923567292,2026-08-28 02:28:12.060,-1,7739.25,2,True,17.759084497064794,30.632999248092016,3.9723185426697656,1.222177,2.699938,2.0,2.0,tail_2_3,False,True
32711,63923567617,2026-08-28 02:33:37.796,-1,7738.25,1,True,17.759084497064794,30.632999248092016,9.937141418285464,1.458276,-0.774476,4.0,0.0,no_tail,False,False
32713,63923567848,2026-08-28 02:37:28.148,-1,7738.5,1,True,17.759084497064794,30.632999248092016,9.971899708355782,1.528673,0.517294,2.0,2.0,tail_2_3,False,True
32718,63923568815,2026-08-28 02:53:35.744,-1,7739.5,2,True,10.728692397183112,14.87812603635816,1.5641680537073632,1.379957,4.984661,1.0,3.0,tail_2_3,False,True
32722,63923569627,2026-08-28 03:07:07.192,-1,7738.25,1,True,10.728692397183112,14.87812603635816,10.404969401398604,1.605487,0.653785,2.0,2.0,tail_2_3,False,True
32725,63923570380,2026-08-28 03:19:40.108,-1,7738.0,1,True,11.761479622463462,16.34993007767932,12.030664380139324,1.855833,0.293131,1.0,3.0,tail_2_3,False,False
32728,63923570743,2026-08-28 03:25:43.452,-1,7739.0,2,True,12.030664380139324,16.518460750794222,-0.6601709523815305,1.409434,4.258563,4.0,0.0,no_tail,False,True
32730,63923571311,2026-08-28 03:35:11.252,-1,7739.0,1,True,12.030664380139324,16.518460750794222,-0.4919676692680038,1.142051,4.202541,3.0,1.0,tail_1,False,True
32739,63923572825,2026-08-28 04:00:25.572,-1,7738.75,2,True,13.683825344272083,22.291078492039166,5.015579599240809,1.342718,4.215581,-0.0,4.0,tail_ge4,False,False
32757,63923575299,2026-08-28 04:41:39.284,1,7740.5,3,True,25.51252983114233,40.59067324114095,6.85580167129955,2.034651,2.465344,2.0,2.0,tail_2_3,False,True
32759,63923575539,2026-08-28 04:45:39.440,1,7740.0,1,True,25.51252983114233,40.59067324114095,2.0405472618459997,1.727218,4.468777,1.0,3.0,tail_2_3,False,True
32764,63923576534,2026-08-28 05:02:14.020,1,7740.75,2,True,12.427965563377024,15.664204648082587,2.8585950202823858,1.471451,1.852428,4.0,0.0,no_tail,False,True
32788,63923578602,2026-08-28 05:36:42.088,1,7745.0,5,True,49.52273242027008,60.24733167724352,8.83639431076015,7.608091,1.969666,1.0,3.0,tail_2_3,False,True
32818,63923580916,2026-08-28 06:15:16.960,1,7750.25,2,True,45.14330001737581,52.43305507452749,13.237147495276472,7.601296,0.092891,1.0,3.0,tail_2_3,False,False
32820,63923581012,2026-08-28 06:16:52.440,1,7750.0,1,True,34.819282527030936,32.34139091546619,7.363485744728418,6.625671,1.280289,3.0,1.0,tail_1,False,False
32831,63923581771,2026-08-28 06:29:31.712,-1,7747.25,4,False,34.312077188715946,58.38666327481763,8.994684044851727,0.052446,1.569917,2.0,2.0,tail_2_3,False,True
32834,63923581802,2026-08-28 06:30:02.160,-1,7746.5,1,True,34.312077188715946,58.38666327481763,10.209375401808353,0.561491,-0.889792,4.0,0.0,no_tail,False,True
32856,63923581864,2026-08-28 06:31:04.340,1,7748.25,2,False,16.205836980293963,33.27160389407197,5.849884174540886,0.001308,1.897118,4.0,0.0,no_tail,False,False
32858,63923581882,2026-08-28 06:31:22.716,1,7748.0,1,True,16.205836980293963,33.27160389407197,4.776387196787613,0.12649,3.021138,1.0,3.0,tail_2_3,False,False
32862,63923581907,2026-08-28 06:31:47.712,-1,7746.0,1,True,8.646237332643507,17.10655108683426,11.220949544687118,0.540336,-0.346722,3.0,1.0,tail_1,False,False
32867,63923581942,2026-08-28 06:32:22.632,-1,7746.75,2,True,11.220949544687118,21.29643348155388,2.842210847351674,0.760119,3.13953,4.0,0.0,no_tail,False,True
32870,63923581981,2026-08-28 06:33:01.472,-1,7747.25,2,True,11.220949544687118,21.29643348155388,-3.8651816449811833,0.401595,4.936838,4.0,0.0,no_tail,False,True
32884,63923582143,2026-08-28 06:35:43.032,1,7747.75,2,True,17.306337809152385,32.09895217439108,6.828238157861507,0.711456,3.783314,0.0,4.0,tail_ge4,False,True
32923,63923582741,2026-08-28 06:45:41.320,1,7752.5,3,True,34.57559547245738,38.33469123470147,3.185719739761981,5.93485,3.984497,2.0,2.0,tail_2_3,False,True
32978,63923583421,2026-08-28 06:57:01.904,-1,7749.0,4,True,26.333998713326828,32.030756280793696,0.40251532768759263,3.685241,3.822183,4.0,0.0,no_tail,False,False
32980,63923583449,2026-08-28 06:57:29.584,-1,7749.25,1,False,26.333998713326828,32.030756280793696,0.45973146844687024,3.096905,4.798179,1.0,3.0,tail_2_3,False,False
32982,63923583498,2026-08-28 06:58:18.760,-1,7749.25,1,False,21.659412703759024,22.566207047619738,-1.7045429539664678,2.528935,4.700664,3.0,1.0,tail_1,False,False
33037,63923583601,2026-08-28 07:00:01.640,-1,7746.0,1,False,0.2059583416895394,-5.578271971635781,1.2105178722880598,0.14741,2.85014,4.0,0.0,no_tail,False,True
33043,63923583601,2026-08-28 07:00:01.672,-1,7746.0,3,True,24.1298981851012,41.051911515617235,4.469152242791564,1.311644,4.428463,1.0,3.0,tail_2_3,False,True
33045,63923583601,2026-08-28 07:00:01.672,-1,7745.75,1,True,24.1298981851012,41.051911515617235,1.3139819876090806,1.158878,3.473948,2.0,2.0,tail_2_3,False,True
33049,63923583601,2026-08-28 07:00:01.672,-1,7745.75,2,True,22.651232821108117,37.75926228271074,1.1628682327956763,1.121768,3.829985,4.0,0.0,no_tail,False,True
33095,63923583601,2026-08-28 07:00:01.940,1,7746.0,1,True,7.248793319388837,15.277482242778586,8.56363663942595,0.508783,2.097399,0.0,4.0,tail_ge4,False,True
33162,63923583632,2026-08-28 07:00:32.000,1,7755.0,1,True,23.381081058007698,3.850808473523721,14.058674254060401,6.593336,-0.917584,2.0,2.0,tail_2_3,False,True
33220,63923583777,2026-08-28 07:02:57.652,-1,7750.25,1,True,39.43752457795689,51.650625483979134,11.139413324150905,5.236518,1.327704,-0.0,4.0,tail_ge4,False,True
33255,63923583892,2026-08-28 07:04:52.920,-1,7745.75,2,True,35.80954412765193,37.70383190800647,8.0463200138559,6.374708,2.621382,1.0,3.0,tail_2_3,False,True
33257,63923583901,2026-08-28 07:05:01.456,-1,7745.75,1,False,32.65559366947963,31.152514241264907,3.1852627888884584,5.470242,2.691249,3.0,1.0,tail_1,False,True
33266,63923583937,2026-08-28 07:05:37.596,-1,7744.25,3,True,21.975586806075093,22.2724361716169,11.619505965490982,4.649341,-0.503994,2.0,2.0,tail_2_3,False,True
33324,63923584195,2026-08-28 07:09:55.680,1,7740.75,1,True,26.435891162030117,45.52016376934443,5.7350987974543015,1.206759,3.584364,1.0,3.0,tail_2_3,False,False
33332,63923584238,2026-08-28 07:10:38.668,-1,7738.75,2,True,16.77560801593837,32.67427212149624,9.268361822818727,0.751974,0.161241,3.0,1.0,tail_1,False,True
33379,63923584532,2026-08-28 07:15:32.612,-1,7732.5,2,True,25.770011265366158,16.115133957898568,5.312315765443848,5.32894,3.106382,2.0,2.0,tail_2_3,False,False
33386,63923584570,2026-08-28 07:16:10.248,-1,7732.5,1,False,7.834399797806093,-13.537477057868887,2.777203035497954,2.820709,2.859279,3.0,1.0,tail_1,False,False
33481,63923585222,2026-08-28 07:27:02.340,-1,7741.5,2,True,32.72593552746155,49.19816153244852,9.013016772157348,3.108319,1.242144,2.0,2.0,tail_2_3,False,True
33502,63923585372,2026-08-28 07:29:32.816,-1,7739.0,3,True,33.340544588129035,41.19172251201919,6.974830226505813,4.858019,0.789163,4.0,0.0,no_tail,False,False
33517,63923585430,2026-08-28 07:30:30.052,-1,7739.5,1,False,3.483562681396414,3.186405165311607,6.321149280204583,0.927253,1.714471,3.0,1.0,tail_1,False,False
33525,63923585454,2026-08-28 07:30:54.668,-1,7739.5,1,False,6.321149280204583,8.972026401910748,4.666517646720333,0.343193,1.426895,4.0,0.0,no_tail,False,False
33540,63923585504,2026-08-28 07:31:44.108,1,7741.25,3,True,21.44033321007597,37.315326139104506,3.308853021190546,1.099546,3.280544,3.0,1.0,tail_1,False,True
33542,63923585518,2026-08-28 07:31:58.968,1,7742.0,1,True,21.44033321007597,37.315326139104506,5.3769905050136035,1.14898,0.492728,4.0,0.0,no_tail,False,True
33548,63923585543,2026-08-28 07:32:23.584,1,7741.75,3,True,22.914687950791034,36.7042835426627,4.74080481143598,1.8778,3.009681,3.0,1.0,tail_1,False,True
33707,63923587643,2026-08-28 08:07:23.200,1,7776.75,2,True,27.384216866522582,11.002927423510288,9.062788928188581,7.627756,3.167851,0.0,4.0,tail_ge4,False,True
33733,63923588086,2026-08-28 08:14:46.532,-1,7772.5,2,True,39.412955138936866,53.827267983260846,8.118358667479725,4.594605,2.591174,1.0,3.0,tail_2_3,False,True
33755,63923588374,2026-08-28 08:19:34.200,-1,7772.75,2,False,7.196237707769401,13.914235340382616,3.7356536370543574,0.391884,2.451363,4.0,0.0,no_tail,False,False
33766,63923588514,2026-08-28 08:21:54.928,1,7774.0,4,True,21.345425576443162,37.06657227375254,-1.4033131357748378,1.125735,4.576865,3.0,1.0,tail_1,False,True
33768,63923588568,2026-08-28 08:22:48.424,1,7774.0,1,True,21.345425576443162,37.06657227375254,-0.48791906352237446,0.913435,4.534046,2.0,2.0,tail_2_3,False,True
33791,63923589079,2026-08-28 08:31:19.260,1,7776.75,3,True,24.952307697510783,28.56516894803876,2.4039416199548946,4.067769,3.332959,3.0,1.0,tail_1,False,True
33793,63923589124,2026-08-28 08:32:04.272,1,7777.0,1,True,24.08699913126781,26.60512891546906,2.336524507831224,3.50385,2.387326,4.0,0.0,no_tail,False,True
33919,63923590512,2026-08-28 08:55:12.468,-1,7749.5,4,True,37.48950476847483,30.430316934679624,-0.88740246365047,7.659698,4.685048,3.0,1.0,tail_1,False,True
33982,63923590994,2026-08-28 09:03:14.652,-1,7739.0,4,True,30.343397374063603,27.111901678184868,2.743896133324392,5.917082,3.193068,3.0,1.0,tail_1,False,False
34000,63923591142,2026-08-28 09:05:42.496,-1,7738.75,2,True,18.86543456796146,25.658636510715315,6.057330409854668,2.657127,3.796891,-1.0,5.0,tail_ge4,False,False
34044,63923591725,2026-08-28 09:15:25.664,-1,7740.25,2,False,12.173742610779144,25.360390365057434,5.518560290124733,0.173048,2.70082,2.0,2.0,tail_2_3,False,True
34130,63923592364,2026-08-28 09:26:04.856,-1,7724.75,2,True,28.85640509544561,23.33453002556814,6.201882044305779,5.80093,1.430869,4.0,0.0,no_tail,False,False
34138,63923592442,2026-08-28 09:27:22.128,-1,7725.5,2,False,6.201882044305779,-9.187009944546958,-1.3349028626336978,3.060256,4.54877,3.0,1.0,tail_1,False,True
34150,63923592557,2026-08-28 09:29:17.160,-1,7724.25,1,False,5.825766488982321,7.111626962734195,9.279523373709214,1.241539,-0.496727,4.0,0.0,no_tail,False,False
34152,63923592583,2026-08-28 09:29:43.560,-1,7725.0,1,True,9.279523373709214,13.934531025648964,7.1938314362958895,1.206432,2.657577,1.0,3.0,tail_2_3,False,False
34161,63923592625,2026-08-28 09:30:25.372,1,7727.5,2,True,20.914323132309093,38.538443509882754,14.696868154157048,0.938472,-0.876762,2.0,2.0,tail_2_3,False,True
34205,63923593184,2026-08-28 09:39:44.192,1,7731.0,4,True,37.915357673541976,50.06584139285815,8.83512624771669,5.101859,1.970226,1.0,3.0,tail_2_3,False,True
34262,63923593849,2026-08-28 09:50:49.984,1,7731.75,2,True,30.163669482298005,39.09565347920716,6.964141946951374,4.16045,2.420211,2.0,2.0,tail_2_3,False,True
34264,63923593859,2026-08-28 09:50:59.628,1,7731.5,1,True,28.023277279011154,34.76894846080735,2.171234059987323,3.534818,3.428653,3.0,1.0,tail_1,False,True
34267,63923593897,2026-08-28 09:51:37.648,1,7732.25,1,True,16.39064877602065,10.669757143405842,9.75040291514801,3.242813,0.944166,1.0,3.0,tail_2_3,False,True
34294,63923594319,2026-08-28 09:58:39.536,-1,7729.0,2,True,27.565579530441408,43.4351571835356,12.856372750506663,2.831481,-0.395616,2.0,2.0,tail_2_3,False,True
34332,63923594662,2026-08-28 10:04:22.580,-1,7721.75,2,True,26.192572926678665,2.2774910807398965,5.8654574998433775,7.235295,3.530296,1.0,3.0,tail_2_3,False,True
34368,63923595091,2026-08-28 10:11:31.008,-1,7716.25,5,True,35.230044222577,40.60525163922129,11.861535133867031,6.352752,0.35263,2.0,2.0,tail_2_3,False,False
34371,63923595116,2026-08-28 10:11:56.172,-1,7716.5,1,True,35.230044222577,40.60525163922129,9.853810066833377,5.436059,1.873726,-0.0,4.0,tail_ge4,False,False
34393,63923595350,2026-08-28 10:15:50.344,1,7719.75,4,True,30.964767623333607,47.06797508006359,5.940288007919727,2.603093,1.872679,3.0,1.0,tail_1,False,True
34395,63923595397,2026-08-28 10:16:37.320,1,7719.5,1,True,30.964767623333607,47.06797508006359,4.8309295596947015,2.330515,2.998578,1.0,3.0,tail_2_3,False,True
34397,63923595409,2026-08-28 10:16:49.100,1,7720.25,1,True,30.964767623333607,46.90814919756719,6.715315239511895,2.248423,0.270122,3.0,1.0,tail_1,False,True
34400,63923595438,2026-08-28 10:17:18.400,1,7719.75,2,True,9.999834367609683,7.276156485199336,1.6348541164669443,1.83953,2.355742,4.0,0.0,no_tail,False,True
34407,63923595544,2026-08-28 10:19:04.492,1,7720.5,1,True,17.500132603806506,25.895522131870507,10.38287097703289,2.320872,0.996355,1.0,3.0,tail_2_3,False,True
34411,63923595606,2026-08-28 10:20:06.024,1,7720.25,2,True,17.500132603806506,25.895522131870507,6.501304213132954,2.203097,2.612885,2.0,2.0,tail_2_3,False,False
34425,63923595798,2026-08-28 10:23:18.352,-1,7717.75,3,True,26.868110966277104,44.304681804215825,8.998484884942265,1.728406,0.915087,3.0,1.0,tail_1,False,True
34432,63923595911,2026-08-28 10:25:11.176,-1,7718.25,4,True,22.086855044614627,33.72289867960472,-0.697217023289274,1.920709,4.286837,3.0,1.0,tail_1,False,True
34436,63923596015,2026-08-28 10:26:55.804,-1,7718.0,2,True,22.086855044614627,33.72289867960472,1.7484298431185257,1.642317,3.602459,3.0,1.0,tail_1,False,False
34448,63923596220,2026-08-28 10:30:20.748,-1,7717.5,1,False,6.826807178258681,15.747673466107058,9.498145366107122,0.05957,0.384394,3.0,1.0,tail_1,False,True
34452,63923596283,2026-08-28 10:31:23.772,-1,7717.25,2,True,14.411375521426564,27.233128775048957,8.376345856356814,0.771266,0.20321,4.0,0.0,no_tail,False,False
34459,63923596364,2026-08-28 10:32:44.072,1,7719.75,1,False,8.18236303095326,18.01411088232718,8.381729452303054,0.213861,0.534088,3.0,1.0,tail_1,False,True
34471,63923596674,2026-08-28 10:37:54.468,1,7721.0,3,True,31.425764626083712,48.329612994501915,9.531732059425481,3.522862,1.010415,3.0,1.0,tail_1,False,False
34485,63923597018,2026-08-28 10:43:38.176,-1,7719.25,1,True,30.04709184341528,52.26129521110107,-2.4657856287911573,0.127499,4.36043,4.0,0.0,no_tail,False,True
34488,63923597059,2026-08-28 10:44:19.400,-1,7718.5,1,True,18.074335262171726,33.95311835233053,6.367407200138977,0.416895,1.69521,3.0,1.0,tail_1,False,False
34490,63923597121,2026-08-28 10:45:21.540,-1,7718.5,1,True,6.367407200138977,11.753205491732606,6.6794461193292705,0.570437,1.911649,1.0,3.0,tail_2_3,False,False
34513,63923597712,2026-08-28 10:55:12.668,1,7723.0,2,True,31.062461437251702,39.68358007738443,12.486819925363262,4.89899,0.737138,1.0,3.0,tail_2_3,False,False
34521,63923597916,2026-08-28 10:58:36.016,1,7722.5,1,False,12.486819925363262,1.3846839407089298,2.131564970980724,2.152961,2.16459,3.0,1.0,tail_1,False,True
34528,63923598115,2026-08-28 11:01:55.176,1,7723.75,1,True,21.67241105988205,31.875993283846448,10.942332692562479,2.727788,-0.881146,4.0,0.0,no_tail,False,True
34543,63923598434,2026-08-28 11:07:14.452,1,7724.5,1,True,24.78919293366128,31.93473700980828,10.512312730568578,3.594942,1.261487,1.0,3.0,tail_2_3,False,True
34551,63923598606,2026-08-28 11:10:06.424,1,7725.0,1,True,11.509446375992468,10.67270813844932,12.504733146658944,2.782878,0.40933,1.0,3.0,tail_2_3,False,True
34572,63923599119,2026-08-28 11:18:39.396,-1,7723.0,3,True,18.553606457988078,34.99401973396705,4.693381227892432,0.659355,2.389098,3.0,1.0,tail_1,False,True
34574,63923599216,2026-08-28 11:20:16.780,-1,7723.5,1,True,18.553606457988078,34.99401973396705,2.21174015357589,0.569016,4.398394,1.0,3.0,tail_2_3,False,True
34576,63923599255,2026-08-28 11:20:55.536,-1,7723.25,1,True,18.553606457988078,34.99401973396705,0.6621569416408466,0.496702,3.408514,3.0,1.0,tail_1,False,True
34578,63923599309,2026-08-28 11:21:49.156,-1,7723.25,1,True,17.192137150340262,31.690407670687847,2.1375917537273565,0.470641,3.455533,2.0,2.0,tail_2_3,False,True
34581,63923599362,2026-08-28 11:22:42.288,-1,7723.0,1,True,2.8015151271506635,3.5642347736564055,3.3333694520973935,0.534074,2.630263,3.0,1.0,tail_1,False,True
34593,63923599654,2026-08-28 11:27:34.844,-1,7721.25,5,True,32.21366206673356,48.14756599852049,8.866228567148141,3.3287,0.650651,3.0,1.0,tail_1,False,True
34597,63923599761,2026-08-28 11:29:21.288,-1,7720.75,1,True,29.028639334285362,41.39806803265079,12.817083458568028,3.265165,-0.378618,2.0,2.0,tail_2_3,False,True
34604,63923599900,2026-08-28 11:31:40.704,-1,7720.75,2,True,18.177973511790533,21.799631319406128,7.080030936967878,3.174864,1.385462,4.0,0.0,no_tail,False,True
34607,63923599962,2026-08-28 11:32:42.864,-1,7720.5,1,True,18.177973511790533,21.799631319406128,7.052945183032925,2.827917,0.756626,4.0,0.0,no_tail,False,False
34630,63923600726,2026-08-28 11:45:26.460,-1,7721.25,2,True,11.463666692597252,20.516318197306042,2.212274117500248,0.79024,3.731886,3.0,1.0,tail_1,False,True
34661,63923601586,2026-08-28 11:59:46.716,-1,7716.0,2,True,32.56544856715525,34.32771011447966,10.943952801831504,5.975409,-0.215574,2.0,2.0,tail_2_3,False,True
34663,63923601625,2026-08-28 12:00:25.556,-1,7716.0,1,True,32.56544856715525,34.2769861360941,9.478896922553304,5.349888,0.072436,3.0,1.0,tail_1,False,True
34698,63923602762,2026-08-28 12:19:22.648,1,7720.5,3,True,23.04826492566159,30.602956431289755,9.339411539712074,3.426663,-0.201872,4.0,0.0,no_tail,False,True
34717,63923603442,2026-08-28 12:30:42.340,1,7722.25,3,True,29.610839667030323,37.1162501975649,11.26511723580711,4.74157,0.953977,0.0,4.0,tail_ge4,False,True
34726,63923603741,2026-08-28 12:35:41.016,1,7722.5,3,True,15.87843769720265,12.636966280336708,3.915750030122376,3.48099,1.736916,4.0,0.0,no_tail,False,True
34728,63923603809,2026-08-28 12:36:49.704,1,7721.75,1,True,15.87843769720265,12.636966280336708,2.209375451488279,2.930568,4.719467,1.0,3.0,tail_2_3,False,True
34730,63923603891,2026-08-28 12:38:11.644,1,7722.5,1,False,15.87843769720265,12.636966280336708,2.1569686831166037,2.588382,1.821008,4.0,0.0,no_tail,False,True
34742,63923604370,2026-08-28 12:46:10.968,1,7724.0,4,True,31.664403861652232,44.27019314989012,11.12624854102766,4.276917,0.987101,2.0,2.0,tail_2_3,False,False
34745,63923604428,2026-08-28 12:47:08.376,1,7723.0,2,True,30.649681645248048,41.88753304720747,-0.7480875787689284,3.287037,4.947926,3.0,1.0,tail_1,False,False
34752,63923604600,2026-08-28 12:50:00.048,1,7722.75,1,False,2.338126121425538,-14.407935676708599,-3.6348493033434894,1.003106,4.841839,4.0,0.0,no_tail,False,True
34774,63923604880,2026-08-28 12:54:40.096,-1,7722.5,3,False,16.78772250623921,36.71763756534801,1.7387367398221636,0.111218,2.313008,4.0,0.0,no_tail,False,True
34779,63923604910,2026-08-28 12:55:10.828,1,7724.75,1,False,7.398497994347312,15.202099399363057,10.764455419727133,0.442524,-0.792403,3.0,1.0,tail_1,False,True
34782,63923604930,2026-08-28 12:55:30.332,1,7724.0,2,True,10.764455419727133,20.97322699338431,2.4601428851530565,0.471577,2.336489,4.0,0.0,no_tail,False,True
34791,63923605134,2026-08-28 12:58:54.612,1,7724.75,4,True,28.735841152672933,45.36141452497667,6.7207403610092475,2.445892,2.521557,2.0,2.0,tail_2_3,False,False
34802,63923605180,2026-08-28 12:59:40.148,1,7725.25,1,True,16.58830299534592,26.406237066824787,10.567469888363675,1.746319,1.238056,1.0,3.0,tail_2_3,False,False
34818,63923605205,2026-08-28 13:00:05.500,-1,7722.5,4,True,25.2089926228634,42.21963672305222,2.322872511089649,1.918955,2.072837,4.0,0.0,no_tail,False,True
34823,63923605250,2026-08-28 13:00:50.368,-1,7723.0,3,True,18.740635787717043,27.959064560883366,-1.161951877634182,1.550378,4.464671,4.0,0.0,no_tail,False,True
34826,63923605503,2026-08-28 13:05:03.000,-1,7721.75,1,True,10.797777443132533,12.962341557164981,8.327064088452548,1.631084,-0.096229,4.0,0.0,no_tail,False,True
34842,63923785200,2026-08-30 15:00:00.080,-1,7722.25,2,False,16.316653317804914,19.91234531442817,-9.772217245123217,0.338467,9.0846,10.0,0.0,no_tail,False,True
34848,63923785200,2026-08-30 15:00:00.500,1,7724.0,1,False,13.15293026816675,29.904987181173464,11.08380424732782,0.091288,0.044946,2.0,2.0,tail_2_3,False,False
34865,63923785235,2026-08-30 15:00:35.472,-1,7720.5,3,True,36.605506505923486,52.36960957967379,8.453720683397183,3.811162,2.783723,-0.0,4.0,tail_ge4,False,True
34933,63923785753,2026-08-30 15:09:13.000,-1,7708.5,3,True,27.452057196165057,16.70330916913214,4.372935744553225,5.925294,1.228122,4.0,0.0,no_tail,False,True
34960,63923787619,2026-08-30 15:40:19.308,-1,7708.75,1,True,20.614158159192783,39.231133817631026,13.069669980266948,0.545966,0.165439,1.0,3.0,tail_2_3,False,True
34962,63923787706,2026-08-30 15:41:46.108,-1,7709.0,1,True,20.614158159192783,39.231133817631026,7.910185607821942,0.684397,1.384936,2.0,2.0,tail_2_3,False,True
34969,63923788028,2026-08-30 15:47:08.448,-1,7707.75,3,True,28.84427333054655,45.149532339714355,13.289762772642533,2.49777,-0.916331,3.0,1.0,tail_1,False,True
34972,63923788908,2026-08-30 16:01:48.520,-1,7708.25,2,True,28.84427333054655,45.149532339714355,4.87749982268678,2.193601,1.33967,4.0,0.0,no_tail,False,True
34974,63923789256,2026-08-30 16:07:36.436,-1,7708.0,1,True,28.84427333054655,45.149532339714355,8.201672598162817,2.142297,0.622664,2.0,2.0,tail_2_3,False,True
35084,63923793001,2026-08-30 17:10:01.120,-1,7688.5,2,True,34.702033342010424,36.49852858653285,9.843501921859893,6.373674,1.531911,2.0,2.0,tail_2_3,False,False
35144,63923796273,2026-08-30 18:04:33.228,-1,7694.25,2,True,39.41737800463519,61.14157867636562,13.582815292748455,2.517644,-0.390287,2.0,2.0,tail_2_3,False,True
35146,63923796306,2026-08-30 18:05:06.100,-1,7694.25,1,True,32.23400041657677,51.9987773052412,9.160653732336627,2.400715,-0.12652,4.0,0.0,no_tail,False,True
35182,63923797186,2026-08-30 18:19:46.588,-1,7691.0,3,True,22.846340752002657,22.808700999905227,6.688564609656709,4.581945,3.188239,1.0,3.0,tail_2_3,False,True
35194,63923797411,2026-08-30 18:23:31.452,-1,7690.25,3,True,24.69770111300378,32.40139018972867,6.612365815812955,3.576848,2.899853,1.0,3.0,tail_2_3,False,True
35199,63923797504,2026-08-30 18:25:04.164,-1,7689.0,2,True,22.573698221641685,27.948037062834484,15.985736978728198,3.781946,-0.459469,-0.0,4.0,tail_ge4,False,True
35203,63923797594,2026-08-30 18:26:34.072,-1,7688.75,2,True,21.569085431622423,27.19331311149892,10.778315918773206,3.588411,-0.47819,3.0,1.0,tail_1,False,False
35206,63923797707,2026-08-30 18:28:27.724,-1,7689.75,2,True,20.796910631761108,25.299164778866103,1.6966049362574704,2.873555,3.610673,4.0,0.0,no_tail,False,True
35208,63923797787,2026-08-30 18:29:47.740,-1,7690.0,1,False,16.176316541085356,15.84641645684534,-0.5040370682408446,2.354274,4.527577,3.0,1.0,tail_1,False,True
35210,63923797849,2026-08-30 18:30:49.232,-1,7689.5,1,False,14.174209222304361,11.739292115717182,1.120638920312493,2.03862,2.566979,4.0,0.0,no_tail,False,True
35213,63923797927,2026-08-30 18:32:07.568,-1,7689.5,2,False,4.872797580169504,-5.686463603092888,1.6849267726085246,1.675546,2.655227,4.0,0.0,no_tail,False,True
35223,63923798325,2026-08-30 18:38:45.564,-1,7689.0,2,True,15.391804176925767,22.406158061672134,3.815519902424361,1.921976,2.418436,4.0,0.0,no_tail,False,False
35236,63923798782,2026-08-30 18:46:22.908,-1,7689.5,2,False,8.356006483471402,14.555180362803014,1.8643575488195485,0.589768,4.19499,3.0,1.0,tail_1,False,True
35245,63923799103,2026-08-30 18:51:43.252,-1,7688.0,1,True,12.831972712523644,21.727084039613473,10.993136763745026,1.476591,-0.236531,2.0,2.0,tail_2_3,False,False
35247,63923799184,2026-08-30 18:53:04.580,-1,7688.5,1,True,12.831972712523644,21.727084039613473,8.061898117001187,1.462127,1.97466,1.0,3.0,tail_2_3,False,True
35249,63923799261,2026-08-30 18:54:21.104,-1,7688.0,1,True,10.993136763745026,16.340855721224727,8.24185742167873,1.551176,0.28572,2.0,2.0,tail_2_3,False,False
35251,63923799294,2026-08-30 18:54:54.868,-1,7688.25,1,True,10.993136763745026,16.340855721224727,7.644702525709014,1.525981,1.495968,2.0,2.0,tail_2_3,False,False
35254,63923799453,2026-08-30 18:57:33.588,-1,7689.0,2,True,8.386365207165838,10.743514801607615,-1.7891092495655483,1.09912,4.40226,4.0,0.0,no_tail,False,True
35256,63923799541,2026-08-30 18:59:01.708,-1,7688.75,1,False,8.24185742167873,10.130699992961683,-0.06608110307007056,0.909163,3.374404,4.0,0.0,no_tail,False,True
35266,63923799799,2026-08-30 19:03:19.620,1,7689.75,2,False,10.782591772567454,22.713145523804833,5.59045499561658,0.187755,3.324255,1.0,3.0,tail_2_3,False,True
35300,63923801099,2026-08-30 19:24:59.684,-1,7689.75,1,False,10.653894564183355,24.834259140155353,10.694396193287684,0.268768,0.210774,2.0,2.0,tail_2_3,False,True
35306,63923801378,2026-08-30 19:29:38.108,-1,7690.25,3,True,24.606516762184526,41.29382941965645,5.089410594754218,1.434554,3.85188,1.0,3.0,tail_2_3,False,True
35309,63923801499,2026-08-30 19:31:39.832,-1,7689.75,1,True,24.606516762184526,41.29382941965645,3.9152177629687577,1.314065,2.057202,4.0,0.0,no_tail,False,True
35328,63923802408,2026-08-30 19:46:48.448,-1,7688.25,2,True,27.751849467941128,34.11219418473565,6.070323614183314,4.364632,-0.248251,-1.0,0.0,no_tail,False,True
35357,63923805411,2026-08-30 20:36:51.836,1,7692.25,3,True,39.13272128830483,53.83251006006198,13.212605219636467,5.072408,-0.869797,2.0,2.0,tail_2_3,False,True
35362,63923806540,2026-08-30 20:55:40.496,1,7692.5,1,True,29.958689641333784,36.78776805673185,11.867461510802165,4.174124,-0.943353,3.0,1.0,tail_1,False,False
35366,63923807242,2026-08-30 21:07:22.704,1,7692.25,1,True,13.154451471716802,8.194263334643281,10.0963460144514,3.652467,0.784687,2.0,2.0,tail_2_3,False,True
35369,63923807832,2026-08-30 21:17:12.960,1,7692.5,1,True,13.154451471716802,8.194263334643281,9.030378981095318,3.300758,0.261473,3.0,1.0,tail_1,False,True
35371,63923808361,2026-08-30 21:26:01.060,1,7692.75,1,True,13.154451471716802,8.194263334643281,9.863820957769061,3.126177,-0.410305,3.0,1.0,tail_1,False,True
35373,63923808939,2026-08-30 21:35:39.344,1,7692.0,1,True,10.49938818688523,5.306862471276104,7.002451898879644,2.79496,2.737354,1.0,3.0,tail_2_3,False,True
35425,63923813114,2026-08-30 22:45:14.924,1,7703.75,1,False,20.761183595594073,-14.09612098631932,13.590610568913101,7.254079,-0.38061,1.0,3.0,tail_2_3,False,True
35428,63923813324,2026-08-30 22:48:44.832,1,7703.5,2,False,13.590610568913101,-8.588062113627277,5.871429563952953,5.947525,0.927898,4.0,0.0,no_tail,False,True
35430,63923813703,2026-08-30 22:55:03.260,1,7703.5,1,False,13.590610568913101,-8.588062113627277,6.251180737933931,5.202653,1.090305,4.0,0.0,no_tail,False,True
35434,63923814299,2026-08-30 23:04:59.572,1,7704.0,2,False,12.255693102717169,1.3323068609117492,9.920167200018463,4.449031,-0.114055,3.0,1.0,tail_1,False,True
35479,63923819226,2026-08-31 00:27:06.176,1,7709.25,2,True,16.676954101341742,8.092301917512637,7.309228384102711,4.432271,0.969786,4.0,0.0,no_tail,False,True
35487,63923820344,2026-08-31 00:45:44.136,1,7709.5,2,True,14.729599781232132,11.87192441466235,5.822212924306012,3.47021,1.588519,4.0,0.0,no_tail,False,True
35494,63923821200,2026-08-31 01:00:00.044,1,7709.75,1,False,9.879392245710166,1.9131968314618117,6.6793707585313316,2.230122,0.912209,4.0,0.0,no_tail,False,True
35497,63923821223,2026-08-31 01:00:23.696,1,7709.0,2,False,6.6793707585313316,2.8605001263760808,-0.528786833972073,1.710599,3.88452,4.0,0.0,no_tail,False,True
35514,63923821445,2026-08-31 01:04:05.684,1,7711.25,5,True,39.07332960904713,52.83921320397929,4.55463996783902,4.866715,3.419797,2.0,2.0,tail_2_3,False,True
35516,63923821525,2026-08-31 01:05:25.416,1,7712.0,1,True,34.92320749350279,45.406071885401,5.779642269141164,4.362752,0.658951,3.0,1.0,tail_1,False,False
35536,63923822642,2026-08-31 01:24:02.036,1,7711.75,1,False,3.084800015074573,-6.669724379260317,2.2756605088973663,1.227848,3.065617,3.0,1.0,tail_1,False,True
35539,63923822802,2026-08-31 01:26:42.480,1,7712.25,1,False,5.739182869698392,5.9139862552990206,6.995603232831299,1.305628,1.433738,3.0,1.0,tail_1,False,True
35541,63923823305,2026-08-31 01:35:05.384,1,7712.25,1,True,6.995603232831299,8.454169142875244,6.549414361465817,1.306795,1.632604,2.0,2.0,tail_2_3,False,True
35543,63923823450,2026-08-31 01:37:30.788,1,7712.5,1,True,6.995603232831299,8.454169142875244,6.847216655970385,1.333312,0.855395,3.0,1.0,tail_1,False,True
35546,63923823897,2026-08-31 01:44:57.064,1,7711.5,2,True,6.995603232831299,8.454169142875244,-0.43551593072895955,1.01355,4.832594,2.0,2.0,tail_2_3,False,True
35549,63923824166,2026-08-31 01:49:26.728,1,7712.75,1,True,6.847216655970385,8.128615714204575,8.225919164778311,1.204758,0.266284,4.0,0.0,no_tail,False,True
35555,63923824838,2026-08-31 02:00:38.180,1,7713.0,3,True,17.544384645370886,27.859974843269242,6.7349053850103315,1.777029,0.569009,4.0,0.0,no_tail,False,True
35558,63923825115,2026-08-31 02:05:15.696,1,7712.0,2,True,17.544384645370886,27.859974843269242,0.9026012345178982,1.425982,4.616273,1.0,3.0,tail_2_3,False,True
35561,63923825379,2026-08-31 02:09:39.864,1,7713.25,1,True,14.81745480638653,22.111513843145023,6.646058997480869,1.454788,-0.034173,4.0,0.0,no_tail,False,True
35603,63923830200,2026-08-31 03:30:00.800,-1,7708.5,2,True,23.805601208830478,27.682462022820324,9.147548622677693,3.935483,0.852312,3.0,1.0,tail_1,False,True
35608,63923831036,2026-08-31 03:43:56.440,-1,7708.0,1,True,15.741233441099249,13.11815475793585,10.511131102925834,3.543058,-0.044531,3.0,1.0,tail_1,False,False
35610,63923831503,2026-08-31 03:51:43.592,-1,7709.0,1,True,15.0277306553726,13.11815475793585,6.162013568279348,3.114889,-0.926535,-1.0,0.0,no_tail,False,True
35616,63923832014,2026-08-31 04:00:14.988,-1,7709.25,1,False,10.511131102925834,4.386758431791221,-1.9599731001961784,1.420131,4.472499,4.0,0.0,no_tail,False,True
35625,63923832570,2026-08-31 04:09:30.372,-1,7709.25,2,False,9.789355069394855,16.12993966375111,1.752856581499432,0.819727,4.573975,2.0,2.0,tail_2_3,False,True
35633,63923833311,2026-08-31 04:21:51.196,-1,7709.0,3,True,9.93958733945797,17.116111062315376,0.18174160311718895,0.706824,3.912829,4.0,0.0,no_tail,False,False
35645,63923834425,2026-08-31 04:40:25.364,-1,7707.5,3,True,23.509939561101035,39.6216745624702,10.303690159298219,1.738869,-0.289615,4.0,0.0,no_tail,False,True
35743,63923837225,2026-08-31 05:27:05.256,-1,7699.75,2,True,43.638061989033794,59.78336750192438,12.76557486411944,4.909966,0.616948,1.0,3.0,tail_2_3,False,True
35745,63923837249,2026-08-31 05:27:29.500,-1,7699.5,1,True,38.39044239451198,52.035061240430885,9.086329040193762,4.460944,-0.082164,3.0,1.0,tail_1,False,True
35747,63923837298,2026-08-31 05:28:18.004,-1,7699.5,1,True,32.164528221093356,41.34484944078306,9.186861050414658,4.057811,0.195588,3.0,1.0,tail_1,False,True
35750,63923837385,2026-08-31 05:29:45.428,-1,7699.5,1,True,18.317022179520514,13.518340290136889,10.906685811378077,3.706795,0.77366,1.0,3.0,tail_2_3,False,True
35770,63923837905,2026-08-31 05:38:25.500,-1,7697.75,2,True,21.233670606437332,29.970959626995874,17.00740452572986,3.135948,-0.915806,-0.0,4.0,tail_ge4,False,True
35800,63923839419,2026-08-31 06:03:39.508,-1,7694.75,2,True,24.49413634984343,23.064951549096858,9.349304128272717,4.794354,1.420533,2.0,2.0,tail_2_3,False,True
35857,63923841049,2026-08-31 06:30:49.740,1,7700.75,3,True,28.662663116239287,36.36555343441456,4.234529125164,3.973776,1.605352,4.0,0.0,no_tail,False,True
35867,63923841092,2026-08-31 06:31:32.496,1,7701.0,4,True,21.588639493899816,25.773728425248,0.7745917452937967,3.2992,3.029227,4.0,0.0,no_tail,False,True
35869,63923841096,2026-08-31 06:31:36.588,1,7701.25,1,True,21.588639493899816,25.773728425248,3.0178396389433777,2.876632,2.106949,4.0,0.0,no_tail,False,True
35871,63923841102,2026-08-31 06:31:42.816,1,7701.5,1,False,21.588639493899816,25.773728425248,5.793782790736907,2.625637,1.293266,3.0,1.0,tail_1,False,True
35876,63923841131,2026-08-31 06:32:11.100,1,7701.0,1,True,10.376883909362126,9.106365496021239,2.0779321706171325,2.13712,3.800171,2.0,2.0,tail_2_3,False,False
35882,63923841171,2026-08-31 06:32:51.092,1,7700.75,1,False,9.250278604540478,6.887879777771548,-1.9550895652137144,0.786356,4.1504,4.0,0.0,no_tail,False,False
35930,63923841450,2026-08-31 06:37:30.532,-1,7690.5,2,True,24.897900146886293,9.375855136221618,12.327531212021828,7.24891,0.152477,2.0,2.0,tail_2_3,False,True
35939,63923841531,2026-08-31 06:38:51.016,-1,7690.5,1,False,14.89938858407634,-2.4750121740644753,6.451902553286773,4.000402,1.006848,4.0,0.0,no_tail,False,True
35944,63923841596,2026-08-31 06:39:56.584,-1,7690.75,2,False,14.713735459110348,12.216585040173676,5.064473671302533,3.366225,2.888875,2.0,2.0,tail_2_3,False,True
35947,63923841602,2026-08-31 06:40:02.964,-1,7690.75,1,False,14.713735459110348,12.216585040173676,3.8064691325777438,2.809368,3.088475,2.0,2.0,tail_2_3,False,True
35962,63923841688,2026-08-31 06:41:28.516,-1,7689.75,2,True,17.308357169554654,27.92209866540185,8.600311015002255,1.777052,0.109171,4.0,0.0,no_tail,False,True
35964,63923841702,2026-08-31 06:41:42.288,-1,7690.0,1,True,17.308357169554654,27.92209866540185,8.738504121299597,1.766626,1.370672,1.0,3.0,tail_2_3,False,True
35973,63923841784,2026-08-31 06:43:04.276,-1,7690.25,2,True,11.734019311526145,15.336825897766486,3.2369718059600268,1.730718,3.643307,2.0,2.0,tail_2_3,False,True
35975,63923841807,2026-08-31 06:43:27.524,-1,7689.75,1,True,11.734019311526145,15.336825897766486,3.8225930604431335,1.614594,1.788381,3.0,1.0,tail_1,False,True
35988,63923841917,2026-08-31 06:45:17.040,-1,7689.0,3,True,27.154194788416362,39.36979136456789,6.422709558699408,3.436891,3.632002,-0.0,4.0,tail_ge4,False,True
35991,63923841929,2026-08-31 06:45:29.392,-1,7688.25,1,True,23.871817658443465,31.38046280547257,9.995092482370977,3.176064,1.160718,1.0,3.0,tail_2_3,False,True
35994,63923841958,2026-08-31 06:45:58.044,-1,7688.75,2,True,21.7545697031744,26.921763900541276,1.8133023399589434,2.56444,3.255696,3.0,1.0,tail_1,False,True
36031,63923842145,2026-08-31 06:49:05.784,1,7691.0,2,True,32.346189426973325,48.94630296322952,8.228987191827345,3.214977,0.278034,3.0,1.0,tail_1,False,True
36088,63923842653,2026-08-31 06:57:33.436,1,7691.25,3,True,23.634250758889202,31.442115959062118,0.6520742108022266,2.89279,4.372942,3.0,1.0,tail_1,False,True
36102,63923842844,2026-08-31 07:00:44.304,-1,7690.0,1,True,13.399479275473878,28.683245595512176,6.264919303098493,0.240394,2.070973,2.0,2.0,tail_2_3,False,True
36124,63923843158,2026-08-31 07:05:58.588,-1,7687.75,3,True,27.984568192128165,38.958819069417835,8.184309041247872,3.836307,1.257052,3.0,1.0,tail_1,False,True
36150,63923843515,2026-08-31 07:11:55.732,-1,7685.25,4,True,31.180704589923522,37.97773442691055,6.300243717388704,4.965083,3.016583,2.0,2.0,tail_2_3,False,True
36163,63923843788,2026-08-31 07:16:28.240,-1,7685.25,1,False,15.366804729666237,10.001686628971655,-1.658516815711574,2.185698,4.361629,3.0,1.0,tail_1,False,True
36259,63923845543,2026-08-31 07:45:43.040,1,7685.0,2,True,39.334298704289324,49.00515176761819,9.579797078347545,5.792927,0.01678,4.0,0.0,no_tail,False,True
36276,63923845893,2026-08-31 07:51:33.008,1,7684.25,1,False,3.0248483957592383,0.506252332833613,3.652957722490029,1.122349,2.818635,3.0,1.0,tail_1,False,True
36278,63923845911,2026-08-31 07:51:51.568,1,7684.0,1,False,3.652957722490029,1.99285991068761,1.9953778724976827,0.96873,3.834119,2.0,2.0,tail_2_3,False,True
36337,63923847054,2026-08-31 08:10:54.512,-1,7686.0,1,True,19.119317138301444,37.14625868207029,6.843375891159974,0.490689,1.497187,3.0,1.0,tail_1,False,True
36350,63923847327,2026-08-31 08:15:27.592,-1,7686.0,3,True,14.357113954762092,24.08489799441709,2.0651146854273197,1.159469,3.139123,4.0,0.0,no_tail,False,True
36357,63923847606,2026-08-31 08:20:06.992,-1,7684.75,3,True,26.62472990056237,41.49914515414029,12.817228728073857,2.584894,0.594617,1.0,3.0,tail_2_3,False,False
36367,63923847878,2026-08-31 08:24:38.304,1,7687.0,2,False,16.05849937922644,34.10564776626614,7.330196439101356,0.071449,1.947432,2.0,2.0,tail_2_3,False,True
36373,63923848014,2026-08-31 08:26:54.292,1,7687.5,3,True,20.778414818984164,36.431282001475545,4.873025109556443,1.141913,1.3415,4.0,0.0,no_tail,False,True
36375,63923848052,2026-08-31 08:27:32.864,1,7687.5,1,True,20.778414818984164,36.431282001475545,5.330871390106827,1.103457,1.472103,4.0,0.0,no_tail,False,True
36381,63923848202,2026-08-31 08:30:02.240,1,7688.0,1,True,17.16612789401954,27.609627166996233,9.112845207570338,1.816993,0.880027,2.0,2.0,tail_2_3,False,False
36390,63923848353,2026-08-31 08:32:33.712,-1,7685.5,3,True,27.943327336767343,47.90564966854333,8.801407493566101,1.067162,1.664342,1.0,3.0,tail_2_3,False,True
36398,63923848503,2026-08-31 08:35:03.584,-1,7685.25,2,True,14.81288524149007,23.73458000968106,4.362454465769814,1.664573,2.192695,4.0,0.0,no_tail,False,True
36400,63923848561,2026-08-31 08:36:01.596,-1,7685.25,1,True,14.81288524149007,23.73458000968106,3.4286063936630313,1.480544,2.257847,4.0,0.0,no_tail,False,True
36402,63923848593,2026-08-31 08:36:33.248,-1,7685.25,1,True,14.256118931979495,22.024054294214185,3.2825840707204335,1.319785,2.31799,4.0,0.0,no_tail,False,True
36404,63923848640,2026-08-31 08:37:20.716,-1,7685.5,1,True,12.48783944359707,17.52167083002168,2.40066243338439,1.13832,3.334292,3.0,1.0,tail_1,False,True
36421,63923849065,2026-08-31 08:44:25.664,-1,7684.0,1,True,17.67063054774123,24.087444818150956,7.355971664740293,1.79707,0.630195,4.0,0.0,no_tail,False,False
36432,63923849293,2026-08-31 08:48:13.300,1,7686.5,2,True,14.790534437690281,32.68910103964155,8.293180344373713,0.594547,1.21141,3.0,1.0,tail_1,False,True
36447,63923849761,2026-08-31 08:56:01.948,1,7687.0,4,True,30.082797582127014,42.718682075706816,3.418482174956949,3.201241,4.541844,1.0,3.0,tail_2_3,False,False
36498,63923851491,2026-08-31 09:24:51.092,-1,7682.25,1,True,9.801892011044734,14.740603404968976,4.034960635226091,1.154367,2.661066,3.0,1.0,tail_1,False,False
36513,63923852000,2026-08-31 09:33:20.208,1,7685.5,1,True,24.4597120271936,41.1796507612279,12.719642594615129,2.551245,-0.989819,3.0,1.0,tail_1,False,True
36527,63923852626,2026-08-31 09:43:46.988,1,7684.5,1,False,1.8686310953352732,3.986687538595411,5.523707019534625,0.178021,2.378611,2.0,2.0,tail_2_3,False,False
36531,63923852812,2026-08-31 09:46:52.628,-1,7682.5,1,True,23.902665718830377,44.30104302934001,9.452807748282051,0.334078,0.096508,2.0,2.0,tail_2_3,False,False
36546,63923853708,2026-08-31 10:01:48.748,1,7685.75,1,True,22.935943243434252,37.2210789359697,11.849827953871253,2.510465,1.023928,0.0,4.0,tail_ge4,False,False
36550,63923853900,2026-08-31 10:05:00.640,1,7684.75,3,True,22.59955279878156,34.766216196239604,-3.783270913668755,1.67506,4.90304,4.0,0.0,no_tail,False,True
36567,63923854794,2026-08-31 10:19:54.048,1,7686.25,3,True,23.036944125125117,35.927237050380654,7.117870425419951,2.199318,1.382776,3.0,1.0,tail_1,False,True
36569,63923854902,2026-08-31 10:21:42.708,1,7685.5,1,True,23.036944125125117,35.927237050380654,4.43695629415689,1.94477,-0.532086,-1.0,0.0,no_tail,False,True
36617,63923857236,2026-08-31 11:00:36.464,1,7691.0,1,True,49.71234424656329,58.99380575699302,15.588464417567268,7.772633,-0.603381,0.0,4.0,tail_ge4,False,True
36681,63923860515,2026-08-31 11:55:15.808,-1,7683.75,3,True,45.98710430835534,51.00139572491505,18.182524705756975,9.410043,-0.793608,-1.0,5.0,tail_ge4,False,False
36684,63923860667,2026-08-31 11:57:47.820,-1,7684.75,2,True,40.183767401452485,39.418700195766924,2.4052380382299323,7.445334,3.332405,3.0,1.0,tail_1,False,False
36733,63923862836,2026-08-31 12:33:56.760,1,7691.0,2,True,42.77154243200863,54.44739921906637,10.861746782998301,5.888367,0.459644,2.0,2.0,tail_2_3,False,True
36781,63923864044,2026-08-31 12:54:04.696,1,7699.0,5,True,35.495452854808,35.44412308486851,4.488969570482997,6.852883,2.140451,4.0,0.0,no_tail,False,True
36789,63923864124,2026-08-31 12:55:24.696,1,7699.0,2,True,21.08949892172967,14.935054566442295,4.4191865716145795,4.938752,4.129001,1.0,3.0,tail_2_3,False,True
36791,63923864170,2026-08-31 12:56:10.112,1,7699.75,1,False,21.08949892172967,14.935054566442295,3.4810509681403667,4.333402,1.275944,4.0,0.0,no_tail,False,True
36799,63923864336,2026-08-31 12:58:56.040,1,7700.25,2,True,16.974145947459718,15.68063478810019,9.437717331183059,3.573554,1.06314,2.0,2.0,tail_2_3,False,True
36815,63923864381,2026-08-31 12:59:41.796,1,7702.5,2,True,48.05738641616964,60.67597244923923,4.757117022551788,6.028545,1.70953,4.0,0.0,no_tail,False,False
36845,63923864407,2026-08-31 13:00:07.204,-1,7699.0,1,False,25.74516226785085,31.608584869789563,0.06371288051802705,2.211384,3.641204,4.0,0.0,no_tail,False,False
36847,63923864411,2026-08-31 13:00:11.052,-1,7699.25,1,False,9.997833901639329,-0.8966439423633856,0.146906056732451,1.827393,4.593438,2.0,2.0,tail_2_3,False,True
36865,63923865428,2026-08-31 13:17:08.680,1,7702.0,2,True,22.314684960136006,33.444123656174,9.750328711779188,2.739693,0.264798,4.0,0.0,no_tail,False,True
36867,63923866007,2026-08-31 13:26:47.648,1,7702.0,1,True,22.314684960136006,33.444123656174,7.719731721939971,2.538408,0.478193,4.0,0.0,no_tail,False,True
36872,63923867554,2026-08-31 13:52:34.820,1,7701.75,2,True,13.867800971412615,15.453211956180988,5.366010394871259,2.217588,2.110757,3.0,1.0,tail_1,False,False
36878,63923871682,2026-08-31 15:01:22.740,1,7701.5,2,True,9.728659943319016,8.544362950408239,-0.5637722750165073,1.457845,3.258698,4.0,0.0,no_tail,False,True
36881,63923871901,2026-08-31 15:05:01.464,1,7702.5,1,True,6.761424907041126,6.891493940690612,9.43615617810804,1.612831,-0.242708,4.0,0.0,no_tail,False,True
36883,63923872165,2026-08-31 15:09:25.992,1,7702.25,1,True,9.43615617810804,12.290413678525466,8.104282451651205,1.582777,0.970496,3.0,1.0,tail_1,False,True
36886,63923872590,2026-08-31 15:16:30.468,1,7701.5,1,True,9.43615617810804,12.290413678525466,6.37366986810653,1.537382,-0.694395,-1.0,0.0,no_tail,False,True
36889,63923875264,2026-08-31 16:01:04.144,1,7701.75,1,True,9.43615617810804,12.290413678525466,4.314753367762744,1.407606,3.531953,1.0,3.0,tail_2_3,False,True
36891,63923875630,2026-08-31 16:07:10.700,1,7702.25,1,True,8.927000853300429,10.86447297892035,3.355220023893517,1.313731,1.647912,4.0,0.0,no_tail,False,True
36894,63923876249,2026-08-31 16:17:29.532,1,7702.5,1,True,10.330162139503337,14.773321894566157,10.658321496774215,1.556985,1.212507,0.0,4.0,tail_ge4,False,True
36896,63923876806,2026-08-31 16:26:46.328,1,7702.0,1,True,10.658321496774215,15.07126065956141,4.1311095596974345,1.3831,3.274598,2.0,2.0,tail_2_3,False,True
36905,63923878181,2026-08-31 16:49:41.980,1,7703.5,1,True,22.119250731695747,34.22468628927746,16.019054770569056,2.809334,0.178968,-1.0,5.0,tail_ge4,False,True
36908,63923878757,2026-08-31 16:59:17.760,1,7703.25,1,True,22.119250731695747,34.22468628927746,8.141492431479554,2.592279,1.608148,2.0,2.0,tail_2_3,False,True
36918,63923879023,2026-08-31 17:03:43.944,1,7703.5,1,False,9.455706741011436,7.783035652626361,6.180438383602459,1.482281,1.119674,4.0,0.0,no_tail,False,True
36920,63923879088,2026-08-31 17:04:48.168,1,7704.0,1,False,7.625115553792194,5.77639060530831,9.416008601427057,1.597895,-0.541201,3.0,1.0,tail_1,False,True
36931,63923879784,2026-08-31 17:16:24.768,1,7703.75,5,True,28.175579678062636,40.764318485360214,0.49364822107842465,2.873143,4.130974,2.0,2.0,tail_2_3,False,True
36948,63923881251,2026-08-31 17:40:51.448,1,7704.75,3,True,24.026548041417115,31.3777900795549,-2.3403378673591413,3.035608,4.962078,3.0,1.0,tail_1,False,True
36952,63923881606,2026-08-31 17:46:46.848,1,7705.25,2,True,18.395268073226987,19.311481475575032,3.8281450273890276,2.552538,3.399602,2.0,2.0,tail_2_3,False,False
36959,63923882611,2026-08-31 18:03:31.116,1,7705.5,1,False,7.0723569623610425,0.7113478468507459,3.8824440162365192,1.695019,2.723983,3.0,1.0,tail_1,False,False
36985,63923884870,2026-08-31 18:41:10.544,-1,7702.75,1,True,32.72777375034805,45.33711543319776,0.8521163969994212,2.71544,3.970682,3.0,1.0,tail_1,False,False
37016,63923889635,2026-08-31 20:00:35.468,-1,7699.25,5,True,40.235139138502134,50.829617247861734,6.005955816594134,5.728855,1.51223,4.0,0.0,no_tail,False,True
37031,63923893411,2026-08-31 21:03:31.760,-1,7697.25,1,True,26.618746511859747,29.388037509215458,14.346932497180514,4.999929,-0.710365,1.0,3.0,tail_2_3,False,True
37056,63923898728,2026-08-31 22:32:08.084,-1,7695.5,6,True,40.099703044399504,48.60210433134321,-0.995318544240068,5.615905,4.396195,4.0,0.0,no_tail,False,False
37058,63923898825,2026-08-31 22:33:45.104,-1,7695.5,1,False,40.099703044399504,48.60210433134321,-1.5206548124980277,4.655929,4.291913,4.0,0.0,no_tail,False,False
37102,63923903058,2026-08-31 23:44:18.624,-1,7699.0,3,True,19.710773968442226,37.89209965177241,1.5617252524971377,0.364035,4.652513,2.0,2.0,tail_2_3,False,True
37105,63923903811,2026-08-31 23:56:51.524,-1,7698.0,1,True,19.710773968442226,37.32440938559398,5.1155581797288585,0.547235,0.921075,4.0,0.0,no_tail,False,True
37107,63923904000,2026-09-01 00:00:00.044,-1,7697.5,1,True,19.710773968442226,37.32440938559398,9.149931441733331,0.785784,-0.762206,4.0,0.0,no_tail,False,False
37109,63923904034,2026-09-01 00:00:34.988,-1,7697.5,1,True,9.526828219363994,16.231756949873976,12.053388908193105,1.071164,-0.356808,1.0,3.0,tail_2_3,False,False
37140,63923905184,2026-09-01 00:19:44.612,1,7702.5,3,True,25.132212898924358,36.99300537941035,13.581443848536658,2.993252,-0.389687,2.0,2.0,tail_2_3,False,True
37149,63923905862,2026-09-01 00:31:02.344,1,7702.0,2,True,19.355627190642576,25.18672582418818,7.434481190165938,3.051451,3.863635,-1.0,5.0,tail_ge4,False,True
37201,63923907942,2026-09-01 01:05:42.544,-1,7692.0,5,True,36.05142242170722,38.212320925507235,6.425048139254397,6.71793,1.658201,4.0,0.0,no_tail,False,True
37274,63923908426,2026-09-01 01:13:46.208,-1,7677.5,1,True,32.46386592382961,25.46590711356402,11.901112589098027,7.272605,0.015556,2.0,2.0,tail_2_3,False,True
37277,63923908490,2026-09-01 01:14:50.776,-1,7677.25,1,True,29.410941560944725,20.239603078517582,15.315935083936724,6.436763,-0.16284,-0.0,4.0,tail_ge4,False,True
37279,63923908533,2026-09-01 01:15:33.772,-1,7677.25,1,False,22.037117768068594,4.608761588704879,9.363509794015979,5.736333,0.121115,3.0,1.0,tail_1,False,True
37282,63923908562,2026-09-01 01:16:02.608,-1,7678.25,2,False,15.315935083936724,-0.2718855315874204,-0.9799678375129215,4.418236,4.0698,4.0,0.0,no_tail,False,True
37344,63923909677,2026-09-01 01:34:37.652,-1,7667.75,3,True,35.02051716476906,34.06063336975161,5.392513432823111,6.616857,2.419915,3.0,1.0,tail_1,False,True
37403,63923911107,2026-09-01 01:58:27.576,-1,7662.25,1,False,6.649902892993943,9.152165305623212,7.1299055366036885,1.098626,1.057674,3.0,1.0,tail_1,False,True
37466,63923913223,2026-09-01 02:33:43.044,-1,7652.25,3,True,33.09384234079122,32.52337666811767,8.88487251756992,6.128817,0.642789,3.0,1.0,tail_1,False,True
37468,63923913308,2026-09-01 02:35:08.480,-1,7652.25,1,True,24.051143026285068,12.740503141849501,8.297743396920998,5.449812,0.902474,2.0,2.0,tail_2_3,False,True
37470,63923913342,2026-09-01 02:35:42.768,-1,7652.5,1,False,20.59186891381395,8.37971062127806,6.2786571449322395,4.778477,2.065298,2.0,2.0,tail_2_3,False,True
37472,63923913434,2026-09-01 02:37:14.120,-1,7652.0,1,False,18.51233197976136,4.698465345631948,6.62646173397943,4.279338,0.294034,4.0,0.0,no_tail,False,True
37478,63923913688,2026-09-01 02:41:28.088,-1,7651.25,1,True,20.729382343938454,23.01863274713456,11.83387530556808,4.039557,-0.942021,4.0,0.0,no_tail,False,False
37491,63923914847,2026-09-01 03:00:47.956,1,7654.5,2,True,20.5977597985856,43.83892996893648,9.719605720973055,0.676232,0.944122,2.0,2.0,tail_2_3,False,True
37500,63923915234,2026-09-01 03:07:14.944,1,7653.75,1,False,11.825532353541297,20.260717196809292,0.746330807043738,0.06554,3.707139,2.0,2.0,tail_2_3,False,True
37503,63923915439,2026-09-01 03:10:39.192,1,7653.75,1,True,2.9613092049644676,5.8429288168597635,2.73398754232437,0.182126,3.850398,2.0,2.0,tail_2_3,False,True
37512,63923915964,2026-09-01 03:19:24.500,1,7654.5,2,True,18.540216757222552,31.992306746886026,2.851584175544534,1.428754,2.815601,4.0,0.0,no_tail,False,True
37543,63923917755,2026-09-01 03:49:15.092,1,7659.0,2,True,30.35193131429276,30.695457956768735,6.842472172846932,5.3845,3.444209,1.0,3.0,tail_2_3,False,False
37571,63923919201,2026-09-01 04:13:21.088,-1,7655.75,2,True,22.681740920712787,31.795767326274753,6.2994134977656095,2.830435,2.696821,2.0,2.0,tail_2_3,False,False
37573,63923919285,2026-09-01 04:14:45.784,-1,7655.25,1,True,16.506944209212932,19.114884099099967,5.221945332976354,2.582073,0.876997,4.0,0.0,no_tail,False,False
37582,63923919867,2026-09-01 04:24:27.736,-1,7655.5,1,False,4.377492730805272,3.6577510054086724,6.433723330658972,1.175364,1.667668,3.0,1.0,tail_1,False,False
37584,63923919954,2026-09-01 04:25:54.056,-1,7655.25,1,False,6.433723330658972,7.902840621462964,6.769485662709065,1.219379,0.887763,3.0,1.0,tail_1,False,False
37642,63923922932,2026-09-01 05:15:32.676,-1,7652.0,3,True,31.030162161589253,36.44008355743182,16.267315361295665,5.798785,-0.584745,-0.0,4.0,tail_ge4,False,False
37655,63923923385,2026-09-01 05:23:05.900,-1,7651.5,2,True,27.5599359964595,36.146384895872856,11.22705004773883,4.138868,0.290866,3.0,1.0,tail_1,False,True
37659,63923923484,2026-09-01 05:24:44.996,-1,7651.0,2,True,27.5599359964595,36.146384895872856,11.331820726522372,3.846071,-0.727194,4.0,0.0,no_tail,False,False
37681,63923924368,2026-09-01 05:39:28.740,-1,7649.75,4,True,37.04876570689081,48.41564269842212,10.247773834741265,5.160208,2.347062,-0.0,4.0,tail_ge4,False,True
37704,63923925122,2026-09-01 05:52:02.312,-1,7648.5,2,True,12.646349140274415,13.837986787918087,6.989582261566789,2.433822,1.756344,3.0,1.0,tail_1,False,True
37711,63923925474,2026-09-01 05:57:54.700,-1,7648.25,1,True,12.562169753651741,14.396468761387545,9.407904300564036,2.396139,2.06212,-0.0,4.0,tail_ge4,False,True
37737,63923926613,2026-09-01 06:16:53.028,-1,7644.75,1,True,21.319176774814892,16.556301173773647,12.544337299912609,4.812049,0.07218,1.0,3.0,tail_2_3,False,True
37758,63923927406,2026-09-01 06:30:06.116,-1,7645.25,2,False,8.290861375378965,14.350589324365965,4.0145878037042175,0.744332,1.696132,4.0,0.0,no_tail,False,True
37775,63923927480,2026-09-01 06:31:20.484,-1,7643.75,4,True,36.17506783278069,49.3927836278002,1.1588973560223828,3.933039,3.511532,4.0,0.0,no_tail,False,False
37777,63923927495,2026-09-01 06:31:35.144,-1,7643.75,1,True,25.98911013361831,30.999300379324254,0.4678287414068711,3.299411,3.475275,4.0,0.0,no_tail,False,False
37779,63923927500,2026-09-01 06:31:40.660,-1,7643.75,1,False,25.98911013361831,30.999300379324254,0.5493351009489158,2.765889,3.441805,4.0,0.0,no_tail,False,False
37786,63923927520,2026-09-01 06:32:00.000,-1,7644.25,2,False,0.5493351009489158,-9.914904093630781,-3.7680582920524226,1.132119,4.896745,4.0,0.0,no_tail,False,True
37789,63923927537,2026-09-01 06:32:17.392,-1,7643.5,1,False,2.389528333757244,-0.50991897436203,4.534598474151617,1.10963,2.13467,3.0,1.0,tail_1,False,False
37793,63923927554,2026-09-01 06:32:34.220,-1,7644.25,1,False,4.534598474151617,4.107473505258746,-2.352159150042068,0.641371,4.966942,3.0,1.0,tail_1,False,True
37800,63923927605,2026-09-01 06:33:25.460,1,7645.25,1,False,5.242400284767206,13.855055264217553,5.948298962663565,0.065769,1.549252,3.0,1.0,tail_1,False,True
37805,63923927644,2026-09-01 06:34:04.360,1,7645.75,1,True,17.221624063401332,31.222120648587175,13.794548108398951,1.157157,0.824131,0.0,4.0,tail_ge4,False,True
37807,63923927658,2026-09-01 06:34:18.056,1,7645.5,1,True,17.221624063401332,31.222120648587175,6.452581420195305,1.151183,1.992979,2.0,2.0,tail_2_3,False,True
37812,63923927703,2026-09-01 06:35:03.948,1,7646.5,2,True,18.856883243181727,30.436393808968155,14.059249344625504,1.98609,-0.597759,2.0,2.0,tail_2_3,False,True
37826,63923927829,2026-09-01 06:37:09.868,1,7648.0,2,True,28.57165062191508,39.37093274335729,11.246452342468295,3.945825,-0.690751,4.0,0.0,no_tail,False,True
37828,63923927851,2026-09-01 06:37:31.048,1,7648.0,1,True,27.283476842035505,35.79869036918792,9.81776583165284,3.632575,-0.403881,4.0,0.0,no_tail,False,True
37849,63923927999,2026-09-01 06:39:59.496,-1,7645.25,2,True,20.294595366201097,40.74752957429166,10.580757812152429,1.272894,1.552494,1.0,3.0,tail_2_3,False,True
37852,63923928022,2026-09-01 06:40:22.680,-1,7645.0,1,True,18.1666634563371,31.76391400216077,11.522502596488955,1.567024,1.16408,-0.0,4.0,tail_ge4,False,True
37855,63923928043,2026-09-01 06:40:43.484,-1,7644.75,1,True,18.1666634563371,31.76391400216077,12.983814672809151,1.869604,0.855794,-0.0,4.0,tail_ge4,False,True
37865,63923928147,2026-09-01 06:42:27.624,-1,7644.75,3,True,26.4737943148005,39.03560010068345,7.10681261052358,2.971163,-0.999637,-1.0,0.0,no_tail,False,True
37867,63923928179,2026-09-01 06:42:59.032,-1,7644.75,1,True,26.4737943148005,39.03560010068345,-0.6310683925530619,2.447782,3.926517,4.0,0.0,no_tail,False,True
37870,63923928198,2026-09-01 06:43:18.072,-1,7644.5,1,True,23.083444288271746,32.15642534619143,3.0084690946593633,2.054192,3.084182,3.0,1.0,tail_1,False,False
37873,63923928209,2026-09-01 06:43:29.804,-1,7644.5,1,True,7.10681261052358,2.052449586143149,5.475793577246265,1.865514,3.371772,1.0,3.0,tail_2_3,False,False
37881,63923928309,2026-09-01 06:45:09.184,1,7646.0,2,False,14.483587713441006,31.284874171031007,9.32765871193077,0.198703,2.082908,1.0,3.0,tail_2_3,False,True
37898,63923928503,2026-09-01 06:48:23.160,1,7647.5,1,True,13.609158376908406,21.095284478300854,15.206581210054546,1.761821,-0.434672,0.0,4.0,tail_ge4,False,True
37904,63923928559,2026-09-01 06:49:19.656,1,7647.0,2,True,16.296738130760687,23.80860670111005,4.765386639110452,1.956131,2.692496,2.0,2.0,tail_2_3,False,True
37918,63923928711,2026-09-01 06:51:51.544,1,7649.0,2,True,32.855344586334866,47.13526576617125,11.26930548156072,3.812164,-0.047262,3.0,1.0,tail_1,False,False
37920,63923928726,2026-09-01 06:52:06.920,1,7648.5,1,True,28.460645048787544,39.73543725338947,7.6443273133120595,3.424438,2.149375,1.0,3.0,tail_2_3,False,False
37942,63923929084,2026-09-01 06:58:04.648,-1,7644.25,1,True,29.175147233394966,43.74179473646286,13.897247560292291,3.294818,-0.834115,1.0,3.0,tail_2_3,False,False
37945,63923929119,2026-09-01 06:58:39.968,-1,7645.0,2,True,19.387650189459787,24.427042146678573,3.26781193743346,2.73306,2.337172,3.0,1.0,tail_1,False,False
37956,63923929210,2026-09-01 07:00:10.036,1,7646.75,3,False,16.954506671599077,36.766840419234654,5.8532105887562,0.455865,2.882134,2.0,2.0,tail_2_3,False,True
37958,63923929217,2026-09-01 07:00:17.308,1,7646.75,1,True,16.954506671599077,36.766840419234654,3.3182181369022103,0.476454,2.969628,2.0,2.0,tail_2_3,False,True
37960,63923929227,2026-09-01 07:00:27.736,1,7646.5,1,True,16.954506671599077,34.606658869768715,1.656226901670007,0.410462,3.973502,2.0,2.0,tail_2_3,False,True
37979,63923929399,2026-09-01 07:03:19.968,1,7648.25,1,True,28.606755624759412,41.063465764634714,3.799243591552018,2.494277,2.105036,4.0,0.0,no_tail,False,True
38012,63923929943,2026-09-01 07:12:23.600,1,7653.25,4,True,37.9144542621157,43.5617816710832,9.153803454645136,6.988846,1.515974,1.0,3.0,tail_2_3,False,True
38014,63923929988,2026-09-01 07:13:08.688,1,7653.25,1,True,37.03961591488431,40.946520117102644,6.36687901629233,6.110762,1.708517,2.0,2.0,tail_2_3,False,True
38016,63923929999,2026-09-01 07:13:19.328,1,7653.25,1,False,34.44347262466971,35.68731863034157,5.2261879513819585,5.316861,1.848577,3.0,1.0,tail_1,False,True
38096,63923931816,2026-09-01 07:43:36.948,1,7668.0,3,True,28.177538598070676,17.11932076074375,2.0792291664325115,6.267062,2.49314,4.0,0.0,no_tail,False,True
38102,63923931930,2026-09-01 07:45:30.716,1,7667.75,1,False,13.800528191174216,-9.042971125167647,5.59734082843202,3.971085,3.65455,0.0,4.0,tail_ge4,False,True
38166,63923933681,2026-09-01 08:14:41.752,-1,7657.75,1,True,32.645086994145096,25.461672552531038,12.358661000531313,7.290062,0.165202,-0.0,4.0,tail_ge4,False,True
38172,63923933850,2026-09-01 08:17:30.464,-1,7657.25,1,False,16.289699993978093,0.4540022547963097,12.016267755207332,5.645991,-0.353941,2.0,2.0,tail_2_3,False,False
38189,63923934534,2026-09-01 08:28:54.588,1,7660.25,2,False,14.810814593969225,33.23046509738951,8.191045083702553,0.257295,0.93414,3.0,1.0,tail_1,False,True
38251,63923936590,2026-09-01 09:03:10.980,1,7669.0,3,True,19.310120673896105,2.168487805140701,1.3626950062267134,5.287511,3.120807,3.0,1.0,tail_1,False,True
38266,63923937167,2026-09-01 09:12:47.012,-1,7666.75,3,False,23.183643205980367,43.4204101571406,10.025764103113945,0.604503,0.827659,1.0,3.0,tail_2_3,False,True
38370,63923938736,2026-09-01 09:38:56.268,-1,7647.0,3,True,32.39861269119792,27.208300190610206,11.24608489903448,7.613275,-0.037371,3.0,1.0,tail_1,False,False
38375,63923938850,2026-09-01 09:40:50.300,-1,7647.5,1,False,31.315717840053136,26.549036679247752,1.0016573516929161,5.0439,1.975664,4.0,0.0,no_tail,False,False
38398,63923939402,2026-09-01 09:50:02.504,-1,7645.75,1,True,26.1403883626917,34.33864969773933,11.890286628186052,3.686425,0.353344,1.0,3.0,tail_2_3,False,True
38401,63923939481,2026-09-01 09:51:21.136,-1,7646.25,2,True,16.62302976415305,14.98325614551691,2.83588566994357,3.013302,2.501953,4.0,0.0,no_tail,False,True
38404,63923939584,2026-09-01 09:53:04.544,-1,7645.25,1,True,14.29213751328007,10.989823987306442,13.083514366824838,3.013707,-0.800836,1.0,3.0,tail_2_3,False,False
38420,63923940028,2026-09-01 10:00:28.264,1,7648.25,2,True,22.804286700361235,40.34013476590413,4.821751275591592,1.16566,1.682815,4.0,0.0,no_tail,False,False
38428,63923940214,2026-09-01 10:03:34.140,-1,7645.75,1,True,15.478474427088248,30.274388538138442,12.323302239118046,0.66513,-0.152737,1.0,3.0,tail_2_3,False,True
38443,63923940735,2026-09-01 10:12:15.032,-1,7645.25,2,True,27.160545066399056,39.76930347271662,7.650030471679202,3.244179,3.120325,-0.0,4.0,tail_ge4,False,False
38484,63923941566,2026-09-01 10:26:06.768,-1,7640.25,1,True,51.33446704293451,62.752658662438606,9.222592052621406,6.412603,-0.792793,4.0,0.0,no_tail,False,True
38488,63923941609,2026-09-01 10:26:49.304,-1,7640.5,2,True,24.17028864082248,11.827874286171127,7.379189348964264,5.242362,0.94055,4.0,0.0,no_tail,False,True
38553,63923943691,2026-09-01 11:01:31.948,1,7645.0,2,False,12.51791161380859,26.198047135916887,3.6168162474933045,0.055727,4.140004,1.0,3.0,tail_2_3,False,True
38554,63923943696,2026-09-01 11:01:36.588,-1,7644.25,1,False,19.721402839203268,35.34848447876027,1.014029411154604,0.036009,2.943917,3.0,1.0,tail_1,False,True
38555,63923943755,2026-09-01 11:02:35.012,1,7645.0,1,True,12.51791161380859,26.198047135916887,-0.22543863044199655,0.005368,4.093099,3.0,1.0,tail_1,False,True
38568,63923944236,2026-09-01 11:10:36.248,-1,7642.75,1,True,21.46303183034435,36.54056629211324,11.458530224473273,1.921112,-0.448196,3.0,1.0,tail_1,False,True
38585,63923945101,2026-09-01 11:25:01.304,-1,7642.75,1,False,14.941116606596578,15.464069896935644,4.095996973318021,1.545074,2.328844,2.0,2.0,tail_2_3,False,True
38589,63923945204,2026-09-01 11:26:44.504,-1,7641.75,2,True,13.980435044187143,20.346190762093094,12.027522101101223,1.991148,-0.691935,3.0,1.0,tail_1,False,True
38641,63923946572,2026-09-01 11:49:32.068,-1,7628.25,4,True,40.482436194812045,23.095468305282694,9.775926880716975,10.667518,-0.066135,4.0,0.0,no_tail,False,False
38643,63923946635,2026-09-01 11:50:35.880,-1,7628.0,1,False,35.982150887958205,18.04885543833429,10.577140658044605,9.386532,-0.712722,3.0,1.0,tail_1,False,False
38645,63923946721,2026-09-01 11:52:01.380,-1,7628.25,1,False,35.982150887958205,18.04885543833429,10.53431889173255,8.270335,0.611978,1.0,3.0,tail_2_3,False,False
38718,63923948453,2026-09-01 12:20:53.884,1,7638.75,2,True,24.24819856980726,14.38564577925634,6.150912754339516,5.901638,-0.281731,-1.0,0.0,no_tail,False,True
38720,63923948550,2026-09-01 12:22:30.052,1,7639.0,1,False,22.874427198411375,14.38564577925634,-0.05683739462856448,4.985697,3.703792,3.0,1.0,tail_1,False,True
38726,63923948930,2026-09-01 12:28:50.064,1,7640.0,1,True,18.16397365433101,15.841750261992656,12.074721618192877,4.298901,1.247541,0.0,4.0,tail_ge4,False,True
38731,63923949014,2026-09-01 12:30:14.108,1,7640.5,1,True,18.16397365433101,15.841750261992656,11.190516682941748,3.763031,0.319508,2.0,2.0,tail_2_3,False,False
38769,63923950195,2026-09-01 12:49:55.008,1,7639.75,3,True,19.417757994410398,35.64476125113299,7.759111406011994,0.979464,0.14164,4.0,0.0,no_tail,False,False
38771,63923950200,2026-09-01 12:50:00.160,1,7638.75,1,True,19.417757994410398,35.64476125113299,5.748031492122306,0.930782,4.24532,-1.0,5.0,tail_ge4,False,True
38775,63923950240,2026-09-01 12:50:40.280,1,7638.75,1,True,17.355973351743657,31.23306943914547,-1.7489641057239353,0.511497,4.065664,4.0,0.0,no_tail,False,True
38778,63923950275,2026-09-01 12:51:15.564,1,7639.75,1,True,5.980944964728824,8.089606199165377,7.759861423754349,0.793003,0.474473,3.0,1.0,tail_1,False,False
38795,63923950531,2026-09-01 12:55:31.044,-1,7636.5,1,True,25.528767698593754,39.83675589927943,6.154084462784847,2.110126,1.130656,4.0,0.0,no_tail,False,True
38802,63923950685,2026-09-01 12:58:05.708,-1,7635.5,1,True,26.478813539012528,38.89168400269772,15.48046110150809,3.264904,-0.235512,-0.0,4.0,tail_ge4,False,False
38812,63923950752,2026-09-01 12:59:12.796,1,7638.75,3,False,28.464778026895033,50.75192194561635,10.833597744617789,0.769129,0.138445,3.0,1.0,tail_1,False,True
38837,63923950938,2026-09-01 13:02:18.368,1,7642.75,2,True,44.62278558552492,55.91276126796122,13.088442883111489,6.59776,-0.50902,3.0,1.0,tail_1,False,True
38839,63923951047,2026-09-01 13:04:07.288,1,7642.25,1,True,39.79808613377077,47.54054200666626,7.956872607534927,5.781664,1.685445,2.0,2.0,tail_2_3,False,True
38844,63923951183,2026-09-01 13:06:23.944,1,7642.75,2,True,19.295898941856954,14.3785493475282,8.914027851971838,4.874859,0.950644,3.0,1.0,tail_1,False,True
38885,63923959672,2026-09-01 15:27:52.500,-1,7642.75,2,True,19.535770678998215,42.69256887570987,8.420008497317344,0.506836,-0.135198,4.0,0.0,no_tail,False,False
38887,63923960125,2026-09-01 15:35:25.824,-1,7643.0,1,True,16.345287489024173,32.740368943773646,7.867236222019364,0.638416,1.069739,3.0,1.0,tail_1,False,False
38896,63923963086,2026-09-01 16:24:46.044,1,7645.5,1,True,17.463436386840137,33.06568335511206,10.376883909362126,1.046279,0.665718,2.0,2.0,tail_2_3,False,True
38906,63923965453,2026-09-01 17:04:13.352,1,7645.75,1,True,16.87583859127996,26.597249991151116,9.658291309701296,2.039804,1.956427,0.0,4.0,tail_ge4,False,False
38918,63923965941,2026-09-01 17:12:21.176,1,7644.75,2,False,2.491863631510701,4.095920968670706,0.05477474851962179,0.200087,4.951373,2.0,2.0,tail_2_3,False,True
38920,63923966035,2026-09-01 17:13:55.500,1,7645.25,1,False,2.491863631510701,4.095920968670706,0.16806713785724905,0.182808,2.958188,4.0,0.0,no_tail,False,True
38922,63923966108,2026-09-01 17:15:08.188,1,7645.25,1,False,2.491863631510701,4.095920968670706,3.864725361286789,0.275427,3.077512,1.0,3.0,tail_2_3,False,True
38924,63923966140,2026-09-01 17:15:40.316,1,7645.75,1,True,3.864725361286789,7.0986129347583296,4.372176241465282,0.390313,1.228415,4.0,0.0,no_tail,False,True
38926,63923966163,2026-09-01 17:16:03.104,1,7646.0,1,True,5.688052130050886,10.135289838373183,9.14926127707472,0.66045,0.557641,1.0,3.0,tail_2_3,False,True
38930,63923966415,2026-09-01 17:20:15.168,1,7645.75,2,True,14.0454463733448,24.350936819048485,5.8391486586364865,1.060726,2.234728,3.0,1.0,tail_1,False,True
38958,63923967417,2026-09-01 17:36:57.416,-1,7644.75,1,False,22.331420444662466,45.30599422893078,12.793402287512658,0.275502,-0.995536,1.0,3.0,tail_2_3,False,True
38960,63923967501,2026-09-01 17:38:21.852,-1,7644.75,1,True,22.331420444662466,45.30599422893078,11.175812524802602,0.585315,-0.647552,3.0,1.0,tail_1,False,True
38966,63923968160,2026-09-01 17:49:20.308,-1,7645.25,3,True,21.271162269542444,35.737129692242824,3.165613519137105,1.383435,2.68628,4.0,0.0,no_tail,False,True
38998,63923970453,2026-09-01 18:27:33.736,-1,7641.75,1,True,26.601403357863862,25.54978951745194,1.5247771955949128,4.478902,3.374288,3.0,1.0,tail_1,False,True
39003,63923970925,2026-09-01 18:35:25.748,-1,7641.0,2,True,14.69944130135555,10.365130851053788,9.384407117314163,3.847786,1.418787,1.0,3.0,tail_2_3,False,True
39043,63923974823,2026-09-01 19:40:23.340,1,7639.5,3,False,23.99894712448159,48.910161337505016,5.386607241526971,0.177931,1.78216,3.0,1.0,tail_1,False,True
39053,63923976586,2026-09-01 20:09:46.184,1,7639.5,3,True,18.229884390108165,31.694168717812776,0.18036651809135162,1.438135,3.913392,4.0,0.0,no_tail,False,True
39058,63923977666,2026-09-01 20:27:46.432,1,7640.0,3,True,18.229884390108165,29.176719694426954,4.100177205223934,1.542423,2.634142,3.0,1.0,tail_1,False,False
39109,63923985428,2026-09-01 22:37:08.972,1,7639.0,1,True,36.77458546710678,55.31938693053155,6.026280164764653,2.82035,1.503811,4.0,0.0,no_tail,False,True
39111,63923985655,2026-09-01 22:40:55.100,1,7638.25,1,True,36.657999535753305,54.129467180332654,3.4499198367627737,2.425205,4.541965,0.0,4.0,tail_ge4,False,True
39146,63923989015,2026-09-01 23:36:55.392,-1,7634.75,3,True,29.583057455522386,40.05748091717938,10.432975949150093,4.107222,0.32183,2.0,2.0,tail_2_3,False,True
39165,63923990196,2026-09-01 23:56:36.888,1,7638.5,1,True,38.71761629955291,57.480798581505724,8.00062733251904,2.339157,0.693798,3.0,1.0,tail_1,False,True
39199,63923992120,2026-09-02 00:28:40.256,1,7642.5,2,False,20.27698594293207,5.317087318639981,2.694122870950803,4.148075,2.560285,4.0,0.0,no_tail,False,True
39205,63923992718,2026-09-02 00:38:38.340,1,7642.25,1,False,7.598621510343117,-3.6268600635957933,3.7412827869983456,2.944111,4.101758,0.0,4.0,tail_ge4,False,False
39225,63923993701,2026-09-02 00:55:01.680,-1,7639.0,3,True,30.688509532813047,45.20916442509028,13.843748579166945,3.321124,-0.183704,2.0,2.0,tail_2_3,False,True
39227,63923993817,2026-09-02 00:56:57.488,-1,7639.0,1,True,30.688509532813047,45.20916442509028,8.707380358452001,3.064935,0.064177,4.0,0.0,no_tail,False,True
39252,63923994627,2026-09-02 01:10:27.032,1,7640.75,1,False,8.859367116783638,22.363049997927558,6.8309494641114945,0.153145,1.835503,2.0,2.0,tail_2_3,False,True
39258,63923994914,2026-09-02 01:15:14.220,1,7640.75,2,True,13.110546302672775,24.01749777607716,3.880771041918024,0.811117,2.737717,2.0,2.0,tail_2_3,False,True
39260,63923994991,2026-09-02 01:16:31.148,1,7641.25,1,True,13.110546302672775,24.01749777607716,6.554993936392038,0.94163,0.990104,2.0,2.0,tail_2_3,False,False
39278,63923995904,2026-09-02 01:31:44.312,-1,7638.0,1,True,22.288331514999058,33.59603502060138,8.060699843879469,2.730777,1.62894,3.0,1.0,tail_1,False,True
39281,63923995975,2026-09-02 01:32:55.536,-1,7638.25,2,True,19.08978179489903,26.04586984001109,1.5511906069848944,2.207815,2.71018,4.0,0.0,no_tail,False,True
39322,63923997780,2026-09-02 02:03:00.308,-1,7629.5,3,True,35.50046577393745,28.05630686791181,14.435952988457187,9.192458,-0.429243,1.0,3.0,tail_2_3,False,False
39325,63923997850,2026-09-02 02:04:10.968,-1,7630.25,2,True,35.50046577393745,28.05630686791181,4.461938772967821,7.376202,2.804857,3.0,1.0,tail_1,False,False
39333,63923998213,2026-09-02 02:10:13.016,-1,7629.5,1,False,6.736035537604977,-6.570450214624377,10.139509418994026,3.920386,-0.206946,3.0,1.0,tail_1,False,True
39335,63923998305,2026-09-02 02:11:45.156,-1,7629.5,1,False,10.139509418994026,1.5676032334422836,9.460017973088648,3.609855,0.080401,3.0,1.0,tail_1,False,True
39374,63924001263,2026-09-02 03:01:03.472,-1,7625.25,3,True,25.97830723743357,23.232428601411993,3.2853252433704054,4.602568,1.996798,4.0,0.0,no_tail,False,True
39376,63924001287,2026-09-02 03:01:27.332,-1,7625.25,1,False,19.81632287270194,10.492371553420128,3.8671588685568064,3.98229,2.077014,4.0,0.0,no_tail,False,True
39398,63924003179,2026-09-02 03:32:59.736,-1,7624.5,1,False,-0.1618792449665186,-4.183240689022161,5.073872616555463,0.858857,1.271467,3.0,1.0,tail_1,False,True
39400,63924003462,2026-09-02 03:37:42.628,-1,7625.0,1,False,5.073872616555463,6.807525777327627,3.999231489599341,0.787682,3.329025,2.0,2.0,tail_2_3,False,True
39403,63924004274,2026-09-02 03:51:14.628,-1,7624.0,1,True,9.541539316513008,15.40962682059788,12.067270167074282,1.227061,-0.029624,-0.0,4.0,tail_ge4,False,True
39421,63924005309,2026-09-02 04:08:29.304,-1,7622.75,3,True,38.40484763375393,54.29449880212954,11.316837183597539,4.168427,1.238936,1.0,3.0,tail_2_3,False,False
39459,63924005956,2026-09-02 04:19:16.352,1,7631.0,3,True,41.790217159596914,45.83321492035726,10.2510287659198,7.670643,1.692451,1.0,3.0,tail_2_3,False,True
39571,63924009782,2026-09-02 05:23:02.936,1,7654.25,5,True,42.10740108583656,42.35125810359392,7.674267192317064,7.937701,1.163512,2.0,2.0,tail_2_3,False,True
39614,63924012523,2026-09-02 06:08:43.804,-1,7644.75,4,True,50.01583393136877,57.76463250599751,13.3557348106483,8.978377,-0.944935,3.0,1.0,tail_1,False,True
39621,63924013026,2026-09-02 06:17:06.684,-1,7644.5,2,True,17.093151512815375,0.4667592913148343,10.30672209225722,6.333083,-0.290897,4.0,0.0,no_tail,False,False
39645,63924013801,2026-09-02 06:30:01.660,1,7650.5,1,True,41.90746848447645,57.2036717886885,16.462761341369156,5.396165,-0.671914,0.0,4.0,tail_ge4,False,True
39648,63924013805,2026-09-02 06:30:05.256,1,7649.5,2,True,39.3368122407199,51.36533963731102,5.638803726159831,4.472986,3.624292,1.0,3.0,tail_2_3,False,False
39669,63924013895,2026-09-02 06:31:35.336,-1,7647.5,3,True,17.991308795067027,26.762905740508476,-1.1696645152587002,1.736712,4.467826,4.0,0.0,no_tail,False,True
39681,63924013964,2026-09-02 06:32:44.180,-1,7647.0,1,False,24.925738184187857,37.80359454897848,3.868831896717138,1.419036,-0.937791,-1.0,0.0,no_tail,False,False
39688,63924014039,2026-09-02 06:33:59.720,1,7648.25,2,False,16.8252466042681,34.41587478631243,8.6477306837008,0.370187,2.382122,0.0,4.0,tail_ge4,False,True
39691,63924014058,2026-09-02 06:34:18.860,1,7649.0,1,True,16.8252466042681,34.41587478631243,11.93058701614978,0.891807,0.015991,1.0,3.0,tail_2_3,False,True
39694,63924014087,2026-09-02 06:34:47.056,1,7649.25,1,True,16.200623988961848,32.22377770623904,11.335566366897705,1.270174,-0.38261,2.0,2.0,tail_2_3,False,False
39711,63924014271,2026-09-02 06:37:51.516,-1,7646.75,2,True,25.885011228421327,43.960103734925056,2.1050160516222576,1.419352,3.122727,4.0,0.0,no_tail,False,True
39719,63924014359,2026-09-02 06:39:19.956,1,7648.75,2,False,14.244134102460276,30.811906676643165,9.648268061694539,0.049561,-0.319195,3.0,1.0,tail_1,False,True
39721,63924014373,2026-09-02 06:39:33.044,1,7648.0,1,True,14.244134102460276,30.811906676643165,6.800596145271821,0.183924,2.821458,1.0,3.0,tail_2_3,False,True
39723,63924014393,2026-09-02 06:39:53.664,1,7648.25,1,True,14.244134102460276,30.811906676643165,3.483486569112367,0.255799,1.915156,4.0,0.0,no_tail,False,True
39770,63924014861,2026-09-02 06:47:41.060,-1,7649.0,3,True,21.24136956647822,43.39968771702579,6.7636096243963415,0.750332,0.557057,4.0,0.0,no_tail,False,True
39772,63924014930,2026-09-02 06:48:50.004,-1,7649.75,1,True,21.24136956647822,39.289069893597905,4.851257435699963,0.709842,3.630332,1.0,3.0,tail_2_3,False,True
39775,63924014975,2026-09-02 06:49:35.784,-1,7648.5,1,True,21.24136956647822,39.289069893597905,10.778905698936875,1.102782,-0.798532,3.0,1.0,tail_1,False,True
39781,63924015035,2026-09-02 06:50:35.300,-1,7648.75,3,True,24.5755658859854,39.12476833309365,6.6236727658828904,2.021024,1.921795,2.0,2.0,tail_2_3,False,True
39800,63924015289,2026-09-02 06:54:49.244,1,7651.0,1,True,18.174939250532287,35.24767695967347,10.51733454717761,1.248042,1.259321,1.0,3.0,tail_2_3,False,False
39806,63924015347,2026-09-02 06:55:47.996,1,7650.25,1,False,15.063923787596774,26.07897485775224,-0.4695093050988975,0.445012,3.860159,4.0,0.0,no_tail,False,True
39877,63924016375,2026-09-02 07:12:55.996,1,7664.0,1,True,33.98432993812138,30.51679838105677,12.893762411143163,7.258255,-0.411756,2.0,2.0,tail_2_3,False,True
39933,63924017624,2026-09-02 07:33:44.516,1,7677.0,1,True,30.349655742393182,13.325140411543089,10.878618925214244,8.880254,0.452466,2.0,2.0,tail_2_3,False,True
39972,63924018591,2026-09-02 07:49:51.340,1,7684.25,3,True,48.86028189115777,54.2316669791383,6.0452431467063255,8.24332,1.829091,3.0,1.0,tail_1,False,False
39982,63924018764,2026-09-02 07:52:44.048,1,7683.5,1,False,4.898962447134779,-22.470574332171168,-0.607465289212441,2.925118,3.916814,4.0,0.0,no_tail,False,False
39998,63924019087,2026-09-02 07:58:07.048,-1,7681.5,2,True,16.03436875345124,29.317172656723784,5.455505630425382,1.252806,1.740551,4.0,0.0,no_tail,False,True
40018,63924019509,2026-09-02 08:05:09.280,-1,7679.75,1,True,17.65183325907833,20.802184779989396,8.781635895562458,2.249962,-0.28711,4.0,0.0,no_tail,False,False
40020,63924019547,2026-09-02 08:05:47.088,-1,7680.0,1,True,10.825491018338866,7.560188082659706,8.905751490273992,2.161373,0.967186,2.0,2.0,tail_2_3,False,False
40027,63924019641,2026-09-02 08:07:21.828,-1,7680.5,1,False,8.905751490273992,8.153245456548877,4.362910179646231,1.166336,2.858806,2.0,2.0,tail_2_3,False,True
40032,63924019805,2026-09-02 08:10:05.532,-1,7680.0,1,True,10.245110659560565,14.925782549131716,6.621939067182867,1.409323,1.602409,2.0,2.0,tail_2_3,False,True
40084,63924021368,2026-09-02 08:36:08.572,1,7686.75,2,True,40.70071259552848,48.891608558151994,13.539571083494303,6.755835,0.935002,0.0,4.0,tail_ge4,False,True
40115,63924022387,2026-09-02 08:53:07.000,-1,7681.25,5,True,47.38274334877519,61.86025252022614,8.38860827460075,6.091021,0.198029,4.0,0.0,no_tail,False,True
40137,63924023200,2026-09-02 09:06:40.200,1,7684.0,1,True,18.04699077086489,39.106143117913575,10.053245093307838,0.717811,0.149676,3.0,1.0,tail_1,False,True
40144,63924023605,2026-09-02 09:13:25.228,1,7684.0,2,True,12.871184746204598,22.151238335917014,6.344467932017326,1.363556,1.38467,3.0,1.0,tail_1,False,False
40172,63924024759,2026-09-02 09:32:39.136,-1,7678.25,6,True,45.98120267002804,59.02040231488746,11.008521794225457,6.307228,-0.589299,4.0,0.0,no_tail,False,True
40180,63924025090,2026-09-02 09:38:10.048,-1,7677.75,1,True,21.11170768255432,16.122184569911315,16.11301867644681,5.081936,-0.182881,-1.0,5.0,tail_ge4,False,True
40203,63924026249,2026-09-02 09:57:29.424,-1,7676.75,1,False,25.587212487419535,25.688795244588846,-0.8328691774279999,3.10575,3.382288,3.0,1.0,tail_1,False,True
40226,63924027280,2026-09-02 10:14:40.124,-1,7676.25,4,True,30.28452958692207,47.94650397439852,2.016131687233558,2.269657,3.492424,3.0,1.0,tail_1,False,True
40230,63924027404,2026-09-02 10:16:44.676,-1,7675.0,1,True,21.41974613813187,31.6891907960308,14.618286555113515,2.540355,-0.50913,1.0,3.0,tail_2_3,False,True
40242,63924028005,2026-09-02 10:26:45.968,-1,7674.0,2,True,33.10896029620176,46.5768449525639,10.343692184748463,3.959888,0.359731,2.0,2.0,tail_2_3,False,True
40261,63924028970,2026-09-02 10:42:50.564,-1,7672.25,2,True,26.256078975530748,34.29555206862811,15.143249090161973,4.438012,-0.086691,-0.0,4.0,tail_ge4,False,False
40264,63924029024,2026-09-02 10:43:44.504,-1,7673.5,2,True,22.70449931611307,25.783330010691742,-1.9988877457017413,3.353031,4.808602,4.0,0.0,no_tail,False,False
40280,63924029456,2026-09-02 10:50:56.460,1,7676.25,4,True,34.612765271447586,54.70288273881275,8.153844318247879,2.952263,0.949723,3.0,1.0,tail_1,False,True
40282,63924029524,2026-09-02 10:52:04.620,1,7676.5,1,True,32.59061855183572,49.17518663228441,9.058542440017979,2.81434,0.262701,2.0,2.0,tail_2_3,False,False
40338,63924031392,2026-09-02 11:23:12.628,1,7681.75,3,True,20.043317935232484,4.911551190169885,4.950376121248548,5.554207,1.962755,3.0,1.0,tail_1,False,False
40340,63924031525,2026-09-02 11:25:25.280,1,7681.75,1,False,19.334543616989727,4.911551190169885,3.9434269849845,4.790369,2.045588,4.0,0.0,no_tail,False,False
40378,63924034045,2026-09-02 12:07:25.228,-1,7676.25,4,True,22.90178895880501,22.579169521098855,5.28459385361435,4.408849,2.157552,2.0,2.0,tail_2_3,False,False
40390,63924034878,2026-09-02 12:21:18.272,1,7678.5,2,True,26.326389423646276,50.512337027813224,8.901575886317785,0.585385,2.262383,1.0,3.0,tail_2_3,False,True
40395,63924035195,2026-09-02 12:26:35.688,1,7679.5,1,True,14.985822485547736,29.080944778096956,13.33237382922561,1.398265,-0.58855,1.0,3.0,tail_2_3,False,True
40404,63924035680,2026-09-02 12:34:40.700,1,7679.0,2,True,21.734862824138993,34.0524008852069,4.820310034876633,2.170221,3.630083,2.0,2.0,tail_2_3,False,True
40406,63924035779,2026-09-02 12:36:19.836,1,7679.25,1,True,21.734862824138993,34.0524008852069,2.3880793623571335,1.910897,2.699281,3.0,1.0,tail_1,False,False
40408,63924035834,2026-09-02 12:37:14.968,1,7679.25,1,True,15.945557337966578,21.62330854118559,3.0106784244989444,1.686097,2.763157,3.0,1.0,tail_1,False,False
40416,63924036399,2026-09-02 12:46:39.796,1,7680.0,1,True,11.57698820301302,19.254784923967662,13.280717751435441,1.288233,0.087073,0.0,4.0,tail_ge4,False,False
40418,63924036525,2026-09-02 12:48:45.696,1,7679.75,1,True,13.280717751435441,21.86874971604202,7.37633423101782,1.28274,1.274918,3.0,1.0,tail_1,False,True
40420,63924036600,2026-09-02 12:50:00.068,1,7680.25,1,True,13.280717751435441,21.86874971604202,9.076049244702928,1.417096,-0.397894,3.0,1.0,tail_1,False,False
40425,63924036663,2026-09-02 12:51:03.520,1,7679.25,2,True,11.296048593294811,16.531029067619702,1.4246141875410283,1.297742,4.055635,3.0,1.0,tail_1,False,False
40432,63924036900,2026-09-02 12:55:00.044,-1,7678.75,2,False,12.614270004004592,27.336371608010904,4.021429539856391,0.038352,4.946465,-0.0,4.0,tail_ge4,False,True
40440,63924037155,2026-09-02 12:59:15.136,-1,7676.75,1,True,24.606958806657044,41.19340960652634,15.005638260319513,2.095353,-0.346176,-0.0,4.0,tail_ge4,False,True
40446,63924037185,2026-09-02 12:59:45.976,-1,7676.25,3,True,24.4100040413094,36.33195334568549,9.974345108679449,2.797837,-0.457087,3.0,1.0,tail_1,False,True
40546,63924049595,2026-09-02 16:26:35.024,1,7676.0,1,True,35.152491632866386,49.925323179573994,7.968486503833511,3.70267,1.027356,3.0,1.0,tail_1,False,True
40561,63924051726,2026-09-02 17:02:06.376,1,7678.0,2,True,37.684603047567194,50.24837618618864,10.129515495398554,5.110828,0.104312,4.0,0.0,no_tail,False,False
40563,63924051878,2026-09-02 17:04:38.632,1,7677.5,1,True,37.53540903457928,48.856346762837475,6.600304498873271,4.476079,2.251616,2.0,2.0,tail_2_3,False,False
40636,63924061672,2026-09-02 19:47:52.952,1,7677.75,3,True,27.772367385833693,43.18579312773115,11.459117258849595,2.510493,0.217875,1.0,3.0,tail_2_3,False,True
40757,63924074830,2026-09-02 23:27:10.900,1,7676.5,2,True,26.994232772184034,23.2583555306,13.369329832882011,6.465554,-0.617667,2.0,2.0,tail_2_3,False,True
40761,63924075034,2026-09-02 23:30:34.372,1,7676.0,2,True,26.994232772184034,23.2583555306,5.710517499457536,5.161126,1.981061,2.0,2.0,tail_2_3,False,True
40765,63924075229,2026-09-02 23:33:49.020,1,7675.75,2,False,13.369329832882011,-1.0410643214341115,5.876192004280494,4.171613,3.525856,1.0,3.0,tail_2_3,False,True
40770,63924075580,2026-09-02 23:39:40.004,1,7675.75,2,True,12.347434717149946,6.868302105428402,2.0166657857697214,3.2358,4.132387,3.0,1.0,tail_1,False,True
40785,63924076897,2026-09-03 00:01:37.760,1,7676.5,1,False,13.780785549035173,26.96371495681185,14.67041840745396,0.613459,-0.198852,0.0,4.0,tail_ge4,False,True
40787,63924076944,2026-09-03 00:02:24.632,1,7676.5,1,True,14.67041840745396,27.535914470040876,8.740668410521481,0.774329,0.050195,4.0,0.0,no_tail,False,True
40811,63924077594,2026-09-03 00:13:14.272,1,7679.0,2,True,13.155103410278917,6.909789794315236,9.039618273410257,3.498646,-0.395633,4.0,0.0,no_tail,False,True
40813,63924077768,2026-09-03 00:16:08.796,1,7679.25,1,True,12.094005801453012,6.909789794315236,11.981475648209207,3.379996,-0.979206,2.0,2.0,tail_2_3,False,True
40817,63924077935,2026-09-03 00:18:55.216,1,7679.25,2,True,14.531774666035622,14.324487002174402,9.22341080332796,3.176244,-0.139927,3.0,1.0,tail_1,False,True
40829,63924078608,2026-09-03 00:30:08.608,1,7679.5,1,False,9.757377875545158,13.405696206706548,11.554111227668034,1.638379,-0.489077,3.0,1.0,tail_1,False,True
40831,63924078629,2026-09-03 00:30:29.620,1,7679.0,1,True,11.554111227668034,16.66089918304783,8.617637376191217,1.618437,1.741532,1.0,3.0,tail_2_3,False,True
40833,63924078730,2026-09-03 00:32:10.020,1,7679.5,1,True,11.554111227668034,16.66089918304783,8.050289548197961,1.665437,0.032841,3.0,1.0,tail_1,False,True
40874,63924080600,2026-09-03 01:03:20.168,1,7683.0,5,True,37.45996161818094,51.47309643517351,9.394371502244976,4.380699,-0.545153,4.0,0.0,no_tail,False,True
40956,63924081756,2026-09-03 01:22:36.340,-1,7687.5,2,True,19.17392629060214,29.29486554512588,11.042893061397914,2.519021,1.355809,1.0,3.0,tail_2_3,False,True
40961,63924081959,2026-09-03 01:25:59.320,-1,7687.5,3,True,18.52524527345496,26.83077300010361,3.9676808233141347,2.224977,2.035568,4.0,0.0,no_tail,False,False
40971,63924082277,2026-09-03 01:31:17.936,-1,7687.75,1,False,1.222200944230675,-1.148282842297504,4.163027396446564,0.782334,2.621268,2.0,2.0,tail_2_3,False,True
40973,63924082422,2026-09-03 01:33:42.500,-1,7687.5,1,False,4.163027396446564,5.04196057102987,3.9316416930764237,0.77765,1.730359,4.0,0.0,no_tail,False,True
40975,63924082519,2026-09-03 01:35:19.096,-1,7687.5,1,False,4.163027396446564,5.04196057102987,4.463077751352452,0.765317,1.831062,4.0,0.0,no_tail,False,True
40977,63924082595,2026-09-03 01:36:35.428,-1,7687.75,1,True,4.463077751352452,5.806334746033193,3.4924677387064276,0.706369,2.884806,3.0,1.0,tail_1,False,True
40997,63924084997,2026-09-03 02:16:37.248,-1,7685.5,3,True,29.07551822095518,42.67741893148935,8.288617185882837,3.436962,0.253067,3.0,1.0,tail_1,False,True
40999,63924085158,2026-09-03 02:19:18.508,-1,7685.5,1,True,25.459741992060902,35.33481055889872,7.745610629030425,3.129477,0.467364,4.0,0.0,no_tail,False,True
41155,63924093081,2026-09-03 04:31:21.164,-1,7676.25,1,True,35.97754846699463,51.415760689180416,8.827517686416137,3.519371,1.973444,1.0,3.0,tail_2_3,False,False
41170,63924093632,2026-09-03 04:40:32.176,1,7679.0,3,True,35.142736064964836,54.45155706186839,10.51622680752549,2.274667,1.91307,0.0,4.0,tail_ge4,False,True
41172,63924093753,2026-09-03 04:42:33.104,1,7679.0,1,True,35.142736064964836,54.45155706186839,4.054572321095754,2.018377,1.999724,4.0,0.0,no_tail,False,True
41175,63924093936,2026-09-03 04:45:36.236,1,7678.5,2,True,33.03106334505519,50.983145553528026,1.3842258420979316,1.635191,4.072216,3.0,1.0,tail_1,False,False
41192,63924095040,2026-09-03 05:04:00.200,-1,7676.25,2,True,28.110122421133674,42.81703798557013,4.75332355398852,2.78487,3.337668,2.0,2.0,tail_2_3,False,True
41209,63924095630,2026-09-03 05:13:50.984,1,7677.75,4,True,26.56303433018329,46.71154361646754,7.969460542666371,1.066039,2.666593,0.0,4.0,tail_ge4,False,False
41211,63924095767,2026-09-03 05:16:07.520,1,7677.75,1,True,26.56303433018329,46.71154361646754,3.8009168854673416,1.009439,2.770661,2.0,2.0,tail_2_3,False,False
41318,63924096635,2026-09-03 05:30:35.908,-1,7692.75,1,True,22.488837556700457,38.42998439115074,-3.1888422264449185,0.788317,4.991198,3.0,1.0,tail_1,False,True
41322,63924096642,2026-09-03 05:30:42.512,-1,7691.25,1,True,8.59254351084189,13.355156265075847,10.447605334460981,1.190025,-0.337629,3.0,1.0,tail_1,False,False
41324,63924096645,2026-09-03 05:30:45.828,-1,7692.0,1,True,10.447605334460981,16.615804824429784,6.841493140717088,1.150627,2.804442,1.0,3.0,tail_2_3,False,False
41326,63924096648,2026-09-03 05:30:48.544,-1,7692.0,1,True,10.447605334460981,16.615804824429784,2.0565695802691306,0.998615,2.822555,4.0,0.0,no_tail,False,False
41337,63924096692,2026-09-03 05:31:32.624,1,7693.25,1,True,19.748002667771047,37.703592804329844,2.013613789196514,0.363636,3.493452,3.0,1.0,tail_1,False,True
41349,63924096851,2026-09-03 05:34:11.636,1,7693.75,3,True,23.782831686324855,39.56887458613356,-1.1800497821431384,1.857805,4.485167,3.0,1.0,tail_1,False,False
41363,63924097166,2026-09-03 05:39:26.688,-1,7692.0,1,True,24.39010987662175,43.07675193631425,9.14747415904252,1.797359,2.492003,-0.0,4.0,tail_ge4,False,True
41373,63924097399,2026-09-03 05:43:19.788,-1,7691.0,2,True,19.76586627835927,30.632942687838863,11.505998744671256,2.173662,0.184737,2.0,2.0,tail_2_3,False,True
41378,63924097644,2026-09-03 05:47:24.668,-1,7691.75,3,True,19.76586627835927,30.632942687838863,1.768197357219219,2.006373,3.914432,3.0,1.0,tail_1,False,False
41409,63924098460,2026-09-03 06:01:00.392,1,7697.0,4,True,46.88856752466873,55.82454307787295,1.3525402582201385,6.957341,4.75156,1.0,3.0,tail_2_3,False,True
41411,63924098500,2026-09-03 06:01:40.620,1,7697.25,1,False,43.859073807029205,50.46038023351415,-0.1317036665195905,5.87669,3.734524,3.0,1.0,tail_1,False,True
41417,63924098717,2026-09-03 06:05:17.048,1,7698.0,1,False,3.47001449348437,-12.533054267567403,7.783560605480703,3.701091,0.797721,2.0,2.0,tail_2_3,False,True
41428,63924099006,2026-09-03 06:10:06.160,1,7697.0,2,False,8.04407307324388,0.3284158114230699,-0.30091466727597416,1.197768,4.444183,3.0,1.0,tail_1,False,True
41448,63924099859,2026-09-03 06:24:19.024,1,7700.0,1,True,34.62673416766933,44.53220235380824,8.685359219728522,3.570615,0.406609,3.0,1.0,tail_1,False,True
41598,63924101351,2026-09-03 06:49:11.488,1,7722.75,2,True,27.560116118216953,28.8464420179834,8.058228383332425,5.293646,2.296284,1.0,3.0,tail_2_3,False,False
41643,63924102000,2026-09-03 07:00:00.020,-1,7720.75,1,True,30.298996892300575,44.14497433608531,3.241464683184466,2.089093,2.014862,4.0,0.0,no_tail,False,True
41731,63924102731,2026-09-03 07:12:11.248,-1,7705.0,3,True,38.97124268058104,42.3977457362027,8.911567351084408,7.429198,2.578259,1.0,3.0,tail_2_3,False,False
41788,63924103537,2026-09-03 07:25:37.684,1,7711.75,4,True,35.61114720828123,43.67525050330684,7.908611704264962,5.721962,2.358917,1.0,3.0,tail_2_3,False,True
41802,63924103813,2026-09-03 07:30:13.524,1,7712.25,2,True,21.93011024586657,21.90420452688708,0.8809104881799658,3.74457,3.958877,3.0,1.0,tail_1,False,True
41822,63924104022,2026-09-03 07:33:42.928,-1,7710.75,1,True,23.370975242802334,42.58793754337373,3.1676698730068886,0.768873,1.725152,4.0,0.0,no_tail,False,True
41834,63924104178,2026-09-03 07:36:18.576,-1,7709.0,1,True,40.72590629724339,56.95640083603935,13.235265371855577,4.046713,0.746952,-0.0,4.0,tail_ge4,False,True
41846,63924104309,2026-09-03 07:38:29.580,-1,7709.5,3,True,17.326599034708998,17.3273648353848,-2.891819159630385,2.603922,4.855838,4.0,0.0,no_tail,False,True
41857,63924104444,2026-09-03 07:40:44.176,-1,7707.75,2,True,17.480257323934243,22.548224908721085,10.108415167388387,2.866436,0.459492,2.0,2.0,tail_2_3,False,True
41879,63924104728,2026-09-03 07:45:28.604,-1,7707.25,1,True,17.043514437893666,30.463701993112213,11.330939385063928,1.589698,-0.393675,3.0,1.0,tail_1,False,True
41884,63924104767,2026-09-03 07:46:07.640,-1,7708.25,3,True,14.701799966289524,22.062253246370155,-0.37318123335453035,1.467278,4.153772,3.0,1.0,tail_1,False,True
41886,63924104802,2026-09-03 07:46:42.460,-1,7708.25,1,True,14.701799966289524,22.062253246370155,1.9016740612538003,1.306815,4.218842,-0.0,4.0,tail_ge4,False,False
41889,63924104839,2026-09-03 07:47:19.396,-1,7708.25,1,True,14.701799966289524,22.062253246370155,3.038941816981697,1.16075,4.378109,1.0,3.0,tail_2_3,False,False
41906,63924105050,2026-09-03 07:50:50.572,1,7711.5,3,True,27.765728323182785,42.82213458375219,11.55535782576207,3.44282,-0.822766,4.0,0.0,no_tail,False,False
41964,63924105458,2026-09-03 07:57:38.996,1,7709.25,2,True,19.27854371942808,38.96103624136547,10.482473866143145,1.053175,0.941003,2.0,2.0,tail_2_3,False,True
42084,63924108091,2026-09-03 08:41:31.092,1,7750.5,3,False,29.56080910765577,-9.926467879482065,1.9218960389291266,8.879361,3.198005,4.0,0.0,no_tail,False,True
42138,63924110186,2026-09-03 09:16:26.540,-1,7752.5,4,True,29.623368420294383,48.01151113787189,5.698793367772918,1.95196,0.999506,4.0,0.0,no_tail,False,True
42146,63924110558,2026-09-03 09:22:38.176,-1,7753.0,2,True,6.744624524312295,4.937864676520312,1.690422396522559,1.239048,3.306206,3.0,1.0,tail_1,False,True
42158,63924111270,2026-09-03 09:34:30.672,-1,7751.0,2,True,31.115236973932625,46.04553629664966,13.497105713373447,3.490745,-0.019902,1.0,3.0,tail_2_3,False,True
42183,63924112488,2026-09-03 09:54:48.628,1,7754.5,2,True,31.664957285824915,45.2806263289317,0.7185277998312861,3.463621,4.358725,2.0,2.0,tail_2_3,False,True
42187,63924112820,2026-09-03 10:00:20.108,1,7756.0,1,True,24.827526469002848,30.955161391691814,11.183091269581796,3.101491,-0.983815,4.0,0.0,no_tail,False,False
42210,63924114480,2026-09-03 10:28:00.528,-1,7750.75,4,True,35.5987745693958,49.54898689999511,13.467558811073733,4.267223,-0.980402,2.0,2.0,tail_2_3,False,False
42212,63924114554,2026-09-03 10:29:14.688,-1,7751.25,1,True,35.5987745693958,49.54898689999511,8.99356613547499,3.845256,1.250309,2.0,2.0,tail_2_3,False,False
42274,63924118347,2026-09-03 11:32:27.152,1,7762.75,2,True,21.529168205678495,7.581882794456721,10.16571274513081,6.24044,0.11512,2.0,2.0,tail_2_3,False,True
42279,63924119048,2026-09-03 11:44:08.520,1,7762.25,3,True,20.414998147172618,7.581882794456721,2.4855348540405307,4.793638,2.966212,4.0,0.0,no_tail,False,True
42294,63924120601,2026-09-03 12:10:01.012,1,7762.0,1,False,0.17967897556989645,-10.568577259323845,0.4527036317451299,1.43541,4.480933,1.0,3.0,tail_2_3,False,False
42301,63924121217,2026-09-03 12:20:17.736,-1,7760.5,2,True,19.565484356251897,37.37534114170459,10.583636710649476,0.596248,1.244228,-0.0,4.0,tail_ge4,False,True
42303,63924121323,2026-09-03 12:22:03.572,-1,7760.0,1,True,19.565484356251897,37.37534114170459,9.84320527510035,0.874325,-0.388546,2.0,2.0,tail_2_3,False,True
42309,63924121852,2026-09-03 12:30:52.348,-1,7759.75,3,True,24.51020302107964,39.71867245026616,9.294627541102292,2.023523,0.470255,3.0,1.0,tail_1,False,True
42311,63924122008,2026-09-03 12:33:28.348,-1,7759.75,1,True,24.51020302107964,39.71867245026616,7.265707757347367,1.916482,0.667852,4.0,0.0,no_tail,False,True
42314,63924122350,2026-09-03 12:39:10.816,-1,7759.75,1,True,24.51020302107964,39.71867245026616,7.8403977054814,1.884904,1.080958,3.0,1.0,tail_1,False,True
42316,63924122464,2026-09-03 12:41:04.328,-1,7759.75,1,True,14.142534993476815,19.837415874200616,5.910962904846835,1.75231,1.231595,4.0,0.0,no_tail,False,True
42352,63924123598,2026-09-03 12:59:58.076,-1,7756.25,4,True,34.605261515981915,41.592815450571415,2.799533615054652,5.371566,2.837012,4.0,0.0,no_tail,False,True
42354,63924123600,2026-09-03 13:00:00.680,-1,7756.25,1,True,34.605261515981915,41.592815450571415,2.701821606743199,4.604642,2.890298,3.0,1.0,tail_1,False,True
42392,63924132037,2026-09-03 15:20:37.892,-1,7750.5,2,True,20.977489726289143,9.932842437814106,11.289657148776044,6.355487,0.930459,1.0,3.0,tail_2_3,False,False
42407,63924138184,2026-09-03 17:03:04.804,-1,7751.5,2,False,1.9781334954109426,-1.6450062465760198,-0.3907511580911488,0.948687,3.187652,4.0,0.0,no_tail,False,False
42426,63924142652,2026-09-03 18:17:32.132,1,7754.25,2,True,29.45393849107037,45.04145212579907,7.097559744119577,2.653047,0.737992,4.0,0.0,no_tail,False,True
42435,63924144971,2026-09-03 18:56:11.692,1,7755.0,2,True,25.10810153485399,34.33458675699388,10.64319561236533,3.512673,0.87271,2.0,2.0,tail_2_3,False,True
42482,63924162200,2026-09-03 23:43:20.224,1,7760.5,4,True,31.234968460963202,32.24520448871608,3.1156492383707035,5.549261,2.71993,3.0,1.0,tail_1,False,False
42493,63924164174,2026-09-04 00:16:14.460,-1,7758.25,3,False,31.410409203867165,56.633659675043944,8.801183675961582,0.501544,2.317641,-0.0,4.0,tail_ge4,False,True
42497,63924164618,2026-09-04 00:23:38.532,-1,7758.25,2,True,29.27324623336805,52.02314669395516,3.6424579715996077,0.780293,2.809885,4.0,0.0,no_tail,False,True
42504,63924165521,2026-09-04 00:38:41.840,1,7760.5,1,True,15.960529492627119,31.39844406882126,15.364744848644351,0.495631,-0.837627,1.0,3.0,tail_2_3,False,True
42510,63924166599,2026-09-04 00:56:39.740,1,7760.0,3,True,25.846661485993227,42.37323886212497,5.765501040972354,1.666137,2.918546,2.0,2.0,tail_2_3,False,True
42514,63924166969,2026-09-04 01:02:49.000,1,7760.25,1,True,25.846661485993227,42.37323886212497,4.915191220086903,1.535608,2.297381,3.0,1.0,tail_1,False,False
42517,63924167163,2026-09-04 01:06:03.100,1,7759.75,2,True,12.075306028271262,16.734841576117287,-0.669337043174097,1.159619,4.262332,4.0,0.0,no_tail,False,True
42519,63924167464,2026-09-04 01:11:04.132,1,7760.0,1,False,6.863783951978086,6.343486930963434,1.6872166196979812,1.042947,3.320592,2.0,2.0,tail_2_3,False,True
42522,63924167624,2026-09-04 01:13:44.944,1,7760.0,1,True,5.91315483721015,7.104405396586432,5.682832651380007,1.088408,3.619123,0.0,4.0,tail_ge4,False,True
42525,63924168374,2026-09-04 01:26:14.272,1,7760.25,1,True,5.91315483721015,7.104405396586432,2.981042187467552,0.997418,2.775352,3.0,1.0,tail_1,False,True
42529,63924169262,2026-09-04 01:41:02.704,1,7760.5,2,True,10.02302315558697,15.458179782794756,7.064908449057924,1.261878,2.391259,1.0,3.0,tail_2_3,False,True
42532,63924169650,2026-09-04 01:47:30.088,1,7761.0,1,True,10.02302315558697,15.458179782794756,8.42591416100185,1.405104,0.835646,3.0,1.0,tail_1,False,True
42534,63924170048,2026-09-04 01:54:08.272,1,7761.25,1,True,10.02302315558697,15.458179782794756,8.60628580154682,1.477653,0.119718,3.0,1.0,tail_1,False,True
42551,63924173974,2026-09-04 02:59:34.872,-1,7758.5,1,True,29.536816142463227,49.43565958844702,10.358108162582838,1.767856,1.326951,1.0,3.0,tail_2_3,False,False
42553,63924174804,2026-09-04 03:13:24.124,-1,7759.25,1,True,29.536816142463227,49.43565958844702,3.1289785912904824,1.512018,4.341027,1.0,3.0,tail_2_3,False,False
42560,63924175652,2026-09-04 03:27:32.208,1,7761.25,2,False,20.128289464630942,38.31381531275336,11.206469005807207,0.528778,-0.673714,4.0,0.0,no_tail,False,True
42563,63924176353,2026-09-04 03:39:13.988,1,7760.5,2,True,20.128289464630942,38.31381531275336,5.699776700511814,0.692277,2.625711,2.0,2.0,tail_2_3,False,True
42576,63924179386,2026-09-04 04:29:46.404,-1,7759.25,2,False,13.810758465103914,30.66296689448676,8.737310019863044,0.063163,2.011346,1.0,3.0,tail_2_3,False,False
42686,63924183001,2026-09-04 05:30:01.196,-1,7750.25,3,True,40.25805973389086,43.2112072258985,17.495129446134637,8.033207,0.158063,-1.0,5.0,tail_ge4,False,True
42692,63924183001,2026-09-04 05:30:01.200,-1,7750.0,2,True,34.55969238326878,34.10386696517975,12.818536146282582,6.809158,1.567401,-0.0,4.0,tail_ge4,False,True
42735,63924183001,2026-09-04 05:30:01.644,-1,7742.5,1,True,33.54172469755272,33.06895608684598,12.114163564834165,6.097902,-0.395977,2.0,2.0,tail_2_3,False,True
42739,63924183001,2026-09-04 05:30:01.648,-1,7742.5,2,True,17.391530128405336,8.208183541109998,9.116345643658496,5.185326,0.532323,4.0,0.0,no_tail,False,True
42742,63924183001,2026-09-04 05:30:01.652,-1,7743.25,1,False,17.391530128405336,8.208183541109998,4.4871473323417295,4.250783,3.767754,2.0,2.0,tail_2_3,False,True
42775,63924183001,2026-09-04 05:30:01.720,-1,7743.0,4,True,34.575284721210664,53.02918126870175,4.1546682124580085,2.20986,4.558294,1.0,3.0,tail_2_3,False,True
42777,63924183001,2026-09-04 05:30:01.724,-1,7743.0,1,True,34.575284721210664,53.02918126870175,-0.4461341199118417,1.832463,4.516903,2.0,2.0,tail_2_3,False,True
42802,63924183001,2026-09-04 05:30:01.860,-1,7739.5,2,True,26.019779531234104,33.68324437922863,16.670644629448304,4.403908,-0.777902,1.0,3.0,tail_2_3,False,True
42806,63924183001,2026-09-04 05:30:01.860,-1,7739.25,2,True,22.926936479535573,26.831016323926903,13.312697921291369,4.199252,-0.606153,3.0,1.0,tail_1,False,True
42810,63924183001,2026-09-04 05:30:01.872,-1,7739.5,2,True,19.5117475211869,20.00359706463043,10.183549274959224,3.880323,1.387889,2.0,2.0,tail_2_3,False,True
42875,63924183008,2026-09-04 05:30:08.192,-1,7736.75,2,True,15.787436877911396,29.026828709807177,6.829669128905381,0.960207,2.809395,1.0,3.0,tail_2_3,False,False
42877,63924183008,2026-09-04 05:30:08.192,-1,7736.5,1,True,15.787436877911396,29.026828709807177,3.510429562020807,0.913771,1.904021,4.0,0.0,no_tail,False,False
42885,63924183010,2026-09-04 05:30:10.160,1,7738.25,1,False,7.081911774087036,17.442510141185288,9.01093021401076,0.198567,1.90934,0.0,4.0,tail_ge4,False,False
42887,63924183010,2026-09-04 05:30:10.224,1,7737.75,1,True,9.01093021401076,18.364102086718923,4.719863355818209,0.28765,-0.969118,-1.0,0.0,no_tail,False,False
42898,63924183013,2026-09-04 05:30:13.324,-1,7736.25,2,True,18.77180146827714,34.16782399226666,6.495120107942245,1.351443,1.962213,3.0,1.0,tail_1,False,True
42904,63924183017,2026-09-04 05:30:17.160,-1,7736.0,2,True,20.14552857028161,31.813809642581028,9.006607981277034,2.084068,2.538269,1.0,3.0,tail_2_3,False,False
42906,63924183017,2026-09-04 05:30:17.752,-1,7735.75,1,True,20.14552857028161,31.813809642581028,4.832522459726343,1.921726,1.69142,3.0,1.0,tail_1,False,False
42909,63924183019,2026-09-04 05:30:19.960,-1,7736.5,2,True,20.14552857028161,31.813809642581028,-0.08128355800830245,1.489486,4.687163,2.0,2.0,tail_2_3,False,True
42938,63924183036,2026-09-04 05:30:36.932,1,7741.25,3,True,31.311647409416643,39.240529170867475,12.42097119206529,5.242965,-0.861054,3.0,1.0,tail_1,False,True
42947,63924183046,2026-09-04 05:30:46.204,1,7741.75,2,True,27.563298171679136,32.569300924501924,10.569167853881398,4.691253,0.263994,2.0,2.0,tail_2_3,False,False
42949,63924183047,2026-09-04 05:30:47.352,1,7741.5,1,True,27.563298171679136,32.569300924501924,7.692649240646827,4.185408,1.475913,2.0,2.0,tail_2_3,False,False
42952,63924183053,2026-09-04 05:30:53.720,1,7741.0,2,True,20.11475140788646,17.1811207158563,0.44177990209111007,3.284783,3.499044,3.0,1.0,tail_1,False,False
42971,63924183093,2026-09-04 05:31:33.372,1,7742.0,2,True,20.524962088217396,32.18149578886924,7.463924429819599,2.048756,0.905188,4.0,0.0,no_tail,False,False
42973,63924183095,2026-09-04 05:31:35.576,1,7742.0,1,True,20.524962088217396,32.18149578886924,6.301602252760364,1.904477,1.069341,4.0,0.0,no_tail,False,False
42976,63924183101,2026-09-04 05:31:41.880,1,7741.0,2,True,20.524962088217396,32.18149578886924,-2.3354567634282453,1.363312,4.946988,4.0,0.0,no_tail,False,False
42984,63924183124,2026-09-04 05:32:04.424,-1,7739.5,1,False,9.061224444243363,21.84341406249889,8.80304881427966,0.112664,0.050096,2.0,2.0,tail_2_3,False,True
43006,63924183198,2026-09-04 05:33:18.772,-1,7737.5,2,True,20.91385651410537,22.757984254280327,7.765861469481898,3.950289,1.432244,3.0,1.0,tail_1,False,True
43017,63924183255,2026-09-04 05:34:15.912,-1,7738.25,1,False,11.660178921457675,5.988425792057948,-2.8279600488244614,1.460958,4.522501,3.0,1.0,tail_1,False,True
43030,63924183357,2026-09-04 05:35:57.520,1,7739.75,2,False,8.607480736215404,20.61395738427841,7.954474818004783,0.199481,0.379999,4.0,0.0,no_tail,False,True
43033,63924183384,2026-09-04 05:36:24.184,1,7739.75,1,True,12.350059129438211,23.173894766020414,11.87975243397428,0.749837,1.011093,0.0,4.0,tail_ge4,False,False
43036,63924183411,2026-09-04 05:36:51.176,1,7739.0,2,True,12.350059129438211,23.173894766020414,-0.7423589701250755,0.547218,3.972221,4.0,0.0,no_tail,False,True
43042,63924183476,2026-09-04 05:37:56.072,1,7740.0,1,False,7.050687893740795,11.437248582905564,7.239019953766858,0.476863,0.051869,3.0,1.0,tail_1,False,True
43052,63924183533,2026-09-04 05:38:53.188,1,7740.25,3,True,26.39992441317958,41.662730359830384,9.040661389556531,2.423056,2.216899,0.0,4.0,tail_ge4,False,True
43055,63924183547,2026-09-04 05:39:07.680,1,7739.75,2,True,26.39992441317958,41.662730359830384,0.915355883987364,1.926808,4.26483,3.0,1.0,tail_1,False,True
43057,63924183551,2026-09-04 05:39:11.624,1,7740.0,1,True,24.88482513195572,38.37743990614417,0.24293264940716114,1.62026,3.247542,4.0,0.0,no_tail,False,True
43063,63924183576,2026-09-04 05:39:36.648,1,7740.75,3,True,18.2846570934584,27.831305837537027,5.230960828434869,1.986431,1.513464,4.0,0.0,no_tail,False,True
43065,63924183623,2026-09-04 05:40:23.920,1,7741.0,1,True,18.2846570934584,27.831305837537027,6.4015104785565855,1.881773,0.707738,4.0,0.0,no_tail,False,True
43110,63924184219,2026-09-04 05:50:19.772,-1,7736.25,2,True,30.919753336758454,31.906062703865015,2.113255468806792,5.356315,3.772561,3.0,1.0,tail_1,False,True
43136,63924184776,2026-09-04 05:59:36.764,1,7738.25,1,True,8.202346153838686,16.529554657066743,10.801020785475952,0.452172,1.151819,0.0,4.0,tail_ge4,False,False
43145,63924184933,2026-09-04 06:02:13.636,-1,7737.0,2,True,13.38943030031173,26.26375893378145,0.043926755688975215,0.540186,4.942783,3.0,1.0,tail_1,False,True
43168,63924185681,2026-09-04 06:14:41.588,1,7738.25,1,True,7.543521459375787,15.257361735450104,9.450131711713073,0.409694,0.737819,2.0,2.0,tail_2_3,False,True
43175,63924185941,2026-09-04 06:19:01.972,1,7739.25,2,True,25.04994465771091,40.37061209453612,16.128741188936942,2.180494,-0.8562,1.0,3.0,tail_2_3,False,True
43245,63924187024,2026-09-04 06:37:04.008,1,7747.5,4,True,32.867742011350494,34.5291123627429,10.424404558953027,6.496953,0.978719,1.0,3.0,tail_2_3,False,False
43247,63924187037,2026-09-04 06:37:17.936,1,7747.0,1,True,32.867742011350494,34.5291123627429,4.65369221670925,5.582222,3.058787,2.0,2.0,tail_2_3,False,True
43250,63924187076,2026-09-04 06:37:56.012,1,7747.0,2,False,28.59851158980971,25.63858430200764,2.7515942329381122,4.48504,3.20297,2.0,2.0,tail_2_3,False,False
43255,63924187119,2026-09-04 06:38:39.352,1,7746.5,1,False,4.65369221670925,-17.623317703380145,-3.6274687725538715,2.634729,4.838776,4.0,0.0,no_tail,False,True
43262,63924187206,2026-09-04 06:40:06.740,1,7747.25,1,False,2.123859775020397,-3.782434233333525,5.024373493957802,1.586285,1.932126,3.0,1.0,tail_1,False,False
43272,63924187313,2026-09-04 06:41:53.312,-1,7745.25,3,True,23.776370340707594,42.154249318738756,6.436589850655779,0.957972,2.319746,2.0,2.0,tail_2_3,False,True
43316,63924188001,2026-09-04 06:53:21.484,-1,7744.0,2,True,15.322401734343243,29.218168682656582,8.524190724418736,0.657732,2.420953,1.0,3.0,tail_2_3,False,False
43321,63924188113,2026-09-04 06:55:13.392,1,7746.0,1,False,10.79357573635937,22.549462959801716,11.102637207650254,0.276024,0.356998,2.0,2.0,tail_2_3,False,True
43323,63924188146,2026-09-04 06:55:46.316,1,7745.75,1,True,11.102637207650254,22.549462959801716,6.778751432385057,0.405302,1.524088,3.0,1.0,tail_1,False,True
43327,63924188288,2026-09-04 06:58:08.996,1,7746.5,2,True,13.408732265450578,24.174612404219253,10.279506558528851,1.080689,-0.59944,4.0,0.0,no_tail,False,False
43337,63924188463,2026-09-04 07:01:03.948,-1,7744.5,2,False,8.896430814652435,20.46483669726603,2.5155006949214753,0.093092,3.300089,2.0,2.0,tail_2_3,False,True
43354,63924188763,2026-09-04 07:06:03.592,-1,7742.25,1,True,18.341460128169857,25.308218332677942,13.164882073190114,2.975107,-0.195911,1.0,3.0,tail_2_3,False,True
43356,63924188793,2026-09-04 07:06:33.380,-1,7742.0,1,True,16.364700482207105,20.299030696792244,10.163122212045842,2.849708,-0.870197,4.0,0.0,no_tail,False,True
43359,63924188829,2026-09-04 07:07:09.628,-1,7742.0,1,True,16.364700482207105,20.151520961832556,13.108734696292082,2.881397,-0.171591,1.0,3.0,tail_2_3,False,True
43386,63924189316,2026-09-04 07:15:16.592,-1,7737.75,2,True,52.20375412318175,62.457858484963204,8.113267384086297,8.128786,1.940038,2.0,2.0,tail_2_3,False,True
43427,63924190217,2026-09-04 07:30:17.396,-1,7734.0,5,True,32.18062019816292,38.49069057433397,-2.9890418438840087,4.43453,4.575759,4.0,0.0,no_tail,False,True
43437,63924190403,2026-09-04 07:33:23.440,-1,7732.25,2,True,26.517300094118912,33.454866819938374,7.251725246432197,4.047426,0.673669,4.0,0.0,no_tail,False,True
43449,63924190691,2026-09-04 07:38:11.800,-1,7731.75,2,True,19.76877550265712,21.459260246046718,7.899992495224766,3.381931,1.696218,3.0,1.0,tail_1,False,True
43451,63924190722,2026-09-04 07:38:42.016,-1,7732.5,1,True,16.873180211991436,17.551260182773913,2.300677920236855,2.849846,4.681899,1.0,3.0,tail_2_3,False,True
43453,63924190813,2026-09-04 07:40:13.640,-1,7732.25,1,False,16.873180211991436,17.551260182773913,0.7444212709833236,2.441372,3.707897,2.0,2.0,tail_2_3,False,True
43455,63924190851,2026-09-04 07:40:51.052,-1,7732.0,1,False,16.873180211991436,17.551260182773913,1.4945460223733067,2.098508,2.733434,4.0,0.0,no_tail,False,True
43457,63924190891,2026-09-04 07:41:31.064,-1,7731.0,1,False,7.899992495224766,-0.8573864357188868,8.038156010253251,2.113175,-0.935419,4.0,0.0,no_tail,False,True
43536,63924192403,2026-09-04 08:06:43.140,-1,7716.75,2,True,30.27792105149562,21.92577136644232,10.337481816877073,6.473176,-0.290886,3.0,1.0,tail_1,False,False
43539,63924192467,2026-09-04 08:07:47.304,-1,7717.75,2,False,18.979528196928662,-0.7170765345468121,2.011401084590572,5.135539,3.814472,3.0,1.0,tail_1,False,True
43545,63924192576,2026-09-04 08:09:36.572,-1,7718.0,1,False,8.480850600932058,-13.676324713108555,0.3403329275701833,2.891325,4.51405,2.0,2.0,tail_2_3,False,True
43548,63924192612,2026-09-04 08:10:12.196,-1,7717.75,1,False,0.3403329275701833,-12.499053613506339,1.0506104367226377,2.30448,3.569069,3.0,1.0,tail_1,False,True
43552,63924192693,2026-09-04 08:11:33.840,-1,7718.0,2,False,6.811894355586893,3.134081739590376,0.41427946327582926,1.838156,4.80374,2.0,2.0,tail_2_3,False,False
43587,63924193783,2026-09-04 08:29:43.700,-1,7715.75,4,True,23.176670956473735,31.03936071532778,4.412048066984151,3.271751,1.532025,4.0,0.0,no_tail,False,True
43589,63924193813,2026-09-04 08:30:13.292,-1,7715.75,1,True,22.35880306192876,28.971252567239873,5.619434932076894,2.92746,1.685656,3.0,1.0,tail_1,False,True
43602,63924194051,2026-09-04 08:34:11.724,-1,7714.5,3,True,28.133653475531204,38.809070779476116,5.870673613499123,3.67195,1.261372,3.0,1.0,tail_1,False,True
43638,63924195442,2026-09-04 08:57:22.092,1,7719.75,2,True,24.37838585890715,29.377944855790943,15.433054331578315,4.408625,0.758777,-1.0,5.0,tail_ge4,False,True
43761,63924202874,2026-09-04 11:01:14.928,-1,7716.75,2,True,28.777233932327327,19.58488052937942,14.966716034350448,7.177243,-0.99534,2.0,2.0,tail_2_3,False,True
43830,63924208249,2026-09-04 12:30:49.036,1,7721.5,2,False,11.424111076174336,24.123407889557292,6.2279292149524625,0.212218,1.433097,3.0,1.0,tail_1,False,True
43837,63924208977,2026-09-04 12:42:57.364,-1,7720.25,1,False,6.554616942094531,14.333021122371925,4.81583456423537,0.022021,3.644966,1.0,3.0,tail_2_3,False,False
43838,63924209059,2026-09-04 12:44:19.040,1,7721.0,1,False,8.671548033147932,16.358511251454363,-0.1441558771010937,0.046829,3.419543,3.0,1.0,tail_1,False,True
43841,63924209167,2026-09-04 12:46:07.208,1,7722.0,1,True,6.404528248781,12.467957389611891,9.097799999471876,0.496684,-0.100054,4.0,0.0,no_tail,False,True
43859,63924209755,2026-09-04 12:55:55.200,1,7724.0,3,True,30.459104389129244,41.808982497186896,10.471984581573947,4.13478,-0.361032,4.0,0.0,no_tail,False,True
43872,63924209998,2026-09-04 12:59:58.060,1,7722.5,1,False,-1.2231936188634556,-5.741905552044557,0.3225336345727889,0.546537,4.534406,1.0,3.0,tail_2_3,False,True
43880,63924210161,2026-09-04 13:02:41.040,-1,7721.5,2,False,10.798367146956082,22.603068792267337,7.084996313846267,0.280927,2.049754,2.0,2.0,tail_2_3,False,True
43943,63924397773,2026-09-06 17:09:33.056,1,7721.75,2,True,15.359346346622589,26.311536155082443,8.588883711046192,1.28502,0.767231,3.0,1.0,tail_1,False,True
43946,63924397931,2026-09-06 17:12:11.912,1,7722.25,1,True,15.359346346622589,26.311536155082443,11.160224489051236,1.567362,-0.640915,3.0,1.0,tail_1,False,False
43949,63924398323,2026-09-06 17:18:43.444,1,7721.0,2,True,15.359346346622589,26.311536155082443,4.857780300895083,1.451814,-0.385953,-1.0,0.0,no_tail,False,False
43959,63924400243,2026-09-06 17:50:43.052,-1,7718.75,2,True,25.245690034606362,41.87614183018763,14.324343566050501,1.748305,-0.393469,2.0,2.0,tail_2_3,False,True
43968,63924401145,2026-09-06 18:05:45.744,-1,7719.5,2,True,23.291620097112958,35.58205280446607,-0.6842318673244477,2.077532,4.588543,4.0,0.0,no_tail,False,True
44049,63924418810,2026-09-06 23:00:10.728,1,7716.5,2,True,32.57206790655016,54.74069826201796,2.8164524638615,0.97475,4.456647,2.0,2.0,tail_2_3,False,False
44087,63924423728,2026-09-07 00:22:08.028,1,7723.25,3,True,48.689845464597745,58.76806775124362,16.049115941597417,7.988103,-0.82077,1.0,3.0,tail_2_3,False,True
44097,63924424697,2026-09-07 00:38:17.072,1,7722.25,1,False,19.01244892710006,4.791711522966104,2.2862625062805195,3.903496,4.034584,2.0,2.0,tail_2_3,False,False
44114,63924425670,2026-09-07 00:54:30.164,1,7721.75,3,True,18.18224888254669,35.20812001925209,0.8249258254975563,0.268076,3.328632,4.0,0.0,no_tail,False,True
44125,63924426063,2026-09-07 01:01:03.868,1,7723.0,2,True,18.471518661535942,31.985657199958894,7.914757355055238,1.945138,1.049848,3.0,1.0,tail_1,False,True
44127,63924426195,2026-09-07 01:03:15.792,1,7723.0,1,True,17.447933350475346,28.718040980658394,5.980113749046361,1.805678,1.202878,4.0,0.0,no_tail,False,True
44140,63924427139,2026-09-07 01:18:59.068,1,7722.5,1,False,14.071253699981174,18.91870676083069,2.1842786342324225,0.930845,4.089622,1.0,3.0,tail_2_3,False,True
44144,63924427516,2026-09-07 01:25:16.632,1,7722.5,2,True,6.367180835776136,8.401393264624645,-0.0016806762116951418,0.851736,4.321314,3.0,1.0,tail_1,False,False
44146,63924428115,2026-09-07 01:35:15.480,1,7722.5,1,False,6.367180835776136,8.401393264624645,0.08655475838976011,0.701125,4.298145,2.0,2.0,tail_2_3,False,False
44152,63924429448,2026-09-07 01:57:28.208,-1,7721.0,2,True,17.295334997889345,33.17965605589371,9.021288247473095,0.591605,0.905508,3.0,1.0,tail_1,False,True
44175,63924434635,2026-09-07 03:23:55.304,-1,7719.0,3,True,23.478005581949002,26.385519171692092,4.125789670050772,3.882232,2.623579,3.0,1.0,tail_1,False,True
44244,63924440836,2026-09-07 05:07:16.060,-1,7707.75,2,True,30.5757830369424,34.105438264121474,11.24512954170753,5.788369,-0.690197,4.0,0.0,no_tail,False,True
44257,63924442939,2026-09-07 05:42:19.148,-1,7706.5,2,True,32.400900055379104,39.07047481728562,10.611241862010344,5.046998,-0.420201,4.0,0.0,no_tail,False,True
44270,63924444049,2026-09-07 06:00:49.692,1,7710.25,2,True,32.69867768635696,55.53688088049732,11.408623401497817,0.979942,-0.746975,3.0,1.0,tail_1,False,True
44298,63924446487,2026-09-07 06:41:27.924,1,7713.25,1,True,38.453979291095635,47.83321596303332,9.229141952338196,5.354523,1.151098,2.0,2.0,tail_2_3,False,True
44306,63924447385,2026-09-07 06:56:25.048,1,7714.0,1,True,15.107652606918252,9.758194075247388,11.971679612673043,4.192944,-0.001661,1.0,3.0,tail_2_3,False,True
44308,63924447603,2026-09-07 07:00:03.132,1,7713.0,1,True,15.107652606918252,9.758194075247388,6.066848748838893,3.661664,-0.886962,-1.0,0.0,no_tail,False,True
44333,63924450323,2026-09-07 07:45:23.448,-1,7710.75,2,True,33.70497946998965,52.02887340921129,8.469864566259941,2.492493,1.457377,3.0,1.0,tail_1,False,True
44359,63924453634,2026-09-07 08:40:34.876,-1,7707.5,2,True,30.928186205237296,34.43931592421474,7.18405569613236,5.06766,1.675268,3.0,1.0,tail_1,False,True
44361,63924453935,2026-09-07 08:45:35.288,-1,7706.75,1,True,21.741454355352662,15.431847588976316,9.629482147295887,4.666649,-0.951435,3.0,1.0,tail_1,False,True
44363,63924454391,2026-09-07 08:53:11.748,-1,7706.75,1,True,18.88944202421822,10.81200340184937,10.38575355745285,4.262676,-0.644519,4.0,0.0,no_tail,False,True
44366,63924454871,2026-09-07 09:01:11.088,-1,7707.25,2,True,12.014659914651606,0.2800595398690219,6.350202940824045,3.633033,1.689342,4.0,0.0,no_tail,False,False
44368,63924455245,2026-09-07 09:07:25.932,-1,7707.25,1,False,10.38575355745285,0.2800595398690219,5.2689897181581316,3.221182,1.830877,3.0,1.0,tail_1,False,False
44379,63924461295,2026-09-07 10:48:15.304,-1,7707.5,2,False,9.755226057193397,13.568811379909544,5.361996876719099,1.396179,2.752626,3.0,1.0,tail_1,False,True
44484,63924485212,2026-09-07 17:26:52.532,-1,7707.25,4,False,27.137317684265202,48.00518535459517,11.600814406711006,1.096215,-0.496002,2.0,2.0,tail_2_3,False,False
44500,63924487281,2026-09-07 18:01:21.496,1,7710.5,2,True,28.229275574514254,45.9156099130986,11.167945187695302,2.72718,2.288899,-1.0,5.0,tail_ge4,False,False
44612,63924503122,2026-09-07 22:25:22.536,1,7720.5,3,False,15.871228503901351,31.727064876618627,3.5880531812707064,0.357147,1.551951,4.0,0.0,no_tail,False,False
44710,63924507531,2026-09-07 23:38:51.972,-1,7698.75,4,True,34.895362252001775,37.43164758155926,7.164502954942839,6.676475,0.71007,4.0,0.0,no_tail,False,False
44724,63924508516,2026-09-07 23:55:16.368,1,7702.25,3,True,26.938402353216638,51.74158140281277,15.25793056601252,1.155623,0.195904,-1.0,5.0,tail_ge4,False,True
44726,63924508548,2026-09-07 23:55:48.120,1,7702.25,1,True,26.938402353216638,47.35337700993716,7.871733957789464,1.202936,0.414597,4.0,0.0,no_tail,False,True
44732,63924508852,2026-09-08 00:00:52.048,1,7702.75,1,True,17.376501942846264,26.97245335807846,12.052439085278584,2.003168,-0.049384,2.0,2.0,tail_2_3,False,True
44771,63924510372,2026-09-08 00:26:12.624,1,7704.75,1,False,6.012227060059265,0.5530780787860607,5.415682764560209,1.530729,-0.936995,-1.0,0.0,no_tail,False,False
44839,63924512775,2026-09-08 01:06:15.548,-1,7692.25,4,True,37.94368500013392,39.66932491994421,1.4117877945705357,6.787824,3.753856,2.0,2.0,tail_2_3,False,False
44853,63924512946,2026-09-08 01:09:06.996,-1,7692.5,1,False,8.621595330793884,13.741218171938854,8.288317958640631,1.024276,2.212926,-0.0,4.0,tail_ge4,False,True
44856,63924513037,2026-09-08 01:10:37.344,-1,7691.75,1,True,11.934828466206088,18.984105094239045,13.619910444316893,1.486882,-0.060192,-0.0,4.0,tail_ge4,False,True
44863,63924513165,2026-09-08 01:12:45.884,-1,7691.25,2,True,20.958372133892595,31.607255029469606,13.358555180564233,2.512918,0.04025,1.0,3.0,tail_2_3,False,True
44865,63924513221,2026-09-08 01:13:41.768,-1,7691.0,1,True,20.958372133892595,31.607255029469606,10.345836183184062,2.476319,-0.614518,3.0,1.0,tail_1,False,True
44874,63924513414,2026-09-08 01:16:54.000,1,7694.0,2,False,18.846552080197547,38.9287349693745,8.695735604216223,0.046646,0.082152,3.0,1.0,tail_1,False,False
44876,63924513440,2026-09-08 01:17:20.328,1,7693.75,1,True,18.846552080197547,38.9287349693745,7.387228562038214,0.232239,1.270376,3.0,1.0,tail_1,False,True
44879,63924513537,2026-09-08 01:18:57.632,1,7693.5,2,True,18.846552080197547,38.9287349693745,4.4195662754495775,0.399982,2.502246,3.0,1.0,tail_1,False,False
44881,63924513564,2026-09-08 01:19:24.948,1,7693.5,1,True,11.310152842214512,24.433564812721716,2.734749747428643,0.38645,2.543596,4.0,0.0,no_tail,False,False
44888,63924513855,2026-09-08 01:24:15.500,-1,7692.0,2,True,10.404156471296192,20.93058629524229,4.546896795599652,0.358474,2.129549,3.0,1.0,tail_1,False,False
44890,63924513889,2026-09-08 01:24:49.576,-1,7692.25,1,True,10.404156471296192,20.93058629524229,2.8233875257780094,0.339121,3.160341,3.0,1.0,tail_1,False,False
44893,63924513956,2026-09-08 01:25:56.040,1,7694.0,1,False,1.737973499121929,4.8288056812960365,6.879823007986481,0.092072,0.201627,3.0,1.0,tail_1,False,False
44907,63924514301,2026-09-08 01:31:41.812,-1,7690.75,2,True,22.215235407481707,36.77517363467911,15.20224168198073,2.119066,-0.445855,1.0,3.0,tail_2_3,False,True
44926,63924514903,2026-09-08 01:41:43.836,-1,7690.25,1,True,18.280593388182403,31.11574091610606,11.838192949192512,1.761345,-0.610731,3.0,1.0,tail_1,False,True
44930,63924514993,2026-09-08 01:43:13.964,-1,7691.0,1,True,18.280593388182403,31.11574091610606,8.128391112882206,1.742224,2.92013,-0.0,4.0,tail_ge4,False,True
44957,63924515730,2026-09-08 01:55:30.660,-1,7690.5,2,True,20.513771748733795,37.13159731522927,14.328359708652151,1.090916,0.271096,-0.0,4.0,tail_ge4,False,False
44963,63924515947,2026-09-08 01:59:07.384,-1,7691.25,1,True,20.513771748733795,37.13159731522927,2.978223233203842,0.802793,3.429762,2.0,2.0,tail_2_3,False,True
44965,63924516002,2026-09-08 02:00:02.784,-1,7691.5,1,True,14.328359708652151,24.73054527954088,2.060613257562145,0.723225,4.47361,-0.0,4.0,tail_ge4,False,True
45065,63924520843,2026-09-08 03:20:43.452,1,7712.25,4,True,43.15271500394754,38.05184995669704,12.889697279919956,10.417412,-0.08991,2.0,2.0,tail_2_3,False,False
45068,63924520860,2026-09-08 03:21:00.076,1,7711.75,2,True,42.14984055688015,36.67313886422213,2.4114150560471757,8.239586,2.036428,4.0,0.0,no_tail,False,False
45145,63924524770,2026-09-08 04:26:10.008,-1,7698.5,2,False,16.800815622026743,-1.5320294978206852,3.4012781255790374,3.922352,2.269089,4.0,0.0,no_tail,False,True
45158,63924525684,2026-09-08 04:41:24.548,-1,7698.25,1,False,1.4602677516422498,-3.1838919339036775,5.1343528057805345,1.263206,1.233379,4.0,0.0,no_tail,False,True
45216,63924528241,2026-09-08 05:24:01.408,1,7702.25,3,True,16.79073338258521,30.17765858427096,6.782291917043202,1.269512,0.549283,4.0,0.0,no_tail,False,True
45283,63924532082,2026-09-08 06:28:02.340,1,7712.5,2,True,28.01053612791638,23.48199014235472,2.5874740548701816,5.460543,3.24435,4.0,0.0,no_tail,False,True
45285,63924532179,2026-09-08 06:29:39.824,1,7712.75,1,False,25.26118756606145,17.72824643755023,2.5354009132581936,4.689491,2.30553,4.0,0.0,no_tail,False,True
45287,63924532200,2026-09-08 06:30:00.076,1,7712.25,1,False,18.341597787171263,3.3982330970487626,1.6806523770077197,3.950611,4.283575,2.0,2.0,tail_2_3,False,True
45317,63924532356,2026-09-08 06:32:36.548,-1,7711.25,2,True,22.283360520300665,43.831417245405376,7.762636466188008,1.258521,0.780367,4.0,0.0,no_tail,False,True
45319,63924532364,2026-09-08 06:32:44.092,-1,7711.25,1,True,22.283360520300665,41.81874291896297,6.57874343150918,1.245197,0.954118,4.0,0.0,no_tail,False,True
45331,63924532464,2026-09-08 06:34:24.296,-1,7709.75,1,True,29.00346011677909,43.74362889596101,13.986333607154938,3.57238,-0.219709,-0.0,4.0,tail_ge4,False,True
45350,63924532762,2026-09-08 06:39:22.004,-1,7706.75,2,True,44.300964771171756,55.44161336362805,14.891326434007558,6.714565,-0.962195,2.0,2.0,tail_2_3,False,True
45390,63924533190,2026-09-08 06:46:30.356,-1,7697.5,3,True,34.09616675655373,11.481422757368957,6.041767958524047,8.383106,1.830533,3.0,1.0,tail_1,False,True
45402,63924533323,2026-09-08 06:48:43.704,-1,7695.75,2,True,31.62010856126242,31.762699056385134,12.216001250096385,6.027152,-0.452805,3.0,1.0,tail_1,False,True
45406,63924533404,2026-09-08 06:50:04.536,-1,7696.75,2,True,19.5471011573132,5.87656997223934,3.138499350211009,4.70278,4.003956,2.0,2.0,tail_2_3,False,True
45495,63924534329,2026-09-08 07:05:29.020,-1,7690.0,2,True,35.06905974503887,38.37668871707062,7.776511128527097,5.821799,2.401122,2.0,2.0,tail_2_3,False,True
45498,63924534359,2026-09-08 07:05:59.064,-1,7689.5,1,True,20.168620313840954,6.207167185945668,11.145076020984208,5.089661,0.992149,1.0,3.0,tail_2_3,False,True
45540,63924534915,2026-09-08 07:15:15.920,-1,7684.75,1,False,8.1996519173046,-0.7849794556677283,10.074130483492658,3.455443,0.474011,2.0,2.0,tail_2_3,False,False
45558,63924535170,2026-09-08 07:19:30.756,-1,7684.0,1,True,26.58790381384549,40.22088939443361,9.513824931408845,2.773992,0.044643,4.0,0.0,no_tail,False,False
45613,63924536019,2026-09-08 07:33:39.840,-1,7685.75,1,False,9.510778303778757,21.898285654616842,6.810011357438271,0.046209,0.883937,2.0,2.0,tail_2_3,False,False
45624,63924536216,2026-09-08 07:36:56.648,1,7688.5,2,True,22.174433363962695,37.877776053410386,10.814214569680022,1.899994,0.813025,1.0,3.0,tail_2_3,False,True
45626,63924536270,2026-09-08 07:37:50.248,1,7688.0,1,True,22.174433363962695,37.877776053410386,6.4482064683909295,1.77591,2.98119,0.0,4.0,tail_ge4,False,True
45629,63924536304,2026-09-08 07:38:24.400,1,7688.25,1,True,16.00176196481789,25.300850715459298,9.205918483667737,1.835617,2.467399,0.0,4.0,tail_ge4,False,True
45631,63924536328,2026-09-08 07:38:48.616,1,7688.5,1,True,12.736287698224292,17.861016847715913,4.275706923113182,1.680951,1.588322,4.0,0.0,no_tail,False,True
45639,63924536454,2026-09-08 07:40:54.312,1,7689.25,2,True,21.453437065976644,32.85696183831901,7.341844505962847,2.358167,0.636103,4.0,0.0,no_tail,False,True
45657,63924536776,2026-09-08 07:46:16.640,1,7690.0,1,False,20.022077521455998,24.62015555320541,4.456547560911726,1.98776,1.526715,3.0,1.0,tail_1,False,True
45660,63924536827,2026-09-08 07:47:07.060,1,7690.75,1,True,11.287306201002973,13.707766466517453,13.00593680575209,2.208039,-0.780352,2.0,2.0,tail_2_3,False,True
45753,63924539322,2026-09-08 08:28:42.728,1,7701.0,1,True,37.38489219761698,51.370371858411836,14.784963871802292,4.088016,-0.902374,1.0,3.0,tail_2_3,False,False
45756,63924539409,2026-09-08 08:30:09.104,1,7700.0,2,True,16.28948884205949,12.91502960454614,2.6114887822837156,3.308495,3.234462,4.0,0.0,no_tail,False,True
45782,63924540513,2026-09-08 08:48:33.360,-1,7697.0,1,True,10.5120173245393,17.6263708948989,12.270501526586386,1.174695,-0.796316,3.0,1.0,tail_1,False,True
45786,63924540641,2026-09-08 08:50:41.976,-1,7697.25,2,True,17.555704696899213,28.66042796038939,11.367804189809407,1.752182,1.230221,-0.0,4.0,tail_ge4,False,True
45794,63924541121,2026-09-08 08:58:41.592,-1,7696.5,3,True,14.510297188881657,20.791168734696146,8.088557854484575,2.045374,-0.316345,4.0,0.0,no_tail,False,True
45807,63924541725,2026-09-08 09:08:45.020,-1,7696.0,1,True,29.82576224975915,42.3448319795405,7.302915035452456,2.597106,1.318655,2.0,2.0,tail_2_3,False,True
45843,63924543298,2026-09-08 09:34:58.564,-1,7692.75,2,True,22.67120447567238,33.82804281474449,10.982020264312398,2.684706,0.741565,1.0,3.0,tail_2_3,False,True
45861,63924544140,2026-09-08 09:49:00.360,-1,7692.5,3,True,24.20709484240622,31.73380708804603,-2.2534644564585413,3.044808,4.913267,4.0,0.0,no_tail,False,False
45925,63924546180,2026-09-08 10:23:00.024,1,7696.25,2,True,15.67072036476075,7.740660127179942,2.7344448655308877,4.147032,2.863822,4.0,0.0,no_tail,False,True
45927,63924546280,2026-09-08 10:24:40.220,1,7696.5,1,False,15.67072036476075,7.740660127179942,3.3885650041230644,3.606925,1.954263,4.0,0.0,no_tail,False,True
45937,63924546647,2026-09-08 10:30:47.984,1,7696.75,1,False,11.054740820625472,5.956309683940398,5.085469324998852,1.310164,0.613421,4.0,0.0,no_tail,False,True
45939,63924546739,2026-09-08 10:32:19.068,1,7696.5,1,False,5.085469324998852,4.486767698259232,6.2096587159617345,1.260929,1.760793,3.0,1.0,tail_1,False,True
45956,63924547771,2026-09-08 10:49:31.688,1,7696.5,1,False,3.6203163905305438,-4.241139141844808,1.3820880459626783,0.468945,3.11282,3.0,1.0,tail_1,False,True
45958,63924547832,2026-09-08 10:50:32.812,1,7696.75,1,False,1.3820880459626783,0.6219785491794835,2.8304749211438303,0.474692,2.184114,4.0,0.0,no_tail,False,True
45984,63924549803,2026-09-08 11:23:23.432,1,7697.0,2,True,17.281684112128627,27.337396435892423,4.823495927184677,1.831741,-0.051688,-1.0,0.0,no_tail,False,True
45986,63924549948,2026-09-08 11:25:48.576,1,7697.0,1,True,17.281684112128627,27.337396435892423,-2.7600544059351826,1.410662,4.801576,4.0,0.0,no_tail,False,True
45989,63924550396,2026-09-08 11:33:16.380,1,7697.5,1,True,11.185296877662282,13.87392129386761,5.395617923211091,1.363476,3.084926,1.0,3.0,tail_2_3,False,False
46003,63924551265,2026-09-08 11:47:45.276,-1,7695.5,4,True,32.36161755341625,49.048015875901655,3.2239498523403998,2.435672,3.648655,2.0,2.0,tail_2_3,False,True
46049,63924551386,2026-09-08 11:49:46.620,-1,7684.25,1,True,40.93897925693783,27.636734262417168,12.775384185546034,9.858219,-0.360628,2.0,2.0,tail_2_3,False,True
46051,63924551394,2026-09-08 11:49:54.620,-1,7684.25,1,False,33.98401478409711,10.955734881481469,9.09563994001935,8.611502,-0.099142,4.0,0.0,no_tail,False,True
46069,63924551565,2026-09-08 11:52:45.956,-1,7684.5,1,False,12.540188170704878,21.759973320413437,14.895535950479612,1.228118,-0.950975,1.0,3.0,tail_2_3,False,True
46099,63924552197,2026-09-08 12:03:17.328,1,7689.0,1,False,11.422643122653776,6.030813269207572,7.461220623888859,2.189562,0.266139,4.0,0.0,no_tail,False,False
46106,63924552473,2026-09-08 12:07:53.076,1,7688.5,1,False,7.461220623888859,4.917011220132018,3.894610902430027,1.143128,2.091855,2.0,2.0,tail_2_3,False,True
46129,63924553733,2026-09-08 12:28:53.884,1,7689.0,1,False,2.892657358257526,4.814165729648535,6.4984384272372715,0.441634,1.973907,2.0,2.0,tail_2_3,False,True
46133,63924553898,2026-09-08 12:31:38.348,1,7689.25,2,True,12.476187328114422,22.393424369028622,8.66908430936351,0.96809,1.70685,2.0,2.0,tail_2_3,False,True
46143,63924554298,2026-09-08 12:38:18.196,1,7689.75,1,True,22.052410128440744,34.00727737187614,3.090589142077176,1.979662,2.077003,4.0,0.0,no_tail,False,True
46208,63924555374,2026-09-08 12:56:14.100,-1,7680.0,3,True,24.79001146694043,19.458314530015944,10.761579943665122,6.042559,-0.484134,4.0,0.0,no_tail,False,True
46210,63924555431,2026-09-08 12:57:11.856,-1,7680.0,1,True,24.79001146694043,19.458314530015944,11.454200770645095,5.499168,-0.100117,1.0,3.0,tail_2_3,False,True
46226,63924555582,2026-09-08 12:59:42.000,-1,7678.5,1,True,44.84899189301968,54.956044460530464,3.3383182731422467,5.420991,2.295071,4.0,0.0,no_tail,False,False
46238,63924555634,2026-09-08 13:00:34.304,1,7681.0,2,False,23.108007191756,48.989597337144424,10.160827704848108,0.236171,1.077441,2.0,2.0,tail_2_3,False,True
46244,63924555801,2026-09-08 13:03:21.228,-1,7678.75,1,False,4.570884904752479,11.23292980669904,7.356197090848743,0.013348,-0.010082,4.0,0.0,no_tail,False,True
46254,63924556332,2026-09-08 13:12:12.148,-1,7678.0,4,True,31.476023998587394,47.60921003073662,9.133995732501452,2.862477,1.204252,1.0,3.0,tail_2_3,False,True
46256,63924556561,2026-09-08 13:16:01.412,-1,7678.25,1,True,31.476023998587394,47.60921003073662,5.607480111165773,2.565408,2.343872,2.0,2.0,tail_2_3,False,True
46258,63924557106,2026-09-08 13:25:06.900,-1,7678.5,1,True,31.476023998587394,47.60921003073662,4.493373275134402,2.298397,3.471217,-0.0,4.0,tail_ge4,False,True
46261,63924557321,2026-09-08 13:28:41.820,-1,7678.25,2,True,13.981154397311698,14.964077935610456,1.8916010499504088,1.888194,2.570295,4.0,0.0,no_tail,False,True
46286,63924563209,2026-09-08 15:06:49.580,1,7679.75,2,False,12.375935929974354,29.23038740561599,9.884508204485044,0.106246,-0.419074,3.0,1.0,tail_1,False,True
46288,63924563769,2026-09-08 15:16:09.984,1,7679.5,1,True,9.884508204485044,21.218934148224005,9.19505004273106,0.357054,0.845368,2.0,2.0,tail_2_3,False,True
46290,63924564197,2026-09-08 15:23:17.964,1,7679.0,1,True,9.884508204485044,21.218934148224005,5.664752856462713,0.431563,2.973368,1.0,3.0,tail_2_3,False,True
46293,63924564914,2026-09-08 15:35:14.640,1,7679.75,1,True,9.884508204485044,20.99986508383224,9.3070521599185,0.803771,0.465015,3.0,1.0,tail_1,False,True
46319,63924570114,2026-09-08 17:01:54.280,-1,7677.5,4,True,34.6955785873507,51.08103779516552,2.129505173720823,2.946887,4.09906,2.0,2.0,tail_2_3,False,False
46341,63924571391,2026-09-08 17:23:11.528,1,7679.25,1,False,2.6643941681898684,-7.843621509319464,-1.5267620410609102,0.467008,3.65427,4.0,0.0,no_tail,False,False
46346,63924571871,2026-09-08 17:31:11.156,-1,7677.5,1,True,11.789373686606783,26.71562464938886,11.339311909167884,0.518685,0.269071,1.0,3.0,tail_2_3,False,True
46353,63924572426,2026-09-08 17:40:26.368,-1,7677.5,2,True,18.17687015621755,31.03644429311692,6.463141337349797,1.588455,1.975536,3.0,1.0,tail_1,False,True
46357,63924572573,2026-09-08 17:42:53.016,-1,7677.75,2,True,18.17687015621755,31.03644429311692,1.674927710728763,1.410624,3.299514,4.0,0.0,no_tail,False,False
46394,63924578344,2026-09-08 19:19:04.144,1,7684.25,3,True,30.784230501377866,32.32628318740185,9.666012516018085,6.121432,0.96676,2.0,2.0,tail_2_3,False,True
46404,63924581488,2026-09-08 20:11:28.172,1,7684.25,3,True,26.787018567935842,29.553583509719008,5.220733145739734,4.782565,4.117642,1.0,3.0,tail_2_3,False,True
46406,63924581785,2026-09-08 20:16:25.192,1,7684.75,1,True,26.787018567935842,29.553583509719008,2.7598257542528923,4.161292,2.226243,3.0,1.0,tail_1,False,True
46409,63924582705,2026-09-08 20:31:45.640,1,7685.25,1,False,24.02916090914615,23.828490601397288,10.174446232799019,3.752545,0.764648,1.0,3.0,tail_2_3,False,False
46411,63924582915,2026-09-08 20:35:15.508,1,7685.25,1,False,11.527049984060215,2.4747071663891043,6.6135719151490795,3.357345,0.939608,4.0,0.0,no_tail,False,False
46414,63924583664,2026-09-08 20:47:44.468,1,7684.75,2,False,10.174446232799019,2.4747071663891043,2.2903049532418023,2.729529,3.059592,3.0,1.0,tail_1,False,False
46430,63924586334,2026-09-08 21:32:14.900,1,7685.5,2,True,16.911299804417887,29.77099549098756,9.430060111592278,1.183312,0.079949,4.0,0.0,no_tail,False,True
46447,63924589803,2026-09-08 22:30:03.700,1,7687.0,1,False,22.828821388199696,28.857401298217027,9.19065781212771,2.516295,-0.779367,4.0,0.0,no_tail,False,False
46456,63924590399,2026-09-08 22:39:59.128,1,7686.75,1,True,9.231225960285789,11.887214239107362,10.331271203421785,1.654553,0.685088,2.0,2.0,tail_2_3,False,True
46459,63924590968,2026-09-08 22:49:28.164,1,7687.25,1,True,10.331271203421785,13.873993295697849,11.330939385063928,1.864002,-0.713768,3.0,1.0,tail_1,False,True
46474,63924592950,2026-09-08 23:22:30.748,1,7688.75,3,True,29.261851732921297,40.32290977422587,9.563603581018654,3.860741,-0.616581,4.0,0.0,no_tail,False,False
46486,63924594299,2026-09-08 23:44:59.488,1,7688.25,1,False,4.6762312699617485,5.2768676322229435,8.191494145113753,1.084121,0.613872,3.0,1.0,tail_1,False,False
46488,63924594435,2026-09-08 23:47:15.620,1,7687.75,1,False,8.191494145113753,12.314770964880708,5.467466601240146,1.028787,2.721994,2.0,2.0,tail_2_3,False,False
46490,63924594617,2026-09-08 23:50:17.644,1,7687.5,1,False,8.191494145113753,12.314770964880708,2.21235039805922,0.896952,3.744908,2.0,2.0,tail_2_3,False,False
46520,63924596782,2026-09-09 00:26:22.484,1,7688.25,2,False,14.882764198144839,30.82368253470969,11.645963060512043,0.349628,-0.195217,2.0,2.0,tail_2_3,False,True
46528,63924597748,2026-09-09 00:42:28.532,1,7688.25,2,True,21.771767608151393,37.27127994071851,9.262780781186637,1.886445,2.110248,1.0,3.0,tail_2_3,False,False
46544,63924598973,2026-09-09 01:02:53.940,-1,7686.25,3,True,32.968840034767446,51.36563743265351,-1.27595702224951,2.012278,4.844651,3.0,1.0,tail_1,False,True
46554,63924599198,2026-09-09 01:06:38.804,-1,7685.25,1,False,12.462203405241361,16.03112266772033,6.430102417173443,1.417765,1.682209,2.0,2.0,tail_2_3,False,True
46556,63924599254,2026-09-09 01:07:34.636,-1,7685.0,1,True,11.269378958493292,13.369980619926991,6.026582374047357,1.38751,0.863508,4.0,0.0,no_tail,False,True
46559,63924599340,2026-09-09 01:09:00.808,-1,7685.75,2,True,6.430102417173443,6.6728142764979115,0.2959491677561336,1.09566,3.879005,3.0,1.0,tail_1,False,True
46562,63924599668,2026-09-09 01:14:28.128,-1,7685.25,1,True,6.430102417173443,6.6728142764979115,5.971650318426566,1.150593,2.192814,2.0,2.0,tail_2_3,False,True
46567,63924600150,2026-09-09 01:22:30.004,-1,7684.25,1,True,15.040271399658371,23.751030554617802,11.935998498042775,1.761454,-0.652665,3.0,1.0,tail_1,False,True
46573,63924600604,2026-09-09 01:30:04.432,-1,7684.5,3,True,24.4100040413094,37.31595430659121,9.077837077630047,2.538367,2.188162,1.0,3.0,tail_2_3,False,True
46575,63924600883,2026-09-09 01:34:43.292,-1,7684.75,1,True,24.4100040413094,37.31595430659121,3.409499606512815,2.215609,3.252125,2.0,2.0,tail_2_3,False,True
46594,63924601953,2026-09-09 01:52:33.524,-1,7682.0,3,True,35.224079972733634,46.582655751639955,8.20728549273088,5.01628,1.247434,3.0,1.0,tail_1,False,True
46603,63924602662,2026-09-09 02:04:22.196,-1,7682.75,2,True,12.00135795193737,8.12726810290651,2.401348776086663,2.919998,4.960588,1.0,3.0,tail_2_3,False,True
46613,63924603335,2026-09-09 02:15:35.036,-1,7680.5,1,True,26.978581566376032,37.740874332851796,13.396515276583354,3.723904,-0.616404,1.0,3.0,tail_2_3,False,True
46691,63924606247,2026-09-09 03:04:07.516,-1,7661.75,4,True,49.58619671481441,48.478497436134084,12.968943484033026,10.83405,0.542136,-0.0,4.0,tail_ge4,False,False
46697,63924606388,2026-09-09 03:06:28.456,-1,7662.75,1,False,23.22552595436673,-12.491189232605178,-1.4246141875410283,6.333618,4.252487,4.0,0.0,no_tail,False,True
46702,63924606514,2026-09-09 03:08:34.112,-1,7662.75,2,False,5.884280406779848,-14.932273045310865,-1.1133078474414086,4.31185,4.444669,4.0,0.0,no_tail,False,True
46708,63924606759,2026-09-09 03:12:39.276,-1,7662.25,3,False,12.542663105978253,6.742665659413497,1.2273933881023278,3.179084,3.176374,3.0,1.0,tail_1,False,True
46718,63924606877,2026-09-09 03:14:37.356,-1,7660.75,3,True,27.518191862911717,38.03678293328583,9.063682912934636,3.578394,0.234405,4.0,0.0,no_tail,False,True
46720,63924606897,2026-09-09 03:14:57.860,-1,7660.5,1,True,27.518191862911717,38.03678293328583,9.223187508100617,3.327323,-0.47297,4.0,0.0,no_tail,False,True
46726,63924607007,2026-09-09 03:16:47.896,-1,7660.5,3,True,24.063819144201982,32.27251990406518,8.097169095481721,3.425526,1.293537,3.0,1.0,tail_1,False,False
46744,63924607647,2026-09-09 03:27:27.124,-1,7660.75,1,True,12.343935418942936,23.43679626136248,9.360906748405055,0.732604,1.09557,2.0,2.0,tail_2_3,False,True
46747,63924607804,2026-09-09 03:30:04.356,-1,7661.0,2,True,12.343935418942936,23.43679626136248,4.822737384121242,0.812938,2.348688,2.0,2.0,tail_2_3,False,True
46749,63924607867,2026-09-09 03:31:07.840,-1,7660.25,1,True,12.343935418942936,23.43679626136248,8.151823152587447,1.013797,-0.329797,3.0,1.0,tail_1,False,True
46761,63924608344,2026-09-09 03:39:04.960,-1,7660.0,3,True,16.57398770596984,24.841557283561077,4.4731765379988495,1.978763,1.18669,4.0,0.0,no_tail,False,True
46811,63924609757,2026-09-09 04:02:37.028,-1,7651.25,2,True,28.465840740377356,23.063787500336613,13.343584771190224,6.391268,-0.606515,2.0,2.0,tail_2_3,False,True
46817,63924609899,2026-09-09 04:04:59.836,-1,7652.25,4,True,22.290882282969974,13.504978837639827,-1.381248196501992,4.484953,4.247708,3.0,1.0,tail_1,False,True
46820,63924609959,2026-09-09 04:05:59.804,-1,7651.25,1,False,18.524146345587408,9.447901649409513,7.3457521078168195,3.862975,0.634452,4.0,0.0,no_tail,False,False
46841,63924610827,2026-09-09 04:20:27.940,-1,7652.25,2,True,15.800027732231648,30.25244707773527,7.521447468859146,0.600954,2.520835,1.0,3.0,tail_2_3,False,True
46845,63924610936,2026-09-09 04:22:16.472,-1,7652.0,2,True,15.800027732231648,30.25244707773527,7.473462589068894,1.035504,2.207682,2.0,2.0,tail_2_3,False,False
46875,63924612265,2026-09-09 04:44:25.428,-1,7652.5,1,False,6.985216960394774,15.576556280552786,9.648342310193652,0.153106,0.987262,1.0,3.0,tail_2_3,False,True
46879,63924612392,2026-09-09 04:46:32.328,-1,7652.25,2,True,11.069383622389251,21.067682656687406,7.398122355882017,0.673902,0.612587,4.0,0.0,no_tail,False,False
46917,63924612690,2026-09-09 04:51:30.520,1,7659.5,1,True,27.595528573318067,24.369322019832076,12.021310403198699,5.330846,-0.036001,2.0,2.0,tail_2_3,False,False
46990,63924615830,2026-09-09 05:43:50.436,1,7652.0,1,True,28.62700690175992,53.66872331599067,14.171839347780324,0.896686,-0.967008,2.0,2.0,tail_2_3,False,True
47067,63924618715,2026-09-09 06:31:55.916,1,7657.25,1,False,9.259432071029572,13.221148519207322,-1.7828509957225542,0.508511,3.119328,4.0,0.0,no_tail,False,True
47071,63924618739,2026-09-09 06:32:19.392,1,7657.5,1,True,7.156982222906713,12.109854733453687,6.611687382392406,0.782396,2.580028,1.0,3.0,tail_2_3,False,True
47074,63924618752,2026-09-09 06:32:32.364,1,7658.0,1,True,8.261011561384121,12.922432351751452,9.405004504338146,1.078743,1.076944,2.0,2.0,tail_2_3,False,False
47105,63924619027,2026-09-09 06:37:07.688,1,7658.75,1,False,21.98025110752296,28.393645773781262,1.1218607622296513,1.944152,3.206657,4.0,0.0,no_tail,False,True
47123,63924619201,2026-09-09 06:40:01.508,-1,7657.5,2,True,14.797033069755175,28.452378122814817,3.311441770134939,0.550118,2.959391,3.0,1.0,tail_1,False,False
47130,63924619275,2026-09-09 06:41:15.768,-1,7656.75,1,False,7.308176171773395,12.799214029735362,5.647882403562246,0.437241,0.060382,4.0,0.0,no_tail,False,False
47139,63924619368,2026-09-09 06:42:48.536,-1,7657.5,1,False,10.912136508565247,19.634299291011807,3.7387724992969242,0.247836,3.12946,1.0,3.0,tail_2_3,False,True
47141,63924619389,2026-09-09 06:43:09.660,-1,7657.5,1,True,4.611038615761056,6.968357101318336,2.0455065850784595,0.245484,3.160259,3.0,1.0,tail_1,False,True
47173,63924619740,2026-09-09 06:49:00.044,-1,7656.5,2,True,15.075106972806573,27.129996638477778,6.130899912290857,0.905984,2.446741,2.0,2.0,tail_2_3,False,False
47210,63924620234,2026-09-09 06:57:14.224,1,7658.75,2,True,13.106705665468604,25.122318996787367,7.151792773267734,0.630606,1.368628,3.0,1.0,tail_1,False,True
47213,63924620268,2026-09-09 06:57:48.164,1,7658.5,2,True,13.106705665468604,25.122318996787367,2.802963151001058,0.632119,2.515509,4.0,0.0,no_tail,False,True
47215,63924620307,2026-09-09 06:58:27.252,1,7658.5,1,True,13.106705665468604,25.122318996787367,2.705023032462902,0.581914,2.555839,4.0,0.0,no_tail,False,True
47234,63924620651,2026-09-09 07:04:11.504,-1,7657.5,3,True,26.364303210664403,46.20805877286891,5.922753784683461,1.159766,3.826621,1.0,3.0,tail_2_3,False,False
47241,63924620782,2026-09-09 07:06:22.908,1,7659.0,1,True,12.653767657654022,26.41549029124444,11.708677747344343,0.381323,1.404514,0.0,4.0,tail_ge4,False,True
47243,63924620819,2026-09-09 07:06:59.972,1,7659.0,1,True,12.653767657654022,26.41549029124444,6.614250343464213,0.526705,1.605628,2.0,2.0,tail_2_3,False,True
47245,63924620855,2026-09-09 07:07:35.048,1,7658.75,1,True,12.653767657654022,26.41549029124444,4.712427317174356,0.557622,2.714384,2.0,2.0,tail_2_3,False,True
47261,63924621211,2026-09-09 07:13:31.320,-1,7657.0,1,False,16.745350060915545,35.267491894141465,12.158923355163195,0.010777,-0.748375,3.0,1.0,tail_1,False,False
47324,63924621944,2026-09-09 07:25:44.552,-1,7648.25,3,True,36.58108051682198,41.45390326095574,11.276506039961234,6.823905,-0.037272,2.0,2.0,tail_2_3,False,False
47362,63924622417,2026-09-09 07:33:37.800,1,7656.0,3,True,33.90278482212071,35.509376085408796,9.1416659014577,6.382664,0.214619,3.0,1.0,tail_1,False,True
47364,63924622437,2026-09-09 07:33:57.092,1,7655.75,1,True,33.90278482212071,35.509376085408796,7.094174456197697,5.584884,1.392656,3.0,1.0,tail_1,False,True
47366,63924622459,2026-09-09 07:34:19.352,1,7655.5,1,False,25.57701984351549,17.700032445351656,5.187699243085286,4.855202,2.517789,2.0,2.0,tail_2_3,False,True
47368,63924622506,2026-09-09 07:35:06.816,1,7655.25,1,False,18.76830874515518,3.859021773909301,4.104661405420811,4.223138,3.631761,0.0,4.0,tail_ge4,False,True
47370,63924622532,2026-09-09 07:35:32.880,1,7655.75,1,False,9.1416659014577,-13.575813542959743,3.1314920884118993,3.689141,1.740045,4.0,0.0,no_tail,False,True
47386,63924622814,2026-09-09 07:40:14.128,1,7656.25,1,False,7.497869366223376,11.059523806192173,8.676251416211587,1.131393,0.077287,4.0,0.0,no_tail,False,True
47390,63924622867,2026-09-09 07:41:07.156,1,7655.75,2,True,15.084579706661014,24.488126106565957,7.558836782683351,1.462441,2.825288,1.0,3.0,tail_2_3,False,True
47396,63924623020,2026-09-09 07:43:40.220,1,7656.0,2,True,15.084579706661014,24.488126106565957,3.152056611257284,1.570144,2.691891,4.0,0.0,no_tail,False,True
47407,63924623263,2026-09-09 07:47:43.296,1,7655.75,1,False,20.793839438910133,31.73413864691173,2.363675174667399,1.279439,4.989142,0.0,4.0,tail_ge4,False,True
47410,63924623322,2026-09-09 07:48:42.260,1,7656.0,1,False,8.134155798617186,5.8907811950987865,1.4353027392163702,1.065345,4.064308,2.0,2.0,tail_2_3,False,True
47412,63924623382,2026-09-09 07:49:42.056,1,7656.5,1,False,2.363675174667399,-1.9029713344994892,2.16124069577578,0.983206,2.139332,4.0,0.0,no_tail,False,True
47417,63924623505,2026-09-09 07:51:45.100,1,7657.0,1,True,13.79771831097086,22.1507140661701,10.007391461161799,1.522694,1.155501,1.0,3.0,tail_2_3,False,True
47419,63924623550,2026-09-09 07:52:30.620,1,7657.25,1,True,13.79771831097086,22.1507140661701,7.90201616788588,1.552646,0.414978,3.0,1.0,tail_1,False,True
47423,63924623613,2026-09-09 07:53:33.536,1,7657.0,2,True,16.435215880235802,25.29004742008074,9.578608617221493,1.885632,2.297118,1.0,3.0,tail_2_3,False,True
47425,63924623661,2026-09-09 07:54:21.424,1,7657.0,1,True,16.435215880235802,25.29004742008074,5.341246903774504,1.767406,2.467274,1.0,3.0,tail_2_3,False,True
47427,63924623702,2026-09-09 07:55:02.740,1,7657.5,1,True,16.435215880235802,25.29004742008074,5.733359267475807,1.699933,0.6651,4.0,0.0,no_tail,False,True
47460,63924624081,2026-09-09 08:01:21.600,1,7659.25,4,True,32.584923994912415,40.28994470281613,2.0828912609441654,4.752196,4.438322,2.0,2.0,tail_2_3,False,False
47567,63924625040,2026-09-09 08:17:20.864,-1,7639.0,3,True,33.5834712275157,21.672081181354365,6.739953358738048,7.818164,4.793406,-1.0,5.0,tail_ge4,False,True
47613,63924625717,2026-09-09 08:28:37.208,-1,7634.0,2,True,25.032449192726826,18.75933657765009,6.785154398493231,5.142161,2.507835,1.0,3.0,tail_2_3,False,True
47629,63924625959,2026-09-09 08:32:39.664,1,7636.75,1,True,18.08641660516597,39.47773727526224,12.401588990344017,0.581052,-0.852728,3.0,1.0,tail_1,False,True
47650,63924626338,2026-09-09 08:38:58.780,1,7638.75,5,True,36.456741710572224,48.37883249181707,5.482303596902098,5.228423,2.062626,3.0,1.0,tail_1,False,True
47679,63924626489,2026-09-09 08:41:29.776,1,7643.25,3,True,30.160071642821666,18.574682397066308,5.523707019534625,6.497366,1.725339,3.0,1.0,tail_1,False,False
47710,63924627603,2026-09-09 09:00:03.676,-1,7641.0,3,False,24.54441007395669,46.12143095898592,12.136581848689154,0.454366,-0.40563,2.0,2.0,tail_2_3,False,False
47712,63924627667,2026-09-09 09:01:07.764,-1,7641.25,1,True,24.54441007395669,46.12143095898592,9.865526456320186,0.686594,0.895456,1.0,3.0,tail_2_3,False,False
47714,63924627724,2026-09-09 09:02:04.632,-1,7641.5,1,True,24.54441007395669,46.12143095898592,7.0041075901789345,0.783349,2.096498,1.0,3.0,tail_2_3,False,False
47752,63924629145,2026-09-09 09:25:45.236,-1,7636.75,4,True,38.05502366450684,46.611150326052545,7.570097356830909,6.064301,0.22066,4.0,0.0,no_tail,False,True
47829,63924631800,2026-09-09 10:10:00.028,1,7645.75,2,False,18.632940189093517,5.168377351642382,3.725612271292022,3.924979,-0.238528,-1.0,0.0,no_tail,False,True
47914,63924636876,2026-09-09 11:34:36.368,-1,7647.75,2,True,10.835440121218848,16.1575710603847,4.212039028258803,1.287275,3.561311,2.0,2.0,tail_2_3,False,False
47944,63924639349,2026-09-09 12:15:49.516,1,7651.0,1,False,10.264047821510701,17.27402201394505,11.316837183597539,1.113134,-0.387656,3.0,1.0,tail_1,False,True
47956,63924640482,2026-09-09 12:34:42.080,1,7650.5,3,True,24.97704535132883,37.80111449223146,-2.2762707000975766,2.078538,4.615606,3.0,1.0,tail_1,False,False
47971,63924641383,2026-09-09 12:49:43.268,-1,7648.5,2,True,21.61096166204768,39.56356291905263,6.291865924907284,1.611679,1.073389,4.0,0.0,no_tail,False,True
48001,63924642004,2026-09-09 13:00:04.864,-1,7645.0,2,True,29.416854348728627,33.23158757841407,6.707629443653284,5.010859,2.20693,2.0,2.0,tail_2_3,False,True
48004,63924642125,2026-09-09 13:02:05.988,-1,7644.5,1,True,27.864273886942772,29.945785687972368,10.187545568379301,4.411773,0.746041,2.0,2.0,tail_2_3,False,True
48017,63924643829,2026-09-09 13:30:29.928,-1,7645.25,1,False,13.08866031312357,7.043539665679334,-1.5205021312884703,1.509909,4.29186,4.0,0.0,no_tail,False,False
48031,63924649569,2026-09-09 15:06:09.860,1,7647.75,1,True,33.619191576821926,51.55472583275683,12.099264641634829,2.611434,0.596808,0.0,4.0,tail_ge4,False,False
48033,63924649827,2026-09-09 15:10:27.612,1,7647.75,1,True,33.619191576821926,51.55472583275683,6.985593282665048,2.404383,0.784673,4.0,0.0,no_tail,False,False
48036,63924651025,2026-09-09 15:30:25.580,1,7647.0,2,True,21.48387127529099,31.855164488327013,0.46622456611206514,1.896018,3.809086,3.0,1.0,tail_1,False,True
48038,63924651336,2026-09-09 15:35:36.964,1,7647.5,1,True,12.577671060982103,13.90235855305031,2.73398754232437,1.705865,1.903735,4.0,0.0,no_tail,False,True
48041,63924653794,2026-09-09 16:16:34.812,1,7647.0,2,True,6.985593282665048,2.6074482730687225,-0.4822662851962517,1.307694,3.878482,3.0,1.0,tail_1,False,True
48044,63924654600,2026-09-09 16:30:00.192,1,7647.75,1,True,5.383805546540611,4.756358332196046,7.393464385665781,1.388054,1.267767,3.0,1.0,tail_1,False,True
48081,63924659245,2026-09-09 17:47:25.824,1,7652.5,2,True,33.68498993845115,38.90209548436461,9.580465583994046,5.677923,1.322946,2.0,2.0,tail_2_3,False,False
48096,63924660356,2026-09-09 18:05:56.908,-1,7649.25,2,True,24.541059744528933,47.97164990406879,13.917258327947408,1.223193,0.130492,-0.0,4.0,tail_ge4,False,True
48098,63924660600,2026-09-09 18:10:00.616,-1,7649.0,1,True,23.686484768759392,45.588225478841686,11.537537752132643,1.449618,-0.455859,1.0,3.0,tail_2_3,False,True
48107,63924661217,2026-09-09 18:20:17.100,-1,7649.25,3,True,20.306019187149214,31.768055622969612,3.316543088629192,2.094,2.624118,4.0,0.0,no_tail,False,True
48139,63924664306,2026-09-09 19:11:46.144,1,7649.75,2,True,18.891767167394026,34.023495879492586,2.427658057077785,1.164718,3.976437,2.0,2.0,tail_2_3,False,True
48143,63924664836,2026-09-09 19:20:36.112,1,7649.75,2,True,17.558065756290638,30.72849164631142,0.4873079528755591,0.952101,4.120524,3.0,1.0,tail_1,False,True
48147,63924665481,2026-09-09 19:31:21.656,1,7650.0,2,True,4.480086073669917,3.877349028398511,0.16119170112256972,0.817013,3.2811,4.0,0.0,no_tail,False,True
48166,63924668943,2026-09-09 20:29:03.156,1,7653.25,3,True,35.843543406254426,47.098721230923736,11.091749698483575,5.287917,0.361645,2.0,2.0,tail_2_3,False,True
48217,63924679341,2026-09-09 23:22:21.708,1,7660.75,2,True,32.68433900416618,27.977955090746843,7.860414469836108,7.205558,3.045393,-1.0,5.0,tail_ge4,False,True
48239,63924682531,2026-09-10 00:15:31.292,1,7663.0,1,False,12.050247160767654,-6.768355666477207,7.8490943643044275,3.200376,0.437161,3.0,1.0,tail_1,False,False
48241,63924682721,2026-09-10 00:18:41.512,1,7662.75,1,False,7.8490943643044275,0.3192487795159832,6.600982963514679,2.874325,1.598086,3.0,1.0,tail_1,False,True
48267,63924684558,2026-09-10 00:49:18.816,-1,7660.0,1,True,17.766012936009293,22.824538190804073,1.1088786398471564,1.93546,3.211981,4.0,0.0,no_tail,False,True
48271,63924684751,2026-09-10 00:52:31.448,-1,7660.25,2,True,7.2300731939987655,4.933011625391848,0.4639328859215932,1.590749,4.463257,2.0,2.0,tail_2_3,False,True
48274,63924684974,2026-09-10 00:56:14.388,-1,7660.0,1,False,6.864988801278192,4.933011625391848,2.5697101945238385,1.364668,3.597897,2.0,2.0,tail_2_3,False,False
48287,63924685754,2026-09-10 01:09:14.056,-1,7660.0,1,True,10.372301060771992,18.31144522946862,2.7345210859851945,0.774694,3.850171,2.0,2.0,tail_2_3,False,True
48289,63924685894,2026-09-10 01:11:34.308,-1,7659.75,1,True,10.372301060771992,18.31144522946862,1.8939666918916072,0.71284,2.902446,3.0,1.0,tail_1,False,True
48298,63924686642,2026-09-10 01:24:02.692,-1,7658.75,2,True,22.260332356076376,36.28378234186437,6.51563265264213,2.023202,1.300435,4.0,0.0,no_tail,False,False
48300,63924686863,2026-09-10 01:27:43.792,-1,7658.75,1,True,22.260332356076376,36.28378234186437,5.422345511766154,1.85253,1.434196,4.0,0.0,no_tail,False,False
48302,63924686948,2026-09-10 01:29:08.136,-1,7658.75,1,True,20.159397900500558,31.884696710352145,5.837182956242667,1.733735,1.59535,3.0,1.0,tail_1,False,False
48311,63924687456,2026-09-10 01:37:36.668,-1,7658.25,2,True,17.369891542828253,28.20086203870709,12.592733918873472,1.816499,0.69152,1.0,3.0,tail_2_3,False,True
48359,63924691555,2026-09-10 02:45:55.960,-1,7651.0,4,True,44.50858968500611,53.848387937860444,14.976483564028234,7.507301,-0.999628,2.0,2.0,tail_2_3,False,False
48361,63924691805,2026-09-10 02:50:05.512,-1,7651.25,1,True,44.50858968500611,53.848387937860444,11.156400752896054,6.701761,0.347133,1.0,3.0,tail_2_3,False,False
48377,63924693295,2026-09-10 03:14:55.944,-1,7650.75,1,True,16.35035212026736,20.619244280305466,14.50814921189979,2.921037,-0.460849,1.0,3.0,tail_2_3,False,False
48379,63924693641,2026-09-10 03:20:41.712,-1,7651.0,1,True,16.35035212026736,20.619244280305466,8.584327535116083,2.706775,0.769128,3.0,1.0,tail_1,False,False
48381,63924693813,2026-09-10 03:23:33.264,-1,7651.25,1,True,16.35035212026736,20.619244280305466,5.863491982372693,2.431077,1.904528,3.0,1.0,tail_1,False,True
48403,63924695421,2026-09-10 03:50:21.868,-1,7650.5,1,False,14.78924894788568,16.082412560198165,7.29254271857351,1.62919,1.976202,1.0,3.0,tail_2_3,False,True
48411,63924695791,2026-09-10 03:56:31.228,-1,7650.5,3,True,29.159594746522306,43.48944964856493,7.179318070736927,2.784806,-0.389669,-1.0,0.0,no_tail,False,True
48473,63924698188,2026-09-10 04:36:28.576,-1,7647.25,2,True,31.89626201013374,33.840640661896174,-3.0238580334541525,5.199154,4.910169,4.0,0.0,no_tail,False,True
48541,63924700501,2026-09-10 05:15:01.228,-1,7633.0,3,True,36.819994835381706,33.785952807433326,6.079765956861779,7.661289,2.788089,2.0,2.0,tail_2_3,False,True
48545,63924700541,2026-09-10 05:15:41.020,-1,7632.5,1,False,28.82780007753834,16.580163190019054,9.34826282962475,6.091699,1.447123,-0.0,4.0,tail_ge4,False,True
48613,63924701404,2026-09-10 05:30:04.008,-1,7628.25,4,True,25.381408712043605,40.06678859574884,0.601736349239416,1.934237,4.726762,2.0,2.0,tail_2_3,False,True
48758,63924702466,2026-09-10 05:47:46.300,-1,7602.25,1,True,32.06363248407083,27.613346191216856,8.898891519114011,6.442645,1.943407,1.0,3.0,tail_2_3,False,True
48784,63924702769,2026-09-10 05:52:49.492,1,7604.25,4,True,27.884928422471916,49.18922213280595,6.793365011639606,1.259971,0.544642,4.0,0.0,no_tail,False,True
48786,63924702824,2026-09-10 05:53:44.824,1,7604.5,1,True,27.884928422471916,49.18922213280595,8.542345823748484,1.341212,-0.186588,4.0,0.0,no_tail,False,True
48790,63924702840,2026-09-10 05:54:00.220,1,7604.5,2,True,14.907236114955166,25.145986548841783,8.912760325373098,1.703038,0.644143,2.0,2.0,tail_2_3,False,True
48797,63924702923,2026-09-10 05:55:23.972,1,7604.75,3,True,18.682040588116493,28.460172687798558,6.956313602167251,2.118891,1.116958,4.0,0.0,no_tail,False,False
48810,63924703137,2026-09-10 05:58:57.632,-1,7601.5,1,True,20.871048612766174,40.12240261085477,13.619044542224616,1.566208,-0.726099,2.0,2.0,tail_2_3,False,False
48817,63924703227,2026-09-10 06:00:27.004,-1,7602.75,1,False,13.619044542224616,21.25875563729547,-3.47260237965319,0.695191,4.134761,4.0,0.0,no_tail,False,True
48820,63924703250,2026-09-10 06:00:50.252,-1,7602.5,1,True,10.534909617794398,14.342988726111674,6.0799925689516785,0.837725,3.454308,-0.0,4.0,tail_ge4,False,False
48844,63924703596,2026-09-10 06:06:36.856,1,7605.5,2,True,29.753148836851917,41.41237959084297,4.030855743678889,3.376538,2.329573,4.0,0.0,no_tail,False,True
48848,63924703655,2026-09-10 06:07:35.276,1,7606.0,2,True,16.00769126421212,13.563974593089622,6.698436310488012,2.936683,0.904279,4.0,0.0,no_tail,False,False
48883,63924704416,2026-09-10 06:20:16.476,-1,7601.5,1,True,26.324241459322703,37.18642693061702,14.042714337904371,3.607166,-0.257386,1.0,3.0,tail_2_3,False,True
48885,63924704440,2026-09-10 06:20:40.972,-1,7601.25,1,True,26.324241459322703,37.18642693061702,10.296960538760816,3.389399,-0.926945,4.0,0.0,no_tail,False,True
48890,63924704592,2026-09-10 06:23:12.536,-1,7602.0,3,True,17.167662154604642,19.54187712243819,4.087940403092586,2.965613,2.972348,2.0,2.0,tail_2_3,False,True
48911,63924704988,2026-09-10 06:29:48.956,-1,7599.5,2,True,27.245508724549385,31.574662074124642,7.360405002671685,4.522477,1.934843,2.0,2.0,tail_2_3,False,True
48913,63924704996,2026-09-10 06:29:56.640,-1,7599.0,1,True,27.245508724549385,31.574662074124642,6.915662237431117,4.072667,0.173609,4.0,0.0,no_tail,False,False
48916,63924705001,2026-09-10 06:30:01.088,-1,7599.5,2,True,19.041738783568846,14.770679063372912,3.223036018464202,3.333515,2.342545,4.0,0.0,no_tail,False,False
48926,63924705023,2026-09-10 06:30:23.464,-1,7599.75,1,False,1.5681375936863717,-9.318657593047346,1.9286874637830034,0.727508,2.234944,4.0,0.0,no_tail,False,True
48931,63924705045,2026-09-10 06:30:45.696,-1,7599.5,2,True,18.361074326736006,30.91413059827752,10.020059916989874,1.505956,2.443595,-0.0,4.0,tail_ge4,False,True
48945,63924705104,2026-09-10 06:31:44.276,-1,7598.0,2,True,25.366129037083212,37.96420391666681,11.74888517271001,3.359735,1.054155,1.0,3.0,tail_2_3,False,True
48950,63924705122,2026-09-10 06:32:02.328,-1,7597.25,1,True,22.883635467901367,31.214913172530007,11.856779213166329,3.105263,-0.938782,3.0,1.0,tail_1,False,True
48955,63924705144,2026-09-10 06:32:24.932,-1,7597.75,3,True,18.52236055779467,23.26157956825826,4.6908770830143665,2.872427,2.070071,3.0,1.0,tail_1,False,True
48957,63924705154,2026-09-10 06:32:34.892,-1,7597.25,1,True,18.52236055779467,23.26157956825826,8.031639551465386,2.737536,0.373795,2.0,2.0,tail_2_3,False,False
48977,63924705229,2026-09-10 06:33:49.764,-1,7598.0,3,True,10.83418730758924,14.393888543062413,-1.4197279593271934,1.011913,4.250461,4.0,0.0,no_tail,False,False
48984,63924705266,2026-09-10 06:34:26.912,1,7600.0,1,True,16.725663217901104,32.21601347023699,13.508229058479946,0.76299,-0.66488,1.0,3.0,tail_2_3,False,False
49008,63924705355,2026-09-10 06:35:55.368,1,7600.0,2,True,17.9413308939321,31.21664530196477,10.386714405847753,1.641777,0.34148,2.0,2.0,tail_2_3,False,True
49010,63924705362,2026-09-10 06:36:02.316,1,7599.75,1,True,17.9413308939321,29.723486309337456,8.22764025897147,1.63431,1.585119,1.0,3.0,tail_2_3,False,True
49029,63924705474,2026-09-10 06:37:54.792,1,7600.25,1,False,13.401141974638646,8.119331986442123,0.7070704174296721,1.410538,3.710195,3.0,1.0,tail_1,False,True
49032,63924705488,2026-09-10 06:38:08.548,1,7600.5,1,False,4.330477165759882,2.2554476365844818,4.905560221100425,1.341757,2.96768,1.0,3.0,tail_2_3,False,True
49034,63924705495,2026-09-10 06:38:15.184,1,7601.5,1,False,4.905560221100425,3.599239034103252,7.52122221246396,1.454693,-0.719185,4.0,0.0,no_tail,False,True
49038,63924705532,2026-09-10 06:38:52.496,1,7601.25,2,True,15.357002173254102,23.75346257829421,7.145550235455822,1.708074,1.038054,4.0,0.0,no_tail,False,True
49044,63924705582,2026-09-10 06:39:42.580,1,7601.25,3,True,18.641034109518397,28.057139784469538,2.799686039284046,1.931158,2.196765,4.0,0.0,no_tail,False,True
49069,63924705716,2026-09-10 06:41:56.744,1,7603.0,4,True,27.986474521198257,36.10641292464849,-0.5481892905020956,3.681762,3.892479,4.0,0.0,no_tail,False,True
49095,63924705930,2026-09-10 06:45:30.868,-1,7601.75,1,False,17.612283718001372,37.43728320497621,11.950696162204997,0.290802,0.660586,-0.0,4.0,tail_ge4,False,False
49097,63924705939,2026-09-10 06:45:39.384,-1,7602.0,1,True,17.612283718001372,37.43728320497621,6.104843208015953,0.394523,1.804331,3.0,1.0,tail_1,False,False
49099,63924705951,2026-09-10 06:45:51.032,-1,7601.75,1,True,17.612283718001372,37.43728320497621,7.17578358756774,0.583915,1.051595,2.0,2.0,tail_2_3,False,False
49104,63924705995,2026-09-10 06:46:35.868,1,7604.25,1,True,11.38704060156461,23.281629579831964,10.95146398595451,0.361529,-0.231828,3.0,1.0,tail_1,False,True
49204,63924706830,2026-09-10 07:00:30.936,-1,7591.0,4,True,38.190383527791674,43.711514873615826,9.159611315855297,6.893225,2.806975,-0.0,4.0,tail_ge4,False,True
49211,63924706891,2026-09-10 07:01:31.556,-1,7590.25,3,True,21.11463289228735,14.896891522528945,5.925021203831867,5.184361,1.558885,3.0,1.0,tail_1,False,False
49225,63924707002,2026-09-10 07:03:22.308,1,7593.75,3,True,32.527395558634375,56.283163946349546,9.710179903234273,1.52542,-0.358418,4.0,0.0,no_tail,False,True
49227,63924707012,2026-09-10 07:03:32.728,1,7594.0,1,True,28.187035374671513,49.224569340245466,11.210658955583016,1.671081,-0.982531,3.0,1.0,tail_1,False,True
49231,63924707030,2026-09-10 07:03:50.600,1,7593.0,2,True,19.333795390112325,32.53945007318183,6.150157580027944,1.807997,3.732203,1.0,3.0,tail_2_3,False,True
49237,63924707123,2026-09-10 07:05:23.356,1,7593.0,1,True,16.59630178790795,25.19773514694783,-2.5407380327583087,1.309879,4.07116,4.0,0.0,no_tail,False,False
49247,63924707257,2026-09-10 07:07:37.096,-1,7592.0,3,True,19.37017847836261,35.281494036041174,1.8844277735917587,0.745228,3.866637,3.0,1.0,tail_1,False,True
49287,63924707727,2026-09-10 07:15:27.264,1,7592.0,2,True,33.39745044116035,49.28575292747564,1.6667604622289336,2.854368,4.929459,2.0,2.0,tail_2_3,False,True
49301,63924707860,2026-09-10 07:17:40.148,1,7593.75,3,True,26.69965231163658,36.94702075893326,2.766685268222929,3.409951,2.210366,4.0,0.0,no_tail,False,True
49304,63924707897,2026-09-10 07:18:17.312,1,7593.25,2,True,26.12388635976749,34.68085798108645,-0.48150239552575186,2.628564,4.185158,4.0,0.0,no_tail,False,True
49307,63924707915,2026-09-10 07:18:35.156,1,7593.5,2,False,15.230125369331672,12.4772797584786,1.0697024916277063,2.103952,3.241171,3.0,1.0,tail_1,False,True
49399,63924708362,2026-09-10 07:26:02.740,1,7615.0,2,True,31.272988673490275,23.778161669186442,13.10257503509173,6.825571,-0.822145,2.0,2.0,tail_2_3,False,False
49446,63924708781,2026-09-10 07:33:01.672,-1,7608.25,1,True,15.305061682695673,14.711948791750098,13.500139455831544,3.323438,0.63205,-0.0,4.0,tail_ge4,False,False
49448,63924708815,2026-09-10 07:33:35.036,-1,7608.75,1,True,14.761178625775226,14.711948791750098,6.139207312308494,2.958673,2.776452,1.0,3.0,tail_2_3,False,True
49476,63924709233,2026-09-10 07:40:33.576,1,7611.5,5,True,33.35094025746739,47.80259344051214,0.9662971892059343,3.36433,4.256959,2.0,2.0,tail_2_3,False,True
49479,63924709268,2026-09-10 07:41:08.528,1,7612.5,1,True,29.04148710295852,39.58621128730385,10.13751068413473,3.133047,0.793368,0.0,4.0,tail_ge4,False,True
49481,63924709306,2026-09-10 07:41:46.768,1,7612.75,1,True,20.29419214171925,22.33253164330457,7.994783921839871,2.907505,0.043013,4.0,0.0,no_tail,False,False
49483,63924709322,2026-09-10 07:42:02.380,1,7611.75,1,True,10.13751068413473,5.807544543518788,5.96741850501146,2.570241,-0.845723,-1.0,0.0,no_tail,False,True
49502,63924709590,2026-09-10 07:46:30.040,-1,7608.5,3,True,32.19260338370288,46.92882104480733,12.400495923139525,3.898971,0.454233,1.0,3.0,tail_2_3,False,True
49504,63924709623,2026-09-10 07:47:03.364,-1,7608.25,1,True,32.19260338370288,46.92882104480733,10.141434103041108,3.653641,-0.194689,2.0,2.0,tail_2_3,False,True
49517,63924709789,2026-09-10 07:49:49.124,-1,7607.25,1,True,30.710650617369744,42.053997957533845,13.276448267304962,4.066142,0.409004,-0.0,4.0,tail_ge4,False,True
49546,63924710168,2026-09-10 07:56:08.248,1,7609.5,3,True,22.007442478256337,35.872296996268915,4.691408266745695,1.703666,2.710033,3.0,1.0,tail_1,False,True
49568,63924710450,2026-09-10 08:00:50.540,1,7611.25,3,True,23.483661015371727,27.219537855452202,4.065061902217189,3.869592,3.955112,1.0,3.0,tail_2_3,False,False
49603,63924711109,2026-09-10 08:11:49.420,1,7612.5,2,True,22.362200631400178,35.325454728591055,13.416466640166002,2.237455,-0.971256,3.0,1.0,tail_1,False,True
49607,63924711196,2026-09-10 08:13:16.116,1,7612.5,2,True,22.362200631400178,35.325454728591055,9.262334290177964,2.324732,-0.16941,4.0,0.0,no_tail,False,False
49616,63924711235,2026-09-10 08:13:55.668,1,7611.25,1,False,5.960012674276502,1.450877306948719,-3.4320318325953343,0.32395,3.797974,4.0,0.0,no_tail,False,False
49620,63924711322,2026-09-10 08:15:22.320,-1,7610.25,1,False,11.26232500416459,26.878505264591062,7.235185671632973,0.18321,2.653395,-0.0,4.0,tail_ge4,False,True
49629,63924711492,2026-09-10 08:18:12.668,-1,7610.25,1,True,14.189145473200346,25.802714280217852,0.07372052890261468,0.712747,3.663222,2.0,2.0,tail_2_3,False,True
49633,63924711625,2026-09-10 08:20:25.356,-1,7610.5,2,True,11.017280974067985,18.332580658360556,2.3199742878105307,0.784016,4.994049,1.0,3.0,tail_2_3,False,True
49641,63924711784,2026-09-10 08:23:04.732,-1,7609.25,4,True,25.868128037805366,41.50000221044954,7.136599793526599,2.137959,2.348285,2.0,2.0,tail_2_3,False,False
49643,63924711829,2026-09-10 08:23:49.356,-1,7609.5,1,True,25.868128037805366,41.50000221044954,2.3326348597495246,1.828499,3.362258,3.0,1.0,tail_1,False,False
49658,63924712202,2026-09-10 08:30:02.740,1,7612.5,2,True,26.79797555832164,41.93834171129192,17.051893855133905,2.731998,-0.295589,0.0,4.0,tail_ge4,False,True
49697,63924713100,2026-09-10 08:45:00.696,1,7613.75,1,False,-2.768438242378875,-8.80469012049853,3.3260603330064433,0.664395,1.339813,4.0,0.0,no_tail,False,False
49708,63924713400,2026-09-10 08:50:00.140,-1,7610.5,3,True,32.41886816952801,51.13494319439274,10.834113612386679,2.298676,-0.835115,4.0,0.0,no_tail,False,True
49749,63924714110,2026-09-10 09:01:50.384,-1,7607.5,1,False,15.415803677292233,-1.1480537511930644,-2.4125589420539657,2.766836,4.338486,4.0,0.0,no_tail,False,True
49751,63924714164,2026-09-10 09:02:44.332,-1,7607.0,1,False,7.145174173526861,-15.494863349487737,1.5455415508950412,2.402317,2.392428,4.0,0.0,no_tail,False,True
49758,63924714286,2026-09-10 09:04:46.076,-1,7605.75,2,True,20.507070163608915,29.084737193683264,14.29414617854737,2.90881,-0.70033,2.0,2.0,tail_2_3,False,True
49786,63924714981,2026-09-10 09:16:21.956,-1,7602.5,3,True,36.347964084561234,40.91839658937889,6.449337928663666,5.674869,1.341054,3.0,1.0,tail_1,False,True
49795,63924715230,2026-09-10 09:20:30.032,-1,7601.25,4,True,30.260540913632887,36.10127641707637,10.70073973232459,5.192559,-0.125093,3.0,1.0,tail_1,False,True
49810,63924715862,2026-09-10 09:31:02.892,-1,7601.0,2,True,28.147553333825186,35.56972171318694,7.358751904025895,4.279805,3.575161,-1.0,5.0,tail_ge4,False,False
49812,63924715921,2026-09-10 09:32:01.956,-1,7600.75,1,True,28.147553333825186,35.56972171318694,1.792772597832886,3.664739,2.610904,4.0,0.0,no_tail,False,False
49831,63924716066,2026-09-10 09:34:26.612,-1,7599.0,4,True,33.94928100420831,45.81076860618944,7.197290443532046,4.310432,1.682798,2.0,2.0,tail_2_3,False,True
49945,63924718106,2026-09-10 10:08:26.380,-1,7609.5,3,True,18.278733662898013,39.14568121549905,4.743839699807137,0.517114,1.074827,4.0,0.0,no_tail,False,True
49970,63924718883,2026-09-10 10:21:23.692,-1,7609.25,1,True,16.77469761612271,30.660649305460858,12.84504475079816,1.06216,0.262551,1.0,3.0,tail_2_3,False,True
49996,63924719810,2026-09-10 10:36:50.868,-1,7606.0,1,True,29.12818416923766,33.15337268172039,10.813108989872843,4.654234,-0.172892,3.0,1.0,tail_1,False,True
50016,63924720775,2026-09-10 10:52:55.548,-1,7603.75,1,True,25.510600903640334,25.111045509898574,11.83219211935467,5.216568,0.698363,1.0,3.0,tail_2_3,False,True
50025,63924721063,2026-09-10 10:57:43.888,-1,7603.75,3,True,18.758035191705144,15.804342215434817,4.522983008302535,3.898579,2.779629,3.0,1.0,tail_1,False,True
50080,63924722955,2026-09-10 11:29:15.092,-1,7597.5,2,False,15.811697631394999,12.572868038947512,8.97105742635593,3.887067,1.579896,2.0,2.0,tail_2_3,False,True
50091,63924723432,2026-09-10 11:37:12.508,-1,7595.75,2,True,34.12402753764024,45.73319904133747,10.63744000357652,4.596791,-0.751447,4.0,0.0,no_tail,False,False
50100,63924723908,2026-09-10 11:45:08.512,-1,7597.0,1,False,12.6608948465146,5.047266829787218,-0.779174565016008,2.134699,4.320519,3.0,1.0,tail_1,False,True
50102,63924723968,2026-09-10 11:46:08.620,-1,7596.0,1,False,7.087178036531068,-6.0174403934229455,4.514024420646667,2.022067,0.529629,4.0,0.0,no_tail,False,True
50104,63924724004,2026-09-10 11:46:44.372,-1,7596.0,1,False,4.514024420646667,-0.5281757309166463,7.134343324293784,1.910696,0.72266,4.0,0.0,no_tail,False,True
50141,63924724493,2026-09-10 11:54:53.312,1,7599.5,2,True,25.691028617670764,32.52864460005141,6.492555922193736,3.742644,-0.42372,-1.0,0.0,no_tail,False,True
50190,63924725857,2026-09-10 12:17:37.708,-1,7596.25,1,False,-0.5537655640202861,-1.2700775589621163,3.95544003534786,0.197944,1.080353,4.0,0.0,no_tail,False,True
50198,63924726045,2026-09-10 12:20:45.504,-1,7595.5,3,True,24.219104702833977,40.90927855723667,8.391823292840167,1.886359,0.529829,3.0,1.0,tail_1,False,True
50206,63924726491,2026-09-10 12:28:11.124,-1,7595.5,1,True,15.29546656706634,21.57430476872053,1.9044975357536604,1.717038,1.604723,4.0,0.0,no_tail,False,True
50208,63924726630,2026-09-10 12:30:30.808,-1,7595.25,1,True,15.29546656706634,21.57430476872053,6.909036906390522,1.682681,0.829658,3.0,1.0,tail_1,False,False
50222,63924727105,2026-09-10 12:38:25.624,1,7597.75,1,True,21.395113462668018,38.59766067823524,11.311254678233999,1.285498,1.574472,0.0,4.0,tail_ge4,False,True
50240,63924727636,2026-09-10 12:47:16.960,1,7599.25,3,True,28.280310737670177,38.58081146917636,3.3589505118693954,3.792996,2.606638,4.0,0.0,no_tail,False,True
50243,63924727752,2026-09-10 12:49:12.100,1,7599.0,2,True,24.862566096784263,30.596730540856946,0.8225580893819491,2.992171,3.649707,4.0,0.0,no_tail,False,True
50261,63924728050,2026-09-10 12:54:10.092,-1,7597.5,2,False,17.788942238747826,36.789335944013644,11.623757028950644,0.070841,-0.18571,2.0,2.0,tail_2_3,False,False
50263,63924728070,2026-09-10 12:54:30.016,-1,7597.75,1,True,17.788942238747826,36.789335944013644,9.385002022045727,0.345109,1.098467,1.0,3.0,tail_2_3,False,False
50265,63924728100,2026-09-10 12:55:00.016,-1,7598.25,1,True,17.788942238747826,36.789335944013644,5.100779371818059,0.402038,3.207004,1.0,3.0,tail_2_3,False,True
50269,63924728176,2026-09-10 12:56:16.860,-1,7598.5,1,True,11.623757028950644,24.253533119440828,0.48875934058466286,0.245675,4.146048,1.0,3.0,tail_2_3,False,True
50272,63924728280,2026-09-10 12:58:00.508,-1,7598.25,2,True,6.0796148819375055,11.364206251859327,0.4346756410814119,0.216735,3.168807,4.0,0.0,no_tail,False,True
50279,63924728372,2026-09-10 12:59:32.568,-1,7597.5,2,True,5.8213812324498,11.389903814546917,6.335412395144707,0.404937,0.415108,4.0,0.0,no_tail,False,True
50281,63924728380,2026-09-10 12:59:40.580,-1,7597.25,1,True,7.565518127609016,13.948563190205725,10.921932529336102,0.735214,-0.193127,1.0,3.0,tail_2_3,False,False
50284,63924728389,2026-09-10 12:59:49.000,-1,7598.5,2,True,10.921932529336102,19.89208284509381,-0.3588960688833291,0.548659,4.788081,3.0,1.0,tail_1,False,False
50286,63924728393,2026-09-10 12:59:53.840,-1,7598.5,1,True,10.921932529336102,19.89208284509381,-0.962707671097623,0.408796,4.729021,2.0,2.0,tail_2_3,False,True
50288,63924728397,2026-09-10 12:59:57.224,-1,7598.5,1,True,10.921932529336102,19.89208284509381,-2.268033076263184,0.223102,4.599146,4.0,0.0,no_tail,False,True
50293,63924728400,2026-09-10 13:00:00.724,1,7599.5,2,True,8.487277513704916,17.245806070147246,4.198893875773548,0.318545,1.940144,4.0,0.0,no_tail,False,False
50296,63924728422,2026-09-10 13:00:22.420,1,7598.75,2,True,8.487277513704916,17.245806070147246,-3.436294566904226,0.079324,4.760002,4.0,0.0,no_tail,False,False
50297,63924728430,2026-09-10 13:00:30.472,-1,7597.75,1,False,3.436294566904226,7.9576219111513735,5.535135466272333,0.080371,1.387449,4.0,0.0,no_tail,False,True
50299,63924728518,2026-09-10 13:01:58.212,-1,7597.75,1,True,5.535135466272333,11.783151092267513,7.361006126484062,0.30921,1.627553,1.0,3.0,tail_2_3,False,True
50301,63924728579,2026-09-10 13:02:59.460,-1,7597.5,1,True,7.361006126484062,14.504282748142392,6.148118598803349,0.453422,0.813054,4.0,0.0,no_tail,False,True
50303,63924728700,2026-09-10 13:05:00.092,-1,7597.5,1,True,7.361006126484062,14.504282748142392,7.922551575350528,0.633098,1.059648,2.0,2.0,tail_2_3,False,True
50305,63924728707,2026-09-10 13:05:07.368,-1,7597.0,1,True,7.922551575350528,14.504282748142392,8.846090974657494,0.847829,-0.634289,4.0,0.0,no_tail,False,False
50340,63924735662,2026-09-10 15:01:02.292,1,7602.75,1,False,2.162613837581177,-10.267598287227216,5.735098797523088,2.745204,0.664353,4.0,0.0,no_tail,False,False
50343,63924735769,2026-09-10 15:02:49.872,1,7602.5,1,False,9.597400182767108,7.027060279716421,8.496469119710927,2.557248,2.112517,1.0,3.0,tail_2_3,False,True
50345,63924735858,2026-09-10 15:04:18.920,1,7602.25,1,False,9.597400182767108,7.027060279716421,2.8616431869524344,2.201471,3.144619,3.0,1.0,tail_1,False,True
50347,63924736010,2026-09-10 15:06:50.520,1,7602.75,1,False,9.597400182767108,7.027060279716421,4.2221445370615,2.015369,1.290361,4.0,0.0,no_tail,False,True
50352,63924736599,2026-09-10 15:16:39.020,1,7603.25,1,False,5.940514736267711,4.044766596761626,10.115448918184603,1.823486,-0.196749,3.0,1.0,tail_1,False,True
50371,63924738635,2026-09-10 15:50:35.248,-1,7600.75,2,True,23.300320293561725,41.26872102544532,12.962994510618849,1.066016,0.531667,1.0,3.0,tail_2_3,False,True
50377,63924739394,2026-09-10 16:03:14.620,-1,7600.25,1,True,23.300320293561725,41.26872102544532,14.439248679376343,2.054532,0.222566,-0.0,4.0,tail_ge4,False,False
50380,63924740538,2026-09-10 16:22:18.172,-1,7600.5,2,True,18.4361176488964,29.148291481771903,5.9783757444309416,1.90086,1.536737,3.0,1.0,tail_1,False,True
50382,63924740855,2026-09-10 16:27:35.980,-1,7600.25,1,True,18.4361176488964,29.148291481771903,7.059566438136204,1.843483,0.766899,3.0,1.0,tail_1,False,True
50387,63924741697,2026-09-10 16:41:37.700,-1,7600.25,1,True,7.059566438136204,5.874075374144737,4.915949554630404,1.450861,1.003641,4.0,0.0,no_tail,False,True
50389,63924742082,2026-09-10 16:48:02.532,-1,7600.0,1,True,7.059566438136204,5.874075374144737,7.530682779364627,1.467573,0.237117,4.0,0.0,no_tail,False,True
50402,63924742869,2026-09-10 17:01:09.112,-1,7598.0,3,True,39.047950702624405,54.222895440080315,15.561172894472293,4.938613,-0.937536,2.0,2.0,tail_2_3,False,False
50474,63924748007,2026-09-10 18:26:47.876,1,7610.5,6,True,44.32157858733809,49.09840566467878,5.0562872703584185,7.840207,2.559094,3.0,1.0,tail_1,False,True
50476,63924748080,2026-09-10 18:28:00.752,1,7610.5,1,False,43.17665349430775,46.72271133204114,2.607219564287604,6.679496,2.596072,4.0,0.0,no_tail,False,True
50478,63924748240,2026-09-10 18:30:40.124,1,7610.25,1,False,32.37180922247232,23.349471122207472,2.49491362302775,5.689371,3.628669,2.0,2.0,tail_2_3,False,True
50481,63924748509,2026-09-10 18:35:09.872,1,7611.0,1,False,9.09683170015784,-13.934387097124398,7.923525832135758,4.827048,1.046206,3.0,1.0,tail_1,False,False
50497,63924750323,2026-09-10 19:05:23.716,1,7609.75,1,False,9.088340235548207,15.901051424581377,-0.5650708532799563,0.567261,4.219497,4.0,0.0,no_tail,False,True
50499,63924750507,2026-09-10 19:08:27.160,1,7609.75,1,False,9.088340235548207,15.901051424581377,1.0349547773188974,0.504077,4.241835,1.0,3.0,tail_2_3,False,True
50505,63924751420,2026-09-10 19:23:40.752,-1,7608.0,1,False,9.39273559777366,20.084366445143456,11.926711092242634,0.280268,-0.648673,3.0,1.0,tail_1,False,True
50524,63924753102,2026-09-10 19:51:42.728,-1,7606.75,3,True,33.63137424179811,45.220840864751736,8.728652556198682,4.583302,3.641581,-1.0,5.0,tail_ge4,False,True
50556,63924756328,2026-09-10 20:45:28.448,-1,7603.25,3,True,34.66086056528063,41.466217025605886,0.9314709099641457,5.177733,4.924497,1.0,3.0,tail_2_3,False,True
50566,63924757045,2026-09-10 20:57:25.880,-1,7601.75,2,True,24.205823825208824,27.480564963956294,5.9677963481437,4.023293,1.541141,3.0,1.0,tail_1,False,True
50568,63924757165,2026-09-10 20:59:25.408,-1,7601.75,1,True,24.205823825208824,27.480564963956294,4.885538987967933,3.526943,1.656394,4.0,0.0,no_tail,False,True
50572,63924757291,2026-09-10 21:01:31.532,-1,7601.25,1,True,15.366094430476682,15.280112554017292,12.670348666069632,3.424647,0.658041,1.0,3.0,tail_2_3,False,True
50707,63924767098,2026-09-10 23:44:58.188,1,7626.5,3,False,16.145800464790174,13.335918045849207,6.051286845860379,3.67267,1.1864,3.0,1.0,tail_1,False,True
50739,63924768895,2026-09-11 00:14:55.160,1,7630.25,3,True,23.06424018840124,17.814566212991743,3.777414117478096,4.803071,2.114049,4.0,0.0,no_tail,False,True
50741,63924768988,2026-09-11 00:16:28.736,1,7630.25,1,False,19.637077770314285,11.552571296954913,5.035668751870612,4.214846,2.260605,2.0,2.0,tail_2_3,False,True
50745,63924769208,2026-09-11 00:20:08.692,1,7630.5,2,False,15.526711437125329,4.65293330088867,5.96046609824528,3.565257,1.877332,2.0,2.0,tail_2_3,False,False
50747,63924769430,2026-09-11 00:23:50.112,1,7630.25,1,False,10.38996646410873,1.7768979831624319,5.534227261387902,3.180456,3.040552,0.0,4.0,tail_ge4,False,False
50786,63924772276,2026-09-11 01:11:16.440,-1,7626.0,2,True,25.1614468978204,37.269828584846955,17.588684505392024,3.076987,-0.857513,-0.0,4.0,tail_ge4,False,True
50846,63924773091,2026-09-11 01:24:51.156,1,7636.75,1,False,24.941254161983103,12.862472019415433,1.776287415594281,5.414074,2.617676,4.0,0.0,no_tail,False,False
50868,63924773782,2026-09-11 01:36:22.028,1,7636.25,2,False,19.368546687625194,38.40489454695091,11.044144112219085,0.520218,1.368336,0.0,4.0,tail_ge4,False,False
50870,63924774117,2026-09-11 01:41:57.500,1,7635.75,1,True,19.368546687625194,38.40489454695091,4.498384322536637,0.529549,3.456122,1.0,3.0,tail_2_3,False,True
50877,63924774466,2026-09-11 01:47:46.860,1,7636.5,2,True,11.450164719742718,20.56100127457816,7.699551476055181,0.934135,1.152941,2.0,2.0,tail_2_3,False,True
50879,63924774495,2026-09-11 01:48:15.248,1,7637.0,1,True,11.450164719742718,20.56100127457816,8.641159850068632,1.09547,-0.548169,4.0,0.0,no_tail,False,True
50916,63924777009,2026-09-11 02:30:09.684,1,7640.0,1,False,-5.17406038344634,-19.50000479263853,-1.2397635405332739,1.524129,4.509654,3.0,1.0,tail_1,False,True
50919,63924777580,2026-09-11 02:39:40.176,1,7640.25,1,False,-0.42497410175744854,-7.877430949683883,0.340714886001435,1.204415,3.527491,4.0,0.0,no_tail,False,True
50922,63924777751,2026-09-11 02:42:31.572,1,7640.5,1,False,3.248165849440025,0.9870704209518574,3.8671588685568064,1.129179,2.730284,3.0,1.0,tail_1,False,True
50924,63924778009,2026-09-11 02:46:49.364,1,7640.25,1,False,3.8671588685568064,2.434673692742186,1.4748495060843447,0.945366,3.714883,3.0,1.0,tail_1,False,True
50927,63924778573,2026-09-11 02:56:13.852,1,7640.5,2,False,3.8671588685568064,2.434673692742186,0.6745311460372153,0.776725,2.750204,4.0,0.0,no_tail,False,True
50960,63924780172,2026-09-11 03:22:52.592,1,7641.75,2,True,26.852120684222996,38.338968373680714,4.501421287416576,2.600133,2.788535,3.0,1.0,tail_1,False,True
50963,63924780357,2026-09-11 03:25:57.040,1,7642.0,1,True,10.57175167829917,6.739275278809706,9.61084267243701,2.498279,2.296533,0.0,4.0,tail_ge4,False,True
50970,63924781141,2026-09-11 03:39:01.152,1,7641.75,2,True,12.285016543042804,15.394289589420383,3.3922952361339855,1.899645,3.899384,2.0,2.0,tail_2_3,False,False
50998,63924784248,2026-09-11 04:30:48.416,-1,7639.5,1,False,8.52299526631086,0.7026402143113596,4.119557708652058,1.466441,3.932606,1.0,3.0,tail_2_3,False,True
51000,63924784425,2026-09-11 04:33:45.196,-1,7639.5,1,False,4.119557708652058,1.0109745903494292,0.2407936450592347,1.215305,3.901648,3.0,1.0,tail_1,False,True
51022,63924786203,2026-09-11 05:03:23.536,-1,7639.0,1,False,6.949689414172583,15.079309267148687,8.152571734891524,0.162639,2.269835,-0.0,4.0,tail_ge4,False,False
51026,63924786359,2026-09-11 05:05:59.240,1,7640.25,1,True,11.420294365463024,22.24115824585344,1.916020268112729,0.020374,2.880324,4.0,0.0,no_tail,False,True
51027,63924786384,2026-09-11 05:06:24.060,-1,7639.25,1,True,8.152571734891524,16.762861624893986,1.1541628344233468,0.057943,3.193414,4.0,0.0,no_tail,False,False
51029,63924786456,2026-09-11 05:07:36.828,-1,7639.0,1,True,8.152571734891524,16.762861624893986,3.367248842009631,0.15656,2.296189,3.0,1.0,tail_1,False,False
51032,63924786629,2026-09-11 05:10:29.712,-1,7639.5,2,True,3.367248842009631,6.719384091929474,-1.3578848730905166,0.054388,4.225074,4.0,0.0,no_tail,False,False
51033,63924786648,2026-09-11 05:10:48.232,1,7640.5,1,False,1.916020268112729,4.167130930955527,4.292723763858947,0.081496,1.901399,4.0,0.0,no_tail,False,True
51041,63924786851,2026-09-11 05:14:11.616,1,7640.75,3,True,22.509899504885002,37.75018885218997,7.08597433001303,1.627324,3.022653,1.0,3.0,tail_2_3,False,True
51118,63924787801,2026-09-11 05:30:01.120,1,7653.75,2,True,23.84223314396672,16.316512588662075,11.086894196351304,5.704011,1.350117,0.0,4.0,tail_ge4,False,True
51137,63924787801,2026-09-11 05:30:01.220,-1,7649.5,6,True,57.58571791261793,71.58376472234673,4.94612986568217,5.772711,4.231274,1.0,3.0,tail_2_3,False,True
51220,63924787801,2026-09-11 05:30:01.612,-1,7635.75,3,True,39.89539848773553,49.46962256797236,11.046866950611228,6.371304,2.980689,-1.0,5.0,tail_ge4,False,True
51222,63924787801,2026-09-11 05:30:01.620,-1,7636.0,1,True,39.89539848773553,49.46962256797236,3.7850963924084304,5.506781,4.096745,-1.0,5.0,tail_ge4,False,True
51243,63924787802,2026-09-11 05:30:02.532,1,7637.75,2,True,31.575050219655616,55.20229956085215,15.93920055832671,1.459666,0.854662,-1.0,5.0,tail_ge4,False,True
51298,63924787809,2026-09-11 05:30:09.600,-1,7627.75,4,True,28.633363249721036,16.71830588048137,3.9490533936171723,6.875493,2.709566,2.0,2.0,tail_2_3,False,True
51300,63924787810,2026-09-11 05:30:10.056,-1,7627.0,1,False,27.998387550636675,16.71830588048137,7.3552953851093354,6.117461,0.003332,3.0,1.0,tail_1,False,False
51303,63924787810,2026-09-11 05:30:10.936,-1,7627.5,2,False,22.484533087746794,5.746140783919807,2.900353487593313,4.912687,2.155325,4.0,0.0,no_tail,False,False
51316,63924787812,2026-09-11 05:30:12.656,-1,7628.25,1,False,-3.0196680190706746,-7.426669055054607,2.3375159833675,0.271753,2.720075,3.0,1.0,tail_1,False,False
51333,63924787815,2026-09-11 05:30:15.088,1,7631.0,4,True,31.868886102253892,46.17082465953335,4.3024473323656975,3.070495,1.91046,3.0,1.0,tail_1,False,False
51335,63924787815,2026-09-11 05:30:15.804,1,7631.0,1,True,31.868886102253892,46.17082465953335,5.489570427855646,2.76401,2.07267,2.0,2.0,tail_2_3,False,False
51361,63924787834,2026-09-11 05:30:34.164,1,7631.5,3,True,19.09919605162097,28.25393977967002,1.9812619268323595,2.266583,3.519839,2.0,2.0,tail_2_3,False,True
51367,63924787838,2026-09-11 05:30:38.524,1,7632.5,1,True,12.992301334173971,14.355536606429538,7.74478555346701,2.160148,0.467708,4.0,0.0,no_tail,False,True
51388,63924787864,2026-09-11 05:31:04.144,-1,7630.0,3,True,32.82153052469977,52.148134801212,7.5111605221777715,2.295473,3.178357,-0.0,4.0,tail_ge4,False,True
51393,63924787873,2026-09-11 05:31:13.440,-1,7629.0,2,True,23.501138379253884,36.34276007731686,13.63304251567287,2.734122,0.587368,-1.0,5.0,tail_ge4,False,True
51401,63924787886,2026-09-11 05:31:26.012,-1,7629.0,3,True,24.199087010956966,33.93135127332921,6.084524771880584,3.031692,2.78612,2.0,2.0,tail_2_3,False,False
51403,63924787891,2026-09-11 05:31:31.440,-1,7628.5,1,True,24.199087010956966,33.93135127332921,5.736157636628339,2.781489,0.997106,3.0,1.0,tail_1,False,False
51405,63924787894,2026-09-11 05:31:34.696,-1,7629.5,1,True,24.199087010956966,33.93135127332921,3.1215141953727406,2.354474,4.997329,-0.0,4.0,tail_ge4,False,False
51424,63924787928,2026-09-11 05:32:08.752,1,7633.0,5,True,38.077515940792374,53.170327548345774,6.823794561670193,4.514171,1.172191,4.0,0.0,no_tail,False,True
51482,63924788144,2026-09-11 05:35:44.252,1,7641.5,2,True,27.41950183076542,17.67063054774123,8.770741963293617,6.167638,2.317383,1.0,3.0,tail_2_3,False,True
51525,63924788491,2026-09-11 05:41:31.956,1,7647.5,3,True,25.940944787540325,23.10283680053052,7.279539062709443,5.431606,0.982154,4.0,0.0,no_tail,False,True
51530,63924788571,2026-09-11 05:42:51.428,1,7648.0,2,True,25.13997661104943,23.10283680053052,8.87905580842037,4.451824,-0.008014,4.0,0.0,no_tail,False,True
51686,63924791306,2026-09-11 06:28:26.660,-1,7667.75,2,True,28.76343998583571,30.530800264981874,12.643439800032487,5.158049,2.296221,-1.0,5.0,tail_ge4,False,False
51746,63924791526,2026-09-11 06:32:06.976,-1,7664.0,3,True,18.06190700303452,16.733090049329196,2.0592399354679647,3.635972,3.141524,4.0,0.0,no_tail,False,False
51808,63924791817,2026-09-11 06:36:57.376,1,7674.25,1,True,37.592817917222376,35.1049175347992,13.564046785345063,7.712168,-0.035885,0.0,4.0,tail_ge4,False,True
51810,63924791820,2026-09-11 06:37:00.920,1,7674.0,1,True,35.87681137168217,31.778325242761127,7.648079408278027,6.729391,1.161415,3.0,1.0,tail_1,False,True
51822,63924791895,2026-09-11 06:38:15.900,1,7675.25,2,True,19.423057988792127,15.804625125905352,13.187551080126706,4.881485,-0.205708,1.0,3.0,tail_2_3,False,False
51824,63924791900,2026-09-11 06:38:20.956,1,7675.0,1,True,19.423057988792127,15.804625125905352,8.022800801841827,4.346527,1.00465,3.0,1.0,tail_1,False,True
51828,63924791918,2026-09-11 06:38:38.676,1,7674.5,2,True,19.3845232325281,15.804625125905352,3.57154023152139,3.540921,3.50544,2.0,2.0,tail_2_3,False,True
51874,63924792066,2026-09-11 06:41:06.428,-1,7671.5,3,True,22.25791134173228,38.55059378722579,6.903089007949199,1.517114,2.445659,2.0,2.0,tail_2_3,False,False
51876,63924792070,2026-09-11 06:41:10.412,-1,7671.5,1,True,22.25791134173228,38.55059378722579,2.8616431869524344,1.336331,2.49136,4.0,0.0,no_tail,False,False
51878,63924792075,2026-09-11 06:41:15.588,-1,7671.75,1,True,22.25791134173228,38.55059378722579,2.0114773848756755,1.139027,3.494331,3.0,1.0,tail_1,False,False
51897,63924792162,2026-09-11 06:42:42.156,-1,7670.25,1,True,25.043235517493887,42.29860031215772,11.186987821080269,2.436298,0.334065,1.0,3.0,tail_2_3,False,True
51899,63924792172,2026-09-11 06:42:52.004,-1,7670.0,1,True,23.305797611352304,37.52402235321391,9.00474491807983,2.353008,-0.380973,4.0,0.0,no_tail,False,True
51901,63924792185,2026-09-11 06:43:05.684,-1,7670.0,1,True,21.06189495102281,32.0258145765273,9.14017657414957,2.260652,-0.117922,4.0,0.0,no_tail,False,True
51905,63924792200,2026-09-11 06:43:20.348,-1,7670.5,2,True,16.15891014120325,22.053460126246428,9.280565082236023,2.397289,2.769082,-1.0,5.0,tail_ge4,False,True
51910,63924792218,2026-09-11 06:43:38.640,-1,7671.0,3,True,16.15891014120325,22.053460126246428,-3.1604345174199158,1.702712,4.96644,4.0,0.0,no_tail,False,True
51912,63924792244,2026-09-11 06:44:04.676,-1,7670.5,1,False,14.85914317295824,19.08746217587219,0.8537203233998989,1.489397,3.009774,3.0,1.0,tail_1,False,True
51918,63924792273,2026-09-11 06:44:33.536,-1,7669.5,2,True,21.546353809872173,33.32417304221964,12.557220585796802,2.316617,0.706804,1.0,3.0,tail_2_3,False,False
51920,63924792286,2026-09-11 06:44:46.024,-1,7670.25,1,True,21.546353809872173,33.32417304221964,4.516833493196646,2.024059,3.768564,1.0,3.0,tail_2_3,False,False
51934,63924792354,2026-09-11 06:45:54.972,-1,7669.75,3,True,16.251474093687726,27.716598030156845,2.2957965427591303,1.351375,2.404095,4.0,0.0,no_tail,False,False
51936,63924792358,2026-09-11 06:45:58.856,-1,7669.75,1,True,16.251474093687726,27.716598030156845,2.954832976089857,1.199238,2.452992,4.0,0.0,no_tail,False,False
51963,63924792431,2026-09-11 06:47:11.108,-1,7670.75,1,False,13.356674941279037,34.48823483824455,6.689468904166836,0.009618,2.214481,2.0,2.0,tail_2_3,False,True
51966,63924792448,2026-09-11 06:47:28.848,-1,7670.5,1,True,10.93460010894086,25.698534619042444,5.283078923463039,0.273463,1.491889,4.0,0.0,no_tail,False,True
51975,63924792498,2026-09-11 06:48:18.224,-1,7669.5,2,True,17.859840305301915,31.45590448481085,9.489376073042502,1.749911,-0.265152,4.0,0.0,no_tail,False,True
51984,63924792559,2026-09-11 06:49:19.088,-1,7668.75,2,True,25.4231118888408,38.196753811649664,15.245984477273609,3.354078,0.188121,-0.0,4.0,tail_ge4,False,True
51993,63924792618,2026-09-11 06:50:18.428,-1,7669.25,2,True,24.64698245158702,33.12026855633124,2.1620798383740927,3.027786,4.40573,2.0,2.0,tail_2_3,False,True
51995,63924792625,2026-09-11 06:50:25.616,-1,7668.5,1,True,24.64698245158702,33.12026855633124,2.860881146821455,2.694733,1.531395,4.0,0.0,no_tail,False,True
52006,63924792714,2026-09-11 06:51:54.408,-1,7668.5,3,True,19.65320460442489,28.55638795283124,3.7449340889164118,2.241977,3.11383,2.0,2.0,tail_2_3,False,True
52009,63924792742,2026-09-11 06:52:22.392,-1,7668.75,1,True,19.65320460442489,28.55638795283124,3.26507066888561,1.900313,4.284973,1.0,3.0,tail_2_3,False,True
52011,63924792755,2026-09-11 06:52:35.016,-1,7668.25,1,True,19.65320460442489,28.55638795283124,1.6656918453184077,1.672997,2.34303,4.0,0.0,no_tail,False,True
52013,63924792771,2026-09-11 06:52:51.940,-1,7668.75,1,False,7.753411183587952,4.078515530569811,1.5964582953128978,1.394574,4.318191,2.0,2.0,tail_2_3,False,True
52025,63924792857,2026-09-11 06:54:17.836,-1,7668.0,1,True,18.80453014922228,28.689889068975987,0.4618703724877254,1.520895,3.170693,3.0,1.0,tail_1,False,True
52027,63924792868,2026-09-11 06:54:28.284,-1,7667.5,1,False,7.8918976059240595,6.8124215924549425,4.163863305100737,1.43733,1.314431,4.0,0.0,no_tail,False,False
52029,63924792884,2026-09-11 06:54:44.908,-1,7667.25,1,True,7.8918976059240595,6.8124215924549425,6.8429240323968425,1.432281,0.524009,4.0,0.0,no_tail,False,False
52079,63924793274,2026-09-11 07:01:14.544,1,7676.75,1,True,27.507856044984177,15.217607075890504,7.232253529479755,6.236306,1.014968,3.0,1.0,tail_1,False,True
52181,63924794058,2026-09-11 07:14:18.628,-1,7669.0,1,True,22.1754815461007,29.69622740415,6.558914644123266,2.051432,0.962353,4.0,0.0,no_tail,False,True
52183,63924794077,2026-09-11 07:14:37.152,-1,7669.5,1,True,9.715078425991491,4.18111302295798,4.690194131256005,1.820789,3.043679,2.0,2.0,tail_2_3,False,True
52190,63924794124,2026-09-11 07:15:24.568,-1,7668.0,1,True,24.24025942357345,35.80371562608616,16.06625944860422,2.9934,-0.495245,-0.0,4.0,tail_ge4,False,True
52200,63924794197,2026-09-11 07:16:37.552,-1,7668.0,2,True,18.63733020773935,22.784224001412255,6.2572197565895955,3.035492,2.061131,3.0,1.0,tail_1,False,True
52309,63924795629,2026-09-11 07:40:29.428,-1,7664.0,4,True,46.25006498666888,51.71341506653284,10.814583094471342,8.594917,2.759525,-1.0,5.0,tail_ge4,False,True
52387,63924796239,2026-09-11 07:50:39.012,1,7662.25,3,True,23.731379031717324,38.92702435345622,4.988514145494868,2.127809,1.293728,4.0,0.0,no_tail,False,True
52389,63924796244,2026-09-11 07:50:44.208,1,7662.5,1,True,23.731379031717324,38.92702435345622,6.8888586189933605,2.01829,0.504898,4.0,0.0,no_tail,False,True
52393,63924796266,2026-09-11 07:51:06.584,1,7662.25,2,True,15.274638588915344,20.70211348981113,7.422762883275971,2.080551,2.228883,2.0,2.0,tail_2_3,False,True
52401,63924796357,2026-09-11 07:52:37.056,1,7662.25,1,False,9.032539825826305,8.727159849478415,2.7581489720996935,1.301616,2.560096,2.0,2.0,tail_2_3,False,False
52424,63924796716,2026-09-11 07:58:36.104,-1,7658.5,1,True,35.6666506887902,49.710938742185256,10.448048627690005,4.289589,1.941997,-0.0,4.0,tail_ge4,False,True
52482,63924797490,2026-09-11 08:11:30.532,1,7665.0,2,True,22.969950786402624,8.316592916323463,6.06752861729047,5.634115,2.793163,2.0,2.0,tail_2_3,False,False
52552,63924799115,2026-09-11 08:38:35.976,1,7675.0,2,True,37.0505175430838,32.855021128901505,8.154667750325446,7.121287,1.269454,3.0,1.0,tail_1,False,True
52568,63924799753,2026-09-11 08:49:13.468,1,7676.75,2,True,34.63806104093576,40.16280427393515,7.484652496793034,5.551887,1.242751,2.0,2.0,tail_2_3,False,True
52572,63924799859,2026-09-11 08:50:59.008,1,7677.25,2,True,21.75905078039621,13.024864416914726,8.774099750317943,4.702044,0.049209,3.0,1.0,tail_1,False,False
52584,63924800279,2026-09-11 08:57:59.044,-1,7674.75,4,False,21.841636939194878,46.972037763333574,6.264013485858928,0.311095,3.044702,1.0,3.0,tail_2_3,False,False
52589,63924800467,2026-09-11 09:01:07.508,1,7676.75,1,False,5.259672311864928,11.652191838418881,8.744026740581935,0.252726,-0.578306,3.0,1.0,tail_1,False,True
52599,63924800997,2026-09-11 09:09:57.356,1,7676.75,3,True,24.22971470583884,40.8311269709604,9.082604544692245,2.447877,2.852494,-1.0,5.0,tail_ge4,False,True
52622,63924802062,2026-09-11 09:27:42.312,-1,7672.75,3,True,29.140132941156402,42.20429813996545,14.112504560201158,3.909568,-0.287809,1.0,3.0,tail_2_3,False,True
52680,63924803409,2026-09-11 09:50:09.772,1,7672.0,2,False,22.03383571495691,42.8956949106267,8.269091656715444,0.182001,0.568237,4.0,0.0,no_tail,False,True
52685,63924803590,2026-09-11 09:53:10.156,1,7672.0,2,True,22.03383571495691,42.8956949106267,7.70292748767137,0.897109,1.471644,2.0,2.0,tail_2_3,False,True
52687,63924803651,2026-09-11 09:54:11.316,1,7672.0,1,True,12.973296211224461,25.504440365171252,5.040671895145895,0.886272,1.59224,4.0,0.0,no_tail,False,True
52712,63924804646,2026-09-11 10:10:46.016,1,7675.0,2,True,36.44735075317036,48.730893042902615,9.919722436929705,4.471604,-0.433966,3.0,1.0,tail_1,False,True
52716,63924804693,2026-09-11 10:11:33.080,1,7675.25,2,True,19.797861904364375,16.928501031133386,11.974969405327423,4.169554,-0.349277,3.0,1.0,tail_1,False,True
52718,63924804739,2026-09-11 10:12:19.024,1,7675.0,1,True,18.148178017065273,16.928501031133386,8.338955668768973,3.754962,0.872121,3.0,1.0,tail_1,False,True
52721,63924804911,2026-09-11 10:15:11.280,1,7674.25,2,True,18.148178017065273,16.928501031133386,2.4065344540407048,3.04159,3.9982,1.0,3.0,tail_2_3,False,True
52745,63924806415,2026-09-11 10:40:15.676,1,7677.0,3,True,28.88323729878489,34.288773325063794,4.003260677326477,4.603614,3.007287,2.0,2.0,tail_2_3,False,False
52747,63924806562,2026-09-11 10:42:42.108,1,7677.0,1,True,28.88323729878489,34.288773325063794,3.037722941015814,3.977508,3.085158,2.0,2.0,tail_2_3,False,False
52749,63924806626,2026-09-11 10:43:46.764,1,7677.0,1,False,28.505795057658815,33.184044004310756,1.426064782473968,3.369755,3.081685,4.0,0.0,no_tail,False,False
52764,63924807720,2026-09-11 11:02:00.260,1,7676.25,1,False,2.367717177765153,-2.7297191757549246,-4.263627546124264,0.112512,4.781164,4.0,0.0,no_tail,False,True
52801,63924809437,2026-09-11 11:30:37.996,-1,7672.5,2,True,20.623995481194402,19.01948216566088,2.276118152311266,3.893801,3.705607,3.0,1.0,tail_1,False,True
52807,63924809869,2026-09-11 11:37:49.320,-1,7672.0,3,True,17.44160624154259,18.298706403385157,4.2957624056557355,3.280405,2.873491,3.0,1.0,tail_1,False,True
