bar,time,direction,body,tail,bar_distance8,close_depth,body_depth,core,strict,prime,segment,outcome
35,2026-08-02 15:00:00.844,1,1.0,4.0,-2.1699,9,1,False,False,False,DEV,TARGET
40,2026-08-02 15:00:01.168,1,0.0,5.0,-0.9214,1,1,False,False,False,DEV,TARGET
44,2026-08-02 15:00:01.508,1,1.0,4.0,-1.3096,2,1,False,False,False,DEV,TARGET
68,2026-08-02 15:00:51.156,-1,2.0,3.0,0.4722,1,1,False,False,False,DEV,STOP
85,2026-08-02 15:01:18.536,-1,1.0,4.0,2.9943,10,10,False,False,False,DEV,TARGET
86,2026-08-02 15:01:21.820,-1,2.0,3.0,3.5511,10,10,False,False,False,DEV,TARGET
91,2026-08-02 15:01:34.096,-1,2.0,3.0,-0.1113,0,0,False,False,False,DEV,STOP
136,2026-08-02 15:08:23.084,1,2.0,3.0,-2.2628,2,1,False,False,False,DEV,STOP
148,2026-08-02 15:11:21.932,1,1.0,4.0,1.0399,10,1,False,False,False,DEV,TARGET
150,2026-08-02 15:11:43.740,1,2.0,3.0,4.0118,10,10,False,False,False,DEV,TARGET
154,2026-08-02 15:12:51.592,1,0.0,5.0,-2.9056,0,0,False,False,False,DEV,TARGET
183,2026-08-02 15:28:10.304,-1,2.0,3.0,0.0229,0,0,False,False,False,DEV,STOP
203,2026-08-02 15:52:58.932,-1,2.0,3.0,0.7903,10,1,False,False,False,DEV,TARGET
204,2026-08-02 15:56:12.608,-1,1.0,4.0,1.0591,10,10,False,False,False,DEV,TARGET
205,2026-08-02 15:57:24.772,-1,2.0,3.0,2.046,10,10,False,False,False,DEV,TARGET
276,2026-08-02 17:00:28.616,-1,2.0,3.0,0.3338,6,5,False,False,False,DEV,TARGET
307,2026-08-02 17:10:16.752,1,2.0,3.0,1.1153,10,10,False,False,False,DEV,TARGET
310,2026-08-02 17:11:22.868,1,0.0,5.0,-2.3628,0,0,False,False,False,DEV,STOP
319,2026-08-02 17:14:34.928,1,2.0,3.0,0.8755,9,7,False,False,False,DEV,TARGET
338,2026-08-02 17:28:14.140,-1,2.0,3.0,0.8191,10,1,False,False,False,DEV,TARGET
340,2026-08-02 17:28:52.100,-1,0.0,5.0,2.9276,10,10,False,False,False,DEV,STOP
373,2026-08-02 17:48:49.340,1,1.0,4.0,-0.1912,10,10,False,False,False,DEV,STOP
376,2026-08-02 17:51:03.216,1,2.0,3.0,0.1336,10,1,False,False,False,DEV,STOP
392,2026-08-02 18:03:54.660,1,2.0,3.0,-1.248,2,1,False,False,False,DEV,TARGET
396,2026-08-02 18:09:42.308,1,1.0,4.0,-3.4776,0,0,False,False,False,DEV,STOP
397,2026-08-02 18:10:18.468,1,1.0,4.0,-2.2603,1,1,False,False,False,DEV,STOP
411,2026-08-02 18:30:29.476,1,2.0,3.0,3.7171,10,10,False,False,False,DEV,STOP
416,2026-08-02 18:41:38.936,1,2.0,3.0,0.4916,3,3,False,False,False,DEV,TARGET
432,2026-08-02 19:13:44.360,1,0.0,5.0,-3.019,1,1,False,False,False,DEV,TARGET
448,2026-08-02 20:01:25.904,1,1.0,4.0,0.3907,10,10,False,False,False,DEV,STOP
449,2026-08-02 20:20:01.088,1,1.0,4.0,0.7483,10,10,False,False,False,DEV,STOP
456,2026-08-02 20:38:35.664,1,1.0,4.0,-2.0424,5,2,False,False,False,DEV,TARGET
467,2026-08-02 21:15:56.936,1,2.0,3.0,-2.5098,2,1,False,False,False,DEV,TARGET
469,2026-08-02 21:31:54.552,1,2.0,3.0,1.2595,10,5,False,False,False,DEV,TARGET
489,2026-08-02 22:41:24.200,1,1.0,4.0,-3.746,1,1,False,False,False,DEV,STOP
517,2026-08-02 23:39:41.628,-1,2.0,3.0,0.8696,4,4,False,False,False,DEV,TARGET
518,2026-08-02 23:45:00.084,-1,2.0,3.0,1.8986,10,10,False,False,False,DEV,TARGET
519,2026-08-02 23:48:22.224,-1,0.0,5.0,1.1433,10,10,False,False,False,DEV,TARGET
520,2026-08-02 23:51:33.964,-1,2.0,3.0,2.1115,10,10,False,False,False,DEV,TARGET
521,2026-08-02 23:55:31.264,-1,1.0,4.0,2.0867,10,10,False,False,False,DEV,TARGET
556,2026-08-03 00:17:52.040,-1,1.0,4.0,-1.1546,0,0,False,False,False,DEV,TARGET
609,2026-08-03 01:03:02.184,-1,2.0,3.0,2.8852,10,10,False,False,False,DEV,TARGET
614,2026-08-03 01:07:27.480,-1,2.0,3.0,-0.69,0,0,False,False,False,DEV,TARGET
627,2026-08-03 01:18:04.776,-1,1.0,4.0,0.5078,9,9,False,False,False,DEV,TARGET
633,2026-08-03 01:23:58.944,-1,2.0,3.0,-0.0191,10,1,False,False,False,DEV,TARGET
634,2026-08-03 01:24:29.168,-1,1.0,4.0,0.4296,10,10,False,False,False,DEV,TARGET
635,2026-08-03 01:27:05.620,-1,0.0,5.0,0.0008,10,10,False,False,False,DEV,TARGET
671,2026-08-03 01:56:55.056,1,2.0,3.0,3.0,10,10,False,False,False,DEV,TARGET
673,2026-08-03 01:58:59.788,1,2.0,3.0,-0.5926,0,0,False,False,False,DEV,TARGET
699,2026-08-03 02:35:39.172,1,0.0,5.0,-1.3446,6,6,False,False,False,DEV,TARGET
700,2026-08-03 02:36:11.460,1,1.0,4.0,-0.6013,7,7,False,False,False,DEV,STOP
706,2026-08-03 02:42:14.500,1,1.0,4.0,-2.853,3,3,False,False,False,DEV,STOP
721,2026-08-03 03:06:44.752,1,1.0,4.0,-0.3085,10,10,False,False,False,DEV,TARGET
726,2026-08-03 03:18:35.608,1,2.0,3.0,0.6229,10,1,False,False,False,DEV,STOP
743,2026-08-03 03:40:39.484,1,0.0,5.0,1.2036,10,10,False,False,False,DEV,TARGET
750,2026-08-03 03:56:44.452,1,1.0,4.0,-2.4886,1,1,False,False,False,DEV,STOP
751,2026-08-03 04:00:00.692,1,2.0,3.0,-0.7134,10,2,False,False,False,DEV,STOP
771,2026-08-03 04:17:50.488,1,2.0,3.0,2.9097,10,10,False,False,False,DEV,TARGET
793,2026-08-03 04:35:10.716,1,2.0,3.0,-1.6337,1,1,False,False,False,DEV,STOP
812,2026-08-03 04:54:48.412,-1,1.0,4.0,4.6631,10,10,False,False,False,DEV,TARGET
816,2026-08-03 04:59:05.860,-1,0.0,5.0,2.2565,1,1,False,False,False,DEV,TARGET
823,2026-08-03 05:03:57.448,-1,1.0,4.0,-0.1507,1,1,False,False,False,DEV,TARGET
827,2026-08-03 05:07:18.176,-1,2.0,3.0,0.5344,10,10,False,False,False,DEV,STOP
847,2026-08-03 05:23:59.032,-1,1.0,4.0,0.9192,7,7,False,False,False,DEV,STOP
851,2026-08-03 05:27:22.084,-1,1.0,4.0,-2.2044,2,1,False,False,False,DEV,TARGET
866,2026-08-03 05:38:35.320,1,0.0,5.0,-1.9922,1,1,False,False,False,DEV,TARGET
867,2026-08-03 05:39:05.728,1,1.0,4.0,-1.105,3,3,False,False,False,DEV,TARGET
901,2026-08-03 06:17:10.180,1,1.0,4.0,-0.8207,7,4,False,False,False,DEV,TARGET
916,2026-08-03 06:26:14.928,-1,2.0,3.0,6.0226,10,10,False,False,False,DEV,TARGET
917,2026-08-03 06:26:35.488,-1,2.0,3.0,5.9064,10,10,False,False,False,DEV,TARGET
918,2026-08-03 06:27:11.172,-1,1.0,4.0,5.0383,10,10,False,False,False,DEV,TARGET
931,2026-08-03 06:29:43.092,-1,2.0,3.0,3.6304,10,10,True,False,False,DEV,TARGET
935,2026-08-03 06:29:59.028,-1,0.0,5.0,6.3821,10,10,False,False,False,DEV,TARGET
941,2026-08-03 06:30:01.516,-1,2.0,3.0,-2.785,1,1,False,False,False,DEV,TARGET
985,2026-08-03 06:31:05.924,-1,2.0,3.0,-1.548,0,0,False,False,True,DEV,TARGET
1025,2026-08-03 06:32:55.424,1,2.0,3.0,-1.6367,0,0,False,False,True,DEV,TARGET
1033,2026-08-03 06:33:22.224,1,2.0,3.0,-0.1028,8,6,False,False,True,DEV,TARGET
1035,2026-08-03 06:33:28.280,1,2.0,3.0,3.3205,10,10,False,False,True,DEV,TARGET
1047,2026-08-03 06:34:11.036,1,2.0,3.0,7.5556,10,10,True,True,True,DEV,STOP
1069,2026-08-03 06:35:44.004,1,2.0,3.0,4.0569,10,10,True,True,True,DEV,TARGET
1080,2026-08-03 06:36:45.672,1,2.0,3.0,0.7999,10,5,False,False,True,DEV,TARGET
1081,2026-08-03 06:36:52.268,1,2.0,3.0,1.8443,10,10,False,False,True,DEV,TARGET
1103,2026-08-03 06:38:55.400,1,1.0,4.0,-0.37,10,10,False,False,True,DEV,TARGET
1108,2026-08-03 06:39:51.832,1,1.0,4.0,-1.5562,0,0,False,False,True,DEV,TARGET
1168,2026-08-03 06:43:52.160,-1,2.0,3.0,-1.3092,7,1,False,False,True,DEV,STOP
1235,2026-08-03 06:49:26.124,1,2.0,3.0,-0.1539,9,1,False,False,False,DEV,STOP
1262,2026-08-03 06:51:28.664,1,2.0,3.0,3.3205,10,10,False,False,False,DEV,TARGET
1267,2026-08-03 06:51:53.524,1,2.0,3.0,0.6692,10,1,False,False,False,DEV,TARGET
1274,2026-08-03 06:52:27.472,1,1.0,4.0,0.2476,4,1,False,False,False,DEV,TARGET
1278,2026-08-03 06:53:12.048,1,1.0,4.0,1.4483,10,10,False,False,False,DEV,TARGET
1283,2026-08-03 06:53:56.108,1,2.0,3.0,1.5188,10,10,False,False,False,DEV,TARGET
1292,2026-08-03 06:55:16.712,1,1.0,4.0,-2.2485,1,1,False,False,False,DEV,TARGET
1293,2026-08-03 06:55:25.964,1,1.0,4.0,-1.3044,2,2,False,False,False,DEV,TARGET
1295,2026-08-03 06:55:33.108,1,2.0,3.0,2.5936,10,10,False,False,False,DEV,TARGET
1296,2026-08-03 06:56:03.312,1,2.0,3.0,3.2395,10,10,True,False,False,DEV,STOP
1307,2026-08-03 06:58:17.140,1,0.0,5.0,-4.1565,0,0,False,False,False,DEV,TARGET
1311,2026-08-03 06:59:38.576,1,1.0,4.0,-1.5845,0,0,False,False,False,DEV,TARGET
1312,2026-08-03 06:59:46.552,1,2.0,3.0,-0.0101,1,1,False,False,False,DEV,TARGET
1364,2026-08-03 07:06:02.236,1,1.0,4.0,-0.1531,7,7,False,False,True,DEV,NONE
1367,2026-08-03 07:06:34.428,1,1.0,4.0,-1.3656,1,1,False,False,True,DEV,STOP
1376,2026-08-03 07:07:41.732,1,1.0,4.0,-3.1733,1,1,False,False,True,DEV,STOP
1387,2026-08-03 07:10:17.404,1,1.0,4.0,-0.5108,1,1,False,False,True,DEV,TARGET
1389,2026-08-03 07:10:26.840,1,2.0,3.0,3.0737,10,10,False,False,True,DEV,TARGET
1397,2026-08-03 07:12:16.724,1,1.0,4.0,-0.7029,5,5,False,False,True,DEV,STOP
1399,2026-08-03 07:12:51.456,1,1.0,4.0,-3.0054,0,0,False,False,True,DEV,STOP
1408,2026-08-03 07:15:07.836,1,1.0,4.0,0.2096,7,7,False,False,True,DEV,TARGET
1409,2026-08-03 07:15:32.676,1,1.0,4.0,0.6075,10,8,False,False,True,DEV,TARGET
1410,2026-08-03 07:16:00.104,1,1.0,4.0,0.9169,10,10,False,False,True,DEV,TARGET
1413,2026-08-03 07:16:53.480,1,2.0,3.0,4.4191,10,10,True,True,True,DEV,TARGET
1424,2026-08-03 07:21:53.416,1,2.0,3.0,-0.9735,5,1,False,False,True,DEV,TARGET
1428,2026-08-03 07:23:56.052,1,0.0,5.0,1.4261,10,10,False,False,True,DEV,TARGET
1444,2026-08-03 07:31:12.984,1,0.0,5.0,-3.991,1,1,False,False,True,DEV,TARGET
1477,2026-08-03 07:51:38.272,1,2.0,3.0,-1.3028,10,1,False,False,True,DEV,TARGET
1485,2026-08-03 07:55:36.664,1,2.0,3.0,-1.9686,1,1,False,False,True,DEV,TARGET
1489,2026-08-03 07:58:58.816,1,1.0,4.0,-0.6793,0,0,False,False,True,DEV,TARGET
1490,2026-08-03 07:59:47.844,1,1.0,4.0,-0.0839,1,1,False,False,True,DEV,STOP
1491,2026-08-03 08:00:47.420,1,2.0,3.0,1.157,2,2,False,False,False,DEV,STOP
1520,2026-08-03 08:15:06.628,1,1.0,4.0,-2.1855,2,1,False,False,False,DEV,TARGET
1525,2026-08-03 08:20:00.136,1,2.0,3.0,2.1051,10,10,False,False,False,DEV,TARGET
1528,2026-08-03 08:20:47.176,1,2.0,3.0,0.734,0,0,False,False,False,DEV,TARGET
1530,2026-08-03 08:21:42.040,1,2.0,3.0,-1.9634,0,0,False,False,False,DEV,TARGET
1546,2026-08-03 08:26:34.156,1,2.0,3.0,-1.367,4,1,False,False,False,DEV,STOP
1572,2026-08-03 08:38:33.744,1,1.0,4.0,-1.8104,1,1,False,False,False,DEV,TARGET
1582,2026-08-03 08:45:40.208,1,2.0,3.0,-0.2357,2,1,False,False,False,DEV,TARGET
1586,2026-08-03 08:49:20.752,1,1.0,4.0,1.3387,1,1,False,False,False,DEV,TARGET
1589,2026-08-03 08:50:45.028,1,1.0,4.0,1.0167,10,1,False,False,False,DEV,STOP
1592,2026-08-03 08:53:56.200,1,0.0,5.0,-1.4585,1,1,False,False,False,DEV,STOP
1618,2026-08-03 09:21:26.720,1,2.0,3.0,-0.1334,0,0,False,False,False,DEV,TARGET
1619,2026-08-03 09:22:57.660,1,1.0,4.0,0.3407,1,1,False,False,False,DEV,TARGET
1620,2026-08-03 09:25:05.868,1,2.0,3.0,1.4872,10,2,False,False,False,DEV,TARGET
1621,2026-08-03 09:26:25.376,1,1.0,4.0,1.6011,10,10,False,False,False,DEV,TARGET
1624,2026-08-03 09:27:41.780,1,2.0,3.0,-0.2329,1,1,False,False,False,DEV,TARGET
1626,2026-08-03 09:29:50.036,1,2.0,3.0,3.2418,10,10,False,False,False,DEV,STOP
1632,2026-08-03 09:34:30.172,1,2.0,3.0,-2.3591,1,1,False,False,False,DEV,STOP
1665,2026-08-03 10:15:21.088,1,1.0,4.0,3.8113,10,10,False,False,False,DEV,TARGET
1668,2026-08-03 10:18:45.656,1,2.0,3.0,2.3529,10,1,False,False,False,DEV,TARGET
1671,2026-08-03 10:21:51.804,1,1.0,4.0,1.4939,10,1,False,False,False,DEV,TARGET
1678,2026-08-03 10:33:19.192,1,0.0,5.0,1.1421,1,1,False,False,False,DEV,TARGET
1683,2026-08-03 10:40:07.796,1,2.0,3.0,-2.4475,0,0,False,False,False,DEV,TARGET
1684,2026-08-03 10:43:46.340,1,0.0,5.0,-2.2369,1,1,False,False,False,DEV,TARGET
1685,2026-08-03 10:45:05.228,1,1.0,4.0,-1.2954,2,2,False,False,False,DEV,TARGET
1689,2026-08-03 10:54:05.688,1,1.0,4.0,1.2198,10,1,False,False,False,DEV,TARGET
1700,2026-08-03 11:04:03.352,1,2.0,3.0,1.9718,10,10,False,False,True,DEV,TARGET
1702,2026-08-03 11:05:08.452,1,2.0,3.0,4.5755,10,10,True,True,True,DEV,TARGET
1715,2026-08-03 11:15:20.356,1,1.0,4.0,-2.7985,1,1,False,False,True,DEV,TARGET
1717,2026-08-03 11:17:18.116,1,0.0,5.0,0.1342,9,9,False,False,True,DEV,STOP
1724,2026-08-03 11:21:59.240,1,0.0,5.0,-3.9862,3,3,False,False,True,DEV,TARGET
1777,2026-08-03 12:02:15.008,1,2.0,3.0,5.1574,10,10,True,True,True,DEV,TARGET
1778,2026-08-03 12:02:35.060,1,2.0,3.0,5.2335,10,10,True,True,True,DEV,STOP
1800,2026-08-03 12:24:08.528,1,2.0,3.0,-1.8971,1,1,False,False,True,DEV,TARGET
1801,2026-08-03 12:26:25.024,1,2.0,3.0,-0.2533,10,2,False,False,True,DEV,STOP
1802,2026-08-03 12:28:02.888,1,1.0,4.0,0.2474,10,10,False,False,True,DEV,STOP
1814,2026-08-03 12:36:16.896,1,1.0,4.0,-2.2283,3,3,False,False,True,DEV,STOP
1831,2026-08-03 12:46:47.032,-1,2.0,3.0,-1.6212,4,1,False,False,True,DEV,STOP
1858,2026-08-03 12:55:00.036,-1,2.0,3.0,0.5325,0,0,False,False,True,DEV,TARGET
1894,2026-08-03 13:00:18.596,-1,2.0,3.0,-0.4051,4,1,False,False,False,DEV,TARGET
1895,2026-08-03 13:00:58.944,-1,2.0,3.0,0.9072,10,5,False,False,False,DEV,STOP
1911,2026-08-03 13:14:08.992,1,2.0,3.0,1.1682,10,1,False,False,False,DEV,TARGET
1926,2026-08-03 13:41:18.724,1,2.0,3.0,-0.8484,5,5,False,False,False,DEV,STOP
1950,2026-08-03 15:09:24.696,1,1.0,4.0,1.5615,10,10,False,False,False,DEV,STOP
1965,2026-08-03 15:48:04.164,1,1.0,4.0,-3.0341,0,0,False,False,False,DEV,STOP
1973,2026-08-03 16:34:34.624,1,2.0,3.0,-2.0758,2,1,False,False,False,DEV,STOP
2006,2026-08-03 17:23:30.728,-1,2.0,3.0,-0.8783,2,1,False,False,False,DEV,TARGET
2041,2026-08-03 18:00:24.648,-1,0.0,5.0,-0.3417,1,1,False,False,False,DEV,TARGET
2042,2026-08-03 18:00:51.740,-1,1.0,4.0,0.1787,10,10,False,False,False,DEV,TARGET
2060,2026-08-03 18:19:39.800,1,2.0,3.0,-2.6764,2,1,False,False,False,DEV,TARGET
2078,2026-08-03 18:52:39.188,1,2.0,3.0,7.7693,10,10,True,True,False,DEV,TARGET
2135,2026-08-03 20:32:20.488,1,0.0,5.0,1.9151,10,10,False,False,False,DEV,STOP
2141,2026-08-03 20:58:52.712,1,2.0,3.0,-0.1874,4,3,False,False,False,DEV,STOP
2153,2026-08-03 22:00:02.144,1,1.0,4.0,-2.987,0,0,False,False,False,DEV,STOP
2174,2026-08-03 23:02:43.568,1,1.0,4.0,-1.3339,3,1,False,False,False,DEV,TARGET
2175,2026-08-03 23:07:56.972,1,2.0,3.0,0.1848,7,7,False,False,False,DEV,TARGET
2180,2026-08-03 23:26:20.976,1,1.0,4.0,-2.3612,1,1,False,False,False,DEV,STOP
2201,2026-08-04 00:12:34.504,-1,1.0,4.0,3.9506,10,10,False,False,False,DEV,STOP
2216,2026-08-04 00:41:52.764,-1,2.0,3.0,1.1809,9,8,False,False,False,DEV,TARGET
2224,2026-08-04 00:54:06.120,-1,2.0,3.0,-1.6564,4,3,False,False,False,DEV,TARGET
2233,2026-08-04 01:09:20.756,-1,2.0,3.0,-1.9661,3,1,False,False,False,DEV,TARGET
2234,2026-08-04 01:10:04.896,-1,1.0,4.0,-1.0847,4,4,False,False,False,DEV,STOP
2241,2026-08-04 01:25:41.920,-1,2.0,3.0,-1.0802,4,3,False,False,False,DEV,TARGET
2242,2026-08-04 01:31:03.028,-1,2.0,3.0,0.3821,6,5,False,False,False,DEV,TARGET
2262,2026-08-04 02:01:06.272,-1,0.0,5.0,-1.7066,3,3,False,False,False,DEV,TARGET
2271,2026-08-04 02:13:34.136,-1,2.0,3.0,1.2066,10,1,False,False,False,DEV,STOP
2273,2026-08-04 02:16:13.028,-1,2.0,3.0,-2.2824,0,0,False,False,False,DEV,TARGET
2315,2026-08-04 03:30:10.408,1,2.0,3.0,1.6957,10,9,False,False,False,DEV,TARGET
2316,2026-08-04 03:30:41.792,1,1.0,4.0,1.7634,10,10,False,False,False,DEV,TARGET
2331,2026-08-04 03:44:28.984,1,2.0,3.0,-0.8656,0,0,False,False,False,DEV,TARGET
2332,2026-08-04 03:44:30.056,1,2.0,3.0,0.549,1,1,False,False,False,DEV,TARGET
2389,2026-08-04 04:20:43.332,1,2.0,3.0,0.1362,10,1,False,False,False,DEV,TARGET
2392,2026-08-04 04:23:49.092,1,0.0,5.0,-1.4791,0,0,False,False,False,DEV,TARGET
2393,2026-08-04 04:25:37.948,1,1.0,4.0,-0.706,1,1,False,False,False,DEV,TARGET
2394,2026-08-04 04:27:40.168,1,2.0,3.0,0.6731,2,2,False,False,False,DEV,TARGET
2406,2026-08-04 04:43:31.736,1,2.0,3.0,4.7128,10,10,False,False,False,DEV,TARGET
2407,2026-08-04 04:43:33.032,1,2.0,3.0,4.8877,10,10,True,True,False,DEV,TARGET
2437,2026-08-04 04:45:50.660,1,1.0,4.0,-3.4876,1,1,False,False,False,DEV,TARGET
2441,2026-08-04 04:47:10.072,1,1.0,4.0,-3.8245,1,1,False,False,False,DEV,TARGET
2448,2026-08-04 04:50:27.092,1,2.0,3.0,-1.3831,2,1,False,False,False,DEV,TARGET
2484,2026-08-04 05:25:10.696,1,0.0,5.0,0.6736,9,9,False,False,False,DEV,STOP
2488,2026-08-04 05:34:01.200,1,2.0,3.0,-2.8608,1,1,False,False,False,DEV,TARGET
2489,2026-08-04 05:35:30.028,1,2.0,3.0,-1.0028,3,2,False,False,False,DEV,STOP
2499,2026-08-04 05:59:13.664,-1,0.0,5.0,-0.8055,1,1,False,False,False,DEV,TARGET
2512,2026-08-04 06:17:12.396,1,1.0,4.0,-0.4729,2,1,False,False,False,DEV,TARGET
2517,2026-08-04 06:20:43.992,1,2.0,3.0,2.1179,10,3,False,False,False,DEV,TARGET
2528,2026-08-04 06:20:52.280,1,2.0,3.0,3.6764,0,0,False,False,False,DEV,STOP
2552,2026-08-04 06:26:52.864,1,0.0,5.0,-1.9359,0,0,False,False,False,DEV,STOP
2555,2026-08-04 06:28:00.064,1,0.0,5.0,-2.2428,1,1,False,False,False,DEV,STOP
2574,2026-08-04 06:30:28.120,1,2.0,3.0,6.3502,10,10,False,False,False,DEV,TARGET
2577,2026-08-04 06:30:38.152,1,1.0,4.0,1.9535,0,0,False,False,False,DEV,TARGET
2587,2026-08-04 06:32:26.700,1,2.0,3.0,1.0176,10,10,False,False,True,DEV,TARGET
2600,2026-08-04 06:36:28.908,1,2.0,3.0,4.3166,10,10,True,True,True,DEV,STOP
2608,2026-08-04 06:38:00.500,1,2.0,3.0,-2.9607,3,3,False,False,True,DEV,TARGET
2615,2026-08-04 06:39:54.008,1,2.0,3.0,-2.108,3,3,False,False,True,DEV,TARGET
2624,2026-08-04 06:41:15.464,1,2.0,3.0,2.9048,10,10,False,False,True,DEV,STOP
2628,2026-08-04 06:42:38.056,1,2.0,3.0,-1.4393,1,1,False,False,True,DEV,STOP
2641,2026-08-04 06:45:10.772,1,0.0,5.0,3.2226,10,10,False,False,False,DEV,TARGET
2660,2026-08-04 06:50:07.632,1,2.0,3.0,1.2294,1,1,False,False,False,DEV,TARGET
2673,2026-08-04 06:52:44.440,1,1.0,4.0,-0.7852,2,1,False,False,False,DEV,TARGET
2674,2026-08-04 06:53:40.848,1,2.0,3.0,0.6115,10,3,False,False,False,DEV,TARGET
2676,2026-08-04 06:54:41.728,1,2.0,3.0,3.1477,10,10,True,False,False,DEV,TARGET
2696,2026-08-04 06:59:49.048,1,2.0,3.0,-2.5693,1,1,False,False,False,DEV,TARGET
2713,2026-08-04 07:01:37.220,1,1.0,4.0,0.8293,10,10,False,False,True,DEV,TARGET
2715,2026-08-04 07:02:09.032,1,2.0,3.0,3.2795,10,10,True,False,True,DEV,TARGET
2716,2026-08-04 07:02:24.164,1,2.0,3.0,3.7729,10,10,True,False,True,DEV,TARGET
2737,2026-08-04 07:06:08.092,1,2.0,3.0,0.5115,3,1,False,False,True,DEV,TARGET
2741,2026-08-04 07:07:18.384,1,1.0,4.0,-0.0309,1,1,False,False,True,DEV,TARGET
2744,2026-08-04 07:08:46.024,1,2.0,3.0,-1.1353,1,1,False,False,True,DEV,TARGET
2752,2026-08-04 07:12:30.564,1,2.0,3.0,-1.2644,1,1,False,False,True,DEV,TARGET
2755,2026-08-04 07:14:56.764,1,1.0,4.0,3.0855,10,10,True,False,True,DEV,TARGET
2799,2026-08-04 07:24:36.316,-1,2.0,3.0,1.0457,5,5,False,False,True,DEV,STOP
2807,2026-08-04 07:27:02.292,1,2.0,3.0,-1.7093,0,0,False,False,True,DEV,TARGET
2809,2026-08-04 07:27:43.808,1,2.0,3.0,-2.8365,0,0,False,False,True,DEV,TARGET
2810,2026-08-04 07:28:01.116,1,1.0,4.0,-1.7617,1,1,False,False,True,DEV,STOP
2819,2026-08-04 07:30:11.740,-1,1.0,4.0,0.3588,3,3,False,False,True,DEV,TARGET
2822,2026-08-04 07:30:48.180,-1,2.0,3.0,-1.0287,0,0,False,False,True,DEV,TARGET
2823,2026-08-04 07:30:57.348,-1,2.0,3.0,0.4221,1,1,False,False,True,DEV,TARGET
2839,2026-08-04 07:33:59.400,1,2.0,3.0,0.8551,2,1,False,False,True,DEV,TARGET
2844,2026-08-04 07:36:49.644,1,1.0,4.0,-1.7767,0,0,False,False,True,DEV,STOP
2856,2026-08-04 07:38:19.756,1,1.0,4.0,1.7715,0,0,False,False,True,DEV,TARGET
2859,2026-08-04 07:38:20.468,1,0.0,5.0,1.2492,1,1,False,False,True,DEV,STOP
2890,2026-08-04 07:42:47.812,1,2.0,3.0,1.7515,10,10,False,False,True,DEV,TARGET
2891,2026-08-04 07:43:36.808,1,1.0,4.0,1.8067,10,10,False,False,True,DEV,TARGET
2894,2026-08-04 07:44:59.916,1,2.0,3.0,4.8377,10,10,False,False,True,DEV,NONE
2898,2026-08-04 07:46:18.956,1,0.0,5.0,-1.9963,1,1,False,False,True,DEV,TARGET
2905,2026-08-04 07:48:59.752,1,1.0,4.0,-1.9564,1,1,False,False,True,DEV,TARGET
2928,2026-08-04 07:59:01.968,1,2.0,3.0,1.6131,10,10,False,False,True,DEV,TARGET
2941,2026-08-04 08:04:34.324,1,0.0,5.0,3.6691,10,10,False,False,False,DEV,STOP
2949,2026-08-04 08:07:22.420,1,2.0,3.0,-2.944,3,1,False,False,False,DEV,STOP
2962,2026-08-04 08:13:51.356,1,2.0,3.0,4.2842,10,10,True,True,False,DEV,TARGET
2966,2026-08-04 08:15:31.536,1,1.0,4.0,-1.3464,1,1,False,False,False,DEV,TARGET
2972,2026-08-04 08:20:15.000,1,0.0,5.0,1.1995,10,10,False,False,False,DEV,TARGET
2973,2026-08-04 08:20:59.932,1,0.0,5.0,0.5996,10,10,False,False,False,DEV,TARGET
2974,2026-08-04 08:22:06.688,1,0.0,5.0,0.133,10,10,False,False,False,DEV,STOP
2980,2026-08-04 08:24:00.780,1,2.0,3.0,2.8575,10,10,True,False,False,DEV,TARGET
2982,2026-08-04 08:25:28.668,1,2.0,3.0,5.1113,10,10,True,True,False,DEV,STOP
3011,2026-08-04 08:38:30.244,1,1.0,4.0,-3.0305,0,0,False,False,False,DEV,TARGET
3020,2026-08-04 08:40:13.532,1,2.0,3.0,-1.5376,1,1,False,False,False,DEV,TARGET
3030,2026-08-04 08:45:31.028,1,2.0,3.0,4.7577,10,10,True,True,False,DEV,TARGET
3032,2026-08-04 08:47:01.148,1,2.0,3.0,6.2609,10,10,True,True,False,DEV,TARGET
3086,2026-08-04 09:18:31.856,1,1.0,4.0,1.4633,10,10,False,False,False,DEV,TARGET
3087,2026-08-04 09:19:25.552,1,1.0,4.0,1.5826,10,10,False,False,False,DEV,TARGET
3088,2026-08-04 09:20:36.560,1,2.0,3.0,2.4531,10,10,False,False,False,DEV,TARGET
3090,2026-08-04 09:21:35.684,1,1.0,4.0,4.6939,10,10,False,False,False,DEV,TARGET
3091,2026-08-04 09:21:42.636,1,2.0,3.0,4.873,10,10,True,True,False,DEV,TARGET
3095,2026-08-04 09:23:55.476,1,0.0,5.0,2.5947,10,10,False,False,False,DEV,TARGET
3107,2026-08-04 09:33:57.348,1,1.0,4.0,3.7761,10,10,True,False,False,DEV,TARGET
3123,2026-08-04 09:45:13.000,1,2.0,3.0,6.7473,10,10,True,True,False,DEV,TARGET
3141,2026-08-04 09:58:14.264,1,1.0,4.0,-3.1944,1,1,False,False,False,DEV,TARGET
3144,2026-08-04 10:00:13.208,1,2.0,3.0,-1.8843,5,1,False,False,False,DEV,TARGET
3147,2026-08-04 10:01:02.944,1,2.0,3.0,4.1765,10,10,True,True,False,DEV,TARGET
3151,2026-08-04 10:03:35.912,1,0.0,5.0,3.3854,1,1,False,False,False,DEV,TARGET
3154,2026-08-04 10:05:18.740,1,2.0,3.0,6.1855,10,10,True,True,False,DEV,TARGET
3177,2026-08-04 10:15:45.008,1,2.0,3.0,2.616,10,10,False,False,False,DEV,TARGET
3183,2026-08-04 10:19:22.564,1,1.0,4.0,-3.8188,0,0,False,False,False,DEV,STOP
3192,2026-08-04 10:25:58.732,1,0.0,5.0,-2.5146,1,1,False,False,False,DEV,TARGET
3195,2026-08-04 10:27:25.012,1,1.0,4.0,-2.6879,0,0,False,False,False,DEV,TARGET
3210,2026-08-04 10:36:19.568,1,1.0,4.0,1.7749,10,10,False,False,False,DEV,TARGET
3213,2026-08-04 10:38:34.280,1,1.0,4.0,5.1204,10,10,True,True,False,DEV,TARGET
3217,2026-08-04 10:40:54.488,1,2.0,3.0,4.6068,10,10,True,True,False,DEV,TARGET
3219,2026-08-04 10:42:01.324,1,1.0,4.0,5.3918,10,10,True,True,False,DEV,TARGET
3223,2026-08-04 10:45:02.088,1,2.0,3.0,4.4746,10,10,True,True,False,DEV,TARGET
3228,2026-08-04 10:48:43.544,1,2.0,3.0,8.6602,10,10,True,True,False,DEV,TARGET
3281,2026-08-04 11:00:49.780,-1,2.0,3.0,6.2339,10,10,True,True,True,DEV,STOP
3284,2026-08-04 11:01:08.712,-1,2.0,3.0,-2.9023,0,0,False,False,True,DEV,STOP
3302,2026-08-04 11:04:26.876,-1,2.0,3.0,1.3866,10,10,False,False,True,DEV,TARGET
3304,2026-08-04 11:04:45.436,-1,1.0,4.0,3.4437,10,10,False,False,True,DEV,STOP
3326,2026-08-04 11:10:17.400,1,2.0,3.0,0.3254,10,1,False,False,True,DEV,STOP
3338,2026-08-04 11:13:43.660,1,2.0,3.0,-2.3146,3,1,False,False,True,DEV,TARGET
3339,2026-08-04 11:14:07.836,1,2.0,3.0,-0.578,8,6,False,False,True,DEV,TARGET
3347,2026-08-04 11:17:06.472,1,1.0,4.0,-3.3014,0,0,False,False,True,DEV,TARGET
3363,2026-08-04 11:23:11.112,1,2.0,3.0,-1.7391,0,0,False,False,True,DEV,STOP
3376,2026-08-04 11:32:13.224,1,2.0,3.0,-1.6024,0,0,False,False,True,DEV,STOP
3391,2026-08-04 11:40:16.704,-1,0.0,5.0,2.0797,10,10,False,False,True,DEV,TARGET
3401,2026-08-04 11:43:31.520,-1,2.0,3.0,2.5063,10,10,False,False,True,DEV,STOP
3417,2026-08-04 11:50:12.044,1,0.0,5.0,-3.0545,0,0,False,False,True,DEV,TARGET
3451,2026-08-04 12:03:42.048,1,2.0,3.0,3.0966,10,1,True,False,True,DEV,STOP
3453,2026-08-04 12:05:07.060,1,2.0,3.0,-0.5342,0,0,False,False,True,DEV,STOP
3513,2026-08-04 12:35:42.600,-1,1.0,4.0,-1.4449,7,7,False,False,True,DEV,STOP
3525,2026-08-04 12:41:03.680,1,2.0,3.0,0.4122,10,1,False,False,True,DEV,TARGET
3530,2026-08-04 12:43:46.932,1,1.0,4.0,-3.8222,0,0,False,False,True,DEV,TARGET
3559,2026-08-04 12:50:21.256,-1,1.0,4.0,1.8041,10,1,False,False,True,DEV,TARGET
3560,2026-08-04 12:50:30.808,-1,0.0,5.0,1.0698,10,10,False,False,True,DEV,TARGET
3568,2026-08-04 12:52:17.360,-1,0.0,5.0,-0.971,1,1,False,False,True,DEV,STOP
3572,2026-08-04 12:53:20.104,-1,2.0,3.0,-2.8278,2,1,False,False,True,DEV,TARGET
3575,2026-08-04 12:54:08.616,-1,2.0,3.0,2.6571,10,10,False,False,True,DEV,TARGET
3576,2026-08-04 12:54:16.924,-1,2.0,3.0,3.2889,10,10,True,False,True,DEV,TARGET
3588,2026-08-04 12:56:29.584,-1,2.0,3.0,0.8643,0,0,False,False,True,DEV,TARGET
3589,2026-08-04 12:56:39.696,-1,1.0,4.0,1.1167,1,1,True,False,True,DEV,STOP
3616,2026-08-04 12:59:44.036,-1,2.0,3.0,2.6417,10,10,False,False,True,DEV,TARGET
3624,2026-08-04 12:59:58.820,-1,1.0,4.0,2.2327,0,0,False,False,True,DEV,TARGET
3660,2026-08-04 13:02:33.988,1,0.0,5.0,-3.9079,0,0,False,False,False,DEV,TARGET
3661,2026-08-04 13:02:42.716,1,2.0,3.0,-1.8173,1,1,False,False,False,DEV,TARGET
3668,2026-08-04 13:04:25.380,1,2.0,3.0,-1.8939,4,1,False,False,False,DEV,TARGET
3669,2026-08-04 13:05:01.288,1,2.0,3.0,-0.2508,5,5,False,False,False,DEV,TARGET
3670,2026-08-04 13:05:10.316,1,2.0,3.0,1.0272,10,6,False,False,False,DEV,TARGET
3677,2026-08-04 13:06:12.284,1,0.0,5.0,3.899,10,10,False,False,False,DEV,STOP
3703,2026-08-04 13:15:00.804,-1,1.0,4.0,3.9445,10,10,False,False,False,DEV,TARGET
3710,2026-08-04 13:15:07.048,-1,2.0,3.0,-1.2042,0,0,False,False,False,DEV,STOP
3721,2026-08-04 13:15:40.096,-1,0.0,5.0,-0.634,1,1,False,False,False,DEV,TARGET
3728,2026-08-04 13:16:24.208,-1,2.0,3.0,-2.85,1,1,False,False,False,DEV,TARGET
3735,2026-08-04 13:17:03.872,-1,2.0,3.0,-0.7082,2,1,False,False,False,DEV,STOP
3753,2026-08-04 13:19:18.764,-1,2.0,3.0,1.6421,9,8,False,False,False,DEV,STOP
3754,2026-08-04 13:19:31.364,-1,1.0,4.0,1.7217,10,10,False,False,False,DEV,STOP
3773,2026-08-04 13:22:52.492,1,0.0,5.0,-1.0708,1,1,False,False,False,DEV,TARGET
3776,2026-08-04 13:23:50.112,1,2.0,3.0,-0.6259,0,0,False,False,False,DEV,STOP
3809,2026-08-04 13:41:40.792,1,0.0,5.0,2.6094,10,10,False,False,False,DEV,TARGET
3831,2026-08-04 13:56:00.736,1,2.0,3.0,-1.6533,4,4,False,False,False,DEV,TARGET
3852,2026-08-04 15:07:36.760,1,2.0,3.0,2.7882,10,1,False,False,False,DEV,TARGET
3860,2026-08-04 15:14:26.788,1,0.0,5.0,-0.7391,3,3,False,False,False,DEV,TARGET
3861,2026-08-04 15:16:09.564,1,1.0,4.0,-0.1304,10,4,False,False,False,DEV,TARGET
3873,2026-08-04 15:34:16.464,1,1.0,4.0,1.958,10,10,True,False,False,DEV,STOP
3874,2026-08-04 15:36:23.516,1,1.0,4.0,1.9673,10,10,True,False,False,DEV,STOP
3951,2026-08-04 17:16:36.024,1,0.0,5.0,-0.6004,5,5,False,False,False,DEV,TARGET
3961,2026-08-04 17:26:21.544,1,2.0,3.0,-2.8597,0,0,False,False,False,DEV,TARGET
3962,2026-08-04 17:27:57.780,1,2.0,3.0,-1.002,1,1,False,False,False,DEV,TARGET
3963,2026-08-04 17:30:04.148,1,2.0,3.0,0.4429,3,2,False,False,False,DEV,TARGET
3964,2026-08-04 17:31:14.724,1,1.0,4.0,0.7889,4,4,False,False,False,DEV,STOP
3986,2026-08-04 17:56:50.256,1,0.0,5.0,-0.4249,3,3,False,False,False,DEV,STOP
3987,2026-08-04 17:59:57.136,1,1.0,4.0,0.114,4,4,False,False,False,DEV,STOP
4007,2026-08-04 18:26:17.300,-1,2.0,3.0,0.6431,10,1,False,False,False,DEV,STOP
4017,2026-08-04 18:42:24.352,1,2.0,3.0,-1.1299,0,0,False,False,False,DEV,TARGET
4021,2026-08-04 18:53:35.796,1,0.0,5.0,1.1299,10,10,False,False,False,DEV,TARGET
4022,2026-08-04 18:57:40.220,1,0.0,5.0,0.5455,10,10,False,False,False,DEV,TARGET
4024,2026-08-04 19:00:11.652,1,2.0,3.0,-1.4725,0,0,False,False,False,DEV,TARGET
4048,2026-08-04 19:44:58.176,1,2.0,3.0,-1.2205,5,1,False,False,False,DEV,TARGET
4060,2026-08-04 20:17:04.336,1,1.0,4.0,2.6519,10,10,True,False,False,DEV,STOP
4072,2026-08-04 20:50:08.164,1,1.0,4.0,-2.7448,0,0,False,False,False,DEV,TARGET
4074,2026-08-04 21:02:01.388,1,2.0,3.0,1.1173,10,2,False,False,False,DEV,TARGET
4086,2026-08-04 21:40:14.996,1,2.0,3.0,-1.4774,5,4,False,False,False,DEV,TARGET
4092,2026-08-04 22:06:08.184,1,2.0,3.0,-0.4524,1,1,False,False,False,DEV,TARGET
4095,2026-08-04 22:25:41.484,1,1.0,4.0,4.0725,10,10,True,True,False,DEV,TARGET
4101,2026-08-04 22:43:07.044,1,0.0,5.0,-1.9103,1,1,False,False,False,DEV,TARGET
4156,2026-08-05 00:28:30.972,-1,2.0,3.0,1.9967,10,10,False,False,False,DEV,TARGET
4157,2026-08-05 00:30:03.492,-1,1.0,4.0,1.9974,10,10,False,False,False,DEV,TARGET
4173,2026-08-05 00:50:55.964,-1,1.0,4.0,-2.1208,4,1,False,False,False,DEV,STOP
4206,2026-08-05 01:21:30.268,-1,1.0,4.0,0.7122,10,5,False,False,False,DEV,TARGET
4224,2026-08-05 01:39:00.696,-1,2.0,3.0,-1.719,3,3,False,False,False,DEV,TARGET
4231,2026-08-05 01:44:04.800,-1,1.0,4.0,-2.5254,0,0,False,False,False,DEV,TARGET
4263,2026-08-05 02:24:08.516,1,1.0,4.0,0.4476,7,7,False,False,False,DEV,TARGET
4268,2026-08-05 02:34:00.932,1,0.0,5.0,3.2342,10,10,False,False,False,DEV,TARGET
4305,2026-08-05 03:45:00.280,1,2.0,3.0,1.327,10,1,False,False,False,DEV,TARGET
4306,2026-08-05 03:45:00.656,1,2.0,3.0,2.2543,10,10,True,False,False,DEV,STOP
4324,2026-08-05 04:02:41.600,1,0.0,5.0,-4.3132,1,1,False,False,False,DEV,TARGET
4334,2026-08-05 04:16:30.324,1,1.0,4.0,-1.0372,3,3,False,False,False,DEV,TARGET
4361,2026-08-05 04:57:40.104,1,1.0,4.0,-1.6062,2,1,False,False,False,DEV,TARGET
4377,2026-08-05 05:16:08.064,1,1.0,4.0,-3.8738,0,0,False,False,False,DEV,TARGET
4378,2026-08-05 05:16:26.028,1,2.0,3.0,-1.7907,1,1,False,False,False,DEV,TARGET
4382,2026-08-05 05:20:11.832,1,2.0,3.0,-1.1935,2,1,False,False,False,DEV,TARGET
4383,2026-08-05 05:22:11.828,1,1.0,4.0,-0.4838,3,3,False,False,False,DEV,TARGET
4413,2026-08-05 05:44:23.744,1,1.0,4.0,-3.0251,1,1,False,False,False,DEV,STOP
4414,2026-08-05 05:45:52.052,1,1.0,4.0,-1.9084,3,2,False,False,False,DEV,STOP
4429,2026-08-05 06:05:34.040,1,2.0,3.0,3.2848,10,10,False,False,False,DEV,TARGET
4431,2026-08-05 06:06:46.188,1,0.0,5.0,4.4192,10,10,False,False,False,DEV,TARGET
4453,2026-08-05 06:27:01.060,1,1.0,4.0,-0.5237,7,6,False,False,False,DEV,TARGET
4457,2026-08-05 06:28:14.428,1,1.0,4.0,1.659,10,10,False,False,False,DEV,TARGET
4461,2026-08-05 06:29:57.248,1,0.0,5.0,-1.509,1,1,False,False,False,DEV,TARGET
4466,2026-08-05 06:30:04.420,1,0.0,5.0,-2.8391,0,0,False,False,False,DEV,TARGET
4470,2026-08-05 06:30:10.648,1,2.0,3.0,-0.0088,10,1,False,False,False,DEV,TARGET
4471,2026-08-05 06:30:12.452,1,1.0,4.0,0.4376,10,10,False,False,False,DEV,TARGET
4473,2026-08-05 06:30:16.888,1,2.0,3.0,3.6474,10,10,True,False,False,DEV,STOP
4487,2026-08-05 06:30:56.852,1,0.0,5.0,-3.741,1,1,False,False,False,DEV,TARGET
4490,2026-08-05 06:31:06.756,1,1.0,4.0,2.5251,10,10,True,False,True,DEV,TARGET
4507,2026-08-05 06:32:55.532,-1,1.0,4.0,-2.6891,0,0,False,False,True,DEV,STOP
4540,2026-08-05 06:36:31.080,-1,2.0,3.0,5.8537,10,10,False,False,True,DEV,TARGET
4541,2026-08-05 06:36:35.616,-1,2.0,3.0,5.7751,10,10,False,False,True,DEV,STOP
4542,2026-08-05 06:36:37.384,-1,2.0,3.0,5.714,10,10,False,False,True,DEV,STOP
4573,2026-08-05 06:39:51.408,1,1.0,4.0,-3.5794,0,0,False,False,True,DEV,TARGET
4574,2026-08-05 06:39:51.908,1,2.0,3.0,-1.5617,1,1,False,False,True,DEV,TARGET
4578,2026-08-05 06:39:52.952,1,2.0,3.0,5.5596,10,10,True,True,True,DEV,TARGET
4580,2026-08-05 06:39:53.220,1,0.0,5.0,5.1904,10,10,False,False,True,DEV,TARGET
4581,2026-08-05 06:39:53.476,1,1.0,4.0,4.4814,10,10,True,True,True,DEV,TARGET
4583,2026-08-05 06:39:54.536,1,1.0,4.0,0.1307,0,0,False,False,True,DEV,TARGET
4597,2026-08-05 06:40:30.100,1,2.0,3.0,-0.7275,0,0,False,False,True,DEV,STOP
4628,2026-08-05 06:44:30.000,-1,1.0,4.0,0.83,5,5,False,False,True,DEV,STOP
4642,2026-08-05 06:45:22.176,-1,2.0,3.0,4.1228,10,10,False,False,False,DEV,TARGET
4643,2026-08-05 06:45:27.124,-1,2.0,3.0,4.4288,10,10,False,False,False,DEV,TARGET
4645,2026-08-05 06:46:28.492,-1,2.0,3.0,6.0619,10,10,False,False,False,DEV,TARGET
4647,2026-08-05 06:46:44.040,-1,2.0,3.0,0.0498,0,0,False,False,False,DEV,TARGET
4676,2026-08-05 06:50:05.772,-1,2.0,3.0,6.7595,10,10,False,False,False,DEV,TARGET
4700,2026-08-05 06:50:19.108,-1,1.0,4.0,-2.4037,3,3,False,False,False,DEV,TARGET
4707,2026-08-05 06:50:40.484,-1,1.0,4.0,1.7303,10,10,False,False,False,DEV,STOP
4737,2026-08-05 06:52:55.128,1,2.0,3.0,0.0673,7,1,False,False,False,DEV,TARGET
4742,2026-08-05 06:53:24.076,1,1.0,4.0,-1.4122,3,2,False,False,False,DEV,TARGET
4765,2026-08-05 06:54:50.992,1,2.0,3.0,-1.5441,7,1,False,False,False,DEV,TARGET
4778,2026-08-05 06:55:30.256,1,2.0,3.0,-1.2073,4,3,False,False,False,DEV,STOP
4803,2026-08-05 06:57:50.620,1,2.0,3.0,0.1438,1,1,False,False,False,DEV,TARGET
4813,2026-08-05 06:59:47.624,1,1.0,4.0,-1.3359,0,0,False,False,False,DEV,TARGET
4815,2026-08-05 06:59:59.716,1,2.0,3.0,3.1795,10,3,True,False,False,DEV,STOP
4828,2026-08-05 07:00:02.580,1,2.0,3.0,-0.7805,9,1,False,False,True,DEV,STOP
4851,2026-08-05 07:01:28.120,-1,2.0,3.0,-1.8348,2,1,False,False,True,DEV,TARGET
4857,2026-08-05 07:02:02.356,-1,1.0,4.0,-0.896,1,1,False,False,True,DEV,TARGET
4860,2026-08-05 07:02:09.804,-1,2.0,3.0,2.1545,10,1,False,False,True,DEV,TARGET
4863,2026-08-05 07:02:23.244,-1,0.0,5.0,4.5213,10,10,False,False,True,DEV,TARGET
4865,2026-08-05 07:02:27.968,-1,2.0,3.0,-0.8822,0,0,False,False,True,DEV,TARGET
4872,2026-08-05 07:02:50.108,-1,1.0,4.0,-3.7984,1,1,False,False,True,DEV,STOP
4899,2026-08-05 07:05:16.744,1,2.0,3.0,3.4609,10,10,False,False,True,DEV,TARGET
4935,2026-08-05 07:08:15.368,1,2.0,3.0,1.0765,10,1,False,False,True,DEV,STOP
4944,2026-08-05 07:09:16.228,1,2.0,3.0,-0.3492,6,4,False,False,True,DEV,TARGET
4978,2026-08-05 07:13:05.692,-1,1.0,4.0,-0.2847,8,8,False,False,True,DEV,STOP
4987,2026-08-05 07:14:13.044,1,1.0,4.0,-0.7921,1,1,False,False,True,DEV,TARGET
4996,2026-08-05 07:15:19.252,1,1.0,4.0,-3.105,0,0,False,False,True,DEV,STOP
5001,2026-08-05 07:16:09.076,1,2.0,3.0,-2.6011,3,1,False,False,True,DEV,STOP
5030,2026-08-05 07:20:05.860,-1,2.0,3.0,6.5195,10,10,False,False,True,DEV,TARGET
5041,2026-08-05 07:21:06.552,-1,1.0,4.0,-3.5596,0,0,False,False,True,DEV,STOP
5050,2026-08-05 07:22:12.684,-1,2.0,3.0,0.4193,2,1,False,False,True,DEV,TARGET
5053,2026-08-05 07:22:26.564,-1,1.0,4.0,-2.5174,0,0,False,False,True,DEV,TARGET
5054,2026-08-05 07:22:32.204,-1,2.0,3.0,-0.7358,1,1,False,False,True,DEV,TARGET
5057,2026-08-05 07:22:53.764,-1,0.0,5.0,-4.3091,0,0,False,False,True,DEV,TARGET
5058,2026-08-05 07:23:02.440,-1,1.0,4.0,-2.9071,1,1,False,False,True,DEV,TARGET
5059,2026-08-05 07:23:06.176,-1,0.0,5.0,-2.5944,2,2,False,False,True,DEV,TARGET
5066,2026-08-05 07:23:32.376,-1,1.0,4.0,3.6462,10,10,True,False,True,DEV,STOP
5082,2026-08-05 07:25:31.036,1,2.0,3.0,4.4646,10,10,False,False,True,DEV,TARGET
5083,2026-08-05 07:25:33.744,1,2.0,3.0,4.6947,10,10,False,False,True,DEV,TARGET
5105,2026-08-05 07:27:23.804,-1,1.0,4.0,-0.9734,1,1,False,False,True,DEV,TARGET
5114,2026-08-05 07:28:22.888,-1,2.0,3.0,-1.2087,1,1,False,False,True,DEV,TARGET
5115,2026-08-05 07:28:28.280,-1,0.0,5.0,-1.2734,8,8,False,False,True,DEV,TARGET
5123,2026-08-05 07:29:53.036,-1,2.0,3.0,4.098,10,10,True,True,True,DEV,TARGET
5128,2026-08-05 07:30:02.720,-1,1.0,4.0,0.9135,1,1,False,False,True,DEV,TARGET
5129,2026-08-05 07:30:09.948,-1,1.0,4.0,1.1549,10,10,False,False,True,DEV,TARGET
5131,2026-08-05 07:30:19.320,-1,2.0,3.0,-2.3137,0,0,False,False,True,DEV,TARGET
5142,2026-08-05 07:31:25.308,-1,1.0,4.0,2.7066,7,7,True,False,True,DEV,TARGET
5188,2026-08-05 07:36:22.976,-1,1.0,4.0,1.5468,10,10,False,False,True,DEV,TARGET
5203,2026-08-05 07:37:47.816,-1,1.0,4.0,-3.0805,0,0,False,False,True,DEV,TARGET
5205,2026-08-05 07:38:11.572,-1,0.0,5.0,-0.0363,10,10,False,False,True,DEV,STOP
5219,2026-08-05 07:40:03.340,-1,2.0,3.0,3.6643,10,10,False,False,True,DEV,STOP
5226,2026-08-05 07:40:40.856,-1,1.0,4.0,-0.8541,1,1,False,False,True,DEV,TARGET
5230,2026-08-05 07:41:25.208,-1,2.0,3.0,0.8521,10,1,False,False,True,DEV,STOP
5277,2026-08-05 07:46:42.004,1,2.0,3.0,5.4752,10,10,False,False,True,DEV,STOP
5284,2026-08-05 07:47:33.140,1,1.0,4.0,-2.757,1,1,False,False,True,DEV,STOP
5293,2026-08-05 07:49:32.768,1,1.0,4.0,-3.5711,1,1,False,False,True,DEV,TARGET
5320,2026-08-05 07:52:31.212,-1,2.0,3.0,5.7004,10,10,True,True,True,DEV,TARGET
5332,2026-08-05 07:53:43.740,-1,2.0,3.0,1.4373,0,0,False,False,True,DEV,TARGET
5342,2026-08-05 07:54:14.440,-1,2.0,3.0,-2.4562,2,1,False,False,True,DEV,STOP
5387,2026-08-05 08:00:27.080,1,0.0,5.0,1.1448,10,10,False,False,False,DEV,TARGET
5388,2026-08-05 08:00:45.256,1,1.0,4.0,1.3348,10,10,False,False,False,DEV,TARGET
5452,2026-08-05 08:08:59.028,-1,2.0,3.0,0.4965,10,3,False,False,False,DEV,STOP
5462,2026-08-05 08:10:25.872,1,0.0,5.0,-3.8874,1,1,False,False,False,DEV,TARGET
5463,2026-08-05 08:10:56.916,1,1.0,4.0,-2.5791,3,2,False,False,False,DEV,TARGET
5481,2026-08-05 08:13:26.360,-1,1.0,4.0,3.177,10,10,False,False,False,DEV,TARGET
5489,2026-08-05 08:15:35.600,-1,1.0,4.0,2.7416,10,10,False,False,False,DEV,TARGET
5491,2026-08-05 08:15:47.808,-1,2.0,3.0,4.4362,10,10,True,True,False,DEV,TARGET
5496,2026-08-05 08:17:05.192,-1,2.0,3.0,-1.3597,0,0,False,False,False,DEV,TARGET
5505,2026-08-05 08:18:07.724,-1,2.0,3.0,4.1462,0,0,False,False,False,DEV,TARGET
5507,2026-08-05 08:18:07.772,-1,0.0,5.0,4.9403,10,10,False,False,False,DEV,TARGET
5510,2026-08-05 08:18:12.688,-1,2.0,3.0,2.3368,0,0,False,False,False,DEV,TARGET
5582,2026-08-05 08:27:30.380,-1,1.0,4.0,-3.13,1,1,False,False,False,DEV,TARGET
5616,2026-08-05 08:32:06.116,1,1.0,4.0,0.0647,0,0,False,False,False,DEV,STOP
5641,2026-08-05 08:36:24.888,-1,2.0,3.0,-0.9853,4,1,False,False,False,DEV,STOP
5651,2026-08-05 08:38:32.280,-1,2.0,3.0,-2.8171,4,1,False,False,False,DEV,TARGET
5652,2026-08-05 08:38:45.572,-1,1.0,4.0,-1.7466,5,5,False,False,False,DEV,TARGET
5653,2026-08-05 08:38:56.640,-1,2.0,3.0,-0.1363,9,7,False,False,False,DEV,STOP
5654,2026-08-05 08:39:05.144,-1,2.0,3.0,1.1162,10,10,False,False,False,DEV,STOP
5663,2026-08-05 08:40:24.224,-1,2.0,3.0,0.1765,6,6,False,False,False,DEV,TARGET
5668,2026-08-05 08:41:20.120,-1,2.0,3.0,1.1111,10,10,False,False,False,DEV,TARGET
5669,2026-08-05 08:41:26.368,-1,2.0,3.0,2.0864,10,10,False,False,False,DEV,STOP
5694,2026-08-05 08:47:08.912,-1,1.0,4.0,-1.1896,2,1,False,False,False,DEV,TARGET
5716,2026-08-05 08:51:30.152,-1,1.0,4.0,-0.9701,1,1,False,False,False,DEV,TARGET
5735,2026-08-05 08:55:29.496,-1,1.0,4.0,1.8954,10,10,False,False,False,DEV,TARGET
5741,2026-08-05 08:56:21.500,-1,2.0,3.0,2.2119,0,0,False,False,False,DEV,STOP
5746,2026-08-05 08:57:00.420,-1,2.0,3.0,-2.7831,2,1,False,False,False,DEV,TARGET
5748,2026-08-05 08:57:11.084,-1,2.0,3.0,1.6991,7,5,False,False,False,DEV,TARGET
5766,2026-08-05 08:59:49.092,-1,0.0,5.0,-0.9035,6,6,False,False,False,DEV,TARGET
5815,2026-08-05 09:08:07.668,-1,2.0,3.0,-0.1166,3,3,False,False,False,DEV,TARGET
5915,2026-08-05 09:26:32.396,1,2.0,3.0,3.1,10,10,False,False,False,DEV,TARGET
5964,2026-08-05 09:38:14.904,1,2.0,3.0,-0.3058,10,1,False,False,False,DEV,TARGET
5997,2026-08-05 09:47:52.744,-1,0.0,5.0,-2.7445,1,1,False,False,False,DEV,TARGET
6002,2026-08-05 09:49:16.704,-1,0.0,5.0,-2.7405,1,1,False,False,False,DEV,STOP
6011,2026-08-05 09:51:11.252,1,1.0,4.0,3.1337,10,10,False,False,False,DEV,STOP
6019,2026-08-05 09:53:28.280,1,1.0,4.0,-2.5721,2,1,False,False,False,DEV,TARGET
6032,2026-08-05 09:57:41.700,1,0.0,5.0,-1.4439,8,8,False,False,False,DEV,STOP
6048,2026-08-05 10:01:06.596,1,2.0,3.0,-0.6694,3,3,False,False,False,DEV,TARGET
6051,2026-08-05 10:01:47.836,1,2.0,3.0,0.8497,10,1,False,False,False,DEV,STOP
6060,2026-08-05 10:03:40.140,-1,2.0,3.0,-1.8773,0,0,False,False,False,DEV,TARGET
6061,2026-08-05 10:04:05.080,-1,1.0,4.0,-1.0157,1,1,False,False,False,DEV,TARGET
6081,2026-08-05 10:08:36.764,-1,0.0,5.0,-3.3341,1,1,False,False,False,DEV,STOP
6089,2026-08-05 10:10:59.928,-1,1.0,4.0,0.6039,10,10,False,False,False,DEV,STOP
6126,2026-08-05 10:21:25.152,-1,0.0,5.0,-1.96,1,1,False,False,False,DEV,TARGET
6156,2026-08-05 10:30:04.904,-1,2.0,3.0,0.6941,1,1,False,False,False,DEV,TARGET
6160,2026-08-05 10:31:25.800,-1,1.0,4.0,-0.569,1,1,False,False,False,DEV,STOP
6172,2026-08-05 10:35:24.720,1,1.0,4.0,-0.8421,2,1,False,False,False,DEV,TARGET
6184,2026-08-05 10:40:02.096,1,0.0,5.0,-2.8716,1,1,False,False,False,DEV,TARGET
6189,2026-08-05 10:42:14.680,1,1.0,4.0,-3.1063,0,0,False,False,False,DEV,STOP
6243,2026-08-05 11:03:24.612,1,0.0,5.0,0.0072,10,10,False,False,True,DEV,TARGET
6272,2026-08-05 11:17:21.160,1,0.0,5.0,-0.0402,6,6,False,False,True,DEV,STOP
6285,2026-08-05 11:25:44.256,1,2.0,3.0,-1.7662,5,1,False,False,True,DEV,STOP
6295,2026-08-05 11:31:33.984,-1,2.0,3.0,5.2958,10,10,False,False,True,DEV,TARGET
6339,2026-08-05 11:57:17.108,-1,2.0,3.0,3.3961,10,10,False,False,True,DEV,STOP
6341,2026-08-05 11:57:43.964,-1,1.0,4.0,-2.3406,0,0,False,False,True,DEV,TARGET
6355,2026-08-05 12:03:28.540,-1,1.0,4.0,-2.8066,4,1,False,False,True,DEV,STOP
6370,2026-08-05 12:13:00.796,1,2.0,3.0,-2.3895,3,1,False,False,True,DEV,TARGET
6375,2026-08-05 12:15:35.324,1,0.0,5.0,-1.6752,1,1,False,False,True,DEV,TARGET
6376,2026-08-05 12:16:03.528,1,2.0,3.0,-0.0807,10,10,False,False,True,DEV,TARGET
6387,2026-08-05 12:22:28.248,1,0.0,5.0,-3.8425,3,3,False,False,True,DEV,TARGET
6393,2026-08-05 12:26:33.256,1,1.0,4.0,-2.0614,1,1,False,False,True,DEV,STOP
6404,2026-08-05 12:35:01.624,-1,2.0,3.0,-1.0821,0,0,False,False,True,DEV,TARGET
6406,2026-08-05 12:36:12.052,-1,2.0,3.0,2.7281,10,10,False,False,True,DEV,STOP
6424,2026-08-05 12:46:07.944,-1,2.0,3.0,-2.7717,3,3,False,False,True,DEV,TARGET
6425,2026-08-05 12:46:20.060,-1,2.0,3.0,-0.9336,9,4,False,False,True,DEV,TARGET
6461,2026-08-05 12:56:23.544,-1,1.0,4.0,1.0759,10,10,False,False,True,DEV,TARGET
6465,2026-08-05 12:57:32.752,-1,0.0,5.0,0.3687,1,1,False,False,True,DEV,TARGET
6470,2026-08-05 12:59:00.100,-1,2.0,3.0,2.1815,10,10,False,False,True,DEV,TARGET
6471,2026-08-05 12:59:02.948,-1,2.0,3.0,2.919,10,10,False,False,True,DEV,TARGET
6481,2026-08-05 12:59:39.264,-1,2.0,3.0,1.2445,0,0,False,False,True,DEV,TARGET
6484,2026-08-05 12:59:44.020,-1,2.0,3.0,6.2536,10,10,True,True,True,DEV,TARGET
6488,2026-08-05 12:59:47.584,-1,2.0,3.0,2.0245,0,0,False,False,True,DEV,TARGET
6497,2026-08-05 13:00:00.928,-1,0.0,5.0,-3.0345,1,1,False,False,False,DEV,STOP
6549,2026-08-05 13:10:05.268,1,1.0,4.0,-0.1942,1,1,False,False,False,DEV,TARGET
6554,2026-08-05 13:11:38.680,1,1.0,4.0,3.021,10,10,False,False,False,DEV,TARGET
6557,2026-08-05 13:13:54.168,1,2.0,3.0,1.645,10,1,False,False,False,DEV,TARGET
6559,2026-08-05 13:14:48.188,1,2.0,3.0,3.7729,10,10,True,False,False,DEV,STOP
6573,2026-08-05 13:24:27.364,1,2.0,3.0,-2.256,6,1,False,False,False,DEV,TARGET
6576,2026-08-05 13:31:02.368,1,1.0,4.0,-2.0189,1,1,False,False,False,DEV,TARGET
6577,2026-08-05 13:33:12.476,1,1.0,4.0,-1.1258,2,2,False,False,False,DEV,TARGET
6590,2026-08-05 13:56:08.000,1,1.0,4.0,-2.3706,3,1,False,False,False,DEV,STOP
6621,2026-08-05 15:18:52.000,1,2.0,3.0,0.9612,10,7,False,False,False,DEV,TARGET
6631,2026-08-05 15:32:29.592,1,1.0,4.0,2.2624,2,1,True,False,False,DEV,TARGET
6653,2026-08-05 16:26:26.760,1,2.0,3.0,-1.4001,9,1,False,False,False,DEV,STOP
6655,2026-08-05 16:31:18.484,1,1.0,4.0,-3.4272,0,0,False,False,False,DEV,STOP
6673,2026-08-05 16:55:35.812,-1,1.0,4.0,-1.2755,2,1,False,False,False,DEV,TARGET
6701,2026-08-05 17:10:10.920,-1,2.0,3.0,-1.7389,4,1,False,False,False,DEV,TARGET
6702,2026-08-05 17:10:33.164,-1,2.0,3.0,-0.1303,10,5,False,False,False,DEV,TARGET
6715,2026-08-05 17:17:46.676,-1,1.0,4.0,-2.2367,1,1,False,False,False,DEV,TARGET
6730,2026-08-05 17:28:04.744,-1,2.0,3.0,2.0542,10,10,False,False,False,DEV,STOP
6747,2026-08-05 17:54:13.288,-1,2.0,3.0,0.6441,10,9,False,False,False,DEV,TARGET
6748,2026-08-05 17:59:33.548,-1,1.0,4.0,0.9454,10,10,False,False,False,DEV,TARGET
6753,2026-08-05 18:05:31.168,-1,2.0,3.0,2.6361,10,1,False,False,False,DEV,TARGET
6755,2026-08-05 18:11:18.348,-1,2.0,3.0,-0.8127,0,0,False,False,False,DEV,TARGET
6756,2026-08-05 18:11:47.500,-1,2.0,3.0,0.5901,1,1,False,False,False,DEV,TARGET
6758,2026-08-05 18:15:21.508,-1,2.0,3.0,-1.4455,0,0,False,False,False,DEV,TARGET
6766,2026-08-05 18:28:21.188,-1,1.0,4.0,3.8187,10,10,True,False,False,DEV,STOP
6775,2026-08-05 18:35:54.224,-1,1.0,4.0,-3.5467,3,3,False,False,False,DEV,TARGET
6795,2026-08-05 19:04:27.736,1,0.0,5.0,-1.6485,1,1,False,False,False,DEV,TARGET
6817,2026-08-05 19:33:00.876,1,2.0,3.0,-2.1157,3,3,False,False,False,DEV,TARGET
6820,2026-08-05 19:39:50.776,1,2.0,3.0,-2.9324,0,0,False,False,False,DEV,TARGET
6929,2026-08-05 23:12:50.348,-1,1.0,4.0,2.4057,10,10,False,False,False,DEV,TARGET
6950,2026-08-05 23:37:53.020,-1,2.0,3.0,-2.6898,1,1,False,False,False,DEV,TARGET
6957,2026-08-05 23:48:35.572,-1,2.0,3.0,-2.0966,1,1,False,False,False,DEV,STOP
6979,2026-08-06 00:12:28.108,1,0.0,5.0,1.7909,10,10,False,False,False,DEV,STOP
6980,2026-08-06 00:13:46.384,1,1.0,4.0,1.8374,10,10,False,False,False,DEV,STOP
7009,2026-08-06 01:01:01.140,-1,1.0,4.0,-3.5123,1,1,False,False,False,DEV,TARGET
7034,2026-08-06 01:13:03.168,-1,2.0,3.0,-1.282,0,0,False,False,False,DEV,STOP
7044,2026-08-06 01:23:04.516,-1,0.0,5.0,-4.4504,1,1,False,False,False,DEV,TARGET
7053,2026-08-06 01:30:06.140,1,2.0,3.0,6.3382,10,10,False,False,False,DEV,TARGET
7054,2026-08-06 01:30:36.240,1,2.0,3.0,6.1519,10,10,False,False,False,DEV,TARGET
7096,2026-08-06 02:29:29.336,1,2.0,3.0,-2.1425,0,0,False,False,False,DEV,TARGET
7100,2026-08-06 02:38:58.600,1,2.0,3.0,-2.8159,1,1,False,False,False,DEV,TARGET
7101,2026-08-06 02:40:44.224,1,2.0,3.0,-0.9679,5,3,False,False,False,DEV,TARGET
7102,2026-08-06 02:42:26.960,1,2.0,3.0,0.4694,10,6,False,False,False,DEV,TARGET
7103,2026-08-06 02:47:13.840,1,0.0,5.0,0.0317,10,10,False,False,False,DEV,TARGET
7110,2026-08-06 03:02:40.032,1,2.0,3.0,0.8766,0,0,False,False,False,DEV,STOP
7120,2026-08-06 03:25:17.992,1,2.0,3.0,-1.1438,7,1,False,False,False,DEV,STOP
7141,2026-08-06 04:00:58.728,-1,2.0,3.0,0.5889,0,0,False,False,False,DEV,TARGET
7144,2026-08-06 04:02:33.224,-1,1.0,4.0,0.1934,3,1,False,False,False,DEV,TARGET
7145,2026-08-06 04:03:13.064,-1,2.0,3.0,1.3727,10,4,False,False,False,DEV,TARGET
7146,2026-08-06 04:03:33.300,-1,0.0,5.0,0.7343,10,10,False,False,False,DEV,TARGET
7147,2026-08-06 04:03:54.980,-1,1.0,4.0,1.0156,10,10,False,False,False,DEV,TARGET
7152,2026-08-06 04:06:08.868,-1,2.0,3.0,0.2446,2,1,False,False,False,DEV,TARGET
7176,2026-08-06 04:29:48.996,1,2.0,3.0,3.6793,10,1,False,False,False,DEV,TARGET
7177,2026-08-06 04:30:11.296,1,2.0,3.0,4.0839,10,10,False,False,False,DEV,TARGET
7202,2026-08-06 04:53:31.852,-1,2.0,3.0,2.0704,10,1,False,False,False,DEV,STOP
7227,2026-08-06 05:13:01.076,-1,1.0,4.0,0.9734,10,1,False,False,False,DEV,TARGET
7231,2026-08-06 05:18:46.468,-1,1.0,4.0,2.3413,10,10,False,False,False,DEV,STOP
7256,2026-08-06 05:35:25.956,1,1.0,4.0,-0.3364,1,1,False,False,False,DEV,TARGET
7259,2026-08-06 05:36:56.584,1,2.0,3.0,-0.7509,0,0,False,False,False,DEV,TARGET
7260,2026-08-06 05:38:09.004,1,0.0,5.0,-0.9173,1,1,False,False,False,DEV,STOP
7261,2026-08-06 05:39:03.960,1,1.0,4.0,-0.269,2,2,False,False,False,DEV,STOP
7277,2026-08-06 05:55:43.376,-1,1.0,4.0,-0.4656,1,1,False,False,False,DEV,TARGET
7291,2026-08-06 06:07:36.396,-1,1.0,4.0,4.4658,10,10,True,True,False,DEV,TARGET
7301,2026-08-06 06:15:48.992,-1,2.0,3.0,-1.8384,4,1,False,False,False,DEV,STOP
7318,2026-08-06 06:25:36.232,-1,2.0,3.0,1.8503,10,10,False,False,False,DEV,STOP
7359,2026-08-06 06:31:29.880,-1,2.0,3.0,-1.0103,0,0,False,False,True,DEV,TARGET
7360,2026-08-06 06:31:32.332,-1,2.0,3.0,0.4365,1,1,False,False,True,DEV,STOP
7364,2026-08-06 06:31:45.852,-1,2.0,3.0,-2.8131,1,1,False,False,True,DEV,TARGET
7365,2026-08-06 06:31:51.044,-1,0.0,5.0,-2.5213,3,3,False,False,True,DEV,TARGET
7366,2026-08-06 06:31:57.644,-1,1.0,4.0,-1.5166,4,4,False,False,True,DEV,TARGET
7379,2026-08-06 06:33:16.124,-1,1.0,4.0,6.4626,10,10,True,True,True,DEV,STOP
7419,2026-08-06 06:36:00.160,1,1.0,4.0,-0.8024,0,0,False,False,True,DEV,TARGET
7423,2026-08-06 06:36:12.500,1,0.0,5.0,-1.058,1,1,False,False,True,DEV,TARGET
7426,2026-08-06 06:36:26.952,1,1.0,4.0,2.7121,10,10,False,False,True,DEV,TARGET
7430,2026-08-06 06:37:31.216,1,2.0,3.0,2.523,10,1,True,False,True,DEV,TARGET
7461,2026-08-06 06:39:43.980,-1,1.0,4.0,-0.8106,1,1,False,False,True,DEV,TARGET
7507,2026-08-06 06:43:07.968,1,1.0,4.0,-2.6001,5,1,False,False,True,DEV,TARGET
7509,2026-08-06 06:43:23.676,1,1.0,4.0,1.637,10,10,False,False,True,DEV,TARGET
7519,2026-08-06 06:44:18.812,1,2.0,3.0,-1.8901,3,1,False,False,True,DEV,TARGET
7531,2026-08-06 06:45:02.404,1,2.0,3.0,-1.5042,7,6,False,False,False,DEV,TARGET
7533,2026-08-06 06:45:08.196,1,1.0,4.0,1.695,10,10,False,False,False,DEV,STOP
7551,2026-08-06 06:46:55.988,1,2.0,3.0,0.7482,10,10,False,False,False,DEV,TARGET
7552,2026-08-06 06:46:59.092,1,2.0,3.0,1.8042,10,10,False,False,False,DEV,TARGET
7561,2026-08-06 06:49:11.936,1,2.0,3.0,1.4044,1,1,False,False,False,DEV,STOP
7567,2026-08-06 06:50:08.636,1,2.0,3.0,-1.5328,4,1,False,False,False,DEV,STOP
7579,2026-08-06 06:51:51.092,1,2.0,3.0,-1.9752,3,3,False,False,False,DEV,TARGET
7580,2026-08-06 06:51:59.256,1,2.0,3.0,-0.314,8,5,False,False,False,DEV,TARGET
7618,2026-08-06 06:56:39.524,-1,1.0,4.0,3.0768,10,10,False,False,False,DEV,STOP
7620,2026-08-06 06:56:58.328,-1,2.0,3.0,-1.1511,0,0,False,False,False,DEV,STOP
7639,2026-08-06 06:59:27.300,-1,1.0,4.0,-2.2736,3,3,False,False,False,DEV,TARGET
7666,2026-08-06 07:01:33.868,-1,1.0,4.0,-1.06,6,6,False,False,True,DEV,TARGET
7674,2026-08-06 07:02:52.228,1,1.0,4.0,2.2473,10,1,False,False,True,DEV,TARGET
7709,2026-08-06 07:07:48.944,1,0.0,5.0,-1.7315,0,0,False,False,True,DEV,TARGET
7714,2026-08-06 07:08:57.956,1,2.0,3.0,-1.2161,3,1,False,False,True,DEV,TARGET
7719,2026-08-06 07:10:16.920,1,1.0,4.0,0.0299,3,3,False,False,True,DEV,TARGET
7724,2026-08-06 07:11:07.208,1,0.0,5.0,-1.823,1,1,False,False,True,DEV,TARGET
7779,2026-08-06 07:25:32.048,-1,0.0,5.0,5.5845,10,10,False,False,True,DEV,STOP
7791,2026-08-06 07:26:31.688,-1,2.0,3.0,-2.2187,0,0,False,False,True,DEV,TARGET
7803,2026-08-06 07:27:27.176,-1,1.0,4.0,-3.4974,0,0,False,False,True,DEV,STOP
7807,2026-08-06 07:28:07.012,-1,2.0,3.0,-1.6314,4,1,False,False,True,DEV,STOP
7816,2026-08-06 07:28:50.344,-1,1.0,4.0,-1.0129,7,7,False,False,True,DEV,TARGET
7819,2026-08-06 07:29:19.620,-1,2.0,3.0,-1.8085,0,0,False,False,True,DEV,TARGET
7841,2026-08-06 07:31:52.296,-1,1.0,4.0,-0.6011,1,1,False,False,True,DEV,TARGET
7843,2026-08-06 07:32:05.508,-1,0.0,5.0,-4.3266,0,0,False,False,True,DEV,TARGET
7850,2026-08-06 07:33:05.968,-1,0.0,5.0,-4.6996,1,1,False,False,True,DEV,STOP
7879,2026-08-06 07:37:28.884,-1,1.0,4.0,2.4461,10,10,False,False,True,DEV,TARGET
7885,2026-08-06 07:38:59.048,-1,1.0,4.0,2.0856,10,10,False,False,True,DEV,TARGET
7889,2026-08-06 07:39:29.120,-1,1.0,4.0,-0.2092,2,1,False,False,True,DEV,TARGET
7917,2026-08-06 07:43:50.848,1,2.0,3.0,1.5553,1,1,False,False,True,DEV,TARGET
7936,2026-08-06 07:47:24.664,-1,1.0,4.0,-2.0289,0,0,False,False,True,DEV,TARGET
7949,2026-08-06 07:51:47.084,-1,2.0,3.0,-2.9032,2,1,False,False,True,DEV,STOP
7968,2026-08-06 07:54:59.132,1,2.0,3.0,6.0705,10,10,False,False,True,DEV,TARGET
7976,2026-08-06 07:55:51.976,1,1.0,4.0,-1.9221,1,1,False,False,True,DEV,TARGET
7977,2026-08-06 07:56:04.060,1,2.0,3.0,-0.2727,5,5,False,False,True,DEV,TARGET
7978,2026-08-06 07:56:14.760,1,1.0,4.0,0.2323,10,8,False,False,True,DEV,TARGET
7980,2026-08-06 07:56:32.088,1,2.0,3.0,-2.8718,0,0,False,False,True,DEV,TARGET
7981,2026-08-06 07:56:46.216,1,2.0,3.0,-1.0114,1,1,False,False,True,DEV,TARGET
7989,2026-08-06 07:58:17.552,1,1.0,4.0,-2.9372,0,0,False,False,True,DEV,STOP
7996,2026-08-06 07:59:48.784,1,2.0,3.0,-0.1362,7,5,False,False,True,DEV,TARGET
8037,2026-08-06 08:10:15.432,1,1.0,4.0,-2.7537,4,1,False,False,False,DEV,TARGET
8047,2026-08-06 08:13:25.268,-1,1.0,4.0,2.2143,10,10,False,False,False,DEV,TARGET
8048,2026-08-06 08:13:43.380,-1,0.0,5.0,1.3889,10,10,False,False,False,DEV,TARGET
8049,2026-08-06 08:13:59.752,-1,2.0,3.0,2.3025,10,10,False,False,False,DEV,TARGET
8053,2026-08-06 08:15:01.228,-1,2.0,3.0,2.9482,10,1,False,False,False,DEV,TARGET
8065,2026-08-06 08:17:33.908,-1,2.0,3.0,3.1097,10,10,True,False,False,DEV,TARGET
8066,2026-08-06 08:17:40.768,-1,1.0,4.0,2.8631,10,10,True,False,False,DEV,TARGET
8067,2026-08-06 08:17:59.112,-1,0.0,5.0,1.8935,10,10,False,False,False,DEV,TARGET
8068,2026-08-06 08:18:11.304,-1,2.0,3.0,2.695,10,10,True,False,False,DEV,TARGET
8069,2026-08-06 08:18:24.224,-1,2.0,3.0,3.3183,10,10,True,False,False,DEV,TARGET
8075,2026-08-06 08:19:12.788,-1,2.0,3.0,0.9746,1,1,False,False,False,DEV,TARGET
8076,2026-08-06 08:19:20.468,-1,2.0,3.0,1.9802,10,10,False,False,False,DEV,TARGET
8077,2026-08-06 08:19:31.796,-1,0.0,5.0,1.2069,10,10,False,False,False,DEV,TARGET
8081,2026-08-06 08:20:02.356,-1,2.0,3.0,2.8087,10,10,True,False,False,DEV,STOP
8085,2026-08-06 08:20:28.860,-1,2.0,3.0,-2.8658,0,0,False,False,False,DEV,STOP
8090,2026-08-06 08:21:08.052,-1,1.0,4.0,-3.856,2,1,False,False,False,DEV,TARGET
8102,2026-08-06 08:22:47.452,-1,2.0,3.0,-0.9974,7,1,False,False,False,DEV,TARGET
8147,2026-08-06 08:30:16.704,1,1.0,4.0,-2.4994,0,0,False,False,False,DEV,TARGET
8164,2026-08-06 08:33:13.056,-1,2.0,3.0,2.0117,10,3,False,False,False,DEV,TARGET
8168,2026-08-06 08:34:13.860,-1,0.0,5.0,-1.8803,1,1,False,False,False,DEV,TARGET
8181,2026-08-06 08:36:33.600,-1,1.0,4.0,-1.5966,4,4,False,False,False,DEV,TARGET
8183,2026-08-06 08:37:06.832,-1,2.0,3.0,1.8119,10,10,False,False,False,DEV,STOP
8206,2026-08-06 08:42:28.324,-1,0.0,5.0,-0.1404,10,10,False,False,False,DEV,TARGET
8207,2026-08-06 08:43:01.084,-1,1.0,4.0,0.3353,10,10,False,False,False,DEV,TARGET
8214,2026-08-06 08:44:49.040,-1,0.0,5.0,-2.7498,1,1,False,False,False,DEV,TARGET
8217,2026-08-06 08:45:33.396,-1,0.0,5.0,-1.9536,1,1,False,False,False,DEV,STOP
8233,2026-08-06 08:48:40.480,1,2.0,3.0,2.7898,10,10,False,False,False,DEV,TARGET
8245,2026-08-06 08:50:29.816,1,0.0,5.0,2.6726,10,10,False,False,False,DEV,STOP
8275,2026-08-06 08:54:51.004,-1,2.0,3.0,4.5214,10,10,True,True,False,DEV,TARGET
8277,2026-08-06 08:55:02.940,-1,1.0,4.0,4.7351,10,10,True,True,False,DEV,STOP
8278,2026-08-06 08:55:09.200,-1,2.0,3.0,4.9051,10,10,True,True,False,DEV,STOP
8309,2026-08-06 08:59:26.256,-1,2.0,3.0,-0.2637,10,9,False,False,False,DEV,TARGET
8359,2026-08-06 09:08:53.460,1,1.0,4.0,-1.8008,0,0,False,False,False,DEV,TARGET
8363,2026-08-06 09:09:58.764,1,1.0,4.0,-3.3342,1,1,False,False,False,DEV,TARGET
8364,2026-08-06 09:10:01.660,1,2.0,3.0,-1.3711,3,3,False,False,False,DEV,STOP
8365,2026-08-06 09:10:13.460,1,2.0,3.0,0.1558,6,6,False,False,False,DEV,STOP
8372,2026-08-06 09:12:33.828,-1,0.0,5.0,1.9094,10,10,False,False,False,DEV,TARGET
8374,2026-08-06 09:13:03.256,-1,1.0,4.0,-3.24,0,0,False,False,False,DEV,TARGET
8375,2026-08-06 09:13:28.596,-1,0.0,5.0,-2.8533,1,1,False,False,False,DEV,TARGET
8376,2026-08-06 09:13:54.120,-1,1.0,4.0,-1.7748,2,2,False,False,False,DEV,TARGET
8408,2026-08-06 09:21:55.232,1,2.0,3.0,-1.8627,0,0,False,False,False,DEV,TARGET
8409,2026-08-06 09:22:13.160,1,1.0,4.0,-1.0043,1,1,False,False,False,DEV,STOP
8411,2026-08-06 09:22:32.048,1,1.0,4.0,-3.1878,0,0,False,False,False,DEV,STOP
8426,2026-08-06 09:26:54.504,1,0.0,5.0,-3.85,1,1,False,False,False,DEV,TARGET
8427,2026-08-06 09:27:06.056,1,1.0,4.0,-2.55,3,3,False,False,False,DEV,TARGET
8433,2026-08-06 09:28:20.024,1,2.0,3.0,1.4372,10,1,False,False,False,DEV,TARGET
8434,2026-08-06 09:28:29.400,1,1.0,4.0,1.5623,10,10,False,False,False,DEV,STOP
8446,2026-08-06 09:30:55.384,1,1.0,4.0,-1.8826,1,1,False,False,False,DEV,TARGET
8450,2026-08-06 09:32:16.124,1,2.0,3.0,0.2367,10,1,False,False,False,DEV,STOP
8495,2026-08-06 09:45:19.928,-1,2.0,3.0,-2.2357,0,0,False,False,False,DEV,TARGET
8499,2026-08-06 09:46:42.148,-1,2.0,3.0,0.8468,10,4,False,False,False,DEV,STOP
8527,2026-08-06 09:56:40.336,1,2.0,3.0,1.2694,10,1,False,False,False,DEV,TARGET
8528,2026-08-06 09:57:31.820,1,0.0,5.0,0.654,10,10,False,False,False,DEV,TARGET
8534,2026-08-06 09:59:20.092,1,2.0,3.0,3.5601,10,10,False,False,False,DEV,TARGET
8537,2026-08-06 10:00:39.668,1,1.0,4.0,1.457,1,1,False,False,False,DEV,TARGET
8573,2026-08-06 10:15:24.644,-1,0.0,5.0,1.8515,10,10,False,False,False,DEV,STOP
8575,2026-08-06 10:17:02.116,-1,2.0,3.0,-1.8923,0,0,False,False,False,DEV,STOP
8596,2026-08-06 10:24:18.104,-1,2.0,3.0,-1.4189,1,1,False,False,False,DEV,STOP
8604,2026-08-06 10:28:28.856,-1,1.0,4.0,-3.4506,1,1,False,False,False,DEV,TARGET
8605,2026-08-06 10:29:34.436,-1,2.0,3.0,-1.4616,5,2,False,False,False,DEV,TARGET
8633,2026-08-06 10:40:30.004,-1,1.0,4.0,-1.2842,10,7,False,False,False,DEV,TARGET
8657,2026-08-06 10:55:33.800,1,0.0,5.0,0.7622,1,1,False,False,False,DEV,TARGET
8670,2026-08-06 11:00:45.072,1,2.0,3.0,-1.4037,2,1,False,False,True,DEV,TARGET
8674,2026-08-06 11:03:44.964,1,2.0,3.0,-1.3431,1,1,False,False,True,DEV,TARGET
8675,2026-08-06 11:03:59.588,1,1.0,4.0,-0.6002,7,3,False,False,True,DEV,TARGET
8677,2026-08-06 11:05:36.956,1,1.0,4.0,1.6369,10,10,False,False,True,DEV,STOP
8687,2026-08-06 11:12:23.752,1,1.0,4.0,-1.6478,1,1,False,False,True,DEV,TARGET
8701,2026-08-06 11:16:21.144,1,2.0,3.0,2.0442,7,7,False,False,True,DEV,TARGET
8702,2026-08-06 11:16:42.048,1,2.0,3.0,2.8122,9,8,False,False,True,DEV,TARGET
8707,2026-08-06 11:17:02.220,1,0.0,5.0,6.0265,10,10,False,False,True,DEV,STOP
8717,2026-08-06 11:20:30.944,1,1.0,4.0,-3.7185,3,1,False,False,True,DEV,TARGET
8718,2026-08-06 11:21:02.788,1,2.0,3.0,-1.6699,5,5,False,False,True,DEV,STOP
8722,2026-08-06 11:25:26.360,1,1.0,4.0,-1.113,2,1,False,False,True,DEV,STOP
8729,2026-08-06 11:28:46.612,1,0.0,5.0,-2.6827,3,3,False,False,True,DEV,STOP
8760,2026-08-06 11:49:23.924,-1,1.0,4.0,-2.462,5,4,False,False,True,DEV,TARGET
8788,2026-08-06 12:12:07.476,1,0.0,5.0,2.3474,10,10,False,False,True,DEV,STOP
8816,2026-08-06 12:26:50.820,-1,0.0,5.0,-1.6683,3,3,False,False,True,DEV,TARGET
8819,2026-08-06 12:28:01.304,-1,1.0,4.0,-2.0785,1,1,False,False,True,DEV,TARGET
8841,2026-08-06 12:38:40.928,-1,2.0,3.0,0.1494,10,5,False,False,True,DEV,TARGET
8842,2026-08-06 12:39:00.620,-1,2.0,3.0,1.3384,10,10,False,False,True,DEV,TARGET
8843,2026-08-06 12:40:00.680,-1,1.0,4.0,1.4854,10,10,False,False,True,DEV,TARGET
8844,2026-08-06 12:40:34.152,-1,1.0,4.0,1.5998,10,10,False,False,True,DEV,TARGET
8845,2026-08-06 12:41:21.528,-1,2.0,3.0,2.4665,10,10,False,False,True,DEV,TARGET
8847,2026-08-06 12:42:01.880,-1,1.0,4.0,4.097,10,10,True,True,True,DEV,TARGET
8860,2026-08-06 12:46:39.400,-1,2.0,3.0,-0.1038,7,6,False,False,True,DEV,TARGET
8871,2026-08-06 12:50:01.272,-1,2.0,3.0,1.477,6,5,False,False,True,DEV,TARGET
8923,2026-08-06 12:58:23.624,1,2.0,3.0,-1.2234,0,0,False,False,True,DEV,TARGET
8960,2026-08-06 13:02:37.656,1,2.0,3.0,0.4693,7,7,False,False,False,DEV,TARGET
8964,2026-08-06 13:04:34.288,1,2.0,3.0,2.1728,10,10,False,False,False,DEV,STOP
8989,2026-08-06 13:24:00.968,-1,2.0,3.0,5.3032,10,10,False,False,False,DEV,TARGET
8993,2026-08-06 13:25:02.536,-1,2.0,3.0,-1.0866,0,0,False,False,False,DEV,TARGET
9003,2026-08-06 13:38:16.844,-1,1.0,4.0,-3.4636,1,1,False,False,False,DEV,TARGET
9030,2026-08-06 15:11:21.448,1,2.0,3.0,2.3463,1,1,False,False,False,DEV,TARGET
9033,2026-08-06 15:16:39.600,1,2.0,3.0,5.6965,10,10,False,False,False,DEV,STOP
9050,2026-08-06 15:57:31.540,1,1.0,4.0,0.4172,8,8,False,False,False,DEV,TARGET
9052,2026-08-06 16:18:46.228,1,2.0,3.0,-2.155,0,0,False,False,False,DEV,TARGET
9066,2026-08-06 16:43:45.336,1,0.0,5.0,-3.2172,1,1,False,False,False,DEV,TARGET
9081,2026-08-06 17:02:35.052,1,1.0,4.0,-1.3341,8,5,False,False,False,DEV,TARGET
9089,2026-08-06 17:08:10.068,1,2.0,3.0,-1.7209,3,1,False,False,False,DEV,STOP
9106,2026-08-06 17:16:44.964,-1,1.0,4.0,3.9773,10,10,False,False,False,DEV,TARGET
9110,2026-08-06 17:18:29.468,-1,2.0,3.0,0.7903,2,1,False,False,False,DEV,TARGET
9111,2026-08-06 17:19:28.972,-1,2.0,3.0,1.8369,10,3,False,False,False,DEV,TARGET
9112,2026-08-06 17:20:10.520,-1,1.0,4.0,1.8732,10,10,True,False,False,DEV,TARGET
9122,2026-08-06 17:28:47.516,-1,2.0,3.0,-2.2527,2,1,False,False,False,DEV,STOP
9174,2026-08-06 18:00:20.292,1,0.0,5.0,-0.6347,1,1,False,False,False,DEV,TARGET
9175,2026-08-06 18:00:46.520,1,2.0,3.0,0.7286,10,2,False,False,False,DEV,STOP
9194,2026-08-06 18:16:49.084,-1,0.0,5.0,1.2081,1,1,False,False,False,DEV,TARGET
9197,2026-08-06 18:19:10.684,-1,2.0,3.0,1.1281,10,1,False,False,False,DEV,TARGET
9199,2026-08-06 18:20:55.196,-1,2.0,3.0,4.0651,10,10,False,False,False,DEV,STOP
9271,2026-08-06 19:34:53.460,-1,2.0,3.0,1.006,10,10,False,False,False,DEV,TARGET
9302,2026-08-06 20:46:35.588,-1,2.0,3.0,0.0107,8,7,False,False,False,DEV,TARGET
9334,2026-08-06 22:01:27.324,1,2.0,3.0,-0.3312,6,6,False,False,False,DEV,TARGET
9344,2026-08-06 22:22:39.472,1,0.0,5.0,-2.8508,1,1,False,False,False,DEV,STOP
9356,2026-08-06 23:06:53.364,1,2.0,3.0,-0.1569,8,7,False,False,False,DEV,TARGET
9374,2026-08-06 23:59:47.580,1,2.0,3.0,0.5392,6,5,False,False,False,DEV,STOP
9375,2026-08-07 00:00:09.304,1,0.0,5.0,0.0861,7,7,False,False,False,DEV,STOP
9385,2026-08-07 00:09:33.400,1,2.0,3.0,3.2106,10,10,False,False,False,DEV,TARGET
9386,2026-08-07 00:12:55.548,1,0.0,5.0,2.1638,10,10,False,False,False,DEV,TARGET
9387,2026-08-07 00:14:51.708,1,1.0,4.0,2.1274,10,10,False,False,False,DEV,TARGET
9394,2026-08-07 00:40:30.008,1,1.0,4.0,-1.9132,1,1,False,False,False,DEV,TARGET
9395,2026-08-07 00:41:32.892,1,1.0,4.0,-1.0436,3,3,False,False,False,DEV,STOP
9407,2026-08-07 01:02:22.460,1,0.0,5.0,0.2051,1,1,False,False,False,DEV,TARGET
9411,2026-08-07 01:06:13.908,1,2.0,3.0,2.0761,10,1,False,False,False,DEV,TARGET
9412,2026-08-07 01:08:49.448,1,0.0,5.0,1.2814,10,10,False,False,False,DEV,TARGET
9419,2026-08-07 01:27:38.528,1,2.0,3.0,-2.5281,3,2,False,False,False,DEV,TARGET
9436,2026-08-07 02:01:03.684,1,0.0,5.0,-1.2972,1,1,False,False,False,DEV,TARGET
9467,2026-08-07 03:34:38.444,1,1.0,4.0,-0.7172,5,5,False,False,False,DEV,TARGET
9468,2026-08-07 03:39:47.256,1,2.0,3.0,0.6644,10,10,False,False,False,DEV,TARGET
9469,2026-08-07 03:44:29.244,1,2.0,3.0,1.739,10,10,False,False,False,DEV,STOP
9479,2026-08-07 04:01:34.016,1,1.0,4.0,3.0727,10,10,False,False,False,DEV,TARGET
9490,2026-08-07 04:20:20.056,1,1.0,4.0,0.9796,10,10,False,False,False,DEV,TARGET
9530,2026-08-07 05:29:31.012,1,2.0,3.0,4.7118,10,10,True,True,False,DEV,STOP
9555,2026-08-07 05:29:54.424,1,2.0,3.0,-2.2123,0,0,False,False,False,DEV,TARGET
9560,2026-08-07 05:30:00.396,1,2.0,3.0,-1.1069,0,0,False,False,False,DEV,TARGET
9574,2026-08-07 05:30:01.440,1,2.0,3.0,-0.9479,0,0,False,False,False,DEV,NONE
9609,2026-08-07 05:30:03.616,1,2.0,3.0,5.5509,0,0,False,False,False,DEV,TARGET
9612,2026-08-07 05:30:03.652,1,2.0,3.0,7.8093,10,10,True,True,False,DEV,TARGET
9628,2026-08-07 05:30:03.796,1,2.0,3.0,-2.2646,2,1,False,False,False,DEV,TARGET
9662,2026-08-07 05:30:09.032,1,2.0,3.0,0.1997,10,1,False,False,False,DEV,TARGET
9668,2026-08-07 05:30:10.328,1,1.0,4.0,-3.3129,0,0,False,False,False,DEV,TARGET
9669,2026-08-07 05:30:10.880,1,2.0,3.0,-1.3545,1,1,False,False,False,DEV,TARGET
9672,2026-08-07 05:30:12.948,1,2.0,3.0,-1.9693,0,0,False,False,False,DEV,TARGET
9683,2026-08-07 05:30:18.288,1,2.0,3.0,-2.832,1,1,False,False,False,DEV,TARGET
9718,2026-08-07 05:31:01.308,-1,2.0,3.0,-1.4553,0,0,False,False,False,DEV,TARGET
9729,2026-08-07 05:31:33.356,-1,1.0,4.0,-0.5064,8,8,False,False,False,DEV,STOP
9749,2026-08-07 05:32:44.896,-1,2.0,3.0,-2.619,0,0,False,False,False,DEV,TARGET
9750,2026-08-07 05:32:46.512,-1,2.0,3.0,-0.8148,1,1,False,False,False,DEV,TARGET
9759,2026-08-07 05:33:29.420,-1,2.0,3.0,-1.4124,1,1,False,False,False,DEV,STOP
9783,2026-08-07 05:36:27.576,1,2.0,3.0,-2.9168,0,0,False,False,False,DEV,TARGET
9796,2026-08-07 05:38:25.380,1,2.0,3.0,-2.0915,0,0,False,False,False,DEV,TARGET
9802,2026-08-07 05:39:42.932,1,1.0,4.0,1.7632,10,10,False,False,False,DEV,STOP
9804,2026-08-07 05:40:33.072,1,0.0,5.0,-2.2914,0,0,False,False,False,DEV,TARGET
9831,2026-08-07 05:49:26.328,1,0.0,5.0,-1.5213,4,4,False,False,False,DEV,TARGET
9834,2026-08-07 05:50:31.088,1,1.0,4.0,-1.4044,1,1,False,False,False,DEV,TARGET
9859,2026-08-07 06:03:59.244,-1,2.0,3.0,-0.308,2,1,False,False,False,DEV,TARGET
9864,2026-08-07 06:07:08.020,-1,2.0,3.0,-2.0536,0,0,False,False,False,DEV,TARGET
9868,2026-08-07 06:09:13.888,-1,1.0,4.0,4.8408,10,10,True,True,False,DEV,TARGET
9874,2026-08-07 06:11:15.488,-1,2.0,3.0,-0.4514,4,1,False,False,False,DEV,TARGET
9883,2026-08-07 06:15:49.556,-1,2.0,3.0,0.7193,10,1,False,False,False,DEV,TARGET
9884,2026-08-07 06:16:26.420,-1,2.0,3.0,1.7817,10,10,False,False,False,DEV,TARGET
9905,2026-08-07 06:27:21.076,-1,2.0,3.0,-2.6575,1,1,False,False,False,DEV,TARGET
9939,2026-08-07 06:30:33.136,-1,1.0,4.0,-3.1499,1,1,False,False,False,DEV,STOP
9986,2026-08-07 06:33:17.020,1,2.0,3.0,2.4478,10,10,False,False,True,DEV,STOP
9998,2026-08-07 06:34:04.644,1,1.0,4.0,-2.7741,1,1,False,False,True,DEV,TARGET
10007,2026-08-07 06:35:05.008,1,1.0,4.0,-0.1249,10,10,False,False,True,DEV,STOP
10025,2026-08-07 06:36:14.044,-1,2.0,3.0,-0.3578,10,1,False,False,True,DEV,TARGET
10038,2026-08-07 06:37:10.592,-1,2.0,3.0,-2.5914,1,1,False,False,True,DEV,STOP
10052,2026-08-07 06:38:47.900,1,1.0,4.0,1.2394,10,2,False,False,True,DEV,STOP
10059,2026-08-07 06:39:29.440,1,2.0,3.0,-2.2837,2,1,False,False,True,DEV,STOP
10079,2026-08-07 06:40:44.344,1,1.0,4.0,-0.9018,6,5,False,False,True,DEV,TARGET
10104,2026-08-07 06:42:35.032,-1,0.0,5.0,-2.3618,1,1,False,False,True,DEV,STOP
10112,2026-08-07 06:43:15.536,1,0.0,5.0,-0.7286,1,1,False,False,True,DEV,TARGET
10114,2026-08-07 06:43:30.996,1,0.0,5.0,1.3864,10,10,False,False,True,DEV,TARGET
10115,2026-08-07 06:43:45.948,1,1.0,4.0,1.5228,10,10,False,False,True,DEV,TARGET
10119,2026-08-07 06:44:04.288,1,1.0,4.0,5.7836,10,10,True,True,True,DEV,TARGET
10123,2026-08-07 06:44:46.140,1,0.0,5.0,-1.441,1,1,False,False,True,DEV,TARGET
10126,2026-08-07 06:45:01.304,1,2.0,3.0,-1.405,0,0,False,False,False,DEV,TARGET
10191,2026-08-07 06:50:16.092,1,0.0,5.0,-1.9233,1,1,False,False,False,DEV,TARGET
10210,2026-08-07 06:52:08.512,1,2.0,3.0,0.6415,8,6,False,False,False,DEV,TARGET
10211,2026-08-07 06:52:23.340,1,2.0,3.0,1.7212,10,10,False,False,False,DEV,TARGET
10258,2026-08-07 06:57:09.888,-1,2.0,3.0,4.1947,0,0,False,False,False,DEV,TARGET
10307,2026-08-07 07:00:44.268,1,2.0,3.0,-0.1419,0,0,False,False,True,DEV,TARGET
10310,2026-08-07 07:01:00.092,1,2.0,3.0,0.8866,0,0,False,False,True,DEV,STOP
10345,2026-08-07 07:03:36.320,1,1.0,4.0,-2.1129,1,1,False,False,True,DEV,STOP
10350,2026-08-07 07:04:01.160,-1,2.0,3.0,3.7816,10,10,False,False,True,DEV,TARGET
10351,2026-08-07 07:04:07.676,-1,0.0,5.0,2.6079,10,10,False,False,True,DEV,TARGET
10408,2026-08-07 07:08:47.088,1,2.0,3.0,1.3147,7,6,False,False,True,DEV,STOP
10412,2026-08-07 07:09:13.664,-1,1.0,4.0,-0.0121,6,6,False,False,True,DEV,TARGET
10416,2026-08-07 07:09:46.176,-1,0.0,5.0,1.046,10,10,False,False,True,DEV,TARGET
10427,2026-08-07 07:10:41.436,-1,2.0,3.0,0.1937,10,3,False,False,True,DEV,STOP
10436,2026-08-07 07:11:37.476,-1,1.0,4.0,1.9374,7,7,False,False,True,DEV,TARGET
10437,2026-08-07 07:11:51.784,-1,2.0,3.0,2.7291,10,8,False,False,True,DEV,TARGET
10445,2026-08-07 07:12:49.064,-1,1.0,4.0,-1.0997,0,0,False,False,True,DEV,STOP
10462,2026-08-07 07:14:33.456,-1,2.0,3.0,-0.1252,9,1,False,False,True,DEV,TARGET
10487,2026-08-07 07:17:08.388,1,2.0,3.0,4.5216,10,10,False,False,True,DEV,TARGET
10503,2026-08-07 07:18:16.844,1,0.0,5.0,-4.8334,1,1,False,False,True,DEV,TARGET
10504,2026-08-07 07:18:24.216,1,2.0,3.0,-2.5371,3,2,False,False,True,DEV,TARGET
10508,2026-08-07 07:18:45.692,1,2.0,3.0,0.393,10,7,False,False,True,DEV,TARGET
10541,2026-08-07 07:23:16.224,1,2.0,3.0,-0.41,8,3,False,False,True,DEV,TARGET
10542,2026-08-07 07:23:37.936,1,1.0,4.0,0.1256,10,10,False,False,True,DEV,TARGET
10544,2026-08-07 07:23:56.392,1,1.0,4.0,2.6809,10,10,True,False,True,DEV,TARGET
10551,2026-08-07 07:25:03.312,1,1.0,4.0,-2.0093,1,1,False,False,True,DEV,TARGET
10553,2026-08-07 07:25:14.564,1,1.0,4.0,1.3894,10,6,False,False,True,DEV,TARGET
10555,2026-08-07 07:25:38.068,1,2.0,3.0,4.8282,10,10,True,True,True,DEV,TARGET
10566,2026-08-07 07:27:37.604,1,2.0,3.0,-1.5902,1,1,False,False,True,DEV,TARGET
10569,2026-08-07 07:28:15.872,1,2.0,3.0,-1.4752,0,0,False,False,True,DEV,TARGET
10572,2026-08-07 07:28:36.548,1,2.0,3.0,0.4705,10,1,False,False,True,DEV,TARGET
10573,2026-08-07 07:28:43.944,1,2.0,3.0,1.5882,10,10,False,False,True,DEV,TARGET
10693,2026-08-07 07:43:15.464,-1,2.0,3.0,-0.6185,2,1,False,False,True,DEV,TARGET
10694,2026-08-07 07:43:34.160,-1,1.0,4.0,-0.0366,3,3,False,False,True,DEV,TARGET
10695,2026-08-07 07:43:47.252,-1,1.0,4.0,0.416,10,10,False,False,True,DEV,TARGET
10701,2026-08-07 07:44:40.596,-1,2.0,3.0,-1.0649,2,1,False,False,True,DEV,TARGET
10714,2026-08-07 07:46:07.560,1,1.0,4.0,-1.714,0,0,False,False,True,DEV,TARGET
10719,2026-08-07 07:46:27.972,1,2.0,3.0,-1.9662,3,1,False,False,True,DEV,TARGET
10724,2026-08-07 07:47:41.680,1,2.0,3.0,-2.2268,0,0,False,False,True,DEV,TARGET
10725,2026-08-07 07:47:47.508,1,1.0,4.0,-1.2875,1,1,False,False,True,DEV,TARGET
10726,2026-08-07 07:48:00.552,1,2.0,3.0,0.2208,10,2,False,False,True,DEV,STOP
10786,2026-08-07 07:57:40.432,1,2.0,3.0,1.6118,10,5,False,False,True,DEV,TARGET
10787,2026-08-07 07:58:15.320,1,1.0,4.0,1.6981,10,10,False,False,True,DEV,TARGET
10822,2026-08-07 08:05:16.788,1,0.0,5.0,-0.1424,1,1,False,False,False,DEV,TARGET
10825,2026-08-07 08:06:20.112,1,0.0,5.0,-0.5924,1,1,False,False,False,DEV,TARGET
10854,2026-08-07 08:15:37.676,1,2.0,3.0,-2.8031,0,0,False,False,False,DEV,TARGET
10857,2026-08-07 08:16:35.732,1,0.0,5.0,-2.6509,1,1,False,False,False,DEV,TARGET
10870,2026-08-07 08:21:46.924,1,0.0,5.0,-3.9638,0,0,False,False,False,DEV,TARGET
10877,2026-08-07 08:24:22.292,1,1.0,4.0,2.4727,1,1,False,False,False,DEV,TARGET
10880,2026-08-07 08:25:53.920,1,2.0,3.0,2.7985,10,1,True,False,False,DEV,TARGET
10883,2026-08-07 08:27:27.200,1,2.0,3.0,1.0602,0,0,False,False,False,DEV,TARGET
10884,2026-08-07 08:27:57.240,1,1.0,4.0,1.2691,1,1,True,False,False,DEV,STOP
10947,2026-08-07 08:51:01.024,1,1.0,4.0,0.8807,10,1,False,False,False,DEV,STOP
10957,2026-08-07 08:55:57.460,-1,0.0,5.0,-1.7487,1,1,False,False,False,DEV,TARGET
10961,2026-08-07 08:57:51.176,-1,2.0,3.0,0.3902,10,1,False,False,False,DEV,TARGET
10970,2026-08-07 09:03:17.196,-1,2.0,3.0,-1.7983,1,1,False,False,False,DEV,STOP
10992,2026-08-07 09:15:38.200,-1,2.0,3.0,0.5305,10,7,False,False,False,DEV,TARGET
11001,2026-08-07 09:20:16.672,-1,0.0,5.0,-4.635,0,0,False,False,False,DEV,TARGET
11013,2026-08-07 09:21:41.216,-1,1.0,4.0,1.5307,9,9,False,False,False,DEV,TARGET
11017,2026-08-07 09:22:32.492,-1,0.0,5.0,1.9467,1,1,False,False,False,DEV,TARGET
11020,2026-08-07 09:23:43.600,-1,1.0,4.0,0.5634,1,1,False,False,False,DEV,TARGET
11030,2026-08-07 09:25:40.800,-1,1.0,4.0,6.1153,10,10,True,True,False,DEV,TARGET
11033,2026-08-07 09:26:02.668,-1,1.0,4.0,1.9774,0,0,False,False,False,DEV,TARGET
11041,2026-08-07 09:26:45.568,-1,0.0,5.0,0.87,10,10,False,False,False,DEV,TARGET
11053,2026-08-07 09:28:25.172,-1,2.0,3.0,-1.5796,4,4,False,False,False,DEV,TARGET
11064,2026-08-07 09:30:16.100,-1,2.0,3.0,-1.2295,3,3,False,False,False,DEV,TARGET
11068,2026-08-07 09:30:48.896,-1,2.0,3.0,0.2644,0,0,False,False,False,DEV,TARGET
11075,2026-08-07 09:32:06.224,-1,1.0,4.0,1.0384,10,10,False,False,False,DEV,STOP
11102,2026-08-07 09:39:28.676,1,0.0,5.0,3.8199,10,10,False,False,False,DEV,TARGET
11104,2026-08-07 09:40:44.216,1,1.0,4.0,4.3108,10,10,True,True,False,DEV,TARGET
11107,2026-08-07 09:41:50.564,1,0.0,5.0,1.1668,1,1,False,False,False,DEV,TARGET
11113,2026-08-07 09:44:00.544,1,0.0,5.0,-0.647,4,4,False,False,False,DEV,TARGET
11114,2026-08-07 09:44:28.288,1,0.0,5.0,-0.8366,5,5,False,False,False,DEV,TARGET
11115,2026-08-07 09:45:01.412,1,2.0,3.0,0.5715,10,6,False,False,False,DEV,TARGET
11148,2026-08-07 10:00:41.040,-1,1.0,4.0,2.2286,10,10,False,False,False,DEV,STOP
11162,2026-08-07 10:07:26.224,-1,0.0,5.0,-4.8585,1,1,False,False,False,DEV,TARGET
11186,2026-08-07 10:24:44.192,-1,1.0,4.0,0.2721,10,10,False,False,False,DEV,TARGET
11196,2026-08-07 10:32:54.012,-1,2.0,3.0,-1.3936,5,4,False,False,False,DEV,TARGET
11231,2026-08-07 10:57:51.144,1,1.0,4.0,-0.9076,1,1,False,False,False,DEV,STOP
11240,2026-08-07 11:06:26.044,-1,2.0,3.0,1.4657,10,10,False,False,True,DEV,TARGET
11247,2026-08-07 11:11:06.032,-1,0.0,5.0,-3.4845,1,1,False,False,True,DEV,TARGET
11250,2026-08-07 11:13:32.356,-1,2.0,3.0,2.9531,10,10,False,False,True,DEV,TARGET
11252,2026-08-07 11:14:36.620,-1,1.0,4.0,3.7864,10,10,False,False,True,DEV,STOP
11266,2026-08-07 11:24:12.220,-1,1.0,4.0,-2.4327,1,1,False,False,True,DEV,TARGET
11274,2026-08-07 11:31:12.824,-1,2.0,3.0,1.9872,10,10,False,False,True,DEV,STOP
11284,2026-08-07 11:39:12.824,-1,2.0,3.0,-1.0069,0,0,False,False,True,DEV,TARGET
11287,2026-08-07 11:44:00.140,-1,1.0,4.0,-1.2968,1,1,False,False,True,DEV,TARGET
11293,2026-08-07 11:46:36.952,-1,0.0,5.0,-0.2301,1,1,False,False,True,DEV,STOP
11302,2026-08-07 11:56:36.828,-1,0.0,5.0,-3.5665,4,4,False,False,True,DEV,STOP
11315,2026-08-07 12:00:37.692,1,2.0,3.0,-0.7245,1,1,False,False,True,DEV,TARGET
11317,2026-08-07 12:01:23.260,1,1.0,4.0,2.1667,10,10,False,False,True,DEV,TARGET
11331,2026-08-07 12:07:24.296,1,2.0,3.0,4.5109,10,10,True,True,True,DEV,TARGET
11337,2026-08-07 12:10:41.348,1,0.0,5.0,5.0586,10,10,False,False,True,DEV,TARGET
11348,2026-08-07 12:16:47.640,1,1.0,4.0,-0.4338,0,0,False,False,True,DEV,TARGET
11350,2026-08-07 12:16:59.584,1,1.0,4.0,2.3425,10,10,True,False,True,DEV,TARGET
11390,2026-08-07 12:39:40.588,1,1.0,4.0,-1.9193,0,0,False,False,True,DEV,STOP
11411,2026-08-07 12:50:43.768,1,2.0,3.0,-0.6034,3,1,False,False,True,DEV,STOP
11421,2026-08-07 12:54:40.080,1,2.0,3.0,-2.2399,0,0,False,False,True,DEV,TARGET
11440,2026-08-07 12:58:59.036,1,0.0,5.0,3.7408,10,10,False,False,True,DEV,TARGET
11444,2026-08-07 12:59:07.024,1,0.0,5.0,2.046,1,1,False,False,True,DEV,TARGET
11445,2026-08-07 12:59:14.972,1,1.0,4.0,2.0358,10,2,True,False,True,DEV,STOP
11519,2026-08-09 15:02:41.952,-1,2.0,3.0,-1.4858,2,1,False,False,False,DEV,TARGET
11520,2026-08-09 15:03:05.904,-1,1.0,4.0,-0.7112,10,3,False,False,False,DEV,TARGET
11543,2026-08-09 15:14:24.076,-1,2.0,3.0,1.5931,10,3,False,False,False,DEV,TARGET
11544,2026-08-09 15:14:44.016,-1,1.0,4.0,1.6835,10,10,False,False,False,DEV,TARGET
11548,2026-08-09 15:16:49.900,-1,0.0,5.0,3.1303,10,10,False,False,False,DEV,TARGET
11594,2026-08-09 17:00:20.820,-1,1.0,4.0,4.3115,10,10,False,False,False,DEV,STOP
11638,2026-08-09 17:42:32.044,-1,2.0,3.0,-1.7555,1,1,False,False,False,DEV,STOP
11647,2026-08-09 18:00:08.312,-1,1.0,4.0,-2.6136,0,0,False,False,False,DEV,STOP
11659,2026-08-09 18:12:50.560,1,2.0,3.0,0.5637,10,1,False,False,False,DEV,TARGET
11660,2026-08-09 18:14:53.596,1,2.0,3.0,1.6607,10,10,False,False,False,DEV,TARGET
11662,2026-08-09 18:16:58.136,1,1.0,4.0,3.6095,10,10,False,False,False,DEV,TARGET
11667,2026-08-09 18:24:30.004,1,1.0,4.0,0.4442,10,1,False,False,False,DEV,TARGET
11680,2026-08-09 18:50:20.316,1,2.0,3.0,1.2916,10,10,False,False,False,DEV,STOP
11689,2026-08-09 19:28:30.200,1,0.0,5.0,-4.123,3,3,False,False,False,DEV,TARGET
11696,2026-08-09 20:18:07.840,1,2.0,3.0,-1.8723,0,0,False,False,False,DEV,TARGET
11699,2026-08-09 20:34:05.100,1,1.0,4.0,0.9174,10,1,False,False,False,DEV,TARGET
11701,2026-08-09 20:44:53.640,1,2.0,3.0,3.9377,10,10,True,False,False,DEV,STOP
11714,2026-08-09 21:26:23.308,1,2.0,3.0,2.4466,10,10,True,False,False,DEV,STOP
11736,2026-08-09 23:10:30.492,1,2.0,3.0,2.5615,10,10,False,False,False,DEV,STOP
11775,2026-08-10 00:36:28.068,1,1.0,4.0,3.1315,10,10,False,False,False,DEV,TARGET
11777,2026-08-10 00:45:12.500,1,0.0,5.0,3.1166,10,10,False,False,False,DEV,TARGET
11837,2026-08-10 03:36:52.496,-1,1.0,4.0,-0.7217,4,4,False,False,False,DEV,TARGET
11839,2026-08-10 03:40:13.792,-1,2.0,3.0,2.3412,10,7,False,False,False,DEV,TARGET
11844,2026-08-10 03:57:59.392,-1,1.0,4.0,0.0715,3,3,False,False,False,DEV,TARGET
11852,2026-08-10 04:03:51.584,-1,2.0,3.0,2.944,10,10,True,False,False,DEV,TARGET
11855,2026-08-10 04:12:25.804,-1,1.0,4.0,1.9737,1,1,True,False,False,DEV,TARGET
11884,2026-08-10 04:58:49.372,-1,0.0,5.0,-2.7311,1,1,False,False,False,DEV,STOP
11897,2026-08-10 05:16:03.888,-1,2.0,3.0,3.3718,10,10,False,False,False,DEV,TARGET
11900,2026-08-10 05:21:34.468,-1,2.0,3.0,2.0117,1,1,False,False,False,DEV,TARGET
11901,2026-08-10 05:22:13.020,-1,1.0,4.0,2.0091,10,10,False,False,False,DEV,TARGET
11902,2026-08-10 05:23:24.992,-1,0.0,5.0,1.2293,10,10,False,False,False,DEV,TARGET
11907,2026-08-10 05:30:54.580,-1,0.0,5.0,-1.855,1,1,False,False,False,DEV,TARGET
11911,2026-08-10 05:36:27.352,-1,1.0,4.0,3.838,10,10,True,False,False,DEV,TARGET
11913,2026-08-10 05:38:35.240,-1,0.0,5.0,-2.2462,0,0,False,False,False,DEV,TARGET
11920,2026-08-10 05:50:00.372,-1,2.0,3.0,-1.9019,2,1,False,False,False,DEV,TARGET
11922,2026-08-10 05:52:59.020,-1,2.0,3.0,1.6272,10,10,False,False,False,DEV,STOP
11924,2026-08-10 05:58:04.704,-1,2.0,3.0,-2.6329,0,0,False,False,False,DEV,STOP
11952,2026-08-10 06:25:31.056,-1,1.0,4.0,-2.3043,2,1,False,False,False,DEV,TARGET
11954,2026-08-10 06:27:20.080,-1,2.0,3.0,2.5937,10,10,False,False,False,DEV,STOP
11984,2026-08-10 06:30:43.460,1,0.0,5.0,-2.7146,1,1,False,False,False,DEV,TARGET
11991,2026-08-10 06:31:27.164,1,1.0,4.0,-0.1095,1,1,False,False,True,DEV,TARGET
11992,2026-08-10 06:31:35.164,1,2.0,3.0,1.1371,10,2,False,False,True,DEV,STOP
12004,2026-08-10 06:33:19.172,1,1.0,4.0,-2.2185,2,1,False,False,True,DEV,TARGET
12022,2026-08-10 06:35:25.900,-1,2.0,3.0,-2.3395,2,1,False,False,True,DEV,TARGET
12049,2026-08-10 06:37:57.512,-1,1.0,4.0,-3.2412,1,1,False,False,True,DEV,TARGET
12056,2026-08-10 06:39:22.584,-1,1.0,4.0,0.9171,10,10,False,False,True,DEV,STOP
12068,2026-08-10 06:41:20.900,-1,0.0,5.0,-4.6468,0,0,False,False,True,DEV,STOP
12069,2026-08-10 06:41:32.304,-1,0.0,5.0,-3.9475,1,1,False,False,True,DEV,STOP
12080,2026-08-10 06:43:07.480,1,2.0,3.0,-2.0917,0,0,False,False,True,DEV,STOP
12088,2026-08-10 06:43:57.296,1,0.0,5.0,-3.1049,1,1,False,False,True,DEV,STOP
12100,2026-08-10 06:45:21.556,1,1.0,4.0,0.8136,10,10,False,False,False,DEV,STOP
12120,2026-08-10 06:49:34.088,1,1.0,4.0,-0.9246,0,0,False,False,False,DEV,TARGET
12169,2026-08-10 06:55:53.500,1,0.0,5.0,-3.8648,1,1,False,False,False,DEV,TARGET
12184,2026-08-10 06:59:45.384,1,2.0,3.0,-1.8545,1,1,False,False,False,DEV,TARGET
12188,2026-08-10 07:00:27.148,1,0.0,5.0,-0.1286,1,1,False,False,True,DEV,TARGET
12220,2026-08-10 07:10:41.420,1,2.0,3.0,3.9922,10,10,True,False,True,DEV,STOP
12224,2026-08-10 07:12:47.032,1,2.0,3.0,-2.5874,1,1,False,False,True,DEV,TARGET
12234,2026-08-10 07:19:31.920,1,2.0,3.0,-1.7906,4,1,False,False,True,DEV,TARGET
12253,2026-08-10 07:27:01.424,1,1.0,4.0,-2.0276,0,0,False,False,True,DEV,TARGET
12257,2026-08-10 07:28:58.888,1,1.0,4.0,-1.565,1,1,False,False,True,DEV,TARGET
12258,2026-08-10 07:29:21.308,1,1.0,4.0,-0.7728,10,2,False,False,True,DEV,TARGET
12282,2026-08-10 07:40:15.356,1,1.0,4.0,-3.9718,3,2,False,False,True,DEV,TARGET
12319,2026-08-10 07:55:51.924,-1,2.0,3.0,-0.7831,2,1,False,False,True,DEV,STOP
12329,2026-08-10 07:59:25.072,-1,2.0,3.0,-0.0071,10,1,False,False,True,DEV,TARGET
12335,2026-08-10 08:00:15.604,-1,2.0,3.0,2.4429,10,1,True,False,False,DEV,TARGET
12376,2026-08-10 08:12:24.288,-1,0.0,5.0,-2.7378,3,3,False,False,False,DEV,TARGET
12393,2026-08-10 08:19:21.132,1,1.0,4.0,-2.9253,1,1,False,False,False,DEV,TARGET
12408,2026-08-10 08:26:19.364,-1,1.0,4.0,4.115,10,10,False,False,False,DEV,STOP
12418,2026-08-10 08:31:18.260,-1,2.0,3.0,-2.0589,4,1,False,False,False,DEV,TARGET
12423,2026-08-10 08:33:34.856,-1,2.0,3.0,-1.4624,0,0,False,False,False,DEV,TARGET
12424,2026-08-10 08:34:12.248,-1,1.0,4.0,-0.693,1,1,False,False,False,DEV,TARGET
12425,2026-08-10 08:34:36.860,-1,2.0,3.0,0.6832,10,2,False,False,False,DEV,TARGET
12426,2026-08-10 08:35:23.892,-1,0.0,5.0,0.1981,10,10,False,False,False,DEV,TARGET
12458,2026-08-10 08:53:00.316,1,2.0,3.0,4.9681,10,10,False,False,False,DEV,TARGET
12459,2026-08-10 08:54:04.184,1,2.0,3.0,5.0863,10,10,False,False,False,DEV,TARGET
12460,2026-08-10 08:54:32.124,1,1.0,4.0,4.4005,10,10,True,True,False,DEV,TARGET
12467,2026-08-10 09:00:29.444,1,0.0,5.0,1.512,10,10,False,False,False,DEV,STOP
12499,2026-08-10 09:27:58.396,-1,2.0,3.0,0.278,7,6,False,False,False,DEV,TARGET
12501,2026-08-10 09:29:44.768,-1,2.0,3.0,-0.4244,0,0,False,False,False,DEV,TARGET
12503,2026-08-10 09:31:01.120,-1,0.0,5.0,1.5704,10,10,False,False,False,DEV,TARGET
12509,2026-08-10 09:31:59.700,-1,2.0,3.0,7.12,10,10,True,True,False,DEV,TARGET
12528,2026-08-10 09:31:59.896,-1,1.0,4.0,-0.1601,0,0,False,False,False,DEV,TARGET
12532,2026-08-10 09:31:59.944,-1,0.0,5.0,-0.1978,0,0,False,False,False,DEV,TARGET
12549,2026-08-10 09:32:02.412,-1,1.0,4.0,-0.6967,8,8,False,False,False,DEV,STOP
12573,2026-08-10 09:33:17.008,1,1.0,4.0,-3.6938,1,1,False,False,False,DEV,TARGET
12576,2026-08-10 09:34:08.120,1,1.0,4.0,-2.2921,5,1,False,False,False,DEV,TARGET
12581,2026-08-10 09:35:23.048,1,2.0,3.0,-2.7432,1,1,False,False,False,DEV,TARGET
12609,2026-08-10 09:46:02.060,-1,1.0,4.0,-1.5819,0,0,False,False,False,DEV,STOP
12629,2026-08-10 09:56:17.708,1,1.0,4.0,-2.0246,0,0,False,False,False,DEV,TARGET
12631,2026-08-10 09:57:17.924,1,2.0,3.0,1.553,10,2,False,False,False,DEV,TARGET
12632,2026-08-10 09:58:17.824,1,1.0,4.0,1.6523,10,10,False,False,False,DEV,TARGET
12647,2026-08-10 10:09:19.080,1,1.0,4.0,2.3726,9,9,False,False,False,DEV,TARGET
12667,2026-08-10 10:30:34.072,1,2.0,3.0,0.1219,4,4,False,False,False,DEV,STOP
12668,2026-08-10 10:31:20.888,1,1.0,4.0,0.5393,10,8,False,False,False,DEV,STOP
12711,2026-08-10 11:24:11.420,-1,0.0,5.0,-2.3152,1,1,False,False,True,DEV,TARGET
12714,2026-08-10 11:30:02.064,-1,2.0,3.0,-0.3952,5,1,False,False,True,DEV,TARGET
12742,2026-08-10 12:03:39.052,1,2.0,3.0,-0.4198,2,1,False,False,True,DEV,TARGET
12753,2026-08-10 12:24:21.896,1,0.0,5.0,-3.2437,1,1,False,False,True,DEV,STOP
12782,2026-08-10 12:51:49.560,-1,2.0,3.0,4.4603,10,10,False,False,True,DEV,TARGET
12796,2026-08-10 12:57:20.016,-1,2.0,3.0,1.3682,10,6,False,False,True,DEV,STOP
12838,2026-08-10 15:00:00.844,1,2.0,3.0,2.7763,10,1,False,False,False,DEV,TARGET
12840,2026-08-10 15:00:19.588,1,2.0,3.0,4.4573,10,10,False,False,False,DEV,STOP
12903,2026-08-10 17:21:37.976,1,2.0,3.0,-2.4579,1,1,False,False,False,DEV,TARGET
12911,2026-08-10 17:42:57.836,1,0.0,5.0,-0.4363,1,1,False,False,False,DEV,TARGET
12919,2026-08-10 18:09:47.360,1,1.0,4.0,-2.9664,2,1,False,False,False,DEV,TARGET
12923,2026-08-10 18:13:18.792,1,2.0,3.0,4.6796,10,10,True,True,False,DEV,TARGET
12938,2026-08-10 18:48:01.512,1,1.0,4.0,-2.2871,3,1,False,False,False,DEV,TARGET
12939,2026-08-10 18:49:27.832,1,2.0,3.0,-0.5567,9,6,False,False,False,DEV,STOP
12957,2026-08-10 20:37:34.452,1,1.0,4.0,-1.4098,0,0,False,False,False,DEV,TARGET
12959,2026-08-10 20:54:46.020,1,2.0,3.0,-2.6553,0,0,False,False,False,DEV,TARGET
12964,2026-08-10 21:31:26.500,1,2.0,3.0,-1.0317,5,1,False,False,False,DEV,STOP
13013,2026-08-10 23:53:28.720,-1,2.0,3.0,-0.3329,8,1,False,False,False,DEV,STOP
13014,2026-08-10 23:54:51.968,-1,2.0,3.0,0.9633,10,10,False,False,False,DEV,STOP
13025,2026-08-11 00:09:39.188,-1,2.0,3.0,-0.2947,0,0,False,False,False,DEV,STOP
13032,2026-08-11 00:22:37.756,-1,1.0,4.0,0.4622,7,7,False,False,False,DEV,TARGET
13072,2026-08-11 01:23:24.112,-1,1.0,4.0,1.2538,10,1,False,False,False,DEV,STOP
13112,2026-08-11 02:31:00.388,1,2.0,3.0,0.7707,7,7,False,False,False,DEV,TARGET
13113,2026-08-11 02:32:28.492,1,2.0,3.0,1.8216,10,8,False,False,False,DEV,TARGET
13115,2026-08-11 02:32:52.516,1,1.0,4.0,-3.2931,0,0,False,False,False,DEV,TARGET
13119,2026-08-11 02:47:49.892,1,2.0,3.0,-2.201,0,0,False,False,False,DEV,STOP
13128,2026-08-11 03:22:38.776,1,2.0,3.0,2.0891,9,7,False,False,False,DEV,TARGET
13130,2026-08-11 03:23:08.400,1,1.0,4.0,3.8687,10,10,False,False,False,DEV,TARGET
13131,2026-08-11 03:24:40.632,1,2.0,3.0,4.2312,10,10,True,True,False,DEV,TARGET
13132,2026-08-11 03:25:14.176,1,0.0,5.0,2.9576,10,10,False,False,False,DEV,TARGET
13135,2026-08-11 03:26:40.732,1,2.0,3.0,2.3449,0,0,False,False,False,DEV,TARGET
13136,2026-08-11 03:27:42.140,1,2.0,3.0,3.0461,1,1,True,False,False,DEV,TARGET
13147,2026-08-11 03:48:35.624,1,2.0,3.0,-0.425,6,6,False,False,False,DEV,TARGET
13150,2026-08-11 04:01:05.716,1,2.0,3.0,-0.2453,1,1,False,False,False,DEV,TARGET
13152,2026-08-11 04:01:07.044,1,2.0,3.0,3.8393,10,10,True,False,False,DEV,TARGET
13158,2026-08-11 04:01:17.904,1,1.0,4.0,-0.8716,0,0,False,False,False,DEV,TARGET
13161,2026-08-11 04:01:25.928,1,2.0,3.0,-0.1865,3,1,False,False,False,DEV,TARGET
13164,2026-08-11 04:01:35.668,1,2.0,3.0,-1.074,1,1,False,False,False,DEV,TARGET
13187,2026-08-11 04:04:38.092,1,1.0,4.0,-2.9294,0,0,False,False,False,DEV,STOP
13215,2026-08-11 04:32:15.288,-1,2.0,3.0,0.7944,3,1,False,False,False,DEV,TARGET
13240,2026-08-11 05:21:17.656,1,0.0,5.0,-2.1045,0,0,False,False,False,DEV,STOP
13257,2026-08-11 05:23:58.684,-1,2.0,3.0,4.6373,10,10,False,False,False,DEV,STOP
13269,2026-08-11 05:52:40.220,-1,0.0,5.0,-1.4496,4,4,False,False,False,DEV,STOP
13295,2026-08-11 06:27:50.256,1,1.0,4.0,-0.1165,10,10,False,False,False,DEV,STOP
13306,2026-08-11 06:30:24.292,-1,1.0,4.0,1.8243,1,1,False,False,False,DEV,TARGET
13307,2026-08-11 06:30:26.552,-1,2.0,3.0,2.6411,10,10,False,False,False,DEV,TARGET
13309,2026-08-11 06:30:39.904,-1,1.0,4.0,-2.7974,0,0,False,False,False,DEV,TARGET
13313,2026-08-11 06:31:05.016,-1,1.0,4.0,-0.9057,1,1,False,False,True,DEV,TARGET
13314,2026-08-11 06:31:09.704,-1,1.0,4.0,-0.26,10,2,False,False,True,DEV,TARGET
13329,2026-08-11 06:32:42.888,-1,2.0,3.0,-2.1964,0,0,False,False,True,DEV,TARGET
13341,2026-08-11 06:35:10.428,-1,2.0,3.0,-2.8897,0,0,False,False,True,DEV,TARGET
13342,2026-08-11 06:35:18.080,-1,1.0,4.0,-1.8031,1,1,False,False,True,DEV,TARGET
13344,2026-08-11 06:35:35.276,-1,2.0,3.0,1.687,10,10,False,False,True,DEV,TARGET
13345,2026-08-11 06:35:49.752,-1,1.0,4.0,1.7566,10,10,True,False,True,DEV,STOP
13346,2026-08-11 06:36:02.564,-1,2.0,3.0,2.5884,10,10,True,False,True,DEV,STOP
13364,2026-08-11 06:39:16.376,-1,2.0,3.0,0.0464,2,1,False,False,True,DEV,STOP
13389,2026-08-11 06:44:24.384,-1,2.0,3.0,1.8327,10,10,False,False,True,DEV,STOP
13393,2026-08-11 06:45:06.084,-1,2.0,3.0,-1.5628,2,1,False,False,False,DEV,TARGET
13455,2026-08-11 06:57:44.556,1,0.0,5.0,2.269,10,10,False,False,False,DEV,TARGET
13458,2026-08-11 06:58:54.956,1,2.0,3.0,-2.953,0,0,False,False,False,DEV,TARGET
13460,2026-08-11 06:59:27.564,1,0.0,5.0,-0.5642,3,3,False,False,False,DEV,TARGET
13466,2026-08-11 07:00:40.844,1,1.0,4.0,0.6974,1,1,False,False,True,DEV,TARGET
13497,2026-08-11 07:10:20.292,1,1.0,4.0,-0.031,10,10,False,False,True,DEV,STOP
13507,2026-08-11 07:15:00.284,1,1.0,4.0,-3.2006,1,1,False,False,True,DEV,TARGET
13539,2026-08-11 07:24:18.636,-1,2.0,3.0,-0.8474,1,1,False,False,True,DEV,TARGET
13545,2026-08-11 07:26:39.012,-1,1.0,4.0,-2.7923,2,1,False,False,True,DEV,STOP
13565,2026-08-11 07:34:32.188,-1,2.0,3.0,-2.3154,2,1,False,False,True,DEV,STOP
13587,2026-08-11 07:44:27.516,-1,2.0,3.0,-0.4877,5,5,False,False,True,DEV,STOP
13607,2026-08-11 07:54:44.284,1,0.0,5.0,-4.3161,1,1,False,False,True,DEV,TARGET
13627,2026-08-11 08:07:55.400,-1,1.0,4.0,4.2565,10,10,False,False,False,DEV,TARGET
13634,2026-08-11 08:11:13.040,-1,0.0,5.0,0.5877,1,1,False,False,False,DEV,TARGET
13642,2026-08-11 08:13:43.480,-1,1.0,4.0,-3.7806,1,1,False,False,False,DEV,TARGET
13646,2026-08-11 08:15:27.368,-1,2.0,3.0,0.3786,9,1,False,False,False,DEV,TARGET
13651,2026-08-11 08:18:00.212,-1,2.0,3.0,-0.5931,10,1,False,False,False,DEV,TARGET
13663,2026-08-11 08:25:27.336,-1,1.0,4.0,-2.3245,4,4,False,False,False,DEV,TARGET
13667,2026-08-11 08:27:42.480,-1,2.0,3.0,-2.3523,2,1,False,False,False,DEV,TARGET
13670,2026-08-11 08:30:02.596,-1,0.0,5.0,-1.4977,1,1,False,False,False,DEV,TARGET
13678,2026-08-11 08:33:58.840,-1,2.0,3.0,-2.098,2,1,False,False,False,DEV,TARGET
13679,2026-08-11 08:34:06.296,-1,2.0,3.0,-0.4096,3,3,False,False,False,DEV,TARGET
13689,2026-08-11 08:35:31.164,-1,1.0,4.0,-3.7789,0,0,False,False,False,DEV,TARGET
13695,2026-08-11 08:37:39.852,-1,2.0,3.0,-1.2919,6,1,False,False,False,DEV,TARGET
13718,2026-08-11 08:48:00.424,-1,2.0,3.0,-1.1339,7,6,False,False,False,DEV,STOP
13745,2026-08-11 09:08:54.500,1,2.0,3.0,-1.8737,0,0,False,False,False,DEV,STOP
13778,2026-08-11 09:31:13.564,-1,0.0,5.0,-4.6693,1,1,False,False,False,DEV,TARGET
13791,2026-08-11 09:43:52.732,-1,2.0,3.0,-1.25,1,1,False,False,False,DEV,TARGET
13792,2026-08-11 09:45:22.672,-1,2.0,3.0,0.25,9,9,False,False,False,DEV,TARGET
13798,2026-08-11 09:51:03.376,-1,2.0,3.0,-0.371,2,1,False,False,False,DEV,TARGET
13801,2026-08-11 09:55:49.404,-1,1.0,4.0,-0.7287,5,1,False,False,False,DEV,TARGET
13812,2026-08-11 10:04:33.760,-1,1.0,4.0,-2.2213,0,0,False,False,False,DEV,TARGET
13819,2026-08-11 10:11:26.868,-1,1.0,4.0,1.1492,10,10,False,False,False,DEV,TARGET
13821,2026-08-11 10:12:06.584,-1,2.0,3.0,4.6828,10,10,True,True,False,DEV,TARGET
13822,2026-08-11 10:13:08.660,-1,2.0,3.0,4.8644,10,10,True,True,False,DEV,TARGET
13869,2026-08-11 10:48:11.508,1,0.0,5.0,1.291,1,1,False,False,False,DEV,STOP
13871,2026-08-11 10:50:13.500,1,2.0,3.0,-1.6264,0,0,False,False,False,DEV,STOP
13890,2026-08-11 11:09:54.400,-1,2.0,3.0,1.846,10,1,False,False,True,DEV,STOP
13902,2026-08-11 11:23:31.400,-1,1.0,4.0,3.8667,10,10,False,False,True,DEV,TARGET
13910,2026-08-11 11:29:04.884,-1,2.0,3.0,6.3168,10,10,True,True,True,DEV,TARGET
13916,2026-08-11 11:29:56.236,-1,1.0,4.0,6.3586,10,10,True,True,True,DEV,STOP
13972,2026-08-11 12:23:11.516,1,1.0,4.0,3.0604,10,10,False,False,True,DEV,TARGET
13987,2026-08-11 12:38:21.000,1,2.0,3.0,2.8471,10,10,True,False,True,DEV,STOP
14031,2026-08-11 12:57:10.548,-1,1.0,4.0,-0.0501,10,10,False,False,True,DEV,TARGET
14043,2026-08-11 12:59:39.544,-1,2.0,3.0,2.9821,10,10,False,False,True,DEV,STOP
14056,2026-08-11 13:00:00.140,1,2.0,3.0,0.4828,10,1,False,False,False,DEV,TARGET
14073,2026-08-11 13:14:34.024,1,2.0,3.0,1.9554,10,1,False,False,False,DEV,TARGET
14074,2026-08-11 13:16:38.208,1,1.0,4.0,1.9653,10,10,False,False,False,DEV,TARGET
14075,2026-08-11 13:21:36.236,1,2.0,3.0,2.7508,10,10,False,False,False,DEV,TARGET
14076,2026-08-11 13:22:40.456,1,2.0,3.0,3.3617,10,10,False,False,False,DEV,TARGET
14086,2026-08-11 15:00:00.080,1,1.0,4.0,1.9796,5,5,False,False,False,DEV,STOP
14090,2026-08-11 15:00:02.428,1,2.0,3.0,-1.1431,2,1,False,False,False,DEV,STOP
14134,2026-08-11 17:06:11.640,-1,2.0,3.0,-1.3089,5,1,False,False,False,DEV,TARGET
14154,2026-08-11 17:35:31.308,1,2.0,3.0,-2.9506,1,1,False,False,False,DEV,STOP
14157,2026-08-11 17:48:50.656,1,0.0,5.0,-4.6695,1,1,False,False,False,DEV,STOP
14162,2026-08-11 18:01:10.372,1,0.0,5.0,-3.422,1,1,False,False,False,DEV,STOP
14182,2026-08-11 18:56:27.232,-1,1.0,4.0,-0.5847,5,5,False,False,False,DEV,STOP
14198,2026-08-11 20:58:25.896,1,1.0,4.0,-2.2369,1,1,False,False,False,DEV,TARGET
14212,2026-08-11 22:30:24.328,1,1.0,4.0,-2.6745,3,3,False,False,False,DEV,TARGET
14223,2026-08-11 23:32:44.536,1,1.0,4.0,-1.5481,5,5,False,False,False,DEV,TARGET
14226,2026-08-11 23:45:16.904,1,0.0,5.0,-3.4815,0,0,False,False,False,DEV,TARGET
14229,2026-08-12 00:02:34.652,1,2.0,3.0,3.425,10,10,False,False,False,DEV,STOP
14230,2026-08-12 00:05:36.732,1,1.0,4.0,3.1084,10,10,False,False,False,DEV,STOP
14231,2026-08-12 00:11:57.540,1,0.0,5.0,2.0843,10,10,False,False,False,DEV,STOP
14251,2026-08-12 01:23:26.724,1,2.0,3.0,1.1338,2,1,False,False,False,DEV,STOP
14271,2026-08-12 02:24:44.772,1,1.0,4.0,0.3549,0,0,False,False,False,DEV,TARGET
14332,2026-08-12 04:08:49.184,1,2.0,3.0,0.2997,1,1,False,False,False,DEV,TARGET
14345,2026-08-12 04:43:34.596,1,2.0,3.0,0.7801,10,3,False,False,False,DEV,TARGET
14351,2026-08-12 05:00:44.812,1,2.0,3.0,-1.2931,0,0,False,False,False,DEV,TARGET
14360,2026-08-12 05:18:29.768,1,0.0,5.0,-4.5907,0,0,False,False,False,DEV,TARGET
14361,2026-08-12 05:20:59.128,1,1.0,4.0,-3.1261,1,1,False,False,False,DEV,TARGET
14362,2026-08-12 05:24:20.116,1,1.0,4.0,-1.987,2,2,False,False,False,DEV,TARGET
14367,2026-08-12 05:28:56.764,1,2.0,3.0,3.2885,10,1,True,False,False,DEV,TARGET
14378,2026-08-12 05:29:43.388,1,2.0,3.0,-1.2573,0,0,False,False,False,DEV,TARGET
14381,2026-08-12 05:29:49.276,1,2.0,3.0,-0.368,3,1,False,False,False,DEV,TARGET
14384,2026-08-12 05:29:51.016,1,1.0,4.0,-0.7273,7,1,False,False,False,DEV,TARGET
14394,2026-08-12 05:29:57.552,1,2.0,3.0,-0.0354,6,1,False,False,False,DEV,TARGET
14486,2026-08-12 05:30:04.852,-1,2.0,3.0,-2.067,2,1,False,False,False,DEV,NONE
14508,2026-08-12 05:30:05.748,-1,2.0,3.0,-2.5068,0,0,False,False,False,DEV,TARGET
14518,2026-08-12 05:30:06.352,-1,2.0,3.0,-1.9316,0,0,False,False,False,DEV,TARGET
14523,2026-08-12 05:30:07.036,-1,1.0,4.0,6.4482,10,10,True,True,False,DEV,TARGET
14527,2026-08-12 05:30:07.488,-1,2.0,3.0,4.7267,10,10,True,True,False,DEV,TARGET
14535,2026-08-12 05:30:08.328,-1,2.0,3.0,-0.1223,6,1,False,False,False,DEV,TARGET
14563,2026-08-12 05:30:11.424,-1,1.0,4.0,-1.0276,0,0,False,False,False,DEV,TARGET
14567,2026-08-12 05:30:11.540,-1,2.0,3.0,3.5668,10,10,False,False,False,DEV,TARGET
14568,2026-08-12 05:30:11.648,-1,2.0,3.0,3.9964,10,10,False,False,False,DEV,TARGET
14572,2026-08-12 05:30:12.388,-1,0.0,5.0,-2.1793,0,0,False,False,False,DEV,TARGET
14575,2026-08-12 05:30:12.536,-1,0.0,5.0,-2.0981,0,0,False,False,False,DEV,TARGET
14576,2026-08-12 05:30:12.588,-1,0.0,5.0,-1.9652,1,1,False,False,False,DEV,TARGET
14579,2026-08-12 05:30:12.944,-1,1.0,4.0,-2.5639,0,0,False,False,False,DEV,STOP
14607,2026-08-12 05:30:40.804,1,2.0,3.0,-0.5247,6,1,False,False,False,DEV,STOP
14628,2026-08-12 05:31:47.072,1,1.0,4.0,-0.5729,2,1,False,False,False,DEV,TARGET
14634,2026-08-12 05:32:08.380,1,0.0,5.0,1.0048,1,1,False,False,False,DEV,TARGET
14636,2026-08-12 05:32:13.112,1,2.0,3.0,4.5955,10,10,True,True,False,DEV,TARGET
14638,2026-08-12 05:32:26.656,1,1.0,4.0,-1.0101,0,0,False,False,False,DEV,TARGET
14639,2026-08-12 05:32:31.948,1,2.0,3.0,0.4366,1,1,False,False,False,DEV,TARGET
14640,2026-08-12 05:32:53.444,1,0.0,5.0,0.0062,2,2,False,False,False,DEV,TARGET
14645,2026-08-12 05:33:33.676,1,2.0,3.0,-1.8392,1,1,False,False,False,DEV,TARGET
14653,2026-08-12 05:34:40.376,1,0.0,5.0,1.1864,10,10,False,False,False,DEV,STOP
14687,2026-08-12 05:43:34.204,1,0.0,5.0,1.6061,10,10,False,False,False,DEV,STOP
14710,2026-08-12 05:59:56.436,1,1.0,4.0,1.5159,10,10,False,False,False,DEV,TARGET
14713,2026-08-12 06:02:39.312,1,1.0,4.0,-1.0508,1,1,False,False,False,DEV,TARGET
14724,2026-08-12 06:11:20.288,1,0.0,5.0,-3.5563,1,1,False,False,False,DEV,TARGET
14727,2026-08-12 06:15:48.528,1,2.0,3.0,-2.189,1,1,False,False,False,DEV,TARGET
14740,2026-08-12 06:28:49.828,1,2.0,3.0,-0.9296,0,0,False,False,False,DEV,TARGET
14743,2026-08-12 06:30:00.188,1,1.0,4.0,-0.0506,3,1,False,False,False,DEV,TARGET
14765,2026-08-12 06:31:20.752,-1,2.0,3.0,7.0461,10,10,True,True,True,DEV,TARGET
14766,2026-08-12 06:31:26.692,-1,2.0,3.0,6.7026,10,10,True,True,True,DEV,TARGET
14778,2026-08-12 06:32:58.308,-1,0.0,5.0,0.0075,3,3,False,False,True,DEV,TARGET
14783,2026-08-12 06:33:21.676,-1,0.0,5.0,-2.1273,1,1,False,False,True,DEV,STOP
14789,2026-08-12 06:34:00.196,-1,1.0,4.0,-3.3647,3,3,False,False,True,DEV,STOP
14799,2026-08-12 06:35:00.168,-1,2.0,3.0,-1.9496,3,3,False,False,True,DEV,TARGET
14831,2026-08-12 06:38:44.284,-1,2.0,3.0,2.0907,10,10,False,False,True,DEV,TARGET
14833,2026-08-12 06:39:11.060,-1,2.0,3.0,-2.3525,0,0,False,False,True,DEV,TARGET
14834,2026-08-12 06:39:27.228,-1,1.0,4.0,-1.3853,1,1,False,False,True,DEV,TARGET
14836,2026-08-12 06:40:03.360,-1,2.0,3.0,2.5447,10,10,False,False,True,DEV,TARGET
14839,2026-08-12 06:40:23.876,-1,0.0,5.0,4.7048,10,10,False,False,True,DEV,STOP
14866,2026-08-12 06:44:24.288,-1,1.0,4.0,-1.1935,5,1,False,False,True,DEV,TARGET
14874,2026-08-12 06:45:27.008,-1,1.0,4.0,-3.5296,1,1,False,False,False,DEV,TARGET
14875,2026-08-12 06:45:43.296,-1,1.0,4.0,-2.3008,5,3,False,False,False,DEV,TARGET
14879,2026-08-12 06:46:19.760,-1,2.0,3.0,2.13,10,10,False,False,False,DEV,TARGET
14881,2026-08-12 06:46:34.376,-1,0.0,5.0,3.1157,10,10,False,False,False,DEV,STOP
14906,2026-08-12 06:49:51.548,1,2.0,3.0,-2.2515,2,1,False,False,False,DEV,STOP
14931,2026-08-12 06:54:44.296,-1,2.0,3.0,0.3694,5,5,False,False,False,DEV,TARGET
14934,2026-08-12 06:55:07.772,-1,2.0,3.0,0.263,10,1,False,False,False,DEV,TARGET
14975,2026-08-12 07:02:32.248,-1,2.0,3.0,2.0987,10,9,False,False,True,DEV,TARGET
14978,2026-08-12 07:03:30.560,-1,0.0,5.0,0.5965,1,1,False,False,True,DEV,TARGET
15012,2026-08-12 07:13:42.764,-1,1.0,4.0,-1.6221,0,0,False,False,True,DEV,STOP
15020,2026-08-12 07:16:09.928,1,1.0,4.0,0.9338,10,10,False,False,True,DEV,TARGET
15028,2026-08-12 07:18:18.288,1,2.0,3.0,1.271,10,10,False,False,True,DEV,TARGET
15055,2026-08-12 07:25:41.840,1,1.0,4.0,-2.6715,0,0,False,False,True,DEV,TARGET
15092,2026-08-12 07:31:10.132,-1,0.0,5.0,0.1471,0,0,False,False,True,DEV,TARGET
15146,2026-08-12 07:31:46.028,1,2.0,3.0,0.5272,9,9,False,False,True,DEV,STOP
15148,2026-08-12 07:32:03.888,1,2.0,3.0,-2.0885,0,0,False,False,True,DEV,STOP
15175,2026-08-12 07:37:31.176,1,2.0,3.0,2.7705,10,10,False,False,True,DEV,TARGET
15177,2026-08-12 07:38:09.784,1,1.0,4.0,3.676,10,10,False,False,True,DEV,STOP
15183,2026-08-12 07:39:46.416,1,0.0,5.0,-4.6156,1,1,False,False,True,DEV,TARGET
15217,2026-08-12 07:51:05.828,-1,1.0,4.0,0.6657,1,1,False,False,True,DEV,TARGET
15218,2026-08-12 07:51:23.408,-1,2.0,3.0,1.74,10,2,False,False,True,DEV,STOP
15236,2026-08-12 07:55:56.424,-1,1.0,4.0,4.0005,10,10,False,False,True,DEV,TARGET
15253,2026-08-12 08:00:24.920,-1,0.0,5.0,-4.179,1,1,False,False,False,DEV,TARGET
15261,2026-08-12 08:02:35.584,-1,2.0,3.0,-2.9413,1,1,False,False,False,DEV,TARGET
15264,2026-08-12 08:03:29.420,-1,1.0,4.0,-1.7364,1,1,False,False,False,DEV,TARGET
15287,2026-08-12 08:11:16.808,-1,1.0,4.0,0.1811,10,10,False,False,False,DEV,STOP
15315,2026-08-12 08:22:05.956,-1,1.0,4.0,-1.8843,1,1,False,False,False,DEV,TARGET
15316,2026-08-12 08:22:25.908,-1,2.0,3.0,-0.2433,5,4,False,False,False,DEV,TARGET
15317,2026-08-12 08:22:37.388,-1,2.0,3.0,1.033,10,10,False,False,False,DEV,TARGET
15364,2026-08-12 08:39:27.024,-1,2.0,3.0,-1.3857,5,1,False,False,False,DEV,TARGET
15393,2026-08-12 09:00:23.348,1,0.0,5.0,-1.9755,1,1,False,False,False,DEV,TARGET
15394,2026-08-12 09:00:34.568,1,2.0,3.0,-0.3143,10,7,False,False,False,DEV,TARGET
15433,2026-08-12 09:41:16.768,1,1.0,4.0,4.5722,10,10,False,False,False,DEV,STOP
15439,2026-08-12 09:48:45.852,1,2.0,3.0,-2.3073,1,1,False,False,False,DEV,TARGET
15449,2026-08-12 10:01:23.176,1,2.0,3.0,-1.5376,3,1,False,False,False,DEV,TARGET
15452,2026-08-12 10:06:32.956,1,2.0,3.0,-0.0294,8,1,False,False,False,DEV,TARGET
15500,2026-08-12 11:11:26.396,1,2.0,3.0,-0.6542,10,1,False,False,True,DEV,TARGET
15511,2026-08-12 11:31:51.564,1,2.0,3.0,-0.5486,2,1,False,False,True,DEV,TARGET
15513,2026-08-12 11:36:03.720,1,2.0,3.0,3.0508,10,10,False,False,True,DEV,TARGET
15514,2026-08-12 11:40:25.116,1,1.0,4.0,2.8173,10,10,False,False,True,DEV,TARGET
15548,2026-08-12 12:42:11.932,-1,2.0,3.0,0.5804,10,10,False,False,True,DEV,TARGET
15567,2026-08-12 12:54:35.500,-1,1.0,4.0,3.0538,10,10,True,False,True,DEV,TARGET
15571,2026-08-12 12:55:00.208,-1,2.0,3.0,-0.3094,2,1,False,False,True,DEV,TARGET
15573,2026-08-12 12:55:17.252,-1,2.0,3.0,2.5906,10,10,True,False,True,DEV,STOP
15631,2026-08-12 15:04:50.448,-1,2.0,3.0,-2.4095,5,1,False,False,False,DEV,TARGET
15640,2026-08-12 15:21:59.388,-1,0.0,5.0,-1.9513,1,1,False,False,False,DEV,TARGET
15654,2026-08-12 16:48:34.312,-1,2.0,3.0,0.3145,7,6,False,False,False,DEV,STOP
15657,2026-08-12 17:00:25.172,-1,1.0,4.0,-1.1456,1,1,False,False,False,DEV,STOP
15664,2026-08-12 17:07:09.812,1,2.0,3.0,1.4178,1,1,False,False,False,DEV,STOP
15672,2026-08-12 17:23:54.424,1,1.0,4.0,-3.1747,3,2,False,False,False,DEV,STOP
15673,2026-08-12 17:24:36.292,1,2.0,3.0,-1.247,4,4,False,False,False,DEV,STOP
15697,2026-08-12 18:28:55.020,-1,1.0,4.0,1.0481,1,1,False,False,False,DEV,STOP
15723,2026-08-12 21:10:00.340,1,1.0,4.0,3.247,10,10,True,False,False,DEV,STOP
15729,2026-08-12 21:28:40.464,1,2.0,3.0,-1.326,3,3,False,False,False,DEV,TARGET
15730,2026-08-12 21:36:19.488,1,2.0,3.0,0.1909,5,4,False,False,False,DEV,TARGET
15737,2026-08-12 22:12:02.700,1,1.0,4.0,1.7479,10,10,False,False,False,DEV,TARGET
15739,2026-08-12 22:30:33.872,1,0.0,5.0,2.8845,10,10,False,False,False,DEV,STOP
15741,2026-08-12 22:34:54.164,1,2.0,3.0,-1.2674,0,0,False,False,False,DEV,STOP
15748,2026-08-12 23:17:25.148,1,2.0,3.0,-1.5844,3,3,False,False,False,DEV,STOP
15768,2026-08-13 00:39:23.848,1,2.0,3.0,1.2263,7,6,False,False,False,DEV,TARGET
15769,2026-08-13 00:42:03.120,1,2.0,3.0,2.176,8,8,False,False,False,DEV,TARGET
15770,2026-08-13 00:50:35.748,1,2.0,3.0,2.9147,10,10,False,False,False,DEV,STOP
15787,2026-08-13 01:14:36.164,1,2.0,3.0,-0.8998,4,1,False,False,False,DEV,STOP
15791,2026-08-13 01:21:37.356,1,2.0,3.0,-2.8018,2,1,False,False,False,DEV,TARGET
15798,2026-08-13 01:51:22.312,1,2.0,3.0,-0.1436,3,1,False,False,False,DEV,STOP
15800,2026-08-13 02:01:37.360,1,2.0,3.0,-1.8893,0,0,False,False,False,DEV,STOP
15808,2026-08-13 02:24:08.260,1,2.0,3.0,-1.9496,3,3,False,False,False,DEV,TARGET
15811,2026-08-13 02:33:24.804,1,2.0,3.0,-0.9626,1,1,False,False,False,DEV,TARGET
15820,2026-08-13 03:48:18.364,1,1.0,4.0,-1.1538,1,1,False,False,False,DEV,TARGET
15829,2026-08-13 04:34:56.496,1,2.0,3.0,-1.3141,3,3,False,False,False,DEV,TARGET
15912,2026-08-13 05:30:05.844,1,0.0,5.0,-2.7243,1,1,False,False,False,DEV,TARGET
15913,2026-08-13 05:30:06.484,1,2.0,3.0,-0.8966,10,10,False,False,False,DEV,STOP
15922,2026-08-13 05:30:40.916,-1,2.0,3.0,5.9475,10,10,False,False,False,DEV,TARGET
15925,2026-08-13 05:31:13.288,-1,2.0,3.0,2.8875,10,1,False,False,False,DEV,TARGET
15954,2026-08-13 05:55:33.496,1,2.0,3.0,1.2369,10,10,False,False,False,DEV,TARGET
15955,2026-08-13 05:59:43.220,1,2.0,3.0,2.1842,10,10,False,False,False,DEV,TARGET
15960,2026-08-13 06:07:54.664,1,2.0,3.0,4.0052,10,10,True,True,False,DEV,TARGET
15967,2026-08-13 06:20:50.456,1,0.0,5.0,0.9906,10,10,False,False,False,DEV,TARGET
15972,2026-08-13 06:29:49.520,1,2.0,3.0,-1.3591,2,1,False,False,False,DEV,TARGET
16002,2026-08-13 06:32:35.720,1,2.0,3.0,1.1855,3,3,False,False,True,DEV,STOP
16006,2026-08-13 06:32:56.280,1,2.0,3.0,-2.6436,1,1,False,False,True,DEV,TARGET
16008,2026-08-13 06:33:23.260,1,2.0,3.0,1.1786,10,4,False,False,True,DEV,TARGET
16026,2026-08-13 06:35:48.232,1,0.0,5.0,3.539,10,10,False,False,True,DEV,TARGET
16029,2026-08-13 06:36:21.984,1,1.0,4.0,1.5814,10,1,False,False,True,DEV,TARGET
16030,2026-08-13 06:36:43.512,1,1.0,4.0,1.6744,10,10,True,False,True,DEV,TARGET
16033,2026-08-13 06:37:35.892,1,0.0,5.0,4.7659,10,10,False,False,True,DEV,TARGET
16038,2026-08-13 06:39:32.096,1,2.0,3.0,0.9992,10,1,False,False,True,DEV,TARGET
16040,2026-08-13 06:39:57.076,1,1.0,4.0,3.2094,10,10,True,False,True,DEV,STOP
16064,2026-08-13 06:46:04.564,1,2.0,3.0,5.6437,10,10,False,False,False,DEV,TARGET
16067,2026-08-13 06:46:29.204,1,0.0,5.0,6.163,10,10,False,False,False,DEV,TARGET
16068,2026-08-13 06:47:17.840,1,2.0,3.0,6.0156,10,10,True,True,False,DEV,TARGET
16070,2026-08-13 06:47:47.660,1,1.0,4.0,6.244,10,10,True,True,False,DEV,TARGET
16072,2026-08-13 06:48:28.216,1,1.0,4.0,5.7773,10,10,True,True,False,DEV,STOP
16076,2026-08-13 06:49:35.244,1,1.0,4.0,-0.4266,2,1,False,False,False,DEV,TARGET
16090,2026-08-13 06:54:21.372,1,0.0,5.0,-2.9203,1,1,False,False,False,DEV,TARGET
16098,2026-08-13 06:58:10.324,1,1.0,4.0,4.3425,10,10,True,True,False,DEV,TARGET
16104,2026-08-13 07:01:09.296,1,2.0,3.0,7.5354,10,10,True,True,True,DEV,TARGET
16124,2026-08-13 07:11:20.248,1,2.0,3.0,-0.3126,7,5,False,False,True,DEV,TARGET
16127,2026-08-13 07:12:43.788,1,1.0,4.0,3.6677,10,10,True,False,True,DEV,STOP
16141,2026-08-13 07:17:59.960,1,2.0,3.0,-2.5204,3,3,False,False,True,DEV,TARGET
16156,2026-08-13 07:25:26.124,1,1.0,4.0,-2.8584,0,0,False,False,True,DEV,TARGET
16157,2026-08-13 07:25:49.752,1,1.0,4.0,-1.7787,1,1,False,False,True,DEV,TARGET
16197,2026-08-13 07:48:14.984,-1,1.0,4.0,2.5065,10,3,True,False,True,DEV,TARGET
16200,2026-08-13 07:49:10.108,-1,2.0,3.0,5.6375,10,10,True,True,True,DEV,TARGET
16202,2026-08-13 07:49:21.080,-1,2.0,3.0,7.398,10,10,True,True,True,DEV,STOP
16203,2026-08-13 07:49:29.872,-1,0.0,5.0,5.4207,10,10,False,False,True,DEV,STOP
16211,2026-08-13 07:50:53.680,-1,1.0,4.0,-1.1149,3,3,False,False,True,DEV,STOP
16219,2026-08-13 07:53:08.948,-1,1.0,4.0,-3.8065,1,1,False,False,True,DEV,TARGET
16252,2026-08-13 08:04:37.520,-1,2.0,3.0,6.1062,10,10,False,False,False,DEV,TARGET
16254,2026-08-13 08:05:22.948,-1,2.0,3.0,1.8914,0,0,False,False,False,DEV,TARGET
16256,2026-08-13 08:06:11.892,-1,1.0,4.0,-2.041,0,0,False,False,False,DEV,TARGET
16262,2026-08-13 08:07:47.880,-1,1.0,4.0,-2.7055,0,0,False,False,False,DEV,TARGET
16277,2026-08-13 08:12:24.812,-1,0.0,5.0,-4.7161,1,1,False,False,False,DEV,TARGET
16278,2026-08-13 08:12:33.732,-1,2.0,3.0,-2.4459,4,2,False,False,False,DEV,TARGET
16291,2026-08-13 08:17:44.516,-1,2.0,3.0,-2.5103,2,1,False,False,False,DEV,TARGET
16305,2026-08-13 08:22:35.872,-1,1.0,4.0,-0.3656,8,8,False,False,False,DEV,TARGET
16310,2026-08-13 08:25:23.460,-1,2.0,3.0,-0.4688,1,1,False,False,False,DEV,TARGET
16321,2026-08-13 08:28:03.716,-1,2.0,3.0,1.8727,2,1,False,False,False,DEV,TARGET
16323,2026-08-13 08:28:33.828,-1,2.0,3.0,-2.4844,0,0,False,False,False,DEV,TARGET
16342,2026-08-13 08:33:12.296,-1,2.0,3.0,-1.2632,5,2,False,False,False,DEV,TARGET
16358,2026-08-13 08:37:11.700,-1,1.0,4.0,-3.4189,1,1,False,False,False,DEV,TARGET
16368,2026-08-13 08:40:39.024,-1,0.0,5.0,-4.5585,1,1,False,False,False,DEV,TARGET
16386,2026-08-13 08:48:57.696,-1,1.0,4.0,-0.6734,4,4,False,False,False,DEV,TARGET
16389,2026-08-13 08:50:34.892,-1,1.0,4.0,-1.8217,0,0,False,False,False,DEV,TARGET
16390,2026-08-13 08:51:36.032,-1,0.0,5.0,-1.7502,1,1,False,False,False,DEV,TARGET
16392,2026-08-13 08:52:41.252,-1,2.0,3.0,2.324,10,10,False,False,False,DEV,STOP
16427,2026-08-13 09:11:10.996,1,2.0,3.0,-2.4954,3,1,False,False,False,DEV,STOP
16434,2026-08-13 09:16:55.752,-1,2.0,3.0,1.3651,10,1,False,False,False,DEV,STOP
16469,2026-08-13 09:51:02.408,1,2.0,3.0,2.6002,10,10,False,False,False,DEV,TARGET
16471,2026-08-13 09:54:50.716,1,2.0,3.0,-0.8344,0,0,False,False,False,DEV,TARGET
16476,2026-08-13 10:00:02.088,1,2.0,3.0,-0.5135,5,1,False,False,False,DEV,TARGET
16478,2026-08-13 10:01:37.944,1,2.0,3.0,3.0721,10,10,True,False,False,DEV,TARGET
16481,2026-08-13 10:05:51.396,1,2.0,3.0,0.9297,1,1,False,False,False,DEV,TARGET
16483,2026-08-13 10:08:18.168,1,2.0,3.0,3.9451,10,10,True,False,False,DEV,TARGET
16486,2026-08-13 10:11:03.052,1,1.0,4.0,-0.8585,0,0,False,False,False,DEV,TARGET
16528,2026-08-13 11:05:02.288,1,1.0,4.0,-1.6903,4,2,False,False,True,DEV,STOP
16549,2026-08-13 11:35:43.984,1,2.0,3.0,3.5781,10,10,False,False,True,DEV,TARGET
16551,2026-08-13 11:41:33.092,1,2.0,3.0,5.5472,10,10,False,False,True,DEV,TARGET
16555,2026-08-13 11:47:15.388,1,1.0,4.0,3.9553,1,1,True,False,True,DEV,TARGET
16556,2026-08-13 11:50:33.608,1,1.0,4.0,3.5208,10,10,True,False,True,DEV,TARGET
16558,2026-08-13 11:52:50.032,1,2.0,3.0,-0.2775,0,0,False,False,True,DEV,TARGET
16561,2026-08-13 12:00:25.748,1,1.0,4.0,-2.1059,0,0,False,False,True,DEV,TARGET
16567,2026-08-13 12:07:08.992,1,1.0,4.0,3.4007,10,10,True,False,True,DEV,TARGET
16568,2026-08-13 12:08:40.384,1,2.0,3.0,3.8672,10,10,True,False,True,DEV,TARGET
16579,2026-08-13 12:19:53.160,1,2.0,3.0,-0.5131,6,6,False,False,True,DEV,TARGET
16581,2026-08-13 12:22:47.596,1,0.0,5.0,1.5168,9,9,False,False,True,DEV,STOP
16582,2026-08-13 12:25:08.080,1,2.0,3.0,2.4019,10,10,True,False,True,DEV,STOP
16617,2026-08-13 12:55:10.412,-1,2.0,3.0,-0.3648,5,5,False,False,True,DEV,STOP
16650,2026-08-13 13:04:00.100,1,0.0,5.0,1.4775,10,10,False,False,False,DEV,STOP
16658,2026-08-13 13:22:43.788,-1,1.0,4.0,1.4826,10,10,False,False,False,DEV,STOP
16673,2026-08-13 15:02:01.632,1,2.0,3.0,2.3328,10,10,False,False,False,DEV,STOP
16674,2026-08-13 15:05:17.812,1,0.0,5.0,1.4811,10,10,False,False,False,DEV,STOP
16691,2026-08-13 16:34:44.380,1,0.0,5.0,-3.0798,1,1,False,False,False,DEV,TARGET
16698,2026-08-13 17:01:24.384,1,1.0,4.0,-2.2698,1,1,False,False,False,DEV,TARGET
16713,2026-08-13 18:11:32.792,-1,1.0,4.0,-0.739,0,0,False,False,False,DEV,TARGET
16785,2026-08-14 02:21:03.088,1,1.0,4.0,-3.2896,1,1,False,False,False,DEV,TARGET
16807,2026-08-14 04:36:52.784,1,2.0,3.0,-0.4786,3,3,False,False,False,DEV,TARGET
16813,2026-08-14 04:58:37.068,1,1.0,4.0,-3.5156,0,0,False,False,False,DEV,STOP
16834,2026-08-14 05:30:25.212,1,2.0,3.0,3.7761,10,10,False,False,False,DEV,TARGET
16885,2026-08-14 06:31:24.252,-1,1.0,4.0,-3.0459,0,0,False,False,True,DEV,TARGET
16903,2026-08-14 06:36:04.092,-1,1.0,4.0,-3.2329,1,1,False,False,True,DEV,TARGET
16904,2026-08-14 06:36:19.436,-1,0.0,5.0,-2.8478,2,2,False,False,True,DEV,TARGET
16936,2026-08-14 06:50:00.892,-1,2.0,3.0,0.2734,3,2,False,False,False,DEV,TARGET
16937,2026-08-14 06:50:35.180,-1,1.0,4.0,0.6571,4,4,False,False,False,DEV,STOP
16948,2026-08-14 06:51:24.728,1,2.0,3.0,-2.1392,0,0,False,False,False,DEV,TARGET
16980,2026-08-14 07:00:27.884,1,1.0,4.0,-2.7962,1,1,False,False,True,DEV,TARGET
16986,2026-08-14 07:02:25.512,1,1.0,4.0,-3.3134,2,1,False,False,True,DEV,TARGET
16999,2026-08-14 07:09:12.716,1,1.0,4.0,-2.4396,0,0,False,False,True,DEV,STOP
17010,2026-08-14 07:13:42.508,1,2.0,3.0,-2.788,0,0,False,False,True,DEV,STOP
17021,2026-08-14 07:18:08.176,-1,2.0,3.0,-0.6621,2,1,False,False,True,DEV,TARGET
17028,2026-08-14 07:20:13.696,-1,0.0,5.0,0.0851,1,1,False,False,True,DEV,TARGET
17029,2026-08-14 07:20:25.612,-1,0.0,5.0,-0.2671,2,2,False,False,True,DEV,TARGET
17066,2026-08-14 07:30:44.692,-1,2.0,3.0,2.3785,10,10,False,False,True,DEV,TARGET
17067,2026-08-14 07:30:57.944,-1,1.0,4.0,2.2944,10,10,True,False,True,DEV,TARGET
17069,2026-08-14 07:31:38.368,-1,0.0,5.0,-1.3651,0,0,False,False,True,DEV,TARGET
17072,2026-08-14 07:32:39.084,-1,1.0,4.0,-1.8014,1,1,False,False,True,DEV,TARGET
17147,2026-08-14 08:14:14.408,-1,2.0,3.0,-1.606,2,1,False,False,False,DEV,TARGET
17154,2026-08-14 08:21:15.004,-1,2.0,3.0,-2.2498,1,1,False,False,False,DEV,TARGET
17158,2026-08-14 08:24:05.444,-1,0.0,5.0,3.5207,10,10,False,False,False,DEV,TARGET
17162,2026-08-14 08:26:29.784,-1,1.0,4.0,1.6752,10,1,False,False,False,DEV,STOP
17188,2026-08-14 08:40:24.960,-1,2.0,3.0,0.8802,10,3,False,False,False,DEV,TARGET
17198,2026-08-14 08:48:36.660,-1,1.0,4.0,-2.8993,3,3,False,False,False,DEV,TARGET
17291,2026-08-14 10:25:34.444,-1,2.0,3.0,1.9952,10,10,False,False,False,DEV,STOP
17298,2026-08-14 10:34:16.168,-1,2.0,3.0,-2.5028,2,1,False,False,False,DEV,TARGET
17299,2026-08-14 10:36:51.840,-1,2.0,3.0,-0.7244,4,3,False,False,False,DEV,TARGET
17326,2026-08-14 11:10:46.004,1,0.0,5.0,0.2046,10,10,False,False,True,DEV,TARGET
17344,2026-08-14 11:43:01.040,1,2.0,3.0,1.0736,9,8,False,False,True,DEV,TARGET
17374,2026-08-14 12:34:24.832,1,2.0,3.0,-2.4061,0,0,False,False,True,DEV,STOP
17415,2026-08-14 13:05:06.480,-1,1.0,4.0,-1.3901,1,1,False,False,False,DEV,TARGET
17419,2026-08-14 13:08:23.916,-1,1.0,4.0,0.61,10,1,False,False,False,DEV,STOP
17423,2026-08-14 13:17:19.776,-1,2.0,3.0,-1.3381,1,1,False,False,False,DEV,STOP
17438,2026-08-16 15:02:39.464,1,2.0,3.0,-0.379,6,5,False,False,False,DEV,TARGET
17441,2026-08-16 15:04:24.920,1,0.0,5.0,-1.0398,1,1,False,False,False,DEV,TARGET
17447,2026-08-16 15:11:05.600,1,2.0,3.0,0.249,2,1,False,False,False,DEV,TARGET
17453,2026-08-16 15:48:29.128,1,1.0,4.0,-2.8094,1,1,False,False,False,DEV,TARGET
17457,2026-08-16 16:38:08.560,1,0.0,5.0,-3.1442,1,1,False,False,False,DEV,TARGET
17497,2026-08-16 22:03:02.288,1,2.0,3.0,1.7492,1,1,False,False,False,DEV,TARGET
17507,2026-08-16 23:27:36.096,1,1.0,4.0,-0.6161,0,0,False,False,False,DEV,TARGET
17525,2026-08-17 00:35:07.576,1,0.0,5.0,-0.4179,8,8,False,False,False,DEV,TARGET
17563,2026-08-17 03:29:37.292,1,2.0,3.0,4.0723,10,10,False,False,False,DEV,TARGET
17565,2026-08-17 03:29:40.632,1,2.0,3.0,5.2412,10,10,False,False,False,DEV,TARGET
17575,2026-08-17 03:29:57.784,1,2.0,3.0,2.2098,10,1,False,False,False,DEV,STOP
17579,2026-08-17 03:30:09.092,1,2.0,3.0,-2.9505,0,0,False,False,False,DEV,STOP
17613,2026-08-17 04:50:27.972,-1,0.0,5.0,-2.7563,3,3,False,False,False,DEV,TARGET
17615,2026-08-17 05:00:17.420,-1,2.0,3.0,1.1104,10,8,False,False,False,DEV,TARGET
17616,2026-08-17 05:04:07.444,-1,2.0,3.0,2.0859,10,10,False,False,False,DEV,TARGET
17632,2026-08-17 05:26:39.180,-1,2.0,3.0,-0.3229,0,0,False,False,False,DEV,TARGET
17635,2026-08-17 05:26:41.052,-1,0.0,5.0,2.7507,10,10,False,False,False,DEV,TARGET
17638,2026-08-17 05:26:44.280,-1,2.0,3.0,1.8539,10,1,False,False,False,DEV,STOP
17656,2026-08-17 05:32:22.584,-1,2.0,3.0,-2.2995,4,1,False,False,False,DEV,TARGET
17657,2026-08-17 05:32:43.184,-1,2.0,3.0,-0.5663,5,5,False,False,False,DEV,TARGET
17663,2026-08-17 05:36:52.464,-1,1.0,4.0,0.361,10,3,False,False,False,DEV,TARGET
17666,2026-08-17 05:42:13.920,-1,1.0,4.0,-1.2005,0,0,False,False,False,DEV,TARGET
17700,2026-08-17 06:29:58.524,-1,2.0,3.0,0.6514,10,1,False,False,False,DEV,STOP
17701,2026-08-17 06:30:00.884,-1,1.0,4.0,0.9511,10,10,False,False,False,DEV,STOP
17728,2026-08-17 06:32:50.512,-1,2.0,3.0,3.3383,10,10,False,False,True,DEV,TARGET
17729,2026-08-17 06:33:01.284,-1,2.0,3.0,3.8187,10,10,False,False,True,DEV,STOP
17732,2026-08-17 06:33:39.700,-1,0.0,5.0,-4.2499,0,0,False,False,True,DEV,TARGET
17735,2026-08-17 06:34:11.060,-1,2.0,3.0,2.593,10,10,False,False,True,DEV,TARGET
17738,2026-08-17 06:34:34.920,-1,1.0,4.0,2.0774,10,1,True,False,True,DEV,TARGET
17742,2026-08-17 06:35:12.736,-1,0.0,5.0,0.8899,0,0,False,False,True,DEV,STOP
17751,2026-08-17 06:37:48.580,-1,2.0,3.0,-2.9586,3,1,False,False,True,DEV,TARGET
17777,2026-08-17 06:45:00.400,-1,2.0,3.0,-2.6255,0,0,False,False,False,DEV,STOP
17802,2026-08-17 06:51:30.256,1,1.0,4.0,-3.2762,2,1,False,False,False,DEV,TARGET
17814,2026-08-17 06:56:46.948,-1,1.0,4.0,2.305,10,10,False,False,False,DEV,TARGET
17816,2026-08-17 06:57:51.176,-1,2.0,3.0,-1.618,0,0,False,False,False,DEV,TARGET
17817,2026-08-17 06:58:48.028,-1,2.0,3.0,-0.0362,1,1,False,False,False,DEV,TARGET
17831,2026-08-17 07:01:11.608,-1,2.0,3.0,-2.306,2,1,False,False,True,DEV,STOP
17840,2026-08-17 07:03:12.332,-1,0.0,5.0,1.2735,7,7,False,False,True,DEV,STOP
17856,2026-08-17 07:08:23.264,-1,1.0,4.0,-1.5868,3,3,False,False,True,DEV,TARGET
17867,2026-08-17 07:14:14.588,1,2.0,3.0,0.652,10,4,False,False,True,DEV,STOP
17879,2026-08-17 07:20:40.136,-1,2.0,3.0,-0.7633,3,1,False,False,True,DEV,TARGET
17881,2026-08-17 07:22:17.260,-1,0.0,5.0,1.3654,10,10,False,False,True,DEV,NONE
17889,2026-08-17 07:25:54.792,-1,1.0,4.0,-2.7383,2,1,False,False,True,DEV,TARGET
17893,2026-08-17 07:28:53.812,-1,2.0,3.0,-1.1967,2,1,False,False,True,DEV,STOP
17903,2026-08-17 07:34:54.368,1,0.0,5.0,-1.4135,1,1,False,False,True,DEV,STOP
17908,2026-08-17 07:37:05.388,-1,0.0,5.0,0.1151,10,10,False,False,True,DEV,TARGET
17910,2026-08-17 07:38:39.176,-1,1.0,4.0,2.6746,10,10,False,False,True,DEV,STOP
17946,2026-08-17 08:12:55.796,1,2.0,3.0,-2.0403,2,1,False,False,False,DEV,TARGET
17947,2026-08-17 08:13:42.296,1,0.0,5.0,-1.9202,3,3,False,False,False,DEV,TARGET
17952,2026-08-17 08:19:05.148,1,0.0,5.0,-0.1824,10,10,False,False,False,DEV,TARGET
17958,2026-08-17 08:27:18.196,1,2.0,3.0,-1.8915,1,1,False,False,False,DEV,STOP
17969,2026-08-17 08:40:23.532,-1,1.0,4.0,4.0347,10,10,False,False,False,DEV,TARGET
17974,2026-08-17 08:42:23.508,-1,1.0,4.0,-2.9181,0,0,False,False,False,DEV,STOP
17975,2026-08-17 08:43:36.444,-1,0.0,5.0,-2.6029,1,1,False,False,False,DEV,STOP
18025,2026-08-17 09:57:45.292,-1,2.0,3.0,-0.5128,2,1,False,False,False,DEV,TARGET
18030,2026-08-17 10:04:48.528,-1,2.0,3.0,-2.7509,0,0,False,False,False,DEV,TARGET
18034,2026-08-17 10:10:38.772,-1,1.0,4.0,-1.3592,1,1,False,False,False,DEV,TARGET
18047,2026-08-17 10:21:43.000,-1,2.0,3.0,-2.7796,0,0,False,False,False,DEV,TARGET
18055,2026-08-17 10:23:54.240,-1,2.0,3.0,2.0034,10,10,False,False,False,DEV,TARGET
18061,2026-08-17 10:25:43.524,-1,1.0,4.0,0.5696,10,1,False,False,False,DEV,TARGET
18064,2026-08-17 10:27:28.440,-1,2.0,3.0,1.4326,10,1,False,False,False,DEV,STOP
18066,2026-08-17 10:28:35.376,-1,2.0,3.0,-2.1457,0,0,False,False,False,DEV,STOP
18081,2026-08-17 10:36:13.048,-1,1.0,4.0,2.9694,10,10,True,False,False,DEV,TARGET
18083,2026-08-17 10:37:28.140,-1,2.0,3.0,-1.821,0,0,False,False,False,DEV,TARGET
18084,2026-08-17 10:37:45.540,-1,0.0,5.0,-1.7497,1,1,False,False,False,DEV,TARGET
18099,2026-08-17 10:51:53.648,-1,2.0,3.0,-0.1418,8,1,False,False,False,DEV,STOP
18104,2026-08-17 10:56:43.768,-1,1.0,4.0,-0.9373,3,3,False,False,False,DEV,TARGET
18106,2026-08-17 10:59:59.104,-1,2.0,3.0,-2.9744,0,0,False,False,False,DEV,TARGET
18116,2026-08-17 11:05:36.956,-1,1.0,4.0,-3.1173,1,1,False,False,True,DEV,STOP
18175,2026-08-17 12:21:29.416,-1,1.0,4.0,-3.5868,2,1,False,False,True,DEV,TARGET
18181,2026-08-17 12:32:01.096,-1,0.0,5.0,3.3884,10,10,False,False,True,DEV,TARGET
18182,2026-08-17 12:32:50.860,-1,2.0,3.0,3.8577,10,10,True,False,True,DEV,TARGET
18191,2026-08-17 12:41:29.628,-1,1.0,4.0,-3.156,1,1,False,False,True,DEV,TARGET
18202,2026-08-17 12:52:51.016,-1,1.0,4.0,2.6344,9,9,False,False,True,DEV,TARGET
18206,2026-08-17 12:54:40.660,-1,1.0,4.0,-3.6327,0,0,False,False,True,DEV,TARGET
18209,2026-08-17 12:55:23.124,-1,2.0,3.0,-0.679,3,1,False,False,True,DEV,TARGET
18222,2026-08-17 12:59:45.592,-1,2.0,3.0,-1.4268,5,4,False,False,True,DEV,TARGET
18230,2026-08-17 13:00:01.216,-1,1.0,4.0,-2.3629,4,1,False,False,False,DEV,TARGET
18231,2026-08-17 13:00:02.664,-1,2.0,3.0,-0.6156,5,5,False,False,False,DEV,TARGET
18240,2026-08-17 13:06:10.484,-1,2.0,3.0,-0.1031,7,3,False,False,False,DEV,TARGET
18242,2026-08-17 13:15:09.432,-1,1.0,4.0,-3.2475,0,0,False,False,False,DEV,TARGET
18245,2026-08-17 13:28:11.184,-1,1.0,4.0,-3.5033,0,0,False,False,False,DEV,TARGET
18293,2026-08-17 17:12:43.096,1,0.0,5.0,-0.8209,1,1,False,False,False,DEV,TARGET
18320,2026-08-17 18:48:09.044,-1,1.0,4.0,1.5985,1,1,False,False,False,DEV,TARGET
18339,2026-08-17 19:11:26.232,-1,0.0,5.0,-2.1463,4,4,False,False,False,DEV,TARGET
18349,2026-08-17 19:16:24.284,-1,2.0,3.0,2.1006,2,1,False,False,False,DEV,TARGET
18396,2026-08-17 20:16:26.728,-1,2.0,3.0,-0.551,4,4,False,False,False,DEV,TARGET
18397,2026-08-17 20:20:55.524,-1,2.0,3.0,0.7937,10,5,False,False,False,DEV,TARGET
18402,2026-08-17 20:30:00.912,-1,2.0,3.0,-2.0761,0,0,False,False,False,DEV,TARGET
18428,2026-08-17 21:12:27.984,-1,2.0,3.0,-2.5723,1,1,False,False,False,DEV,TARGET
18454,2026-08-17 22:10:09.960,-1,2.0,3.0,-2.0539,2,1,False,False,False,DEV,TARGET
18459,2026-08-17 22:28:45.168,-1,1.0,4.0,-2.8789,1,1,False,False,False,DEV,TARGET
18464,2026-08-17 22:38:43.044,-1,1.0,4.0,-2.0778,0,0,False,False,False,DEV,TARGET
18474,2026-08-17 23:00:25.324,-1,2.0,3.0,4.3246,10,10,True,True,False,DEV,TARGET
18484,2026-08-17 23:01:52.548,-1,1.0,4.0,-0.7922,1,1,False,False,False,DEV,TARGET
18485,2026-08-17 23:03:38.492,-1,1.0,4.0,-0.1717,5,4,False,False,False,DEV,STOP
18527,2026-08-17 23:53:06.776,1,1.0,4.0,1.5797,10,10,False,False,False,DEV,TARGET
18528,2026-08-17 23:58:17.148,1,2.0,3.0,2.4509,10,10,False,False,False,DEV,TARGET
18533,2026-08-18 00:00:30.124,1,1.0,4.0,-3.0386,0,0,False,False,False,DEV,TARGET
18541,2026-08-18 00:06:56.888,1,2.0,3.0,0.382,8,8,False,False,False,DEV,STOP
18565,2026-08-18 00:36:00.556,-1,2.0,3.0,5.8828,10,10,False,False,False,DEV,STOP
18576,2026-08-18 00:43:43.648,-1,1.0,4.0,1.137,9,9,False,False,False,DEV,TARGET
18578,2026-08-18 00:49:10.172,-1,1.0,4.0,3.2928,10,10,False,False,False,DEV,TARGET
18580,2026-08-18 00:51:52.356,-1,1.0,4.0,-1.7982,0,0,False,False,False,DEV,TARGET
18615,2026-08-18 01:04:39.504,-1,2.0,3.0,-2.152,1,1,False,False,False,DEV,TARGET
18616,2026-08-18 01:05:00.500,-1,2.0,3.0,-0.4515,7,7,False,False,False,DEV,TARGET
18625,2026-08-18 01:07:52.032,-1,2.0,3.0,-2.77,0,0,False,False,False,DEV,STOP
18633,2026-08-18 01:10:52.604,-1,2.0,3.0,-2.0303,5,1,False,False,False,DEV,STOP
18665,2026-08-18 01:32:42.716,1,2.0,3.0,-0.4735,10,1,False,False,False,DEV,TARGET
18666,2026-08-18 01:34:41.352,1,2.0,3.0,0.8539,10,10,False,False,False,DEV,TARGET
18670,2026-08-18 01:37:14.828,1,2.0,3.0,1.6318,0,0,False,False,False,DEV,TARGET
18720,2026-08-18 02:18:48.188,-1,2.0,3.0,0.4841,10,1,False,False,False,DEV,TARGET
18725,2026-08-18 02:22:11.468,-1,1.0,4.0,-0.2778,1,1,False,False,False,DEV,STOP
18728,2026-08-18 02:24:57.128,-1,0.0,5.0,-0.9922,1,1,False,False,False,DEV,STOP
18763,2026-08-18 02:49:25.848,-1,2.0,3.0,-2.6177,4,1,False,False,False,DEV,TARGET
18764,2026-08-18 02:51:15.436,-1,2.0,3.0,-0.8138,5,5,False,False,False,DEV,STOP
18765,2026-08-18 02:51:38.500,-1,0.0,5.0,-0.9663,7,7,False,False,False,DEV,STOP
18774,2026-08-18 03:00:01.036,1,0.0,5.0,2.7031,10,10,False,False,False,DEV,TARGET
18785,2026-08-18 03:09:18.476,1,2.0,3.0,-2.9323,0,0,False,False,False,DEV,STOP
18796,2026-08-18 03:31:20.292,1,2.0,3.0,0.397,5,5,False,False,False,DEV,TARGET
18797,2026-08-18 03:36:50.100,1,2.0,3.0,1.531,10,10,False,False,False,DEV,TARGET
18812,2026-08-18 04:01:09.460,1,2.0,3.0,-1.9323,4,1,False,False,False,DEV,TARGET
18814,2026-08-18 04:02:54.320,1,1.0,4.0,1.436,10,7,False,False,False,DEV,TARGET
18815,2026-08-18 04:04:15.492,1,1.0,4.0,1.5614,10,10,False,False,False,DEV,TARGET
18820,2026-08-18 04:20:11.764,1,2.0,3.0,1.0049,10,1,False,False,False,DEV,STOP
18882,2026-08-18 05:38:49.504,-1,2.0,3.0,-0.885,0,0,False,False,False,DEV,STOP
18902,2026-08-18 06:12:42.520,-1,2.0,3.0,2.4675,10,10,False,False,False,DEV,TARGET
18906,2026-08-18 06:17:57.864,-1,2.0,3.0,-2.5201,0,0,False,False,False,DEV,TARGET
18911,2026-08-18 06:23:59.772,-1,0.0,5.0,2.1629,10,10,False,False,False,DEV,TARGET
18912,2026-08-18 06:24:47.740,-1,2.0,3.0,2.9045,10,10,False,False,False,DEV,TARGET
18913,2026-08-18 06:25:02.892,-1,2.0,3.0,3.4813,10,10,True,False,False,DEV,TARGET
18916,2026-08-18 06:27:40.388,-1,2.0,3.0,0.1716,0,0,False,False,False,DEV,STOP
18924,2026-08-18 06:29:55.952,-1,2.0,3.0,-2.219,4,3,False,False,False,DEV,TARGET
18956,2026-08-18 06:30:36.572,-1,1.0,4.0,-2.7321,3,3,False,False,False,DEV,STOP
18975,2026-08-18 06:31:22.644,1,2.0,3.0,2.4486,1,1,False,False,True,DEV,TARGET
19003,2026-08-18 06:33:04.772,-1,1.0,4.0,2.7454,10,10,False,False,True,DEV,TARGET
19011,2026-08-18 06:33:28.284,-1,2.0,3.0,2.9916,10,10,False,False,True,DEV,STOP
19013,2026-08-18 06:33:37.880,-1,2.0,3.0,-1.8075,0,0,False,False,True,DEV,TARGET
19038,2026-08-18 06:35:29.784,1,2.0,3.0,5.1737,10,10,False,False,True,DEV,TARGET
19071,2026-08-18 06:37:41.468,-1,2.0,3.0,-1.3776,0,0,False,False,True,DEV,TARGET
19085,2026-08-18 06:39:20.696,1,1.0,4.0,-3.4919,0,0,False,False,True,DEV,TARGET
19104,2026-08-18 06:41:34.968,1,2.0,3.0,-1.3648,2,1,False,False,True,DEV,TARGET
19143,2026-08-18 06:46:58.524,-1,2.0,3.0,-1.5197,0,0,False,False,False,DEV,STOP
19150,2026-08-18 06:48:01.088,-1,1.0,4.0,-3.8954,2,1,False,False,False,DEV,STOP
19163,2026-08-18 06:49:46.296,-1,1.0,4.0,1.8561,10,10,False,False,False,DEV,TARGET
19178,2026-08-18 06:51:14.552,-1,1.0,4.0,0.8852,9,7,False,False,False,DEV,TARGET
19201,2026-08-18 06:55:45.016,-1,1.0,4.0,1.0641,10,1,False,False,False,DEV,STOP
19251,2026-08-18 07:02:20.880,1,0.0,5.0,3.3553,10,10,False,False,True,DEV,TARGET
19254,2026-08-18 07:02:47.776,1,2.0,3.0,-0.8287,0,0,False,False,True,DEV,TARGET
19255,2026-08-18 07:02:58.104,1,0.0,5.0,-0.9779,1,1,False,False,True,DEV,TARGET
19280,2026-08-18 07:07:45.552,1,1.0,4.0,3.6554,10,10,False,False,True,DEV,TARGET
19282,2026-08-18 07:07:52.256,1,1.0,4.0,4.8162,10,10,False,False,True,DEV,STOP
19297,2026-08-18 07:10:37.536,-1,0.0,5.0,5.1847,10,10,False,False,True,DEV,TARGET
19300,2026-08-18 07:11:06.484,-1,2.0,3.0,2.663,10,1,False,False,True,DEV,TARGET
19302,2026-08-18 07:11:35.256,-1,2.0,3.0,4.3887,10,10,True,True,True,DEV,TARGET
19308,2026-08-18 07:12:24.392,-1,1.0,4.0,-0.8014,0,0,False,False,True,DEV,STOP
19347,2026-08-18 07:18:29.628,1,0.0,5.0,-1.2829,4,4,False,False,True,DEV,TARGET
19348,2026-08-18 07:18:37.696,1,2.0,3.0,0.2244,8,7,False,False,True,DEV,TARGET
19349,2026-08-18 07:18:42.392,1,1.0,4.0,0.619,9,9,False,False,True,DEV,TARGET
19358,2026-08-18 07:21:03.244,1,2.0,3.0,0.1008,6,5,False,False,True,DEV,STOP
19417,2026-08-18 07:31:51.536,1,0.0,5.0,-4.0056,1,1,False,False,True,DEV,TARGET
19423,2026-08-18 07:33:41.296,1,2.0,3.0,-0.8399,0,0,False,False,True,DEV,STOP
19435,2026-08-18 07:36:15.976,1,1.0,4.0,-1.1312,1,1,False,False,True,DEV,NONE
19448,2026-08-18 07:39:45.008,1,0.0,5.0,-3.7654,1,1,False,False,True,DEV,TARGET
19466,2026-08-18 07:45:14.696,-1,1.0,4.0,1.3596,1,1,False,False,True,DEV,TARGET
19499,2026-08-18 07:53:22.356,-1,2.0,3.0,3.9978,10,10,False,False,True,DEV,TARGET
19501,2026-08-18 07:53:24.428,-1,0.0,5.0,3.6407,10,10,False,False,True,DEV,TARGET
19517,2026-08-18 07:56:05.088,-1,2.0,3.0,-1.3996,2,1,False,False,True,DEV,TARGET
19528,2026-08-18 07:58:53.136,-1,2.0,3.0,0.1682,6,1,False,False,True,DEV,STOP
19571,2026-08-18 08:10:11.252,-1,2.0,3.0,4.2594,10,10,False,False,False,DEV,STOP
19572,2026-08-18 08:10:19.988,-1,0.0,5.0,2.9795,10,10,False,False,False,DEV,STOP
19583,2026-08-18 08:14:33.884,-1,0.0,5.0,-1.6986,1,1,False,False,False,DEV,STOP
19589,2026-08-18 08:16:54.440,-1,0.0,5.0,-3.5969,1,1,False,False,False,DEV,TARGET
19590,2026-08-18 08:17:27.560,-1,0.0,5.0,-3.1309,2,2,False,False,False,DEV,TARGET
19596,2026-08-18 08:19:50.276,-1,2.0,3.0,0.7925,10,3,False,False,False,DEV,TARGET
19625,2026-08-18 08:31:07.312,1,1.0,4.0,1.2749,10,10,False,False,False,DEV,STOP
19629,2026-08-18 08:31:47.352,1,0.0,5.0,-2.6952,1,1,False,False,False,DEV,STOP
19652,2026-08-18 08:41:20.252,1,1.0,4.0,-0.0353,10,10,False,False,False,DEV,TARGET
19653,2026-08-18 08:41:41.876,1,1.0,4.0,0.417,10,10,False,False,False,DEV,TARGET
19661,2026-08-18 08:44:48.144,1,0.0,5.0,-3.3007,1,1,False,False,False,DEV,TARGET
19670,2026-08-18 08:49:33.068,1,1.0,4.0,-2.1169,0,0,False,False,False,DEV,STOP
19681,2026-08-18 08:54:14.376,1,2.0,3.0,-0.4884,0,0,False,False,False,DEV,STOP
19711,2026-08-18 09:10:32.104,1,2.0,3.0,-1.5954,2,1,False,False,False,DEV,TARGET
19712,2026-08-18 09:11:55.320,1,2.0,3.0,-0.0186,9,3,False,False,False,DEV,TARGET
19713,2026-08-18 09:13:26.628,1,2.0,3.0,1.2077,10,10,False,False,False,DEV,STOP
19724,2026-08-18 09:22:34.336,1,0.0,5.0,1.3086,9,9,False,False,False,DEV,TARGET
19740,2026-08-18 09:31:30.496,-1,2.0,3.0,0.4224,1,1,False,False,False,DEV,STOP
19745,2026-08-18 09:35:41.712,-1,2.0,3.0,-2.8062,1,1,False,False,False,DEV,STOP
19755,2026-08-18 09:45:25.460,-1,2.0,3.0,-2.2922,0,0,False,False,False,DEV,STOP
19765,2026-08-18 09:53:45.608,1,0.0,5.0,-1.1595,1,1,False,False,False,DEV,STOP
19776,2026-08-18 10:03:34.896,1,2.0,3.0,-2.3452,3,3,False,False,False,DEV,TARGET
19783,2026-08-18 10:10:00.884,1,2.0,3.0,0.3693,10,5,False,False,False,DEV,STOP
19806,2026-08-18 10:34:59.972,-1,1.0,4.0,-3.34,1,1,False,False,False,DEV,TARGET
19824,2026-08-18 10:56:45.328,-1,1.0,4.0,0.1637,10,10,False,False,False,DEV,TARGET
19825,2026-08-18 10:57:57.660,-1,2.0,3.0,1.3495,10,10,False,False,False,DEV,TARGET
19878,2026-08-18 11:54:47.008,-1,2.0,3.0,2.057,10,10,False,False,True,DEV,TARGET
19881,2026-08-18 11:57:00.004,-1,2.0,3.0,-0.9691,0,0,False,False,True,DEV,TARGET
19883,2026-08-18 12:00:01.880,-1,1.0,4.0,1.4138,10,10,False,False,True,DEV,STOP
19918,2026-08-18 12:50:20.024,-1,1.0,4.0,-2.4894,3,1,False,False,True,DEV,TARGET
19925,2026-08-18 12:54:50.012,-1,2.0,3.0,1.8506,0,0,False,False,True,DEV,TARGET
19965,2026-08-18 13:23:56.348,-1,2.0,3.0,-2.0423,1,1,False,False,False,DEV,STOP
19992,2026-08-18 15:10:11.676,-1,1.0,4.0,-2.5409,2,1,False,False,False,DEV,STOP
20002,2026-08-18 15:39:30.712,-1,0.0,5.0,2.4256,10,10,False,False,False,DEV,TARGET
20008,2026-08-18 15:53:20.616,-1,2.0,3.0,-1.1603,0,0,False,False,False,DEV,TARGET
20009,2026-08-18 15:54:14.260,-1,2.0,3.0,0.3198,1,1,False,False,False,DEV,TARGET
20037,2026-08-18 17:01:14.324,-1,1.0,4.0,2.3607,10,10,False,False,False,DEV,TARGET
20047,2026-08-18 17:04:20.784,-1,0.0,5.0,-2.2849,1,1,False,False,False,DEV,TARGET
20048,2026-08-18 17:06:03.728,-1,2.0,3.0,-0.5549,4,3,False,False,False,DEV,TARGET
20050,2026-08-18 17:06:45.216,-1,2.0,3.0,3.047,10,7,True,False,False,DEV,STOP
20062,2026-08-18 17:14:57.640,-1,0.0,5.0,-4.405,0,0,False,False,False,DEV,TARGET
20079,2026-08-18 17:30:47.252,1,2.0,3.0,4.0082,10,10,False,False,False,DEV,TARGET
20083,2026-08-18 17:34:09.844,1,2.0,3.0,-1.5904,0,0,False,False,False,DEV,TARGET
20084,2026-08-18 17:35:32.452,1,0.0,5.0,-1.5703,1,1,False,False,False,DEV,TARGET
20087,2026-08-18 17:40:47.940,1,1.0,4.0,2.9416,10,10,True,False,False,DEV,STOP
20102,2026-08-18 18:07:37.392,1,1.0,4.0,2.6023,10,10,False,False,False,DEV,STOP
20111,2026-08-18 18:23:39.396,1,2.0,3.0,2.2172,10,10,False,False,False,DEV,STOP
20115,2026-08-18 18:29:15.616,1,2.0,3.0,-1.7955,1,1,False,False,False,DEV,STOP
20137,2026-08-18 19:11:14.248,-1,2.0,3.0,3.9182,10,10,False,False,False,DEV,TARGET
20154,2026-08-18 19:33:37.052,-1,0.0,5.0,1.0255,9,9,False,False,False,DEV,STOP
20156,2026-08-18 19:44:01.236,-1,2.0,3.0,-2.9969,0,0,False,False,False,DEV,STOP
20199,2026-08-18 21:39:40.456,-1,2.0,3.0,-0.2651,0,0,False,False,False,DEV,TARGET
20201,2026-08-18 21:48:18.084,-1,1.0,4.0,1.8396,10,10,False,False,False,DEV,TARGET
20220,2026-08-18 22:13:46.504,-1,2.0,3.0,2.3786,10,10,False,False,False,DEV,TARGET
20221,2026-08-18 22:16:43.052,-1,1.0,4.0,2.2945,10,10,False,False,False,DEV,TARGET
20225,2026-08-18 22:22:55.892,-1,2.0,3.0,0.3442,0,0,False,False,False,DEV,STOP
20239,2026-08-18 22:46:25.820,-1,2.0,3.0,-1.989,0,0,False,False,False,DEV,TARGET
20240,2026-08-18 22:53:18.644,-1,1.0,4.0,-1.1025,1,1,False,False,False,DEV,TARGET
20247,2026-08-18 23:04:02.696,-1,1.0,4.0,-3.6473,1,1,False,False,False,DEV,TARGET
20250,2026-08-18 23:07:56.640,-1,1.0,4.0,-2.2703,5,1,False,False,False,DEV,STOP
20282,2026-08-18 23:47:17.000,1,2.0,3.0,2.5659,10,10,False,False,False,DEV,TARGET
20286,2026-08-18 23:53:47.516,1,1.0,4.0,1.9233,1,1,True,False,False,DEV,TARGET
20289,2026-08-18 23:58:48.156,1,2.0,3.0,5.3631,10,10,True,True,False,DEV,STOP
20307,2026-08-19 00:14:41.944,1,2.0,3.0,2.8997,10,10,False,False,False,DEV,STOP
20312,2026-08-19 00:24:07.108,1,2.0,3.0,1.1842,10,3,False,False,False,DEV,TARGET
20313,2026-08-19 00:25:12.364,1,1.0,4.0,1.3655,10,10,False,False,False,DEV,TARGET
20314,2026-08-19 00:30:02.360,1,0.0,5.0,0.7287,10,10,False,False,False,DEV,TARGET
20330,2026-08-19 00:46:39.648,1,1.0,4.0,-2.5107,5,1,False,False,False,DEV,TARGET
20353,2026-08-19 01:23:21.036,1,2.0,3.0,-0.5269,1,1,False,False,False,DEV,STOP
20401,2026-08-19 03:24:49.992,-1,0.0,5.0,-3.4831,0,0,False,False,False,DEV,STOP
20419,2026-08-19 04:08:04.828,1,2.0,3.0,2.5745,10,10,False,False,False,DEV,STOP
20459,2026-08-19 05:19:13.040,1,1.0,4.0,-2.6592,1,1,False,False,False,DEV,TARGET
20481,2026-08-19 05:34:01.040,1,0.0,5.0,0.284,5,5,False,False,False,DEV,TARGET
20501,2026-08-19 05:36:58.068,1,2.0,3.0,3.8658,10,10,True,False,False,DEV,TARGET
20516,2026-08-19 05:39:27.012,1,2.0,3.0,1.0126,10,1,False,False,False,DEV,TARGET
20550,2026-08-19 05:45:13.108,1,2.0,3.0,3.5487,10,10,True,False,False,DEV,TARGET
20555,2026-08-19 05:45:38.172,1,1.0,4.0,5.7377,10,10,True,True,False,DEV,TARGET
20568,2026-08-19 05:47:35.452,1,1.0,4.0,1.6894,10,1,False,False,False,DEV,STOP
20576,2026-08-19 05:48:51.376,1,1.0,4.0,-1.9819,4,4,False,False,False,DEV,TARGET
20578,2026-08-19 05:49:43.332,1,2.0,3.0,1.5788,8,8,False,False,False,DEV,TARGET
20589,2026-08-19 05:51:52.196,1,2.0,3.0,3.9921,10,10,True,False,False,DEV,STOP
20600,2026-08-19 05:53:47.644,1,2.0,3.0,-2.525,0,0,False,False,False,DEV,STOP
20624,2026-08-19 06:00:45.884,-1,0.0,5.0,0.891,10,10,False,False,False,DEV,TARGET
20626,2026-08-19 06:01:32.280,-1,2.0,3.0,3.9217,10,10,False,False,False,DEV,TARGET
20633,2026-08-19 06:03:34.932,-1,2.0,3.0,3.9877,10,10,True,False,False,DEV,TARGET
20636,2026-08-19 06:04:48.124,-1,1.0,4.0,1.7926,10,1,False,False,False,DEV,STOP
20673,2026-08-19 06:26:36.892,1,2.0,3.0,-1.8106,3,3,False,False,False,DEV,TARGET
20675,2026-08-19 06:27:40.012,1,0.0,5.0,0.1269,6,6,False,False,False,DEV,STOP
20679,2026-08-19 06:28:43.516,1,1.0,4.0,-3.8386,1,1,False,False,False,DEV,STOP
20688,2026-08-19 06:30:02.828,-1,2.0,3.0,-0.0514,0,0,False,False,False,DEV,STOP
20696,2026-08-19 06:30:12.324,-1,1.0,4.0,-0.1773,1,1,False,False,False,DEV,TARGET
20727,2026-08-19 06:31:57.024,-1,2.0,3.0,-0.0105,10,1,False,False,True,DEV,STOP
20761,2026-08-19 06:35:27.208,-1,2.0,3.0,-1.9244,2,1,False,False,True,DEV,TARGET
20799,2026-08-19 06:39:45.704,-1,2.0,3.0,-1.5433,2,1,False,False,True,DEV,TARGET
20808,2026-08-19 06:40:56.512,-1,2.0,3.0,-1.6374,0,0,False,False,True,DEV,STOP
20833,2026-08-19 06:44:18.352,1,2.0,3.0,1.8831,2,1,False,False,True,DEV,STOP
20841,2026-08-19 06:45:06.036,1,2.0,3.0,-1.9743,3,1,False,False,False,DEV,TARGET
20849,2026-08-19 06:46:08.832,1,2.0,3.0,-0.7705,3,3,False,False,False,DEV,TARGET
20850,2026-08-19 06:46:16.696,1,2.0,3.0,0.6229,5,5,False,False,False,DEV,TARGET
20875,2026-08-19 06:48:17.044,-1,2.0,3.0,4.0351,10,1,False,False,False,DEV,TARGET
20881,2026-08-19 06:48:50.404,-1,1.0,4.0,2.3567,10,1,True,False,False,DEV,TARGET
20884,2026-08-19 06:49:01.764,-1,2.0,3.0,6.1719,10,10,True,True,False,DEV,TARGET
20886,2026-08-19 06:49:07.068,-1,1.0,4.0,6.3386,10,10,True,True,False,DEV,TARGET
20893,2026-08-19 06:49:31.268,-1,2.0,3.0,-2.2425,2,1,False,False,False,DEV,TARGET
20898,2026-08-19 06:50:03.120,-1,2.0,3.0,0.3076,0,0,False,False,False,DEV,STOP
20917,2026-08-19 06:51:14.140,-1,2.0,3.0,-1.9702,2,1,False,False,False,DEV,TARGET
20921,2026-08-19 06:51:43.076,-1,1.0,4.0,4.8713,10,10,True,True,False,DEV,STOP
20922,2026-08-19 06:51:53.316,-1,2.0,3.0,5.011,10,10,True,True,False,DEV,STOP
20946,2026-08-19 06:54:04.948,1,1.0,4.0,-0.9857,2,1,False,False,False,DEV,TARGET
20950,2026-08-19 06:54:37.760,1,1.0,4.0,-1.3331,2,1,False,False,False,DEV,TARGET
20959,2026-08-19 06:55:08.580,1,2.0,3.0,-2.0394,0,0,False,False,False,DEV,STOP
20975,2026-08-19 06:56:43.732,1,2.0,3.0,0.5853,7,6,False,False,False,DEV,TARGET
20977,2026-08-19 06:56:54.696,1,1.0,4.0,2.959,10,10,True,False,False,DEV,STOP
20995,2026-08-19 06:58:39.540,1,0.0,5.0,-1.9383,4,4,False,False,False,DEV,TARGET
21042,2026-08-19 07:03:58.088,-1,0.0,5.0,0.1532,10,10,False,False,True,DEV,STOP
21069,2026-08-19 07:07:21.496,-1,0.0,5.0,-3.1471,1,1,False,False,True,DEV,TARGET
21073,2026-08-19 07:08:04.288,-1,1.0,4.0,-3.9336,0,0,False,False,True,DEV,TARGET
21074,2026-08-19 07:08:09.264,-1,2.0,3.0,-1.8372,1,1,False,False,True,DEV,STOP
21085,2026-08-19 07:09:36.620,-1,2.0,3.0,-0.5438,9,1,False,False,True,DEV,STOP
21093,2026-08-19 07:10:58.684,-1,2.0,3.0,0.7293,6,5,False,False,True,DEV,TARGET
21095,2026-08-19 07:11:11.092,-1,2.0,3.0,3.8239,10,10,False,False,True,DEV,TARGET
21096,2026-08-19 07:11:29.300,-1,2.0,3.0,4.1964,10,10,False,False,True,DEV,TARGET
21097,2026-08-19 07:11:34.792,-1,2.0,3.0,4.4861,10,10,False,False,True,DEV,TARGET
21098,2026-08-19 07:11:53.988,-1,2.0,3.0,4.7114,10,10,False,False,True,DEV,STOP
21099,2026-08-19 07:12:07.208,-1,0.0,5.0,3.3311,10,10,False,False,True,DEV,STOP
21101,2026-08-19 07:12:18.104,-1,2.0,3.0,-1.6022,0,0,False,False,True,DEV,TARGET
21121,2026-08-19 07:14:29.092,-1,2.0,3.0,-1.1383,0,0,False,False,True,DEV,TARGET
21122,2026-08-19 07:14:41.624,-1,2.0,3.0,0.3369,1,1,False,False,True,DEV,TARGET
21150,2026-08-19 07:18:07.496,1,2.0,3.0,-2.1151,0,0,False,False,True,DEV,TARGET
21228,2026-08-19 07:30:58.048,1,1.0,4.0,-3.4957,0,0,False,False,True,DEV,TARGET
21255,2026-08-19 07:37:32.544,1,2.0,3.0,4.4958,10,10,True,True,True,DEV,TARGET
21256,2026-08-19 07:38:00.032,1,1.0,4.0,3.9412,10,10,True,False,True,DEV,TARGET
21261,2026-08-19 07:40:05.636,1,2.0,3.0,2.9572,0,0,False,False,True,DEV,TARGET
21277,2026-08-19 07:45:38.996,1,0.0,5.0,-3.2814,1,1,False,False,True,DEV,TARGET
21301,2026-08-19 07:52:53.964,1,1.0,4.0,-2.8395,1,1,False,False,True,DEV,TARGET
21302,2026-08-19 07:53:01.656,1,2.0,3.0,-0.9862,5,2,False,False,True,DEV,TARGET
21307,2026-08-19 07:55:31.492,1,1.0,4.0,2.9001,10,1,False,False,True,DEV,TARGET
21308,2026-08-19 07:56:09.676,1,1.0,4.0,2.7001,10,10,True,False,True,DEV,TARGET
21309,2026-08-19 07:56:12.928,1,2.0,3.0,3.3223,10,10,True,False,True,DEV,TARGET
21311,2026-08-19 07:56:46.280,1,1.0,4.0,5.2197,10,10,True,True,True,DEV,TARGET
21315,2026-08-19 07:58:31.408,1,2.0,3.0,1.1106,2,1,False,False,True,DEV,TARGET
21331,2026-08-19 08:04:03.948,1,0.0,5.0,-4.8409,1,1,False,False,False,DEV,STOP
21332,2026-08-19 08:05:08.412,1,2.0,3.0,-2.5429,3,3,False,False,False,DEV,STOP
21364,2026-08-19 08:18:29.740,-1,1.0,4.0,-2.6209,1,1,False,False,False,DEV,TARGET
21367,2026-08-19 08:20:41.404,-1,1.0,4.0,0.0947,5,1,False,False,False,DEV,TARGET
21368,2026-08-19 08:21:21.000,-1,2.0,3.0,1.2959,10,10,False,False,False,DEV,STOP
21376,2026-08-19 08:24:04.952,-1,1.0,4.0,-3.6664,2,1,False,False,False,DEV,TARGET
21377,2026-08-19 08:24:40.692,-1,1.0,4.0,-2.4072,4,4,False,False,False,DEV,TARGET
21382,2026-08-19 08:26:19.716,-1,2.0,3.0,2.0399,0,0,False,False,False,DEV,STOP
21451,2026-08-19 08:50:10.552,-1,2.0,3.0,2.4374,10,10,False,False,False,DEV,TARGET
21457,2026-08-19 08:52:47.648,-1,1.0,4.0,-1.3364,4,1,False,False,False,DEV,TARGET
21465,2026-08-19 08:55:43.228,-1,1.0,4.0,-2.8952,0,0,False,False,False,DEV,STOP
21466,2026-08-19 08:56:22.856,-1,0.0,5.0,-2.5852,1,1,False,False,False,DEV,STOP
21487,2026-08-19 09:04:10.924,1,1.0,4.0,5.9921,10,10,True,True,False,DEV,TARGET
21488,2026-08-19 09:04:55.432,1,1.0,4.0,5.105,10,10,True,True,False,DEV,TARGET
21532,2026-08-19 09:30:28.560,-1,2.0,3.0,0.6453,0,0,False,False,False,DEV,TARGET
21552,2026-08-19 09:42:42.128,-1,2.0,3.0,-2.563,0,0,False,False,False,DEV,TARGET
21572,2026-08-19 09:51:39.316,-1,0.0,5.0,2.1518,10,10,False,False,False,DEV,TARGET
21580,2026-08-19 09:55:19.000,-1,2.0,3.0,0.6103,10,1,False,False,False,DEV,TARGET
21589,2026-08-19 10:00:11.284,-1,2.0,3.0,-2.8743,1,1,False,False,False,DEV,STOP
21610,2026-08-19 10:09:58.096,-1,2.0,3.0,3.332,10,10,False,False,False,DEV,STOP
21613,2026-08-19 10:11:49.328,-1,1.0,4.0,-3.8356,0,0,False,False,False,DEV,STOP
21631,2026-08-19 10:22:35.164,-1,0.0,5.0,4.817,10,10,False,False,False,DEV,STOP
21636,2026-08-19 10:24:50.800,-1,1.0,4.0,-3.67,1,1,False,False,False,DEV,STOP
21655,2026-08-19 10:34:50.868,-1,1.0,4.0,-2.275,0,0,False,False,False,DEV,TARGET
21657,2026-08-19 10:35:20.512,-1,0.0,5.0,0.4509,10,10,False,False,False,DEV,STOP
21685,2026-08-19 10:53:28.312,1,2.0,3.0,0.7168,10,1,False,False,False,DEV,STOP
21697,2026-08-19 11:00:31.960,1,1.0,4.0,-0.6623,9,3,False,False,True,DEV,TARGET
21700,2026-08-19 11:01:15.076,1,1.0,4.0,3.3688,10,10,False,False,True,DEV,TARGET
21732,2026-08-19 11:08:19.256,-1,2.0,3.0,1.372,0,0,False,False,True,DEV,TARGET
21734,2026-08-19 11:08:32.724,-1,1.0,4.0,2.83,10,10,True,False,True,DEV,STOP
21778,2026-08-19 11:27:23.444,-1,0.0,5.0,-4.5232,1,1,False,False,True,DEV,STOP
21789,2026-08-19 11:33:14.872,1,2.0,3.0,-0.871,0,0,False,False,True,DEV,TARGET
21800,2026-08-19 11:41:40.152,1,2.0,3.0,-0.499,6,3,False,False,True,DEV,TARGET
21826,2026-08-19 12:00:30.620,-1,1.0,4.0,-0.7182,10,1,False,False,True,DEV,STOP
21837,2026-08-19 12:09:37.936,1,2.0,3.0,2.2763,10,10,False,False,True,DEV,STOP
21876,2026-08-19 12:37:51.480,-1,2.0,3.0,6.428,10,10,False,False,True,DEV,TARGET
21882,2026-08-19 12:40:34.820,-1,1.0,4.0,-1.2872,0,0,False,False,True,DEV,TARGET
21883,2026-08-19 12:41:02.840,-1,2.0,3.0,0.221,1,1,False,False,True,DEV,TARGET
21889,2026-08-19 12:44:57.968,-1,2.0,3.0,0.9176,1,1,False,False,True,DEV,TARGET
21921,2026-08-19 12:52:11.340,-1,1.0,4.0,-1.4641,4,1,False,False,True,DEV,STOP
21958,2026-08-19 12:59:57.512,1,2.0,3.0,2.342,10,7,False,False,True,DEV,TARGET
21964,2026-08-19 13:00:08.584,1,0.0,5.0,0.0219,1,1,False,False,False,DEV,STOP
21966,2026-08-19 13:00:49.724,1,2.0,3.0,-2.3941,0,0,False,False,False,DEV,STOP
21992,2026-08-19 15:00:01.668,1,2.0,3.0,6.854,10,10,False,False,False,DEV,STOP
21995,2026-08-19 15:00:08.788,1,2.0,3.0,-0.6613,0,0,False,False,False,DEV,TARGET
22003,2026-08-19 15:02:54.348,1,2.0,3.0,3.2736,10,10,False,False,False,DEV,TARGET
22012,2026-08-19 15:08:48.932,1,1.0,4.0,-3.4712,1,1,False,False,False,DEV,TARGET
22040,2026-08-19 15:59:02.416,1,0.0,5.0,-4.1114,0,0,False,False,False,DEV,TARGET
22045,2026-08-19 16:01:36.696,1,2.0,3.0,4.0846,10,10,True,True,False,DEV,TARGET
22077,2026-08-19 17:02:14.768,-1,1.0,4.0,2.1262,10,10,False,False,False,DEV,STOP
22085,2026-08-19 17:07:30.060,-1,2.0,3.0,0.6275,5,5,False,False,False,DEV,TARGET
22088,2026-08-19 17:10:23.624,-1,2.0,3.0,-1.5072,0,0,False,False,False,DEV,STOP
22116,2026-08-19 18:00:33.268,1,2.0,3.0,0.2324,10,2,False,False,False,DEV,TARGET
22127,2026-08-19 18:15:15.592,1,1.0,4.0,-3.7132,4,3,False,False,False,DEV,TARGET
22146,2026-08-19 18:33:32.992,-1,0.0,5.0,-2.0187,3,3,False,False,False,DEV,STOP
22154,2026-08-19 18:46:32.448,1,2.0,3.0,-2.0701,0,0,False,False,False,DEV,STOP
22157,2026-08-19 18:51:37.964,1,2.0,3.0,-1.3554,3,1,False,False,False,DEV,STOP
22227,2026-08-19 20:53:03.564,1,2.0,3.0,-0.4659,9,1,False,False,False,DEV,TARGET
22232,2026-08-19 21:04:30.896,1,1.0,4.0,-2.5008,1,1,False,False,False,DEV,TARGET
22260,2026-08-19 22:36:11.412,-1,2.0,3.0,0.7806,10,7,False,False,False,DEV,TARGET
22265,2026-08-19 22:53:41.728,-1,2.0,3.0,1.6432,10,10,False,False,False,DEV,STOP
22286,2026-08-19 23:33:00.696,1,2.0,3.0,-0.0021,8,1,False,False,False,DEV,TARGET
22317,2026-08-20 00:23:14.236,-1,0.0,5.0,-0.9358,1,1,False,False,False,DEV,TARGET
22320,2026-08-20 00:26:07.140,-1,1.0,4.0,3.7106,10,10,True,False,False,DEV,TARGET
22321,2026-08-20 00:27:38.820,-1,1.0,4.0,3.3305,10,10,True,False,False,DEV,STOP
22338,2026-08-20 00:43:47.940,-1,2.0,3.0,-2.2325,6,1,False,False,False,DEV,STOP
22349,2026-08-20 00:59:34.080,-1,2.0,3.0,1.4863,10,10,False,False,False,DEV,STOP
22360,2026-08-20 01:03:57.564,-1,2.0,3.0,-0.0102,0,0,False,False,False,DEV,TARGET
22365,2026-08-20 01:06:54.400,-1,0.0,5.0,-2.9099,1,1,False,False,False,DEV,TARGET
22391,2026-08-20 01:21:34.036,-1,0.0,5.0,-3.7051,1,1,False,False,False,DEV,TARGET
22392,2026-08-20 01:23:06.356,-1,1.0,4.0,-2.4373,5,5,False,False,False,DEV,TARGET
22403,2026-08-20 01:28:44.032,-1,1.0,4.0,-0.4727,10,1,False,False,False,DEV,TARGET
22407,2026-08-20 01:31:12.728,-1,2.0,3.0,2.56,10,10,True,False,False,DEV,TARGET
22418,2026-08-20 01:35:29.228,-1,2.0,3.0,-1.9889,0,0,False,False,False,DEV,STOP
22440,2026-08-20 01:47:50.296,-1,1.0,4.0,-2.5002,0,0,False,False,False,DEV,TARGET
22442,2026-08-20 01:48:37.092,-1,2.0,3.0,2.4752,10,10,False,False,False,DEV,STOP
22473,2026-08-20 02:08:26.728,1,2.0,3.0,1.1344,1,1,False,False,False,DEV,TARGET
22474,2026-08-20 02:08:53.624,1,2.0,3.0,2.1045,10,10,False,False,False,DEV,STOP
22490,2026-08-20 02:25:30.356,1,2.0,3.0,-1.2865,5,1,False,False,False,DEV,STOP
22491,2026-08-20 02:26:52.752,1,0.0,5.0,-1.3339,6,6,False,False,False,DEV,STOP
22530,2026-08-20 03:14:11.476,1,1.0,4.0,2.9816,10,10,False,False,False,DEV,STOP
22540,2026-08-20 03:32:45.592,1,2.0,3.0,-1.2831,3,3,False,False,False,DEV,TARGET
22566,2026-08-20 03:59:28.576,1,2.0,3.0,-2.723,0,0,False,False,False,DEV,TARGET
22570,2026-08-20 04:00:06.532,1,2.0,3.0,5.3736,10,10,True,True,False,DEV,STOP
22592,2026-08-20 04:05:54.052,-1,2.0,3.0,3.5676,10,10,False,False,False,DEV,TARGET
22594,2026-08-20 04:08:58.216,-1,1.0,4.0,0.1828,0,0,False,False,False,DEV,TARGET
22609,2026-08-20 04:19:10.500,-1,1.0,4.0,-2.7841,3,3,False,False,False,DEV,TARGET
22610,2026-08-20 04:20:00.340,-1,2.0,3.0,-0.9432,5,5,False,False,False,DEV,TARGET
22616,2026-08-20 04:24:12.328,-1,2.0,3.0,-2.2038,0,0,False,False,False,DEV,TARGET
22624,2026-08-20 04:28:35.668,-1,1.0,4.0,3.7278,10,10,True,False,False,DEV,STOP
22628,2026-08-20 04:30:57.008,-1,2.0,3.0,-2.4025,0,0,False,False,False,DEV,STOP
22663,2026-08-20 04:46:21.284,-1,1.0,4.0,2.3179,10,10,False,False,False,DEV,TARGET
22671,2026-08-20 04:48:49.100,-1,1.0,4.0,0.6778,10,10,False,False,False,DEV,TARGET
22677,2026-08-20 04:50:00.760,-1,1.0,4.0,-0.6049,4,1,False,False,False,DEV,TARGET
22684,2026-08-20 04:52:28.136,-1,1.0,4.0,-2.7237,1,1,False,False,False,DEV,TARGET
22692,2026-08-20 04:56:45.508,-1,1.0,4.0,0.9785,10,1,False,False,False,DEV,TARGET
22694,2026-08-20 04:57:03.000,-1,0.0,5.0,2.4191,10,10,False,False,False,DEV,TARGET
22697,2026-08-20 05:00:18.112,-1,0.0,5.0,-0.9331,1,1,False,False,False,DEV,TARGET
22708,2026-08-20 05:02:58.660,-1,2.0,3.0,3.1844,10,10,True,False,False,DEV,TARGET
22709,2026-08-20 05:03:14.220,-1,2.0,3.0,3.6989,10,10,True,False,False,DEV,TARGET
22723,2026-08-20 05:05:17.044,-1,1.0,4.0,-1.5417,0,0,False,False,False,DEV,TARGET
22724,2026-08-20 05:05:24.484,-1,1.0,4.0,-0.7547,1,1,False,False,False,DEV,TARGET
22729,2026-08-20 05:06:41.632,-1,2.0,3.0,2.6227,10,1,True,False,False,DEV,TARGET
22746,2026-08-20 05:10:26.060,-1,0.0,5.0,-2.1313,0,0,False,False,False,DEV,TARGET
22757,2026-08-20 05:12:44.976,-1,2.0,3.0,-0.5213,10,1,False,False,False,DEV,TARGET
22789,2026-08-20 05:18:41.336,-1,2.0,3.0,-1.9295,3,1,False,False,False,DEV,TARGET
22828,2026-08-20 05:30:02.548,-1,2.0,3.0,1.5112,6,6,False,False,False,DEV,TARGET
22838,2026-08-20 05:32:03.572,-1,1.0,4.0,-0.347,3,3,False,False,False,DEV,TARGET
22846,2026-08-20 05:34:26.412,-1,0.0,5.0,-3.8868,1,1,False,False,False,DEV,TARGET
22878,2026-08-20 05:46:36.600,1,1.0,4.0,-0.1686,1,1,False,False,False,DEV,TARGET
22880,2026-08-20 05:47:48.344,1,2.0,3.0,3.8857,10,10,False,False,False,DEV,TARGET
22881,2026-08-20 05:49:10.476,1,2.0,3.0,4.2444,10,10,False,False,False,DEV,TARGET
22882,2026-08-20 05:49:47.180,1,2.0,3.0,4.5234,10,10,True,True,False,DEV,TARGET
22898,2026-08-20 06:00:06.008,1,2.0,3.0,1.6754,10,10,False,False,False,DEV,TARGET
22904,2026-08-20 06:04:19.660,1,2.0,3.0,1.7399,10,1,False,False,False,DEV,TARGET
22952,2026-08-20 06:29:01.324,1,1.0,4.0,-0.0393,6,5,False,False,False,DEV,TARGET
22955,2026-08-20 06:30:00.240,1,2.0,3.0,0.6756,10,1,False,False,False,DEV,TARGET
22960,2026-08-20 06:30:05.752,1,1.0,4.0,-2.6419,0,0,False,False,False,DEV,TARGET
22989,2026-08-20 06:31:16.112,1,2.0,3.0,1.3936,10,10,False,False,True,DEV,TARGET
23010,2026-08-20 06:33:51.824,1,2.0,3.0,-0.9197,3,1,False,False,True,DEV,TARGET
23032,2026-08-20 06:35:25.020,1,2.0,3.0,2.3519,10,1,True,False,True,DEV,TARGET
23033,2026-08-20 06:35:29.792,1,2.0,3.0,3.0515,10,10,True,False,True,DEV,TARGET
23061,2026-08-20 06:39:36.900,1,1.0,4.0,0.8714,10,10,False,False,True,DEV,STOP
23090,2026-08-20 06:42:35.528,1,2.0,3.0,-0.69,2,1,False,False,True,DEV,TARGET
23091,2026-08-20 06:42:38.760,1,2.0,3.0,0.6856,3,3,False,False,True,DEV,TARGET
23100,2026-08-20 06:44:03.852,1,2.0,3.0,1.4689,10,10,False,False,True,DEV,STOP
23128,2026-08-20 06:47:22.132,-1,0.0,5.0,-1.876,4,4,False,False,False,DEV,TARGET
23130,2026-08-20 06:47:49.172,-1,2.0,3.0,1.6429,10,10,False,False,False,DEV,TARGET
23139,2026-08-20 06:49:07.864,-1,1.0,4.0,2.412,10,10,False,False,False,DEV,TARGET
23165,2026-08-20 06:51:50.860,-1,2.0,3.0,-0.685,0,0,False,False,False,DEV,TARGET
23166,2026-08-20 06:52:05.348,-1,2.0,3.0,0.6895,1,1,False,False,False,DEV,STOP
23170,2026-08-20 06:52:41.084,-1,1.0,4.0,-3.2369,1,1,False,False,False,DEV,TARGET
23171,2026-08-20 06:52:56.032,-1,2.0,3.0,-1.2954,3,2,False,False,False,DEV,TARGET
23211,2026-08-20 06:57:14.560,-1,1.0,4.0,-0.0442,0,0,False,False,False,DEV,TARGET
23214,2026-08-20 06:57:43.056,-1,1.0,4.0,-1.5256,0,0,False,False,False,DEV,TARGET
23255,2026-08-20 07:02:53.648,-1,2.0,3.0,-1.36,1,1,False,False,True,DEV,TARGET
23260,2026-08-20 07:03:21.956,-1,1.0,4.0,2.7937,10,1,False,False,True,DEV,STOP
23275,2026-08-20 07:05:05.376,-1,2.0,3.0,2.0131,10,10,False,False,True,DEV,TARGET
23305,2026-08-20 07:08:35.256,-1,2.0,3.0,3.3756,10,10,False,False,True,DEV,STOP
23314,2026-08-20 07:09:51.876,1,2.0,3.0,3.3468,10,10,False,False,True,DEV,TARGET
23315,2026-08-20 07:09:58.196,1,1.0,4.0,3.0475,10,10,False,False,True,DEV,STOP
23316,2026-08-20 07:10:07.588,1,0.0,5.0,2.037,10,10,False,False,True,DEV,STOP
23318,2026-08-20 07:10:28.672,1,1.0,4.0,-1.953,0,0,False,False,True,DEV,STOP
23323,2026-08-20 07:11:02.284,1,2.0,3.0,-1.4658,3,2,False,False,True,DEV,STOP
23349,2026-08-20 07:14:40.304,-1,1.0,4.0,-0.4975,1,1,False,False,True,DEV,TARGET
23356,2026-08-20 07:15:41.820,-1,2.0,3.0,-2.1224,1,1,False,False,True,DEV,TARGET
23360,2026-08-20 07:16:40.084,-1,2.0,3.0,1.0131,0,0,False,False,True,DEV,TARGET
23366,2026-08-20 07:18:03.704,-1,2.0,3.0,-2.4198,0,0,False,False,True,DEV,STOP
23375,2026-08-20 07:19:05.608,-1,1.0,4.0,-1.7542,5,3,False,False,True,DEV,TARGET
23379,2026-08-20 07:19:37.820,-1,2.0,3.0,-2.1435,2,1,False,False,True,DEV,TARGET
23410,2026-08-20 07:22:59.736,1,2.0,3.0,4.9709,10,10,False,False,True,DEV,TARGET
23416,2026-08-20 07:23:44.936,1,2.0,3.0,3.132,10,10,False,False,True,DEV,TARGET
23422,2026-08-20 07:24:39.732,1,0.0,5.0,-0.2561,1,1,False,False,True,DEV,STOP
23424,2026-08-20 07:24:51.928,1,1.0,4.0,-3.945,0,0,False,False,True,DEV,STOP
23425,2026-08-20 07:25:05.220,1,0.0,5.0,-3.4017,1,1,False,False,True,DEV,STOP
23456,2026-08-20 07:29:16.044,-1,1.0,4.0,2.037,9,9,False,False,True,DEV,STOP
23479,2026-08-20 07:32:08.332,1,1.0,4.0,0.6701,3,3,False,False,True,DEV,STOP
23487,2026-08-20 07:33:14.944,1,2.0,3.0,-1.1052,3,3,False,False,True,DEV,TARGET
23488,2026-08-20 07:33:32.992,1,2.0,3.0,0.3626,7,7,False,False,True,DEV,TARGET
23489,2026-08-20 07:33:41.024,1,2.0,3.0,1.5042,10,8,False,False,True,DEV,TARGET
23490,2026-08-20 07:34:10.376,1,1.0,4.0,1.6144,10,10,False,False,True,DEV,TARGET
23517,2026-08-20 07:37:35.788,1,2.0,3.0,3.3051,10,10,False,False,True,DEV,STOP
23523,2026-08-20 07:39:15.084,1,1.0,4.0,0.6516,4,4,False,False,True,DEV,TARGET
23532,2026-08-20 07:40:57.772,1,0.0,5.0,-4.8242,1,1,False,False,True,DEV,STOP
23619,2026-08-20 07:59:57.992,1,2.0,3.0,3.8688,10,1,False,False,True,DEV,TARGET
23620,2026-08-20 08:00:23.736,1,0.0,5.0,2.6757,10,10,False,False,False,DEV,TARGET
23621,2026-08-20 08:00:53.712,1,0.0,5.0,1.7478,10,10,False,False,False,DEV,TARGET
23622,2026-08-20 08:01:01.620,1,2.0,3.0,2.5816,10,10,False,False,False,DEV,TARGET
23681,2026-08-20 08:06:12.416,-1,2.0,3.0,7.1443,10,10,False,False,False,DEV,STOP
23684,2026-08-20 08:06:24.336,-1,1.0,4.0,2.2023,1,1,False,False,False,DEV,STOP
23688,2026-08-20 08:06:58.268,-1,1.0,4.0,-2.8103,1,1,False,False,False,DEV,TARGET
23696,2026-08-20 08:08:04.208,-1,2.0,3.0,0.9877,10,10,False,False,False,DEV,STOP
23773,2026-08-20 08:19:10.312,1,1.0,4.0,0.9066,10,10,False,False,False,DEV,STOP
23795,2026-08-20 08:24:05.816,-1,2.0,3.0,1.2305,10,1,False,False,False,DEV,STOP
23804,2026-08-20 08:25:50.684,-1,1.0,4.0,-1.5642,4,4,False,False,False,DEV,STOP
23823,2026-08-20 08:29:14.116,1,2.0,3.0,-1.959,2,1,False,False,False,DEV,TARGET
23851,2026-08-20 08:35:46.692,-1,2.0,3.0,0.022,4,1,False,False,False,DEV,TARGET
23852,2026-08-20 08:35:58.892,-1,2.0,3.0,1.2394,10,5,False,False,False,DEV,TARGET
23879,2026-08-20 08:43:17.332,-1,2.0,3.0,-0.3812,6,3,False,False,False,DEV,TARGET
23882,2026-08-20 08:44:46.904,-1,2.0,3.0,0.5147,10,1,False,False,False,DEV,TARGET
23897,2026-08-20 08:50:13.260,-1,0.0,5.0,-2.7441,5,5,False,False,False,DEV,STOP
23914,2026-08-20 08:57:06.024,1,1.0,4.0,-3.8093,0,0,False,False,False,DEV,STOP
23921,2026-08-20 09:00:01.076,1,2.0,3.0,-2.6556,3,1,False,False,False,DEV,STOP
23960,2026-08-20 09:11:44.184,1,2.0,3.0,0.2711,10,3,False,False,False,DEV,STOP
23982,2026-08-20 09:25:47.512,1,1.0,4.0,-2.0344,0,0,False,False,False,DEV,STOP
24004,2026-08-20 09:36:22.868,1,1.0,4.0,3.1104,10,1,False,False,False,DEV,TARGET
24005,2026-08-20 09:36:50.264,1,2.0,3.0,3.6414,10,10,False,False,False,DEV,TARGET
24007,2026-08-20 09:39:02.072,1,2.0,3.0,1.0053,0,0,False,False,False,DEV,TARGET
24008,2026-08-20 09:39:32.572,1,1.0,4.0,1.2263,1,1,False,False,False,DEV,TARGET
24009,2026-08-20 09:40:25.264,1,2.0,3.0,2.176,10,2,False,False,False,DEV,TARGET
24020,2026-08-20 09:46:58.684,1,1.0,4.0,-1.4785,3,3,False,False,False,DEV,STOP
24053,2026-08-20 10:08:08.956,-1,2.0,3.0,3.6008,10,10,False,False,False,DEV,TARGET
24064,2026-08-20 10:16:42.676,-1,2.0,3.0,6.6715,10,10,True,True,False,DEV,TARGET
24067,2026-08-20 10:18:57.768,-1,2.0,3.0,2.412,0,0,False,False,False,DEV,TARGET
24068,2026-08-20 10:19:43.100,-1,2.0,3.0,3.0982,1,1,True,False,False,DEV,TARGET
24079,2026-08-20 10:26:27.656,-1,2.0,3.0,0.2268,7,5,False,False,False,DEV,TARGET
24080,2026-08-20 10:27:24.260,-1,1.0,4.0,0.6208,9,8,False,False,False,DEV,TARGET
24084,2026-08-20 10:30:09.840,-1,2.0,3.0,1.7577,10,1,False,False,False,DEV,TARGET
24085,2026-08-20 10:30:09.844,-1,2.0,3.0,2.5894,10,10,True,False,False,DEV,STOP
24094,2026-08-20 10:34:49.712,-1,2.0,3.0,-0.5256,7,1,False,False,False,DEV,TARGET
24097,2026-08-20 10:36:35.344,-1,0.0,5.0,-2.3186,1,1,False,False,False,DEV,TARGET
24099,2026-08-20 10:37:21.560,-1,1.0,4.0,1.2023,10,10,False,False,False,DEV,TARGET
24105,2026-08-20 10:40:44.756,-1,2.0,3.0,-1.4149,2,1,False,False,False,DEV,TARGET
24106,2026-08-20 10:41:59.068,-1,2.0,3.0,0.1218,4,3,False,False,False,DEV,STOP
24135,2026-08-20 11:02:51.420,-1,2.0,3.0,4.0491,10,1,False,False,True,DEV,TARGET
24139,2026-08-20 11:05:41.992,-1,0.0,5.0,1.4568,1,1,False,False,True,DEV,TARGET
24166,2026-08-20 11:16:50.604,-1,2.0,3.0,4.2976,10,10,True,True,True,DEV,STOP
24187,2026-08-20 11:30:00.688,-1,2.0,3.0,-1.5235,2,1,False,False,True,DEV,TARGET
24195,2026-08-20 11:36:04.648,-1,2.0,3.0,-1.9216,0,0,False,False,True,DEV,STOP
24210,2026-08-20 11:46:33.416,-1,1.0,4.0,-3.2643,1,1,False,False,True,DEV,STOP
24228,2026-08-20 12:01:54.872,-1,2.0,3.0,-0.4977,0,0,False,False,True,DEV,STOP
24230,2026-08-20 12:04:02.464,-1,1.0,4.0,-2.8813,0,0,False,False,True,DEV,STOP
24251,2026-08-20 12:20:26.560,-1,0.0,5.0,2.0632,10,10,False,False,True,DEV,STOP
24259,2026-08-20 12:26:39.628,1,2.0,3.0,-2.3333,0,0,False,False,True,DEV,STOP
24280,2026-08-20 12:43:56.612,-1,2.0,3.0,2.4716,10,10,False,False,True,DEV,TARGET
24301,2026-08-20 12:50:47.800,-1,2.0,3.0,-1.1997,2,1,False,False,True,DEV,STOP
24320,2026-08-20 12:55:01.468,-1,1.0,4.0,2.1385,10,3,False,False,True,DEV,TARGET
24322,2026-08-20 12:55:25.872,-1,2.0,3.0,-2.3236,0,0,False,False,True,DEV,TARGET
24331,2026-08-20 12:57:13.532,-1,2.0,3.0,1.1062,10,1,False,False,True,DEV,TARGET
24332,2026-08-20 12:57:26.816,-1,2.0,3.0,2.0826,10,10,False,False,True,DEV,STOP
24334,2026-08-20 12:58:06.760,-1,2.0,3.0,-1.7525,0,0,False,False,True,DEV,STOP
24335,2026-08-20 12:58:34.604,-1,0.0,5.0,-1.6964,1,1,False,False,True,DEV,STOP
24356,2026-08-20 12:59:57.528,-1,0.0,5.0,-4.2089,1,1,False,False,True,DEV,STOP
24375,2026-08-20 13:08:30.852,-1,1.0,4.0,1.958,10,10,False,False,False,DEV,TARGET
24385,2026-08-20 13:15:51.388,-1,0.0,5.0,1.7149,10,10,False,False,False,DEV,TARGET
24386,2026-08-20 13:16:57.568,-1,0.0,5.0,1.0005,10,10,False,False,False,DEV,TARGET
24404,2026-08-20 13:52:57.832,1,0.0,5.0,0.0158,1,1,False,False,False,DEV,TARGET
24437,2026-08-20 15:36:07.136,1,2.0,3.0,1.2227,10,10,False,False,False,DEV,TARGET
24441,2026-08-20 15:45:47.364,1,2.0,3.0,-1.3155,2,1,False,False,False,DEV,TARGET
24466,2026-08-20 17:01:02.492,1,2.0,3.0,-1.7859,0,0,False,False,False,DEV,TARGET
24467,2026-08-20 17:01:27.524,1,2.0,3.0,-0.1668,1,1,False,False,False,DEV,TARGET
24474,2026-08-20 17:06:34.736,1,1.0,4.0,0.3136,4,3,False,False,False,DEV,TARGET
24514,2026-08-20 17:55:01.920,-1,1.0,4.0,1.9071,10,10,False,False,False,DEV,TARGET
24517,2026-08-20 18:00:02.776,-1,1.0,4.0,1.2841,10,1,False,False,False,DEV,STOP
24521,2026-08-20 18:05:08.492,-1,1.0,4.0,-2.7803,1,1,False,False,False,DEV,TARGET
24523,2026-08-20 18:07:59.952,-1,2.0,3.0,1.7008,10,10,False,False,False,DEV,TARGET
24524,2026-08-20 18:08:49.528,-1,2.0,3.0,2.5451,10,10,False,False,False,DEV,STOP
24551,2026-08-20 18:38:30.368,-1,2.0,3.0,2.1389,10,10,False,False,False,DEV,STOP
24571,2026-08-20 19:22:25.808,1,2.0,3.0,3.1556,10,10,False,False,False,DEV,TARGET
24574,2026-08-20 19:29:50.768,1,1.0,4.0,-0.0201,0,0,False,False,False,DEV,STOP
24644,2026-08-20 23:17:07.724,1,2.0,3.0,0.9133,10,10,False,False,False,DEV,TARGET
24650,2026-08-20 23:34:48.436,1,2.0,3.0,4.0287,10,10,False,False,False,DEV,TARGET
24661,2026-08-20 23:59:17.280,1,1.0,4.0,0.0258,7,7,False,False,False,DEV,TARGET
24665,2026-08-21 00:01:22.180,1,2.0,3.0,-2.0971,2,1,False,False,False,DEV,TARGET
24666,2026-08-21 00:01:48.784,1,1.0,4.0,-1.1866,3,3,False,False,False,DEV,TARGET
24677,2026-08-21 00:23:48.288,1,1.0,4.0,-0.3773,2,1,False,False,False,DEV,TARGET
24681,2026-08-21 00:32:43.992,1,1.0,4.0,-2.6938,1,1,False,False,False,DEV,TARGET
24687,2026-08-21 00:40:10.136,1,0.0,5.0,-0.5163,1,1,False,False,False,DEV,TARGET
24698,2026-08-21 00:53:22.620,1,1.0,4.0,-2.8057,0,0,False,False,False,DEV,TARGET
24702,2026-08-21 01:00:33.812,1,2.0,3.0,-0.0712,4,4,False,False,False,DEV,TARGET
24720,2026-08-21 01:21:15.324,1,1.0,4.0,-2.6353,0,0,False,False,False,DEV,TARGET
24724,2026-08-21 01:25:11.820,1,2.0,3.0,-2.3614,2,1,False,False,False,DEV,TARGET
24727,2026-08-21 01:30:47.672,1,1.0,4.0,2.7037,10,10,False,False,False,DEV,TARGET
24737,2026-08-21 01:51:18.176,1,2.0,3.0,0.3988,10,1,False,False,False,DEV,TARGET
24742,2026-08-21 01:58:13.200,1,1.0,4.0,-0.8946,1,1,False,False,False,DEV,STOP
24762,2026-08-21 02:35:14.000,1,0.0,5.0,-2.5595,1,1,False,False,False,DEV,TARGET
24763,2026-08-21 02:35:48.520,1,0.0,5.0,-2.324,2,2,False,False,False,DEV,TARGET
24765,2026-08-21 02:43:50.060,1,1.0,4.0,1.804,10,10,False,False,False,DEV,TARGET
24767,2026-08-21 02:49:50.784,1,1.0,4.0,-3.3038,0,0,False,False,False,DEV,TARGET
24775,2026-08-21 03:02:03.264,1,0.0,5.0,3.4492,10,10,False,False,False,DEV,STOP
24802,2026-08-21 04:06:04.516,1,1.0,4.0,1.3532,10,10,False,False,False,DEV,STOP
24804,2026-08-21 04:10:25.224,1,2.0,3.0,-2.7987,0,0,False,False,False,DEV,TARGET
24814,2026-08-21 04:22:37.016,1,0.0,5.0,-4.8637,0,0,False,False,False,DEV,TARGET
24821,2026-08-21 04:24:53.504,1,0.0,5.0,1.3576,1,1,False,False,False,DEV,STOP
24837,2026-08-21 04:29:17.444,1,0.0,5.0,-3.4265,1,1,False,False,False,DEV,TARGET
24840,2026-08-21 04:31:45.460,1,1.0,4.0,-1.6959,7,1,False,False,False,DEV,STOP
24851,2026-08-21 04:35:24.804,1,1.0,4.0,-1.2933,4,1,False,False,False,DEV,TARGET
24893,2026-08-21 05:26:56.196,1,2.0,3.0,2.9903,10,10,False,False,False,DEV,TARGET
24910,2026-08-21 05:41:24.104,1,1.0,4.0,-2.195,3,3,False,False,False,DEV,TARGET
24931,2026-08-21 06:13:33.736,-1,2.0,3.0,7.428,10,10,False,False,False,DEV,TARGET
24936,2026-08-21 06:17:49.144,-1,1.0,4.0,0.0119,0,0,False,False,False,DEV,TARGET
24939,2026-08-21 06:20:14.536,-1,2.0,3.0,3.9933,10,10,True,False,False,DEV,TARGET
25001,2026-08-21 06:30:54.904,-1,1.0,4.0,0.8561,10,1,False,False,False,DEV,TARGET
25004,2026-08-21 06:31:14.072,-1,2.0,3.0,1.0969,10,1,False,False,True,DEV,STOP
25009,2026-08-21 06:31:55.220,-1,2.0,3.0,-2.3453,2,1,False,False,True,DEV,STOP
25018,2026-08-21 06:33:01.124,-1,2.0,3.0,-0.4616,0,0,False,False,True,DEV,TARGET
25025,2026-08-21 06:33:48.388,-1,2.0,3.0,-1.8877,2,1,False,False,True,DEV,TARGET
25031,2026-08-21 06:34:56.160,-1,2.0,3.0,-1.941,4,1,False,False,True,DEV,TARGET
25036,2026-08-21 06:35:20.056,-1,1.0,4.0,1.3214,10,1,False,False,True,DEV,STOP
25038,2026-08-21 06:35:35.072,-1,2.0,3.0,-2.213,0,0,False,False,True,DEV,TARGET
25040,2026-08-21 06:35:48.368,-1,2.0,3.0,-2.5362,0,0,False,False,True,DEV,STOP
25077,2026-08-21 06:41:38.124,1,2.0,3.0,-1.2936,1,1,False,False,True,DEV,STOP
25083,2026-08-21 06:42:46.084,1,1.0,4.0,-1.8211,1,1,False,False,True,DEV,STOP
25088,2026-08-21 06:43:39.956,-1,0.0,5.0,2.143,10,10,False,False,True,DEV,STOP
25092,2026-08-21 06:44:29.092,-1,1.0,4.0,-1.891,1,1,False,False,True,DEV,STOP
25101,2026-08-21 06:45:25.448,1,1.0,4.0,1.2905,1,1,False,False,False,DEV,STOP
25108,2026-08-21 06:46:36.624,1,0.0,5.0,-1.7127,4,4,False,False,False,DEV,STOP
25132,2026-08-21 06:52:04.688,-1,2.0,3.0,3.3179,10,10,False,False,False,DEV,TARGET
25162,2026-08-21 06:57:35.784,-1,2.0,3.0,-1.1186,6,1,False,False,False,DEV,TARGET
25191,2026-08-21 07:03:36.032,1,2.0,3.0,-1.8127,4,3,False,False,True,DEV,TARGET
25195,2026-08-21 07:04:44.068,1,2.0,3.0,0.2921,10,9,False,False,True,DEV,TARGET
25200,2026-08-21 07:05:52.364,1,1.0,4.0,4.3693,10,10,False,False,True,DEV,TARGET
25203,2026-08-21 07:06:34.452,1,1.0,4.0,2.4426,10,1,False,False,True,DEV,TARGET
25210,2026-08-21 07:08:53.732,1,1.0,4.0,-3.587,1,1,False,False,True,DEV,TARGET
25253,2026-08-21 07:19:48.028,-1,1.0,4.0,-0.8772,9,1,False,False,True,DEV,TARGET
25270,2026-08-21 07:24:02.832,1,2.0,3.0,0.7278,4,3,False,False,True,DEV,STOP
25292,2026-08-21 07:31:50.204,-1,1.0,4.0,-2.3904,1,1,False,False,True,DEV,TARGET
25295,2026-08-21 07:32:05.812,-1,2.0,3.0,-2.111,1,1,False,False,True,DEV,TARGET
25304,2026-08-21 07:34:53.032,-1,1.0,4.0,-1.6255,1,1,False,False,True,DEV,TARGET
25306,2026-08-21 07:35:51.960,-1,2.0,3.0,2.3994,10,10,False,False,True,DEV,TARGET
25311,2026-08-21 07:36:54.256,-1,1.0,4.0,-3.9428,0,0,False,False,True,DEV,TARGET
25348,2026-08-21 07:48:49.044,1,2.0,3.0,-0.4132,3,3,False,False,True,DEV,TARGET
25349,2026-08-21 07:49:32.636,1,1.0,4.0,0.1231,5,4,False,False,True,DEV,TARGET
25354,2026-08-21 07:51:14.888,1,2.0,3.0,-2.1226,0,0,False,False,True,DEV,TARGET
25381,2026-08-21 08:00:51.060,1,1.0,4.0,0.4654,0,0,False,False,False,DEV,TARGET
25408,2026-08-21 08:07:29.612,1,1.0,4.0,-3.1731,0,0,False,False,False,DEV,STOP
25449,2026-08-21 08:32:45.672,1,2.0,3.0,-0.5502,1,1,False,False,False,DEV,TARGET
25452,2026-08-21 08:34:30.552,1,2.0,3.0,4.3337,10,10,False,False,False,DEV,TARGET
25463,2026-08-21 08:39:16.092,1,2.0,3.0,-1.2515,2,1,False,False,False,DEV,TARGET
25468,2026-08-21 08:40:46.020,1,2.0,3.0,2.9161,10,1,True,False,False,DEV,TARGET
25470,2026-08-21 08:41:25.296,1,1.0,4.0,4.974,10,10,True,True,False,DEV,TARGET
25474,2026-08-21 08:43:05.540,1,1.0,4.0,-2.8288,0,0,False,False,False,DEV,TARGET
25486,2026-08-21 08:50:37.396,1,2.0,3.0,-1.5362,4,3,False,False,False,DEV,TARGET
25488,2026-08-21 08:51:43.200,1,1.0,4.0,1.6756,10,8,False,False,False,DEV,TARGET
25517,2026-08-21 09:07:41.852,-1,2.0,3.0,-0.7618,0,0,False,False,False,DEV,TARGET
25540,2026-08-21 09:20:33.388,-1,0.0,5.0,0.7509,1,1,False,False,False,DEV,STOP
25555,2026-08-21 09:21:10.836,1,1.0,4.0,-0.4087,0,0,False,False,False,DEV,STOP
25566,2026-08-21 09:21:49.012,-1,2.0,3.0,1.4167,10,1,False,False,False,DEV,TARGET
25567,2026-08-21 09:21:56.648,-1,2.0,3.0,2.3241,10,10,False,False,False,DEV,TARGET
25573,2026-08-21 09:23:24.736,-1,2.0,3.0,0.4699,1,1,False,False,False,DEV,STOP
25575,2026-08-21 09:24:39.420,-1,2.0,3.0,-2.7281,0,0,False,False,False,DEV,STOP
25578,2026-08-21 09:26:15.148,-1,1.0,4.0,-3.0476,1,1,False,False,False,DEV,STOP
25606,2026-08-21 09:45:20.168,-1,2.0,3.0,-0.2095,9,1,False,False,False,DEV,TARGET
25637,2026-08-21 10:08:56.556,1,2.0,3.0,-1.1046,8,1,False,False,False,DEV,STOP
25638,2026-08-21 10:09:09.328,1,2.0,3.0,0.3631,10,10,False,False,False,DEV,STOP
25644,2026-08-21 10:14:06.224,-1,0.0,5.0,-0.0537,1,1,False,False,False,DEV,TARGET
25647,2026-08-21 10:20:13.108,-1,2.0,3.0,-1.0116,1,1,False,False,False,DEV,TARGET
25672,2026-08-21 10:44:33.400,-1,1.0,4.0,-2.3479,2,1,False,False,False,DEV,STOP
25679,2026-08-21 10:50:35.976,-1,0.0,5.0,-2.4584,3,3,False,False,False,DEV,TARGET
25686,2026-08-21 10:59:51.640,-1,1.0,4.0,-0.3219,10,10,False,False,False,DEV,TARGET
25701,2026-08-21 11:14:49.608,-1,2.0,3.0,-2.1496,1,1,False,False,True,DEV,STOP
25707,2026-08-21 11:24:01.028,-1,0.0,5.0,-4.8236,1,1,False,False,True,DEV,TARGET
25708,2026-08-21 11:25:47.252,-1,1.0,4.0,-3.3072,2,2,False,False,True,DEV,TARGET
25710,2026-08-21 11:30:21.212,-1,1.0,4.0,0.6043,10,10,False,False,True,DEV,TARGET
25712,2026-08-21 11:33:05.704,-1,0.0,5.0,2.1927,10,10,False,False,True,DEV,STOP
25753,2026-08-21 12:28:45.576,1,1.0,4.0,-3.2636,1,1,False,False,True,DEV,TARGET
25763,2026-08-21 12:37:47.556,1,2.0,3.0,-2.6336,3,1,False,False,True,DEV,TARGET
25770,2026-08-21 12:45:08.000,1,2.0,3.0,2.6003,10,10,False,False,True,DEV,TARGET
25776,2026-08-21 12:49:23.516,1,0.0,5.0,3.2261,10,10,False,False,True,DEV,STOP
25808,2026-08-21 12:59:40.164,-1,1.0,4.0,1.0633,8,8,False,False,True,DEV,TARGET
25815,2026-08-21 12:59:58.960,-1,2.0,3.0,-2.3674,0,0,False,False,True,DEV,TARGET
25822,2026-08-21 13:03:14.300,-1,2.0,3.0,-1.7409,2,1,False,False,False,DEV,TARGET
25825,2026-08-21 13:11:28.152,-1,2.0,3.0,-2.4103,1,1,False,False,False,DEV,TARGET
25826,2026-08-21 13:13:38.480,-1,1.0,4.0,-1.4303,6,2,False,False,False,DEV,TARGET
25830,2026-08-21 13:17:30.800,-1,1.0,4.0,-3.2733,2,1,False,False,False,DEV,TARGET
25837,2026-08-21 13:48:21.460,-1,1.0,4.0,-3.2726,0,0,False,False,False,DEV,TARGET
25855,2026-08-23 15:01:25.696,-1,2.0,3.0,2.5934,10,1,False,False,False,DEV,TARGET
25891,2026-08-23 15:06:16.724,-1,0.0,5.0,-1.7459,3,3,False,False,False,DEV,TARGET
25892,2026-08-23 15:06:50.324,-1,2.0,3.0,-0.1357,7,7,False,False,False,DEV,STOP
25899,2026-08-23 15:17:30.120,-1,0.0,5.0,-1.8151,1,1,False,False,False,DEV,TARGET
25917,2026-08-23 16:16:03.752,1,0.0,5.0,2.6956,1,1,False,False,False,DEV,TARGET
25919,2026-08-23 16:24:58.600,1,2.0,3.0,5.0134,10,10,True,True,False,DEV,TARGET
25922,2026-08-23 16:30:19.384,1,1.0,4.0,7.7196,10,10,True,True,False,DEV,TARGET
25926,2026-08-23 16:45:26.568,1,2.0,3.0,-0.8371,0,0,False,False,False,DEV,TARGET
25935,2026-08-23 16:54:02.468,1,1.0,4.0,0.0634,0,0,False,False,False,DEV,TARGET
25936,2026-08-23 16:56:33.012,1,0.0,5.0,-0.284,1,1,False,False,False,DEV,TARGET
25940,2026-08-23 17:00:10.060,1,2.0,3.0,0.8217,10,1,False,False,False,DEV,STOP
25972,2026-08-23 17:17:51.228,-1,0.0,5.0,2.0097,1,1,False,False,False,DEV,TARGET
25986,2026-08-23 17:26:27.456,-1,2.0,3.0,0.3317,3,3,False,False,False,DEV,TARGET
25988,2026-08-23 17:26:54.564,-1,2.0,3.0,3.5834,10,10,True,False,False,DEV,STOP
26000,2026-08-23 17:36:31.820,-1,0.0,5.0,-3.5118,1,1,False,False,False,DEV,STOP
26007,2026-08-23 17:43:57.104,-1,0.0,5.0,-3.5466,1,1,False,False,False,DEV,TARGET
26010,2026-08-23 17:46:26.008,-1,1.0,4.0,-1.8868,1,1,False,False,False,DEV,STOP
26022,2026-08-23 17:57:59.968,1,0.0,5.0,2.5085,0,0,False,False,False,DEV,TARGET
26023,2026-08-23 17:59:55.540,1,2.0,3.0,3.1733,1,1,False,False,False,DEV,TARGET
26043,2026-08-23 18:19:11.760,1,0.0,5.0,-1.4463,1,1,False,False,False,DEV,STOP
26083,2026-08-23 18:57:09.076,-1,2.0,3.0,3.8008,10,10,False,False,False,DEV,TARGET
26088,2026-08-23 19:00:56.412,-1,0.0,5.0,4.5669,10,10,False,False,False,DEV,TARGET
26090,2026-08-23 19:01:55.108,-1,2.0,3.0,0.3553,0,0,False,False,False,DEV,TARGET
26129,2026-08-23 19:44:52.576,1,0.0,5.0,-2.6151,1,1,False,False,False,DEV,TARGET
26143,2026-08-23 19:55:27.260,1,2.0,3.0,-2.3453,3,1,False,False,False,DEV,TARGET
26155,2026-08-23 20:08:56.988,-1,1.0,4.0,2.697,10,10,False,False,False,DEV,TARGET
26156,2026-08-23 20:10:55.976,-1,2.0,3.0,3.3199,10,10,False,False,False,DEV,TARGET
26161,2026-08-23 20:19:50.096,-1,0.0,5.0,0.6818,1,1,False,False,False,DEV,TARGET
26162,2026-08-23 20:21:21.596,-1,0.0,5.0,0.1969,3,3,False,False,False,DEV,TARGET
26182,2026-08-23 20:51:30.084,-1,2.0,3.0,-1.6544,2,1,False,False,False,DEV,TARGET
26190,2026-08-23 21:09:04.364,-1,0.0,5.0,-0.657,1,1,False,False,False,DEV,STOP
26196,2026-08-23 21:18:34.888,-1,1.0,4.0,-3.4708,1,1,False,False,False,DEV,TARGET
26211,2026-08-23 21:33:45.096,-1,0.0,5.0,-1.9168,1,1,False,False,False,DEV,TARGET
26222,2026-08-23 21:51:26.480,-1,1.0,4.0,-0.9836,5,5,False,False,False,DEV,TARGET
26223,2026-08-23 21:55:23.912,-1,1.0,4.0,-0.3206,8,6,False,False,False,DEV,STOP
26241,2026-08-23 22:25:02.856,-1,1.0,4.0,0.1923,10,10,False,False,False,DEV,TARGET
26242,2026-08-23 22:28:31.440,-1,2.0,3.0,1.3718,10,10,False,False,False,DEV,TARGET
26246,2026-08-23 22:33:13.644,-1,2.0,3.0,6.4016,10,10,True,True,False,DEV,TARGET
26247,2026-08-23 22:34:25.996,-1,1.0,4.0,5.4234,10,10,True,True,False,DEV,STOP
26265,2026-08-23 22:50:41.080,-1,2.0,3.0,-0.5432,0,0,False,False,False,DEV,TARGET
26268,2026-08-23 22:55:49.596,-1,1.0,4.0,-1.4147,1,1,False,False,False,DEV,TARGET
26275,2026-08-23 23:01:24.172,-1,2.0,3.0,-0.1495,4,3,False,False,False,DEV,TARGET
26277,2026-08-23 23:02:38.064,-1,1.0,4.0,1.9095,10,10,False,False,False,DEV,TARGET
26278,2026-08-23 23:04:08.552,-1,0.0,5.0,1.1519,10,10,False,False,False,DEV,TARGET
26283,2026-08-23 23:08:00.568,-1,1.0,4.0,-3.3801,0,0,False,False,False,DEV,TARGET
26296,2026-08-23 23:19:23.740,-1,1.0,4.0,0.8241,10,10,False,False,False,DEV,TARGET
26297,2026-08-23 23:19:52.960,-1,2.0,3.0,1.8632,10,10,False,False,False,DEV,TARGET
26307,2026-08-23 23:31:09.348,-1,2.0,3.0,-2.7273,3,3,False,False,False,DEV,STOP
26318,2026-08-23 23:45:42.732,-1,2.0,3.0,2.4105,10,10,False,False,False,DEV,STOP
26347,2026-08-24 00:12:48.192,1,2.0,3.0,1.8849,1,1,False,False,False,HOLD,TARGET
26348,2026-08-24 00:15:26.064,1,1.0,4.0,1.9105,10,10,False,False,False,HOLD,STOP
26365,2026-08-24 00:35:24.216,1,1.0,4.0,1.7182,10,10,False,False,False,HOLD,STOP
26375,2026-08-24 00:47:48.124,-1,1.0,4.0,-2.2629,0,0,False,False,False,HOLD,TARGET
26376,2026-08-24 00:48:20.708,-1,2.0,3.0,-0.5378,1,1,False,False,False,HOLD,TARGET
26379,2026-08-24 00:52:32.876,-1,1.0,4.0,-0.3367,10,1,False,False,False,HOLD,TARGET
26383,2026-08-24 00:56:24.056,-1,0.0,5.0,-0.7532,1,1,False,False,False,HOLD,TARGET
26386,2026-08-24 01:00:07.072,-1,1.0,4.0,-0.9085,10,1,False,False,False,HOLD,STOP
26390,2026-08-24 01:01:18.264,-1,1.0,4.0,-3.3438,2,1,False,False,False,HOLD,TARGET
26391,2026-08-24 01:01:32.584,-1,1.0,4.0,-2.1563,3,3,False,False,False,HOLD,TARGET
26453,2026-08-24 01:34:18.148,1,2.0,3.0,-2.7096,0,0,False,False,False,HOLD,TARGET
26454,2026-08-24 01:36:37.668,1,2.0,3.0,-0.8853,1,1,False,False,False,HOLD,TARGET
26455,2026-08-24 01:38:59.740,1,2.0,3.0,0.5337,10,2,False,False,False,HOLD,TARGET
26459,2026-08-24 01:43:01.400,1,1.0,4.0,1.7248,1,1,False,False,False,HOLD,TARGET
26471,2026-08-24 02:04:13.584,1,2.0,3.0,0.7209,5,5,False,False,False,HOLD,TARGET
26491,2026-08-24 02:47:45.632,1,1.0,4.0,-1.3059,2,2,False,False,False,HOLD,STOP
26497,2026-08-24 03:03:14.248,1,0.0,5.0,-4.6233,1,1,False,False,False,HOLD,STOP
26498,2026-08-24 03:05:09.620,1,2.0,3.0,-2.3736,3,2,False,False,False,HOLD,STOP
26520,2026-08-24 03:41:48.784,-1,2.0,3.0,2.3049,10,6,False,False,False,HOLD,TARGET
26524,2026-08-24 03:47:14.016,-1,2.0,3.0,2.8445,10,1,False,False,False,HOLD,TARGET
26549,2026-08-24 04:11:08.768,-1,0.0,5.0,-3.9461,1,1,False,False,False,HOLD,STOP
26575,2026-08-24 04:35:08.592,1,1.0,4.0,5.9919,10,10,True,True,False,HOLD,STOP
26588,2026-08-24 04:36:43.856,1,2.0,3.0,1.5478,10,10,False,False,False,HOLD,TARGET
26590,2026-08-24 04:36:50.752,1,2.0,3.0,-0.8661,0,0,False,False,False,HOLD,TARGET
26594,2026-08-24 04:37:34.780,1,0.0,5.0,-0.3718,1,1,False,False,False,HOLD,TARGET
26595,2026-08-24 04:37:49.076,1,2.0,3.0,0.933,10,2,False,False,False,HOLD,TARGET
26640,2026-08-24 05:03:27.484,-1,2.0,3.0,0.4975,10,9,False,False,False,HOLD,TARGET
26642,2026-08-24 05:06:59.864,-1,0.0,5.0,-3.662,0,0,False,False,False,HOLD,TARGET
26675,2026-08-24 05:32:53.164,-1,1.0,4.0,-2.0453,0,0,False,False,False,HOLD,TARGET
26677,2026-08-24 05:32:53.280,-1,2.0,3.0,2.7504,10,10,False,False,False,HOLD,TARGET
26680,2026-08-24 05:32:53.336,-1,0.0,5.0,-0.518,0,0,False,False,False,HOLD,TARGET
26681,2026-08-24 05:32:53.340,-1,2.0,3.0,0.8193,1,1,False,False,False,HOLD,TARGET
26724,2026-08-24 05:38:30.704,1,0.0,5.0,0.0603,10,10,False,False,False,HOLD,TARGET
26725,2026-08-24 05:38:53.284,1,2.0,3.0,1.2691,10,10,False,False,False,HOLD,TARGET
26758,2026-08-24 05:55:14.916,1,1.0,4.0,-3.0431,0,0,False,False,False,HOLD,TARGET
26759,2026-08-24 05:55:46.644,1,2.0,3.0,-1.1446,1,1,False,False,False,HOLD,NONE
26782,2026-08-24 06:17:10.180,1,0.0,5.0,-0.389,8,8,False,False,False,HOLD,STOP
26801,2026-08-24 06:29:54.208,1,1.0,4.0,-1.7217,0,0,False,False,False,HOLD,TARGET
26819,2026-08-24 06:30:37.200,-1,2.0,3.0,-2.0822,0,0,False,False,False,HOLD,TARGET
26820,2026-08-24 06:30:43.560,-1,2.0,3.0,-0.3973,1,1,False,False,False,HOLD,TARGET
26823,2026-08-24 06:31:01.644,-1,2.0,3.0,4.8762,10,10,True,True,True,HOLD,TARGET
26840,2026-08-24 06:32:22.920,-1,2.0,3.0,-1.1118,5,5,False,False,True,HOLD,TARGET
26854,2026-08-24 06:34:03.504,-1,0.0,5.0,-2.6211,1,1,False,False,True,HOLD,TARGET
26860,2026-08-24 06:35:10.788,-1,1.0,4.0,0.407,9,8,False,False,True,HOLD,STOP
26884,2026-08-24 06:38:26.960,-1,2.0,3.0,5.1898,10,10,False,False,True,HOLD,STOP
26885,2026-08-24 06:38:27.664,-1,1.0,4.0,4.481,10,10,False,False,True,HOLD,STOP
26919,2026-08-24 06:42:22.564,-1,1.0,4.0,-0.7633,10,1,False,False,True,HOLD,TARGET
26920,2026-08-24 06:42:30.656,-1,1.0,4.0,-0.1492,10,10,False,False,True,HOLD,TARGET
26923,2026-08-24 06:42:49.544,-1,2.0,3.0,4.5224,10,10,False,False,True,HOLD,TARGET
26937,2026-08-24 06:44:49.988,-1,1.0,4.0,2.2642,10,1,True,False,True,HOLD,TARGET
26948,2026-08-24 06:45:45.860,-1,1.0,4.0,-3.5001,1,1,False,False,False,HOLD,STOP
26998,2026-08-24 06:52:57.660,-1,1.0,4.0,0.8482,10,10,False,False,False,HOLD,STOP
27003,2026-08-24 06:54:00.932,1,1.0,4.0,1.7951,10,10,False,False,False,HOLD,TARGET
27004,2026-08-24 06:54:13.832,1,1.0,4.0,1.8406,10,10,False,False,False,HOLD,TARGET
27016,2026-08-24 06:56:17.120,1,1.0,4.0,-0.2378,7,1,False,False,False,HOLD,TARGET
27017,2026-08-24 06:56:22.720,1,2.0,3.0,1.0373,10,8,False,False,False,HOLD,STOP
27019,2026-08-24 06:56:29.680,1,0.0,5.0,-3.9404,0,0,False,False,False,HOLD,TARGET
27020,2026-08-24 06:56:33.832,1,2.0,3.0,-1.8425,1,1,False,False,False,HOLD,STOP
27021,2026-08-24 06:56:51.464,1,0.0,5.0,-1.7664,2,2,False,False,False,HOLD,STOP
27075,2026-08-24 07:04:15.620,-1,2.0,3.0,0.507,10,1,False,False,True,HOLD,STOP
27091,2026-08-24 07:07:35.572,-1,0.0,5.0,-0.8013,1,1,False,False,True,HOLD,TARGET
27092,2026-08-24 07:07:56.772,-1,0.0,5.0,-0.9566,2,2,False,False,True,HOLD,TARGET
27093,2026-08-24 07:08:16.504,-1,0.0,5.0,-1.0773,10,10,False,False,True,HOLD,TARGET
27094,2026-08-24 07:08:26.160,-1,0.0,5.0,-1.1713,10,10,False,False,True,HOLD,TARGET
27095,2026-08-24 07:08:47.896,-1,1.0,4.0,-0.4665,10,10,False,False,True,HOLD,TARGET
27096,2026-08-24 07:09:01.424,-1,0.0,5.0,-0.6962,10,10,False,False,True,HOLD,STOP
27097,2026-08-24 07:09:28.340,-1,2.0,3.0,0.6807,10,10,False,False,True,HOLD,STOP
27109,2026-08-24 07:12:49.108,-1,1.0,4.0,-0.3327,10,10,False,False,True,HOLD,STOP
27110,2026-08-24 07:13:01.032,-1,2.0,3.0,0.9634,10,10,False,False,True,HOLD,STOP
27115,2026-08-24 07:14:07.692,-1,0.0,5.0,-4.5895,1,1,False,False,True,HOLD,STOP
27147,2026-08-24 07:22:37.304,1,2.0,3.0,0.2919,0,0,False,False,True,HOLD,TARGET
27160,2026-08-24 07:27:40.860,-1,0.0,5.0,-1.1211,1,1,False,False,True,HOLD,STOP
27166,2026-08-24 07:30:01.184,-1,2.0,3.0,-1.6547,3,3,False,False,True,HOLD,STOP
27176,2026-08-24 07:33:05.040,1,2.0,3.0,3.6387,10,1,False,False,True,HOLD,TARGET
27177,2026-08-24 07:33:34.588,1,2.0,3.0,4.0524,10,10,True,True,True,HOLD,TARGET
27181,2026-08-24 07:35:12.712,1,0.0,5.0,0.5692,1,1,False,False,True,HOLD,TARGET
27183,2026-08-24 07:36:09.316,1,2.0,3.0,-2.668,0,0,False,False,True,HOLD,TARGET
27190,2026-08-24 07:38:34.228,1,2.0,3.0,-2.6284,0,0,False,False,True,HOLD,TARGET
27218,2026-08-24 07:49:27.272,1,1.0,4.0,-1.7976,1,1,False,False,True,HOLD,TARGET
27245,2026-08-24 08:03:54.108,-1,2.0,3.0,4.9035,10,10,False,False,False,HOLD,TARGET
27247,2026-08-24 08:05:06.256,-1,1.0,4.0,5.5713,10,10,False,False,False,HOLD,TARGET
27248,2026-08-24 08:05:30.356,-1,2.0,3.0,5.5554,10,10,True,True,False,HOLD,TARGET
27252,2026-08-24 08:08:31.256,-1,0.0,5.0,0.7981,1,1,False,False,False,HOLD,STOP
27298,2026-08-24 08:29:03.936,1,1.0,4.0,2.1407,10,10,False,False,False,HOLD,TARGET
27300,2026-08-24 08:29:04.028,1,2.0,3.0,5.2826,10,10,False,False,False,HOLD,TARGET
27306,2026-08-24 08:29:30.372,1,1.0,4.0,-1.4375,0,0,False,False,False,HOLD,TARGET
27312,2026-08-24 08:29:40.268,1,1.0,4.0,-3.9164,1,1,False,False,False,HOLD,TARGET
27351,2026-08-24 08:38:07.448,1,1.0,4.0,0.0202,10,10,False,False,False,HOLD,TARGET
27369,2026-08-24 08:45:42.092,1,2.0,3.0,-0.1362,4,4,False,False,False,HOLD,TARGET
27371,2026-08-24 08:46:52.696,1,2.0,3.0,2.6954,10,10,True,False,False,HOLD,TARGET
27372,2026-08-24 08:47:43.144,1,1.0,4.0,2.5408,10,10,True,False,False,HOLD,STOP
27373,2026-08-24 08:48:08.288,1,2.0,3.0,3.1984,10,10,True,False,False,HOLD,STOP
27382,2026-08-24 08:53:54.884,1,2.0,3.0,-0.8919,6,1,False,False,False,HOLD,STOP
27401,2026-08-24 09:01:42.508,1,2.0,3.0,-1.221,3,3,False,False,False,HOLD,TARGET
27404,2026-08-24 09:02:00.720,1,1.0,4.0,-0.735,0,0,False,False,False,HOLD,TARGET
27452,2026-08-24 09:48:54.576,-1,2.0,3.0,-2.0887,0,0,False,False,False,HOLD,TARGET
27462,2026-08-24 10:02:15.496,-1,2.0,3.0,1.0872,10,10,False,False,False,HOLD,TARGET
27497,2026-08-24 10:18:52.360,-1,2.0,3.0,-2.7178,3,3,False,False,False,HOLD,TARGET
27498,2026-08-24 10:19:58.476,-1,2.0,3.0,-0.8916,5,4,False,False,False,HOLD,TARGET
27500,2026-08-24 10:20:31.716,-1,0.0,5.0,1.2878,8,8,False,False,False,HOLD,TARGET
27501,2026-08-24 10:20:59.728,-1,1.0,4.0,1.4461,10,10,False,False,False,HOLD,TARGET
27506,2026-08-24 10:24:22.756,-1,0.0,5.0,1.1919,0,0,False,False,False,HOLD,TARGET
27515,2026-08-24 10:29:40.492,-1,2.0,3.0,-1.5149,3,1,False,False,False,HOLD,TARGET
27523,2026-08-24 10:35:50.004,-1,1.0,4.0,1.4059,10,10,False,False,False,HOLD,TARGET
27529,2026-08-24 10:41:14.152,-1,2.0,3.0,-2.5776,2,1,False,False,False,HOLD,TARGET
27532,2026-08-24 10:44:05.016,-1,2.0,3.0,-2.4679,1,1,False,False,False,HOLD,TARGET
27534,2026-08-24 10:45:42.452,-1,2.0,3.0,1.2848,10,10,False,False,False,HOLD,STOP
27562,2026-08-24 11:14:21.836,1,2.0,3.0,2.6044,10,10,False,False,True,HOLD,TARGET
27573,2026-08-24 11:21:29.136,1,1.0,4.0,-0.2417,4,4,False,False,True,HOLD,TARGET
27579,2026-08-24 11:26:58.968,1,2.0,3.0,0.6057,2,1,False,False,True,HOLD,TARGET
27580,2026-08-24 11:27:11.736,1,1.0,4.0,0.9156,10,3,False,False,True,HOLD,TARGET
27581,2026-08-24 11:28:57.680,1,0.0,5.0,0.3788,10,10,False,False,True,HOLD,TARGET
27613,2026-08-24 12:03:23.764,-1,2.0,3.0,-0.0526,0,0,False,False,True,HOLD,TARGET
27617,2026-08-24 12:09:42.176,-1,2.0,3.0,-0.9234,2,1,False,False,True,HOLD,STOP
27629,2026-08-24 12:24:14.008,-1,1.0,4.0,-3.5594,2,1,False,False,True,HOLD,TARGET
27638,2026-08-24 12:32:54.296,-1,2.0,3.0,-1.7539,3,3,False,False,True,HOLD,TARGET
27646,2026-08-24 12:46:01.368,-1,1.0,4.0,0.1907,1,1,False,False,True,HOLD,STOP
27648,2026-08-24 12:48:07.176,-1,2.0,3.0,-1.6871,0,0,False,False,True,HOLD,STOP
27659,2026-08-24 12:52:00.084,-1,2.0,3.0,1.2734,9,8,False,False,True,HOLD,TARGET
27690,2026-08-24 12:59:58.656,-1,0.0,5.0,-0.9118,3,3,False,False,True,HOLD,STOP
27694,2026-08-24 13:00:05.792,-1,1.0,4.0,-1.5675,2,1,False,False,False,HOLD,STOP
27695,2026-08-24 13:00:27.052,-1,1.0,4.0,-0.7747,10,3,False,False,False,HOLD,STOP
27709,2026-08-24 13:17:05.092,-1,2.0,3.0,-1.0552,9,1,False,False,False,HOLD,TARGET
27710,2026-08-24 13:20:52.440,-1,1.0,4.0,-0.3763,10,10,False,False,False,HOLD,TARGET
27742,2026-08-24 16:08:39.632,1,2.0,3.0,-2.6929,3,1,False,False,False,HOLD,STOP
27752,2026-08-24 16:43:29.636,-1,2.0,3.0,4.1033,10,10,False,False,False,HOLD,NONE
27767,2026-08-24 17:07:53.556,-1,0.0,5.0,-3.5727,0,0,False,False,False,HOLD,TARGET
27768,2026-08-24 17:09:31.728,-1,2.0,3.0,-1.5565,1,1,False,False,False,HOLD,TARGET
27771,2026-08-24 17:11:49.180,-1,0.0,5.0,2.3047,10,10,False,False,False,HOLD,TARGET
27785,2026-08-24 17:25:23.444,-1,1.0,4.0,-3.9977,3,3,False,False,False,HOLD,STOP
27805,2026-08-24 17:45:30.472,1,1.0,4.0,-2.4608,0,0,False,False,False,HOLD,TARGET
27806,2026-08-24 17:45:45.604,1,1.0,4.0,-1.4695,1,1,False,False,False,HOLD,TARGET
27811,2026-08-24 17:53:44.800,1,0.0,5.0,-1.7569,1,1,False,False,False,HOLD,NONE
27824,2026-08-24 18:13:06.312,1,0.0,5.0,-4.3667,1,1,False,False,False,HOLD,STOP
27871,2026-08-24 19:26:13.516,-1,1.0,4.0,-1.9601,3,3,False,False,False,HOLD,TARGET
27888,2026-08-24 19:42:31.020,1,2.0,3.0,-0.1125,8,3,False,False,False,HOLD,STOP
27897,2026-08-24 19:51:37.100,-1,2.0,3.0,3.1257,10,10,False,False,False,HOLD,TARGET
27912,2026-08-24 20:10:15.020,1,1.0,4.0,0.5634,0,0,False,False,False,HOLD,TARGET
27914,2026-08-24 20:15:32.988,1,2.0,3.0,-2.0666,0,0,False,False,False,HOLD,TARGET
27915,2026-08-24 20:16:05.212,1,2.0,3.0,-0.3851,1,1,False,False,False,HOLD,TARGET
27916,2026-08-24 20:19:21.004,1,2.0,3.0,0.9227,4,2,False,False,False,HOLD,TARGET
27920,2026-08-24 20:32:23.868,1,0.0,5.0,-0.6284,10,10,False,False,False,HOLD,STOP
27929,2026-08-24 21:03:02.192,1,2.0,3.0,-2.5824,4,3,False,False,False,HOLD,TARGET
27931,2026-08-24 21:09:56.664,1,2.0,3.0,1.2156,9,8,False,False,False,HOLD,TARGET
27932,2026-08-24 21:14:18.028,1,0.0,5.0,0.6121,10,10,False,False,False,HOLD,TARGET
27947,2026-08-24 22:01:36.620,1,2.0,3.0,-2.7432,4,1,False,False,False,HOLD,TARGET
27950,2026-08-24 22:16:03.116,1,2.0,3.0,-0.8078,0,0,False,False,False,HOLD,TARGET
27961,2026-08-24 22:55:23.656,1,1.0,4.0,-1.6085,5,1,False,False,False,HOLD,TARGET
27963,2026-08-24 23:00:32.332,1,0.0,5.0,0.8541,10,10,False,False,False,HOLD,TARGET
27983,2026-08-24 23:33:06.372,1,2.0,3.0,-2.0143,2,1,False,False,False,HOLD,STOP
28055,2026-08-25 01:23:48.332,1,2.0,3.0,-1.8584,0,0,False,False,False,HOLD,TARGET
28085,2026-08-25 01:24:29.196,1,2.0,3.0,-1.1304,1,1,False,False,False,HOLD,TARGET
28086,2026-08-25 01:24:31.096,1,2.0,3.0,0.343,10,2,False,False,False,HOLD,TARGET
28089,2026-08-25 01:24:37.168,1,2.0,3.0,-2.246,0,0,False,False,False,HOLD,TARGET
28093,2026-08-25 01:24:47.220,1,0.0,5.0,-0.9814,1,1,False,False,False,HOLD,TARGET
28095,2026-08-25 01:24:49.692,1,1.0,4.0,1.4063,10,10,False,False,False,HOLD,TARGET
28096,2026-08-25 01:24:51.648,1,2.0,3.0,2.316,10,10,True,False,False,HOLD,STOP
28165,2026-08-25 02:07:13.876,1,2.0,3.0,1.6064,10,10,False,False,False,HOLD,TARGET
28169,2026-08-25 02:11:26.940,1,2.0,3.0,-2.5962,0,0,False,False,False,HOLD,TARGET
28173,2026-08-25 02:18:15.048,1,2.0,3.0,-1.2215,0,0,False,False,False,HOLD,STOP
28174,2026-08-25 02:20:21.056,1,1.0,4.0,-0.5056,1,1,False,False,False,HOLD,STOP
28181,2026-08-25 02:34:07.376,1,2.0,3.0,2.7097,10,10,False,False,False,HOLD,TARGET
28185,2026-08-25 02:34:10.088,1,2.0,3.0,7.2571,10,10,True,True,False,HOLD,TARGET
28190,2026-08-25 02:34:24.748,1,1.0,4.0,2.0284,10,3,True,False,False,HOLD,TARGET
28205,2026-08-25 02:36:28.680,1,1.0,4.0,-3.1884,1,1,False,False,False,HOLD,STOP
28216,2026-08-25 02:43:08.028,1,2.0,3.0,-1.2184,0,0,False,False,False,HOLD,STOP
28227,2026-08-25 02:50:00.088,1,2.0,3.0,0.3935,10,3,False,False,False,HOLD,TARGET
28228,2026-08-25 02:52:10.772,1,2.0,3.0,1.5283,10,10,False,False,False,HOLD,TARGET
28230,2026-08-25 02:55:06.436,1,0.0,5.0,2.1467,10,10,False,False,False,HOLD,TARGET
28232,2026-08-25 02:57:43.560,1,2.0,3.0,-0.5038,0,0,False,False,False,HOLD,TARGET
28247,2026-08-25 03:11:33.480,1,1.0,4.0,0.7573,7,7,False,False,False,HOLD,STOP
28314,2026-08-25 04:59:48.832,1,0.0,5.0,-3.0296,1,1,False,False,False,HOLD,TARGET
28322,2026-08-25 05:08:37.372,1,1.0,4.0,-1.8378,1,1,False,False,False,HOLD,STOP
28328,2026-08-25 05:15:35.744,1,2.0,3.0,-1.4578,3,3,False,False,False,HOLD,TARGET
28329,2026-08-25 05:17:18.976,1,2.0,3.0,0.0884,5,4,False,False,False,HOLD,TARGET
28345,2026-08-25 05:36:48.620,-1,1.0,4.0,5.7154,10,10,False,False,False,HOLD,TARGET
28347,2026-08-25 05:38:04.788,-1,2.0,3.0,6.2352,10,10,False,False,False,HOLD,STOP
28348,2026-08-25 05:39:24.888,-1,0.0,5.0,4.5163,10,10,False,False,False,HOLD,STOP
28351,2026-08-25 05:44:35.284,-1,1.0,4.0,-3.8833,0,0,False,False,False,HOLD,STOP
28352,2026-08-25 05:46:14.300,-1,1.0,4.0,-2.5759,1,1,False,False,False,HOLD,STOP
28369,2026-08-25 06:08:30.308,-1,2.0,3.0,-0.7911,4,1,False,False,False,HOLD,STOP
28383,2026-08-25 06:15:54.956,-1,1.0,4.0,-0.4721,8,8,False,False,False,HOLD,STOP
28402,2026-08-25 06:30:02.608,-1,2.0,3.0,2.3875,10,1,False,False,False,HOLD,STOP
28453,2026-08-25 06:36:13.612,1,1.0,4.0,-3.5154,2,1,False,False,True,HOLD,STOP
28462,2026-08-25 06:37:48.824,1,1.0,4.0,-1.548,4,4,False,False,True,HOLD,STOP
28463,2026-08-25 06:37:54.456,1,2.0,3.0,0.0182,8,8,False,False,True,HOLD,STOP
28475,2026-08-25 06:40:22.484,-1,1.0,4.0,-1.093,1,1,False,False,True,HOLD,STOP
28514,2026-08-25 06:49:18.144,1,2.0,3.0,3.0797,10,10,False,False,False,HOLD,STOP
28531,2026-08-25 06:53:11.104,-1,2.0,3.0,-1.8048,0,0,False,False,False,HOLD,TARGET
28534,2026-08-25 06:54:36.252,-1,0.0,5.0,-3.391,1,1,False,False,False,HOLD,TARGET
28536,2026-08-25 06:55:18.944,-1,1.0,4.0,0.5536,10,10,False,False,False,HOLD,TARGET
28547,2026-08-25 06:58:28.672,-1,2.0,3.0,1.358,10,3,False,False,False,HOLD,TARGET
28582,2026-08-25 07:08:25.876,-1,2.0,3.0,-2.4272,0,0,False,False,True,HOLD,STOP
28583,2026-08-25 07:08:42.296,-1,1.0,4.0,-1.4434,1,1,False,False,True,HOLD,STOP
28589,2026-08-25 07:11:47.528,-1,1.0,4.0,-2.3369,4,3,False,False,True,HOLD,TARGET
28614,2026-08-25 07:22:41.676,-1,2.0,3.0,2.924,10,10,False,False,True,HOLD,TARGET
28615,2026-08-25 07:22:58.988,-1,1.0,4.0,2.7186,10,10,False,False,True,HOLD,TARGET
28616,2026-08-25 07:23:21.644,-1,2.0,3.0,3.3367,10,10,False,False,True,HOLD,TARGET
28622,2026-08-25 07:26:09.696,-1,2.0,3.0,-2.5947,1,1,False,False,True,HOLD,TARGET
28628,2026-08-25 07:28:55.988,-1,2.0,3.0,-1.3661,4,1,False,False,True,HOLD,TARGET
28639,2026-08-25 07:30:28.276,-1,0.0,5.0,4.0131,3,3,False,False,True,HOLD,TARGET
28646,2026-08-25 07:30:28.804,-1,1.0,4.0,0.1262,4,1,False,False,True,HOLD,TARGET
28651,2026-08-25 07:30:29.104,-1,1.0,4.0,0.3999,0,0,False,False,True,HOLD,TARGET
28693,2026-08-25 07:30:50.332,1,2.0,3.0,-1.912,2,1,False,False,True,HOLD,TARGET
28700,2026-08-25 07:31:08.000,1,1.0,4.0,-2.6002,1,1,False,False,True,HOLD,TARGET
28706,2026-08-25 07:32:14.608,1,0.0,5.0,0.6099,10,10,False,False,True,HOLD,TARGET
28713,2026-08-25 07:33:33.120,1,0.0,5.0,-3.104,1,1,False,False,True,HOLD,STOP
28755,2026-08-25 07:46:57.128,-1,0.0,5.0,-3.0341,3,3,False,False,True,HOLD,TARGET
28783,2026-08-25 08:01:34.068,1,1.0,4.0,-1.7011,3,3,False,False,False,HOLD,STOP
28803,2026-08-25 08:09:52.336,1,1.0,4.0,-1.7957,1,1,False,False,False,HOLD,TARGET
28806,2026-08-25 08:11:23.624,1,2.0,3.0,-2.4361,1,1,False,False,False,HOLD,TARGET
28807,2026-08-25 08:11:53.016,1,1.0,4.0,-1.4503,6,2,False,False,False,HOLD,STOP
28814,2026-08-25 08:17:27.064,1,2.0,3.0,0.7675,5,5,False,False,False,HOLD,TARGET
28834,2026-08-25 08:29:49.828,1,2.0,3.0,5.1614,10,10,True,True,False,HOLD,STOP
28835,2026-08-25 08:31:43.092,1,0.0,5.0,3.6811,10,10,False,False,False,HOLD,STOP
28854,2026-08-25 08:35:21.016,1,1.0,4.0,2.7364,9,7,False,False,False,HOLD,STOP
28885,2026-08-25 08:48:11.032,-1,0.0,5.0,1.5556,10,10,False,False,False,HOLD,TARGET
28898,2026-08-25 08:58:20.560,1,2.0,3.0,3.8844,10,1,False,False,False,HOLD,TARGET
28899,2026-08-25 08:58:47.764,1,1.0,4.0,3.4656,10,10,False,False,False,HOLD,TARGET
28902,2026-08-25 09:02:08.568,1,0.0,5.0,-0.9112,1,1,False,False,False,HOLD,TARGET
28904,2026-08-25 09:03:40.784,1,2.0,3.0,3.4364,10,10,False,False,False,HOLD,STOP
28916,2026-08-25 09:15:47.244,1,2.0,3.0,-2.863,2,1,False,False,False,HOLD,TARGET
28922,2026-08-25 09:27:37.892,1,2.0,3.0,0.01,10,10,False,False,False,HOLD,TARGET
28925,2026-08-25 09:30:33.528,1,2.0,3.0,-0.7223,0,0,False,False,False,HOLD,TARGET
28930,2026-08-25 09:38:26.668,1,2.0,3.0,-1.6375,2,1,False,False,False,HOLD,TARGET
28957,2026-08-25 10:02:03.548,1,2.0,3.0,-2.8637,0,0,False,False,False,HOLD,STOP
28967,2026-08-25 10:08:27.452,-1,2.0,3.0,1.8019,10,1,False,False,False,HOLD,TARGET
28984,2026-08-25 10:28:02.028,-1,2.0,3.0,4.6985,10,10,False,False,False,HOLD,TARGET
28987,2026-08-25 10:30:37.544,-1,1.0,4.0,-0.504,0,0,False,False,False,HOLD,STOP
28990,2026-08-25 10:34:21.348,-1,0.0,5.0,-3.3839,1,1,False,False,False,HOLD,STOP
28996,2026-08-25 10:44:12.836,-1,1.0,4.0,-3.7898,1,1,False,False,False,HOLD,STOP
29008,2026-08-25 11:07:56.352,-1,1.0,4.0,-3.8194,0,0,False,False,True,HOLD,TARGET
29017,2026-08-25 11:25:58.232,-1,1.0,4.0,-2.6671,1,1,False,False,True,HOLD,STOP
29026,2026-08-25 11:41:59.936,1,0.0,5.0,0.3681,1,1,False,False,True,HOLD,TARGET
29027,2026-08-25 11:42:51.352,1,2.0,3.0,1.5086,10,2,False,False,True,HOLD,TARGET
29029,2026-08-25 11:45:29.616,1,2.0,3.0,3.6904,10,10,False,False,True,HOLD,TARGET
29033,2026-08-25 11:52:53.408,1,2.0,3.0,0.1828,0,0,False,False,True,HOLD,STOP
29036,2026-08-25 12:00:17.028,1,2.0,3.0,-2.1101,1,1,False,False,True,HOLD,TARGET
29064,2026-08-25 12:48:35.096,1,0.0,5.0,-3.6529,1,1,False,False,True,HOLD,TARGET
29069,2026-08-25 12:52:43.708,1,0.0,5.0,-1.3369,3,3,False,False,True,HOLD,TARGET
29129,2026-08-25 15:08:14.948,1,1.0,4.0,-2.9465,1,1,False,False,False,HOLD,STOP
29143,2026-08-25 16:42:08.888,-1,0.0,5.0,2.3309,1,1,False,False,False,HOLD,TARGET
29144,2026-08-25 16:44:16.908,-1,2.0,3.0,3.0352,10,10,True,False,False,HOLD,TARGET
29156,2026-08-25 17:00:40.276,-1,2.0,3.0,2.5171,10,10,False,False,False,HOLD,STOP
29167,2026-08-25 17:06:52.956,-1,2.0,3.0,-2.2473,2,1,False,False,False,HOLD,STOP
29182,2026-08-25 17:25:47.948,-1,1.0,4.0,-0.4912,8,6,False,False,False,HOLD,TARGET
29183,2026-08-25 17:28:17.924,-1,2.0,3.0,0.8401,10,9,False,False,False,HOLD,TARGET
29186,2026-08-25 17:31:32.400,-1,2.0,3.0,-0.4662,0,0,False,False,False,HOLD,TARGET
29187,2026-08-25 17:34:46.600,-1,2.0,3.0,0.8597,1,1,False,False,False,HOLD,TARGET
29194,2026-08-25 17:40:24.692,-1,2.0,3.0,0.3468,10,1,False,False,False,HOLD,STOP
29200,2026-08-25 17:52:00.844,-1,2.0,3.0,-1.9528,3,1,False,False,False,HOLD,TARGET
29201,2026-08-25 17:53:40.240,-1,2.0,3.0,-0.2966,5,5,False,False,False,HOLD,TARGET
29202,2026-08-25 17:56:13.872,-1,2.0,3.0,0.9915,10,10,False,False,False,HOLD,TARGET
29203,2026-08-25 17:59:24.860,-1,2.0,3.0,1.9934,10,10,False,False,False,HOLD,TARGET
29215,2026-08-25 18:24:03.228,-1,1.0,4.0,-0.0551,1,1,False,False,False,HOLD,TARGET
29217,2026-08-25 18:30:34.412,-1,1.0,4.0,1.9667,10,10,True,False,False,HOLD,TARGET
29225,2026-08-25 18:43:42.852,-1,1.0,4.0,-3.4577,1,1,False,False,False,HOLD,STOP
29226,2026-08-25 18:46:38.100,-1,1.0,4.0,-2.2449,3,3,False,False,False,HOLD,STOP
29235,2026-08-25 19:06:25.348,-1,1.0,4.0,-3.96,1,1,False,False,False,HOLD,TARGET
29251,2026-08-25 19:46:07.176,1,2.0,3.0,7.8743,10,10,True,True,False,HOLD,TARGET
29266,2026-08-25 20:46:23.292,1,1.0,4.0,1.1784,10,5,False,False,False,HOLD,TARGET
29317,2026-08-25 23:04:35.620,-1,2.0,3.0,1.9206,10,10,False,False,False,HOLD,TARGET
29326,2026-08-25 23:25:05.944,-1,1.0,4.0,-1.6692,1,1,False,False,False,HOLD,STOP
29347,2026-08-25 23:58:28.940,1,2.0,3.0,-0.93,4,3,False,False,False,HOLD,STOP
29355,2026-08-26 00:05:18.212,1,2.0,3.0,-0.6015,6,4,False,False,False,HOLD,STOP
29377,2026-08-26 00:31:05.996,-1,0.0,5.0,-0.5496,1,1,False,False,False,HOLD,TARGET
29399,2026-08-26 01:06:18.372,1,0.0,5.0,-1.9265,0,0,False,False,False,HOLD,TARGET
29423,2026-08-26 01:33:31.836,1,0.0,5.0,-0.2482,3,3,False,False,False,HOLD,TARGET
29426,2026-08-26 01:38:23.444,1,1.0,4.0,-2.2265,0,0,False,False,False,HOLD,TARGET
29459,2026-08-26 02:54:55.440,1,1.0,4.0,0.0139,1,1,False,False,False,HOLD,STOP
29460,2026-08-26 02:58:40.932,1,2.0,3.0,1.233,10,10,False,False,False,HOLD,STOP
29470,2026-08-26 03:27:23.600,-1,1.0,4.0,-2.6798,0,0,False,False,False,HOLD,TARGET
29481,2026-08-26 03:46:54.916,1,1.0,4.0,-3.7171,0,0,False,False,False,HOLD,TARGET
29482,2026-08-26 03:49:44.620,1,1.0,4.0,-2.4466,1,1,False,False,False,HOLD,TARGET
29490,2026-08-26 04:01:39.376,1,2.0,3.0,-0.3933,10,1,False,False,False,HOLD,TARGET
29520,2026-08-26 04:48:04.268,-1,2.0,3.0,-0.3666,2,1,False,False,False,HOLD,TARGET
29540,2026-08-26 05:07:15.532,-1,2.0,3.0,-2.5413,2,1,False,False,False,HOLD,STOP
29551,2026-08-26 05:23:26.312,1,2.0,3.0,3.6314,10,10,False,False,False,HOLD,TARGET
29553,2026-08-26 05:27:33.936,1,0.0,5.0,3.419,10,10,False,False,False,HOLD,TARGET
29597,2026-08-26 05:32:10.236,-1,1.0,4.0,-0.9079,0,0,False,False,False,HOLD,TARGET
29604,2026-08-26 05:33:28.304,-1,2.0,3.0,-1.9996,0,0,False,False,False,HOLD,STOP
29616,2026-08-26 05:36:53.492,-1,2.0,3.0,2.1417,10,1,False,False,False,HOLD,STOP
29641,2026-08-26 05:46:27.504,-1,2.0,3.0,0.2399,10,2,False,False,False,HOLD,STOP
29652,2026-08-26 05:54:03.356,-1,2.0,3.0,2.313,9,9,False,False,False,HOLD,TARGET
29656,2026-08-26 05:54:28.712,-1,1.0,4.0,2.5403,10,1,False,False,False,HOLD,STOP
29658,2026-08-26 05:54:41.176,-1,1.0,4.0,-1.6485,0,0,False,False,False,HOLD,STOP
29688,2026-08-26 06:09:16.280,-1,0.0,5.0,1.2766,10,10,False,False,False,HOLD,TARGET
29734,2026-08-26 06:31:25.504,1,2.0,3.0,-1.8005,3,1,False,False,True,HOLD,TARGET
29752,2026-08-26 06:33:19.284,1,0.0,5.0,-4.5554,1,1,False,False,True,HOLD,TARGET
29755,2026-08-26 06:33:30.412,1,1.0,4.0,-3.9074,1,1,False,False,True,HOLD,TARGET
29758,2026-08-26 06:33:54.268,1,1.0,4.0,-3.7369,1,1,False,False,True,HOLD,TARGET
29760,2026-08-26 06:34:08.404,1,1.0,4.0,0.3443,10,10,False,False,True,HOLD,TARGET
29761,2026-08-26 06:34:20.020,1,2.0,3.0,1.49,10,10,False,False,True,HOLD,TARGET
29764,2026-08-26 06:34:43.184,1,1.0,4.0,-1.4087,0,0,False,False,True,HOLD,TARGET
29767,2026-08-26 06:35:01.308,1,1.0,4.0,-2.1676,0,0,False,False,True,HOLD,STOP
29783,2026-08-26 06:36:22.296,-1,1.0,4.0,-1.6389,1,1,False,False,True,HOLD,STOP
29792,2026-08-26 06:37:32.020,1,2.0,3.0,1.5182,10,1,False,False,True,HOLD,TARGET
29794,2026-08-26 06:37:56.008,1,2.0,3.0,-2.0939,0,0,False,False,True,HOLD,TARGET
29798,2026-08-26 06:38:38.468,1,2.0,3.0,3.0123,10,1,False,False,True,HOLD,STOP
29826,2026-08-26 06:43:30.880,1,2.0,3.0,2.4362,10,10,False,False,True,HOLD,TARGET
29831,2026-08-26 06:43:34.616,1,1.0,4.0,8.459,10,10,True,True,True,HOLD,STOP
29833,2026-08-26 06:43:35.636,1,2.0,3.0,1.4999,0,0,False,False,True,HOLD,TARGET
29839,2026-08-26 06:44:24.848,1,2.0,3.0,0.5744,6,4,False,False,True,HOLD,STOP
29843,2026-08-26 06:45:21.024,1,2.0,3.0,-2.2623,2,1,False,False,False,HOLD,TARGET
29876,2026-08-26 06:53:45.024,1,0.0,5.0,1.537,10,10,False,False,False,HOLD,TARGET
29878,2026-08-26 06:54:43.988,1,2.0,3.0,4.3125,10,10,False,False,False,HOLD,TARGET
29879,2026-08-26 06:54:55.124,1,0.0,5.0,3.0208,10,10,False,False,False,HOLD,TARGET
29882,2026-08-26 06:55:47.888,1,2.0,3.0,-0.0451,0,0,False,False,False,HOLD,TARGET
29907,2026-08-26 07:04:52.948,1,2.0,3.0,0.0299,10,1,False,False,True,HOLD,STOP
29946,2026-08-26 07:20:58.876,-1,0.0,5.0,0.8473,10,10,False,False,True,HOLD,TARGET
29950,2026-08-26 07:22:16.216,-1,2.0,3.0,1.8406,10,1,False,False,True,HOLD,TARGET
29957,2026-08-26 07:25:01.820,-1,1.0,4.0,3.8005,10,10,True,False,True,HOLD,TARGET
29958,2026-08-26 07:25:46.456,-1,0.0,5.0,2.6226,10,10,False,False,True,HOLD,TARGET
29962,2026-08-26 07:27:01.112,-1,1.0,4.0,5.7156,10,10,True,True,True,HOLD,TARGET
29965,2026-08-26 07:27:57.020,-1,2.0,3.0,3.1145,1,1,True,False,True,HOLD,STOP
29967,2026-08-26 07:28:26.072,-1,2.0,3.0,-0.5234,0,0,False,False,True,HOLD,STOP
30010,2026-08-26 07:48:30.908,-1,0.0,5.0,-4.1418,1,1,False,False,True,HOLD,STOP
30016,2026-08-26 07:52:18.816,1,1.0,4.0,4.3128,10,10,False,False,True,HOLD,TARGET
30024,2026-08-26 07:58:00.068,1,2.0,3.0,0.6236,6,5,False,False,True,HOLD,TARGET
30030,2026-08-26 08:02:32.932,1,2.0,3.0,5.7536,10,10,True,True,False,HOLD,TARGET
30034,2026-08-26 08:03:54.636,1,2.0,3.0,-2.7888,0,0,False,False,False,HOLD,TARGET
30035,2026-08-26 08:05:37.264,1,0.0,5.0,-2.5024,1,1,False,False,False,HOLD,TARGET
30078,2026-08-26 08:30:20.756,-1,1.0,4.0,-1.6205,3,3,False,False,False,HOLD,TARGET
30079,2026-08-26 08:30:44.276,-1,1.0,4.0,-0.816,7,5,False,False,False,HOLD,TARGET
30110,2026-08-26 08:47:30.084,1,0.0,5.0,0.8601,1,1,False,False,False,HOLD,TARGET
30135,2026-08-26 08:53:18.640,-1,1.0,4.0,-3.0292,1,1,False,False,False,HOLD,TARGET
30149,2026-08-26 09:00:46.932,-1,1.0,4.0,2.6327,10,10,False,False,False,HOLD,TARGET
30168,2026-08-26 09:10:05.028,-1,1.0,4.0,-2.179,3,3,False,False,False,HOLD,TARGET
30175,2026-08-26 09:16:30.204,-1,2.0,3.0,-0.5751,4,3,False,False,False,HOLD,TARGET
30191,2026-08-26 09:37:32.644,-1,2.0,3.0,0.049,10,1,False,False,False,HOLD,TARGET
30195,2026-08-26 09:39:10.992,-1,2.0,3.0,0.5979,0,0,False,False,False,HOLD,TARGET
30201,2026-08-26 09:42:28.656,-1,1.0,4.0,-3.3667,0,0,False,False,False,HOLD,TARGET
30238,2026-08-26 10:12:30.488,1,0.0,5.0,0.7349,1,1,False,False,False,HOLD,TARGET
30241,2026-08-26 10:15:02.948,1,2.0,3.0,0.5694,10,1,False,False,False,HOLD,TARGET
30249,2026-08-26 10:23:44.456,1,1.0,4.0,1.1592,10,1,False,False,False,HOLD,TARGET
30251,2026-08-26 10:27:15.960,1,0.0,5.0,-1.4469,0,0,False,False,False,HOLD,TARGET
30256,2026-08-26 10:34:36.948,1,1.0,4.0,-2.4909,0,0,False,False,False,HOLD,TARGET
30272,2026-08-26 10:53:50.584,1,2.0,3.0,-2.8102,5,1,False,False,False,HOLD,TARGET
30274,2026-08-26 10:55:16.912,1,2.0,3.0,1.6827,10,10,False,False,False,HOLD,STOP
30280,2026-08-26 11:07:41.860,1,2.0,3.0,-2.8445,3,2,False,False,True,HOLD,TARGET
30281,2026-08-26 11:09:01.580,1,2.0,3.0,-0.9902,4,4,False,False,True,HOLD,STOP
30314,2026-08-26 11:50:26.544,1,2.0,3.0,1.0766,0,0,False,False,True,HOLD,TARGET
30323,2026-08-26 11:58:42.396,1,0.0,5.0,-0.2136,3,3,False,False,True,HOLD,TARGET
30349,2026-08-26 12:19:03.784,1,2.0,3.0,-0.8313,10,1,False,False,True,HOLD,STOP
30405,2026-08-26 12:59:00.164,-1,1.0,4.0,2.8097,10,10,True,False,True,HOLD,TARGET
30441,2026-08-26 13:04:16.100,1,1.0,4.0,4.2202,10,10,True,True,False,HOLD,TARGET
30442,2026-08-26 13:04:26.392,1,2.0,3.0,4.5046,10,10,True,True,False,HOLD,TARGET
30446,2026-08-26 13:05:06.440,1,0.0,5.0,-1.2817,1,1,False,False,False,HOLD,TARGET
30447,2026-08-26 13:05:33.540,1,1.0,4.0,-0.5525,3,2,False,False,False,HOLD,TARGET
30498,2026-08-26 13:20:08.912,-1,1.0,4.0,-3.9868,3,1,False,False,False,HOLD,TARGET
30523,2026-08-26 13:20:26.500,1,0.0,5.0,-4.2234,1,1,False,False,False,HOLD,TARGET
30553,2026-08-26 13:21:18.056,-1,0.0,5.0,-2.0251,3,3,False,False,False,HOLD,TARGET
30555,2026-08-26 13:21:27.912,-1,2.0,3.0,1.5527,10,10,False,False,False,HOLD,TARGET
30559,2026-08-26 13:21:41.848,-1,2.0,3.0,3.0697,10,10,False,False,False,HOLD,TARGET
30563,2026-08-26 13:22:01.372,-1,1.0,4.0,1.5102,10,1,False,False,False,HOLD,STOP
30580,2026-08-26 13:22:52.884,-1,2.0,3.0,-2.9707,2,1,False,False,False,HOLD,STOP
30596,2026-08-26 13:24:08.456,1,1.0,4.0,-0.7351,0,0,False,False,False,HOLD,TARGET
30597,2026-08-26 13:24:23.652,1,2.0,3.0,0.6505,1,1,False,False,False,HOLD,TARGET
30604,2026-08-26 13:25:17.492,1,1.0,4.0,-2.1791,3,1,False,False,False,HOLD,TARGET
30635,2026-08-26 13:31:43.856,-1,0.0,5.0,-0.4878,1,1,False,False,False,HOLD,TARGET
30637,2026-08-26 13:32:49.760,-1,2.0,3.0,-1.4926,0,0,False,False,False,HOLD,TARGET
30639,2026-08-26 13:33:43.792,-1,2.0,3.0,1.8748,10,10,False,False,False,HOLD,STOP
30665,2026-08-26 13:56:20.696,1,2.0,3.0,2.0589,4,1,False,False,False,HOLD,TARGET
30667,2026-08-26 13:58:19.980,1,2.0,3.0,4.0233,10,10,True,True,False,HOLD,TARGET
30677,2026-08-26 15:00:00.884,1,0.0,5.0,15.05,1,1,False,False,False,HOLD,TARGET
30678,2026-08-26 15:00:01.108,1,1.0,4.0,12.15,10,10,True,True,False,HOLD,TARGET
30695,2026-08-26 15:00:55.772,1,2.0,3.0,3.1543,10,10,True,False,False,HOLD,TARGET
30700,2026-08-26 15:01:19.940,1,1.0,4.0,6.0959,10,10,True,True,False,HOLD,TARGET
30701,2026-08-26 15:01:32.632,1,2.0,3.0,5.9635,10,10,True,True,False,HOLD,TARGET
30712,2026-08-26 15:03:23.260,1,2.0,3.0,1.2658,8,7,False,False,False,HOLD,TARGET
30750,2026-08-26 15:21:54.012,1,0.0,5.0,-0.8787,3,3,False,False,False,HOLD,TARGET
30757,2026-08-26 15:33:02.032,1,2.0,3.0,-0.144,2,1,False,False,False,HOLD,TARGET
30790,2026-08-26 16:57:16.280,1,2.0,3.0,3.3371,10,10,False,False,False,HOLD,STOP
30805,2026-08-26 17:13:42.984,-1,1.0,4.0,2.2242,10,10,False,False,False,HOLD,TARGET
30806,2026-08-26 17:15:07.780,-1,2.0,3.0,2.9521,10,10,False,False,False,HOLD,TARGET
30808,2026-08-26 17:17:50.424,-1,2.0,3.0,0.5883,0,0,False,False,False,HOLD,TARGET
30811,2026-08-26 17:22:36.112,-1,2.0,3.0,-1.0551,0,0,False,False,False,HOLD,STOP
30822,2026-08-26 17:41:54.236,-1,0.0,5.0,5.9192,10,10,False,False,False,HOLD,TARGET
30826,2026-08-26 17:45:47.844,-1,0.0,5.0,7.9515,10,10,False,False,False,HOLD,TARGET
30829,2026-08-26 17:46:21.332,-1,1.0,4.0,8.0266,10,10,True,True,False,HOLD,TARGET
30830,2026-08-26 17:49:21.800,-1,2.0,3.0,7.4651,10,10,True,True,False,HOLD,TARGET
30835,2026-08-26 17:52:08.144,-1,2.0,3.0,1.8945,10,1,False,False,False,HOLD,NONE
30837,2026-08-26 17:53:34.576,-1,1.0,4.0,-2.0392,0,0,False,False,False,HOLD,TARGET
30867,2026-08-26 18:17:50.812,-1,0.0,5.0,-3.0222,2,2,False,False,False,HOLD,STOP
30900,2026-08-26 19:27:47.896,1,2.0,3.0,-1.7912,0,0,False,False,False,HOLD,TARGET
30901,2026-08-26 19:32:18.016,1,2.0,3.0,-0.171,1,1,False,False,False,HOLD,TARGET
30905,2026-08-26 19:44:44.644,1,1.0,4.0,-3.5315,0,0,False,False,False,HOLD,TARGET
30945,2026-08-26 22:02:55.176,-1,2.0,3.0,3.6797,10,10,True,False,False,HOLD,TARGET
30947,2026-08-26 22:10:38.436,-1,2.0,3.0,5.6087,10,10,True,True,False,HOLD,TARGET
30960,2026-08-26 22:30:53.808,-1,2.0,3.0,0.2549,6,5,False,False,False,HOLD,TARGET
30961,2026-08-26 22:34:25.776,-1,1.0,4.0,0.6427,7,7,False,False,False,HOLD,TARGET
30966,2026-08-26 22:42:20.248,-1,1.0,4.0,0.4835,3,3,False,False,False,HOLD,TARGET
30983,2026-08-26 23:08:50.228,-1,2.0,3.0,1.9404,10,10,False,False,False,HOLD,TARGET
31007,2026-08-27 00:00:44.632,1,0.0,5.0,-4.1423,1,1,False,False,False,HOLD,STOP
31011,2026-08-27 00:03:08.056,1,2.0,3.0,-1.8674,5,2,False,False,False,HOLD,TARGET
31012,2026-08-27 00:05:02.012,1,1.0,4.0,-1.0079,7,6,False,False,False,HOLD,TARGET
31014,2026-08-27 00:06:32.428,1,2.0,3.0,2.168,10,10,False,False,False,HOLD,TARGET
31015,2026-08-27 00:09:35.444,1,2.0,3.0,2.9085,10,10,False,False,False,HOLD,TARGET
31021,2026-08-27 00:18:35.932,1,2.0,3.0,-2.8242,0,0,False,False,False,HOLD,TARGET
31048,2026-08-27 01:00:52.276,1,0.0,5.0,0.5675,1,1,False,False,False,HOLD,TARGET
31049,2026-08-27 01:01:41.212,1,1.0,4.0,0.8858,10,2,False,False,False,HOLD,TARGET
31061,2026-08-27 01:12:22.004,1,0.0,5.0,2.1379,1,1,False,False,False,HOLD,TARGET
31096,2026-08-27 01:51:57.468,1,1.0,4.0,-0.0808,1,1,False,False,False,HOLD,STOP
31114,2026-08-27 02:04:59.384,-1,1.0,4.0,0.8476,1,1,False,False,False,HOLD,TARGET
31151,2026-08-27 03:00:19.920,-1,1.0,4.0,1.6493,10,10,False,False,False,HOLD,TARGET
31165,2026-08-27 03:27:44.164,-1,2.0,3.0,1.964,10,10,False,False,False,HOLD,TARGET
31170,2026-08-27 03:39:36.104,-1,2.0,3.0,-1.3771,0,0,False,False,False,HOLD,STOP
31195,2026-08-27 04:12:59.136,1,2.0,3.0,2.7168,10,10,False,False,False,HOLD,TARGET
31219,2026-08-27 04:32:07.284,-1,2.0,3.0,0.7043,7,5,False,False,False,HOLD,TARGET
31229,2026-08-27 04:36:34.924,-1,2.0,3.0,0.4578,5,5,False,False,False,HOLD,TARGET
31242,2026-08-27 04:49:11.548,-1,1.0,4.0,3.8342,10,10,True,False,False,HOLD,STOP
31288,2026-08-27 05:34:10.644,-1,0.0,5.0,1.669,10,10,False,False,False,HOLD,TARGET
31296,2026-08-27 05:40:00.004,-1,0.0,5.0,1.207,1,1,False,False,False,HOLD,TARGET
31306,2026-08-27 05:51:30.760,-1,2.0,3.0,-1.9097,0,0,False,False,False,HOLD,TARGET
31307,2026-08-27 05:52:09.316,-1,2.0,3.0,-0.2631,1,1,False,False,False,HOLD,STOP
31352,2026-08-27 06:29:55.208,1,1.0,4.0,-1.23,1,1,False,False,False,HOLD,STOP
31371,2026-08-27 06:30:30.676,1,1.0,4.0,-1.7284,0,0,False,False,False,HOLD,STOP
31377,2026-08-27 06:30:48.892,1,1.0,4.0,1.4994,10,6,False,False,False,HOLD,TARGET
31381,2026-08-27 06:31:15.736,1,2.0,3.0,-1.7691,0,0,False,False,True,HOLD,TARGET
31396,2026-08-27 06:31:59.912,-1,2.0,3.0,7.046,10,10,True,True,True,HOLD,TARGET
31398,2026-08-27 06:32:18.356,-1,0.0,5.0,6.0896,10,10,False,False,True,HOLD,TARGET
31424,2026-08-27 06:34:24.792,-1,1.0,4.0,4.0859,10,10,False,False,True,HOLD,TARGET
31428,2026-08-27 06:35:00.164,-1,1.0,4.0,-0.495,0,0,False,False,True,HOLD,TARGET
31472,2026-08-27 06:40:09.052,1,2.0,3.0,6.1229,10,10,False,False,True,HOLD,TARGET
31508,2026-08-27 06:44:51.420,1,2.0,3.0,-0.0046,0,0,False,False,True,HOLD,TARGET
31511,2026-08-27 06:45:06.752,1,2.0,3.0,3.9855,10,10,True,False,False,HOLD,TARGET
31519,2026-08-27 06:45:45.640,1,2.0,3.0,0.5009,5,4,False,False,False,HOLD,TARGET
31521,2026-08-27 06:46:05.744,1,2.0,3.0,4.2907,10,10,True,True,False,HOLD,STOP
31522,2026-08-27 06:46:09.392,1,1.0,4.0,3.7816,10,10,True,False,False,HOLD,STOP
31524,2026-08-27 06:46:34.316,1,2.0,3.0,-1.3296,0,0,False,False,False,HOLD,STOP
31543,2026-08-27 06:47:54.408,-1,1.0,4.0,-1.2847,0,0,False,False,False,HOLD,STOP
31546,2026-08-27 06:48:10.492,-1,0.0,5.0,-3.7513,1,1,False,False,False,HOLD,TARGET
31553,2026-08-27 06:48:51.992,-1,0.0,5.0,-4.2126,1,1,False,False,False,HOLD,TARGET
31557,2026-08-27 06:49:32.964,-1,1.0,4.0,4.5212,10,10,True,True,False,HOLD,STOP
31575,2026-08-27 06:51:32.160,1,2.0,3.0,2.9928,10,1,False,False,False,HOLD,TARGET
31586,2026-08-27 06:52:36.072,1,1.0,4.0,-3.6824,1,1,False,False,False,HOLD,TARGET
31587,2026-08-27 06:52:49.072,1,0.0,5.0,-3.1974,2,2,False,False,False,HOLD,TARGET
31588,2026-08-27 06:52:53.344,1,2.0,3.0,-1.2647,5,3,False,False,False,HOLD,TARGET
31589,2026-08-27 06:53:14.568,1,2.0,3.0,0.2386,6,6,False,False,False,HOLD,TARGET
31590,2026-08-27 06:53:27.416,1,0.0,5.0,-0.1478,7,7,False,False,False,HOLD,TARGET
31624,2026-08-27 06:57:10.808,-1,2.0,3.0,8.0992,10,10,True,True,False,HOLD,STOP
31626,2026-08-27 06:57:16.036,-1,2.0,3.0,1.2822,0,0,False,False,False,HOLD,TARGET
31633,2026-08-27 06:57:47.780,-1,2.0,3.0,0.2235,4,1,False,False,False,HOLD,TARGET
31635,2026-08-27 06:57:55.016,-1,0.0,5.0,2.5673,10,10,False,False,False,HOLD,STOP
31666,2026-08-27 07:00:42.208,1,2.0,3.0,-1.6054,4,4,False,False,True,HOLD,TARGET
31669,2026-08-27 07:00:55.024,1,0.0,5.0,-2.0873,1,1,False,False,True,HOLD,TARGET
31674,2026-08-27 07:01:29.612,1,1.0,4.0,0.596,10,3,False,False,True,HOLD,TARGET
31686,2026-08-27 07:02:41.352,1,1.0,4.0,-3.6097,2,1,False,False,True,HOLD,TARGET
31691,2026-08-27 07:03:33.368,1,1.0,4.0,-3.8661,1,1,False,False,True,HOLD,TARGET
31695,2026-08-27 07:03:57.016,1,2.0,3.0,0.2203,10,1,False,False,True,HOLD,TARGET
31754,2026-08-27 07:12:10.092,1,0.0,5.0,-2.9346,1,1,False,False,True,HOLD,TARGET
31778,2026-08-27 07:18:28.068,1,1.0,4.0,1.5498,10,10,False,False,True,HOLD,TARGET
31785,2026-08-27 07:20:50.028,1,2.0,3.0,1.8838,10,4,False,False,True,HOLD,STOP
31786,2026-08-27 07:21:01.624,1,2.0,3.0,2.6874,10,10,True,False,True,HOLD,STOP
31806,2026-08-27 07:25:23.848,1,2.0,3.0,-2.7854,0,0,False,False,True,HOLD,TARGET
31807,2026-08-27 07:25:52.044,1,1.0,4.0,-1.722,1,1,False,False,True,HOLD,TARGET
31840,2026-08-27 07:35:22.668,1,2.0,3.0,-0.7387,2,1,False,False,True,HOLD,TARGET
31843,2026-08-27 07:36:50.584,1,1.0,4.0,3.3328,10,10,False,False,True,HOLD,TARGET
31844,2026-08-27 07:37:07.932,1,1.0,4.0,3.0366,10,10,False,False,True,HOLD,TARGET
31888,2026-08-27 07:49:51.540,1,2.0,3.0,6.7958,10,10,True,True,True,HOLD,TARGET
31918,2026-08-27 07:58:42.932,1,2.0,3.0,-0.4498,1,1,False,False,True,HOLD,TARGET
31921,2026-08-27 07:59:29.788,1,0.0,5.0,3.2959,10,10,False,False,True,HOLD,TARGET
31927,2026-08-27 08:01:34.904,1,2.0,3.0,2.977,10,10,False,False,False,HOLD,STOP
31942,2026-08-27 08:09:53.440,1,1.0,4.0,-3.7056,1,1,False,False,False,HOLD,TARGET
31944,2026-08-27 08:12:26.776,1,2.0,3.0,1.1411,8,7,False,False,False,HOLD,TARGET
31946,2026-08-27 08:13:47.532,1,2.0,3.0,-2.3221,0,0,False,False,False,HOLD,TARGET
31947,2026-08-27 08:14:24.988,1,2.0,3.0,-0.5838,1,1,False,False,False,HOLD,TARGET
31949,2026-08-27 08:15:24.912,1,2.0,3.0,3.0295,10,10,False,False,False,HOLD,TARGET
31954,2026-08-27 08:20:13.584,1,2.0,3.0,-2.0148,0,0,False,False,False,HOLD,STOP
31984,2026-08-27 08:34:12.976,-1,2.0,3.0,-2.2362,3,3,False,False,False,HOLD,TARGET
32013,2026-08-27 08:44:03.220,-1,2.0,3.0,4.8441,10,10,False,False,False,HOLD,TARGET
32014,2026-08-27 08:45:03.260,-1,1.0,4.0,4.2121,10,10,False,False,False,HOLD,TARGET
32023,2026-08-27 08:48:30.488,-1,1.0,4.0,-3.3041,1,1,False,False,False,HOLD,STOP
32065,2026-08-27 09:10:58.428,1,2.0,3.0,-1.8898,3,3,False,False,False,HOLD,STOP
32089,2026-08-27 09:27:47.728,1,2.0,3.0,0.5901,10,10,False,False,False,HOLD,TARGET
32091,2026-08-27 09:31:17.544,1,2.0,3.0,3.7397,10,10,False,False,False,HOLD,TARGET
32098,2026-08-27 09:37:29.172,1,1.0,4.0,3.7306,10,10,True,False,False,HOLD,TARGET
32106,2026-08-27 09:43:36.548,1,2.0,3.0,3.1766,10,1,True,False,False,HOLD,TARGET
32109,2026-08-27 09:45:16.476,1,2.0,3.0,1.4494,1,1,False,False,False,HOLD,TARGET
32110,2026-08-27 09:45:31.544,1,2.0,3.0,2.3495,10,10,True,False,False,HOLD,STOP
32124,2026-08-27 10:01:53.376,1,1.0,4.0,2.4031,10,10,True,False,False,HOLD,STOP
32186,2026-08-27 11:01:52.068,-1,2.0,3.0,3.7274,10,10,True,False,True,HOLD,TARGET
32190,2026-08-27 11:02:18.828,-1,1.0,4.0,4.3648,10,1,True,True,True,HOLD,STOP
32192,2026-08-27 11:03:29.028,-1,1.0,4.0,-1.7546,0,0,False,False,True,HOLD,TARGET
32196,2026-08-27 11:04:45.500,-1,2.0,3.0,1.4934,10,4,False,False,True,HOLD,TARGET
32200,2026-08-27 11:07:37.540,-1,2.0,3.0,-1.0895,2,1,False,False,True,HOLD,TARGET
32205,2026-08-27 11:10:35.520,-1,2.0,3.0,-1.8777,0,0,False,False,True,HOLD,TARGET
32208,2026-08-27 11:12:07.420,-1,1.0,4.0,-1.9178,0,0,False,False,True,HOLD,TARGET
32211,2026-08-27 11:13:17.364,-1,2.0,3.0,-2.7048,0,0,False,False,True,HOLD,TARGET
32213,2026-08-27 11:13:57.080,-1,1.0,4.0,0.3638,10,10,False,False,True,HOLD,TARGET
32219,2026-08-27 11:16:07.152,-1,1.0,4.0,-3.0114,2,1,False,False,True,HOLD,TARGET
32237,2026-08-27 11:26:33.700,-1,0.0,5.0,3.0193,10,10,False,False,True,HOLD,TARGET
32238,2026-08-27 11:27:01.020,-1,2.0,3.0,3.5705,10,10,True,False,True,HOLD,TARGET
32264,2026-08-27 11:35:34.928,-1,2.0,3.0,-1.389,0,0,False,False,True,HOLD,STOP
32287,2026-08-27 11:49:46.440,-1,2.0,3.0,1.2377,10,10,False,False,True,HOLD,TARGET
32292,2026-08-27 11:53:45.028,-1,1.0,4.0,-1.0471,0,0,False,False,True,HOLD,TARGET
32314,2026-08-27 12:05:12.636,1,2.0,3.0,4.0005,10,10,False,False,True,HOLD,STOP
32321,2026-08-27 12:07:05.224,1,2.0,3.0,-0.7838,4,4,False,False,True,HOLD,TARGET
32330,2026-08-27 12:13:31.956,1,0.0,5.0,-2.4422,1,1,False,False,True,HOLD,STOP
32338,2026-08-27 12:19:27.984,1,1.0,4.0,-3.2684,1,1,False,False,True,HOLD,TARGET
32356,2026-08-27 12:31:18.384,1,0.0,5.0,-1.0053,10,10,False,False,True,HOLD,TARGET
32359,2026-08-27 12:33:42.088,1,0.0,5.0,3.0346,10,10,False,False,True,HOLD,TARGET
32360,2026-08-27 12:34:39.128,1,1.0,4.0,2.8047,10,10,False,False,True,HOLD,TARGET
32371,2026-08-27 12:45:09.204,1,1.0,4.0,-0.2249,3,3,False,False,True,HOLD,TARGET
32372,2026-08-27 12:46:01.012,1,0.0,5.0,-0.5082,10,10,False,False,True,HOLD,TARGET
32388,2026-08-27 12:54:10.044,1,1.0,4.0,0.1884,2,1,False,False,True,HOLD,TARGET
32389,2026-08-27 12:54:37.356,1,2.0,3.0,1.3688,10,3,False,False,True,HOLD,TARGET
32405,2026-08-27 12:59:05.744,1,2.0,3.0,-1.7504,2,1,False,False,True,HOLD,TARGET
32406,2026-08-27 12:59:09.224,1,1.0,4.0,-0.917,10,3,False,False,True,HOLD,STOP
32410,2026-08-27 12:59:46.280,1,2.0,3.0,-2.95,1,1,False,False,True,HOLD,TARGET
32421,2026-08-27 12:59:59.500,1,2.0,3.0,-1.6149,1,1,False,False,True,HOLD,STOP
32444,2026-08-27 13:23:44.032,-1,2.0,3.0,2.2456,10,7,False,False,False,HOLD,TARGET
32448,2026-08-27 13:35:49.392,-1,2.0,3.0,1.1627,0,0,False,False,False,HOLD,TARGET
32458,2026-08-27 15:00:05.104,-1,0.0,5.0,-3.1049,1,1,False,False,False,HOLD,TARGET
32495,2026-08-27 16:31:00.600,-1,2.0,3.0,1.352,10,10,False,False,False,HOLD,TARGET
32496,2026-08-27 16:45:02.812,-1,2.0,3.0,2.2738,10,10,False,False,False,HOLD,TARGET
32519,2026-08-27 17:29:35.032,1,1.0,4.0,-0.1551,7,1,False,False,False,HOLD,TARGET
32529,2026-08-27 18:09:54.036,1,1.0,4.0,0.9436,10,10,False,False,False,HOLD,TARGET
32534,2026-08-27 18:30:35.784,1,0.0,5.0,-1.9065,1,1,False,False,False,HOLD,TARGET
32535,2026-08-27 18:34:46.312,1,0.0,5.0,-1.8161,2,2,False,False,False,HOLD,TARGET
32539,2026-08-27 18:46:50.308,1,1.0,4.0,-2.6826,2,1,False,False,False,HOLD,TARGET
32540,2026-08-27 18:50:14.404,1,1.0,4.0,-1.642,3,3,False,False,False,HOLD,TARGET
32543,2026-08-27 18:59:51.624,1,1.0,4.0,3.6472,10,10,True,False,False,HOLD,TARGET
32560,2026-08-27 20:08:38.680,1,2.0,3.0,1.3987,7,7,False,False,False,HOLD,TARGET
32563,2026-08-27 20:18:36.868,1,0.0,5.0,3.6951,10,10,False,False,False,HOLD,TARGET
32564,2026-08-27 20:26:36.008,1,2.0,3.0,4.0962,10,10,True,True,False,HOLD,STOP
32586,2026-08-27 22:06:41.312,-1,0.0,5.0,2.6042,10,10,False,False,False,HOLD,TARGET
32587,2026-08-27 22:18:43.020,-1,2.0,3.0,3.2477,10,10,False,False,False,HOLD,TARGET
32591,2026-08-27 22:36:38.400,-1,0.0,5.0,1.2681,1,1,False,False,False,HOLD,TARGET
32595,2026-08-27 22:53:42.060,-1,2.0,3.0,1.8303,1,1,False,False,False,HOLD,TARGET
32629,2026-08-28 00:02:00.748,1,1.0,4.0,-3.0657,0,0,False,False,False,HOLD,TARGET
32643,2026-08-28 00:24:19.444,1,2.0,3.0,-1.2221,9,1,False,False,False,HOLD,TARGET
32673,2026-08-28 01:16:26.596,-1,2.0,3.0,-2.4121,2,1,False,False,False,HOLD,STOP
32674,2026-08-28 01:18:51.172,-1,2.0,3.0,-0.6539,3,3,False,False,False,HOLD,STOP
32683,2026-08-28 01:36:36.252,1,2.0,3.0,6.3481,10,10,False,False,False,HOLD,STOP
32704,2026-08-28 02:20:11.464,-1,0.0,5.0,-1.6231,1,1,False,False,False,HOLD,TARGET
32723,2026-08-28 03:13:13.844,-1,2.0,3.0,-1.5673,1,1,False,False,False,HOLD,STOP
32761,2026-08-28 04:54:31.304,1,0.0,5.0,-4.4591,2,2,False,False,False,HOLD,TARGET
32765,2026-08-28 05:03:52.516,1,1.0,4.0,-2.4997,2,1,False,False,False,HOLD,TARGET
32774,2026-08-28 05:15:14.884,1,1.0,4.0,3.3456,10,10,True,False,False,HOLD,TARGET
32775,2026-08-28 05:18:36.752,1,1.0,4.0,3.0466,10,10,True,False,False,HOLD,TARGET
32777,2026-08-28 05:21:02.084,1,0.0,5.0,3.0652,10,10,False,False,False,HOLD,TARGET
32778,2026-08-28 05:21:57.540,1,2.0,3.0,3.6063,10,10,True,False,False,HOLD,TARGET
32808,2026-08-28 06:02:52.420,1,1.0,4.0,1.7143,1,1,True,False,False,HOLD,TARGET
32835,2026-08-28 06:30:03.244,-1,1.0,4.0,-2.5142,5,1,False,False,False,HOLD,TARGET
32871,2026-08-28 06:33:16.716,-1,2.0,3.0,-2.678,2,1,False,False,True,HOLD,TARGET
32886,2026-08-28 06:36:08.052,1,2.0,3.0,-2.3946,2,2,False,False,True,HOLD,TARGET
32887,2026-08-28 06:36:22.200,1,1.0,4.0,-1.418,4,4,False,False,True,HOLD,TARGET
32891,2026-08-28 06:37:11.368,1,2.0,3.0,1.5867,10,1,False,False,True,HOLD,TARGET
32916,2026-08-28 06:43:12.196,1,2.0,3.0,-1.2655,2,1,False,False,True,HOLD,STOP
32953,2026-08-28 06:51:27.016,-1,1.0,4.0,2.2849,10,10,False,False,False,HOLD,TARGET
32954,2026-08-28 06:51:35.552,-1,1.0,4.0,2.2216,10,10,False,False,False,HOLD,STOP
32960,2026-08-28 06:52:44.004,-1,2.0,3.0,-2.4111,1,1,False,False,False,HOLD,STOP
32992,2026-08-28 06:59:58.676,-1,1.0,4.0,4.3822,10,10,False,False,False,HOLD,TARGET
33003,2026-08-28 07:00:00.264,-1,2.0,3.0,-0.7365,0,0,False,False,True,HOLD,TARGET
33098,2026-08-28 07:00:02.392,1,1.0,4.0,-2.7032,0,0,False,False,True,HOLD,TARGET
33105,2026-08-28 07:00:02.756,1,1.0,4.0,-2.0996,1,1,False,False,True,HOLD,TARGET
33133,2026-08-28 07:00:15.744,1,2.0,3.0,3.9388,10,10,False,False,True,HOLD,TARGET
33140,2026-08-28 07:00:19.516,1,2.0,3.0,3.3349,10,10,True,False,True,HOLD,TARGET
33167,2026-08-28 07:00:39.456,1,2.0,3.0,1.4417,10,10,False,False,True,HOLD,TARGET
33168,2026-08-28 07:00:39.704,1,2.0,3.0,2.3436,10,10,False,False,True,HOLD,TARGET
33172,2026-08-28 07:00:44.812,1,1.0,4.0,-1.1625,0,0,False,False,True,HOLD,STOP
33190,2026-08-28 07:01:32.328,-1,2.0,3.0,0.4787,10,1,False,False,True,HOLD,TARGET
33193,2026-08-28 07:01:38.164,-1,0.0,5.0,-1.1067,1,1,False,False,True,HOLD,TARGET
33211,2026-08-28 07:02:23.224,-1,1.0,4.0,0.012,7,1,False,False,True,HOLD,TARGET
33236,2026-08-28 07:03:55.460,-1,2.0,3.0,0.3554,10,1,False,False,True,HOLD,TARGET
33239,2026-08-28 07:04:06.452,-1,1.0,4.0,3.3771,10,10,True,False,True,HOLD,STOP
33247,2026-08-28 07:04:27.352,-1,2.0,3.0,-1.8445,1,1,False,False,True,HOLD,STOP
33280,2026-08-28 07:06:31.036,-1,2.0,3.0,3.468,10,10,True,False,True,HOLD,STOP
33284,2026-08-28 07:06:52.520,-1,0.0,5.0,-3.5826,0,0,False,False,True,HOLD,TARGET
33329,2026-08-28 07:10:21.116,-1,1.0,4.0,1.4038,1,1,False,False,True,HOLD,TARGET
33333,2026-08-28 07:10:40.188,-1,2.0,3.0,-1.3837,2,1,False,False,True,HOLD,TARGET
33335,2026-08-28 07:10:46.692,-1,1.0,4.0,1.7679,10,10,False,False,True,HOLD,TARGET
33336,2026-08-28 07:11:16.484,-1,2.0,3.0,2.5972,10,10,False,False,True,HOLD,TARGET
33338,2026-08-28 07:11:31.348,-1,2.0,3.0,-1.4412,0,0,False,False,True,HOLD,TARGET
33341,2026-08-28 07:11:46.592,-1,1.0,4.0,3.6072,10,10,True,False,True,HOLD,STOP
33342,2026-08-28 07:11:52.832,-1,1.0,4.0,3.2501,10,10,True,False,True,HOLD,STOP
33346,2026-08-28 07:12:21.612,-1,2.0,3.0,-2.254,1,1,False,False,True,HOLD,TARGET
33358,2026-08-28 07:13:33.236,-1,2.0,3.0,6.0913,10,10,True,True,True,HOLD,TARGET
33363,2026-08-28 07:14:06.996,-1,1.0,4.0,-0.4187,1,1,False,False,True,HOLD,STOP
33394,2026-08-28 07:17:06.768,1,0.0,5.0,0.3114,3,3,False,False,True,HOLD,TARGET
33396,2026-08-28 07:17:27.664,1,1.0,4.0,-1.182,0,0,False,False,True,HOLD,TARGET
33399,2026-08-28 07:17:46.304,1,1.0,4.0,3.5947,10,10,False,False,True,HOLD,TARGET
33401,2026-08-28 07:18:10.060,1,1.0,4.0,4.7795,10,10,True,True,True,HOLD,TARGET
33407,2026-08-28 07:18:43.252,1,2.0,3.0,3.2118,10,10,True,False,True,HOLD,TARGET
33411,2026-08-28 07:19:24.168,1,0.0,5.0,1.1504,10,10,False,False,True,HOLD,TARGET
33418,2026-08-28 07:20:14.916,1,1.0,4.0,-3.3874,1,1,False,False,True,HOLD,TARGET
33419,2026-08-28 07:20:18.052,1,2.0,3.0,-1.4124,2,2,False,False,True,HOLD,TARGET
33427,2026-08-28 07:21:21.788,1,0.0,5.0,-3.5362,1,1,False,False,True,HOLD,TARGET
33428,2026-08-28 07:21:32.200,1,1.0,4.0,-2.306,2,2,False,False,True,HOLD,TARGET
33429,2026-08-28 07:21:40.936,1,1.0,4.0,-1.3491,6,6,False,False,True,HOLD,TARGET
33469,2026-08-28 07:25:54.760,-1,2.0,3.0,-2.4683,3,2,False,False,True,HOLD,TARGET
33472,2026-08-28 07:26:09.456,-1,2.0,3.0,2.8263,10,10,False,False,True,HOLD,TARGET
33475,2026-08-28 07:26:25.544,-1,2.0,3.0,0.7372,0,0,False,False,True,HOLD,STOP
33487,2026-08-28 07:27:42.952,-1,2.0,3.0,2.8687,10,10,False,False,True,HOLD,TARGET
33528,2026-08-28 07:31:11.224,1,0.0,5.0,-2.0996,5,5,False,False,True,HOLD,TARGET
33535,2026-08-28 07:31:30.872,1,2.0,3.0,1.4118,5,5,False,False,True,HOLD,TARGET
33536,2026-08-28 07:31:35.132,1,2.0,3.0,2.3203,10,10,False,False,True,HOLD,STOP
33559,2026-08-28 07:33:42.908,1,2.0,3.0,3.5589,10,10,False,False,True,HOLD,TARGET
33566,2026-08-28 07:34:31.848,1,1.0,4.0,-1.4251,0,0,False,False,True,HOLD,TARGET
33569,2026-08-28 07:34:59.088,1,2.0,3.0,-0.5814,3,1,False,False,True,HOLD,TARGET
33570,2026-08-28 07:35:08.256,1,2.0,3.0,0.77,10,4,False,False,True,HOLD,TARGET
33571,2026-08-28 07:35:25.568,1,0.0,5.0,0.2656,10,10,False,False,True,HOLD,TARGET
33576,2026-08-28 07:36:10.744,1,2.0,3.0,0.2643,3,3,False,False,True,HOLD,TARGET
33577,2026-08-28 07:36:15.276,1,2.0,3.0,1.4278,10,10,False,False,True,HOLD,TARGET
33607,2026-08-28 07:42:35.604,1,1.0,4.0,-1.7239,1,1,False,False,True,HOLD,TARGET
33620,2026-08-28 07:44:33.828,1,1.0,4.0,4.7755,10,10,True,True,True,HOLD,TARGET
33621,2026-08-28 07:44:42.492,1,2.0,3.0,4.9365,10,10,True,True,True,HOLD,STOP
33635,2026-08-28 07:46:47.060,1,2.0,3.0,1.4336,10,6,False,False,True,HOLD,TARGET
33638,2026-08-28 07:47:19.808,1,1.0,4.0,-0.4846,1,1,False,False,True,HOLD,TARGET
33642,2026-08-28 07:48:14.104,1,1.0,4.0,-3.4351,1,1,False,False,True,HOLD,TARGET
33646,2026-08-28 07:49:52.716,1,2.0,3.0,1.2145,10,1,False,False,True,HOLD,TARGET
33647,2026-08-28 07:50:20.836,1,2.0,3.0,2.1668,10,10,True,False,True,HOLD,TARGET
33648,2026-08-28 07:50:25.360,1,2.0,3.0,2.9075,10,10,True,False,True,HOLD,TARGET
33658,2026-08-28 07:52:35.524,1,1.0,4.0,0.2522,7,1,False,False,True,HOLD,TARGET
33659,2026-08-28 07:53:01.616,1,1.0,4.0,0.6406,10,10,False,False,True,HOLD,TARGET
33665,2026-08-28 07:54:02.320,1,2.0,3.0,5.1524,10,10,True,True,True,HOLD,TARGET
33672,2026-08-28 07:56:25.168,1,2.0,3.0,2.2929,10,10,False,False,True,HOLD,TARGET
33677,2026-08-28 07:58:24.956,1,2.0,3.0,0.8472,10,1,False,False,True,HOLD,TARGET
33678,2026-08-28 07:59:12.924,1,0.0,5.0,0.3256,10,10,False,False,True,HOLD,TARGET
33680,2026-08-28 07:59:58.612,1,2.0,3.0,-1.0006,0,0,False,False,True,HOLD,TARGET
33681,2026-08-28 08:00:13.432,1,1.0,4.0,-0.3338,1,1,False,False,False,HOLD,TARGET
33695,2026-08-28 08:04:06.244,1,0.0,5.0,-2.5594,3,3,False,False,False,HOLD,STOP
33699,2026-08-28 08:05:10.576,1,0.0,5.0,-4.7331,1,1,False,False,False,HOLD,STOP
33770,2026-08-28 08:23:16.200,1,2.0,3.0,-1.269,6,5,False,False,False,HOLD,TARGET
33775,2026-08-28 08:25:51.552,1,2.0,3.0,3.7841,10,10,False,False,False,HOLD,TARGET
33785,2026-08-28 08:29:58.304,1,1.0,4.0,-3.2917,1,1,False,False,False,HOLD,STOP
33808,2026-08-28 08:37:20.404,-1,2.0,3.0,1.0124,10,3,False,False,False,HOLD,TARGET
33812,2026-08-28 08:38:35.116,-1,2.0,3.0,3.6038,10,10,False,False,False,HOLD,TARGET
33820,2026-08-28 08:40:09.380,-1,2.0,3.0,4.0234,10,1,True,True,False,HOLD,TARGET
33821,2026-08-28 08:40:29.080,-1,2.0,3.0,4.3515,10,10,True,True,False,HOLD,TARGET
33826,2026-08-28 08:41:02.564,-1,2.0,3.0,9.2757,10,10,True,True,False,HOLD,TARGET
33852,2026-08-28 08:44:44.388,-1,2.0,3.0,1.4694,10,5,False,False,False,HOLD,TARGET
33872,2026-08-28 08:48:15.524,-1,1.0,4.0,2.9097,10,10,True,False,False,HOLD,TARGET
33892,2026-08-28 08:51:51.252,-1,2.0,3.0,3.9433,10,10,True,False,False,HOLD,TARGET
33923,2026-08-28 08:55:34.808,-1,2.0,3.0,0.679,7,7,False,False,False,HOLD,TARGET
33924,2026-08-28 08:55:43.648,-1,2.0,3.0,1.7504,10,8,False,False,False,HOLD,TARGET
33925,2026-08-28 08:55:58.608,-1,1.0,4.0,1.8058,10,10,False,False,False,HOLD,TARGET
33926,2026-08-28 08:56:12.688,-1,2.0,3.0,2.6268,10,10,False,False,False,HOLD,TARGET
33928,2026-08-28 08:56:31.676,-1,2.0,3.0,5.5767,10,10,True,True,False,HOLD,TARGET
33930,2026-08-28 08:56:47.396,-1,1.0,4.0,5.9785,10,10,True,True,False,HOLD,TARGET
33952,2026-08-28 08:59:29.728,-1,2.0,3.0,-1.8795,4,1,False,False,False,HOLD,TARGET
33953,2026-08-28 08:59:41.256,-1,1.0,4.0,-1.0174,5,5,False,False,False,HOLD,STOP
33993,2026-08-28 09:04:36.524,-1,0.0,5.0,0.8544,10,10,False,False,False,HOLD,STOP
34012,2026-08-28 09:07:44.272,1,1.0,4.0,3.7648,10,10,False,False,False,HOLD,TARGET
34017,2026-08-28 09:09:07.340,1,2.0,3.0,1.2603,3,3,False,False,False,HOLD,TARGET
34050,2026-08-28 09:16:13.836,-1,2.0,3.0,7.0161,10,10,True,True,False,HOLD,TARGET
34052,2026-08-28 09:16:42.700,-1,2.0,3.0,1.2319,0,0,False,False,False,HOLD,TARGET
34060,2026-08-28 09:18:28.324,-1,1.0,4.0,2.8552,10,10,True,False,False,HOLD,TARGET
34074,2026-08-28 09:20:18.352,-1,0.0,5.0,-4.7671,2,2,False,False,False,HOLD,STOP
34078,2026-08-28 09:20:42.676,-1,1.0,4.0,-2.2688,7,2,False,False,False,HOLD,TARGET
34101,2026-08-28 09:23:13.644,-1,2.0,3.0,-2.6689,0,0,False,False,False,HOLD,TARGET
34153,2026-08-28 09:30:00.388,-1,0.0,5.0,-3.4978,1,1,False,False,False,HOLD,STOP
34167,2026-08-28 09:31:17.932,1,2.0,3.0,2.6541,10,10,False,False,False,HOLD,STOP
34191,2026-08-28 09:35:59.108,1,2.0,3.0,2.7959,9,8,False,False,False,HOLD,TARGET
34192,2026-08-28 09:36:36.740,1,2.0,3.0,3.3968,10,10,False,False,False,HOLD,TARGET
34223,2026-08-28 09:42:49.188,-1,1.0,4.0,0.269,10,6,False,False,False,HOLD,TARGET
34241,2026-08-28 09:46:18.560,1,2.0,3.0,6.8445,10,10,False,False,False,HOLD,NONE
34287,2026-08-28 09:56:21.592,-1,0.0,5.0,-0.7748,1,1,False,False,False,HOLD,TARGET
34288,2026-08-28 09:56:33.100,-1,1.0,4.0,-0.1582,5,5,False,False,False,HOLD,TARGET
34296,2026-08-28 09:59:45.700,-1,1.0,4.0,-1.8267,3,3,False,False,False,HOLD,TARGET
34299,2026-08-28 10:00:15.260,-1,2.0,3.0,4.2036,10,10,False,False,False,HOLD,TARGET
34302,2026-08-28 10:00:33.952,-1,2.0,3.0,7.0409,10,10,True,True,False,HOLD,TARGET
34305,2026-08-28 10:00:59.276,-1,2.0,3.0,8.3759,10,10,True,True,False,HOLD,TARGET
34306,2026-08-28 10:01:06.212,-1,0.0,5.0,6.1813,10,10,False,False,False,HOLD,TARGET
34307,2026-08-28 10:01:14.704,-1,1.0,4.0,5.2521,10,10,True,True,False,HOLD,TARGET
34311,2026-08-28 10:01:30.136,-1,0.0,5.0,-1.3965,1,1,False,False,False,HOLD,TARGET
34401,2026-08-28 10:17:25.088,1,2.0,3.0,-2.2294,2,1,False,False,False,HOLD,TARGET
34408,2026-08-28 10:19:28.024,1,2.0,3.0,-2.6328,1,1,False,False,False,HOLD,STOP
34464,2026-08-28 10:34:35.964,1,2.0,3.0,-0.1449,0,0,False,False,False,HOLD,TARGET
34465,2026-08-28 10:35:40.504,1,1.0,4.0,0.3317,1,1,False,False,False,HOLD,STOP
34500,2026-08-28 10:49:05.240,1,0.0,5.0,1.3076,3,3,False,False,False,HOLD,TARGET
34529,2026-08-28 11:02:38.372,1,2.0,3.0,-1.4265,3,1,False,False,True,HOLD,TARGET
34533,2026-08-28 11:03:58.704,1,0.0,5.0,0.3641,1,1,False,False,True,HOLD,STOP
34554,2026-08-28 11:11:08.704,1,2.0,3.0,-0.2442,10,1,False,False,True,HOLD,STOP
34579,2026-08-28 11:22:30.900,-1,0.0,5.0,-3.8019,1,1,False,False,True,HOLD,TARGET
34586,2026-08-28 11:25:20.280,-1,2.0,3.0,1.2367,0,0,False,False,True,HOLD,TARGET
34587,2026-08-28 11:25:28.424,-1,2.0,3.0,2.1841,1,1,False,False,True,HOLD,STOP
34595,2026-08-28 11:28:25.180,-1,0.0,5.0,-3.4279,3,3,False,False,True,HOLD,TARGET
34601,2026-08-28 11:31:01.004,-1,1.0,4.0,-1.6501,1,1,False,False,True,HOLD,STOP
34605,2026-08-28 11:32:10.360,-1,0.0,5.0,-4.8634,1,1,False,False,True,HOLD,STOP
34608,2026-08-28 11:33:01.156,-1,2.0,3.0,-2.0647,5,1,False,False,True,HOLD,STOP
34636,2026-08-28 11:48:34.092,-1,1.0,4.0,-0.6922,10,1,False,False,True,HOLD,TARGET
34640,2026-08-28 11:50:04.756,-1,2.0,3.0,2.6888,10,1,False,False,True,HOLD,TARGET
34643,2026-08-28 11:51:04.068,-1,2.0,3.0,5.2527,10,10,True,True,True,HOLD,TARGET
34646,2026-08-28 11:52:44.692,-1,1.0,4.0,1.1779,1,1,False,False,True,HOLD,STOP
34704,2026-08-28 12:22:03.272,1,1.0,4.0,-2.1227,0,0,False,False,True,HOLD,STOP
34710,2026-08-28 12:25:56.560,1,2.0,3.0,-1.5171,4,1,False,False,True,HOLD,TARGET
34732,2026-08-28 12:39:40.992,1,2.0,3.0,0.012,8,7,False,False,True,HOLD,TARGET
34736,2026-08-28 12:41:56.952,1,2.0,3.0,-0.0206,0,0,False,False,True,HOLD,TARGET
34737,2026-08-28 12:43:41.632,1,1.0,4.0,0.4284,1,1,False,False,True,HOLD,STOP
34759,2026-08-28 12:50:25.512,1,1.0,4.0,-1.8516,0,0,False,False,True,HOLD,STOP
34785,2026-08-28 12:56:40.660,1,1.0,4.0,2.6235,10,10,False,False,True,HOLD,TARGET
34786,2026-08-28 12:57:14.780,1,1.0,4.0,2.4849,10,10,False,False,True,HOLD,STOP
34831,2026-08-28 13:16:01.328,-1,1.0,4.0,-3.1214,0,0,False,False,False,HOLD,TARGET
34832,2026-08-28 13:33:30.460,-1,2.0,3.0,-1.2055,1,1,False,False,False,HOLD,STOP
34881,2026-08-30 15:02:40.988,-1,2.0,3.0,0.8121,8,7,False,False,False,HOLD,TARGET
34916,2026-08-30 15:04:32.312,-1,2.0,3.0,0.0611,8,7,False,False,False,HOLD,TARGET
34937,2026-08-30 15:10:41.960,-1,1.0,4.0,-1.9326,1,1,False,False,False,HOLD,STOP
34975,2026-08-30 16:10:02.016,-1,1.0,4.0,-2.8375,1,1,False,False,False,HOLD,TARGET
34986,2026-08-30 16:27:50.012,-1,1.0,4.0,0.6893,0,0,False,False,False,HOLD,TARGET
34993,2026-08-30 16:31:06.452,-1,1.0,4.0,3.555,10,10,True,False,False,HOLD,TARGET
35003,2026-08-30 16:40:00.136,-1,2.0,3.0,-1.4709,0,0,False,False,False,HOLD,TARGET
35015,2026-08-30 16:45:43.200,-1,2.0,3.0,-2.0869,4,3,False,False,False,HOLD,TARGET
35025,2026-08-30 16:47:25.216,-1,1.0,4.0,2.3764,10,1,True,False,False,HOLD,TARGET
35027,2026-08-30 16:48:03.928,-1,2.0,3.0,-0.3649,0,0,False,False,False,HOLD,TARGET
35031,2026-08-30 16:48:26.524,-1,1.0,4.0,2.4266,10,10,True,False,False,HOLD,STOP
35032,2026-08-30 16:48:30.692,-1,0.0,5.0,1.554,10,10,False,False,False,HOLD,STOP
35034,2026-08-30 16:49:03.256,-1,2.0,3.0,-2.6772,0,0,False,False,False,HOLD,TARGET
35049,2026-08-30 16:55:43.392,-1,2.0,3.0,-1.9728,5,2,False,False,False,HOLD,TARGET
35051,2026-08-30 16:56:27.984,-1,2.0,3.0,2.1893,10,8,False,False,False,HOLD,STOP
35101,2026-08-30 17:24:48.296,1,2.0,3.0,2.752,10,10,True,False,False,HOLD,TARGET
35103,2026-08-30 17:26:56.108,1,1.0,4.0,-2.1253,0,0,False,False,False,HOLD,TARGET
35104,2026-08-30 17:28:49.448,1,2.0,3.0,-0.4308,1,1,False,False,False,HOLD,TARGET
35107,2026-08-30 17:32:01.160,1,1.0,4.0,0.6546,10,1,False,False,False,HOLD,TARGET
35112,2026-08-30 17:38:24.656,1,2.0,3.0,3.1209,1,1,True,False,False,HOLD,STOP
35148,2026-08-30 18:05:21.212,-1,2.0,3.0,-1.2413,5,5,False,False,False,HOLD,TARGET
35149,2026-08-30 18:06:04.520,-1,1.0,4.0,-0.521,6,6,False,False,False,HOLD,TARGET
35153,2026-08-30 18:07:34.672,-1,2.0,3.0,-1.3263,2,1,False,False,False,HOLD,TARGET
35159,2026-08-30 18:10:57.568,-1,2.0,3.0,4.2246,10,10,True,True,False,HOLD,TARGET
35187,2026-08-30 18:21:15.320,-1,1.0,4.0,-1.6262,6,6,False,False,False,HOLD,TARGET
35215,2026-08-30 18:33:51.108,-1,1.0,4.0,-1.9504,3,3,False,False,False,HOLD,TARGET
35237,2026-08-30 18:46:57.900,-1,1.0,4.0,-3.1086,1,1,False,False,False,HOLD,TARGET
35268,2026-08-30 19:04:36.084,1,2.0,3.0,-0.2723,3,3,False,False,False,HOLD,TARGET
35311,2026-08-30 19:32:19.168,-1,2.0,3.0,0.5443,7,6,False,False,False,HOLD,TARGET
35312,2026-08-30 19:34:12.224,-1,2.0,3.0,1.6455,8,8,False,False,False,HOLD,TARGET
35322,2026-08-30 19:40:08.308,-1,1.0,4.0,-2.0519,1,1,False,False,False,HOLD,STOP
35334,2026-08-30 19:52:37.424,-1,0.0,5.0,-1.669,1,1,False,False,False,HOLD,STOP
35344,2026-08-30 20:03:00.072,1,2.0,3.0,5.1884,10,10,False,False,False,HOLD,TARGET
35353,2026-08-30 20:25:04.924,1,0.0,5.0,-3.4249,1,1,False,False,False,HOLD,STOP
35367,2026-08-30 21:14:22.456,1,0.0,5.0,-4.2774,1,1,False,False,False,HOLD,TARGET
35377,2026-08-30 21:40:24.732,1,1.0,4.0,3.7773,10,10,False,False,False,HOLD,TARGET
35408,2026-08-30 22:23:59.584,1,2.0,3.0,-1.6667,2,1,False,False,False,HOLD,TARGET
35409,2026-08-30 22:25:45.828,1,2.0,3.0,-0.0741,3,3,False,False,False,HOLD,STOP
35438,2026-08-30 23:07:13.868,1,0.0,5.0,-2.7093,0,0,False,False,False,HOLD,TARGET
35439,2026-08-30 23:09:25.020,1,0.0,5.0,-2.4405,1,1,False,False,False,HOLD,TARGET
35443,2026-08-30 23:15:09.020,1,2.0,3.0,2.4448,10,10,False,False,False,HOLD,TARGET
35449,2026-08-30 23:30:57.216,1,2.0,3.0,-2.782,0,0,False,False,False,HOLD,TARGET
35450,2026-08-30 23:32:45.880,1,0.0,5.0,-2.4971,1,1,False,False,False,HOLD,TARGET
35451,2026-08-30 23:37:56.996,1,2.0,3.0,-0.72,2,2,False,False,False,HOLD,TARGET
35453,2026-08-30 23:45:58.568,1,2.0,3.0,-2.238,0,0,False,False,False,HOLD,TARGET
35458,2026-08-30 23:55:24.196,1,2.0,3.0,-0.5014,2,1,False,False,False,HOLD,STOP
35474,2026-08-31 00:22:24.720,1,2.0,3.0,-2.8791,1,1,False,False,False,HOLD,NONE
35484,2026-08-31 00:36:35.304,1,2.0,3.0,-1.4975,2,1,False,False,False,HOLD,STOP
35488,2026-08-31 00:50:14.440,1,0.0,5.0,-4.3371,1,1,False,False,False,HOLD,STOP
35550,2026-08-31 01:52:53.388,1,2.0,3.0,-0.5448,10,1,False,False,False,HOLD,STOP
35551,2026-08-31 01:54:01.952,1,2.0,3.0,0.7985,10,10,False,False,False,HOLD,STOP
35565,2026-08-31 02:15:45.116,1,1.0,4.0,-0.4168,10,1,False,False,False,HOLD,TARGET
35578,2026-08-31 02:49:49.420,-1,2.0,3.0,6.1072,10,10,False,False,False,HOLD,TARGET
35581,2026-08-31 02:56:29.728,-1,0.0,5.0,1.8776,1,1,False,False,False,HOLD,TARGET
35582,2026-08-31 03:00:47.992,-1,2.0,3.0,2.6826,10,2,False,False,False,HOLD,STOP
35634,2026-08-31 04:23:47.984,-1,1.0,4.0,-3.2703,2,1,False,False,False,HOLD,STOP
35652,2026-08-31 04:48:18.204,-1,2.0,3.0,5.8075,10,10,True,True,False,HOLD,STOP
35683,2026-08-31 05:09:07.776,-1,1.0,4.0,3.4753,10,10,True,False,False,HOLD,TARGET
35717,2026-08-31 05:17:51.076,1,2.0,3.0,1.3958,10,10,False,False,False,HOLD,TARGET
35718,2026-08-31 05:18:55.792,1,2.0,3.0,2.3078,10,10,False,False,False,HOLD,TARGET
35719,2026-08-31 05:20:31.216,1,1.0,4.0,2.2394,10,10,False,False,False,HOLD,STOP
35730,2026-08-31 05:25:47.584,-1,2.0,3.0,2.5061,0,0,False,False,False,HOLD,TARGET
35731,2026-08-31 05:25:52.504,-1,1.0,4.0,2.3936,1,1,False,False,False,HOLD,TARGET
35735,2026-08-31 05:25:53.520,-1,1.0,4.0,0.3047,0,0,False,False,False,HOLD,STOP
35748,2026-08-31 05:28:42.480,-1,1.0,4.0,-3.7099,1,1,False,False,False,HOLD,TARGET
35752,2026-08-31 05:30:12.944,-1,0.0,5.0,-0.7478,10,10,False,False,False,HOLD,TARGET
35753,2026-08-31 05:30:27.088,-1,2.0,3.0,0.6406,10,10,False,False,False,HOLD,TARGET
35773,2026-08-31 05:38:51.908,-1,2.0,3.0,-2.0262,0,0,False,False,False,HOLD,TARGET
35775,2026-08-31 05:39:27.592,-1,2.0,3.0,1.5521,10,10,False,False,False,HOLD,TARGET
35776,2026-08-31 05:39:53.664,-1,1.0,4.0,1.6516,10,10,False,False,False,HOLD,TARGET
35803,2026-08-31 06:06:02.044,-1,1.0,4.0,-2.3332,4,1,False,False,False,HOLD,STOP
35819,2026-08-31 06:21:23.484,1,2.0,3.0,1.0266,0,0,False,False,False,HOLD,TARGET
35824,2026-08-31 06:27:10.108,1,1.0,4.0,-2.1208,2,1,False,False,False,HOLD,TARGET
35828,2026-08-31 06:27:50.348,1,0.0,5.0,-2.8272,0,0,False,False,False,HOLD,TARGET
35829,2026-08-31 06:27:59.284,1,2.0,3.0,-0.9767,1,1,False,False,False,HOLD,STOP
35840,2026-08-31 06:29:59.408,1,2.0,3.0,-2.2382,2,1,False,False,False,HOLD,TARGET
35859,2026-08-31 06:31:05.296,1,1.0,4.0,-1.6369,4,4,False,False,True,HOLD,TARGET
35861,2026-08-31 06:31:11.896,1,1.0,4.0,-3.5704,0,0,False,False,True,HOLD,TARGET
35872,2026-08-31 06:31:47.572,1,2.0,3.0,-1.5761,7,1,False,False,True,HOLD,STOP
35892,2026-08-31 06:33:26.868,-1,1.0,4.0,4.2718,10,10,True,True,True,HOLD,TARGET
35893,2026-08-31 06:33:30.488,-1,1.0,4.0,3.767,10,10,True,False,True,HOLD,STOP
35899,2026-08-31 06:34:00.820,-1,1.0,4.0,-2.042,3,2,False,False,True,HOLD,TARGET
35900,2026-08-31 06:34:12.032,-1,2.0,3.0,-0.366,4,4,False,False,True,HOLD,TARGET
35902,2026-08-31 06:34:25.472,-1,2.0,3.0,-2.6288,0,0,False,False,True,HOLD,TARGET
35925,2026-08-31 06:37:04.612,-1,0.0,5.0,-4.0109,4,4,False,False,True,HOLD,STOP
35959,2026-08-31 06:41:12.668,-1,2.0,3.0,-1.0608,0,0,False,False,True,HOLD,NONE
35965,2026-08-31 06:41:53.360,-1,2.0,3.0,-2.2482,1,1,False,False,True,HOLD,TARGET
35979,2026-08-31 06:43:55.208,-1,1.0,4.0,-1.1468,0,0,False,False,True,HOLD,TARGET
35995,2026-08-31 06:46:02.192,-1,1.0,4.0,-3.9621,1,1,False,False,False,HOLD,TARGET
35996,2026-08-31 06:46:12.136,-1,2.0,3.0,-1.8594,3,3,False,False,False,HOLD,TARGET
36022,2026-08-31 06:47:55.516,1,1.0,4.0,0.441,1,1,False,False,False,HOLD,TARGET
36025,2026-08-31 06:48:06.604,1,2.0,3.0,-1.7294,0,0,False,False,False,HOLD,STOP
36046,2026-08-31 06:51:13.488,-1,2.0,3.0,0.4292,10,1,False,False,False,HOLD,STOP
36068,2026-08-31 06:54:34.040,1,2.0,3.0,-1.1211,0,0,False,False,False,HOLD,TARGET
36090,2026-08-31 06:57:59.544,1,1.0,4.0,-3.1214,3,3,False,False,False,HOLD,STOP
36104,2026-08-31 07:01:18.296,-1,2.0,3.0,-0.1907,4,3,False,False,True,HOLD,TARGET
36112,2026-08-31 07:03:20.560,-1,2.0,3.0,-1.5646,0,0,False,False,True,HOLD,TARGET
36126,2026-08-31 07:06:34.832,-1,2.0,3.0,-2.0635,3,3,False,False,True,HOLD,TARGET
36135,2026-08-31 07:08:02.008,-1,2.0,3.0,-2.0788,2,1,False,False,True,HOLD,STOP
36141,2026-08-31 07:09:29.688,-1,2.0,3.0,0.0631,4,4,False,False,True,HOLD,TARGET
36144,2026-08-31 07:10:07.720,-1,0.0,5.0,-1.3023,1,1,False,False,True,HOLD,TARGET
36182,2026-08-31 07:21:36.988,1,1.0,4.0,-2.8075,3,2,False,False,True,HOLD,STOP
36183,2026-08-31 07:21:50.516,1,2.0,3.0,-0.9614,5,5,False,False,True,HOLD,STOP
36192,2026-08-31 07:24:49.788,-1,2.0,3.0,4.354,10,1,False,False,True,HOLD,TARGET
36195,2026-08-31 07:25:13.844,-1,2.0,3.0,7.2461,10,10,True,True,True,HOLD,TARGET
36210,2026-08-31 07:30:02.196,-1,0.0,5.0,-3.1889,1,1,False,False,True,HOLD,STOP
36238,2026-08-31 07:38:26.204,1,2.0,3.0,-1.1445,1,1,False,False,True,HOLD,TARGET
36241,2026-08-31 07:39:58.772,1,2.0,3.0,-2.7347,1,1,False,False,True,HOLD,TARGET
36242,2026-08-31 07:40:19.448,1,1.0,4.0,-1.6825,2,2,False,False,True,HOLD,TARGET
36247,2026-08-31 07:41:45.384,1,1.0,4.0,1.9767,10,10,False,False,True,HOLD,TARGET
36287,2026-08-31 07:55:27.204,1,1.0,4.0,2.5196,10,10,False,False,True,HOLD,TARGET
36292,2026-08-31 07:56:43.872,1,2.0,3.0,3.8393,10,10,False,False,True,HOLD,TARGET
36293,2026-08-31 07:57:14.292,1,2.0,3.0,4.2083,10,10,False,False,True,HOLD,TARGET
36338,2026-08-31 08:11:18.948,-1,2.0,3.0,-2.2747,2,1,False,False,False,HOLD,TARGET
36377,2026-08-31 08:28:38.148,1,1.0,4.0,-0.5746,6,6,False,False,False,HOLD,STOP
36408,2026-08-31 08:39:35.424,-1,1.0,4.0,1.1972,10,10,False,False,False,HOLD,STOP
36411,2026-08-31 08:41:22.908,-1,1.0,4.0,-0.2598,1,1,False,False,False,HOLD,STOP
36433,2026-08-31 08:49:28.244,1,1.0,4.0,-2.915,1,1,False,False,False,HOLD,TARGET
36434,2026-08-31 08:50:03.284,1,1.0,4.0,-1.8228,3,3,False,False,False,HOLD,TARGET
36462,2026-08-31 09:02:43.668,-1,2.0,3.0,-1.3912,0,0,False,False,False,HOLD,TARGET
36502,2026-08-31 09:27:46.624,1,1.0,4.0,1.8667,10,10,False,False,False,HOLD,TARGET
36506,2026-08-31 09:30:03.416,1,0.0,5.0,-1.8534,0,0,False,False,False,HOLD,TARGET
36509,2026-08-31 09:30:07.136,1,2.0,3.0,-1.3878,1,1,False,False,False,HOLD,STOP
36540,2026-08-31 09:55:26.680,1,2.0,3.0,-1.6463,0,0,False,False,False,HOLD,TARGET
36541,2026-08-31 09:57:44.080,1,2.0,3.0,-0.0583,1,1,False,False,False,HOLD,STOP
36560,2026-08-31 10:14:32.936,1,2.0,3.0,1.5716,10,10,False,False,False,HOLD,TARGET
36577,2026-08-31 10:30:09.104,-1,1.0,4.0,3.5918,10,10,False,False,False,HOLD,TARGET
36578,2026-08-31 10:30:37.236,-1,1.0,4.0,3.2381,10,10,False,False,False,HOLD,TARGET
36579,2026-08-31 10:30:58.840,-1,2.0,3.0,3.7407,10,10,False,False,False,HOLD,STOP
36600,2026-08-31 10:49:12.632,1,1.0,4.0,2.0987,10,3,True,False,False,HOLD,TARGET
36605,2026-08-31 10:51:20.224,1,1.0,4.0,4.4819,10,10,True,True,False,HOLD,TARGET
36608,2026-08-31 10:55:06.516,1,2.0,3.0,2.8029,10,1,True,False,False,HOLD,STOP
36620,2026-08-31 11:02:33.364,1,1.0,4.0,-2.46,6,6,False,False,True,HOLD,TARGET
36627,2026-08-31 11:06:34.636,1,2.0,3.0,-0.5223,2,1,False,False,True,HOLD,TARGET
36633,2026-08-31 11:14:35.948,1,1.0,4.0,-3.0094,2,1,False,False,True,HOLD,TARGET
36658,2026-08-31 11:38:07.212,-1,1.0,4.0,4.119,10,1,True,True,True,HOLD,TARGET
36663,2026-08-31 11:40:12.864,-1,1.0,4.0,0.4152,0,0,False,False,True,HOLD,TARGET
36669,2026-08-31 11:43:04.428,-1,2.0,3.0,-1.0097,0,0,False,False,True,HOLD,TARGET
36701,2026-08-31 12:10:01.120,1,1.0,4.0,0.7059,10,10,False,False,True,HOLD,TARGET
36726,2026-08-31 12:29:56.944,1,2.0,3.0,-0.6491,0,0,False,False,True,HOLD,STOP
36736,2026-08-31 12:36:19.564,1,2.0,3.0,0.3595,8,7,False,False,True,HOLD,TARGET
36737,2026-08-31 12:37:49.276,1,2.0,3.0,1.5018,9,9,False,False,True,HOLD,TARGET
36738,2026-08-31 12:40:13.636,1,1.0,4.0,1.6125,10,10,False,False,True,HOLD,TARGET
36739,2026-08-31 12:41:30.284,1,0.0,5.0,0.9209,10,10,False,False,True,HOLD,TARGET
36742,2026-08-31 12:43:37.704,1,1.0,4.0,4.853,10,10,True,True,True,HOLD,TARGET
36771,2026-08-31 12:51:50.520,1,2.0,3.0,-1.5272,4,4,False,False,True,HOLD,TARGET
36784,2026-08-31 12:54:50.456,1,0.0,5.0,-1.4776,6,6,False,False,True,HOLD,STOP
36802,2026-08-31 12:59:06.024,1,0.0,5.0,0.5466,10,10,False,False,True,HOLD,TARGET
36807,2026-08-31 12:59:21.176,1,1.0,4.0,6.7187,10,10,True,True,True,HOLD,STOP
36827,2026-08-31 12:59:56.460,-1,2.0,3.0,3.4784,10,10,False,False,True,HOLD,TARGET
36852,2026-08-31 13:01:48.156,1,2.0,3.0,4.1704,10,10,False,False,False,HOLD,TARGET
36861,2026-08-31 13:10:08.380,1,2.0,3.0,-2.8456,0,0,False,False,False,HOLD,STOP
36862,2026-08-31 13:11:37.720,1,0.0,5.0,-2.5465,1,1,False,False,False,HOLD,STOP
36884,2026-08-31 15:12:12.696,1,1.0,4.0,-2.1267,1,1,False,False,False,HOLD,NONE
36892,2026-08-31 16:12:43.304,1,2.0,3.0,-1.3348,6,1,False,False,False,HOLD,TARGET
36894,2026-08-31 16:17:29.532,1,1.0,4.0,-3.9927,0,0,False,False,False,HOLD,TARGET
36900,2026-08-31 16:39:40.216,1,1.0,4.0,-1.5159,0,0,False,False,False,HOLD,NONE
36903,2026-08-31 16:45:48.060,1,1.0,4.0,-1.2674,3,1,False,False,False,HOLD,STOP
36906,2026-08-31 16:51:47.260,1,0.0,5.0,-4.953,1,1,False,False,False,HOLD,STOP
36924,2026-08-31 17:07:52.000,1,1.0,4.0,-1.2106,0,0,False,False,False,HOLD,TARGET
36933,2026-08-31 17:16:55.384,1,1.0,4.0,-2.8592,4,3,False,False,False,HOLD,TARGET
36974,2026-08-31 18:30:28.668,-1,2.0,3.0,3.2663,10,1,False,False,False,HOLD,STOP
36997,2026-08-31 19:09:42.984,-1,2.0,3.0,1.7773,10,10,False,False,False,HOLD,TARGET
37008,2026-08-31 19:35:23.880,-1,2.0,3.0,-2.4653,1,1,False,False,False,HOLD,TARGET
37010,2026-08-31 19:39:53.032,-1,2.0,3.0,1.8913,10,6,False,False,False,HOLD,TARGET
37019,2026-08-31 20:08:56.460,-1,1.0,4.0,-1.5413,5,5,False,False,False,HOLD,TARGET
37020,2026-08-31 20:26:05.124,-1,2.0,3.0,0.0234,6,6,False,False,False,HOLD,NONE
37022,2026-08-31 20:28:46.220,-1,1.0,4.0,-3.7759,0,0,False,False,False,HOLD,TARGET
37048,2026-08-31 22:18:50.324,-1,2.0,3.0,-0.1669,2,1,False,False,False,HOLD,TARGET
37066,2026-08-31 22:43:07.516,1,2.0,3.0,2.4409,1,1,False,False,False,HOLD,TARGET
37067,2026-08-31 22:44:31.668,1,2.0,3.0,3.1207,10,10,False,False,False,HOLD,TARGET
37098,2026-08-31 23:37:32.260,-1,2.0,3.0,0.3252,3,3,False,False,False,HOLD,STOP
37119,2026-09-01 00:04:24.864,1,0.0,5.0,-1.8519,1,1,False,False,False,HOLD,TARGET
37146,2026-09-01 00:28:15.732,1,2.0,3.0,-1.2034,1,1,False,False,False,HOLD,STOP
37158,2026-09-01 00:37:00.292,-1,0.0,5.0,4.4234,10,10,False,False,False,HOLD,TARGET
37163,2026-09-01 00:39:59.056,-1,1.0,4.0,4.551,10,10,True,True,False,HOLD,TARGET
37166,2026-09-01 00:42:12.072,-1,0.0,5.0,1.7504,1,1,False,False,False,HOLD,TARGET
37167,2026-09-01 00:45:00.292,-1,2.0,3.0,2.5836,10,10,True,False,False,HOLD,TARGET
37193,2026-09-01 01:02:25.828,-1,2.0,3.0,-1.9213,2,1,False,False,False,HOLD,TARGET
37194,2026-09-01 01:03:22.720,-1,1.0,4.0,-1.0499,3,3,False,False,False,HOLD,STOP
37195,2026-09-01 01:03:54.804,-1,1.0,4.0,-0.3721,10,4,False,False,False,HOLD,STOP
37205,2026-09-01 01:05:55.732,-1,1.0,4.0,2.5419,10,8,False,False,False,HOLD,TARGET
37220,2026-09-01 01:06:38.608,-1,2.0,3.0,0.7278,10,1,False,False,False,HOLD,TARGET
37221,2026-09-01 01:06:40.052,-1,2.0,3.0,1.7883,10,10,False,False,False,HOLD,TARGET
37222,2026-09-01 01:06:40.768,-1,2.0,3.0,2.6131,10,10,True,False,False,HOLD,STOP
37230,2026-09-01 01:06:55.932,-1,1.0,4.0,-3.358,2,2,False,False,False,HOLD,TARGET
37240,2026-09-01 01:07:22.708,-1,1.0,4.0,1.9302,10,10,False,False,False,HOLD,STOP
37252,2026-09-01 01:09:49.224,-1,1.0,4.0,0.3108,10,3,False,False,False,HOLD,TARGET
37257,2026-09-01 01:10:14.192,-1,2.0,3.0,-0.8535,0,0,False,False,False,HOLD,TARGET
37267,2026-09-01 01:11:50.632,-1,0.0,5.0,-3.4194,1,1,False,False,False,HOLD,STOP
37285,2026-09-01 01:17:03.704,-1,2.0,3.0,1.036,10,8,False,False,False,HOLD,TARGET
37290,2026-09-01 01:18:34.736,-1,2.0,3.0,1.0275,0,0,False,False,False,HOLD,TARGET
37296,2026-09-01 01:20:03.864,-1,1.0,4.0,-3.3328,0,0,False,False,False,HOLD,TARGET
37307,2026-09-01 01:23:49.832,-1,1.0,4.0,-1.5741,4,1,False,False,False,HOLD,TARGET
37314,2026-09-01 01:26:18.056,-1,2.0,3.0,-0.3926,1,1,False,False,False,HOLD,TARGET
37324,2026-09-01 01:27:58.948,-1,0.0,5.0,-3.7039,1,1,False,False,False,HOLD,TARGET
37350,2026-09-01 01:37:55.500,-1,2.0,3.0,3.1654,10,10,False,False,False,HOLD,TARGET
37364,2026-09-01 01:42:32.276,-1,1.0,4.0,-0.6239,3,3,False,False,False,HOLD,TARGET
37369,2026-09-01 01:43:43.744,-1,1.0,4.0,-0.792,0,0,False,False,False,HOLD,STOP
37405,2026-09-01 01:59:21.492,-1,0.0,5.0,0.8683,10,10,False,False,False,HOLD,TARGET
37409,2026-09-01 02:00:59.408,-1,2.0,3.0,2.6848,10,1,False,False,False,HOLD,TARGET
37413,2026-09-01 02:04:02.952,-1,2.0,3.0,1.6243,2,1,False,False,False,HOLD,TARGET
37419,2026-09-01 02:06:53.216,-1,1.0,4.0,1.9669,10,10,True,False,False,HOLD,TARGET
37423,2026-09-01 02:09:00.220,-1,0.0,5.0,-0.4329,1,1,False,False,False,HOLD,TARGET
37428,2026-09-01 02:11:22.704,-1,2.0,3.0,-1.429,1,1,False,False,False,HOLD,TARGET
37436,2026-09-01 02:14:52.688,-1,2.0,3.0,-0.449,10,1,False,False,False,HOLD,TARGET
37449,2026-09-01 02:21:10.728,-1,2.0,3.0,-2.9018,0,0,False,False,False,HOLD,TARGET
37450,2026-09-01 02:23:10.076,-1,1.0,4.0,-1.8125,1,1,False,False,False,HOLD,TARGET
37455,2026-09-01 02:27:06.144,-1,2.0,3.0,0.2479,10,1,False,False,False,HOLD,STOP
37457,2026-09-01 02:27:52.588,-1,2.0,3.0,-2.8624,0,0,False,False,False,HOLD,TARGET
37474,2026-09-01 02:38:16.452,-1,0.0,5.0,-0.3074,10,10,False,False,False,HOLD,STOP
37501,2026-09-01 03:08:23.464,1,1.0,4.0,-2.2013,1,1,False,False,False,HOLD,TARGET
37505,2026-09-01 03:12:19.584,1,1.0,4.0,0.6866,10,10,False,False,False,HOLD,STOP
37514,2026-09-01 03:21:03.016,1,2.0,3.0,-1.2644,3,3,False,False,False,HOLD,TARGET
37519,2026-09-01 03:25:06.500,1,0.0,5.0,5.1508,10,10,False,False,False,HOLD,TARGET
37522,2026-09-01 03:32:47.464,1,1.0,4.0,1.6005,1,1,True,False,False,HOLD,TARGET
37524,2026-09-01 03:34:04.808,1,1.0,4.0,3.5731,10,10,True,False,False,HOLD,STOP
37525,2026-09-01 03:38:36.996,1,1.0,4.0,3.2235,10,10,True,False,False,HOLD,STOP
37554,2026-09-01 04:01:56.064,-1,1.0,4.0,1.2199,6,6,False,False,False,HOLD,TARGET
37556,2026-09-01 04:04:07.348,-1,1.0,4.0,-3.6571,0,0,False,False,False,HOLD,TARGET
37592,2026-09-01 04:36:28.392,1,0.0,5.0,-1.7425,1,1,False,False,False,HOLD,TARGET
37594,2026-09-01 04:38:54.708,1,1.0,4.0,1.5508,10,10,False,False,False,HOLD,TARGET
37615,2026-09-01 04:58:42.172,-1,2.0,3.0,5.0958,10,1,False,False,False,HOLD,TARGET
37638,2026-09-01 05:10:57.464,-1,2.0,3.0,0.2612,10,3,False,False,False,HOLD,STOP
37667,2026-09-01 05:31:32.616,-1,0.0,5.0,0.6863,9,9,False,False,False,HOLD,TARGET
37669,2026-09-01 05:32:19.132,-1,2.0,3.0,3.7979,10,10,False,False,False,HOLD,TARGET
37673,2026-09-01 05:35:00.268,-1,0.0,5.0,-4.1938,0,0,False,False,False,HOLD,TARGET
37684,2026-09-01 05:40:13.892,-1,2.0,3.0,-1.749,4,4,False,False,False,HOLD,TARGET
37721,2026-09-01 06:03:55.072,-1,2.0,3.0,0.3094,0,0,False,False,False,HOLD,TARGET
37762,2026-09-01 06:30:14.192,-1,1.0,4.0,4.6475,10,10,False,False,False,HOLD,TARGET
37770,2026-09-01 06:31:00.560,-1,2.0,3.0,-2.1619,2,1,False,False,True,HOLD,STOP
37801,2026-09-01 06:33:35.512,1,0.0,5.0,-2.6257,1,1,False,False,True,HOLD,TARGET
37808,2026-09-01 06:34:29.064,1,2.0,3.0,-2.8003,1,1,False,False,True,HOLD,TARGET
37819,2026-09-01 06:35:56.376,1,2.0,3.0,-1.165,1,1,False,False,True,HOLD,STOP
37843,2026-09-01 06:39:03.244,-1,1.0,4.0,-3.1913,0,0,False,False,True,HOLD,TARGET
37858,2026-09-01 06:41:05.692,-1,2.0,3.0,-0.3752,10,1,False,False,True,HOLD,TARGET
37861,2026-09-01 06:41:36.676,-1,1.0,4.0,-2.2863,0,0,False,False,True,HOLD,STOP
37871,2026-09-01 06:43:23.204,-1,2.0,3.0,-2.6305,5,1,False,False,True,HOLD,STOP
37883,2026-09-01 06:45:23.032,1,2.0,3.0,0.3202,3,3,False,False,False,HOLD,STOP
37886,2026-09-01 06:45:51.688,1,1.0,4.0,-0.0675,1,1,False,False,False,HOLD,STOP
37898,2026-09-01 06:48:23.160,1,1.0,4.0,-3.035,0,0,False,False,False,HOLD,TARGET
37910,2026-09-01 06:50:27.012,1,2.0,3.0,3.7582,10,10,False,False,False,HOLD,STOP
37927,2026-09-01 06:54:13.924,-1,0.0,5.0,2.1486,10,10,False,False,False,HOLD,TARGET
37964,2026-09-01 07:00:56.712,1,1.0,4.0,-2.1883,4,4,False,False,True,HOLD,TARGET
37968,2026-09-01 07:01:42.028,1,2.0,3.0,5.5693,10,10,False,False,True,HOLD,STOP
37981,2026-09-01 07:03:56.040,1,2.0,3.0,-0.1752,7,6,False,False,True,HOLD,TARGET
37982,2026-09-01 07:04:26.172,1,2.0,3.0,1.0859,8,8,False,False,True,HOLD,TARGET
37988,2026-09-01 07:06:01.388,1,1.0,4.0,-0.0976,10,1,False,False,True,HOLD,TARGET
38001,2026-09-01 07:09:40.948,1,0.0,5.0,-1.3956,3,3,False,False,True,HOLD,TARGET
38005,2026-09-01 07:10:47.032,1,2.0,3.0,-0.556,1,1,False,False,True,HOLD,STOP
38019,2026-09-01 07:14:28.956,1,1.0,4.0,0.4991,9,9,False,False,True,HOLD,TARGET
38022,2026-09-01 07:15:24.808,1,2.0,3.0,4.693,10,10,False,False,True,HOLD,TARGET
38025,2026-09-01 07:16:17.176,1,1.0,4.0,4.0064,10,1,True,True,True,HOLD,TARGET
38037,2026-09-01 07:19:59.700,1,1.0,4.0,-2.3793,3,3,False,False,True,HOLD,TARGET
38039,2026-09-01 07:20:26.060,1,1.0,4.0,1.1656,9,9,False,False,True,HOLD,TARGET
38040,2026-09-01 07:21:08.968,1,2.0,3.0,2.1288,10,10,True,False,True,HOLD,TARGET
38041,2026-09-01 07:21:40.928,1,0.0,5.0,1.3224,10,10,False,False,True,HOLD,TARGET
38057,2026-09-01 07:25:24.604,1,2.0,3.0,-2.76,1,1,False,False,True,HOLD,TARGET
38070,2026-09-01 07:31:24.240,1,1.0,4.0,3.4342,10,10,True,False,True,HOLD,TARGET
38082,2026-09-01 07:38:14.072,1,2.0,3.0,-1.4227,4,1,False,False,True,HOLD,STOP
38119,2026-09-01 07:53:53.428,-1,1.0,4.0,-0.9909,2,1,False,False,True,HOLD,TARGET
38138,2026-09-01 08:03:25.004,-1,2.0,3.0,-0.9088,1,1,False,False,False,HOLD,TARGET
38147,2026-09-01 08:06:56.824,-1,2.0,3.0,0.4809,10,1,False,False,False,HOLD,TARGET
38158,2026-09-01 08:11:50.024,-1,0.0,5.0,-4.6296,1,1,False,False,False,HOLD,STOP
38192,2026-09-01 08:30:01.424,1,2.0,3.0,1.9326,10,10,False,False,False,HOLD,TARGET
38195,2026-09-01 08:30:47.732,1,2.0,3.0,0.3935,1,1,False,False,False,HOLD,TARGET
38203,2026-09-01 08:33:42.732,1,2.0,3.0,-2.2907,4,1,False,False,False,HOLD,TARGET
38208,2026-09-01 08:37:03.976,1,0.0,5.0,-0.682,9,9,False,False,False,HOLD,TARGET
38209,2026-09-01 08:37:43.364,1,2.0,3.0,0.6918,10,10,False,False,False,HOLD,TARGET
38213,2026-09-01 08:40:03.868,1,2.0,3.0,3.6658,10,1,True,False,False,HOLD,TARGET
38217,2026-09-01 08:43:00.964,1,0.0,5.0,-2.9053,0,0,False,False,False,HOLD,TARGET
38233,2026-09-01 08:53:31.332,1,2.0,3.0,-1.6044,2,1,False,False,False,HOLD,TARGET
38236,2026-09-01 08:55:04.928,1,2.0,3.0,-1.9524,0,0,False,False,False,HOLD,STOP
38269,2026-09-01 09:14:19.652,-1,2.0,3.0,0.7821,5,5,False,False,False,HOLD,TARGET
38273,2026-09-01 09:16:22.792,-1,2.0,3.0,0.8662,0,0,False,False,False,HOLD,TARGET
38276,2026-09-01 09:17:32.528,-1,1.0,4.0,1.2649,10,1,False,False,False,HOLD,TARGET
38278,2026-09-01 09:18:03.844,-1,2.0,3.0,4.1479,10,10,True,True,False,HOLD,TARGET
38281,2026-09-01 09:19:27.616,-1,1.0,4.0,0.7925,1,1,False,False,False,HOLD,TARGET
38284,2026-09-01 09:20:23.732,-1,1.0,4.0,3.5827,10,10,True,False,False,HOLD,TARGET
38285,2026-09-01 09:20:42.052,-1,2.0,3.0,4.0088,10,10,True,True,False,HOLD,TARGET
38290,2026-09-01 09:21:20.660,-1,1.0,4.0,0.8386,0,0,False,False,False,HOLD,TARGET
38320,2026-09-01 09:26:58.300,-1,1.0,4.0,3.5844,10,10,False,False,False,HOLD,TARGET
38344,2026-09-01 09:30:57.648,-1,2.0,3.0,5.1392,10,10,True,True,False,HOLD,TARGET
38345,2026-09-01 09:31:03.960,-1,2.0,3.0,5.2194,10,10,True,True,False,HOLD,TARGET
38351,2026-09-01 09:32:09.888,-1,2.0,3.0,-0.9905,2,1,False,False,False,HOLD,TARGET
38356,2026-09-01 09:34:15.980,-1,2.0,3.0,-2.1105,1,1,False,False,False,HOLD,TARGET
38386,2026-09-01 09:44:35.400,-1,2.0,3.0,-0.2061,2,1,False,False,False,HOLD,TARGET
38388,2026-09-01 09:45:17.040,-1,2.0,3.0,3.2581,10,10,False,False,False,HOLD,STOP
38405,2026-09-01 09:53:52.360,-1,0.0,5.0,-2.8012,1,1,False,False,False,HOLD,STOP
38460,2026-09-01 10:21:12.336,-1,2.0,3.0,-1.4867,1,1,False,False,False,HOLD,TARGET
38464,2026-09-01 10:23:55.640,-1,1.0,4.0,-2.3529,2,1,False,False,False,HOLD,TARGET
38503,2026-09-01 10:31:59.016,1,2.0,3.0,2.4327,10,1,False,False,False,HOLD,STOP
38527,2026-09-01 10:42:49.456,1,2.0,3.0,-1.4726,0,0,False,False,False,HOLD,STOP
38563,2026-09-01 11:06:49.172,-1,1.0,4.0,0.9579,1,1,False,False,True,HOLD,STOP
38571,2026-09-01 11:13:00.136,-1,0.0,5.0,-2.9793,1,1,False,False,True,HOLD,TARGET
38573,2026-09-01 11:14:09.016,-1,2.0,3.0,1.5804,10,10,False,False,True,HOLD,STOP
38574,2026-09-01 11:15:17.068,-1,0.0,5.0,0.8959,10,10,False,False,True,HOLD,STOP
38597,2026-09-01 11:33:15.204,-1,1.0,4.0,0.1631,0,0,False,False,True,HOLD,TARGET
38599,2026-09-01 11:34:03.368,-1,2.0,3.0,3.4814,10,10,True,False,True,HOLD,TARGET
38600,2026-09-01 11:34:30.856,-1,2.0,3.0,3.93,10,10,True,False,True,HOLD,TARGET
38607,2026-09-01 11:39:10.020,-1,2.0,3.0,1.6588,10,1,False,False,True,HOLD,TARGET
38613,2026-09-01 11:42:52.120,-1,1.0,4.0,5.798,10,10,True,True,True,HOLD,TARGET
38617,2026-09-01 11:44:25.032,-1,1.0,4.0,4.9433,10,10,True,True,True,HOLD,TARGET
38681,2026-09-01 12:05:40.584,1,2.0,3.0,-1.8778,1,1,False,False,True,HOLD,TARGET
38701,2026-09-01 12:14:34.228,1,1.0,4.0,-0.7141,5,1,False,False,True,HOLD,TARGET
38705,2026-09-01 12:16:00.024,1,1.0,4.0,-0.0089,1,1,False,False,True,HOLD,STOP
38707,2026-09-01 12:17:24.136,1,1.0,4.0,-3.7955,0,0,False,False,True,HOLD,STOP
38776,2026-09-01 12:50:49.864,1,2.0,3.0,-2.3118,5,1,False,False,True,HOLD,STOP
38782,2026-09-01 12:53:00.052,-1,2.0,3.0,1.6222,10,10,False,False,True,HOLD,TARGET
38784,2026-09-01 12:53:40.044,-1,2.0,3.0,4.364,10,10,False,False,True,HOLD,STOP
38788,2026-09-01 12:54:40.036,-1,0.0,5.0,-1.0942,1,1,False,False,True,HOLD,STOP
38798,2026-09-01 12:56:19.160,-1,2.0,3.0,2.5813,10,8,False,False,True,HOLD,STOP
38800,2026-09-01 12:57:23.848,-1,1.0,4.0,-2.8336,0,0,False,False,True,HOLD,STOP
38817,2026-09-01 12:59:38.396,1,2.0,3.0,1.9387,10,1,False,False,True,HOLD,TARGET
38822,2026-09-01 12:59:54.676,1,2.0,3.0,1.5314,10,3,False,False,True,HOLD,TARGET
38826,2026-09-01 13:00:01.112,1,0.0,5.0,1.8722,10,10,False,False,False,HOLD,TARGET
38841,2026-09-01 13:05:00.456,1,1.0,4.0,-1.5629,5,5,False,False,False,HOLD,STOP
38856,2026-09-01 13:42:35.624,1,1.0,4.0,0.5465,3,3,False,False,False,HOLD,STOP
38864,2026-09-01 15:00:07.532,1,2.0,3.0,-2.2373,3,1,False,False,False,HOLD,STOP
38897,2026-09-01 16:31:34.836,1,2.0,3.0,-1.8815,1,1,False,False,False,HOLD,STOP
38898,2026-09-01 16:45:00.072,1,1.0,4.0,-1.0189,5,4,False,False,False,HOLD,STOP
38904,2026-09-01 17:01:26.336,1,0.0,5.0,-3.5096,1,1,False,False,False,HOLD,STOP
38926,2026-09-01 17:16:03.104,1,2.0,3.0,-2.5113,0,0,False,False,False,HOLD,TARGET
38931,2026-09-01 17:21:48.916,1,2.0,3.0,-2.5367,2,1,False,False,False,HOLD,TARGET
38932,2026-09-01 17:22:43.376,1,1.0,4.0,-1.5285,3,3,False,False,False,HOLD,TARGET
38940,2026-09-01 17:23:03.316,1,2.0,3.0,-2.5227,0,0,False,False,False,HOLD,STOP
38941,2026-09-01 17:23:12.704,1,0.0,5.0,-2.2954,1,1,False,False,False,HOLD,STOP
38958,2026-09-01 17:36:57.416,-1,2.0,3.0,-2.9722,0,0,False,False,False,HOLD,TARGET
38961,2026-09-01 17:40:16.516,-1,2.0,3.0,-1.3093,3,1,False,False,False,HOLD,TARGET
38981,2026-09-01 18:05:57.444,-1,2.0,3.0,-2.2891,2,1,False,False,False,HOLD,TARGET
38985,2026-09-01 18:13:08.904,-1,2.0,3.0,1.0588,10,1,False,False,False,HOLD,TARGET
38987,2026-09-01 18:13:46.708,-1,0.0,5.0,-1.5076,0,0,False,False,False,HOLD,STOP
39000,2026-09-01 18:30:13.180,-1,0.0,5.0,-2.4954,4,4,False,False,False,HOLD,TARGET
39007,2026-09-01 18:41:24.484,-1,1.0,4.0,3.1716,10,10,False,False,False,HOLD,TARGET
39011,2026-09-01 18:47:10.516,-1,0.0,5.0,0.6651,10,10,False,False,False,HOLD,TARGET
39017,2026-09-01 18:53:40.572,-1,2.0,3.0,-0.1956,0,0,False,False,False,HOLD,STOP
39049,2026-09-01 20:01:25.064,1,2.0,3.0,-0.8433,2,1,False,False,False,HOLD,STOP
39063,2026-09-01 20:37:18.912,-1,2.0,3.0,-0.5305,0,0,False,False,False,HOLD,TARGET
39070,2026-09-01 21:09:29.396,-1,1.0,4.0,0.8443,1,1,False,False,False,HOLD,TARGET
39080,2026-09-01 21:40:44.032,-1,1.0,4.0,-2.6113,1,1,False,False,False,HOLD,TARGET
39089,2026-09-01 22:06:45.020,-1,0.0,5.0,-0.1393,10,10,False,False,False,HOLD,STOP
39099,2026-09-01 22:28:56.096,1,2.0,3.0,2.1562,10,2,False,False,False,HOLD,TARGET
39103,2026-09-01 22:33:57.072,1,2.0,3.0,-0.2068,0,0,False,False,False,HOLD,STOP
39129,2026-09-01 23:14:47.336,-1,0.0,5.0,-3.6544,1,1,False,False,False,HOLD,TARGET
39130,2026-09-01 23:16:09.904,-1,1.0,4.0,-2.3979,2,2,False,False,False,HOLD,TARGET
39139,2026-09-01 23:29:30.440,-1,0.0,5.0,-1.6494,4,4,False,False,False,HOLD,TARGET
39142,2026-09-01 23:33:35.856,-1,2.0,3.0,-1.3686,0,0,False,False,False,HOLD,STOP
39167,2026-09-01 23:59:26.556,1,2.0,3.0,0.1435,8,8,False,False,False,HOLD,TARGET
39170,2026-09-02 00:00:37.708,1,2.0,3.0,0.4928,1,1,False,False,False,HOLD,TARGET
39171,2026-09-02 00:00:48.204,1,2.0,3.0,1.6055,10,10,False,False,False,HOLD,TARGET
39177,2026-09-02 00:06:20.364,1,1.0,4.0,1.4707,1,1,False,False,False,HOLD,TARGET
39187,2026-09-02 00:19:17.356,1,2.0,3.0,-0.9058,5,4,False,False,False,HOLD,STOP
39221,2026-09-02 00:52:40.936,-1,2.0,3.0,0.8995,10,1,False,False,False,HOLD,TARGET
39228,2026-09-02 00:59:44.532,-1,1.0,4.0,-3.9737,3,1,False,False,False,HOLD,TARGET
39233,2026-09-02 01:01:39.228,-1,2.0,3.0,-2.8464,0,0,False,False,False,HOLD,STOP
39253,2026-09-02 01:10:43.300,1,2.0,3.0,-1.9419,1,1,False,False,False,HOLD,STOP
39266,2026-09-02 01:21:37.488,-1,1.0,4.0,3.6641,10,10,False,False,False,HOLD,STOP
39270,2026-09-02 01:25:55.996,-1,2.0,3.0,-0.6611,2,1,False,False,False,HOLD,STOP
39274,2026-09-02 01:29:01.504,-1,2.0,3.0,-2.0049,2,1,False,False,False,HOLD,STOP
39293,2026-09-02 01:46:11.376,-1,1.0,4.0,1.9519,10,10,False,False,False,HOLD,TARGET
39294,2026-09-02 01:47:39.448,-1,2.0,3.0,2.7404,10,10,False,False,False,HOLD,TARGET
39296,2026-09-02 01:51:05.384,-1,0.0,5.0,2.88,10,10,False,False,False,HOLD,TARGET
39297,2026-09-02 01:51:30.748,-1,2.0,3.0,3.4622,10,10,True,False,False,HOLD,TARGET
39299,2026-09-02 01:52:25.828,-1,2.0,3.0,5.4771,10,10,True,True,False,HOLD,TARGET
39301,2026-09-02 01:53:37.864,-1,2.0,3.0,6.0911,10,10,True,True,False,HOLD,TARGET
39348,2026-09-02 02:23:19.000,-1,2.0,3.0,0.809,5,5,False,False,False,HOLD,TARGET
39356,2026-09-02 02:33:06.372,-1,2.0,3.0,2.0226,10,6,False,False,False,HOLD,TARGET
39364,2026-09-02 02:44:20.828,-1,1.0,4.0,-2.4694,2,1,False,False,False,HOLD,STOP
39378,2026-09-02 03:02:47.412,-1,2.0,3.0,0.4518,10,6,False,False,False,HOLD,TARGET
39379,2026-09-02 03:03:14.672,-1,2.0,3.0,1.5737,10,10,False,False,False,HOLD,STOP
39380,2026-09-02 03:06:45.212,-1,2.0,3.0,2.4462,10,10,False,False,False,HOLD,STOP
39403,2026-09-02 03:51:14.628,-1,1.0,4.0,-2.4102,0,0,False,False,False,HOLD,TARGET
39413,2026-09-02 04:01:15.428,-1,2.0,3.0,3.2275,10,10,False,False,False,HOLD,TARGET
39417,2026-09-02 04:06:23.232,-1,2.0,3.0,0.5512,0,0,False,False,False,HOLD,STOP
39432,2026-09-02 04:10:55.548,1,2.0,3.0,-0.9736,1,1,False,False,False,HOLD,TARGET
39435,2026-09-02 04:12:55.108,1,2.0,3.0,0.4377,1,1,False,False,False,HOLD,TARGET
39438,2026-09-02 04:14:36.040,1,2.0,3.0,0.7656,10,1,False,False,False,HOLD,TARGET
39449,2026-09-02 04:15:35.664,1,1.0,4.0,-3.2574,1,1,False,False,False,HOLD,TARGET
39463,2026-09-02 04:23:53.440,1,2.0,3.0,-1.4854,1,1,False,False,False,HOLD,TARGET
39465,2026-09-02 04:27:02.792,1,0.0,5.0,1.5335,10,10,False,False,False,HOLD,TARGET
39469,2026-09-02 04:30:39.396,1,1.0,4.0,-0.6075,0,0,False,False,False,HOLD,TARGET
39471,2026-09-02 04:32:36.092,1,1.0,4.0,-3.5527,0,0,False,False,False,HOLD,TARGET
39475,2026-09-02 04:34:47.688,1,0.0,5.0,2.9095,10,10,False,False,False,HOLD,TARGET
39506,2026-09-02 05:04:29.748,1,0.0,5.0,-0.3387,1,1,False,False,False,HOLD,TARGET
39511,2026-09-02 05:06:45.096,1,1.0,4.0,4.0263,10,10,True,True,False,HOLD,STOP
39524,2026-09-02 05:13:44.300,1,1.0,4.0,0.4893,9,9,False,False,False,HOLD,TARGET
39555,2026-09-02 05:21:08.340,1,1.0,4.0,-0.723,1,1,False,False,False,HOLD,TARGET
39559,2026-09-02 05:21:20.320,1,2.0,3.0,-2.7168,0,0,False,False,False,HOLD,TARGET
39587,2026-09-02 05:34:01.516,-1,1.0,4.0,3.4399,10,10,False,False,False,HOLD,TARGET
39596,2026-09-02 05:47:01.692,-1,1.0,4.0,0.9145,10,3,False,False,False,HOLD,TARGET
39604,2026-09-02 05:56:13.040,-1,1.0,4.0,2.6582,10,1,True,False,False,HOLD,STOP
39618,2026-09-02 06:13:32.456,-1,1.0,4.0,-3.8693,5,1,False,False,False,HOLD,STOP
39663,2026-09-02 06:31:12.184,-1,2.0,3.0,-2.5307,1,1,False,False,True,HOLD,STOP
39727,2026-09-02 06:40:24.652,1,1.0,4.0,-2.2706,0,0,False,False,True,HOLD,TARGET
39731,2026-09-02 06:41:11.004,1,1.0,4.0,-1.9997,0,0,False,False,True,HOLD,TARGET
39735,2026-09-02 06:41:28.944,1,0.0,5.0,-0.8613,4,4,False,False,True,HOLD,NONE
39740,2026-09-02 06:42:24.024,1,0.0,5.0,-2.3439,1,1,False,False,True,HOLD,STOP
39766,2026-09-02 06:46:36.980,-1,2.0,3.0,0.3396,4,3,False,False,False,HOLD,STOP
39810,2026-09-02 06:57:26.124,1,2.0,3.0,2.8459,10,10,False,False,False,HOLD,STOP
39820,2026-09-02 07:00:13.616,1,2.0,3.0,0.6831,0,0,False,False,True,HOLD,TARGET
39823,2026-09-02 07:00:39.992,1,1.0,4.0,-0.7129,0,0,False,False,True,HOLD,TARGET
39824,2026-09-02 07:00:59.472,1,2.0,3.0,0.6677,1,1,False,False,True,HOLD,TARGET
39826,2026-09-02 07:01:09.408,1,2.0,3.0,4.3916,10,10,True,True,True,HOLD,TARGET
39827,2026-09-02 07:01:15.160,1,1.0,4.0,3.8601,10,10,True,False,True,HOLD,TARGET
39832,2026-09-02 07:02:16.096,1,0.0,5.0,-3.2294,0,0,False,False,True,HOLD,STOP
39844,2026-09-02 07:04:11.080,1,1.0,4.0,-1.3616,1,1,False,False,True,HOLD,TARGET
39845,2026-09-02 07:04:14.336,1,2.0,3.0,0.1632,10,2,False,False,True,HOLD,TARGET
39860,2026-09-02 07:09:01.324,1,2.0,3.0,-2.3779,0,0,False,False,True,HOLD,STOP
39888,2026-09-02 07:16:59.008,1,1.0,4.0,1.6636,10,3,False,False,True,HOLD,TARGET
39889,2026-09-02 07:17:19.568,1,1.0,4.0,1.7384,10,10,True,False,True,HOLD,TARGET
39898,2026-09-02 07:20:27.120,1,2.0,3.0,1.5585,0,0,False,False,True,HOLD,TARGET
39902,2026-09-02 07:21:37.324,1,2.0,3.0,3.4377,10,10,True,False,True,HOLD,TARGET
39928,2026-09-02 07:31:58.932,1,1.0,4.0,-3.1729,3,3,False,False,True,HOLD,STOP
39939,2026-09-02 07:35:13.772,1,2.0,3.0,5.6274,10,10,True,True,True,HOLD,TARGET
39940,2026-09-02 07:35:35.976,1,0.0,5.0,4.0435,10,10,False,False,True,HOLD,STOP
39942,2026-09-02 07:36:20.628,1,1.0,4.0,-1.949,0,0,False,False,True,HOLD,TARGET
39952,2026-09-02 07:40:21.972,1,1.0,4.0,2.2562,10,10,True,False,True,HOLD,TARGET
39963,2026-09-02 07:44:26.996,1,1.0,4.0,2.8021,10,10,True,False,True,HOLD,STOP
39991,2026-09-02 07:56:15.260,-1,1.0,4.0,-2.0765,2,1,False,False,True,HOLD,TARGET
39999,2026-09-02 07:58:32.536,-1,0.0,5.0,-4.4933,1,1,False,False,True,HOLD,TARGET
40028,2026-09-02 08:07:41.952,-1,2.0,3.0,-1.5257,1,1,False,False,False,HOLD,TARGET
40033,2026-09-02 08:10:30.340,-1,2.0,3.0,-1.7749,1,1,False,False,False,HOLD,STOP
40045,2026-09-02 08:13:55.100,-1,2.0,3.0,1.2338,8,8,False,False,False,HOLD,STOP
40103,2026-09-02 08:47:46.008,-1,1.0,4.0,1.5851,0,0,False,False,False,HOLD,TARGET
40117,2026-09-02 08:54:39.932,-1,2.0,3.0,-2.3673,4,4,False,False,False,HOLD,TARGET
40118,2026-09-02 08:55:18.616,-1,1.0,4.0,-1.3968,5,5,False,False,False,HOLD,STOP
40119,2026-09-02 08:56:16.056,-1,1.0,4.0,-0.6419,7,6,False,False,False,HOLD,STOP
40133,2026-09-02 09:04:55.408,1,0.0,5.0,-2.3457,2,2,False,False,False,HOLD,NONE
40138,2026-09-02 09:07:09.532,1,1.0,4.0,-2.8782,1,1,False,False,False,HOLD,STOP
40162,2026-09-02 09:26:46.368,-1,2.0,3.0,2.7311,10,1,True,False,False,HOLD,TARGET
40163,2026-09-02 09:27:56.460,-1,2.0,3.0,3.3464,10,10,True,False,False,HOLD,TARGET
40164,2026-09-02 09:28:36.464,-1,1.0,4.0,3.0472,10,10,True,False,False,HOLD,TARGET
40165,2026-09-02 09:29:46.700,-1,2.0,3.0,3.5923,10,10,True,False,False,HOLD,STOP
40174,2026-09-02 09:33:56.504,-1,2.0,3.0,-2.4827,4,3,False,False,False,HOLD,STOP
40182,2026-09-02 09:40:05.132,-1,1.0,4.0,-2.8876,2,2,False,False,False,HOLD,TARGET
40184,2026-09-02 09:41:42.832,-1,0.0,5.0,0.0804,10,10,False,False,False,HOLD,TARGET
40185,2026-09-02 09:42:55.632,-1,1.0,4.0,0.5069,10,10,False,False,False,HOLD,TARGET
40190,2026-09-02 09:47:27.232,-1,2.0,3.0,-1.4917,2,1,False,False,False,HOLD,STOP
40231,2026-09-02 10:17:43.576,-1,2.0,3.0,-1.9683,1,1,False,False,False,HOLD,TARGET
40234,2026-09-02 10:21:15.384,-1,0.0,5.0,2.5815,10,10,False,False,False,HOLD,STOP
40258,2026-09-02 10:41:08.676,-1,0.0,5.0,-2.706,1,1,False,False,False,HOLD,STOP
40275,2026-09-02 10:48:02.284,1,1.0,4.0,0.5449,1,1,False,False,False,HOLD,STOP
40290,2026-09-02 10:56:51.632,1,2.0,3.0,-0.674,4,4,False,False,False,HOLD,TARGET
40303,2026-09-02 11:05:28.732,1,2.0,3.0,4.4267,10,10,False,False,True,HOLD,STOP
40316,2026-09-02 11:18:46.612,1,0.0,5.0,4.6392,10,10,False,False,True,HOLD,TARGET
40321,2026-09-02 11:18:50.012,1,2.0,3.0,2.6577,1,1,True,False,True,HOLD,TARGET
40352,2026-09-02 11:39:51.116,-1,2.0,3.0,5.3064,10,10,False,False,True,HOLD,TARGET
40397,2026-09-02 12:29:11.244,1,0.0,5.0,-0.6051,10,10,False,False,True,HOLD,STOP
40401,2026-09-02 12:33:20.980,1,1.0,4.0,-2.5008,2,1,False,False,True,HOLD,STOP
40416,2026-09-02 12:46:39.796,1,1.0,4.0,-2.4625,0,0,False,False,True,HOLD,STOP
40468,2026-09-02 13:13:16.348,1,2.0,3.0,-2.0485,0,0,False,False,False,HOLD,STOP
40480,2026-09-02 13:15:12.360,-1,2.0,3.0,-1.2508,0,0,False,False,False,HOLD,TARGET
40483,2026-09-02 13:15:29.604,-1,1.0,4.0,-0.4705,1,1,False,False,False,HOLD,TARGET
40499,2026-09-02 13:21:29.496,-1,0.0,5.0,-3.6713,1,1,False,False,False,HOLD,STOP
40535,2026-09-02 15:23:19.312,1,2.0,3.0,3.6461,10,10,False,False,False,HOLD,STOP
40553,2026-09-02 16:47:16.140,1,2.0,3.0,4.0704,10,10,False,False,False,HOLD,STOP
40577,2026-09-02 17:32:12.140,-1,0.0,5.0,-0.9893,1,1,False,False,False,HOLD,STOP
40590,2026-09-02 18:11:08.536,-1,1.0,4.0,-1.7826,5,5,False,False,False,HOLD,STOP
40602,2026-09-02 18:31:35.912,1,2.0,3.0,0.607,5,5,False,False,False,HOLD,TARGET
40616,2026-09-02 18:57:14.076,-1,2.0,3.0,1.4126,10,10,False,False,False,HOLD,TARGET
40617,2026-09-02 18:58:47.916,-1,2.0,3.0,2.3209,10,10,False,False,False,HOLD,TARGET
40632,2026-09-02 19:33:40.976,1,2.0,3.0,1.8854,10,3,False,False,False,HOLD,STOP
40646,2026-09-02 20:26:17.032,1,2.0,3.0,-1.5227,0,0,False,False,False,HOLD,TARGET
40649,2026-09-02 20:32:53.444,1,1.0,4.0,-0.8001,3,1,False,False,False,HOLD,TARGET
40657,2026-09-02 21:08:36.284,1,0.0,5.0,-2.0926,1,1,False,False,False,HOLD,STOP
40676,2026-09-02 22:13:31.100,-1,0.0,5.0,3.8053,1,1,False,False,False,HOLD,TARGET
40677,2026-09-02 22:14:09.420,-1,0.0,5.0,2.6263,10,10,False,False,False,HOLD,TARGET
40680,2026-09-02 22:16:34.036,-1,1.0,4.0,2.0931,10,1,True,False,False,HOLD,TARGET
40681,2026-09-02 22:17:14.704,-1,2.0,3.0,2.8502,10,10,True,False,False,HOLD,TARGET
40682,2026-09-02 22:17:45.828,-1,1.0,4.0,2.6612,10,10,True,False,False,HOLD,TARGET
40688,2026-09-02 22:23:11.608,-1,2.0,3.0,7.9755,10,10,True,True,False,HOLD,TARGET
40735,2026-09-02 22:56:17.784,1,1.0,4.0,-0.4897,1,1,False,False,False,HOLD,TARGET
40738,2026-09-02 23:00:34.616,1,0.0,5.0,2.2017,10,10,False,False,False,HOLD,STOP
40785,2026-09-03 00:01:37.760,1,1.0,4.0,-1.509,0,0,False,False,False,HOLD,TARGET
40788,2026-09-03 00:02:45.736,1,1.0,4.0,-1.2642,3,1,False,False,False,HOLD,TARGET
40789,2026-09-03 00:03:05.112,1,2.0,3.0,0.239,4,4,False,False,False,HOLD,TARGET
40814,2026-09-03 00:16:30.292,1,2.0,3.0,-1.2714,1,1,False,False,False,HOLD,STOP
40818,2026-09-03 00:20:40.704,1,2.0,3.0,-1.8922,2,1,False,False,False,HOLD,STOP
40819,2026-09-03 00:23:59.588,1,0.0,5.0,-1.805,3,3,False,False,False,HOLD,STOP
40841,2026-09-03 00:38:58.036,1,2.0,3.0,-1.047,4,1,False,False,False,HOLD,TARGET
40863,2026-09-03 00:57:22.580,1,1.0,4.0,1.9653,1,1,False,False,False,HOLD,TARGET
40865,2026-09-03 01:00:08.488,1,2.0,3.0,-0.6136,0,0,False,False,False,HOLD,TARGET
40867,2026-09-03 01:00:56.028,1,1.0,4.0,2.8387,10,10,False,False,False,HOLD,TARGET
40883,2026-09-03 01:03:34.532,1,1.0,4.0,0.8408,2,1,False,False,False,HOLD,TARGET
40924,2026-09-03 01:07:14.836,1,2.0,3.0,-2.1766,0,0,False,False,False,HOLD,TARGET
40925,2026-09-03 01:07:30.420,1,1.0,4.0,-1.2485,1,1,False,False,False,HOLD,TARGET
40927,2026-09-03 01:07:52.072,1,1.0,4.0,1.2447,10,10,False,False,False,HOLD,STOP
40949,2026-09-03 01:16:00.116,-1,1.0,4.0,-2.3643,1,1,False,False,False,HOLD,TARGET
40978,2026-09-03 01:38:50.824,-1,0.0,5.0,-3.2512,1,1,False,False,False,HOLD,TARGET
41003,2026-09-03 02:21:38.004,-1,1.0,4.0,-0.9798,8,1,False,False,False,HOLD,TARGET
41022,2026-09-03 02:49:27.316,-1,2.0,3.0,3.0431,10,10,True,False,False,HOLD,TARGET
41034,2026-09-03 02:58:43.184,-1,2.0,3.0,3.561,10,10,True,False,False,HOLD,STOP
41046,2026-09-03 03:09:13.280,-1,2.0,3.0,-1.7324,4,1,False,False,False,HOLD,TARGET
41052,2026-09-03 03:14:32.748,-1,2.0,3.0,3.1487,10,10,True,False,False,HOLD,TARGET
41054,2026-09-03 03:16:52.624,-1,2.0,3.0,-1.7125,0,0,False,False,False,HOLD,TARGET
41058,2026-09-03 03:20:28.668,-1,1.0,4.0,-2.0995,1,1,False,False,False,HOLD,TARGET
41059,2026-09-03 03:23:27.752,-1,2.0,3.0,-0.4107,5,3,False,False,False,HOLD,TARGET
41060,2026-09-03 03:24:59.412,-1,1.0,4.0,0.125,10,10,False,False,False,HOLD,STOP
41063,2026-09-03 03:29:12.732,-1,2.0,3.0,0.2824,10,1,False,False,False,HOLD,STOP
41069,2026-09-03 03:37:35.708,-1,1.0,4.0,-1.1698,4,4,False,False,False,HOLD,TARGET
41077,2026-09-03 03:48:35.916,-1,0.0,5.0,-2.6455,4,4,False,False,False,HOLD,TARGET
41106,2026-09-03 04:09:15.056,1,1.0,4.0,0.3376,0,0,False,False,False,HOLD,TARGET
41114,2026-09-03 04:18:27.108,1,0.0,5.0,0.4066,1,1,False,False,False,HOLD,TARGET
41141,2026-09-03 04:31:17.780,-1,1.0,4.0,3.3718,10,10,False,False,False,HOLD,TARGET
41225,2026-09-03 05:24:47.084,1,2.0,3.0,4.6126,10,10,False,False,False,HOLD,TARGET
41227,2026-09-03 05:26:01.784,1,2.0,3.0,-0.8269,0,0,False,False,False,HOLD,TARGET
41234,2026-09-03 05:30:01.096,1,2.0,3.0,3.5796,10,10,False,False,False,HOLD,TARGET
41243,2026-09-03 05:30:01.476,1,2.0,3.0,1.2728,0,0,False,False,False,HOLD,TARGET
41249,2026-09-03 05:30:02.700,1,2.0,3.0,-1.4627,4,1,False,False,False,HOLD,TARGET
41252,2026-09-03 05:30:02.980,1,2.0,3.0,-0.599,7,1,False,False,False,HOLD,TARGET
41255,2026-09-03 05:30:04.012,1,0.0,5.0,2.7552,10,10,False,False,False,HOLD,TARGET
41258,2026-09-03 05:30:04.164,1,1.0,4.0,5.7161,10,10,True,True,False,HOLD,STOP
41261,2026-09-03 05:30:04.620,1,2.0,3.0,-2.2721,0,0,False,False,False,HOLD,TARGET
41308,2026-09-03 05:30:18.228,-1,1.0,4.0,-2.102,0,0,False,False,False,HOLD,TARGET
41320,2026-09-03 05:30:41.276,-1,2.0,3.0,-1.3411,6,5,False,False,False,HOLD,STOP
41335,2026-09-03 05:31:19.712,1,0.0,5.0,-4.2238,2,2,False,False,False,HOLD,TARGET
41339,2026-09-03 05:31:45.460,1,2.0,3.0,-0.0151,7,7,False,False,False,HOLD,TARGET
41367,2026-09-03 05:41:11.428,-1,1.0,4.0,-3.8799,1,1,False,False,False,HOLD,TARGET
41368,2026-09-03 05:41:34.320,-1,0.0,5.0,-3.3511,3,3,False,False,False,HOLD,TARGET
41370,2026-09-03 05:42:35.168,-1,1.0,4.0,0.5778,10,10,False,False,False,HOLD,STOP
41387,2026-09-03 05:53:02.100,1,1.0,4.0,1.3271,10,1,False,False,False,HOLD,TARGET
41398,2026-09-03 05:56:45.228,1,1.0,4.0,-3.1698,0,0,False,False,False,HOLD,TARGET
41399,2026-09-03 05:57:12.328,1,2.0,3.0,-1.2432,1,1,False,False,False,HOLD,TARGET
41401,2026-09-03 05:57:49.436,1,1.0,4.0,1.2479,10,4,False,False,False,HOLD,STOP
41436,2026-09-03 06:15:28.368,1,2.0,3.0,2.2173,0,0,False,False,False,HOLD,TARGET
41437,2026-09-03 06:16:28.016,1,2.0,3.0,2.9468,1,1,True,False,False,HOLD,STOP
41438,2026-09-03 06:17:08.520,1,0.0,5.0,1.9586,2,2,False,False,False,HOLD,STOP
41462,2026-09-03 06:30:01.420,1,2.0,3.0,0.703,2,1,False,False,False,HOLD,TARGET
41473,2026-09-03 06:30:37.136,1,2.0,3.0,-2.669,0,0,False,False,False,HOLD,STOP
41502,2026-09-03 06:33:08.800,1,2.0,3.0,1.2643,10,3,False,False,True,HOLD,TARGET
41503,2026-09-03 06:33:15.320,1,0.0,5.0,0.65,10,10,False,False,True,HOLD,TARGET
41504,2026-09-03 06:33:24.108,1,2.0,3.0,1.7278,10,10,True,False,True,HOLD,TARGET
41508,2026-09-03 06:33:46.012,1,2.0,3.0,1.4512,0,0,False,False,True,HOLD,TARGET
41509,2026-09-03 06:33:54.168,1,1.0,4.0,1.5732,1,1,True,False,True,HOLD,STOP
41510,2026-09-03 06:33:56.672,1,1.0,4.0,1.668,2,2,True,False,True,HOLD,STOP
41513,2026-09-03 06:34:26.288,1,1.0,4.0,-0.5087,1,1,False,False,True,HOLD,STOP
41523,2026-09-03 06:35:32.200,1,0.0,5.0,-3.3296,1,1,False,False,True,HOLD,STOP
41539,2026-09-03 06:37:46.984,1,0.0,5.0,0.8713,1,1,False,False,True,HOLD,TARGET
41543,2026-09-03 06:38:32.784,1,2.0,3.0,5.718,10,10,True,True,True,HOLD,TARGET
41562,2026-09-03 06:41:23.024,1,1.0,4.0,-2.3755,3,3,False,False,True,HOLD,TARGET
41565,2026-09-03 06:41:40.616,1,1.0,4.0,-1.6719,7,1,False,False,True,HOLD,TARGET
41611,2026-09-03 06:51:39.972,1,1.0,4.0,-2.0568,1,1,False,False,False,HOLD,TARGET
41612,2026-09-03 06:51:54.696,1,1.0,4.0,-1.1553,3,2,False,False,False,HOLD,TARGET
41615,2026-09-03 06:52:31.112,1,1.0,4.0,-3.7287,0,0,False,False,False,HOLD,STOP
41616,2026-09-03 06:52:43.628,1,1.0,4.0,-2.4557,1,1,False,False,False,HOLD,STOP
41660,2026-09-03 07:01:08.032,-1,1.0,4.0,5.1016,10,10,True,True,True,HOLD,TARGET
41686,2026-09-03 07:04:20.272,-1,2.0,3.0,-1.3514,3,3,False,False,True,HOLD,TARGET
41706,2026-09-03 07:07:47.136,-1,2.0,3.0,-0.0312,10,1,False,False,True,HOLD,TARGET
41749,2026-09-03 07:15:02.856,1,0.0,5.0,1.2273,10,10,False,False,True,HOLD,TARGET
41750,2026-09-03 07:15:15.928,1,1.0,4.0,1.399,10,10,False,False,True,HOLD,TARGET
41751,2026-09-03 07:15:24.624,1,2.0,3.0,2.3103,10,10,False,False,True,HOLD,TARGET
41761,2026-09-03 07:17:57.908,1,0.0,5.0,-3.1502,3,3,False,False,True,HOLD,TARGET
41765,2026-09-03 07:19:06.600,1,1.0,4.0,-3.2231,2,1,False,False,True,HOLD,TARGET
41767,2026-09-03 07:19:33.000,1,1.0,4.0,0.0502,10,10,False,False,True,HOLD,TARGET
41770,2026-09-03 07:20:45.632,1,1.0,4.0,4.7795,10,10,True,True,True,HOLD,STOP
41795,2026-09-03 07:28:01.168,1,2.0,3.0,-0.8311,2,1,False,False,True,HOLD,STOP
41806,2026-09-03 07:30:47.824,1,2.0,3.0,-0.1125,9,1,False,False,True,HOLD,STOP
41827,2026-09-03 07:34:55.140,-1,2.0,3.0,5.5366,10,10,False,False,True,HOLD,TARGET
41836,2026-09-03 07:36:41.164,-1,2.0,3.0,-2.742,4,2,False,False,True,HOLD,STOP
41839,2026-09-03 07:37:23.040,-1,1.0,4.0,-3.1886,1,1,False,False,True,HOLD,STOP
41852,2026-09-03 07:39:40.304,-1,1.0,4.0,-1.0847,1,1,False,False,True,HOLD,TARGET
41858,2026-09-03 07:40:50.152,-1,2.0,3.0,-2.607,1,1,False,False,True,HOLD,TARGET
41880,2026-09-03 07:45:31.752,-1,2.0,3.0,-1.3622,5,1,False,False,True,HOLD,STOP
41894,2026-09-03 07:48:26.252,1,1.0,4.0,-0.8737,0,0,False,False,True,HOLD,TARGET
41935,2026-09-03 07:56:21.772,-1,0.0,5.0,0.7017,0,0,False,False,True,HOLD,TARGET
41938,2026-09-03 07:56:22.816,-1,1.0,4.0,5.6909,10,10,True,True,True,HOLD,TARGET
41966,2026-09-03 07:57:54.108,1,1.0,4.0,-0.6787,3,3,False,False,True,HOLD,TARGET
41968,2026-09-03 07:58:12.480,1,2.0,3.0,3.5771,10,10,False,False,True,HOLD,TARGET
41972,2026-09-03 07:59:09.640,1,2.0,3.0,3.2055,10,1,True,False,True,HOLD,TARGET
41975,2026-09-03 07:59:49.772,1,2.0,3.0,6.1008,10,10,True,True,True,HOLD,TARGET
41979,2026-09-03 08:01:00.460,1,2.0,3.0,1.7072,0,0,False,False,False,HOLD,TARGET
41984,2026-09-03 08:03:01.768,1,1.0,4.0,4.0626,10,10,True,True,False,HOLD,TARGET
41985,2026-09-03 08:03:12.304,1,2.0,3.0,4.382,10,10,True,True,False,HOLD,TARGET
41995,2026-09-03 08:05:52.640,1,0.0,5.0,6.9574,10,10,False,False,False,HOLD,TARGET
41999,2026-09-03 08:07:23.012,1,1.0,4.0,-0.4727,1,1,False,False,False,HOLD,TARGET
42013,2026-09-03 08:10:49.852,1,2.0,3.0,1.493,10,10,False,False,False,HOLD,TARGET
42014,2026-09-03 08:11:20.368,1,2.0,3.0,2.3834,10,10,True,False,False,HOLD,TARGET
42019,2026-09-03 08:13:36.308,1,1.0,4.0,2.1631,10,1,True,False,False,HOLD,TARGET
42023,2026-09-03 08:15:28.472,1,2.0,3.0,4.7568,10,10,True,True,False,HOLD,TARGET
42027,2026-09-03 08:17:31.968,1,1.0,4.0,0.938,0,0,False,False,False,HOLD,TARGET
42029,2026-09-03 08:18:40.564,1,2.0,3.0,-1.84,0,0,False,False,False,HOLD,TARGET
42030,2026-09-03 08:18:46.440,1,2.0,3.0,-0.2089,1,1,False,False,False,HOLD,TARGET
42048,2026-09-03 08:25:55.556,1,2.0,3.0,1.5289,2,1,False,False,False,HOLD,TARGET
42057,2026-09-03 08:29:44.536,1,2.0,3.0,6.1273,10,10,True,True,False,HOLD,TARGET
42063,2026-09-03 08:31:51.588,1,1.0,4.0,-0.3054,0,0,False,False,False,HOLD,STOP
42092,2026-09-03 08:45:29.340,1,2.0,3.0,-1.189,2,1,False,False,False,HOLD,TARGET
42095,2026-09-03 08:48:01.224,1,2.0,3.0,-2.9668,0,0,False,False,False,HOLD,TARGET
42096,2026-09-03 08:48:28.048,1,1.0,4.0,-1.8631,1,1,False,False,False,HOLD,TARGET
42098,2026-09-03 08:51:32.332,1,2.0,3.0,2.8606,10,10,False,False,False,HOLD,TARGET
42100,2026-09-03 08:52:30.460,1,2.0,3.0,5.1132,10,10,True,True,False,HOLD,STOP
42111,2026-09-03 08:59:52.872,1,2.0,3.0,0.5914,10,1,False,False,False,HOLD,STOP
42130,2026-09-03 09:11:13.772,-1,2.0,3.0,-1.9235,0,0,False,False,False,HOLD,TARGET
42148,2026-09-03 09:24:28.880,-1,1.0,4.0,-0.2392,10,8,False,False,False,HOLD,TARGET
42149,2026-09-03 09:25:03.372,-1,2.0,3.0,1.0362,10,10,False,False,False,HOLD,TARGET
42151,2026-09-03 09:26:49.892,-1,2.0,3.0,3.4046,10,10,False,False,False,HOLD,STOP
42195,2026-09-03 10:10:00.212,-1,2.0,3.0,4.3799,10,10,False,False,False,HOLD,TARGET
42203,2026-09-03 10:19:40.036,-1,2.0,3.0,-1.1049,3,1,False,False,False,HOLD,TARGET
42205,2026-09-03 10:21:39.340,-1,1.0,4.0,1.9365,10,10,False,False,False,HOLD,STOP
42253,2026-09-03 11:06:35.628,1,1.0,4.0,-1.2544,4,1,False,False,True,HOLD,TARGET
42257,2026-09-03 11:11:12.932,1,2.0,3.0,-1.9905,2,1,False,False,True,HOLD,TARGET
42260,2026-09-03 11:13:57.116,1,1.0,4.0,-2.2301,1,1,False,False,True,HOLD,TARGET
42261,2026-09-03 11:15:41.392,1,1.0,4.0,-1.2901,10,2,False,False,True,HOLD,STOP
42298,2026-09-03 12:15:33.976,-1,0.0,5.0,0.9191,10,10,False,False,True,HOLD,STOP
42318,2026-09-03 12:42:22.056,-1,2.0,3.0,0.3727,10,5,False,False,True,HOLD,TARGET
42337,2026-09-03 12:56:16.900,-1,0.0,5.0,2.0677,10,10,False,False,True,HOLD,TARGET
42345,2026-09-03 12:59:30.020,-1,2.0,3.0,-0.4857,2,1,False,False,True,HOLD,STOP
42389,2026-09-03 15:09:47.976,-1,2.0,3.0,-2.6307,6,1,False,False,False,HOLD,STOP
42418,2026-09-03 17:39:57.720,1,1.0,4.0,-0.6409,1,1,False,False,False,HOLD,TARGET
42419,2026-09-03 17:49:02.124,1,2.0,3.0,0.7238,10,10,False,False,False,HOLD,TARGET
42430,2026-09-03 18:36:59.320,1,1.0,4.0,-0.1369,1,1,False,False,False,HOLD,STOP
42439,2026-09-03 19:12:07.828,1,1.0,4.0,-1.2668,5,1,False,False,False,HOLD,TARGET
42440,2026-09-03 19:30:02.432,1,2.0,3.0,0.237,10,8,False,False,False,HOLD,TARGET
42442,2026-09-03 19:40:37.264,1,0.0,5.0,-3.2147,0,0,False,False,False,HOLD,TARGET
42454,2026-09-03 21:22:13.980,1,1.0,4.0,-1.4867,4,4,False,False,False,HOLD,TARGET
42472,2026-09-03 23:10:30.880,1,1.0,4.0,-2.6486,1,1,False,False,False,HOLD,TARGET
42502,2026-09-04 00:33:38.892,1,2.0,3.0,2.5801,10,10,False,False,False,HOLD,TARGET
42504,2026-09-04 00:38:41.840,1,2.0,3.0,-2.0565,0,0,False,False,False,HOLD,TARGET
42512,2026-09-04 01:01:18.068,1,0.0,5.0,-4.89,2,2,False,False,False,HOLD,NONE
42520,2026-09-04 01:12:30.868,1,2.0,3.0,-2.1124,1,1,False,False,False,HOLD,TARGET
42523,2026-09-04 01:20:36.444,1,0.0,5.0,-4.2751,1,1,False,False,False,HOLD,TARGET
42530,2026-09-04 01:47:12.116,1,2.0,3.0,-2.4283,1,1,False,False,False,HOLD,TARGET
42564,2026-09-04 03:42:25.628,1,2.0,3.0,-2.9147,1,1,False,False,False,HOLD,TARGET
42593,2026-09-04 05:06:54.688,-1,2.0,3.0,6.0526,10,10,True,True,False,HOLD,TARGET
42606,2026-09-04 05:14:08.104,-1,1.0,4.0,2.945,10,10,True,False,False,HOLD,TARGET
42607,2026-09-04 05:16:05.620,-1,0.0,5.0,1.9572,10,10,False,False,False,HOLD,TARGET
42608,2026-09-04 05:16:57.272,-1,1.0,4.0,1.9667,10,10,True,False,False,HOLD,STOP
42630,2026-09-04 05:29:54.020,1,1.0,4.0,5.4771,10,10,False,False,False,HOLD,STOP
42646,2026-09-04 05:30:00.972,1,2.0,3.0,-2.5615,1,1,False,False,False,HOLD,STOP
42647,2026-09-04 05:30:01.052,1,1.0,4.0,-1.5478,5,5,False,False,False,HOLD,STOP
42656,2026-09-04 05:30:01.116,-1,2.0,3.0,-1.7716,0,0,False,False,False,HOLD,TARGET
42663,2026-09-04 05:30:01.128,-1,0.0,5.0,0.1243,0,0,False,False,False,HOLD,TARGET
42702,2026-09-04 05:30:01.260,-1,1.0,4.0,-3.2673,0,0,False,False,False,HOLD,TARGET
42704,2026-09-04 05:30:01.264,-1,2.0,3.0,2.0112,10,10,False,False,False,HOLD,TARGET
42709,2026-09-04 05:30:01.336,-1,1.0,4.0,-2.3273,0,0,False,False,False,HOLD,TARGET
42711,2026-09-04 05:30:01.356,-1,0.0,5.0,-3.556,0,0,False,False,False,HOLD,TARGET
42824,2026-09-04 05:30:02.248,-1,1.0,4.0,-1.2938,1,1,False,False,False,HOLD,TARGET
42832,2026-09-04 05:30:03.072,-1,1.0,4.0,1.4012,10,10,False,False,False,HOLD,NONE
42833,2026-09-04 05:30:03.284,-1,2.0,3.0,2.3121,10,10,False,False,False,HOLD,STOP
42835,2026-09-04 05:30:03.588,-1,2.0,3.0,-2.2186,0,0,False,False,False,HOLD,TARGET
42841,2026-09-04 05:30:04.208,-1,2.0,3.0,-2.7873,2,1,False,False,False,HOLD,TARGET
42872,2026-09-04 05:30:07.708,-1,1.0,4.0,-0.1828,1,1,False,False,False,HOLD,STOP
42885,2026-09-04 05:30:10.160,1,1.0,4.0,-3.6663,0,0,False,False,False,HOLD,STOP
42916,2026-09-04 05:30:23.512,1,1.0,4.0,3.706,10,10,False,False,False,HOLD,TARGET
42918,2026-09-04 05:30:24.296,1,2.0,3.0,-0.1655,0,0,False,False,False,HOLD,TARGET
42924,2026-09-04 05:30:27.072,1,2.0,3.0,2.6236,10,10,False,False,False,HOLD,NONE
42927,2026-09-04 05:30:28.492,1,2.0,3.0,1.1891,1,1,False,False,False,HOLD,STOP
42966,2026-09-04 05:31:24.140,1,2.0,3.0,1.4396,10,1,False,False,False,HOLD,STOP
42968,2026-09-04 05:31:29.928,1,1.0,4.0,-1.7094,0,0,False,False,False,HOLD,STOP
42989,2026-09-04 05:32:15.620,-1,2.0,3.0,-2.8904,0,0,False,False,False,HOLD,TARGET
42991,2026-09-04 05:32:24.040,-1,2.0,3.0,1.0293,3,3,False,False,False,HOLD,TARGET
42994,2026-09-04 05:32:44.516,-1,2.0,3.0,2.1194,10,1,False,False,False,HOLD,STOP
43031,2026-09-04 05:36:02.440,1,2.0,3.0,-0.7264,2,1,False,False,False,HOLD,STOP
43045,2026-09-04 05:38:43.612,1,2.0,3.0,-2.4254,0,0,False,False,False,HOLD,TARGET
43066,2026-09-04 05:40:37.168,1,2.0,3.0,-1.4741,4,1,False,False,False,HOLD,TARGET
43067,2026-09-04 05:40:44.108,1,2.0,3.0,0.0757,6,5,False,False,False,HOLD,TARGET
43072,2026-09-04 05:42:07.844,1,0.0,5.0,-2.5195,1,1,False,False,False,HOLD,TARGET
43092,2026-09-04 05:47:30.124,-1,1.0,4.0,5.7671,10,10,True,True,False,HOLD,STOP
43124,2026-09-04 05:54:00.904,1,2.0,3.0,1.2802,10,4,False,False,False,HOLD,STOP
43136,2026-09-04 05:59:36.764,1,1.0,4.0,-2.8566,0,0,False,False,False,HOLD,STOP
43154,2026-09-04 06:05:57.688,1,2.0,3.0,1.0025,10,10,False,False,False,HOLD,STOP
43163,2026-09-04 06:10:21.100,-1,1.0,4.0,-2.5908,1,1,False,False,False,HOLD,STOP
43176,2026-09-04 06:20:18.204,1,2.0,3.0,-2.7447,1,1,False,False,False,HOLD,TARGET
43179,2026-09-04 06:22:04.132,1,2.0,3.0,0.3437,5,1,False,False,False,HOLD,TARGET
43205,2026-09-04 06:30:25.648,1,2.0,3.0,-0.3003,5,3,False,False,False,HOLD,TARGET
43207,2026-09-04 06:30:38.444,1,1.0,4.0,-3.3668,0,0,False,False,False,HOLD,TARGET
43208,2026-09-04 06:30:39.380,1,1.0,4.0,-2.1742,1,1,False,False,False,HOLD,TARGET
43209,2026-09-04 06:30:45.052,1,2.0,3.0,-0.4688,2,2,False,False,False,HOLD,TARGET
43210,2026-09-04 06:30:47.280,1,2.0,3.0,0.8576,10,10,False,False,False,HOLD,STOP
43223,2026-09-04 06:31:47.516,1,1.0,4.0,-0.9958,10,1,False,False,True,HOLD,TARGET
43229,2026-09-04 06:33:16.972,1,2.0,3.0,2.4318,10,10,False,False,True,HOLD,TARGET
43233,2026-09-04 06:33:52.528,1,1.0,4.0,-3.4155,0,0,False,False,True,HOLD,TARGET
43234,2026-09-04 06:34:01.908,1,0.0,5.0,-2.9898,1,1,False,False,True,HOLD,TARGET
43268,2026-09-04 06:41:14.984,-1,2.0,3.0,2.4096,10,10,False,False,True,HOLD,STOP
43274,2026-09-04 06:42:32.248,-1,0.0,5.0,-2.5508,3,3,False,False,True,HOLD,TARGET
43313,2026-09-04 06:52:31.344,-1,2.0,3.0,1.6168,10,10,False,False,False,HOLD,STOP
43343,2026-09-04 07:02:56.308,-1,2.0,3.0,3.2684,10,10,False,False,True,HOLD,STOP
43350,2026-09-04 07:04:45.128,-1,1.0,4.0,-2.5084,1,1,False,False,True,HOLD,NONE
43357,2026-09-04 07:06:45.752,-1,1.0,4.0,-2.5197,3,1,False,False,True,HOLD,TARGET
43366,2026-09-04 07:09:38.480,-1,2.0,3.0,0.2896,10,1,False,False,True,HOLD,TARGET
43368,2026-09-04 07:10:01.684,-1,2.0,3.0,3.5579,10,10,False,False,True,HOLD,TARGET
43377,2026-09-04 07:12:40.320,-1,2.0,3.0,5.1939,10,10,True,True,True,HOLD,TARGET
43417,2026-09-04 07:26:13.552,-1,2.0,3.0,-2.2596,2,1,False,False,True,HOLD,TARGET
43421,2026-09-04 07:28:02.648,-1,2.0,3.0,-1.8228,0,0,False,False,True,HOLD,STOP
43431,2026-09-04 07:31:41.084,-1,2.0,3.0,1.9382,8,8,False,False,True,HOLD,STOP
43458,2026-09-04 07:42:16.120,-1,1.0,4.0,-0.5128,10,1,False,False,True,HOLD,TARGET
43468,2026-09-04 07:45:32.396,-1,2.0,3.0,-2.4042,0,0,False,False,True,HOLD,TARGET
43469,2026-09-04 07:45:55.524,-1,2.0,3.0,-0.6477,1,1,False,False,True,HOLD,TARGET
43470,2026-09-04 07:46:42.112,-1,1.0,4.0,-0.0593,3,2,False,False,True,HOLD,TARGET
43484,2026-09-04 07:50:49.160,-1,2.0,3.0,-0.5913,0,0,False,False,True,HOLD,STOP
43504,2026-09-04 07:56:50.116,-1,1.0,4.0,2.0332,10,10,False,False,True,HOLD,TARGET
43511,2026-09-04 07:59:17.452,-1,1.0,4.0,-3.6488,2,1,False,False,True,HOLD,TARGET
43522,2026-09-04 08:02:21.028,-1,2.0,3.0,-1.8296,3,1,False,False,False,HOLD,TARGET
43559,2026-09-04 08:16:09.136,1,0.0,5.0,1.1013,10,10,False,False,False,HOLD,STOP
43579,2026-09-04 08:25:06.016,-1,2.0,3.0,-1.0183,4,1,False,False,False,HOLD,STOP
43582,2026-09-04 08:26:46.044,-1,1.0,4.0,-2.9825,1,1,False,False,False,HOLD,STOP
43591,2026-09-04 08:30:51.400,-1,2.0,3.0,0.3337,7,6,False,False,False,HOLD,TARGET
43618,2026-09-04 08:45:34.448,1,1.0,4.0,-0.0729,0,0,False,False,False,HOLD,TARGET
43627,2026-09-04 08:50:12.824,1,1.0,4.0,-3.1164,4,1,False,False,False,HOLD,TARGET
43680,2026-09-04 09:44:00.100,1,1.0,4.0,-2.0316,4,1,False,False,False,HOLD,TARGET
43683,2026-09-04 09:49:14.020,1,1.0,4.0,3.3295,10,10,True,False,False,HOLD,TARGET
43707,2026-09-04 10:16:18.224,-1,1.0,4.0,0.0965,10,1,False,False,False,HOLD,TARGET
43715,2026-09-04 10:25:17.156,-1,1.0,4.0,1.7652,10,10,False,False,False,HOLD,TARGET
43718,2026-09-04 10:28:59.760,-1,2.0,3.0,0.3148,1,1,False,False,False,HOLD,TARGET
43728,2026-09-04 10:35:41.280,-1,2.0,3.0,-1.0361,0,0,False,False,False,HOLD,TARGET
43731,2026-09-04 10:36:54.304,-1,2.0,3.0,-2.0787,1,1,False,False,False,HOLD,TARGET
43734,2026-09-04 10:39:24.472,-1,1.0,4.0,-3.3471,1,1,False,False,False,HOLD,TARGET
43784,2026-09-04 11:27:31.416,1,1.0,4.0,-3.7573,0,0,False,False,True,HOLD,TARGET
43797,2026-09-04 11:47:10.868,1,1.0,4.0,2.4826,10,10,False,False,True,HOLD,TARGET
43798,2026-09-04 11:52:30.856,1,2.0,3.0,3.1531,10,10,False,False,True,HOLD,TARGET
43801,2026-09-04 11:58:00.016,1,2.0,3.0,1.7072,10,1,False,False,True,HOLD,STOP
43831,2026-09-04 12:33:44.864,1,0.0,5.0,-2.215,1,1,False,False,True,HOLD,STOP
43842,2026-09-04 12:47:15.924,1,2.0,3.0,-0.025,9,1,False,False,True,HOLD,TARGET
43844,2026-09-04 12:50:00.048,1,2.0,3.0,3.3676,10,10,False,False,True,HOLD,TARGET
43855,2026-09-04 12:55:08.732,1,1.0,4.0,-3.1709,0,0,False,False,True,HOLD,STOP
43881,2026-09-04 13:02:59.412,-1,2.0,3.0,-2.0777,1,1,False,False,False,HOLD,TARGET
43884,2026-09-04 13:05:52.652,-1,2.0,3.0,3.0101,10,10,False,False,False,HOLD,TARGET
43894,2026-09-04 13:32:52.272,-1,2.0,3.0,5.0508,10,10,True,True,False,HOLD,STOP
43916,2026-09-06 15:08:13.464,1,0.0,5.0,-2.4409,1,1,False,False,False,HOLD,STOP
43917,2026-09-06 15:31:51.064,1,0.0,5.0,-2.2318,3,3,False,False,False,HOLD,STOP
43930,2026-09-06 16:46:29.500,1,1.0,4.0,-1.6015,3,1,False,False,False,HOLD,STOP
43940,2026-09-06 17:07:09.560,1,2.0,3.0,1.488,8,8,False,False,False,HOLD,STOP
43944,2026-09-06 17:11:15.364,1,1.0,4.0,-2.2352,1,1,False,False,False,HOLD,STOP
43972,2026-09-06 18:15:30.596,-1,0.0,5.0,1.769,10,10,False,False,False,HOLD,STOP
43988,2026-09-06 19:00:01.692,1,0.0,5.0,-2.7896,1,1,False,False,False,HOLD,STOP
43998,2026-09-06 19:56:38.328,-1,2.0,3.0,1.5463,5,5,False,False,False,HOLD,TARGET
44029,2026-09-06 22:08:38.280,-1,0.0,5.0,-4.6749,2,2,False,False,False,HOLD,TARGET
44030,2026-09-06 22:12:17.060,-1,2.0,3.0,-2.4138,4,3,False,False,False,HOLD,STOP
44031,2026-09-06 22:16:47.692,-1,1.0,4.0,-1.433,5,5,False,False,False,HOLD,STOP
44056,2026-09-06 23:18:13.864,1,2.0,3.0,2.8002,10,10,False,False,False,HOLD,TARGET
44060,2026-09-06 23:31:07.608,1,2.0,3.0,-1.0615,0,0,False,False,False,HOLD,TARGET
44075,2026-09-07 00:01:31.524,1,1.0,4.0,-0.4107,1,1,False,False,False,HOLD,TARGET
44077,2026-09-07 00:04:28.476,1,2.0,3.0,2.5293,10,10,True,False,False,HOLD,TARGET
44115,2026-09-07 00:54:47.952,1,2.0,3.0,-2.0905,2,1,False,False,False,HOLD,TARGET
44116,2026-09-07 00:55:46.396,1,1.0,4.0,-1.1815,3,3,False,False,False,HOLD,TARGET
44153,2026-09-07 02:08:16.824,-1,1.0,4.0,-2.6433,1,1,False,False,False,HOLD,TARGET
44154,2026-09-07 02:12:16.328,-1,2.0,3.0,-0.8337,3,3,False,False,False,HOLD,TARGET
44155,2026-09-07 02:17:14.996,-1,2.0,3.0,0.5738,10,4,False,False,False,HOLD,TARGET
44156,2026-09-07 02:18:10.288,-1,2.0,3.0,1.6685,10,10,False,False,False,HOLD,TARGET
44157,2026-09-07 02:22:00.472,-1,2.0,3.0,2.5199,10,10,False,False,False,HOLD,TARGET
44158,2026-09-07 02:23:36.404,-1,2.0,3.0,3.1822,10,10,False,False,False,HOLD,TARGET
44194,2026-09-07 03:56:57.320,-1,0.0,5.0,1.0026,10,10,False,False,False,HOLD,TARGET
44197,2026-09-07 04:01:02.968,-1,1.0,4.0,-1.2923,1,1,False,False,False,HOLD,TARGET
44203,2026-09-07 04:02:21.772,-1,2.0,3.0,-0.9514,2,1,False,False,False,HOLD,TARGET
44210,2026-09-07 04:08:57.940,-1,1.0,4.0,1.0118,5,5,False,False,False,HOLD,STOP
44211,2026-09-07 04:09:49.044,-1,2.0,3.0,2.0092,10,10,True,False,False,HOLD,STOP
44221,2026-09-07 04:21:56.888,-1,1.0,4.0,-0.2162,7,7,False,False,False,HOLD,TARGET
44224,2026-09-07 04:25:18.420,-1,2.0,3.0,3.8859,10,10,True,False,False,HOLD,STOP
44230,2026-09-07 04:34:32.176,-1,1.0,4.0,-0.709,4,3,False,False,False,HOLD,STOP
44237,2026-09-07 04:55:09.704,-1,1.0,4.0,-3.4362,1,1,False,False,False,HOLD,TARGET
44238,2026-09-07 04:57:53.520,-1,2.0,3.0,-1.4504,5,5,False,False,False,HOLD,TARGET
44246,2026-09-07 05:11:32.876,-1,2.0,3.0,-1.0768,4,3,False,False,False,HOLD,TARGET
44248,2026-09-07 05:17:56.364,-1,1.0,4.0,1.9535,10,10,False,False,False,HOLD,STOP
44271,2026-09-07 06:04:20.256,1,0.0,5.0,-4.318,1,1,False,False,False,HOLD,TARGET
44282,2026-09-07 06:24:59.584,1,2.0,3.0,3.5973,10,10,False,False,False,HOLD,TARGET
44288,2026-09-07 06:31:41.232,1,1.0,4.0,-0.5278,4,1,False,False,True,HOLD,TARGET
44302,2026-09-07 06:47:52.148,1,2.0,3.0,-2.0207,7,1,False,False,False,HOLD,STOP
44310,2026-09-07 07:00:58.940,1,2.0,3.0,-2.9756,1,1,False,False,True,HOLD,TARGET
44335,2026-09-07 07:53:33.088,-1,2.0,3.0,-0.7434,3,3,False,False,True,HOLD,TARGET
44336,2026-09-07 07:56:13.868,-1,1.0,4.0,-0.1338,7,7,False,False,True,HOLD,TARGET
44338,2026-09-07 07:58:20.160,-1,1.0,4.0,2.524,10,10,False,False,True,HOLD,TARGET
44344,2026-09-07 08:06:02.308,-1,2.0,3.0,-1.2625,2,1,False,False,False,HOLD,TARGET
44349,2026-09-07 08:23:29.732,-1,2.0,3.0,0.0153,8,1,False,False,False,HOLD,STOP
44396,2026-09-07 15:06:59.648,1,2.0,3.0,-2.3648,1,1,False,False,False,HOLD,STOP
44410,2026-09-07 16:04:57.300,-1,0.0,5.0,-2.8643,1,1,False,False,False,HOLD,TARGET
44412,2026-09-07 16:16:45.956,-1,1.0,4.0,0.2673,8,8,False,False,False,HOLD,TARGET
44445,2026-09-07 16:53:48.212,1,1.0,4.0,-1.3339,0,0,False,False,False,HOLD,TARGET
44492,2026-09-07 17:35:38.848,1,2.0,3.0,4.1826,10,10,False,False,False,HOLD,STOP
44496,2026-09-07 17:50:34.568,1,0.0,5.0,-1.9224,1,1,False,False,False,HOLD,STOP
44497,2026-09-07 17:55:07.716,1,1.0,4.0,-1.0507,3,2,False,False,False,HOLD,STOP
44521,2026-09-07 18:23:22.116,1,1.0,4.0,1.779,10,10,False,False,False,HOLD,TARGET
44524,2026-09-07 18:31:55.728,1,0.0,5.0,-0.1589,1,1,False,False,False,HOLD,TARGET
44525,2026-09-07 18:33:13.776,1,2.0,3.0,1.0987,10,2,False,False,False,HOLD,TARGET
44527,2026-09-07 18:38:07.064,1,2.0,3.0,4.0473,10,10,False,False,False,HOLD,TARGET
44533,2026-09-07 18:52:54.704,1,2.0,3.0,3.2122,10,10,True,False,False,HOLD,TARGET
44542,2026-09-07 19:16:42.180,1,1.0,4.0,-2.361,1,1,False,False,False,HOLD,TARGET
44570,2026-09-07 20:42:16.736,1,2.0,3.0,0.5273,2,1,False,False,False,HOLD,TARGET
44578,2026-09-07 21:24:52.876,1,2.0,3.0,2.2633,10,10,False,False,False,HOLD,STOP
44615,2026-09-07 22:28:13.076,-1,1.0,4.0,0.502,9,8,False,False,False,HOLD,TARGET
44622,2026-09-07 22:34:05.464,-1,2.0,3.0,6.4746,10,10,True,True,False,HOLD,STOP
44624,2026-09-07 22:38:04.544,-1,1.0,4.0,-0.4783,0,0,False,False,False,HOLD,STOP
44629,2026-09-07 22:41:54.576,-1,2.0,3.0,-0.7183,3,3,False,False,False,HOLD,TARGET
44630,2026-09-07 22:42:34.272,-1,2.0,3.0,0.6635,6,4,False,False,False,HOLD,TARGET
44631,2026-09-07 22:43:42.180,-1,1.0,4.0,0.9605,7,7,False,False,False,HOLD,TARGET
44635,2026-09-07 22:50:26.668,-1,1.0,4.0,-0.9218,0,0,False,False,False,HOLD,TARGET
44636,2026-09-07 22:50:52.492,-1,0.0,5.0,-1.0503,1,1,False,False,False,HOLD,TARGET
44638,2026-09-07 22:52:24.620,-1,2.0,3.0,2.1424,10,10,False,False,False,HOLD,TARGET
44645,2026-09-07 23:00:20.252,-1,1.0,4.0,0.2282,1,1,False,False,False,HOLD,TARGET
44660,2026-09-07 23:06:32.156,-1,0.0,5.0,0.1018,1,1,False,False,False,HOLD,STOP
44666,2026-09-07 23:10:04.080,-1,0.0,5.0,-4.9932,1,1,False,False,False,HOLD,TARGET
44683,2026-09-07 23:20:51.596,-1,1.0,4.0,-2.9626,0,0,False,False,False,HOLD,STOP
44695,2026-09-07 23:30:30.980,-1,2.0,3.0,-0.307,10,1,False,False,False,HOLD,TARGET
44696,2026-09-07 23:31:11.448,-1,1.0,4.0,0.2057,10,10,False,False,False,HOLD,STOP
44704,2026-09-07 23:35:53.620,-1,2.0,3.0,0.5186,6,1,False,False,False,HOLD,STOP
44705,2026-09-07 23:36:44.764,-1,1.0,4.0,0.8478,10,10,False,False,False,HOLD,STOP
44720,2026-09-07 23:46:18.380,1,0.0,5.0,0.0891,1,1,False,False,False,HOLD,STOP
44727,2026-09-07 23:57:32.308,1,1.0,4.0,-3.8652,3,1,False,False,False,HOLD,TARGET
44739,2026-09-08 00:04:38.072,1,2.0,3.0,0.0567,1,1,False,False,False,HOLD,TARGET
44781,2026-09-08 00:37:53.852,-1,2.0,3.0,1.4046,2,1,False,False,False,HOLD,TARGET
44782,2026-09-08 00:38:25.936,-1,0.0,5.0,0.7592,3,3,False,False,False,HOLD,TARGET
44784,2026-09-08 00:39:23.848,-1,2.0,3.0,3.842,10,10,True,False,False,HOLD,TARGET
44800,2026-09-08 00:51:50.384,-1,1.0,4.0,1.4507,10,10,False,False,False,HOLD,TARGET
44802,2026-09-08 00:53:17.040,-1,2.0,3.0,3.6554,10,10,True,False,False,HOLD,TARGET
44809,2026-09-08 00:57:16.000,-1,1.0,4.0,-3.5456,1,1,False,False,False,HOLD,TARGET
44822,2026-09-08 01:01:57.396,-1,2.0,3.0,-0.7567,7,7,False,False,False,HOLD,TARGET
44828,2026-09-08 01:03:20.984,-1,1.0,4.0,-1.2447,1,1,False,False,False,HOLD,TARGET
44830,2026-09-08 01:04:02.956,-1,2.0,3.0,-1.3455,0,0,False,False,False,HOLD,STOP
44832,2026-09-08 01:04:25.236,-1,2.0,3.0,-2.6164,0,0,False,False,False,HOLD,STOP
44856,2026-09-08 01:10:37.344,-1,1.0,4.0,-2.5786,0,0,False,False,False,HOLD,TARGET
44894,2026-09-08 01:26:58.192,1,0.0,5.0,-1.2099,1,1,False,False,False,HOLD,STOP
44908,2026-09-08 01:32:18.576,-1,2.0,3.0,-2.8528,1,1,False,False,False,HOLD,STOP
44932,2026-09-08 01:45:26.564,-1,2.0,3.0,-0.8626,9,2,False,False,False,HOLD,STOP
44954,2026-09-08 01:51:27.868,-1,0.0,5.0,0.3812,3,3,False,False,False,HOLD,TARGET
44980,2026-09-08 02:08:00.612,1,1.0,4.0,-1.5187,0,0,False,False,False,HOLD,TARGET
44983,2026-09-08 02:10:44.224,1,2.0,3.0,-0.0205,3,1,False,False,False,HOLD,TARGET
45002,2026-09-08 02:40:44.928,1,2.0,3.0,3.6212,10,1,True,False,False,HOLD,TARGET
45006,2026-09-08 02:41:21.816,1,2.0,3.0,-2.3668,0,0,False,False,False,HOLD,TARGET
45008,2026-09-08 02:41:33.288,1,2.0,3.0,1.346,3,3,False,False,False,HOLD,TARGET
45009,2026-09-08 02:41:37.196,1,1.0,4.0,1.4913,4,4,False,False,False,HOLD,STOP
45017,2026-09-08 02:49:32.332,1,1.0,4.0,-1.8914,4,4,False,False,False,HOLD,TARGET
45035,2026-09-08 03:19:58.432,1,0.0,5.0,-4.1701,3,3,False,False,False,HOLD,TARGET
45040,2026-09-08 03:20:16.868,1,2.0,3.0,6.3855,10,10,True,True,False,HOLD,TARGET
45093,2026-09-08 03:49:32.624,-1,0.0,5.0,2.2981,10,10,False,False,False,HOLD,TARGET
45095,2026-09-08 03:51:59.492,-1,0.0,5.0,2.6125,10,10,False,False,False,HOLD,TARGET
45098,2026-09-08 03:53:34.696,-1,0.0,5.0,4.7367,10,10,False,False,False,HOLD,STOP
45113,2026-09-08 04:07:32.504,-1,2.0,3.0,-0.9853,10,1,False,False,False,HOLD,TARGET
45128,2026-09-08 04:10:05.024,-1,2.0,3.0,-0.1708,9,1,False,False,False,HOLD,TARGET
45130,2026-09-08 04:11:01.928,-1,2.0,3.0,3.2794,10,10,False,False,False,HOLD,TARGET
45132,2026-09-08 04:13:29.612,-1,2.0,3.0,5.3665,10,10,True,True,False,HOLD,STOP
45164,2026-09-08 04:46:52.608,-1,0.0,5.0,0.2986,10,10,False,False,False,HOLD,STOP
45178,2026-09-08 04:57:04.532,1,1.0,4.0,5.3872,10,10,False,False,False,HOLD,TARGET
45179,2026-09-08 04:58:32.416,1,0.0,5.0,3.8567,10,10,False,False,False,HOLD,TARGET
45181,2026-09-08 04:59:21.204,1,2.0,3.0,5.7158,10,10,True,True,False,HOLD,STOP
45218,2026-09-08 05:25:41.800,1,2.0,3.0,1.1948,10,4,False,False,False,HOLD,TARGET
45223,2026-09-08 05:30:53.040,1,1.0,4.0,2.209,10,10,False,False,False,HOLD,TARGET
45224,2026-09-08 05:31:50.552,1,2.0,3.0,2.9403,10,10,False,False,False,HOLD,TARGET
45245,2026-09-08 05:52:43.964,1,1.0,4.0,-1.5905,0,0,False,False,False,HOLD,TARGET
45259,2026-09-08 06:05:24.308,1,2.0,3.0,-1.2658,3,3,False,False,False,HOLD,TARGET
45270,2026-09-08 06:16:21.648,1,2.0,3.0,-1.3593,2,1,False,False,False,HOLD,STOP
45290,2026-09-08 06:30:03.020,1,1.0,4.0,0.9774,10,10,False,False,False,HOLD,TARGET
45320,2026-09-08 06:32:48.392,-1,1.0,4.0,-3.0422,4,1,False,False,True,HOLD,TARGET
45322,2026-09-08 06:33:05.644,-1,2.0,3.0,2.1473,10,9,False,False,True,HOLD,TARGET
45336,2026-09-08 06:35:24.440,-1,2.0,3.0,1.7579,10,10,False,False,True,HOLD,TARGET
45339,2026-09-08 06:35:52.024,-1,2.0,3.0,1.3868,10,1,False,False,True,HOLD,TARGET
45340,2026-09-08 06:36:13.868,-1,1.0,4.0,1.5231,10,10,False,False,True,HOLD,TARGET
45357,2026-09-08 06:40:41.196,-1,1.0,4.0,5.7595,10,10,True,True,True,HOLD,TARGET
45358,2026-09-08 06:40:49.060,-1,2.0,3.0,5.7018,10,10,True,True,True,HOLD,TARGET
45361,2026-09-08 06:41:47.320,-1,2.0,3.0,6.6704,10,10,True,True,True,HOLD,TARGET
45362,2026-09-08 06:41:59.712,-1,0.0,5.0,4.8548,10,10,False,False,True,HOLD,TARGET
45369,2026-09-08 06:42:59.520,-1,1.0,4.0,-0.635,1,1,False,False,True,HOLD,TARGET
45370,2026-09-08 06:43:09.720,-1,2.0,3.0,0.7284,3,3,False,False,True,HOLD,STOP
45378,2026-09-08 06:44:55.804,-1,0.0,5.0,-2.0669,5,5,False,False,True,HOLD,STOP
45379,2026-09-08 06:45:01.456,-1,1.0,4.0,-1.1632,7,7,False,False,False,HOLD,STOP
45395,2026-09-08 06:47:20.460,-1,2.0,3.0,-0.5654,0,0,False,False,False,HOLD,STOP
45403,2026-09-08 06:49:03.284,-1,1.0,4.0,-3.9829,1,1,False,False,False,HOLD,STOP
45409,2026-09-08 06:50:45.904,-1,0.0,5.0,-0.4457,8,8,False,False,False,HOLD,TARGET
45415,2026-09-08 06:52:21.148,-1,2.0,3.0,-1.1966,0,0,False,False,False,HOLD,TARGET
45419,2026-09-08 06:52:54.624,-1,2.0,3.0,-1.8648,2,1,False,False,False,HOLD,TARGET
45443,2026-09-08 06:57:09.472,1,0.0,5.0,-1.9414,1,1,False,False,False,HOLD,TARGET
45468,2026-09-08 07:02:00.204,-1,2.0,3.0,5.9955,10,10,False,False,True,HOLD,TARGET
45474,2026-09-08 07:03:06.468,-1,0.0,5.0,-2.2102,0,0,False,False,True,HOLD,TARGET
45479,2026-09-08 07:03:40.028,-1,2.0,3.0,-2.2419,3,1,False,False,True,HOLD,TARGET
45503,2026-09-08 07:06:53.492,-1,2.0,3.0,-2.9456,0,0,False,False,True,HOLD,TARGET
45514,2026-09-08 07:10:00.740,-1,2.0,3.0,2.4954,10,10,False,False,True,HOLD,TARGET
45519,2026-09-08 07:10:55.004,-1,2.0,3.0,-2.2423,0,0,False,False,True,HOLD,TARGET
45563,2026-09-08 07:20:33.496,-1,0.0,5.0,-3.0471,3,3,False,False,True,HOLD,STOP
45572,2026-09-08 07:22:33.288,1,0.0,5.0,-1.7253,1,1,False,False,True,HOLD,TARGET
45581,2026-09-08 07:24:46.816,1,1.0,4.0,1.9535,10,1,False,False,True,HOLD,STOP
45666,2026-09-08 07:49:12.032,1,2.0,3.0,-0.2348,2,1,False,False,True,HOLD,TARGET
45673,2026-09-08 07:50:55.056,1,2.0,3.0,3.1042,10,10,False,False,True,HOLD,TARGET
45679,2026-09-08 07:52:50.764,1,2.0,3.0,-2.7837,2,1,False,False,True,HOLD,TARGET
45695,2026-09-08 08:01:06.288,1,1.0,4.0,-1.2099,1,1,False,False,False,HOLD,TARGET
45704,2026-09-08 08:06:16.456,1,1.0,4.0,-2.5627,1,1,False,False,False,HOLD,STOP
45712,2026-09-08 08:10:22.888,1,2.0,3.0,-0.5928,6,6,False,False,False,HOLD,TARGET
45725,2026-09-08 08:17:58.968,1,1.0,4.0,0.6421,6,1,False,False,False,HOLD,STOP
45766,2026-09-08 08:36:03.576,-1,2.0,3.0,3.2452,10,10,False,False,False,HOLD,TARGET
45767,2026-09-08 08:37:43.072,-1,2.0,3.0,3.7462,10,10,False,False,False,HOLD,STOP
45790,2026-09-08 08:54:37.160,-1,2.0,3.0,-1.3614,2,1,False,False,False,HOLD,TARGET
45797,2026-09-08 09:01:04.812,-1,2.0,3.0,4.0494,10,10,False,False,False,HOLD,STOP
45814,2026-09-08 09:15:02.212,-1,2.0,3.0,-2.1513,0,0,False,False,False,HOLD,TARGET
45822,2026-09-08 09:20:01.904,-1,2.0,3.0,-0.0377,2,1,False,False,False,HOLD,STOP
45840,2026-09-08 09:32:08.472,-1,2.0,3.0,0.219,0,0,False,False,False,HOLD,STOP
45846,2026-09-08 09:36:36.848,-1,1.0,4.0,-1.6263,1,1,False,False,False,HOLD,TARGET
45847,2026-09-08 09:38:05.228,-1,1.0,4.0,-0.8205,5,5,False,False,False,HOLD,TARGET
45877,2026-09-08 09:56:17.428,-1,2.0,3.0,3.3503,10,10,False,False,False,HOLD,TARGET
45883,2026-09-08 09:59:12.156,-1,2.0,3.0,-1.365,1,1,False,False,False,HOLD,TARGET
45899,2026-09-08 10:02:18.392,1,0.0,5.0,7.7238,10,10,False,False,False,HOLD,TARGET
45904,2026-09-08 10:04:54.084,1,2.0,3.0,0.608,1,1,False,False,False,HOLD,TARGET
45944,2026-09-08 10:37:58.724,1,1.0,4.0,-0.4122,1,1,False,False,False,HOLD,STOP
45959,2026-09-08 10:52:01.436,1,0.0,5.0,-1.9964,1,1,False,False,False,HOLD,TARGET
45972,2026-09-08 11:05:40.592,1,1.0,4.0,-2.2601,7,3,False,False,True,HOLD,TARGET
45978,2026-09-08 11:16:22.408,1,2.0,3.0,-0.2958,1,1,False,False,True,HOLD,STOP
45998,2026-09-08 11:41:45.556,-1,2.0,3.0,3.2646,10,10,False,False,True,HOLD,STOP
46005,2026-09-08 11:47:45.556,-1,2.0,3.0,-1.2466,4,3,False,False,True,HOLD,TARGET
46006,2026-09-08 11:47:48.892,-1,0.0,5.0,-1.3029,5,5,False,False,True,HOLD,TARGET
46007,2026-09-08 11:47:53.132,-1,0.0,5.0,-1.3467,6,6,False,False,True,HOLD,TARGET
46009,2026-09-08 11:47:59.508,-1,2.0,3.0,2.568,10,9,False,False,True,HOLD,TARGET
46010,2026-09-08 11:48:01.284,-1,1.0,4.0,2.4418,10,10,False,False,True,HOLD,TARGET
46015,2026-09-08 11:48:15.808,-1,2.0,3.0,-1.4211,0,0,False,False,True,HOLD,TARGET
46024,2026-09-08 11:48:44.784,-1,2.0,3.0,0.4115,10,1,False,False,True,HOLD,TARGET
46026,2026-09-08 11:48:54.112,-1,2.0,3.0,4.2366,10,10,True,True,True,HOLD,TARGET
46027,2026-09-08 11:48:56.640,-1,0.0,5.0,2.9618,10,10,False,False,True,HOLD,TARGET
46031,2026-09-08 11:49:00.632,-1,2.0,3.0,6.6175,10,10,True,True,True,HOLD,TARGET
46084,2026-09-08 11:57:09.352,1,2.0,3.0,-0.616,1,1,False,False,True,HOLD,STOP
46088,2026-09-08 11:58:59.684,1,0.0,5.0,-4.2535,1,1,False,False,True,HOLD,STOP
46114,2026-09-08 12:16:36.912,1,1.0,4.0,-2.2801,1,1,False,False,True,HOLD,STOP
46134,2026-09-08 12:31:53.468,1,1.0,4.0,-2.6544,1,1,False,False,True,HOLD,TARGET
46138,2026-09-08 12:34:35.512,1,1.0,4.0,0.222,1,1,False,False,True,HOLD,STOP
46165,2026-09-08 12:50:01.248,-1,2.0,3.0,-1.7016,0,0,False,False,True,HOLD,TARGET
46190,2026-09-08 12:53:18.064,-1,2.0,3.0,2.8556,10,10,False,False,True,HOLD,TARGET
46239,2026-09-08 13:00:54.020,1,1.0,4.0,-3.9594,1,1,False,False,False,HOLD,STOP
46264,2026-09-08 13:29:29.692,-1,2.0,3.0,-0.5423,0,0,False,False,False,HOLD,TARGET
46265,2026-09-08 13:30:01.496,-1,2.0,3.0,0.8004,1,1,False,False,False,HOLD,TARGET
46309,2026-09-08 16:48:56.564,-1,2.0,3.0,3.1842,10,1,False,False,False,HOLD,TARGET
46329,2026-09-08 17:11:31.760,1,2.0,3.0,-1.2915,1,1,False,False,False,HOLD,STOP
46344,2026-09-08 17:26:52.812,-1,0.0,5.0,-1.5858,5,5,False,False,False,HOLD,TARGET
46349,2026-09-08 17:36:13.220,-1,0.0,5.0,-3.2617,0,0,False,False,False,HOLD,STOP
46350,2026-09-08 17:37:46.284,-1,2.0,3.0,-1.3147,1,1,False,False,False,HOLD,STOP
46363,2026-09-08 17:52:56.516,1,2.0,3.0,3.3478,10,10,False,False,False,HOLD,TARGET
46366,2026-09-08 18:00:59.288,1,2.0,3.0,2.7398,10,1,False,False,False,HOLD,TARGET
46372,2026-09-08 18:18:56.052,1,0.0,5.0,0.2642,10,10,False,False,False,HOLD,TARGET
46373,2026-09-08 18:23:13.560,1,2.0,3.0,1.4277,10,10,False,False,False,HOLD,TARGET
46375,2026-09-08 18:26:29.748,1,1.0,4.0,3.4686,10,10,True,False,False,HOLD,TARGET
46427,2026-09-08 21:28:00.920,1,0.0,5.0,1.6116,10,10,False,False,False,HOLD,TARGET
46432,2026-09-08 21:36:29.904,1,2.0,3.0,1.7229,10,3,False,False,False,HOLD,TARGET
46433,2026-09-08 21:43:55.712,1,1.0,4.0,1.7845,10,10,False,False,False,HOLD,TARGET
46434,2026-09-08 21:52:53.528,1,2.0,3.0,2.6101,10,10,False,False,False,HOLD,TARGET
46457,2026-09-08 22:41:44.644,1,1.0,4.0,-1.8045,1,1,False,False,False,HOLD,TARGET
46508,2026-09-09 00:17:14.444,-1,2.0,3.0,3.9187,10,10,False,False,False,HOLD,STOP
46521,2026-09-09 00:26:52.184,1,1.0,4.0,-1.4898,1,1,False,False,False,HOLD,TARGET
46534,2026-09-09 00:50:10.204,-1,2.0,3.0,5.287,10,10,False,False,False,HOLD,TARGET
46560,2026-09-09 01:09:49.448,-1,2.0,3.0,-2.4951,2,1,False,False,False,HOLD,TARGET
46568,2026-09-09 01:23:41.556,-1,2.0,3.0,-1.1682,3,1,False,False,False,HOLD,TARGET
46577,2026-09-09 01:37:19.028,-1,2.0,3.0,0.0514,5,5,False,False,False,HOLD,TARGET
46578,2026-09-09 01:38:34.176,-1,2.0,3.0,1.2622,7,6,False,False,False,HOLD,TARGET
46590,2026-09-09 01:48:35.632,-1,2.0,3.0,-2.0705,0,0,False,False,False,HOLD,STOP
46600,2026-09-09 02:01:21.796,-1,2.0,3.0,-1.7133,7,4,False,False,False,HOLD,STOP
46605,2026-09-09 02:05:22.980,-1,0.0,5.0,-2.4752,3,3,False,False,False,HOLD,TARGET
46607,2026-09-09 02:07:19.804,-1,0.0,5.0,0.9348,10,10,False,False,False,HOLD,TARGET
46608,2026-09-09 02:10:40.380,-1,2.0,3.0,1.9493,10,10,False,False,False,HOLD,STOP
46614,2026-09-09 02:18:07.804,-1,0.0,5.0,-4.6012,1,1,False,False,False,HOLD,TARGET
46615,2026-09-09 02:20:09.920,-1,2.0,3.0,-2.3565,2,2,False,False,False,HOLD,TARGET
46620,2026-09-09 02:24:46.116,-1,2.0,3.0,3.6381,10,10,False,False,False,HOLD,STOP
46623,2026-09-09 02:30:54.144,-1,2.0,3.0,-2.9138,0,0,False,False,False,HOLD,STOP
46632,2026-09-09 02:35:36.900,-1,2.0,3.0,4.4132,10,10,True,True,False,HOLD,TARGET
46637,2026-09-09 02:40:31.844,-1,1.0,4.0,0.5385,1,1,False,False,False,HOLD,TARGET
46638,2026-09-09 02:41:29.212,-1,2.0,3.0,1.641,10,3,False,False,False,HOLD,TARGET
46642,2026-09-09 02:45:12.576,-1,2.0,3.0,1.9967,10,1,False,False,False,HOLD,TARGET
46648,2026-09-09 02:48:43.236,-1,1.0,4.0,0.5747,10,10,False,False,False,HOLD,TARGET
46651,2026-09-09 02:51:48.004,-1,2.0,3.0,1.9055,10,1,False,False,False,HOLD,TARGET
46652,2026-09-09 02:52:26.044,-1,1.0,4.0,1.9265,10,10,True,False,False,HOLD,TARGET
46653,2026-09-09 02:52:44.880,-1,1.0,4.0,1.9429,10,10,True,False,False,HOLD,TARGET
46654,2026-09-09 02:53:19.500,-1,1.0,4.0,1.9556,10,10,True,False,False,HOLD,TARGET
46655,2026-09-09 02:53:53.780,-1,2.0,3.0,2.7432,10,10,True,False,False,HOLD,TARGET
46659,2026-09-09 02:55:17.316,-1,2.0,3.0,4.282,10,1,True,True,False,HOLD,TARGET
46666,2026-09-09 02:57:17.060,-1,1.0,4.0,2.2712,3,3,True,False,False,HOLD,TARGET
46669,2026-09-09 02:57:54.980,-1,2.0,3.0,0.5528,1,1,False,False,False,HOLD,STOP
46678,2026-09-09 03:01:09.792,-1,2.0,3.0,-2.2573,3,2,False,False,False,HOLD,TARGET
46679,2026-09-09 03:01:19.016,-1,2.0,3.0,-0.5334,6,5,False,False,False,HOLD,TARGET
46712,2026-09-09 03:14:23.484,-1,0.0,5.0,-1.304,1,1,False,False,False,HOLD,TARGET
46735,2026-09-09 03:21:54.868,1,2.0,3.0,-1.1282,0,0,False,False,False,HOLD,STOP
46740,2026-09-09 03:24:10.348,-1,1.0,4.0,1.3104,10,10,False,False,False,HOLD,TARGET
46762,2026-09-09 03:39:51.252,-1,2.0,3.0,-2.369,2,1,False,False,False,HOLD,TARGET
46763,2026-09-09 03:40:26.272,-1,2.0,3.0,-0.6203,4,4,False,False,False,HOLD,TARGET
46764,2026-09-09 03:41:37.324,-1,2.0,3.0,0.7397,10,5,False,False,False,HOLD,TARGET
46774,2026-09-09 03:49:05.216,-1,2.0,3.0,-1.0819,0,0,False,False,False,HOLD,TARGET
46786,2026-09-09 03:53:13.008,-1,1.0,4.0,1.3117,10,10,False,False,False,HOLD,TARGET
46802,2026-09-09 04:00:02.048,-1,2.0,3.0,-2.0719,2,1,False,False,False,HOLD,STOP
46828,2026-09-09 04:12:06.912,1,2.0,3.0,5.0889,10,10,False,False,False,HOLD,STOP
46875,2026-09-09 04:44:25.428,-1,2.0,3.0,-2.8165,0,0,False,False,False,HOLD,TARGET
46876,2026-09-09 04:44:36.328,-1,1.0,4.0,-1.7462,1,1,False,False,False,HOLD,STOP
46884,2026-09-09 04:49:02.228,1,2.0,3.0,4.8499,10,10,False,False,False,HOLD,TARGET
46896,2026-09-09 04:49:54.300,1,0.0,5.0,-1.167,4,4,False,False,False,HOLD,TARGET
46897,2026-09-09 04:49:56.328,1,2.0,3.0,0.3146,5,5,False,False,False,HOLD,TARGET
46901,2026-09-09 04:50:09.956,1,1.0,4.0,1.0994,1,1,False,False,False,HOLD,TARGET
46931,2026-09-09 05:00:23.724,-1,2.0,3.0,0.1527,0,0,False,False,False,HOLD,TARGET
46932,2026-09-09 05:00:52.196,-1,2.0,3.0,1.341,1,1,False,False,False,HOLD,TARGET
46933,2026-09-09 05:01:37.080,-1,1.0,4.0,1.4874,10,2,False,False,False,HOLD,TARGET
46937,2026-09-09 05:03:40.844,-1,2.0,3.0,-1.4352,1,1,False,False,False,HOLD,TARGET
46938,2026-09-09 05:04:14.588,-1,2.0,3.0,0.1059,3,3,False,False,False,HOLD,TARGET
46949,2026-09-09 05:10:45.152,-1,1.0,4.0,-0.6785,2,1,False,False,False,HOLD,TARGET
46950,2026-09-09 05:12:05.280,-1,0.0,5.0,-0.861,10,10,False,False,False,HOLD,TARGET
46960,2026-09-09 05:19:41.492,-1,2.0,3.0,-0.8653,2,1,False,False,False,HOLD,STOP
46968,2026-09-09 05:26:54.500,-1,0.0,5.0,-4.5356,4,4,False,False,False,HOLD,TARGET
46975,2026-09-09 05:30:46.580,-1,1.0,4.0,-3.3727,0,0,False,False,False,HOLD,STOP
46995,2026-09-09 05:49:30.540,1,2.0,3.0,1.61,10,1,False,False,False,HOLD,TARGET
47001,2026-09-09 05:58:39.216,1,1.0,4.0,0.149,4,4,False,False,False,HOLD,STOP
47006,2026-09-09 06:00:55.520,1,0.0,5.0,-1.0273,3,3,False,False,False,HOLD,TARGET
47026,2026-09-09 06:25:00.024,1,2.0,3.0,-2.4458,2,1,False,False,False,HOLD,TARGET
47033,2026-09-09 06:29:59.028,1,1.0,4.0,-2.8997,0,0,False,False,False,HOLD,STOP
47034,2026-09-09 06:30:00.824,1,1.0,4.0,-1.8109,1,1,False,False,False,HOLD,STOP
47060,2026-09-09 06:31:24.088,1,2.0,3.0,-1.8351,3,3,False,False,True,HOLD,STOP
47061,2026-09-09 06:31:26.924,1,0.0,5.0,-1.7606,4,4,False,False,True,HOLD,STOP
47078,2026-09-09 06:32:56.500,-1,2.0,3.0,2.7738,10,10,False,False,True,HOLD,STOP
47087,2026-09-09 06:34:25.904,1,2.0,3.0,5.6607,10,10,False,False,True,HOLD,TARGET
47124,2026-09-09 06:40:15.540,-1,0.0,5.0,-4.4562,1,1,False,False,True,HOLD,STOP
47131,2026-09-09 06:41:23.132,-1,1.0,4.0,-0.5214,9,1,False,False,True,HOLD,STOP
47142,2026-09-09 06:43:16.268,-1,2.0,3.0,-1.5615,3,1,False,False,True,HOLD,TARGET
47151,2026-09-09 06:45:01.100,-1,0.0,5.0,-3.6019,3,3,False,False,False,HOLD,STOP
47170,2026-09-09 06:48:25.612,-1,2.0,3.0,2.3399,8,8,False,False,False,HOLD,STOP
47181,2026-09-09 06:49:04.104,1,1.0,4.0,0.8127,2,1,False,False,False,HOLD,STOP
47207,2026-09-09 06:55:53.048,1,1.0,4.0,-0.1181,4,4,False,False,False,HOLD,TARGET
47216,2026-09-09 06:58:40.644,1,0.0,5.0,-3.2995,1,1,False,False,False,HOLD,TARGET
47217,2026-09-09 06:58:56.780,1,1.0,4.0,-2.1219,5,5,False,False,False,HOLD,TARGET
47241,2026-09-09 07:06:22.908,1,1.0,4.0,-3.8296,0,0,False,False,True,HOLD,TARGET
47268,2026-09-09 07:15:38.376,-1,2.0,3.0,-0.272,5,5,False,False,True,HOLD,TARGET
47270,2026-09-09 07:16:09.040,-1,1.0,4.0,1.8355,10,10,False,False,True,HOLD,TARGET
47287,2026-09-09 07:19:30.904,-1,2.0,3.0,2.3153,10,3,False,False,True,HOLD,STOP
47314,2026-09-09 07:24:52.240,-1,1.0,4.0,-1.9646,0,0,False,False,True,HOLD,TARGET
47320,2026-09-09 07:25:07.004,-1,1.0,4.0,-3.2245,0,0,False,False,True,HOLD,STOP
47341,2026-09-09 07:28:49.244,1,2.0,3.0,3.5812,10,1,False,False,True,HOLD,TARGET
47344,2026-09-09 07:29:14.564,1,1.0,4.0,5.9703,10,10,True,True,True,HOLD,TARGET
47346,2026-09-09 07:29:50.384,1,2.0,3.0,2.4141,0,0,False,False,True,HOLD,STOP
47398,2026-09-09 07:44:30.368,1,1.0,4.0,-1.0814,3,3,False,False,True,HOLD,TARGET
47442,2026-09-09 08:00:49.736,1,2.0,3.0,-2.79,0,0,False,False,False,HOLD,TARGET
47447,2026-09-09 08:00:54.660,1,1.0,4.0,5.9649,10,10,True,True,False,HOLD,STOP
47468,2026-09-09 08:01:41.260,-1,1.0,4.0,3.0723,10,10,False,False,False,HOLD,TARGET
47469,2026-09-09 08:01:42.504,-1,2.0,3.0,3.6118,10,10,False,False,False,HOLD,TARGET
47485,2026-09-09 08:02:47.296,-1,2.0,3.0,1.4593,8,8,False,False,False,HOLD,TARGET
47488,2026-09-09 08:03:10.312,-1,1.0,4.0,4.9719,10,10,True,True,False,HOLD,TARGET
47496,2026-09-09 08:04:13.224,-1,2.0,3.0,-0.1213,1,1,False,False,False,HOLD,STOP
47517,2026-09-09 08:07:43.168,-1,2.0,3.0,-1.9054,0,0,False,False,False,HOLD,TARGET
47521,2026-09-09 08:08:32.484,-1,2.0,3.0,-2.2288,2,1,False,False,False,HOLD,TARGET
47522,2026-09-09 08:09:03.656,-1,2.0,3.0,-0.5113,5,3,False,False,False,HOLD,TARGET
47527,2026-09-09 08:09:42.232,-1,1.0,4.0,4.105,10,10,True,True,False,HOLD,TARGET
47528,2026-09-09 08:10:33.416,-1,2.0,3.0,4.415,10,10,True,True,False,HOLD,TARGET
47537,2026-09-09 08:11:46.896,-1,2.0,3.0,2.7989,0,0,False,False,False,HOLD,TARGET
47586,2026-09-09 08:22:39.316,-1,2.0,3.0,3.3294,10,10,False,False,False,HOLD,TARGET
47587,2026-09-09 08:22:53.020,-1,2.0,3.0,3.8117,10,10,False,False,False,HOLD,TARGET
47630,2026-09-09 08:32:50.616,1,1.0,4.0,-2.4948,1,1,False,False,False,HOLD,TARGET
47631,2026-09-09 08:32:57.540,1,2.0,3.0,-0.7182,6,4,False,False,False,HOLD,TARGET
47637,2026-09-09 08:34:41.644,1,1.0,4.0,1.7568,10,1,False,False,False,HOLD,TARGET
47643,2026-09-09 08:36:05.944,1,0.0,5.0,-3.1354,0,0,False,False,False,HOLD,TARGET
47726,2026-09-09 09:08:35.492,-1,1.0,4.0,4.6827,10,10,False,False,False,HOLD,TARGET
47775,2026-09-09 09:39:33.028,1,0.0,5.0,-1.052,4,4,False,False,False,HOLD,TARGET
47777,2026-09-09 09:41:49.792,1,2.0,3.0,2.7463,10,10,False,False,False,HOLD,STOP
47782,2026-09-09 09:44:40.124,1,0.0,5.0,-0.7884,3,3,False,False,False,HOLD,TARGET
47810,2026-09-09 10:02:05.124,1,1.0,4.0,0.8682,10,10,False,False,False,HOLD,TARGET
47815,2026-09-09 10:02:16.080,1,2.0,3.0,-2.1719,0,0,False,False,False,HOLD,STOP
47836,2026-09-09 10:14:36.964,1,2.0,3.0,3.7773,10,10,False,False,False,HOLD,TARGET
47840,2026-09-09 10:17:27.700,1,1.0,4.0,-2.714,0,0,False,False,False,HOLD,STOP
47847,2026-09-09 10:23:39.752,1,1.0,4.0,-0.6623,5,5,False,False,False,HOLD,STOP
47896,2026-09-09 11:14:59.392,-1,2.0,3.0,4.6094,10,10,False,False,True,HOLD,TARGET
47920,2026-09-09 11:42:46.360,1,2.0,3.0,5.0267,10,10,False,False,True,HOLD,STOP
47925,2026-09-09 11:51:51.612,1,2.0,3.0,-2.8557,1,1,False,False,True,HOLD,TARGET
47926,2026-09-09 11:52:31.984,1,2.0,3.0,-0.9989,3,2,False,False,True,HOLD,TARGET
47927,2026-09-09 11:53:33.576,1,1.0,4.0,-0.3325,5,4,False,False,True,HOLD,TARGET
47972,2026-09-09 12:50:02.248,-1,2.0,3.0,-2.7784,2,1,False,False,True,HOLD,TARGET
47974,2026-09-09 12:50:17.404,-1,2.0,3.0,2.3069,10,10,False,False,True,HOLD,TARGET
47975,2026-09-09 12:50:57.004,-1,2.0,3.0,3.0165,10,10,False,False,True,HOLD,TARGET
47989,2026-09-09 12:58:35.052,-1,1.0,4.0,-1.919,3,3,False,False,True,HOLD,TARGET
47994,2026-09-09 12:59:41.564,-1,2.0,3.0,-0.1716,9,3,False,False,True,HOLD,STOP
47996,2026-09-09 12:59:49.860,-1,0.0,5.0,-4.6717,0,0,False,False,True,HOLD,STOP
48023,2026-09-09 15:01:01.460,1,2.0,3.0,0.2956,10,0,False,False,False,HOLD,TARGET
48045,2026-09-09 16:45:05.044,1,2.0,3.0,-1.1607,10,1,False,False,False,HOLD,TARGET
48048,2026-09-09 16:51:38.056,1,2.0,3.0,0.148,10,1,False,False,False,HOLD,TARGET
48050,2026-09-09 16:54:04.288,1,1.0,4.0,2.0895,10,10,False,False,False,HOLD,TARGET
48053,2026-09-09 16:59:50.812,1,1.0,4.0,0.0833,0,0,False,False,False,HOLD,TARGET
48056,2026-09-09 17:01:02.364,1,0.0,5.0,-0.9567,1,1,False,False,False,HOLD,TARGET
48060,2026-09-09 17:06:48.156,1,1.0,4.0,0.5371,10,10,False,False,False,HOLD,STOP
48061,2026-09-09 17:11:17.992,1,2.0,3.0,1.64,10,10,False,False,False,HOLD,STOP
48099,2026-09-09 18:11:51.440,-1,2.0,3.0,-2.5803,1,1,False,False,False,HOLD,TARGET
48100,2026-09-09 18:12:52.700,-1,1.0,4.0,-1.5624,5,2,False,False,False,HOLD,TARGET
48112,2026-09-09 18:28:28.088,-1,2.0,3.0,1.8999,10,10,False,False,False,HOLD,TARGET
48148,2026-09-09 19:34:36.100,1,2.0,3.0,-2.0637,2,1,False,False,False,HOLD,TARGET
48150,2026-09-09 19:38:50.272,1,2.0,3.0,2.7392,10,10,False,False,False,HOLD,TARGET
48152,2026-09-09 19:43:03.184,1,1.0,4.0,4.262,10,10,False,False,False,HOLD,TARGET
48162,2026-09-09 20:20:30.500,1,2.0,3.0,-2.6802,0,0,False,False,False,HOLD,STOP
48171,2026-09-09 20:46:15.244,1,2.0,3.0,-1.3786,7,1,False,False,False,HOLD,TARGET
48174,2026-09-09 21:05:28.076,1,1.0,4.0,0.5448,1,1,False,False,False,HOLD,TARGET
48188,2026-09-09 22:00:46.840,1,2.0,3.0,1.3267,10,1,False,False,False,HOLD,TARGET
48190,2026-09-09 22:14:47.772,1,1.0,4.0,-3.5925,0,0,False,False,False,HOLD,TARGET
48195,2026-09-09 22:31:42.748,1,2.0,3.0,0.6785,0,0,False,False,False,HOLD,TARGET
48197,2026-09-09 22:35:50.632,1,2.0,3.0,3.1882,10,10,True,False,False,HOLD,TARGET
48199,2026-09-09 22:41:46.844,1,2.0,3.0,-1.0837,0,0,False,False,False,HOLD,TARGET
48211,2026-09-09 23:01:06.288,1,0.0,5.0,-2.363,1,1,False,False,False,HOLD,STOP
48221,2026-09-09 23:32:54.536,1,0.0,5.0,0.606,8,8,False,False,False,HOLD,TARGET
48251,2026-09-10 00:32:22.576,-1,2.0,3.0,5.7291,10,10,False,False,False,HOLD,STOP
48253,2026-09-10 00:33:37.540,-1,1.0,4.0,-0.9293,0,0,False,False,False,HOLD,TARGET
48275,2026-09-10 01:00:12.212,-1,1.0,4.0,-3.1613,1,1,False,False,False,HOLD,STOP
48283,2026-09-10 01:06:23.544,-1,1.0,4.0,-0.5509,10,6,False,False,False,HOLD,TARGET
48292,2026-09-10 01:18:04.312,-1,2.0,3.0,2.1431,10,10,False,False,False,HOLD,STOP
48313,2026-09-10 01:38:47.188,-1,2.0,3.0,0.1427,3,3,False,False,False,HOLD,TARGET
48334,2026-09-10 02:09:31.440,-1,2.0,3.0,-2.7048,4,1,False,False,False,HOLD,TARGET
48344,2026-09-10 02:24:17.380,-1,2.0,3.0,-2.4224,2,1,False,False,False,HOLD,TARGET
48347,2026-09-10 02:28:13.048,-1,2.0,3.0,-1.7323,0,0,False,False,False,HOLD,TARGET
48349,2026-09-10 02:30:06.196,-1,0.0,5.0,0.7792,10,10,False,False,False,HOLD,TARGET
48352,2026-09-10 02:38:41.180,-1,1.0,4.0,-0.3988,0,0,False,False,False,HOLD,TARGET
48387,2026-09-10 03:30:22.324,-1,0.0,5.0,-1.2093,4,4,False,False,False,HOLD,TARGET
48404,2026-09-10 03:51:54.168,-1,1.0,4.0,-2.2828,1,1,False,False,False,HOLD,TARGET
48406,2026-09-10 03:54:22.404,-1,2.0,3.0,2.0017,10,10,False,False,False,HOLD,TARGET
48427,2026-09-10 03:56:58.420,1,1.0,4.0,-2.4638,1,1,False,False,False,HOLD,STOP
48440,2026-09-10 03:59:41.968,-1,1.0,4.0,3.34,10,10,False,False,False,HOLD,TARGET
48444,2026-09-10 04:02:17.604,-1,2.0,3.0,2.2525,10,1,False,False,False,HOLD,TARGET
48462,2026-09-10 04:16:47.620,-1,1.0,4.0,-3.7441,1,1,False,False,False,HOLD,TARGET
48465,2026-09-10 04:21:47.888,-1,2.0,3.0,-1.538,5,1,False,False,False,HOLD,STOP
48467,2026-09-10 04:26:04.556,-1,2.0,3.0,-2.7329,0,0,False,False,False,HOLD,STOP
48488,2026-09-10 04:52:59.916,-1,1.0,4.0,6.6975,10,10,True,True,False,HOLD,TARGET
48489,2026-09-10 04:53:46.212,-1,2.0,3.0,6.4314,10,10,True,True,False,HOLD,TARGET
48493,2026-09-10 04:55:33.692,-1,2.0,3.0,4.7206,10,10,True,True,False,HOLD,TARGET
48494,2026-09-10 04:55:39.196,-1,1.0,4.0,4.116,10,10,True,True,False,HOLD,TARGET
48495,2026-09-10 04:55:58.964,-1,1.0,4.0,3.6458,10,10,True,False,False,HOLD,TARGET
48497,2026-09-10 04:56:46.396,-1,2.0,3.0,-1.4118,0,0,False,False,False,HOLD,TARGET
48507,2026-09-10 05:00:11.664,-1,1.0,4.0,-2.0201,0,0,False,False,False,HOLD,TARGET
48512,2026-09-10 05:01:18.944,-1,2.0,3.0,0.5315,5,5,False,False,False,HOLD,TARGET
48522,2026-09-10 05:04:13.668,-1,2.0,3.0,0.5736,6,6,False,False,False,HOLD,TARGET
48532,2026-09-10 05:09:49.512,-1,2.0,3.0,-0.8943,4,1,False,False,False,HOLD,STOP
48550,2026-09-10 05:16:18.600,-1,1.0,4.0,-1.184,1,1,False,False,False,HOLD,TARGET
48553,2026-09-10 05:16:52.724,-1,2.0,3.0,-1.0728,1,1,False,False,False,HOLD,TARGET
48557,2026-09-10 05:17:40.228,-1,1.0,4.0,-2.3135,1,1,False,False,False,HOLD,TARGET
48561,2026-09-10 05:19:04.820,-1,2.0,3.0,-2.3482,2,1,False,False,False,HOLD,TARGET
48562,2026-09-10 05:19:52.560,-1,2.0,3.0,-0.6042,3,3,False,False,False,HOLD,TARGET
48580,2026-09-10 05:26:48.280,-1,2.0,3.0,-0.6392,1,1,False,False,False,HOLD,TARGET
48581,2026-09-10 05:27:43.208,-1,1.0,4.0,-0.0527,10,10,False,False,False,HOLD,TARGET
48582,2026-09-10 05:28:40.576,-1,2.0,3.0,1.1812,10,10,False,False,False,HOLD,STOP
48639,2026-09-10 05:30:49.664,-1,1.0,4.0,-0.3517,2,1,False,False,False,HOLD,TARGET
48642,2026-09-10 05:31:10.836,-1,2.0,3.0,0.5286,5,1,False,False,False,HOLD,TARGET
48647,2026-09-10 05:31:48.248,-1,2.0,3.0,2.6469,10,10,False,False,False,HOLD,TARGET
48648,2026-09-10 05:31:55.540,-1,2.0,3.0,3.2809,10,10,True,False,False,HOLD,TARGET
48655,2026-09-10 05:32:31.436,-1,2.0,3.0,-1.7503,0,0,False,False,False,HOLD,TARGET
48656,2026-09-10 05:32:36.492,-1,2.0,3.0,-0.1391,1,1,False,False,False,HOLD,TARGET
48662,2026-09-10 05:33:58.900,-1,2.0,3.0,2.8167,1,1,True,False,False,HOLD,TARGET
48669,2026-09-10 05:34:46.936,-1,0.0,5.0,0.2237,0,0,False,False,False,HOLD,TARGET
48671,2026-09-10 05:34:56.776,-1,2.0,3.0,4.123,10,10,True,True,False,HOLD,STOP
48701,2026-09-10 05:38:49.668,-1,2.0,3.0,-1.398,1,1,False,False,False,HOLD,TARGET
48709,2026-09-10 05:40:19.516,-1,2.0,3.0,-0.515,3,3,False,False,False,HOLD,TARGET
48711,2026-09-10 05:40:31.412,-1,1.0,4.0,2.2934,10,10,False,False,False,HOLD,TARGET
48729,2026-09-10 05:42:57.552,-1,2.0,3.0,1.7378,4,3,False,False,False,HOLD,TARGET
48730,2026-09-10 05:43:04.812,-1,2.0,3.0,2.5738,10,5,True,False,False,HOLD,TARGET
48735,2026-09-10 05:43:57.896,-1,2.0,3.0,-0.4388,2,1,False,False,False,HOLD,STOP
48762,2026-09-10 05:48:01.596,-1,2.0,3.0,-1.1056,0,0,False,False,False,HOLD,TARGET
48779,2026-09-10 05:51:41.932,1,2.0,3.0,-0.7468,0,0,False,False,False,HOLD,STOP
48862,2026-09-10 06:12:52.960,-1,1.0,4.0,-0.618,9,4,False,False,False,HOLD,TARGET
48867,2026-09-10 06:14:31.632,-1,1.0,4.0,1.0192,10,10,False,False,False,HOLD,TARGET
48868,2026-09-10 06:15:02.480,-1,1.0,4.0,1.2371,10,10,False,False,False,HOLD,STOP
48872,2026-09-10 06:16:07.176,-1,2.0,3.0,-2.4903,2,1,False,False,False,HOLD,TARGET
48893,2026-09-10 06:24:45.564,-1,2.0,3.0,-0.5179,5,4,False,False,False,HOLD,TARGET
48895,2026-09-10 06:25:06.428,-1,2.0,3.0,2.4645,10,10,False,False,False,HOLD,TARGET
48932,2026-09-10 06:30:54.516,-1,0.0,5.0,-4.4764,1,1,False,False,False,HOLD,TARGET
48936,2026-09-10 06:31:08.892,-1,0.0,5.0,-1.2225,1,1,False,False,True,HOLD,TARGET
49005,2026-09-10 06:35:42.344,1,2.0,3.0,-0.2032,10,1,False,False,True,HOLD,STOP
49015,2026-09-10 06:36:33.452,1,1.0,4.0,1.8048,1,1,False,False,True,HOLD,STOP
49040,2026-09-10 06:39:09.896,1,0.0,5.0,-0.541,3,3,False,False,True,HOLD,STOP
49046,2026-09-10 06:39:55.132,1,1.0,4.0,-1.1193,4,4,False,False,True,HOLD,TARGET
49051,2026-09-10 06:40:23.492,1,2.0,3.0,-1.8276,1,1,False,False,True,HOLD,TARGET
49054,2026-09-10 06:40:31.640,1,1.0,4.0,-0.4731,5,1,False,False,True,HOLD,TARGET
49056,2026-09-10 06:40:40.540,1,2.0,3.0,-2.6936,0,0,False,False,True,HOLD,TARGET
49064,2026-09-10 06:41:26.920,1,0.0,5.0,-3.9261,0,0,False,False,True,HOLD,TARGET
49102,2026-09-10 06:46:28.084,1,0.0,5.0,0.7228,10,10,False,False,False,HOLD,TARGET
49147,2026-09-10 06:51:59.264,-1,1.0,4.0,2.9831,10,10,True,False,False,HOLD,TARGET
49150,2026-09-10 06:52:10.052,-1,1.0,4.0,2.7314,10,1,True,False,False,HOLD,STOP
49161,2026-09-10 06:53:21.908,-1,1.0,4.0,-3.1612,1,1,False,False,False,HOLD,STOP
49171,2026-09-10 06:54:55.840,-1,2.0,3.0,-1.8768,5,1,False,False,False,HOLD,TARGET
49177,2026-09-10 06:56:00.596,-1,1.0,4.0,5.1949,10,10,True,True,False,HOLD,TARGET
49195,2026-09-10 06:58:33.664,-1,2.0,3.0,-0.9817,4,4,False,False,False,HOLD,TARGET
49196,2026-09-10 06:58:49.764,-1,2.0,3.0,0.4587,6,6,False,False,False,HOLD,TARGET
49206,2026-09-10 07:00:37.236,-1,1.0,4.0,-3.7834,3,3,False,False,True,HOLD,TARGET
49251,2026-09-10 07:08:39.504,-1,2.0,3.0,4.3565,10,10,False,False,True,HOLD,TARGET
49275,2026-09-10 07:13:01.556,1,2.0,3.0,3.1658,1,1,False,False,True,HOLD,TARGET
49289,2026-09-10 07:15:46.016,1,2.0,3.0,-2.0202,3,3,False,False,True,HOLD,TARGET
49293,2026-09-10 07:16:34.300,1,2.0,3.0,1.1871,10,10,False,False,True,HOLD,TARGET
49297,2026-09-10 07:17:15.840,1,1.0,4.0,-2.6611,0,0,False,False,True,HOLD,STOP
49309,2026-09-10 07:18:57.428,1,1.0,4.0,-0.0723,10,10,False,False,True,HOLD,TARGET
49310,2026-09-10 07:19:10.484,1,2.0,3.0,1.166,10,10,False,False,True,HOLD,TARGET
49314,2026-09-10 07:19:44.808,1,2.0,3.0,1.4569,10,1,False,False,True,HOLD,TARGET
49315,2026-09-10 07:19:46.184,1,2.0,3.0,2.3553,10,10,False,False,True,HOLD,TARGET
49317,2026-09-10 07:19:56.224,1,0.0,5.0,2.6471,10,10,False,False,True,HOLD,TARGET
49322,2026-09-10 07:20:34.740,1,0.0,5.0,0.6994,1,1,False,False,True,HOLD,TARGET
49325,2026-09-10 07:21:35.648,1,1.0,4.0,-2.9233,0,0,False,False,True,HOLD,TARGET
49348,2026-09-10 07:24:40.464,1,2.0,3.0,8.7392,10,10,True,True,True,HOLD,TARGET
49373,2026-09-10 07:25:01.324,1,1.0,4.0,-2.2835,3,3,False,False,True,HOLD,TARGET
49379,2026-09-10 07:25:06.776,1,2.0,3.0,-1.414,2,1,False,False,True,HOLD,TARGET
49385,2026-09-10 07:25:19.952,1,2.0,3.0,1.1136,10,9,False,False,True,HOLD,TARGET
49421,2026-09-10 07:28:41.096,-1,1.0,4.0,-3.9666,0,0,False,False,True,HOLD,TARGET
49423,2026-09-10 07:29:06.552,-1,1.0,4.0,0.8103,10,10,False,False,True,HOLD,TARGET
49426,2026-09-10 07:29:43.356,-1,2.0,3.0,0.2592,0,0,False,False,True,HOLD,STOP
49433,2026-09-10 07:30:31.196,-1,2.0,3.0,-2.9087,3,3,False,False,True,HOLD,TARGET
49435,2026-09-10 07:31:12.092,-1,1.0,4.0,-3.1299,0,0,False,False,True,HOLD,STOP
49444,2026-09-10 07:32:49.412,-1,2.0,3.0,-0.1849,5,5,False,False,True,HOLD,STOP
49462,2026-09-10 07:36:31.752,1,2.0,3.0,-1.9345,0,0,False,False,True,HOLD,TARGET
49468,2026-09-10 07:38:18.000,1,1.0,4.0,2.1675,10,10,False,False,True,HOLD,STOP
49491,2026-09-10 07:44:29.196,-1,2.0,3.0,6.0378,10,10,False,False,True,HOLD,STOP
49495,2026-09-10 07:45:06.776,-1,2.0,3.0,0.7826,2,1,False,False,True,HOLD,STOP
49497,2026-09-10 07:45:49.448,-1,2.0,3.0,-1.934,0,0,False,False,True,HOLD,TARGET
49519,2026-09-10 07:50:25.380,-1,1.0,4.0,-2.9943,2,2,False,False,True,HOLD,TARGET
49542,2026-09-10 07:55:00.276,1,1.0,4.0,0.1226,10,3,False,False,True,HOLD,STOP
49551,2026-09-10 07:57:13.440,1,1.0,4.0,1.5449,10,10,False,False,True,HOLD,TARGET
49553,2026-09-10 07:57:45.024,1,2.0,3.0,-1.4728,0,0,False,False,True,HOLD,TARGET
49590,2026-09-10 08:07:47.328,1,2.0,3.0,0.5103,2,1,False,False,False,HOLD,TARGET
49604,2026-09-10 08:12:05.180,1,1.0,4.0,-2.7424,1,1,False,False,False,HOLD,STOP
49649,2026-09-10 08:25:42.128,1,0.0,5.0,-2.711,0,0,False,False,False,HOLD,TARGET
49652,2026-09-10 08:27:11.584,1,1.0,4.0,-1.0231,1,1,False,False,False,HOLD,TARGET
49672,2026-09-10 08:35:26.988,1,2.0,3.0,-0.4699,0,0,False,False,False,HOLD,TARGET
49673,2026-09-10 08:35:58.068,1,1.0,4.0,0.079,1,1,False,False,False,HOLD,TARGET
49676,2026-09-10 08:37:34.268,1,1.0,4.0,3.247,10,10,False,False,False,HOLD,TARGET
49726,2026-09-10 08:56:06.812,-1,2.0,3.0,2.2668,0,0,False,False,False,HOLD,TARGET
49764,2026-09-10 09:07:27.316,-1,1.0,4.0,-1.2451,7,1,False,False,False,HOLD,TARGET
49769,2026-09-10 09:08:50.840,-1,2.0,3.0,-0.4383,0,0,False,False,False,HOLD,TARGET
49774,2026-09-10 09:10:50.532,-1,2.0,3.0,-1.8932,0,0,False,False,False,HOLD,TARGET
49789,2026-09-10 09:17:23.940,-1,0.0,5.0,0.1048,10,10,False,False,False,HOLD,TARGET
49802,2026-09-10 09:24:22.676,-1,2.0,3.0,-2.0723,1,1,False,False,False,HOLD,TARGET
49803,2026-09-10 09:25:20.116,-1,1.0,4.0,-1.1674,10,10,False,False,False,HOLD,TARGET
49824,2026-09-10 09:34:16.828,-1,1.0,4.0,-2.443,1,1,False,False,False,HOLD,TARGET
49836,2026-09-10 09:34:59.592,-1,2.0,3.0,2.898,8,8,False,False,False,HOLD,TARGET
49837,2026-09-10 09:35:09.708,-1,2.0,3.0,3.4762,10,10,False,False,False,HOLD,TARGET
49838,2026-09-10 09:35:13.272,-1,2.0,3.0,3.926,10,10,True,False,False,HOLD,TARGET
49859,2026-09-10 09:40:50.168,1,2.0,3.0,-1.6402,0,0,False,False,False,HOLD,TARGET
49866,2026-09-10 09:43:27.200,1,0.0,5.0,0.0059,1,1,False,False,False,HOLD,TARGET
49871,2026-09-10 09:45:16.856,1,1.0,4.0,4.0256,10,10,True,True,False,HOLD,TARGET
49873,2026-09-10 09:46:20.364,1,1.0,4.0,5.6451,10,10,True,True,False,HOLD,TARGET
49894,2026-09-10 09:53:27.600,1,2.0,3.0,-0.5747,10,1,False,False,False,HOLD,TARGET
49895,2026-09-10 09:53:58.072,1,1.0,4.0,-0.0026,10,10,False,False,False,HOLD,TARGET
49910,2026-09-10 10:02:03.732,1,2.0,3.0,-1.0074,6,1,False,False,False,HOLD,TARGET
49913,2026-09-10 10:02:03.856,1,2.0,3.0,-0.1256,0,0,False,False,False,HOLD,TARGET
49921,2026-09-10 10:02:09.568,1,0.0,5.0,-1.0987,1,1,False,False,False,HOLD,STOP
49972,2026-09-10 10:22:42.596,-1,0.0,5.0,-0.7107,10,10,False,False,False,HOLD,TARGET
49973,2026-09-10 10:23:49.888,-1,2.0,3.0,0.6694,10,10,False,False,False,HOLD,TARGET
49978,2026-09-10 10:27:39.044,-1,2.0,3.0,-1.8044,0,0,False,False,False,HOLD,TARGET
49981,2026-09-10 10:30:01.064,-1,0.0,5.0,-1.9793,1,1,False,False,False,HOLD,TARGET
50037,2026-09-10 11:02:19.680,-1,2.0,3.0,2.102,10,10,False,False,True,HOLD,TARGET
50039,2026-09-10 11:03:16.004,-1,0.0,5.0,3.7037,10,10,False,False,True,HOLD,TARGET
50040,2026-09-10 11:03:31.984,-1,2.0,3.0,4.1029,10,10,False,False,True,HOLD,STOP
50042,2026-09-10 11:04:50.848,-1,1.0,4.0,-1.9131,0,0,False,False,True,HOLD,TARGET
50043,2026-09-10 11:05:11.648,-1,2.0,3.0,-0.2657,1,1,False,False,True,HOLD,TARGET
50052,2026-09-10 11:10:09.944,-1,2.0,3.0,3.4566,10,10,False,False,True,HOLD,TARGET
50055,2026-09-10 11:12:05.764,-1,2.0,3.0,-0.1761,0,0,False,False,True,HOLD,STOP
50066,2026-09-10 11:18:47.532,-1,0.0,5.0,-0.3004,3,3,False,False,True,HOLD,STOP
50083,2026-09-10 11:32:37.156,-1,1.0,4.0,1.8693,10,10,False,False,True,HOLD,TARGET
50105,2026-09-10 11:48:07.220,-1,1.0,4.0,-1.3365,10,1,False,False,True,HOLD,TARGET
50122,2026-09-10 11:51:26.412,1,0.0,5.0,2.6798,10,10,False,False,True,HOLD,TARGET
50123,2026-09-10 11:51:27.792,1,2.0,3.0,3.3065,10,10,False,False,True,HOLD,TARGET
50154,2026-09-10 12:00:55.656,-1,1.0,4.0,-1.3311,1,1,False,False,True,HOLD,TARGET
50159,2026-09-10 12:03:06.548,-1,1.0,4.0,0.3689,10,10,False,False,True,HOLD,TARGET
50194,2026-09-10 12:19:04.476,-1,1.0,4.0,-1.3763,0,0,False,False,True,HOLD,TARGET
50209,2026-09-10 12:31:01.144,-1,2.0,3.0,-1.2569,6,1,False,False,True,HOLD,STOP
50218,2026-09-10 12:35:27.332,1,2.0,3.0,-0.955,0,0,False,False,True,HOLD,STOP
50223,2026-09-10 12:38:46.456,1,0.0,5.0,-4.9936,1,1,False,False,True,HOLD,TARGET
50281,2026-09-10 12:59:40.580,-1,2.0,3.0,-2.3063,0,0,False,False,True,HOLD,STOP
50310,2026-09-10 13:09:26.236,1,2.0,3.0,3.3585,10,10,False,False,False,HOLD,TARGET
50318,2026-09-10 13:11:35.596,1,1.0,4.0,4.1696,10,10,False,False,False,HOLD,TARGET
50319,2026-09-10 13:12:46.556,1,2.0,3.0,4.4653,10,10,True,True,False,HOLD,STOP
50322,2026-09-10 13:16:02.444,1,2.0,3.0,1.1147,1,1,False,False,False,HOLD,STOP
50324,2026-09-10 13:19:00.608,1,0.0,5.0,-4.4985,0,0,False,False,False,HOLD,STOP
50328,2026-09-10 13:53:23.524,1,2.0,3.0,-2.7819,2,1,False,False,False,HOLD,STOP
50353,2026-09-10 15:18:35.440,1,1.0,4.0,-1.2734,1,1,False,False,False,HOLD,TARGET
50373,2026-09-10 15:54:13.652,-1,2.0,3.0,-1.3037,3,2,False,False,False,HOLD,STOP
50390,2026-09-10 16:50:36.560,-1,2.0,3.0,-0.678,10,1,False,False,False,HOLD,TARGET
50396,2026-09-10 16:59:19.416,-1,2.0,3.0,5.1587,10,10,False,False,False,HOLD,STOP
50415,2026-09-10 17:08:13.472,1,1.0,4.0,4.719,10,10,False,False,False,HOLD,NONE
50419,2026-09-10 17:12:24.156,1,0.0,5.0,-1.9352,1,1,False,False,False,HOLD,TARGET
50430,2026-09-10 17:23:10.808,1,2.0,3.0,-2.9451,2,1,False,False,False,HOLD,TARGET
50445,2026-09-10 17:38:59.548,1,2.0,3.0,5.5894,10,10,True,True,False,HOLD,STOP
50454,2026-09-10 17:50:28.864,1,0.0,5.0,-3.1462,5,5,False,False,False,HOLD,TARGET
50456,2026-09-10 17:54:35.820,1,2.0,3.0,2.0844,8,8,False,False,False,HOLD,TARGET
50457,2026-09-10 17:57:24.440,1,2.0,3.0,2.8434,10,10,False,False,False,HOLD,TARGET
50466,2026-09-10 18:11:54.552,1,1.0,4.0,-0.9155,2,1,False,False,False,HOLD,STOP
50467,2026-09-10 18:13:16.480,1,1.0,4.0,-0.2676,3,3,False,False,False,HOLD,STOP
50531,2026-09-10 20:04:56.612,-1,2.0,3.0,-1.1165,0,0,False,False,False,HOLD,TARGET
50546,2026-09-10 20:30:03.948,-1,2.0,3.0,-1.7422,2,1,False,False,False,HOLD,TARGET
50547,2026-09-10 20:31:25.868,-1,0.0,5.0,-1.6884,3,3,False,False,False,HOLD,TARGET
50560,2026-09-10 20:50:24.616,-1,1.0,4.0,0.5571,8,8,False,False,False,HOLD,STOP
50595,2026-09-10 21:20:40.896,1,2.0,3.0,-1.6126,0,0,False,False,False,HOLD,TARGET
50598,2026-09-10 21:24:08.136,1,1.0,4.0,-2.2635,0,0,False,False,False,HOLD,TARGET
50603,2026-09-10 21:31:44.184,1,2.0,3.0,5.8528,10,10,True,True,False,HOLD,TARGET
50606,2026-09-10 21:40:22.996,1,0.0,5.0,0.2119,1,1,False,False,False,HOLD,TARGET
50607,2026-09-10 21:42:39.776,1,0.0,5.0,-0.1685,2,2,False,False,False,HOLD,TARGET
50608,2026-09-10 21:49:53.592,1,2.0,3.0,1.0912,10,3,False,False,False,HOLD,TARGET
50618,2026-09-10 22:11:50.924,1,2.0,3.0,1.2739,10,1,False,False,False,HOLD,TARGET
50632,2026-09-10 22:32:39.596,1,1.0,4.0,-3.135,3,3,False,False,False,HOLD,TARGET
50633,2026-09-10 22:33:54.244,1,2.0,3.0,-1.2161,4,4,False,False,False,HOLD,TARGET
50635,2026-09-10 22:39:36.080,1,1.0,4.0,1.2643,10,10,False,False,False,HOLD,TARGET
50659,2026-09-10 23:02:28.636,1,1.0,4.0,-1.9972,2,1,False,False,False,HOLD,STOP
50666,2026-09-10 23:07:48.816,1,2.0,3.0,1.0965,10,5,False,False,False,HOLD,TARGET
50677,2026-09-10 23:14:47.304,1,1.0,4.0,-1.4347,0,0,False,False,False,HOLD,STOP
50693,2026-09-10 23:31:44.316,1,1.0,4.0,-2.0939,7,1,False,False,False,HOLD,STOP
50694,2026-09-10 23:32:13.908,1,2.0,3.0,-0.4064,10,8,False,False,False,HOLD,STOP
50709,2026-09-10 23:47:04.320,1,2.0,3.0,0.1368,4,4,False,False,False,HOLD,TARGET
50721,2026-09-11 00:00:51.336,1,1.0,4.0,-1.4223,1,1,False,False,False,HOLD,TARGET
50724,2026-09-11 00:04:52.500,1,0.0,5.0,-2.7405,1,1,False,False,False,HOLD,TARGET
50757,2026-09-11 00:32:06.312,-1,0.0,5.0,-2.2472,1,1,False,False,False,HOLD,TARGET
50762,2026-09-11 00:40:42.016,-1,1.0,4.0,-3.8597,0,0,False,False,False,HOLD,TARGET
50766,2026-09-11 00:49:11.416,-1,2.0,3.0,-1.2262,1,1,False,False,False,HOLD,STOP
50788,2026-09-11 01:11:19.116,-1,2.0,3.0,0.5803,3,3,False,False,False,HOLD,STOP
50803,2026-09-11 01:23:40.204,1,0.0,5.0,-2.2848,1,1,False,False,False,HOLD,TARGET
50825,2026-09-11 01:24:22.464,1,2.0,3.0,-1.3295,6,5,False,False,False,HOLD,TARGET
50832,2026-09-11 01:24:26.460,1,2.0,3.0,-1.7467,2,1,False,False,False,HOLD,STOP
50856,2026-09-11 01:28:13.544,-1,2.0,3.0,2.5459,10,10,False,False,False,HOLD,STOP
50857,2026-09-11 01:28:52.484,-1,1.0,4.0,2.4246,10,10,False,False,False,HOLD,STOP
50880,2026-09-11 01:51:08.024,1,1.0,4.0,-1.3818,4,1,False,False,False,HOLD,TARGET
50883,2026-09-11 01:53:14.300,1,2.0,3.0,4.4129,10,10,False,False,False,HOLD,TARGET
50884,2026-09-11 01:53:59.124,1,2.0,3.0,4.6545,10,10,False,False,False,HOLD,TARGET
50886,2026-09-11 01:56:06.020,1,1.0,4.0,0.2354,0,0,False,False,False,HOLD,TARGET
50888,2026-09-11 01:57:45.072,1,1.0,4.0,2.7474,10,10,True,False,False,HOLD,TARGET
50889,2026-09-11 01:59:57.696,1,1.0,4.0,2.5813,10,10,True,False,False,HOLD,TARGET
50895,2026-09-11 02:01:23.008,1,1.0,4.0,-1.3203,0,0,False,False,False,HOLD,TARGET
50948,2026-09-11 03:04:02.720,1,1.0,4.0,2.3621,10,1,False,False,False,HOLD,TARGET
50949,2026-09-11 03:04:37.060,1,2.0,3.0,3.0594,10,10,False,False,False,HOLD,STOP
50951,2026-09-11 03:08:26.620,1,1.0,4.0,-1.9394,0,0,False,False,False,HOLD,STOP
50987,2026-09-11 04:22:32.860,-1,0.0,5.0,-4.5743,1,1,False,False,False,HOLD,TARGET
51016,2026-09-11 04:57:31.116,1,2.0,3.0,-1.0547,2,1,False,False,False,HOLD,TARGET
51022,2026-09-11 05:03:23.536,-1,1.0,4.0,-2.8836,0,0,False,False,False,HOLD,STOP
51024,2026-09-11 05:05:06.856,1,0.0,5.0,-3.0828,1,1,False,False,False,HOLD,TARGET
51049,2026-09-11 05:22:13.956,1,1.0,4.0,1.7898,1,1,False,False,False,HOLD,STOP
51196,2026-09-11 05:30:01.496,-1,1.0,4.0,-2.0848,0,0,False,False,False,HOLD,TARGET
51226,2026-09-11 05:30:02.140,-1,0.0,5.0,-1.7268,1,1,False,False,False,HOLD,STOP
51253,2026-09-11 05:30:04.208,-1,2.0,3.0,1.2009,0,0,False,False,False,HOLD,TARGET
51254,2026-09-11 05:30:04.220,-1,0.0,5.0,0.6007,1,1,False,False,False,HOLD,TARGET
51260,2026-09-11 05:30:04.648,-1,0.0,5.0,-2.4876,1,1,False,False,False,HOLD,TARGET
51263,2026-09-11 05:30:06.208,-1,0.0,5.0,-3.1073,1,1,False,False,False,HOLD,TARGET
51270,2026-09-11 05:30:06.444,-1,1.0,4.0,6.0963,10,10,True,True,False,HOLD,TARGET
51271,2026-09-11 05:30:07.100,-1,0.0,5.0,4.4082,10,10,False,False,False,HOLD,TARGET
51324,2026-09-11 05:30:13.228,1,0.0,5.0,-4.0519,0,0,False,False,False,HOLD,TARGET
51327,2026-09-11 05:30:13.680,1,2.0,3.0,0.6697,10,1,False,False,False,HOLD,TARGET
51369,2026-09-11 05:30:42.524,1,1.0,4.0,-0.1566,10,10,False,False,False,HOLD,STOP
51381,2026-09-11 05:30:56.148,-1,2.0,3.0,5.5712,10,10,False,False,False,HOLD,STOP
51410,2026-09-11 05:31:44.760,1,2.0,3.0,4.6303,10,10,False,False,False,HOLD,TARGET
51427,2026-09-11 05:32:11.848,1,2.0,3.0,0.6325,7,6,False,False,False,HOLD,TARGET
51430,2026-09-11 05:32:19.988,1,2.0,3.0,-0.2182,1,1,False,False,False,HOLD,TARGET
51431,2026-09-11 05:32:22.480,1,2.0,3.0,1.0525,10,10,False,False,False,HOLD,TARGET
51433,2026-09-11 05:32:27.824,1,2.0,3.0,-1.7707,0,0,False,False,False,HOLD,TARGET
51449,2026-09-11 05:33:12.868,1,1.0,4.0,-0.0141,6,6,False,False,False,HOLD,TARGET
51452,2026-09-11 05:33:18.856,1,2.0,3.0,-1.5978,1,1,False,False,False,HOLD,TARGET
51453,2026-09-11 05:33:29.760,1,1.0,4.0,-0.7983,10,2,False,False,False,HOLD,TARGET
51461,2026-09-11 05:33:54.556,1,2.0,3.0,4.0536,10,10,True,True,False,HOLD,STOP
51467,2026-09-11 05:34:11.052,1,1.0,4.0,-2.6769,0,0,False,False,False,HOLD,STOP
51485,2026-09-11 05:36:04.204,1,1.0,4.0,-1.0682,4,4,False,False,False,HOLD,TARGET
51492,2026-09-11 05:36:47.164,1,2.0,3.0,0.4809,0,0,False,False,False,HOLD,TARGET
51499,2026-09-11 05:37:29.020,1,2.0,3.0,2.092,10,5,False,False,False,HOLD,STOP
51511,2026-09-11 05:38:47.676,1,1.0,4.0,-2.9773,1,1,False,False,False,HOLD,TARGET
51521,2026-09-11 05:40:39.004,1,0.0,5.0,-2.0988,3,3,False,False,False,HOLD,STOP
51527,2026-09-11 05:41:49.192,1,1.0,4.0,-3.3427,3,3,False,False,False,HOLD,STOP
51556,2026-09-11 05:50:16.668,1,2.0,3.0,-0.2022,0,0,False,False,False,HOLD,TARGET
51560,2026-09-11 05:50:59.048,1,0.0,5.0,4.8749,10,10,False,False,False,HOLD,TARGET
51562,2026-09-11 05:51:31.408,1,2.0,3.0,0.5416,0,0,False,False,False,HOLD,TARGET
51563,2026-09-11 05:52:04.972,1,1.0,4.0,0.8657,1,1,False,False,False,HOLD,TARGET
51579,2026-09-11 05:56:17.732,1,2.0,3.0,5.2126,10,10,True,True,False,HOLD,TARGET
51582,2026-09-11 05:57:07.864,1,1.0,4.0,0.6885,1,1,False,False,False,HOLD,TARGET
51588,2026-09-11 05:58:35.600,1,2.0,3.0,1.0154,10,1,False,False,False,HOLD,TARGET
51593,2026-09-11 05:59:43.500,1,2.0,3.0,4.0618,10,1,True,True,False,HOLD,TARGET
51599,2026-09-11 06:00:20.680,1,2.0,3.0,6.3289,10,10,True,True,False,HOLD,TARGET
51600,2026-09-11 06:00:28.924,1,1.0,4.0,5.3669,10,10,True,True,False,HOLD,TARGET
51629,2026-09-11 06:06:33.360,1,1.0,4.0,-1.4928,0,0,False,False,False,HOLD,STOP
51644,2026-09-11 06:12:12.144,-1,1.0,4.0,0.9741,10,10,False,False,False,HOLD,TARGET
51648,2026-09-11 06:13:59.656,-1,1.0,4.0,5.7172,10,10,True,True,False,HOLD,TARGET
51654,2026-09-11 06:15:43.340,-1,2.0,3.0,-1.801,1,1,False,False,False,HOLD,TARGET
51659,2026-09-11 06:17:02.156,-1,0.0,5.0,-4.1747,1,1,False,False,False,HOLD,TARGET
51665,2026-09-11 06:19:27.380,-1,2.0,3.0,-2.4071,2,1,False,False,False,HOLD,TARGET
51678,2026-09-11 06:26:00.168,-1,1.0,4.0,-3.4056,0,0,False,False,False,HOLD,STOP
51698,2026-09-11 06:28:50.472,1,2.0,3.0,0.0892,6,5,False,False,False,HOLD,TARGET
51702,2026-09-11 06:29:25.568,1,0.0,5.0,-2.3524,1,1,False,False,False,HOLD,TARGET
51710,2026-09-11 06:30:00.856,-1,2.0,3.0,7.2389,10,10,False,False,False,HOLD,TARGET
51712,2026-09-11 06:30:04.700,-1,0.0,5.0,5.6013,10,10,False,False,False,HOLD,NONE
51713,2026-09-11 06:30:06.372,-1,0.0,5.0,4.0233,10,10,False,False,False,HOLD,NONE
51715,2026-09-11 06:30:13.232,-1,2.0,3.0,-0.5785,0,0,False,False,False,HOLD,NONE
51719,2026-09-11 06:30:27.152,-1,1.0,4.0,-1.9459,1,1,False,False,False,HOLD,TARGET
51768,2026-09-11 06:33:22.604,1,2.0,3.0,0.5811,1,1,False,False,True,HOLD,TARGET
51769,2026-09-11 06:33:32.216,1,1.0,4.0,0.8964,10,10,False,False,True,HOLD,TARGET
51771,2026-09-11 06:33:40.784,1,2.0,3.0,-2.4701,0,0,False,False,True,HOLD,TARGET
51774,2026-09-11 06:33:54.692,1,0.0,5.0,1.8748,10,10,False,False,True,HOLD,TARGET
51779,2026-09-11 06:34:07.060,1,2.0,3.0,-1.507,0,0,False,False,True,HOLD,TARGET
51780,2026-09-11 06:34:18.548,1,0.0,5.0,-1.5054,1,1,False,False,True,HOLD,TARGET
51781,2026-09-11 06:34:22.072,1,1.0,4.0,-0.7265,2,2,False,False,True,HOLD,TARGET
51801,2026-09-11 06:36:14.932,1,1.0,4.0,-2.927,1,1,False,False,True,HOLD,STOP
51816,2026-09-11 06:37:38.864,1,0.0,5.0,-3.9943,1,1,False,False,True,HOLD,TARGET
51818,2026-09-11 06:37:44.916,1,1.0,4.0,-3.7867,0,0,False,False,True,HOLD,TARGET
51846,2026-09-11 06:40:26.424,-1,2.0,3.0,7.7101,10,10,True,True,True,HOLD,TARGET
51890,2026-09-11 06:42:18.132,-1,1.0,4.0,-1.2271,0,0,False,False,True,HOLD,NONE
51891,2026-09-11 06:42:20.516,-1,2.0,3.0,0.2678,1,1,False,False,True,HOLD,STOP
51913,2026-09-11 06:44:12.508,-1,2.0,3.0,-1.8789,4,1,False,False,True,HOLD,TARGET
51964,2026-09-11 06:47:17.532,-1,0.0,5.0,-3.8953,1,1,False,False,False,HOLD,TARGET
51977,2026-09-11 06:48:29.468,-1,2.0,3.0,0.3835,6,3,False,False,False,HOLD,TARGET
52002,2026-09-11 06:51:25.072,-1,1.0,4.0,0.8811,10,10,False,False,False,HOLD,STOP
52040,2026-09-11 06:56:24.044,1,1.0,4.0,3.2328,10,10,False,False,False,HOLD,TARGET
52044,2026-09-11 06:56:51.696,1,2.0,3.0,3.1841,10,1,False,False,False,HOLD,TARGET
52046,2026-09-11 06:57:21.136,1,2.0,3.0,-1.0862,0,0,False,False,False,HOLD,TARGET
52097,2026-09-11 07:03:22.632,-1,2.0,3.0,-0.0216,10,3,False,False,True,HOLD,NONE
52109,2026-09-11 07:04:47.272,-1,2.0,3.0,-0.8428,10,1,False,False,True,HOLD,TARGET
52111,2026-09-11 07:05:16.008,-1,2.0,3.0,-2.9173,0,0,False,False,True,HOLD,TARGET
52112,2026-09-11 07:05:43.700,-1,2.0,3.0,-1.0468,1,1,False,False,True,HOLD,TARGET
52117,2026-09-11 07:06:04.188,-1,1.0,4.0,3.8538,10,10,False,False,True,HOLD,TARGET
52120,2026-09-11 07:06:19.020,-1,2.0,3.0,2.3729,10,1,True,False,True,HOLD,STOP
52131,2026-09-11 07:07:30.028,-1,2.0,3.0,-2.8438,1,1,False,False,True,HOLD,TARGET
52135,2026-09-11 07:07:52.108,-1,0.0,5.0,-3.0,1,1,False,False,True,HOLD,STOP
52166,2026-09-11 07:12:04.140,-1,1.0,4.0,-0.8256,0,0,False,False,True,HOLD,TARGET
52168,2026-09-11 07:12:17.352,-1,2.0,3.0,2.2784,10,2,False,False,True,HOLD,TARGET
52170,2026-09-11 07:12:35.096,-1,1.0,4.0,3.3783,10,10,False,False,True,HOLD,STOP
52185,2026-09-11 07:14:52.576,-1,2.0,3.0,0.4897,10,10,False,False,True,HOLD,TARGET
52188,2026-09-11 07:15:14.528,-1,1.0,4.0,-1.7449,0,0,False,False,True,HOLD,TARGET
52195,2026-09-11 07:16:02.828,-1,1.0,4.0,-2.5313,1,1,False,False,True,HOLD,STOP
52215,2026-09-11 07:19:19.228,1,1.0,4.0,4.3663,10,10,False,False,True,HOLD,TARGET
52222,2026-09-11 07:21:32.924,1,2.0,3.0,0.614,0,0,False,False,True,HOLD,TARGET
52227,2026-09-11 07:22:49.852,1,1.0,4.0,0.2936,1,1,False,False,True,HOLD,TARGET
52246,2026-09-11 07:27:21.300,1,2.0,3.0,-1.1727,1,1,False,False,True,HOLD,TARGET
52264,2026-09-11 07:32:02.024,-1,2.0,3.0,5.5462,10,10,False,False,True,HOLD,TARGET
52268,2026-09-11 07:33:06.528,-1,2.0,3.0,-2.9394,0,0,False,False,True,HOLD,TARGET
52276,2026-09-11 07:34:51.112,-1,2.0,3.0,1.8076,4,4,False,False,True,HOLD,TARGET
52278,2026-09-11 07:35:16.320,-1,2.0,3.0,4.4762,10,10,True,True,True,HOLD,TARGET
52281,2026-09-11 07:35:42.872,-1,2.0,3.0,1.7247,10,1,False,False,True,HOLD,TARGET
52297,2026-09-11 07:38:35.752,-1,2.0,3.0,1.4378,10,10,False,False,True,HOLD,TARGET
52314,2026-09-11 07:41:44.040,-1,2.0,3.0,-1.4671,6,1,False,False,True,HOLD,TARGET
52319,2026-09-11 07:43:10.436,-1,2.0,3.0,-2.7478,0,0,False,False,True,HOLD,TARGET
52320,2026-09-11 07:43:24.432,-1,2.0,3.0,-0.915,1,1,False,False,True,HOLD,TARGET
52327,2026-09-11 07:45:24.536,-1,2.0,3.0,0.7468,2,1,False,False,True,HOLD,STOP
52334,2026-09-11 07:46:15.148,-1,2.0,3.0,-1.9766,2,1,False,False,True,HOLD,STOP
52342,2026-09-11 07:47:30.788,-1,2.0,3.0,-2.9382,0,0,False,False,True,HOLD,TARGET
52346,2026-09-11 07:48:34.236,-1,2.0,3.0,-0.6297,0,0,False,False,True,HOLD,STOP
52360,2026-09-11 07:48:45.028,1,2.0,3.0,-1.2052,0,0,False,False,True,HOLD,TARGET
52362,2026-09-11 07:48:45.880,1,1.0,4.0,2.4808,10,5,False,False,True,HOLD,STOP
52364,2026-09-11 07:48:47.348,1,2.0,3.0,-0.9067,0,0,False,False,True,HOLD,STOP
52409,2026-09-11 07:54:44.864,-1,0.0,5.0,1.1349,1,1,False,False,True,HOLD,TARGET
52412,2026-09-11 07:55:02.924,-1,0.0,5.0,-0.9324,1,1,False,False,True,HOLD,TARGET
52426,2026-09-11 07:59:01.476,-1,2.0,3.0,-1.0389,5,5,False,False,True,HOLD,TARGET
52427,2026-09-11 07:59:08.108,-1,2.0,3.0,0.4142,7,6,False,False,True,HOLD,STOP
52431,2026-09-11 08:00:11.784,-1,0.0,5.0,-4.1453,1,1,False,False,False,HOLD,TARGET
52432,2026-09-11 08:00:18.232,-1,2.0,3.0,-2.0019,2,2,False,False,False,HOLD,STOP
52450,2026-09-11 08:03:59.612,1,2.0,3.0,2.4284,10,10,False,False,False,HOLD,TARGET
52459,2026-09-11 08:06:17.844,1,1.0,4.0,5.9554,10,10,True,True,False,HOLD,TARGET
52460,2026-09-11 08:06:35.472,1,1.0,4.0,5.0764,10,10,True,True,False,HOLD,TARGET
52461,2026-09-11 08:06:50.496,1,2.0,3.0,5.1706,10,10,True,True,False,HOLD,STOP
52479,2026-09-11 08:10:58.616,1,0.0,5.0,-4.2916,1,1,False,False,False,HOLD,STOP
52492,2026-09-11 08:13:39.636,-1,2.0,3.0,5.1166,10,10,False,False,False,HOLD,STOP
52503,2026-09-11 08:15:48.264,1,2.0,3.0,7.6712,10,10,False,False,False,HOLD,TARGET
52504,2026-09-11 08:16:19.968,1,2.0,3.0,7.1887,10,10,False,False,False,HOLD,TARGET
52505,2026-09-11 08:16:46.148,1,2.0,3.0,6.8135,10,10,True,True,False,HOLD,TARGET
52509,2026-09-11 08:18:20.900,1,0.0,5.0,1.968,1,1,False,False,False,HOLD,TARGET
52512,2026-09-11 08:20:17.648,1,2.0,3.0,-0.8765,0,0,False,False,False,HOLD,TARGET
52524,2026-09-11 08:24:50.380,1,2.0,3.0,0.4159,10,1,False,False,False,HOLD,TARGET
52529,2026-09-11 08:26:43.348,1,1.0,4.0,-0.5694,2,1,False,False,False,HOLD,TARGET
52535,2026-09-11 08:29:41.680,1,1.0,4.0,-3.4376,0,0,False,False,False,HOLD,STOP
52558,2026-09-11 08:42:35.976,1,0.0,5.0,1.0274,10,10,False,False,False,HOLD,TARGET
52559,2026-09-11 08:43:23.760,1,1.0,4.0,1.2436,10,10,False,False,False,HOLD,STOP
52562,2026-09-11 08:45:27.840,1,1.0,4.0,-3.7427,0,0,False,False,False,HOLD,STOP
52591,2026-09-11 09:02:34.176,1,1.0,4.0,2.518,10,10,False,False,False,HOLD,TARGET
52614,2026-09-11 09:22:07.404,-1,2.0,3.0,-0.1605,6,1,False,False,False,HOLD,TARGET
52636,2026-09-11 09:29:50.680,-1,1.0,4.0,1.919,10,10,False,False,False,HOLD,TARGET
52639,2026-09-11 09:30:03.088,-1,2.0,3.0,1.1265,10,1,False,False,False,HOLD,STOP
52645,2026-09-11 09:32:02.932,-1,1.0,4.0,-2.6146,3,3,False,False,False,HOLD,STOP
52662,2026-09-11 09:39:50.772,-1,0.0,5.0,2.4131,10,10,False,False,False,HOLD,TARGET
52669,2026-09-11 09:42:46.244,-1,1.0,4.0,-2.7689,2,1,False,False,False,HOLD,STOP
52688,2026-09-11 09:55:06.944,1,2.0,3.0,-2.1073,3,1,False,False,False,HOLD,TARGET
52693,2026-09-11 09:58:42.176,1,1.0,4.0,-1.6361,3,1,False,False,False,HOLD,TARGET
52701,2026-09-11 10:07:10.220,1,1.0,4.0,-3.7835,0,0,False,False,False,HOLD,TARGET
52703,2026-09-11 10:07:10.924,1,1.0,4.0,0.3161,10,6,False,False,False,HOLD,TARGET
52724,2026-09-11 10:19:14.408,1,2.0,3.0,0.0057,9,9,False,False,False,HOLD,TARGET
52731,2026-09-11 10:23:41.680,1,2.0,3.0,2.3056,10,10,False,False,False,HOLD,TARGET
52732,2026-09-11 10:24:57.532,1,2.0,3.0,3.0155,10,10,False,False,False,HOLD,STOP
52738,2026-09-11 10:31:08.376,1,2.0,3.0,-2.7077,2,1,False,False,False,HOLD,TARGET
52741,2026-09-11 10:34:11.516,1,1.0,4.0,-3.9887,0,0,False,False,False,HOLD,STOP
52768,2026-09-11 11:07:45.136,-1,0.0,5.0,-1.9146,3,3,False,False,True,HOLD,TARGET
52772,2026-09-11 11:13:01.592,-1,2.0,3.0,0.464,10,1,False,False,True,HOLD,TARGET
52779,2026-09-11 11:20:10.872,-1,2.0,3.0,5.2566,10,10,False,False,True,HOLD,STOP
52781,2026-09-11 11:20:13.980,-1,2.0,3.0,0.1676,0,0,False,False,True,HOLD,STOP
52785,2026-09-11 11:20:52.660,-1,1.0,4.0,-3.7939,1,1,False,False,True,HOLD,TARGET
52786,2026-09-11 11:21:20.132,-1,1.0,4.0,-2.5063,3,2,False,False,True,HOLD,NONE
52795,2026-09-11 11:27:44.072,-1,0.0,5.0,-3.3208,1,1,False,False,True,HOLD,STOP
52803,2026-09-11 11:31:57.032,-1,2.0,3.0,-1.0449,6,3,False,False,True,HOLD,TARGET
52812,2026-09-11 11:45:57.820,-1,1.0,4.0,1.4671,10,10,False,False,True,HOLD,STOP
52821,2026-09-11 11:59:21.012,-1,2.0,3.0,-1.8289,1,1,False,False,True,HOLD,TARGET
52825,2026-09-11 12:06:50.112,-1,1.0,4.0,-2.1122,2,1,False,False,True,HOLD,TARGET
52828,2026-09-11 12:09:52.700,-1,0.0,5.0,1.9088,10,10,False,False,True,HOLD,TARGET
52848,2026-09-11 12:46:31.520,-1,2.0,3.0,-1.427,3,1,False,False,True,HOLD,TARGET
52850,2026-09-11 12:50:00.028,-1,0.0,5.0,0.9639,10,10,False,False,True,HOLD,TARGET
52868,2026-09-11 12:58:03.360,-1,1.0,4.0,-0.6273,2,1,False,False,True,HOLD,TARGET
52873,2026-09-11 12:59:07.988,-1,2.0,3.0,-2.8391,0,0,False,False,True,HOLD,TARGET
52878,2026-09-11 12:59:41.980,-1,2.0,3.0,1.0274,0,0,False,False,True,HOLD,STOP
