ident,anchor_index,arm_index,side,anchor_time,arm_time,arm_key,trigger_deadline_key,trigger_price,clear_depth,strong_slopes,strong_gaps,moderate_slopes,moderate_gaps,triggered,trigger_key,trigger_bar_index,trigger_lag_bars,fill_price,outcome_end_key,outcome,outcome_key,outcome_price,ticks_seen,second_ambiguous
0,2579,2580,1,2026-08-04 06:32:26.700,2026-08-04 06:32:50.260,63921508370,63921508490,7668.75,10,True,True,True,True,True,63921508372,2580,0,7668.75,63921508604,TARGET,63921508378,7670.0,1188,False
1,2591,2592,1,2026-08-04 06:36:28.908,2026-08-04 06:36:44.172,63921508604,63921508674,7673.5,10,True,True,True,True,False,,,,,,NOT_TRIGGERED,,,16359,False
2,2615,2616,1,2026-08-04 06:41:15.464,2026-08-04 06:41:38.724,63921508898,63921509032,7673.25,10,False,True,True,True,True,63921509024,2621,5,7673.25,63921509129,STOP,63921509050,7670.75,18613,False
3,2689,2690,1,2026-08-04 07:00:01.304,2026-08-04 07:00:05.704,63921510005,63921510052,7686.5,10,False,True,True,True,False,,,,,,NOT_TRIGGERED,,,5206,False
4,2698,2699,1,2026-08-04 07:01:01.464,2026-08-04 07:01:01.464,63921510061,63921510120,7688.5,10,True,True,True,True,True,63921510085,2702,3,7688.5,63921510208,TARGET,63921510106,7689.75,10552,False
5,2708,2709,1,2026-08-04 07:02:24.268,2026-08-04 07:02:25.188,63921510145,63921510210,7693.0,10,True,True,True,True,False,,,,,,NOT_TRIGGERED,,,12321,False
6,2723,2724,1,2026-08-04 07:05:19.428,2026-08-04 07:05:24.320,63921510324,63921510395,7695.25,10,False,True,True,True,True,63921510356,2727,3,7695.25,63921510624,TARGET,63921510376,7696.5,8037,False
7,2729,2730,1,2026-08-04 07:06:28.284,2026-08-04 07:06:35.624,63921510395,63921510557,7697.0,10,False,True,True,True,True,63921510438,2731,1,7697.0,63921510750,NONE,,,36869,False
8,2748,2749,1,2026-08-04 07:15:26.488,2026-08-04 07:16:23.532,63921510983,63921511062,7702.75,10,True,True,True,True,True,63921511045,2753,4,7702.75,63921511210,TARGET,63921511061,7704.0,10545,False
9,2755,2756,1,2026-08-04 07:17:42.084,2026-08-04 07:18:28.996,63921511108,63921511186,7704.5,10,True,True,True,True,True,63921511113,2756,0,7704.5,63921511242,TARGET,63921511149,7705.75,5570,False
10,2760,2761,1,2026-08-04 07:19:23.068,2026-08-04 07:19:32.680,63921511172,63921511234,7707.0,10,False,True,True,True,False,,,,,,NOT_TRIGGERED,,,10749,False
11,2815,2816,-1,2026-08-04 07:30:58.148,2026-08-04 07:31:05.020,63921511865,63921511957,7692.75,10,False,False,True,True,False,,,,,,NOT_TRIGGERED,,,10375,False
12,2831,2832,1,2026-08-04 07:34:49.544,2026-08-04 07:34:54.872,63921512094,63921512249,7702.75,10,False,False,True,True,True,63921512103,2832,0,7702.75,63921512299,STOP,63921512238,7700.25,17504,False
13,2845,2846,1,2026-08-04 07:38:19.736,2026-08-04 07:38:19.748,63921512299,63921512300,7708.5,10,True,True,True,True,True,63921512300,2848,2,7708.5,63921512303,TARGET,63921512301,7709.75,1440,True
14,2885,2886,1,2026-08-04 07:44:59.916,2026-08-04 07:45:00.104,63921512700,63921512855,7710.75,10,False,True,True,True,False,,,,,,NOT_TRIGGERED,,,17246,False
15,2898,2899,1,2026-08-04 07:50:15.316,2026-08-04 07:50:20.588,63921513020,63921513203,7713.0,10,False,True,True,True,False,,,,,,NOT_TRIGGERED,,,19881,False
16,2915,2916,1,2026-08-04 07:57:39.788,2026-08-04 07:57:58.296,63921513478,63921513622,7714.25,10,False,True,True,True,True,63921513497,2917,1,7714.25,63921513753,TARGET,63921513544,7715.5,6354,False
17,3266,3267,-1,2026-08-04 11:00:00.292,2026-08-04 11:00:10.172,63921524410,63921524458,7767.75,10,False,False,True,False,True,63921524418,3268,1,7767.75,63921524522,TARGET,63921524425,7766.5,2983,False
18,3272,3273,-1,2026-08-04 11:00:49.780,2026-08-04 11:00:58.212,63921524458,63921524513,7763.75,10,True,True,True,True,False,,,,,,NOT_TRIGGERED,,,10524,False
19,3295,3296,-1,2026-08-04 11:04:45.436,2026-08-04 11:05:09.036,63921524709,63921524761,7765.0,10,False,True,True,True,False,,,,,,NOT_TRIGGERED,,,8323,False
20,3335,3336,1,2026-08-04 11:15:10.536,2026-08-04 11:15:36.432,63921525336,63921525555,7776.0,10,False,True,True,True,False,,,,,,NOT_TRIGGERED,,,15651,False
21,3352,3353,1,2026-08-04 11:22:44.472,2026-08-04 11:22:46.616,63921525766,63921525994,7777.0,10,False,True,True,True,False,,,,,,NOT_TRIGGERED,,,12494,False
22,3383,3384,-1,2026-08-04 11:40:25.776,2026-08-04 11:40:49.588,63921526849,63921526943,7768.0,10,False,False,True,False,True,63921526863,3384,0,7768.0,63921527072,STOP,63921526907,7770.5,5143,False
23,3392,3393,-1,2026-08-04 11:43:31.520,2026-08-04 11:43:48.692,63921527028,63921527158,7766.25,10,False,True,True,True,False,,,,,,NOT_TRIGGERED,,,12357,False
24,3439,3440,1,2026-08-04 12:02:06.900,2026-08-04 12:02:26.732,63921528146,63921528338,7781.25,10,True,True,True,True,True,63921528201,3441,1,7781.25,63921528539,STOP,63921528362,7778.75,17009,False
25,3442,3443,1,2026-08-04 12:03:42.048,2026-08-04 12:04:27.132,63921528267,63921528410,7781.75,10,True,True,True,True,True,63921528317,3444,1,7781.75,63921528726,STOP,63921528341,7779.25,6077,False
26,3517,3518,1,2026-08-04 12:41:24.380,2026-08-04 12:42:34.156,63921530554,63921530654,7782.5,10,False,False,True,True,True,63921530578,3519,1,7782.5,63921530827,STOP,63921530609,7780.0,2452,False
27,3524,3525,1,2026-08-04 12:44:14.112,2026-08-04 12:44:29.768,63921530669,63921530827,7785.25,10,False,True,True,True,True,63921530762,3527,2,7785.25,63921531000,STOP,63921530830,7782.75,12082,False
28,3529,3530,1,2026-08-04 12:46:23.004,2026-08-04 12:46:49.412,63921530809,63921530934,7786.25,10,False,True,True,True,False,,,,,,NOT_TRIGGERED,,,9165,False
29,3551,3552,-1,2026-08-04 12:50:30.808,2026-08-04 12:50:40.012,63921531040,63921531128,7775.5,10,False,False,True,False,True,63921531052,3553,1,7775.5,63921531230,TARGET,63921531137,7774.25,9518,False
30,3554,3555,-1,2026-08-04 12:51:05.924,2026-08-04 12:51:44.140,63921531104,63921531155,7774.5,10,False,False,True,True,True,63921531120,3556,1,7774.5,63921531273,STOP,63921531155,7777.0,7076,False
31,3567,3568,-1,2026-08-04 12:54:16.924,2026-08-04 12:54:33.920,63921531273,63921531346,7771.0,10,True,True,True,True,True,63921531280,3568,0,7771.0,63921531399,TARGET,63921531281,7769.75,917,False
32,3571,3572,-1,2026-08-04 12:55:17.188,2026-08-04 12:55:28.072,63921531328,63921531385,7767.5,10,True,True,True,True,True,63921531334,3572,0,7767.5,63921531458,TARGET,63921531343,7766.25,2293,False
33,3574,3575,-1,2026-08-04 12:55:46.456,2026-08-04 12:55:59.428,63921531359,63921531422,7765.5,10,True,True,True,True,True,63921531365,3575,0,7765.5,63921531504,TARGET,63921531375,7764.25,2497,False
34,3577,3578,-1,2026-08-04 12:56:12.568,2026-08-04 12:56:25.100,63921531385,63921531458,7764.25,10,True,True,True,True,True,63921531394,3579,1,7764.25,63921531543,STOP,63921531481,7766.75,11607,False
35,3613,3614,-1,2026-08-04 12:59:55.168,2026-08-04 12:59:58.128,63921531598,63921531602,7762.25,10,True,True,True,True,True,63921531599,3615,1,7762.0,63921531618,STOP,63921531599,7764.5,915,True
36,4483,4484,1,2026-08-05 06:31:19.900,2026-08-05 06:32:21.940,63921594741,63921594741,7819.75,10,True,True,True,True,False,,,,,,NOT_TRIGGERED,,,0,False
37,4520,4521,1,2026-08-05 06:35:55.316,2026-08-05 06:36:02.784,63921594962,63921594980,7816.0,10,False,False,True,True,False,,,,,,NOT_TRIGGERED,,,6838,False
38,4533,4534,-1,2026-08-05 06:36:37.384,2026-08-05 06:36:41.584,63921595001,63921595024,7804.5,10,False,False,True,True,False,,,,,,NOT_TRIGGERED,,,11821,False
39,4572,4573,1,2026-08-05 06:39:53.476,2026-08-05 06:39:53.900,63921595193,63921595203,7818.75,10,True,True,True,True,True,63921595194,4573,0,7818.75,63921595222,TARGET,63921595194,7820.0,1368,True
40,4575,4576,1,2026-08-05 06:39:54.732,2026-08-05 06:39:54.884,63921595194,63921595213,7820.0,10,True,True,True,True,False,,,,,,NOT_TRIGGERED,,,13005,False
41,4586,4587,1,2026-08-05 06:40:23.392,2026-08-05 06:40:27.708,63921595227,63921595264,7820.25,8,False,True,True,True,False,,,,,,NOT_TRIGGERED,,,16922,False
42,4806,4807,1,2026-08-05 06:59:59.716,2026-08-05 07:00:00.072,63921596400,63921596400,7819.5,10,True,True,True,True,False,,,,,,NOT_TRIGGERED,,,0,False
43,4844,4845,-1,2026-08-05 07:01:32.604,2026-08-05 07:01:42.796,63921596502,63921596529,7806.75,10,False,False,True,True,True,63921596522,4847,2,7806.75,63921596556,TARGET,63921596529,7805.5,7471,False
44,4854,4855,-1,2026-08-05 07:02:23.244,2026-08-05 07:02:26.044,63921596546,63921596561,7802.25,10,True,True,True,True,True,63921596551,4856,1,7802.25,63921596589,STOP,63921596561,7804.75,5518,False
45,4890,4891,1,2026-08-05 07:05:16.744,2026-08-05 07:05:19.772,63921596719,63921596736,7813.5,10,False,False,True,True,True,63921596722,4892,1,7813.5,63921596758,TARGET,63921596725,7814.75,2197,False
46,4895,4896,1,2026-08-05 07:05:29.060,2026-08-05 07:05:33.036,63921596733,63921596755,7817.25,10,True,True,True,True,False,,,,,,NOT_TRIGGERED,,,9181,False
47,4980,4981,1,2026-08-05 07:14:24.052,2026-08-05 07:14:51.492,63921597291,63921597319,7817.0,10,False,False,True,True,False,,,,,,NOT_TRIGGERED,,,7687,False
48,5022,5023,-1,2026-08-05 07:20:11.260,2026-08-05 07:20:13.456,63921597613,63921597637,7805.75,10,True,True,True,True,False,,,,,,NOT_TRIGGERED,,,7194,False
49,5042,5043,-1,2026-08-05 07:22:13.296,2026-08-05 07:22:19.372,63921597739,63921597782,7803.5,10,False,True,True,True,True,63921597755,5045,2,7803.5,63921597812,TARGET,63921597800,7802.25,19331,False
50,5046,5047,-1,2026-08-05 07:22:37.004,2026-08-05 07:22:39.200,63921597759,63921597796,7802.75,10,False,True,True,True,False,,,,,,NOT_TRIGGERED,,,11547,False
51,5057,5058,-1,2026-08-05 07:23:32.376,2026-08-05 07:23:37.504,63921597817,63921597859,7799.75,10,True,True,True,True,False,,,,,,NOT_TRIGGERED,,,15169,False
52,5074,5075,1,2026-08-05 07:25:33.744,2026-08-05 07:25:40.432,63921597940,63921597963,7813.25,10,True,False,True,False,True,63921597942,5075,0,7813.25,63921597983,STOP,63921597955,7810.75,3722,False
53,5114,5115,-1,2026-08-05 07:29:53.036,2026-08-05 07:29:55.760,63921598195,63921598217,7799.5,10,True,True,True,True,True,63921598200,5115,0,7799.0,63921598261,TARGET,63921598214,7797.75,9193,True
54,5120,5121,-1,2026-08-05 07:30:09.948,2026-08-05 07:30:17.064,63921598217,63921598261,7797.75,10,False,True,True,True,True,63921598220,5122,1,7797.75,63921598288,TARGET,63921598224,7796.5,2566,False
55,5124,5125,-1,2026-08-05 07:30:43.668,2026-08-05 07:30:55.524,63921598255,63921598270,7795.75,10,False,True,True,True,False,,,,,,NOT_TRIGGERED,,,7700,False
56,5134,5135,-1,2026-08-05 07:31:28.472,2026-08-05 07:31:37.252,63921598297,63921598344,7794.25,10,True,True,True,True,True,63921598320,5136,1,7794.25,63921598389,STOP,63921598336,7798.25,8075,False
57,5180,5181,-1,2026-08-05 07:36:36.600,2026-08-05 07:36:41.900,63921598601,63921598629,7793.75,10,False,True,True,True,True,63921598604,5181,0,7793.75,63921598664,STOP,63921598623,7796.25,6620,False
58,5183,5184,-1,2026-08-05 07:36:55.152,2026-08-05 07:36:59.080,63921598619,63921598643,7792.25,10,False,True,True,True,False,,,,,,NOT_TRIGGERED,,,8000,False
59,5192,5193,-1,2026-08-05 07:37:38.116,2026-08-05 07:37:44.048,63921598664,63921598706,7791.5,10,False,True,True,True,True,63921598678,5194,1,7791.5,63921598770,STOP,63921598706,7794.0,10665,False
60,5196,5197,-1,2026-08-05 07:38:11.572,2026-08-05 07:38:15.900,63921598695,63921598732,7791.0,10,False,True,True,True,False,,,,,,NOT_TRIGGERED,,,8894,False
61,5210,5211,-1,2026-08-05 07:40:03.340,2026-08-05 07:40:09.172,63921598809,63921598840,7790.5,10,False,True,True,True,True,63921598840,5216,5,7790.5,63921598917,TARGET,63921598878,7789.25,18859,False
62,5218,5219,-1,2026-08-05 07:40:57.348,2026-08-05 07:41:14.004,63921598874,63921598909,7789.25,10,False,True,True,True,True,63921598878,5220,1,7789.25,63921598925,STOP,63921598910,7791.75,10279,False
63,5221,5222,-1,2026-08-05 07:41:25.208,2026-08-05 07:41:33.836,63921598893,63921598917,7788.5,10,False,True,True,True,False,,,,,,NOT_TRIGGERED,,,7648,False
64,5268,5269,1,2026-08-05 07:46:42.004,2026-08-05 07:46:45.204,63921599205,63921599253,7798.0,10,False,False,True,False,True,63921599213,5270,1,7798.0,63921599347,STOP,63921599232,7795.5,6621,False
65,5286,5287,1,2026-08-05 07:49:48.132,2026-08-05 07:49:48.136,63921599388,63921599427,7799.25,10,False,True,True,True,True,63921599410,5287,0,7799.75,63921599468,STOP,63921599425,7797.25,4699,False
66,5304,5305,-1,2026-08-05 07:51:40.212,2026-08-05 07:51:53.112,63921599513,63921599551,7790.25,10,False,False,True,False,True,63921599515,5305,0,7790.25,63921599622,TARGET,63921599542,7789.0,8778,False
67,5311,5312,-1,2026-08-05 07:52:31.212,2026-08-05 07:52:54.712,63921599574,63921599622,7786.25,10,True,True,True,True,True,63921599618,5313,1,7786.25,63921599626,TARGET,63921599622,7785.0,6280,False
68,5318,5319,-1,2026-08-05 07:53:42.116,2026-08-05 07:53:42.144,63921599622,63921599626,7781.0,10,True,True,True,True,True,63921599623,5322,3,7781.0,63921599657,TARGET,63921599623,7779.75,646,False
69,5321,5322,-1,2026-08-05 07:53:42.204,2026-08-05 07:53:42.324,63921599622,63921599633,7779.75,10,True,True,True,True,True,63921599623,5322,0,7779.75,63921599657,TARGET,63921599633,7778.5,5473,False
70,5328,5329,-1,2026-08-05 07:53:53.032,2026-08-05 07:53:54.188,63921599634,63921599664,7778.25,10,False,True,True,True,False,,,,,,NOT_TRIGGERED,,,11047,False
71,5343,5344,-1,2026-08-05 07:55:17.828,2026-08-05 07:55:32.192,63921599732,63921599767,7778.5,10,False,True,True,True,False,,,,,,NOT_TRIGGERED,,,9427,False
72,6236,6237,1,2026-08-05 11:04:53.156,2026-08-05 11:05:12.208,63921611112,63921611211,7773.25,10,False,False,True,True,True,63921611123,6237,0,7773.25,63921611333,TARGET,63921611160,7774.75,3992,False
73,6239,6240,1,2026-08-05 11:06:00.376,2026-08-05 11:06:02.676,63921611162,63921611268,7774.75,10,False,True,True,True,False,,,,,,NOT_TRIGGERED,,,12857,False
74,6287,6288,-1,2026-08-05 11:32:08.340,2026-08-05 11:32:18.320,63921612738,63921612884,7763.75,10,False,False,True,True,False,,,,,,NOT_TRIGGERED,,,14762,False
75,6393,6394,-1,2026-08-05 12:33:45.412,2026-08-05 12:33:57.208,63921616437,63921616648,7764.75,10,False,False,True,False,True,63921616523,6395,1,7764.75,63921616881,NONE,,,26681,False
76,6397,6398,-1,2026-08-05 12:36:12.052,2026-08-05 12:36:27.256,63921616587,63921616753,7763.5,10,False,False,True,True,False,,,,,,NOT_TRIGGERED,,,10050,False
77,6453,6454,-1,2026-08-05 12:56:31.292,2026-08-05 12:56:52.064,63921617812,63921617903,7762.0,10,False,False,True,True,True,63921617852,6455,1,7762.0,63921617961,TARGET,63921617859,7760.75,4236,False
78,6457,6458,-1,2026-08-05 12:57:39.020,2026-08-05 12:57:52.248,63921617872,63921617945,7760.5,10,False,True,True,True,True,63921617902,6459,1,7760.5,63921617976,TARGET,63921617940,7759.25,6986,False
79,6462,6463,-1,2026-08-05 12:59:02.948,2026-08-05 12:59:03.936,63921617943,63921617971,7758.5,10,False,True,True,True,True,63921617944,6463,0,7758.5,63921617984,TARGET,63921617946,7757.25,613,False
80,6465,6466,-1,2026-08-05 12:59:07.256,2026-08-05 12:59:10.860,63921617950,63921617979,7756.5,10,True,True,True,True,True,63921617971,6468,2,7756.5,63921617990,TARGET,63921617972,7755.25,4334,False
81,6470,6471,-1,2026-08-05 12:59:32.856,2026-08-05 12:59:36.892,63921617976,63921617985,7755.0,10,False,True,True,True,True,63921617979,6471,0,7755.0,63921617994,TARGET,63921617980,7753.75,1024,False
82,6477,6478,-1,2026-08-05 12:59:45.048,2026-08-05 12:59:46.428,63921617986,63921617996,7748.5,10,True,True,True,True,True,63921617987,6478,0,7748.5,63921618004,TARGET,63921617993,7747.25,4064,False
83,6480,6481,-1,2026-08-05 12:59:50.044,2026-08-05 12:59:50.468,63921617990,63921618000,7748.0,10,True,True,True,True,True,63921617992,6481,0,7748.0,63921618050,TARGET,63921617994,7746.75,1884,False
84,6483,6484,-1,2026-08-05 12:59:54.988,2026-08-05 12:59:56.960,63921617996,63921618004,7746.25,10,True,True,True,True,True,63921617997,6484,0,7746.25,63921618066,STOP,63921617998,7748.75,1575,False
85,7359,7360,-1,2026-08-06 06:32:09.320,2026-08-06 06:32:19.352,63921681139,63921681169,7747.5,10,False,False,True,True,True,63921681154,7363,3,7747.5,63921681239,TARGET,63921681163,7746.25,7850,False
86,7370,7371,-1,2026-08-06 06:33:16.124,2026-08-06 06:33:19.484,63921681199,63921681252,7740.75,10,True,True,True,True,False,,,,,,NOT_TRIGGERED,,,14052,False
87,7418,7419,1,2026-08-06 06:36:28.084,2026-08-06 06:36:51.936,63921681411,63921681463,7756.0,10,True,True,True,True,True,63921681448,7420,1,7756.0,63921681503,TARGET,63921681453,7757.25,4722,False
88,7423,7424,1,2026-08-06 06:37:35.864,2026-08-06 06:37:39.828,63921681459,63921681494,7759.25,10,True,True,True,True,False,,,,,,NOT_TRIGGERED,,,12478,False
89,7457,7458,-1,2026-08-06 06:40:04.648,2026-08-06 06:40:06.080,63921681606,63921681627,7744.75,10,True,True,True,True,False,,,,,,NOT_TRIGGERED,,,11104,False
90,7482,7483,1,2026-08-06 06:41:56.428,2026-08-06 06:41:59.524,63921681719,63921681746,7755.75,10,False,False,True,True,True,63921681725,7484,1,7755.75,63921681774,STOP,63921681729,7753.25,4658,False
91,7500,7501,1,2026-08-06 06:43:23.676,2026-08-06 06:43:25.744,63921681805,63921681832,7756.75,10,False,True,True,True,True,63921681809,7502,1,7756.75,63921681871,TARGET,63921681858,7758.5,12239,False
92,7503,7504,1,2026-08-06 06:43:30.344,2026-08-06 06:43:35.208,63921681815,63921681858,7757.75,10,False,True,True,True,True,63921681824,7504,0,7757.75,63921681877,STOP,63921681829,7755.25,4294,False
93,7511,7512,1,2026-08-06 06:44:19.772,2026-08-06 06:44:24.748,63921681864,63921681884,7759.25,10,False,True,True,True,False,,,,,,NOT_TRIGGERED,,,6420,False
94,7666,7667,1,2026-08-06 07:02:56.152,2026-08-06 07:03:04.624,63921682984,63921683027,7764.0,10,False,False,True,False,False,,,,,,NOT_TRIGGERED,,,12734,False
95,7698,7699,1,2026-08-06 07:07:14.376,2026-08-06 07:07:27.988,63921683247,63921683337,7765.5,10,False,False,True,True,False,,,,,,NOT_TRIGGERED,,,16454,False
96,7711,7712,1,2026-08-06 07:10:17.056,2026-08-06 07:10:17.064,63921683417,63921683520,7767.25,10,False,True,True,True,True,63921683472,7715,3,7767.25,63921683653,STOP,63921683577,7764.75,24634,False
97,7716,7717,1,2026-08-06 07:11:15.700,2026-08-06 07:11:29.116,63921683489,63921683578,7768.25,10,False,True,True,True,False,,,,,,NOT_TRIGGERED,,,11468,False
98,7770,7771,-1,2026-08-06 07:25:32.048,2026-08-06 07:25:34.892,63921684334,63921684384,7757.5,10,True,False,True,True,True,63921684376,7775,4,7757.5,63921684420,TARGET,63921684384,7756.25,15588,False
99,7779,7780,-1,2026-08-06 07:26:24.348,2026-08-06 07:26:24.352,63921684384,63921684415,7753.0,10,True,True,True,True,False,,,,,,NOT_TRIGGERED,,,10380,False
100,7808,7809,-1,2026-08-06 07:29:09.228,2026-08-06 07:29:15.396,63921684555,63921684600,7752.0,10,False,True,True,True,True,63921684561,7810,1,7752.0,63921684638,TARGET,63921684574,7750.75,5998,False
101,7859,7860,1,2026-08-06 07:36:00.548,2026-08-06 07:36:14.104,63921684974,63921685022,7760.25,10,False,False,True,True,False,,,,,,NOT_TRIGGERED,,,10459,False
102,7870,7871,-1,2026-08-06 07:37:28.884,2026-08-06 07:37:43.120,63921685063,63921685148,7752.0,10,False,False,True,False,True,63921685112,7873,2,7752.0,63921685207,TARGET,63921685128,7750.75,17477,False
103,7876,7877,-1,2026-08-06 07:38:59.048,2026-08-06 07:39:08.480,63921685148,63921685201,7750.25,10,False,False,True,True,True,63921685165,7879,2,7750.25,63921685257,TARGET,63921685173,7749.0,7564,False
104,7883,7884,-1,2026-08-06 07:40:01.456,2026-08-06 07:40:03.660,63921685203,63921685252,7746.25,10,True,True,True,True,False,,,,,,NOT_TRIGGERED,,,15099,False
105,7909,7910,1,2026-08-06 07:44:05.524,2026-08-06 07:44:18.232,63921685458,63921685511,7757.75,10,False,False,True,False,False,,,,,,NOT_TRIGGERED,,,11104,False
106,7918,7919,-1,2026-08-06 07:45:25.372,2026-08-06 07:45:34.972,63921685534,63921685611,7748.5,10,False,False,True,False,True,63921685607,7924,5,7748.5,63921685814,TARGET,63921685775,7747.25,52120,False
107,7959,7960,1,2026-08-06 07:54:59.132,2026-08-06 07:55:07.432,63921686107,63921686140,7755.25,10,False,False,True,False,True,63921686114,7960,0,7755.25,63921686206,TARGET,63921686175,7756.5,14176,False
108,7969,7970,1,2026-08-06 07:56:14.760,2026-08-06 07:56:19.584,63921686179,63921686261,7756.5,10,False,True,True,True,True,63921686206,7971,1,7756.5,63921686333,TARGET,63921686217,7758.25,6233,False
109,7973,7974,1,2026-08-06 07:56:57.072,2026-08-06 07:57:14.964,63921686234,63921686297,7757.75,10,False,True,True,True,True,63921686241,7974,0,7757.75,63921686362,TARGET,63921686257,7759.0,4234,False
110,7977,7978,1,2026-08-06 07:57:48.404,2026-08-06 07:57:56.144,63921686276,63921686349,7760.75,10,True,True,True,True,False,,,,,,NOT_TRIGGERED,,,12484,False
111,8657,8658,1,2026-08-06 11:00:04.228,2026-08-06 11:00:13.644,63921697213,63921697376,7737.5,10,False,True,True,True,False,,,,,,NOT_TRIGGERED,,,14604,False
112,8668,8669,1,2026-08-06 11:05:36.956,2026-08-06 11:06:00.064,63921697560,63921697782,7739.5,10,False,True,True,True,True,63921697676,8671,2,7739.5,63921698165,STOP,63921697766,7737.0,13825,False
113,8682,8683,1,2026-08-06 11:14:19.524,2026-08-06 11:16:05.844,63921698165,63921698173,7741.75,10,False,True,True,True,False,,,,,,NOT_TRIGGERED,,,6577,False
114,8698,8699,1,2026-08-06 11:17:02.220,2026-08-06 11:17:02.920,63921698222,63921698301,7747.0,10,True,True,True,True,True,63921698224,8700,1,7747.0,63921698696,STOP,63921698236,7744.5,3932,False
115,8739,8740,-1,2026-08-06 11:42:00.300,2026-08-06 11:42:07.476,63921699727,63921700084,7735.0,10,False,False,True,True,False,,,,,,NOT_TRIGGERED,,,23377,False
116,8766,8767,1,2026-08-06 12:02:34.760,2026-08-06 12:02:57.128,63921700977,63921701193,7745.5,10,False,False,True,False,True,63921701084,8769,2,7745.5,63921701593,STOP,63921701226,7743.0,12229,False
117,8779,8780,1,2026-08-06 12:12:07.476,2026-08-06 12:12:27.168,63921701547,63921701903,7748.25,10,True,True,True,True,False,,,,,,NOT_TRIGGERED,,,20805,False
118,8798,8799,-1,2026-08-06 12:25:06.468,2026-08-06 12:25:09.244,63921702309,63921702377,7735.25,10,True,False,True,True,False,,,,,,NOT_TRIGGERED,,,8427,False
119,8838,8839,-1,2026-08-06 12:42:01.880,2026-08-06 12:42:20.500,63921703340,63921703509,7731.75,10,True,True,True,True,True,63921703352,8839,0,7731.75,63921703599,STOP,63921703510,7734.25,17976,False
120,8854,8855,-1,2026-08-06 12:48:00.740,2026-08-06 12:48:06.152,63921703686,63921703800,7729.25,10,False,True,True,True,False,,,,,,NOT_TRIGGERED,,,7724,False
121,8865,8866,-1,2026-08-06 12:50:09.072,2026-08-06 12:50:12.460,63921703812,63921703863,7727.75,10,False,True,True,True,True,63921703844,8870,4,7727.75,63921704009,STOP,63921704008,7730.25,22260,False
122,8894,8895,1,2026-08-06 12:54:15.900,2026-08-06 12:54:18.368,63921704058,63921704100,7738.0,10,False,False,True,False,False,,,,,,NOT_TRIGGERED,,,6892,False
123,8915,8916,1,2026-08-06 12:58:50.408,2026-08-06 12:59:01.232,63921704341,63921704373,7739.0,10,False,True,True,True,True,63921704350,8917,1,7739.0,63921704390,STOP,63921704370,7736.5,6148,False
124,9962,9963,1,2026-08-07 06:32:08.032,2026-08-07 06:32:12.624,63921767532,63921767557,7762.0,10,False,False,True,False,False,,,,,,NOT_TRIGGERED,,,10535,False
125,9977,9978,1,2026-08-07 06:33:17.020,2026-08-07 06:33:19.380,63921767599,63921767619,7763.5,10,False,True,True,True,False,,,,,,NOT_TRIGGERED,,,7524,False
126,10020,10021,-1,2026-08-07 06:36:24.992,2026-08-07 06:36:29.652,63921767789,63921767819,7754.75,10,False,False,True,True,True,63921767791,10021,0,7754.75,63921767851,STOP,63921767848,7757.25,26365,False
127,10043,10044,1,2026-08-07 06:38:47.900,2026-08-07 06:38:53.280,63921767933,63921767969,7762.25,10,False,False,True,False,True,63921767940,10045,1,7762.25,63921768003,STOP,63921767948,7759.75,5277,False
128,10080,10081,1,2026-08-07 06:41:42.132,2026-08-07 06:41:46.584,63921768106,63921768117,7763.75,10,False,False,True,True,False,,,,,,NOT_TRIGGERED,,,4159,False
129,10110,10111,1,2026-08-07 06:44:04.288,2026-08-07 06:44:14.708,63921768254,63921768301,7767.75,10,True,True,True,True,True,63921768290,10114,3,7767.75,63921768344,TARGET,63921768306,7769.0,17907,False
130,10299,10300,1,2026-08-07 07:00:45.268,2026-08-07 07:00:46.692,63921769246,63921769290,7763.0,10,False,False,True,True,True,63921769260,10300,0,7763.0,63921769308,STOP,63921769265,7760.0,7952,False
131,10343,10344,-1,2026-08-07 07:04:11.728,2026-08-07 07:04:20.360,63921769460,63921769491,7753.25,10,False,False,True,False,True,63921769463,10344,0,7753.25,63921769521,TARGET,63921769498,7752.0,14753,False
132,10408,10409,-1,2026-08-07 07:09:49.892,2026-08-07 07:09:56.408,63921769796,63921769828,7751.25,10,False,False,True,False,True,63921769802,10409,0,7751.25,63921769852,STOP,63921769825,7753.75,9965,False
133,10433,10434,-1,2026-08-07 07:12:12.380,2026-08-07 07:12:14.096,63921769934,63921769989,7743.25,10,True,True,True,True,False,,,,,,NOT_TRIGGERED,,,23794,False
134,10478,10479,1,2026-08-07 07:17:08.388,2026-08-07 07:17:09.192,63921770229,63921770254,7755.75,10,False,False,True,True,True,63921770253,10482,3,7755.75,63921770296,TARGET,63921770254,7757.0,8642,False
135,10485,10486,1,2026-08-07 07:17:34.668,2026-08-07 07:17:34.688,63921770254,63921770280,7758.5,10,True,True,True,True,False,,,,,,NOT_TRIGGERED,,,9670,False
136,10503,10504,1,2026-08-07 07:19:15.240,2026-08-07 07:19:25.004,63921770365,63921770432,7763.75,10,True,True,True,True,True,63921770394,10505,1,7763.75,63921770475,TARGET,63921770397,7765.0,8421,False
137,10507,10508,1,2026-08-07 07:20:00.788,2026-08-07 07:20:09.248,63921770409,63921770446,7766.5,10,True,True,True,True,True,63921770441,10512,4,7766.5,63921770555,STOP,63921770476,7764.0,23400,False
138,10513,10514,1,2026-08-07 07:20:43.292,2026-08-07 07:20:46.304,63921770446,63921770498,7767.25,10,False,True,True,True,False,,,,,,NOT_TRIGGERED,,,16136,False
139,10536,10537,1,2026-08-07 07:23:57.888,2026-08-07 07:24:08.120,63921770648,63921770707,7770.0,10,True,True,True,True,True,63921770704,10542,5,7770.0,63921770822,TARGET,63921770714,7771.5,16857,False
140,10548,10549,1,2026-08-07 07:26:01.148,2026-08-07 07:26:10.884,63921770770,63921770835,7775.75,10,True,True,True,True,True,63921770779,10549,0,7775.75,63921770904,TARGET,63921770866,7777.0,21856,False
141,10558,10559,1,2026-08-07 07:27:46.528,2026-08-07 07:27:49.064,63921770869,63921770928,7777.25,10,False,True,True,True,True,63921770898,10560,1,7777.25,63921771003,TARGET,63921770923,7778.5,11065,False
142,10565,10566,1,2026-08-07 07:28:48.560,2026-08-07 07:29:06.188,63921770946,63921771003,7780.5,10,True,True,True,True,True,63921770987,10570,4,7780.5,63921771086,STOP,63921771015,7778.0,21512,False
143,10615,10616,-1,2026-08-07 07:35:50.008,2026-08-07 07:35:59.280,63921771359,63921771389,7769.25,10,False,False,True,False,True,63921771370,10618,2,7769.25,63921771436,STOP,63921771391,7771.75,11605,False
144,10647,10648,-1,2026-08-07 07:39:04.900,2026-08-07 07:39:13.104,63921771553,63921771606,7767.25,10,False,False,True,True,True,63921771559,10649,1,7767.25,63921771654,TARGET,63921771571,7766.0,5082,False
145,10651,10652,-1,2026-08-07 07:39:43.032,2026-08-07 07:39:47.264,63921771587,63921771632,7764.75,10,False,True,True,True,False,,,,,,NOT_TRIGGERED,,,17801,False
146,10686,10687,-1,2026-08-07 07:43:47.252,2026-08-07 07:43:53.600,63921771833,63921771893,7766.25,10,False,False,True,True,True,63921771843,10687,0,7766.25,63921771933,TARGET,63921771882,7765.0,11459,False
147,10693,10694,-1,2026-08-07 07:44:53.560,2026-08-07 07:44:59.020,63921771899,63921771940,7764.25,10,False,True,True,True,False,,,,,,NOT_TRIGGERED,,,14419,False
148,10703,10704,1,2026-08-07 07:45:56.028,2026-08-07 07:46:01.788,63921771961,63921771987,7773.25,10,False,False,True,False,False,,,,,,NOT_TRIGGERED,,,8233,False
149,10717,10718,1,2026-08-07 07:48:00.552,2026-08-07 07:48:06.008,63921772086,63921772131,7775.0,10,False,True,True,True,False,,,,,,NOT_TRIGGERED,,,11056,False
150,10742,10743,-1,2026-08-07 07:51:53.532,2026-08-07 07:51:57.476,63921772317,63921772350,7767.0,10,False,False,True,False,True,63921772343,10747,4,7767.0,63921772459,STOP,63921772356,7769.5,10693,False
151,10778,10779,1,2026-08-07 07:58:15.320,2026-08-07 07:58:21.180,63921772701,63921772762,7775.75,10,False,True,True,True,True,63921772708,10779,0,7775.75,63921772822,TARGET,63921772731,7777.0,3513,False
152,10782,10783,1,2026-08-07 07:58:53.592,2026-08-07 07:59:09.492,63921772749,63921772809,7777.5,10,False,True,True,True,False,,,,,,NOT_TRIGGERED,,,8110,False
153,11243,11244,-1,2026-08-07 11:14:36.620,2026-08-07 11:15:01.260,63921784501,63921784776,7762.5,10,False,True,True,True,True,63921784518,11244,0,7762.5,63921785000,STOP,63921784697,7765.0,16484,False
154,11265,11266,-1,2026-08-07 11:31:12.824,2026-08-07 11:32:10.920,63921785530,63921785742,7760.75,10,False,True,True,True,False,,,,,,NOT_TRIGGERED,,,10844,False
155,11280,11281,-1,2026-08-07 11:44:37.752,2026-08-07 11:45:10.368,63921786310,63921786590,7756.75,10,True,True,True,True,True,63921786396,11283,2,7756.75,63921787078,STOP,63921786499,7759.25,9869,False
156,11311,11312,1,2026-08-07 12:01:29.072,2026-08-07 12:01:38.408,63921787298,63921787505,7772.25,10,True,True,True,True,False,,,,,,NOT_TRIGGERED,,,19148,False
157,11322,11323,1,2026-08-07 12:07:24.296,2026-08-07 12:09:12.416,63921787752,63921787855,7773.5,10,True,True,True,True,True,63921787783,11324,1,7773.5,63921788135,TARGET,63921787801,7774.75,3527,False
158,11329,11330,1,2026-08-07 12:10:55.948,2026-08-07 12:11:11.168,63921787871,63921788135,7778.5,10,True,True,True,True,True,63921788135,11335,5,7778.5,63921788385,TARGET,63921788152,7779.75,20844,False
159,11337,11338,1,2026-08-07 12:15:52.064,2026-08-07 12:16:08.700,63921788168,63921788274,7780.0,10,False,True,True,True,True,63921788210,11339,1,7780.0,63921788519,TARGET,63921788214,7781.25,5054,False
160,11341,11342,1,2026-08-07 12:16:59.584,2026-08-07 12:17:06.096,63921788226,63921788405,7781.75,10,True,True,True,True,True,63921788227,11342,0,7781.75,63921788673,STOP,63921788271,7779.25,4538,False
161,11417,11418,1,2026-08-07 12:55:07.396,2026-08-07 12:55:12.720,63921790512,63921790603,7780.75,10,False,False,True,True,False,,,,,,NOT_TRIGGERED,,,10617,False
162,11432,11433,1,2026-08-07 12:59:00.868,2026-08-07 12:59:01.520,63921790741,63921790772,7784.5,10,True,True,True,True,True,63921790742,11433,0,7784.5,63921790790,TARGET,63921790761,7785.75,4356,False
163,11436,11437,1,2026-08-07 12:59:14.972,2026-08-07 12:59:29.256,63921790769,63921790783,7785.5,10,True,True,True,True,False,,,,,,NOT_TRIGGERED,,,5203,False
164,11979,11980,1,2026-08-10 06:30:55.196,2026-08-10 06:31:02.316,63922026662,63922026708,7780.5,10,False,False,True,True,True,63922026676,11981,1,7780.5,63922026769,TARGET,63922026698,7781.75,12441,False
165,11983,11984,1,2026-08-10 06:31:35.164,2026-08-10 06:31:42.476,63922026702,63922026758,7781.75,10,False,True,True,True,True,63922026721,11987,3,7781.75,63922026839,TARGET,63922026762,7783.0,17031,False
166,12008,12009,-1,2026-08-10 06:35:00.164,2026-08-10 06:35:04.684,63922026904,63922026929,7771.75,10,False,False,True,False,True,63922026929,12013,4,7771.75,63922026988,STOP,63922026936,7774.25,15402,True
167,12047,12048,-1,2026-08-10 06:39:22.584,2026-08-10 06:39:37.244,63922027177,63922027223,7771.25,10,False,True,True,True,False,,,,,,NOT_TRIGGERED,,,14806,False
168,12211,12212,1,2026-08-10 07:10:41.420,2026-08-10 07:11:14.360,63922029074,63922029300,7789.25,10,True,True,True,True,True,63922029221,12216,4,7789.25,63922029676,STOP,63922029501,7786.75,39642,False
169,12255,12256,1,2026-08-10 07:31:12.940,2026-08-10 07:31:23.892,63922030283,63922030467,7793.0,10,False,True,True,True,True,63922030303,12257,1,7793.0,63922030725,STOP,63922030440,7790.5,17628,False
170,12285,12286,1,2026-08-10 07:45:48.472,2026-08-10 07:46:09.344,63922031169,63922031466,7795.75,10,False,True,True,True,True,63922031211,12286,0,7795.75,63922031615,TARGET,63922031237,7797.0,5510,False
171,12288,12289,1,2026-08-10 07:47:17.196,2026-08-10 07:47:21.544,63922031241,63922031537,7797.25,10,False,True,True,True,False,,,,,,NOT_TRIGGERED,,,26829,False
172,12706,12707,-1,2026-08-10 11:30:56.704,2026-08-10 11:31:51.064,63922044711,63922045198,7769.5,10,False,False,True,True,False,,,,,,NOT_TRIGGERED,,,18863,False
173,12728,12729,1,2026-08-10 11:57:43.980,2026-08-10 11:58:39.696,63922046319,63922046775,7779.75,10,False,False,True,True,True,63922046626,12733,4,7779.75,63922047920,TARGET,63922047481,7781.0,37727,False
174,12736,12737,1,2026-08-10 12:08:54.372,2026-08-10 12:12:01.968,63922047121,63922047839,7780.75,10,False,True,True,True,True,63922047216,12738,1,7780.75,63922048216,STOP,63922047959,7778.25,24885,False
175,12773,12774,-1,2026-08-10 12:51:49.560,2026-08-10 12:52:03.428,63922049523,63922049700,7771.75,10,False,False,True,False,True,63922049560,12774,0,7771.75,63922049778,STOP,63922049658,7774.25,9198,False
176,12787,12788,-1,2026-08-10 12:57:20.016,2026-08-10 12:58:21.724,63922049901,63922049967,7770.5,10,False,True,True,True,False,,,,,,NOT_TRIGGERED,,,8438,False
177,13307,13308,-1,2026-08-11 06:31:19.388,2026-08-11 06:31:26.132,63922113086,63922113128,7782.0,10,False,True,True,True,True,63922113106,13310,2,7782.0,63922113203,TARGET,63922113137,7780.75,15417,False
178,13316,13317,-1,2026-08-11 06:32:17.744,2026-08-11 06:32:22.604,63922113142,63922113221,7780.0,10,False,True,True,True,True,63922113149,13317,0,7780.0,63922113300,STOP,63922113184,7782.5,9764,False
179,13337,13338,-1,2026-08-11 06:36:02.564,2026-08-11 06:36:04.860,63922113364,63922113440,7775.5,10,True,True,True,True,False,,,,,,NOT_TRIGGERED,,,19014,False
180,13351,13352,-1,2026-08-11 06:38:29.784,2026-08-11 06:38:43.248,63922113523,63922113608,7775.25,10,False,True,True,True,True,63922113556,13354,2,7775.25,63922113691,STOP,63922113601,7777.75,15619,False
181,13452,13453,1,2026-08-11 06:59:33.460,2026-08-11 07:00:06.052,63922114806,63922114850,7782.0,10,False,True,True,True,True,63922114811,13453,0,7782.0,63922115006,TARGET,63922114840,7783.25,8584,False
182,13459,13460,1,2026-08-11 07:00:50.196,2026-08-11 07:01:14.708,63922114874,63922115021,7785.75,10,True,True,True,True,True,63922114888,13460,0,7785.75,63922115142,TARGET,63922114908,7787.0,5115,False
183,13563,13564,-1,2026-08-11 07:38:17.684,2026-08-11 07:38:17.688,63922117097,63922117328,7777.75,10,False,False,True,False,False,,,,,,NOT_TRIGGERED,,,24384,False
184,13585,13586,1,2026-08-11 07:48:15.904,2026-08-11 07:49:06.136,63922117746,63922117883,7785.25,10,False,False,True,False,True,63922117760,13586,0,7785.25,63922118084,STOP,63922117822,7782.75,7404,False
185,13893,13894,-1,2026-08-11 11:23:31.400,2026-08-11 11:24:17.740,63922130657,63922130914,7748.5,10,False,True,True,True,True,63922130851,13896,2,7748.5,63922130999,TARGET,63922130860,7747.25,11626,False
186,13901,13902,-1,2026-08-11 11:29:04.884,2026-08-11 11:29:06.536,63922130946,63922130999,7743.75,10,True,True,True,True,True,63922130981,13902,0,7743.75,63922131134,TARGET,63922130993,7742.5,4394,False
187,13907,13908,-1,2026-08-11 11:29:56.236,2026-08-11 11:29:59.060,63922130999,63922131134,7739.25,10,True,True,True,True,False,,,,,,NOT_TRIGGERED,,,16057,False
188,13964,13965,1,2026-08-11 12:24:15.940,2026-08-11 12:25:16.012,63922134316,63922134723,7752.5,10,False,False,True,True,True,63922134541,13967,2,7752.5,63922135209,TARGET,63922134625,7753.75,12646,False
189,13968,13969,1,2026-08-11 12:30:14.688,2026-08-11 12:30:53.052,63922134653,63922134965,7753.0,10,False,True,True,True,True,63922134664,13969,0,7753.0,63922135382,TARGET,63922134909,7754.25,10719,False
190,13978,13979,1,2026-08-11 12:38:21.000,2026-08-11 12:40:09.056,63922135209,63922135532,7756.5,10,True,True,True,True,False,,,,,,NOT_TRIGGERED,,,15981,False
191,13997,13998,-1,2026-08-11 12:50:05.604,2026-08-11 12:50:11.144,63922135811,63922135975,7745.0,10,False,False,True,False,False,,,,,,NOT_TRIGGERED,,,11819,False
192,14005,14006,-1,2026-08-11 12:53:05.060,2026-08-11 12:53:30.028,63922136010,63922136080,7743.75,10,False,True,True,True,False,,,,,,NOT_TRIGGERED,,,7299,False
193,14034,14035,-1,2026-08-11 12:59:39.544,2026-08-11 12:59:40.640,63922136380,63922136396,7743.5,10,False,False,True,True,False,,,,,,NOT_TRIGGERED,,,6374,False
194,14758,14759,-1,2026-08-12 06:31:32.164,2026-08-12 06:31:41.008,63922199501,63922199547,7776.25,10,True,True,True,True,True,63922199502,14759,0,7776.25,63922199585,TARGET,63922199524,7775.0,7781,False
195,14762,14763,-1,2026-08-12 06:32:04.152,2026-08-12 06:32:06.868,63922199526,63922199578,7774.75,10,True,True,True,True,True,63922199539,14764,1,7774.75,63922199612,STOP,63922199555,7777.25,8915,False
196,14770,14771,-1,2026-08-12 06:32:59.960,2026-08-12 06:33:05.208,63922199585,63922199624,7772.5,10,True,True,True,True,False,,,,,,NOT_TRIGGERED,,,15277,False
197,14830,14831,-1,2026-08-12 06:40:23.876,2026-08-12 06:40:37.456,63922200037,63922200083,7769.25,10,True,True,True,True,False,,,,,,NOT_TRIGGERED,,,15495,False
198,14973,14974,-1,2026-08-12 07:04:32.876,2026-08-12 07:04:39.940,63922201479,63922201574,7764.25,10,False,True,True,True,True,63922201497,14974,0,7764.25,63922201744,STOP,63922201532,7766.75,13738,False
199,14976,14977,-1,2026-08-12 07:05:02.224,2026-08-12 07:05:10.472,63922201510,63922201665,7763.0,10,False,True,True,True,False,,,,,,NOT_TRIGGERED,,,27351,False
200,15022,15023,1,2026-08-12 07:18:56.428,2026-08-12 07:19:28.028,63922202368,63922202446,7775.25,10,False,True,True,True,False,,,,,,NOT_TRIGGERED,,,15174,False
201,15043,15044,1,2026-08-12 07:24:22.220,2026-08-12 07:24:46.288,63922202686,63922202799,7774.5,10,False,False,True,True,True,63922202697,15044,0,7774.5,63922202920,TARGET,63922202794,7775.75,16556,False
202,15051,15052,1,2026-08-12 07:26:45.944,2026-08-12 07:27:16.776,63922202836,63922202953,7777.5,10,False,True,True,True,True,63922202886,15052,0,7777.5,63922203010,STOP,63922202929,7775.0,12611,False
203,15075,15076,-1,2026-08-12 07:31:09.712,2026-08-12 07:31:09.832,63922203069,63922203069,7765.25,10,False,False,True,False,False,,,,,,NOT_TRIGGERED,,,0,False
204,15081,15082,-1,2026-08-12 07:31:09.848,2026-08-12 07:31:09.884,63922203069,63922203070,7762.0,10,True,True,True,True,True,63922203070,15082,0,7762.0,63922203070,TARGET,63922203070,7760.75,77,True
205,15095,15096,-1,2026-08-12 07:31:10.836,2026-08-12 07:31:10.892,63922203070,63922203071,7759.0,10,False,True,True,True,True,63922203071,15096,0,7759.0,63922203073,TARGET,63922203071,7757.75,133,True
206,15099,15100,-1,2026-08-12 07:31:11.376,2026-08-12 07:31:11.448,63922203071,63922203072,7756.5,10,True,True,True,True,False,,,,,,NOT_TRIGGERED,,,455,False
207,15123,15124,1,2026-08-12 07:31:19.276,2026-08-12 07:31:19.316,63922203079,63922203080,7771.75,10,False,False,True,False,False,,,,,,NOT_TRIGGERED,,,1232,False
208,15137,15138,1,2026-08-12 07:31:46.028,2026-08-12 07:31:55.420,63922203115,63922203166,7771.0,9,False,True,True,True,False,,,,,,NOT_TRIGGERED,,,11632,False
209,15168,15169,1,2026-08-12 07:38:09.784,2026-08-12 07:38:13.968,63922203493,63922203598,7772.25,10,False,False,True,True,True,63922203497,15169,0,7772.25,63922203702,STOP,63922203536,7769.75,6558,False
210,15180,15181,1,2026-08-12 07:41:14.064,2026-08-12 07:41:42.720,63922203702,63922203823,7774.75,10,False,True,True,True,False,,,,,,NOT_TRIGGERED,,,16582,False
211,15192,15193,1,2026-08-12 07:46:21.364,2026-08-12 07:46:36.188,63922203996,63922204095,7777.0,10,False,True,True,True,False,,,,,,NOT_TRIGGERED,,,14994,False
212,15209,15210,-1,2026-08-12 07:51:23.408,2026-08-12 07:51:37.328,63922204297,63922204377,7766.25,10,False,False,True,False,False,,,,,,NOT_TRIGGERED,,,12824,False
213,15227,15228,-1,2026-08-12 07:55:56.424,2026-08-12 07:56:00.620,63922204560,63922204612,7763.5,10,False,True,True,True,False,,,,,,NOT_TRIGGERED,,,10033,False
214,15506,15507,1,2026-08-12 11:41:22.128,2026-08-12 11:45:06.928,63922218306,63922219030,7781.25,10,True,True,True,True,False,,,,,,NOT_TRIGGERED,,,18679,False
215,15540,15541,-1,2026-08-12 12:42:27.264,2026-08-12 12:43:48.508,63922221828,63922222125,7770.25,10,False,False,True,True,False,,,,,,NOT_TRIGGERED,,,15544,False
216,15552,15553,-1,2026-08-12 12:51:09.924,2026-08-12 12:51:33.068,63922222293,63922222480,7769.0,10,False,True,True,True,True,63922222294,15553,0,7769.0,63922222598,TARGET,63922222462,7767.75,12445,False
217,15558,15559,-1,2026-08-12 12:54:35.500,2026-08-12 12:54:40.024,63922222480,63922222598,7766.25,10,True,True,True,True,True,63922222500,15561,2,7766.25,63922222756,TARGET,63922222505,7765.0,4815,False
218,15564,15565,-1,2026-08-12 12:55:17.252,2026-08-12 12:56:38.896,63922222598,63922222742,7764.5,10,True,True,True,True,False,,,,,,NOT_TRIGGERED,,,10341,False
219,16001,16002,1,2026-08-13 06:33:32.992,2026-08-13 06:33:40.016,63922286020,63922286067,7795.75,10,False,True,True,True,True,63922286046,16004,2,7795.75,63922286133,TARGET,63922286067,7797.0,10801,False
220,16010,16011,1,2026-08-13 06:34:41.936,2026-08-13 06:34:46.180,63922286086,63922286148,7799.5,10,True,True,True,True,True,63922286102,16011,0,7799.5,63922286225,TARGET,63922286120,7800.75,7331,False
221,16017,16018,1,2026-08-13 06:35:48.232,2026-08-13 06:35:58.864,63922286158,63922286255,7802.75,10,True,True,True,True,True,63922286161,16018,0,7802.75,63922286380,TARGET,63922286203,7804.0,7684,False
222,16024,16025,1,2026-08-13 06:37:35.892,2026-08-13 06:38:05.972,63922286285,63922286397,7807.0,10,True,True,True,True,True,63922286369,16028,3,7807.0,63922286586,TARGET,63922286379,7808.25,13899,False
223,16031,16032,1,2026-08-13 06:39:57.076,2026-08-13 06:40:00.408,63922286400,63922286529,7809.5,10,True,True,True,True,False,,,,,,NOT_TRIGGERED,,,18914,False
224,16090,16091,1,2026-08-13 06:58:27.848,2026-08-13 07:00:04.976,63922287604,63922287718,7821.0,10,True,True,True,True,True,63922287613,16091,0,7821.0,63922287895,TARGET,63922287630,7822.25,4538,False
225,16095,16096,1,2026-08-13 07:01:09.296,2026-08-13 07:01:48.436,63922287708,63922287884,7825.25,10,True,True,True,True,True,63922287721,16097,1,7825.25,63922288056,TARGET,63922287735,7826.5,3877,False
226,16099,16100,1,2026-08-13 07:02:51.080,2026-08-13 07:03:14.552,63922287794,63922287959,7827.25,10,True,True,True,True,True,63922287895,16102,2,7827.25,63922288146,TARGET,63922287927,7828.5,17446,False
227,16104,16105,1,2026-08-13 07:05:27.604,2026-08-13 07:05:44.048,63922287944,63922288078,7828.75,10,True,True,True,True,False,,,,,,NOT_TRIGGERED,,,14871,False
228,16118,16119,1,2026-08-13 07:12:43.788,2026-08-13 07:13:01.172,63922288381,63922288576,7830.25,10,True,True,True,True,True,63922288501,16121,2,7830.25,63922288712,STOP,63922288576,7827.75,16469,False
229,16134,16135,1,2026-08-13 07:18:45.900,2026-08-13 07:19:26.560,63922288766,63922288977,7830.75,9,False,True,True,True,True,63922288878,16137,2,7830.75,63922289171,TARGET,63922288893,7832.0,10291,False
230,16143,16144,1,2026-08-13 07:23:31.728,2026-08-13 07:23:45.140,63922289025,63922289221,7837.0,10,True,True,True,True,False,,,,,,NOT_TRIGGERED,,,18496,False
231,16159,16160,1,2026-08-13 07:32:27.944,2026-08-13 07:33:04.728,63922289584,63922289827,7838.25,10,False,True,True,True,True,63922289733,16164,4,7838.25,63922290206,STOP,63922289847,7835.75,17274,False
232,16194,16195,-1,2026-08-13 07:49:29.872,2026-08-13 07:49:44.268,63922290584,63922290642,7819.5,10,True,True,True,True,False,,,,,,NOT_TRIGGERED,,,10793,False
233,16217,16218,-1,2026-08-13 07:55:38.852,2026-08-13 07:56:01.616,63922290961,63922291107,7818.75,10,False,True,True,True,True,63922290964,16218,0,7818.75,63922291215,STOP,63922291008,7821.25,5656,False
234,16543,16544,1,2026-08-13 11:41:51.624,2026-08-13 11:43:22.904,63922304602,63922305208,7821.25,10,True,True,True,True,True,63922304669,16544,0,7821.25,63922305967,TARGET,63922305033,7822.5,15247,False
235,16547,16548,1,2026-08-13 11:50:33.608,2026-08-13 11:52:25.080,63922305145,63922305911,7822.75,10,True,True,True,True,True,63922305185,16549,1,7822.75,63922306245,TARGET,63922305771,7824.0,20658,False
236,16560,16561,1,2026-08-13 12:09:15.352,2026-08-13 12:10:45.772,63922306245,63922306601,7829.0,10,True,True,True,True,False,,,,,,NOT_TRIGGERED,,,18291,False
237,16573,16574,1,2026-08-13 12:25:08.080,2026-08-13 12:25:22.208,63922307122,63922307450,7828.75,10,True,True,True,True,False,,,,,,NOT_TRIGGERED,,,14794,False
238,16898,16899,-1,2026-08-14 06:37:03.744,2026-08-14 06:37:25.348,63922372645,63922372804,7819.75,10,False,True,True,True,True,63922372669,16900,1,7819.75,63922372964,STOP,63922372717,7822.25,14991,False
239,16985,16986,1,2026-08-14 07:04:42.404,2026-08-14 07:04:42.788,63922374282,63922374589,7829.75,10,False,False,True,True,True,63922374323,16987,1,7829.75,63922374735,STOP,63922374645,7827.25,38950,False
240,16988,16989,1,2026-08-14 07:08:25.024,2026-08-14 07:08:49.568,63922374529,63922374645,7830.75,10,False,True,True,True,False,,,,,,NOT_TRIGGERED,,,15993,False
241,17013,17014,-1,2026-08-14 07:18:27.736,2026-08-14 07:18:48.544,63922375128,63922375225,7821.5,10,False,False,True,True,True,63922375157,17015,1,7821.5,63922375309,TARGET,63922375174,7820.25,5879,False
242,17016,17017,-1,2026-08-14 07:19:30.928,2026-08-14 07:19:46.180,63922375186,63922375263,7820.5,10,False,True,True,True,True,63922375203,17017,0,7820.5,63922375324,TARGET,63922375227,7819.25,7801,False
243,17026,17027,-1,2026-08-14 07:21:34.048,2026-08-14 07:21:49.032,63922375309,63922375410,7816.75,10,True,True,True,True,False,,,,,,NOT_TRIGGERED,,,16987,False
244,17058,17059,-1,2026-08-14 07:30:57.944,2026-08-14 07:31:26.884,63922375886,63922375979,7812.0,10,True,True,True,True,True,63922375959,17062,3,7812.0,63922376216,TARGET,63922376011,7810.75,17398,False
245,17318,17319,1,2026-08-14 11:13:15.740,2026-08-14 11:14:44.348,63922389284,63922390020,7805.75,10,False,False,True,False,True,63922389362,17320,1,7805.75,63922390679,STOP,63922390080,7803.25,22974,False
246,17340,17341,1,2026-08-14 11:50:32.152,2026-08-14 11:53:04.380,63922391584,63922392286,7807.0,10,False,True,True,True,False,,,,,,NOT_TRIGGERED,,,21873,False
247,17720,17721,-1,2026-08-17 06:33:01.284,2026-08-17 06:33:20.140,63922631600,63922631664,7800.75,10,False,False,True,True,True,63922631641,17724,3,7800.75,63922631749,TARGET,63922631651,7799.5,14263,False
248,17726,17727,-1,2026-08-17 06:34:11.060,2026-08-17 06:34:24.108,63922631664,63922631712,7799.25,10,False,True,True,True,True,63922631665,17727,0,7799.25,63922631781,TARGET,63922631674,7798.0,2694,False
249,17731,17732,-1,2026-08-17 06:35:00.192,2026-08-17 06:35:02.568,63922631702,63922631771,7795.5,10,True,True,True,True,False,,,,,,NOT_TRIGGERED,,,20883,False
250,17817,17818,-1,2026-08-17 07:00:20.040,2026-08-17 07:00:20.040,63922633220,63922633327,7789.5,10,True,True,True,True,False,,,,,,NOT_TRIGGERED,,,19260,False
251,17831,17832,-1,2026-08-17 07:03:12.332,2026-08-17 07:03:32.276,63922633412,63922633500,7791.5,7,False,True,True,True,False,,,,,,NOT_TRIGGERED,,,14495,False
252,17872,17873,-1,2026-08-17 07:22:17.260,2026-08-17 07:22:41.572,63922634561,63922634727,7792.0,10,False,False,True,False,True,63922634664,17875,2,7792.0,63922634998,STOP,63922634722,7794.5,14270,False
253,17901,17902,-1,2026-08-17 07:38:39.176,2026-08-17 07:38:59.248,63922635539,63922635839,7791.25,10,False,False,True,False,False,,,,,,NOT_TRIGGERED,,,19503,False
254,18161,18162,-1,2026-08-17 12:13:13.596,2026-08-17 12:15:53.084,63922652153,63922652803,7772.0,10,False,False,True,True,False,,,,,,NOT_TRIGGERED,,,20703,False
255,18173,18174,-1,2026-08-17 12:32:50.860,2026-08-17 12:32:57.476,63922653177,63922653505,7768.75,10,True,True,True,True,True,63922653183,18174,0,7768.75,63922654042,STOP,63922653243,7771.25,4812,False
256,18194,18195,-1,2026-08-17 12:53:10.012,2026-08-17 12:53:30.012,63922654410,63922654560,7767.75,10,False,True,True,True,True,63922654527,18200,5,7767.75,63922654784,TARGET,63922654572,7766.5,16572,False
257,18201,18202,-1,2026-08-17 12:56:00.912,2026-08-17 12:57:00.608,63922654620,63922654747,7766.5,10,False,True,True,True,False,,,,,,NOT_TRIGGERED,,,13949,False
258,18973,18974,1,2026-08-18 06:31:49.232,2026-08-18 06:31:56.764,63922717916,63922717936,7734.5,10,False,True,True,True,False,,,,,,NOT_TRIGGERED,,,9172,False
259,18994,18995,-1,2026-08-18 06:33:04.772,2026-08-18 06:33:07.112,63922717987,63922718001,7723.25,10,False,False,True,False,True,63922717988,18995,0,7723.25,63922718035,TARGET,63922718000,7722.0,4991,False
260,19002,19003,-1,2026-08-18 06:33:28.284,2026-08-18 06:33:35.124,63922718015,63922718043,7720.75,10,False,True,True,True,True,63922718043,19008,5,7720.75,63922718094,STOP,63922718060,7723.25,16457,False
261,19010,19011,-1,2026-08-18 06:34:06.476,2026-08-18 06:34:13.492,63922718053,63922718078,7719.5,10,False,True,True,True,False,,,,,,NOT_TRIGGERED,,,8891,False
262,19030,19031,1,2026-08-18 06:35:33.360,2026-08-18 06:35:36.148,63922718136,63922718156,7731.25,10,False,False,True,False,True,63922718140,19032,1,7731.25,63922718179,STOP,63922718143,7728.75,3671,False
263,19072,19073,1,2026-08-18 06:38:42.972,2026-08-18 06:39:05.084,63922718345,63922718375,7730.5,10,False,False,True,False,False,,,,,,NOT_TRIGGERED,,,9263,False
264,19082,19083,1,2026-08-18 06:39:48.152,2026-08-18 06:40:02.984,63922718402,63922718431,7732.25,10,False,False,True,True,True,63922718423,19085,2,7732.25,63922718513,TARGET,63922718429,7733.5,9679,False
265,19088,19089,1,2026-08-18 06:40:29.136,2026-08-18 06:40:31.028,63922718431,63922718494,7734.0,10,False,True,True,True,False,,,,,,NOT_TRIGGERED,,,17718,False
266,19096,19097,1,2026-08-18 06:41:39.612,2026-08-18 06:41:53.868,63922718513,63922718567,7734.75,10,False,True,True,True,True,63922718518,19097,0,7734.75,63922718622,STOP,63922718553,7732.25,10094,False
267,19243,19244,1,2026-08-18 07:02:26.380,2026-08-18 07:02:31.392,63922719751,63922719825,7730.75,10,False,False,True,True,True,63922719796,19246,2,7730.75,63922719934,TARGET,63922719803,7732.0,14708,False
268,19248,19249,1,2026-08-18 07:03:26.812,2026-08-18 07:03:38.620,63922719818,63922719891,7732.5,10,False,True,True,True,False,,,,,,NOT_TRIGGERED,,,18873,False
269,19273,19274,1,2026-08-18 07:07:52.256,2026-08-18 07:07:59.360,63922720079,63922720172,7732.75,10,False,True,True,True,False,,,,,,NOT_TRIGGERED,,,16613,False
270,19288,19289,-1,2026-08-18 07:10:37.536,2026-08-18 07:10:49.080,63922720249,63922720316,7721.75,10,False,False,True,False,True,63922720265,19290,1,7721.75,63922720368,TARGET,63922720271,7720.5,4689,False
271,19293,19294,-1,2026-08-18 07:11:35.256,2026-08-18 07:11:50.812,63922720310,63922720359,7719.25,10,True,True,True,True,True,63922720318,19295,1,7717.0,63922720431,STOP,63922720326,7719.5,3899,True
272,19297,19298,-1,2026-08-18 07:11:58.900,2026-08-18 07:11:58.932,63922720318,63922720395,7716.75,10,True,True,True,True,True,63922720389,19303,5,7716.75,63922720519,STOP,63922720404,7719.25,19749,False
273,19341,19342,1,2026-08-18 07:18:55.752,2026-08-18 07:19:09.008,63922720749,63922720811,7728.75,10,False,False,True,True,False,,,,,,NOT_TRIGGERED,,,12571,False
274,19368,19369,1,2026-08-18 07:24:40.540,2026-08-18 07:24:41.544,63922721081,63922721148,7730.25,10,False,False,True,True,False,,,,,,NOT_TRIGGERED,,,15003,False
275,19412,19413,1,2026-08-18 07:32:33.548,2026-08-18 07:33:02.952,63922721582,63922721696,7732.5,10,False,True,True,True,False,,,,,,NOT_TRIGGERED,,,19105,False
276,19451,19452,-1,2026-08-18 07:43:01.252,2026-08-18 07:43:26.764,63922722206,63922722322,7725.0,10,False,False,True,False,True,63922722249,19453,1,7725.0,63922722461,TARGET,63922722259,7723.75,6190,False
277,19454,19455,-1,2026-08-18 07:44:10.308,2026-08-18 07:44:30.308,63922722270,63922722385,7724.25,10,False,False,True,True,True,63922722286,19455,0,7724.25,63922722484,TARGET,63922722316,7723.0,5852,False
278,19460,19461,-1,2026-08-18 07:46:13.416,2026-08-18 07:46:25.984,63922722385,63922722484,7722.0,10,False,True,True,True,False,,,,,,NOT_TRIGGERED,,,14946,False
279,19494,19495,-1,2026-08-18 07:53:26.076,2026-08-18 07:53:27.036,63922722807,63922722846,7718.75,10,True,True,True,True,False,,,,,,NOT_TRIGGERED,,,10499,False
280,19818,19819,-1,2026-08-18 11:00:01.928,2026-08-18 11:01:04.088,63922734064,63922734377,7715.5,10,True,True,True,True,True,63922734085,19819,0,7715.5,63922734808,STOP,63922734800,7718.0,32588,False
281,19843,19844,1,2026-08-18 11:22:04.932,2026-08-18 11:22:17.636,63922735337,63922735671,7725.5,10,False,False,True,False,False,,,,,,NOT_TRIGGERED,,,13463,False
282,19870,19871,-1,2026-08-18 11:55:47.360,2026-08-18 11:56:10.580,63922737370,63922737889,7717.0,10,False,False,True,False,True,63922737564,19872,1,7717.0,63922738578,STOP,63922738141,7719.5,32097,False
283,19874,19875,-1,2026-08-18 12:00:01.880,2026-08-18 12:00:08.072,63922737608,63922738302,7716.25,10,False,False,True,True,False,,,,,,NOT_TRIGGERED,,,24877,False
284,19914,19915,-1,2026-08-18 12:54:33.980,2026-08-18 12:54:40.440,63922740880,63922741005,7714.25,10,False,False,True,True,True,63922740890,19915,0,7714.25,63922741145,TARGET,63922741081,7713.0,22599,False
285,19923,19924,-1,2026-08-18 12:58:01.924,2026-08-18 12:58:15.812,63922741095,63922741178,7712.75,10,False,True,True,True,False,,,,,,NOT_TRIGGERED,,,13842,False
286,19937,19938,-1,2026-08-18 12:59:50.564,2026-08-18 12:59:55.000,63922741195,63922741203,7710.75,10,False,True,True,True,False,,,,,,NOT_TRIGGERED,,,7894,False
287,20735,20736,-1,2026-08-19 06:33:26.880,2026-08-19 06:33:30.284,63922804410,63922804448,7739.0,10,False,False,True,True,True,63922804428,20738,2,7739.0,63922804507,STOP,63922804462,7741.5,13782,False
288,20761,20762,-1,2026-08-19 06:36:15.388,2026-08-19 06:36:26.132,63922804586,63922804612,7737.0,10,False,True,True,True,False,,,,,,NOT_TRIGGERED,,,7601,False
289,20784,20785,-1,2026-08-19 06:38:58.704,2026-08-19 06:39:07.176,63922804747,63922804794,7736.0,10,False,True,True,True,True,63922804753,20785,0,7736.0,63922804830,TARGET,63922804794,7734.75,11854,False
290,20792,20793,-1,2026-08-19 06:40:02.232,2026-08-19 06:40:05.584,63922804805,63922804856,7733.5,10,False,True,True,True,True,63922804812,20794,1,7733.5,63922804899,TARGET,63922804832,7732.25,8616,False
291,20797,20798,-1,2026-08-19 06:40:30.548,2026-08-19 06:40:34.952,63922804834,63922804882,7732.5,10,False,True,True,True,False,,,,,,NOT_TRIGGERED,,,17184,False
292,21033,21034,-1,2026-08-19 07:03:58.088,2026-08-19 07:04:08.804,63922806248,63922806287,7735.0,10,False,False,True,True,False,,,,,,NOT_TRIGGERED,,,11737,False
293,21090,21091,-1,2026-08-19 07:12:07.208,2026-08-19 07:12:10.612,63922806730,63922806764,7730.25,10,True,True,True,True,True,63922806747,21094,3,7730.25,63922806825,STOP,63922806764,7732.75,7978,False
294,21116,21117,-1,2026-08-19 07:14:59.716,2026-08-19 07:15:10.404,63922806910,63922806972,7727.0,10,False,True,True,True,False,,,,,,NOT_TRIGGERED,,,19731,False
295,21143,21144,1,2026-08-19 07:18:21.224,2026-08-19 07:18:24.188,63922807104,63922807168,7740.5,10,False,True,True,True,True,63922807126,21145,1,7740.5,63922807214,STOP,63922807172,7738.0,18080,False
296,21146,21147,1,2026-08-19 07:18:48.132,2026-08-19 07:19:11.736,63922807151,63922807189,7741.0,10,False,True,True,True,True,63922807156,21147,0,7741.0,63922807226,STOP,63922807166,7738.5,3895,False
297,21193,21194,-1,2026-08-19 07:25:34.408,2026-08-19 07:25:53.912,63922807553,63922807622,7731.5,10,False,False,True,True,False,,,,,,NOT_TRIGGERED,,,19364,False
298,21213,21214,1,2026-08-19 07:29:18.280,2026-08-19 07:30:07.528,63922807807,63922807868,7740.25,10,False,False,True,False,True,63922807829,21216,2,7740.25,63922807974,TARGET,63922807911,7741.5,23997,False
299,21226,21227,1,2026-08-19 07:32:21.424,2026-08-19 07:32:42.768,63922807962,63922808046,7744.0,10,False,True,True,True,True,63922808024,21230,3,7744.0,63922808209,STOP,63922808047,7741.5,13810,False
300,21231,21232,1,2026-08-19 07:33:44.784,2026-08-19 07:33:54.700,63922808034,63922808127,7744.25,10,False,True,True,True,False,,,,,,NOT_TRIGGERED,,,16582,False
301,21239,21240,1,2026-08-19 07:35:52.060,2026-08-19 07:36:17.332,63922808177,63922808252,7745.25,10,False,True,True,True,True,63922808192,21240,0,7745.25,63922808405,TARGET,63922808232,7746.5,7622,False
302,21250,21251,1,2026-08-19 07:39:03.460,2026-08-19 07:39:12.404,63922808352,63922808484,7752.5,10,True,True,True,True,True,63922808405,21251,0,7752.5,63922808600,STOP,63922808512,7750.0,22716,False
303,21295,21296,1,2026-08-19 07:53:44.304,2026-08-19 07:55:08.660,63922809308,63922809406,7753.75,10,False,True,True,True,True,63922809310,21296,0,7753.75,63922809551,TARGET,63922809367,7755.0,6887,False
304,21302,21303,1,2026-08-19 07:56:46.280,2026-08-19 07:57:26.084,63922809446,63922809567,7758.25,10,True,True,True,True,True,63922809511,21305,2,7758.25,63922809710,TARGET,63922809525,7759.5,8250,False
305,21309,21310,1,2026-08-19 07:59:27.248,2026-08-19 07:59:40.984,63922809580,63922809695,7762.75,10,True,True,True,True,False,,,,,,NOT_TRIGGERED,,,15774,False
306,21696,21697,1,2026-08-19 11:02:13.204,2026-08-19 11:02:21.340,63922820541,63922820662,7744.0,10,True,True,True,True,True,63922820542,21698,1,7744.5,63922820750,STOP,63922820650,7742.0,8076,False
307,21721,21722,-1,2026-08-19 11:07:35.792,2026-08-19 11:07:45.712,63922820865,63922820952,7730.75,10,True,False,True,True,True,63922820902,21723,1,7730.75,63922821082,TARGET,63922820915,7729.5,7356,False
308,21725,21726,-1,2026-08-19 11:08:32.724,2026-08-19 11:08:36.900,63922820916,63922821030,7729.5,10,True,True,True,True,True,63922820960,21728,2,7729.5,63922821190,STOP,63922821093,7732.0,20583,False
309,21751,21752,-1,2026-08-19 11:17:58.420,2026-08-19 11:18:26.444,63922821506,63922821658,7730.0,10,False,True,True,True,False,,,,,,NOT_TRIGGERED,,,10843,False
310,21777,21778,1,2026-08-19 11:30:38.336,2026-08-19 11:31:02.772,63922822262,63922822505,7738.75,10,False,False,True,False,True,63922822267,21778,0,7738.75,63922822823,STOP,63922822694,7736.25,32637,False
311,21855,21856,1,2026-08-19 12:33:13.924,2026-08-19 12:33:36.504,63922826016,63922826132,7743.5,10,False,True,True,True,False,,,,,,NOT_TRIGGERED,,,8417,False
312,21867,21868,-1,2026-08-19 12:37:51.480,2026-08-19 12:38:12.512,63922826292,63922826462,7732.25,10,False,False,True,False,True,63922826389,21870,2,7732.25,63922826717,TARGET,63922826482,7731.0,14017,False
313,21877,21878,-1,2026-08-19 12:43:20.124,2026-08-19 12:43:37.992,63922826617,63922826743,7729.75,10,False,True,True,True,True,63922826689,21879,1,7729.75,63922826845,TARGET,63922826757,7728.5,11606,False
314,21886,21887,-1,2026-08-19 12:46:16.508,2026-08-19 12:46:43.028,63922826803,63922826878,7726.75,10,False,True,True,True,True,63922826818,21888,1,7726.75,63922827000,TARGET,63922826841,7725.5,3162,False
315,21890,21891,-1,2026-08-19 12:47:22.944,2026-08-19 12:47:25.036,63922826845,63922826928,7724.5,10,True,True,True,True,False,,,,,,NOT_TRIGGERED,,,7850,False
316,21901,21902,-1,2026-08-19 12:50:00.176,2026-08-19 12:50:00.280,63922827000,63922827038,7723.75,10,True,True,True,True,True,63922827011,21905,3,7723.75,63922827202,TARGET,63922827021,7722.5,5271,False
317,21906,21907,-1,2026-08-19 12:50:21.408,2026-08-19 12:50:28.068,63922827028,63922827153,7722.75,10,False,True,True,True,True,63922827131,21911,4,7722.75,63922827300,STOP,63922827169,7725.25,12484,False
318,21928,21929,-1,2026-08-19 12:55:28.748,2026-08-19 12:56:11.668,63922827371,63922827541,7722.0,10,False,True,True,True,False,,,,,,NOT_TRIGGERED,,,15754,False
319,21949,21950,1,2026-08-19 12:59:57.512,2026-08-19 12:59:58.196,63922827598,63922827625,7731.25,10,False,False,True,False,True,63922827599,21950,0,7731.25,63922827901,TARGET,63922827602,7732.5,3209,False
320,22984,22985,1,2026-08-20 06:31:37.696,2026-08-20 06:31:51.412,63922890711,63922890775,7706.5,10,True,True,True,True,False,,,,,,NOT_TRIGGERED,,,18782,False
321,23003,23004,1,2026-08-20 06:34:04.844,2026-08-20 06:34:08.848,63922890848,63922890885,7708.25,10,False,True,True,True,True,63922890877,23007,3,7708.25,63922890916,TARGET,63922890882,7709.5,8134,False
322,23009,23010,1,2026-08-20 06:34:41.092,2026-08-20 06:34:45.940,63922890885,63922890915,7709.5,10,False,True,True,True,True,63922890891,23010,0,7709.5,63922890919,STOP,63922890900,7707.0,4370,False
323,23020,23021,1,2026-08-20 06:35:17.016,2026-08-20 06:35:18.424,63922890918,63922890949,7712.5,10,True,True,True,True,True,63922890919,23021,0,7712.5,63922891006,TARGET,63922890929,7713.75,4908,False
324,23025,23026,1,2026-08-20 06:35:35.292,2026-08-20 06:35:46.140,63922890946,63922891000,7715.5,10,True,True,True,True,True,63922890949,23026,0,7715.5,63922891067,STOP,63922891026,7713.0,22268,False
325,23083,23084,1,2026-08-20 06:42:39.916,2026-08-20 06:42:45.032,63922891365,63922891429,7714.75,10,False,False,True,True,True,63922891380,23085,1,7714.75,63922891494,TARGET,63922891442,7716.0,17384,False
326,23091,23092,1,2026-08-20 06:44:03.852,2026-08-20 06:44:16.396,63922891456,63922891500,7716.5,10,False,True,True,True,False,,,,,,NOT_TRIGGERED,,,10178,False
327,23248,23249,-1,2026-08-20 07:02:58.360,2026-08-20 07:03:03.960,63922892583,63922892628,7700.25,10,False,False,True,True,True,63922892585,23249,0,7700.25,63922892665,TARGET,63922892602,7699.0,6226,False
328,23251,23252,-1,2026-08-20 07:03:21.956,2026-08-20 07:03:25.268,63922892605,63922892641,7699.0,10,False,True,True,True,False,,,,,,NOT_TRIGGERED,,,12040,False
329,23267,23268,-1,2026-08-20 07:05:07.420,2026-08-20 07:05:07.420,63922892707,63922892760,7696.0,10,False,True,True,True,False,,,,,,NOT_TRIGGERED,,,13591,False
330,23296,23297,-1,2026-08-20 07:08:35.256,2026-08-20 07:08:39.224,63922892919,63922892982,7697.0,10,False,False,True,True,False,,,,,,NOT_TRIGGERED,,,19196,False
331,23307,23308,1,2026-08-20 07:10:07.588,2026-08-20 07:10:13.456,63922893013,63922893062,7705.75,10,False,False,True,False,False,,,,,,NOT_TRIGGERED,,,15670,False
332,23341,23342,-1,2026-08-20 07:14:46.596,2026-08-20 07:15:07.528,63922893307,63922893346,7697.75,10,False,False,True,True,True,63922893310,23342,0,7697.75,63922893463,TARGET,63922893346,7696.5,11894,False
333,23349,23350,-1,2026-08-20 07:15:51.120,2026-08-20 07:16:16.532,63922893376,63922893479,7695.0,10,False,True,True,True,True,63922893400,23350,0,7695.0,63922893512,TARGET,63922893412,7693.75,9672,False
334,23352,23353,-1,2026-08-20 07:16:52.512,2026-08-20 07:17:21.268,63922893441,63922893497,7693.5,10,True,True,True,True,True,63922893454,23353,0,7693.5,63922893536,TARGET,63922893465,7692.25,4824,False
335,23401,23402,1,2026-08-20 07:22:59.736,2026-08-20 07:23:06.704,63922893786,63922893832,7703.5,10,False,False,True,True,True,63922893801,23403,1,7703.5,63922893891,TARGET,63922893820,7704.75,10772,False
336,23409,23410,1,2026-08-20 07:23:59.040,2026-08-20 07:24:09.416,63922893849,63922893905,7707.5,10,True,True,True,True,True,63922893880,23413,3,7707.5,63922893953,STOP,63922893887,7705.0,11532,False
337,23447,23448,-1,2026-08-20 07:29:16.044,2026-08-20 07:29:26.792,63922894166,63922894211,7698.0,9,False,False,True,False,False,,,,,,NOT_TRIGGERED,,,11800,False
338,23482,23483,1,2026-08-20 07:34:12.612,2026-08-20 07:34:16.064,63922894456,63922894498,7707.0,10,False,False,True,True,False,,,,,,NOT_TRIGGERED,,,9323,False
339,23492,23493,-1,2026-08-20 07:35:22.736,2026-08-20 07:35:28.728,63922894528,63922894584,7697.5,10,False,False,True,False,False,,,,,,NOT_TRIGGERED,,,12220,False
340,23508,23509,1,2026-08-20 07:37:35.788,2026-08-20 07:37:51.748,63922894671,63922894756,7706.75,10,False,False,True,True,True,63922894729,23513,4,7706.75,63922894882,TARGET,63922894756,7708.0,13923,False
341,23516,23517,1,2026-08-20 07:39:28.848,2026-08-20 07:39:50.332,63922894790,63922894857,7709.75,10,False,True,True,True,False,,,,,,NOT_TRIGGERED,,,11129,False
342,23536,23537,1,2026-08-20 07:43:34.956,2026-08-20 07:43:56.400,63922895036,63922895126,7711.25,10,False,True,True,True,True,63922895067,23538,1,7711.25,63922895220,TARGET,63922895135,7712.5,15508,False
343,23550,23551,1,2026-08-20 07:47:00.028,2026-08-20 07:47:12.524,63922895232,63922895345,7713.5,10,False,True,True,True,False,,,,,,NOT_TRIGGERED,,,23251,False
344,24123,24124,-1,2026-08-20 11:00:41.480,2026-08-20 11:00:59.460,63922906859,63922907141,7681.0,10,False,True,True,True,True,63922906890,24124,0,7681.0,63922907230,TARGET,63922906971,7679.75,9039,False
345,24127,24128,-1,2026-08-20 11:02:55.104,2026-08-20 11:03:35.204,63922907015,63922907192,7678.25,10,True,True,True,True,True,63922907141,24129,1,7678.25,63922907351,TARGET,63922907144,7677.0,9314,False
346,24132,24133,-1,2026-08-20 11:05:47.428,2026-08-20 11:05:53.956,63922907153,63922907313,7675.5,10,True,True,True,True,True,63922907230,24135,2,7675.5,63922907541,TARGET,63922907293,7674.25,13097,False
347,24144,24145,-1,2026-08-20 11:10:49.040,2026-08-20 11:11:16.980,63922907476,63922907624,7671.5,10,True,True,True,True,False,,,,,,NOT_TRIGGERED,,,11927,False
348,24157,24158,-1,2026-08-20 11:16:50.604,2026-08-20 11:17:04.484,63922907824,63922908037,7669.25,10,True,True,True,True,False,,,,,,NOT_TRIGGERED,,,15047,False
349,24184,24185,-1,2026-08-20 11:34:36.680,2026-08-20 11:35:10.920,63922908910,63922909212,7670.5,10,False,True,True,True,False,,,,,,NOT_TRIGGERED,,,16463,False
350,24217,24218,-1,2026-08-20 11:59:59.820,2026-08-20 12:00:46.116,63922910446,63922910732,7670.25,10,False,False,True,True,True,63922910516,24219,1,7670.25,63922911085,STOP,63922910696,7672.75,15855,False
351,24272,24273,-1,2026-08-20 12:44:17.012,2026-08-20 12:44:58.140,63922913098,63922913297,7668.25,10,False,False,True,True,True,63922913113,24273,0,7668.25,63922913400,TARGET,63922913134,7667.0,4172,False
352,24275,24276,-1,2026-08-20 12:45:34.080,2026-08-20 12:45:51.132,63922913151,63922913368,7666.75,10,False,True,True,True,False,,,,,,NOT_TRIGGERED,,,15115,False
353,24307,24308,-1,2026-08-20 12:54:57.388,2026-08-20 12:55:00.032,63922913700,63922913730,7665.25,10,False,False,True,True,True,63922913701,24310,2,7665.25,63922913833,TARGET,63922913738,7664.0,6963,False
354,24311,24312,-1,2026-08-20 12:55:01.468,2026-08-20 12:55:05.428,63922913705,63922913759,7665.0,10,False,True,True,True,True,63922913730,24313,1,7665.0,63922913886,TARGET,63922913739,7663.75,5657,False
355,24317,24318,-1,2026-08-20 12:55:55.900,2026-08-20 12:55:59.168,63922913759,63922913880,7661.75,10,True,True,True,True,True,63922913829,24321,3,7661.75,63922913957,TARGET,63922913846,7660.5,8413,False
356,24323,24324,-1,2026-08-20 12:57:26.816,2026-08-20 12:58:00.016,63922913880,63922913940,7660.25,10,False,True,True,True,False,,,,,,NOT_TRIGGERED,,,7695,False
357,24340,24341,-1,2026-08-20 12:59:48.192,2026-08-20 12:59:50.484,63922913990,63922913997,7659.5,10,False,True,True,True,False,,,,,,NOT_TRIGGERED,,,6033,False
358,24995,24996,-1,2026-08-21 06:31:14.072,2026-08-21 06:31:26.744,63922977086,63922977130,7687.25,10,False,True,True,True,False,,,,,,NOT_TRIGGERED,,,12969,False
359,25007,25008,-1,2026-08-21 06:32:30.156,2026-08-21 06:32:42.736,63922977162,63922977216,7686.0,10,False,True,True,True,True,63922977183,25009,1,7686.0,63922977288,TARGET,63922977193,7684.75,8594,False
360,25011,25012,-1,2026-08-21 06:33:13.568,2026-08-21 06:33:24.032,63922977204,63922977267,7684.25,10,False,True,True,True,False,,,,,,NOT_TRIGGERED,,,14004,False
361,25024,25025,-1,2026-08-21 06:35:00.272,2026-08-21 06:35:01.816,63922977301,63922977348,7682.5,10,False,True,True,True,True,63922977303,25025,0,7682.5,63922977409,NONE,,,24839,False
362,25027,25028,-1,2026-08-21 06:35:20.056,2026-08-21 06:35:27.000,63922977327,63922977376,7681.75,10,False,True,True,True,True,63922977335,25028,0,7681.75,63922977434,STOP,63922977361,7684.25,8623,False
363,25191,25192,1,2026-08-21 07:05:52.364,2026-08-21 07:06:10.124,63922979170,63922979250,7688.75,10,False,True,True,True,True,63922979178,25192,0,7688.75,63922979405,TARGET,63922979195,7690.0,5081,False
364,25195,25196,1,2026-08-21 07:06:43.960,2026-08-21 07:06:48.000,63922979208,63922979353,7691.25,10,True,True,True,True,False,,,,,,NOT_TRIGGERED,,,23268,False
365,25298,25299,-1,2026-08-21 07:36:01.700,2026-08-21 07:36:08.932,63922980968,63922981128,7677.5,10,False,True,True,True,False,,,,,,NOT_TRIGGERED,,,24246,False
366,25343,25344,1,2026-08-21 07:50:32.984,2026-08-21 07:50:36.452,63922981836,63922981954,7687.25,10,False,True,True,True,False,,,,,,NOT_TRIGGERED,,,15452,False
367,25351,25352,1,2026-08-21 07:52:46.236,2026-08-21 07:53:01.016,63922981981,63922982138,7688.25,10,False,True,True,True,True,63922981996,25352,0,7688.25,63922982238,STOP,63922982067,7685.75,9728,False
368,25360,25361,1,2026-08-21 07:55:56.028,2026-08-21 07:56:21.824,63922982181,63922982323,7689.5,10,False,True,True,True,True,63922982192,25361,0,7689.5,63922982453,TARGET,63922982205,7690.75,2829,False
369,25363,25364,1,2026-08-21 07:56:45.404,2026-08-21 07:57:18.736,63922982238,63922982425,7691.0,10,False,True,True,True,True,63922982245,25364,0,7691.0,63922982453,TARGET,63922982270,7692.25,3675,False
370,25686,25687,-1,2026-08-21 11:07:20.392,2026-08-21 11:07:50.120,63922993670,63922994365,7688.0,10,False,True,True,True,True,63922993807,25688,1,7688.0,63922994925,STOP,63922993967,7690.5,10642,False
371,25703,25704,-1,2026-08-21 11:33:05.704,2026-08-21 11:33:56.820,63922995236,63922995946,7685.75,10,False,True,True,True,False,,,,,,NOT_TRIGGERED,,,20270,False
372,25723,25724,1,2026-08-21 12:00:09.788,2026-08-21 12:01:04.764,63922996864,63922997288,7699.0,10,True,True,True,True,True,63922996911,25725,1,7699.0,63922997895,STOP,63922996975,7696.5,6121,False
373,25761,25762,1,2026-08-21 12:45:08.000,2026-08-21 12:45:19.128,63922999519,63922999785,7700.5,10,False,True,True,True,True,63922999626,25764,2,7700.5,63922999881,TARGET,63922999673,7701.75,6850,False
374,25767,25768,1,2026-08-21 12:49:23.516,2026-08-21 12:49:45.212,63922999785,63922999819,7703.25,10,True,True,True,True,False,,,,,,NOT_TRIGGERED,,,4792,False
375,25786,25787,-1,2026-08-21 12:55:02.984,2026-08-21 12:55:25.036,63923000125,63923000341,7690.5,10,False,False,True,False,False,,,,,,NOT_TRIGGERED,,,10526,False
376,25802,25803,-1,2026-08-21 12:59:50.032,2026-08-21 12:59:53.608,63923000393,63923000402,7689.5,10,False,True,True,True,True,63923000395,25803,0,7689.5,63923000972,STOP,63923000398,7692.0,2632,False
377,26815,26816,-1,2026-08-24 06:31:03.340,2026-08-24 06:31:05.164,63923236265,63923236286,7668.75,10,True,True,True,True,False,,,,,,NOT_TRIGGERED,,,7762,False
378,26840,26841,-1,2026-08-24 06:33:28.132,2026-08-24 06:33:31.596,63923236411,63923236484,7666.25,10,True,True,True,True,False,,,,,,NOT_TRIGGERED,,,19292,False
379,26851,26852,-1,2026-08-24 06:35:10.788,2026-08-24 06:35:20.024,63923236520,63923236549,7666.25,9,False,True,True,True,False,,,,,,NOT_TRIGGERED,,,8578,False
380,26876,26877,-1,2026-08-24 06:38:27.664,2026-08-24 06:38:28.260,63923236708,63923236754,7664.75,10,False,True,True,True,False,,,,,,NOT_TRIGGERED,,,13892,False
381,26915,26916,-1,2026-08-24 06:43:02.584,2026-08-24 06:43:10.840,63923236990,63923237027,7662.5,10,False,True,True,True,True,63923236995,26916,0,7662.5,63923237089,TARGET,63923237060,7661.25,18226,False
382,26925,26926,-1,2026-08-24 06:44:22.568,2026-08-24 06:44:25.460,63923237065,63923237114,7658.75,10,True,True,True,True,True,63923237073,26926,0,7658.75,63923237139,TARGET,63923237094,7657.5,7504,False
383,27042,27043,1,2026-08-24 07:01:46.520,2026-08-24 07:01:51.308,63923238111,63923238174,7674.25,10,False,True,True,True,False,,,,,,NOT_TRIGGERED,,,15345,False
384,27063,27064,-1,2026-08-24 07:03:45.004,2026-08-24 07:03:58.948,63923238238,63923238303,7662.75,10,False,True,True,True,True,63923238255,27065,1,7662.75,63923238355,STOP,63923238328,7665.25,18065,False
385,27066,27067,-1,2026-08-24 07:04:15.620,2026-08-24 07:04:30.756,63923238270,63923238329,7662.25,10,False,True,True,True,False,,,,,,NOT_TRIGGERED,,,11254,False
386,27088,27089,-1,2026-08-24 07:09:28.340,2026-08-24 07:09:44.444,63923238584,63923238678,7660.25,10,False,True,True,True,False,,,,,,NOT_TRIGGERED,,,17437,False
387,27101,27102,-1,2026-08-24 07:13:01.032,2026-08-24 07:13:32.556,63923238812,63923238869,7659.25,10,False,True,True,True,False,,,,,,NOT_TRIGGERED,,,9988,False
388,27136,27137,1,2026-08-24 07:22:02.856,2026-08-24 07:22:11.040,63923239331,63923239445,7668.75,10,False,False,True,True,True,63923239360,27138,1,7668.75,63923239635,STOP,63923239420,7666.25,15280,False
389,27168,27169,1,2026-08-24 07:33:34.588,2026-08-24 07:33:53.900,63923240033,63923240183,7671.25,10,True,True,True,True,True,63923240041,27169,0,7671.25,63923240314,TARGET,63923240218,7672.5,27534,False
390,27189,27190,1,2026-08-24 07:41:55.664,2026-08-24 07:42:09.304,63923240529,63923240688,7675.5,10,True,True,True,True,False,,,,,,NOT_TRIGGERED,,,19091,False
391,27555,27556,1,2026-08-24 11:15:47.272,2026-08-24 11:16:00.028,63923253360,63923253604,7678.25,10,True,True,True,True,True,63923253383,27557,1,7678.25,63923253840,STOP,63923253493,7675.75,9632,False
392,27558,27559,1,2026-08-24 11:16:25.240,2026-08-24 11:16:53.136,63923253413,63923253720,7679.5,10,True,True,True,True,True,63923253720,27564,5,7679.5,63923254244,TARGET,63923253725,7680.75,17917,False
393,27566,27567,1,2026-08-24 11:22:07.436,2026-08-24 11:22:15.656,63923253735,63923254201,7681.25,10,True,True,True,True,True,63923254018,27569,2,7681.25,63923254581,TARGET,63923254146,7682.5,22015,False
394,27575,27576,1,2026-08-24 11:30:21.356,2026-08-24 11:30:44.608,63923254244,63923254618,7685.5,10,True,True,True,True,False,,,,,,NOT_TRIGGERED,,,22426,False
395,27631,27632,-1,2026-08-24 12:34:59.836,2026-08-24 12:37:12.024,63923258232,63923258871,7671.75,10,False,False,True,True,True,63923258387,27632,0,7671.75,63923259000,TARGET,63923258503,7670.5,8501,False
396,27634,27635,-1,2026-08-24 12:41:43.288,2026-08-24 12:43:37.364,63923258617,63923258950,7670.25,10,False,True,True,True,True,63923258761,27636,1,7670.25,63923259050,STOP,63923259000,7674.0,20551,False
397,27651,27652,-1,2026-08-24 12:52:14.084,2026-08-24 12:52:43.328,63923259163,63923259300,7668.25,10,False,True,True,True,False,,,,,,NOT_TRIGGERED,,,9752,False
398,28437,28438,1,2026-08-25 06:34:49.996,2026-08-25 06:35:01.328,63923322901,63923322973,7701.0,10,False,False,True,False,False,,,,,,NOT_TRIGGERED,,,19449,False
399,28482,28483,-1,2026-08-25 06:43:31.792,2026-08-25 06:43:39.176,63923323419,63923323512,7692.0,10,False,False,True,True,False,,,,,,NOT_TRIGGERED,,,22477,False
400,28561,28562,-1,2026-08-25 07:04:06.600,2026-08-25 07:04:45.500,63923324685,63923324817,7686.0,10,False,True,True,True,True,63923324817,28567,5,7686.0,63923325084,TARGET,63923324860,7684.75,35503,False
401,28571,28572,-1,2026-08-25 07:07:41.488,2026-08-25 07:08:03.468,63923324883,63923325056,7684.25,10,False,True,True,True,False,,,,,,NOT_TRIGGERED,,,28207,False
402,28607,28608,-1,2026-08-25 07:23:21.644,2026-08-25 07:23:37.416,63923325817,63923325984,7682.25,10,False,True,True,True,True,63923325834,28608,0,7682.25,63923326169,STOP,63923325918,7684.75,14927,False
403,28626,28627,-1,2026-08-25 07:30:28.156,2026-08-25 07:30:28.180,63923326228,63923326228,7672.25,10,True,True,True,True,False,,,,,,NOT_TRIGGERED,,,0,False
404,28632,28633,-1,2026-08-25 07:30:28.312,2026-08-25 07:30:28.312,63923326228,63923326229,7669.25,10,True,True,True,True,True,63923326229,28638,5,7668.5,63923326230,TARGET,63923326229,7666.25,12,True
405,28640,28641,-1,2026-08-25 07:30:29.008,2026-08-25 07:30:29.012,63923326229,63923326229,7666.0,10,True,True,True,True,False,,,,,,NOT_TRIGGERED,,,0,False
406,28645,28646,-1,2026-08-25 07:30:29.320,2026-08-25 07:30:29.516,63923326229,63923326231,7663.25,10,True,True,True,True,False,,,,,,NOT_TRIGGERED,,,1309,False
407,28679,28680,1,2026-08-25 07:30:44.148,2026-08-25 07:30:44.208,63923326244,63923326250,7677.75,10,False,False,True,False,True,63923326250,28683,3,7678.5,63923326303,STOP,63923326252,7676.0,3301,True
408,28699,28700,1,2026-08-25 07:32:44.192,2026-08-25 07:32:53.648,63923326373,63923326441,7682.25,10,True,True,True,True,False,,,,,,NOT_TRIGGERED,,,11873,False
409,28723,28724,1,2026-08-25 07:39:23.412,2026-08-25 07:40:21.488,63923326821,63923326976,7683.5,10,False,True,True,True,False,,,,,,NOT_TRIGGERED,,,18637,False
410,29021,29022,1,2026-08-25 11:45:57.400,2026-08-25 11:47:38.096,63923341658,63923342485,7691.25,10,True,True,True,True,True,63923341673,29022,0,7691.25,63923343148,STOP,63923342229,7688.75,15952,False
411,29064,29065,1,2026-08-25 12:54:05.128,2026-08-25 12:54:17.088,63923345657,63923345800,7693.5,10,True,True,True,True,True,63923345668,29065,0,7693.5,63923345953,TARGET,63923345700,7694.75,4096,False
412,29067,29068,1,2026-08-25 12:55:00.028,2026-08-25 12:55:27.120,63923345727,63923345897,7695.25,10,True,True,True,True,False,,,,,,NOT_TRIGGERED,,,13569,False
413,29734,29735,1,2026-08-26 06:32:07.184,2026-08-26 06:32:12.784,63923409132,63923409174,7688.25,10,False,True,True,True,False,,,,,,NOT_TRIGGERED,,,11741,False
414,29753,29754,1,2026-08-26 06:34:24.420,2026-08-26 06:34:32.988,63923409272,63923409308,7690.0,10,False,True,True,True,True,63923409291,29755,1,7690.0,63923409347,STOP,63923409306,7687.5,9341,False
415,29786,29787,1,2026-08-26 06:37:58.972,2026-08-26 06:38:16.672,63923409496,63923409566,7688.75,10,False,False,True,True,True,63923409497,29787,0,7688.75,63923409612,TARGET,63923409517,7690.0,4969,False
416,29789,29790,1,2026-08-26 06:38:38.468,2026-08-26 06:38:56.568,63923409536,63923409590,7690.5,10,False,True,True,True,False,,,,,,NOT_TRIGGERED,,,15833,False
417,29803,29804,1,2026-08-26 06:40:53.032,2026-08-26 06:40:55.120,63923409655,63923409723,7691.25,10,False,True,True,True,False,,,,,,NOT_TRIGGERED,,,15947,False
418,29822,29823,1,2026-08-26 06:43:34.616,2026-08-26 06:43:34.720,63923409814,63923409848,7698.0,10,True,True,True,True,False,,,,,,NOT_TRIGGERED,,,10848,False
419,29920,29921,-1,2026-08-26 07:13:22.948,2026-08-26 07:13:41.068,63923411621,63923411770,7693.25,10,False,False,True,False,True,63923411728,29925,4,7693.25,63923412058,TARGET,63923411774,7692.0,21994,False
420,29927,29928,-1,2026-08-26 07:16:10.640,2026-08-26 07:16:57.264,63923411817,63923411965,7692.0,10,False,True,True,True,False,,,,,,NOT_TRIGGERED,,,17578,False
421,29938,29939,-1,2026-08-26 07:21:05.428,2026-08-26 07:21:09.116,63923412069,63923412231,7690.0,10,False,True,True,True,True,63923412122,29940,1,7690.0,63923412378,TARGET,63923412139,7688.75,10364,False
422,29942,29943,-1,2026-08-26 07:22:19.328,2026-08-26 07:23:08.768,63923412188,63923412346,7688.0,10,True,True,True,True,True,63923412238,29945,2,7688.0,63923412495,TARGET,63923412255,7686.75,8889,False
423,29953,29954,-1,2026-08-26 07:27:01.112,2026-08-26 07:27:10.556,63923412430,63923412524,7681.75,10,True,True,True,True,True,63923412453,29954,0,7681.75,63923412654,TARGET,63923412494,7680.5,12616,False
424,30007,30008,1,2026-08-26 07:52:18.816,2026-08-26 07:53:26.560,63923414006,63923414165,7690.75,10,False,False,True,False,False,,,,,,NOT_TRIGGERED,,,16239,False
425,30281,30282,1,2026-08-26 11:20:48.584,2026-08-26 11:21:12.060,63923426472,63923426982,7692.0,10,False,True,True,True,False,,,,,,NOT_TRIGGERED,,,14864,False
426,30303,30304,1,2026-08-26 11:47:47.612,2026-08-26 11:48:34.132,63923428114,63923428490,7696.75,10,True,True,True,True,True,63923428395,30307,3,7696.75,63923428859,TARGET,63923428413,7698.0,13357,False
427,30309,30310,1,2026-08-26 11:53:33.060,2026-08-26 11:54:50.968,63923428490,63923428832,7698.25,10,False,True,True,True,True,63923428722,30313,3,7698.25,63923428960,TARGET,63923428854,7699.5,17147,False
428,30319,30320,1,2026-08-26 12:00:59.196,2026-08-26 12:01:03.916,63923428863,63923429064,7702.25,10,True,True,True,True,True,63923428923,30321,1,7702.25,63923429507,TARGET,63923428940,7703.5,6770,False
429,30324,30325,1,2026-08-26 12:02:29.032,2026-08-26 12:02:40.900,63923428960,63923429296,7704.75,10,True,True,True,True,True,63923429075,30326,1,7704.75,63923429786,STOP,63923429258,7702.25,21685,False
430,30327,30328,1,2026-08-26 12:04:56.904,2026-08-26 12:05:13.760,63923429113,63923429550,7705.5,10,False,True,True,True,False,,,,,,NOT_TRIGGERED,,,22158,False
431,30382,30383,-1,2026-08-26 12:54:45.628,2026-08-26 12:54:48.960,63923432088,63923432152,7692.5,10,True,False,True,True,True,63923432107,30386,3,7692.5,63923432353,STOP,63923432164,7695.0,12217,False
432,30397,30398,-1,2026-08-26 12:59:08.340,2026-08-26 12:59:13.252,63923432353,63923432390,7689.75,10,True,True,True,True,True,63923432363,30399,1,7689.75,63923432399,TARGET,63923432371,7688.5,3051,False
433,30401,30402,-1,2026-08-26 12:59:32.256,2026-08-26 12:59:43.836,63923432383,63923432396,7687.5,10,True,True,True,True,True,63923432385,30402,0,7687.5,63923432408,STOP,63923432391,7690.0,2962,False
434,31389,31390,-1,2026-08-27 06:32:18.356,2026-08-27 06:32:19.672,63923495539,63923495566,7705.0,10,True,True,True,True,True,63923495540,31390,0,7705.0,63923495597,TARGET,63923495541,7703.75,996,False
435,31392,31393,-1,2026-08-27 06:32:25.892,2026-08-27 06:32:28.316,63923495548,63923495581,7702.75,10,True,True,True,True,False,,,,,,NOT_TRIGGERED,,,17091,False
436,31415,31416,-1,2026-08-27 06:34:24.792,2026-08-27 06:34:29.088,63923495669,63923495721,7705.75,10,False,True,True,True,True,63923495672,31416,0,7705.75,63923495751,TARGET,63923495689,7704.5,6287,False
437,31421,31422,-1,2026-08-27 06:35:16.656,2026-08-27 06:35:21.480,63923495721,63923495751,7703.25,10,True,True,True,True,True,63923495724,31422,0,7703.25,63923495793,STOP,63923495733,7705.75,6824,True
438,31463,31464,1,2026-08-27 06:40:09.052,2026-08-27 06:40:09.976,63923496009,63923496078,7715.0,10,False,False,True,True,True,63923496065,31467,3,7715.0,63923496145,TARGET,63923496067,7716.25,18648,False
439,31471,31472,1,2026-08-27 06:41:20.536,2026-08-27 06:41:30.072,63923496090,63923496145,7718.25,10,True,True,True,True,True,63923496092,31472,0,7718.25,63923496185,STOP,63923496115,7715.75,5550,False
440,31484,31485,1,2026-08-27 06:43:05.520,2026-08-27 06:43:13.648,63923496193,63923496232,7717.5,9,False,True,True,True,True,63923496199,31486,1,7717.5,63923496250,TARGET,63923496244,7722.25,15055,False
441,31495,31496,1,2026-08-27 06:44:04.728,2026-08-27 06:44:04.940,63923496244,63923496306,7722.25,10,True,True,True,True,True,63923496245,31496,0,7722.25,63923496338,TARGET,63923496293,7723.5,13079,False
442,31666,31667,1,2026-08-27 07:01:36.896,2026-08-27 07:01:41.356,63923497301,63923497337,7720.0,10,False,False,True,True,False,,,,,,NOT_TRIGGERED,,,11805,False
443,31687,31688,1,2026-08-27 07:03:59.188,2026-08-27 07:04:07.772,63923497447,63923497512,7721.25,10,False,True,True,True,True,63923497455,31688,0,7721.25,63923497575,STOP,63923497465,7718.75,3873,False
444,31695,31696,1,2026-08-27 07:05:19.988,2026-08-27 07:05:22.560,63923497522,63923497585,7722.5,10,False,True,True,True,True,63923497543,31697,1,7722.5,63923497622,STOP,63923497574,7720.0,9646,False
445,31709,31710,-1,2026-08-27 07:07:02.832,2026-08-27 07:07:05.992,63923497625,63923497674,7712.0,10,False,False,True,False,False,,,,,,NOT_TRIGGERED,,,14786,False
446,31738,31739,1,2026-08-27 07:10:57.824,2026-08-27 07:11:12.732,63923497872,63923497930,7721.25,10,False,False,True,False,True,63923497893,31741,2,7721.25,63923498041,STOP,63923497898,7718.75,4862,False
447,31770,31771,1,2026-08-27 07:18:38.056,2026-08-27 07:19:10.388,63923498350,63923498461,7725.0,10,False,True,True,True,True,63923498437,31774,3,7725.0,63923498600,TARGET,63923498461,7726.25,17621,False
448,31777,31778,1,2026-08-27 07:21:01.624,2026-08-27 07:21:29.192,63923498489,63923498568,7726.75,10,True,True,True,True,False,,,,,,NOT_TRIGGERED,,,16907,False
449,31787,31788,1,2026-08-27 07:23:31.880,2026-08-27 07:23:38.212,63923498618,63923498688,7727.25,10,False,True,True,True,False,,,,,,NOT_TRIGGERED,,,13197,False
450,31804,31805,1,2026-08-27 07:27:29.704,2026-08-27 07:27:53.200,63923498873,63923499009,7730.5,10,True,True,True,True,False,,,,,,NOT_TRIGGERED,,,18990,False
451,31836,31837,1,2026-08-27 07:37:17.724,2026-08-27 07:37:25.032,63923499445,63923499551,7732.0,10,False,True,True,True,False,,,,,,NOT_TRIGGERED,,,13259,False
452,31879,31880,1,2026-08-27 07:49:51.540,2026-08-27 07:50:02.528,63923500202,63923500358,7734.75,10,True,True,True,True,True,63923500239,31881,1,7734.75,63923500435,STOP,63923500281,7732.25,10047,False
453,31887,31888,1,2026-08-27 07:52:45.448,2026-08-27 07:52:52.996,63923500372,63923500452,7736.25,10,False,True,True,True,False,,,,,,NOT_TRIGGERED,,,9367,False
454,31912,31913,1,2026-08-27 07:59:29.788,2026-08-27 07:59:31.984,63923500771,63923500956,7736.0,10,False,True,True,True,False,,,,,,NOT_TRIGGERED,,,23731,False
455,32178,32179,-1,2026-08-27 11:01:53.084,2026-08-27 11:02:02.296,63923511722,63923511851,7738.75,10,True,True,True,True,True,63923511723,32179,0,7738.75,63923512057,TARGET,63923511738,7737.5,3148,False
456,32181,32182,-1,2026-08-27 11:02:18.828,2026-08-27 11:02:57.012,63923511777,63923511915,7737.25,10,True,True,True,True,True,63923511882,32186,4,7737.25,63923512288,TARGET,63923512062,7736.0,24522,False
457,32187,32188,-1,2026-08-27 11:04:45.500,2026-08-27 11:05:15.800,63923511915,63923512141,7736.5,10,False,True,True,True,True,63923512058,32191,3,7736.5,63923512409,TARGET,63923512152,7735.25,17365,False
458,32197,32198,-1,2026-08-27 11:10:46.468,2026-08-27 11:11:28.984,63923512288,63923512437,7734.25,10,False,True,True,True,True,63923512355,32199,1,7734.25,63923512571,TARGET,63923512437,7733.0,11714,False
459,32205,32206,-1,2026-08-27 11:14:08.348,2026-08-27 11:14:18.268,63923512458,63923512580,7731.5,10,True,True,True,True,False,,,,,,NOT_TRIGGERED,,,9987,False
460,32233,32234,-1,2026-08-27 11:28:12.620,2026-08-27 11:28:20.328,63923513300,63923513400,7724.25,10,True,True,True,True,True,63923513374,32237,3,7724.25,63923513575,STOP,63923513406,7726.75,15073,False
461,32238,32239,-1,2026-08-27 11:29:48.352,2026-08-27 11:29:52.336,63923513392,63923513466,7723.75,10,False,True,True,True,False,,,,,,NOT_TRIGGERED,,,10588,False
462,32280,32281,-1,2026-08-27 11:50:04.824,2026-08-27 11:50:08.164,63923514608,63923514943,7725.25,10,False,False,True,True,True,63923514617,32281,0,7725.25,63923515203,TARGET,63923514908,7724.0,26200,False
463,32285,32286,-1,2026-08-27 11:55:11.240,2026-08-27 11:55:31.064,63923514931,63923515124,7723.5,10,False,True,True,True,False,,,,,,NOT_TRIGGERED,,,16597,False
464,32305,32306,1,2026-08-27 12:05:12.636,2026-08-27 12:05:16.944,63923515516,63923515625,7733.25,10,False,False,True,False,False,,,,,,NOT_TRIGGERED,,,9996,False
465,32317,32318,1,2026-08-27 12:10:35.448,2026-08-27 12:10:50.692,63923515850,63923516141,7734.0,10,False,False,True,True,False,,,,,,NOT_TRIGGERED,,,15427,False
466,32352,32353,1,2026-08-27 12:35:20.536,2026-08-27 12:36:15.612,63923517375,63923517788,7737.25,10,False,True,True,True,True,63923517464,32354,1,7737.25,63923518200,TARGET,63923517909,7738.5,24530,False
467,32357,32358,1,2026-08-27 12:41:32.856,2026-08-27 12:42:48.332,63923517768,63923518076,7738.5,10,False,True,True,True,True,63923517909,32361,3,7738.5,63923518338,TARGET,63923518114,7739.75,22285,False
468,32363,32364,1,2026-08-27 12:46:01.012,2026-08-27 12:47:56.872,63923518076,63923518273,7739.0,10,False,True,True,True,True,63923518091,32364,0,7739.0,63923518395,STOP,63923518200,7736.5,7713,False
469,32375,32376,1,2026-08-27 12:53:04.120,2026-08-27 12:53:15.012,63923518395,63923518500,7742.5,10,True,True,True,True,True,63923518470,32379,3,7742.5,63923518682,TARGET,63923518479,7743.75,6450,False
470,32381,32382,1,2026-08-27 12:54:42.844,2026-08-27 12:55:00.020,63923518500,63923518578,7744.5,10,True,True,True,True,False,,,,,,NOT_TRIGGERED,,,11215,False
471,32883,32884,1,2026-08-28 06:37:20.920,2026-08-28 06:37:32.424,63923582252,63923582325,7753.25,10,False,True,True,True,False,,,,,,NOT_TRIGGERED,,,13313,False
472,32897,32898,1,2026-08-28 06:40:36.384,2026-08-28 06:40:46.964,63923582446,63923582528,7755.25,10,False,True,True,True,True,63923582453,32898,0,7755.25,63923582697,TARGET,63923582473,7756.5,4105,False
473,32900,32901,1,2026-08-28 06:41:13.940,2026-08-28 06:41:43.436,63923582503,63923582592,7756.75,10,True,True,True,True,True,63923582513,32901,0,7756.75,63923582732,STOP,63923582669,7754.25,18623,False
474,32990,32991,-1,2026-08-28 07:00:00.236,2026-08-28 07:00:00.236,63923583600,63923583600,7742.0,10,False,True,True,True,False,,,,,,NOT_TRIGGERED,,,0,False
475,33047,33048,-1,2026-08-28 07:00:01.708,2026-08-28 07:00:01.708,63923583601,63923583601,7741.0,10,False,False,True,True,False,,,,,,NOT_TRIGGERED,,,0,False
476,33102,33103,1,2026-08-28 07:00:04.460,2026-08-28 07:00:04.812,63923583604,63923583606,7751.0,10,False,True,True,True,True,63923583605,33104,1,7751.0,63923583612,STOP,63923583605,7748.5,243,True
477,33126,33127,1,2026-08-28 07:00:16.108,2026-08-28 07:00:16.480,63923583616,63923583620,7756.0,10,True,True,True,True,True,63923583617,33127,0,7756.0,63923583622,TARGET,63923583619,7757.25,1306,True
478,33131,33132,1,2026-08-28 07:00:19.516,2026-08-28 07:00:19.884,63923583619,63923583622,7757.5,10,True,True,True,True,True,63923583621,33134,2,7757.5,63923583626,TARGET,63923583622,7760.0,1310,False
479,33137,33138,1,2026-08-28 07:00:22.260,2026-08-28 07:00:22.444,63923583622,63923583625,7759.25,10,False,True,True,True,False,,,,,,NOT_TRIGGERED,,,1713,False
480,33159,33160,1,2026-08-28 07:00:39.704,2026-08-28 07:00:40.976,63923583640,63923583650,7759.25,10,False,True,True,True,True,63923583641,33160,0,7759.25,63923583673,TARGET,63923583643,7760.5,744,False
481,33181,33182,-1,2026-08-28 07:01:32.328,2026-08-28 07:01:32.936,63923583692,63923583706,7751.25,10,False,False,True,False,True,63923583698,33183,1,7751.25,63923583725,TARGET,63923583699,7750.0,3676,False
482,33186,33187,-1,2026-08-28 07:01:41.784,2026-08-28 07:01:42.984,63923583702,63923583713,7748.75,10,False,False,True,True,False,,,,,,NOT_TRIGGERED,,,5805,False
483,33204,33205,-1,2026-08-28 07:02:34.996,2026-08-28 07:02:37.136,63923583757,63923583777,7745.75,10,False,True,True,True,False,,,,,,NOT_TRIGGERED,,,11808,False
484,33222,33223,-1,2026-08-28 07:03:36.176,2026-08-28 07:03:44.244,63923583824,63923583842,7745.0,10,False,True,True,True,True,63923583826,33223,0,7745.0,63923583860,TARGET,63923583837,7743.75,5864,False
485,33230,33231,-1,2026-08-28 07:04:06.452,2026-08-28 07:04:11.696,63923583851,63923583864,7741.75,10,True,True,True,True,True,63923583859,33233,2,7741.75,63923583887,STOP,63923583862,7744.25,5620,False
486,33261,33262,-1,2026-08-28 07:05:57.764,2026-08-28 07:06:03.468,63923583963,63923583981,7739.5,10,False,True,True,True,True,63923583969,33263,1,7739.5,63923584012,TARGET,63923583975,7738.25,4959,False
487,33265,33266,-1,2026-08-28 07:06:13.596,2026-08-28 07:06:16.952,63923583976,63923583998,7738.5,10,False,True,True,True,True,63923583978,33266,0,7738.5,63923584023,TARGET,63923583986,7737.25,4139,False
488,33271,33272,-1,2026-08-28 07:06:31.036,2026-08-28 07:06:38.188,63923583998,63923584023,7735.75,10,True,True,True,True,True,63923584002,33272,0,7735.75,63923584046,STOP,63923584014,7738.25,8148,False
489,33327,33328,-1,2026-08-28 07:11:16.484,2026-08-28 07:11:24.232,63923584284,63923584313,7735.0,10,False,False,True,True,True,63923584291,33328,0,7735.0,63923584353,TARGET,63923584294,7733.75,3834,False
490,33333,33334,-1,2026-08-28 07:11:52.832,2026-08-28 07:11:53.952,63923584313,63923584353,7732.0,10,True,True,True,True,True,63923584342,33337,3,7732.0,63923584413,STOP,63923584353,7734.5,14903,False
491,33350,33351,-1,2026-08-28 07:13:45.600,2026-08-28 07:13:52.824,63923584432,63923584460,7727.0,10,True,True,True,True,False,,,,,,NOT_TRIGGERED,,,13861,False
492,33393,33394,1,2026-08-28 07:18:17.220,2026-08-28 07:18:22.352,63923584702,63923584746,7742.75,10,True,True,True,True,True,63923584716,33396,2,7742.75,63923584805,TARGET,63923584752,7744.0,13796,False
493,33398,33399,1,2026-08-28 07:18:43.252,2026-08-28 07:18:46.808,63923584726,63923584774,7744.0,10,True,True,True,True,True,63923584752,33400,1,7744.0,63923584827,TARGET,63923584764,7745.25,9354,False
494,33403,33404,1,2026-08-28 07:19:24.772,2026-08-28 07:19:30.216,63923584770,63923584818,7746.5,10,True,True,True,True,False,,,,,,NOT_TRIGGERED,,,14416,False
495,33412,33413,1,2026-08-28 07:20:27.204,2026-08-28 07:20:34.924,63923584834,63923584892,7748.25,10,False,True,True,True,False,,,,,,NOT_TRIGGERED,,,18514,False
496,33421,33422,1,2026-08-28 07:21:44.644,2026-08-28 07:21:50.596,63923584910,63923584950,7749.25,10,False,True,True,True,True,63923584950,33426,4,7749.25,63923585042,TARGET,63923584951,7750.5,10010,True
497,33429,33430,1,2026-08-28 07:22:42.748,2026-08-28 07:22:55.908,63923584975,63923585027,7751.75,10,True,True,True,True,False,,,,,,NOT_TRIGGERED,,,15583,False
498,33464,33465,-1,2026-08-28 07:26:14.476,2026-08-28 07:26:22.352,63923585182,63923585217,7738.5,10,False,False,True,True,True,63923585192,33466,1,7738.5,63923585262,STOP,63923585200,7741.0,5698,False
499,33478,33479,-1,2026-08-28 07:27:42.952,2026-08-28 07:27:45.972,63923585265,63923585324,7737.0,10,False,True,True,True,True,63923585268,33479,0,7737.0,63923585366,TARGET,63923585269,7735.75,1550,True
500,33481,33482,-1,2026-08-28 07:27:48.720,2026-08-28 07:28:18.576,63923585298,63923585336,7735.75,10,False,True,True,True,True,63923585299,33482,0,7735.75,63923585376,STOP,63923585328,7738.25,10908,False
501,33553,33554,1,2026-08-28 07:34:09.292,2026-08-28 07:34:14.276,63923585654,63923585699,7750.5,10,True,True,True,True,True,63923585656,33555,1,7750.5,63923585770,TARGET,63923585730,7751.75,16811,False
502,33562,33563,1,2026-08-28 07:35:25.568,2026-08-28 07:35:34.024,63923585734,63923585781,7751.75,10,False,True,True,True,True,63923585759,33565,2,7751.75,63923585863,TARGET,63923585775,7753.0,10556,False
503,33569,33570,1,2026-08-28 07:36:21.504,2026-08-28 07:36:23.404,63923585783,63923585860,7754.25,10,True,True,True,True,False,,,,,,NOT_TRIGGERED,,,15946,False
504,33582,33583,1,2026-08-28 07:38:19.524,2026-08-28 07:38:36.024,63923585916,63923586016,7756.75,10,True,True,True,True,False,,,,,,NOT_TRIGGERED,,,20655,False
505,33593,33594,1,2026-08-28 07:41:07.548,2026-08-28 07:41:13.060,63923586073,63923586164,7758.5,10,True,True,True,True,True,63923586159,33598,4,7758.5,63923586254,TARGET,63923586193,7759.75,21472,False
506,33599,33600,1,2026-08-28 07:42:41.132,2026-08-28 07:42:44.020,63923586164,63923586222,7759.0,10,False,True,True,True,True,63923586172,33600,0,7759.0,63923586282,TARGET,63923586195,7760.25,6233,False
507,33604,33605,1,2026-08-28 07:43:15.640,2026-08-28 07:43:19.680,63923586199,63923586273,7760.75,10,False,True,True,True,True,63923586243,33607,2,7760.75,63923586334,TARGET,63923586247,7762.0,7862,False
508,33612,33613,1,2026-08-28 07:44:42.492,2026-08-28 07:44:55.404,63923586295,63923586334,7765.0,10,True,True,True,True,True,63923586301,33614,1,7765.0,63923586407,STOP,63923586346,7762.5,13652,False
509,33626,33627,1,2026-08-28 07:46:47.060,2026-08-28 07:46:55.228,63923586415,63923586494,7766.0,10,False,True,True,True,True,63923586439,33628,1,7766.0,63923586637,STOP,63923586477,7763.5,11972,False
510,33640,33641,1,2026-08-28 07:50:37.992,2026-08-28 07:50:59.056,63923586659,63923586743,7770.75,10,True,True,True,True,True,63923586738,33646,5,7770.75,63923586871,TARGET,63923586781,7772.0,27097,False
511,33650,33651,1,2026-08-28 07:53:01.616,2026-08-28 07:53:08.032,63923586788,63923586862,7772.25,10,False,True,True,True,True,63923586795,33652,1,7772.25,63923586994,TARGET,63923586817,7773.5,5471,False
512,33656,33657,1,2026-08-28 07:54:02.320,2026-08-28 07:54:22.948,63923586862,63923586985,7776.25,10,True,True,True,True,True,63923586868,33657,0,7776.25,63923587152,TARGET,63923586968,7777.5,18923,False
513,33663,33664,1,2026-08-28 07:56:25.168,2026-08-28 07:56:34.428,63923586994,63923587172,7778.0,10,False,True,True,True,True,63923587013,33665,1,7778.0,63923587333,TARGET,63923587153,7779.25,23357,False
514,33669,33670,1,2026-08-28 07:59:12.924,2026-08-28 07:59:32.384,63923587172,63923587319,7779.25,10,False,True,True,True,True,63923587198,33670,0,7779.25,63923587389,TARGET,63923587237,7780.5,12156,False
515,34575,34576,-1,2026-08-28 11:23:37.924,2026-08-28 11:24:12.184,63923599452,63923599616,7718.75,10,False,False,True,True,True,63923599525,34577,1,7718.75,63923599800,STOP,63923599616,7721.25,14842,False
516,34628,34629,-1,2026-08-28 11:48:51.460,2026-08-28 11:49:24.744,63923600964,63923601068,7717.25,10,False,False,True,True,True,63923600969,34629,0,7717.25,63923601225,TARGET,63923601004,7716.0,2549,False
517,34634,34635,-1,2026-08-28 11:51:04.068,2026-08-28 11:51:08.128,63923601068,63923601225,7713.0,10,True,True,True,True,True,63923601164,34636,1,7713.0,63923601418,STOP,63923601235,7715.5,16440,False
518,34673,34674,1,2026-08-28 12:09:37.244,2026-08-28 12:10:20.732,63923602220,63923602382,7722.75,10,False,False,True,False,False,,,,,,NOT_TRIGGERED,,,14728,False
519,34693,34694,1,2026-08-28 12:21:21.152,2026-08-28 12:21:32.860,63923602892,63923603116,7725.0,10,False,True,True,True,False,,,,,,NOT_TRIGGERED,,,16058,False
520,34702,34703,1,2026-08-28 12:27:02.120,2026-08-28 12:28:58.108,63923603338,63923603456,7725.0,7,False,True,True,True,False,,,,,,NOT_TRIGGERED,,,12348,False
521,34725,34726,1,2026-08-28 12:40:36.892,2026-08-28 12:41:22.068,63923604082,63923604329,7727.0,10,False,True,True,True,True,63923604222,34728,2,7727.0,63923604584,STOP,63923604320,7724.5,15431,False
522,34748,34749,1,2026-08-28 12:50:09.876,2026-08-28 12:50:13.044,63923604613,63923604694,7727.5,10,False,False,True,True,False,,,,,,NOT_TRIGGERED,,,10643,False
523,34777,34778,1,2026-08-28 12:57:14.780,2026-08-28 12:57:36.084,63923605056,63923605140,7728.0,10,False,False,True,True,False,,,,,,NOT_TRIGGERED,,,10219,False
524,34801,34802,-1,2026-08-28 12:59:53.992,2026-08-28 12:59:55.848,63923605195,63923605203,7719.75,10,False,False,True,False,True,63923605198,34803,1,7719.75,63923605342,STOP,63923605199,7722.25,4639,False
525,35877,35878,-1,2026-08-31 06:32:59.336,2026-08-31 06:33:06.488,63923841186,63923841210,7695.25,10,False,False,True,False,True,63923841190,35878,0,7695.25,63923841240,TARGET,63923841202,7694.0,5180,False
526,35884,35885,-1,2026-08-31 06:33:30.488,2026-08-31 06:33:36.572,63923841216,63923841252,7691.75,10,True,True,True,True,False,,,,,,NOT_TRIGGERED,,,12568,False
527,35901,35902,-1,2026-08-31 06:35:13.620,2026-08-31 06:35:18.300,63923841318,63923841379,7685.5,10,True,True,True,True,True,63923841370,35907,5,7685.5,63923841442,STOP,63923841390,7688.0,27716,False
528,36120,36121,-1,2026-08-31 07:06:57.300,2026-08-31 07:06:58.472,63923843218,63923843305,7682.25,10,False,True,True,True,False,,,,,,NOT_TRIGGERED,,,14883,False
529,36136,36137,-1,2026-08-31 07:10:24.104,2026-08-31 07:10:52.424,63923843452,63923843550,7681.25,10,False,True,True,True,False,,,,,,NOT_TRIGGERED,,,16357,False
530,36180,36181,-1,2026-08-31 07:23:32.408,2026-08-31 07:23:52.276,63923844232,63923844326,7680.25,10,False,False,True,False,True,63923844254,36181,0,7680.25,63923844423,TARGET,63923844291,7679.0,9026,False
531,36186,36187,-1,2026-08-31 07:25:13.844,2026-08-31 07:25:26.016,63923844326,63923844423,7675.75,10,True,True,True,True,True,63923844347,36187,0,7675.75,63923844568,STOP,63923844496,7678.25,34431,False
532,36225,36226,1,2026-08-31 07:37:34.712,2026-08-31 07:37:46.472,63923845066,63923845198,7686.25,10,False,False,True,False,False,,,,,,NOT_TRIGGERED,,,16886,False
533,36234,36235,1,2026-08-31 07:40:34.128,2026-08-31 07:40:59.164,63923845259,63923845370,7686.5,7,False,True,True,True,True,63923845282,36236,1,7686.5,63923845510,TARGET,63923845304,7687.75,4674,False
534,36238,36239,1,2026-08-31 07:41:45.384,2026-08-31 07:42:00.532,63923845320,63923845474,7688.25,10,False,True,True,True,True,63923845351,36240,1,7688.25,63923845583,STOP,63923845478,7685.75,15018,False
535,36241,36242,1,2026-08-31 07:42:50.764,2026-08-31 07:42:59.784,63923845379,63923845510,7689.0,10,False,True,True,True,False,,,,,,NOT_TRIGGERED,,,14267,False
536,36278,36279,1,2026-08-31 07:55:27.204,2026-08-31 07:55:30.716,63923846130,63923846264,7687.5,10,False,False,True,True,True,63923846172,36280,1,7687.5,63923846427,TARGET,63923846184,7688.75,6302,False
537,36285,36286,1,2026-08-31 07:57:44.916,2026-08-31 07:58:18.404,63923846298,63923846427,7691.75,10,True,True,True,True,False,,,,,,NOT_TRIGGERED,,,16801,False
538,36629,36630,1,2026-08-31 11:20:36.312,2026-08-31 11:20:53.044,63923858453,63923858780,7696.75,10,False,True,True,True,False,,,,,,NOT_TRIGGERED,,,12133,False
539,36646,36647,-1,2026-08-31 11:35:58.760,2026-08-31 11:36:28.824,63923859388,63923859542,7685.0,10,True,False,True,False,True,63923859398,36647,0,7685.0,63923859736,TARGET,63923859492,7683.75,6327,False
540,36652,36653,-1,2026-08-31 11:38:49.160,2026-08-31 11:39:02.668,63923859542,63923859736,7680.25,10,True,True,True,True,True,63923859718,36658,5,7680.25,63923860354,TARGET,63923859810,7679.0,20306,False
541,36662,36663,-1,2026-08-31 11:44:03.600,2026-08-31 11:44:23.096,63923859863,63923860272,7677.75,10,False,True,True,True,False,,,,,,NOT_TRIGGERED,,,26598,False
542,36708,36709,1,2026-08-31 12:23:32.500,2026-08-31 12:23:41.320,63923862221,63923862492,7693.0,10,False,True,True,True,True,63923862453,36712,3,7693.0,63923862836,TARGET,63923862480,7694.25,13181,False
543,36715,36716,1,2026-08-31 12:28:12.464,2026-08-31 12:28:23.412,63923862503,63923862701,7695.75,10,True,True,True,True,False,,,,,,NOT_TRIGGERED,,,13763,False
544,36734,36735,1,2026-08-31 12:43:55.068,2026-08-31 12:44:26.508,63923863466,63923863663,7700.0,10,True,True,True,True,True,63923863567,36737,2,7700.0,63923863801,STOP,63923863602,7697.5,10253,False
545,36750,36751,1,2026-08-31 12:50:02.636,2026-08-31 12:50:02.744,63923863802,63923863838,7702.75,10,True,True,True,True,True,63923863804,36751,0,7702.75,63923863927,TARGET,63923863805,7704.0,1546,False
546,36753,36754,1,2026-08-31 12:50:06.416,2026-08-31 12:50:07.764,63923863807,63923863881,7704.5,10,True,True,True,True,False,,,,,,NOT_TRIGGERED,,,13227,False
547,36798,36799,1,2026-08-31 12:59:21.176,2026-08-31 12:59:25.388,63923864365,63923864380,7708.5,10,True,True,True,True,False,,,,,,NOT_TRIGGERED,,,6907,False
548,36818,36819,-1,2026-08-31 12:59:56.460,2026-08-31 12:59:57.068,63923864397,63923864399,7696.25,10,False,False,True,False,True,63923864398,36820,1,7695.5,63923864402,TARGET,63923864398,7694.25,1210,False
549,36821,36822,-1,2026-08-31 12:59:58.792,2026-08-31 12:59:59.168,63923864399,63923864399,7694.25,10,False,False,True,True,False,,,,,,NOT_TRIGGERED,,,0,False
550,37806,37807,1,2026-09-01 06:35:25.428,2026-09-01 06:35:32.984,63923927732,63923927784,7650.75,10,False,True,True,True,False,,,,,,NOT_TRIGGERED,,,15378,False
551,37850,37851,-1,2026-09-01 06:41:10.672,2026-09-01 06:41:16.528,63923928076,63923928161,7641.25,10,False,False,True,True,False,,,,,,NOT_TRIGGERED,,,20212,False
552,37959,37960,1,2026-09-01 07:01:42.028,2026-09-01 07:02:11.100,63923929331,63923929364,7652.25,10,False,False,True,True,False,,,,,,NOT_TRIGGERED,,,5823,False
553,37980,37981,1,2026-09-01 07:06:21.028,2026-09-01 07:06:39.820,63923929599,63923929676,7653.25,10,False,True,True,True,True,63923929612,37981,0,7653.25,63923929800,TARGET,63923929619,7654.5,2599,False
554,37984,37985,1,2026-09-01 07:07:20.044,2026-09-01 07:07:21.212,63923929641,63923929771,7656.25,10,True,True,True,True,False,,,,,,NOT_TRIGGERED,,,19490,False
555,37993,37994,1,2026-09-01 07:10:00.252,2026-09-01 07:10:17.128,63923929817,63923929896,7657.0,7,False,True,True,True,True,63923929847,37995,1,7657.0,63923929999,STOP,63923929899,7654.5,12479,False
556,38017,38018,1,2026-09-01 07:16:21.944,2026-09-01 07:16:36.496,63923930196,63923930324,7662.0,10,True,True,True,True,True,63923930215,38019,1,7662.0,63923930468,STOP,63923930254,7659.5,9362,False
557,38032,38033,1,2026-09-01 07:21:40.928,2026-09-01 07:21:53.300,63923930513,63923930573,7663.5,10,True,True,True,True,True,63923930542,38034,1,7663.5,63923930681,TARGET,63923930546,7664.75,4044,False
558,38036,38037,1,2026-09-01 07:22:30.224,2026-09-01 07:22:39.988,63923930559,63923930645,7666.0,10,True,True,True,True,True,63923930570,38037,0,7666.0,63923930747,TARGET,63923930573,7667.25,2161,False
559,38039,38040,1,2026-09-01 07:22:53.104,2026-09-01 07:22:58.772,63923930578,63923930681,7667.5,10,True,True,True,True,False,,,,,,NOT_TRIGGERED,,,11954,False
560,38062,38063,1,2026-09-01 07:31:28.056,2026-09-01 07:31:57.248,63923931117,63923931394,7671.25,10,True,True,True,True,True,63923931191,38064,1,7671.25,63923931555,TARGET,63923931249,7672.5,13440,False
561,38066,38067,1,2026-09-01 07:35:07.340,2026-09-01 07:35:24.700,63923931324,63923931494,7673.0,10,True,True,True,True,False,,,,,,NOT_TRIGGERED,,,16825,False
562,38111,38112,-1,2026-09-01 07:54:37.116,2026-09-01 07:55:01.312,63923932501,63923932698,7661.75,10,False,False,True,True,True,63923932651,38116,4,7661.75,63923932960,TARGET,63923932717,7660.5,21134,False
563,38565,38566,-1,2026-09-01 11:15:17.068,2026-09-01 11:15:45.596,63923944545,63923944906,7639.5,10,False,True,True,True,False,,,,,,NOT_TRIGGERED,,,19863,False
564,38583,38584,-1,2026-09-01 11:28:09.568,2026-09-01 11:29:57.804,63923945397,63923945643,7637.5,10,False,True,True,True,True,63923945453,38585,1,7637.5,63923945924,TARGET,63923945499,7636.25,9528,False
565,38586,38587,-1,2026-09-01 11:31:38.008,2026-09-01 11:32:12.256,63923945532,63923945774,7636.5,10,False,True,True,True,True,63923945595,38587,0,7636.5,63923945973,TARGET,63923945631,7635.25,6814,False
566,38591,38592,-1,2026-09-01 11:34:30.856,2026-09-01 11:34:47.720,63923945687,63923945950,7633.75,10,True,True,True,True,True,63923945827,38594,2,7633.75,63923946215,TARGET,63923945946,7632.5,18557,False
567,38598,38599,-1,2026-09-01 11:39:10.020,2026-09-01 11:39:33.396,63923945973,63923946195,7632.0,10,False,True,True,True,True,63923945999,38599,0,7632.0,63923946307,TARGET,63923946112,7630.75,10126,False
568,38604,38605,-1,2026-09-01 11:42:52.120,2026-09-01 11:43:15.184,63923946195,63923946307,7627.25,10,True,True,True,True,True,63923946206,38605,0,7627.25,63923946393,TARGET,63923946218,7626.0,2532,False
569,38608,38609,-1,2026-09-01 11:44:25.032,2026-09-01 11:44:38.176,63923946278,63923946350,7624.75,10,True,True,True,True,True,63923946291,38609,0,7624.75,63923946442,TARGET,63923946311,7623.5,5421,False
570,38615,38616,-1,2026-09-01 11:45:50.128,2026-09-01 11:46:13.276,63923946373,63923946458,7622.0,10,True,True,True,True,False,,,,,,NOT_TRIGGERED,,,14435,False
571,38653,38654,1,2026-09-01 11:58:19.736,2026-09-01 11:58:58.704,63923947138,63923947240,7636.25,10,False,False,True,True,True,63923947215,38658,4,7636.25,63923947528,STOP,63923947309,7633.75,20209,False
572,38659,38660,1,2026-09-01 12:00:26.068,2026-09-01 12:00:40.308,63923947240,63923947437,7637.0,10,False,True,True,True,False,,,,,,NOT_TRIGGERED,,,18488,False
573,38668,38669,1,2026-09-01 12:04:28.624,2026-09-01 12:05:10.396,63923947510,63923947630,7639.25,10,False,True,True,True,False,,,,,,NOT_TRIGGERED,,,9559,False
574,38685,38686,1,2026-09-01 12:11:32.136,2026-09-01 12:11:51.028,63923947911,63923948074,7641.75,10,False,True,True,True,False,,,,,,NOT_TRIGGERED,,,11413,False
575,38693,38694,1,2026-09-01 12:15:01.528,2026-09-01 12:15:08.492,63923948108,63923948272,7642.75,10,False,True,True,True,True,63923948123,38694,0,7642.75,63923948423,STOP,63923948267,7640.25,13553,False
576,38738,38739,-1,2026-09-01 12:40:14.860,2026-09-01 12:40:18.808,63923949618,63923949775,7634.25,8,False,False,True,False,False,,,,,,NOT_TRIGGERED,,,10707,False
577,38775,38776,-1,2026-09-01 12:53:40.044,2026-09-01 12:54:00.048,63923950440,63923950500,7633.75,10,False,False,True,False,True,63923950486,38779,3,7633.75,63923950643,STOP,63923950492,7636.25,8329,False
578,38789,38790,-1,2026-09-01 12:56:19.160,2026-09-01 12:56:44.332,63923950604,63923950727,7633.0,10,False,True,True,True,False,,,,,,NOT_TRIGGERED,,,14920,False
579,38808,38809,1,2026-09-01 12:59:38.396,2026-09-01 12:59:41.148,63923950781,63923950798,7643.0,10,False,False,True,True,True,63923950790,38811,2,7643.0,63923950819,TARGET,63923950795,7644.25,9313,False
580,38813,38814,1,2026-09-01 12:59:54.676,2026-09-01 12:59:56.148,63923950796,63923950807,7644.0,10,False,True,True,True,True,63923950798,38814,0,7644.0,63923950842,TARGET,63923950799,7645.25,3861,False
581,39663,39664,-1,2026-09-02 06:31:51.976,2026-09-02 06:31:59.912,63924013919,63924013953,7643.25,10,False,False,True,True,False,,,,,,NOT_TRIGGERED,,,10456,False
582,39695,39696,-1,2026-09-02 06:37:05.884,2026-09-02 06:37:12.048,63924014232,63924014271,7643.5,10,False,False,True,False,False,,,,,,NOT_TRIGGERED,,,8825,False
583,39720,39721,1,2026-09-02 06:40:31.764,2026-09-02 06:40:46.972,63924014446,63924014497,7652.75,10,False,False,True,True,True,63924014488,39725,4,7652.75,63924014648,STOP,63924014586,7650.25,27886,False
584,39809,39810,1,2026-09-02 06:59:55.040,2026-09-02 07:00:01.440,63924015601,63924015660,7657.0,10,False,True,True,True,True,63924015614,39811,1,7657.0,63924015736,TARGET,63924015624,7658.25,4374,False
585,39812,39813,1,2026-09-02 07:00:23.032,2026-09-02 07:00:32.876,63924015632,63924015684,7658.25,10,True,True,True,True,True,63924015659,39814,1,7658.25,63924015753,TARGET,63924015659,7659.5,5444,False
586,39819,39820,1,2026-09-02 07:01:24.208,2026-09-02 07:01:30.412,63924015690,63924015753,7662.5,10,True,True,True,True,True,63924015703,39821,1,7662.5,63924015792,STOP,63924015715,7660.0,7666,False
587,39836,39837,1,2026-09-02 07:04:14.336,2026-09-02 07:04:24.372,63924015864,63924015949,7662.25,10,False,True,True,True,True,63924015882,39839,2,7662.25,63924016141,TARGET,63924015892,7663.5,3847,False
588,39842,39843,1,2026-09-02 07:05:39.660,2026-09-02 07:05:49.836,63924015949,63924016094,7665.75,10,True,True,True,True,True,63924016006,39845,2,7665.75,63924016200,TARGET,63924016020,7667.0,11676,False
589,39847,39848,1,2026-09-02 07:07:15.132,2026-09-02 07:08:05.760,63924016085,63924016190,7667.75,10,True,True,True,True,True,63924016094,39848,0,7667.75,63924016228,STOP,63924016158,7665.25,10856,False
590,39874,39875,1,2026-09-02 07:15:01.688,2026-09-02 07:15:09.368,63924016509,63924016657,7670.25,10,True,True,True,True,True,63924016589,39878,3,7670.25,63924016832,TARGET,63924016640,7671.5,18307,False
591,39880,39881,1,2026-09-02 07:17:19.568,2026-09-02 07:17:37.652,63924016657,63924016760,7671.25,10,True,True,True,True,True,63924016660,39881,0,7671.25,63924016897,TARGET,63924016711,7672.5,5875,False
592,39887,39888,1,2026-09-02 07:19:20.648,2026-09-02 07:19:56.512,63924016796,63924016909,7676.0,10,True,True,True,True,True,63924016827,39888,0,7676.0,63924017024,TARGET,63924016878,7677.25,12665,False
593,39895,39896,1,2026-09-02 07:22:21.820,2026-09-02 07:22:31.024,63924016951,63924017082,7680.25,10,True,True,True,True,False,,,,,,NOT_TRIGGERED,,,17414,False
594,39907,39908,1,2026-09-02 07:26:37.156,2026-09-02 07:27:17.092,63924017237,63924017417,7682.75,10,True,True,True,True,False,,,,,,NOT_TRIGGERED,,,23366,False
595,39931,39932,1,2026-09-02 07:35:35.976,2026-09-02 07:36:02.840,63924017762,63924017946,7684.5,10,True,True,True,True,True,63924017826,39933,1,7684.5,63924018051,STOP,63924017905,7682.0,16172,False
596,39943,39944,1,2026-09-02 07:40:21.972,2026-09-02 07:40:38.308,63924018038,63924018183,7686.25,10,True,True,True,True,True,63924018042,39944,0,7686.25,63924018340,TARGET,63924018074,7687.5,3307,False
597,39948,39949,1,2026-09-02 07:42:26.836,2026-09-02 07:42:49.580,63924018169,63924018330,7688.75,10,True,True,True,True,True,63924018242,39952,3,7688.75,63924018610,TARGET,63924018265,7690.0,9430,False
598,39954,39955,1,2026-09-02 07:44:26.996,2026-09-02 07:45:30.708,63924018330,63924018530,7690.5,10,True,True,True,True,False,,,,,,NOT_TRIGGERED,,,19141,False
599,40294,40295,1,2026-09-02 11:05:28.732,2026-09-02 11:07:25.460,63924030445,63924030910,7680.5,10,False,False,True,True,False,,,,,,NOT_TRIGGERED,,,23509,False
600,40309,40310,1,2026-09-02 11:18:48.348,2026-09-02 11:18:48.676,63924031128,63924031137,7686.5,10,True,True,True,True,True,63924031130,40311,1,7686.5,63924031213,STOP,63924031131,7684.0,3211,False
601,40344,40345,-1,2026-09-02 11:41:01.280,2026-09-02 11:42:26.876,63924032546,63924032887,7673.5,10,True,False,True,True,True,63924032567,40345,0,7673.5,63924033211,STOP,63924032956,7676.0,18072,False
602,40426,40427,-1,2026-09-02 12:56:06.532,2026-09-02 12:56:18.528,63924036978,63924037180,7674.5,10,False,False,True,False,True,63924037175,40432,5,7674.5,63924037200,STOP,63924037185,7677.0,17668,False
603,41497,41498,1,2026-09-03 06:33:33.316,2026-09-03 06:33:39.988,63924100419,63924100466,7717.0,10,True,True,True,True,True,63924100434,41499,1,7717.0,63924100511,STOP,63924100500,7714.5,20283,False
604,41534,41535,1,2026-09-03 06:38:32.784,2026-09-03 06:38:44.344,63924100724,63924100789,7721.0,10,True,True,True,True,True,63924100741,41537,2,7721.0,63924100854,TARGET,63924100791,7722.25,15344,False
605,41542,41543,1,2026-09-03 06:39:55.556,2026-09-03 06:40:03.476,63924100803,63924100854,7723.25,10,False,True,True,True,False,,,,,,NOT_TRIGGERED,,,14705,False
606,41558,41559,1,2026-09-03 06:42:00.788,2026-09-03 06:42:06.592,63924100926,63924101066,7724.75,10,False,True,True,True,False,,,,,,NOT_TRIGGERED,,,22781,False
607,41641,41642,-1,2026-09-03 07:00:14.124,2026-09-03 07:00:17.764,63924102017,63924102059,7716.0,10,False,True,True,True,True,63924102054,41647,5,7716.0,63924102144,TARGET,63924102059,7714.75,12392,False
608,41654,41655,-1,2026-09-03 07:01:56.496,2026-09-03 07:02:06.828,63924102126,63924102162,7709.75,10,True,True,True,True,True,63924102127,41655,0,7709.75,63924102204,TARGET,63924102135,7708.5,3723,False
609,41657,41658,-1,2026-09-03 07:02:15.888,2026-09-03 07:02:20.492,63924102140,63924102179,7708.25,10,True,True,True,True,True,63924102166,41661,3,7708.25,63924102232,STOP,63924102189,7710.75,15452,False
610,41679,41680,-1,2026-09-03 07:05:05.144,2026-09-03 07:05:09.532,63924102309,63924102370,7706.0,10,False,True,True,True,True,63924102334,41681,1,7706.0,63924102439,STOP,63924102358,7708.5,15677,False
611,41682,41683,-1,2026-09-03 07:05:34.372,2026-09-03 07:05:43.664,63924102343,63924102397,7705.25,10,False,True,True,True,False,,,,,,NOT_TRIGGERED,,,16503,False
612,41699,41700,-1,2026-09-03 07:07:58.344,2026-09-03 07:08:10.516,63924102490,63924102548,7702.75,10,True,True,True,True,True,63924102493,41700,0,7702.75,63924102615,NONE,,,32415,False
613,41743,41744,1,2026-09-03 07:15:46.568,2026-09-03 07:15:58.564,63924102958,63924103058,7712.25,10,False,False,True,True,False,,,,,,NOT_TRIGGERED,,,22219,False
614,41761,41762,1,2026-09-03 07:20:45.632,2026-09-03 07:20:51.732,63924103251,63924103341,7715.25,10,True,True,True,True,False,,,,,,NOT_TRIGGERED,,,17134,False
615,41772,41773,1,2026-09-03 07:23:24.540,2026-09-03 07:23:40.068,63924103420,63924103537,7715.75,9,False,True,True,True,True,63924103456,41774,1,7715.75,63924103681,STOP,63924103505,7713.25,10737,False
616,41807,41808,-1,2026-09-03 07:32:35.492,2026-09-03 07:32:38.432,63924103958,63924104026,7708.0,10,False,False,True,False,False,,,,,,NOT_TRIGGERED,,,15383,False
617,41818,41819,-1,2026-09-03 07:34:55.140,2026-09-03 07:35:10.592,63924104110,63924104178,7704.75,10,False,True,True,True,False,,,,,,NOT_TRIGGERED,,,16334,False
618,41915,41916,1,2026-09-03 07:56:13.100,2026-09-03 07:56:21.556,63924105381,63924105381,7714.25,10,False,False,True,True,False,,,,,,NOT_TRIGGERED,,,0,False
619,41924,41925,-1,2026-09-03 07:56:21.752,2026-09-03 07:56:21.752,63924105381,63924105383,7703.75,10,False,False,True,False,True,63924105382,41926,1,7703.5,63924105387,TARGET,63924105382,7702.25,32,True
620,41930,41931,-1,2026-09-03 07:56:23.040,2026-09-03 07:56:23.288,63924105383,63924105386,7699.75,10,True,True,True,True,False,,,,,,NOT_TRIGGERED,,,1762,False
621,41960,41961,1,2026-09-03 07:58:18.556,2026-09-03 07:58:23.188,63924105503,63924105619,7715.25,10,False,True,True,True,True,63924105512,41962,1,7715.25,63924105755,TARGET,63924105552,7716.5,6772,False
622,42236,42237,1,2026-09-03 11:01:14.944,2026-09-03 11:01:45.052,63924116505,63924116710,7765.0,10,True,True,True,True,True,63924116523,42237,0,7765.0,63924117104,NONE,,,32260,False
623,42296,42297,-1,2026-09-03 12:24:39.500,2026-09-03 12:26:40.752,63924121600,63924122173,7757.25,10,False,False,True,True,False,,,,,,NOT_TRIGGERED,,,29149,False
624,42328,42329,-1,2026-09-03 12:56:16.900,2026-09-03 12:57:03.540,63924123423,63924123544,7753.5,10,False,True,True,True,True,63924123512,42331,2,7753.5,63924123598,TARGET,63924123572,7752.25,25499,False
625,43220,43221,1,2026-09-04 06:33:16.972,2026-09-04 06:33:28.200,63924186808,63924186900,7750.0,10,False,True,True,True,True,63924186814,43221,0,7750.0,63924186987,NONE,,,40568,False
626,43259,43260,-1,2026-09-04 06:41:14.984,2026-09-04 06:41:21.624,63924187281,63924187356,7742.5,10,False,False,True,False,False,,,,,,NOT_TRIGGERED,,,20073,False
627,43276,43277,-1,2026-09-04 06:44:34.252,2026-09-04 06:44:34.596,63924187474,63924187541,7741.0,10,False,False,True,True,False,,,,,,NOT_TRIGGERED,,,15380,False
628,43334,43335,-1,2026-09-04 07:02:56.308,2026-09-04 07:02:58.620,63924188578,63924188685,7739.75,10,False,False,True,True,False,,,,,,NOT_TRIGGERED,,,14362,False
629,43359,43360,-1,2026-09-04 07:10:01.684,2026-09-04 07:10:14.388,63924189014,63924189120,7736.5,10,False,True,True,True,True,63924189038,43361,1,7736.5,63924189256,TARGET,63924189042,7735.25,6165,False
630,43363,43364,-1,2026-09-04 07:11:03.124,2026-09-04 07:11:26.536,63924189086,63924189194,7734.25,10,True,True,True,True,True,63924189094,43365,1,7734.25,63924189316,TARGET,63924189120,7733.0,6702,False
631,43368,43369,-1,2026-09-04 07:12:40.320,2026-09-04 07:12:59.320,63924189179,63924189278,7731.25,10,True,True,True,True,True,63924189184,43369,0,7731.25,63924189384,STOP,63924189206,7733.75,6353,False
632,43391,43392,-1,2026-09-04 07:19:37.432,2026-09-04 07:20:07.208,63924189607,63924189683,7732.25,10,False,True,True,True,True,63924189611,43392,0,7732.25,63924189877,TARGET,63924189623,7731.0,3402,False
633,43394,43395,-1,2026-09-04 07:20:26.580,2026-09-04 07:20:45.424,63924189645,63924189776,7730.5,10,False,True,True,True,False,,,,,,NOT_TRIGGERED,,,21208,False
634,43410,43411,-1,2026-09-04 07:26:45.648,2026-09-04 07:27:09.220,63924190029,63924190207,7729.5,10,False,True,True,True,False,,,,,,NOT_TRIGGERED,,,25333,False
635,43452,43453,-1,2026-09-04 07:42:47.744,2026-09-04 07:43:14.396,63924190994,63924191132,7726.5,10,False,True,True,True,True,63924191004,43453,0,7726.5,63924191237,TARGET,63924191010,7725.25,3544,False
636,43455,43456,-1,2026-09-04 07:43:55.960,2026-09-04 07:44:23.280,63924191063,63924191217,7724.5,10,True,True,True,True,True,63924191202,43460,4,7724.5,63924191375,TARGET,63924191232,7723.25,34901,False
637,43464,43465,-1,2026-09-04 07:47:14.224,2026-09-04 07:47:17.588,63924191237,63924191365,7722.5,10,False,True,True,True,True,63924191267,43467,2,7722.5,63924191495,TARGET,63924191374,7721.25,25308,False
638,43473,43474,-1,2026-09-04 07:49:49.640,2026-09-04 07:50:21.124,63924191421,63924191521,7719.25,10,True,True,True,True,False,,,,,,NOT_TRIGGERED,,,18671,False
639,43490,43491,-1,2026-09-04 07:55:01.824,2026-09-04 07:55:13.952,63924191713,63924191833,7716.75,10,True,True,True,True,True,63924191792,43493,2,7716.75,63924191999,TARGET,63924191815,7715.5,15255,False
640,43496,43497,-1,2026-09-04 07:56:57.068,2026-09-04 07:57:13.592,63924191833,63924191969,7714.75,10,True,True,True,True,False,,,,,,NOT_TRIGGERED,,,20521,False
641,43789,43790,1,2026-09-04 11:52:30.856,2026-09-04 11:55:22.036,63924206122,63924206444,7725.25,10,False,True,True,True,True,63924206277,43791,1,7725.25,63924206643,STOP,63924206451,7722.75,14163,False
642,43792,43793,1,2026-09-04 11:58:00.016,2026-09-04 11:58:55.360,63924206335,63924206513,7726.0,10,False,True,True,True,True,63924206418,43794,1,7726.0,63924206868,STOP,63924206431,7723.5,4740,False
643,43835,43836,1,2026-09-04 12:50:00.048,2026-09-04 12:50:03.052,63924209403,63924209640,7725.25,10,False,False,True,True,True,63924209450,43838,2,7725.25,63924209755,TARGET,63924209700,7726.5,21915,False
644,43844,43845,1,2026-09-04 12:55:00.024,2026-09-04 12:55:00.204,63924209700,63924209825,7727.0,10,False,True,True,True,False,,,,,,NOT_TRIGGERED,,,11648,False
645,44280,44281,1,2026-09-07 06:31:57.396,2026-09-07 06:32:54.628,63924445974,63924446273,7717.5,10,False,True,True,True,False,,,,,,NOT_TRIGGERED,,,10336,False
646,44317,44318,-1,2026-09-07 07:34:48.056,2026-09-07 07:36:30.980,63924449790,63924450323,7707.0,10,False,False,True,True,False,,,,,,NOT_TRIGGERED,,,9518,False
647,45313,45314,-1,2026-09-08 06:33:05.644,2026-09-08 06:33:17.408,63924532397,63924532447,7708.0,10,False,False,True,True,True,63924532399,45314,0,7708.0,63924532513,STOP,63924532436,7710.5,9994,False
648,45327,45328,-1,2026-09-08 06:35:24.440,2026-09-08 06:35:35.936,63924532535,63924532632,7706.0,10,False,True,True,True,True,63924532546,45328,0,7706.0,63924532732,TARGET,63924532573,7704.75,10451,False
649,45331,45332,-1,2026-09-08 06:36:13.868,2026-09-08 06:36:21.884,63924532581,63924532677,7704.5,10,False,True,True,True,True,63924532586,45332,0,7704.5,63924532781,TARGET,63924532632,7703.25,10782,False
650,45335,45336,-1,2026-09-08 06:37:14.200,2026-09-08 06:37:29.352,63924532649,63924532765,7701.75,10,True,True,True,True,False,,,,,,NOT_TRIGGERED,,,24747,False
651,45356,45357,-1,2026-09-08 06:42:23.288,2026-09-08 06:42:35.752,63924532955,63924533023,7691.5,10,True,True,True,True,False,,,,,,NOT_TRIGGERED,,,18199,False
652,45461,45462,-1,2026-09-08 07:02:12.656,2026-09-08 07:02:28.708,63924534148,63924534202,7686.25,10,True,True,True,True,True,63924534174,45463,1,7686.25,63924534249,STOP,63924534178,7688.75,9375,False
653,45507,45508,-1,2026-09-08 07:10:23.292,2026-09-08 07:10:30.428,63924534630,63924534702,7681.25,10,True,True,True,True,False,,,,,,NOT_TRIGGERED,,,18361,False
654,45544,45545,-1,2026-09-08 07:18:27.312,2026-09-08 07:18:39.748,63924535119,63924535189,7681.25,10,False,False,True,True,False,,,,,,NOT_TRIGGERED,,,13759,False
655,45569,45570,1,2026-09-08 07:24:00.568,2026-09-08 07:24:30.580,63924535470,63924535605,7690.5,10,False,False,True,True,True,63924535472,45570,0,7690.5,63924535687,TARGET,63924535486,7691.75,2876,False
656,45572,45573,1,2026-09-08 07:24:46.816,2026-09-08 07:25:47.752,63924535547,63924535633,7691.75,10,False,True,True,True,False,,,,,,NOT_TRIGGERED,,,17147,False
657,45660,45661,1,2026-09-08 07:50:01.384,2026-09-08 07:50:12.620,63924537012,63924537130,7694.0,10,False,True,True,True,True,63924537032,45662,1,7694.0,63924537317,TARGET,63924537048,7695.25,5434,False
658,45665,45666,1,2026-09-08 07:51:30.352,2026-09-08 07:51:50.616,63924537110,63924537273,7697.25,10,True,True,True,True,False,,,,,,NOT_TRIGGERED,,,20006,False
659,45675,45676,1,2026-09-08 07:55:57.064,2026-09-08 07:56:16.012,63924537376,63924537582,7700.0,10,True,True,True,True,False,,,,,,NOT_TRIGGERED,,,20797,False
660,45984,45985,-1,2026-09-08 11:36:02.300,2026-09-08 11:36:34.356,63924550594,63924550993,7693.0,10,False,False,True,False,True,63924550756,45987,2,7693.0,63924551274,TARGET,63924550806,7691.75,11736,False
661,45989,45990,-1,2026-09-08 11:41:45.556,2026-09-08 11:42:15.024,63924550935,63924551265,7691.25,10,False,False,True,True,False,,,,,,NOT_TRIGGERED,,,14454,False
662,46003,46004,-1,2026-09-08 11:48:03.552,2026-09-08 11:48:05.328,63924551285,63924551308,7687.5,10,True,True,True,True,True,63924551308,46008,4,7687.5,63924551338,TARGET,63924551324,7686.25,19111,True
663,46023,46024,-1,2026-09-08 11:49:00.784,2026-09-08 11:49:02.112,63924551342,63924551349,7678.25,10,True,True,True,True,True,63924551343,46024,0,7678.25,63924551366,TARGET,63924551344,7677.0,1803,False
664,46026,46027,-1,2026-09-08 11:49:04.424,2026-09-08 11:49:05.336,63924551345,63924551358,7676.75,10,True,True,True,True,False,,,,,,NOT_TRIGGERED,,,8890,False
665,46068,46069,1,2026-09-08 11:54:17.116,2026-09-08 11:54:44.312,63924551684,63924551829,7691.0,10,False,False,True,False,True,63924551716,46070,1,7691.0,63924552010,STOP,63924551899,7688.5,21135,False
666,46157,46158,-1,2026-09-08 12:50:03.020,2026-09-08 12:50:09.812,63924555009,63924555013,7682.75,10,False,True,True,True,True,63924555010,46158,0,7682.75,63924555043,TARGET,63924555011,7681.5,507,False
667,46160,46161,-1,2026-09-08 12:50:11.180,2026-09-08 12:50:11.396,63924555011,63924555027,7680.75,10,False,True,True,True,True,63924555012,46163,2,7680.25,63924555086,TARGET,63924555013,7679.0,1376,False
668,46164,46165,-1,2026-09-08 12:50:13.136,2026-09-08 12:50:14.468,63924555014,63924555058,7679.0,10,True,True,True,True,False,,,,,,NOT_TRIGGERED,,,10393,False
669,46181,46182,-1,2026-09-08 12:53:18.064,2026-09-08 12:53:30.680,63924555210,63924555292,7678.25,10,False,True,True,True,True,63924555240,46182,0,7678.25,63924555306,TARGET,63924555250,7677.0,4838,False
670,46184,46185,-1,2026-09-08 12:54:10.056,2026-09-08 12:54:26.176,63924555266,63924555300,7676.75,10,True,True,True,True,True,63924555275,46185,0,7676.75,63924555349,STOP,63924555300,7679.25,6697,False
671,46207,46208,-1,2026-09-08 12:59:08.852,2026-09-08 12:59:10.264,63924555550,63924555576,7672.25,10,True,True,True,True,False,,,,,,NOT_TRIGGERED,,,7527,False
672,47079,47080,1,2026-09-09 06:34:32.036,2026-09-09 06:34:43.120,63924618883,63924618930,7663.25,10,False,False,True,True,False,,,,,,NOT_TRIGGERED,,,16748,False
673,47135,47136,-1,2026-09-09 06:43:39.772,2026-09-09 06:43:58.624,63924619438,63924619501,7653.75,10,False,False,True,False,False,,,,,,NOT_TRIGGERED,,,17485,False
674,47264,47265,-1,2026-09-09 07:16:50.300,2026-09-09 07:16:59.040,63924621419,63924621481,7651.25,10,False,True,True,True,False,,,,,,NOT_TRIGGERED,,,12558,False
675,47273,47274,-1,2026-09-09 07:18:26.740,2026-09-09 07:18:41.636,63924621521,63924621591,7649.0,10,True,True,True,True,True,63924621546,47275,1,7649.0,63924621640,TARGET,63924621570,7647.75,9949,False
676,47278,47279,-1,2026-09-09 07:19:30.904,2026-09-09 07:19:33.824,63924621573,63924621627,7647.5,10,False,True,True,True,False,,,,,,NOT_TRIGGERED,,,11505,False
677,47309,47310,-1,2026-09-09 07:24:59.688,2026-09-09 07:25:02.988,63924621902,63924621952,7644.25,10,False,True,True,True,False,,,,,,NOT_TRIGGERED,,,12590,False
678,47329,47330,1,2026-09-09 07:28:16.044,2026-09-09 07:28:23.392,63924622103,63924622179,7655.75,10,False,False,True,False,True,63924622111,47330,0,7655.75,63924622274,TARGET,63924622129,7657.0,4925,False
679,47335,47336,1,2026-09-09 07:29:14.564,2026-09-09 07:29:39.320,63924622179,63924622274,7660.0,10,True,True,True,True,True,63924622190,47336,0,7660.0,63924622342,STOP,63924622272,7657.5,20129,False
680,47888,47889,-1,2026-09-09 11:15:41.076,2026-09-09 11:16:38.520,63924635798,63924636159,7642.75,10,False,False,True,False,False,,,,,,NOT_TRIGGERED,,,21299,False
681,47911,47912,1,2026-09-09 11:42:46.360,2026-09-09 11:42:56.684,63924637376,63924638013,7653.5,10,False,False,True,False,False,,,,,,NOT_TRIGGERED,,,29437,False
682,47919,47920,1,2026-09-09 11:55:05.112,2026-09-09 11:55:13.460,63924638113,63924638467,7654.25,10,False,True,True,True,False,,,,,,NOT_TRIGGERED,,,19662,False
683,47967,47968,-1,2026-09-09 12:51:21.040,2026-09-09 12:52:10.020,63924641530,63924641708,7642.75,10,False,True,True,True,True,63924641700,47971,3,7642.75,63924641941,TARGET,63924641708,7641.5,15958,True
684,47974,47975,-1,2026-09-09 12:55:08.856,2026-09-09 12:55:18.568,63924641718,63924641922,7641.25,10,False,True,True,True,False,,,,,,NOT_TRIGGERED,,,13858,False
685,48928,48929,-1,2026-09-10 06:31:12.476,2026-09-10 06:31:15.352,63924705075,63924705102,7595.5,10,False,False,True,True,False,,,,,,NOT_TRIGGERED,,,11107,False
686,49242,49243,-1,2026-09-10 07:08:39.504,2026-09-10 07:08:52.656,63924707332,63924707401,7586.75,10,False,False,True,True,True,63924707346,49243,0,7586.75,63924707467,TARGET,63924707361,7585.5,6652,False
687,49245,49246,-1,2026-09-10 07:09:20.208,2026-09-10 07:09:25.268,63924707365,63924707438,7585.5,10,False,True,True,True,False,,,,,,NOT_TRIGGERED,,,20745,False
688,49267,49268,1,2026-09-10 07:13:12.616,2026-09-10 07:13:22.004,63924707602,63924707687,7597.0,10,False,False,True,True,False,,,,,,NOT_TRIGGERED,,,18291,False
689,49284,49285,1,2026-09-10 07:16:34.300,2026-09-10 07:16:50.428,63924707810,63924707854,7596.25,10,False,True,True,True,True,63924707813,49285,0,7596.25,63924707909,STOP,63924707843,7593.75,8838,False
690,49302,49303,1,2026-09-10 07:19:17.424,2026-09-10 07:19:31.640,63924707971,63924708004,7597.5,10,False,True,True,True,True,63924707979,49304,1,7597.5,63924708095,TARGET,63924707986,7598.75,4615,False
691,49308,49309,1,2026-09-10 07:19:56.224,2026-09-10 07:20:04.636,63924708004,63924708087,7600.25,10,True,True,True,True,True,63924708006,49310,1,7600.25,63924708163,TARGET,63924708035,7601.5,10416,False
692,49318,49319,1,2026-09-10 07:22:00.424,2026-09-10 07:22:09.528,63924708129,63924708195,7603.5,10,False,True,True,True,True,63924708159,49321,2,7603.5,63924708277,TARGET,63924708164,7604.75,8531,False
693,49323,49324,1,2026-09-10 07:22:53.740,2026-09-10 07:23:03.904,63924708183,63924708276,7605.75,10,True,True,True,True,False,,,,,,NOT_TRIGGERED,,,20555,False
694,49341,49342,1,2026-09-10 07:24:40.760,2026-09-10 07:24:40.792,63924708280,63924708282,7615.75,10,True,True,True,True,True,63924708281,49344,2,7618.25,63924708288,TARGET,63924708281,7619.75,29,True
695,49346,49347,1,2026-09-10 07:24:41.052,2026-09-10 07:24:42.116,63924708282,63924708286,7620.0,10,True,True,True,True,False,,,,,,NOT_TRIGGERED,,,6326,False
696,49376,49377,1,2026-09-10 07:25:19.952,2026-09-10 07:25:21.044,63924708321,63924708337,7617.5,10,False,True,True,True,True,63924708325,49378,1,7617.5,63924708362,STOP,63924708339,7615.0,9709,False
697,49379,49380,1,2026-09-10 07:25:25.984,2026-09-10 07:25:28.564,63924708328,63924708344,7618.5,10,False,True,True,True,False,,,,,,NOT_TRIGGERED,,,8131,False
698,49415,49416,-1,2026-09-10 07:29:19.148,2026-09-10 07:29:30.024,63924708570,63924708613,7605.25,10,False,True,True,True,True,63924708586,49417,1,7605.25,63924708694,STOP,63924708603,7607.75,6659,False
699,49459,49460,1,2026-09-10 07:38:18.000,2026-09-10 07:38:23.308,63924709103,63924709216,7615.75,10,False,True,True,True,False,,,,,,NOT_TRIGGERED,,,18608,False
700,49482,49483,-1,2026-09-10 07:44:29.196,2026-09-10 07:44:36.920,63924709476,63924709555,7605.75,10,False,False,True,False,True,63924709507,49486,3,7605.75,63924709663,STOP,63924709566,7608.5,19052,False
701,49499,49500,-1,2026-09-10 07:47:57.644,2026-09-10 07:48:17.904,63924709697,63924709767,7604.5,10,False,True,True,True,False,,,,,,NOT_TRIGGERED,,,12248,False
702,49533,49534,1,2026-09-10 07:55:00.276,2026-09-10 07:55:09.092,63924710109,63924710196,7612.25,10,False,False,True,True,False,,,,,,NOT_TRIGGERED,,,16559,False
703,49542,49543,1,2026-09-10 07:57:13.440,2026-09-10 07:57:22.684,63924710242,63924710343,7613.25,10,False,False,True,True,True,63924710265,49543,0,7613.25,63924710422,TARGET,63924710272,7614.5,4791,False
704,49545,49546,1,2026-09-10 07:57:46.668,2026-09-10 07:58:05.328,63924710285,63924710385,7614.25,10,False,True,True,True,False,,,,,,NOT_TRIGGERED,,,14055,False
705,50031,50032,-1,2026-09-10 11:03:31.984,2026-09-10 11:04:20.844,63924721460,63924721624,7597.5,10,False,True,True,True,True,63924721512,50034,2,7597.5,63924721925,STOP,63924721615,7600.0,12589,False
706,50044,50045,-1,2026-09-10 11:10:17.876,2026-09-10 11:11:11.076,63924721871,63924722100,7594.25,10,True,True,True,True,False,,,,,,NOT_TRIGGERED,,,18793,False
707,50075,50076,-1,2026-09-10 11:33:53.240,2026-09-10 11:34:27.844,63924723267,63924723432,7592.75,10,False,True,True,True,False,,,,,,NOT_TRIGGERED,,,12723,False
708,50114,50115,1,2026-09-10 11:51:27.792,2026-09-10 11:51:30.204,63924724290,63924724317,7602.25,10,False,False,True,True,True,63924724293,50116,1,7602.25,63924724426,TARGET,63924724308,7603.5,6008,False
709,50119,50120,1,2026-09-10 11:51:46.356,2026-09-10 11:51:52.696,63924724312,63924724395,7603.5,10,False,True,True,True,True,63924724376,50125,5,7603.5,63924724704,STOP,63924724415,7601.0,16631,False
710,50141,50142,-1,2026-09-10 12:00:06.352,2026-09-10 12:00:11.816,63924724811,63924724908,7594.75,10,False,False,True,False,True,63924724855,50144,2,7594.75,63924725242,STOP,63924724903,7597.25,11239,False
711,50150,50151,-1,2026-09-10 12:03:06.548,2026-09-10 12:03:44.120,63924725024,63924725270,7593.75,10,False,True,True,True,True,63924725069,50151,0,7593.75,63924725353,STOP,63924725253,7596.25,15229,False
712,50153,50154,-1,2026-09-10 12:04:52.776,2026-09-10 12:06:04.456,63924725164,63924725351,7592.5,10,False,True,True,True,False,,,,,,NOT_TRIGGERED,,,14338,False
713,50183,50184,-1,2026-09-10 12:18:09.280,2026-09-10 12:18:14.536,63924725894,63924726161,7593.0,10,False,False,True,False,False,,,,,,NOT_TRIGGERED,,,15817,False
714,50216,50217,1,2026-09-10 12:39:32.124,2026-09-10 12:39:49.504,63924727189,63924727417,7601.5,10,False,False,True,True,True,63924727272,50220,3,7601.5,63924727696,TARGET,63924727424,7602.75,13347,False
715,50237,50238,1,2026-09-10 12:50:00.128,2026-09-10 12:50:00.584,63924727800,63924727887,7603.25,10,False,True,True,True,False,,,,,,NOT_TRIGGERED,,,10243,False
716,51722,51723,-1,2026-09-11 06:31:19.256,2026-09-11 06:31:21.696,63924791481,63924791498,7660.0,10,False,True,True,True,False,,,,,,NOT_TRIGGERED,,,9332,False
717,51760,51761,1,2026-09-11 06:33:32.216,2026-09-11 06:33:34.892,63924791614,63924791640,7669.5,10,False,False,True,True,True,63924791626,51762,1,7669.5,63924791679,TARGET,63924791627,7670.75,6304,False
718,51766,51767,1,2026-09-11 06:33:57.116,2026-09-11 06:34:00.492,63924791640,63924791667,7672.75,10,False,True,True,True,True,63924791642,51767,0,7672.75,63924791701,TARGET,63924791679,7674.0,17978,False
719,51777,51778,1,2026-09-11 06:34:52.252,2026-09-11 06:35:00.244,63924791700,63924791733,7676.0,10,False,True,True,True,True,63924791701,51778,0,7676.0,63924791764,TARGET,63924791702,7677.25,738,False
720,51837,51838,-1,2026-09-11 06:40:26.424,2026-09-11 06:40:35.072,63924792035,63924792037,7665.0,10,True,True,True,True,False,,,,,,NOT_TRIGGERED,,,3513,False
721,51879,51880,-1,2026-09-11 06:42:13.928,2026-09-11 06:42:16.820,63924792136,63924792151,7668.0,10,False,False,True,False,False,,,,,,NOT_TRIGGERED,,,7803,False
722,52108,52109,-1,2026-09-11 07:06:04.188,2026-09-11 07:06:09.012,63924793569,63924793594,7668.0,10,False,True,True,True,True,63924793572,52109,0,7668.0,63924793640,STOP,63924793586,7670.5,5832,False
723,52111,52112,-1,2026-09-11 07:06:19.020,2026-09-11 07:06:20.904,63924793580,63924793615,7667.0,10,True,True,True,True,False,,,,,,NOT_TRIGGERED,,,11252,False
724,52161,52162,-1,2026-09-11 07:12:35.096,2026-09-11 07:12:39.360,63924793959,63924794027,7665.25,10,False,False,True,True,False,,,,,,NOT_TRIGGERED,,,22284,False
725,52177,52178,-1,2026-09-11 07:14:56.672,2026-09-11 07:15:04.732,63924794104,63924794144,7666.0,10,False,False,True,True,True,63924794135,52182,4,7666.0,63924794223,STOP,63924794147,7668.5,10723,False
726,52194,52195,-1,2026-09-11 07:17:03.764,2026-09-11 07:17:10.644,63924794230,63924794315,7664.5,10,False,True,True,True,False,,,,,,NOT_TRIGGERED,,,20539,False
727,52208,52209,1,2026-09-11 07:19:55.464,2026-09-11 07:20:44.524,63924794444,63924794505,7675.75,10,True,False,True,True,True,63924794449,52210,1,7675.75,63924794603,TARGET,63924794458,7677.0,2939,False
728,52211,52212,1,2026-09-11 07:20:53.760,2026-09-11 07:21:14.404,63924794474,63924794569,7676.75,10,True,True,True,True,True,63924794512,52215,3,7676.75,63924794714,TARGET,63924794571,7678.75,18909,False
729,52219,52220,1,2026-09-11 07:22:51.604,2026-09-11 07:22:54.816,63924794574,63924794702,7679.0,10,False,True,True,True,False,,,,,,NOT_TRIGGERED,,,23792,False
730,52255,52256,-1,2026-09-11 07:32:02.024,2026-09-11 07:32:13.772,63924795133,63924795210,7667.75,10,False,False,True,False,True,63924795191,52259,3,7667.75,63924795328,TARGET,63924795206,7666.5,15829,False
731,52261,52262,-1,2026-09-11 07:33:26.876,2026-09-11 07:33:30.796,63924795210,63924795300,7666.25,10,False,True,True,True,True,63924795260,52265,3,7666.25,63924795405,TARGET,63924795291,7665.0,19338,False
732,52269,52270,-1,2026-09-11 07:35:16.320,2026-09-11 07:35:19.956,63924795319,63924795382,7663.25,10,True,True,True,True,True,63924795342,52271,1,7663.25,63924795479,TARGET,63924795409,7662.0,21406,False
733,52272,52273,-1,2026-09-11 07:35:42.872,2026-09-11 07:35:50.300,63924795350,63924795426,7662.75,10,False,True,True,True,True,63924795357,52274,1,7662.75,63924795503,NONE,,,36418,False
734,52275,52276,-1,2026-09-11 07:36:03.212,2026-09-11 07:36:22.796,63924795382,63924795472,7662.0,10,False,True,True,True,True,63924795409,52277,1,7662.0,63924795517,STOP,63924795473,7664.5,20601,False
735,52289,52290,-1,2026-09-11 07:38:37.992,2026-09-11 07:38:41.528,63924795521,63924795597,7658.75,10,True,True,True,True,True,63924795527,52290,0,7658.75,63924795661,STOP,63924795562,7661.25,10952,False
736,52314,52315,-1,2026-09-11 07:44:01.332,2026-09-11 07:44:06.428,63924795846,63924795935,7656.25,10,True,True,True,True,True,63924795924,52317,2,7656.25,63924795994,STOP,63924795933,7658.75,23253,False
737,52335,52336,-1,2026-09-11 07:47:42.628,2026-09-11 07:47:53.892,63924796073,63924796120,7653.5,10,False,True,True,True,False,,,,,,NOT_TRIGGERED,,,11272,False
738,52353,52354,1,2026-09-11 07:48:45.880,2026-09-11 07:48:46.104,63924796126,63924796131,7665.5,10,False,False,True,True,True,63924796127,52354,0,7665.5,63924796156,STOP,63924796128,7663.0,1220,True
739,52405,52406,-1,2026-09-11 07:55:20.704,2026-09-11 07:56:00.088,63924796560,63924796691,7654.75,10,False,True,True,True,True,63924796607,52408,2,7654.75,63924796778,STOP,63924796649,7657.25,17038,False
740,52418,52419,-1,2026-09-11 07:59:08.108,2026-09-11 07:59:15.268,63924796755,63924796844,7655.0,7,False,True,True,True,False,,,,,,NOT_TRIGGERED,,,21090,False
741,52770,52771,-1,2026-09-11 11:20:10.872,2026-09-11 11:20:11.268,63924808811,63924808880,7669.0,10,False,True,True,True,False,,,,,,NOT_TRIGGERED,,,12735,False
742,52803,52804,-1,2026-09-11 11:45:57.820,2026-09-11 11:47:31.660,63924810451,63924810940,7668.25,10,False,True,True,True,True,63924810535,52807,3,7668.25,63924811792,TARGET,63924811631,7667.0,46583,False
743,52821,52822,-1,2026-09-11 12:11:02.664,2026-09-11 12:11:46.328,63924811906,63924812524,7663.0,10,True,True,True,True,False,,,,,,NOT_TRIGGERED,,,32147,False
744,52842,52843,-1,2026-09-11 12:50:00.092,2026-09-11 12:50:15.952,63924814215,63924814411,7662.75,10,False,True,True,True,True,63924814238,52843,0,7662.75,63924814500,STOP,63924814411,7665.25,14370,False
745,52867,52868,-1,2026-09-11 12:59:31.364,2026-09-11 12:59:39.404,63924814779,63924814797,7658.25,10,True,True,True,True,True,63924814797,52873,5,7658.25,63924815674,STOP,63924814818,7660.75,17737,False
