EMA,PullbackBars,Shape,Prior24Min,CurrentSlopeMin,Gap1Min,Gap2OrPenMin,PenMax,RecoveryOrDispMin,DevN,DevTarget,DevRate,HoldN,HoldTarget,HoldRate
8,1,no_tail,20,0,3,0,2.5,0,100,76,76.0,75,51,68.0
8,1,no_tail,20,0,3,0,2.5,1,2,2,100.0,2,2,100.0
8,1,no_tail,20,0,3,0,4.5,0,140,102,72.86,108,74,68.52
8,1,no_tail,20,0,3,0,4.5,1,4,3,75.0,7,4,57.14
8,1,no_tail,20,0,3,0,6,0,140,102,72.86,108,74,68.52
8,1,no_tail,20,0,3,0,6,1,4,3,75.0,7,4,57.14
8,1,no_tail,20,0,3,1,2.5,0,60,46,76.67,49,33,67.35
8,1,no_tail,20,0,3,1,4.5,0,100,72,72.0,82,56,68.29
8,1,no_tail,20,0,3,1,4.5,1,2,1,50.0,7,4,57.14
8,1,no_tail,20,0,3,1,6,0,100,72,72.0,82,56,68.29
8,1,no_tail,20,0,3,1,6,1,2,1,50.0,7,4,57.14
8,1,no_tail,20,0,5,0,2.5,0,69,49,71.01,49,35,71.43
8,1,no_tail,20,0,5,0,4.5,0,88,62,70.45,67,48,71.64
8,1,no_tail,20,0,5,0,4.5,1,4,3,75.0,3,2,66.67
8,1,no_tail,20,0,5,0,6,0,88,62,70.45,67,48,71.64
8,1,no_tail,20,0,5,0,6,1,4,3,75.0,3,2,66.67
8,1,no_tail,20,0,5,1,2.5,0,41,29,70.73,31,21,67.74
8,1,no_tail,20,0,5,1,4.5,0,60,42,70.0,49,34,69.39
8,1,no_tail,20,0,5,1,4.5,1,2,1,50.0,3,2,66.67
8,1,no_tail,20,0,5,1,6,0,60,42,70.0,49,34,69.39
8,1,no_tail,20,0,5,1,6,1,2,1,50.0,3,2,66.67
8,1,no_tail,20,15,3,0,2.5,0,100,76,76.0,75,51,68.0
8,1,no_tail,20,15,3,0,2.5,1,2,2,100.0,2,2,100.0
8,1,no_tail,20,15,3,0,4.5,0,114,85,74.56,87,60,68.97
8,1,no_tail,20,15,3,0,4.5,1,2,2,100.0,3,2,66.67
8,1,no_tail,20,15,3,0,6,0,114,85,74.56,87,60,68.97
8,1,no_tail,20,15,3,0,6,1,2,2,100.0,3,2,66.67
8,1,no_tail,20,15,3,1,2.5,0,60,46,76.67,49,33,67.35
8,1,no_tail,20,15,3,1,4.5,0,74,55,74.32,61,42,68.85
8,1,no_tail,20,15,3,1,6,0,74,55,74.32,61,42,68.85
8,1,no_tail,20,15,5,0,2.5,0,69,49,71.01,49,35,71.43
8,1,no_tail,20,15,5,0,4.5,0,76,53,69.74,55,39,70.91
8,1,no_tail,20,15,5,0,6,0,76,53,69.74,55,39,70.91
8,1,no_tail,20,15,5,1,2.5,0,41,29,70.73,31,21,67.74
8,1,no_tail,20,15,5,1,4.5,0,48,33,68.75,37,25,67.57
8,1,no_tail,20,15,5,1,6,0,48,33,68.75,37,25,67.57
8,1,no_tail,20,30,3,0,2.5,0,88,66,75.0,65,46,70.77
8,1,no_tail,20,30,3,0,2.5,1,2,2,100.0,2,2,100.0
8,1,no_tail,20,30,3,0,4.5,0,88,66,75.0,65,46,70.77
8,1,no_tail,20,30,3,0,4.5,1,2,2,100.0,2,2,100.0
8,1,no_tail,20,30,3,0,6,0,88,66,75.0,65,46,70.77
8,1,no_tail,20,30,3,0,6,1,2,2,100.0,2,2,100.0
8,1,no_tail,20,30,3,1,2.5,0,48,36,75.0,39,28,71.79
8,1,no_tail,20,30,3,1,4.5,0,48,36,75.0,39,28,71.79
8,1,no_tail,20,30,3,1,6,0,48,36,75.0,39,28,71.79
8,1,no_tail,20,30,5,0,2.5,0,60,42,70.0,44,31,70.45
8,1,no_tail,20,30,5,0,4.5,0,60,42,70.0,44,31,70.45
8,1,no_tail,20,30,5,0,6,0,60,42,70.0,44,31,70.45
8,1,no_tail,20,30,5,1,2.5,0,32,22,68.75,26,17,65.38
8,1,no_tail,20,30,5,1,4.5,0,32,22,68.75,26,17,65.38
8,1,no_tail,20,30,5,1,6,0,32,22,68.75,26,17,65.38
8,1,no_tail,30,0,3,0,2.5,0,88,66,75.0,68,45,66.18
8,1,no_tail,30,0,3,0,2.5,1,2,2,100.0,2,2,100.0
8,1,no_tail,30,0,3,0,4.5,0,126,91,72.22,99,66,66.67
8,1,no_tail,30,0,3,0,4.5,1,4,3,75.0,7,4,57.14
8,1,no_tail,30,0,3,0,6,0,126,91,72.22,99,66,66.67
8,1,no_tail,30,0,3,0,6,1,4,3,75.0,7,4,57.14
8,1,no_tail,30,0,3,1,2.5,0,54,41,75.93,43,27,62.79
8,1,no_tail,30,0,3,1,4.5,0,92,66,71.74,74,48,64.86
8,1,no_tail,30,0,3,1,4.5,1,2,1,50.0,7,4,57.14
8,1,no_tail,30,0,3,1,6,0,92,66,71.74,74,48,64.86
8,1,no_tail,30,0,3,1,6,1,2,1,50.0,7,4,57.14
8,1,no_tail,30,0,5,0,2.5,0,69,49,71.01,49,35,71.43
8,1,no_tail,30,0,5,0,4.5,0,88,62,70.45,67,48,71.64
8,1,no_tail,30,0,5,0,4.5,1,4,3,75.0,3,2,66.67
8,1,no_tail,30,0,5,0,6,0,88,62,70.45,67,48,71.64
8,1,no_tail,30,0,5,0,6,1,4,3,75.0,3,2,66.67
8,1,no_tail,30,0,5,1,2.5,0,41,29,70.73,31,21,67.74
8,1,no_tail,30,0,5,1,4.5,0,60,42,70.0,49,34,69.39
8,1,no_tail,30,0,5,1,4.5,1,2,1,50.0,3,2,66.67
8,1,no_tail,30,0,5,1,6,0,60,42,70.0,49,34,69.39
8,1,no_tail,30,0,5,1,6,1,2,1,50.0,3,2,66.67
8,1,no_tail,30,15,3,0,2.5,0,88,66,75.0,68,45,66.18
8,1,no_tail,30,15,3,0,2.5,1,2,2,100.0,2,2,100.0
8,1,no_tail,30,15,3,0,4.5,0,101,74,73.27,78,52,66.67
8,1,no_tail,30,15,3,0,4.5,1,2,2,100.0,3,2,66.67
8,1,no_tail,30,15,3,0,6,0,101,74,73.27,78,52,66.67
8,1,no_tail,30,15,3,0,6,1,2,2,100.0,3,2,66.67
8,1,no_tail,30,15,3,1,2.5,0,54,41,75.93,43,27,62.79
8,1,no_tail,30,15,3,1,4.5,0,67,49,73.13,53,34,64.15
8,1,no_tail,30,15,3,1,6,0,67,49,73.13,53,34,64.15
8,1,no_tail,30,15,5,0,2.5,0,69,49,71.01,49,35,71.43
8,1,no_tail,30,15,5,0,4.5,0,76,53,69.74,55,39,70.91
8,1,no_tail,30,15,5,0,6,0,76,53,69.74,55,39,70.91
8,1,no_tail,30,15,5,1,2.5,0,41,29,70.73,31,21,67.74
8,1,no_tail,30,15,5,1,4.5,0,48,33,68.75,37,25,67.57
8,1,no_tail,30,15,5,1,6,0,48,33,68.75,37,25,67.57
8,1,no_tail,30,30,3,0,2.5,0,77,57,74.03,59,41,69.49
8,1,no_tail,30,30,3,0,2.5,1,2,2,100.0,2,2,100.0
8,1,no_tail,30,30,3,0,4.5,0,77,57,74.03,59,41,69.49
8,1,no_tail,30,30,3,0,4.5,1,2,2,100.0,2,2,100.0
8,1,no_tail,30,30,3,0,6,0,77,57,74.03,59,41,69.49
8,1,no_tail,30,30,3,0,6,1,2,2,100.0,2,2,100.0
8,1,no_tail,30,30,3,1,2.5,0,43,32,74.42,34,23,67.65
8,1,no_tail,30,30,3,1,4.5,0,43,32,74.42,34,23,67.65
8,1,no_tail,30,30,3,1,6,0,43,32,74.42,34,23,67.65
8,1,no_tail,30,30,5,0,2.5,0,60,42,70.0,44,31,70.45
8,1,no_tail,30,30,5,0,4.5,0,60,42,70.0,44,31,70.45
8,1,no_tail,30,30,5,0,6,0,60,42,70.0,44,31,70.45
8,1,no_tail,30,30,5,1,2.5,0,32,22,68.75,26,17,65.38
8,1,no_tail,30,30,5,1,4.5,0,32,22,68.75,26,17,65.38
8,1,no_tail,30,30,5,1,6,0,32,22,68.75,26,17,65.38
8,1,no_tail,39,0,3,0,2.5,0,67,52,77.61,54,36,66.67
8,1,no_tail,39,0,3,0,2.5,1,2,2,100.0,2,2,100.0
8,1,no_tail,39,0,3,0,4.5,0,97,73,75.26,75,51,68.0
8,1,no_tail,39,0,3,0,4.5,1,4,3,75.0,5,4,80.0
8,1,no_tail,39,0,3,0,6,0,97,73,75.26,75,51,68.0
8,1,no_tail,39,0,3,0,6,1,4,3,75.0,5,4,80.0
8,1,no_tail,39,0,3,1,2.5,0,40,31,77.5,33,21,63.64
8,1,no_tail,39,0,3,1,4.5,0,70,52,74.29,54,36,66.67
8,1,no_tail,39,0,3,1,4.5,1,2,1,50.0,5,4,80.0
8,1,no_tail,39,0,3,1,6,0,70,52,74.29,54,36,66.67
8,1,no_tail,39,0,3,1,6,1,2,1,50.0,5,4,80.0
8,1,no_tail,39,0,5,0,2.5,0,62,47,75.81,46,33,71.74
8,1,no_tail,39,0,5,0,4.5,0,81,60,74.07,63,46,73.02
8,1,no_tail,39,0,5,0,4.5,1,4,3,75.0,3,2,66.67
8,1,no_tail,39,0,5,0,6,0,81,60,74.07,63,46,73.02
8,1,no_tail,39,0,5,0,6,1,4,3,75.0,3,2,66.67
8,1,no_tail,39,0,5,1,2.5,0,36,27,75.0,28,19,67.86
8,1,no_tail,39,0,5,1,4.5,0,55,40,72.73,45,32,71.11
8,1,no_tail,39,0,5,1,4.5,1,2,1,50.0,3,2,66.67
8,1,no_tail,39,0,5,1,6,0,55,40,72.73,45,32,71.11
8,1,no_tail,39,0,5,1,6,1,2,1,50.0,3,2,66.67
8,1,no_tail,39,15,3,0,2.5,0,67,52,77.61,54,36,66.67
8,1,no_tail,39,15,3,0,2.5,1,2,2,100.0,2,2,100.0
8,1,no_tail,39,15,3,0,4.5,0,75,57,76.0,59,40,67.8
8,1,no_tail,39,15,3,0,4.5,1,2,2,100.0,2,2,100.0
8,1,no_tail,39,15,3,0,6,0,75,57,76.0,59,40,67.8
8,1,no_tail,39,15,3,0,6,1,2,2,100.0,2,2,100.0
8,1,no_tail,39,15,3,1,2.5,0,40,31,77.5,33,21,63.64
8,1,no_tail,39,15,3,1,4.5,0,48,36,75.0,38,25,65.79
8,1,no_tail,39,15,3,1,6,0,48,36,75.0,38,25,65.79
8,1,no_tail,39,15,5,0,2.5,0,62,47,75.81,46,33,71.74
8,1,no_tail,39,15,5,0,4.5,0,69,51,73.91,51,37,72.55
8,1,no_tail,39,15,5,0,6,0,69,51,73.91,51,37,72.55
8,1,no_tail,39,15,5,1,2.5,0,36,27,75.0,28,19,67.86
8,1,no_tail,39,15,5,1,4.5,0,43,31,72.09,33,23,69.7
8,1,no_tail,39,15,5,1,6,0,43,31,72.09,33,23,69.7
8,1,no_tail,39,30,3,0,2.5,0,58,45,77.59,47,32,68.09
8,1,no_tail,39,30,3,0,2.5,1,2,2,100.0,2,2,100.0
8,1,no_tail,39,30,3,0,4.5,0,58,45,77.59,47,32,68.09
8,1,no_tail,39,30,3,0,4.5,1,2,2,100.0,2,2,100.0
8,1,no_tail,39,30,3,0,6,0,58,45,77.59,47,32,68.09
8,1,no_tail,39,30,3,0,6,1,2,2,100.0,2,2,100.0
8,1,no_tail,39,30,3,1,2.5,0,31,24,77.42,26,17,65.38
8,1,no_tail,39,30,3,1,4.5,0,31,24,77.42,26,17,65.38
8,1,no_tail,39,30,3,1,6,0,31,24,77.42,26,17,65.38
8,1,no_tail,39,30,5,0,2.5,0,55,42,76.36,41,29,70.73
8,1,no_tail,39,30,5,0,4.5,0,55,42,76.36,41,29,70.73
8,1,no_tail,39,30,5,0,6,0,55,42,76.36,41,29,70.73
8,1,no_tail,39,30,5,1,2.5,0,29,22,75.86,23,15,65.22
8,1,no_tail,39,30,5,1,4.5,0,29,22,75.86,23,15,65.22
8,1,no_tail,39,30,5,1,6,0,29,22,75.86,23,15,65.22
8,1,no_tail,45,0,3,0,2.5,0,44,33,75.0,32,23,71.88
8,1,no_tail,45,0,3,0,2.5,1,1,1,100.0,1,1,100.0
8,1,no_tail,45,0,3,0,4.5,0,62,46,74.19,42,31,73.81
8,1,no_tail,45,0,3,0,4.5,1,3,2,66.67,4,3,75.0
8,1,no_tail,45,0,3,0,6,0,62,46,74.19,42,31,73.81
8,1,no_tail,45,0,3,0,6,1,3,2,66.67,4,3,75.0
8,1,no_tail,45,0,3,1,2.5,0,27,20,74.07,22,15,68.18
8,1,no_tail,45,0,3,1,4.5,0,45,33,73.33,32,23,71.88
8,1,no_tail,45,0,3,1,4.5,1,2,1,50.0,4,3,75.0
8,1,no_tail,45,0,3,1,6,0,45,33,73.33,32,23,71.88
8,1,no_tail,45,0,3,1,6,1,2,1,50.0,4,3,75.0
8,1,no_tail,45,0,5,0,2.5,0,43,32,74.42,31,22,70.97
8,1,no_tail,45,0,5,0,4.5,0,59,43,72.88,40,29,72.5
8,1,no_tail,45,0,5,0,4.5,1,3,2,66.67,3,2,66.67
8,1,no_tail,45,0,5,0,6,0,59,43,72.88,40,29,72.5
8,1,no_tail,45,0,5,0,6,1,3,2,66.67,3,2,66.67
8,1,no_tail,45,0,5,1,2.5,0,26,19,73.08,21,14,66.67
8,1,no_tail,45,0,5,1,4.5,0,42,30,71.43,30,21,70.0
8,1,no_tail,45,0,5,1,4.5,1,2,1,50.0,3,2,66.67
8,1,no_tail,45,0,5,1,6,0,42,30,71.43,30,21,70.0
8,1,no_tail,45,0,5,1,6,1,2,1,50.0,3,2,66.67
8,1,no_tail,45,15,3,0,2.5,0,44,33,75.0,32,23,71.88
8,1,no_tail,45,15,3,0,2.5,1,1,1,100.0,1,1,100.0
8,1,no_tail,45,15,3,0,4.5,0,51,37,72.55,34,25,73.53
8,1,no_tail,45,15,3,0,4.5,1,1,1,100.0,1,1,100.0
8,1,no_tail,45,15,3,0,6,0,51,37,72.55,34,25,73.53
8,1,no_tail,45,15,3,0,6,1,1,1,100.0,1,1,100.0
8,1,no_tail,45,15,3,1,2.5,0,27,20,74.07,22,15,68.18
8,1,no_tail,45,15,3,1,4.5,0,34,24,70.59,24,17,70.83
8,1,no_tail,45,15,3,1,6,0,34,24,70.59,24,17,70.83
8,1,no_tail,45,15,5,0,2.5,0,43,32,74.42,31,22,70.97
8,1,no_tail,45,15,5,0,4.5,0,49,35,71.43,33,24,72.73
8,1,no_tail,45,15,5,0,6,0,49,35,71.43,33,24,72.73
8,1,no_tail,45,15,5,1,2.5,0,26,19,73.08,21,14,66.67
8,1,no_tail,45,15,5,1,4.5,0,32,22,68.75,23,16,69.57
8,1,no_tail,45,15,5,1,6,0,32,22,68.75,23,16,69.57
8,1,no_tail,45,30,3,0,2.5,0,38,28,73.68,28,20,71.43
8,1,no_tail,45,30,3,0,2.5,1,1,1,100.0,1,1,100.0
8,1,no_tail,45,30,3,0,4.5,0,38,28,73.68,28,20,71.43
8,1,no_tail,45,30,3,0,4.5,1,1,1,100.0,1,1,100.0
8,1,no_tail,45,30,3,0,6,0,38,28,73.68,28,20,71.43
8,1,no_tail,45,30,3,0,6,1,1,1,100.0,1,1,100.0
8,1,no_tail,45,30,3,1,2.5,0,21,15,71.43,18,12,66.67
8,1,no_tail,45,30,3,1,4.5,0,21,15,71.43,18,12,66.67
8,1,no_tail,45,30,3,1,6,0,21,15,71.43,18,12,66.67
8,1,no_tail,45,30,5,0,2.5,0,38,28,73.68,27,19,70.37
8,1,no_tail,45,30,5,0,4.5,0,38,28,73.68,27,19,70.37
8,1,no_tail,45,30,5,0,6,0,38,28,73.68,27,19,70.37
8,1,no_tail,45,30,5,1,2.5,0,21,15,71.43,17,11,64.71
8,1,no_tail,45,30,5,1,4.5,0,21,15,71.43,17,11,64.71
8,1,no_tail,45,30,5,1,6,0,21,15,71.43,17,11,64.71
8,1,tail_1,20,0,3,0,2.5,0,99,69,69.7,111,81,72.97
8,1,tail_1,20,0,3,0,2.5,1,33,25,75.76,42,29,69.05
8,1,tail_1,20,0,3,0,4.5,0,148,104,70.27,154,111,72.08
8,1,tail_1,20,0,3,0,4.5,1,59,43,72.88,65,46,70.77
8,1,tail_1,20,0,3,0,6,0,148,104,70.27,154,111,72.08
8,1,tail_1,20,0,3,0,6,1,59,43,72.88,65,46,70.77
8,1,tail_1,20,0,3,1,2.5,0,53,39,73.58,61,43,70.49
8,1,tail_1,20,0,3,1,2.5,1,13,11,84.62,14,9,64.29
8,1,tail_1,20,0,3,1,4.5,0,102,74,72.55,104,73,70.19
8,1,tail_1,20,0,3,1,4.5,1,39,29,74.36,37,26,70.27
8,1,tail_1,20,0,3,1,6,0,102,74,72.55,104,73,70.19
8,1,tail_1,20,0,3,1,6,1,39,29,74.36,37,26,70.27
8,1,tail_1,20,0,5,0,2.5,0,63,44,69.84,67,55,82.09
8,1,tail_1,20,0,5,0,2.5,1,16,12,75.0,21,17,80.95
8,1,tail_1,20,0,5,0,4.5,0,82,56,68.29,79,62,78.48
8,1,tail_1,20,0,5,0,4.5,1,25,18,72.0,25,19,76.0
8,1,tail_1,20,0,5,0,6,0,82,56,68.29,79,62,78.48
8,1,tail_1,20,0,5,0,6,1,25,18,72.0,25,19,76.0
8,1,tail_1,20,0,5,1,2.5,0,26,20,76.92,29,24,82.76
8,1,tail_1,20,0,5,1,4.5,0,45,32,71.11,41,31,75.61
8,1,tail_1,20,0,5,1,4.5,1,9,6,66.67,4,2,50.0
8,1,tail_1,20,0,5,1,6,0,45,32,71.11,41,31,75.61
8,1,tail_1,20,0,5,1,6,1,9,6,66.67,4,2,50.0
8,1,tail_1,20,15,3,0,2.5,0,99,69,69.7,111,81,72.97
8,1,tail_1,20,15,3,0,2.5,1,33,25,75.76,42,29,69.05
8,1,tail_1,20,15,3,0,4.5,0,126,89,70.63,138,99,71.74
8,1,tail_1,20,15,3,0,4.5,1,44,33,75.0,52,36,69.23
8,1,tail_1,20,15,3,0,6,0,126,89,70.63,138,99,71.74
8,1,tail_1,20,15,3,0,6,1,44,33,75.0,52,36,69.23
8,1,tail_1,20,15,3,1,2.5,0,53,39,73.58,61,43,70.49
8,1,tail_1,20,15,3,1,2.5,1,13,11,84.62,14,9,64.29
8,1,tail_1,20,15,3,1,4.5,0,80,59,73.75,88,61,69.32
8,1,tail_1,20,15,3,1,4.5,1,24,19,79.17,24,16,66.67
8,1,tail_1,20,15,3,1,6,0,80,59,73.75,88,61,69.32
8,1,tail_1,20,15,3,1,6,1,24,19,79.17,24,16,66.67
8,1,tail_1,20,15,5,0,2.5,0,63,44,69.84,67,55,82.09
8,1,tail_1,20,15,5,0,2.5,1,16,12,75.0,21,17,80.95
8,1,tail_1,20,15,5,0,4.5,0,71,49,69.01,73,59,80.82
8,1,tail_1,20,15,5,0,4.5,1,16,12,75.0,21,17,80.95
8,1,tail_1,20,15,5,0,6,0,71,49,69.01,73,59,80.82
8,1,tail_1,20,15,5,0,6,1,16,12,75.0,21,17,80.95
8,1,tail_1,20,15,5,1,2.5,0,26,20,76.92,29,24,82.76
8,1,tail_1,20,15,5,1,4.5,0,34,25,73.53,35,28,80.0
8,1,tail_1,20,15,5,1,6,0,34,25,73.53,35,28,80.0
8,1,tail_1,20,30,3,0,2.5,0,99,69,69.7,111,81,72.97
8,1,tail_1,20,30,3,0,2.5,1,33,25,75.76,42,29,69.05
8,1,tail_1,20,30,3,0,4.5,0,99,69,69.7,114,83,72.81
8,1,tail_1,20,30,3,0,4.5,1,33,25,75.76,45,31,68.89
8,1,tail_1,20,30,3,0,6,0,99,69,69.7,114,83,72.81
8,1,tail_1,20,30,3,0,6,1,33,25,75.76,45,31,68.89
8,1,tail_1,20,30,3,1,2.5,0,53,39,73.58,61,43,70.49
8,1,tail_1,20,30,3,1,2.5,1,13,11,84.62,14,9,64.29
8,1,tail_1,20,30,3,1,4.5,0,53,39,73.58,64,45,70.31
8,1,tail_1,20,30,3,1,4.5,1,13,11,84.62,17,11,64.71
8,1,tail_1,20,30,3,1,6,0,53,39,73.58,64,45,70.31
8,1,tail_1,20,30,3,1,6,1,13,11,84.62,17,11,64.71
8,1,tail_1,20,30,5,0,2.5,0,63,44,69.84,67,55,82.09
8,1,tail_1,20,30,5,0,2.5,1,16,12,75.0,21,17,80.95
8,1,tail_1,20,30,5,0,4.5,0,63,44,69.84,67,55,82.09
8,1,tail_1,20,30,5,0,4.5,1,16,12,75.0,21,17,80.95
8,1,tail_1,20,30,5,0,6,0,63,44,69.84,67,55,82.09
8,1,tail_1,20,30,5,0,6,1,16,12,75.0,21,17,80.95
8,1,tail_1,20,30,5,1,2.5,0,26,20,76.92,29,24,82.76
8,1,tail_1,20,30,5,1,4.5,0,26,20,76.92,29,24,82.76
8,1,tail_1,20,30,5,1,6,0,26,20,76.92,29,24,82.76
8,1,tail_1,30,0,3,0,2.5,0,89,61,68.54,98,73,74.49
8,1,tail_1,30,0,3,0,2.5,1,29,21,72.41,36,24,66.67
8,1,tail_1,30,0,3,0,4.5,0,133,92,69.17,132,96,72.73
8,1,tail_1,30,0,3,0,4.5,1,52,36,69.23,54,37,68.52
8,1,tail_1,30,0,3,0,6,0,133,92,69.17,132,96,72.73
8,1,tail_1,30,0,3,0,6,1,52,36,69.23,54,37,68.52
8,1,tail_1,30,0,3,1,2.5,0,43,31,72.09,49,36,73.47
8,1,tail_1,30,0,3,1,2.5,1,9,7,77.78,8,4,50.0
8,1,tail_1,30,0,3,1,4.5,0,87,62,71.26,83,59,71.08
8,1,tail_1,30,0,3,1,4.5,1,32,22,68.75,26,17,65.38
8,1,tail_1,30,0,3,1,6,0,87,62,71.26,83,59,71.08
8,1,tail_1,30,0,3,1,6,1,32,22,68.75,26,17,65.38
8,1,tail_1,30,0,5,0,2.5,0,63,44,69.84,67,55,82.09
8,1,tail_1,30,0,5,0,2.5,1,16,12,75.0,21,17,80.95
8,1,tail_1,30,0,5,0,4.5,0,82,56,68.29,79,62,78.48
8,1,tail_1,30,0,5,0,4.5,1,25,18,72.0,25,19,76.0
8,1,tail_1,30,0,5,0,6,0,82,56,68.29,79,62,78.48
8,1,tail_1,30,0,5,0,6,1,25,18,72.0,25,19,76.0
8,1,tail_1,30,0,5,1,2.5,0,26,20,76.92,29,24,82.76
8,1,tail_1,30,0,5,1,4.5,0,45,32,71.11,41,31,75.61
8,1,tail_1,30,0,5,1,4.5,1,9,6,66.67,4,2,50.0
8,1,tail_1,30,0,5,1,6,0,45,32,71.11,41,31,75.61
8,1,tail_1,30,0,5,1,6,1,9,6,66.67,4,2,50.0
8,1,tail_1,30,15,3,0,2.5,0,89,61,68.54,98,73,74.49
8,1,tail_1,30,15,3,0,2.5,1,29,21,72.41,36,24,66.67
8,1,tail_1,30,15,3,0,4.5,0,112,77,68.75,119,86,72.27
8,1,tail_1,30,15,3,0,4.5,1,37,26,70.27,44,29,65.91
8,1,tail_1,30,15,3,0,6,0,112,77,68.75,119,86,72.27
8,1,tail_1,30,15,3,0,6,1,37,26,70.27,44,29,65.91
8,1,tail_1,30,15,3,1,2.5,0,43,31,72.09,49,36,73.47
8,1,tail_1,30,15,3,1,2.5,1,9,7,77.78,8,4,50.0
8,1,tail_1,30,15,3,1,4.5,0,66,47,71.21,70,49,70.0
8,1,tail_1,30,15,3,1,4.5,1,17,12,70.59,16,9,56.25
8,1,tail_1,30,15,3,1,6,0,66,47,71.21,70,49,70.0
8,1,tail_1,30,15,3,1,6,1,17,12,70.59,16,9,56.25
8,1,tail_1,30,15,5,0,2.5,0,63,44,69.84,67,55,82.09
8,1,tail_1,30,15,5,0,2.5,1,16,12,75.0,21,17,80.95
8,1,tail_1,30,15,5,0,4.5,0,71,49,69.01,73,59,80.82
8,1,tail_1,30,15,5,0,4.5,1,16,12,75.0,21,17,80.95
8,1,tail_1,30,15,5,0,6,0,71,49,69.01,73,59,80.82
8,1,tail_1,30,15,5,0,6,1,16,12,75.0,21,17,80.95
8,1,tail_1,30,15,5,1,2.5,0,26,20,76.92,29,24,82.76
8,1,tail_1,30,15,5,1,4.5,0,34,25,73.53,35,28,80.0
8,1,tail_1,30,15,5,1,6,0,34,25,73.53,35,28,80.0
8,1,tail_1,30,30,3,0,2.5,0,89,61,68.54,98,73,74.49
8,1,tail_1,30,30,3,0,2.5,1,29,21,72.41,36,24,66.67
8,1,tail_1,30,30,3,0,4.5,0,89,61,68.54,100,74,74.0
8,1,tail_1,30,30,3,0,4.5,1,29,21,72.41,38,25,65.79
8,1,tail_1,30,30,3,0,6,0,89,61,68.54,100,74,74.0
8,1,tail_1,30,30,3,0,6,1,29,21,72.41,38,25,65.79
8,1,tail_1,30,30,3,1,2.5,0,43,31,72.09,49,36,73.47
8,1,tail_1,30,30,3,1,2.5,1,9,7,77.78,8,4,50.0
8,1,tail_1,30,30,3,1,4.5,0,43,31,72.09,51,37,72.55
8,1,tail_1,30,30,3,1,4.5,1,9,7,77.78,10,5,50.0
8,1,tail_1,30,30,3,1,6,0,43,31,72.09,51,37,72.55
8,1,tail_1,30,30,3,1,6,1,9,7,77.78,10,5,50.0
8,1,tail_1,30,30,5,0,2.5,0,63,44,69.84,67,55,82.09
8,1,tail_1,30,30,5,0,2.5,1,16,12,75.0,21,17,80.95
8,1,tail_1,30,30,5,0,4.5,0,63,44,69.84,67,55,82.09
8,1,tail_1,30,30,5,0,4.5,1,16,12,75.0,21,17,80.95
8,1,tail_1,30,30,5,0,6,0,63,44,69.84,67,55,82.09
8,1,tail_1,30,30,5,0,6,1,16,12,75.0,21,17,80.95
8,1,tail_1,30,30,5,1,2.5,0,26,20,76.92,29,24,82.76
8,1,tail_1,30,30,5,1,4.5,0,26,20,76.92,29,24,82.76
8,1,tail_1,30,30,5,1,6,0,26,20,76.92,29,24,82.76
8,1,tail_1,39,0,3,0,2.5,0,67,46,68.66,67,55,82.09
8,1,tail_1,39,0,3,0,2.5,1,17,13,76.47,22,17,77.27
8,1,tail_1,39,0,3,0,4.5,0,96,64,66.67,89,68,76.4
8,1,tail_1,39,0,3,0,4.5,1,32,22,68.75,32,23,71.88
8,1,tail_1,39,0,3,0,6,0,96,64,66.67,89,68,76.4
8,1,tail_1,39,0,3,0,6,1,32,22,68.75,32,23,71.88
8,1,tail_1,39,0,3,1,2.5,0,31,23,74.19,30,25,83.33
8,1,tail_1,39,0,3,1,2.5,1,1,1,100.0,2,1,50.0
8,1,tail_1,39,0,3,1,4.5,0,60,41,68.33,52,38,73.08
8,1,tail_1,39,0,3,1,4.5,1,16,10,62.5,12,7,58.33
8,1,tail_1,39,0,3,1,6,0,60,41,68.33,52,38,73.08
8,1,tail_1,39,0,3,1,6,1,16,10,62.5,12,7,58.33
8,1,tail_1,39,0,5,0,2.5,0,60,41,68.33,64,53,82.81
8,1,tail_1,39,0,5,0,2.5,1,15,11,73.33,20,16,80.0
8,1,tail_1,39,0,5,0,4.5,0,78,52,66.67,76,60,78.95
8,1,tail_1,39,0,5,0,4.5,1,24,17,70.83,24,18,75.0
8,1,tail_1,39,0,5,0,6,0,78,52,66.67,76,60,78.95
8,1,tail_1,39,0,5,0,6,1,24,17,70.83,24,18,75.0
8,1,tail_1,39,0,5,1,2.5,0,25,19,76.0,27,23,85.19
8,1,tail_1,39,0,5,1,4.5,0,43,30,69.77,39,30,76.92
8,1,tail_1,39,0,5,1,4.5,1,9,6,66.67,4,2,50.0
8,1,tail_1,39,0,5,1,6,0,43,30,69.77,39,30,76.92
8,1,tail_1,39,0,5,1,6,1,9,6,66.67,4,2,50.0
8,1,tail_1,39,15,3,0,2.5,0,67,46,68.66,67,55,82.09
8,1,tail_1,39,15,3,0,2.5,1,17,13,76.47,22,17,77.27
8,1,tail_1,39,15,3,0,4.5,0,80,54,67.5,79,61,77.22
8,1,tail_1,39,15,3,0,4.5,1,20,15,75.0,25,18,72.0
8,1,tail_1,39,15,3,0,6,0,80,54,67.5,79,61,77.22
8,1,tail_1,39,15,3,0,6,1,20,15,75.0,25,18,72.0
8,1,tail_1,39,15,3,1,2.5,0,31,23,74.19,30,25,83.33
8,1,tail_1,39,15,3,1,2.5,1,1,1,100.0,2,1,50.0
8,1,tail_1,39,15,3,1,4.5,0,44,31,70.45,42,31,73.81
8,1,tail_1,39,15,3,1,4.5,1,4,3,75.0,5,2,40.0
8,1,tail_1,39,15,3,1,6,0,44,31,70.45,42,31,73.81
8,1,tail_1,39,15,3,1,6,1,4,3,75.0,5,2,40.0
8,1,tail_1,39,15,5,0,2.5,0,60,41,68.33,64,53,82.81
8,1,tail_1,39,15,5,0,2.5,1,15,11,73.33,20,16,80.0
8,1,tail_1,39,15,5,0,4.5,0,67,45,67.16,70,57,81.43
8,1,tail_1,39,15,5,0,4.5,1,15,11,73.33,20,16,80.0
8,1,tail_1,39,15,5,0,6,0,67,45,67.16,70,57,81.43
8,1,tail_1,39,15,5,0,6,1,15,11,73.33,20,16,80.0
8,1,tail_1,39,15,5,1,2.5,0,25,19,76.0,27,23,85.19
8,1,tail_1,39,15,5,1,4.5,0,32,23,71.88,33,27,81.82
8,1,tail_1,39,15,5,1,6,0,32,23,71.88,33,27,81.82
8,1,tail_1,39,30,3,0,2.5,0,67,46,68.66,67,55,82.09
8,1,tail_1,39,30,3,0,2.5,1,17,13,76.47,22,17,77.27
8,1,tail_1,39,30,3,0,4.5,0,67,46,68.66,68,55,80.88
8,1,tail_1,39,30,3,0,4.5,1,17,13,76.47,23,17,73.91
8,1,tail_1,39,30,3,0,6,0,67,46,68.66,68,55,80.88
8,1,tail_1,39,30,3,0,6,1,17,13,76.47,23,17,73.91
8,1,tail_1,39,30,3,1,2.5,0,31,23,74.19,30,25,83.33
8,1,tail_1,39,30,3,1,2.5,1,1,1,100.0,2,1,50.0
8,1,tail_1,39,30,3,1,4.5,0,31,23,74.19,31,25,80.65
8,1,tail_1,39,30,3,1,4.5,1,1,1,100.0,3,1,33.33
8,1,tail_1,39,30,3,1,6,0,31,23,74.19,31,25,80.65
8,1,tail_1,39,30,3,1,6,1,1,1,100.0,3,1,33.33
8,1,tail_1,39,30,5,0,2.5,0,60,41,68.33,64,53,82.81
8,1,tail_1,39,30,5,0,2.5,1,15,11,73.33,20,16,80.0
8,1,tail_1,39,30,5,0,4.5,0,60,41,68.33,64,53,82.81
8,1,tail_1,39,30,5,0,4.5,1,15,11,73.33,20,16,80.0
8,1,tail_1,39,30,5,0,6,0,60,41,68.33,64,53,82.81
8,1,tail_1,39,30,5,0,6,1,15,11,73.33,20,16,80.0
8,1,tail_1,39,30,5,1,2.5,0,25,19,76.0,27,23,85.19
8,1,tail_1,39,30,5,1,4.5,0,25,19,76.0,27,23,85.19
8,1,tail_1,39,30,5,1,6,0,25,19,76.0,27,23,85.19
8,1,tail_1,45,0,3,0,2.5,0,40,26,65.0,44,36,81.82
8,1,tail_1,45,0,3,0,2.5,1,11,9,81.82,14,11,78.57
8,1,tail_1,45,0,3,0,4.5,0,57,36,63.16,54,41,75.93
8,1,tail_1,45,0,3,0,4.5,1,21,16,76.19,18,13,72.22
8,1,tail_1,45,0,3,0,6,0,57,36,63.16,54,41,75.93
8,1,tail_1,45,0,3,0,6,1,21,16,76.19,18,13,72.22
8,1,tail_1,45,0,3,1,2.5,0,17,11,64.71,20,17,85.0
8,1,tail_1,45,0,3,1,4.5,0,34,21,61.76,30,22,73.33
8,1,tail_1,45,0,3,1,4.5,1,10,7,70.0,4,2,50.0
8,1,tail_1,45,0,3,1,6,0,34,21,61.76,30,22,73.33
8,1,tail_1,45,0,3,1,6,1,10,7,70.0,4,2,50.0
8,1,tail_1,45,0,5,0,2.5,0,40,26,65.0,44,36,81.82
8,1,tail_1,45,0,5,0,2.5,1,11,9,81.82,14,11,78.57
8,1,tail_1,45,0,5,0,4.5,0,56,35,62.5,52,40,76.92
8,1,tail_1,45,0,5,0,4.5,1,20,15,75.0,17,13,76.47
8,1,tail_1,45,0,5,0,6,0,56,35,62.5,52,40,76.92
8,1,tail_1,45,0,5,0,6,1,20,15,75.0,17,13,76.47
8,1,tail_1,45,0,5,1,2.5,0,17,11,64.71,20,17,85.0
8,1,tail_1,45,0,5,1,4.5,0,33,20,60.61,28,21,75.0
8,1,tail_1,45,0,5,1,4.5,1,9,6,66.67,3,2,66.67
8,1,tail_1,45,0,5,1,6,0,33,20,60.61,28,21,75.0
8,1,tail_1,45,0,5,1,6,1,9,6,66.67,3,2,66.67
8,1,tail_1,45,15,3,0,2.5,0,40,26,65.0,44,36,81.82
8,1,tail_1,45,15,3,0,2.5,1,11,9,81.82,14,11,78.57
8,1,tail_1,45,15,3,0,4.5,0,45,28,62.22,48,37,77.08
8,1,tail_1,45,15,3,0,4.5,1,11,9,81.82,15,11,73.33
8,1,tail_1,45,15,3,0,6,0,45,28,62.22,48,37,77.08
8,1,tail_1,45,15,3,0,6,1,11,9,81.82,15,11,73.33
8,1,tail_1,45,15,3,1,2.5,0,17,11,64.71,20,17,85.0
8,1,tail_1,45,15,3,1,4.5,0,22,13,59.09,24,18,75.0
8,1,tail_1,45,15,3,1,6,0,22,13,59.09,24,18,75.0
8,1,tail_1,45,15,5,0,2.5,0,40,26,65.0,44,36,81.82
8,1,tail_1,45,15,5,0,2.5,1,11,9,81.82,14,11,78.57
8,1,tail_1,45,15,5,0,4.5,0,45,28,62.22,47,37,78.72
8,1,tail_1,45,15,5,0,4.5,1,11,9,81.82,14,11,78.57
8,1,tail_1,45,15,5,0,6,0,45,28,62.22,47,37,78.72
8,1,tail_1,45,15,5,0,6,1,11,9,81.82,14,11,78.57
8,1,tail_1,45,15,5,1,2.5,0,17,11,64.71,20,17,85.0
8,1,tail_1,45,15,5,1,4.5,0,22,13,59.09,23,18,78.26
8,1,tail_1,45,15,5,1,6,0,22,13,59.09,23,18,78.26
8,1,tail_1,45,30,3,0,2.5,0,40,26,65.0,44,36,81.82
8,1,tail_1,45,30,3,0,2.5,1,11,9,81.82,14,11,78.57
8,1,tail_1,45,30,3,0,4.5,0,40,26,65.0,45,36,80.0
8,1,tail_1,45,30,3,0,4.5,1,11,9,81.82,15,11,73.33
8,1,tail_1,45,30,3,0,6,0,40,26,65.0,45,36,80.0
8,1,tail_1,45,30,3,0,6,1,11,9,81.82,15,11,73.33
8,1,tail_1,45,30,3,1,2.5,0,17,11,64.71,20,17,85.0
8,1,tail_1,45,30,3,1,4.5,0,17,11,64.71,21,17,80.95
8,1,tail_1,45,30,3,1,6,0,17,11,64.71,21,17,80.95
8,1,tail_1,45,30,5,0,2.5,0,40,26,65.0,44,36,81.82
8,1,tail_1,45,30,5,0,2.5,1,11,9,81.82,14,11,78.57
8,1,tail_1,45,30,5,0,4.5,0,40,26,65.0,44,36,81.82
8,1,tail_1,45,30,5,0,4.5,1,11,9,81.82,14,11,78.57
8,1,tail_1,45,30,5,0,6,0,40,26,65.0,44,36,81.82
8,1,tail_1,45,30,5,0,6,1,11,9,81.82,14,11,78.57
8,1,tail_1,45,30,5,1,2.5,0,17,11,64.71,20,17,85.0
8,1,tail_1,45,30,5,1,4.5,0,17,11,64.71,20,17,85.0
8,1,tail_1,45,30,5,1,6,0,17,11,64.71,20,17,85.0
8,1,tail_2_3,20,0,3,0,2.5,0,135,94,69.63,132,89,67.42
8,1,tail_2_3,20,0,3,0,2.5,1,86,56,65.12,71,48,67.61
8,1,tail_2_3,20,0,3,0,4.5,0,226,156,69.03,236,150,63.56
8,1,tail_2_3,20,0,3,0,4.5,1,157,104,66.24,150,96,64.0
8,1,tail_2_3,20,0,3,0,6,0,243,169,69.55,255,161,63.14
8,1,tail_2_3,20,0,3,0,6,1,174,117,67.24,168,106,63.1
8,1,tail_2_3,20,0,3,1,2.5,0,59,39,66.1,59,44,74.58
8,1,tail_2_3,20,0,3,1,2.5,1,31,18,58.06,22,18,81.82
8,1,tail_2_3,20,0,3,1,4.5,0,150,101,67.33,163,105,64.42
8,1,tail_2_3,20,0,3,1,4.5,1,102,66,64.71,101,66,65.35
8,1,tail_2_3,20,0,3,1,6,0,167,114,68.26,182,116,63.74
8,1,tail_2_3,20,0,3,1,6,1,119,79,66.39,119,76,63.87
8,1,tail_2_3,20,0,5,0,2.5,0,83,60,72.29,80,52,65.0
8,1,tail_2_3,20,0,5,0,2.5,1,47,32,68.09,39,25,64.1
8,1,tail_2_3,20,0,5,0,4.5,0,102,72,70.59,102,66,64.71
8,1,tail_2_3,20,0,5,0,4.5,1,54,35,64.81,47,29,61.7
8,1,tail_2_3,20,0,5,0,6,0,109,77,70.64,112,75,66.96
8,1,tail_2_3,20,0,5,0,6,1,61,40,65.57,56,37,66.07
8,1,tail_2_3,20,0,5,1,2.5,0,20,16,80.0,24,17,70.83
8,1,tail_2_3,20,0,5,1,4.5,0,39,28,71.79,46,31,67.39
8,1,tail_2_3,20,0,5,1,4.5,1,7,3,42.86,8,4,50.0
8,1,tail_2_3,20,0,5,1,6,0,46,33,71.74,56,40,71.43
8,1,tail_2_3,20,0,5,1,6,1,14,8,57.14,17,12,70.59
8,1,tail_2_3,20,15,3,0,2.5,0,135,94,69.63,132,89,67.42
8,1,tail_2_3,20,15,3,0,2.5,1,86,56,65.12,71,48,67.61
8,1,tail_2_3,20,15,3,0,4.5,0,202,142,70.3,213,139,65.26
8,1,tail_2_3,20,15,3,0,4.5,1,140,93,66.43,134,90,67.16
8,1,tail_2_3,20,15,3,0,6,0,205,145,70.73,215,140,65.12
8,1,tail_2_3,20,15,3,0,6,1,143,96,67.13,136,91,66.91
8,1,tail_2_3,20,15,3,1,2.5,0,59,39,66.1,59,44,74.58
8,1,tail_2_3,20,15,3,1,2.5,1,31,18,58.06,22,18,81.82
8,1,tail_2_3,20,15,3,1,4.5,0,126,87,69.05,140,94,67.14
8,1,tail_2_3,20,15,3,1,4.5,1,85,55,64.71,85,60,70.59
8,1,tail_2_3,20,15,3,1,6,0,129,90,69.77,142,95,66.9
8,1,tail_2_3,20,15,3,1,6,1,88,58,65.91,87,61,70.11
8,1,tail_2_3,20,15,5,0,2.5,0,83,60,72.29,80,52,65.0
8,1,tail_2_3,20,15,5,0,2.5,1,47,32,68.09,39,25,64.1
8,1,tail_2_3,20,15,5,0,4.5,0,92,67,72.83,90,58,64.44
8,1,tail_2_3,20,15,5,0,4.5,1,47,32,68.09,39,25,64.1
8,1,tail_2_3,20,15,5,0,6,0,94,69,73.4,91,59,64.84
8,1,tail_2_3,20,15,5,0,6,1,49,34,69.39,40,26,65.0
8,1,tail_2_3,20,15,5,1,2.5,0,20,16,80.0,24,17,70.83
8,1,tail_2_3,20,15,5,1,4.5,0,29,23,79.31,34,23,67.65
8,1,tail_2_3,20,15,5,1,6,0,31,25,80.65,35,24,68.57
8,1,tail_2_3,20,15,5,1,6,1,2,2,100.0,1,1,100.0
8,1,tail_2_3,20,30,3,0,2.5,0,135,94,69.63,132,89,67.42
8,1,tail_2_3,20,30,3,0,2.5,1,86,56,65.12,71,48,67.61
8,1,tail_2_3,20,30,3,0,4.5,0,169,116,68.64,168,112,66.67
8,1,tail_2_3,20,30,3,0,4.5,1,113,72,63.72,98,65,66.33
8,1,tail_2_3,20,30,3,0,6,0,169,116,68.64,168,112,66.67
8,1,tail_2_3,20,30,3,0,6,1,113,72,63.72,98,65,66.33
8,1,tail_2_3,20,30,3,1,2.5,0,59,39,66.1,59,44,74.58
8,1,tail_2_3,20,30,3,1,2.5,1,31,18,58.06,22,18,81.82
8,1,tail_2_3,20,30,3,1,4.5,0,93,61,65.59,95,67,70.53
8,1,tail_2_3,20,30,3,1,4.5,1,58,34,58.62,49,35,71.43
8,1,tail_2_3,20,30,3,1,6,0,93,61,65.59,95,67,70.53
8,1,tail_2_3,20,30,3,1,6,1,58,34,58.62,49,35,71.43
8,1,tail_2_3,20,30,5,0,2.5,0,83,60,72.29,80,52,65.0
8,1,tail_2_3,20,30,5,0,2.5,1,47,32,68.09,39,25,64.1
8,1,tail_2_3,20,30,5,0,4.5,0,88,64,72.73,86,56,65.12
8,1,tail_2_3,20,30,5,0,4.5,1,47,32,68.09,39,25,64.1
8,1,tail_2_3,20,30,5,0,6,0,88,64,72.73,86,56,65.12
8,1,tail_2_3,20,30,5,0,6,1,47,32,68.09,39,25,64.1
8,1,tail_2_3,20,30,5,1,2.5,0,20,16,80.0,24,17,70.83
8,1,tail_2_3,20,30,5,1,4.5,0,25,20,80.0,30,21,70.0
8,1,tail_2_3,20,30,5,1,6,0,25,20,80.0,30,21,70.0
8,1,tail_2_3,30,0,3,0,2.5,0,130,89,68.46,125,82,65.6
8,1,tail_2_3,30,0,3,0,2.5,1,84,54,64.29,68,45,66.18
8,1,tail_2_3,30,0,3,0,4.5,0,212,147,69.34,207,129,62.32
8,1,tail_2_3,30,0,3,0,4.5,1,147,98,66.67,130,81,62.31
8,1,tail_2_3,30,0,3,0,6,0,229,160,69.87,225,139,61.78
8,1,tail_2_3,30,0,3,0,6,1,164,111,67.68,147,90,61.22
8,1,tail_2_3,30,0,3,1,2.5,0,55,35,63.64,52,37,71.15
8,1,tail_2_3,30,0,3,1,2.5,1,29,16,55.17,19,15,78.95
8,1,tail_2_3,30,0,3,1,4.5,0,137,93,67.88,134,84,62.69
8,1,tail_2_3,30,0,3,1,4.5,1,92,60,65.22,81,51,62.96
8,1,tail_2_3,30,0,3,1,6,0,154,106,68.83,152,94,61.84
8,1,tail_2_3,30,0,3,1,6,1,109,73,66.97,98,60,61.22
8,1,tail_2_3,30,0,5,0,2.5,0,83,60,72.29,80,52,65.0
8,1,tail_2_3,30,0,5,0,2.5,1,47,32,68.09,39,25,64.1
8,1,tail_2_3,30,0,5,0,4.5,0,102,72,70.59,102,66,64.71
8,1,tail_2_3,30,0,5,0,4.5,1,54,35,64.81,47,29,61.7
8,1,tail_2_3,30,0,5,0,6,0,109,77,70.64,112,75,66.96
8,1,tail_2_3,30,0,5,0,6,1,61,40,65.57,56,37,66.07
8,1,tail_2_3,30,0,5,1,2.5,0,20,16,80.0,24,17,70.83
8,1,tail_2_3,30,0,5,1,4.5,0,39,28,71.79,46,31,67.39
8,1,tail_2_3,30,0,5,1,4.5,1,7,3,42.86,8,4,50.0
8,1,tail_2_3,30,0,5,1,6,0,46,33,71.74,56,40,71.43
8,1,tail_2_3,30,0,5,1,6,1,14,8,57.14,17,12,70.59
8,1,tail_2_3,30,15,3,0,2.5,0,130,89,68.46,125,82,65.6
8,1,tail_2_3,30,15,3,0,2.5,1,84,54,64.29,68,45,66.18
8,1,tail_2_3,30,15,3,0,4.5,0,191,134,70.16,187,119,63.64
8,1,tail_2_3,30,15,3,0,4.5,1,132,88,66.67,115,75,65.22
8,1,tail_2_3,30,15,3,0,6,0,194,137,70.62,189,120,63.49
8,1,tail_2_3,30,15,3,0,6,1,135,91,67.41,117,76,64.96
8,1,tail_2_3,30,15,3,1,2.5,0,55,35,63.64,52,37,71.15
8,1,tail_2_3,30,15,3,1,2.5,1,29,16,55.17,19,15,78.95
8,1,tail_2_3,30,15,3,1,4.5,0,116,80,68.97,114,74,64.91
8,1,tail_2_3,30,15,3,1,4.5,1,77,50,64.94,66,45,68.18
8,1,tail_2_3,30,15,3,1,6,0,119,83,69.75,116,75,64.66
8,1,tail_2_3,30,15,3,1,6,1,80,53,66.25,68,46,67.65
8,1,tail_2_3,30,15,5,0,2.5,0,83,60,72.29,80,52,65.0
8,1,tail_2_3,30,15,5,0,2.5,1,47,32,68.09,39,25,64.1
8,1,tail_2_3,30,15,5,0,4.5,0,92,67,72.83,90,58,64.44
8,1,tail_2_3,30,15,5,0,4.5,1,47,32,68.09,39,25,64.1
8,1,tail_2_3,30,15,5,0,6,0,94,69,73.4,91,59,64.84
8,1,tail_2_3,30,15,5,0,6,1,49,34,69.39,40,26,65.0
8,1,tail_2_3,30,15,5,1,2.5,0,20,16,80.0,24,17,70.83
8,1,tail_2_3,30,15,5,1,4.5,0,29,23,79.31,34,23,67.65
8,1,tail_2_3,30,15,5,1,6,0,31,25,80.65,35,24,68.57
8,1,tail_2_3,30,15,5,1,6,1,2,2,100.0,1,1,100.0
8,1,tail_2_3,30,30,3,0,2.5,0,130,89,68.46,125,82,65.6
8,1,tail_2_3,30,30,3,0,2.5,1,84,54,64.29,68,45,66.18
8,1,tail_2_3,30,30,3,0,4.5,0,163,111,68.1,153,98,64.05
8,1,tail_2_3,30,30,3,0,4.5,1,110,70,63.64,88,56,63.64
8,1,tail_2_3,30,30,3,0,6,0,163,111,68.1,153,98,64.05
8,1,tail_2_3,30,30,3,0,6,1,110,70,63.64,88,56,63.64
8,1,tail_2_3,30,30,3,1,2.5,0,55,35,63.64,52,37,71.15
8,1,tail_2_3,30,30,3,1,2.5,1,29,16,55.17,19,15,78.95
8,1,tail_2_3,30,30,3,1,4.5,0,88,57,64.77,80,53,66.25
8,1,tail_2_3,30,30,3,1,4.5,1,55,32,58.18,39,26,66.67
8,1,tail_2_3,30,30,3,1,6,0,88,57,64.77,80,53,66.25
8,1,tail_2_3,30,30,3,1,6,1,55,32,58.18,39,26,66.67
8,1,tail_2_3,30,30,5,0,2.5,0,83,60,72.29,80,52,65.0
8,1,tail_2_3,30,30,5,0,2.5,1,47,32,68.09,39,25,64.1
8,1,tail_2_3,30,30,5,0,4.5,0,88,64,72.73,86,56,65.12
8,1,tail_2_3,30,30,5,0,4.5,1,47,32,68.09,39,25,64.1
8,1,tail_2_3,30,30,5,0,6,0,88,64,72.73,86,56,65.12
8,1,tail_2_3,30,30,5,0,6,1,47,32,68.09,39,25,64.1
8,1,tail_2_3,30,30,5,1,2.5,0,20,16,80.0,24,17,70.83
8,1,tail_2_3,30,30,5,1,4.5,0,25,20,80.0,30,21,70.0
8,1,tail_2_3,30,30,5,1,6,0,25,20,80.0,30,21,70.0
8,1,tail_2_3,39,0,3,0,2.5,0,85,62,72.94,80,52,65.0
8,1,tail_2_3,39,0,3,0,2.5,1,52,36,69.23,42,28,66.67
8,1,tail_2_3,39,0,3,0,4.5,0,124,89,71.77,124,80,64.52
8,1,tail_2_3,39,0,3,0,4.5,1,78,52,66.67,69,45,65.22
8,1,tail_2_3,39,0,3,0,6,0,134,96,71.64,137,90,65.69
8,1,tail_2_3,39,0,3,0,6,1,88,59,67.05,81,54,66.67
8,1,tail_2_3,39,0,3,1,2.5,0,20,16,80.0,23,16,69.57
8,1,tail_2_3,39,0,3,1,2.5,1,3,2,66.67,1,1,100.0
8,1,tail_2_3,39,0,3,1,4.5,0,59,43,72.88,67,44,65.67
8,1,tail_2_3,39,0,3,1,4.5,1,29,18,62.07,28,18,64.29
8,1,tail_2_3,39,0,3,1,6,0,69,50,72.46,80,54,67.5
8,1,tail_2_3,39,0,3,1,6,1,39,25,64.1,40,27,67.5
8,1,tail_2_3,39,0,5,0,2.5,0,80,58,72.5,75,49,65.33
8,1,tail_2_3,39,0,5,0,2.5,1,47,32,68.09,38,25,65.79
8,1,tail_2_3,39,0,5,0,4.5,0,98,70,71.43,95,63,66.32
8,1,tail_2_3,39,0,5,0,4.5,1,54,35,64.81,45,29,64.44
8,1,tail_2_3,39,0,5,0,6,0,105,75,71.43,105,72,68.57
8,1,tail_2_3,39,0,5,0,6,1,61,40,65.57,54,37,68.52
8,1,tail_2_3,39,0,5,1,2.5,0,17,14,82.35,21,15,71.43
8,1,tail_2_3,39,0,5,1,4.5,0,35,26,74.29,41,29,70.73
8,1,tail_2_3,39,0,5,1,4.5,1,7,3,42.86,7,4,57.14
8,1,tail_2_3,39,0,5,1,6,0,42,31,73.81,51,38,74.51
8,1,tail_2_3,39,0,5,1,6,1,14,8,57.14,16,12,75.0
8,1,tail_2_3,39,15,3,0,2.5,0,85,62,72.94,80,52,65.0
8,1,tail_2_3,39,15,3,0,2.5,1,52,36,69.23,42,28,66.67
8,1,tail_2_3,39,15,3,0,4.5,0,110,80,72.73,108,70,64.81
8,1,tail_2_3,39,15,3,0,4.5,1,68,46,67.65,58,39,67.24
8,1,tail_2_3,39,15,3,0,6,0,112,82,73.21,109,71,65.14
8,1,tail_2_3,39,15,3,0,6,1,70,48,68.57,59,40,67.8
8,1,tail_2_3,39,15,3,1,2.5,0,20,16,80.0,23,16,69.57
8,1,tail_2_3,39,15,3,1,2.5,1,3,2,66.67,1,1,100.0
8,1,tail_2_3,39,15,3,1,4.5,0,45,34,75.56,51,34,66.67
8,1,tail_2_3,39,15,3,1,4.5,1,19,12,63.16,17,12,70.59
8,1,tail_2_3,39,15,3,1,6,0,47,36,76.6,52,35,67.31
8,1,tail_2_3,39,15,3,1,6,1,21,14,66.67,18,13,72.22
8,1,tail_2_3,39,15,5,0,2.5,0,80,58,72.5,75,49,65.33
8,1,tail_2_3,39,15,5,0,2.5,1,47,32,68.09,38,25,65.79
8,1,tail_2_3,39,15,5,0,4.5,0,88,65,73.86,84,55,65.48
8,1,tail_2_3,39,15,5,0,4.5,1,47,32,68.09,38,25,65.79
8,1,tail_2_3,39,15,5,0,6,0,90,67,74.44,85,56,65.88
8,1,tail_2_3,39,15,5,0,6,1,49,34,69.39,39,26,66.67
8,1,tail_2_3,39,15,5,1,2.5,0,17,14,82.35,21,15,71.43
8,1,tail_2_3,39,15,5,1,4.5,0,25,21,84.0,30,21,70.0
8,1,tail_2_3,39,15,5,1,6,0,27,23,85.19,31,22,70.97
8,1,tail_2_3,39,15,5,1,6,1,2,2,100.0,1,1,100.0
8,1,tail_2_3,39,30,3,0,2.5,0,85,62,72.94,80,52,65.0
8,1,tail_2_3,39,30,3,0,2.5,1,52,36,69.23,42,28,66.67
8,1,tail_2_3,39,30,3,0,4.5,0,97,70,72.16,91,59,64.84
8,1,tail_2_3,39,30,3,0,4.5,1,59,39,66.1,46,30,65.22
8,1,tail_2_3,39,30,3,0,6,0,97,70,72.16,91,59,64.84
8,1,tail_2_3,39,30,3,0,6,1,59,39,66.1,46,30,65.22
8,1,tail_2_3,39,30,3,1,2.5,0,20,16,80.0,23,16,69.57
8,1,tail_2_3,39,30,3,1,2.5,1,3,2,66.67,1,1,100.0
8,1,tail_2_3,39,30,3,1,4.5,0,32,24,75.0,34,23,67.65
8,1,tail_2_3,39,30,3,1,4.5,1,10,5,50.0,5,3,60.0
8,1,tail_2_3,39,30,3,1,6,0,32,24,75.0,34,23,67.65
8,1,tail_2_3,39,30,3,1,6,1,10,5,50.0,5,3,60.0
8,1,tail_2_3,39,30,5,0,2.5,0,80,58,72.5,75,49,65.33
8,1,tail_2_3,39,30,5,0,2.5,1,47,32,68.09,38,25,65.79
8,1,tail_2_3,39,30,5,0,4.5,0,84,62,73.81,80,53,66.25
8,1,tail_2_3,39,30,5,0,4.5,1,47,32,68.09,38,25,65.79
8,1,tail_2_3,39,30,5,0,6,0,84,62,73.81,80,53,66.25
8,1,tail_2_3,39,30,5,0,6,1,47,32,68.09,38,25,65.79
8,1,tail_2_3,39,30,5,1,2.5,0,17,14,82.35,21,15,71.43
8,1,tail_2_3,39,30,5,1,4.5,0,21,18,85.71,26,19,73.08
8,1,tail_2_3,39,30,5,1,6,0,21,18,85.71,26,19,73.08
8,1,tail_2_3,45,0,3,0,2.5,0,57,40,70.18,60,38,63.33
8,1,tail_2_3,45,0,3,0,2.5,1,38,25,65.79,34,21,61.76
8,1,tail_2_3,45,0,3,0,4.5,0,72,50,69.44,76,48,63.16
8,1,tail_2_3,45,0,3,0,4.5,1,44,28,63.64,44,27,61.36
8,1,tail_2_3,45,0,3,0,6,0,79,56,70.89,88,57,64.77
8,1,tail_2_3,45,0,3,0,6,1,51,34,66.67,56,36,64.29
8,1,tail_2_3,45,0,3,1,2.5,0,10,8,80.0,15,10,66.67
8,1,tail_2_3,45,0,3,1,4.5,0,25,18,72.0,31,20,64.52
8,1,tail_2_3,45,0,3,1,4.5,1,6,3,50.0,10,6,60.0
8,1,tail_2_3,45,0,3,1,6,0,32,24,75.0,43,29,67.44
8,1,tail_2_3,45,0,3,1,6,1,13,9,69.23,22,15,68.18
8,1,tail_2_3,45,0,5,0,2.5,0,57,40,70.18,60,38,63.33
8,1,tail_2_3,45,0,5,0,2.5,1,38,25,65.79,34,21,61.76
8,1,tail_2_3,45,0,5,0,4.5,0,71,49,69.01,73,46,63.01
8,1,tail_2_3,45,0,5,0,4.5,1,43,27,62.79,41,25,60.98
8,1,tail_2_3,45,0,5,0,6,0,77,54,70.13,82,54,65.85
8,1,tail_2_3,45,0,5,0,6,1,49,32,65.31,50,33,66.0
8,1,tail_2_3,45,0,5,1,2.5,0,10,8,80.0,15,10,66.67
8,1,tail_2_3,45,0,5,1,4.5,0,24,17,70.83,28,18,64.29
8,1,tail_2_3,45,0,5,1,4.5,1,5,2,40.0,7,4,57.14
8,1,tail_2_3,45,0,5,1,6,0,30,22,73.33,37,26,70.27
8,1,tail_2_3,45,0,5,1,6,1,11,7,63.64,16,12,75.0
8,1,tail_2_3,45,15,3,0,2.5,0,57,40,70.18,60,38,63.33
8,1,tail_2_3,45,15,3,0,2.5,1,38,25,65.79,34,21,61.76
8,1,tail_2_3,45,15,3,0,4.5,0,65,47,72.31,65,40,61.54
8,1,tail_2_3,45,15,3,0,4.5,1,39,26,66.67,35,21,60.0
8,1,tail_2_3,45,15,3,0,6,0,67,49,73.13,66,41,62.12
8,1,tail_2_3,45,15,3,0,6,1,41,28,68.29,36,22,61.11
8,1,tail_2_3,45,15,3,1,2.5,0,10,8,80.0,15,10,66.67
8,1,tail_2_3,45,15,3,1,4.5,0,18,15,83.33,20,12,60.0
8,1,tail_2_3,45,15,3,1,4.5,1,1,1,100.0,1,0,0.0
8,1,tail_2_3,45,15,3,1,6,0,20,17,85.0,21,13,61.9
8,1,tail_2_3,45,15,3,1,6,1,3,3,100.0,2,1,50.0
8,1,tail_2_3,45,15,5,0,2.5,0,57,40,70.18,60,38,63.33
8,1,tail_2_3,45,15,5,0,2.5,1,38,25,65.79,34,21,61.76
8,1,tail_2_3,45,15,5,0,4.5,0,64,46,71.88,64,40,62.5
8,1,tail_2_3,45,15,5,0,4.5,1,38,25,65.79,34,21,61.76
8,1,tail_2_3,45,15,5,0,6,0,66,48,72.73,65,41,63.08
8,1,tail_2_3,45,15,5,0,6,1,40,27,67.5,35,22,62.86
8,1,tail_2_3,45,15,5,1,2.5,0,10,8,80.0,15,10,66.67
8,1,tail_2_3,45,15,5,1,4.5,0,17,14,82.35,19,12,63.16
8,1,tail_2_3,45,15,5,1,6,0,19,16,84.21,20,13,65.0
8,1,tail_2_3,45,15,5,1,6,1,2,2,100.0,1,1,100.0
8,1,tail_2_3,45,30,3,0,2.5,0,57,40,70.18,60,38,63.33
8,1,tail_2_3,45,30,3,0,2.5,1,38,25,65.79,34,21,61.76
8,1,tail_2_3,45,30,3,0,4.5,0,60,43,71.67,61,39,63.93
8,1,tail_2_3,45,30,3,0,4.5,1,38,25,65.79,34,21,61.76
8,1,tail_2_3,45,30,3,0,6,0,60,43,71.67,61,39,63.93
8,1,tail_2_3,45,30,3,0,6,1,38,25,65.79,34,21,61.76
8,1,tail_2_3,45,30,3,1,2.5,0,10,8,80.0,15,10,66.67
8,1,tail_2_3,45,30,3,1,4.5,0,13,11,84.62,16,11,68.75
8,1,tail_2_3,45,30,3,1,6,0,13,11,84.62,16,11,68.75
8,1,tail_2_3,45,30,5,0,2.5,0,57,40,70.18,60,38,63.33
8,1,tail_2_3,45,30,5,0,2.5,1,38,25,65.79,34,21,61.76
8,1,tail_2_3,45,30,5,0,4.5,0,60,43,71.67,61,39,63.93
8,1,tail_2_3,45,30,5,0,4.5,1,38,25,65.79,34,21,61.76
8,1,tail_2_3,45,30,5,0,6,0,60,43,71.67,61,39,63.93
8,1,tail_2_3,45,30,5,0,6,1,38,25,65.79,34,21,61.76
8,1,tail_2_3,45,30,5,1,2.5,0,10,8,80.0,15,10,66.67
8,1,tail_2_3,45,30,5,1,4.5,0,13,11,84.62,16,11,68.75
8,1,tail_2_3,45,30,5,1,6,0,13,11,84.62,16,11,68.75
8,1,tail_ge4,20,0,3,0,2.5,0,24,18,75.0,33,23,69.7
8,1,tail_ge4,20,0,3,0,2.5,1,20,16,80.0,28,20,71.43
8,1,tail_ge4,20,0,3,0,4.5,0,47,32,68.09,57,39,68.42
8,1,tail_ge4,20,0,3,0,4.5,1,43,30,69.77,50,35,70.0
8,1,tail_ge4,20,0,3,0,6,0,57,40,70.18,75,52,69.33
8,1,tail_ge4,20,0,3,0,6,1,51,37,72.55,67,47,70.15
8,1,tail_ge4,20,0,3,1,2.5,0,10,7,70.0,18,12,66.67
8,1,tail_ge4,20,0,3,1,2.5,1,7,6,85.71,15,10,66.67
8,1,tail_ge4,20,0,3,1,4.5,0,33,21,63.64,42,28,66.67
8,1,tail_ge4,20,0,3,1,4.5,1,30,20,66.67,37,25,67.57
8,1,tail_ge4,20,0,3,1,6,0,43,29,67.44,60,41,68.33
8,1,tail_ge4,20,0,3,1,6,1,38,27,71.05,54,37,68.52
8,1,tail_ge4,20,0,5,0,2.5,0,14,9,64.29,16,11,68.75
8,1,tail_ge4,20,0,5,0,2.5,1,11,8,72.73,11,8,72.73
8,1,tail_ge4,20,0,5,0,4.5,0,14,9,64.29,18,12,66.67
8,1,tail_ge4,20,0,5,0,4.5,1,11,8,72.73,11,8,72.73
8,1,tail_ge4,20,0,5,0,6,0,18,13,72.22,29,19,65.52
8,1,tail_ge4,20,0,5,0,6,1,15,12,80.0,22,15,68.18
8,1,tail_ge4,20,0,5,1,2.5,0,2,0,0.0,3,2,66.67
8,1,tail_ge4,20,0,5,1,4.5,0,2,0,0.0,5,3,60.0
8,1,tail_ge4,20,0,5,1,6,0,6,4,66.67,16,10,62.5
8,1,tail_ge4,20,0,5,1,6,1,4,4,100.0,11,7,63.64
8,1,tail_ge4,20,15,3,0,2.5,0,24,18,75.0,33,23,69.7
8,1,tail_ge4,20,15,3,0,2.5,1,20,16,80.0,28,20,71.43
8,1,tail_ge4,20,15,3,0,4.5,0,47,32,68.09,57,39,68.42
8,1,tail_ge4,20,15,3,0,4.5,1,43,30,69.77,50,35,70.0
8,1,tail_ge4,20,15,3,0,6,0,55,39,70.91,71,48,67.61
8,1,tail_ge4,20,15,3,0,6,1,51,37,72.55,64,44,68.75
8,1,tail_ge4,20,15,3,1,2.5,0,10,7,70.0,18,12,66.67
8,1,tail_ge4,20,15,3,1,2.5,1,7,6,85.71,15,10,66.67
8,1,tail_ge4,20,15,3,1,4.5,0,33,21,63.64,42,28,66.67
8,1,tail_ge4,20,15,3,1,4.5,1,30,20,66.67,37,25,67.57
8,1,tail_ge4,20,15,3,1,6,0,41,28,68.29,56,37,66.07
8,1,tail_ge4,20,15,3,1,6,1,38,27,71.05,51,34,66.67
8,1,tail_ge4,20,15,5,0,2.5,0,14,9,64.29,16,11,68.75
8,1,tail_ge4,20,15,5,0,2.5,1,11,8,72.73,11,8,72.73
8,1,tail_ge4,20,15,5,0,4.5,0,14,9,64.29,18,12,66.67
8,1,tail_ge4,20,15,5,0,4.5,1,11,8,72.73,11,8,72.73
8,1,tail_ge4,20,15,5,0,6,0,18,13,72.22,29,19,65.52
8,1,tail_ge4,20,15,5,0,6,1,15,12,80.0,22,15,68.18
8,1,tail_ge4,20,15,5,1,2.5,0,2,0,0.0,3,2,66.67
8,1,tail_ge4,20,15,5,1,4.5,0,2,0,0.0,5,3,60.0
8,1,tail_ge4,20,15,5,1,6,0,6,4,66.67,16,10,62.5
8,1,tail_ge4,20,15,5,1,6,1,4,4,100.0,11,7,63.64
8,1,tail_ge4,20,30,3,0,2.5,0,24,18,75.0,33,23,69.7
8,1,tail_ge4,20,30,3,0,2.5,1,20,16,80.0,28,20,71.43
8,1,tail_ge4,20,30,3,0,4.5,0,44,29,65.91,52,35,67.31
8,1,tail_ge4,20,30,3,0,4.5,1,40,27,67.5,46,32,69.57
8,1,tail_ge4,20,30,3,0,6,0,45,30,66.67,53,35,66.04
8,1,tail_ge4,20,30,3,0,6,1,41,28,68.29,47,32,68.09
8,1,tail_ge4,20,30,3,1,2.5,0,10,7,70.0,18,12,66.67
8,1,tail_ge4,20,30,3,1,2.5,1,7,6,85.71,15,10,66.67
8,1,tail_ge4,20,30,3,1,4.5,0,30,18,60.0,37,24,64.86
8,1,tail_ge4,20,30,3,1,4.5,1,27,17,62.96,33,22,66.67
8,1,tail_ge4,20,30,3,1,6,0,31,19,61.29,38,24,63.16
8,1,tail_ge4,20,30,3,1,6,1,28,18,64.29,34,22,64.71
8,1,tail_ge4,20,30,5,0,2.5,0,14,9,64.29,16,11,68.75
8,1,tail_ge4,20,30,5,0,2.5,1,11,8,72.73,11,8,72.73
8,1,tail_ge4,20,30,5,0,4.5,0,14,9,64.29,17,11,64.71
8,1,tail_ge4,20,30,5,0,4.5,1,11,8,72.73,11,8,72.73
8,1,tail_ge4,20,30,5,0,6,0,15,10,66.67,17,11,64.71
8,1,tail_ge4,20,30,5,0,6,1,12,9,75.0,11,8,72.73
8,1,tail_ge4,20,30,5,1,2.5,0,2,0,0.0,3,2,66.67
8,1,tail_ge4,20,30,5,1,4.5,0,2,0,0.0,4,2,50.0
8,1,tail_ge4,20,30,5,1,6,0,3,1,33.33,4,2,50.0
8,1,tail_ge4,30,0,3,0,2.5,0,24,18,75.0,33,23,69.7
8,1,tail_ge4,30,0,3,0,2.5,1,20,16,80.0,28,20,71.43
8,1,tail_ge4,30,0,3,0,4.5,0,40,28,70.0,53,36,67.92
8,1,tail_ge4,30,0,3,0,4.5,1,36,26,72.22,46,32,69.57
8,1,tail_ge4,30,0,3,0,6,0,50,36,72.0,69,47,68.12
8,1,tail_ge4,30,0,3,0,6,1,44,33,75.0,61,42,68.85
8,1,tail_ge4,30,0,3,1,2.5,0,10,7,70.0,18,12,66.67
8,1,tail_ge4,30,0,3,1,2.5,1,7,6,85.71,15,10,66.67
8,1,tail_ge4,30,0,3,1,4.5,0,26,17,65.38,38,25,65.79
8,1,tail_ge4,30,0,3,1,4.5,1,23,16,69.57,33,22,66.67
8,1,tail_ge4,30,0,3,1,6,0,36,25,69.44,54,36,66.67
8,1,tail_ge4,30,0,3,1,6,1,31,23,74.19,48,32,66.67
8,1,tail_ge4,30,0,5,0,2.5,0,14,9,64.29,16,11,68.75
8,1,tail_ge4,30,0,5,0,2.5,1,11,8,72.73,11,8,72.73
8,1,tail_ge4,30,0,5,0,4.5,0,14,9,64.29,18,12,66.67
8,1,tail_ge4,30,0,5,0,4.5,1,11,8,72.73,11,8,72.73
8,1,tail_ge4,30,0,5,0,6,0,18,13,72.22,29,19,65.52
8,1,tail_ge4,30,0,5,0,6,1,15,12,80.0,22,15,68.18
8,1,tail_ge4,30,0,5,1,2.5,0,2,0,0.0,3,2,66.67
8,1,tail_ge4,30,0,5,1,4.5,0,2,0,0.0,5,3,60.0
8,1,tail_ge4,30,0,5,1,6,0,6,4,66.67,16,10,62.5
8,1,tail_ge4,30,0,5,1,6,1,4,4,100.0,11,7,63.64
8,1,tail_ge4,30,15,3,0,2.5,0,24,18,75.0,33,23,69.7
8,1,tail_ge4,30,15,3,0,2.5,1,20,16,80.0,28,20,71.43
8,1,tail_ge4,30,15,3,0,4.5,0,40,28,70.0,53,36,67.92
8,1,tail_ge4,30,15,3,0,4.5,1,36,26,72.22,46,32,69.57
8,1,tail_ge4,30,15,3,0,6,0,48,35,72.92,66,44,66.67
8,1,tail_ge4,30,15,3,0,6,1,44,33,75.0,59,40,67.8
8,1,tail_ge4,30,15,3,1,2.5,0,10,7,70.0,18,12,66.67
8,1,tail_ge4,30,15,3,1,2.5,1,7,6,85.71,15,10,66.67
8,1,tail_ge4,30,15,3,1,4.5,0,26,17,65.38,38,25,65.79
8,1,tail_ge4,30,15,3,1,4.5,1,23,16,69.57,33,22,66.67
8,1,tail_ge4,30,15,3,1,6,0,34,24,70.59,51,33,64.71
8,1,tail_ge4,30,15,3,1,6,1,31,23,74.19,46,30,65.22
8,1,tail_ge4,30,15,5,0,2.5,0,14,9,64.29,16,11,68.75
8,1,tail_ge4,30,15,5,0,2.5,1,11,8,72.73,11,8,72.73
8,1,tail_ge4,30,15,5,0,4.5,0,14,9,64.29,18,12,66.67
8,1,tail_ge4,30,15,5,0,4.5,1,11,8,72.73,11,8,72.73
8,1,tail_ge4,30,15,5,0,6,0,18,13,72.22,29,19,65.52
8,1,tail_ge4,30,15,5,0,6,1,15,12,80.0,22,15,68.18
8,1,tail_ge4,30,15,5,1,2.5,0,2,0,0.0,3,2,66.67
8,1,tail_ge4,30,15,5,1,4.5,0,2,0,0.0,5,3,60.0
8,1,tail_ge4,30,15,5,1,6,0,6,4,66.67,16,10,62.5
8,1,tail_ge4,30,15,5,1,6,1,4,4,100.0,11,7,63.64
8,1,tail_ge4,30,30,3,0,2.5,0,24,18,75.0,33,23,69.7
8,1,tail_ge4,30,30,3,0,2.5,1,20,16,80.0,28,20,71.43
8,1,tail_ge4,30,30,3,0,4.5,0,39,27,69.23,49,33,67.35
8,1,tail_ge4,30,30,3,0,4.5,1,35,25,71.43,43,30,69.77
8,1,tail_ge4,30,30,3,0,6,0,40,28,70.0,50,33,66.0
8,1,tail_ge4,30,30,3,0,6,1,36,26,72.22,44,30,68.18
8,1,tail_ge4,30,30,3,1,2.5,0,10,7,70.0,18,12,66.67
8,1,tail_ge4,30,30,3,1,2.5,1,7,6,85.71,15,10,66.67
8,1,tail_ge4,30,30,3,1,4.5,0,25,16,64.0,34,22,64.71
8,1,tail_ge4,30,30,3,1,4.5,1,22,15,68.18,30,20,66.67
8,1,tail_ge4,30,30,3,1,6,0,26,17,65.38,35,22,62.86
8,1,tail_ge4,30,30,3,1,6,1,23,16,69.57,31,20,64.52
8,1,tail_ge4,30,30,5,0,2.5,0,14,9,64.29,16,11,68.75
8,1,tail_ge4,30,30,5,0,2.5,1,11,8,72.73,11,8,72.73
8,1,tail_ge4,30,30,5,0,4.5,0,14,9,64.29,17,11,64.71
8,1,tail_ge4,30,30,5,0,4.5,1,11,8,72.73,11,8,72.73
8,1,tail_ge4,30,30,5,0,6,0,15,10,66.67,17,11,64.71
8,1,tail_ge4,30,30,5,0,6,1,12,9,75.0,11,8,72.73
8,1,tail_ge4,30,30,5,1,2.5,0,2,0,0.0,3,2,66.67
8,1,tail_ge4,30,30,5,1,4.5,0,2,0,0.0,4,2,50.0
8,1,tail_ge4,30,30,5,1,6,0,3,1,33.33,4,2,50.0
8,1,tail_ge4,39,0,3,0,2.5,0,16,11,68.75,21,13,61.9
8,1,tail_ge4,39,0,3,0,2.5,1,13,10,76.92,17,11,64.71
8,1,tail_ge4,39,0,3,0,4.5,0,22,14,63.64,27,18,66.67
8,1,tail_ge4,39,0,3,0,4.5,1,19,13,68.42,21,15,71.43
8,1,tail_ge4,39,0,3,0,6,0,29,20,68.97,41,28,68.29
8,1,tail_ge4,39,0,3,0,6,1,24,18,75.0,34,24,70.59
8,1,tail_ge4,39,0,3,1,2.5,0,4,2,50.0,8,4,50.0
8,1,tail_ge4,39,0,3,1,2.5,1,2,2,100.0,6,3,50.0
8,1,tail_ge4,39,0,3,1,4.5,0,10,5,50.0,14,9,64.29
8,1,tail_ge4,39,0,3,1,4.5,1,8,5,62.5,10,7,70.0
8,1,tail_ge4,39,0,3,1,6,0,17,11,64.71,28,19,67.86
8,1,tail_ge4,39,0,3,1,6,1,13,10,76.92,23,16,69.57
8,1,tail_ge4,39,0,5,0,2.5,0,14,9,64.29,15,10,66.67
8,1,tail_ge4,39,0,5,0,2.5,1,11,8,72.73,11,8,72.73
8,1,tail_ge4,39,0,5,0,4.5,0,14,9,64.29,17,11,64.71
8,1,tail_ge4,39,0,5,0,4.5,1,11,8,72.73,11,8,72.73
8,1,tail_ge4,39,0,5,0,6,0,18,13,72.22,28,18,64.29
8,1,tail_ge4,39,0,5,0,6,1,15,12,80.0,22,15,68.18
8,1,tail_ge4,39,0,5,1,2.5,0,2,0,0.0,2,1,50.0
8,1,tail_ge4,39,0,5,1,4.5,0,2,0,0.0,4,2,50.0
8,1,tail_ge4,39,0,5,1,6,0,6,4,66.67,15,9,60.0
8,1,tail_ge4,39,0,5,1,6,1,4,4,100.0,11,7,63.64
8,1,tail_ge4,39,15,3,0,2.5,0,16,11,68.75,21,13,61.9
8,1,tail_ge4,39,15,3,0,2.5,1,13,10,76.92,17,11,64.71
8,1,tail_ge4,39,15,3,0,4.5,0,22,14,63.64,27,18,66.67
8,1,tail_ge4,39,15,3,0,4.5,1,19,13,68.42,21,15,71.43
8,1,tail_ge4,39,15,3,0,6,0,27,19,70.37,39,26,66.67
8,1,tail_ge4,39,15,3,0,6,1,24,18,75.0,33,23,69.7
8,1,tail_ge4,39,15,3,1,2.5,0,4,2,50.0,8,4,50.0
8,1,tail_ge4,39,15,3,1,2.5,1,2,2,100.0,6,3,50.0
8,1,tail_ge4,39,15,3,1,4.5,0,10,5,50.0,14,9,64.29
8,1,tail_ge4,39,15,3,1,4.5,1,8,5,62.5,10,7,70.0
8,1,tail_ge4,39,15,3,1,6,0,15,10,66.67,26,17,65.38
8,1,tail_ge4,39,15,3,1,6,1,13,10,76.92,22,15,68.18
8,1,tail_ge4,39,15,5,0,2.5,0,14,9,64.29,15,10,66.67
8,1,tail_ge4,39,15,5,0,2.5,1,11,8,72.73,11,8,72.73
8,1,tail_ge4,39,15,5,0,4.5,0,14,9,64.29,17,11,64.71
8,1,tail_ge4,39,15,5,0,4.5,1,11,8,72.73,11,8,72.73
8,1,tail_ge4,39,15,5,0,6,0,18,13,72.22,28,18,64.29
8,1,tail_ge4,39,15,5,0,6,1,15,12,80.0,22,15,68.18
8,1,tail_ge4,39,15,5,1,2.5,0,2,0,0.0,2,1,50.0
8,1,tail_ge4,39,15,5,1,4.5,0,2,0,0.0,4,2,50.0
8,1,tail_ge4,39,15,5,1,6,0,6,4,66.67,15,9,60.0
8,1,tail_ge4,39,15,5,1,6,1,4,4,100.0,11,7,63.64
8,1,tail_ge4,39,30,3,0,2.5,0,16,11,68.75,21,13,61.9
8,1,tail_ge4,39,30,3,0,2.5,1,13,10,76.92,17,11,64.71
8,1,tail_ge4,39,30,3,0,4.5,0,22,14,63.64,26,17,65.38
8,1,tail_ge4,39,30,3,0,4.5,1,19,13,68.42,21,15,71.43
8,1,tail_ge4,39,30,3,0,6,0,23,15,65.22,26,17,65.38
8,1,tail_ge4,39,30,3,0,6,1,20,14,70.0,21,15,71.43
8,1,tail_ge4,39,30,3,1,2.5,0,4,2,50.0,8,4,50.0
8,1,tail_ge4,39,30,3,1,2.5,1,2,2,100.0,6,3,50.0
8,1,tail_ge4,39,30,3,1,4.5,0,10,5,50.0,13,8,61.54
8,1,tail_ge4,39,30,3,1,4.5,1,8,5,62.5,10,7,70.0
8,1,tail_ge4,39,30,3,1,6,0,11,6,54.55,13,8,61.54
8,1,tail_ge4,39,30,3,1,6,1,9,6,66.67,10,7,70.0
8,1,tail_ge4,39,30,5,0,2.5,0,14,9,64.29,15,10,66.67
8,1,tail_ge4,39,30,5,0,2.5,1,11,8,72.73,11,8,72.73
8,1,tail_ge4,39,30,5,0,4.5,0,14,9,64.29,16,10,62.5
8,1,tail_ge4,39,30,5,0,4.5,1,11,8,72.73,11,8,72.73
8,1,tail_ge4,39,30,5,0,6,0,15,10,66.67,16,10,62.5
8,1,tail_ge4,39,30,5,0,6,1,12,9,75.0,11,8,72.73
8,1,tail_ge4,39,30,5,1,2.5,0,2,0,0.0,2,1,50.0
8,1,tail_ge4,39,30,5,1,4.5,0,2,0,0.0,3,1,33.33
8,1,tail_ge4,39,30,5,1,6,0,3,1,33.33,3,1,33.33
8,1,tail_ge4,45,0,3,0,2.5,0,14,9,64.29,13,10,76.92
8,1,tail_ge4,45,0,3,0,2.5,1,11,8,72.73,11,8,72.73
8,1,tail_ge4,45,0,3,0,4.5,0,16,10,62.5,15,11,73.33
8,1,tail_ge4,45,0,3,0,4.5,1,13,9,69.23,11,8,72.73
8,1,tail_ge4,45,0,3,0,6,0,19,13,68.42,27,19,70.37
8,1,tail_ge4,45,0,3,0,6,1,16,12,75.0,22,15,68.18
8,1,tail_ge4,45,0,3,1,2.5,0,2,0,0.0,1,1,100.0
8,1,tail_ge4,45,0,3,1,4.5,0,4,1,25.0,3,2,66.67
8,1,tail_ge4,45,0,3,1,6,0,7,4,57.14,15,10,66.67
8,1,tail_ge4,45,0,3,1,6,1,5,4,80.0,11,7,63.64
8,1,tail_ge4,45,0,5,0,2.5,0,14,9,64.29,13,10,76.92
8,1,tail_ge4,45,0,5,0,2.5,1,11,8,72.73,11,8,72.73
8,1,tail_ge4,45,0,5,0,4.5,0,14,9,64.29,15,11,73.33
8,1,tail_ge4,45,0,5,0,4.5,1,11,8,72.73,11,8,72.73
8,1,tail_ge4,45,0,5,0,6,0,17,12,70.59,25,17,68.0
8,1,tail_ge4,45,0,5,0,6,1,14,11,78.57,21,14,66.67
8,1,tail_ge4,45,0,5,1,2.5,0,2,0,0.0,1,1,100.0
8,1,tail_ge4,45,0,5,1,4.5,0,2,0,0.0,3,2,66.67
8,1,tail_ge4,45,0,5,1,6,0,5,3,60.0,13,8,61.54
8,1,tail_ge4,45,0,5,1,6,1,3,3,100.0,10,6,60.0
8,1,tail_ge4,45,15,3,0,2.5,0,14,9,64.29,13,10,76.92
8,1,tail_ge4,45,15,3,0,2.5,1,11,8,72.73,11,8,72.73
8,1,tail_ge4,45,15,3,0,4.5,0,16,10,62.5,15,11,73.33
8,1,tail_ge4,45,15,3,0,4.5,1,13,9,69.23,11,8,72.73
8,1,tail_ge4,45,15,3,0,6,0,19,13,68.42,25,17,68.0
8,1,tail_ge4,45,15,3,0,6,1,16,12,75.0,21,14,66.67
8,1,tail_ge4,45,15,3,1,2.5,0,2,0,0.0,1,1,100.0
8,1,tail_ge4,45,15,3,1,4.5,0,4,1,25.0,3,2,66.67
8,1,tail_ge4,45,15,3,1,6,0,7,4,57.14,13,8,61.54
8,1,tail_ge4,45,15,3,1,6,1,5,4,80.0,10,6,60.0
8,1,tail_ge4,45,15,5,0,2.5,0,14,9,64.29,13,10,76.92
8,1,tail_ge4,45,15,5,0,2.5,1,11,8,72.73,11,8,72.73
8,1,tail_ge4,45,15,5,0,4.5,0,14,9,64.29,15,11,73.33
8,1,tail_ge4,45,15,5,0,4.5,1,11,8,72.73,11,8,72.73
8,1,tail_ge4,45,15,5,0,6,0,17,12,70.59,25,17,68.0
8,1,tail_ge4,45,15,5,0,6,1,14,11,78.57,21,14,66.67
8,1,tail_ge4,45,15,5,1,2.5,0,2,0,0.0,1,1,100.0
8,1,tail_ge4,45,15,5,1,4.5,0,2,0,0.0,3,2,66.67
8,1,tail_ge4,45,15,5,1,6,0,5,3,60.0,13,8,61.54
8,1,tail_ge4,45,15,5,1,6,1,3,3,100.0,10,6,60.0
8,1,tail_ge4,45,30,3,0,2.5,0,14,9,64.29,13,10,76.92
8,1,tail_ge4,45,30,3,0,2.5,1,11,8,72.73,11,8,72.73
8,1,tail_ge4,45,30,3,0,4.5,0,16,10,62.5,14,10,71.43
8,1,tail_ge4,45,30,3,0,4.5,1,13,9,69.23,11,8,72.73
8,1,tail_ge4,45,30,3,0,6,0,17,11,64.71,14,10,71.43
8,1,tail_ge4,45,30,3,0,6,1,14,10,71.43,11,8,72.73
8,1,tail_ge4,45,30,3,1,2.5,0,2,0,0.0,1,1,100.0
8,1,tail_ge4,45,30,3,1,4.5,0,4,1,25.0,2,1,50.0
8,1,tail_ge4,45,30,3,1,6,0,5,2,40.0,2,1,50.0
8,1,tail_ge4,45,30,5,0,2.5,0,14,9,64.29,13,10,76.92
8,1,tail_ge4,45,30,5,0,2.5,1,11,8,72.73,11,8,72.73
8,1,tail_ge4,45,30,5,0,4.5,0,14,9,64.29,14,10,71.43
8,1,tail_ge4,45,30,5,0,4.5,1,11,8,72.73,11,8,72.73
8,1,tail_ge4,45,30,5,0,6,0,15,10,66.67,14,10,71.43
8,1,tail_ge4,45,30,5,0,6,1,12,9,75.0,11,8,72.73
8,1,tail_ge4,45,30,5,1,2.5,0,2,0,0.0,1,1,100.0
8,1,tail_ge4,45,30,5,1,4.5,0,2,0,0.0,2,1,50.0
8,1,tail_ge4,45,30,5,1,6,0,3,1,33.33,2,1,50.0
8,2,no_tail,20,0,3,0,2.5,0,59,40,67.8,54,25,46.3
8,2,no_tail,20,0,3,0,2.5,1,59,40,67.8,54,25,46.3
8,2,no_tail,20,0,3,0,4.5,0,122,85,69.67,114,66,57.89
8,2,no_tail,20,0,3,0,4.5,1,122,85,69.67,114,66,57.89
8,2,no_tail,20,0,3,0,6,0,122,85,69.67,114,66,57.89
8,2,no_tail,20,0,3,0,6,1,122,85,69.67,114,66,57.89
8,2,no_tail,20,0,3,1,2.5,0,28,17,60.71,24,9,37.5
8,2,no_tail,20,0,3,1,2.5,1,28,17,60.71,24,9,37.5
8,2,no_tail,20,0,3,1,4.5,0,91,62,68.13,84,50,59.52
8,2,no_tail,20,0,3,1,4.5,1,91,62,68.13,84,50,59.52
8,2,no_tail,20,0,3,1,6,0,91,62,68.13,84,50,59.52
8,2,no_tail,20,0,3,1,6,1,91,62,68.13,84,50,59.52
8,2,no_tail,20,0,5,0,2.5,0,32,23,71.88,26,13,50.0
8,2,no_tail,20,0,5,0,2.5,1,32,23,71.88,26,13,50.0
8,2,no_tail,20,0,5,0,4.5,0,62,45,72.58,55,31,56.36
8,2,no_tail,20,0,5,0,4.5,1,62,45,72.58,55,31,56.36
8,2,no_tail,20,0,5,0,6,0,62,45,72.58,55,31,56.36
8,2,no_tail,20,0,5,0,6,1,62,45,72.58,55,31,56.36
8,2,no_tail,20,0,5,1,2.5,0,2,0,0.0,1,0,0.0
8,2,no_tail,20,0,5,1,2.5,1,2,0,0.0,1,0,0.0
8,2,no_tail,20,0,5,1,4.5,0,32,22,68.75,30,18,60.0
8,2,no_tail,20,0,5,1,4.5,1,32,22,68.75,30,18,60.0
8,2,no_tail,20,0,5,1,6,0,32,22,68.75,30,18,60.0
8,2,no_tail,20,0,5,1,6,1,32,22,68.75,30,18,60.0
8,2,no_tail,20,15,3,0,2.5,0,59,40,67.8,54,25,46.3
8,2,no_tail,20,15,3,0,2.5,1,59,40,67.8,54,25,46.3
8,2,no_tail,20,15,3,0,4.5,0,80,54,67.5,78,39,50.0
8,2,no_tail,20,15,3,0,4.5,1,80,54,67.5,78,39,50.0
8,2,no_tail,20,15,3,0,6,0,80,54,67.5,78,39,50.0
8,2,no_tail,20,15,3,0,6,1,80,54,67.5,78,39,50.0
8,2,no_tail,20,15,3,1,2.5,0,28,17,60.71,24,9,37.5
8,2,no_tail,20,15,3,1,2.5,1,28,17,60.71,24,9,37.5
8,2,no_tail,20,15,3,1,4.5,0,49,31,63.27,48,23,47.92
8,2,no_tail,20,15,3,1,4.5,1,49,31,63.27,48,23,47.92
8,2,no_tail,20,15,3,1,6,0,49,31,63.27,48,23,47.92
8,2,no_tail,20,15,3,1,6,1,49,31,63.27,48,23,47.92
8,2,no_tail,20,15,5,0,2.5,0,32,23,71.88,26,13,50.0
8,2,no_tail,20,15,5,0,2.5,1,32,23,71.88,26,13,50.0
8,2,no_tail,20,15,5,0,4.5,0,42,31,73.81,42,20,47.62
8,2,no_tail,20,15,5,0,4.5,1,42,31,73.81,42,20,47.62
8,2,no_tail,20,15,5,0,6,0,42,31,73.81,42,20,47.62
8,2,no_tail,20,15,5,0,6,1,42,31,73.81,42,20,47.62
8,2,no_tail,20,15,5,1,2.5,0,2,0,0.0,1,0,0.0
8,2,no_tail,20,15,5,1,2.5,1,2,0,0.0,1,0,0.0
8,2,no_tail,20,15,5,1,4.5,0,12,8,66.67,17,7,41.18
8,2,no_tail,20,15,5,1,4.5,1,12,8,66.67,17,7,41.18
8,2,no_tail,20,15,5,1,6,0,12,8,66.67,17,7,41.18
8,2,no_tail,20,15,5,1,6,1,12,8,66.67,17,7,41.18
8,2,no_tail,20,30,3,0,2.5,0,48,35,72.92,48,22,45.83
8,2,no_tail,20,30,3,0,2.5,1,48,35,72.92,48,22,45.83
8,2,no_tail,20,30,3,0,4.5,0,49,36,73.47,48,22,45.83
8,2,no_tail,20,30,3,0,4.5,1,49,36,73.47,48,22,45.83
8,2,no_tail,20,30,3,0,6,0,49,36,73.47,48,22,45.83
8,2,no_tail,20,30,3,0,6,1,49,36,73.47,48,22,45.83
8,2,no_tail,20,30,3,1,2.5,0,17,12,70.59,18,6,33.33
8,2,no_tail,20,30,3,1,2.5,1,17,12,70.59,18,6,33.33
8,2,no_tail,20,30,3,1,4.5,0,18,13,72.22,18,6,33.33
8,2,no_tail,20,30,3,1,4.5,1,18,13,72.22,18,6,33.33
8,2,no_tail,20,30,3,1,6,0,18,13,72.22,18,6,33.33
8,2,no_tail,20,30,3,1,6,1,18,13,72.22,18,6,33.33
8,2,no_tail,20,30,5,0,2.5,0,31,23,74.19,26,13,50.0
8,2,no_tail,20,30,5,0,2.5,1,31,23,74.19,26,13,50.0
8,2,no_tail,20,30,5,0,4.5,0,32,24,75.0,26,13,50.0
8,2,no_tail,20,30,5,0,4.5,1,32,24,75.0,26,13,50.0
8,2,no_tail,20,30,5,0,6,0,32,24,75.0,26,13,50.0
8,2,no_tail,20,30,5,0,6,1,32,24,75.0,26,13,50.0
8,2,no_tail,20,30,5,1,2.5,0,1,0,0.0,1,0,0.0
8,2,no_tail,20,30,5,1,2.5,1,1,0,0.0,1,0,0.0
8,2,no_tail,20,30,5,1,4.5,0,2,1,50.0,1,0,0.0
8,2,no_tail,20,30,5,1,4.5,1,2,1,50.0,1,0,0.0
8,2,no_tail,20,30,5,1,6,0,2,1,50.0,1,0,0.0
8,2,no_tail,20,30,5,1,6,1,2,1,50.0,1,0,0.0
8,2,no_tail,30,0,3,0,2.5,0,58,39,67.24,51,24,47.06
8,2,no_tail,30,0,3,0,2.5,1,58,39,67.24,51,24,47.06
8,2,no_tail,30,0,3,0,4.5,0,118,82,69.49,109,63,57.8
8,2,no_tail,30,0,3,0,4.5,1,118,82,69.49,109,63,57.8
8,2,no_tail,30,0,3,0,6,0,118,82,69.49,109,63,57.8
8,2,no_tail,30,0,3,0,6,1,118,82,69.49,109,63,57.8
8,2,no_tail,30,0,3,1,2.5,0,27,16,59.26,21,8,38.1
8,2,no_tail,30,0,3,1,2.5,1,27,16,59.26,21,8,38.1
8,2,no_tail,30,0,3,1,4.5,0,87,59,67.82,79,47,59.49
8,2,no_tail,30,0,3,1,4.5,1,87,59,67.82,79,47,59.49
8,2,no_tail,30,0,3,1,6,0,87,59,67.82,79,47,59.49
8,2,no_tail,30,0,3,1,6,1,87,59,67.82,79,47,59.49
8,2,no_tail,30,0,5,0,2.5,0,32,23,71.88,26,13,50.0
8,2,no_tail,30,0,5,0,2.5,1,32,23,71.88,26,13,50.0
8,2,no_tail,30,0,5,0,4.5,0,62,45,72.58,55,31,56.36
8,2,no_tail,30,0,5,0,4.5,1,62,45,72.58,55,31,56.36
8,2,no_tail,30,0,5,0,6,0,62,45,72.58,55,31,56.36
8,2,no_tail,30,0,5,0,6,1,62,45,72.58,55,31,56.36
8,2,no_tail,30,0,5,1,2.5,0,2,0,0.0,1,0,0.0
8,2,no_tail,30,0,5,1,2.5,1,2,0,0.0,1,0,0.0
8,2,no_tail,30,0,5,1,4.5,0,32,22,68.75,30,18,60.0
8,2,no_tail,30,0,5,1,4.5,1,32,22,68.75,30,18,60.0
8,2,no_tail,30,0,5,1,6,0,32,22,68.75,30,18,60.0
8,2,no_tail,30,0,5,1,6,1,32,22,68.75,30,18,60.0
8,2,no_tail,30,15,3,0,2.5,0,58,39,67.24,51,24,47.06
8,2,no_tail,30,15,3,0,2.5,1,58,39,67.24,51,24,47.06
8,2,no_tail,30,15,3,0,4.5,0,78,52,66.67,75,38,50.67
8,2,no_tail,30,15,3,0,4.5,1,78,52,66.67,75,38,50.67
8,2,no_tail,30,15,3,0,6,0,78,52,66.67,75,38,50.67
8,2,no_tail,30,15,3,0,6,1,78,52,66.67,75,38,50.67
8,2,no_tail,30,15,3,1,2.5,0,27,16,59.26,21,8,38.1
8,2,no_tail,30,15,3,1,2.5,1,27,16,59.26,21,8,38.1
8,2,no_tail,30,15,3,1,4.5,0,47,29,61.7,45,22,48.89
8,2,no_tail,30,15,3,1,4.5,1,47,29,61.7,45,22,48.89
8,2,no_tail,30,15,3,1,6,0,47,29,61.7,45,22,48.89
8,2,no_tail,30,15,3,1,6,1,47,29,61.7,45,22,48.89
8,2,no_tail,30,15,5,0,2.5,0,32,23,71.88,26,13,50.0
8,2,no_tail,30,15,5,0,2.5,1,32,23,71.88,26,13,50.0
8,2,no_tail,30,15,5,0,4.5,0,42,31,73.81,42,20,47.62
8,2,no_tail,30,15,5,0,4.5,1,42,31,73.81,42,20,47.62
8,2,no_tail,30,15,5,0,6,0,42,31,73.81,42,20,47.62
8,2,no_tail,30,15,5,0,6,1,42,31,73.81,42,20,47.62
8,2,no_tail,30,15,5,1,2.5,0,2,0,0.0,1,0,0.0
8,2,no_tail,30,15,5,1,2.5,1,2,0,0.0,1,0,0.0
8,2,no_tail,30,15,5,1,4.5,0,12,8,66.67,17,7,41.18
8,2,no_tail,30,15,5,1,4.5,1,12,8,66.67,17,7,41.18
8,2,no_tail,30,15,5,1,6,0,12,8,66.67,17,7,41.18
8,2,no_tail,30,15,5,1,6,1,12,8,66.67,17,7,41.18
8,2,no_tail,30,30,3,0,2.5,0,48,35,72.92,47,22,46.81
8,2,no_tail,30,30,3,0,2.5,1,48,35,72.92,47,22,46.81
8,2,no_tail,30,30,3,0,4.5,0,49,36,73.47,47,22,46.81
8,2,no_tail,30,30,3,0,4.5,1,49,36,73.47,47,22,46.81
8,2,no_tail,30,30,3,0,6,0,49,36,73.47,47,22,46.81
8,2,no_tail,30,30,3,0,6,1,49,36,73.47,47,22,46.81
8,2,no_tail,30,30,3,1,2.5,0,17,12,70.59,17,6,35.29
8,2,no_tail,30,30,3,1,2.5,1,17,12,70.59,17,6,35.29
8,2,no_tail,30,30,3,1,4.5,0,18,13,72.22,17,6,35.29
8,2,no_tail,30,30,3,1,4.5,1,18,13,72.22,17,6,35.29
8,2,no_tail,30,30,3,1,6,0,18,13,72.22,17,6,35.29
8,2,no_tail,30,30,3,1,6,1,18,13,72.22,17,6,35.29
8,2,no_tail,30,30,5,0,2.5,0,31,23,74.19,26,13,50.0
8,2,no_tail,30,30,5,0,2.5,1,31,23,74.19,26,13,50.0
8,2,no_tail,30,30,5,0,4.5,0,32,24,75.0,26,13,50.0
8,2,no_tail,30,30,5,0,4.5,1,32,24,75.0,26,13,50.0
8,2,no_tail,30,30,5,0,6,0,32,24,75.0,26,13,50.0
8,2,no_tail,30,30,5,0,6,1,32,24,75.0,26,13,50.0
8,2,no_tail,30,30,5,1,2.5,0,1,0,0.0,1,0,0.0
8,2,no_tail,30,30,5,1,2.5,1,1,0,0.0,1,0,0.0
8,2,no_tail,30,30,5,1,4.5,0,2,1,50.0,1,0,0.0
8,2,no_tail,30,30,5,1,4.5,1,2,1,50.0,1,0,0.0
8,2,no_tail,30,30,5,1,6,0,2,1,50.0,1,0,0.0
8,2,no_tail,30,30,5,1,6,1,2,1,50.0,1,0,0.0
8,2,no_tail,39,0,3,0,2.5,0,39,30,76.92,34,17,50.0
8,2,no_tail,39,0,3,0,2.5,1,39,30,76.92,34,17,50.0
8,2,no_tail,39,0,3,0,4.5,0,85,60,70.59,73,42,57.53
8,2,no_tail,39,0,3,0,4.5,1,85,60,70.59,73,42,57.53
8,2,no_tail,39,0,3,0,6,0,85,60,70.59,73,42,57.53
8,2,no_tail,39,0,3,0,6,1,85,60,70.59,73,42,57.53
8,2,no_tail,39,0,3,1,2.5,0,9,7,77.78,8,3,37.5
8,2,no_tail,39,0,3,1,2.5,1,9,7,77.78,8,3,37.5
8,2,no_tail,39,0,3,1,4.5,0,55,37,67.27,47,28,59.57
8,2,no_tail,39,0,3,1,4.5,1,55,37,67.27,47,28,59.57
8,2,no_tail,39,0,3,1,6,0,55,37,67.27,47,28,59.57
8,2,no_tail,39,0,3,1,6,1,55,37,67.27,47,28,59.57
8,2,no_tail,39,0,5,0,2.5,0,29,23,79.31,25,13,52.0
8,2,no_tail,39,0,5,0,2.5,1,29,23,79.31,25,13,52.0
8,2,no_tail,39,0,5,0,4.5,0,58,44,75.86,54,31,57.41
8,2,no_tail,39,0,5,0,4.5,1,58,44,75.86,54,31,57.41
8,2,no_tail,39,0,5,0,6,0,58,44,75.86,54,31,57.41
8,2,no_tail,39,0,5,0,6,1,58,44,75.86,54,31,57.41
8,2,no_tail,39,0,5,1,4.5,0,29,21,72.41,29,18,62.07
8,2,no_tail,39,0,5,1,4.5,1,29,21,72.41,29,18,62.07
8,2,no_tail,39,0,5,1,6,0,29,21,72.41,29,18,62.07
8,2,no_tail,39,0,5,1,6,1,29,21,72.41,29,18,62.07
8,2,no_tail,39,15,3,0,2.5,0,39,30,76.92,34,17,50.0
8,2,no_tail,39,15,3,0,2.5,1,39,30,76.92,34,17,50.0
8,2,no_tail,39,15,3,0,4.5,0,54,38,70.37,54,27,50.0
8,2,no_tail,39,15,3,0,4.5,1,54,38,70.37,54,27,50.0
8,2,no_tail,39,15,3,0,6,0,54,38,70.37,54,27,50.0
8,2,no_tail,39,15,3,0,6,1,54,38,70.37,54,27,50.0
8,2,no_tail,39,15,3,1,2.5,0,9,7,77.78,8,3,37.5
8,2,no_tail,39,15,3,1,2.5,1,9,7,77.78,8,3,37.5
8,2,no_tail,39,15,3,1,4.5,0,24,15,62.5,28,13,46.43
8,2,no_tail,39,15,3,1,4.5,1,24,15,62.5,28,13,46.43
8,2,no_tail,39,15,3,1,6,0,24,15,62.5,28,13,46.43
8,2,no_tail,39,15,3,1,6,1,24,15,62.5,28,13,46.43
8,2,no_tail,39,15,5,0,2.5,0,29,23,79.31,25,13,52.0
8,2,no_tail,39,15,5,0,2.5,1,29,23,79.31,25,13,52.0
8,2,no_tail,39,15,5,0,4.5,0,38,30,78.95,41,20,48.78
8,2,no_tail,39,15,5,0,4.5,1,38,30,78.95,41,20,48.78
8,2,no_tail,39,15,5,0,6,0,38,30,78.95,41,20,48.78
8,2,no_tail,39,15,5,0,6,1,38,30,78.95,41,20,48.78
8,2,no_tail,39,15,5,1,4.5,0,9,7,77.78,16,7,43.75
8,2,no_tail,39,15,5,1,4.5,1,9,7,77.78,16,7,43.75
8,2,no_tail,39,15,5,1,6,0,9,7,77.78,16,7,43.75
8,2,no_tail,39,15,5,1,6,1,9,7,77.78,16,7,43.75
8,2,no_tail,39,30,3,0,2.5,0,38,30,78.95,32,16,50.0
8,2,no_tail,39,30,3,0,2.5,1,38,30,78.95,32,16,50.0
8,2,no_tail,39,30,3,0,4.5,0,39,31,79.49,32,16,50.0
8,2,no_tail,39,30,3,0,4.5,1,39,31,79.49,32,16,50.0
8,2,no_tail,39,30,3,0,6,0,39,31,79.49,32,16,50.0
8,2,no_tail,39,30,3,0,6,1,39,31,79.49,32,16,50.0
8,2,no_tail,39,30,3,1,2.5,0,8,7,87.5,6,2,33.33
8,2,no_tail,39,30,3,1,2.5,1,8,7,87.5,6,2,33.33
8,2,no_tail,39,30,3,1,4.5,0,9,8,88.89,6,2,33.33
8,2,no_tail,39,30,3,1,4.5,1,9,8,88.89,6,2,33.33
8,2,no_tail,39,30,3,1,6,0,9,8,88.89,6,2,33.33
8,2,no_tail,39,30,3,1,6,1,9,8,88.89,6,2,33.33
8,2,no_tail,39,30,5,0,2.5,0,29,23,79.31,25,13,52.0
8,2,no_tail,39,30,5,0,2.5,1,29,23,79.31,25,13,52.0
8,2,no_tail,39,30,5,0,4.5,0,30,24,80.0,25,13,52.0
8,2,no_tail,39,30,5,0,4.5,1,30,24,80.0,25,13,52.0
8,2,no_tail,39,30,5,0,6,0,30,24,80.0,25,13,52.0
8,2,no_tail,39,30,5,0,6,1,30,24,80.0,25,13,52.0
8,2,no_tail,45,0,3,0,2.5,0,25,19,76.0,25,13,52.0
8,2,no_tail,45,0,3,0,2.5,1,25,19,76.0,25,13,52.0
8,2,no_tail,45,0,3,0,4.5,0,48,35,72.92,53,30,56.6
8,2,no_tail,45,0,3,0,4.5,1,48,35,72.92,53,30,56.6
8,2,no_tail,45,0,3,0,6,0,48,35,72.92,53,30,56.6
8,2,no_tail,45,0,3,0,6,1,48,35,72.92,53,30,56.6
8,2,no_tail,45,0,3,1,4.5,0,23,16,69.57,29,18,62.07
8,2,no_tail,45,0,3,1,4.5,1,23,16,69.57,29,18,62.07
8,2,no_tail,45,0,3,1,6,0,23,16,69.57,29,18,62.07
8,2,no_tail,45,0,3,1,6,1,23,16,69.57,29,18,62.07
8,2,no_tail,45,0,5,0,2.5,0,25,19,76.0,24,12,50.0
8,2,no_tail,45,0,5,0,2.5,1,25,19,76.0,24,12,50.0
8,2,no_tail,45,0,5,0,4.5,0,46,34,73.91,50,28,56.0
8,2,no_tail,45,0,5,0,4.5,1,46,34,73.91,50,28,56.0
8,2,no_tail,45,0,5,0,6,0,46,34,73.91,50,28,56.0
8,2,no_tail,45,0,5,0,6,1,46,34,73.91,50,28,56.0
8,2,no_tail,45,0,5,1,4.5,0,21,15,71.43,26,16,61.54
8,2,no_tail,45,0,5,1,4.5,1,21,15,71.43,26,16,61.54
8,2,no_tail,45,0,5,1,6,0,21,15,71.43,26,16,61.54
8,2,no_tail,45,0,5,1,6,1,21,15,71.43,26,16,61.54
8,2,no_tail,45,15,3,0,2.5,0,25,19,76.0,25,13,52.0
8,2,no_tail,45,15,3,0,2.5,1,25,19,76.0,25,13,52.0
8,2,no_tail,45,15,3,0,4.5,0,32,24,75.0,40,20,50.0
8,2,no_tail,45,15,3,0,4.5,1,32,24,75.0,40,20,50.0
8,2,no_tail,45,15,3,0,6,0,32,24,75.0,40,20,50.0
8,2,no_tail,45,15,3,0,6,1,32,24,75.0,40,20,50.0
8,2,no_tail,45,15,3,1,4.5,0,7,5,71.43,16,8,50.0
8,2,no_tail,45,15,3,1,4.5,1,7,5,71.43,16,8,50.0
8,2,no_tail,45,15,3,1,6,0,7,5,71.43,16,8,50.0
8,2,no_tail,45,15,3,1,6,1,7,5,71.43,16,8,50.0
8,2,no_tail,45,15,5,0,2.5,0,25,19,76.0,24,12,50.0
8,2,no_tail,45,15,5,0,2.5,1,25,19,76.0,24,12,50.0
8,2,no_tail,45,15,5,0,4.5,0,32,24,75.0,39,19,48.72
8,2,no_tail,45,15,5,0,4.5,1,32,24,75.0,39,19,48.72
8,2,no_tail,45,15,5,0,6,0,32,24,75.0,39,19,48.72
8,2,no_tail,45,15,5,0,6,1,32,24,75.0,39,19,48.72
8,2,no_tail,45,15,5,1,4.5,0,7,5,71.43,15,7,46.67
8,2,no_tail,45,15,5,1,4.5,1,7,5,71.43,15,7,46.67
8,2,no_tail,45,15,5,1,6,0,7,5,71.43,15,7,46.67
8,2,no_tail,45,15,5,1,6,1,7,5,71.43,15,7,46.67
8,2,no_tail,45,30,3,0,2.5,0,25,19,76.0,24,12,50.0
8,2,no_tail,45,30,3,0,2.5,1,25,19,76.0,24,12,50.0
8,2,no_tail,45,30,3,0,4.5,0,26,20,76.92,24,12,50.0
8,2,no_tail,45,30,3,0,4.5,1,26,20,76.92,24,12,50.0
8,2,no_tail,45,30,3,0,6,0,26,20,76.92,24,12,50.0
8,2,no_tail,45,30,3,0,6,1,26,20,76.92,24,12,50.0
8,2,no_tail,45,30,5,0,2.5,0,25,19,76.0,24,12,50.0
8,2,no_tail,45,30,5,0,2.5,1,25,19,76.0,24,12,50.0
8,2,no_tail,45,30,5,0,4.5,0,26,20,76.92,24,12,50.0
8,2,no_tail,45,30,5,0,4.5,1,26,20,76.92,24,12,50.0
8,2,no_tail,45,30,5,0,6,0,26,20,76.92,24,12,50.0
8,2,no_tail,45,30,5,0,6,1,26,20,76.92,24,12,50.0
8,2,tail_1,20,0,3,0,2.5,0,22,16,72.73,19,10,52.63
8,2,tail_1,20,0,3,0,2.5,1,22,16,72.73,19,10,52.63
8,2,tail_1,20,0,3,0,4.5,0,91,64,70.33,99,68,68.69
8,2,tail_1,20,0,3,0,4.5,1,91,64,70.33,99,68,68.69
8,2,tail_1,20,0,3,0,6,0,91,64,70.33,101,69,68.32
8,2,tail_1,20,0,3,0,6,1,91,64,70.33,101,69,68.32
8,2,tail_1,20,0,3,1,2.5,0,16,13,81.25,7,3,42.86
8,2,tail_1,20,0,3,1,2.5,1,16,13,81.25,7,3,42.86
8,2,tail_1,20,0,3,1,4.5,0,85,61,71.76,87,61,70.11
8,2,tail_1,20,0,3,1,4.5,1,85,61,71.76,87,61,70.11
8,2,tail_1,20,0,3,1,6,0,85,61,71.76,89,62,69.66
8,2,tail_1,20,0,3,1,6,1,85,61,71.76,89,62,69.66
8,2,tail_1,20,0,5,0,2.5,0,6,3,50.0,13,7,53.85
8,2,tail_1,20,0,5,0,2.5,1,6,3,50.0,13,7,53.85
8,2,tail_1,20,0,5,0,4.5,0,48,32,66.67,62,43,69.35
8,2,tail_1,20,0,5,0,4.5,1,48,32,66.67,62,43,69.35
8,2,tail_1,20,0,5,0,6,0,48,32,66.67,63,43,68.25
8,2,tail_1,20,0,5,0,6,1,48,32,66.67,63,43,68.25
8,2,tail_1,20,0,5,1,4.5,0,42,29,69.05,50,36,72.0
8,2,tail_1,20,0,5,1,4.5,1,42,29,69.05,50,36,72.0
8,2,tail_1,20,0,5,1,6,0,42,29,69.05,51,36,70.59
8,2,tail_1,20,0,5,1,6,1,42,29,69.05,51,36,70.59
8,2,tail_1,20,15,3,0,2.5,0,22,16,72.73,19,10,52.63
8,2,tail_1,20,15,3,0,2.5,1,22,16,72.73,19,10,52.63
8,2,tail_1,20,15,3,0,4.5,0,64,45,70.31,66,47,71.21
8,2,tail_1,20,15,3,0,4.5,1,64,45,70.31,66,47,71.21
8,2,tail_1,20,15,3,0,6,0,64,45,70.31,66,47,71.21
8,2,tail_1,20,15,3,0,6,1,64,45,70.31,66,47,71.21
8,2,tail_1,20,15,3,1,2.5,0,16,13,81.25,7,3,42.86
8,2,tail_1,20,15,3,1,2.5,1,16,13,81.25,7,3,42.86
8,2,tail_1,20,15,3,1,4.5,0,58,42,72.41,54,40,74.07
8,2,tail_1,20,15,3,1,4.5,1,58,42,72.41,54,40,74.07
8,2,tail_1,20,15,3,1,6,0,58,42,72.41,54,40,74.07
8,2,tail_1,20,15,3,1,6,1,58,42,72.41,54,40,74.07
8,2,tail_1,20,15,5,0,2.5,0,6,3,50.0,13,7,53.85
8,2,tail_1,20,15,5,0,2.5,1,6,3,50.0,13,7,53.85
8,2,tail_1,20,15,5,0,4.5,0,34,22,64.71,44,32,72.73
8,2,tail_1,20,15,5,0,4.5,1,34,22,64.71,44,32,72.73
8,2,tail_1,20,15,5,0,6,0,34,22,64.71,44,32,72.73
8,2,tail_1,20,15,5,0,6,1,34,22,64.71,44,32,72.73
8,2,tail_1,20,15,5,1,4.5,0,28,19,67.86,32,25,78.12
8,2,tail_1,20,15,5,1,4.5,1,28,19,67.86,32,25,78.12
8,2,tail_1,20,15,5,1,6,0,28,19,67.86,32,25,78.12
8,2,tail_1,20,15,5,1,6,1,28,19,67.86,32,25,78.12
8,2,tail_1,20,30,3,0,2.5,0,22,16,72.73,19,10,52.63
8,2,tail_1,20,30,3,0,2.5,1,22,16,72.73,19,10,52.63
8,2,tail_1,20,30,3,0,4.5,0,29,21,72.41,25,15,60.0
8,2,tail_1,20,30,3,0,4.5,1,29,21,72.41,25,15,60.0
8,2,tail_1,20,30,3,0,6,0,29,21,72.41,25,15,60.0
8,2,tail_1,20,30,3,0,6,1,29,21,72.41,25,15,60.0
8,2,tail_1,20,30,3,1,2.5,0,16,13,81.25,7,3,42.86
8,2,tail_1,20,30,3,1,2.5,1,16,13,81.25,7,3,42.86
8,2,tail_1,20,30,3,1,4.5,0,23,18,78.26,13,8,61.54
8,2,tail_1,20,30,3,1,4.5,1,23,18,78.26,13,8,61.54
8,2,tail_1,20,30,3,1,6,0,23,18,78.26,13,8,61.54
8,2,tail_1,20,30,3,1,6,1,23,18,78.26,13,8,61.54
8,2,tail_1,20,30,5,0,2.5,0,6,3,50.0,13,7,53.85
8,2,tail_1,20,30,5,0,2.5,1,6,3,50.0,13,7,53.85
8,2,tail_1,20,30,5,0,4.5,0,12,7,58.33,16,10,62.5
8,2,tail_1,20,30,5,0,4.5,1,12,7,58.33,16,10,62.5
8,2,tail_1,20,30,5,0,6,0,12,7,58.33,16,10,62.5
8,2,tail_1,20,30,5,0,6,1,12,7,58.33,16,10,62.5
8,2,tail_1,20,30,5,1,4.5,0,6,4,66.67,4,3,75.0
8,2,tail_1,20,30,5,1,4.5,1,6,4,66.67,4,3,75.0
8,2,tail_1,20,30,5,1,6,0,6,4,66.67,4,3,75.0
8,2,tail_1,20,30,5,1,6,1,6,4,66.67,4,3,75.0
8,2,tail_1,30,0,3,0,2.5,0,22,16,72.73,19,10,52.63
8,2,tail_1,30,0,3,0,2.5,1,22,16,72.73,19,10,52.63
8,2,tail_1,30,0,3,0,4.5,0,89,64,71.91,98,67,68.37
8,2,tail_1,30,0,3,0,4.5,1,89,64,71.91,98,67,68.37
8,2,tail_1,30,0,3,0,6,0,89,64,71.91,100,68,68.0
8,2,tail_1,30,0,3,0,6,1,89,64,71.91,100,68,68.0
8,2,tail_1,30,0,3,1,2.5,0,16,13,81.25,7,3,42.86
8,2,tail_1,30,0,3,1,2.5,1,16,13,81.25,7,3,42.86
8,2,tail_1,30,0,3,1,4.5,0,83,61,73.49,86,60,69.77
8,2,tail_1,30,0,3,1,4.5,1,83,61,73.49,86,60,69.77
8,2,tail_1,30,0,3,1,6,0,83,61,73.49,88,61,69.32
8,2,tail_1,30,0,3,1,6,1,83,61,73.49,88,61,69.32
8,2,tail_1,30,0,5,0,2.5,0,6,3,50.0,13,7,53.85
8,2,tail_1,30,0,5,0,2.5,1,6,3,50.0,13,7,53.85
8,2,tail_1,30,0,5,0,4.5,0,48,32,66.67,62,43,69.35
8,2,tail_1,30,0,5,0,4.5,1,48,32,66.67,62,43,69.35
8,2,tail_1,30,0,5,0,6,0,48,32,66.67,63,43,68.25
8,2,tail_1,30,0,5,0,6,1,48,32,66.67,63,43,68.25
8,2,tail_1,30,0,5,1,4.5,0,42,29,69.05,50,36,72.0
8,2,tail_1,30,0,5,1,4.5,1,42,29,69.05,50,36,72.0
8,2,tail_1,30,0,5,1,6,0,42,29,69.05,51,36,70.59
8,2,tail_1,30,0,5,1,6,1,42,29,69.05,51,36,70.59
8,2,tail_1,30,15,3,0,2.5,0,22,16,72.73,19,10,52.63
8,2,tail_1,30,15,3,0,2.5,1,22,16,72.73,19,10,52.63
8,2,tail_1,30,15,3,0,4.5,0,63,45,71.43,66,47,71.21
8,2,tail_1,30,15,3,0,4.5,1,63,45,71.43,66,47,71.21
8,2,tail_1,30,15,3,0,6,0,63,45,71.43,66,47,71.21
8,2,tail_1,30,15,3,0,6,1,63,45,71.43,66,47,71.21
8,2,tail_1,30,15,3,1,2.5,0,16,13,81.25,7,3,42.86
8,2,tail_1,30,15,3,1,2.5,1,16,13,81.25,7,3,42.86
8,2,tail_1,30,15,3,1,4.5,0,57,42,73.68,54,40,74.07
8,2,tail_1,30,15,3,1,4.5,1,57,42,73.68,54,40,74.07
8,2,tail_1,30,15,3,1,6,0,57,42,73.68,54,40,74.07
8,2,tail_1,30,15,3,1,6,1,57,42,73.68,54,40,74.07
8,2,tail_1,30,15,5,0,2.5,0,6,3,50.0,13,7,53.85
8,2,tail_1,30,15,5,0,2.5,1,6,3,50.0,13,7,53.85
8,2,tail_1,30,15,5,0,4.5,0,34,22,64.71,44,32,72.73
8,2,tail_1,30,15,5,0,4.5,1,34,22,64.71,44,32,72.73
8,2,tail_1,30,15,5,0,6,0,34,22,64.71,44,32,72.73
8,2,tail_1,30,15,5,0,6,1,34,22,64.71,44,32,72.73
8,2,tail_1,30,15,5,1,4.5,0,28,19,67.86,32,25,78.12
8,2,tail_1,30,15,5,1,4.5,1,28,19,67.86,32,25,78.12
8,2,tail_1,30,15,5,1,6,0,28,19,67.86,32,25,78.12
8,2,tail_1,30,15,5,1,6,1,28,19,67.86,32,25,78.12
8,2,tail_1,30,30,3,0,2.5,0,22,16,72.73,19,10,52.63
8,2,tail_1,30,30,3,0,2.5,1,22,16,72.73,19,10,52.63
8,2,tail_1,30,30,3,0,4.5,0,29,21,72.41,25,15,60.0
8,2,tail_1,30,30,3,0,4.5,1,29,21,72.41,25,15,60.0
8,2,tail_1,30,30,3,0,6,0,29,21,72.41,25,15,60.0
8,2,tail_1,30,30,3,0,6,1,29,21,72.41,25,15,60.0
8,2,tail_1,30,30,3,1,2.5,0,16,13,81.25,7,3,42.86
8,2,tail_1,30,30,3,1,2.5,1,16,13,81.25,7,3,42.86
8,2,tail_1,30,30,3,1,4.5,0,23,18,78.26,13,8,61.54
8,2,tail_1,30,30,3,1,4.5,1,23,18,78.26,13,8,61.54
8,2,tail_1,30,30,3,1,6,0,23,18,78.26,13,8,61.54
8,2,tail_1,30,30,3,1,6,1,23,18,78.26,13,8,61.54
8,2,tail_1,30,30,5,0,2.5,0,6,3,50.0,13,7,53.85
8,2,tail_1,30,30,5,0,2.5,1,6,3,50.0,13,7,53.85
8,2,tail_1,30,30,5,0,4.5,0,12,7,58.33,16,10,62.5
8,2,tail_1,30,30,5,0,4.5,1,12,7,58.33,16,10,62.5
8,2,tail_1,30,30,5,0,6,0,12,7,58.33,16,10,62.5
8,2,tail_1,30,30,5,0,6,1,12,7,58.33,16,10,62.5
8,2,tail_1,30,30,5,1,4.5,0,6,4,66.67,4,3,75.0
8,2,tail_1,30,30,5,1,4.5,1,6,4,66.67,4,3,75.0
8,2,tail_1,30,30,5,1,6,0,6,4,66.67,4,3,75.0
8,2,tail_1,30,30,5,1,6,1,6,4,66.67,4,3,75.0
8,2,tail_1,39,0,3,0,2.5,0,16,11,68.75,14,8,57.14
8,2,tail_1,39,0,3,0,2.5,1,16,11,68.75,14,8,57.14
8,2,tail_1,39,0,3,0,4.5,0,63,45,71.43,69,50,72.46
8,2,tail_1,39,0,3,0,4.5,1,63,45,71.43,69,50,72.46
8,2,tail_1,39,0,3,0,6,0,63,45,71.43,71,51,71.83
8,2,tail_1,39,0,3,0,6,1,63,45,71.43,71,51,71.83
8,2,tail_1,39,0,3,1,2.5,0,10,8,80.0,2,1,50.0
8,2,tail_1,39,0,3,1,2.5,1,10,8,80.0,2,1,50.0
8,2,tail_1,39,0,3,1,4.5,0,57,42,73.68,57,43,75.44
8,2,tail_1,39,0,3,1,4.5,1,57,42,73.68,57,43,75.44
8,2,tail_1,39,0,3,1,6,0,57,42,73.68,59,44,74.58
8,2,tail_1,39,0,3,1,6,1,57,42,73.68,59,44,74.58
8,2,tail_1,39,0,5,0,2.5,0,6,3,50.0,12,7,58.33
8,2,tail_1,39,0,5,0,2.5,1,6,3,50.0,12,7,58.33
8,2,tail_1,39,0,5,0,4.5,0,48,32,66.67,59,42,71.19
8,2,tail_1,39,0,5,0,4.5,1,48,32,66.67,59,42,71.19
8,2,tail_1,39,0,5,0,6,0,48,32,66.67,60,42,70.0
8,2,tail_1,39,0,5,0,6,1,48,32,66.67,60,42,70.0
8,2,tail_1,39,0,5,1,4.5,0,42,29,69.05,47,35,74.47
8,2,tail_1,39,0,5,1,4.5,1,42,29,69.05,47,35,74.47
8,2,tail_1,39,0,5,1,6,0,42,29,69.05,48,35,72.92
8,2,tail_1,39,0,5,1,6,1,42,29,69.05,48,35,72.92
8,2,tail_1,39,15,3,0,2.5,0,16,11,68.75,14,8,57.14
8,2,tail_1,39,15,3,0,2.5,1,16,11,68.75,14,8,57.14
8,2,tail_1,39,15,3,0,4.5,0,45,31,68.89,47,35,74.47
8,2,tail_1,39,15,3,0,4.5,1,45,31,68.89,47,35,74.47
8,2,tail_1,39,15,3,0,6,0,45,31,68.89,47,35,74.47
8,2,tail_1,39,15,3,0,6,1,45,31,68.89,47,35,74.47
8,2,tail_1,39,15,3,1,2.5,0,10,8,80.0,2,1,50.0
8,2,tail_1,39,15,3,1,2.5,1,10,8,80.0,2,1,50.0
8,2,tail_1,39,15,3,1,4.5,0,39,28,71.79,35,28,80.0
8,2,tail_1,39,15,3,1,4.5,1,39,28,71.79,35,28,80.0
8,2,tail_1,39,15,3,1,6,0,39,28,71.79,35,28,80.0
8,2,tail_1,39,15,3,1,6,1,39,28,71.79,35,28,80.0
8,2,tail_1,39,15,5,0,2.5,0,6,3,50.0,12,7,58.33
8,2,tail_1,39,15,5,0,2.5,1,6,3,50.0,12,7,58.33
8,2,tail_1,39,15,5,0,4.5,0,34,22,64.71,41,31,75.61
8,2,tail_1,39,15,5,0,4.5,1,34,22,64.71,41,31,75.61
8,2,tail_1,39,15,5,0,6,0,34,22,64.71,41,31,75.61
8,2,tail_1,39,15,5,0,6,1,34,22,64.71,41,31,75.61
8,2,tail_1,39,15,5,1,4.5,0,28,19,67.86,29,24,82.76
8,2,tail_1,39,15,5,1,4.5,1,28,19,67.86,29,24,82.76
8,2,tail_1,39,15,5,1,6,0,28,19,67.86,29,24,82.76
8,2,tail_1,39,15,5,1,6,1,28,19,67.86,29,24,82.76
8,2,tail_1,39,30,3,0,2.5,0,16,11,68.75,14,8,57.14
8,2,tail_1,39,30,3,0,2.5,1,16,11,68.75,14,8,57.14
8,2,tail_1,39,30,3,0,4.5,0,22,15,68.18,18,12,66.67
8,2,tail_1,39,30,3,0,4.5,1,22,15,68.18,18,12,66.67
8,2,tail_1,39,30,3,0,6,0,22,15,68.18,18,12,66.67
8,2,tail_1,39,30,3,0,6,1,22,15,68.18,18,12,66.67
8,2,tail_1,39,30,3,1,2.5,0,10,8,80.0,2,1,50.0
8,2,tail_1,39,30,3,1,2.5,1,10,8,80.0,2,1,50.0
8,2,tail_1,39,30,3,1,4.5,0,16,12,75.0,6,5,83.33
8,2,tail_1,39,30,3,1,4.5,1,16,12,75.0,6,5,83.33
8,2,tail_1,39,30,3,1,6,0,16,12,75.0,6,5,83.33
8,2,tail_1,39,30,3,1,6,1,16,12,75.0,6,5,83.33
8,2,tail_1,39,30,5,0,2.5,0,6,3,50.0,12,7,58.33
8,2,tail_1,39,30,5,0,2.5,1,6,3,50.0,12,7,58.33
8,2,tail_1,39,30,5,0,4.5,0,12,7,58.33,15,10,66.67
8,2,tail_1,39,30,5,0,4.5,1,12,7,58.33,15,10,66.67
8,2,tail_1,39,30,5,0,6,0,12,7,58.33,15,10,66.67
8,2,tail_1,39,30,5,0,6,1,12,7,58.33,15,10,66.67
8,2,tail_1,39,30,5,1,4.5,0,6,4,66.67,3,3,100.0
8,2,tail_1,39,30,5,1,4.5,1,6,4,66.67,3,3,100.0
8,2,tail_1,39,30,5,1,6,0,6,4,66.67,3,3,100.0
8,2,tail_1,39,30,5,1,6,1,6,4,66.67,3,3,100.0
8,2,tail_1,45,0,3,0,2.5,0,7,3,42.86,13,7,53.85
8,2,tail_1,45,0,3,0,2.5,1,7,3,42.86,13,7,53.85
8,2,tail_1,45,0,3,0,4.5,0,40,28,70.0,55,41,74.55
8,2,tail_1,45,0,3,0,4.5,1,40,28,70.0,55,41,74.55
8,2,tail_1,45,0,3,0,6,0,40,28,70.0,56,41,73.21
8,2,tail_1,45,0,3,0,6,1,40,28,70.0,56,41,73.21
8,2,tail_1,45,0,3,1,2.5,0,1,0,0.0,1,0,0.0
8,2,tail_1,45,0,3,1,2.5,1,1,0,0.0,1,0,0.0
8,2,tail_1,45,0,3,1,4.5,0,34,25,73.53,43,34,79.07
8,2,tail_1,45,0,3,1,4.5,1,34,25,73.53,43,34,79.07
8,2,tail_1,45,0,3,1,6,0,34,25,73.53,44,34,77.27
8,2,tail_1,45,0,3,1,6,1,34,25,73.53,44,34,77.27
8,2,tail_1,45,0,5,0,2.5,0,6,3,50.0,12,7,58.33
8,2,tail_1,45,0,5,0,2.5,1,6,3,50.0,12,7,58.33
8,2,tail_1,45,0,5,0,4.5,0,39,28,71.79,51,38,74.51
8,2,tail_1,45,0,5,0,4.5,1,39,28,71.79,51,38,74.51
8,2,tail_1,45,0,5,0,6,0,39,28,71.79,52,38,73.08
8,2,tail_1,45,0,5,0,6,1,39,28,71.79,52,38,73.08
8,2,tail_1,45,0,5,1,4.5,0,33,25,75.76,39,31,79.49
8,2,tail_1,45,0,5,1,4.5,1,33,25,75.76,39,31,79.49
8,2,tail_1,45,0,5,1,6,0,33,25,75.76,40,31,77.5
8,2,tail_1,45,0,5,1,6,1,33,25,75.76,40,31,77.5
8,2,tail_1,45,15,3,0,2.5,0,7,3,42.86,13,7,53.85
8,2,tail_1,45,15,3,0,2.5,1,7,3,42.86,13,7,53.85
8,2,tail_1,45,15,3,0,4.5,0,31,20,64.52,38,28,73.68
8,2,tail_1,45,15,3,0,4.5,1,31,20,64.52,38,28,73.68
8,2,tail_1,45,15,3,0,6,0,31,20,64.52,38,28,73.68
8,2,tail_1,45,15,3,0,6,1,31,20,64.52,38,28,73.68
8,2,tail_1,45,15,3,1,2.5,0,1,0,0.0,1,0,0.0
8,2,tail_1,45,15,3,1,2.5,1,1,0,0.0,1,0,0.0
8,2,tail_1,45,15,3,1,4.5,0,25,17,68.0,26,21,80.77
8,2,tail_1,45,15,3,1,4.5,1,25,17,68.0,26,21,80.77
8,2,tail_1,45,15,3,1,6,0,25,17,68.0,26,21,80.77
8,2,tail_1,45,15,3,1,6,1,25,17,68.0,26,21,80.77
8,2,tail_1,45,15,5,0,2.5,0,6,3,50.0,12,7,58.33
8,2,tail_1,45,15,5,0,2.5,1,6,3,50.0,12,7,58.33
8,2,tail_1,45,15,5,0,4.5,0,30,20,66.67,36,27,75.0
8,2,tail_1,45,15,5,0,4.5,1,30,20,66.67,36,27,75.0
8,2,tail_1,45,15,5,0,6,0,30,20,66.67,36,27,75.0
8,2,tail_1,45,15,5,0,6,1,30,20,66.67,36,27,75.0
8,2,tail_1,45,15,5,1,4.5,0,24,17,70.83,24,20,83.33
8,2,tail_1,45,15,5,1,4.5,1,24,17,70.83,24,20,83.33
8,2,tail_1,45,15,5,1,6,0,24,17,70.83,24,20,83.33
8,2,tail_1,45,15,5,1,6,1,24,17,70.83,24,20,83.33
8,2,tail_1,45,30,3,0,2.5,0,7,3,42.86,13,7,53.85
8,2,tail_1,45,30,3,0,2.5,1,7,3,42.86,13,7,53.85
8,2,tail_1,45,30,3,0,4.5,0,13,7,53.85,17,11,64.71
8,2,tail_1,45,30,3,0,4.5,1,13,7,53.85,17,11,64.71
8,2,tail_1,45,30,3,0,6,0,13,7,53.85,17,11,64.71
8,2,tail_1,45,30,3,0,6,1,13,7,53.85,17,11,64.71
8,2,tail_1,45,30,3,1,2.5,0,1,0,0.0,1,0,0.0
8,2,tail_1,45,30,3,1,2.5,1,1,0,0.0,1,0,0.0
8,2,tail_1,45,30,3,1,4.5,0,7,4,57.14,5,4,80.0
8,2,tail_1,45,30,3,1,4.5,1,7,4,57.14,5,4,80.0
8,2,tail_1,45,30,3,1,6,0,7,4,57.14,5,4,80.0
8,2,tail_1,45,30,3,1,6,1,7,4,57.14,5,4,80.0
8,2,tail_1,45,30,5,0,2.5,0,6,3,50.0,12,7,58.33
8,2,tail_1,45,30,5,0,2.5,1,6,3,50.0,12,7,58.33
8,2,tail_1,45,30,5,0,4.5,0,12,7,58.33,15,10,66.67
8,2,tail_1,45,30,5,0,4.5,1,12,7,58.33,15,10,66.67
8,2,tail_1,45,30,5,0,6,0,12,7,58.33,15,10,66.67
8,2,tail_1,45,30,5,0,6,1,12,7,58.33,15,10,66.67
8,2,tail_1,45,30,5,1,4.5,0,6,4,66.67,3,3,100.0
8,2,tail_1,45,30,5,1,4.5,1,6,4,66.67,3,3,100.0
8,2,tail_1,45,30,5,1,6,0,6,4,66.67,3,3,100.0
8,2,tail_1,45,30,5,1,6,1,6,4,66.67,3,3,100.0
8,2,tail_2_3,20,0,3,0,2.5,0,13,9,69.23,9,8,88.89
8,2,tail_2_3,20,0,3,0,2.5,1,13,9,69.23,9,8,88.89
8,2,tail_2_3,20,0,3,0,4.5,0,87,61,70.11,104,73,70.19
8,2,tail_2_3,20,0,3,0,4.5,1,87,61,70.11,104,73,70.19
8,2,tail_2_3,20,0,3,0,6,0,109,76,69.72,122,87,71.31
8,2,tail_2_3,20,0,3,0,6,1,109,76,69.72,122,87,71.31
8,2,tail_2_3,20,0,3,1,2.5,0,4,2,50.0,5,4,80.0
8,2,tail_2_3,20,0,3,1,2.5,1,4,2,50.0,5,4,80.0
8,2,tail_2_3,20,0,3,1,4.5,0,78,54,69.23,100,69,69.0
8,2,tail_2_3,20,0,3,1,4.5,1,78,54,69.23,100,69,69.0
8,2,tail_2_3,20,0,3,1,6,0,100,69,69.0,118,83,70.34
8,2,tail_2_3,20,0,3,1,6,1,100,69,69.0,118,83,70.34
8,2,tail_2_3,20,0,5,0,2.5,0,9,7,77.78,4,4,100.0
8,2,tail_2_3,20,0,5,0,2.5,1,9,7,77.78,4,4,100.0
8,2,tail_2_3,20,0,5,0,4.5,0,60,43,71.67,73,53,72.6
8,2,tail_2_3,20,0,5,0,4.5,1,60,43,71.67,73,53,72.6
8,2,tail_2_3,20,0,5,0,6,0,69,48,69.57,87,64,73.56
8,2,tail_2_3,20,0,5,0,6,1,69,48,69.57,87,64,73.56
8,2,tail_2_3,20,0,5,1,4.5,0,51,36,70.59,69,49,71.01
8,2,tail_2_3,20,0,5,1,4.5,1,51,36,70.59,69,49,71.01
8,2,tail_2_3,20,0,5,1,6,0,60,41,68.33,83,60,72.29
8,2,tail_2_3,20,0,5,1,6,1,60,41,68.33,83,60,72.29
8,2,tail_2_3,20,15,3,0,2.5,0,13,9,69.23,9,8,88.89
8,2,tail_2_3,20,15,3,0,2.5,1,13,9,69.23,9,8,88.89
8,2,tail_2_3,20,15,3,0,4.5,0,80,56,70.0,82,58,70.73
8,2,tail_2_3,20,15,3,0,4.5,1,80,56,70.0,82,58,70.73
8,2,tail_2_3,20,15,3,0,6,0,85,60,70.59,93,66,70.97
8,2,tail_2_3,20,15,3,0,6,1,85,60,70.59,93,66,70.97
8,2,tail_2_3,20,15,3,1,2.5,0,4,2,50.0,5,4,80.0
8,2,tail_2_3,20,15,3,1,2.5,1,4,2,50.0,5,4,80.0
8,2,tail_2_3,20,15,3,1,4.5,0,71,49,69.01,78,54,69.23
8,2,tail_2_3,20,15,3,1,4.5,1,71,49,69.01,78,54,69.23
8,2,tail_2_3,20,15,3,1,6,0,76,53,69.74,89,62,69.66
8,2,tail_2_3,20,15,3,1,6,1,76,53,69.74,89,62,69.66
8,2,tail_2_3,20,15,5,0,2.5,0,9,7,77.78,4,4,100.0
8,2,tail_2_3,20,15,5,0,2.5,1,9,7,77.78,4,4,100.0
8,2,tail_2_3,20,15,5,0,4.5,0,56,40,71.43,59,42,71.19
8,2,tail_2_3,20,15,5,0,4.5,1,56,40,71.43,59,42,71.19
8,2,tail_2_3,20,15,5,0,6,0,58,41,70.69,70,50,71.43
8,2,tail_2_3,20,15,5,0,6,1,58,41,70.69,70,50,71.43
8,2,tail_2_3,20,15,5,1,4.5,0,47,33,70.21,55,38,69.09
8,2,tail_2_3,20,15,5,1,4.5,1,47,33,70.21,55,38,69.09
8,2,tail_2_3,20,15,5,1,6,0,49,34,69.39,66,46,69.7
8,2,tail_2_3,20,15,5,1,6,1,49,34,69.39,66,46,69.7
8,2,tail_2_3,20,30,3,0,2.5,0,13,9,69.23,9,8,88.89
8,2,tail_2_3,20,30,3,0,2.5,1,13,9,69.23,9,8,88.89
8,2,tail_2_3,20,30,3,0,4.5,0,41,29,70.73,45,32,71.11
8,2,tail_2_3,20,30,3,0,4.5,1,41,29,70.73,45,32,71.11
8,2,tail_2_3,20,30,3,0,6,0,41,29,70.73,45,32,71.11
8,2,tail_2_3,20,30,3,0,6,1,41,29,70.73,45,32,71.11
8,2,tail_2_3,20,30,3,1,2.5,0,4,2,50.0,5,4,80.0
8,2,tail_2_3,20,30,3,1,2.5,1,4,2,50.0,5,4,80.0
8,2,tail_2_3,20,30,3,1,4.5,0,32,22,68.75,41,28,68.29
8,2,tail_2_3,20,30,3,1,4.5,1,32,22,68.75,41,28,68.29
8,2,tail_2_3,20,30,3,1,6,0,32,22,68.75,41,28,68.29
8,2,tail_2_3,20,30,3,1,6,1,32,22,68.75,41,28,68.29
8,2,tail_2_3,20,30,5,0,2.5,0,9,7,77.78,4,4,100.0
8,2,tail_2_3,20,30,5,0,2.5,1,9,7,77.78,4,4,100.0
8,2,tail_2_3,20,30,5,0,4.5,0,34,25,73.53,37,26,70.27
8,2,tail_2_3,20,30,5,0,4.5,1,34,25,73.53,37,26,70.27
8,2,tail_2_3,20,30,5,0,6,0,34,25,73.53,37,26,70.27
8,2,tail_2_3,20,30,5,0,6,1,34,25,73.53,37,26,70.27
8,2,tail_2_3,20,30,5,1,4.5,0,25,18,72.0,33,22,66.67
8,2,tail_2_3,20,30,5,1,4.5,1,25,18,72.0,33,22,66.67
8,2,tail_2_3,20,30,5,1,6,0,25,18,72.0,33,22,66.67
8,2,tail_2_3,20,30,5,1,6,1,25,18,72.0,33,22,66.67
8,2,tail_2_3,30,0,3,0,2.5,0,13,9,69.23,9,8,88.89
8,2,tail_2_3,30,0,3,0,2.5,1,13,9,69.23,9,8,88.89
8,2,tail_2_3,30,0,3,0,4.5,0,87,61,70.11,103,72,69.9
8,2,tail_2_3,30,0,3,0,4.5,1,87,61,70.11,103,72,69.9
8,2,tail_2_3,30,0,3,0,6,0,108,76,70.37,119,84,70.59
8,2,tail_2_3,30,0,3,0,6,1,108,76,70.37,119,84,70.59
8,2,tail_2_3,30,0,3,1,2.5,0,4,2,50.0,5,4,80.0
8,2,tail_2_3,30,0,3,1,2.5,1,4,2,50.0,5,4,80.0
8,2,tail_2_3,30,0,3,1,4.5,0,78,54,69.23,99,68,68.69
8,2,tail_2_3,30,0,3,1,4.5,1,78,54,69.23,99,68,68.69
8,2,tail_2_3,30,0,3,1,6,0,99,69,69.7,115,80,69.57
8,2,tail_2_3,30,0,3,1,6,1,99,69,69.7,115,80,69.57
8,2,tail_2_3,30,0,5,0,2.5,0,9,7,77.78,4,4,100.0
8,2,tail_2_3,30,0,5,0,2.5,1,9,7,77.78,4,4,100.0
8,2,tail_2_3,30,0,5,0,4.5,0,60,43,71.67,73,53,72.6
8,2,tail_2_3,30,0,5,0,4.5,1,60,43,71.67,73,53,72.6
8,2,tail_2_3,30,0,5,0,6,0,69,48,69.57,87,64,73.56
8,2,tail_2_3,30,0,5,0,6,1,69,48,69.57,87,64,73.56
8,2,tail_2_3,30,0,5,1,4.5,0,51,36,70.59,69,49,71.01
8,2,tail_2_3,30,0,5,1,4.5,1,51,36,70.59,69,49,71.01
8,2,tail_2_3,30,0,5,1,6,0,60,41,68.33,83,60,72.29
8,2,tail_2_3,30,0,5,1,6,1,60,41,68.33,83,60,72.29
8,2,tail_2_3,30,15,3,0,2.5,0,13,9,69.23,9,8,88.89
8,2,tail_2_3,30,15,3,0,2.5,1,13,9,69.23,9,8,88.89
8,2,tail_2_3,30,15,3,0,4.5,0,80,56,70.0,81,57,70.37
8,2,tail_2_3,30,15,3,0,4.5,1,80,56,70.0,81,57,70.37
8,2,tail_2_3,30,15,3,0,6,0,85,60,70.59,92,65,70.65
8,2,tail_2_3,30,15,3,0,6,1,85,60,70.59,92,65,70.65
8,2,tail_2_3,30,15,3,1,2.5,0,4,2,50.0,5,4,80.0
8,2,tail_2_3,30,15,3,1,2.5,1,4,2,50.0,5,4,80.0
8,2,tail_2_3,30,15,3,1,4.5,0,71,49,69.01,77,53,68.83
8,2,tail_2_3,30,15,3,1,4.5,1,71,49,69.01,77,53,68.83
8,2,tail_2_3,30,15,3,1,6,0,76,53,69.74,88,61,69.32
8,2,tail_2_3,30,15,3,1,6,1,76,53,69.74,88,61,69.32
8,2,tail_2_3,30,15,5,0,2.5,0,9,7,77.78,4,4,100.0
8,2,tail_2_3,30,15,5,0,2.5,1,9,7,77.78,4,4,100.0
8,2,tail_2_3,30,15,5,0,4.5,0,56,40,71.43,59,42,71.19
8,2,tail_2_3,30,15,5,0,4.5,1,56,40,71.43,59,42,71.19
8,2,tail_2_3,30,15,5,0,6,0,58,41,70.69,70,50,71.43
8,2,tail_2_3,30,15,5,0,6,1,58,41,70.69,70,50,71.43
8,2,tail_2_3,30,15,5,1,4.5,0,47,33,70.21,55,38,69.09
8,2,tail_2_3,30,15,5,1,4.5,1,47,33,70.21,55,38,69.09
8,2,tail_2_3,30,15,5,1,6,0,49,34,69.39,66,46,69.7
8,2,tail_2_3,30,15,5,1,6,1,49,34,69.39,66,46,69.7
8,2,tail_2_3,30,30,3,0,2.5,0,13,9,69.23,9,8,88.89
8,2,tail_2_3,30,30,3,0,2.5,1,13,9,69.23,9,8,88.89
8,2,tail_2_3,30,30,3,0,4.5,0,41,29,70.73,45,32,71.11
8,2,tail_2_3,30,30,3,0,4.5,1,41,29,70.73,45,32,71.11
8,2,tail_2_3,30,30,3,0,6,0,41,29,70.73,45,32,71.11
8,2,tail_2_3,30,30,3,0,6,1,41,29,70.73,45,32,71.11
8,2,tail_2_3,30,30,3,1,2.5,0,4,2,50.0,5,4,80.0
8,2,tail_2_3,30,30,3,1,2.5,1,4,2,50.0,5,4,80.0
8,2,tail_2_3,30,30,3,1,4.5,0,32,22,68.75,41,28,68.29
8,2,tail_2_3,30,30,3,1,4.5,1,32,22,68.75,41,28,68.29
8,2,tail_2_3,30,30,3,1,6,0,32,22,68.75,41,28,68.29
8,2,tail_2_3,30,30,3,1,6,1,32,22,68.75,41,28,68.29
8,2,tail_2_3,30,30,5,0,2.5,0,9,7,77.78,4,4,100.0
8,2,tail_2_3,30,30,5,0,2.5,1,9,7,77.78,4,4,100.0
8,2,tail_2_3,30,30,5,0,4.5,0,34,25,73.53,37,26,70.27
8,2,tail_2_3,30,30,5,0,4.5,1,34,25,73.53,37,26,70.27
8,2,tail_2_3,30,30,5,0,6,0,34,25,73.53,37,26,70.27
8,2,tail_2_3,30,30,5,0,6,1,34,25,73.53,37,26,70.27
8,2,tail_2_3,30,30,5,1,4.5,0,25,18,72.0,33,22,66.67
8,2,tail_2_3,30,30,5,1,4.5,1,25,18,72.0,33,22,66.67
8,2,tail_2_3,30,30,5,1,6,0,25,18,72.0,33,22,66.67
8,2,tail_2_3,30,30,5,1,6,1,25,18,72.0,33,22,66.67
8,2,tail_2_3,39,0,3,0,2.5,0,13,9,69.23,8,7,87.5
8,2,tail_2_3,39,0,3,0,2.5,1,13,9,69.23,8,7,87.5
8,2,tail_2_3,39,0,3,0,4.5,0,75,54,72.0,86,63,73.26
8,2,tail_2_3,39,0,3,0,4.5,1,75,54,72.0,86,63,73.26
8,2,tail_2_3,39,0,3,0,6,0,88,63,71.59,102,75,73.53
8,2,tail_2_3,39,0,3,0,6,1,88,63,71.59,102,75,73.53
8,2,tail_2_3,39,0,3,1,2.5,0,4,2,50.0,4,3,75.0
8,2,tail_2_3,39,0,3,1,2.5,1,4,2,50.0,4,3,75.0
8,2,tail_2_3,39,0,3,1,4.5,0,66,47,71.21,82,59,71.95
8,2,tail_2_3,39,0,3,1,4.5,1,66,47,71.21,82,59,71.95
8,2,tail_2_3,39,0,3,1,6,0,79,56,70.89,98,71,72.45
8,2,tail_2_3,39,0,3,1,6,1,79,56,70.89,98,71,72.45
8,2,tail_2_3,39,0,5,0,2.5,0,9,7,77.78,4,4,100.0
8,2,tail_2_3,39,0,5,0,2.5,1,9,7,77.78,4,4,100.0
8,2,tail_2_3,39,0,5,0,4.5,0,60,43,71.67,73,53,72.6
8,2,tail_2_3,39,0,5,0,4.5,1,60,43,71.67,73,53,72.6
8,2,tail_2_3,39,0,5,0,6,0,69,48,69.57,87,64,73.56
8,2,tail_2_3,39,0,5,0,6,1,69,48,69.57,87,64,73.56
8,2,tail_2_3,39,0,5,1,4.5,0,51,36,70.59,69,49,71.01
8,2,tail_2_3,39,0,5,1,4.5,1,51,36,70.59,69,49,71.01
8,2,tail_2_3,39,0,5,1,6,0,60,41,68.33,83,60,72.29
8,2,tail_2_3,39,0,5,1,6,1,60,41,68.33,83,60,72.29
8,2,tail_2_3,39,15,3,0,2.5,0,13,9,69.23,8,7,87.5
8,2,tail_2_3,39,15,3,0,2.5,1,13,9,69.23,8,7,87.5
8,2,tail_2_3,39,15,3,0,4.5,0,70,50,71.43,70,50,71.43
8,2,tail_2_3,39,15,3,0,4.5,1,70,50,71.43,70,50,71.43
8,2,tail_2_3,39,15,3,0,6,0,73,52,71.23,81,58,71.6
8,2,tail_2_3,39,15,3,0,6,1,73,52,71.23,81,58,71.6
8,2,tail_2_3,39,15,3,1,2.5,0,4,2,50.0,4,3,75.0
8,2,tail_2_3,39,15,3,1,2.5,1,4,2,50.0,4,3,75.0
8,2,tail_2_3,39,15,3,1,4.5,0,61,43,70.49,66,46,69.7
8,2,tail_2_3,39,15,3,1,4.5,1,61,43,70.49,66,46,69.7
8,2,tail_2_3,39,15,3,1,6,0,64,45,70.31,77,54,70.13
8,2,tail_2_3,39,15,3,1,6,1,64,45,70.31,77,54,70.13
8,2,tail_2_3,39,15,5,0,2.5,0,9,7,77.78,4,4,100.0
8,2,tail_2_3,39,15,5,0,2.5,1,9,7,77.78,4,4,100.0
8,2,tail_2_3,39,15,5,0,4.5,0,56,40,71.43,59,42,71.19
8,2,tail_2_3,39,15,5,0,4.5,1,56,40,71.43,59,42,71.19
8,2,tail_2_3,39,15,5,0,6,0,58,41,70.69,70,50,71.43
8,2,tail_2_3,39,15,5,0,6,1,58,41,70.69,70,50,71.43
8,2,tail_2_3,39,15,5,1,4.5,0,47,33,70.21,55,38,69.09
8,2,tail_2_3,39,15,5,1,4.5,1,47,33,70.21,55,38,69.09
8,2,tail_2_3,39,15,5,1,6,0,49,34,69.39,66,46,69.7
8,2,tail_2_3,39,15,5,1,6,1,49,34,69.39,66,46,69.7
8,2,tail_2_3,39,30,3,0,2.5,0,13,9,69.23,8,7,87.5
8,2,tail_2_3,39,30,3,0,2.5,1,13,9,69.23,8,7,87.5
8,2,tail_2_3,39,30,3,0,4.5,0,40,28,70.0,43,31,72.09
8,2,tail_2_3,39,30,3,0,4.5,1,40,28,70.0,43,31,72.09
8,2,tail_2_3,39,30,3,0,6,0,40,28,70.0,43,31,72.09
8,2,tail_2_3,39,30,3,0,6,1,40,28,70.0,43,31,72.09
8,2,tail_2_3,39,30,3,1,2.5,0,4,2,50.0,4,3,75.0
8,2,tail_2_3,39,30,3,1,2.5,1,4,2,50.0,4,3,75.0
8,2,tail_2_3,39,30,3,1,4.5,0,31,21,67.74,39,27,69.23
8,2,tail_2_3,39,30,3,1,4.5,1,31,21,67.74,39,27,69.23
8,2,tail_2_3,39,30,3,1,6,0,31,21,67.74,39,27,69.23
8,2,tail_2_3,39,30,3,1,6,1,31,21,67.74,39,27,69.23
8,2,tail_2_3,39,30,5,0,2.5,0,9,7,77.78,4,4,100.0
8,2,tail_2_3,39,30,5,0,2.5,1,9,7,77.78,4,4,100.0
8,2,tail_2_3,39,30,5,0,4.5,0,34,25,73.53,37,26,70.27
8,2,tail_2_3,39,30,5,0,4.5,1,34,25,73.53,37,26,70.27
8,2,tail_2_3,39,30,5,0,6,0,34,25,73.53,37,26,70.27
8,2,tail_2_3,39,30,5,0,6,1,34,25,73.53,37,26,70.27
8,2,tail_2_3,39,30,5,1,4.5,0,25,18,72.0,33,22,66.67
8,2,tail_2_3,39,30,5,1,4.5,1,25,18,72.0,33,22,66.67
8,2,tail_2_3,39,30,5,1,6,0,25,18,72.0,33,22,66.67
8,2,tail_2_3,39,30,5,1,6,1,25,18,72.0,33,22,66.67
8,2,tail_2_3,45,0,3,0,2.5,0,9,7,77.78,5,5,100.0
8,2,tail_2_3,45,0,3,0,2.5,1,9,7,77.78,5,5,100.0
8,2,tail_2_3,45,0,3,0,4.5,0,55,39,70.91,67,51,76.12
8,2,tail_2_3,45,0,3,0,4.5,1,55,39,70.91,67,51,76.12
8,2,tail_2_3,45,0,3,0,6,0,64,44,68.75,78,59,75.64
8,2,tail_2_3,45,0,3,0,6,1,64,44,68.75,78,59,75.64
8,2,tail_2_3,45,0,3,1,4.5,0,46,32,69.57,63,47,74.6
8,2,tail_2_3,45,0,3,1,4.5,1,46,32,69.57,63,47,74.6
8,2,tail_2_3,45,0,3,1,6,0,55,37,67.27,74,55,74.32
8,2,tail_2_3,45,0,3,1,6,1,55,37,67.27,74,55,74.32
8,2,tail_2_3,45,0,5,0,2.5,0,9,7,77.78,4,4,100.0
8,2,tail_2_3,45,0,5,0,2.5,1,9,7,77.78,4,4,100.0
8,2,tail_2_3,45,0,5,0,4.5,0,55,39,70.91,64,49,76.56
8,2,tail_2_3,45,0,5,0,4.5,1,55,39,70.91,64,49,76.56
8,2,tail_2_3,45,0,5,0,6,0,64,44,68.75,75,57,76.0
8,2,tail_2_3,45,0,5,0,6,1,64,44,68.75,75,57,76.0
8,2,tail_2_3,45,0,5,1,4.5,0,46,32,69.57,60,45,75.0
8,2,tail_2_3,45,0,5,1,4.5,1,46,32,69.57,60,45,75.0
8,2,tail_2_3,45,0,5,1,6,0,55,37,67.27,71,53,74.65
8,2,tail_2_3,45,0,5,1,6,1,55,37,67.27,71,53,74.65
8,2,tail_2_3,45,15,3,0,2.5,0,9,7,77.78,5,5,100.0
8,2,tail_2_3,45,15,3,0,2.5,1,9,7,77.78,5,5,100.0
8,2,tail_2_3,45,15,3,0,4.5,0,53,38,71.7,55,40,72.73
8,2,tail_2_3,45,15,3,0,4.5,1,53,38,71.7,55,40,72.73
8,2,tail_2_3,45,15,3,0,6,0,55,39,70.91,65,47,72.31
8,2,tail_2_3,45,15,3,0,6,1,55,39,70.91,65,47,72.31
8,2,tail_2_3,45,15,3,1,4.5,0,44,31,70.45,51,36,70.59
8,2,tail_2_3,45,15,3,1,4.5,1,44,31,70.45,51,36,70.59
8,2,tail_2_3,45,15,3,1,6,0,46,32,69.57,61,43,70.49
8,2,tail_2_3,45,15,3,1,6,1,46,32,69.57,61,43,70.49
8,2,tail_2_3,45,15,5,0,2.5,0,9,7,77.78,4,4,100.0
8,2,tail_2_3,45,15,5,0,2.5,1,9,7,77.78,4,4,100.0
8,2,tail_2_3,45,15,5,0,4.5,0,53,38,71.7,52,38,73.08
8,2,tail_2_3,45,15,5,0,4.5,1,53,38,71.7,52,38,73.08
8,2,tail_2_3,45,15,5,0,6,0,55,39,70.91,62,45,72.58
8,2,tail_2_3,45,15,5,0,6,1,55,39,70.91,62,45,72.58
8,2,tail_2_3,45,15,5,1,4.5,0,44,31,70.45,48,34,70.83
8,2,tail_2_3,45,15,5,1,4.5,1,44,31,70.45,48,34,70.83
8,2,tail_2_3,45,15,5,1,6,0,46,32,69.57,58,41,70.69
8,2,tail_2_3,45,15,5,1,6,1,46,32,69.57,58,41,70.69
8,2,tail_2_3,45,30,3,0,2.5,0,9,7,77.78,5,5,100.0
8,2,tail_2_3,45,30,3,0,2.5,1,9,7,77.78,5,5,100.0
8,2,tail_2_3,45,30,3,0,4.5,0,34,25,73.53,38,28,73.68
8,2,tail_2_3,45,30,3,0,4.5,1,34,25,73.53,38,28,73.68
8,2,tail_2_3,45,30,3,0,6,0,34,25,73.53,38,28,73.68
8,2,tail_2_3,45,30,3,0,6,1,34,25,73.53,38,28,73.68
8,2,tail_2_3,45,30,3,1,4.5,0,25,18,72.0,34,24,70.59
8,2,tail_2_3,45,30,3,1,4.5,1,25,18,72.0,34,24,70.59
8,2,tail_2_3,45,30,3,1,6,0,25,18,72.0,34,24,70.59
8,2,tail_2_3,45,30,3,1,6,1,25,18,72.0,34,24,70.59
8,2,tail_2_3,45,30,5,0,2.5,0,9,7,77.78,4,4,100.0
8,2,tail_2_3,45,30,5,0,2.5,1,9,7,77.78,4,4,100.0
8,2,tail_2_3,45,30,5,0,4.5,0,34,25,73.53,36,26,72.22
8,2,tail_2_3,45,30,5,0,4.5,1,34,25,73.53,36,26,72.22
8,2,tail_2_3,45,30,5,0,6,0,34,25,73.53,36,26,72.22
8,2,tail_2_3,45,30,5,0,6,1,34,25,73.53,36,26,72.22
8,2,tail_2_3,45,30,5,1,4.5,0,25,18,72.0,32,22,68.75
8,2,tail_2_3,45,30,5,1,4.5,1,25,18,72.0,32,22,68.75
8,2,tail_2_3,45,30,5,1,6,0,25,18,72.0,32,22,68.75
8,2,tail_2_3,45,30,5,1,6,1,25,18,72.0,32,22,68.75
8,2,tail_ge4,20,0,3,0,4.5,0,17,10,58.82,15,8,53.33
8,2,tail_ge4,20,0,3,0,4.5,1,17,10,58.82,15,8,53.33
8,2,tail_ge4,20,0,3,0,6,0,20,12,60.0,20,10,50.0
8,2,tail_ge4,20,0,3,0,6,1,20,12,60.0,20,10,50.0
8,2,tail_ge4,20,0,3,1,4.5,0,17,10,58.82,15,8,53.33
8,2,tail_ge4,20,0,3,1,4.5,1,17,10,58.82,15,8,53.33
8,2,tail_ge4,20,0,3,1,6,0,20,12,60.0,20,10,50.0
8,2,tail_ge4,20,0,3,1,6,1,20,12,60.0,20,10,50.0
8,2,tail_ge4,20,0,5,0,4.5,0,15,9,60.0,11,5,45.45
8,2,tail_ge4,20,0,5,0,4.5,1,15,9,60.0,11,5,45.45
8,2,tail_ge4,20,0,5,0,6,0,18,11,61.11,12,6,50.0
8,2,tail_ge4,20,0,5,0,6,1,18,11,61.11,12,6,50.0
8,2,tail_ge4,20,0,5,1,4.5,0,15,9,60.0,11,5,45.45
8,2,tail_ge4,20,0,5,1,4.5,1,15,9,60.0,11,5,45.45
8,2,tail_ge4,20,0,5,1,6,0,18,11,61.11,12,6,50.0
8,2,tail_ge4,20,0,5,1,6,1,18,11,61.11,12,6,50.0
8,2,tail_ge4,20,15,3,0,4.5,0,17,10,58.82,15,8,53.33
8,2,tail_ge4,20,15,3,0,4.5,1,17,10,58.82,15,8,53.33
8,2,tail_ge4,20,15,3,0,6,0,20,12,60.0,19,10,52.63
8,2,tail_ge4,20,15,3,0,6,1,20,12,60.0,19,10,52.63
8,2,tail_ge4,20,15,3,1,4.5,0,17,10,58.82,15,8,53.33
8,2,tail_ge4,20,15,3,1,4.5,1,17,10,58.82,15,8,53.33
8,2,tail_ge4,20,15,3,1,6,0,20,12,60.0,19,10,52.63
8,2,tail_ge4,20,15,3,1,6,1,20,12,60.0,19,10,52.63
8,2,tail_ge4,20,15,5,0,4.5,0,15,9,60.0,11,5,45.45
8,2,tail_ge4,20,15,5,0,4.5,1,15,9,60.0,11,5,45.45
8,2,tail_ge4,20,15,5,0,6,0,18,11,61.11,12,6,50.0
8,2,tail_ge4,20,15,5,0,6,1,18,11,61.11,12,6,50.0
8,2,tail_ge4,20,15,5,1,4.5,0,15,9,60.0,11,5,45.45
8,2,tail_ge4,20,15,5,1,4.5,1,15,9,60.0,11,5,45.45
8,2,tail_ge4,20,15,5,1,6,0,18,11,61.11,12,6,50.0
8,2,tail_ge4,20,15,5,1,6,1,18,11,61.11,12,6,50.0
8,2,tail_ge4,20,30,3,0,4.5,0,14,7,50.0,14,7,50.0
8,2,tail_ge4,20,30,3,0,4.5,1,14,7,50.0,14,7,50.0
8,2,tail_ge4,20,30,3,0,6,0,15,8,53.33,14,7,50.0
8,2,tail_ge4,20,30,3,0,6,1,15,8,53.33,14,7,50.0
8,2,tail_ge4,20,30,3,1,4.5,0,14,7,50.0,14,7,50.0
8,2,tail_ge4,20,30,3,1,4.5,1,14,7,50.0,14,7,50.0
8,2,tail_ge4,20,30,3,1,6,0,15,8,53.33,14,7,50.0
8,2,tail_ge4,20,30,3,1,6,1,15,8,53.33,14,7,50.0
8,2,tail_ge4,20,30,5,0,4.5,0,12,6,50.0,11,5,45.45
8,2,tail_ge4,20,30,5,0,4.5,1,12,6,50.0,11,5,45.45
8,2,tail_ge4,20,30,5,0,6,0,13,7,53.85,11,5,45.45
8,2,tail_ge4,20,30,5,0,6,1,13,7,53.85,11,5,45.45
8,2,tail_ge4,20,30,5,1,4.5,0,12,6,50.0,11,5,45.45
8,2,tail_ge4,20,30,5,1,4.5,1,12,6,50.0,11,5,45.45
8,2,tail_ge4,20,30,5,1,6,0,13,7,53.85,11,5,45.45
8,2,tail_ge4,20,30,5,1,6,1,13,7,53.85,11,5,45.45
8,2,tail_ge4,30,0,3,0,4.5,0,17,10,58.82,15,8,53.33
8,2,tail_ge4,30,0,3,0,4.5,1,17,10,58.82,15,8,53.33
8,2,tail_ge4,30,0,3,0,6,0,20,12,60.0,20,10,50.0
8,2,tail_ge4,30,0,3,0,6,1,20,12,60.0,20,10,50.0
8,2,tail_ge4,30,0,3,1,4.5,0,17,10,58.82,15,8,53.33
8,2,tail_ge4,30,0,3,1,4.5,1,17,10,58.82,15,8,53.33
8,2,tail_ge4,30,0,3,1,6,0,20,12,60.0,20,10,50.0
8,2,tail_ge4,30,0,3,1,6,1,20,12,60.0,20,10,50.0
8,2,tail_ge4,30,0,5,0,4.5,0,15,9,60.0,11,5,45.45
8,2,tail_ge4,30,0,5,0,4.5,1,15,9,60.0,11,5,45.45
8,2,tail_ge4,30,0,5,0,6,0,18,11,61.11,12,6,50.0
8,2,tail_ge4,30,0,5,0,6,1,18,11,61.11,12,6,50.0
8,2,tail_ge4,30,0,5,1,4.5,0,15,9,60.0,11,5,45.45
8,2,tail_ge4,30,0,5,1,4.5,1,15,9,60.0,11,5,45.45
8,2,tail_ge4,30,0,5,1,6,0,18,11,61.11,12,6,50.0
8,2,tail_ge4,30,0,5,1,6,1,18,11,61.11,12,6,50.0
8,2,tail_ge4,30,15,3,0,4.5,0,17,10,58.82,15,8,53.33
8,2,tail_ge4,30,15,3,0,4.5,1,17,10,58.82,15,8,53.33
8,2,tail_ge4,30,15,3,0,6,0,20,12,60.0,19,10,52.63
8,2,tail_ge4,30,15,3,0,6,1,20,12,60.0,19,10,52.63
8,2,tail_ge4,30,15,3,1,4.5,0,17,10,58.82,15,8,53.33
8,2,tail_ge4,30,15,3,1,4.5,1,17,10,58.82,15,8,53.33
8,2,tail_ge4,30,15,3,1,6,0,20,12,60.0,19,10,52.63
8,2,tail_ge4,30,15,3,1,6,1,20,12,60.0,19,10,52.63
8,2,tail_ge4,30,15,5,0,4.5,0,15,9,60.0,11,5,45.45
8,2,tail_ge4,30,15,5,0,4.5,1,15,9,60.0,11,5,45.45
8,2,tail_ge4,30,15,5,0,6,0,18,11,61.11,12,6,50.0
8,2,tail_ge4,30,15,5,0,6,1,18,11,61.11,12,6,50.0
8,2,tail_ge4,30,15,5,1,4.5,0,15,9,60.0,11,5,45.45
8,2,tail_ge4,30,15,5,1,4.5,1,15,9,60.0,11,5,45.45
8,2,tail_ge4,30,15,5,1,6,0,18,11,61.11,12,6,50.0
8,2,tail_ge4,30,15,5,1,6,1,18,11,61.11,12,6,50.0
8,2,tail_ge4,30,30,3,0,4.5,0,14,7,50.0,14,7,50.0
8,2,tail_ge4,30,30,3,0,4.5,1,14,7,50.0,14,7,50.0
8,2,tail_ge4,30,30,3,0,6,0,15,8,53.33,14,7,50.0
8,2,tail_ge4,30,30,3,0,6,1,15,8,53.33,14,7,50.0
8,2,tail_ge4,30,30,3,1,4.5,0,14,7,50.0,14,7,50.0
8,2,tail_ge4,30,30,3,1,4.5,1,14,7,50.0,14,7,50.0
8,2,tail_ge4,30,30,3,1,6,0,15,8,53.33,14,7,50.0
8,2,tail_ge4,30,30,3,1,6,1,15,8,53.33,14,7,50.0
8,2,tail_ge4,30,30,5,0,4.5,0,12,6,50.0,11,5,45.45
8,2,tail_ge4,30,30,5,0,4.5,1,12,6,50.0,11,5,45.45
8,2,tail_ge4,30,30,5,0,6,0,13,7,53.85,11,5,45.45
8,2,tail_ge4,30,30,5,0,6,1,13,7,53.85,11,5,45.45
8,2,tail_ge4,30,30,5,1,4.5,0,12,6,50.0,11,5,45.45
8,2,tail_ge4,30,30,5,1,4.5,1,12,6,50.0,11,5,45.45
8,2,tail_ge4,30,30,5,1,6,0,13,7,53.85,11,5,45.45
8,2,tail_ge4,30,30,5,1,6,1,13,7,53.85,11,5,45.45
8,2,tail_ge4,39,0,3,0,4.5,0,17,10,58.82,15,8,53.33
8,2,tail_ge4,39,0,3,0,4.5,1,17,10,58.82,15,8,53.33
8,2,tail_ge4,39,0,3,0,6,0,20,12,60.0,18,10,55.56
8,2,tail_ge4,39,0,3,0,6,1,20,12,60.0,18,10,55.56
8,2,tail_ge4,39,0,3,1,4.5,0,17,10,58.82,15,8,53.33
8,2,tail_ge4,39,0,3,1,4.5,1,17,10,58.82,15,8,53.33
8,2,tail_ge4,39,0,3,1,6,0,20,12,60.0,18,10,55.56
8,2,tail_ge4,39,0,3,1,6,1,20,12,60.0,18,10,55.56
8,2,tail_ge4,39,0,5,0,4.5,0,15,9,60.0,11,5,45.45
8,2,tail_ge4,39,0,5,0,4.5,1,15,9,60.0,11,5,45.45
8,2,tail_ge4,39,0,5,0,6,0,18,11,61.11,12,6,50.0
8,2,tail_ge4,39,0,5,0,6,1,18,11,61.11,12,6,50.0
8,2,tail_ge4,39,0,5,1,4.5,0,15,9,60.0,11,5,45.45
8,2,tail_ge4,39,0,5,1,4.5,1,15,9,60.0,11,5,45.45
8,2,tail_ge4,39,0,5,1,6,0,18,11,61.11,12,6,50.0
8,2,tail_ge4,39,0,5,1,6,1,18,11,61.11,12,6,50.0
8,2,tail_ge4,39,15,3,0,4.5,0,17,10,58.82,15,8,53.33
8,2,tail_ge4,39,15,3,0,4.5,1,17,10,58.82,15,8,53.33
8,2,tail_ge4,39,15,3,0,6,0,20,12,60.0,17,10,58.82
8,2,tail_ge4,39,15,3,0,6,1,20,12,60.0,17,10,58.82
8,2,tail_ge4,39,15,3,1,4.5,0,17,10,58.82,15,8,53.33
8,2,tail_ge4,39,15,3,1,4.5,1,17,10,58.82,15,8,53.33
8,2,tail_ge4,39,15,3,1,6,0,20,12,60.0,17,10,58.82
8,2,tail_ge4,39,15,3,1,6,1,20,12,60.0,17,10,58.82
8,2,tail_ge4,39,15,5,0,4.5,0,15,9,60.0,11,5,45.45
8,2,tail_ge4,39,15,5,0,4.5,1,15,9,60.0,11,5,45.45
8,2,tail_ge4,39,15,5,0,6,0,18,11,61.11,12,6,50.0
8,2,tail_ge4,39,15,5,0,6,1,18,11,61.11,12,6,50.0
8,2,tail_ge4,39,15,5,1,4.5,0,15,9,60.0,11,5,45.45
8,2,tail_ge4,39,15,5,1,4.5,1,15,9,60.0,11,5,45.45
8,2,tail_ge4,39,15,5,1,6,0,18,11,61.11,12,6,50.0
8,2,tail_ge4,39,15,5,1,6,1,18,11,61.11,12,6,50.0
8,2,tail_ge4,39,30,3,0,4.5,0,14,7,50.0,14,7,50.0
8,2,tail_ge4,39,30,3,0,4.5,1,14,7,50.0,14,7,50.0
8,2,tail_ge4,39,30,3,0,6,0,15,8,53.33,14,7,50.0
8,2,tail_ge4,39,30,3,0,6,1,15,8,53.33,14,7,50.0
8,2,tail_ge4,39,30,3,1,4.5,0,14,7,50.0,14,7,50.0
8,2,tail_ge4,39,30,3,1,4.5,1,14,7,50.0,14,7,50.0
8,2,tail_ge4,39,30,3,1,6,0,15,8,53.33,14,7,50.0
8,2,tail_ge4,39,30,3,1,6,1,15,8,53.33,14,7,50.0
8,2,tail_ge4,39,30,5,0,4.5,0,12,6,50.0,11,5,45.45
8,2,tail_ge4,39,30,5,0,4.5,1,12,6,50.0,11,5,45.45
8,2,tail_ge4,39,30,5,0,6,0,13,7,53.85,11,5,45.45
8,2,tail_ge4,39,30,5,0,6,1,13,7,53.85,11,5,45.45
8,2,tail_ge4,39,30,5,1,4.5,0,12,6,50.0,11,5,45.45
8,2,tail_ge4,39,30,5,1,4.5,1,12,6,50.0,11,5,45.45
8,2,tail_ge4,39,30,5,1,6,0,13,7,53.85,11,5,45.45
8,2,tail_ge4,39,30,5,1,6,1,13,7,53.85,11,5,45.45
8,2,tail_ge4,45,0,3,0,4.5,0,12,8,66.67,12,6,50.0
8,2,tail_ge4,45,0,3,0,4.5,1,12,8,66.67,12,6,50.0
8,2,tail_ge4,45,0,3,0,6,0,15,10,66.67,13,7,53.85
8,2,tail_ge4,45,0,3,0,6,1,15,10,66.67,13,7,53.85
8,2,tail_ge4,45,0,3,1,4.5,0,12,8,66.67,12,6,50.0
8,2,tail_ge4,45,0,3,1,4.5,1,12,8,66.67,12,6,50.0
8,2,tail_ge4,45,0,3,1,6,0,15,10,66.67,13,7,53.85
8,2,tail_ge4,45,0,3,1,6,1,15,10,66.67,13,7,53.85
8,2,tail_ge4,45,0,5,0,4.5,0,11,7,63.64,11,5,45.45
8,2,tail_ge4,45,0,5,0,4.5,1,11,7,63.64,11,5,45.45
8,2,tail_ge4,45,0,5,0,6,0,14,9,64.29,12,6,50.0
8,2,tail_ge4,45,0,5,0,6,1,14,9,64.29,12,6,50.0
8,2,tail_ge4,45,0,5,1,4.5,0,11,7,63.64,11,5,45.45
8,2,tail_ge4,45,0,5,1,4.5,1,11,7,63.64,11,5,45.45
8,2,tail_ge4,45,0,5,1,6,0,14,9,64.29,12,6,50.0
8,2,tail_ge4,45,0,5,1,6,1,14,9,64.29,12,6,50.0
8,2,tail_ge4,45,15,3,0,4.5,0,12,8,66.67,12,6,50.0
8,2,tail_ge4,45,15,3,0,4.5,1,12,8,66.67,12,6,50.0
8,2,tail_ge4,45,15,3,0,6,0,15,10,66.67,13,7,53.85
8,2,tail_ge4,45,15,3,0,6,1,15,10,66.67,13,7,53.85
8,2,tail_ge4,45,15,3,1,4.5,0,12,8,66.67,12,6,50.0
8,2,tail_ge4,45,15,3,1,4.5,1,12,8,66.67,12,6,50.0
8,2,tail_ge4,45,15,3,1,6,0,15,10,66.67,13,7,53.85
8,2,tail_ge4,45,15,3,1,6,1,15,10,66.67,13,7,53.85
8,2,tail_ge4,45,15,5,0,4.5,0,11,7,63.64,11,5,45.45
8,2,tail_ge4,45,15,5,0,4.5,1,11,7,63.64,11,5,45.45
8,2,tail_ge4,45,15,5,0,6,0,14,9,64.29,12,6,50.0
8,2,tail_ge4,45,15,5,0,6,1,14,9,64.29,12,6,50.0
8,2,tail_ge4,45,15,5,1,4.5,0,11,7,63.64,11,5,45.45
8,2,tail_ge4,45,15,5,1,4.5,1,11,7,63.64,11,5,45.45
8,2,tail_ge4,45,15,5,1,6,0,14,9,64.29,12,6,50.0
8,2,tail_ge4,45,15,5,1,6,1,14,9,64.29,12,6,50.0
8,2,tail_ge4,45,30,3,0,4.5,0,10,6,60.0,11,5,45.45
8,2,tail_ge4,45,30,3,0,4.5,1,10,6,60.0,11,5,45.45
8,2,tail_ge4,45,30,3,0,6,0,11,7,63.64,11,5,45.45
8,2,tail_ge4,45,30,3,0,6,1,11,7,63.64,11,5,45.45
8,2,tail_ge4,45,30,3,1,4.5,0,10,6,60.0,11,5,45.45
8,2,tail_ge4,45,30,3,1,4.5,1,10,6,60.0,11,5,45.45
8,2,tail_ge4,45,30,3,1,6,0,11,7,63.64,11,5,45.45
8,2,tail_ge4,45,30,3,1,6,1,11,7,63.64,11,5,45.45
8,2,tail_ge4,45,30,5,0,4.5,0,9,5,55.56,11,5,45.45
8,2,tail_ge4,45,30,5,0,4.5,1,9,5,55.56,11,5,45.45
8,2,tail_ge4,45,30,5,0,6,0,10,6,60.0,11,5,45.45
8,2,tail_ge4,45,30,5,0,6,1,10,6,60.0,11,5,45.45
8,2,tail_ge4,45,30,5,1,4.5,0,9,5,55.56,11,5,45.45
8,2,tail_ge4,45,30,5,1,4.5,1,9,5,55.56,11,5,45.45
8,2,tail_ge4,45,30,5,1,6,0,10,6,60.0,11,5,45.45
8,2,tail_ge4,45,30,5,1,6,1,10,6,60.0,11,5,45.45
8,3,no_tail,20,0,3,0,2.5,0,7,4,57.14,2,2,100.0
8,3,no_tail,20,0,3,0,2.5,1,7,4,57.14,2,2,100.0
8,3,no_tail,20,0,3,0,4.5,0,23,17,73.91,15,11,73.33
8,3,no_tail,20,0,3,0,4.5,1,23,17,73.91,15,11,73.33
8,3,no_tail,20,0,3,0,6,0,23,17,73.91,15,11,73.33
8,3,no_tail,20,0,3,0,6,1,23,17,73.91,15,11,73.33
8,3,no_tail,20,0,3,1,2.5,0,7,4,57.14,2,2,100.0
8,3,no_tail,20,0,3,1,2.5,1,7,4,57.14,2,2,100.0
8,3,no_tail,20,0,3,1,4.5,0,23,17,73.91,15,11,73.33
8,3,no_tail,20,0,3,1,4.5,1,23,17,73.91,15,11,73.33
8,3,no_tail,20,0,3,1,6,0,23,17,73.91,15,11,73.33
8,3,no_tail,20,0,3,1,6,1,23,17,73.91,15,11,73.33
8,3,no_tail,20,0,5,0,2.5,0,7,4,57.14,2,2,100.0
8,3,no_tail,20,0,5,0,2.5,1,7,4,57.14,2,2,100.0
8,3,no_tail,20,0,5,0,4.5,0,16,11,68.75,12,8,66.67
8,3,no_tail,20,0,5,0,4.5,1,16,11,68.75,12,8,66.67
8,3,no_tail,20,0,5,0,6,0,16,11,68.75,12,8,66.67
8,3,no_tail,20,0,5,0,6,1,16,11,68.75,12,8,66.67
8,3,no_tail,20,0,5,1,2.5,0,7,4,57.14,2,2,100.0
8,3,no_tail,20,0,5,1,2.5,1,7,4,57.14,2,2,100.0
8,3,no_tail,20,0,5,1,4.5,0,16,11,68.75,12,8,66.67
8,3,no_tail,20,0,5,1,4.5,1,16,11,68.75,12,8,66.67
8,3,no_tail,20,0,5,1,6,0,16,11,68.75,12,8,66.67
8,3,no_tail,20,0,5,1,6,1,16,11,68.75,12,8,66.67
8,3,no_tail,20,15,3,0,2.5,0,7,4,57.14,2,2,100.0
8,3,no_tail,20,15,3,0,2.5,1,7,4,57.14,2,2,100.0
8,3,no_tail,20,15,3,0,4.5,0,9,6,66.67,5,4,80.0
8,3,no_tail,20,15,3,0,4.5,1,9,6,66.67,5,4,80.0
8,3,no_tail,20,15,3,0,6,0,9,6,66.67,5,4,80.0
8,3,no_tail,20,15,3,0,6,1,9,6,66.67,5,4,80.0
8,3,no_tail,20,15,3,1,2.5,0,7,4,57.14,2,2,100.0
8,3,no_tail,20,15,3,1,2.5,1,7,4,57.14,2,2,100.0
8,3,no_tail,20,15,3,1,4.5,0,9,6,66.67,5,4,80.0
8,3,no_tail,20,15,3,1,4.5,1,9,6,66.67,5,4,80.0
8,3,no_tail,20,15,3,1,6,0,9,6,66.67,5,4,80.0
8,3,no_tail,20,15,3,1,6,1,9,6,66.67,5,4,80.0
8,3,no_tail,20,15,5,0,2.5,0,7,4,57.14,2,2,100.0
8,3,no_tail,20,15,5,0,2.5,1,7,4,57.14,2,2,100.0
8,3,no_tail,20,15,5,0,4.5,0,8,5,62.5,5,4,80.0
8,3,no_tail,20,15,5,0,4.5,1,8,5,62.5,5,4,80.0
8,3,no_tail,20,15,5,0,6,0,8,5,62.5,5,4,80.0
8,3,no_tail,20,15,5,0,6,1,8,5,62.5,5,4,80.0
8,3,no_tail,20,15,5,1,2.5,0,7,4,57.14,2,2,100.0
8,3,no_tail,20,15,5,1,2.5,1,7,4,57.14,2,2,100.0
8,3,no_tail,20,15,5,1,4.5,0,8,5,62.5,5,4,80.0
8,3,no_tail,20,15,5,1,4.5,1,8,5,62.5,5,4,80.0
8,3,no_tail,20,15,5,1,6,0,8,5,62.5,5,4,80.0
8,3,no_tail,20,15,5,1,6,1,8,5,62.5,5,4,80.0
8,3,no_tail,20,30,3,0,2.5,0,1,1,100.0,1,1,100.0
8,3,no_tail,20,30,3,0,2.5,1,1,1,100.0,1,1,100.0
8,3,no_tail,20,30,3,0,4.5,0,1,1,100.0,1,1,100.0
8,3,no_tail,20,30,3,0,4.5,1,1,1,100.0,1,1,100.0
8,3,no_tail,20,30,3,0,6,0,1,1,100.0,1,1,100.0
8,3,no_tail,20,30,3,0,6,1,1,1,100.0,1,1,100.0
8,3,no_tail,20,30,3,1,2.5,0,1,1,100.0,1,1,100.0
8,3,no_tail,20,30,3,1,2.5,1,1,1,100.0,1,1,100.0
8,3,no_tail,20,30,3,1,4.5,0,1,1,100.0,1,1,100.0
8,3,no_tail,20,30,3,1,4.5,1,1,1,100.0,1,1,100.0
8,3,no_tail,20,30,3,1,6,0,1,1,100.0,1,1,100.0
8,3,no_tail,20,30,3,1,6,1,1,1,100.0,1,1,100.0
8,3,no_tail,20,30,5,0,2.5,0,1,1,100.0,1,1,100.0
8,3,no_tail,20,30,5,0,2.5,1,1,1,100.0,1,1,100.0
8,3,no_tail,20,30,5,0,4.5,0,1,1,100.0,1,1,100.0
8,3,no_tail,20,30,5,0,4.5,1,1,1,100.0,1,1,100.0
8,3,no_tail,20,30,5,0,6,0,1,1,100.0,1,1,100.0
8,3,no_tail,20,30,5,0,6,1,1,1,100.0,1,1,100.0
8,3,no_tail,20,30,5,1,2.5,0,1,1,100.0,1,1,100.0
8,3,no_tail,20,30,5,1,2.5,1,1,1,100.0,1,1,100.0
8,3,no_tail,20,30,5,1,4.5,0,1,1,100.0,1,1,100.0
8,3,no_tail,20,30,5,1,4.5,1,1,1,100.0,1,1,100.0
8,3,no_tail,20,30,5,1,6,0,1,1,100.0,1,1,100.0
8,3,no_tail,20,30,5,1,6,1,1,1,100.0,1,1,100.0
8,3,no_tail,30,0,3,0,2.5,0,7,4,57.14,2,2,100.0
8,3,no_tail,30,0,3,0,2.5,1,7,4,57.14,2,2,100.0
8,3,no_tail,30,0,3,0,4.5,0,23,17,73.91,15,11,73.33
8,3,no_tail,30,0,3,0,4.5,1,23,17,73.91,15,11,73.33
8,3,no_tail,30,0,3,0,6,0,23,17,73.91,15,11,73.33
8,3,no_tail,30,0,3,0,6,1,23,17,73.91,15,11,73.33
8,3,no_tail,30,0,3,1,2.5,0,7,4,57.14,2,2,100.0
8,3,no_tail,30,0,3,1,2.5,1,7,4,57.14,2,2,100.0
8,3,no_tail,30,0,3,1,4.5,0,23,17,73.91,15,11,73.33
8,3,no_tail,30,0,3,1,4.5,1,23,17,73.91,15,11,73.33
8,3,no_tail,30,0,3,1,6,0,23,17,73.91,15,11,73.33
8,3,no_tail,30,0,3,1,6,1,23,17,73.91,15,11,73.33
8,3,no_tail,30,0,5,0,2.5,0,7,4,57.14,2,2,100.0
8,3,no_tail,30,0,5,0,2.5,1,7,4,57.14,2,2,100.0
8,3,no_tail,30,0,5,0,4.5,0,16,11,68.75,12,8,66.67
8,3,no_tail,30,0,5,0,4.5,1,16,11,68.75,12,8,66.67
8,3,no_tail,30,0,5,0,6,0,16,11,68.75,12,8,66.67
8,3,no_tail,30,0,5,0,6,1,16,11,68.75,12,8,66.67
8,3,no_tail,30,0,5,1,2.5,0,7,4,57.14,2,2,100.0
8,3,no_tail,30,0,5,1,2.5,1,7,4,57.14,2,2,100.0
8,3,no_tail,30,0,5,1,4.5,0,16,11,68.75,12,8,66.67
8,3,no_tail,30,0,5,1,4.5,1,16,11,68.75,12,8,66.67
8,3,no_tail,30,0,5,1,6,0,16,11,68.75,12,8,66.67
8,3,no_tail,30,0,5,1,6,1,16,11,68.75,12,8,66.67
8,3,no_tail,30,15,3,0,2.5,0,7,4,57.14,2,2,100.0
8,3,no_tail,30,15,3,0,2.5,1,7,4,57.14,2,2,100.0
8,3,no_tail,30,15,3,0,4.5,0,9,6,66.67,5,4,80.0
8,3,no_tail,30,15,3,0,4.5,1,9,6,66.67,5,4,80.0
8,3,no_tail,30,15,3,0,6,0,9,6,66.67,5,4,80.0
8,3,no_tail,30,15,3,0,6,1,9,6,66.67,5,4,80.0
8,3,no_tail,30,15,3,1,2.5,0,7,4,57.14,2,2,100.0
8,3,no_tail,30,15,3,1,2.5,1,7,4,57.14,2,2,100.0
8,3,no_tail,30,15,3,1,4.5,0,9,6,66.67,5,4,80.0
8,3,no_tail,30,15,3,1,4.5,1,9,6,66.67,5,4,80.0
8,3,no_tail,30,15,3,1,6,0,9,6,66.67,5,4,80.0
8,3,no_tail,30,15,3,1,6,1,9,6,66.67,5,4,80.0
8,3,no_tail,30,15,5,0,2.5,0,7,4,57.14,2,2,100.0
8,3,no_tail,30,15,5,0,2.5,1,7,4,57.14,2,2,100.0
8,3,no_tail,30,15,5,0,4.5,0,8,5,62.5,5,4,80.0
8,3,no_tail,30,15,5,0,4.5,1,8,5,62.5,5,4,80.0
8,3,no_tail,30,15,5,0,6,0,8,5,62.5,5,4,80.0
8,3,no_tail,30,15,5,0,6,1,8,5,62.5,5,4,80.0
8,3,no_tail,30,15,5,1,2.5,0,7,4,57.14,2,2,100.0
8,3,no_tail,30,15,5,1,2.5,1,7,4,57.14,2,2,100.0
8,3,no_tail,30,15,5,1,4.5,0,8,5,62.5,5,4,80.0
8,3,no_tail,30,15,5,1,4.5,1,8,5,62.5,5,4,80.0
8,3,no_tail,30,15,5,1,6,0,8,5,62.5,5,4,80.0
8,3,no_tail,30,15,5,1,6,1,8,5,62.5,5,4,80.0
8,3,no_tail,30,30,3,0,2.5,0,1,1,100.0,1,1,100.0
8,3,no_tail,30,30,3,0,2.5,1,1,1,100.0,1,1,100.0
8,3,no_tail,30,30,3,0,4.5,0,1,1,100.0,1,1,100.0
8,3,no_tail,30,30,3,0,4.5,1,1,1,100.0,1,1,100.0
8,3,no_tail,30,30,3,0,6,0,1,1,100.0,1,1,100.0
8,3,no_tail,30,30,3,0,6,1,1,1,100.0,1,1,100.0
8,3,no_tail,30,30,3,1,2.5,0,1,1,100.0,1,1,100.0
8,3,no_tail,30,30,3,1,2.5,1,1,1,100.0,1,1,100.0
8,3,no_tail,30,30,3,1,4.5,0,1,1,100.0,1,1,100.0
8,3,no_tail,30,30,3,1,4.5,1,1,1,100.0,1,1,100.0
8,3,no_tail,30,30,3,1,6,0,1,1,100.0,1,1,100.0
8,3,no_tail,30,30,3,1,6,1,1,1,100.0,1,1,100.0
8,3,no_tail,30,30,5,0,2.5,0,1,1,100.0,1,1,100.0
8,3,no_tail,30,30,5,0,2.5,1,1,1,100.0,1,1,100.0
8,3,no_tail,30,30,5,0,4.5,0,1,1,100.0,1,1,100.0
8,3,no_tail,30,30,5,0,4.5,1,1,1,100.0,1,1,100.0
8,3,no_tail,30,30,5,0,6,0,1,1,100.0,1,1,100.0
8,3,no_tail,30,30,5,0,6,1,1,1,100.0,1,1,100.0
8,3,no_tail,30,30,5,1,2.5,0,1,1,100.0,1,1,100.0
8,3,no_tail,30,30,5,1,2.5,1,1,1,100.0,1,1,100.0
8,3,no_tail,30,30,5,1,4.5,0,1,1,100.0,1,1,100.0
8,3,no_tail,30,30,5,1,4.5,1,1,1,100.0,1,1,100.0
8,3,no_tail,30,30,5,1,6,0,1,1,100.0,1,1,100.0
8,3,no_tail,30,30,5,1,6,1,1,1,100.0,1,1,100.0
8,3,no_tail,39,0,3,0,2.5,0,7,4,57.14,2,2,100.0
8,3,no_tail,39,0,3,0,2.5,1,7,4,57.14,2,2,100.0
8,3,no_tail,39,0,3,0,4.5,0,19,13,68.42,15,11,73.33
8,3,no_tail,39,0,3,0,4.5,1,19,13,68.42,15,11,73.33
8,3,no_tail,39,0,3,0,6,0,19,13,68.42,15,11,73.33
8,3,no_tail,39,0,3,0,6,1,19,13,68.42,15,11,73.33
8,3,no_tail,39,0,3,1,2.5,0,7,4,57.14,2,2,100.0
8,3,no_tail,39,0,3,1,2.5,1,7,4,57.14,2,2,100.0
8,3,no_tail,39,0,3,1,4.5,0,19,13,68.42,15,11,73.33
8,3,no_tail,39,0,3,1,4.5,1,19,13,68.42,15,11,73.33
8,3,no_tail,39,0,3,1,6,0,19,13,68.42,15,11,73.33
8,3,no_tail,39,0,3,1,6,1,19,13,68.42,15,11,73.33
8,3,no_tail,39,0,5,0,2.5,0,7,4,57.14,2,2,100.0
8,3,no_tail,39,0,5,0,2.5,1,7,4,57.14,2,2,100.0
8,3,no_tail,39,0,5,0,4.5,0,16,11,68.75,12,8,66.67
8,3,no_tail,39,0,5,0,4.5,1,16,11,68.75,12,8,66.67
8,3,no_tail,39,0,5,0,6,0,16,11,68.75,12,8,66.67
8,3,no_tail,39,0,5,0,6,1,16,11,68.75,12,8,66.67
8,3,no_tail,39,0,5,1,2.5,0,7,4,57.14,2,2,100.0
8,3,no_tail,39,0,5,1,2.5,1,7,4,57.14,2,2,100.0
8,3,no_tail,39,0,5,1,4.5,0,16,11,68.75,12,8,66.67
8,3,no_tail,39,0,5,1,4.5,1,16,11,68.75,12,8,66.67
8,3,no_tail,39,0,5,1,6,0,16,11,68.75,12,8,66.67
8,3,no_tail,39,0,5,1,6,1,16,11,68.75,12,8,66.67
8,3,no_tail,39,15,3,0,2.5,0,7,4,57.14,2,2,100.0
8,3,no_tail,39,15,3,0,2.5,1,7,4,57.14,2,2,100.0
8,3,no_tail,39,15,3,0,4.5,0,9,6,66.67,5,4,80.0
8,3,no_tail,39,15,3,0,4.5,1,9,6,66.67,5,4,80.0
8,3,no_tail,39,15,3,0,6,0,9,6,66.67,5,4,80.0
8,3,no_tail,39,15,3,0,6,1,9,6,66.67,5,4,80.0
8,3,no_tail,39,15,3,1,2.5,0,7,4,57.14,2,2,100.0
8,3,no_tail,39,15,3,1,2.5,1,7,4,57.14,2,2,100.0
8,3,no_tail,39,15,3,1,4.5,0,9,6,66.67,5,4,80.0
8,3,no_tail,39,15,3,1,4.5,1,9,6,66.67,5,4,80.0
8,3,no_tail,39,15,3,1,6,0,9,6,66.67,5,4,80.0
8,3,no_tail,39,15,3,1,6,1,9,6,66.67,5,4,80.0
8,3,no_tail,39,15,5,0,2.5,0,7,4,57.14,2,2,100.0
8,3,no_tail,39,15,5,0,2.5,1,7,4,57.14,2,2,100.0
8,3,no_tail,39,15,5,0,4.5,0,8,5,62.5,5,4,80.0
8,3,no_tail,39,15,5,0,4.5,1,8,5,62.5,5,4,80.0
8,3,no_tail,39,15,5,0,6,0,8,5,62.5,5,4,80.0
8,3,no_tail,39,15,5,0,6,1,8,5,62.5,5,4,80.0
8,3,no_tail,39,15,5,1,2.5,0,7,4,57.14,2,2,100.0
8,3,no_tail,39,15,5,1,2.5,1,7,4,57.14,2,2,100.0
8,3,no_tail,39,15,5,1,4.5,0,8,5,62.5,5,4,80.0
8,3,no_tail,39,15,5,1,4.5,1,8,5,62.5,5,4,80.0
8,3,no_tail,39,15,5,1,6,0,8,5,62.5,5,4,80.0
8,3,no_tail,39,15,5,1,6,1,8,5,62.5,5,4,80.0
8,3,no_tail,39,30,3,0,2.5,0,1,1,100.0,1,1,100.0
8,3,no_tail,39,30,3,0,2.5,1,1,1,100.0,1,1,100.0
8,3,no_tail,39,30,3,0,4.5,0,1,1,100.0,1,1,100.0
8,3,no_tail,39,30,3,0,4.5,1,1,1,100.0,1,1,100.0
8,3,no_tail,39,30,3,0,6,0,1,1,100.0,1,1,100.0
8,3,no_tail,39,30,3,0,6,1,1,1,100.0,1,1,100.0
8,3,no_tail,39,30,3,1,2.5,0,1,1,100.0,1,1,100.0
8,3,no_tail,39,30,3,1,2.5,1,1,1,100.0,1,1,100.0
8,3,no_tail,39,30,3,1,4.5,0,1,1,100.0,1,1,100.0
8,3,no_tail,39,30,3,1,4.5,1,1,1,100.0,1,1,100.0
8,3,no_tail,39,30,3,1,6,0,1,1,100.0,1,1,100.0
8,3,no_tail,39,30,3,1,6,1,1,1,100.0,1,1,100.0
8,3,no_tail,39,30,5,0,2.5,0,1,1,100.0,1,1,100.0
8,3,no_tail,39,30,5,0,2.5,1,1,1,100.0,1,1,100.0
8,3,no_tail,39,30,5,0,4.5,0,1,1,100.0,1,1,100.0
8,3,no_tail,39,30,5,0,4.5,1,1,1,100.0,1,1,100.0
8,3,no_tail,39,30,5,0,6,0,1,1,100.0,1,1,100.0
8,3,no_tail,39,30,5,0,6,1,1,1,100.0,1,1,100.0
8,3,no_tail,39,30,5,1,2.5,0,1,1,100.0,1,1,100.0
8,3,no_tail,39,30,5,1,2.5,1,1,1,100.0,1,1,100.0
8,3,no_tail,39,30,5,1,4.5,0,1,1,100.0,1,1,100.0
8,3,no_tail,39,30,5,1,4.5,1,1,1,100.0,1,1,100.0
8,3,no_tail,39,30,5,1,6,0,1,1,100.0,1,1,100.0
8,3,no_tail,39,30,5,1,6,1,1,1,100.0,1,1,100.0
8,3,no_tail,45,0,3,0,2.5,0,7,4,57.14,2,2,100.0
8,3,no_tail,45,0,3,0,2.5,1,7,4,57.14,2,2,100.0
8,3,no_tail,45,0,3,0,4.5,0,18,12,66.67,14,10,71.43
8,3,no_tail,45,0,3,0,4.5,1,18,12,66.67,14,10,71.43
8,3,no_tail,45,0,3,0,6,0,18,12,66.67,14,10,71.43
8,3,no_tail,45,0,3,0,6,1,18,12,66.67,14,10,71.43
8,3,no_tail,45,0,3,1,2.5,0,7,4,57.14,2,2,100.0
8,3,no_tail,45,0,3,1,2.5,1,7,4,57.14,2,2,100.0
8,3,no_tail,45,0,3,1,4.5,0,18,12,66.67,14,10,71.43
8,3,no_tail,45,0,3,1,4.5,1,18,12,66.67,14,10,71.43
8,3,no_tail,45,0,3,1,6,0,18,12,66.67,14,10,71.43
8,3,no_tail,45,0,3,1,6,1,18,12,66.67,14,10,71.43
8,3,no_tail,45,0,5,0,2.5,0,7,4,57.14,2,2,100.0
8,3,no_tail,45,0,5,0,2.5,1,7,4,57.14,2,2,100.0
8,3,no_tail,45,0,5,0,4.5,0,16,11,68.75,12,8,66.67
8,3,no_tail,45,0,5,0,4.5,1,16,11,68.75,12,8,66.67
8,3,no_tail,45,0,5,0,6,0,16,11,68.75,12,8,66.67
8,3,no_tail,45,0,5,0,6,1,16,11,68.75,12,8,66.67
8,3,no_tail,45,0,5,1,2.5,0,7,4,57.14,2,2,100.0
8,3,no_tail,45,0,5,1,2.5,1,7,4,57.14,2,2,100.0
8,3,no_tail,45,0,5,1,4.5,0,16,11,68.75,12,8,66.67
8,3,no_tail,45,0,5,1,4.5,1,16,11,68.75,12,8,66.67
8,3,no_tail,45,0,5,1,6,0,16,11,68.75,12,8,66.67
8,3,no_tail,45,0,5,1,6,1,16,11,68.75,12,8,66.67
8,3,no_tail,45,15,3,0,2.5,0,7,4,57.14,2,2,100.0
8,3,no_tail,45,15,3,0,2.5,1,7,4,57.14,2,2,100.0
8,3,no_tail,45,15,3,0,4.5,0,9,6,66.67,5,4,80.0
8,3,no_tail,45,15,3,0,4.5,1,9,6,66.67,5,4,80.0
8,3,no_tail,45,15,3,0,6,0,9,6,66.67,5,4,80.0
8,3,no_tail,45,15,3,0,6,1,9,6,66.67,5,4,80.0
8,3,no_tail,45,15,3,1,2.5,0,7,4,57.14,2,2,100.0
8,3,no_tail,45,15,3,1,2.5,1,7,4,57.14,2,2,100.0
8,3,no_tail,45,15,3,1,4.5,0,9,6,66.67,5,4,80.0
8,3,no_tail,45,15,3,1,4.5,1,9,6,66.67,5,4,80.0
8,3,no_tail,45,15,3,1,6,0,9,6,66.67,5,4,80.0
8,3,no_tail,45,15,3,1,6,1,9,6,66.67,5,4,80.0
8,3,no_tail,45,15,5,0,2.5,0,7,4,57.14,2,2,100.0
8,3,no_tail,45,15,5,0,2.5,1,7,4,57.14,2,2,100.0
8,3,no_tail,45,15,5,0,4.5,0,8,5,62.5,5,4,80.0
8,3,no_tail,45,15,5,0,4.5,1,8,5,62.5,5,4,80.0
8,3,no_tail,45,15,5,0,6,0,8,5,62.5,5,4,80.0
8,3,no_tail,45,15,5,0,6,1,8,5,62.5,5,4,80.0
8,3,no_tail,45,15,5,1,2.5,0,7,4,57.14,2,2,100.0
8,3,no_tail,45,15,5,1,2.5,1,7,4,57.14,2,2,100.0
8,3,no_tail,45,15,5,1,4.5,0,8,5,62.5,5,4,80.0
8,3,no_tail,45,15,5,1,4.5,1,8,5,62.5,5,4,80.0
8,3,no_tail,45,15,5,1,6,0,8,5,62.5,5,4,80.0
8,3,no_tail,45,15,5,1,6,1,8,5,62.5,5,4,80.0
8,3,no_tail,45,30,3,0,2.5,0,1,1,100.0,1,1,100.0
8,3,no_tail,45,30,3,0,2.5,1,1,1,100.0,1,1,100.0
8,3,no_tail,45,30,3,0,4.5,0,1,1,100.0,1,1,100.0
8,3,no_tail,45,30,3,0,4.5,1,1,1,100.0,1,1,100.0
8,3,no_tail,45,30,3,0,6,0,1,1,100.0,1,1,100.0
8,3,no_tail,45,30,3,0,6,1,1,1,100.0,1,1,100.0
8,3,no_tail,45,30,3,1,2.5,0,1,1,100.0,1,1,100.0
8,3,no_tail,45,30,3,1,2.5,1,1,1,100.0,1,1,100.0
8,3,no_tail,45,30,3,1,4.5,0,1,1,100.0,1,1,100.0
8,3,no_tail,45,30,3,1,4.5,1,1,1,100.0,1,1,100.0
8,3,no_tail,45,30,3,1,6,0,1,1,100.0,1,1,100.0
8,3,no_tail,45,30,3,1,6,1,1,1,100.0,1,1,100.0
8,3,no_tail,45,30,5,0,2.5,0,1,1,100.0,1,1,100.0
8,3,no_tail,45,30,5,0,2.5,1,1,1,100.0,1,1,100.0
8,3,no_tail,45,30,5,0,4.5,0,1,1,100.0,1,1,100.0
8,3,no_tail,45,30,5,0,4.5,1,1,1,100.0,1,1,100.0
8,3,no_tail,45,30,5,0,6,0,1,1,100.0,1,1,100.0
8,3,no_tail,45,30,5,0,6,1,1,1,100.0,1,1,100.0
8,3,no_tail,45,30,5,1,2.5,0,1,1,100.0,1,1,100.0
8,3,no_tail,45,30,5,1,2.5,1,1,1,100.0,1,1,100.0
8,3,no_tail,45,30,5,1,4.5,0,1,1,100.0,1,1,100.0
8,3,no_tail,45,30,5,1,4.5,1,1,1,100.0,1,1,100.0
8,3,no_tail,45,30,5,1,6,0,1,1,100.0,1,1,100.0
8,3,no_tail,45,30,5,1,6,1,1,1,100.0,1,1,100.0
8,3,tail_1,20,0,3,0,2.5,0,2,1,50.0,2,1,50.0
8,3,tail_1,20,0,3,0,2.5,1,2,1,50.0,2,1,50.0
8,3,tail_1,20,0,3,0,4.5,0,13,9,69.23,15,11,73.33
8,3,tail_1,20,0,3,0,4.5,1,13,9,69.23,15,11,73.33
8,3,tail_1,20,0,3,0,6,0,13,9,69.23,15,11,73.33
8,3,tail_1,20,0,3,0,6,1,13,9,69.23,15,11,73.33
8,3,tail_1,20,0,3,1,2.5,0,2,1,50.0,2,1,50.0
8,3,tail_1,20,0,3,1,2.5,1,2,1,50.0,2,1,50.0
8,3,tail_1,20,0,3,1,4.5,0,13,9,69.23,15,11,73.33
8,3,tail_1,20,0,3,1,4.5,1,13,9,69.23,15,11,73.33
8,3,tail_1,20,0,3,1,6,0,13,9,69.23,15,11,73.33
8,3,tail_1,20,0,3,1,6,1,13,9,69.23,15,11,73.33
8,3,tail_1,20,0,5,0,2.5,0,1,0,0.0,2,1,50.0
8,3,tail_1,20,0,5,0,2.5,1,1,0,0.0,2,1,50.0
8,3,tail_1,20,0,5,0,4.5,0,9,6,66.67,11,10,90.91
8,3,tail_1,20,0,5,0,4.5,1,9,6,66.67,11,10,90.91
8,3,tail_1,20,0,5,0,6,0,9,6,66.67,11,10,90.91
8,3,tail_1,20,0,5,0,6,1,9,6,66.67,11,10,90.91
8,3,tail_1,20,0,5,1,2.5,0,1,0,0.0,2,1,50.0
8,3,tail_1,20,0,5,1,2.5,1,1,0,0.0,2,1,50.0
8,3,tail_1,20,0,5,1,4.5,0,9,6,66.67,11,10,90.91
8,3,tail_1,20,0,5,1,4.5,1,9,6,66.67,11,10,90.91
8,3,tail_1,20,0,5,1,6,0,9,6,66.67,11,10,90.91
8,3,tail_1,20,0,5,1,6,1,9,6,66.67,11,10,90.91
8,3,tail_1,20,15,3,0,2.5,0,2,1,50.0,2,1,50.0
8,3,tail_1,20,15,3,0,2.5,1,2,1,50.0,2,1,50.0
8,3,tail_1,20,15,3,0,4.5,0,5,2,40.0,7,6,85.71
8,3,tail_1,20,15,3,0,4.5,1,5,2,40.0,7,6,85.71
8,3,tail_1,20,15,3,0,6,0,5,2,40.0,7,6,85.71
8,3,tail_1,20,15,3,0,6,1,5,2,40.0,7,6,85.71
8,3,tail_1,20,15,3,1,2.5,0,2,1,50.0,2,1,50.0
8,3,tail_1,20,15,3,1,2.5,1,2,1,50.0,2,1,50.0
8,3,tail_1,20,15,3,1,4.5,0,5,2,40.0,7,6,85.71
8,3,tail_1,20,15,3,1,4.5,1,5,2,40.0,7,6,85.71
8,3,tail_1,20,15,3,1,6,0,5,2,40.0,7,6,85.71
8,3,tail_1,20,15,3,1,6,1,5,2,40.0,7,6,85.71
8,3,tail_1,20,15,5,0,2.5,0,1,0,0.0,2,1,50.0
8,3,tail_1,20,15,5,0,2.5,1,1,0,0.0,2,1,50.0
8,3,tail_1,20,15,5,0,4.5,0,4,1,25.0,7,6,85.71
8,3,tail_1,20,15,5,0,4.5,1,4,1,25.0,7,6,85.71
8,3,tail_1,20,15,5,0,6,0,4,1,25.0,7,6,85.71
8,3,tail_1,20,15,5,0,6,1,4,1,25.0,7,6,85.71
8,3,tail_1,20,15,5,1,2.5,0,1,0,0.0,2,1,50.0
8,3,tail_1,20,15,5,1,2.5,1,1,0,0.0,2,1,50.0
8,3,tail_1,20,15,5,1,4.5,0,4,1,25.0,7,6,85.71
8,3,tail_1,20,15,5,1,4.5,1,4,1,25.0,7,6,85.71
8,3,tail_1,20,15,5,1,6,0,4,1,25.0,7,6,85.71
8,3,tail_1,20,15,5,1,6,1,4,1,25.0,7,6,85.71
8,3,tail_1,20,30,3,0,2.5,0,1,0,0.0,1,0,0.0
8,3,tail_1,20,30,3,0,2.5,1,1,0,0.0,1,0,0.0
8,3,tail_1,20,30,3,0,4.5,0,1,0,0.0,1,0,0.0
8,3,tail_1,20,30,3,0,4.5,1,1,0,0.0,1,0,0.0
8,3,tail_1,20,30,3,0,6,0,1,0,0.0,1,0,0.0
8,3,tail_1,20,30,3,0,6,1,1,0,0.0,1,0,0.0
8,3,tail_1,20,30,3,1,2.5,0,1,0,0.0,1,0,0.0
8,3,tail_1,20,30,3,1,2.5,1,1,0,0.0,1,0,0.0
8,3,tail_1,20,30,3,1,4.5,0,1,0,0.0,1,0,0.0
8,3,tail_1,20,30,3,1,4.5,1,1,0,0.0,1,0,0.0
8,3,tail_1,20,30,3,1,6,0,1,0,0.0,1,0,0.0
8,3,tail_1,20,30,3,1,6,1,1,0,0.0,1,0,0.0
8,3,tail_1,20,30,5,0,2.5,0,1,0,0.0,1,0,0.0
8,3,tail_1,20,30,5,0,2.5,1,1,0,0.0,1,0,0.0
8,3,tail_1,20,30,5,0,4.5,0,1,0,0.0,1,0,0.0
8,3,tail_1,20,30,5,0,4.5,1,1,0,0.0,1,0,0.0
8,3,tail_1,20,30,5,0,6,0,1,0,0.0,1,0,0.0
8,3,tail_1,20,30,5,0,6,1,1,0,0.0,1,0,0.0
8,3,tail_1,20,30,5,1,2.5,0,1,0,0.0,1,0,0.0
8,3,tail_1,20,30,5,1,2.5,1,1,0,0.0,1,0,0.0
8,3,tail_1,20,30,5,1,4.5,0,1,0,0.0,1,0,0.0
8,3,tail_1,20,30,5,1,4.5,1,1,0,0.0,1,0,0.0
8,3,tail_1,20,30,5,1,6,0,1,0,0.0,1,0,0.0
8,3,tail_1,20,30,5,1,6,1,1,0,0.0,1,0,0.0
8,3,tail_1,30,0,3,0,2.5,0,2,1,50.0,2,1,50.0
8,3,tail_1,30,0,3,0,2.5,1,2,1,50.0,2,1,50.0
8,3,tail_1,30,0,3,0,4.5,0,13,9,69.23,15,11,73.33
8,3,tail_1,30,0,3,0,4.5,1,13,9,69.23,15,11,73.33
8,3,tail_1,30,0,3,0,6,0,13,9,69.23,15,11,73.33
8,3,tail_1,30,0,3,0,6,1,13,9,69.23,15,11,73.33
8,3,tail_1,30,0,3,1,2.5,0,2,1,50.0,2,1,50.0
8,3,tail_1,30,0,3,1,2.5,1,2,1,50.0,2,1,50.0
8,3,tail_1,30,0,3,1,4.5,0,13,9,69.23,15,11,73.33
8,3,tail_1,30,0,3,1,4.5,1,13,9,69.23,15,11,73.33
8,3,tail_1,30,0,3,1,6,0,13,9,69.23,15,11,73.33
8,3,tail_1,30,0,3,1,6,1,13,9,69.23,15,11,73.33
8,3,tail_1,30,0,5,0,2.5,0,1,0,0.0,2,1,50.0
8,3,tail_1,30,0,5,0,2.5,1,1,0,0.0,2,1,50.0
8,3,tail_1,30,0,5,0,4.5,0,9,6,66.67,11,10,90.91
8,3,tail_1,30,0,5,0,4.5,1,9,6,66.67,11,10,90.91
8,3,tail_1,30,0,5,0,6,0,9,6,66.67,11,10,90.91
8,3,tail_1,30,0,5,0,6,1,9,6,66.67,11,10,90.91
8,3,tail_1,30,0,5,1,2.5,0,1,0,0.0,2,1,50.0
8,3,tail_1,30,0,5,1,2.5,1,1,0,0.0,2,1,50.0
8,3,tail_1,30,0,5,1,4.5,0,9,6,66.67,11,10,90.91
8,3,tail_1,30,0,5,1,4.5,1,9,6,66.67,11,10,90.91
8,3,tail_1,30,0,5,1,6,0,9,6,66.67,11,10,90.91
8,3,tail_1,30,0,5,1,6,1,9,6,66.67,11,10,90.91
8,3,tail_1,30,15,3,0,2.5,0,2,1,50.0,2,1,50.0
8,3,tail_1,30,15,3,0,2.5,1,2,1,50.0,2,1,50.0
8,3,tail_1,30,15,3,0,4.5,0,5,2,40.0,7,6,85.71
8,3,tail_1,30,15,3,0,4.5,1,5,2,40.0,7,6,85.71
8,3,tail_1,30,15,3,0,6,0,5,2,40.0,7,6,85.71
8,3,tail_1,30,15,3,0,6,1,5,2,40.0,7,6,85.71
8,3,tail_1,30,15,3,1,2.5,0,2,1,50.0,2,1,50.0
8,3,tail_1,30,15,3,1,2.5,1,2,1,50.0,2,1,50.0
8,3,tail_1,30,15,3,1,4.5,0,5,2,40.0,7,6,85.71
8,3,tail_1,30,15,3,1,4.5,1,5,2,40.0,7,6,85.71
8,3,tail_1,30,15,3,1,6,0,5,2,40.0,7,6,85.71
8,3,tail_1,30,15,3,1,6,1,5,2,40.0,7,6,85.71
8,3,tail_1,30,15,5,0,2.5,0,1,0,0.0,2,1,50.0
8,3,tail_1,30,15,5,0,2.5,1,1,0,0.0,2,1,50.0
8,3,tail_1,30,15,5,0,4.5,0,4,1,25.0,7,6,85.71
8,3,tail_1,30,15,5,0,4.5,1,4,1,25.0,7,6,85.71
8,3,tail_1,30,15,5,0,6,0,4,1,25.0,7,6,85.71
8,3,tail_1,30,15,5,0,6,1,4,1,25.0,7,6,85.71
8,3,tail_1,30,15,5,1,2.5,0,1,0,0.0,2,1,50.0
8,3,tail_1,30,15,5,1,2.5,1,1,0,0.0,2,1,50.0
8,3,tail_1,30,15,5,1,4.5,0,4,1,25.0,7,6,85.71
8,3,tail_1,30,15,5,1,4.5,1,4,1,25.0,7,6,85.71
8,3,tail_1,30,15,5,1,6,0,4,1,25.0,7,6,85.71
8,3,tail_1,30,15,5,1,6,1,4,1,25.0,7,6,85.71
8,3,tail_1,30,30,3,0,2.5,0,1,0,0.0,1,0,0.0
8,3,tail_1,30,30,3,0,2.5,1,1,0,0.0,1,0,0.0
8,3,tail_1,30,30,3,0,4.5,0,1,0,0.0,1,0,0.0
8,3,tail_1,30,30,3,0,4.5,1,1,0,0.0,1,0,0.0
8,3,tail_1,30,30,3,0,6,0,1,0,0.0,1,0,0.0
8,3,tail_1,30,30,3,0,6,1,1,0,0.0,1,0,0.0
8,3,tail_1,30,30,3,1,2.5,0,1,0,0.0,1,0,0.0
8,3,tail_1,30,30,3,1,2.5,1,1,0,0.0,1,0,0.0
8,3,tail_1,30,30,3,1,4.5,0,1,0,0.0,1,0,0.0
8,3,tail_1,30,30,3,1,4.5,1,1,0,0.0,1,0,0.0
8,3,tail_1,30,30,3,1,6,0,1,0,0.0,1,0,0.0
8,3,tail_1,30,30,3,1,6,1,1,0,0.0,1,0,0.0
8,3,tail_1,30,30,5,0,2.5,0,1,0,0.0,1,0,0.0
8,3,tail_1,30,30,5,0,2.5,1,1,0,0.0,1,0,0.0
8,3,tail_1,30,30,5,0,4.5,0,1,0,0.0,1,0,0.0
8,3,tail_1,30,30,5,0,4.5,1,1,0,0.0,1,0,0.0
8,3,tail_1,30,30,5,0,6,0,1,0,0.0,1,0,0.0
8,3,tail_1,30,30,5,0,6,1,1,0,0.0,1,0,0.0
8,3,tail_1,30,30,5,1,2.5,0,1,0,0.0,1,0,0.0
8,3,tail_1,30,30,5,1,2.5,1,1,0,0.0,1,0,0.0
8,3,tail_1,30,30,5,1,4.5,0,1,0,0.0,1,0,0.0
8,3,tail_1,30,30,5,1,4.5,1,1,0,0.0,1,0,0.0
8,3,tail_1,30,30,5,1,6,0,1,0,0.0,1,0,0.0
8,3,tail_1,30,30,5,1,6,1,1,0,0.0,1,0,0.0
8,3,tail_1,39,0,3,0,2.5,0,2,1,50.0,2,1,50.0
8,3,tail_1,39,0,3,0,2.5,1,2,1,50.0,2,1,50.0
8,3,tail_1,39,0,3,0,4.5,0,13,9,69.23,15,11,73.33
8,3,tail_1,39,0,3,0,4.5,1,13,9,69.23,15,11,73.33
8,3,tail_1,39,0,3,0,6,0,13,9,69.23,15,11,73.33
8,3,tail_1,39,0,3,0,6,1,13,9,69.23,15,11,73.33
8,3,tail_1,39,0,3,1,2.5,0,2,1,50.0,2,1,50.0
8,3,tail_1,39,0,3,1,2.5,1,2,1,50.0,2,1,50.0
8,3,tail_1,39,0,3,1,4.5,0,13,9,69.23,15,11,73.33
8,3,tail_1,39,0,3,1,4.5,1,13,9,69.23,15,11,73.33
8,3,tail_1,39,0,3,1,6,0,13,9,69.23,15,11,73.33
8,3,tail_1,39,0,3,1,6,1,13,9,69.23,15,11,73.33
8,3,tail_1,39,0,5,0,2.5,0,1,0,0.0,2,1,50.0
8,3,tail_1,39,0,5,0,2.5,1,1,0,0.0,2,1,50.0
8,3,tail_1,39,0,5,0,4.5,0,9,6,66.67,11,10,90.91
8,3,tail_1,39,0,5,0,4.5,1,9,6,66.67,11,10,90.91
8,3,tail_1,39,0,5,0,6,0,9,6,66.67,11,10,90.91
8,3,tail_1,39,0,5,0,6,1,9,6,66.67,11,10,90.91
8,3,tail_1,39,0,5,1,2.5,0,1,0,0.0,2,1,50.0
8,3,tail_1,39,0,5,1,2.5,1,1,0,0.0,2,1,50.0
8,3,tail_1,39,0,5,1,4.5,0,9,6,66.67,11,10,90.91
8,3,tail_1,39,0,5,1,4.5,1,9,6,66.67,11,10,90.91
8,3,tail_1,39,0,5,1,6,0,9,6,66.67,11,10,90.91
8,3,tail_1,39,0,5,1,6,1,9,6,66.67,11,10,90.91
8,3,tail_1,39,15,3,0,2.5,0,2,1,50.0,2,1,50.0
8,3,tail_1,39,15,3,0,2.5,1,2,1,50.0,2,1,50.0
8,3,tail_1,39,15,3,0,4.5,0,5,2,40.0,7,6,85.71
8,3,tail_1,39,15,3,0,4.5,1,5,2,40.0,7,6,85.71
8,3,tail_1,39,15,3,0,6,0,5,2,40.0,7,6,85.71
8,3,tail_1,39,15,3,0,6,1,5,2,40.0,7,6,85.71
8,3,tail_1,39,15,3,1,2.5,0,2,1,50.0,2,1,50.0
8,3,tail_1,39,15,3,1,2.5,1,2,1,50.0,2,1,50.0
8,3,tail_1,39,15,3,1,4.5,0,5,2,40.0,7,6,85.71
8,3,tail_1,39,15,3,1,4.5,1,5,2,40.0,7,6,85.71
8,3,tail_1,39,15,3,1,6,0,5,2,40.0,7,6,85.71
8,3,tail_1,39,15,3,1,6,1,5,2,40.0,7,6,85.71
8,3,tail_1,39,15,5,0,2.5,0,1,0,0.0,2,1,50.0
8,3,tail_1,39,15,5,0,2.5,1,1,0,0.0,2,1,50.0
8,3,tail_1,39,15,5,0,4.5,0,4,1,25.0,7,6,85.71
8,3,tail_1,39,15,5,0,4.5,1,4,1,25.0,7,6,85.71
8,3,tail_1,39,15,5,0,6,0,4,1,25.0,7,6,85.71
8,3,tail_1,39,15,5,0,6,1,4,1,25.0,7,6,85.71
8,3,tail_1,39,15,5,1,2.5,0,1,0,0.0,2,1,50.0
8,3,tail_1,39,15,5,1,2.5,1,1,0,0.0,2,1,50.0
8,3,tail_1,39,15,5,1,4.5,0,4,1,25.0,7,6,85.71
8,3,tail_1,39,15,5,1,4.5,1,4,1,25.0,7,6,85.71
8,3,tail_1,39,15,5,1,6,0,4,1,25.0,7,6,85.71
8,3,tail_1,39,15,5,1,6,1,4,1,25.0,7,6,85.71
8,3,tail_1,39,30,3,0,2.5,0,1,0,0.0,1,0,0.0
8,3,tail_1,39,30,3,0,2.5,1,1,0,0.0,1,0,0.0
8,3,tail_1,39,30,3,0,4.5,0,1,0,0.0,1,0,0.0
8,3,tail_1,39,30,3,0,4.5,1,1,0,0.0,1,0,0.0
8,3,tail_1,39,30,3,0,6,0,1,0,0.0,1,0,0.0
8,3,tail_1,39,30,3,0,6,1,1,0,0.0,1,0,0.0
8,3,tail_1,39,30,3,1,2.5,0,1,0,0.0,1,0,0.0
8,3,tail_1,39,30,3,1,2.5,1,1,0,0.0,1,0,0.0
8,3,tail_1,39,30,3,1,4.5,0,1,0,0.0,1,0,0.0
8,3,tail_1,39,30,3,1,4.5,1,1,0,0.0,1,0,0.0
8,3,tail_1,39,30,3,1,6,0,1,0,0.0,1,0,0.0
8,3,tail_1,39,30,3,1,6,1,1,0,0.0,1,0,0.0
8,3,tail_1,39,30,5,0,2.5,0,1,0,0.0,1,0,0.0
8,3,tail_1,39,30,5,0,2.5,1,1,0,0.0,1,0,0.0
8,3,tail_1,39,30,5,0,4.5,0,1,0,0.0,1,0,0.0
8,3,tail_1,39,30,5,0,4.5,1,1,0,0.0,1,0,0.0
8,3,tail_1,39,30,5,0,6,0,1,0,0.0,1,0,0.0
8,3,tail_1,39,30,5,0,6,1,1,0,0.0,1,0,0.0
8,3,tail_1,39,30,5,1,2.5,0,1,0,0.0,1,0,0.0
8,3,tail_1,39,30,5,1,2.5,1,1,0,0.0,1,0,0.0
8,3,tail_1,39,30,5,1,4.5,0,1,0,0.0,1,0,0.0
8,3,tail_1,39,30,5,1,4.5,1,1,0,0.0,1,0,0.0
8,3,tail_1,39,30,5,1,6,0,1,0,0.0,1,0,0.0
8,3,tail_1,39,30,5,1,6,1,1,0,0.0,1,0,0.0
8,3,tail_1,45,0,3,0,2.5,0,1,0,0.0,2,1,50.0
8,3,tail_1,45,0,3,0,2.5,1,1,0,0.0,2,1,50.0
8,3,tail_1,45,0,3,0,4.5,0,9,7,77.78,13,10,76.92
8,3,tail_1,45,0,3,0,4.5,1,9,7,77.78,13,10,76.92
8,3,tail_1,45,0,3,0,6,0,9,7,77.78,13,10,76.92
8,3,tail_1,45,0,3,0,6,1,9,7,77.78,13,10,76.92
8,3,tail_1,45,0,3,1,2.5,0,1,0,0.0,2,1,50.0
8,3,tail_1,45,0,3,1,2.5,1,1,0,0.0,2,1,50.0
8,3,tail_1,45,0,3,1,4.5,0,9,7,77.78,13,10,76.92
8,3,tail_1,45,0,3,1,4.5,1,9,7,77.78,13,10,76.92
8,3,tail_1,45,0,3,1,6,0,9,7,77.78,13,10,76.92
8,3,tail_1,45,0,3,1,6,1,9,7,77.78,13,10,76.92
8,3,tail_1,45,0,5,0,2.5,0,1,0,0.0,2,1,50.0
8,3,tail_1,45,0,5,0,2.5,1,1,0,0.0,2,1,50.0
8,3,tail_1,45,0,5,0,4.5,0,8,6,75.0,11,10,90.91
8,3,tail_1,45,0,5,0,4.5,1,8,6,75.0,11,10,90.91
8,3,tail_1,45,0,5,0,6,0,8,6,75.0,11,10,90.91
8,3,tail_1,45,0,5,0,6,1,8,6,75.0,11,10,90.91
8,3,tail_1,45,0,5,1,2.5,0,1,0,0.0,2,1,50.0
8,3,tail_1,45,0,5,1,2.5,1,1,0,0.0,2,1,50.0
8,3,tail_1,45,0,5,1,4.5,0,8,6,75.0,11,10,90.91
8,3,tail_1,45,0,5,1,4.5,1,8,6,75.0,11,10,90.91
8,3,tail_1,45,0,5,1,6,0,8,6,75.0,11,10,90.91
8,3,tail_1,45,0,5,1,6,1,8,6,75.0,11,10,90.91
8,3,tail_1,45,15,3,0,2.5,0,1,0,0.0,2,1,50.0
8,3,tail_1,45,15,3,0,2.5,1,1,0,0.0,2,1,50.0
8,3,tail_1,45,15,3,0,4.5,0,3,1,33.33,7,6,85.71
8,3,tail_1,45,15,3,0,4.5,1,3,1,33.33,7,6,85.71
8,3,tail_1,45,15,3,0,6,0,3,1,33.33,7,6,85.71
8,3,tail_1,45,15,3,0,6,1,3,1,33.33,7,6,85.71
8,3,tail_1,45,15,3,1,2.5,0,1,0,0.0,2,1,50.0
8,3,tail_1,45,15,3,1,2.5,1,1,0,0.0,2,1,50.0
8,3,tail_1,45,15,3,1,4.5,0,3,1,33.33,7,6,85.71
8,3,tail_1,45,15,3,1,4.5,1,3,1,33.33,7,6,85.71
8,3,tail_1,45,15,3,1,6,0,3,1,33.33,7,6,85.71
8,3,tail_1,45,15,3,1,6,1,3,1,33.33,7,6,85.71
8,3,tail_1,45,15,5,0,2.5,0,1,0,0.0,2,1,50.0
8,3,tail_1,45,15,5,0,2.5,1,1,0,0.0,2,1,50.0
8,3,tail_1,45,15,5,0,4.5,0,3,1,33.33,7,6,85.71
8,3,tail_1,45,15,5,0,4.5,1,3,1,33.33,7,6,85.71
8,3,tail_1,45,15,5,0,6,0,3,1,33.33,7,6,85.71
8,3,tail_1,45,15,5,0,6,1,3,1,33.33,7,6,85.71
8,3,tail_1,45,15,5,1,2.5,0,1,0,0.0,2,1,50.0
8,3,tail_1,45,15,5,1,2.5,1,1,0,0.0,2,1,50.0
8,3,tail_1,45,15,5,1,4.5,0,3,1,33.33,7,6,85.71
8,3,tail_1,45,15,5,1,4.5,1,3,1,33.33,7,6,85.71
8,3,tail_1,45,15,5,1,6,0,3,1,33.33,7,6,85.71
8,3,tail_1,45,15,5,1,6,1,3,1,33.33,7,6,85.71
8,3,tail_1,45,30,3,0,2.5,0,1,0,0.0,1,0,0.0
8,3,tail_1,45,30,3,0,2.5,1,1,0,0.0,1,0,0.0
8,3,tail_1,45,30,3,0,4.5,0,1,0,0.0,1,0,0.0
8,3,tail_1,45,30,3,0,4.5,1,1,0,0.0,1,0,0.0
8,3,tail_1,45,30,3,0,6,0,1,0,0.0,1,0,0.0
8,3,tail_1,45,30,3,0,6,1,1,0,0.0,1,0,0.0
8,3,tail_1,45,30,3,1,2.5,0,1,0,0.0,1,0,0.0
8,3,tail_1,45,30,3,1,2.5,1,1,0,0.0,1,0,0.0
8,3,tail_1,45,30,3,1,4.5,0,1,0,0.0,1,0,0.0
8,3,tail_1,45,30,3,1,4.5,1,1,0,0.0,1,0,0.0
8,3,tail_1,45,30,3,1,6,0,1,0,0.0,1,0,0.0
8,3,tail_1,45,30,3,1,6,1,1,0,0.0,1,0,0.0
8,3,tail_1,45,30,5,0,2.5,0,1,0,0.0,1,0,0.0
8,3,tail_1,45,30,5,0,2.5,1,1,0,0.0,1,0,0.0
8,3,tail_1,45,30,5,0,4.5,0,1,0,0.0,1,0,0.0
8,3,tail_1,45,30,5,0,4.5,1,1,0,0.0,1,0,0.0
8,3,tail_1,45,30,5,0,6,0,1,0,0.0,1,0,0.0
8,3,tail_1,45,30,5,0,6,1,1,0,0.0,1,0,0.0
8,3,tail_1,45,30,5,1,2.5,0,1,0,0.0,1,0,0.0
8,3,tail_1,45,30,5,1,2.5,1,1,0,0.0,1,0,0.0
8,3,tail_1,45,30,5,1,4.5,0,1,0,0.0,1,0,0.0
8,3,tail_1,45,30,5,1,4.5,1,1,0,0.0,1,0,0.0
8,3,tail_1,45,30,5,1,6,0,1,0,0.0,1,0,0.0
8,3,tail_1,45,30,5,1,6,1,1,0,0.0,1,0,0.0
8,3,tail_2_3,20,0,3,0,4.5,0,8,5,62.5,13,8,61.54
8,3,tail_2_3,20,0,3,0,4.5,1,8,5,62.5,13,8,61.54
8,3,tail_2_3,20,0,3,0,6,0,11,7,63.64,15,10,66.67
8,3,tail_2_3,20,0,3,0,6,1,11,7,63.64,15,10,66.67
8,3,tail_2_3,20,0,3,1,4.5,0,8,5,62.5,13,8,61.54
8,3,tail_2_3,20,0,3,1,4.5,1,8,5,62.5,13,8,61.54
8,3,tail_2_3,20,0,3,1,6,0,11,7,63.64,15,10,66.67
8,3,tail_2_3,20,0,3,1,6,1,11,7,63.64,15,10,66.67
8,3,tail_2_3,20,0,5,0,4.5,0,5,3,60.0,9,5,55.56
8,3,tail_2_3,20,0,5,0,4.5,1,5,3,60.0,9,5,55.56
8,3,tail_2_3,20,0,5,0,6,0,7,4,57.14,11,7,63.64
8,3,tail_2_3,20,0,5,0,6,1,7,4,57.14,11,7,63.64
8,3,tail_2_3,20,0,5,1,4.5,0,5,3,60.0,9,5,55.56
8,3,tail_2_3,20,0,5,1,4.5,1,5,3,60.0,9,5,55.56
8,3,tail_2_3,20,0,5,1,6,0,7,4,57.14,11,7,63.64
8,3,tail_2_3,20,0,5,1,6,1,7,4,57.14,11,7,63.64
8,3,tail_2_3,20,15,3,0,4.5,0,3,3,100.0,6,5,83.33
8,3,tail_2_3,20,15,3,0,4.5,1,3,3,100.0,6,5,83.33
8,3,tail_2_3,20,15,3,0,6,0,3,3,100.0,6,5,83.33
8,3,tail_2_3,20,15,3,0,6,1,3,3,100.0,6,5,83.33
8,3,tail_2_3,20,15,3,1,4.5,0,3,3,100.0,6,5,83.33
8,3,tail_2_3,20,15,3,1,4.5,1,3,3,100.0,6,5,83.33
8,3,tail_2_3,20,15,3,1,6,0,3,3,100.0,6,5,83.33
8,3,tail_2_3,20,15,3,1,6,1,3,3,100.0,6,5,83.33
8,3,tail_2_3,20,15,5,0,4.5,0,3,3,100.0,5,4,80.0
8,3,tail_2_3,20,15,5,0,4.5,1,3,3,100.0,5,4,80.0
8,3,tail_2_3,20,15,5,0,6,0,3,3,100.0,5,4,80.0
8,3,tail_2_3,20,15,5,0,6,1,3,3,100.0,5,4,80.0
8,3,tail_2_3,20,15,5,1,4.5,0,3,3,100.0,5,4,80.0
8,3,tail_2_3,20,15,5,1,4.5,1,3,3,100.0,5,4,80.0
8,3,tail_2_3,20,15,5,1,6,0,3,3,100.0,5,4,80.0
8,3,tail_2_3,20,15,5,1,6,1,3,3,100.0,5,4,80.0
8,3,tail_2_3,20,30,3,0,4.5,0,2,2,100.0,1,1,100.0
8,3,tail_2_3,20,30,3,0,4.5,1,2,2,100.0,1,1,100.0
8,3,tail_2_3,20,30,3,0,6,0,2,2,100.0,1,1,100.0
8,3,tail_2_3,20,30,3,0,6,1,2,2,100.0,1,1,100.0
8,3,tail_2_3,20,30,3,1,4.5,0,2,2,100.0,1,1,100.0
8,3,tail_2_3,20,30,3,1,4.5,1,2,2,100.0,1,1,100.0
8,3,tail_2_3,20,30,3,1,6,0,2,2,100.0,1,1,100.0
8,3,tail_2_3,20,30,3,1,6,1,2,2,100.0,1,1,100.0
8,3,tail_2_3,20,30,5,0,4.5,0,2,2,100.0,1,1,100.0
8,3,tail_2_3,20,30,5,0,4.5,1,2,2,100.0,1,1,100.0
8,3,tail_2_3,20,30,5,0,6,0,2,2,100.0,1,1,100.0
8,3,tail_2_3,20,30,5,0,6,1,2,2,100.0,1,1,100.0
8,3,tail_2_3,20,30,5,1,4.5,0,2,2,100.0,1,1,100.0
8,3,tail_2_3,20,30,5,1,4.5,1,2,2,100.0,1,1,100.0
8,3,tail_2_3,20,30,5,1,6,0,2,2,100.0,1,1,100.0
8,3,tail_2_3,20,30,5,1,6,1,2,2,100.0,1,1,100.0
8,3,tail_2_3,30,0,3,0,4.5,0,8,5,62.5,13,8,61.54
8,3,tail_2_3,30,0,3,0,4.5,1,8,5,62.5,13,8,61.54
8,3,tail_2_3,30,0,3,0,6,0,11,7,63.64,15,10,66.67
8,3,tail_2_3,30,0,3,0,6,1,11,7,63.64,15,10,66.67
8,3,tail_2_3,30,0,3,1,4.5,0,8,5,62.5,13,8,61.54
8,3,tail_2_3,30,0,3,1,4.5,1,8,5,62.5,13,8,61.54
8,3,tail_2_3,30,0,3,1,6,0,11,7,63.64,15,10,66.67
8,3,tail_2_3,30,0,3,1,6,1,11,7,63.64,15,10,66.67
8,3,tail_2_3,30,0,5,0,4.5,0,5,3,60.0,9,5,55.56
8,3,tail_2_3,30,0,5,0,4.5,1,5,3,60.0,9,5,55.56
8,3,tail_2_3,30,0,5,0,6,0,7,4,57.14,11,7,63.64
8,3,tail_2_3,30,0,5,0,6,1,7,4,57.14,11,7,63.64
8,3,tail_2_3,30,0,5,1,4.5,0,5,3,60.0,9,5,55.56
8,3,tail_2_3,30,0,5,1,4.5,1,5,3,60.0,9,5,55.56
8,3,tail_2_3,30,0,5,1,6,0,7,4,57.14,11,7,63.64
8,3,tail_2_3,30,0,5,1,6,1,7,4,57.14,11,7,63.64
8,3,tail_2_3,30,15,3,0,4.5,0,3,3,100.0,6,5,83.33
8,3,tail_2_3,30,15,3,0,4.5,1,3,3,100.0,6,5,83.33
8,3,tail_2_3,30,15,3,0,6,0,3,3,100.0,6,5,83.33
8,3,tail_2_3,30,15,3,0,6,1,3,3,100.0,6,5,83.33
8,3,tail_2_3,30,15,3,1,4.5,0,3,3,100.0,6,5,83.33
8,3,tail_2_3,30,15,3,1,4.5,1,3,3,100.0,6,5,83.33
8,3,tail_2_3,30,15,3,1,6,0,3,3,100.0,6,5,83.33
8,3,tail_2_3,30,15,3,1,6,1,3,3,100.0,6,5,83.33
8,3,tail_2_3,30,15,5,0,4.5,0,3,3,100.0,5,4,80.0
8,3,tail_2_3,30,15,5,0,4.5,1,3,3,100.0,5,4,80.0
8,3,tail_2_3,30,15,5,0,6,0,3,3,100.0,5,4,80.0
8,3,tail_2_3,30,15,5,0,6,1,3,3,100.0,5,4,80.0
8,3,tail_2_3,30,15,5,1,4.5,0,3,3,100.0,5,4,80.0
8,3,tail_2_3,30,15,5,1,4.5,1,3,3,100.0,5,4,80.0
8,3,tail_2_3,30,15,5,1,6,0,3,3,100.0,5,4,80.0
8,3,tail_2_3,30,15,5,1,6,1,3,3,100.0,5,4,80.0
8,3,tail_2_3,30,30,3,0,4.5,0,2,2,100.0,1,1,100.0
8,3,tail_2_3,30,30,3,0,4.5,1,2,2,100.0,1,1,100.0
8,3,tail_2_3,30,30,3,0,6,0,2,2,100.0,1,1,100.0
8,3,tail_2_3,30,30,3,0,6,1,2,2,100.0,1,1,100.0
8,3,tail_2_3,30,30,3,1,4.5,0,2,2,100.0,1,1,100.0
8,3,tail_2_3,30,30,3,1,4.5,1,2,2,100.0,1,1,100.0
8,3,tail_2_3,30,30,3,1,6,0,2,2,100.0,1,1,100.0
8,3,tail_2_3,30,30,3,1,6,1,2,2,100.0,1,1,100.0
8,3,tail_2_3,30,30,5,0,4.5,0,2,2,100.0,1,1,100.0
8,3,tail_2_3,30,30,5,0,4.5,1,2,2,100.0,1,1,100.0
8,3,tail_2_3,30,30,5,0,6,0,2,2,100.0,1,1,100.0
8,3,tail_2_3,30,30,5,0,6,1,2,2,100.0,1,1,100.0
8,3,tail_2_3,30,30,5,1,4.5,0,2,2,100.0,1,1,100.0
8,3,tail_2_3,30,30,5,1,4.5,1,2,2,100.0,1,1,100.0
8,3,tail_2_3,30,30,5,1,6,0,2,2,100.0,1,1,100.0
8,3,tail_2_3,30,30,5,1,6,1,2,2,100.0,1,1,100.0
8,3,tail_2_3,39,0,3,0,4.5,0,8,5,62.5,12,7,58.33
8,3,tail_2_3,39,0,3,0,4.5,1,8,5,62.5,12,7,58.33
8,3,tail_2_3,39,0,3,0,6,0,11,7,63.64,14,9,64.29
8,3,tail_2_3,39,0,3,0,6,1,11,7,63.64,14,9,64.29
8,3,tail_2_3,39,0,3,1,4.5,0,8,5,62.5,12,7,58.33
8,3,tail_2_3,39,0,3,1,4.5,1,8,5,62.5,12,7,58.33
8,3,tail_2_3,39,0,3,1,6,0,11,7,63.64,14,9,64.29
8,3,tail_2_3,39,0,3,1,6,1,11,7,63.64,14,9,64.29
8,3,tail_2_3,39,0,5,0,4.5,0,5,3,60.0,9,5,55.56
8,3,tail_2_3,39,0,5,0,4.5,1,5,3,60.0,9,5,55.56
8,3,tail_2_3,39,0,5,0,6,0,7,4,57.14,11,7,63.64
8,3,tail_2_3,39,0,5,0,6,1,7,4,57.14,11,7,63.64
8,3,tail_2_3,39,0,5,1,4.5,0,5,3,60.0,9,5,55.56
8,3,tail_2_3,39,0,5,1,4.5,1,5,3,60.0,9,5,55.56
8,3,tail_2_3,39,0,5,1,6,0,7,4,57.14,11,7,63.64
8,3,tail_2_3,39,0,5,1,6,1,7,4,57.14,11,7,63.64
8,3,tail_2_3,39,15,3,0,4.5,0,3,3,100.0,5,4,80.0
8,3,tail_2_3,39,15,3,0,4.5,1,3,3,100.0,5,4,80.0
8,3,tail_2_3,39,15,3,0,6,0,3,3,100.0,5,4,80.0
8,3,tail_2_3,39,15,3,0,6,1,3,3,100.0,5,4,80.0
8,3,tail_2_3,39,15,3,1,4.5,0,3,3,100.0,5,4,80.0
8,3,tail_2_3,39,15,3,1,4.5,1,3,3,100.0,5,4,80.0
8,3,tail_2_3,39,15,3,1,6,0,3,3,100.0,5,4,80.0
8,3,tail_2_3,39,15,3,1,6,1,3,3,100.0,5,4,80.0
8,3,tail_2_3,39,15,5,0,4.5,0,3,3,100.0,5,4,80.0
8,3,tail_2_3,39,15,5,0,4.5,1,3,3,100.0,5,4,80.0
8,3,tail_2_3,39,15,5,0,6,0,3,3,100.0,5,4,80.0
8,3,tail_2_3,39,15,5,0,6,1,3,3,100.0,5,4,80.0
8,3,tail_2_3,39,15,5,1,4.5,0,3,3,100.0,5,4,80.0
8,3,tail_2_3,39,15,5,1,4.5,1,3,3,100.0,5,4,80.0
8,3,tail_2_3,39,15,5,1,6,0,3,3,100.0,5,4,80.0
8,3,tail_2_3,39,15,5,1,6,1,3,3,100.0,5,4,80.0
8,3,tail_2_3,39,30,3,0,4.5,0,2,2,100.0,1,1,100.0
8,3,tail_2_3,39,30,3,0,4.5,1,2,2,100.0,1,1,100.0
8,3,tail_2_3,39,30,3,0,6,0,2,2,100.0,1,1,100.0
8,3,tail_2_3,39,30,3,0,6,1,2,2,100.0,1,1,100.0
8,3,tail_2_3,39,30,3,1,4.5,0,2,2,100.0,1,1,100.0
8,3,tail_2_3,39,30,3,1,4.5,1,2,2,100.0,1,1,100.0
8,3,tail_2_3,39,30,3,1,6,0,2,2,100.0,1,1,100.0
8,3,tail_2_3,39,30,3,1,6,1,2,2,100.0,1,1,100.0
8,3,tail_2_3,39,30,5,0,4.5,0,2,2,100.0,1,1,100.0
8,3,tail_2_3,39,30,5,0,4.5,1,2,2,100.0,1,1,100.0
8,3,tail_2_3,39,30,5,0,6,0,2,2,100.0,1,1,100.0
8,3,tail_2_3,39,30,5,0,6,1,2,2,100.0,1,1,100.0
8,3,tail_2_3,39,30,5,1,4.5,0,2,2,100.0,1,1,100.0
8,3,tail_2_3,39,30,5,1,4.5,1,2,2,100.0,1,1,100.0
8,3,tail_2_3,39,30,5,1,6,0,2,2,100.0,1,1,100.0
8,3,tail_2_3,39,30,5,1,6,1,2,2,100.0,1,1,100.0
8,3,tail_2_3,45,0,3,0,4.5,0,6,4,66.67,11,6,54.55
8,3,tail_2_3,45,0,3,0,4.5,1,6,4,66.67,11,6,54.55
8,3,tail_2_3,45,0,3,0,6,0,9,6,66.67,13,8,61.54
8,3,tail_2_3,45,0,3,0,6,1,9,6,66.67,13,8,61.54
8,3,tail_2_3,45,0,3,1,4.5,0,6,4,66.67,11,6,54.55
8,3,tail_2_3,45,0,3,1,4.5,1,6,4,66.67,11,6,54.55
8,3,tail_2_3,45,0,3,1,6,0,9,6,66.67,13,8,61.54
8,3,tail_2_3,45,0,3,1,6,1,9,6,66.67,13,8,61.54
8,3,tail_2_3,45,0,5,0,4.5,0,5,3,60.0,9,5,55.56
8,3,tail_2_3,45,0,5,0,4.5,1,5,3,60.0,9,5,55.56
8,3,tail_2_3,45,0,5,0,6,0,7,4,57.14,11,7,63.64
8,3,tail_2_3,45,0,5,0,6,1,7,4,57.14,11,7,63.64
8,3,tail_2_3,45,0,5,1,4.5,0,5,3,60.0,9,5,55.56
8,3,tail_2_3,45,0,5,1,4.5,1,5,3,60.0,9,5,55.56
8,3,tail_2_3,45,0,5,1,6,0,7,4,57.14,11,7,63.64
8,3,tail_2_3,45,0,5,1,6,1,7,4,57.14,11,7,63.64
8,3,tail_2_3,45,15,3,0,4.5,0,3,3,100.0,5,4,80.0
8,3,tail_2_3,45,15,3,0,4.5,1,3,3,100.0,5,4,80.0
8,3,tail_2_3,45,15,3,0,6,0,3,3,100.0,5,4,80.0
8,3,tail_2_3,45,15,3,0,6,1,3,3,100.0,5,4,80.0
8,3,tail_2_3,45,15,3,1,4.5,0,3,3,100.0,5,4,80.0
8,3,tail_2_3,45,15,3,1,4.5,1,3,3,100.0,5,4,80.0
8,3,tail_2_3,45,15,3,1,6,0,3,3,100.0,5,4,80.0
8,3,tail_2_3,45,15,3,1,6,1,3,3,100.0,5,4,80.0
8,3,tail_2_3,45,15,5,0,4.5,0,3,3,100.0,5,4,80.0
8,3,tail_2_3,45,15,5,0,4.5,1,3,3,100.0,5,4,80.0
8,3,tail_2_3,45,15,5,0,6,0,3,3,100.0,5,4,80.0
8,3,tail_2_3,45,15,5,0,6,1,3,3,100.0,5,4,80.0
8,3,tail_2_3,45,15,5,1,4.5,0,3,3,100.0,5,4,80.0
8,3,tail_2_3,45,15,5,1,4.5,1,3,3,100.0,5,4,80.0
8,3,tail_2_3,45,15,5,1,6,0,3,3,100.0,5,4,80.0
8,3,tail_2_3,45,15,5,1,6,1,3,3,100.0,5,4,80.0
8,3,tail_2_3,45,30,3,0,4.5,0,2,2,100.0,1,1,100.0
8,3,tail_2_3,45,30,3,0,4.5,1,2,2,100.0,1,1,100.0
8,3,tail_2_3,45,30,3,0,6,0,2,2,100.0,1,1,100.0
8,3,tail_2_3,45,30,3,0,6,1,2,2,100.0,1,1,100.0
8,3,tail_2_3,45,30,3,1,4.5,0,2,2,100.0,1,1,100.0
8,3,tail_2_3,45,30,3,1,4.5,1,2,2,100.0,1,1,100.0
8,3,tail_2_3,45,30,3,1,6,0,2,2,100.0,1,1,100.0
8,3,tail_2_3,45,30,3,1,6,1,2,2,100.0,1,1,100.0
8,3,tail_2_3,45,30,5,0,4.5,0,2,2,100.0,1,1,100.0
8,3,tail_2_3,45,30,5,0,4.5,1,2,2,100.0,1,1,100.0
8,3,tail_2_3,45,30,5,0,6,0,2,2,100.0,1,1,100.0
8,3,tail_2_3,45,30,5,0,6,1,2,2,100.0,1,1,100.0
8,3,tail_2_3,45,30,5,1,4.5,0,2,2,100.0,1,1,100.0
8,3,tail_2_3,45,30,5,1,4.5,1,2,2,100.0,1,1,100.0
8,3,tail_2_3,45,30,5,1,6,0,2,2,100.0,1,1,100.0
8,3,tail_2_3,45,30,5,1,6,1,2,2,100.0,1,1,100.0
24,1,no_tail,20,0,1.5,1.5,5,0,55,33,60.0,64,45,70.31
24,1,no_tail,20,0,1.5,1.5,5,1,55,33,60.0,64,45,70.31
24,1,no_tail,20,0,1.5,1.5,5,2,55,33,60.0,64,45,70.31
24,1,no_tail,20,0,1.5,1.5,7,0,55,33,60.0,64,45,70.31
24,1,no_tail,20,0,1.5,1.5,7,1,55,33,60.0,64,45,70.31
24,1,no_tail,20,0,1.5,1.5,7,2,55,33,60.0,64,45,70.31
24,1,no_tail,20,0,1.5,3,5,0,41,25,60.98,43,31,72.09
24,1,no_tail,20,0,1.5,3,5,1,41,25,60.98,43,31,72.09
24,1,no_tail,20,0,1.5,3,5,2,41,25,60.98,43,31,72.09
24,1,no_tail,20,0,1.5,3,7,0,41,25,60.98,43,31,72.09
24,1,no_tail,20,0,1.5,3,7,1,41,25,60.98,43,31,72.09
24,1,no_tail,20,0,1.5,3,7,2,41,25,60.98,43,31,72.09
24,1,no_tail,20,0,3,1.5,5,0,12,7,58.33,17,11,64.71
24,1,no_tail,20,0,3,1.5,5,1,12,7,58.33,17,11,64.71
24,1,no_tail,20,0,3,1.5,5,2,12,7,58.33,17,11,64.71
24,1,no_tail,20,0,3,1.5,7,0,12,7,58.33,17,11,64.71
24,1,no_tail,20,0,3,1.5,7,1,12,7,58.33,17,11,64.71
24,1,no_tail,20,0,3,1.5,7,2,12,7,58.33,17,11,64.71
24,1,no_tail,20,0,3,3,5,0,8,4,50.0,16,10,62.5
24,1,no_tail,20,0,3,3,5,1,8,4,50.0,16,10,62.5
24,1,no_tail,20,0,3,3,5,2,8,4,50.0,16,10,62.5
24,1,no_tail,20,0,3,3,7,0,8,4,50.0,16,10,62.5
24,1,no_tail,20,0,3,3,7,1,8,4,50.0,16,10,62.5
24,1,no_tail,20,0,3,3,7,2,8,4,50.0,16,10,62.5
24,1,no_tail,20,10,1.5,1.5,5,0,32,19,59.38,37,25,67.57
24,1,no_tail,20,10,1.5,1.5,5,1,32,19,59.38,37,25,67.57
24,1,no_tail,20,10,1.5,1.5,5,2,32,19,59.38,37,25,67.57
24,1,no_tail,20,10,1.5,1.5,7,0,32,19,59.38,37,25,67.57
24,1,no_tail,20,10,1.5,1.5,7,1,32,19,59.38,37,25,67.57
24,1,no_tail,20,10,1.5,1.5,7,2,32,19,59.38,37,25,67.57
24,1,no_tail,20,10,1.5,3,5,0,24,14,58.33,28,18,64.29
24,1,no_tail,20,10,1.5,3,5,1,24,14,58.33,28,18,64.29
24,1,no_tail,20,10,1.5,3,5,2,24,14,58.33,28,18,64.29
24,1,no_tail,20,10,1.5,3,7,0,24,14,58.33,28,18,64.29
24,1,no_tail,20,10,1.5,3,7,1,24,14,58.33,28,18,64.29
24,1,no_tail,20,10,1.5,3,7,2,24,14,58.33,28,18,64.29
24,1,no_tail,20,10,3,1.5,5,0,11,6,54.55,11,6,54.55
24,1,no_tail,20,10,3,1.5,5,1,11,6,54.55,11,6,54.55
24,1,no_tail,20,10,3,1.5,5,2,11,6,54.55,11,6,54.55
24,1,no_tail,20,10,3,1.5,7,0,11,6,54.55,11,6,54.55
24,1,no_tail,20,10,3,1.5,7,1,11,6,54.55,11,6,54.55
24,1,no_tail,20,10,3,1.5,7,2,11,6,54.55,11,6,54.55
24,1,no_tail,20,10,3,3,5,0,8,4,50.0,11,6,54.55
24,1,no_tail,20,10,3,3,5,1,8,4,50.0,11,6,54.55
24,1,no_tail,20,10,3,3,5,2,8,4,50.0,11,6,54.55
24,1,no_tail,20,10,3,3,7,0,8,4,50.0,11,6,54.55
24,1,no_tail,20,10,3,3,7,1,8,4,50.0,11,6,54.55
24,1,no_tail,20,10,3,3,7,2,8,4,50.0,11,6,54.55
24,1,no_tail,20,15,1.5,1.5,5,0,11,8,72.73,15,10,66.67
24,1,no_tail,20,15,1.5,1.5,5,1,11,8,72.73,15,10,66.67
24,1,no_tail,20,15,1.5,1.5,5,2,11,8,72.73,15,10,66.67
24,1,no_tail,20,15,1.5,1.5,7,0,11,8,72.73,15,10,66.67
24,1,no_tail,20,15,1.5,1.5,7,1,11,8,72.73,15,10,66.67
24,1,no_tail,20,15,1.5,1.5,7,2,11,8,72.73,15,10,66.67
24,1,no_tail,20,15,1.5,3,5,0,8,6,75.0,10,6,60.0
24,1,no_tail,20,15,1.5,3,5,1,8,6,75.0,10,6,60.0
24,1,no_tail,20,15,1.5,3,5,2,8,6,75.0,10,6,60.0
24,1,no_tail,20,15,1.5,3,7,0,8,6,75.0,10,6,60.0
24,1,no_tail,20,15,1.5,3,7,1,8,6,75.0,10,6,60.0
24,1,no_tail,20,15,1.5,3,7,2,8,6,75.0,10,6,60.0
24,1,no_tail,20,15,3,1.5,5,0,5,4,80.0,7,4,57.14
24,1,no_tail,20,15,3,1.5,5,1,5,4,80.0,7,4,57.14
24,1,no_tail,20,15,3,1.5,5,2,5,4,80.0,7,4,57.14
24,1,no_tail,20,15,3,1.5,7,0,5,4,80.0,7,4,57.14
24,1,no_tail,20,15,3,1.5,7,1,5,4,80.0,7,4,57.14
24,1,no_tail,20,15,3,1.5,7,2,5,4,80.0,7,4,57.14
24,1,no_tail,20,15,3,3,5,0,4,3,75.0,7,4,57.14
24,1,no_tail,20,15,3,3,5,1,4,3,75.0,7,4,57.14
24,1,no_tail,20,15,3,3,5,2,4,3,75.0,7,4,57.14
24,1,no_tail,20,15,3,3,7,0,4,3,75.0,7,4,57.14
24,1,no_tail,20,15,3,3,7,1,4,3,75.0,7,4,57.14
24,1,no_tail,20,15,3,3,7,2,4,3,75.0,7,4,57.14
24,1,no_tail,30,0,1.5,1.5,5,0,39,22,56.41,40,28,70.0
24,1,no_tail,30,0,1.5,1.5,5,1,39,22,56.41,40,28,70.0
24,1,no_tail,30,0,1.5,1.5,5,2,39,22,56.41,40,28,70.0
24,1,no_tail,30,0,1.5,1.5,7,0,39,22,56.41,40,28,70.0
24,1,no_tail,30,0,1.5,1.5,7,1,39,22,56.41,40,28,70.0
24,1,no_tail,30,0,1.5,1.5,7,2,39,22,56.41,40,28,70.0
24,1,no_tail,30,0,1.5,3,5,0,30,16,53.33,30,20,66.67
24,1,no_tail,30,0,1.5,3,5,1,30,16,53.33,30,20,66.67
24,1,no_tail,30,0,1.5,3,5,2,30,16,53.33,30,20,66.67
24,1,no_tail,30,0,1.5,3,7,0,30,16,53.33,30,20,66.67
24,1,no_tail,30,0,1.5,3,7,1,30,16,53.33,30,20,66.67
24,1,no_tail,30,0,1.5,3,7,2,30,16,53.33,30,20,66.67
24,1,no_tail,30,0,3,1.5,5,0,12,7,58.33,16,10,62.5
24,1,no_tail,30,0,3,1.5,5,1,12,7,58.33,16,10,62.5
24,1,no_tail,30,0,3,1.5,5,2,12,7,58.33,16,10,62.5
24,1,no_tail,30,0,3,1.5,7,0,12,7,58.33,16,10,62.5
24,1,no_tail,30,0,3,1.5,7,1,12,7,58.33,16,10,62.5
24,1,no_tail,30,0,3,1.5,7,2,12,7,58.33,16,10,62.5
24,1,no_tail,30,0,3,3,5,0,8,4,50.0,15,9,60.0
24,1,no_tail,30,0,3,3,5,1,8,4,50.0,15,9,60.0
24,1,no_tail,30,0,3,3,5,2,8,4,50.0,15,9,60.0
24,1,no_tail,30,0,3,3,7,0,8,4,50.0,15,9,60.0
24,1,no_tail,30,0,3,3,7,1,8,4,50.0,15,9,60.0
24,1,no_tail,30,0,3,3,7,2,8,4,50.0,15,9,60.0
24,1,no_tail,30,10,1.5,1.5,5,0,24,13,54.17,19,11,57.89
24,1,no_tail,30,10,1.5,1.5,5,1,24,13,54.17,19,11,57.89
24,1,no_tail,30,10,1.5,1.5,5,2,24,13,54.17,19,11,57.89
24,1,no_tail,30,10,1.5,1.5,7,0,24,13,54.17,19,11,57.89
24,1,no_tail,30,10,1.5,1.5,7,1,24,13,54.17,19,11,57.89
24,1,no_tail,30,10,1.5,1.5,7,2,24,13,54.17,19,11,57.89
24,1,no_tail,30,10,1.5,3,5,0,18,9,50.0,16,8,50.0
24,1,no_tail,30,10,1.5,3,5,1,18,9,50.0,16,8,50.0
24,1,no_tail,30,10,1.5,3,5,2,18,9,50.0,16,8,50.0
24,1,no_tail,30,10,1.5,3,7,0,18,9,50.0,16,8,50.0
24,1,no_tail,30,10,1.5,3,7,1,18,9,50.0,16,8,50.0
24,1,no_tail,30,10,1.5,3,7,2,18,9,50.0,16,8,50.0
24,1,no_tail,30,10,3,1.5,5,0,11,6,54.55,10,5,50.0
24,1,no_tail,30,10,3,1.5,5,1,11,6,54.55,10,5,50.0
24,1,no_tail,30,10,3,1.5,5,2,11,6,54.55,10,5,50.0
24,1,no_tail,30,10,3,1.5,7,0,11,6,54.55,10,5,50.0
24,1,no_tail,30,10,3,1.5,7,1,11,6,54.55,10,5,50.0
24,1,no_tail,30,10,3,1.5,7,2,11,6,54.55,10,5,50.0
24,1,no_tail,30,10,3,3,5,0,8,4,50.0,10,5,50.0
24,1,no_tail,30,10,3,3,5,1,8,4,50.0,10,5,50.0
24,1,no_tail,30,10,3,3,5,2,8,4,50.0,10,5,50.0
24,1,no_tail,30,10,3,3,7,0,8,4,50.0,10,5,50.0
24,1,no_tail,30,10,3,3,7,1,8,4,50.0,10,5,50.0
24,1,no_tail,30,10,3,3,7,2,8,4,50.0,10,5,50.0
24,1,no_tail,30,15,1.5,1.5,5,0,9,6,66.67,8,4,50.0
24,1,no_tail,30,15,1.5,1.5,5,1,9,6,66.67,8,4,50.0
24,1,no_tail,30,15,1.5,1.5,5,2,9,6,66.67,8,4,50.0
24,1,no_tail,30,15,1.5,1.5,7,0,9,6,66.67,8,4,50.0
24,1,no_tail,30,15,1.5,1.5,7,1,9,6,66.67,8,4,50.0
24,1,no_tail,30,15,1.5,1.5,7,2,9,6,66.67,8,4,50.0
24,1,no_tail,30,15,1.5,3,5,0,6,4,66.67,7,3,42.86
24,1,no_tail,30,15,1.5,3,5,1,6,4,66.67,7,3,42.86
24,1,no_tail,30,15,1.5,3,5,2,6,4,66.67,7,3,42.86
24,1,no_tail,30,15,1.5,3,7,0,6,4,66.67,7,3,42.86
24,1,no_tail,30,15,1.5,3,7,1,6,4,66.67,7,3,42.86
24,1,no_tail,30,15,1.5,3,7,2,6,4,66.67,7,3,42.86
24,1,no_tail,30,15,3,1.5,5,0,5,4,80.0,6,3,50.0
24,1,no_tail,30,15,3,1.5,5,1,5,4,80.0,6,3,50.0
24,1,no_tail,30,15,3,1.5,5,2,5,4,80.0,6,3,50.0
24,1,no_tail,30,15,3,1.5,7,0,5,4,80.0,6,3,50.0
24,1,no_tail,30,15,3,1.5,7,1,5,4,80.0,6,3,50.0
24,1,no_tail,30,15,3,1.5,7,2,5,4,80.0,6,3,50.0
24,1,no_tail,30,15,3,3,5,0,4,3,75.0,6,3,50.0
24,1,no_tail,30,15,3,3,5,1,4,3,75.0,6,3,50.0
24,1,no_tail,30,15,3,3,5,2,4,3,75.0,6,3,50.0
24,1,no_tail,30,15,3,3,7,0,4,3,75.0,6,3,50.0
24,1,no_tail,30,15,3,3,7,1,4,3,75.0,6,3,50.0
24,1,no_tail,30,15,3,3,7,2,4,3,75.0,6,3,50.0
24,1,no_tail,39,0,1.5,1.5,5,0,21,12,57.14,20,14,70.0
24,1,no_tail,39,0,1.5,1.5,5,1,21,12,57.14,20,14,70.0
24,1,no_tail,39,0,1.5,1.5,5,2,21,12,57.14,20,14,70.0
24,1,no_tail,39,0,1.5,1.5,7,0,21,12,57.14,20,14,70.0
24,1,no_tail,39,0,1.5,1.5,7,1,21,12,57.14,20,14,70.0
24,1,no_tail,39,0,1.5,1.5,7,2,21,12,57.14,20,14,70.0
24,1,no_tail,39,0,1.5,3,5,0,17,9,52.94,16,12,75.0
24,1,no_tail,39,0,1.5,3,5,1,17,9,52.94,16,12,75.0
24,1,no_tail,39,0,1.5,3,5,2,17,9,52.94,16,12,75.0
24,1,no_tail,39,0,1.5,3,7,0,17,9,52.94,16,12,75.0
24,1,no_tail,39,0,1.5,3,7,1,17,9,52.94,16,12,75.0
24,1,no_tail,39,0,1.5,3,7,2,17,9,52.94,16,12,75.0
24,1,no_tail,39,0,3,1.5,5,0,8,5,62.5,10,7,70.0
24,1,no_tail,39,0,3,1.5,5,1,8,5,62.5,10,7,70.0
24,1,no_tail,39,0,3,1.5,5,2,8,5,62.5,10,7,70.0
24,1,no_tail,39,0,3,1.5,7,0,8,5,62.5,10,7,70.0
24,1,no_tail,39,0,3,1.5,7,1,8,5,62.5,10,7,70.0
24,1,no_tail,39,0,3,1.5,7,2,8,5,62.5,10,7,70.0
24,1,no_tail,39,0,3,3,5,0,4,2,50.0,9,6,66.67
24,1,no_tail,39,0,3,3,5,1,4,2,50.0,9,6,66.67
24,1,no_tail,39,0,3,3,5,2,4,2,50.0,9,6,66.67
24,1,no_tail,39,0,3,3,7,0,4,2,50.0,9,6,66.67
24,1,no_tail,39,0,3,3,7,1,4,2,50.0,9,6,66.67
24,1,no_tail,39,0,3,3,7,2,4,2,50.0,9,6,66.67
24,1,no_tail,39,10,1.5,1.5,5,0,13,8,61.54,6,3,50.0
24,1,no_tail,39,10,1.5,1.5,5,1,13,8,61.54,6,3,50.0
24,1,no_tail,39,10,1.5,1.5,5,2,13,8,61.54,6,3,50.0
24,1,no_tail,39,10,1.5,1.5,7,0,13,8,61.54,6,3,50.0
24,1,no_tail,39,10,1.5,1.5,7,1,13,8,61.54,6,3,50.0
24,1,no_tail,39,10,1.5,1.5,7,2,13,8,61.54,6,3,50.0
24,1,no_tail,39,10,1.5,3,5,0,10,6,60.0,6,3,50.0
24,1,no_tail,39,10,1.5,3,5,1,10,6,60.0,6,3,50.0
24,1,no_tail,39,10,1.5,3,5,2,10,6,60.0,6,3,50.0
24,1,no_tail,39,10,1.5,3,7,0,10,6,60.0,6,3,50.0
24,1,no_tail,39,10,1.5,3,7,1,10,6,60.0,6,3,50.0
24,1,no_tail,39,10,1.5,3,7,2,10,6,60.0,6,3,50.0
24,1,no_tail,39,10,3,1.5,5,0,7,4,57.14,4,2,50.0
24,1,no_tail,39,10,3,1.5,5,1,7,4,57.14,4,2,50.0
24,1,no_tail,39,10,3,1.5,5,2,7,4,57.14,4,2,50.0
24,1,no_tail,39,10,3,1.5,7,0,7,4,57.14,4,2,50.0
24,1,no_tail,39,10,3,1.5,7,1,7,4,57.14,4,2,50.0
24,1,no_tail,39,10,3,1.5,7,2,7,4,57.14,4,2,50.0
24,1,no_tail,39,10,3,3,5,0,4,2,50.0,4,2,50.0
24,1,no_tail,39,10,3,3,5,1,4,2,50.0,4,2,50.0
24,1,no_tail,39,10,3,3,5,2,4,2,50.0,4,2,50.0
24,1,no_tail,39,10,3,3,7,0,4,2,50.0,4,2,50.0
24,1,no_tail,39,10,3,3,7,1,4,2,50.0,4,2,50.0
24,1,no_tail,39,10,3,3,7,2,4,2,50.0,4,2,50.0
24,1,no_tail,39,15,1.5,1.5,5,0,4,3,75.0,1,0,0.0
24,1,no_tail,39,15,1.5,1.5,5,1,4,3,75.0,1,0,0.0
24,1,no_tail,39,15,1.5,1.5,5,2,4,3,75.0,1,0,0.0
24,1,no_tail,39,15,1.5,1.5,7,0,4,3,75.0,1,0,0.0
24,1,no_tail,39,15,1.5,1.5,7,1,4,3,75.0,1,0,0.0
24,1,no_tail,39,15,1.5,1.5,7,2,4,3,75.0,1,0,0.0
24,1,no_tail,39,15,1.5,3,5,0,3,2,66.67,1,0,0.0
24,1,no_tail,39,15,1.5,3,5,1,3,2,66.67,1,0,0.0
24,1,no_tail,39,15,1.5,3,5,2,3,2,66.67,1,0,0.0
24,1,no_tail,39,15,1.5,3,7,0,3,2,66.67,1,0,0.0
24,1,no_tail,39,15,1.5,3,7,1,3,2,66.67,1,0,0.0
24,1,no_tail,39,15,1.5,3,7,2,3,2,66.67,1,0,0.0
24,1,no_tail,39,15,3,1.5,5,0,3,3,100.0,1,0,0.0
24,1,no_tail,39,15,3,1.5,5,1,3,3,100.0,1,0,0.0
24,1,no_tail,39,15,3,1.5,5,2,3,3,100.0,1,0,0.0
24,1,no_tail,39,15,3,1.5,7,0,3,3,100.0,1,0,0.0
24,1,no_tail,39,15,3,1.5,7,1,3,3,100.0,1,0,0.0
24,1,no_tail,39,15,3,1.5,7,2,3,3,100.0,1,0,0.0
24,1,no_tail,39,15,3,3,5,0,2,2,100.0,1,0,0.0
24,1,no_tail,39,15,3,3,5,1,2,2,100.0,1,0,0.0
24,1,no_tail,39,15,3,3,5,2,2,2,100.0,1,0,0.0
24,1,no_tail,39,15,3,3,7,0,2,2,100.0,1,0,0.0
24,1,no_tail,39,15,3,3,7,1,2,2,100.0,1,0,0.0
24,1,no_tail,39,15,3,3,7,2,2,2,100.0,1,0,0.0
24,1,no_tail,45,0,1.5,1.5,5,0,11,5,45.45,9,7,77.78
24,1,no_tail,45,0,1.5,1.5,5,1,11,5,45.45,9,7,77.78
24,1,no_tail,45,0,1.5,1.5,5,2,11,5,45.45,9,7,77.78
24,1,no_tail,45,0,1.5,1.5,7,0,11,5,45.45,9,7,77.78
24,1,no_tail,45,0,1.5,1.5,7,1,11,5,45.45,9,7,77.78
24,1,no_tail,45,0,1.5,1.5,7,2,11,5,45.45,9,7,77.78
24,1,no_tail,45,0,1.5,3,5,0,7,2,28.57,8,7,87.5
24,1,no_tail,45,0,1.5,3,5,1,7,2,28.57,8,7,87.5
24,1,no_tail,45,0,1.5,3,5,2,7,2,28.57,8,7,87.5
24,1,no_tail,45,0,1.5,3,7,0,7,2,28.57,8,7,87.5
24,1,no_tail,45,0,1.5,3,7,1,7,2,28.57,8,7,87.5
24,1,no_tail,45,0,1.5,3,7,2,7,2,28.57,8,7,87.5
24,1,no_tail,45,0,3,1.5,5,0,4,3,75.0,5,4,80.0
24,1,no_tail,45,0,3,1.5,5,1,4,3,75.0,5,4,80.0
24,1,no_tail,45,0,3,1.5,5,2,4,3,75.0,5,4,80.0
24,1,no_tail,45,0,3,1.5,7,0,4,3,75.0,5,4,80.0
24,1,no_tail,45,0,3,1.5,7,1,4,3,75.0,5,4,80.0
24,1,no_tail,45,0,3,1.5,7,2,4,3,75.0,5,4,80.0
24,1,tail_1,20,0,1.5,1.5,5,0,81,55,67.9,64,39,60.94
24,1,tail_1,20,0,1.5,1.5,5,1,81,55,67.9,64,39,60.94
24,1,tail_1,20,0,1.5,1.5,5,2,81,55,67.9,64,39,60.94
24,1,tail_1,20,0,1.5,1.5,7,0,81,55,67.9,64,39,60.94
24,1,tail_1,20,0,1.5,1.5,7,1,81,55,67.9,64,39,60.94
24,1,tail_1,20,0,1.5,1.5,7,2,81,55,67.9,64,39,60.94
24,1,tail_1,20,0,1.5,3,5,0,55,37,67.27,44,23,52.27
24,1,tail_1,20,0,1.5,3,5,1,55,37,67.27,44,23,52.27
24,1,tail_1,20,0,1.5,3,5,2,55,37,67.27,44,23,52.27
24,1,tail_1,20,0,1.5,3,7,0,55,37,67.27,44,23,52.27
24,1,tail_1,20,0,1.5,3,7,1,55,37,67.27,44,23,52.27
24,1,tail_1,20,0,1.5,3,7,2,55,37,67.27,44,23,52.27
24,1,tail_1,20,0,3,1.5,5,0,19,14,73.68,29,19,65.52
24,1,tail_1,20,0,3,1.5,5,1,19,14,73.68,29,19,65.52
24,1,tail_1,20,0,3,1.5,5,2,19,14,73.68,29,19,65.52
24,1,tail_1,20,0,3,1.5,7,0,19,14,73.68,29,19,65.52
24,1,tail_1,20,0,3,1.5,7,1,19,14,73.68,29,19,65.52
24,1,tail_1,20,0,3,1.5,7,2,19,14,73.68,29,19,65.52
24,1,tail_1,20,0,3,3,5,0,13,9,69.23,22,14,63.64
24,1,tail_1,20,0,3,3,5,1,13,9,69.23,22,14,63.64
24,1,tail_1,20,0,3,3,5,2,13,9,69.23,22,14,63.64
24,1,tail_1,20,0,3,3,7,0,13,9,69.23,22,14,63.64
24,1,tail_1,20,0,3,3,7,1,13,9,69.23,22,14,63.64
24,1,tail_1,20,0,3,3,7,2,13,9,69.23,22,14,63.64
24,1,tail_1,20,10,1.5,1.5,5,0,56,37,66.07,48,30,62.5
24,1,tail_1,20,10,1.5,1.5,5,1,56,37,66.07,48,30,62.5
24,1,tail_1,20,10,1.5,1.5,5,2,56,37,66.07,48,30,62.5
24,1,tail_1,20,10,1.5,1.5,7,0,56,37,66.07,48,30,62.5
24,1,tail_1,20,10,1.5,1.5,7,1,56,37,66.07,48,30,62.5
24,1,tail_1,20,10,1.5,1.5,7,2,56,37,66.07,48,30,62.5
24,1,tail_1,20,10,1.5,3,5,0,36,23,63.89,32,18,56.25
24,1,tail_1,20,10,1.5,3,5,1,36,23,63.89,32,18,56.25
24,1,tail_1,20,10,1.5,3,5,2,36,23,63.89,32,18,56.25
24,1,tail_1,20,10,1.5,3,7,0,36,23,63.89,32,18,56.25
24,1,tail_1,20,10,1.5,3,7,1,36,23,63.89,32,18,56.25
24,1,tail_1,20,10,1.5,3,7,2,36,23,63.89,32,18,56.25
24,1,tail_1,20,10,3,1.5,5,0,17,12,70.59,28,18,64.29
24,1,tail_1,20,10,3,1.5,5,1,17,12,70.59,28,18,64.29
24,1,tail_1,20,10,3,1.5,5,2,17,12,70.59,28,18,64.29
24,1,tail_1,20,10,3,1.5,7,0,17,12,70.59,28,18,64.29
24,1,tail_1,20,10,3,1.5,7,1,17,12,70.59,28,18,64.29
24,1,tail_1,20,10,3,1.5,7,2,17,12,70.59,28,18,64.29
24,1,tail_1,20,10,3,3,5,0,11,7,63.64,21,13,61.9
24,1,tail_1,20,10,3,3,5,1,11,7,63.64,21,13,61.9
24,1,tail_1,20,10,3,3,5,2,11,7,63.64,21,13,61.9
24,1,tail_1,20,10,3,3,7,0,11,7,63.64,21,13,61.9
24,1,tail_1,20,10,3,3,7,1,11,7,63.64,21,13,61.9
24,1,tail_1,20,10,3,3,7,2,11,7,63.64,21,13,61.9
24,1,tail_1,20,15,1.5,1.5,5,0,32,21,65.62,31,19,61.29
24,1,tail_1,20,15,1.5,1.5,5,1,32,21,65.62,31,19,61.29
24,1,tail_1,20,15,1.5,1.5,5,2,32,21,65.62,31,19,61.29
24,1,tail_1,20,15,1.5,1.5,7,0,32,21,65.62,31,19,61.29
24,1,tail_1,20,15,1.5,1.5,7,1,32,21,65.62,31,19,61.29
24,1,tail_1,20,15,1.5,1.5,7,2,32,21,65.62,31,19,61.29
24,1,tail_1,20,15,1.5,3,5,0,22,16,72.73,20,11,55.0
24,1,tail_1,20,15,1.5,3,5,1,22,16,72.73,20,11,55.0
24,1,tail_1,20,15,1.5,3,5,2,22,16,72.73,20,11,55.0
24,1,tail_1,20,15,1.5,3,7,0,22,16,72.73,20,11,55.0
24,1,tail_1,20,15,1.5,3,7,1,22,16,72.73,20,11,55.0
24,1,tail_1,20,15,1.5,3,7,2,22,16,72.73,20,11,55.0
24,1,tail_1,20,15,3,1.5,5,0,13,10,76.92,19,12,63.16
24,1,tail_1,20,15,3,1.5,5,1,13,10,76.92,19,12,63.16
24,1,tail_1,20,15,3,1.5,5,2,13,10,76.92,19,12,63.16
24,1,tail_1,20,15,3,1.5,7,0,13,10,76.92,19,12,63.16
24,1,tail_1,20,15,3,1.5,7,1,13,10,76.92,19,12,63.16
24,1,tail_1,20,15,3,1.5,7,2,13,10,76.92,19,12,63.16
24,1,tail_1,20,15,3,3,5,0,9,7,77.78,15,9,60.0
24,1,tail_1,20,15,3,3,5,1,9,7,77.78,15,9,60.0
24,1,tail_1,20,15,3,3,5,2,9,7,77.78,15,9,60.0
24,1,tail_1,20,15,3,3,7,0,9,7,77.78,15,9,60.0
24,1,tail_1,20,15,3,3,7,1,9,7,77.78,15,9,60.0
24,1,tail_1,20,15,3,3,7,2,9,7,77.78,15,9,60.0
24,1,tail_1,30,0,1.5,1.5,5,0,53,37,69.81,43,30,69.77
24,1,tail_1,30,0,1.5,1.5,5,1,53,37,69.81,43,30,69.77
24,1,tail_1,30,0,1.5,1.5,5,2,53,37,69.81,43,30,69.77
24,1,tail_1,30,0,1.5,1.5,7,0,53,37,69.81,43,30,69.77
24,1,tail_1,30,0,1.5,1.5,7,1,53,37,69.81,43,30,69.77
24,1,tail_1,30,0,1.5,1.5,7,2,53,37,69.81,43,30,69.77
24,1,tail_1,30,0,1.5,3,5,0,32,21,65.62,28,17,60.71
24,1,tail_1,30,0,1.5,3,5,1,32,21,65.62,28,17,60.71
24,1,tail_1,30,0,1.5,3,5,2,32,21,65.62,28,17,60.71
24,1,tail_1,30,0,1.5,3,7,0,32,21,65.62,28,17,60.71
24,1,tail_1,30,0,1.5,3,7,1,32,21,65.62,28,17,60.71
24,1,tail_1,30,0,1.5,3,7,2,32,21,65.62,28,17,60.71
24,1,tail_1,30,0,3,1.5,5,0,17,13,76.47,25,17,68.0
24,1,tail_1,30,0,3,1.5,5,1,17,13,76.47,25,17,68.0
24,1,tail_1,30,0,3,1.5,5,2,17,13,76.47,25,17,68.0
24,1,tail_1,30,0,3,1.5,7,0,17,13,76.47,25,17,68.0
24,1,tail_1,30,0,3,1.5,7,1,17,13,76.47,25,17,68.0
24,1,tail_1,30,0,3,1.5,7,2,17,13,76.47,25,17,68.0
24,1,tail_1,30,0,3,3,5,0,11,8,72.73,18,12,66.67
24,1,tail_1,30,0,3,3,5,1,11,8,72.73,18,12,66.67
24,1,tail_1,30,0,3,3,5,2,11,8,72.73,18,12,66.67
24,1,tail_1,30,0,3,3,7,0,11,8,72.73,18,12,66.67
24,1,tail_1,30,0,3,3,7,1,11,8,72.73,18,12,66.67
24,1,tail_1,30,0,3,3,7,2,11,8,72.73,18,12,66.67
24,1,tail_1,30,10,1.5,1.5,5,0,30,21,70.0,33,23,69.7
24,1,tail_1,30,10,1.5,1.5,5,1,30,21,70.0,33,23,69.7
24,1,tail_1,30,10,1.5,1.5,5,2,30,21,70.0,33,23,69.7
24,1,tail_1,30,10,1.5,1.5,7,0,30,21,70.0,33,23,69.7
24,1,tail_1,30,10,1.5,1.5,7,1,30,21,70.0,33,23,69.7
24,1,tail_1,30,10,1.5,1.5,7,2,30,21,70.0,33,23,69.7
24,1,tail_1,30,10,1.5,3,5,0,15,9,60.0,21,13,61.9
24,1,tail_1,30,10,1.5,3,5,1,15,9,60.0,21,13,61.9
24,1,tail_1,30,10,1.5,3,5,2,15,9,60.0,21,13,61.9
24,1,tail_1,30,10,1.5,3,7,0,15,9,60.0,21,13,61.9
24,1,tail_1,30,10,1.5,3,7,1,15,9,60.0,21,13,61.9
24,1,tail_1,30,10,1.5,3,7,2,15,9,60.0,21,13,61.9
24,1,tail_1,30,10,3,1.5,5,0,15,11,73.33,24,16,66.67
24,1,tail_1,30,10,3,1.5,5,1,15,11,73.33,24,16,66.67
24,1,tail_1,30,10,3,1.5,5,2,15,11,73.33,24,16,66.67
24,1,tail_1,30,10,3,1.5,7,0,15,11,73.33,24,16,66.67
24,1,tail_1,30,10,3,1.5,7,1,15,11,73.33,24,16,66.67
24,1,tail_1,30,10,3,1.5,7,2,15,11,73.33,24,16,66.67
24,1,tail_1,30,10,3,3,5,0,9,6,66.67,17,11,64.71
24,1,tail_1,30,10,3,3,5,1,9,6,66.67,17,11,64.71
24,1,tail_1,30,10,3,3,5,2,9,6,66.67,17,11,64.71
24,1,tail_1,30,10,3,3,7,0,9,6,66.67,17,11,64.71
24,1,tail_1,30,10,3,3,7,1,9,6,66.67,17,11,64.71
24,1,tail_1,30,10,3,3,7,2,9,6,66.67,17,11,64.71
24,1,tail_1,30,15,1.5,1.5,5,0,16,12,75.0,18,13,72.22
24,1,tail_1,30,15,1.5,1.5,5,1,16,12,75.0,18,13,72.22
24,1,tail_1,30,15,1.5,1.5,5,2,16,12,75.0,18,13,72.22
24,1,tail_1,30,15,1.5,1.5,7,0,16,12,75.0,18,13,72.22
24,1,tail_1,30,15,1.5,1.5,7,1,16,12,75.0,18,13,72.22
24,1,tail_1,30,15,1.5,1.5,7,2,16,12,75.0,18,13,72.22
24,1,tail_1,30,15,1.5,3,5,0,9,7,77.78,11,7,63.64
24,1,tail_1,30,15,1.5,3,5,1,9,7,77.78,11,7,63.64
24,1,tail_1,30,15,1.5,3,5,2,9,7,77.78,11,7,63.64
24,1,tail_1,30,15,1.5,3,7,0,9,7,77.78,11,7,63.64
24,1,tail_1,30,15,1.5,3,7,1,9,7,77.78,11,7,63.64
24,1,tail_1,30,15,1.5,3,7,2,9,7,77.78,11,7,63.64
24,1,tail_1,30,15,3,1.5,5,0,11,9,81.82,15,10,66.67
24,1,tail_1,30,15,3,1.5,5,1,11,9,81.82,15,10,66.67
24,1,tail_1,30,15,3,1.5,5,2,11,9,81.82,15,10,66.67
24,1,tail_1,30,15,3,1.5,7,0,11,9,81.82,15,10,66.67
24,1,tail_1,30,15,3,1.5,7,1,11,9,81.82,15,10,66.67
24,1,tail_1,30,15,3,1.5,7,2,11,9,81.82,15,10,66.67
24,1,tail_1,30,15,3,3,5,0,7,6,85.71,11,7,63.64
24,1,tail_1,30,15,3,3,5,1,7,6,85.71,11,7,63.64
24,1,tail_1,30,15,3,3,5,2,7,6,85.71,11,7,63.64
24,1,tail_1,30,15,3,3,7,0,7,6,85.71,11,7,63.64
24,1,tail_1,30,15,3,3,7,1,7,6,85.71,11,7,63.64
24,1,tail_1,30,15,3,3,7,2,7,6,85.71,11,7,63.64
24,1,tail_1,39,0,1.5,1.5,5,0,22,14,63.64,18,13,72.22
24,1,tail_1,39,0,1.5,1.5,5,1,22,14,63.64,18,13,72.22
24,1,tail_1,39,0,1.5,1.5,5,2,22,14,63.64,18,13,72.22
24,1,tail_1,39,0,1.5,1.5,7,0,22,14,63.64,18,13,72.22
24,1,tail_1,39,0,1.5,1.5,7,1,22,14,63.64,18,13,72.22
24,1,tail_1,39,0,1.5,1.5,7,2,22,14,63.64,18,13,72.22
24,1,tail_1,39,0,1.5,3,5,0,14,8,57.14,15,11,73.33
24,1,tail_1,39,0,1.5,3,5,1,14,8,57.14,15,11,73.33
24,1,tail_1,39,0,1.5,3,5,2,14,8,57.14,15,11,73.33
24,1,tail_1,39,0,1.5,3,7,0,14,8,57.14,15,11,73.33
24,1,tail_1,39,0,1.5,3,7,1,14,8,57.14,15,11,73.33
24,1,tail_1,39,0,1.5,3,7,2,14,8,57.14,15,11,73.33
24,1,tail_1,39,0,3,1.5,5,0,12,8,66.67,14,10,71.43
24,1,tail_1,39,0,3,1.5,5,1,12,8,66.67,14,10,71.43
24,1,tail_1,39,0,3,1.5,5,2,12,8,66.67,14,10,71.43
24,1,tail_1,39,0,3,1.5,7,0,12,8,66.67,14,10,71.43
24,1,tail_1,39,0,3,1.5,7,1,12,8,66.67,14,10,71.43
24,1,tail_1,39,0,3,1.5,7,2,12,8,66.67,14,10,71.43
24,1,tail_1,39,0,3,3,5,0,7,4,57.14,11,8,72.73
24,1,tail_1,39,0,3,3,5,1,7,4,57.14,11,8,72.73
24,1,tail_1,39,0,3,3,5,2,7,4,57.14,11,8,72.73
24,1,tail_1,39,0,3,3,7,0,7,4,57.14,11,8,72.73
24,1,tail_1,39,0,3,3,7,1,7,4,57.14,11,8,72.73
24,1,tail_1,39,0,3,3,7,2,7,4,57.14,11,8,72.73
24,1,tail_1,39,10,1.5,1.5,5,0,13,8,61.54,14,10,71.43
24,1,tail_1,39,10,1.5,1.5,5,1,13,8,61.54,14,10,71.43
24,1,tail_1,39,10,1.5,1.5,5,2,13,8,61.54,14,10,71.43
24,1,tail_1,39,10,1.5,1.5,7,0,13,8,61.54,14,10,71.43
24,1,tail_1,39,10,1.5,1.5,7,1,13,8,61.54,14,10,71.43
24,1,tail_1,39,10,1.5,1.5,7,2,13,8,61.54,14,10,71.43
24,1,tail_1,39,10,1.5,3,5,0,7,3,42.86,11,8,72.73
24,1,tail_1,39,10,1.5,3,5,1,7,3,42.86,11,8,72.73
24,1,tail_1,39,10,1.5,3,5,2,7,3,42.86,11,8,72.73
24,1,tail_1,39,10,1.5,3,7,0,7,3,42.86,11,8,72.73
24,1,tail_1,39,10,1.5,3,7,1,7,3,42.86,11,8,72.73
24,1,tail_1,39,10,1.5,3,7,2,7,3,42.86,11,8,72.73
24,1,tail_1,39,10,3,1.5,5,0,10,6,60.0,13,9,69.23
24,1,tail_1,39,10,3,1.5,5,1,10,6,60.0,13,9,69.23
24,1,tail_1,39,10,3,1.5,5,2,10,6,60.0,13,9,69.23
24,1,tail_1,39,10,3,1.5,7,0,10,6,60.0,13,9,69.23
24,1,tail_1,39,10,3,1.5,7,1,10,6,60.0,13,9,69.23
24,1,tail_1,39,10,3,1.5,7,2,10,6,60.0,13,9,69.23
24,1,tail_1,39,10,3,3,5,0,5,2,40.0,10,7,70.0
24,1,tail_1,39,10,3,3,5,1,5,2,40.0,10,7,70.0
24,1,tail_1,39,10,3,3,5,2,5,2,40.0,10,7,70.0
24,1,tail_1,39,10,3,3,7,0,5,2,40.0,10,7,70.0
24,1,tail_1,39,10,3,3,7,1,5,2,40.0,10,7,70.0
24,1,tail_1,39,10,3,3,7,2,5,2,40.0,10,7,70.0
24,1,tail_1,39,15,1.5,1.5,5,0,8,5,62.5,6,5,83.33
24,1,tail_1,39,15,1.5,1.5,5,1,8,5,62.5,6,5,83.33
24,1,tail_1,39,15,1.5,1.5,5,2,8,5,62.5,6,5,83.33
24,1,tail_1,39,15,1.5,1.5,7,0,8,5,62.5,6,5,83.33
24,1,tail_1,39,15,1.5,1.5,7,1,8,5,62.5,6,5,83.33
24,1,tail_1,39,15,1.5,1.5,7,2,8,5,62.5,6,5,83.33
24,1,tail_1,39,15,1.5,3,5,0,4,2,50.0,5,4,80.0
24,1,tail_1,39,15,1.5,3,5,1,4,2,50.0,5,4,80.0
24,1,tail_1,39,15,1.5,3,5,2,4,2,50.0,5,4,80.0
24,1,tail_1,39,15,1.5,3,7,0,4,2,50.0,5,4,80.0
24,1,tail_1,39,15,1.5,3,7,1,4,2,50.0,5,4,80.0
24,1,tail_1,39,15,1.5,3,7,2,4,2,50.0,5,4,80.0
24,1,tail_1,39,15,3,1.5,5,0,7,5,71.43,6,5,83.33
24,1,tail_1,39,15,3,1.5,5,1,7,5,71.43,6,5,83.33
24,1,tail_1,39,15,3,1.5,5,2,7,5,71.43,6,5,83.33
24,1,tail_1,39,15,3,1.5,7,0,7,5,71.43,6,5,83.33
24,1,tail_1,39,15,3,1.5,7,1,7,5,71.43,6,5,83.33
24,1,tail_1,39,15,3,1.5,7,2,7,5,71.43,6,5,83.33
24,1,tail_1,39,15,3,3,5,0,3,2,66.67,5,4,80.0
24,1,tail_1,39,15,3,3,5,1,3,2,66.67,5,4,80.0
24,1,tail_1,39,15,3,3,5,2,3,2,66.67,5,4,80.0
24,1,tail_1,39,15,3,3,7,0,3,2,66.67,5,4,80.0
24,1,tail_1,39,15,3,3,7,1,3,2,66.67,5,4,80.0
24,1,tail_1,39,15,3,3,7,2,3,2,66.67,5,4,80.0
24,1,tail_1,45,0,1.5,1.5,5,0,6,5,83.33,4,3,75.0
24,1,tail_1,45,0,1.5,1.5,5,1,6,5,83.33,4,3,75.0
24,1,tail_1,45,0,1.5,1.5,5,2,6,5,83.33,4,3,75.0
24,1,tail_1,45,0,1.5,1.5,7,0,6,5,83.33,4,3,75.0
24,1,tail_1,45,0,1.5,1.5,7,1,6,5,83.33,4,3,75.0
24,1,tail_1,45,0,1.5,1.5,7,2,6,5,83.33,4,3,75.0
24,1,tail_1,45,0,1.5,3,5,0,3,2,66.67,3,2,66.67
24,1,tail_1,45,0,1.5,3,5,1,3,2,66.67,3,2,66.67
24,1,tail_1,45,0,1.5,3,5,2,3,2,66.67,3,2,66.67
24,1,tail_1,45,0,1.5,3,7,0,3,2,66.67,3,2,66.67
24,1,tail_1,45,0,1.5,3,7,1,3,2,66.67,3,2,66.67
24,1,tail_1,45,0,1.5,3,7,2,3,2,66.67,3,2,66.67
24,1,tail_1,45,0,3,1.5,5,0,4,4,100.0,2,2,100.0
24,1,tail_1,45,0,3,1.5,5,1,4,4,100.0,2,2,100.0
24,1,tail_1,45,0,3,1.5,5,2,4,4,100.0,2,2,100.0
24,1,tail_1,45,0,3,1.5,7,0,4,4,100.0,2,2,100.0
24,1,tail_1,45,0,3,1.5,7,1,4,4,100.0,2,2,100.0
24,1,tail_1,45,0,3,1.5,7,2,4,4,100.0,2,2,100.0
24,1,tail_1,45,0,3,3,5,0,1,1,100.0,1,1,100.0
24,1,tail_1,45,0,3,3,5,1,1,1,100.0,1,1,100.0
24,1,tail_1,45,0,3,3,5,2,1,1,100.0,1,1,100.0
24,1,tail_1,45,0,3,3,7,0,1,1,100.0,1,1,100.0
24,1,tail_1,45,0,3,3,7,1,1,1,100.0,1,1,100.0
24,1,tail_1,45,0,3,3,7,2,1,1,100.0,1,1,100.0
24,1,tail_1,45,10,1.5,1.5,5,0,3,3,100.0,1,1,100.0
24,1,tail_1,45,10,1.5,1.5,5,1,3,3,100.0,1,1,100.0
24,1,tail_1,45,10,1.5,1.5,5,2,3,3,100.0,1,1,100.0
24,1,tail_1,45,10,1.5,1.5,7,0,3,3,100.0,1,1,100.0
24,1,tail_1,45,10,1.5,1.5,7,1,3,3,100.0,1,1,100.0
24,1,tail_1,45,10,1.5,1.5,7,2,3,3,100.0,1,1,100.0
24,1,tail_1,45,10,3,1.5,5,0,3,3,100.0,1,1,100.0
24,1,tail_1,45,10,3,1.5,5,1,3,3,100.0,1,1,100.0
24,1,tail_1,45,10,3,1.5,5,2,3,3,100.0,1,1,100.0
24,1,tail_1,45,10,3,1.5,7,0,3,3,100.0,1,1,100.0
24,1,tail_1,45,10,3,1.5,7,1,3,3,100.0,1,1,100.0
24,1,tail_1,45,10,3,1.5,7,2,3,3,100.0,1,1,100.0
24,1,tail_1,45,15,1.5,1.5,5,0,3,3,100.0,1,1,100.0
24,1,tail_1,45,15,1.5,1.5,5,1,3,3,100.0,1,1,100.0
24,1,tail_1,45,15,1.5,1.5,5,2,3,3,100.0,1,1,100.0
24,1,tail_1,45,15,1.5,1.5,7,0,3,3,100.0,1,1,100.0
24,1,tail_1,45,15,1.5,1.5,7,1,3,3,100.0,1,1,100.0
24,1,tail_1,45,15,1.5,1.5,7,2,3,3,100.0,1,1,100.0
24,1,tail_1,45,15,3,1.5,5,0,3,3,100.0,1,1,100.0
24,1,tail_1,45,15,3,1.5,5,1,3,3,100.0,1,1,100.0
24,1,tail_1,45,15,3,1.5,5,2,3,3,100.0,1,1,100.0
24,1,tail_1,45,15,3,1.5,7,0,3,3,100.0,1,1,100.0
24,1,tail_1,45,15,3,1.5,7,1,3,3,100.0,1,1,100.0
24,1,tail_1,45,15,3,1.5,7,2,3,3,100.0,1,1,100.0
24,1,tail_2_3,20,0,1.5,1.5,5,0,101,74,73.27,138,84,60.87
24,1,tail_2_3,20,0,1.5,1.5,5,1,101,74,73.27,138,84,60.87
24,1,tail_2_3,20,0,1.5,1.5,5,2,56,42,75.0,66,38,57.58
24,1,tail_2_3,20,0,1.5,1.5,7,0,101,74,73.27,138,84,60.87
24,1,tail_2_3,20,0,1.5,1.5,7,1,101,74,73.27,138,84,60.87
24,1,tail_2_3,20,0,1.5,1.5,7,2,56,42,75.0,66,38,57.58
24,1,tail_2_3,20,0,1.5,3,5,0,71,51,71.83,110,66,60.0
24,1,tail_2_3,20,0,1.5,3,5,1,71,51,71.83,110,66,60.0
24,1,tail_2_3,20,0,1.5,3,5,2,39,29,74.36,54,32,59.26
24,1,tail_2_3,20,0,1.5,3,7,0,71,51,71.83,110,66,60.0
24,1,tail_2_3,20,0,1.5,3,7,1,71,51,71.83,110,66,60.0
24,1,tail_2_3,20,0,1.5,3,7,2,39,29,74.36,54,32,59.26
24,1,tail_2_3,20,0,3,1.5,5,0,49,35,71.43,56,27,48.21
24,1,tail_2_3,20,0,3,1.5,5,1,49,35,71.43,56,27,48.21
24,1,tail_2_3,20,0,3,1.5,5,2,27,19,70.37,26,12,46.15
24,1,tail_2_3,20,0,3,1.5,7,0,49,35,71.43,56,27,48.21
24,1,tail_2_3,20,0,3,1.5,7,1,49,35,71.43,56,27,48.21
24,1,tail_2_3,20,0,3,1.5,7,2,27,19,70.37,26,12,46.15
24,1,tail_2_3,20,0,3,3,5,0,40,27,67.5,47,21,44.68
24,1,tail_2_3,20,0,3,3,5,1,40,27,67.5,47,21,44.68
24,1,tail_2_3,20,0,3,3,5,2,23,15,65.22,22,10,45.45
24,1,tail_2_3,20,0,3,3,7,0,40,27,67.5,47,21,44.68
24,1,tail_2_3,20,0,3,3,7,1,40,27,67.5,47,21,44.68
24,1,tail_2_3,20,0,3,3,7,2,23,15,65.22,22,10,45.45
24,1,tail_2_3,20,10,1.5,1.5,5,0,78,55,70.51,110,66,60.0
24,1,tail_2_3,20,10,1.5,1.5,5,1,78,55,70.51,110,66,60.0
24,1,tail_2_3,20,10,1.5,1.5,5,2,43,31,72.09,50,27,54.0
24,1,tail_2_3,20,10,1.5,1.5,7,0,78,55,70.51,110,66,60.0
24,1,tail_2_3,20,10,1.5,1.5,7,1,78,55,70.51,110,66,60.0
24,1,tail_2_3,20,10,1.5,1.5,7,2,43,31,72.09,50,27,54.0
24,1,tail_2_3,20,10,1.5,3,5,0,55,38,69.09,86,50,58.14
24,1,tail_2_3,20,10,1.5,3,5,1,55,38,69.09,86,50,58.14
24,1,tail_2_3,20,10,1.5,3,5,2,31,22,70.97,40,22,55.0
24,1,tail_2_3,20,10,1.5,3,7,0,55,38,69.09,86,50,58.14
24,1,tail_2_3,20,10,1.5,3,7,1,55,38,69.09,86,50,58.14
24,1,tail_2_3,20,10,1.5,3,7,2,31,22,70.97,40,22,55.0
24,1,tail_2_3,20,10,3,1.5,5,0,46,32,69.57,50,24,48.0
24,1,tail_2_3,20,10,3,1.5,5,1,46,32,69.57,50,24,48.0
24,1,tail_2_3,20,10,3,1.5,5,2,24,16,66.67,23,10,43.48
24,1,tail_2_3,20,10,3,1.5,7,0,46,32,69.57,50,24,48.0
24,1,tail_2_3,20,10,3,1.5,7,1,46,32,69.57,50,24,48.0
24,1,tail_2_3,20,10,3,1.5,7,2,24,16,66.67,23,10,43.48
24,1,tail_2_3,20,10,3,3,5,0,38,25,65.79,41,18,43.9
24,1,tail_2_3,20,10,3,3,5,1,38,25,65.79,41,18,43.9
24,1,tail_2_3,20,10,3,3,5,2,21,13,61.9,19,8,42.11
24,1,tail_2_3,20,10,3,3,7,0,38,25,65.79,41,18,43.9
24,1,tail_2_3,20,10,3,3,7,1,38,25,65.79,41,18,43.9
24,1,tail_2_3,20,10,3,3,7,2,21,13,61.9,19,8,42.11
24,1,tail_2_3,20,15,1.5,1.5,5,0,63,44,69.84,80,44,55.0
24,1,tail_2_3,20,15,1.5,1.5,5,1,63,44,69.84,80,44,55.0
24,1,tail_2_3,20,15,1.5,1.5,5,2,31,21,67.74,37,18,48.65
24,1,tail_2_3,20,15,1.5,1.5,7,0,63,44,69.84,80,44,55.0
24,1,tail_2_3,20,15,1.5,1.5,7,1,63,44,69.84,80,44,55.0
24,1,tail_2_3,20,15,1.5,1.5,7,2,31,21,67.74,37,18,48.65
24,1,tail_2_3,20,15,1.5,3,5,0,46,32,69.57,62,32,51.61
24,1,tail_2_3,20,15,1.5,3,5,1,46,32,69.57,62,32,51.61
24,1,tail_2_3,20,15,1.5,3,5,2,24,16,66.67,28,13,46.43
24,1,tail_2_3,20,15,1.5,3,7,0,46,32,69.57,62,32,51.61
24,1,tail_2_3,20,15,1.5,3,7,1,46,32,69.57,62,32,51.61
24,1,tail_2_3,20,15,1.5,3,7,2,24,16,66.67,28,13,46.43
24,1,tail_2_3,20,15,3,1.5,5,0,43,31,72.09,47,23,48.94
24,1,tail_2_3,20,15,3,1.5,5,1,43,31,72.09,47,23,48.94
24,1,tail_2_3,20,15,3,1.5,5,2,22,15,68.18,22,9,40.91
24,1,tail_2_3,20,15,3,1.5,7,0,43,31,72.09,47,23,48.94
24,1,tail_2_3,20,15,3,1.5,7,1,43,31,72.09,47,23,48.94
24,1,tail_2_3,20,15,3,1.5,7,2,22,15,68.18,22,9,40.91
24,1,tail_2_3,20,15,3,3,5,0,35,24,68.57,39,17,43.59
24,1,tail_2_3,20,15,3,3,5,1,35,24,68.57,39,17,43.59
24,1,tail_2_3,20,15,3,3,5,2,19,12,63.16,18,7,38.89
24,1,tail_2_3,20,15,3,3,7,0,35,24,68.57,39,17,43.59
24,1,tail_2_3,20,15,3,3,7,1,35,24,68.57,39,17,43.59
24,1,tail_2_3,20,15,3,3,7,2,19,12,63.16,18,7,38.89
24,1,tail_2_3,30,0,1.5,1.5,5,0,66,52,78.79,70,39,55.71
24,1,tail_2_3,30,0,1.5,1.5,5,1,66,52,78.79,70,39,55.71
24,1,tail_2_3,30,0,1.5,1.5,5,2,38,32,84.21,37,19,51.35
24,1,tail_2_3,30,0,1.5,1.5,7,0,66,52,78.79,70,39,55.71
24,1,tail_2_3,30,0,1.5,1.5,7,1,66,52,78.79,70,39,55.71
24,1,tail_2_3,30,0,1.5,1.5,7,2,38,32,84.21,37,19,51.35
24,1,tail_2_3,30,0,1.5,3,5,0,50,39,78.0,59,32,54.24
24,1,tail_2_3,30,0,1.5,3,5,1,50,39,78.0,59,32,54.24
24,1,tail_2_3,30,0,1.5,3,5,2,27,23,85.19,32,17,53.12
24,1,tail_2_3,30,0,1.5,3,7,0,50,39,78.0,59,32,54.24
24,1,tail_2_3,30,0,1.5,3,7,1,50,39,78.0,59,32,54.24
24,1,tail_2_3,30,0,1.5,3,7,2,27,23,85.19,32,17,53.12
24,1,tail_2_3,30,0,3,1.5,5,0,40,31,77.5,44,21,47.73
24,1,tail_2_3,30,0,3,1.5,5,1,40,31,77.5,44,21,47.73
24,1,tail_2_3,30,0,3,1.5,5,2,22,18,81.82,22,8,36.36
24,1,tail_2_3,30,0,3,1.5,7,0,40,31,77.5,44,21,47.73
24,1,tail_2_3,30,0,3,1.5,7,1,40,31,77.5,44,21,47.73
24,1,tail_2_3,30,0,3,1.5,7,2,22,18,81.82,22,8,36.36
24,1,tail_2_3,30,0,3,3,5,0,32,24,75.0,35,15,42.86
24,1,tail_2_3,30,0,3,3,5,1,32,24,75.0,35,15,42.86
24,1,tail_2_3,30,0,3,3,5,2,18,14,77.78,18,6,33.33
24,1,tail_2_3,30,0,3,3,7,0,32,24,75.0,35,15,42.86
24,1,tail_2_3,30,0,3,3,7,1,32,24,75.0,35,15,42.86
24,1,tail_2_3,30,0,3,3,7,2,18,14,77.78,18,6,33.33
24,1,tail_2_3,30,10,1.5,1.5,5,0,46,35,76.09,54,31,57.41
24,1,tail_2_3,30,10,1.5,1.5,5,1,46,35,76.09,54,31,57.41
24,1,tail_2_3,30,10,1.5,1.5,5,2,27,22,81.48,27,13,48.15
24,1,tail_2_3,30,10,1.5,1.5,7,0,46,35,76.09,54,31,57.41
24,1,tail_2_3,30,10,1.5,1.5,7,1,46,35,76.09,54,31,57.41
24,1,tail_2_3,30,10,1.5,1.5,7,2,27,22,81.48,27,13,48.15
24,1,tail_2_3,30,10,1.5,3,5,0,35,26,74.29,44,24,54.55
24,1,tail_2_3,30,10,1.5,3,5,1,35,26,74.29,44,24,54.55
24,1,tail_2_3,30,10,1.5,3,5,2,20,16,80.0,23,11,47.83
24,1,tail_2_3,30,10,1.5,3,7,0,35,26,74.29,44,24,54.55
24,1,tail_2_3,30,10,1.5,3,7,1,35,26,74.29,44,24,54.55
24,1,tail_2_3,30,10,1.5,3,7,2,20,16,80.0,23,11,47.83
24,1,tail_2_3,30,10,3,1.5,5,0,37,28,75.68,38,18,47.37
24,1,tail_2_3,30,10,3,1.5,5,1,37,28,75.68,38,18,47.37
24,1,tail_2_3,30,10,3,1.5,5,2,19,15,78.95,19,6,31.58
24,1,tail_2_3,30,10,3,1.5,7,0,37,28,75.68,38,18,47.37
24,1,tail_2_3,30,10,3,1.5,7,1,37,28,75.68,38,18,47.37
24,1,tail_2_3,30,10,3,1.5,7,2,19,15,78.95,19,6,31.58
24,1,tail_2_3,30,10,3,3,5,0,30,22,73.33,29,12,41.38
24,1,tail_2_3,30,10,3,3,5,1,30,22,73.33,29,12,41.38
24,1,tail_2_3,30,10,3,3,5,2,16,12,75.0,15,4,26.67
24,1,tail_2_3,30,10,3,3,7,0,30,22,73.33,29,12,41.38
24,1,tail_2_3,30,10,3,3,7,1,30,22,73.33,29,12,41.38
24,1,tail_2_3,30,10,3,3,7,2,16,12,75.0,15,4,26.67
24,1,tail_2_3,30,15,1.5,1.5,5,0,37,29,78.38,39,20,51.28
24,1,tail_2_3,30,15,1.5,1.5,5,1,37,29,78.38,39,20,51.28
24,1,tail_2_3,30,15,1.5,1.5,5,2,20,16,80.0,21,8,38.1
24,1,tail_2_3,30,15,1.5,1.5,7,0,37,29,78.38,39,20,51.28
24,1,tail_2_3,30,15,1.5,1.5,7,1,37,29,78.38,39,20,51.28
24,1,tail_2_3,30,15,1.5,1.5,7,2,20,16,80.0,21,8,38.1
24,1,tail_2_3,30,15,1.5,3,5,0,29,22,75.86,31,14,45.16
24,1,tail_2_3,30,15,1.5,3,5,1,29,22,75.86,31,14,45.16
24,1,tail_2_3,30,15,1.5,3,5,2,16,12,75.0,17,6,35.29
24,1,tail_2_3,30,15,1.5,3,7,0,29,22,75.86,31,14,45.16
24,1,tail_2_3,30,15,1.5,3,7,1,29,22,75.86,31,14,45.16
24,1,tail_2_3,30,15,1.5,3,7,2,16,12,75.0,17,6,35.29
24,1,tail_2_3,30,15,3,1.5,5,0,35,27,77.14,35,17,48.57
24,1,tail_2_3,30,15,3,1.5,5,1,35,27,77.14,35,17,48.57
24,1,tail_2_3,30,15,3,1.5,5,2,18,14,77.78,18,5,27.78
24,1,tail_2_3,30,15,3,1.5,7,0,35,27,77.14,35,17,48.57
24,1,tail_2_3,30,15,3,1.5,7,1,35,27,77.14,35,17,48.57
24,1,tail_2_3,30,15,3,1.5,7,2,18,14,77.78,18,5,27.78
24,1,tail_2_3,30,15,3,3,5,0,28,21,75.0,27,11,40.74
24,1,tail_2_3,30,15,3,3,5,1,28,21,75.0,27,11,40.74
24,1,tail_2_3,30,15,3,3,5,2,15,11,73.33,14,3,21.43
24,1,tail_2_3,30,15,3,3,7,0,28,21,75.0,27,11,40.74
24,1,tail_2_3,30,15,3,3,7,1,28,21,75.0,27,11,40.74
24,1,tail_2_3,30,15,3,3,7,2,15,11,73.33,14,3,21.43
24,1,tail_2_3,39,0,1.5,1.5,5,0,21,16,76.19,27,13,48.15
24,1,tail_2_3,39,0,1.5,1.5,5,1,21,16,76.19,27,13,48.15
24,1,tail_2_3,39,0,1.5,1.5,5,2,12,11,91.67,14,6,42.86
24,1,tail_2_3,39,0,1.5,1.5,7,0,21,16,76.19,27,13,48.15
24,1,tail_2_3,39,0,1.5,1.5,7,1,21,16,76.19,27,13,48.15
24,1,tail_2_3,39,0,1.5,1.5,7,2,12,11,91.67,14,6,42.86
24,1,tail_2_3,39,0,1.5,3,5,0,17,12,70.59,21,10,47.62
24,1,tail_2_3,39,0,1.5,3,5,1,17,12,70.59,21,10,47.62
24,1,tail_2_3,39,0,1.5,3,5,2,10,9,90.0,11,5,45.45
24,1,tail_2_3,39,0,1.5,3,7,0,17,12,70.59,21,10,47.62
24,1,tail_2_3,39,0,1.5,3,7,1,17,12,70.59,21,10,47.62
24,1,tail_2_3,39,0,1.5,3,7,2,10,9,90.0,11,5,45.45
24,1,tail_2_3,39,0,3,1.5,5,0,13,9,69.23,20,9,45.0
24,1,tail_2_3,39,0,3,1.5,5,1,13,9,69.23,20,9,45.0
24,1,tail_2_3,39,0,3,1.5,5,2,8,7,87.5,9,3,33.33
24,1,tail_2_3,39,0,3,1.5,7,0,13,9,69.23,20,9,45.0
24,1,tail_2_3,39,0,3,1.5,7,1,13,9,69.23,20,9,45.0
24,1,tail_2_3,39,0,3,1.5,7,2,8,7,87.5,9,3,33.33
24,1,tail_2_3,39,0,3,3,5,0,11,7,63.64,15,6,40.0
24,1,tail_2_3,39,0,3,3,5,1,11,7,63.64,15,6,40.0
24,1,tail_2_3,39,0,3,3,5,2,7,6,85.71,7,2,28.57
24,1,tail_2_3,39,0,3,3,7,0,11,7,63.64,15,6,40.0
24,1,tail_2_3,39,0,3,3,7,1,11,7,63.64,15,6,40.0
24,1,tail_2_3,39,0,3,3,7,2,7,6,85.71,7,2,28.57
24,1,tail_2_3,39,10,1.5,1.5,5,0,12,8,66.67,14,6,42.86
24,1,tail_2_3,39,10,1.5,1.5,5,1,12,8,66.67,14,6,42.86
24,1,tail_2_3,39,10,1.5,1.5,5,2,7,6,85.71,6,1,16.67
24,1,tail_2_3,39,10,1.5,1.5,7,0,12,8,66.67,14,6,42.86
24,1,tail_2_3,39,10,1.5,1.5,7,1,12,8,66.67,14,6,42.86
24,1,tail_2_3,39,10,1.5,1.5,7,2,7,6,85.71,6,1,16.67
24,1,tail_2_3,39,10,1.5,3,5,0,10,6,60.0,9,3,33.33
24,1,tail_2_3,39,10,1.5,3,5,1,10,6,60.0,9,3,33.33
24,1,tail_2_3,39,10,1.5,3,5,2,6,5,83.33,4,0,0.0
24,1,tail_2_3,39,10,1.5,3,7,0,10,6,60.0,9,3,33.33
24,1,tail_2_3,39,10,1.5,3,7,1,10,6,60.0,9,3,33.33
24,1,tail_2_3,39,10,1.5,3,7,2,6,5,83.33,4,0,0.0
24,1,tail_2_3,39,10,3,1.5,5,0,10,6,60.0,14,6,42.86
24,1,tail_2_3,39,10,3,1.5,5,1,10,6,60.0,14,6,42.86
24,1,tail_2_3,39,10,3,1.5,5,2,5,4,80.0,6,1,16.67
24,1,tail_2_3,39,10,3,1.5,7,0,10,6,60.0,14,6,42.86
24,1,tail_2_3,39,10,3,1.5,7,1,10,6,60.0,14,6,42.86
24,1,tail_2_3,39,10,3,1.5,7,2,5,4,80.0,6,1,16.67
24,1,tail_2_3,39,10,3,3,5,0,9,5,55.56,9,3,33.33
24,1,tail_2_3,39,10,3,3,5,1,9,5,55.56,9,3,33.33
24,1,tail_2_3,39,10,3,3,5,2,5,4,80.0,4,0,0.0
24,1,tail_2_3,39,10,3,3,7,0,9,5,55.56,9,3,33.33
24,1,tail_2_3,39,10,3,3,7,1,9,5,55.56,9,3,33.33
24,1,tail_2_3,39,10,3,3,7,2,5,4,80.0,4,0,0.0
24,1,tail_2_3,39,15,1.5,1.5,5,0,9,6,66.67,13,6,46.15
24,1,tail_2_3,39,15,1.5,1.5,5,1,9,6,66.67,13,6,46.15
24,1,tail_2_3,39,15,1.5,1.5,5,2,5,4,80.0,6,1,16.67
24,1,tail_2_3,39,15,1.5,1.5,7,0,9,6,66.67,13,6,46.15
24,1,tail_2_3,39,15,1.5,1.5,7,1,9,6,66.67,13,6,46.15
24,1,tail_2_3,39,15,1.5,1.5,7,2,5,4,80.0,6,1,16.67
24,1,tail_2_3,39,15,1.5,3,5,0,8,5,62.5,9,3,33.33
24,1,tail_2_3,39,15,1.5,3,5,1,8,5,62.5,9,3,33.33
24,1,tail_2_3,39,15,1.5,3,5,2,5,4,80.0,4,0,0.0
24,1,tail_2_3,39,15,1.5,3,7,0,8,5,62.5,9,3,33.33
24,1,tail_2_3,39,15,1.5,3,7,1,8,5,62.5,9,3,33.33
24,1,tail_2_3,39,15,1.5,3,7,2,5,4,80.0,4,0,0.0
24,1,tail_2_3,39,15,3,1.5,5,0,9,6,66.67,13,6,46.15
24,1,tail_2_3,39,15,3,1.5,5,1,9,6,66.67,13,6,46.15
24,1,tail_2_3,39,15,3,1.5,5,2,5,4,80.0,6,1,16.67
24,1,tail_2_3,39,15,3,1.5,7,0,9,6,66.67,13,6,46.15
24,1,tail_2_3,39,15,3,1.5,7,1,9,6,66.67,13,6,46.15
24,1,tail_2_3,39,15,3,1.5,7,2,5,4,80.0,6,1,16.67
24,1,tail_2_3,39,15,3,3,5,0,8,5,62.5,9,3,33.33
24,1,tail_2_3,39,15,3,3,5,1,8,5,62.5,9,3,33.33
24,1,tail_2_3,39,15,3,3,5,2,5,4,80.0,4,0,0.0
24,1,tail_2_3,39,15,3,3,7,0,8,5,62.5,9,3,33.33
24,1,tail_2_3,39,15,3,3,7,1,8,5,62.5,9,3,33.33
24,1,tail_2_3,39,15,3,3,7,2,5,4,80.0,4,0,0.0
24,1,tail_2_3,45,0,1.5,1.5,5,0,5,5,100.0,11,5,45.45
24,1,tail_2_3,45,0,1.5,1.5,5,1,5,5,100.0,11,5,45.45
24,1,tail_2_3,45,0,1.5,1.5,5,2,3,3,100.0,6,3,50.0
24,1,tail_2_3,45,0,1.5,1.5,7,0,5,5,100.0,11,5,45.45
24,1,tail_2_3,45,0,1.5,1.5,7,1,5,5,100.0,11,5,45.45
24,1,tail_2_3,45,0,1.5,1.5,7,2,3,3,100.0,6,3,50.0
24,1,tail_2_3,45,0,1.5,3,5,0,3,3,100.0,7,4,57.14
24,1,tail_2_3,45,0,1.5,3,5,1,3,3,100.0,7,4,57.14
24,1,tail_2_3,45,0,1.5,3,5,2,2,2,100.0,4,3,75.0
24,1,tail_2_3,45,0,1.5,3,7,0,3,3,100.0,7,4,57.14
24,1,tail_2_3,45,0,1.5,3,7,1,3,3,100.0,7,4,57.14
24,1,tail_2_3,45,0,1.5,3,7,2,2,2,100.0,4,3,75.0
24,1,tail_2_3,45,0,3,1.5,5,0,4,4,100.0,8,4,50.0
24,1,tail_2_3,45,0,3,1.5,5,1,4,4,100.0,8,4,50.0
24,1,tail_2_3,45,0,3,1.5,5,2,3,3,100.0,4,2,50.0
24,1,tail_2_3,45,0,3,1.5,7,0,4,4,100.0,8,4,50.0
24,1,tail_2_3,45,0,3,1.5,7,1,4,4,100.0,8,4,50.0
24,1,tail_2_3,45,0,3,1.5,7,2,3,3,100.0,4,2,50.0
24,1,tail_2_3,45,0,3,3,5,0,2,2,100.0,5,3,60.0
24,1,tail_2_3,45,0,3,3,5,1,2,2,100.0,5,3,60.0
24,1,tail_2_3,45,0,3,3,5,2,2,2,100.0,3,2,66.67
24,1,tail_2_3,45,0,3,3,7,0,2,2,100.0,5,3,60.0
24,1,tail_2_3,45,0,3,3,7,1,2,2,100.0,5,3,60.0
24,1,tail_2_3,45,0,3,3,7,2,2,2,100.0,3,2,66.67
24,1,tail_2_3,45,10,1.5,1.5,5,0,1,1,100.0,3,1,33.33
24,1,tail_2_3,45,10,1.5,1.5,5,1,1,1,100.0,3,1,33.33
24,1,tail_2_3,45,10,1.5,1.5,7,0,1,1,100.0,3,1,33.33
24,1,tail_2_3,45,10,1.5,1.5,7,1,1,1,100.0,3,1,33.33
24,1,tail_2_3,45,10,3,1.5,5,0,1,1,100.0,3,1,33.33
24,1,tail_2_3,45,10,3,1.5,5,1,1,1,100.0,3,1,33.33
24,1,tail_2_3,45,10,3,1.5,7,0,1,1,100.0,3,1,33.33
24,1,tail_2_3,45,10,3,1.5,7,1,1,1,100.0,3,1,33.33
24,1,tail_2_3,45,15,1.5,1.5,5,0,1,1,100.0,2,1,50.0
24,1,tail_2_3,45,15,1.5,1.5,5,1,1,1,100.0,2,1,50.0
24,1,tail_2_3,45,15,1.5,1.5,7,0,1,1,100.0,2,1,50.0
24,1,tail_2_3,45,15,1.5,1.5,7,1,1,1,100.0,2,1,50.0
24,1,tail_2_3,45,15,3,1.5,5,0,1,1,100.0,2,1,50.0
24,1,tail_2_3,45,15,3,1.5,5,1,1,1,100.0,2,1,50.0
24,1,tail_2_3,45,15,3,1.5,7,0,1,1,100.0,2,1,50.0
24,1,tail_2_3,45,15,3,1.5,7,1,1,1,100.0,2,1,50.0
24,1,tail_ge4,20,0,1.5,1.5,5,0,31,23,74.19,40,28,70.0
24,1,tail_ge4,20,0,1.5,1.5,7,0,31,23,74.19,40,28,70.0
24,1,tail_ge4,20,0,1.5,3,5,0,25,17,68.0,24,18,75.0
24,1,tail_ge4,20,0,1.5,3,7,0,25,17,68.0,24,18,75.0
24,1,tail_ge4,20,0,3,1.5,5,0,16,10,62.5,22,16,72.73
24,1,tail_ge4,20,0,3,1.5,7,0,16,10,62.5,22,16,72.73
24,1,tail_ge4,20,0,3,3,5,0,13,7,53.85,14,11,78.57
24,1,tail_ge4,20,0,3,3,7,0,13,7,53.85,14,11,78.57
24,1,tail_ge4,20,10,1.5,1.5,5,0,25,20,80.0,31,20,64.52
24,1,tail_ge4,20,10,1.5,1.5,7,0,25,20,80.0,31,20,64.52
24,1,tail_ge4,20,10,1.5,3,5,0,19,14,73.68,16,11,68.75
24,1,tail_ge4,20,10,1.5,3,7,0,19,14,73.68,16,11,68.75
24,1,tail_ge4,20,10,3,1.5,5,0,13,9,69.23,20,14,70.0
24,1,tail_ge4,20,10,3,1.5,7,0,13,9,69.23,20,14,70.0
24,1,tail_ge4,20,10,3,3,5,0,10,6,60.0,12,9,75.0
24,1,tail_ge4,20,10,3,3,7,0,10,6,60.0,12,9,75.0
24,1,tail_ge4,20,15,1.5,1.5,5,0,23,18,78.26,21,16,76.19
24,1,tail_ge4,20,15,1.5,1.5,7,0,23,18,78.26,21,16,76.19
24,1,tail_ge4,20,15,1.5,3,5,0,17,12,70.59,11,8,72.73
24,1,tail_ge4,20,15,1.5,3,7,0,17,12,70.59,11,8,72.73
24,1,tail_ge4,20,15,3,1.5,5,0,13,9,69.23,17,13,76.47
24,1,tail_ge4,20,15,3,1.5,7,0,13,9,69.23,17,13,76.47
24,1,tail_ge4,20,15,3,3,5,0,10,6,60.0,10,8,80.0
24,1,tail_ge4,20,15,3,3,7,0,10,6,60.0,10,8,80.0
24,1,tail_ge4,30,0,1.5,1.5,5,0,18,12,66.67,26,19,73.08
24,1,tail_ge4,30,0,1.5,1.5,7,0,18,12,66.67,26,19,73.08
24,1,tail_ge4,30,0,1.5,3,5,0,13,7,53.85,14,11,78.57
24,1,tail_ge4,30,0,1.5,3,7,0,13,7,53.85,14,11,78.57
24,1,tail_ge4,30,0,3,1.5,5,0,13,7,53.85,15,10,66.67
24,1,tail_ge4,30,0,3,1.5,7,0,13,7,53.85,15,10,66.67
24,1,tail_ge4,30,0,3,3,5,0,10,4,40.0,9,6,66.67
24,1,tail_ge4,30,0,3,3,7,0,10,4,40.0,9,6,66.67
24,1,tail_ge4,30,10,1.5,1.5,5,0,14,10,71.43,20,13,65.0
24,1,tail_ge4,30,10,1.5,1.5,7,0,14,10,71.43,20,13,65.0
24,1,tail_ge4,30,10,1.5,3,5,0,9,5,55.56,9,6,66.67
24,1,tail_ge4,30,10,1.5,3,7,0,9,5,55.56,9,6,66.67
24,1,tail_ge4,30,10,3,1.5,5,0,10,6,60.0,13,8,61.54
24,1,tail_ge4,30,10,3,1.5,7,0,10,6,60.0,13,8,61.54
24,1,tail_ge4,30,10,3,3,5,0,7,3,42.86,7,4,57.14
24,1,tail_ge4,30,10,3,3,7,0,7,3,42.86,7,4,57.14
24,1,tail_ge4,30,15,1.5,1.5,5,0,13,9,69.23,12,9,75.0
24,1,tail_ge4,30,15,1.5,1.5,7,0,13,9,69.23,12,9,75.0
24,1,tail_ge4,30,15,1.5,3,5,0,8,4,50.0,5,3,60.0
24,1,tail_ge4,30,15,1.5,3,7,0,8,4,50.0,5,3,60.0
24,1,tail_ge4,30,15,3,1.5,5,0,10,6,60.0,10,7,70.0
24,1,tail_ge4,30,15,3,1.5,7,0,10,6,60.0,10,7,70.0
24,1,tail_ge4,30,15,3,3,5,0,7,3,42.86,5,3,60.0
24,1,tail_ge4,30,15,3,3,7,0,7,3,42.86,5,3,60.0
24,1,tail_ge4,39,0,1.5,1.5,5,0,7,3,42.86,10,8,80.0
24,1,tail_ge4,39,0,1.5,1.5,7,0,7,3,42.86,10,8,80.0
24,1,tail_ge4,39,0,1.5,3,5,0,6,2,33.33,5,5,100.0
24,1,tail_ge4,39,0,1.5,3,7,0,6,2,33.33,5,5,100.0
24,1,tail_ge4,39,0,3,1.5,5,0,6,2,33.33,9,7,77.78
24,1,tail_ge4,39,0,3,1.5,7,0,6,2,33.33,9,7,77.78
24,1,tail_ge4,39,0,3,3,5,0,5,1,20.0,4,4,100.0
24,1,tail_ge4,39,0,3,3,7,0,5,1,20.0,4,4,100.0
24,1,tail_ge4,39,10,1.5,1.5,5,0,3,1,33.33,7,5,71.43
24,1,tail_ge4,39,10,1.5,1.5,7,0,3,1,33.33,7,5,71.43
24,1,tail_ge4,39,10,1.5,3,5,0,2,0,0.0,2,2,100.0
24,1,tail_ge4,39,10,1.5,3,7,0,2,0,0.0,2,2,100.0
24,1,tail_ge4,39,10,3,1.5,5,0,3,1,33.33,7,5,71.43
24,1,tail_ge4,39,10,3,1.5,7,0,3,1,33.33,7,5,71.43
24,1,tail_ge4,39,10,3,3,5,0,2,0,0.0,2,2,100.0
24,1,tail_ge4,39,10,3,3,7,0,2,0,0.0,2,2,100.0
24,1,tail_ge4,39,15,1.5,1.5,5,0,3,1,33.33,5,4,80.0
24,1,tail_ge4,39,15,1.5,1.5,7,0,3,1,33.33,5,4,80.0
24,1,tail_ge4,39,15,1.5,3,5,0,2,0,0.0,1,1,100.0
24,1,tail_ge4,39,15,1.5,3,7,0,2,0,0.0,1,1,100.0
24,1,tail_ge4,39,15,3,1.5,5,0,3,1,33.33,5,4,80.0
24,1,tail_ge4,39,15,3,1.5,7,0,3,1,33.33,5,4,80.0
24,1,tail_ge4,39,15,3,3,5,0,2,0,0.0,1,1,100.0
24,1,tail_ge4,39,15,3,3,7,0,2,0,0.0,1,1,100.0
24,1,tail_ge4,45,0,1.5,1.5,5,0,3,1,33.33,4,2,50.0
24,1,tail_ge4,45,0,1.5,1.5,7,0,3,1,33.33,4,2,50.0
24,1,tail_ge4,45,0,1.5,3,5,0,3,1,33.33,2,2,100.0
24,1,tail_ge4,45,0,1.5,3,7,0,3,1,33.33,2,2,100.0
24,1,tail_ge4,45,0,3,1.5,5,0,3,1,33.33,4,2,50.0
24,1,tail_ge4,45,0,3,1.5,7,0,3,1,33.33,4,2,50.0
24,1,tail_ge4,45,0,3,3,5,0,3,1,33.33,2,2,100.0
24,1,tail_ge4,45,0,3,3,7,0,3,1,33.33,2,2,100.0
24,2,no_tail,20,0,1.5,1.5,5,0,74,48,64.86,69,48,69.57
24,2,no_tail,20,0,1.5,1.5,5,1,74,48,64.86,69,48,69.57
24,2,no_tail,20,0,1.5,1.5,5,2,74,48,64.86,69,48,69.57
24,2,no_tail,20,0,1.5,1.5,7,0,74,48,64.86,69,48,69.57
24,2,no_tail,20,0,1.5,1.5,7,1,74,48,64.86,69,48,69.57
24,2,no_tail,20,0,1.5,1.5,7,2,74,48,64.86,69,48,69.57
24,2,no_tail,20,0,1.5,3,5,0,47,32,68.09,45,33,73.33
24,2,no_tail,20,0,1.5,3,5,1,47,32,68.09,45,33,73.33
24,2,no_tail,20,0,1.5,3,5,2,47,32,68.09,45,33,73.33
24,2,no_tail,20,0,1.5,3,7,0,47,32,68.09,45,33,73.33
24,2,no_tail,20,0,1.5,3,7,1,47,32,68.09,45,33,73.33
24,2,no_tail,20,0,1.5,3,7,2,47,32,68.09,45,33,73.33
24,2,no_tail,20,0,3,1.5,5,0,19,12,63.16,23,14,60.87
24,2,no_tail,20,0,3,1.5,5,1,19,12,63.16,23,14,60.87
24,2,no_tail,20,0,3,1.5,5,2,19,12,63.16,23,14,60.87
24,2,no_tail,20,0,3,1.5,7,0,19,12,63.16,23,14,60.87
24,2,no_tail,20,0,3,1.5,7,1,19,12,63.16,23,14,60.87
24,2,no_tail,20,0,3,1.5,7,2,19,12,63.16,23,14,60.87
24,2,no_tail,20,0,3,3,5,0,12,7,58.33,19,13,68.42
24,2,no_tail,20,0,3,3,5,1,12,7,58.33,19,13,68.42
24,2,no_tail,20,0,3,3,5,2,12,7,58.33,19,13,68.42
24,2,no_tail,20,0,3,3,7,0,12,7,58.33,19,13,68.42
24,2,no_tail,20,0,3,3,7,1,12,7,58.33,19,13,68.42
24,2,no_tail,20,0,3,3,7,2,12,7,58.33,19,13,68.42
24,2,no_tail,20,10,1.5,1.5,5,0,33,23,69.7,35,22,62.86
24,2,no_tail,20,10,1.5,1.5,5,1,33,23,69.7,35,22,62.86
24,2,no_tail,20,10,1.5,1.5,5,2,33,23,69.7,35,22,62.86
24,2,no_tail,20,10,1.5,1.5,7,0,33,23,69.7,35,22,62.86
24,2,no_tail,20,10,1.5,1.5,7,1,33,23,69.7,35,22,62.86
24,2,no_tail,20,10,1.5,1.5,7,2,33,23,69.7,35,22,62.86
24,2,no_tail,20,10,1.5,3,5,0,18,13,72.22,23,15,65.22
24,2,no_tail,20,10,1.5,3,5,1,18,13,72.22,23,15,65.22
24,2,no_tail,20,10,1.5,3,5,2,18,13,72.22,23,15,65.22
24,2,no_tail,20,10,1.5,3,7,0,18,13,72.22,23,15,65.22
24,2,no_tail,20,10,1.5,3,7,1,18,13,72.22,23,15,65.22
24,2,no_tail,20,10,1.5,3,7,2,18,13,72.22,23,15,65.22
24,2,no_tail,20,10,3,1.5,5,0,14,8,57.14,18,9,50.0
24,2,no_tail,20,10,3,1.5,5,1,14,8,57.14,18,9,50.0
24,2,no_tail,20,10,3,1.5,5,2,14,8,57.14,18,9,50.0
24,2,no_tail,20,10,3,1.5,7,0,14,8,57.14,18,9,50.0
24,2,no_tail,20,10,3,1.5,7,1,14,8,57.14,18,9,50.0
24,2,no_tail,20,10,3,1.5,7,2,14,8,57.14,18,9,50.0
24,2,no_tail,20,10,3,3,5,0,7,3,42.86,14,8,57.14
24,2,no_tail,20,10,3,3,5,1,7,3,42.86,14,8,57.14
24,2,no_tail,20,10,3,3,5,2,7,3,42.86,14,8,57.14
24,2,no_tail,20,10,3,3,7,0,7,3,42.86,14,8,57.14
24,2,no_tail,20,10,3,3,7,1,7,3,42.86,14,8,57.14
24,2,no_tail,20,10,3,3,7,2,7,3,42.86,14,8,57.14
24,2,no_tail,20,15,1.5,1.5,5,0,12,7,58.33,13,8,61.54
24,2,no_tail,20,15,1.5,1.5,5,1,12,7,58.33,13,8,61.54
24,2,no_tail,20,15,1.5,1.5,5,2,12,7,58.33,13,8,61.54
24,2,no_tail,20,15,1.5,1.5,7,0,12,7,58.33,13,8,61.54
24,2,no_tail,20,15,1.5,1.5,7,1,12,7,58.33,13,8,61.54
24,2,no_tail,20,15,1.5,1.5,7,2,12,7,58.33,13,8,61.54
24,2,no_tail,20,15,1.5,3,5,0,3,1,33.33,4,3,75.0
24,2,no_tail,20,15,1.5,3,5,1,3,1,33.33,4,3,75.0
24,2,no_tail,20,15,1.5,3,5,2,3,1,33.33,4,3,75.0
24,2,no_tail,20,15,1.5,3,7,0,3,1,33.33,4,3,75.0
24,2,no_tail,20,15,1.5,3,7,1,3,1,33.33,4,3,75.0
24,2,no_tail,20,15,1.5,3,7,2,3,1,33.33,4,3,75.0
24,2,no_tail,20,15,3,1.5,5,0,8,4,50.0,6,3,50.0
24,2,no_tail,20,15,3,1.5,5,1,8,4,50.0,6,3,50.0
24,2,no_tail,20,15,3,1.5,5,2,8,4,50.0,6,3,50.0
24,2,no_tail,20,15,3,1.5,7,0,8,4,50.0,6,3,50.0
24,2,no_tail,20,15,3,1.5,7,1,8,4,50.0,6,3,50.0
24,2,no_tail,20,15,3,1.5,7,2,8,4,50.0,6,3,50.0
24,2,no_tail,20,15,3,3,5,0,2,0,0.0,2,2,100.0
24,2,no_tail,20,15,3,3,5,1,2,0,0.0,2,2,100.0
24,2,no_tail,20,15,3,3,5,2,2,0,0.0,2,2,100.0
24,2,no_tail,20,15,3,3,7,0,2,0,0.0,2,2,100.0
24,2,no_tail,20,15,3,3,7,1,2,0,0.0,2,2,100.0
24,2,no_tail,20,15,3,3,7,2,2,0,0.0,2,2,100.0
24,2,no_tail,30,0,1.5,1.5,5,0,43,28,65.12,45,28,62.22
24,2,no_tail,30,0,1.5,1.5,5,1,43,28,65.12,45,28,62.22
24,2,no_tail,30,0,1.5,1.5,5,2,43,28,65.12,45,28,62.22
24,2,no_tail,30,0,1.5,1.5,7,0,43,28,65.12,45,28,62.22
24,2,no_tail,30,0,1.5,1.5,7,1,43,28,65.12,45,28,62.22
24,2,no_tail,30,0,1.5,1.5,7,2,43,28,65.12,45,28,62.22
24,2,no_tail,30,0,1.5,3,5,0,24,18,75.0,31,21,67.74
24,2,no_tail,30,0,1.5,3,5,1,24,18,75.0,31,21,67.74
24,2,no_tail,30,0,1.5,3,5,2,24,18,75.0,31,21,67.74
24,2,no_tail,30,0,1.5,3,7,0,24,18,75.0,31,21,67.74
24,2,no_tail,30,0,1.5,3,7,1,24,18,75.0,31,21,67.74
24,2,no_tail,30,0,1.5,3,7,2,24,18,75.0,31,21,67.74
24,2,no_tail,30,0,3,1.5,5,0,17,12,70.59,21,12,57.14
24,2,no_tail,30,0,3,1.5,5,1,17,12,70.59,21,12,57.14
24,2,no_tail,30,0,3,1.5,5,2,17,12,70.59,21,12,57.14
24,2,no_tail,30,0,3,1.5,7,0,17,12,70.59,21,12,57.14
24,2,no_tail,30,0,3,1.5,7,1,17,12,70.59,21,12,57.14
24,2,no_tail,30,0,3,1.5,7,2,17,12,70.59,21,12,57.14
24,2,no_tail,30,0,3,3,5,0,10,7,70.0,17,11,64.71
24,2,no_tail,30,0,3,3,5,1,10,7,70.0,17,11,64.71
24,2,no_tail,30,0,3,3,5,2,10,7,70.0,17,11,64.71
24,2,no_tail,30,0,3,3,7,0,10,7,70.0,17,11,64.71
24,2,no_tail,30,0,3,3,7,1,10,7,70.0,17,11,64.71
24,2,no_tail,30,0,3,3,7,2,10,7,70.0,17,11,64.71
24,2,no_tail,30,10,1.5,1.5,5,0,19,12,63.16,21,11,52.38
24,2,no_tail,30,10,1.5,1.5,5,1,19,12,63.16,21,11,52.38
24,2,no_tail,30,10,1.5,1.5,5,2,19,12,63.16,21,11,52.38
24,2,no_tail,30,10,1.5,1.5,7,0,19,12,63.16,21,11,52.38
24,2,no_tail,30,10,1.5,1.5,7,1,19,12,63.16,21,11,52.38
24,2,no_tail,30,10,1.5,1.5,7,2,19,12,63.16,21,11,52.38
24,2,no_tail,30,10,1.5,3,5,0,7,5,71.43,15,8,53.33
24,2,no_tail,30,10,1.5,3,5,1,7,5,71.43,15,8,53.33
24,2,no_tail,30,10,1.5,3,5,2,7,5,71.43,15,8,53.33
24,2,no_tail,30,10,1.5,3,7,0,7,5,71.43,15,8,53.33
24,2,no_tail,30,10,1.5,3,7,1,7,5,71.43,15,8,53.33
24,2,no_tail,30,10,1.5,3,7,2,7,5,71.43,15,8,53.33
24,2,no_tail,30,10,3,1.5,5,0,12,8,66.67,16,7,43.75
24,2,no_tail,30,10,3,1.5,5,1,12,8,66.67,16,7,43.75
24,2,no_tail,30,10,3,1.5,5,2,12,8,66.67,16,7,43.75
24,2,no_tail,30,10,3,1.5,7,0,12,8,66.67,16,7,43.75
24,2,no_tail,30,10,3,1.5,7,1,12,8,66.67,16,7,43.75
24,2,no_tail,30,10,3,1.5,7,2,12,8,66.67,16,7,43.75
24,2,no_tail,30,10,3,3,5,0,5,3,60.0,12,6,50.0
24,2,no_tail,30,10,3,3,5,1,5,3,60.0,12,6,50.0
24,2,no_tail,30,10,3,3,5,2,5,3,60.0,12,6,50.0
24,2,no_tail,30,10,3,3,7,0,5,3,60.0,12,6,50.0
24,2,no_tail,30,10,3,3,7,1,5,3,60.0,12,6,50.0
24,2,no_tail,30,10,3,3,7,2,5,3,60.0,12,6,50.0
24,2,no_tail,30,15,1.5,1.5,5,0,7,4,57.14,5,2,40.0
24,2,no_tail,30,15,1.5,1.5,5,1,7,4,57.14,5,2,40.0
24,2,no_tail,30,15,1.5,1.5,5,2,7,4,57.14,5,2,40.0
24,2,no_tail,30,15,1.5,1.5,7,0,7,4,57.14,5,2,40.0
24,2,no_tail,30,15,1.5,1.5,7,1,7,4,57.14,5,2,40.0
24,2,no_tail,30,15,1.5,1.5,7,2,7,4,57.14,5,2,40.0
24,2,no_tail,30,15,3,1.5,5,0,6,4,66.67,4,1,25.0
24,2,no_tail,30,15,3,1.5,5,1,6,4,66.67,4,1,25.0
24,2,no_tail,30,15,3,1.5,5,2,6,4,66.67,4,1,25.0
24,2,no_tail,30,15,3,1.5,7,0,6,4,66.67,4,1,25.0
24,2,no_tail,30,15,3,1.5,7,1,6,4,66.67,4,1,25.0
24,2,no_tail,30,15,3,1.5,7,2,6,4,66.67,4,1,25.0
24,2,no_tail,39,0,1.5,1.5,5,0,18,14,77.78,26,15,57.69
24,2,no_tail,39,0,1.5,1.5,5,1,18,14,77.78,26,15,57.69
24,2,no_tail,39,0,1.5,1.5,5,2,18,14,77.78,26,15,57.69
24,2,no_tail,39,0,1.5,1.5,7,0,18,14,77.78,26,15,57.69
24,2,no_tail,39,0,1.5,1.5,7,1,18,14,77.78,26,15,57.69
24,2,no_tail,39,0,1.5,1.5,7,2,18,14,77.78,26,15,57.69
24,2,no_tail,39,0,1.5,3,5,0,13,10,76.92,22,13,59.09
24,2,no_tail,39,0,1.5,3,5,1,13,10,76.92,22,13,59.09
24,2,no_tail,39,0,1.5,3,5,2,13,10,76.92,22,13,59.09
24,2,no_tail,39,0,1.5,3,7,0,13,10,76.92,22,13,59.09
24,2,no_tail,39,0,1.5,3,7,1,13,10,76.92,22,13,59.09
24,2,no_tail,39,0,1.5,3,7,2,13,10,76.92,22,13,59.09
24,2,no_tail,39,0,3,1.5,5,0,11,8,72.73,17,11,64.71
24,2,no_tail,39,0,3,1.5,5,1,11,8,72.73,17,11,64.71
24,2,no_tail,39,0,3,1.5,5,2,11,8,72.73,17,11,64.71
24,2,no_tail,39,0,3,1.5,7,0,11,8,72.73,17,11,64.71
24,2,no_tail,39,0,3,1.5,7,1,11,8,72.73,17,11,64.71
24,2,no_tail,39,0,3,1.5,7,2,11,8,72.73,17,11,64.71
24,2,no_tail,39,0,3,3,5,0,8,6,75.0,15,10,66.67
24,2,no_tail,39,0,3,3,5,1,8,6,75.0,15,10,66.67
24,2,no_tail,39,0,3,3,5,2,8,6,75.0,15,10,66.67
24,2,no_tail,39,0,3,3,7,0,8,6,75.0,15,10,66.67
24,2,no_tail,39,0,3,3,7,1,8,6,75.0,15,10,66.67
24,2,no_tail,39,0,3,3,7,2,8,6,75.0,15,10,66.67
24,2,no_tail,39,10,1.5,1.5,5,0,8,6,75.0,13,6,46.15
24,2,no_tail,39,10,1.5,1.5,5,1,8,6,75.0,13,6,46.15
24,2,no_tail,39,10,1.5,1.5,5,2,8,6,75.0,13,6,46.15
24,2,no_tail,39,10,1.5,1.5,7,0,8,6,75.0,13,6,46.15
24,2,no_tail,39,10,1.5,1.5,7,1,8,6,75.0,13,6,46.15
24,2,no_tail,39,10,1.5,1.5,7,2,8,6,75.0,13,6,46.15
24,2,no_tail,39,10,1.5,3,5,0,4,3,75.0,11,5,45.45
24,2,no_tail,39,10,1.5,3,5,1,4,3,75.0,11,5,45.45
24,2,no_tail,39,10,1.5,3,5,2,4,3,75.0,11,5,45.45
24,2,no_tail,39,10,1.5,3,7,0,4,3,75.0,11,5,45.45
24,2,no_tail,39,10,1.5,3,7,1,4,3,75.0,11,5,45.45
24,2,no_tail,39,10,1.5,3,7,2,4,3,75.0,11,5,45.45
24,2,no_tail,39,10,3,1.5,5,0,6,4,66.67,12,6,50.0
24,2,no_tail,39,10,3,1.5,5,1,6,4,66.67,12,6,50.0
24,2,no_tail,39,10,3,1.5,5,2,6,4,66.67,12,6,50.0
24,2,no_tail,39,10,3,1.5,7,0,6,4,66.67,12,6,50.0
24,2,no_tail,39,10,3,1.5,7,1,6,4,66.67,12,6,50.0
24,2,no_tail,39,10,3,1.5,7,2,6,4,66.67,12,6,50.0
24,2,no_tail,39,10,3,3,5,0,3,2,66.67,10,5,50.0
24,2,no_tail,39,10,3,3,5,1,3,2,66.67,10,5,50.0
24,2,no_tail,39,10,3,3,5,2,3,2,66.67,10,5,50.0
24,2,no_tail,39,10,3,3,7,0,3,2,66.67,10,5,50.0
24,2,no_tail,39,10,3,3,7,1,3,2,66.67,10,5,50.0
24,2,no_tail,39,10,3,3,7,2,3,2,66.67,10,5,50.0
24,2,no_tail,39,15,1.5,1.5,5,0,3,2,66.67,2,1,50.0
24,2,no_tail,39,15,1.5,1.5,5,1,3,2,66.67,2,1,50.0
24,2,no_tail,39,15,1.5,1.5,5,2,3,2,66.67,2,1,50.0
24,2,no_tail,39,15,1.5,1.5,7,0,3,2,66.67,2,1,50.0
24,2,no_tail,39,15,1.5,1.5,7,1,3,2,66.67,2,1,50.0
24,2,no_tail,39,15,1.5,1.5,7,2,3,2,66.67,2,1,50.0
24,2,no_tail,39,15,3,1.5,5,0,3,2,66.67,2,1,50.0
24,2,no_tail,39,15,3,1.5,5,1,3,2,66.67,2,1,50.0
24,2,no_tail,39,15,3,1.5,5,2,3,2,66.67,2,1,50.0
24,2,no_tail,39,15,3,1.5,7,0,3,2,66.67,2,1,50.0
24,2,no_tail,39,15,3,1.5,7,1,3,2,66.67,2,1,50.0
24,2,no_tail,39,15,3,1.5,7,2,3,2,66.67,2,1,50.0
24,2,no_tail,45,0,1.5,1.5,5,0,8,6,75.0,13,8,61.54
24,2,no_tail,45,0,1.5,1.5,5,1,8,6,75.0,13,8,61.54
24,2,no_tail,45,0,1.5,1.5,5,2,8,6,75.0,13,8,61.54
24,2,no_tail,45,0,1.5,1.5,7,0,8,6,75.0,13,8,61.54
24,2,no_tail,45,0,1.5,1.5,7,1,8,6,75.0,13,8,61.54
24,2,no_tail,45,0,1.5,1.5,7,2,8,6,75.0,13,8,61.54
24,2,no_tail,45,0,1.5,3,5,0,8,6,75.0,11,6,54.55
24,2,no_tail,45,0,1.5,3,5,1,8,6,75.0,11,6,54.55
24,2,no_tail,45,0,1.5,3,5,2,8,6,75.0,11,6,54.55
24,2,no_tail,45,0,1.5,3,7,0,8,6,75.0,11,6,54.55
24,2,no_tail,45,0,1.5,3,7,1,8,6,75.0,11,6,54.55
24,2,no_tail,45,0,1.5,3,7,2,8,6,75.0,11,6,54.55
24,2,no_tail,45,0,3,1.5,5,0,6,5,83.33,11,7,63.64
24,2,no_tail,45,0,3,1.5,5,1,6,5,83.33,11,7,63.64
24,2,no_tail,45,0,3,1.5,5,2,6,5,83.33,11,7,63.64
24,2,no_tail,45,0,3,1.5,7,0,6,5,83.33,11,7,63.64
24,2,no_tail,45,0,3,1.5,7,1,6,5,83.33,11,7,63.64
24,2,no_tail,45,0,3,1.5,7,2,6,5,83.33,11,7,63.64
24,2,no_tail,45,0,3,3,5,0,6,5,83.33,10,6,60.0
24,2,no_tail,45,0,3,3,5,1,6,5,83.33,10,6,60.0
24,2,no_tail,45,0,3,3,5,2,6,5,83.33,10,6,60.0
24,2,no_tail,45,0,3,3,7,0,6,5,83.33,10,6,60.0
24,2,no_tail,45,0,3,3,7,1,6,5,83.33,10,6,60.0
24,2,no_tail,45,0,3,3,7,2,6,5,83.33,10,6,60.0
24,2,no_tail,45,10,1.5,1.5,5,0,2,2,100.0,10,5,50.0
24,2,no_tail,45,10,1.5,1.5,5,1,2,2,100.0,10,5,50.0
24,2,no_tail,45,10,1.5,1.5,5,2,2,2,100.0,10,5,50.0
24,2,no_tail,45,10,1.5,1.5,7,0,2,2,100.0,10,5,50.0
24,2,no_tail,45,10,1.5,1.5,7,1,2,2,100.0,10,5,50.0
24,2,no_tail,45,10,1.5,1.5,7,2,2,2,100.0,10,5,50.0
24,2,no_tail,45,10,1.5,3,5,0,2,2,100.0,9,4,44.44
24,2,no_tail,45,10,1.5,3,5,1,2,2,100.0,9,4,44.44
24,2,no_tail,45,10,1.5,3,5,2,2,2,100.0,9,4,44.44
24,2,no_tail,45,10,1.5,3,7,0,2,2,100.0,9,4,44.44
24,2,no_tail,45,10,1.5,3,7,1,2,2,100.0,9,4,44.44
24,2,no_tail,45,10,1.5,3,7,2,2,2,100.0,9,4,44.44
24,2,no_tail,45,10,3,1.5,5,0,2,2,100.0,9,5,55.56
24,2,no_tail,45,10,3,1.5,5,1,2,2,100.0,9,5,55.56
24,2,no_tail,45,10,3,1.5,5,2,2,2,100.0,9,5,55.56
24,2,no_tail,45,10,3,1.5,7,0,2,2,100.0,9,5,55.56
24,2,no_tail,45,10,3,1.5,7,1,2,2,100.0,9,5,55.56
24,2,no_tail,45,10,3,1.5,7,2,2,2,100.0,9,5,55.56
24,2,no_tail,45,10,3,3,5,0,2,2,100.0,8,4,50.0
24,2,no_tail,45,10,3,3,5,1,2,2,100.0,8,4,50.0
24,2,no_tail,45,10,3,3,5,2,2,2,100.0,8,4,50.0
24,2,no_tail,45,10,3,3,7,0,2,2,100.0,8,4,50.0
24,2,no_tail,45,10,3,3,7,1,2,2,100.0,8,4,50.0
24,2,no_tail,45,10,3,3,7,2,2,2,100.0,8,4,50.0
24,2,tail_1,20,0,1.5,1.5,5,0,52,37,71.15,65,47,72.31
24,2,tail_1,20,0,1.5,1.5,5,1,52,37,71.15,65,47,72.31
24,2,tail_1,20,0,1.5,1.5,5,2,52,37,71.15,65,47,72.31
24,2,tail_1,20,0,1.5,1.5,7,0,52,37,71.15,65,47,72.31
24,2,tail_1,20,0,1.5,1.5,7,1,52,37,71.15,65,47,72.31
24,2,tail_1,20,0,1.5,1.5,7,2,52,37,71.15,65,47,72.31
24,2,tail_1,20,0,1.5,3,5,0,32,20,62.5,48,33,68.75
24,2,tail_1,20,0,1.5,3,5,1,32,20,62.5,48,33,68.75
24,2,tail_1,20,0,1.5,3,5,2,32,20,62.5,48,33,68.75
24,2,tail_1,20,0,1.5,3,7,0,32,20,62.5,48,33,68.75
24,2,tail_1,20,0,1.5,3,7,1,32,20,62.5,48,33,68.75
24,2,tail_1,20,0,1.5,3,7,2,32,20,62.5,48,33,68.75
24,2,tail_1,20,0,3,1.5,5,0,22,16,72.73,26,20,76.92
24,2,tail_1,20,0,3,1.5,5,1,22,16,72.73,26,20,76.92
24,2,tail_1,20,0,3,1.5,5,2,22,16,72.73,26,20,76.92
24,2,tail_1,20,0,3,1.5,7,0,22,16,72.73,26,20,76.92
24,2,tail_1,20,0,3,1.5,7,1,22,16,72.73,26,20,76.92
24,2,tail_1,20,0,3,1.5,7,2,22,16,72.73,26,20,76.92
24,2,tail_1,20,0,3,3,5,0,13,8,61.54,20,16,80.0
24,2,tail_1,20,0,3,3,5,1,13,8,61.54,20,16,80.0
24,2,tail_1,20,0,3,3,5,2,13,8,61.54,20,16,80.0
24,2,tail_1,20,0,3,3,7,0,13,8,61.54,20,16,80.0
24,2,tail_1,20,0,3,3,7,1,13,8,61.54,20,16,80.0
24,2,tail_1,20,0,3,3,7,2,13,8,61.54,20,16,80.0
24,2,tail_1,20,10,1.5,1.5,5,0,29,21,72.41,37,24,64.86
24,2,tail_1,20,10,1.5,1.5,5,1,29,21,72.41,37,24,64.86
24,2,tail_1,20,10,1.5,1.5,5,2,29,21,72.41,37,24,64.86
24,2,tail_1,20,10,1.5,1.5,7,0,29,21,72.41,37,24,64.86
24,2,tail_1,20,10,1.5,1.5,7,1,29,21,72.41,37,24,64.86
24,2,tail_1,20,10,1.5,1.5,7,2,29,21,72.41,37,24,64.86
24,2,tail_1,20,10,1.5,3,5,0,15,8,53.33,26,16,61.54
24,2,tail_1,20,10,1.5,3,5,1,15,8,53.33,26,16,61.54
24,2,tail_1,20,10,1.5,3,5,2,15,8,53.33,26,16,61.54
24,2,tail_1,20,10,1.5,3,7,0,15,8,53.33,26,16,61.54
24,2,tail_1,20,10,1.5,3,7,1,15,8,53.33,26,16,61.54
24,2,tail_1,20,10,1.5,3,7,2,15,8,53.33,26,16,61.54
24,2,tail_1,20,10,3,1.5,5,0,18,14,77.78,20,15,75.0
24,2,tail_1,20,10,3,1.5,5,1,18,14,77.78,20,15,75.0
24,2,tail_1,20,10,3,1.5,5,2,18,14,77.78,20,15,75.0
24,2,tail_1,20,10,3,1.5,7,0,18,14,77.78,20,15,75.0
24,2,tail_1,20,10,3,1.5,7,1,18,14,77.78,20,15,75.0
24,2,tail_1,20,10,3,1.5,7,2,18,14,77.78,20,15,75.0
24,2,tail_1,20,10,3,3,5,0,9,6,66.67,14,11,78.57
24,2,tail_1,20,10,3,3,5,1,9,6,66.67,14,11,78.57
24,2,tail_1,20,10,3,3,5,2,9,6,66.67,14,11,78.57
24,2,tail_1,20,10,3,3,7,0,9,6,66.67,14,11,78.57
24,2,tail_1,20,10,3,3,7,1,9,6,66.67,14,11,78.57
24,2,tail_1,20,10,3,3,7,2,9,6,66.67,14,11,78.57
24,2,tail_1,20,15,1.5,1.5,5,0,10,8,80.0,18,14,77.78
24,2,tail_1,20,15,1.5,1.5,5,1,10,8,80.0,18,14,77.78
24,2,tail_1,20,15,1.5,1.5,5,2,10,8,80.0,18,14,77.78
24,2,tail_1,20,15,1.5,1.5,7,0,10,8,80.0,18,14,77.78
24,2,tail_1,20,15,1.5,1.5,7,1,10,8,80.0,18,14,77.78
24,2,tail_1,20,15,1.5,1.5,7,2,10,8,80.0,18,14,77.78
24,2,tail_1,20,15,1.5,3,5,0,3,2,66.67,7,6,85.71
24,2,tail_1,20,15,1.5,3,5,1,3,2,66.67,7,6,85.71
24,2,tail_1,20,15,1.5,3,5,2,3,2,66.67,7,6,85.71
24,2,tail_1,20,15,1.5,3,7,0,3,2,66.67,7,6,85.71
24,2,tail_1,20,15,1.5,3,7,1,3,2,66.67,7,6,85.71
24,2,tail_1,20,15,1.5,3,7,2,3,2,66.67,7,6,85.71
24,2,tail_1,20,15,3,1.5,5,0,7,5,71.43,9,6,66.67
24,2,tail_1,20,15,3,1.5,5,1,7,5,71.43,9,6,66.67
24,2,tail_1,20,15,3,1.5,5,2,7,5,71.43,9,6,66.67
24,2,tail_1,20,15,3,1.5,7,0,7,5,71.43,9,6,66.67
24,2,tail_1,20,15,3,1.5,7,1,7,5,71.43,9,6,66.67
24,2,tail_1,20,15,3,1.5,7,2,7,5,71.43,9,6,66.67
24,2,tail_1,20,15,3,3,5,0,1,0,0.0,3,2,66.67
24,2,tail_1,20,15,3,3,5,1,1,0,0.0,3,2,66.67
24,2,tail_1,20,15,3,3,5,2,1,0,0.0,3,2,66.67
24,2,tail_1,20,15,3,3,7,0,1,0,0.0,3,2,66.67
24,2,tail_1,20,15,3,3,7,1,1,0,0.0,3,2,66.67
24,2,tail_1,20,15,3,3,7,2,1,0,0.0,3,2,66.67
24,2,tail_1,30,0,1.5,1.5,5,0,34,24,70.59,41,32,78.05
24,2,tail_1,30,0,1.5,1.5,5,1,34,24,70.59,41,32,78.05
24,2,tail_1,30,0,1.5,1.5,5,2,34,24,70.59,41,32,78.05
24,2,tail_1,30,0,1.5,1.5,7,0,34,24,70.59,41,32,78.05
24,2,tail_1,30,0,1.5,1.5,7,1,34,24,70.59,41,32,78.05
24,2,tail_1,30,0,1.5,1.5,7,2,34,24,70.59,41,32,78.05
24,2,tail_1,30,0,1.5,3,5,0,21,13,61.9,30,23,76.67
24,2,tail_1,30,0,1.5,3,5,1,21,13,61.9,30,23,76.67
24,2,tail_1,30,0,1.5,3,5,2,21,13,61.9,30,23,76.67
24,2,tail_1,30,0,1.5,3,7,0,21,13,61.9,30,23,76.67
24,2,tail_1,30,0,1.5,3,7,1,21,13,61.9,30,23,76.67
24,2,tail_1,30,0,1.5,3,7,2,21,13,61.9,30,23,76.67
24,2,tail_1,30,0,3,1.5,5,0,19,15,78.95,22,18,81.82
24,2,tail_1,30,0,3,1.5,5,1,19,15,78.95,22,18,81.82
24,2,tail_1,30,0,3,1.5,5,2,19,15,78.95,22,18,81.82
24,2,tail_1,30,0,3,1.5,7,0,19,15,78.95,22,18,81.82
24,2,tail_1,30,0,3,1.5,7,1,19,15,78.95,22,18,81.82
24,2,tail_1,30,0,3,1.5,7,2,19,15,78.95,22,18,81.82
24,2,tail_1,30,0,3,3,5,0,11,7,63.64,16,14,87.5
24,2,tail_1,30,0,3,3,5,1,11,7,63.64,16,14,87.5
24,2,tail_1,30,0,3,3,5,2,11,7,63.64,16,14,87.5
24,2,tail_1,30,0,3,3,7,0,11,7,63.64,16,14,87.5
24,2,tail_1,30,0,3,3,7,1,11,7,63.64,16,14,87.5
24,2,tail_1,30,0,3,3,7,2,11,7,63.64,16,14,87.5
24,2,tail_1,30,10,1.5,1.5,5,0,19,14,73.68,20,14,70.0
24,2,tail_1,30,10,1.5,1.5,5,1,19,14,73.68,20,14,70.0
24,2,tail_1,30,10,1.5,1.5,5,2,19,14,73.68,20,14,70.0
24,2,tail_1,30,10,1.5,1.5,7,0,19,14,73.68,20,14,70.0
24,2,tail_1,30,10,1.5,1.5,7,1,19,14,73.68,20,14,70.0
24,2,tail_1,30,10,1.5,1.5,7,2,19,14,73.68,20,14,70.0
24,2,tail_1,30,10,1.5,3,5,0,10,5,50.0,13,9,69.23
24,2,tail_1,30,10,1.5,3,5,1,10,5,50.0,13,9,69.23
24,2,tail_1,30,10,1.5,3,5,2,10,5,50.0,13,9,69.23
24,2,tail_1,30,10,1.5,3,7,0,10,5,50.0,13,9,69.23
24,2,tail_1,30,10,1.5,3,7,1,10,5,50.0,13,9,69.23
24,2,tail_1,30,10,1.5,3,7,2,10,5,50.0,13,9,69.23
24,2,tail_1,30,10,3,1.5,5,0,15,13,86.67,16,13,81.25
24,2,tail_1,30,10,3,1.5,5,1,15,13,86.67,16,13,81.25
24,2,tail_1,30,10,3,1.5,5,2,15,13,86.67,16,13,81.25
24,2,tail_1,30,10,3,1.5,7,0,15,13,86.67,16,13,81.25
24,2,tail_1,30,10,3,1.5,7,1,15,13,86.67,16,13,81.25
24,2,tail_1,30,10,3,1.5,7,2,15,13,86.67,16,13,81.25
24,2,tail_1,30,10,3,3,5,0,7,5,71.43,10,9,90.0
24,2,tail_1,30,10,3,3,5,1,7,5,71.43,10,9,90.0
24,2,tail_1,30,10,3,3,5,2,7,5,71.43,10,9,90.0
24,2,tail_1,30,10,3,3,7,0,7,5,71.43,10,9,90.0
24,2,tail_1,30,10,3,3,7,1,7,5,71.43,10,9,90.0
24,2,tail_1,30,10,3,3,7,2,7,5,71.43,10,9,90.0
24,2,tail_1,30,15,1.5,1.5,5,0,5,5,100.0,7,5,71.43
24,2,tail_1,30,15,1.5,1.5,5,1,5,5,100.0,7,5,71.43
24,2,tail_1,30,15,1.5,1.5,5,2,5,5,100.0,7,5,71.43
24,2,tail_1,30,15,1.5,1.5,7,0,5,5,100.0,7,5,71.43
24,2,tail_1,30,15,1.5,1.5,7,1,5,5,100.0,7,5,71.43
24,2,tail_1,30,15,1.5,1.5,7,2,5,5,100.0,7,5,71.43
24,2,tail_1,30,15,3,1.5,5,0,5,5,100.0,6,4,66.67
24,2,tail_1,30,15,3,1.5,5,1,5,5,100.0,6,4,66.67
24,2,tail_1,30,15,3,1.5,5,2,5,5,100.0,6,4,66.67
24,2,tail_1,30,15,3,1.5,7,0,5,5,100.0,6,4,66.67
24,2,tail_1,30,15,3,1.5,7,1,5,5,100.0,6,4,66.67
24,2,tail_1,30,15,3,1.5,7,2,5,5,100.0,6,4,66.67
24,2,tail_1,39,0,1.5,1.5,5,0,18,15,83.33,23,18,78.26
24,2,tail_1,39,0,1.5,1.5,5,1,18,15,83.33,23,18,78.26
24,2,tail_1,39,0,1.5,1.5,5,2,18,15,83.33,23,18,78.26
24,2,tail_1,39,0,1.5,1.5,7,0,18,15,83.33,23,18,78.26
24,2,tail_1,39,0,1.5,1.5,7,1,18,15,83.33,23,18,78.26
24,2,tail_1,39,0,1.5,1.5,7,2,18,15,83.33,23,18,78.26
24,2,tail_1,39,0,1.5,3,5,0,11,8,72.73,17,13,76.47
24,2,tail_1,39,0,1.5,3,5,1,11,8,72.73,17,13,76.47
24,2,tail_1,39,0,1.5,3,5,2,11,8,72.73,17,13,76.47
24,2,tail_1,39,0,1.5,3,7,0,11,8,72.73,17,13,76.47
24,2,tail_1,39,0,1.5,3,7,1,11,8,72.73,17,13,76.47
24,2,tail_1,39,0,1.5,3,7,2,11,8,72.73,17,13,76.47
24,2,tail_1,39,0,3,1.5,5,0,15,12,80.0,16,14,87.5
24,2,tail_1,39,0,3,1.5,5,1,15,12,80.0,16,14,87.5
24,2,tail_1,39,0,3,1.5,5,2,15,12,80.0,16,14,87.5
24,2,tail_1,39,0,3,1.5,7,0,15,12,80.0,16,14,87.5
24,2,tail_1,39,0,3,1.5,7,1,15,12,80.0,16,14,87.5
24,2,tail_1,39,0,3,1.5,7,2,15,12,80.0,16,14,87.5
24,2,tail_1,39,0,3,3,5,0,9,6,66.67,12,11,91.67
24,2,tail_1,39,0,3,3,5,1,9,6,66.67,12,11,91.67
24,2,tail_1,39,0,3,3,5,2,9,6,66.67,12,11,91.67
24,2,tail_1,39,0,3,3,7,0,9,6,66.67,12,11,91.67
24,2,tail_1,39,0,3,3,7,1,9,6,66.67,12,11,91.67
24,2,tail_1,39,0,3,3,7,2,9,6,66.67,12,11,91.67
24,2,tail_1,39,10,1.5,1.5,5,0,11,10,90.91,12,10,83.33
24,2,tail_1,39,10,1.5,1.5,5,1,11,10,90.91,12,10,83.33
24,2,tail_1,39,10,1.5,1.5,5,2,11,10,90.91,12,10,83.33
24,2,tail_1,39,10,1.5,1.5,7,0,11,10,90.91,12,10,83.33
24,2,tail_1,39,10,1.5,1.5,7,1,11,10,90.91,12,10,83.33
24,2,tail_1,39,10,1.5,1.5,7,2,11,10,90.91,12,10,83.33
24,2,tail_1,39,10,1.5,3,5,0,5,4,80.0,8,7,87.5
24,2,tail_1,39,10,1.5,3,5,1,5,4,80.0,8,7,87.5
24,2,tail_1,39,10,1.5,3,5,2,5,4,80.0,8,7,87.5
24,2,tail_1,39,10,1.5,3,7,0,5,4,80.0,8,7,87.5
24,2,tail_1,39,10,1.5,3,7,1,5,4,80.0,8,7,87.5
24,2,tail_1,39,10,1.5,3,7,2,5,4,80.0,8,7,87.5
24,2,tail_1,39,10,3,1.5,5,0,11,10,90.91,11,10,90.91
24,2,tail_1,39,10,3,1.5,5,1,11,10,90.91,11,10,90.91
24,2,tail_1,39,10,3,1.5,5,2,11,10,90.91,11,10,90.91
24,2,tail_1,39,10,3,1.5,7,0,11,10,90.91,11,10,90.91
24,2,tail_1,39,10,3,1.5,7,1,11,10,90.91,11,10,90.91
24,2,tail_1,39,10,3,1.5,7,2,11,10,90.91,11,10,90.91
24,2,tail_1,39,10,3,3,5,0,5,4,80.0,7,7,100.0
24,2,tail_1,39,10,3,3,5,1,5,4,80.0,7,7,100.0
24,2,tail_1,39,10,3,3,5,2,5,4,80.0,7,7,100.0
24,2,tail_1,39,10,3,3,7,0,5,4,80.0,7,7,100.0
24,2,tail_1,39,10,3,3,7,1,5,4,80.0,7,7,100.0
24,2,tail_1,39,10,3,3,7,2,5,4,80.0,7,7,100.0
24,2,tail_1,39,15,1.5,1.5,5,0,4,4,100.0,4,3,75.0
24,2,tail_1,39,15,1.5,1.5,5,1,4,4,100.0,4,3,75.0
24,2,tail_1,39,15,1.5,1.5,5,2,4,4,100.0,4,3,75.0
24,2,tail_1,39,15,1.5,1.5,7,0,4,4,100.0,4,3,75.0
24,2,tail_1,39,15,1.5,1.5,7,1,4,4,100.0,4,3,75.0
24,2,tail_1,39,15,1.5,1.5,7,2,4,4,100.0,4,3,75.0
24,2,tail_1,39,15,3,1.5,5,0,4,4,100.0,4,3,75.0
24,2,tail_1,39,15,3,1.5,5,1,4,4,100.0,4,3,75.0
24,2,tail_1,39,15,3,1.5,5,2,4,4,100.0,4,3,75.0
24,2,tail_1,39,15,3,1.5,7,0,4,4,100.0,4,3,75.0
24,2,tail_1,39,15,3,1.5,7,1,4,4,100.0,4,3,75.0
24,2,tail_1,39,15,3,1.5,7,2,4,4,100.0,4,3,75.0
24,2,tail_1,45,0,1.5,1.5,5,0,9,7,77.78,16,15,93.75
24,2,tail_1,45,0,1.5,1.5,5,1,9,7,77.78,16,15,93.75
24,2,tail_1,45,0,1.5,1.5,5,2,9,7,77.78,16,15,93.75
24,2,tail_1,45,0,1.5,1.5,7,0,9,7,77.78,16,15,93.75
24,2,tail_1,45,0,1.5,1.5,7,1,9,7,77.78,16,15,93.75
24,2,tail_1,45,0,1.5,1.5,7,2,9,7,77.78,16,15,93.75
24,2,tail_1,45,0,1.5,3,5,0,5,3,60.0,12,11,91.67
24,2,tail_1,45,0,1.5,3,5,1,5,3,60.0,12,11,91.67
24,2,tail_1,45,0,1.5,3,5,2,5,3,60.0,12,11,91.67
24,2,tail_1,45,0,1.5,3,7,0,5,3,60.0,12,11,91.67
24,2,tail_1,45,0,1.5,3,7,1,5,3,60.0,12,11,91.67
24,2,tail_1,45,0,1.5,3,7,2,5,3,60.0,12,11,91.67
24,2,tail_1,45,0,3,1.5,5,0,9,7,77.78,12,11,91.67
24,2,tail_1,45,0,3,1.5,5,1,9,7,77.78,12,11,91.67
24,2,tail_1,45,0,3,1.5,5,2,9,7,77.78,12,11,91.67
24,2,tail_1,45,0,3,1.5,7,0,9,7,77.78,12,11,91.67
24,2,tail_1,45,0,3,1.5,7,1,9,7,77.78,12,11,91.67
24,2,tail_1,45,0,3,1.5,7,2,9,7,77.78,12,11,91.67
24,2,tail_1,45,0,3,3,5,0,5,3,60.0,10,9,90.0
24,2,tail_1,45,0,3,3,5,1,5,3,60.0,10,9,90.0
24,2,tail_1,45,0,3,3,5,2,5,3,60.0,10,9,90.0
24,2,tail_1,45,0,3,3,7,0,5,3,60.0,10,9,90.0
24,2,tail_1,45,0,3,3,7,1,5,3,60.0,10,9,90.0
24,2,tail_1,45,0,3,3,7,2,5,3,60.0,10,9,90.0
24,2,tail_1,45,10,1.5,1.5,5,0,6,6,100.0,8,8,100.0
24,2,tail_1,45,10,1.5,1.5,5,1,6,6,100.0,8,8,100.0
24,2,tail_1,45,10,1.5,1.5,5,2,6,6,100.0,8,8,100.0
24,2,tail_1,45,10,1.5,1.5,7,0,6,6,100.0,8,8,100.0
24,2,tail_1,45,10,1.5,1.5,7,1,6,6,100.0,8,8,100.0
24,2,tail_1,45,10,1.5,1.5,7,2,6,6,100.0,8,8,100.0
24,2,tail_1,45,10,1.5,3,5,0,2,2,100.0,6,6,100.0
24,2,tail_1,45,10,1.5,3,5,1,2,2,100.0,6,6,100.0
24,2,tail_1,45,10,1.5,3,5,2,2,2,100.0,6,6,100.0
24,2,tail_1,45,10,1.5,3,7,0,2,2,100.0,6,6,100.0
24,2,tail_1,45,10,1.5,3,7,1,2,2,100.0,6,6,100.0
24,2,tail_1,45,10,1.5,3,7,2,2,2,100.0,6,6,100.0
24,2,tail_1,45,10,3,1.5,5,0,6,6,100.0,8,8,100.0
24,2,tail_1,45,10,3,1.5,5,1,6,6,100.0,8,8,100.0
24,2,tail_1,45,10,3,1.5,5,2,6,6,100.0,8,8,100.0
24,2,tail_1,45,10,3,1.5,7,0,6,6,100.0,8,8,100.0
24,2,tail_1,45,10,3,1.5,7,1,6,6,100.0,8,8,100.0
24,2,tail_1,45,10,3,1.5,7,2,6,6,100.0,8,8,100.0
24,2,tail_1,45,10,3,3,5,0,2,2,100.0,6,6,100.0
24,2,tail_1,45,10,3,3,5,1,2,2,100.0,6,6,100.0
24,2,tail_1,45,10,3,3,5,2,2,2,100.0,6,6,100.0
24,2,tail_1,45,10,3,3,7,0,2,2,100.0,6,6,100.0
24,2,tail_1,45,10,3,3,7,1,2,2,100.0,6,6,100.0
24,2,tail_1,45,10,3,3,7,2,2,2,100.0,6,6,100.0
24,2,tail_1,45,15,1.5,1.5,5,0,2,2,100.0,2,2,100.0
24,2,tail_1,45,15,1.5,1.5,5,1,2,2,100.0,2,2,100.0
24,2,tail_1,45,15,1.5,1.5,5,2,2,2,100.0,2,2,100.0
24,2,tail_1,45,15,1.5,1.5,7,0,2,2,100.0,2,2,100.0
24,2,tail_1,45,15,1.5,1.5,7,1,2,2,100.0,2,2,100.0
24,2,tail_1,45,15,1.5,1.5,7,2,2,2,100.0,2,2,100.0
24,2,tail_1,45,15,3,1.5,5,0,2,2,100.0,2,2,100.0
24,2,tail_1,45,15,3,1.5,5,1,2,2,100.0,2,2,100.0
24,2,tail_1,45,15,3,1.5,5,2,2,2,100.0,2,2,100.0
24,2,tail_1,45,15,3,1.5,7,0,2,2,100.0,2,2,100.0
24,2,tail_1,45,15,3,1.5,7,1,2,2,100.0,2,2,100.0
24,2,tail_1,45,15,3,1.5,7,2,2,2,100.0,2,2,100.0
24,2,tail_2_3,20,0,1.5,1.5,5,0,105,64,60.95,96,74,77.08
24,2,tail_2_3,20,0,1.5,1.5,5,1,105,64,60.95,96,74,77.08
24,2,tail_2_3,20,0,1.5,1.5,5,2,50,27,54.0,41,34,82.93
24,2,tail_2_3,20,0,1.5,1.5,7,0,105,64,60.95,96,74,77.08
24,2,tail_2_3,20,0,1.5,1.5,7,1,105,64,60.95,96,74,77.08
24,2,tail_2_3,20,0,1.5,1.5,7,2,50,27,54.0,41,34,82.93
24,2,tail_2_3,20,0,1.5,3,5,0,79,48,60.76,60,45,75.0
24,2,tail_2_3,20,0,1.5,3,5,1,79,48,60.76,60,45,75.0
24,2,tail_2_3,20,0,1.5,3,5,2,36,19,52.78,21,17,80.95
24,2,tail_2_3,20,0,1.5,3,7,0,79,48,60.76,60,45,75.0
24,2,tail_2_3,20,0,1.5,3,7,1,79,48,60.76,60,45,75.0
24,2,tail_2_3,20,0,1.5,3,7,2,36,19,52.78,21,17,80.95
24,2,tail_2_3,20,0,3,1.5,5,0,53,34,64.15,50,36,72.0
24,2,tail_2_3,20,0,3,1.5,5,1,53,34,64.15,50,36,72.0
24,2,tail_2_3,20,0,3,1.5,5,2,16,9,56.25,16,12,75.0
24,2,tail_2_3,20,0,3,1.5,7,0,53,34,64.15,50,36,72.0
24,2,tail_2_3,20,0,3,1.5,7,1,53,34,64.15,50,36,72.0
24,2,tail_2_3,20,0,3,1.5,7,2,16,9,56.25,16,12,75.0
24,2,tail_2_3,20,0,3,3,5,0,42,28,66.67,36,23,63.89
24,2,tail_2_3,20,0,3,3,5,1,42,28,66.67,36,23,63.89
24,2,tail_2_3,20,0,3,3,5,2,13,8,61.54,7,4,57.14
24,2,tail_2_3,20,0,3,3,7,0,42,28,66.67,36,23,63.89
24,2,tail_2_3,20,0,3,3,7,1,42,28,66.67,36,23,63.89
24,2,tail_2_3,20,0,3,3,7,2,13,8,61.54,7,4,57.14
24,2,tail_2_3,20,10,1.5,1.5,5,0,74,47,63.51,71,56,78.87
24,2,tail_2_3,20,10,1.5,1.5,5,1,74,47,63.51,71,56,78.87
24,2,tail_2_3,20,10,1.5,1.5,5,2,29,16,55.17,24,21,87.5
24,2,tail_2_3,20,10,1.5,1.5,7,0,74,47,63.51,71,56,78.87
24,2,tail_2_3,20,10,1.5,1.5,7,1,74,47,63.51,71,56,78.87
24,2,tail_2_3,20,10,1.5,1.5,7,2,29,16,55.17,24,21,87.5
24,2,tail_2_3,20,10,1.5,3,5,0,51,33,64.71,40,30,75.0
24,2,tail_2_3,20,10,1.5,3,5,1,51,33,64.71,40,30,75.0
24,2,tail_2_3,20,10,1.5,3,5,2,16,8,50.0,7,6,85.71
24,2,tail_2_3,20,10,1.5,3,7,0,51,33,64.71,40,30,75.0
24,2,tail_2_3,20,10,1.5,3,7,1,51,33,64.71,40,30,75.0
24,2,tail_2_3,20,10,1.5,3,7,2,16,8,50.0,7,6,85.71
24,2,tail_2_3,20,10,3,1.5,5,0,45,30,66.67,46,35,76.09
24,2,tail_2_3,20,10,3,1.5,5,1,45,30,66.67,46,35,76.09
24,2,tail_2_3,20,10,3,1.5,5,2,8,5,62.5,13,11,84.62
24,2,tail_2_3,20,10,3,1.5,7,0,45,30,66.67,46,35,76.09
24,2,tail_2_3,20,10,3,1.5,7,1,45,30,66.67,46,35,76.09
24,2,tail_2_3,20,10,3,1.5,7,2,8,5,62.5,13,11,84.62
24,2,tail_2_3,20,10,3,3,5,0,34,24,70.59,32,22,68.75
24,2,tail_2_3,20,10,3,3,5,1,34,24,70.59,32,22,68.75
24,2,tail_2_3,20,10,3,3,5,2,5,4,80.0,4,3,75.0
24,2,tail_2_3,20,10,3,3,7,0,34,24,70.59,32,22,68.75
24,2,tail_2_3,20,10,3,3,7,1,34,24,70.59,32,22,68.75
24,2,tail_2_3,20,10,3,3,7,2,5,4,80.0,4,3,75.0
24,2,tail_2_3,20,15,1.5,1.5,5,0,45,29,64.44,46,34,73.91
24,2,tail_2_3,20,15,1.5,1.5,5,1,45,29,64.44,46,34,73.91
24,2,tail_2_3,20,15,1.5,1.5,5,2,12,7,58.33,12,11,91.67
24,2,tail_2_3,20,15,1.5,1.5,7,0,45,29,64.44,46,34,73.91
24,2,tail_2_3,20,15,1.5,1.5,7,1,45,29,64.44,46,34,73.91
24,2,tail_2_3,20,15,1.5,1.5,7,2,12,7,58.33,12,11,91.67
24,2,tail_2_3,20,15,1.5,3,5,0,26,18,69.23,27,18,66.67
24,2,tail_2_3,20,15,1.5,3,5,1,26,18,69.23,27,18,66.67
24,2,tail_2_3,20,15,1.5,3,5,2,1,0,0.0,1,1,100.0
24,2,tail_2_3,20,15,1.5,3,7,0,26,18,69.23,27,18,66.67
24,2,tail_2_3,20,15,1.5,3,7,1,26,18,69.23,27,18,66.67
24,2,tail_2_3,20,15,1.5,3,7,2,1,0,0.0,1,1,100.0
24,2,tail_2_3,20,15,3,1.5,5,0,33,21,63.64,36,26,72.22
24,2,tail_2_3,20,15,3,1.5,5,1,33,21,63.64,36,26,72.22
24,2,tail_2_3,20,15,3,1.5,5,2,3,1,33.33,8,7,87.5
24,2,tail_2_3,20,15,3,1.5,7,0,33,21,63.64,36,26,72.22
24,2,tail_2_3,20,15,3,1.5,7,1,33,21,63.64,36,26,72.22
24,2,tail_2_3,20,15,3,1.5,7,2,3,1,33.33,8,7,87.5
24,2,tail_2_3,20,15,3,3,5,0,24,17,70.83,25,16,64.0
24,2,tail_2_3,20,15,3,3,5,1,24,17,70.83,25,16,64.0
24,2,tail_2_3,20,15,3,3,7,0,24,17,70.83,25,16,64.0
24,2,tail_2_3,20,15,3,3,7,1,24,17,70.83,25,16,64.0
24,2,tail_2_3,30,0,1.5,1.5,5,0,84,57,67.86,71,54,76.06
24,2,tail_2_3,30,0,1.5,1.5,5,1,84,57,67.86,71,54,76.06
24,2,tail_2_3,30,0,1.5,1.5,5,2,37,23,62.16,25,22,88.0
24,2,tail_2_3,30,0,1.5,1.5,7,0,84,57,67.86,71,54,76.06
24,2,tail_2_3,30,0,1.5,1.5,7,1,84,57,67.86,71,54,76.06
24,2,tail_2_3,30,0,1.5,1.5,7,2,37,23,62.16,25,22,88.0
24,2,tail_2_3,30,0,1.5,3,5,0,63,43,68.25,47,35,74.47
24,2,tail_2_3,30,0,1.5,3,5,1,63,43,68.25,47,35,74.47
24,2,tail_2_3,30,0,1.5,3,5,2,27,16,59.26,12,10,83.33
24,2,tail_2_3,30,0,1.5,3,7,0,63,43,68.25,47,35,74.47
24,2,tail_2_3,30,0,1.5,3,7,1,63,43,68.25,47,35,74.47
24,2,tail_2_3,30,0,1.5,3,7,2,27,16,59.26,12,10,83.33
24,2,tail_2_3,30,0,3,1.5,5,0,51,34,66.67,45,32,71.11
24,2,tail_2_3,30,0,3,1.5,5,1,51,34,66.67,45,32,71.11
24,2,tail_2_3,30,0,3,1.5,5,2,16,9,56.25,14,11,78.57
24,2,tail_2_3,30,0,3,1.5,7,0,51,34,66.67,45,32,71.11
24,2,tail_2_3,30,0,3,1.5,7,1,51,34,66.67,45,32,71.11
24,2,tail_2_3,30,0,3,1.5,7,2,16,9,56.25,14,11,78.57
24,2,tail_2_3,30,0,3,3,5,0,40,28,70.0,32,20,62.5
24,2,tail_2_3,30,0,3,3,5,1,40,28,70.0,32,20,62.5
24,2,tail_2_3,30,0,3,3,5,2,13,8,61.54,5,3,60.0
24,2,tail_2_3,30,0,3,3,7,0,40,28,70.0,32,20,62.5
24,2,tail_2_3,30,0,3,3,7,1,40,28,70.0,32,20,62.5
24,2,tail_2_3,30,0,3,3,7,2,13,8,61.54,5,3,60.0
24,2,tail_2_3,30,10,1.5,1.5,5,0,58,42,72.41,56,42,75.0
24,2,tail_2_3,30,10,1.5,1.5,5,1,58,42,72.41,56,42,75.0
24,2,tail_2_3,30,10,1.5,1.5,5,2,18,14,77.78,17,15,88.24
24,2,tail_2_3,30,10,1.5,1.5,7,0,58,42,72.41,56,42,75.0
24,2,tail_2_3,30,10,1.5,1.5,7,1,58,42,72.41,56,42,75.0
24,2,tail_2_3,30,10,1.5,1.5,7,2,18,14,77.78,17,15,88.24
24,2,tail_2_3,30,10,1.5,3,5,0,40,30,75.0,34,24,70.59
24,2,tail_2_3,30,10,1.5,3,5,1,40,30,75.0,34,24,70.59
24,2,tail_2_3,30,10,1.5,3,5,2,9,7,77.78,4,3,75.0
24,2,tail_2_3,30,10,1.5,3,7,0,40,30,75.0,34,24,70.59
24,2,tail_2_3,30,10,1.5,3,7,1,40,30,75.0,34,24,70.59
24,2,tail_2_3,30,10,1.5,3,7,2,9,7,77.78,4,3,75.0
24,2,tail_2_3,30,10,3,1.5,5,0,43,30,69.77,42,31,73.81
24,2,tail_2_3,30,10,3,1.5,5,1,43,30,69.77,42,31,73.81
24,2,tail_2_3,30,10,3,1.5,5,2,8,5,62.5,12,10,83.33
24,2,tail_2_3,30,10,3,1.5,7,0,43,30,69.77,42,31,73.81
24,2,tail_2_3,30,10,3,1.5,7,1,43,30,69.77,42,31,73.81
24,2,tail_2_3,30,10,3,1.5,7,2,8,5,62.5,12,10,83.33
24,2,tail_2_3,30,10,3,3,5,0,32,24,75.0,29,19,65.52
24,2,tail_2_3,30,10,3,3,5,1,32,24,75.0,29,19,65.52
24,2,tail_2_3,30,10,3,3,5,2,5,4,80.0,3,2,66.67
24,2,tail_2_3,30,10,3,3,7,0,32,24,75.0,29,19,65.52
24,2,tail_2_3,30,10,3,3,7,1,32,24,75.0,29,19,65.52
24,2,tail_2_3,30,10,3,3,7,2,5,4,80.0,3,2,66.67
24,2,tail_2_3,30,15,1.5,1.5,5,0,37,26,70.27,41,29,70.73
24,2,tail_2_3,30,15,1.5,1.5,5,1,37,26,70.27,41,29,70.73
24,2,tail_2_3,30,15,1.5,1.5,5,2,8,6,75.0,10,9,90.0
24,2,tail_2_3,30,15,1.5,1.5,7,0,37,26,70.27,41,29,70.73
24,2,tail_2_3,30,15,1.5,1.5,7,1,37,26,70.27,41,29,70.73
24,2,tail_2_3,30,15,1.5,1.5,7,2,8,6,75.0,10,9,90.0
24,2,tail_2_3,30,15,1.5,3,5,0,22,17,77.27,25,16,64.0
24,2,tail_2_3,30,15,1.5,3,5,1,22,17,77.27,25,16,64.0
24,2,tail_2_3,30,15,1.5,3,7,0,22,17,77.27,25,16,64.0
24,2,tail_2_3,30,15,1.5,3,7,1,22,17,77.27,25,16,64.0
24,2,tail_2_3,30,15,3,1.5,5,0,31,21,67.74,33,23,69.7
24,2,tail_2_3,30,15,3,1.5,5,1,31,21,67.74,33,23,69.7
24,2,tail_2_3,30,15,3,1.5,5,2,3,1,33.33,7,6,85.71
24,2,tail_2_3,30,15,3,1.5,7,0,31,21,67.74,33,23,69.7
24,2,tail_2_3,30,15,3,1.5,7,1,31,21,67.74,33,23,69.7
24,2,tail_2_3,30,15,3,1.5,7,2,3,1,33.33,7,6,85.71
24,2,tail_2_3,30,15,3,3,5,0,22,17,77.27,23,14,60.87
24,2,tail_2_3,30,15,3,3,5,1,22,17,77.27,23,14,60.87
24,2,tail_2_3,30,15,3,3,7,0,22,17,77.27,23,14,60.87
24,2,tail_2_3,30,15,3,3,7,1,22,17,77.27,23,14,60.87
24,2,tail_2_3,39,0,1.5,1.5,5,0,35,25,71.43,40,29,72.5
24,2,tail_2_3,39,0,1.5,1.5,5,1,35,25,71.43,40,29,72.5
24,2,tail_2_3,39,0,1.5,1.5,5,2,16,10,62.5,9,8,88.89
24,2,tail_2_3,39,0,1.5,1.5,7,0,35,25,71.43,40,29,72.5
24,2,tail_2_3,39,0,1.5,1.5,7,1,35,25,71.43,40,29,72.5
24,2,tail_2_3,39,0,1.5,1.5,7,2,16,10,62.5,9,8,88.89
24,2,tail_2_3,39,0,1.5,3,5,0,29,20,68.97,33,22,66.67
24,2,tail_2_3,39,0,1.5,3,5,1,29,20,68.97,33,22,66.67
24,2,tail_2_3,39,0,1.5,3,5,2,14,9,64.29,5,4,80.0
24,2,tail_2_3,39,0,1.5,3,7,0,29,20,68.97,33,22,66.67
24,2,tail_2_3,39,0,1.5,3,7,1,29,20,68.97,33,22,66.67
24,2,tail_2_3,39,0,1.5,3,7,2,14,9,64.29,5,4,80.0
24,2,tail_2_3,39,0,3,1.5,5,0,28,20,71.43,35,24,68.57
24,2,tail_2_3,39,0,3,1.5,5,1,28,20,71.43,35,24,68.57
24,2,tail_2_3,39,0,3,1.5,5,2,10,6,60.0,7,6,85.71
24,2,tail_2_3,39,0,3,1.5,7,0,28,20,71.43,35,24,68.57
24,2,tail_2_3,39,0,3,1.5,7,1,28,20,71.43,35,24,68.57
24,2,tail_2_3,39,0,3,1.5,7,2,10,6,60.0,7,6,85.71
24,2,tail_2_3,39,0,3,3,5,0,23,15,65.22,28,17,60.71
24,2,tail_2_3,39,0,3,3,5,1,23,15,65.22,28,17,60.71
24,2,tail_2_3,39,0,3,3,5,2,9,5,55.56,3,2,66.67
24,2,tail_2_3,39,0,3,3,7,0,23,15,65.22,28,17,60.71
24,2,tail_2_3,39,0,3,3,7,1,23,15,65.22,28,17,60.71
24,2,tail_2_3,39,0,3,3,7,2,9,5,55.56,3,2,66.67
24,2,tail_2_3,39,10,1.5,1.5,5,0,22,18,81.82,35,25,71.43
24,2,tail_2_3,39,10,1.5,1.5,5,1,22,18,81.82,35,25,71.43
24,2,tail_2_3,39,10,1.5,1.5,5,2,4,4,100.0,7,6,85.71
24,2,tail_2_3,39,10,1.5,1.5,7,0,22,18,81.82,35,25,71.43
24,2,tail_2_3,39,10,1.5,1.5,7,1,22,18,81.82,35,25,71.43
24,2,tail_2_3,39,10,1.5,1.5,7,2,4,4,100.0,7,6,85.71
24,2,tail_2_3,39,10,1.5,3,5,0,17,13,76.47,28,18,64.29
24,2,tail_2_3,39,10,1.5,3,5,1,17,13,76.47,28,18,64.29
24,2,tail_2_3,39,10,1.5,3,5,2,3,3,100.0,3,2,66.67
24,2,tail_2_3,39,10,1.5,3,7,0,17,13,76.47,28,18,64.29
24,2,tail_2_3,39,10,1.5,3,7,1,17,13,76.47,28,18,64.29
24,2,tail_2_3,39,10,1.5,3,7,2,3,3,100.0,3,2,66.67
24,2,tail_2_3,39,10,3,1.5,5,0,21,17,80.95,33,23,69.7
24,2,tail_2_3,39,10,3,1.5,5,1,21,17,80.95,33,23,69.7
24,2,tail_2_3,39,10,3,1.5,5,2,3,3,100.0,6,5,83.33
24,2,tail_2_3,39,10,3,1.5,7,0,21,17,80.95,33,23,69.7
24,2,tail_2_3,39,10,3,1.5,7,1,21,17,80.95,33,23,69.7
24,2,tail_2_3,39,10,3,1.5,7,2,3,3,100.0,6,5,83.33
24,2,tail_2_3,39,10,3,3,5,0,16,12,75.0,26,16,61.54
24,2,tail_2_3,39,10,3,3,5,1,16,12,75.0,26,16,61.54
24,2,tail_2_3,39,10,3,3,5,2,2,2,100.0,2,1,50.0
24,2,tail_2_3,39,10,3,3,7,0,16,12,75.0,26,16,61.54
24,2,tail_2_3,39,10,3,3,7,1,16,12,75.0,26,16,61.54
24,2,tail_2_3,39,10,3,3,7,2,2,2,100.0,2,1,50.0
24,2,tail_2_3,39,15,1.5,1.5,5,0,14,11,78.57,26,17,65.38
24,2,tail_2_3,39,15,1.5,1.5,5,1,14,11,78.57,26,17,65.38
24,2,tail_2_3,39,15,1.5,1.5,5,2,1,1,100.0,3,3,100.0
24,2,tail_2_3,39,15,1.5,1.5,7,0,14,11,78.57,26,17,65.38
24,2,tail_2_3,39,15,1.5,1.5,7,1,14,11,78.57,26,17,65.38
24,2,tail_2_3,39,15,1.5,1.5,7,2,1,1,100.0,3,3,100.0
24,2,tail_2_3,39,15,1.5,3,5,0,11,8,72.73,21,12,57.14
24,2,tail_2_3,39,15,1.5,3,5,1,11,8,72.73,21,12,57.14
24,2,tail_2_3,39,15,1.5,3,7,0,11,8,72.73,21,12,57.14
24,2,tail_2_3,39,15,1.5,3,7,1,11,8,72.73,21,12,57.14
24,2,tail_2_3,39,15,3,1.5,5,0,14,11,78.57,26,17,65.38
24,2,tail_2_3,39,15,3,1.5,5,1,14,11,78.57,26,17,65.38
24,2,tail_2_3,39,15,3,1.5,5,2,1,1,100.0,3,3,100.0
24,2,tail_2_3,39,15,3,1.5,7,0,14,11,78.57,26,17,65.38
24,2,tail_2_3,39,15,3,1.5,7,1,14,11,78.57,26,17,65.38
24,2,tail_2_3,39,15,3,1.5,7,2,1,1,100.0,3,3,100.0
24,2,tail_2_3,39,15,3,3,5,0,11,8,72.73,21,12,57.14
24,2,tail_2_3,39,15,3,3,5,1,11,8,72.73,21,12,57.14
24,2,tail_2_3,39,15,3,3,7,0,11,8,72.73,21,12,57.14
24,2,tail_2_3,39,15,3,3,7,1,11,8,72.73,21,12,57.14
24,2,tail_2_3,45,0,1.5,1.5,5,0,18,16,88.89,20,13,65.0
24,2,tail_2_3,45,0,1.5,1.5,5,1,18,16,88.89,20,13,65.0
24,2,tail_2_3,45,0,1.5,1.5,5,2,4,4,100.0,3,3,100.0
24,2,tail_2_3,45,0,1.5,1.5,7,0,18,16,88.89,20,13,65.0
24,2,tail_2_3,45,0,1.5,1.5,7,1,18,16,88.89,20,13,65.0
24,2,tail_2_3,45,0,1.5,1.5,7,2,4,4,100.0,3,3,100.0
24,2,tail_2_3,45,0,1.5,3,5,0,16,14,87.5,19,12,63.16
24,2,tail_2_3,45,0,1.5,3,5,1,16,14,87.5,19,12,63.16
24,2,tail_2_3,45,0,1.5,3,5,2,4,4,100.0,2,2,100.0
24,2,tail_2_3,45,0,1.5,3,7,0,16,14,87.5,19,12,63.16
24,2,tail_2_3,45,0,1.5,3,7,1,16,14,87.5,19,12,63.16
24,2,tail_2_3,45,0,1.5,3,7,2,4,4,100.0,2,2,100.0
24,2,tail_2_3,45,0,3,1.5,5,0,16,14,87.5,18,11,61.11
24,2,tail_2_3,45,0,3,1.5,5,1,16,14,87.5,18,11,61.11
24,2,tail_2_3,45,0,3,1.5,5,2,3,3,100.0,2,2,100.0
24,2,tail_2_3,45,0,3,1.5,7,0,16,14,87.5,18,11,61.11
24,2,tail_2_3,45,0,3,1.5,7,1,16,14,87.5,18,11,61.11
24,2,tail_2_3,45,0,3,1.5,7,2,3,3,100.0,2,2,100.0
24,2,tail_2_3,45,0,3,3,5,0,14,12,85.71,17,10,58.82
24,2,tail_2_3,45,0,3,3,5,1,14,12,85.71,17,10,58.82
24,2,tail_2_3,45,0,3,3,5,2,3,3,100.0,1,1,100.0
24,2,tail_2_3,45,0,3,3,7,0,14,12,85.71,17,10,58.82
24,2,tail_2_3,45,0,3,3,7,1,14,12,85.71,17,10,58.82
24,2,tail_2_3,45,0,3,3,7,2,3,3,100.0,1,1,100.0
24,2,tail_2_3,45,10,1.5,1.5,5,0,14,12,85.71,19,12,63.16
24,2,tail_2_3,45,10,1.5,1.5,5,1,14,12,85.71,19,12,63.16
24,2,tail_2_3,45,10,1.5,1.5,5,2,1,1,100.0,2,2,100.0
24,2,tail_2_3,45,10,1.5,1.5,7,0,14,12,85.71,19,12,63.16
24,2,tail_2_3,45,10,1.5,1.5,7,1,14,12,85.71,19,12,63.16
24,2,tail_2_3,45,10,1.5,1.5,7,2,1,1,100.0,2,2,100.0
24,2,tail_2_3,45,10,1.5,3,5,0,12,10,83.33,18,11,61.11
24,2,tail_2_3,45,10,1.5,3,5,1,12,10,83.33,18,11,61.11
24,2,tail_2_3,45,10,1.5,3,5,2,1,1,100.0,1,1,100.0
24,2,tail_2_3,45,10,1.5,3,7,0,12,10,83.33,18,11,61.11
24,2,tail_2_3,45,10,1.5,3,7,1,12,10,83.33,18,11,61.11
24,2,tail_2_3,45,10,1.5,3,7,2,1,1,100.0,1,1,100.0
24,2,tail_2_3,45,10,3,1.5,5,0,14,12,85.71,18,11,61.11
24,2,tail_2_3,45,10,3,1.5,5,1,14,12,85.71,18,11,61.11
24,2,tail_2_3,45,10,3,1.5,5,2,1,1,100.0,2,2,100.0
24,2,tail_2_3,45,10,3,1.5,7,0,14,12,85.71,18,11,61.11
24,2,tail_2_3,45,10,3,1.5,7,1,14,12,85.71,18,11,61.11
24,2,tail_2_3,45,10,3,1.5,7,2,1,1,100.0,2,2,100.0
24,2,tail_2_3,45,10,3,3,5,0,12,10,83.33,17,10,58.82
24,2,tail_2_3,45,10,3,3,5,1,12,10,83.33,17,10,58.82
24,2,tail_2_3,45,10,3,3,5,2,1,1,100.0,1,1,100.0
24,2,tail_2_3,45,10,3,3,7,0,12,10,83.33,17,10,58.82
24,2,tail_2_3,45,10,3,3,7,1,12,10,83.33,17,10,58.82
24,2,tail_2_3,45,10,3,3,7,2,1,1,100.0,1,1,100.0
24,2,tail_2_3,45,15,1.5,1.5,5,0,11,9,81.82,15,8,53.33
24,2,tail_2_3,45,15,1.5,1.5,5,1,11,9,81.82,15,8,53.33
24,2,tail_2_3,45,15,1.5,1.5,7,0,11,9,81.82,15,8,53.33
24,2,tail_2_3,45,15,1.5,1.5,7,1,11,9,81.82,15,8,53.33
24,2,tail_2_3,45,15,1.5,3,5,0,9,7,77.78,14,7,50.0
24,2,tail_2_3,45,15,1.5,3,5,1,9,7,77.78,14,7,50.0
24,2,tail_2_3,45,15,1.5,3,7,0,9,7,77.78,14,7,50.0
24,2,tail_2_3,45,15,1.5,3,7,1,9,7,77.78,14,7,50.0
24,2,tail_2_3,45,15,3,1.5,5,0,11,9,81.82,15,8,53.33
24,2,tail_2_3,45,15,3,1.5,5,1,11,9,81.82,15,8,53.33
24,2,tail_2_3,45,15,3,1.5,7,0,11,9,81.82,15,8,53.33
24,2,tail_2_3,45,15,3,1.5,7,1,11,9,81.82,15,8,53.33
24,2,tail_2_3,45,15,3,3,5,0,9,7,77.78,14,7,50.0
24,2,tail_2_3,45,15,3,3,5,1,9,7,77.78,14,7,50.0
24,2,tail_2_3,45,15,3,3,7,0,9,7,77.78,14,7,50.0
24,2,tail_2_3,45,15,3,3,7,1,9,7,77.78,14,7,50.0
24,2,tail_ge4,20,0,1.5,1.5,5,0,31,20,64.52,36,25,69.44
24,2,tail_ge4,20,0,1.5,1.5,7,0,31,20,64.52,36,25,69.44
24,2,tail_ge4,20,0,1.5,3,5,0,22,16,72.73,33,22,66.67
24,2,tail_ge4,20,0,1.5,3,7,0,22,16,72.73,33,22,66.67
24,2,tail_ge4,20,0,3,1.5,5,0,21,14,66.67,29,20,68.97
24,2,tail_ge4,20,0,3,1.5,7,0,21,14,66.67,29,20,68.97
24,2,tail_ge4,20,0,3,3,5,0,16,11,68.75,27,18,66.67
24,2,tail_ge4,20,0,3,3,7,0,16,11,68.75,27,18,66.67
24,2,tail_ge4,20,10,1.5,1.5,5,0,28,18,64.29,35,25,71.43
24,2,tail_ge4,20,10,1.5,1.5,7,0,28,18,64.29,35,25,71.43
24,2,tail_ge4,20,10,1.5,3,5,0,19,14,73.68,32,22,68.75
24,2,tail_ge4,20,10,1.5,3,7,0,19,14,73.68,32,22,68.75
24,2,tail_ge4,20,10,3,1.5,5,0,19,13,68.42,29,20,68.97
24,2,tail_ge4,20,10,3,1.5,7,0,19,13,68.42,29,20,68.97
24,2,tail_ge4,20,10,3,3,5,0,14,10,71.43,27,18,66.67
24,2,tail_ge4,20,10,3,3,7,0,14,10,71.43,27,18,66.67
24,2,tail_ge4,20,15,1.5,1.5,5,0,21,13,61.9,30,23,76.67
24,2,tail_ge4,20,15,1.5,1.5,7,0,21,13,61.9,30,23,76.67
24,2,tail_ge4,20,15,1.5,3,5,0,15,10,66.67,27,20,74.07
24,2,tail_ge4,20,15,1.5,3,7,0,15,10,66.67,27,20,74.07
24,2,tail_ge4,20,15,3,1.5,5,0,17,11,64.71,26,19,73.08
24,2,tail_ge4,20,15,3,1.5,7,0,17,11,64.71,26,19,73.08
24,2,tail_ge4,20,15,3,3,5,0,12,8,66.67,24,17,70.83
24,2,tail_ge4,20,15,3,3,7,0,12,8,66.67,24,17,70.83
24,2,tail_ge4,30,0,1.5,1.5,5,0,27,18,66.67,31,21,67.74
24,2,tail_ge4,30,0,1.5,1.5,7,0,27,18,66.67,31,21,67.74
24,2,tail_ge4,30,0,1.5,3,5,0,20,14,70.0,29,19,65.52
24,2,tail_ge4,30,0,1.5,3,7,0,20,14,70.0,29,19,65.52
24,2,tail_ge4,30,0,3,1.5,5,0,20,13,65.0,29,20,68.97
24,2,tail_ge4,30,0,3,1.5,7,0,20,13,65.0,29,20,68.97
24,2,tail_ge4,30,0,3,3,5,0,15,10,66.67,27,18,66.67
24,2,tail_ge4,30,0,3,3,7,0,15,10,66.67,27,18,66.67
24,2,tail_ge4,30,10,1.5,1.5,5,0,24,16,66.67,30,21,70.0
24,2,tail_ge4,30,10,1.5,1.5,7,0,24,16,66.67,30,21,70.0
24,2,tail_ge4,30,10,1.5,3,5,0,17,12,70.59,28,19,67.86
24,2,tail_ge4,30,10,1.5,3,7,0,17,12,70.59,28,19,67.86
24,2,tail_ge4,30,10,3,1.5,5,0,18,12,66.67,29,20,68.97
24,2,tail_ge4,30,10,3,1.5,7,0,18,12,66.67,29,20,68.97
24,2,tail_ge4,30,10,3,3,5,0,13,9,69.23,27,18,66.67
24,2,tail_ge4,30,10,3,3,7,0,13,9,69.23,27,18,66.67
24,2,tail_ge4,30,15,1.5,1.5,5,0,21,13,61.9,27,20,74.07
24,2,tail_ge4,30,15,1.5,1.5,7,0,21,13,61.9,27,20,74.07
24,2,tail_ge4,30,15,1.5,3,5,0,15,10,66.67,25,18,72.0
24,2,tail_ge4,30,15,1.5,3,7,0,15,10,66.67,25,18,72.0
24,2,tail_ge4,30,15,3,1.5,5,0,17,11,64.71,26,19,73.08
24,2,tail_ge4,30,15,3,1.5,7,0,17,11,64.71,26,19,73.08
24,2,tail_ge4,30,15,3,3,5,0,12,8,66.67,24,17,70.83
24,2,tail_ge4,30,15,3,3,7,0,12,8,66.67,24,17,70.83
24,2,tail_ge4,39,0,1.5,1.5,5,0,14,10,71.43,21,15,71.43
24,2,tail_ge4,39,0,1.5,1.5,7,0,14,10,71.43,21,15,71.43
24,2,tail_ge4,39,0,1.5,3,5,0,13,9,69.23,19,13,68.42
24,2,tail_ge4,39,0,1.5,3,7,0,13,9,69.23,19,13,68.42
24,2,tail_ge4,39,0,3,1.5,5,0,13,9,69.23,21,15,71.43
24,2,tail_ge4,39,0,3,1.5,7,0,13,9,69.23,21,15,71.43
24,2,tail_ge4,39,0,3,3,5,0,12,8,66.67,19,13,68.42
24,2,tail_ge4,39,0,3,3,7,0,12,8,66.67,19,13,68.42
24,2,tail_ge4,39,10,1.5,1.5,5,0,12,9,75.0,21,15,71.43
24,2,tail_ge4,39,10,1.5,1.5,7,0,12,9,75.0,21,15,71.43
24,2,tail_ge4,39,10,1.5,3,5,0,11,8,72.73,19,13,68.42
24,2,tail_ge4,39,10,1.5,3,7,0,11,8,72.73,19,13,68.42
24,2,tail_ge4,39,10,3,1.5,5,0,11,8,72.73,21,15,71.43
24,2,tail_ge4,39,10,3,1.5,7,0,11,8,72.73,21,15,71.43
24,2,tail_ge4,39,10,3,3,5,0,10,7,70.0,19,13,68.42
24,2,tail_ge4,39,10,3,3,7,0,10,7,70.0,19,13,68.42
24,2,tail_ge4,39,15,1.5,1.5,5,0,10,7,70.0,18,14,77.78
24,2,tail_ge4,39,15,1.5,1.5,7,0,10,7,70.0,18,14,77.78
24,2,tail_ge4,39,15,1.5,3,5,0,9,6,66.67,16,12,75.0
24,2,tail_ge4,39,15,1.5,3,7,0,9,6,66.67,16,12,75.0
24,2,tail_ge4,39,15,3,1.5,5,0,10,7,70.0,18,14,77.78
24,2,tail_ge4,39,15,3,1.5,7,0,10,7,70.0,18,14,77.78
24,2,tail_ge4,39,15,3,3,5,0,9,6,66.67,16,12,75.0
24,2,tail_ge4,39,15,3,3,7,0,9,6,66.67,16,12,75.0
24,2,tail_ge4,45,0,1.5,1.5,5,0,9,6,66.67,10,6,60.0
24,2,tail_ge4,45,0,1.5,1.5,7,0,9,6,66.67,10,6,60.0
24,2,tail_ge4,45,0,1.5,3,5,0,8,5,62.5,10,6,60.0
24,2,tail_ge4,45,0,1.5,3,7,0,8,5,62.5,10,6,60.0
24,2,tail_ge4,45,0,3,1.5,5,0,9,6,66.67,10,6,60.0
24,2,tail_ge4,45,0,3,1.5,7,0,9,6,66.67,10,6,60.0
24,2,tail_ge4,45,0,3,3,5,0,8,5,62.5,10,6,60.0
24,2,tail_ge4,45,0,3,3,7,0,8,5,62.5,10,6,60.0
24,2,tail_ge4,45,10,1.5,1.5,5,0,8,6,75.0,10,6,60.0
24,2,tail_ge4,45,10,1.5,1.5,7,0,8,6,75.0,10,6,60.0
24,2,tail_ge4,45,10,1.5,3,5,0,7,5,71.43,10,6,60.0
24,2,tail_ge4,45,10,1.5,3,7,0,7,5,71.43,10,6,60.0
24,2,tail_ge4,45,10,3,1.5,5,0,8,6,75.0,10,6,60.0
24,2,tail_ge4,45,10,3,1.5,7,0,8,6,75.0,10,6,60.0
24,2,tail_ge4,45,10,3,3,5,0,7,5,71.43,10,6,60.0
24,2,tail_ge4,45,10,3,3,7,0,7,5,71.43,10,6,60.0
24,2,tail_ge4,45,15,1.5,1.5,5,0,8,6,75.0,9,6,66.67
24,2,tail_ge4,45,15,1.5,1.5,7,0,8,6,75.0,9,6,66.67
24,2,tail_ge4,45,15,1.5,3,5,0,7,5,71.43,9,6,66.67
24,2,tail_ge4,45,15,1.5,3,7,0,7,5,71.43,9,6,66.67
24,2,tail_ge4,45,15,3,1.5,5,0,8,6,75.0,9,6,66.67
24,2,tail_ge4,45,15,3,1.5,7,0,8,6,75.0,9,6,66.67
24,2,tail_ge4,45,15,3,3,5,0,7,5,71.43,9,6,66.67
24,2,tail_ge4,45,15,3,3,7,0,7,5,71.43,9,6,66.67
24,3,no_tail,20,0,1.5,1.5,5,0,19,12,63.16,22,16,72.73
24,3,no_tail,20,0,1.5,1.5,5,1,19,12,63.16,22,16,72.73
24,3,no_tail,20,0,1.5,1.5,5,2,19,12,63.16,22,16,72.73
24,3,no_tail,20,0,1.5,1.5,7,0,19,12,63.16,22,16,72.73
24,3,no_tail,20,0,1.5,1.5,7,1,19,12,63.16,22,16,72.73
24,3,no_tail,20,0,1.5,1.5,7,2,19,12,63.16,22,16,72.73
24,3,no_tail,20,0,1.5,3,5,0,14,10,71.43,17,12,70.59
24,3,no_tail,20,0,1.5,3,5,1,14,10,71.43,17,12,70.59
24,3,no_tail,20,0,1.5,3,5,2,14,10,71.43,17,12,70.59
24,3,no_tail,20,0,1.5,3,7,0,14,10,71.43,17,12,70.59
24,3,no_tail,20,0,1.5,3,7,1,14,10,71.43,17,12,70.59
24,3,no_tail,20,0,1.5,3,7,2,14,10,71.43,17,12,70.59
24,3,no_tail,20,0,3,1.5,5,0,4,3,75.0,4,3,75.0
24,3,no_tail,20,0,3,1.5,5,1,4,3,75.0,4,3,75.0
24,3,no_tail,20,0,3,1.5,5,2,4,3,75.0,4,3,75.0
24,3,no_tail,20,0,3,1.5,7,0,4,3,75.0,4,3,75.0
24,3,no_tail,20,0,3,1.5,7,1,4,3,75.0,4,3,75.0
24,3,no_tail,20,0,3,1.5,7,2,4,3,75.0,4,3,75.0
24,3,no_tail,20,0,3,3,5,0,3,2,66.67,3,2,66.67
24,3,no_tail,20,0,3,3,5,1,3,2,66.67,3,2,66.67
24,3,no_tail,20,0,3,3,5,2,3,2,66.67,3,2,66.67
24,3,no_tail,20,0,3,3,7,0,3,2,66.67,3,2,66.67
24,3,no_tail,20,0,3,3,7,1,3,2,66.67,3,2,66.67
24,3,no_tail,20,0,3,3,7,2,3,2,66.67,3,2,66.67
24,3,no_tail,20,10,1.5,1.5,5,0,6,4,66.67,6,5,83.33
24,3,no_tail,20,10,1.5,1.5,5,1,6,4,66.67,6,5,83.33
24,3,no_tail,20,10,1.5,1.5,5,2,6,4,66.67,6,5,83.33
24,3,no_tail,20,10,1.5,1.5,7,0,6,4,66.67,6,5,83.33
24,3,no_tail,20,10,1.5,1.5,7,1,6,4,66.67,6,5,83.33
24,3,no_tail,20,10,1.5,1.5,7,2,6,4,66.67,6,5,83.33
24,3,no_tail,20,10,1.5,3,5,0,4,3,75.0,4,3,75.0
24,3,no_tail,20,10,1.5,3,5,1,4,3,75.0,4,3,75.0
24,3,no_tail,20,10,1.5,3,5,2,4,3,75.0,4,3,75.0
24,3,no_tail,20,10,1.5,3,7,0,4,3,75.0,4,3,75.0
24,3,no_tail,20,10,1.5,3,7,1,4,3,75.0,4,3,75.0
24,3,no_tail,20,10,1.5,3,7,2,4,3,75.0,4,3,75.0
24,3,no_tail,20,10,3,1.5,5,0,3,2,66.67,3,2,66.67
24,3,no_tail,20,10,3,1.5,5,1,3,2,66.67,3,2,66.67
24,3,no_tail,20,10,3,1.5,5,2,3,2,66.67,3,2,66.67
24,3,no_tail,20,10,3,1.5,7,0,3,2,66.67,3,2,66.67
24,3,no_tail,20,10,3,1.5,7,1,3,2,66.67,3,2,66.67
24,3,no_tail,20,10,3,1.5,7,2,3,2,66.67,3,2,66.67
24,3,no_tail,20,10,3,3,5,0,2,1,50.0,2,1,50.0
24,3,no_tail,20,10,3,3,5,1,2,1,50.0,2,1,50.0
24,3,no_tail,20,10,3,3,5,2,2,1,50.0,2,1,50.0
24,3,no_tail,20,10,3,3,7,0,2,1,50.0,2,1,50.0
24,3,no_tail,20,10,3,3,7,1,2,1,50.0,2,1,50.0
24,3,no_tail,20,10,3,3,7,2,2,1,50.0,2,1,50.0
24,3,no_tail,20,15,1.5,1.5,5,0,3,2,66.67,1,1,100.0
24,3,no_tail,20,15,1.5,1.5,5,1,3,2,66.67,1,1,100.0
24,3,no_tail,20,15,1.5,1.5,5,2,3,2,66.67,1,1,100.0
24,3,no_tail,20,15,1.5,1.5,7,0,3,2,66.67,1,1,100.0
24,3,no_tail,20,15,1.5,1.5,7,1,3,2,66.67,1,1,100.0
24,3,no_tail,20,15,1.5,1.5,7,2,3,2,66.67,1,1,100.0
24,3,no_tail,20,15,3,1.5,5,0,2,1,50.0,1,1,100.0
24,3,no_tail,20,15,3,1.5,5,1,2,1,50.0,1,1,100.0
24,3,no_tail,20,15,3,1.5,5,2,2,1,50.0,1,1,100.0
24,3,no_tail,20,15,3,1.5,7,0,2,1,50.0,1,1,100.0
24,3,no_tail,20,15,3,1.5,7,1,2,1,50.0,1,1,100.0
24,3,no_tail,20,15,3,1.5,7,2,2,1,50.0,1,1,100.0
24,3,no_tail,30,0,1.5,1.5,5,0,16,10,62.5,14,11,78.57
24,3,no_tail,30,0,1.5,1.5,5,1,16,10,62.5,14,11,78.57
24,3,no_tail,30,0,1.5,1.5,5,2,16,10,62.5,14,11,78.57
24,3,no_tail,30,0,1.5,1.5,7,0,16,10,62.5,14,11,78.57
24,3,no_tail,30,0,1.5,1.5,7,1,16,10,62.5,14,11,78.57
24,3,no_tail,30,0,1.5,1.5,7,2,16,10,62.5,14,11,78.57
24,3,no_tail,30,0,1.5,3,5,0,11,8,72.73,13,10,76.92
24,3,no_tail,30,0,1.5,3,5,1,11,8,72.73,13,10,76.92
24,3,no_tail,30,0,1.5,3,5,2,11,8,72.73,13,10,76.92
24,3,no_tail,30,0,1.5,3,7,0,11,8,72.73,13,10,76.92
24,3,no_tail,30,0,1.5,3,7,1,11,8,72.73,13,10,76.92
24,3,no_tail,30,0,1.5,3,7,2,11,8,72.73,13,10,76.92
24,3,no_tail,30,0,3,1.5,5,0,4,3,75.0,4,3,75.0
24,3,no_tail,30,0,3,1.5,5,1,4,3,75.0,4,3,75.0
24,3,no_tail,30,0,3,1.5,5,2,4,3,75.0,4,3,75.0
24,3,no_tail,30,0,3,1.5,7,0,4,3,75.0,4,3,75.0
24,3,no_tail,30,0,3,1.5,7,1,4,3,75.0,4,3,75.0
24,3,no_tail,30,0,3,1.5,7,2,4,3,75.0,4,3,75.0
24,3,no_tail,30,0,3,3,5,0,3,2,66.67,3,2,66.67
24,3,no_tail,30,0,3,3,5,1,3,2,66.67,3,2,66.67
24,3,no_tail,30,0,3,3,5,2,3,2,66.67,3,2,66.67
24,3,no_tail,30,0,3,3,7,0,3,2,66.67,3,2,66.67
24,3,no_tail,30,0,3,3,7,1,3,2,66.67,3,2,66.67
24,3,no_tail,30,0,3,3,7,2,3,2,66.67,3,2,66.67
24,3,no_tail,30,10,1.5,1.5,5,0,6,4,66.67,4,3,75.0
24,3,no_tail,30,10,1.5,1.5,5,1,6,4,66.67,4,3,75.0
24,3,no_tail,30,10,1.5,1.5,5,2,6,4,66.67,4,3,75.0
24,3,no_tail,30,10,1.5,1.5,7,0,6,4,66.67,4,3,75.0
24,3,no_tail,30,10,1.5,1.5,7,1,6,4,66.67,4,3,75.0
24,3,no_tail,30,10,1.5,1.5,7,2,6,4,66.67,4,3,75.0
24,3,no_tail,30,10,1.5,3,5,0,4,3,75.0,3,2,66.67
24,3,no_tail,30,10,1.5,3,5,1,4,3,75.0,3,2,66.67
24,3,no_tail,30,10,1.5,3,5,2,4,3,75.0,3,2,66.67
24,3,no_tail,30,10,1.5,3,7,0,4,3,75.0,3,2,66.67
24,3,no_tail,30,10,1.5,3,7,1,4,3,75.0,3,2,66.67
24,3,no_tail,30,10,1.5,3,7,2,4,3,75.0,3,2,66.67
24,3,no_tail,30,10,3,1.5,5,0,3,2,66.67,3,2,66.67
24,3,no_tail,30,10,3,1.5,5,1,3,2,66.67,3,2,66.67
24,3,no_tail,30,10,3,1.5,5,2,3,2,66.67,3,2,66.67
24,3,no_tail,30,10,3,1.5,7,0,3,2,66.67,3,2,66.67
24,3,no_tail,30,10,3,1.5,7,1,3,2,66.67,3,2,66.67
24,3,no_tail,30,10,3,1.5,7,2,3,2,66.67,3,2,66.67
24,3,no_tail,30,10,3,3,5,0,2,1,50.0,2,1,50.0
24,3,no_tail,30,10,3,3,5,1,2,1,50.0,2,1,50.0
24,3,no_tail,30,10,3,3,5,2,2,1,50.0,2,1,50.0
24,3,no_tail,30,10,3,3,7,0,2,1,50.0,2,1,50.0
24,3,no_tail,30,10,3,3,7,1,2,1,50.0,2,1,50.0
24,3,no_tail,30,10,3,3,7,2,2,1,50.0,2,1,50.0
24,3,no_tail,30,15,1.5,1.5,5,0,3,2,66.67,1,1,100.0
24,3,no_tail,30,15,1.5,1.5,5,1,3,2,66.67,1,1,100.0
24,3,no_tail,30,15,1.5,1.5,5,2,3,2,66.67,1,1,100.0
24,3,no_tail,30,15,1.5,1.5,7,0,3,2,66.67,1,1,100.0
24,3,no_tail,30,15,1.5,1.5,7,1,3,2,66.67,1,1,100.0
24,3,no_tail,30,15,1.5,1.5,7,2,3,2,66.67,1,1,100.0
24,3,no_tail,30,15,3,1.5,5,0,2,1,50.0,1,1,100.0
24,3,no_tail,30,15,3,1.5,5,1,2,1,50.0,1,1,100.0
24,3,no_tail,30,15,3,1.5,5,2,2,1,50.0,1,1,100.0
24,3,no_tail,30,15,3,1.5,7,0,2,1,50.0,1,1,100.0
24,3,no_tail,30,15,3,1.5,7,1,2,1,50.0,1,1,100.0
24,3,no_tail,30,15,3,1.5,7,2,2,1,50.0,1,1,100.0
24,3,tail_1,20,0,1.5,1.5,5,0,7,6,85.71,14,9,64.29
24,3,tail_1,20,0,1.5,1.5,5,1,7,6,85.71,14,9,64.29
24,3,tail_1,20,0,1.5,1.5,5,2,7,6,85.71,14,9,64.29
24,3,tail_1,20,0,1.5,1.5,7,0,7,6,85.71,14,9,64.29
24,3,tail_1,20,0,1.5,1.5,7,1,7,6,85.71,14,9,64.29
24,3,tail_1,20,0,1.5,1.5,7,2,7,6,85.71,14,9,64.29
24,3,tail_1,20,0,1.5,3,5,0,6,5,83.33,9,5,55.56
24,3,tail_1,20,0,1.5,3,5,1,6,5,83.33,9,5,55.56
24,3,tail_1,20,0,1.5,3,5,2,6,5,83.33,9,5,55.56
24,3,tail_1,20,0,1.5,3,7,0,6,5,83.33,9,5,55.56
24,3,tail_1,20,0,1.5,3,7,1,6,5,83.33,9,5,55.56
24,3,tail_1,20,0,1.5,3,7,2,6,5,83.33,9,5,55.56
24,3,tail_1,20,0,3,1.5,5,0,1,0,0.0,3,1,33.33
24,3,tail_1,20,0,3,1.5,5,1,1,0,0.0,3,1,33.33
24,3,tail_1,20,0,3,1.5,5,2,1,0,0.0,3,1,33.33
24,3,tail_1,20,0,3,1.5,7,0,1,0,0.0,3,1,33.33
24,3,tail_1,20,0,3,1.5,7,1,1,0,0.0,3,1,33.33
24,3,tail_1,20,0,3,1.5,7,2,1,0,0.0,3,1,33.33
24,3,tail_1,20,0,3,3,5,0,1,0,0.0,2,1,50.0
24,3,tail_1,20,0,3,3,5,1,1,0,0.0,2,1,50.0
24,3,tail_1,20,0,3,3,5,2,1,0,0.0,2,1,50.0
24,3,tail_1,20,0,3,3,7,0,1,0,0.0,2,1,50.0
24,3,tail_1,20,0,3,3,7,1,1,0,0.0,2,1,50.0
24,3,tail_1,20,0,3,3,7,2,1,0,0.0,2,1,50.0
24,3,tail_1,20,10,1.5,1.5,5,0,2,1,50.0,5,2,40.0
24,3,tail_1,20,10,1.5,1.5,5,1,2,1,50.0,5,2,40.0
24,3,tail_1,20,10,1.5,1.5,5,2,2,1,50.0,5,2,40.0
24,3,tail_1,20,10,1.5,1.5,7,0,2,1,50.0,5,2,40.0
24,3,tail_1,20,10,1.5,1.5,7,1,2,1,50.0,5,2,40.0
24,3,tail_1,20,10,1.5,1.5,7,2,2,1,50.0,5,2,40.0
24,3,tail_1,20,10,1.5,3,5,0,2,1,50.0,4,2,50.0
24,3,tail_1,20,10,1.5,3,5,1,2,1,50.0,4,2,50.0
24,3,tail_1,20,10,1.5,3,5,2,2,1,50.0,4,2,50.0
24,3,tail_1,20,10,1.5,3,7,0,2,1,50.0,4,2,50.0
24,3,tail_1,20,10,1.5,3,7,1,2,1,50.0,4,2,50.0
24,3,tail_1,20,10,1.5,3,7,2,2,1,50.0,4,2,50.0
24,3,tail_1,20,10,3,1.5,5,0,1,0,0.0,2,1,50.0
24,3,tail_1,20,10,3,1.5,5,1,1,0,0.0,2,1,50.0
24,3,tail_1,20,10,3,1.5,5,2,1,0,0.0,2,1,50.0
24,3,tail_1,20,10,3,1.5,7,0,1,0,0.0,2,1,50.0
24,3,tail_1,20,10,3,1.5,7,1,1,0,0.0,2,1,50.0
24,3,tail_1,20,10,3,1.5,7,2,1,0,0.0,2,1,50.0
24,3,tail_1,20,10,3,3,5,0,1,0,0.0,1,1,100.0
24,3,tail_1,20,10,3,3,5,1,1,0,0.0,1,1,100.0
24,3,tail_1,20,10,3,3,5,2,1,0,0.0,1,1,100.0
24,3,tail_1,20,10,3,3,7,0,1,0,0.0,1,1,100.0
24,3,tail_1,20,10,3,3,7,1,1,0,0.0,1,1,100.0
24,3,tail_1,20,10,3,3,7,2,1,0,0.0,1,1,100.0
24,3,tail_1,30,0,1.5,1.5,5,0,6,5,83.33,12,7,58.33
24,3,tail_1,30,0,1.5,1.5,5,1,6,5,83.33,12,7,58.33
24,3,tail_1,30,0,1.5,1.5,5,2,6,5,83.33,12,7,58.33
24,3,tail_1,30,0,1.5,1.5,7,0,6,5,83.33,12,7,58.33
24,3,tail_1,30,0,1.5,1.5,7,1,6,5,83.33,12,7,58.33
24,3,tail_1,30,0,1.5,1.5,7,2,6,5,83.33,12,7,58.33
24,3,tail_1,30,0,1.5,3,5,0,6,5,83.33,7,3,42.86
24,3,tail_1,30,0,1.5,3,5,1,6,5,83.33,7,3,42.86
24,3,tail_1,30,0,1.5,3,5,2,6,5,83.33,7,3,42.86
24,3,tail_1,30,0,1.5,3,7,0,6,5,83.33,7,3,42.86
24,3,tail_1,30,0,1.5,3,7,1,6,5,83.33,7,3,42.86
24,3,tail_1,30,0,1.5,3,7,2,6,5,83.33,7,3,42.86
24,3,tail_1,30,0,3,1.5,5,0,1,0,0.0,3,1,33.33
24,3,tail_1,30,0,3,1.5,5,1,1,0,0.0,3,1,33.33
24,3,tail_1,30,0,3,1.5,5,2,1,0,0.0,3,1,33.33
24,3,tail_1,30,0,3,1.5,7,0,1,0,0.0,3,1,33.33
24,3,tail_1,30,0,3,1.5,7,1,1,0,0.0,3,1,33.33
24,3,tail_1,30,0,3,1.5,7,2,1,0,0.0,3,1,33.33
24,3,tail_1,30,0,3,3,5,0,1,0,0.0,2,1,50.0
24,3,tail_1,30,0,3,3,5,1,1,0,0.0,2,1,50.0
24,3,tail_1,30,0,3,3,5,2,1,0,0.0,2,1,50.0
24,3,tail_1,30,0,3,3,7,0,1,0,0.0,2,1,50.0
24,3,tail_1,30,0,3,3,7,1,1,0,0.0,2,1,50.0
24,3,tail_1,30,0,3,3,7,2,1,0,0.0,2,1,50.0
24,3,tail_1,30,10,1.5,1.5,5,0,2,1,50.0,4,1,25.0
24,3,tail_1,30,10,1.5,1.5,5,1,2,1,50.0,4,1,25.0
24,3,tail_1,30,10,1.5,1.5,5,2,2,1,50.0,4,1,25.0
24,3,tail_1,30,10,1.5,1.5,7,0,2,1,50.0,4,1,25.0
24,3,tail_1,30,10,1.5,1.5,7,1,2,1,50.0,4,1,25.0
24,3,tail_1,30,10,1.5,1.5,7,2,2,1,50.0,4,1,25.0
24,3,tail_1,30,10,1.5,3,5,0,2,1,50.0,3,1,33.33
24,3,tail_1,30,10,1.5,3,5,1,2,1,50.0,3,1,33.33
24,3,tail_1,30,10,1.5,3,5,2,2,1,50.0,3,1,33.33
24,3,tail_1,30,10,1.5,3,7,0,2,1,50.0,3,1,33.33
24,3,tail_1,30,10,1.5,3,7,1,2,1,50.0,3,1,33.33
24,3,tail_1,30,10,1.5,3,7,2,2,1,50.0,3,1,33.33
24,3,tail_1,30,10,3,1.5,5,0,1,0,0.0,2,1,50.0
24,3,tail_1,30,10,3,1.5,5,1,1,0,0.0,2,1,50.0
24,3,tail_1,30,10,3,1.5,5,2,1,0,0.0,2,1,50.0
24,3,tail_1,30,10,3,1.5,7,0,1,0,0.0,2,1,50.0
24,3,tail_1,30,10,3,1.5,7,1,1,0,0.0,2,1,50.0
24,3,tail_1,30,10,3,1.5,7,2,1,0,0.0,2,1,50.0
24,3,tail_1,30,10,3,3,5,0,1,0,0.0,1,1,100.0
24,3,tail_1,30,10,3,3,5,1,1,0,0.0,1,1,100.0
24,3,tail_1,30,10,3,3,5,2,1,0,0.0,1,1,100.0
24,3,tail_1,30,10,3,3,7,0,1,0,0.0,1,1,100.0
24,3,tail_1,30,10,3,3,7,1,1,0,0.0,1,1,100.0
24,3,tail_1,30,10,3,3,7,2,1,0,0.0,1,1,100.0
24,3,tail_2_3,20,0,1.5,1.5,5,0,7,5,71.43,15,14,93.33
24,3,tail_2_3,20,0,1.5,1.5,5,1,7,5,71.43,15,14,93.33
24,3,tail_2_3,20,0,1.5,1.5,5,2,3,1,33.33,12,11,91.67
24,3,tail_2_3,20,0,1.5,1.5,7,0,7,5,71.43,15,14,93.33
24,3,tail_2_3,20,0,1.5,1.5,7,1,7,5,71.43,15,14,93.33
24,3,tail_2_3,20,0,1.5,1.5,7,2,3,1,33.33,12,11,91.67
24,3,tail_2_3,20,0,1.5,3,5,0,7,5,71.43,9,9,100.0
24,3,tail_2_3,20,0,1.5,3,5,1,7,5,71.43,9,9,100.0
24,3,tail_2_3,20,0,1.5,3,5,2,3,1,33.33,8,8,100.0
24,3,tail_2_3,20,0,1.5,3,7,0,7,5,71.43,9,9,100.0
24,3,tail_2_3,20,0,1.5,3,7,1,7,5,71.43,9,9,100.0
24,3,tail_2_3,20,0,1.5,3,7,2,3,1,33.33,8,8,100.0
24,3,tail_2_3,20,0,3,1.5,5,0,2,1,50.0,4,4,100.0
24,3,tail_2_3,20,0,3,1.5,5,1,2,1,50.0,4,4,100.0
24,3,tail_2_3,20,0,3,1.5,5,2,1,0,0.0,3,3,100.0
24,3,tail_2_3,20,0,3,1.5,7,0,2,1,50.0,4,4,100.0
24,3,tail_2_3,20,0,3,1.5,7,1,2,1,50.0,4,4,100.0
24,3,tail_2_3,20,0,3,1.5,7,2,1,0,0.0,3,3,100.0
24,3,tail_2_3,20,0,3,3,5,0,2,1,50.0,4,4,100.0
24,3,tail_2_3,20,0,3,3,5,1,2,1,50.0,4,4,100.0
24,3,tail_2_3,20,0,3,3,5,2,1,0,0.0,3,3,100.0
24,3,tail_2_3,20,0,3,3,7,0,2,1,50.0,4,4,100.0
24,3,tail_2_3,20,0,3,3,7,1,2,1,50.0,4,4,100.0
24,3,tail_2_3,20,0,3,3,7,2,1,0,0.0,3,3,100.0
24,3,tail_2_3,20,10,1.5,1.5,5,0,2,1,50.0,5,5,100.0
24,3,tail_2_3,20,10,1.5,1.5,5,1,2,1,50.0,5,5,100.0
24,3,tail_2_3,20,10,1.5,1.5,5,2,1,0,0.0,4,4,100.0
24,3,tail_2_3,20,10,1.5,1.5,7,0,2,1,50.0,5,5,100.0
24,3,tail_2_3,20,10,1.5,1.5,7,1,2,1,50.0,5,5,100.0
24,3,tail_2_3,20,10,1.5,1.5,7,2,1,0,0.0,4,4,100.0
24,3,tail_2_3,20,10,1.5,3,5,0,2,1,50.0,4,4,100.0
24,3,tail_2_3,20,10,1.5,3,5,1,2,1,50.0,4,4,100.0
24,3,tail_2_3,20,10,1.5,3,5,2,1,0,0.0,3,3,100.0
24,3,tail_2_3,20,10,1.5,3,7,0,2,1,50.0,4,4,100.0
24,3,tail_2_3,20,10,1.5,3,7,1,2,1,50.0,4,4,100.0
24,3,tail_2_3,20,10,1.5,3,7,2,1,0,0.0,3,3,100.0
24,3,tail_2_3,20,10,3,1.5,5,0,2,1,50.0,4,4,100.0
24,3,tail_2_3,20,10,3,1.5,5,1,2,1,50.0,4,4,100.0
24,3,tail_2_3,20,10,3,1.5,5,2,1,0,0.0,3,3,100.0
24,3,tail_2_3,20,10,3,1.5,7,0,2,1,50.0,4,4,100.0
24,3,tail_2_3,20,10,3,1.5,7,1,2,1,50.0,4,4,100.0
24,3,tail_2_3,20,10,3,1.5,7,2,1,0,0.0,3,3,100.0
24,3,tail_2_3,20,10,3,3,5,0,2,1,50.0,4,4,100.0
24,3,tail_2_3,20,10,3,3,5,1,2,1,50.0,4,4,100.0
24,3,tail_2_3,20,10,3,3,5,2,1,0,0.0,3,3,100.0
24,3,tail_2_3,20,10,3,3,7,0,2,1,50.0,4,4,100.0
24,3,tail_2_3,20,10,3,3,7,1,2,1,50.0,4,4,100.0
24,3,tail_2_3,20,10,3,3,7,2,1,0,0.0,3,3,100.0
24,3,tail_2_3,30,0,1.5,1.5,5,0,6,5,83.33,14,13,92.86
24,3,tail_2_3,30,0,1.5,1.5,5,1,6,5,83.33,14,13,92.86
24,3,tail_2_3,30,0,1.5,1.5,5,2,2,1,50.0,11,10,90.91
24,3,tail_2_3,30,0,1.5,1.5,7,0,6,5,83.33,14,13,92.86
24,3,tail_2_3,30,0,1.5,1.5,7,1,6,5,83.33,14,13,92.86
24,3,tail_2_3,30,0,1.5,1.5,7,2,2,1,50.0,11,10,90.91
24,3,tail_2_3,30,0,1.5,3,5,0,6,5,83.33,8,8,100.0
24,3,tail_2_3,30,0,1.5,3,5,1,6,5,83.33,8,8,100.0
24,3,tail_2_3,30,0,1.5,3,5,2,2,1,50.0,7,7,100.0
24,3,tail_2_3,30,0,1.5,3,7,0,6,5,83.33,8,8,100.0
24,3,tail_2_3,30,0,1.5,3,7,1,6,5,83.33,8,8,100.0
24,3,tail_2_3,30,0,1.5,3,7,2,2,1,50.0,7,7,100.0
24,3,tail_2_3,30,0,3,1.5,5,0,2,1,50.0,4,4,100.0
24,3,tail_2_3,30,0,3,1.5,5,1,2,1,50.0,4,4,100.0
24,3,tail_2_3,30,0,3,1.5,5,2,1,0,0.0,3,3,100.0
24,3,tail_2_3,30,0,3,1.5,7,0,2,1,50.0,4,4,100.0
24,3,tail_2_3,30,0,3,1.5,7,1,2,1,50.0,4,4,100.0
24,3,tail_2_3,30,0,3,1.5,7,2,1,0,0.0,3,3,100.0
24,3,tail_2_3,30,0,3,3,5,0,2,1,50.0,4,4,100.0
24,3,tail_2_3,30,0,3,3,5,1,2,1,50.0,4,4,100.0
24,3,tail_2_3,30,0,3,3,5,2,1,0,0.0,3,3,100.0
24,3,tail_2_3,30,0,3,3,7,0,2,1,50.0,4,4,100.0
24,3,tail_2_3,30,0,3,3,7,1,2,1,50.0,4,4,100.0
24,3,tail_2_3,30,0,3,3,7,2,1,0,0.0,3,3,100.0
24,3,tail_2_3,30,10,1.5,1.5,5,0,2,1,50.0,5,5,100.0
24,3,tail_2_3,30,10,1.5,1.5,5,1,2,1,50.0,5,5,100.0
24,3,tail_2_3,30,10,1.5,1.5,5,2,1,0,0.0,4,4,100.0
24,3,tail_2_3,30,10,1.5,1.5,7,0,2,1,50.0,5,5,100.0
24,3,tail_2_3,30,10,1.5,1.5,7,1,2,1,50.0,5,5,100.0
24,3,tail_2_3,30,10,1.5,1.5,7,2,1,0,0.0,4,4,100.0
24,3,tail_2_3,30,10,1.5,3,5,0,2,1,50.0,4,4,100.0
24,3,tail_2_3,30,10,1.5,3,5,1,2,1,50.0,4,4,100.0
24,3,tail_2_3,30,10,1.5,3,5,2,1,0,0.0,3,3,100.0
24,3,tail_2_3,30,10,1.5,3,7,0,2,1,50.0,4,4,100.0
24,3,tail_2_3,30,10,1.5,3,7,1,2,1,50.0,4,4,100.0
24,3,tail_2_3,30,10,1.5,3,7,2,1,0,0.0,3,3,100.0
24,3,tail_2_3,30,10,3,1.5,5,0,2,1,50.0,4,4,100.0
24,3,tail_2_3,30,10,3,1.5,5,1,2,1,50.0,4,4,100.0
24,3,tail_2_3,30,10,3,1.5,5,2,1,0,0.0,3,3,100.0
24,3,tail_2_3,30,10,3,1.5,7,0,2,1,50.0,4,4,100.0
24,3,tail_2_3,30,10,3,1.5,7,1,2,1,50.0,4,4,100.0
24,3,tail_2_3,30,10,3,1.5,7,2,1,0,0.0,3,3,100.0
24,3,tail_2_3,30,10,3,3,5,0,2,1,50.0,4,4,100.0
24,3,tail_2_3,30,10,3,3,5,1,2,1,50.0,4,4,100.0
24,3,tail_2_3,30,10,3,3,5,2,1,0,0.0,3,3,100.0
24,3,tail_2_3,30,10,3,3,7,0,2,1,50.0,4,4,100.0
24,3,tail_2_3,30,10,3,3,7,1,2,1,50.0,4,4,100.0
24,3,tail_2_3,30,10,3,3,7,2,1,0,0.0,3,3,100.0
24,3,tail_ge4,20,0,1.5,1.5,5,0,6,4,66.67,14,9,64.29
24,3,tail_ge4,20,0,1.5,1.5,7,0,6,4,66.67,14,9,64.29
24,3,tail_ge4,20,0,1.5,3,5,0,6,4,66.67,11,7,63.64
24,3,tail_ge4,20,0,1.5,3,7,0,6,4,66.67,11,7,63.64
24,3,tail_ge4,20,0,3,1.5,5,0,5,4,80.0,12,7,58.33
24,3,tail_ge4,20,0,3,1.5,7,0,5,4,80.0,12,7,58.33
24,3,tail_ge4,20,0,3,3,5,0,5,4,80.0,10,6,60.0
24,3,tail_ge4,20,0,3,3,7,0,5,4,80.0,10,6,60.0
24,3,tail_ge4,20,10,1.5,1.5,5,0,6,4,66.67,9,6,66.67
24,3,tail_ge4,20,10,1.5,1.5,7,0,6,4,66.67,9,6,66.67
24,3,tail_ge4,20,10,1.5,3,5,0,6,4,66.67,7,5,71.43
24,3,tail_ge4,20,10,1.5,3,7,0,6,4,66.67,7,5,71.43
24,3,tail_ge4,20,10,3,1.5,5,0,5,4,80.0,9,6,66.67
24,3,tail_ge4,20,10,3,1.5,7,0,5,4,80.0,9,6,66.67
24,3,tail_ge4,20,10,3,3,5,0,5,4,80.0,7,5,71.43
24,3,tail_ge4,20,10,3,3,7,0,5,4,80.0,7,5,71.43
24,3,tail_ge4,20,15,1.5,1.5,5,0,4,3,75.0,6,4,66.67
24,3,tail_ge4,20,15,1.5,1.5,7,0,4,3,75.0,6,4,66.67
24,3,tail_ge4,20,15,1.5,3,5,0,4,3,75.0,5,4,80.0
24,3,tail_ge4,20,15,1.5,3,7,0,4,3,75.0,5,4,80.0
24,3,tail_ge4,20,15,3,1.5,5,0,4,3,75.0,6,4,66.67
24,3,tail_ge4,20,15,3,1.5,7,0,4,3,75.0,6,4,66.67
24,3,tail_ge4,20,15,3,3,5,0,4,3,75.0,5,4,80.0
24,3,tail_ge4,20,15,3,3,7,0,4,3,75.0,5,4,80.0
24,3,tail_ge4,30,0,1.5,1.5,5,0,6,4,66.67,14,9,64.29
24,3,tail_ge4,30,0,1.5,1.5,7,0,6,4,66.67,14,9,64.29
24,3,tail_ge4,30,0,1.5,3,5,0,6,4,66.67,11,7,63.64
24,3,tail_ge4,30,0,1.5,3,7,0,6,4,66.67,11,7,63.64
24,3,tail_ge4,30,0,3,1.5,5,0,5,4,80.0,12,7,58.33
24,3,tail_ge4,30,0,3,1.5,7,0,5,4,80.0,12,7,58.33
24,3,tail_ge4,30,0,3,3,5,0,5,4,80.0,10,6,60.0
24,3,tail_ge4,30,0,3,3,7,0,5,4,80.0,10,6,60.0
24,3,tail_ge4,30,10,1.5,1.5,5,0,6,4,66.67,9,6,66.67
24,3,tail_ge4,30,10,1.5,1.5,7,0,6,4,66.67,9,6,66.67
24,3,tail_ge4,30,10,1.5,3,5,0,6,4,66.67,7,5,71.43
24,3,tail_ge4,30,10,1.5,3,7,0,6,4,66.67,7,5,71.43
24,3,tail_ge4,30,10,3,1.5,5,0,5,4,80.0,9,6,66.67
24,3,tail_ge4,30,10,3,1.5,7,0,5,4,80.0,9,6,66.67
24,3,tail_ge4,30,10,3,3,5,0,5,4,80.0,7,5,71.43
24,3,tail_ge4,30,10,3,3,7,0,5,4,80.0,7,5,71.43
24,3,tail_ge4,30,15,1.5,1.5,5,0,4,3,75.0,6,4,66.67
24,3,tail_ge4,30,15,1.5,1.5,7,0,4,3,75.0,6,4,66.67
24,3,tail_ge4,30,15,1.5,3,5,0,4,3,75.0,5,4,80.0
24,3,tail_ge4,30,15,1.5,3,7,0,4,3,75.0,5,4,80.0
24,3,tail_ge4,30,15,3,1.5,5,0,4,3,75.0,6,4,66.67
24,3,tail_ge4,30,15,3,1.5,7,0,4,3,75.0,6,4,66.67
24,3,tail_ge4,30,15,3,3,5,0,4,3,75.0,5,4,80.0
24,3,tail_ge4,30,15,3,3,7,0,4,3,75.0,5,4,80.0
24,3,tail_ge4,39,0,1.5,1.5,5,0,6,4,66.67,11,8,72.73
24,3,tail_ge4,39,0,1.5,1.5,7,0,6,4,66.67,11,8,72.73
24,3,tail_ge4,39,0,1.5,3,5,0,6,4,66.67,8,6,75.0
24,3,tail_ge4,39,0,1.5,3,7,0,6,4,66.67,8,6,75.0
24,3,tail_ge4,39,0,3,1.5,5,0,5,4,80.0,10,7,70.0
24,3,tail_ge4,39,0,3,1.5,7,0,5,4,80.0,10,7,70.0
24,3,tail_ge4,39,0,3,3,5,0,5,4,80.0,8,6,75.0
24,3,tail_ge4,39,0,3,3,7,0,5,4,80.0,8,6,75.0
24,3,tail_ge4,39,10,1.5,1.5,5,0,6,4,66.67,8,6,75.0
24,3,tail_ge4,39,10,1.5,1.5,7,0,6,4,66.67,8,6,75.0
24,3,tail_ge4,39,10,1.5,3,5,0,6,4,66.67,6,5,83.33
24,3,tail_ge4,39,10,1.5,3,7,0,6,4,66.67,6,5,83.33
24,3,tail_ge4,39,10,3,1.5,5,0,5,4,80.0,8,6,75.0
24,3,tail_ge4,39,10,3,1.5,7,0,5,4,80.0,8,6,75.0
24,3,tail_ge4,39,10,3,3,5,0,5,4,80.0,6,5,83.33
24,3,tail_ge4,39,10,3,3,7,0,5,4,80.0,6,5,83.33
24,3,tail_ge4,39,15,1.5,1.5,5,0,4,3,75.0,6,4,66.67
24,3,tail_ge4,39,15,1.5,1.5,7,0,4,3,75.0,6,4,66.67
24,3,tail_ge4,39,15,1.5,3,5,0,4,3,75.0,5,4,80.0
24,3,tail_ge4,39,15,1.5,3,7,0,4,3,75.0,5,4,80.0
24,3,tail_ge4,39,15,3,1.5,5,0,4,3,75.0,6,4,66.67
24,3,tail_ge4,39,15,3,1.5,7,0,4,3,75.0,6,4,66.67
24,3,tail_ge4,39,15,3,3,5,0,4,3,75.0,5,4,80.0
24,3,tail_ge4,39,15,3,3,7,0,4,3,75.0,5,4,80.0
24,3,tail_ge4,45,0,1.5,1.5,5,0,5,4,80.0,9,6,66.67
24,3,tail_ge4,45,0,1.5,1.5,7,0,5,4,80.0,9,6,66.67
24,3,tail_ge4,45,0,1.5,3,5,0,5,4,80.0,7,5,71.43
24,3,tail_ge4,45,0,1.5,3,7,0,5,4,80.0,7,5,71.43
24,3,tail_ge4,45,0,3,1.5,5,0,5,4,80.0,9,6,66.67
24,3,tail_ge4,45,0,3,1.5,7,0,5,4,80.0,9,6,66.67
24,3,tail_ge4,45,0,3,3,5,0,5,4,80.0,7,5,71.43
24,3,tail_ge4,45,0,3,3,7,0,5,4,80.0,7,5,71.43
24,3,tail_ge4,45,10,1.5,1.5,5,0,5,4,80.0,8,6,75.0
24,3,tail_ge4,45,10,1.5,1.5,7,0,5,4,80.0,8,6,75.0
24,3,tail_ge4,45,10,1.5,3,5,0,5,4,80.0,6,5,83.33
24,3,tail_ge4,45,10,1.5,3,7,0,5,4,80.0,6,5,83.33
24,3,tail_ge4,45,10,3,1.5,5,0,5,4,80.0,8,6,75.0
24,3,tail_ge4,45,10,3,1.5,7,0,5,4,80.0,8,6,75.0
24,3,tail_ge4,45,10,3,3,5,0,5,4,80.0,6,5,83.33
24,3,tail_ge4,45,10,3,3,7,0,5,4,80.0,6,5,83.33
24,3,tail_ge4,45,15,1.5,1.5,5,0,4,3,75.0,6,4,66.67
24,3,tail_ge4,45,15,1.5,1.5,7,0,4,3,75.0,6,4,66.67
24,3,tail_ge4,45,15,1.5,3,5,0,4,3,75.0,5,4,80.0
24,3,tail_ge4,45,15,1.5,3,7,0,4,3,75.0,5,4,80.0
24,3,tail_ge4,45,15,3,1.5,5,0,4,3,75.0,6,4,66.67
24,3,tail_ge4,45,15,3,1.5,7,0,4,3,75.0,6,4,66.67
24,3,tail_ge4,45,15,3,3,5,0,4,3,75.0,5,4,80.0
24,3,tail_ge4,45,15,3,3,7,0,4,3,75.0,5,4,80.0
24,4,no_tail,20,0,1.5,1.5,5,0,16,13,81.25,18,16,88.89
24,4,no_tail,20,0,1.5,1.5,5,1,16,13,81.25,18,16,88.89
24,4,no_tail,20,0,1.5,1.5,5,2,16,13,81.25,18,16,88.89
24,4,no_tail,20,0,1.5,1.5,7,0,16,13,81.25,18,16,88.89
24,4,no_tail,20,0,1.5,1.5,7,1,16,13,81.25,18,16,88.89
24,4,no_tail,20,0,1.5,1.5,7,2,16,13,81.25,18,16,88.89
24,4,no_tail,20,0,1.5,3,5,0,13,11,84.62,16,14,87.5
24,4,no_tail,20,0,1.5,3,5,1,13,11,84.62,16,14,87.5
24,4,no_tail,20,0,1.5,3,5,2,13,11,84.62,16,14,87.5
24,4,no_tail,20,0,1.5,3,7,0,13,11,84.62,16,14,87.5
24,4,no_tail,20,0,1.5,3,7,1,13,11,84.62,16,14,87.5
24,4,no_tail,20,0,1.5,3,7,2,13,11,84.62,16,14,87.5
24,4,no_tail,20,0,3,1.5,5,0,12,10,83.33,17,15,88.24
24,4,no_tail,20,0,3,1.5,5,1,12,10,83.33,17,15,88.24
24,4,no_tail,20,0,3,1.5,5,2,12,10,83.33,17,15,88.24
24,4,no_tail,20,0,3,1.5,7,0,12,10,83.33,17,15,88.24
24,4,no_tail,20,0,3,1.5,7,1,12,10,83.33,17,15,88.24
24,4,no_tail,20,0,3,1.5,7,2,12,10,83.33,17,15,88.24
24,4,no_tail,20,0,3,3,5,0,11,9,81.82,16,14,87.5
24,4,no_tail,20,0,3,3,5,1,11,9,81.82,16,14,87.5
24,4,no_tail,20,0,3,3,5,2,11,9,81.82,16,14,87.5
24,4,no_tail,20,0,3,3,7,0,11,9,81.82,16,14,87.5
24,4,no_tail,20,0,3,3,7,1,11,9,81.82,16,14,87.5
24,4,no_tail,20,0,3,3,7,2,11,9,81.82,16,14,87.5
24,4,no_tail,20,10,1.5,1.5,5,0,8,6,75.0,9,8,88.89
24,4,no_tail,20,10,1.5,1.5,5,1,8,6,75.0,9,8,88.89
24,4,no_tail,20,10,1.5,1.5,5,2,8,6,75.0,9,8,88.89
24,4,no_tail,20,10,1.5,1.5,7,0,8,6,75.0,9,8,88.89
24,4,no_tail,20,10,1.5,1.5,7,1,8,6,75.0,9,8,88.89
24,4,no_tail,20,10,1.5,1.5,7,2,8,6,75.0,9,8,88.89
24,4,no_tail,20,10,1.5,3,5,0,7,5,71.43,9,8,88.89
24,4,no_tail,20,10,1.5,3,5,1,7,5,71.43,9,8,88.89
24,4,no_tail,20,10,1.5,3,5,2,7,5,71.43,9,8,88.89
24,4,no_tail,20,10,1.5,3,7,0,7,5,71.43,9,8,88.89
24,4,no_tail,20,10,1.5,3,7,1,7,5,71.43,9,8,88.89
24,4,no_tail,20,10,1.5,3,7,2,7,5,71.43,9,8,88.89
24,4,no_tail,20,10,3,1.5,5,0,8,6,75.0,9,8,88.89
24,4,no_tail,20,10,3,1.5,5,1,8,6,75.0,9,8,88.89
24,4,no_tail,20,10,3,1.5,5,2,8,6,75.0,9,8,88.89
24,4,no_tail,20,10,3,1.5,7,0,8,6,75.0,9,8,88.89
24,4,no_tail,20,10,3,1.5,7,1,8,6,75.0,9,8,88.89
24,4,no_tail,20,10,3,1.5,7,2,8,6,75.0,9,8,88.89
24,4,no_tail,20,10,3,3,5,0,7,5,71.43,9,8,88.89
24,4,no_tail,20,10,3,3,5,1,7,5,71.43,9,8,88.89
24,4,no_tail,20,10,3,3,5,2,7,5,71.43,9,8,88.89
24,4,no_tail,20,10,3,3,7,0,7,5,71.43,9,8,88.89
24,4,no_tail,20,10,3,3,7,1,7,5,71.43,9,8,88.89
24,4,no_tail,20,10,3,3,7,2,7,5,71.43,9,8,88.89
24,4,no_tail,20,15,1.5,1.5,5,0,4,3,75.0,3,3,100.0
24,4,no_tail,20,15,1.5,1.5,5,1,4,3,75.0,3,3,100.0
24,4,no_tail,20,15,1.5,1.5,5,2,4,3,75.0,3,3,100.0
24,4,no_tail,20,15,1.5,1.5,7,0,4,3,75.0,3,3,100.0
24,4,no_tail,20,15,1.5,1.5,7,1,4,3,75.0,3,3,100.0
24,4,no_tail,20,15,1.5,1.5,7,2,4,3,75.0,3,3,100.0
24,4,no_tail,20,15,1.5,3,5,0,3,2,66.67,3,3,100.0
24,4,no_tail,20,15,1.5,3,5,1,3,2,66.67,3,3,100.0
24,4,no_tail,20,15,1.5,3,5,2,3,2,66.67,3,3,100.0
24,4,no_tail,20,15,1.5,3,7,0,3,2,66.67,3,3,100.0
24,4,no_tail,20,15,1.5,3,7,1,3,2,66.67,3,3,100.0
24,4,no_tail,20,15,1.5,3,7,2,3,2,66.67,3,3,100.0
24,4,no_tail,20,15,3,1.5,5,0,4,3,75.0,3,3,100.0
24,4,no_tail,20,15,3,1.5,5,1,4,3,75.0,3,3,100.0
24,4,no_tail,20,15,3,1.5,5,2,4,3,75.0,3,3,100.0
24,4,no_tail,20,15,3,1.5,7,0,4,3,75.0,3,3,100.0
24,4,no_tail,20,15,3,1.5,7,1,4,3,75.0,3,3,100.0
24,4,no_tail,20,15,3,1.5,7,2,4,3,75.0,3,3,100.0
24,4,no_tail,20,15,3,3,5,0,3,2,66.67,3,3,100.0
24,4,no_tail,20,15,3,3,5,1,3,2,66.67,3,3,100.0
24,4,no_tail,20,15,3,3,5,2,3,2,66.67,3,3,100.0
24,4,no_tail,20,15,3,3,7,0,3,2,66.67,3,3,100.0
24,4,no_tail,20,15,3,3,7,1,3,2,66.67,3,3,100.0
24,4,no_tail,20,15,3,3,7,2,3,2,66.67,3,3,100.0
24,4,no_tail,30,0,1.5,1.5,5,0,16,13,81.25,18,16,88.89
24,4,no_tail,30,0,1.5,1.5,5,1,16,13,81.25,18,16,88.89
24,4,no_tail,30,0,1.5,1.5,5,2,16,13,81.25,18,16,88.89
24,4,no_tail,30,0,1.5,1.5,7,0,16,13,81.25,18,16,88.89
24,4,no_tail,30,0,1.5,1.5,7,1,16,13,81.25,18,16,88.89
24,4,no_tail,30,0,1.5,1.5,7,2,16,13,81.25,18,16,88.89
24,4,no_tail,30,0,1.5,3,5,0,13,11,84.62,16,14,87.5
24,4,no_tail,30,0,1.5,3,5,1,13,11,84.62,16,14,87.5
24,4,no_tail,30,0,1.5,3,5,2,13,11,84.62,16,14,87.5
24,4,no_tail,30,0,1.5,3,7,0,13,11,84.62,16,14,87.5
24,4,no_tail,30,0,1.5,3,7,1,13,11,84.62,16,14,87.5
24,4,no_tail,30,0,1.5,3,7,2,13,11,84.62,16,14,87.5
24,4,no_tail,30,0,3,1.5,5,0,12,10,83.33,17,15,88.24
24,4,no_tail,30,0,3,1.5,5,1,12,10,83.33,17,15,88.24
24,4,no_tail,30,0,3,1.5,5,2,12,10,83.33,17,15,88.24
24,4,no_tail,30,0,3,1.5,7,0,12,10,83.33,17,15,88.24
24,4,no_tail,30,0,3,1.5,7,1,12,10,83.33,17,15,88.24
24,4,no_tail,30,0,3,1.5,7,2,12,10,83.33,17,15,88.24
24,4,no_tail,30,0,3,3,5,0,11,9,81.82,16,14,87.5
24,4,no_tail,30,0,3,3,5,1,11,9,81.82,16,14,87.5
24,4,no_tail,30,0,3,3,5,2,11,9,81.82,16,14,87.5
24,4,no_tail,30,0,3,3,7,0,11,9,81.82,16,14,87.5
24,4,no_tail,30,0,3,3,7,1,11,9,81.82,16,14,87.5
24,4,no_tail,30,0,3,3,7,2,11,9,81.82,16,14,87.5
24,4,no_tail,30,10,1.5,1.5,5,0,8,6,75.0,9,8,88.89
24,4,no_tail,30,10,1.5,1.5,5,1,8,6,75.0,9,8,88.89
24,4,no_tail,30,10,1.5,1.5,5,2,8,6,75.0,9,8,88.89
24,4,no_tail,30,10,1.5,1.5,7,0,8,6,75.0,9,8,88.89
24,4,no_tail,30,10,1.5,1.5,7,1,8,6,75.0,9,8,88.89
24,4,no_tail,30,10,1.5,1.5,7,2,8,6,75.0,9,8,88.89
24,4,no_tail,30,10,1.5,3,5,0,7,5,71.43,9,8,88.89
24,4,no_tail,30,10,1.5,3,5,1,7,5,71.43,9,8,88.89
24,4,no_tail,30,10,1.5,3,5,2,7,5,71.43,9,8,88.89
24,4,no_tail,30,10,1.5,3,7,0,7,5,71.43,9,8,88.89
24,4,no_tail,30,10,1.5,3,7,1,7,5,71.43,9,8,88.89
24,4,no_tail,30,10,1.5,3,7,2,7,5,71.43,9,8,88.89
24,4,no_tail,30,10,3,1.5,5,0,8,6,75.0,9,8,88.89
24,4,no_tail,30,10,3,1.5,5,1,8,6,75.0,9,8,88.89
24,4,no_tail,30,10,3,1.5,5,2,8,6,75.0,9,8,88.89
24,4,no_tail,30,10,3,1.5,7,0,8,6,75.0,9,8,88.89
24,4,no_tail,30,10,3,1.5,7,1,8,6,75.0,9,8,88.89
24,4,no_tail,30,10,3,1.5,7,2,8,6,75.0,9,8,88.89
24,4,no_tail,30,10,3,3,5,0,7,5,71.43,9,8,88.89
24,4,no_tail,30,10,3,3,5,1,7,5,71.43,9,8,88.89
24,4,no_tail,30,10,3,3,5,2,7,5,71.43,9,8,88.89
24,4,no_tail,30,10,3,3,7,0,7,5,71.43,9,8,88.89
24,4,no_tail,30,10,3,3,7,1,7,5,71.43,9,8,88.89
24,4,no_tail,30,10,3,3,7,2,7,5,71.43,9,8,88.89
24,4,no_tail,30,15,1.5,1.5,5,0,4,3,75.0,3,3,100.0
24,4,no_tail,30,15,1.5,1.5,5,1,4,3,75.0,3,3,100.0
24,4,no_tail,30,15,1.5,1.5,5,2,4,3,75.0,3,3,100.0
24,4,no_tail,30,15,1.5,1.5,7,0,4,3,75.0,3,3,100.0
24,4,no_tail,30,15,1.5,1.5,7,1,4,3,75.0,3,3,100.0
24,4,no_tail,30,15,1.5,1.5,7,2,4,3,75.0,3,3,100.0
24,4,no_tail,30,15,1.5,3,5,0,3,2,66.67,3,3,100.0
24,4,no_tail,30,15,1.5,3,5,1,3,2,66.67,3,3,100.0
24,4,no_tail,30,15,1.5,3,5,2,3,2,66.67,3,3,100.0
24,4,no_tail,30,15,1.5,3,7,0,3,2,66.67,3,3,100.0
24,4,no_tail,30,15,1.5,3,7,1,3,2,66.67,3,3,100.0
24,4,no_tail,30,15,1.5,3,7,2,3,2,66.67,3,3,100.0
24,4,no_tail,30,15,3,1.5,5,0,4,3,75.0,3,3,100.0
24,4,no_tail,30,15,3,1.5,5,1,4,3,75.0,3,3,100.0
24,4,no_tail,30,15,3,1.5,5,2,4,3,75.0,3,3,100.0
24,4,no_tail,30,15,3,1.5,7,0,4,3,75.0,3,3,100.0
24,4,no_tail,30,15,3,1.5,7,1,4,3,75.0,3,3,100.0
24,4,no_tail,30,15,3,1.5,7,2,4,3,75.0,3,3,100.0
24,4,no_tail,30,15,3,3,5,0,3,2,66.67,3,3,100.0
24,4,no_tail,30,15,3,3,5,1,3,2,66.67,3,3,100.0
24,4,no_tail,30,15,3,3,5,2,3,2,66.67,3,3,100.0
24,4,no_tail,30,15,3,3,7,0,3,2,66.67,3,3,100.0
24,4,no_tail,30,15,3,3,7,1,3,2,66.67,3,3,100.0
24,4,no_tail,30,15,3,3,7,2,3,2,66.67,3,3,100.0
24,4,no_tail,39,0,1.5,1.5,5,0,14,12,85.71,18,16,88.89
24,4,no_tail,39,0,1.5,1.5,5,1,14,12,85.71,18,16,88.89
24,4,no_tail,39,0,1.5,1.5,5,2,14,12,85.71,18,16,88.89
24,4,no_tail,39,0,1.5,1.5,7,0,14,12,85.71,18,16,88.89
24,4,no_tail,39,0,1.5,1.5,7,1,14,12,85.71,18,16,88.89
24,4,no_tail,39,0,1.5,1.5,7,2,14,12,85.71,18,16,88.89
24,4,no_tail,39,0,1.5,3,5,0,13,11,84.62,16,14,87.5
24,4,no_tail,39,0,1.5,3,5,1,13,11,84.62,16,14,87.5
24,4,no_tail,39,0,1.5,3,5,2,13,11,84.62,16,14,87.5
24,4,no_tail,39,0,1.5,3,7,0,13,11,84.62,16,14,87.5
24,4,no_tail,39,0,1.5,3,7,1,13,11,84.62,16,14,87.5
24,4,no_tail,39,0,1.5,3,7,2,13,11,84.62,16,14,87.5
24,4,no_tail,39,0,3,1.5,5,0,12,10,83.33,17,15,88.24
24,4,no_tail,39,0,3,1.5,5,1,12,10,83.33,17,15,88.24
24,4,no_tail,39,0,3,1.5,5,2,12,10,83.33,17,15,88.24
24,4,no_tail,39,0,3,1.5,7,0,12,10,83.33,17,15,88.24
24,4,no_tail,39,0,3,1.5,7,1,12,10,83.33,17,15,88.24
24,4,no_tail,39,0,3,1.5,7,2,12,10,83.33,17,15,88.24
24,4,no_tail,39,0,3,3,5,0,11,9,81.82,16,14,87.5
24,4,no_tail,39,0,3,3,5,1,11,9,81.82,16,14,87.5
24,4,no_tail,39,0,3,3,5,2,11,9,81.82,16,14,87.5
24,4,no_tail,39,0,3,3,7,0,11,9,81.82,16,14,87.5
24,4,no_tail,39,0,3,3,7,1,11,9,81.82,16,14,87.5
24,4,no_tail,39,0,3,3,7,2,11,9,81.82,16,14,87.5
24,4,no_tail,39,10,1.5,1.5,5,0,8,6,75.0,9,8,88.89
24,4,no_tail,39,10,1.5,1.5,5,1,8,6,75.0,9,8,88.89
24,4,no_tail,39,10,1.5,1.5,5,2,8,6,75.0,9,8,88.89
24,4,no_tail,39,10,1.5,1.5,7,0,8,6,75.0,9,8,88.89
24,4,no_tail,39,10,1.5,1.5,7,1,8,6,75.0,9,8,88.89
24,4,no_tail,39,10,1.5,1.5,7,2,8,6,75.0,9,8,88.89
24,4,no_tail,39,10,1.5,3,5,0,7,5,71.43,9,8,88.89
24,4,no_tail,39,10,1.5,3,5,1,7,5,71.43,9,8,88.89
24,4,no_tail,39,10,1.5,3,5,2,7,5,71.43,9,8,88.89
24,4,no_tail,39,10,1.5,3,7,0,7,5,71.43,9,8,88.89
24,4,no_tail,39,10,1.5,3,7,1,7,5,71.43,9,8,88.89
24,4,no_tail,39,10,1.5,3,7,2,7,5,71.43,9,8,88.89
24,4,no_tail,39,10,3,1.5,5,0,8,6,75.0,9,8,88.89
24,4,no_tail,39,10,3,1.5,5,1,8,6,75.0,9,8,88.89
24,4,no_tail,39,10,3,1.5,5,2,8,6,75.0,9,8,88.89
24,4,no_tail,39,10,3,1.5,7,0,8,6,75.0,9,8,88.89
24,4,no_tail,39,10,3,1.5,7,1,8,6,75.0,9,8,88.89
24,4,no_tail,39,10,3,1.5,7,2,8,6,75.0,9,8,88.89
24,4,no_tail,39,10,3,3,5,0,7,5,71.43,9,8,88.89
24,4,no_tail,39,10,3,3,5,1,7,5,71.43,9,8,88.89
24,4,no_tail,39,10,3,3,5,2,7,5,71.43,9,8,88.89
24,4,no_tail,39,10,3,3,7,0,7,5,71.43,9,8,88.89
24,4,no_tail,39,10,3,3,7,1,7,5,71.43,9,8,88.89
24,4,no_tail,39,10,3,3,7,2,7,5,71.43,9,8,88.89
24,4,no_tail,39,15,1.5,1.5,5,0,4,3,75.0,3,3,100.0
24,4,no_tail,39,15,1.5,1.5,5,1,4,3,75.0,3,3,100.0
24,4,no_tail,39,15,1.5,1.5,5,2,4,3,75.0,3,3,100.0
24,4,no_tail,39,15,1.5,1.5,7,0,4,3,75.0,3,3,100.0
24,4,no_tail,39,15,1.5,1.5,7,1,4,3,75.0,3,3,100.0
24,4,no_tail,39,15,1.5,1.5,7,2,4,3,75.0,3,3,100.0
24,4,no_tail,39,15,1.5,3,5,0,3,2,66.67,3,3,100.0
24,4,no_tail,39,15,1.5,3,5,1,3,2,66.67,3,3,100.0
24,4,no_tail,39,15,1.5,3,5,2,3,2,66.67,3,3,100.0
24,4,no_tail,39,15,1.5,3,7,0,3,2,66.67,3,3,100.0
24,4,no_tail,39,15,1.5,3,7,1,3,2,66.67,3,3,100.0
24,4,no_tail,39,15,1.5,3,7,2,3,2,66.67,3,3,100.0
24,4,no_tail,39,15,3,1.5,5,0,4,3,75.0,3,3,100.0
24,4,no_tail,39,15,3,1.5,5,1,4,3,75.0,3,3,100.0
24,4,no_tail,39,15,3,1.5,5,2,4,3,75.0,3,3,100.0
24,4,no_tail,39,15,3,1.5,7,0,4,3,75.0,3,3,100.0
24,4,no_tail,39,15,3,1.5,7,1,4,3,75.0,3,3,100.0
24,4,no_tail,39,15,3,1.5,7,2,4,3,75.0,3,3,100.0
24,4,no_tail,39,15,3,3,5,0,3,2,66.67,3,3,100.0
24,4,no_tail,39,15,3,3,5,1,3,2,66.67,3,3,100.0
24,4,no_tail,39,15,3,3,5,2,3,2,66.67,3,3,100.0
24,4,no_tail,39,15,3,3,7,0,3,2,66.67,3,3,100.0
24,4,no_tail,39,15,3,3,7,1,3,2,66.67,3,3,100.0
24,4,no_tail,39,15,3,3,7,2,3,2,66.67,3,3,100.0
24,4,no_tail,45,0,1.5,1.5,5,0,12,10,83.33,17,15,88.24
24,4,no_tail,45,0,1.5,1.5,5,1,12,10,83.33,17,15,88.24
24,4,no_tail,45,0,1.5,1.5,5,2,12,10,83.33,17,15,88.24
24,4,no_tail,45,0,1.5,1.5,7,0,12,10,83.33,17,15,88.24
24,4,no_tail,45,0,1.5,1.5,7,1,12,10,83.33,17,15,88.24
24,4,no_tail,45,0,1.5,1.5,7,2,12,10,83.33,17,15,88.24
24,4,no_tail,45,0,1.5,3,5,0,11,9,81.82,16,14,87.5
24,4,no_tail,45,0,1.5,3,5,1,11,9,81.82,16,14,87.5
24,4,no_tail,45,0,1.5,3,5,2,11,9,81.82,16,14,87.5
24,4,no_tail,45,0,1.5,3,7,0,11,9,81.82,16,14,87.5
24,4,no_tail,45,0,1.5,3,7,1,11,9,81.82,16,14,87.5
24,4,no_tail,45,0,1.5,3,7,2,11,9,81.82,16,14,87.5
24,4,no_tail,45,0,3,1.5,5,0,11,9,81.82,17,15,88.24
24,4,no_tail,45,0,3,1.5,5,1,11,9,81.82,17,15,88.24
24,4,no_tail,45,0,3,1.5,5,2,11,9,81.82,17,15,88.24
24,4,no_tail,45,0,3,1.5,7,0,11,9,81.82,17,15,88.24
24,4,no_tail,45,0,3,1.5,7,1,11,9,81.82,17,15,88.24
24,4,no_tail,45,0,3,1.5,7,2,11,9,81.82,17,15,88.24
24,4,no_tail,45,0,3,3,5,0,10,8,80.0,16,14,87.5
24,4,no_tail,45,0,3,3,5,1,10,8,80.0,16,14,87.5
24,4,no_tail,45,0,3,3,5,2,10,8,80.0,16,14,87.5
24,4,no_tail,45,0,3,3,7,0,10,8,80.0,16,14,87.5
24,4,no_tail,45,0,3,3,7,1,10,8,80.0,16,14,87.5
24,4,no_tail,45,0,3,3,7,2,10,8,80.0,16,14,87.5
24,4,no_tail,45,10,1.5,1.5,5,0,7,5,71.43,9,8,88.89
24,4,no_tail,45,10,1.5,1.5,5,1,7,5,71.43,9,8,88.89
24,4,no_tail,45,10,1.5,1.5,5,2,7,5,71.43,9,8,88.89
24,4,no_tail,45,10,1.5,1.5,7,0,7,5,71.43,9,8,88.89
24,4,no_tail,45,10,1.5,1.5,7,1,7,5,71.43,9,8,88.89
24,4,no_tail,45,10,1.5,1.5,7,2,7,5,71.43,9,8,88.89
24,4,no_tail,45,10,1.5,3,5,0,6,4,66.67,9,8,88.89
24,4,no_tail,45,10,1.5,3,5,1,6,4,66.67,9,8,88.89
24,4,no_tail,45,10,1.5,3,5,2,6,4,66.67,9,8,88.89
24,4,no_tail,45,10,1.5,3,7,0,6,4,66.67,9,8,88.89
24,4,no_tail,45,10,1.5,3,7,1,6,4,66.67,9,8,88.89
24,4,no_tail,45,10,1.5,3,7,2,6,4,66.67,9,8,88.89
24,4,no_tail,45,10,3,1.5,5,0,7,5,71.43,9,8,88.89
24,4,no_tail,45,10,3,1.5,5,1,7,5,71.43,9,8,88.89
24,4,no_tail,45,10,3,1.5,5,2,7,5,71.43,9,8,88.89
24,4,no_tail,45,10,3,1.5,7,0,7,5,71.43,9,8,88.89
24,4,no_tail,45,10,3,1.5,7,1,7,5,71.43,9,8,88.89
24,4,no_tail,45,10,3,1.5,7,2,7,5,71.43,9,8,88.89
24,4,no_tail,45,10,3,3,5,0,6,4,66.67,9,8,88.89
24,4,no_tail,45,10,3,3,5,1,6,4,66.67,9,8,88.89
24,4,no_tail,45,10,3,3,5,2,6,4,66.67,9,8,88.89
24,4,no_tail,45,10,3,3,7,0,6,4,66.67,9,8,88.89
24,4,no_tail,45,10,3,3,7,1,6,4,66.67,9,8,88.89
24,4,no_tail,45,10,3,3,7,2,6,4,66.67,9,8,88.89
24,4,no_tail,45,15,1.5,1.5,5,0,3,2,66.67,3,3,100.0
24,4,no_tail,45,15,1.5,1.5,5,1,3,2,66.67,3,3,100.0
24,4,no_tail,45,15,1.5,1.5,5,2,3,2,66.67,3,3,100.0
24,4,no_tail,45,15,1.5,1.5,7,0,3,2,66.67,3,3,100.0
24,4,no_tail,45,15,1.5,1.5,7,1,3,2,66.67,3,3,100.0
24,4,no_tail,45,15,1.5,1.5,7,2,3,2,66.67,3,3,100.0
24,4,no_tail,45,15,1.5,3,5,0,2,1,50.0,3,3,100.0
24,4,no_tail,45,15,1.5,3,5,1,2,1,50.0,3,3,100.0
24,4,no_tail,45,15,1.5,3,5,2,2,1,50.0,3,3,100.0
24,4,no_tail,45,15,1.5,3,7,0,2,1,50.0,3,3,100.0
24,4,no_tail,45,15,1.5,3,7,1,2,1,50.0,3,3,100.0
24,4,no_tail,45,15,1.5,3,7,2,2,1,50.0,3,3,100.0
24,4,no_tail,45,15,3,1.5,5,0,3,2,66.67,3,3,100.0
24,4,no_tail,45,15,3,1.5,5,1,3,2,66.67,3,3,100.0
24,4,no_tail,45,15,3,1.5,5,2,3,2,66.67,3,3,100.0
24,4,no_tail,45,15,3,1.5,7,0,3,2,66.67,3,3,100.0
24,4,no_tail,45,15,3,1.5,7,1,3,2,66.67,3,3,100.0
24,4,no_tail,45,15,3,1.5,7,2,3,2,66.67,3,3,100.0
24,4,no_tail,45,15,3,3,5,0,2,1,50.0,3,3,100.0
24,4,no_tail,45,15,3,3,5,1,2,1,50.0,3,3,100.0
24,4,no_tail,45,15,3,3,5,2,2,1,50.0,3,3,100.0
24,4,no_tail,45,15,3,3,7,0,2,1,50.0,3,3,100.0
24,4,no_tail,45,15,3,3,7,1,2,1,50.0,3,3,100.0
24,4,no_tail,45,15,3,3,7,2,2,1,50.0,3,3,100.0
24,4,tail_1,20,0,1.5,1.5,5,0,15,7,46.67,13,10,76.92
24,4,tail_1,20,0,1.5,1.5,5,1,15,7,46.67,13,10,76.92
24,4,tail_1,20,0,1.5,1.5,5,2,15,7,46.67,13,10,76.92
24,4,tail_1,20,0,1.5,1.5,7,0,15,7,46.67,13,10,76.92
24,4,tail_1,20,0,1.5,1.5,7,1,15,7,46.67,13,10,76.92
24,4,tail_1,20,0,1.5,1.5,7,2,15,7,46.67,13,10,76.92
24,4,tail_1,20,0,1.5,3,5,0,13,6,46.15,12,9,75.0
24,4,tail_1,20,0,1.5,3,5,1,13,6,46.15,12,9,75.0
24,4,tail_1,20,0,1.5,3,5,2,13,6,46.15,12,9,75.0
24,4,tail_1,20,0,1.5,3,7,0,13,6,46.15,12,9,75.0
24,4,tail_1,20,0,1.5,3,7,1,13,6,46.15,12,9,75.0
24,4,tail_1,20,0,1.5,3,7,2,13,6,46.15,12,9,75.0
24,4,tail_1,20,0,3,1.5,5,0,14,6,42.86,13,10,76.92
24,4,tail_1,20,0,3,1.5,5,1,14,6,42.86,13,10,76.92
24,4,tail_1,20,0,3,1.5,5,2,14,6,42.86,13,10,76.92
24,4,tail_1,20,0,3,1.5,7,0,14,6,42.86,13,10,76.92
24,4,tail_1,20,0,3,1.5,7,1,14,6,42.86,13,10,76.92
24,4,tail_1,20,0,3,1.5,7,2,14,6,42.86,13,10,76.92
24,4,tail_1,20,0,3,3,5,0,12,5,41.67,12,9,75.0
24,4,tail_1,20,0,3,3,5,1,12,5,41.67,12,9,75.0
24,4,tail_1,20,0,3,3,5,2,12,5,41.67,12,9,75.0
24,4,tail_1,20,0,3,3,7,0,12,5,41.67,12,9,75.0
24,4,tail_1,20,0,3,3,7,1,12,5,41.67,12,9,75.0
24,4,tail_1,20,0,3,3,7,2,12,5,41.67,12,9,75.0
24,4,tail_1,20,10,1.5,1.5,5,0,7,3,42.86,7,5,71.43
24,4,tail_1,20,10,1.5,1.5,5,1,7,3,42.86,7,5,71.43
24,4,tail_1,20,10,1.5,1.5,5,2,7,3,42.86,7,5,71.43
24,4,tail_1,20,10,1.5,1.5,7,0,7,3,42.86,7,5,71.43
24,4,tail_1,20,10,1.5,1.5,7,1,7,3,42.86,7,5,71.43
24,4,tail_1,20,10,1.5,1.5,7,2,7,3,42.86,7,5,71.43
24,4,tail_1,20,10,1.5,3,5,0,6,2,33.33,7,5,71.43
24,4,tail_1,20,10,1.5,3,5,1,6,2,33.33,7,5,71.43
24,4,tail_1,20,10,1.5,3,5,2,6,2,33.33,7,5,71.43
24,4,tail_1,20,10,1.5,3,7,0,6,2,33.33,7,5,71.43
24,4,tail_1,20,10,1.5,3,7,1,6,2,33.33,7,5,71.43
24,4,tail_1,20,10,1.5,3,7,2,6,2,33.33,7,5,71.43
24,4,tail_1,20,10,3,1.5,5,0,7,3,42.86,7,5,71.43
24,4,tail_1,20,10,3,1.5,5,1,7,3,42.86,7,5,71.43
24,4,tail_1,20,10,3,1.5,5,2,7,3,42.86,7,5,71.43
24,4,tail_1,20,10,3,1.5,7,0,7,3,42.86,7,5,71.43
24,4,tail_1,20,10,3,1.5,7,1,7,3,42.86,7,5,71.43
24,4,tail_1,20,10,3,1.5,7,2,7,3,42.86,7,5,71.43
24,4,tail_1,20,10,3,3,5,0,6,2,33.33,7,5,71.43
24,4,tail_1,20,10,3,3,5,1,6,2,33.33,7,5,71.43
24,4,tail_1,20,10,3,3,5,2,6,2,33.33,7,5,71.43
24,4,tail_1,20,10,3,3,7,0,6,2,33.33,7,5,71.43
24,4,tail_1,20,10,3,3,7,1,6,2,33.33,7,5,71.43
24,4,tail_1,20,10,3,3,7,2,6,2,33.33,7,5,71.43
24,4,tail_1,20,15,1.5,1.5,5,0,2,0,0.0,5,3,60.0
24,4,tail_1,20,15,1.5,1.5,5,1,2,0,0.0,5,3,60.0
24,4,tail_1,20,15,1.5,1.5,5,2,2,0,0.0,5,3,60.0
24,4,tail_1,20,15,1.5,1.5,7,0,2,0,0.0,5,3,60.0
24,4,tail_1,20,15,1.5,1.5,7,1,2,0,0.0,5,3,60.0
24,4,tail_1,20,15,1.5,1.5,7,2,2,0,0.0,5,3,60.0
24,4,tail_1,20,15,1.5,3,5,0,2,0,0.0,5,3,60.0
24,4,tail_1,20,15,1.5,3,5,1,2,0,0.0,5,3,60.0
24,4,tail_1,20,15,1.5,3,5,2,2,0,0.0,5,3,60.0
24,4,tail_1,20,15,1.5,3,7,0,2,0,0.0,5,3,60.0
24,4,tail_1,20,15,1.5,3,7,1,2,0,0.0,5,3,60.0
24,4,tail_1,20,15,1.5,3,7,2,2,0,0.0,5,3,60.0
24,4,tail_1,20,15,3,1.5,5,0,2,0,0.0,5,3,60.0
24,4,tail_1,20,15,3,1.5,5,1,2,0,0.0,5,3,60.0
24,4,tail_1,20,15,3,1.5,5,2,2,0,0.0,5,3,60.0
24,4,tail_1,20,15,3,1.5,7,0,2,0,0.0,5,3,60.0
24,4,tail_1,20,15,3,1.5,7,1,2,0,0.0,5,3,60.0
24,4,tail_1,20,15,3,1.5,7,2,2,0,0.0,5,3,60.0
24,4,tail_1,20,15,3,3,5,0,2,0,0.0,5,3,60.0
24,4,tail_1,20,15,3,3,5,1,2,0,0.0,5,3,60.0
24,4,tail_1,20,15,3,3,5,2,2,0,0.0,5,3,60.0
24,4,tail_1,20,15,3,3,7,0,2,0,0.0,5,3,60.0
24,4,tail_1,20,15,3,3,7,1,2,0,0.0,5,3,60.0
24,4,tail_1,20,15,3,3,7,2,2,0,0.0,5,3,60.0
24,4,tail_1,30,0,1.5,1.5,5,0,15,7,46.67,13,10,76.92
24,4,tail_1,30,0,1.5,1.5,5,1,15,7,46.67,13,10,76.92
24,4,tail_1,30,0,1.5,1.5,5,2,15,7,46.67,13,10,76.92
24,4,tail_1,30,0,1.5,1.5,7,0,15,7,46.67,13,10,76.92
24,4,tail_1,30,0,1.5,1.5,7,1,15,7,46.67,13,10,76.92
24,4,tail_1,30,0,1.5,1.5,7,2,15,7,46.67,13,10,76.92
24,4,tail_1,30,0,1.5,3,5,0,13,6,46.15,12,9,75.0
24,4,tail_1,30,0,1.5,3,5,1,13,6,46.15,12,9,75.0
24,4,tail_1,30,0,1.5,3,5,2,13,6,46.15,12,9,75.0
24,4,tail_1,30,0,1.5,3,7,0,13,6,46.15,12,9,75.0
24,4,tail_1,30,0,1.5,3,7,1,13,6,46.15,12,9,75.0
24,4,tail_1,30,0,1.5,3,7,2,13,6,46.15,12,9,75.0
24,4,tail_1,30,0,3,1.5,5,0,14,6,42.86,13,10,76.92
24,4,tail_1,30,0,3,1.5,5,1,14,6,42.86,13,10,76.92
24,4,tail_1,30,0,3,1.5,5,2,14,6,42.86,13,10,76.92
24,4,tail_1,30,0,3,1.5,7,0,14,6,42.86,13,10,76.92
24,4,tail_1,30,0,3,1.5,7,1,14,6,42.86,13,10,76.92
24,4,tail_1,30,0,3,1.5,7,2,14,6,42.86,13,10,76.92
24,4,tail_1,30,0,3,3,5,0,12,5,41.67,12,9,75.0
24,4,tail_1,30,0,3,3,5,1,12,5,41.67,12,9,75.0
24,4,tail_1,30,0,3,3,5,2,12,5,41.67,12,9,75.0
24,4,tail_1,30,0,3,3,7,0,12,5,41.67,12,9,75.0
24,4,tail_1,30,0,3,3,7,1,12,5,41.67,12,9,75.0
24,4,tail_1,30,0,3,3,7,2,12,5,41.67,12,9,75.0
24,4,tail_1,30,10,1.5,1.5,5,0,7,3,42.86,7,5,71.43
24,4,tail_1,30,10,1.5,1.5,5,1,7,3,42.86,7,5,71.43
24,4,tail_1,30,10,1.5,1.5,5,2,7,3,42.86,7,5,71.43
24,4,tail_1,30,10,1.5,1.5,7,0,7,3,42.86,7,5,71.43
24,4,tail_1,30,10,1.5,1.5,7,1,7,3,42.86,7,5,71.43
24,4,tail_1,30,10,1.5,1.5,7,2,7,3,42.86,7,5,71.43
24,4,tail_1,30,10,1.5,3,5,0,6,2,33.33,7,5,71.43
24,4,tail_1,30,10,1.5,3,5,1,6,2,33.33,7,5,71.43
24,4,tail_1,30,10,1.5,3,5,2,6,2,33.33,7,5,71.43
24,4,tail_1,30,10,1.5,3,7,0,6,2,33.33,7,5,71.43
24,4,tail_1,30,10,1.5,3,7,1,6,2,33.33,7,5,71.43
24,4,tail_1,30,10,1.5,3,7,2,6,2,33.33,7,5,71.43
24,4,tail_1,30,10,3,1.5,5,0,7,3,42.86,7,5,71.43
24,4,tail_1,30,10,3,1.5,5,1,7,3,42.86,7,5,71.43
24,4,tail_1,30,10,3,1.5,5,2,7,3,42.86,7,5,71.43
24,4,tail_1,30,10,3,1.5,7,0,7,3,42.86,7,5,71.43
24,4,tail_1,30,10,3,1.5,7,1,7,3,42.86,7,5,71.43
24,4,tail_1,30,10,3,1.5,7,2,7,3,42.86,7,5,71.43
24,4,tail_1,30,10,3,3,5,0,6,2,33.33,7,5,71.43
24,4,tail_1,30,10,3,3,5,1,6,2,33.33,7,5,71.43
24,4,tail_1,30,10,3,3,5,2,6,2,33.33,7,5,71.43
24,4,tail_1,30,10,3,3,7,0,6,2,33.33,7,5,71.43
24,4,tail_1,30,10,3,3,7,1,6,2,33.33,7,5,71.43
24,4,tail_1,30,10,3,3,7,2,6,2,33.33,7,5,71.43
24,4,tail_1,30,15,1.5,1.5,5,0,2,0,0.0,5,3,60.0
24,4,tail_1,30,15,1.5,1.5,5,1,2,0,0.0,5,3,60.0
24,4,tail_1,30,15,1.5,1.5,5,2,2,0,0.0,5,3,60.0
24,4,tail_1,30,15,1.5,1.5,7,0,2,0,0.0,5,3,60.0
24,4,tail_1,30,15,1.5,1.5,7,1,2,0,0.0,5,3,60.0
24,4,tail_1,30,15,1.5,1.5,7,2,2,0,0.0,5,3,60.0
24,4,tail_1,30,15,1.5,3,5,0,2,0,0.0,5,3,60.0
24,4,tail_1,30,15,1.5,3,5,1,2,0,0.0,5,3,60.0
24,4,tail_1,30,15,1.5,3,5,2,2,0,0.0,5,3,60.0
24,4,tail_1,30,15,1.5,3,7,0,2,0,0.0,5,3,60.0
24,4,tail_1,30,15,1.5,3,7,1,2,0,0.0,5,3,60.0
24,4,tail_1,30,15,1.5,3,7,2,2,0,0.0,5,3,60.0
24,4,tail_1,30,15,3,1.5,5,0,2,0,0.0,5,3,60.0
24,4,tail_1,30,15,3,1.5,5,1,2,0,0.0,5,3,60.0
24,4,tail_1,30,15,3,1.5,5,2,2,0,0.0,5,3,60.0
24,4,tail_1,30,15,3,1.5,7,0,2,0,0.0,5,3,60.0
24,4,tail_1,30,15,3,1.5,7,1,2,0,0.0,5,3,60.0
24,4,tail_1,30,15,3,1.5,7,2,2,0,0.0,5,3,60.0
24,4,tail_1,30,15,3,3,5,0,2,0,0.0,5,3,60.0
24,4,tail_1,30,15,3,3,5,1,2,0,0.0,5,3,60.0
24,4,tail_1,30,15,3,3,5,2,2,0,0.0,5,3,60.0
24,4,tail_1,30,15,3,3,7,0,2,0,0.0,5,3,60.0
24,4,tail_1,30,15,3,3,7,1,2,0,0.0,5,3,60.0
24,4,tail_1,30,15,3,3,7,2,2,0,0.0,5,3,60.0
24,4,tail_1,39,0,1.5,1.5,5,0,15,7,46.67,13,10,76.92
24,4,tail_1,39,0,1.5,1.5,5,1,15,7,46.67,13,10,76.92
24,4,tail_1,39,0,1.5,1.5,5,2,15,7,46.67,13,10,76.92
24,4,tail_1,39,0,1.5,1.5,7,0,15,7,46.67,13,10,76.92
24,4,tail_1,39,0,1.5,1.5,7,1,15,7,46.67,13,10,76.92
24,4,tail_1,39,0,1.5,1.5,7,2,15,7,46.67,13,10,76.92
24,4,tail_1,39,0,1.5,3,5,0,13,6,46.15,12,9,75.0
24,4,tail_1,39,0,1.5,3,5,1,13,6,46.15,12,9,75.0
24,4,tail_1,39,0,1.5,3,5,2,13,6,46.15,12,9,75.0
24,4,tail_1,39,0,1.5,3,7,0,13,6,46.15,12,9,75.0
24,4,tail_1,39,0,1.5,3,7,1,13,6,46.15,12,9,75.0
24,4,tail_1,39,0,1.5,3,7,2,13,6,46.15,12,9,75.0
24,4,tail_1,39,0,3,1.5,5,0,14,6,42.86,13,10,76.92
24,4,tail_1,39,0,3,1.5,5,1,14,6,42.86,13,10,76.92
24,4,tail_1,39,0,3,1.5,5,2,14,6,42.86,13,10,76.92
24,4,tail_1,39,0,3,1.5,7,0,14,6,42.86,13,10,76.92
24,4,tail_1,39,0,3,1.5,7,1,14,6,42.86,13,10,76.92
24,4,tail_1,39,0,3,1.5,7,2,14,6,42.86,13,10,76.92
24,4,tail_1,39,0,3,3,5,0,12,5,41.67,12,9,75.0
24,4,tail_1,39,0,3,3,5,1,12,5,41.67,12,9,75.0
24,4,tail_1,39,0,3,3,5,2,12,5,41.67,12,9,75.0
24,4,tail_1,39,0,3,3,7,0,12,5,41.67,12,9,75.0
24,4,tail_1,39,0,3,3,7,1,12,5,41.67,12,9,75.0
24,4,tail_1,39,0,3,3,7,2,12,5,41.67,12,9,75.0
24,4,tail_1,39,10,1.5,1.5,5,0,7,3,42.86,7,5,71.43
24,4,tail_1,39,10,1.5,1.5,5,1,7,3,42.86,7,5,71.43
24,4,tail_1,39,10,1.5,1.5,5,2,7,3,42.86,7,5,71.43
24,4,tail_1,39,10,1.5,1.5,7,0,7,3,42.86,7,5,71.43
24,4,tail_1,39,10,1.5,1.5,7,1,7,3,42.86,7,5,71.43
24,4,tail_1,39,10,1.5,1.5,7,2,7,3,42.86,7,5,71.43
24,4,tail_1,39,10,1.5,3,5,0,6,2,33.33,7,5,71.43
24,4,tail_1,39,10,1.5,3,5,1,6,2,33.33,7,5,71.43
24,4,tail_1,39,10,1.5,3,5,2,6,2,33.33,7,5,71.43
24,4,tail_1,39,10,1.5,3,7,0,6,2,33.33,7,5,71.43
24,4,tail_1,39,10,1.5,3,7,1,6,2,33.33,7,5,71.43
24,4,tail_1,39,10,1.5,3,7,2,6,2,33.33,7,5,71.43
24,4,tail_1,39,10,3,1.5,5,0,7,3,42.86,7,5,71.43
24,4,tail_1,39,10,3,1.5,5,1,7,3,42.86,7,5,71.43
24,4,tail_1,39,10,3,1.5,5,2,7,3,42.86,7,5,71.43
24,4,tail_1,39,10,3,1.5,7,0,7,3,42.86,7,5,71.43
24,4,tail_1,39,10,3,1.5,7,1,7,3,42.86,7,5,71.43
24,4,tail_1,39,10,3,1.5,7,2,7,3,42.86,7,5,71.43
24,4,tail_1,39,10,3,3,5,0,6,2,33.33,7,5,71.43
24,4,tail_1,39,10,3,3,5,1,6,2,33.33,7,5,71.43
24,4,tail_1,39,10,3,3,5,2,6,2,33.33,7,5,71.43
24,4,tail_1,39,10,3,3,7,0,6,2,33.33,7,5,71.43
24,4,tail_1,39,10,3,3,7,1,6,2,33.33,7,5,71.43
24,4,tail_1,39,10,3,3,7,2,6,2,33.33,7,5,71.43
24,4,tail_1,39,15,1.5,1.5,5,0,2,0,0.0,5,3,60.0
24,4,tail_1,39,15,1.5,1.5,5,1,2,0,0.0,5,3,60.0
24,4,tail_1,39,15,1.5,1.5,5,2,2,0,0.0,5,3,60.0
24,4,tail_1,39,15,1.5,1.5,7,0,2,0,0.0,5,3,60.0
24,4,tail_1,39,15,1.5,1.5,7,1,2,0,0.0,5,3,60.0
24,4,tail_1,39,15,1.5,1.5,7,2,2,0,0.0,5,3,60.0
24,4,tail_1,39,15,1.5,3,5,0,2,0,0.0,5,3,60.0
24,4,tail_1,39,15,1.5,3,5,1,2,0,0.0,5,3,60.0
24,4,tail_1,39,15,1.5,3,5,2,2,0,0.0,5,3,60.0
24,4,tail_1,39,15,1.5,3,7,0,2,0,0.0,5,3,60.0
24,4,tail_1,39,15,1.5,3,7,1,2,0,0.0,5,3,60.0
24,4,tail_1,39,15,1.5,3,7,2,2,0,0.0,5,3,60.0
24,4,tail_1,39,15,3,1.5,5,0,2,0,0.0,5,3,60.0
24,4,tail_1,39,15,3,1.5,5,1,2,0,0.0,5,3,60.0
24,4,tail_1,39,15,3,1.5,5,2,2,0,0.0,5,3,60.0
24,4,tail_1,39,15,3,1.5,7,0,2,0,0.0,5,3,60.0
24,4,tail_1,39,15,3,1.5,7,1,2,0,0.0,5,3,60.0
24,4,tail_1,39,15,3,1.5,7,2,2,0,0.0,5,3,60.0
24,4,tail_1,39,15,3,3,5,0,2,0,0.0,5,3,60.0
24,4,tail_1,39,15,3,3,5,1,2,0,0.0,5,3,60.0
24,4,tail_1,39,15,3,3,5,2,2,0,0.0,5,3,60.0
24,4,tail_1,39,15,3,3,7,0,2,0,0.0,5,3,60.0
24,4,tail_1,39,15,3,3,7,1,2,0,0.0,5,3,60.0
24,4,tail_1,39,15,3,3,7,2,2,0,0.0,5,3,60.0
24,4,tail_1,45,0,1.5,1.5,5,0,13,6,46.15,12,10,83.33
24,4,tail_1,45,0,1.5,1.5,5,1,13,6,46.15,12,10,83.33
24,4,tail_1,45,0,1.5,1.5,5,2,13,6,46.15,12,10,83.33
24,4,tail_1,45,0,1.5,1.5,7,0,13,6,46.15,12,10,83.33
24,4,tail_1,45,0,1.5,1.5,7,1,13,6,46.15,12,10,83.33
24,4,tail_1,45,0,1.5,1.5,7,2,13,6,46.15,12,10,83.33
24,4,tail_1,45,0,1.5,3,5,0,11,5,45.45,11,9,81.82
24,4,tail_1,45,0,1.5,3,5,1,11,5,45.45,11,9,81.82
24,4,tail_1,45,0,1.5,3,5,2,11,5,45.45,11,9,81.82
24,4,tail_1,45,0,1.5,3,7,0,11,5,45.45,11,9,81.82
24,4,tail_1,45,0,1.5,3,7,1,11,5,45.45,11,9,81.82
24,4,tail_1,45,0,1.5,3,7,2,11,5,45.45,11,9,81.82
24,4,tail_1,45,0,3,1.5,5,0,13,6,46.15,12,10,83.33
24,4,tail_1,45,0,3,1.5,5,1,13,6,46.15,12,10,83.33
24,4,tail_1,45,0,3,1.5,5,2,13,6,46.15,12,10,83.33
24,4,tail_1,45,0,3,1.5,7,0,13,6,46.15,12,10,83.33
24,4,tail_1,45,0,3,1.5,7,1,13,6,46.15,12,10,83.33
24,4,tail_1,45,0,3,1.5,7,2,13,6,46.15,12,10,83.33
24,4,tail_1,45,0,3,3,5,0,11,5,45.45,11,9,81.82
24,4,tail_1,45,0,3,3,5,1,11,5,45.45,11,9,81.82
24,4,tail_1,45,0,3,3,5,2,11,5,45.45,11,9,81.82
24,4,tail_1,45,0,3,3,7,0,11,5,45.45,11,9,81.82
24,4,tail_1,45,0,3,3,7,1,11,5,45.45,11,9,81.82
24,4,tail_1,45,0,3,3,7,2,11,5,45.45,11,9,81.82
24,4,tail_1,45,10,1.5,1.5,5,0,6,3,50.0,7,5,71.43
24,4,tail_1,45,10,1.5,1.5,5,1,6,3,50.0,7,5,71.43
24,4,tail_1,45,10,1.5,1.5,5,2,6,3,50.0,7,5,71.43
24,4,tail_1,45,10,1.5,1.5,7,0,6,3,50.0,7,5,71.43
24,4,tail_1,45,10,1.5,1.5,7,1,6,3,50.0,7,5,71.43
24,4,tail_1,45,10,1.5,1.5,7,2,6,3,50.0,7,5,71.43
24,4,tail_1,45,10,1.5,3,5,0,5,2,40.0,7,5,71.43
24,4,tail_1,45,10,1.5,3,5,1,5,2,40.0,7,5,71.43
24,4,tail_1,45,10,1.5,3,5,2,5,2,40.0,7,5,71.43
24,4,tail_1,45,10,1.5,3,7,0,5,2,40.0,7,5,71.43
24,4,tail_1,45,10,1.5,3,7,1,5,2,40.0,7,5,71.43
24,4,tail_1,45,10,1.5,3,7,2,5,2,40.0,7,5,71.43
24,4,tail_1,45,10,3,1.5,5,0,6,3,50.0,7,5,71.43
24,4,tail_1,45,10,3,1.5,5,1,6,3,50.0,7,5,71.43
24,4,tail_1,45,10,3,1.5,5,2,6,3,50.0,7,5,71.43
24,4,tail_1,45,10,3,1.5,7,0,6,3,50.0,7,5,71.43
24,4,tail_1,45,10,3,1.5,7,1,6,3,50.0,7,5,71.43
24,4,tail_1,45,10,3,1.5,7,2,6,3,50.0,7,5,71.43
24,4,tail_1,45,10,3,3,5,0,5,2,40.0,7,5,71.43
24,4,tail_1,45,10,3,3,5,1,5,2,40.0,7,5,71.43
24,4,tail_1,45,10,3,3,5,2,5,2,40.0,7,5,71.43
24,4,tail_1,45,10,3,3,7,0,5,2,40.0,7,5,71.43
24,4,tail_1,45,10,3,3,7,1,5,2,40.0,7,5,71.43
24,4,tail_1,45,10,3,3,7,2,5,2,40.0,7,5,71.43
24,4,tail_1,45,15,1.5,1.5,5,0,2,0,0.0,5,3,60.0
24,4,tail_1,45,15,1.5,1.5,5,1,2,0,0.0,5,3,60.0
24,4,tail_1,45,15,1.5,1.5,5,2,2,0,0.0,5,3,60.0
24,4,tail_1,45,15,1.5,1.5,7,0,2,0,0.0,5,3,60.0
24,4,tail_1,45,15,1.5,1.5,7,1,2,0,0.0,5,3,60.0
24,4,tail_1,45,15,1.5,1.5,7,2,2,0,0.0,5,3,60.0
24,4,tail_1,45,15,1.5,3,5,0,2,0,0.0,5,3,60.0
24,4,tail_1,45,15,1.5,3,5,1,2,0,0.0,5,3,60.0
24,4,tail_1,45,15,1.5,3,5,2,2,0,0.0,5,3,60.0
24,4,tail_1,45,15,1.5,3,7,0,2,0,0.0,5,3,60.0
24,4,tail_1,45,15,1.5,3,7,1,2,0,0.0,5,3,60.0
24,4,tail_1,45,15,1.5,3,7,2,2,0,0.0,5,3,60.0
24,4,tail_1,45,15,3,1.5,5,0,2,0,0.0,5,3,60.0
24,4,tail_1,45,15,3,1.5,5,1,2,0,0.0,5,3,60.0
24,4,tail_1,45,15,3,1.5,5,2,2,0,0.0,5,3,60.0
24,4,tail_1,45,15,3,1.5,7,0,2,0,0.0,5,3,60.0
24,4,tail_1,45,15,3,1.5,7,1,2,0,0.0,5,3,60.0
24,4,tail_1,45,15,3,1.5,7,2,2,0,0.0,5,3,60.0
24,4,tail_1,45,15,3,3,5,0,2,0,0.0,5,3,60.0
24,4,tail_1,45,15,3,3,5,1,2,0,0.0,5,3,60.0
24,4,tail_1,45,15,3,3,5,2,2,0,0.0,5,3,60.0
24,4,tail_1,45,15,3,3,7,0,2,0,0.0,5,3,60.0
24,4,tail_1,45,15,3,3,7,1,2,0,0.0,5,3,60.0
24,4,tail_1,45,15,3,3,7,2,2,0,0.0,5,3,60.0
24,4,tail_2_3,20,0,1.5,1.5,5,0,13,8,61.54,18,14,77.78
24,4,tail_2_3,20,0,1.5,1.5,5,1,13,8,61.54,18,14,77.78
24,4,tail_2_3,20,0,1.5,1.5,5,2,9,4,44.44,7,3,42.86
24,4,tail_2_3,20,0,1.5,1.5,7,0,13,8,61.54,18,14,77.78
24,4,tail_2_3,20,0,1.5,1.5,7,1,13,8,61.54,18,14,77.78
24,4,tail_2_3,20,0,1.5,1.5,7,2,9,4,44.44,7,3,42.86
24,4,tail_2_3,20,0,1.5,3,5,0,11,6,54.55,14,13,92.86
24,4,tail_2_3,20,0,1.5,3,5,1,11,6,54.55,14,13,92.86
24,4,tail_2_3,20,0,1.5,3,5,2,8,3,37.5,4,3,75.0
24,4,tail_2_3,20,0,1.5,3,7,0,11,6,54.55,14,13,92.86
24,4,tail_2_3,20,0,1.5,3,7,1,11,6,54.55,14,13,92.86
24,4,tail_2_3,20,0,1.5,3,7,2,8,3,37.5,4,3,75.0
24,4,tail_2_3,20,0,3,1.5,5,0,11,7,63.64,16,14,87.5
24,4,tail_2_3,20,0,3,1.5,5,1,11,7,63.64,16,14,87.5
24,4,tail_2_3,20,0,3,1.5,5,2,7,3,42.86,5,3,60.0
24,4,tail_2_3,20,0,3,1.5,7,0,11,7,63.64,16,14,87.5
24,4,tail_2_3,20,0,3,1.5,7,1,11,7,63.64,16,14,87.5
24,4,tail_2_3,20,0,3,1.5,7,2,7,3,42.86,5,3,60.0
24,4,tail_2_3,20,0,3,3,5,0,10,6,60.0,14,13,92.86
24,4,tail_2_3,20,0,3,3,5,1,10,6,60.0,14,13,92.86
24,4,tail_2_3,20,0,3,3,5,2,7,3,42.86,4,3,75.0
24,4,tail_2_3,20,0,3,3,7,0,10,6,60.0,14,13,92.86
24,4,tail_2_3,20,0,3,3,7,1,10,6,60.0,14,13,92.86
24,4,tail_2_3,20,0,3,3,7,2,7,3,42.86,4,3,75.0
24,4,tail_2_3,20,10,1.5,1.5,5,0,9,7,77.78,11,10,90.91
24,4,tail_2_3,20,10,1.5,1.5,5,1,9,7,77.78,11,10,90.91
24,4,tail_2_3,20,10,1.5,1.5,5,2,5,3,60.0,3,2,66.67
24,4,tail_2_3,20,10,1.5,1.5,7,0,9,7,77.78,11,10,90.91
24,4,tail_2_3,20,10,1.5,1.5,7,1,9,7,77.78,11,10,90.91
24,4,tail_2_3,20,10,1.5,1.5,7,2,5,3,60.0,3,2,66.67
24,4,tail_2_3,20,10,1.5,3,5,0,8,6,75.0,10,10,100.0
24,4,tail_2_3,20,10,1.5,3,5,1,8,6,75.0,10,10,100.0
24,4,tail_2_3,20,10,1.5,3,5,2,5,3,60.0,2,2,100.0
24,4,tail_2_3,20,10,1.5,3,7,0,8,6,75.0,10,10,100.0
24,4,tail_2_3,20,10,1.5,3,7,1,8,6,75.0,10,10,100.0
24,4,tail_2_3,20,10,1.5,3,7,2,5,3,60.0,2,2,100.0
24,4,tail_2_3,20,10,3,1.5,5,0,9,7,77.78,11,10,90.91
24,4,tail_2_3,20,10,3,1.5,5,1,9,7,77.78,11,10,90.91
24,4,tail_2_3,20,10,3,1.5,5,2,5,3,60.0,3,2,66.67
24,4,tail_2_3,20,10,3,1.5,7,0,9,7,77.78,11,10,90.91
24,4,tail_2_3,20,10,3,1.5,7,1,9,7,77.78,11,10,90.91
24,4,tail_2_3,20,10,3,1.5,7,2,5,3,60.0,3,2,66.67
24,4,tail_2_3,20,10,3,3,5,0,8,6,75.0,10,10,100.0
24,4,tail_2_3,20,10,3,3,5,1,8,6,75.0,10,10,100.0
24,4,tail_2_3,20,10,3,3,5,2,5,3,60.0,2,2,100.0
24,4,tail_2_3,20,10,3,3,7,0,8,6,75.0,10,10,100.0
24,4,tail_2_3,20,10,3,3,7,1,8,6,75.0,10,10,100.0
24,4,tail_2_3,20,10,3,3,7,2,5,3,60.0,2,2,100.0
24,4,tail_2_3,20,15,1.5,1.5,5,0,7,5,71.43,8,7,87.5
24,4,tail_2_3,20,15,1.5,1.5,5,1,7,5,71.43,8,7,87.5
24,4,tail_2_3,20,15,1.5,1.5,5,2,4,2,50.0,3,2,66.67
24,4,tail_2_3,20,15,1.5,1.5,7,0,7,5,71.43,8,7,87.5
24,4,tail_2_3,20,15,1.5,1.5,7,1,7,5,71.43,8,7,87.5
24,4,tail_2_3,20,15,1.5,1.5,7,2,4,2,50.0,3,2,66.67
24,4,tail_2_3,20,15,1.5,3,5,0,6,4,66.67,7,7,100.0
24,4,tail_2_3,20,15,1.5,3,5,1,6,4,66.67,7,7,100.0
24,4,tail_2_3,20,15,1.5,3,5,2,4,2,50.0,2,2,100.0
24,4,tail_2_3,20,15,1.5,3,7,0,6,4,66.67,7,7,100.0
24,4,tail_2_3,20,15,1.5,3,7,1,6,4,66.67,7,7,100.0
24,4,tail_2_3,20,15,1.5,3,7,2,4,2,50.0,2,2,100.0
24,4,tail_2_3,20,15,3,1.5,5,0,7,5,71.43,8,7,87.5
24,4,tail_2_3,20,15,3,1.5,5,1,7,5,71.43,8,7,87.5
24,4,tail_2_3,20,15,3,1.5,5,2,4,2,50.0,3,2,66.67
24,4,tail_2_3,20,15,3,1.5,7,0,7,5,71.43,8,7,87.5
24,4,tail_2_3,20,15,3,1.5,7,1,7,5,71.43,8,7,87.5
24,4,tail_2_3,20,15,3,1.5,7,2,4,2,50.0,3,2,66.67
24,4,tail_2_3,20,15,3,3,5,0,6,4,66.67,7,7,100.0
24,4,tail_2_3,20,15,3,3,5,1,6,4,66.67,7,7,100.0
24,4,tail_2_3,20,15,3,3,5,2,4,2,50.0,2,2,100.0
24,4,tail_2_3,20,15,3,3,7,0,6,4,66.67,7,7,100.0
24,4,tail_2_3,20,15,3,3,7,1,6,4,66.67,7,7,100.0
24,4,tail_2_3,20,15,3,3,7,2,4,2,50.0,2,2,100.0
24,4,tail_2_3,30,0,1.5,1.5,5,0,13,8,61.54,18,14,77.78
24,4,tail_2_3,30,0,1.5,1.5,5,1,13,8,61.54,18,14,77.78
24,4,tail_2_3,30,0,1.5,1.5,5,2,9,4,44.44,7,3,42.86
24,4,tail_2_3,30,0,1.5,1.5,7,0,13,8,61.54,18,14,77.78
24,4,tail_2_3,30,0,1.5,1.5,7,1,13,8,61.54,18,14,77.78
24,4,tail_2_3,30,0,1.5,1.5,7,2,9,4,44.44,7,3,42.86
24,4,tail_2_3,30,0,1.5,3,5,0,11,6,54.55,14,13,92.86
24,4,tail_2_3,30,0,1.5,3,5,1,11,6,54.55,14,13,92.86
24,4,tail_2_3,30,0,1.5,3,5,2,8,3,37.5,4,3,75.0
24,4,tail_2_3,30,0,1.5,3,7,0,11,6,54.55,14,13,92.86
24,4,tail_2_3,30,0,1.5,3,7,1,11,6,54.55,14,13,92.86
24,4,tail_2_3,30,0,1.5,3,7,2,8,3,37.5,4,3,75.0
24,4,tail_2_3,30,0,3,1.5,5,0,11,7,63.64,16,14,87.5
24,4,tail_2_3,30,0,3,1.5,5,1,11,7,63.64,16,14,87.5
24,4,tail_2_3,30,0,3,1.5,5,2,7,3,42.86,5,3,60.0
24,4,tail_2_3,30,0,3,1.5,7,0,11,7,63.64,16,14,87.5
24,4,tail_2_3,30,0,3,1.5,7,1,11,7,63.64,16,14,87.5
24,4,tail_2_3,30,0,3,1.5,7,2,7,3,42.86,5,3,60.0
24,4,tail_2_3,30,0,3,3,5,0,10,6,60.0,14,13,92.86
24,4,tail_2_3,30,0,3,3,5,1,10,6,60.0,14,13,92.86
24,4,tail_2_3,30,0,3,3,5,2,7,3,42.86,4,3,75.0
24,4,tail_2_3,30,0,3,3,7,0,10,6,60.0,14,13,92.86
24,4,tail_2_3,30,0,3,3,7,1,10,6,60.0,14,13,92.86
24,4,tail_2_3,30,0,3,3,7,2,7,3,42.86,4,3,75.0
24,4,tail_2_3,30,10,1.5,1.5,5,0,9,7,77.78,11,10,90.91
24,4,tail_2_3,30,10,1.5,1.5,5,1,9,7,77.78,11,10,90.91
24,4,tail_2_3,30,10,1.5,1.5,5,2,5,3,60.0,3,2,66.67
24,4,tail_2_3,30,10,1.5,1.5,7,0,9,7,77.78,11,10,90.91
24,4,tail_2_3,30,10,1.5,1.5,7,1,9,7,77.78,11,10,90.91
24,4,tail_2_3,30,10,1.5,1.5,7,2,5,3,60.0,3,2,66.67
24,4,tail_2_3,30,10,1.5,3,5,0,8,6,75.0,10,10,100.0
24,4,tail_2_3,30,10,1.5,3,5,1,8,6,75.0,10,10,100.0
24,4,tail_2_3,30,10,1.5,3,5,2,5,3,60.0,2,2,100.0
24,4,tail_2_3,30,10,1.5,3,7,0,8,6,75.0,10,10,100.0
24,4,tail_2_3,30,10,1.5,3,7,1,8,6,75.0,10,10,100.0
24,4,tail_2_3,30,10,1.5,3,7,2,5,3,60.0,2,2,100.0
24,4,tail_2_3,30,10,3,1.5,5,0,9,7,77.78,11,10,90.91
24,4,tail_2_3,30,10,3,1.5,5,1,9,7,77.78,11,10,90.91
24,4,tail_2_3,30,10,3,1.5,5,2,5,3,60.0,3,2,66.67
24,4,tail_2_3,30,10,3,1.5,7,0,9,7,77.78,11,10,90.91
24,4,tail_2_3,30,10,3,1.5,7,1,9,7,77.78,11,10,90.91
24,4,tail_2_3,30,10,3,1.5,7,2,5,3,60.0,3,2,66.67
24,4,tail_2_3,30,10,3,3,5,0,8,6,75.0,10,10,100.0
24,4,tail_2_3,30,10,3,3,5,1,8,6,75.0,10,10,100.0
24,4,tail_2_3,30,10,3,3,5,2,5,3,60.0,2,2,100.0
24,4,tail_2_3,30,10,3,3,7,0,8,6,75.0,10,10,100.0
24,4,tail_2_3,30,10,3,3,7,1,8,6,75.0,10,10,100.0
24,4,tail_2_3,30,10,3,3,7,2,5,3,60.0,2,2,100.0
24,4,tail_2_3,30,15,1.5,1.5,5,0,7,5,71.43,8,7,87.5
24,4,tail_2_3,30,15,1.5,1.5,5,1,7,5,71.43,8,7,87.5
24,4,tail_2_3,30,15,1.5,1.5,5,2,4,2,50.0,3,2,66.67
24,4,tail_2_3,30,15,1.5,1.5,7,0,7,5,71.43,8,7,87.5
24,4,tail_2_3,30,15,1.5,1.5,7,1,7,5,71.43,8,7,87.5
24,4,tail_2_3,30,15,1.5,1.5,7,2,4,2,50.0,3,2,66.67
24,4,tail_2_3,30,15,1.5,3,5,0,6,4,66.67,7,7,100.0
24,4,tail_2_3,30,15,1.5,3,5,1,6,4,66.67,7,7,100.0
24,4,tail_2_3,30,15,1.5,3,5,2,4,2,50.0,2,2,100.0
24,4,tail_2_3,30,15,1.5,3,7,0,6,4,66.67,7,7,100.0
24,4,tail_2_3,30,15,1.5,3,7,1,6,4,66.67,7,7,100.0
24,4,tail_2_3,30,15,1.5,3,7,2,4,2,50.0,2,2,100.0
24,4,tail_2_3,30,15,3,1.5,5,0,7,5,71.43,8,7,87.5
24,4,tail_2_3,30,15,3,1.5,5,1,7,5,71.43,8,7,87.5
24,4,tail_2_3,30,15,3,1.5,5,2,4,2,50.0,3,2,66.67
24,4,tail_2_3,30,15,3,1.5,7,0,7,5,71.43,8,7,87.5
24,4,tail_2_3,30,15,3,1.5,7,1,7,5,71.43,8,7,87.5
24,4,tail_2_3,30,15,3,1.5,7,2,4,2,50.0,3,2,66.67
24,4,tail_2_3,30,15,3,3,5,0,6,4,66.67,7,7,100.0
24,4,tail_2_3,30,15,3,3,5,1,6,4,66.67,7,7,100.0
24,4,tail_2_3,30,15,3,3,5,2,4,2,50.0,2,2,100.0
24,4,tail_2_3,30,15,3,3,7,0,6,4,66.67,7,7,100.0
24,4,tail_2_3,30,15,3,3,7,1,6,4,66.67,7,7,100.0
24,4,tail_2_3,30,15,3,3,7,2,4,2,50.0,2,2,100.0
24,4,tail_2_3,39,0,1.5,1.5,5,0,13,8,61.54,18,14,77.78
24,4,tail_2_3,39,0,1.5,1.5,5,1,13,8,61.54,18,14,77.78
24,4,tail_2_3,39,0,1.5,1.5,5,2,9,4,44.44,7,3,42.86
24,4,tail_2_3,39,0,1.5,1.5,7,0,13,8,61.54,18,14,77.78
24,4,tail_2_3,39,0,1.5,1.5,7,1,13,8,61.54,18,14,77.78
24,4,tail_2_3,39,0,1.5,1.5,7,2,9,4,44.44,7,3,42.86
24,4,tail_2_3,39,0,1.5,3,5,0,11,6,54.55,14,13,92.86
24,4,tail_2_3,39,0,1.5,3,5,1,11,6,54.55,14,13,92.86
24,4,tail_2_3,39,0,1.5,3,5,2,8,3,37.5,4,3,75.0
24,4,tail_2_3,39,0,1.5,3,7,0,11,6,54.55,14,13,92.86
24,4,tail_2_3,39,0,1.5,3,7,1,11,6,54.55,14,13,92.86
24,4,tail_2_3,39,0,1.5,3,7,2,8,3,37.5,4,3,75.0
24,4,tail_2_3,39,0,3,1.5,5,0,11,7,63.64,16,14,87.5
24,4,tail_2_3,39,0,3,1.5,5,1,11,7,63.64,16,14,87.5
24,4,tail_2_3,39,0,3,1.5,5,2,7,3,42.86,5,3,60.0
24,4,tail_2_3,39,0,3,1.5,7,0,11,7,63.64,16,14,87.5
24,4,tail_2_3,39,0,3,1.5,7,1,11,7,63.64,16,14,87.5
24,4,tail_2_3,39,0,3,1.5,7,2,7,3,42.86,5,3,60.0
24,4,tail_2_3,39,0,3,3,5,0,10,6,60.0,14,13,92.86
24,4,tail_2_3,39,0,3,3,5,1,10,6,60.0,14,13,92.86
24,4,tail_2_3,39,0,3,3,5,2,7,3,42.86,4,3,75.0
24,4,tail_2_3,39,0,3,3,7,0,10,6,60.0,14,13,92.86
24,4,tail_2_3,39,0,3,3,7,1,10,6,60.0,14,13,92.86
24,4,tail_2_3,39,0,3,3,7,2,7,3,42.86,4,3,75.0
24,4,tail_2_3,39,10,1.5,1.5,5,0,9,7,77.78,11,10,90.91
24,4,tail_2_3,39,10,1.5,1.5,5,1,9,7,77.78,11,10,90.91
24,4,tail_2_3,39,10,1.5,1.5,5,2,5,3,60.0,3,2,66.67
24,4,tail_2_3,39,10,1.5,1.5,7,0,9,7,77.78,11,10,90.91
24,4,tail_2_3,39,10,1.5,1.5,7,1,9,7,77.78,11,10,90.91
24,4,tail_2_3,39,10,1.5,1.5,7,2,5,3,60.0,3,2,66.67
24,4,tail_2_3,39,10,1.5,3,5,0,8,6,75.0,10,10,100.0
24,4,tail_2_3,39,10,1.5,3,5,1,8,6,75.0,10,10,100.0
24,4,tail_2_3,39,10,1.5,3,5,2,5,3,60.0,2,2,100.0
24,4,tail_2_3,39,10,1.5,3,7,0,8,6,75.0,10,10,100.0
24,4,tail_2_3,39,10,1.5,3,7,1,8,6,75.0,10,10,100.0
24,4,tail_2_3,39,10,1.5,3,7,2,5,3,60.0,2,2,100.0
24,4,tail_2_3,39,10,3,1.5,5,0,9,7,77.78,11,10,90.91
24,4,tail_2_3,39,10,3,1.5,5,1,9,7,77.78,11,10,90.91
24,4,tail_2_3,39,10,3,1.5,5,2,5,3,60.0,3,2,66.67
24,4,tail_2_3,39,10,3,1.5,7,0,9,7,77.78,11,10,90.91
24,4,tail_2_3,39,10,3,1.5,7,1,9,7,77.78,11,10,90.91
24,4,tail_2_3,39,10,3,1.5,7,2,5,3,60.0,3,2,66.67
24,4,tail_2_3,39,10,3,3,5,0,8,6,75.0,10,10,100.0
24,4,tail_2_3,39,10,3,3,5,1,8,6,75.0,10,10,100.0
24,4,tail_2_3,39,10,3,3,5,2,5,3,60.0,2,2,100.0
24,4,tail_2_3,39,10,3,3,7,0,8,6,75.0,10,10,100.0
24,4,tail_2_3,39,10,3,3,7,1,8,6,75.0,10,10,100.0
24,4,tail_2_3,39,10,3,3,7,2,5,3,60.0,2,2,100.0
24,4,tail_2_3,39,15,1.5,1.5,5,0,7,5,71.43,8,7,87.5
24,4,tail_2_3,39,15,1.5,1.5,5,1,7,5,71.43,8,7,87.5
24,4,tail_2_3,39,15,1.5,1.5,5,2,4,2,50.0,3,2,66.67
24,4,tail_2_3,39,15,1.5,1.5,7,0,7,5,71.43,8,7,87.5
24,4,tail_2_3,39,15,1.5,1.5,7,1,7,5,71.43,8,7,87.5
24,4,tail_2_3,39,15,1.5,1.5,7,2,4,2,50.0,3,2,66.67
24,4,tail_2_3,39,15,1.5,3,5,0,6,4,66.67,7,7,100.0
24,4,tail_2_3,39,15,1.5,3,5,1,6,4,66.67,7,7,100.0
24,4,tail_2_3,39,15,1.5,3,5,2,4,2,50.0,2,2,100.0
24,4,tail_2_3,39,15,1.5,3,7,0,6,4,66.67,7,7,100.0
24,4,tail_2_3,39,15,1.5,3,7,1,6,4,66.67,7,7,100.0
24,4,tail_2_3,39,15,1.5,3,7,2,4,2,50.0,2,2,100.0
24,4,tail_2_3,39,15,3,1.5,5,0,7,5,71.43,8,7,87.5
24,4,tail_2_3,39,15,3,1.5,5,1,7,5,71.43,8,7,87.5
24,4,tail_2_3,39,15,3,1.5,5,2,4,2,50.0,3,2,66.67
24,4,tail_2_3,39,15,3,1.5,7,0,7,5,71.43,8,7,87.5
24,4,tail_2_3,39,15,3,1.5,7,1,7,5,71.43,8,7,87.5
24,4,tail_2_3,39,15,3,1.5,7,2,4,2,50.0,3,2,66.67
24,4,tail_2_3,39,15,3,3,5,0,6,4,66.67,7,7,100.0
24,4,tail_2_3,39,15,3,3,5,1,6,4,66.67,7,7,100.0
24,4,tail_2_3,39,15,3,3,5,2,4,2,50.0,2,2,100.0
24,4,tail_2_3,39,15,3,3,7,0,6,4,66.67,7,7,100.0
24,4,tail_2_3,39,15,3,3,7,1,6,4,66.67,7,7,100.0
24,4,tail_2_3,39,15,3,3,7,2,4,2,50.0,2,2,100.0
24,4,tail_2_3,45,0,1.5,1.5,5,0,11,7,63.64,17,14,82.35
24,4,tail_2_3,45,0,1.5,1.5,5,1,11,7,63.64,17,14,82.35
24,4,tail_2_3,45,0,1.5,1.5,5,2,7,3,42.86,6,3,50.0
24,4,tail_2_3,45,0,1.5,1.5,7,0,11,7,63.64,17,14,82.35
24,4,tail_2_3,45,0,1.5,1.5,7,1,11,7,63.64,17,14,82.35
24,4,tail_2_3,45,0,1.5,1.5,7,2,7,3,42.86,6,3,50.0
24,4,tail_2_3,45,0,1.5,3,5,0,10,6,60.0,14,13,92.86
24,4,tail_2_3,45,0,1.5,3,5,1,10,6,60.0,14,13,92.86
24,4,tail_2_3,45,0,1.5,3,5,2,7,3,42.86,4,3,75.0
24,4,tail_2_3,45,0,1.5,3,7,0,10,6,60.0,14,13,92.86
24,4,tail_2_3,45,0,1.5,3,7,1,10,6,60.0,14,13,92.86
24,4,tail_2_3,45,0,1.5,3,7,2,7,3,42.86,4,3,75.0
24,4,tail_2_3,45,0,3,1.5,5,0,11,7,63.64,16,14,87.5
24,4,tail_2_3,45,0,3,1.5,5,1,11,7,63.64,16,14,87.5
24,4,tail_2_3,45,0,3,1.5,5,2,7,3,42.86,5,3,60.0
24,4,tail_2_3,45,0,3,1.5,7,0,11,7,63.64,16,14,87.5
24,4,tail_2_3,45,0,3,1.5,7,1,11,7,63.64,16,14,87.5
24,4,tail_2_3,45,0,3,1.5,7,2,7,3,42.86,5,3,60.0
24,4,tail_2_3,45,0,3,3,5,0,10,6,60.0,14,13,92.86
24,4,tail_2_3,45,0,3,3,5,1,10,6,60.0,14,13,92.86
24,4,tail_2_3,45,0,3,3,5,2,7,3,42.86,4,3,75.0
24,4,tail_2_3,45,0,3,3,7,0,10,6,60.0,14,13,92.86
24,4,tail_2_3,45,0,3,3,7,1,10,6,60.0,14,13,92.86
24,4,tail_2_3,45,0,3,3,7,2,7,3,42.86,4,3,75.0
24,4,tail_2_3,45,10,1.5,1.5,5,0,9,7,77.78,11,10,90.91
24,4,tail_2_3,45,10,1.5,1.5,5,1,9,7,77.78,11,10,90.91
24,4,tail_2_3,45,10,1.5,1.5,5,2,5,3,60.0,3,2,66.67
24,4,tail_2_3,45,10,1.5,1.5,7,0,9,7,77.78,11,10,90.91
24,4,tail_2_3,45,10,1.5,1.5,7,1,9,7,77.78,11,10,90.91
24,4,tail_2_3,45,10,1.5,1.5,7,2,5,3,60.0,3,2,66.67
24,4,tail_2_3,45,10,1.5,3,5,0,8,6,75.0,10,10,100.0
24,4,tail_2_3,45,10,1.5,3,5,1,8,6,75.0,10,10,100.0
24,4,tail_2_3,45,10,1.5,3,5,2,5,3,60.0,2,2,100.0
24,4,tail_2_3,45,10,1.5,3,7,0,8,6,75.0,10,10,100.0
24,4,tail_2_3,45,10,1.5,3,7,1,8,6,75.0,10,10,100.0
24,4,tail_2_3,45,10,1.5,3,7,2,5,3,60.0,2,2,100.0
24,4,tail_2_3,45,10,3,1.5,5,0,9,7,77.78,11,10,90.91
24,4,tail_2_3,45,10,3,1.5,5,1,9,7,77.78,11,10,90.91
24,4,tail_2_3,45,10,3,1.5,5,2,5,3,60.0,3,2,66.67
24,4,tail_2_3,45,10,3,1.5,7,0,9,7,77.78,11,10,90.91
24,4,tail_2_3,45,10,3,1.5,7,1,9,7,77.78,11,10,90.91
24,4,tail_2_3,45,10,3,1.5,7,2,5,3,60.0,3,2,66.67
24,4,tail_2_3,45,10,3,3,5,0,8,6,75.0,10,10,100.0
24,4,tail_2_3,45,10,3,3,5,1,8,6,75.0,10,10,100.0
24,4,tail_2_3,45,10,3,3,5,2,5,3,60.0,2,2,100.0
24,4,tail_2_3,45,10,3,3,7,0,8,6,75.0,10,10,100.0
24,4,tail_2_3,45,10,3,3,7,1,8,6,75.0,10,10,100.0
24,4,tail_2_3,45,10,3,3,7,2,5,3,60.0,2,2,100.0
24,4,tail_2_3,45,15,1.5,1.5,5,0,7,5,71.43,8,7,87.5
24,4,tail_2_3,45,15,1.5,1.5,5,1,7,5,71.43,8,7,87.5
24,4,tail_2_3,45,15,1.5,1.5,5,2,4,2,50.0,3,2,66.67
24,4,tail_2_3,45,15,1.5,1.5,7,0,7,5,71.43,8,7,87.5
24,4,tail_2_3,45,15,1.5,1.5,7,1,7,5,71.43,8,7,87.5
24,4,tail_2_3,45,15,1.5,1.5,7,2,4,2,50.0,3,2,66.67
24,4,tail_2_3,45,15,1.5,3,5,0,6,4,66.67,7,7,100.0
24,4,tail_2_3,45,15,1.5,3,5,1,6,4,66.67,7,7,100.0
24,4,tail_2_3,45,15,1.5,3,5,2,4,2,50.0,2,2,100.0
24,4,tail_2_3,45,15,1.5,3,7,0,6,4,66.67,7,7,100.0
24,4,tail_2_3,45,15,1.5,3,7,1,6,4,66.67,7,7,100.0
24,4,tail_2_3,45,15,1.5,3,7,2,4,2,50.0,2,2,100.0
24,4,tail_2_3,45,15,3,1.5,5,0,7,5,71.43,8,7,87.5
24,4,tail_2_3,45,15,3,1.5,5,1,7,5,71.43,8,7,87.5
24,4,tail_2_3,45,15,3,1.5,5,2,4,2,50.0,3,2,66.67
24,4,tail_2_3,45,15,3,1.5,7,0,7,5,71.43,8,7,87.5
24,4,tail_2_3,45,15,3,1.5,7,1,7,5,71.43,8,7,87.5
24,4,tail_2_3,45,15,3,1.5,7,2,4,2,50.0,3,2,66.67
24,4,tail_2_3,45,15,3,3,5,0,6,4,66.67,7,7,100.0
24,4,tail_2_3,45,15,3,3,5,1,6,4,66.67,7,7,100.0
24,4,tail_2_3,45,15,3,3,5,2,4,2,50.0,2,2,100.0
24,4,tail_2_3,45,15,3,3,7,0,6,4,66.67,7,7,100.0
24,4,tail_2_3,45,15,3,3,7,1,6,4,66.67,7,7,100.0
24,4,tail_2_3,45,15,3,3,7,2,4,2,50.0,2,2,100.0
24,4,tail_ge4,20,0,1.5,1.5,5,0,2,1,50.0,7,5,71.43
24,4,tail_ge4,20,0,1.5,1.5,7,0,2,1,50.0,7,5,71.43
24,4,tail_ge4,20,0,1.5,3,5,0,2,1,50.0,7,5,71.43
24,4,tail_ge4,20,0,1.5,3,7,0,2,1,50.0,7,5,71.43
24,4,tail_ge4,20,0,3,1.5,5,0,2,1,50.0,7,5,71.43
24,4,tail_ge4,20,0,3,1.5,7,0,2,1,50.0,7,5,71.43
24,4,tail_ge4,20,0,3,3,5,0,2,1,50.0,7,5,71.43
24,4,tail_ge4,20,0,3,3,7,0,2,1,50.0,7,5,71.43
24,4,tail_ge4,20,10,1.5,1.5,5,0,1,0,0.0,6,4,66.67
24,4,tail_ge4,20,10,1.5,1.5,7,0,1,0,0.0,6,4,66.67
24,4,tail_ge4,20,10,1.5,3,5,0,1,0,0.0,6,4,66.67
24,4,tail_ge4,20,10,1.5,3,7,0,1,0,0.0,6,4,66.67
24,4,tail_ge4,20,10,3,1.5,5,0,1,0,0.0,6,4,66.67
24,4,tail_ge4,20,10,3,1.5,7,0,1,0,0.0,6,4,66.67
24,4,tail_ge4,20,10,3,3,5,0,1,0,0.0,6,4,66.67
24,4,tail_ge4,20,10,3,3,7,0,1,0,0.0,6,4,66.67
24,4,tail_ge4,30,0,1.5,1.5,5,0,2,1,50.0,7,5,71.43
24,4,tail_ge4,30,0,1.5,1.5,7,0,2,1,50.0,7,5,71.43
24,4,tail_ge4,30,0,1.5,3,5,0,2,1,50.0,7,5,71.43
24,4,tail_ge4,30,0,1.5,3,7,0,2,1,50.0,7,5,71.43
24,4,tail_ge4,30,0,3,1.5,5,0,2,1,50.0,7,5,71.43
24,4,tail_ge4,30,0,3,1.5,7,0,2,1,50.0,7,5,71.43
24,4,tail_ge4,30,0,3,3,5,0,2,1,50.0,7,5,71.43
24,4,tail_ge4,30,0,3,3,7,0,2,1,50.0,7,5,71.43
24,4,tail_ge4,30,10,1.5,1.5,5,0,1,0,0.0,6,4,66.67
24,4,tail_ge4,30,10,1.5,1.5,7,0,1,0,0.0,6,4,66.67
24,4,tail_ge4,30,10,1.5,3,5,0,1,0,0.0,6,4,66.67
24,4,tail_ge4,30,10,1.5,3,7,0,1,0,0.0,6,4,66.67
24,4,tail_ge4,30,10,3,1.5,5,0,1,0,0.0,6,4,66.67
24,4,tail_ge4,30,10,3,1.5,7,0,1,0,0.0,6,4,66.67
24,4,tail_ge4,30,10,3,3,5,0,1,0,0.0,6,4,66.67
24,4,tail_ge4,30,10,3,3,7,0,1,0,0.0,6,4,66.67
24,4,tail_ge4,39,0,1.5,1.5,5,0,2,1,50.0,7,5,71.43
24,4,tail_ge4,39,0,1.5,1.5,7,0,2,1,50.0,7,5,71.43
24,4,tail_ge4,39,0,1.5,3,5,0,2,1,50.0,7,5,71.43
24,4,tail_ge4,39,0,1.5,3,7,0,2,1,50.0,7,5,71.43
24,4,tail_ge4,39,0,3,1.5,5,0,2,1,50.0,7,5,71.43
24,4,tail_ge4,39,0,3,1.5,7,0,2,1,50.0,7,5,71.43
24,4,tail_ge4,39,0,3,3,5,0,2,1,50.0,7,5,71.43
24,4,tail_ge4,39,0,3,3,7,0,2,1,50.0,7,5,71.43
24,4,tail_ge4,39,10,1.5,1.5,5,0,1,0,0.0,6,4,66.67
24,4,tail_ge4,39,10,1.5,1.5,7,0,1,0,0.0,6,4,66.67
24,4,tail_ge4,39,10,1.5,3,5,0,1,0,0.0,6,4,66.67
24,4,tail_ge4,39,10,1.5,3,7,0,1,0,0.0,6,4,66.67
24,4,tail_ge4,39,10,3,1.5,5,0,1,0,0.0,6,4,66.67
24,4,tail_ge4,39,10,3,1.5,7,0,1,0,0.0,6,4,66.67
24,4,tail_ge4,39,10,3,3,5,0,1,0,0.0,6,4,66.67
24,4,tail_ge4,39,10,3,3,7,0,1,0,0.0,6,4,66.67
24,4,tail_ge4,45,0,1.5,1.5,5,0,2,1,50.0,7,5,71.43
24,4,tail_ge4,45,0,1.5,1.5,7,0,2,1,50.0,7,5,71.43
24,4,tail_ge4,45,0,1.5,3,5,0,2,1,50.0,7,5,71.43
24,4,tail_ge4,45,0,1.5,3,7,0,2,1,50.0,7,5,71.43
24,4,tail_ge4,45,0,3,1.5,5,0,2,1,50.0,7,5,71.43
24,4,tail_ge4,45,0,3,1.5,7,0,2,1,50.0,7,5,71.43
24,4,tail_ge4,45,0,3,3,5,0,2,1,50.0,7,5,71.43
24,4,tail_ge4,45,0,3,3,7,0,2,1,50.0,7,5,71.43
24,4,tail_ge4,45,10,1.5,1.5,5,0,1,0,0.0,6,4,66.67
24,4,tail_ge4,45,10,1.5,1.5,7,0,1,0,0.0,6,4,66.67
24,4,tail_ge4,45,10,1.5,3,5,0,1,0,0.0,6,4,66.67
24,4,tail_ge4,45,10,1.5,3,7,0,1,0,0.0,6,4,66.67
24,4,tail_ge4,45,10,3,1.5,5,0,1,0,0.0,6,4,66.67
24,4,tail_ge4,45,10,3,1.5,7,0,1,0,0.0,6,4,66.67
24,4,tail_ge4,45,10,3,3,5,0,1,0,0.0,6,4,66.67
24,4,tail_ge4,45,10,3,3,7,0,1,0,0.0,6,4,66.67
