BarNumber,Time,Group,Families,Direction,Horizon,Mode,Armed,ExitReason,PnlTicks
1025,2026-08-03 06:32:55.424,EMA_BOUNCE,EMA8,1,12,BREAK_EVEN,False,NO_TICK_WINDOW,
1025,2026-08-03 06:32:55.424,EMA_BOUNCE,EMA8,1,12,NO_BREAK_EVEN,False,NO_TICK_WINDOW,
1025,2026-08-03 06:32:55.424,EMA_BOUNCE,EMA8,1,24,BREAK_EVEN,False,NO_TICK_WINDOW,
1025,2026-08-03 06:32:55.424,EMA_BOUNCE,EMA8,1,24,NO_BREAK_EVEN,False,NO_TICK_WINDOW,
1025,2026-08-03 06:32:55.424,EMA_BOUNCE,EMA8,1,48,BREAK_EVEN,False,NO_TICK_WINDOW,
1025,2026-08-03 06:32:55.424,EMA_BOUNCE,EMA8,1,48,NO_BREAK_EVEN,False,NO_TICK_WINDOW,
1027,2026-08-03 06:33:01.816,EMA_BOUNCE,EMA8,1,12,BREAK_EVEN,False,NO_TICK_WINDOW,
1027,2026-08-03 06:33:01.816,EMA_BOUNCE,EMA8,1,12,NO_BREAK_EVEN,False,NO_TICK_WINDOW,
1027,2026-08-03 06:33:01.816,EMA_BOUNCE,EMA8,1,24,BREAK_EVEN,False,NO_TICK_WINDOW,
1027,2026-08-03 06:33:01.816,EMA_BOUNCE,EMA8,1,24,NO_BREAK_EVEN,False,NO_TICK_WINDOW,
1027,2026-08-03 06:33:01.816,EMA_BOUNCE,EMA8,1,48,BREAK_EVEN,False,NO_TICK_WINDOW,
1027,2026-08-03 06:33:01.816,EMA_BOUNCE,EMA8,1,48,NO_BREAK_EVEN,False,NO_TICK_WINDOW,
1029,2026-08-03 06:33:05.364,EMA_BOUNCE,EMA24,1,12,BREAK_EVEN,False,NO_TICK_WINDOW,
1029,2026-08-03 06:33:05.364,EMA_BOUNCE,EMA24,1,12,NO_BREAK_EVEN,False,NO_TICK_WINDOW,
1029,2026-08-03 06:33:05.364,EMA_BOUNCE,EMA24,1,24,BREAK_EVEN,False,NO_TICK_WINDOW,
1029,2026-08-03 06:33:05.364,EMA_BOUNCE,EMA24,1,24,NO_BREAK_EVEN,False,NO_TICK_WINDOW,
1029,2026-08-03 06:33:05.364,EMA_BOUNCE,EMA24,1,48,BREAK_EVEN,False,NO_TICK_WINDOW,
1029,2026-08-03 06:33:05.364,EMA_BOUNCE,EMA24,1,48,NO_BREAK_EVEN,False,NO_TICK_WINDOW,
1031,2026-08-03 06:33:11.392,EMA_BOUNCE,EMA24,1,12,BREAK_EVEN,False,NO_TICK_WINDOW,
1031,2026-08-03 06:33:11.392,EMA_BOUNCE,EMA24,1,12,NO_BREAK_EVEN,False,NO_TICK_WINDOW,
1031,2026-08-03 06:33:11.392,EMA_BOUNCE,EMA24,1,24,BREAK_EVEN,False,NO_TICK_WINDOW,
1031,2026-08-03 06:33:11.392,EMA_BOUNCE,EMA24,1,24,NO_BREAK_EVEN,False,NO_TICK_WINDOW,
1031,2026-08-03 06:33:11.392,EMA_BOUNCE,EMA24,1,48,BREAK_EVEN,False,NO_TICK_WINDOW,
1031,2026-08-03 06:33:11.392,EMA_BOUNCE,EMA24,1,48,NO_BREAK_EVEN,False,NO_TICK_WINDOW,
1035,2026-08-03 06:33:28.280,PIN7,PIN7,1,12,BREAK_EVEN,False,NO_TICK_WINDOW,
1035,2026-08-03 06:33:28.280,PIN7,PIN7,1,12,NO_BREAK_EVEN,False,NO_TICK_WINDOW,
1035,2026-08-03 06:33:28.280,PIN7,PIN7,1,24,BREAK_EVEN,False,NO_TICK_WINDOW,
1035,2026-08-03 06:33:28.280,PIN7,PIN7,1,24,NO_BREAK_EVEN,False,NO_TICK_WINDOW,
1035,2026-08-03 06:33:28.280,PIN7,PIN7,1,48,BREAK_EVEN,False,NO_TICK_WINDOW,
1035,2026-08-03 06:33:28.280,PIN7,PIN7,1,48,NO_BREAK_EVEN,False,NO_TICK_WINDOW,
1047,2026-08-03 06:34:11.036,PIN_STRICT,PIN,1,12,BREAK_EVEN,False,NO_TICK_WINDOW,
1047,2026-08-03 06:34:11.036,PIN_STRICT,PIN,1,12,NO_BREAK_EVEN,False,NO_TICK_WINDOW,
1047,2026-08-03 06:34:11.036,PIN_STRICT,PIN,1,24,BREAK_EVEN,False,NO_TICK_WINDOW,
1047,2026-08-03 06:34:11.036,PIN_STRICT,PIN,1,24,NO_BREAK_EVEN,False,NO_TICK_WINDOW,
1047,2026-08-03 06:34:11.036,PIN_STRICT,PIN,1,48,BREAK_EVEN,False,NO_TICK_WINDOW,
1047,2026-08-03 06:34:11.036,PIN_STRICT,PIN,1,48,NO_BREAK_EVEN,False,NO_TICK_WINDOW,
1051,2026-08-03 06:34:29.936,EMA_BOUNCE,EMA8,1,12,BREAK_EVEN,False,NO_TICK_WINDOW,
1051,2026-08-03 06:34:29.936,EMA_BOUNCE,EMA8,1,12,NO_BREAK_EVEN,False,NO_TICK_WINDOW,
1051,2026-08-03 06:34:29.936,EMA_BOUNCE,EMA8,1,24,BREAK_EVEN,False,NO_TICK_WINDOW,
1051,2026-08-03 06:34:29.936,EMA_BOUNCE,EMA8,1,24,NO_BREAK_EVEN,False,NO_TICK_WINDOW,
1051,2026-08-03 06:34:29.936,EMA_BOUNCE,EMA8,1,48,BREAK_EVEN,False,NO_TICK_WINDOW,
1051,2026-08-03 06:34:29.936,EMA_BOUNCE,EMA8,1,48,NO_BREAK_EVEN,False,NO_TICK_WINDOW,
1069,2026-08-03 06:35:44.004,PIN_STRICT,PIN,1,12,BREAK_EVEN,False,NO_TICK_WINDOW,
1069,2026-08-03 06:35:44.004,PIN_STRICT,PIN,1,12,NO_BREAK_EVEN,False,NO_TICK_WINDOW,
1069,2026-08-03 06:35:44.004,PIN_STRICT,PIN,1,24,BREAK_EVEN,False,NO_TICK_WINDOW,
1069,2026-08-03 06:35:44.004,PIN_STRICT,PIN,1,24,NO_BREAK_EVEN,False,NO_TICK_WINDOW,
1069,2026-08-03 06:35:44.004,PIN_STRICT,PIN,1,48,BREAK_EVEN,False,NO_TICK_WINDOW,
1069,2026-08-03 06:35:44.004,PIN_STRICT,PIN,1,48,NO_BREAK_EVEN,False,NO_TICK_WINDOW,
1072,2026-08-03 06:36:04.044,EMA_BOUNCE,EMA8,1,12,BREAK_EVEN,False,NO_TICK_WINDOW,
1072,2026-08-03 06:36:04.044,EMA_BOUNCE,EMA8,1,12,NO_BREAK_EVEN,False,NO_TICK_WINDOW,
1072,2026-08-03 06:36:04.044,EMA_BOUNCE,EMA8,1,24,BREAK_EVEN,False,NO_TICK_WINDOW,
1072,2026-08-03 06:36:04.044,EMA_BOUNCE,EMA8,1,24,NO_BREAK_EVEN,False,NO_TICK_WINDOW,
1072,2026-08-03 06:36:04.044,EMA_BOUNCE,EMA8,1,48,BREAK_EVEN,False,NO_TICK_WINDOW,
1072,2026-08-03 06:36:04.044,EMA_BOUNCE,EMA8,1,48,NO_BREAK_EVEN,False,NO_TICK_WINDOW,
1081,2026-08-03 06:36:52.268,PIN7,PIN7,1,12,BREAK_EVEN,False,NO_TICK_WINDOW,
1081,2026-08-03 06:36:52.268,PIN7,PIN7,1,12,NO_BREAK_EVEN,False,NO_TICK_WINDOW,
1081,2026-08-03 06:36:52.268,PIN7,PIN7,1,24,BREAK_EVEN,False,NO_TICK_WINDOW,
1081,2026-08-03 06:36:52.268,PIN7,PIN7,1,24,NO_BREAK_EVEN,False,NO_TICK_WINDOW,
1081,2026-08-03 06:36:52.268,PIN7,PIN7,1,48,BREAK_EVEN,False,NO_TICK_WINDOW,
1081,2026-08-03 06:36:52.268,PIN7,PIN7,1,48,NO_BREAK_EVEN,False,NO_TICK_WINDOW,
1167,2026-08-03 06:43:36.976,EMA_BOUNCE,EMA50,-1,12,BREAK_EVEN,False,NO_TICK_WINDOW,
1167,2026-08-03 06:43:36.976,EMA_BOUNCE,EMA50,-1,12,NO_BREAK_EVEN,False,NO_TICK_WINDOW,
1167,2026-08-03 06:43:36.976,EMA_BOUNCE,EMA50,-1,24,BREAK_EVEN,False,NO_TICK_WINDOW,
1167,2026-08-03 06:43:36.976,EMA_BOUNCE,EMA50,-1,24,NO_BREAK_EVEN,False,NO_TICK_WINDOW,
1167,2026-08-03 06:43:36.976,EMA_BOUNCE,EMA50,-1,48,BREAK_EVEN,False,NO_TICK_WINDOW,
1167,2026-08-03 06:43:36.976,EMA_BOUNCE,EMA50,-1,48,NO_BREAK_EVEN,False,NO_TICK_WINDOW,
1319,2026-08-03 07:00:02.252,EMA_BOUNCE,EMA8,1,12,BREAK_EVEN,False,NO_TICK_WINDOW,
1319,2026-08-03 07:00:02.252,EMA_BOUNCE,EMA8,1,12,NO_BREAK_EVEN,False,NO_TICK_WINDOW,
1319,2026-08-03 07:00:02.252,EMA_BOUNCE,EMA8,1,24,BREAK_EVEN,False,NO_TICK_WINDOW,
1319,2026-08-03 07:00:02.252,EMA_BOUNCE,EMA8,1,24,NO_BREAK_EVEN,False,NO_TICK_WINDOW,
1319,2026-08-03 07:00:02.252,EMA_BOUNCE,EMA8,1,48,BREAK_EVEN,False,NO_TICK_WINDOW,
1319,2026-08-03 07:00:02.252,EMA_BOUNCE,EMA8,1,48,NO_BREAK_EVEN,False,NO_TICK_WINDOW,
1389,2026-08-03 07:10:26.840,PIN7,PIN7,1,12,BREAK_EVEN,False,NO_TICK_WINDOW,
1389,2026-08-03 07:10:26.840,PIN7,PIN7,1,12,NO_BREAK_EVEN,False,NO_TICK_WINDOW,
1389,2026-08-03 07:10:26.840,PIN7,PIN7,1,24,BREAK_EVEN,False,NO_TICK_WINDOW,
1389,2026-08-03 07:10:26.840,PIN7,PIN7,1,24,NO_BREAK_EVEN,False,NO_TICK_WINDOW,
1389,2026-08-03 07:10:26.840,PIN7,PIN7,1,48,BREAK_EVEN,False,NO_TICK_WINDOW,
1389,2026-08-03 07:10:26.840,PIN7,PIN7,1,48,NO_BREAK_EVEN,False,NO_TICK_WINDOW,
1393,2026-08-03 07:10:53.264,EMA_BOUNCE,EMA8,1,12,BREAK_EVEN,False,NO_TICK_WINDOW,
1393,2026-08-03 07:10:53.264,EMA_BOUNCE,EMA8,1,12,NO_BREAK_EVEN,False,NO_TICK_WINDOW,
1393,2026-08-03 07:10:53.264,EMA_BOUNCE,EMA8,1,24,BREAK_EVEN,False,NO_TICK_WINDOW,
1393,2026-08-03 07:10:53.264,EMA_BOUNCE,EMA8,1,24,NO_BREAK_EVEN,False,NO_TICK_WINDOW,
1393,2026-08-03 07:10:53.264,EMA_BOUNCE,EMA8,1,48,BREAK_EVEN,False,NO_TICK_WINDOW,
1393,2026-08-03 07:10:53.264,EMA_BOUNCE,EMA8,1,48,NO_BREAK_EVEN,False,NO_TICK_WINDOW,
1395,2026-08-03 07:11:24.544,EMA_BOUNCE,EMA8,1,12,BREAK_EVEN,False,NO_TICK_WINDOW,
1395,2026-08-03 07:11:24.544,EMA_BOUNCE,EMA8,1,12,NO_BREAK_EVEN,False,NO_TICK_WINDOW,
1395,2026-08-03 07:11:24.544,EMA_BOUNCE,EMA8,1,24,BREAK_EVEN,False,NO_TICK_WINDOW,
1395,2026-08-03 07:11:24.544,EMA_BOUNCE,EMA8,1,24,NO_BREAK_EVEN,False,NO_TICK_WINDOW,
1395,2026-08-03 07:11:24.544,EMA_BOUNCE,EMA8,1,48,BREAK_EVEN,False,NO_TICK_WINDOW,
1395,2026-08-03 07:11:24.544,EMA_BOUNCE,EMA8,1,48,NO_BREAK_EVEN,False,NO_TICK_WINDOW,
1399,2026-08-03 07:12:51.456,EMA_BOUNCE,EMA8,1,12,BREAK_EVEN,False,NO_TICK_WINDOW,
1399,2026-08-03 07:12:51.456,EMA_BOUNCE,EMA8,1,12,NO_BREAK_EVEN,False,NO_TICK_WINDOW,
1399,2026-08-03 07:12:51.456,EMA_BOUNCE,EMA8,1,24,BREAK_EVEN,False,NO_TICK_WINDOW,
1399,2026-08-03 07:12:51.456,EMA_BOUNCE,EMA8,1,24,NO_BREAK_EVEN,False,NO_TICK_WINDOW,
1399,2026-08-03 07:12:51.456,EMA_BOUNCE,EMA8,1,48,BREAK_EVEN,False,NO_TICK_WINDOW,
1399,2026-08-03 07:12:51.456,EMA_BOUNCE,EMA8,1,48,NO_BREAK_EVEN,False,NO_TICK_WINDOW,
1405,2026-08-03 07:14:15.036,EMA_BOUNCE,EMA50,1,12,BREAK_EVEN,False,NO_TICK_WINDOW,
1405,2026-08-03 07:14:15.036,EMA_BOUNCE,EMA50,1,12,NO_BREAK_EVEN,False,NO_TICK_WINDOW,
1405,2026-08-03 07:14:15.036,EMA_BOUNCE,EMA50,1,24,BREAK_EVEN,False,NO_TICK_WINDOW,
1405,2026-08-03 07:14:15.036,EMA_BOUNCE,EMA50,1,24,NO_BREAK_EVEN,False,NO_TICK_WINDOW,
1405,2026-08-03 07:14:15.036,EMA_BOUNCE,EMA50,1,48,BREAK_EVEN,False,NO_TICK_WINDOW,
1405,2026-08-03 07:14:15.036,EMA_BOUNCE,EMA50,1,48,NO_BREAK_EVEN,False,NO_TICK_WINDOW,
1408,2026-08-03 07:15:07.836,PIN7,PIN7,1,12,BREAK_EVEN,False,NO_TICK_WINDOW,
1408,2026-08-03 07:15:07.836,PIN7,PIN7,1,12,NO_BREAK_EVEN,False,NO_TICK_WINDOW,
1408,2026-08-03 07:15:07.836,PIN7,PIN7,1,24,BREAK_EVEN,False,NO_TICK_WINDOW,
1408,2026-08-03 07:15:07.836,PIN7,PIN7,1,24,NO_BREAK_EVEN,False,NO_TICK_WINDOW,
1408,2026-08-03 07:15:07.836,PIN7,PIN7,1,48,BREAK_EVEN,False,NO_TICK_WINDOW,
1408,2026-08-03 07:15:07.836,PIN7,PIN7,1,48,NO_BREAK_EVEN,False,NO_TICK_WINDOW,
1409,2026-08-03 07:15:32.676,PIN7,PIN7,1,12,BREAK_EVEN,False,NO_TICK_WINDOW,
1409,2026-08-03 07:15:32.676,PIN7,PIN7,1,12,NO_BREAK_EVEN,False,NO_TICK_WINDOW,
1409,2026-08-03 07:15:32.676,PIN7,PIN7,1,24,BREAK_EVEN,False,NO_TICK_WINDOW,
1409,2026-08-03 07:15:32.676,PIN7,PIN7,1,24,NO_BREAK_EVEN,False,NO_TICK_WINDOW,
1409,2026-08-03 07:15:32.676,PIN7,PIN7,1,48,BREAK_EVEN,False,NO_TICK_WINDOW,
1409,2026-08-03 07:15:32.676,PIN7,PIN7,1,48,NO_BREAK_EVEN,False,NO_TICK_WINDOW,
1410,2026-08-03 07:16:00.104,PIN7,PIN7,1,12,BREAK_EVEN,False,NO_TICK_WINDOW,
1410,2026-08-03 07:16:00.104,PIN7,PIN7,1,12,NO_BREAK_EVEN,False,NO_TICK_WINDOW,
1410,2026-08-03 07:16:00.104,PIN7,PIN7,1,24,BREAK_EVEN,False,NO_TICK_WINDOW,
1410,2026-08-03 07:16:00.104,PIN7,PIN7,1,24,NO_BREAK_EVEN,False,NO_TICK_WINDOW,
1410,2026-08-03 07:16:00.104,PIN7,PIN7,1,48,BREAK_EVEN,False,NO_TICK_WINDOW,
1410,2026-08-03 07:16:00.104,PIN7,PIN7,1,48,NO_BREAK_EVEN,False,NO_TICK_WINDOW,
1413,2026-08-03 07:16:53.480,PIN_STRICT,PIN,1,12,BREAK_EVEN,False,NO_TICK_WINDOW,
1413,2026-08-03 07:16:53.480,PIN_STRICT,PIN,1,12,NO_BREAK_EVEN,False,NO_TICK_WINDOW,
1413,2026-08-03 07:16:53.480,PIN_STRICT,PIN,1,24,BREAK_EVEN,False,NO_TICK_WINDOW,
1413,2026-08-03 07:16:53.480,PIN_STRICT,PIN,1,24,NO_BREAK_EVEN,False,NO_TICK_WINDOW,
1413,2026-08-03 07:16:53.480,PIN_STRICT,PIN,1,48,BREAK_EVEN,False,NO_TICK_WINDOW,
1413,2026-08-03 07:16:53.480,PIN_STRICT,PIN,1,48,NO_BREAK_EVEN,False,NO_TICK_WINDOW,
1423,2026-08-03 07:21:11.684,EMA_BOUNCE,EMA8,1,12,BREAK_EVEN,False,NO_TICK_WINDOW,
1423,2026-08-03 07:21:11.684,EMA_BOUNCE,EMA8,1,12,NO_BREAK_EVEN,False,NO_TICK_WINDOW,
1423,2026-08-03 07:21:11.684,EMA_BOUNCE,EMA8,1,24,BREAK_EVEN,False,NO_TICK_WINDOW,
1423,2026-08-03 07:21:11.684,EMA_BOUNCE,EMA8,1,24,NO_BREAK_EVEN,False,NO_TICK_WINDOW,
1423,2026-08-03 07:21:11.684,EMA_BOUNCE,EMA8,1,48,BREAK_EVEN,False,NO_TICK_WINDOW,
1423,2026-08-03 07:21:11.684,EMA_BOUNCE,EMA8,1,48,NO_BREAK_EVEN,False,NO_TICK_WINDOW,
1428,2026-08-03 07:23:56.052,PIN7,PIN7,1,12,BREAK_EVEN,False,NO_TICK_WINDOW,
1428,2026-08-03 07:23:56.052,PIN7,PIN7,1,12,NO_BREAK_EVEN,False,NO_TICK_WINDOW,
1428,2026-08-03 07:23:56.052,PIN7,PIN7,1,24,BREAK_EVEN,False,NO_TICK_WINDOW,
1428,2026-08-03 07:23:56.052,PIN7,PIN7,1,24,NO_BREAK_EVEN,False,NO_TICK_WINDOW,
1428,2026-08-03 07:23:56.052,PIN7,PIN7,1,48,BREAK_EVEN,False,NO_TICK_WINDOW,
1428,2026-08-03 07:23:56.052,PIN7,PIN7,1,48,NO_BREAK_EVEN,False,NO_TICK_WINDOW,
1449,2026-08-03 07:34:03.220,EMA_BOUNCE,EMA50,1,12,BREAK_EVEN,False,NO_TICK_WINDOW,
1449,2026-08-03 07:34:03.220,EMA_BOUNCE,EMA50,1,12,NO_BREAK_EVEN,False,NO_TICK_WINDOW,
1449,2026-08-03 07:34:03.220,EMA_BOUNCE,EMA50,1,24,BREAK_EVEN,False,NO_TICK_WINDOW,
1449,2026-08-03 07:34:03.220,EMA_BOUNCE,EMA50,1,24,NO_BREAK_EVEN,False,NO_TICK_WINDOW,
1449,2026-08-03 07:34:03.220,EMA_BOUNCE,EMA50,1,48,BREAK_EVEN,False,NO_TICK_WINDOW,
1449,2026-08-03 07:34:03.220,EMA_BOUNCE,EMA50,1,48,NO_BREAK_EVEN,False,NO_TICK_WINDOW,
1489,2026-08-03 07:58:58.816,EMA_BOUNCE,EMA8,1,12,BREAK_EVEN,False,NO_TICK_WINDOW,
1489,2026-08-03 07:58:58.816,EMA_BOUNCE,EMA8,1,12,NO_BREAK_EVEN,False,NO_TICK_WINDOW,
1489,2026-08-03 07:58:58.816,EMA_BOUNCE,EMA8,1,24,BREAK_EVEN,False,NO_TICK_WINDOW,
1489,2026-08-03 07:58:58.816,EMA_BOUNCE,EMA8,1,24,NO_BREAK_EVEN,False,NO_TICK_WINDOW,
1489,2026-08-03 07:58:58.816,EMA_BOUNCE,EMA8,1,48,BREAK_EVEN,False,NO_TICK_WINDOW,
1489,2026-08-03 07:58:58.816,EMA_BOUNCE,EMA8,1,48,NO_BREAK_EVEN,False,NO_TICK_WINDOW,
1696,2026-08-03 11:01:38.916,EMA_BOUNCE,EMA8,1,12,BREAK_EVEN,False,NO_TICK_WINDOW,
1696,2026-08-03 11:01:38.916,EMA_BOUNCE,EMA8,1,12,NO_BREAK_EVEN,False,NO_TICK_WINDOW,
1696,2026-08-03 11:01:38.916,EMA_BOUNCE,EMA8,1,24,BREAK_EVEN,False,NO_TICK_WINDOW,
1696,2026-08-03 11:01:38.916,EMA_BOUNCE,EMA8,1,24,NO_BREAK_EVEN,False,NO_TICK_WINDOW,
1696,2026-08-03 11:01:38.916,EMA_BOUNCE,EMA8,1,48,BREAK_EVEN,False,NO_TICK_WINDOW,
1696,2026-08-03 11:01:38.916,EMA_BOUNCE,EMA8,1,48,NO_BREAK_EVEN,False,NO_TICK_WINDOW,
1698,2026-08-03 11:03:05.052,EMA_BOUNCE,EMA8,1,12,BREAK_EVEN,False,NO_TICK_WINDOW,
1698,2026-08-03 11:03:05.052,EMA_BOUNCE,EMA8,1,12,NO_BREAK_EVEN,False,NO_TICK_WINDOW,
1698,2026-08-03 11:03:05.052,EMA_BOUNCE,EMA8,1,24,BREAK_EVEN,False,NO_TICK_WINDOW,
1698,2026-08-03 11:03:05.052,EMA_BOUNCE,EMA8,1,24,NO_BREAK_EVEN,False,NO_TICK_WINDOW,
1698,2026-08-03 11:03:05.052,EMA_BOUNCE,EMA8,1,48,BREAK_EVEN,False,NO_TICK_WINDOW,
1698,2026-08-03 11:03:05.052,EMA_BOUNCE,EMA8,1,48,NO_BREAK_EVEN,False,NO_TICK_WINDOW,
1700,2026-08-03 11:04:03.352,PIN7,PIN7,1,12,BREAK_EVEN,False,NO_TICK_WINDOW,
1700,2026-08-03 11:04:03.352,PIN7,PIN7,1,12,NO_BREAK_EVEN,False,NO_TICK_WINDOW,
1700,2026-08-03 11:04:03.352,PIN7,PIN7,1,24,BREAK_EVEN,False,NO_TICK_WINDOW,
1700,2026-08-03 11:04:03.352,PIN7,PIN7,1,24,NO_BREAK_EVEN,False,NO_TICK_WINDOW,
1700,2026-08-03 11:04:03.352,PIN7,PIN7,1,48,BREAK_EVEN,False,NO_TICK_WINDOW,
1700,2026-08-03 11:04:03.352,PIN7,PIN7,1,48,NO_BREAK_EVEN,False,NO_TICK_WINDOW,
1702,2026-08-03 11:05:08.452,PIN_STRICT,PIN,1,12,BREAK_EVEN,False,NO_TICK_WINDOW,
1702,2026-08-03 11:05:08.452,PIN_STRICT,PIN,1,12,NO_BREAK_EVEN,False,NO_TICK_WINDOW,
1702,2026-08-03 11:05:08.452,PIN_STRICT,PIN,1,24,BREAK_EVEN,False,NO_TICK_WINDOW,
1702,2026-08-03 11:05:08.452,PIN_STRICT,PIN,1,24,NO_BREAK_EVEN,False,NO_TICK_WINDOW,
1702,2026-08-03 11:05:08.452,PIN_STRICT,PIN,1,48,BREAK_EVEN,False,NO_TICK_WINDOW,
1702,2026-08-03 11:05:08.452,PIN_STRICT,PIN,1,48,NO_BREAK_EVEN,False,NO_TICK_WINDOW,
1717,2026-08-03 11:17:18.116,PIN7,PIN7,1,12,BREAK_EVEN,False,NO_TICK_WINDOW,
1717,2026-08-03 11:17:18.116,PIN7,PIN7,1,12,NO_BREAK_EVEN,False,NO_TICK_WINDOW,
1717,2026-08-03 11:17:18.116,PIN7,PIN7,1,24,BREAK_EVEN,False,NO_TICK_WINDOW,
1717,2026-08-03 11:17:18.116,PIN7,PIN7,1,24,NO_BREAK_EVEN,False,NO_TICK_WINDOW,
1717,2026-08-03 11:17:18.116,PIN7,PIN7,1,48,BREAK_EVEN,False,NO_TICK_WINDOW,
1717,2026-08-03 11:17:18.116,PIN7,PIN7,1,48,NO_BREAK_EVEN,False,NO_TICK_WINDOW,
1759,2026-08-03 11:46:47.456,EMA_BOUNCE,EMA24,1,12,BREAK_EVEN,False,NO_TICK_WINDOW,
1759,2026-08-03 11:46:47.456,EMA_BOUNCE,EMA24,1,12,NO_BREAK_EVEN,False,NO_TICK_WINDOW,
1759,2026-08-03 11:46:47.456,EMA_BOUNCE,EMA24,1,24,BREAK_EVEN,False,NO_TICK_WINDOW,
1759,2026-08-03 11:46:47.456,EMA_BOUNCE,EMA24,1,24,NO_BREAK_EVEN,False,NO_TICK_WINDOW,
1759,2026-08-03 11:46:47.456,EMA_BOUNCE,EMA24,1,48,BREAK_EVEN,False,NO_TICK_WINDOW,
1759,2026-08-03 11:46:47.456,EMA_BOUNCE,EMA24,1,48,NO_BREAK_EVEN,False,NO_TICK_WINDOW,
1773,2026-08-03 12:00:02.288,EMA_BOUNCE,EMA24,1,12,BREAK_EVEN,False,NO_TICK_WINDOW,
1773,2026-08-03 12:00:02.288,EMA_BOUNCE,EMA24,1,12,NO_BREAK_EVEN,False,NO_TICK_WINDOW,
1773,2026-08-03 12:00:02.288,EMA_BOUNCE,EMA24,1,24,BREAK_EVEN,False,NO_TICK_WINDOW,
1773,2026-08-03 12:00:02.288,EMA_BOUNCE,EMA24,1,24,NO_BREAK_EVEN,False,NO_TICK_WINDOW,
1773,2026-08-03 12:00:02.288,EMA_BOUNCE,EMA24,1,48,BREAK_EVEN,False,NO_TICK_WINDOW,
1773,2026-08-03 12:00:02.288,EMA_BOUNCE,EMA24,1,48,NO_BREAK_EVEN,False,NO_TICK_WINDOW,
1777,2026-08-03 12:02:15.008,PIN_STRICT,PIN,1,12,BREAK_EVEN,False,NO_TICK_WINDOW,
1777,2026-08-03 12:02:15.008,PIN_STRICT,PIN,1,12,NO_BREAK_EVEN,False,NO_TICK_WINDOW,
1777,2026-08-03 12:02:15.008,PIN_STRICT,PIN,1,24,BREAK_EVEN,False,NO_TICK_WINDOW,
1777,2026-08-03 12:02:15.008,PIN_STRICT,PIN,1,24,NO_BREAK_EVEN,False,NO_TICK_WINDOW,
1777,2026-08-03 12:02:15.008,PIN_STRICT,PIN,1,48,BREAK_EVEN,False,NO_TICK_WINDOW,
1777,2026-08-03 12:02:15.008,PIN_STRICT,PIN,1,48,NO_BREAK_EVEN,False,NO_TICK_WINDOW,
1778,2026-08-03 12:02:35.060,PIN_STRICT,PIN,1,12,BREAK_EVEN,False,NO_TICK_WINDOW,
1778,2026-08-03 12:02:35.060,PIN_STRICT,PIN,1,12,NO_BREAK_EVEN,False,NO_TICK_WINDOW,
1778,2026-08-03 12:02:35.060,PIN_STRICT,PIN,1,24,BREAK_EVEN,False,NO_TICK_WINDOW,
1778,2026-08-03 12:02:35.060,PIN_STRICT,PIN,1,24,NO_BREAK_EVEN,False,NO_TICK_WINDOW,
1778,2026-08-03 12:02:35.060,PIN_STRICT,PIN,1,48,BREAK_EVEN,False,NO_TICK_WINDOW,
1778,2026-08-03 12:02:35.060,PIN_STRICT,PIN,1,48,NO_BREAK_EVEN,False,NO_TICK_WINDOW,
1788,2026-08-03 12:08:25.948,EMA_BOUNCE,EMA50,1,12,BREAK_EVEN,False,NO_TICK_WINDOW,
1788,2026-08-03 12:08:25.948,EMA_BOUNCE,EMA50,1,12,NO_BREAK_EVEN,False,NO_TICK_WINDOW,
1788,2026-08-03 12:08:25.948,EMA_BOUNCE,EMA50,1,24,BREAK_EVEN,False,NO_TICK_WINDOW,
1788,2026-08-03 12:08:25.948,EMA_BOUNCE,EMA50,1,24,NO_BREAK_EVEN,False,NO_TICK_WINDOW,
1788,2026-08-03 12:08:25.948,EMA_BOUNCE,EMA50,1,48,BREAK_EVEN,False,NO_TICK_WINDOW,
1788,2026-08-03 12:08:25.948,EMA_BOUNCE,EMA50,1,48,NO_BREAK_EVEN,False,NO_TICK_WINDOW,
1793,2026-08-03 12:14:13.080,EMA_BOUNCE,EMA50,1,12,BREAK_EVEN,False,NO_TICK_WINDOW,
1793,2026-08-03 12:14:13.080,EMA_BOUNCE,EMA50,1,12,NO_BREAK_EVEN,False,NO_TICK_WINDOW,
1793,2026-08-03 12:14:13.080,EMA_BOUNCE,EMA50,1,24,BREAK_EVEN,False,NO_TICK_WINDOW,
1793,2026-08-03 12:14:13.080,EMA_BOUNCE,EMA50,1,24,NO_BREAK_EVEN,False,NO_TICK_WINDOW,
1793,2026-08-03 12:14:13.080,EMA_BOUNCE,EMA50,1,48,BREAK_EVEN,False,NO_TICK_WINDOW,
1793,2026-08-03 12:14:13.080,EMA_BOUNCE,EMA50,1,48,NO_BREAK_EVEN,False,NO_TICK_WINDOW,
1802,2026-08-03 12:28:02.888,PIN7,PIN7,1,12,BREAK_EVEN,False,NO_TICK_WINDOW,
1802,2026-08-03 12:28:02.888,PIN7,PIN7,1,12,NO_BREAK_EVEN,False,NO_TICK_WINDOW,
1802,2026-08-03 12:28:02.888,PIN7,PIN7,1,24,BREAK_EVEN,False,NO_TICK_WINDOW,
1802,2026-08-03 12:28:02.888,PIN7,PIN7,1,24,NO_BREAK_EVEN,False,NO_TICK_WINDOW,
1802,2026-08-03 12:28:02.888,PIN7,PIN7,1,48,BREAK_EVEN,False,NO_TICK_WINDOW,
1802,2026-08-03 12:28:02.888,PIN7,PIN7,1,48,NO_BREAK_EVEN,False,NO_TICK_WINDOW,
1862,2026-08-03 12:55:03.820,EMA_BOUNCE,EMA8,-1,12,BREAK_EVEN,False,NO_TICK_WINDOW,
1862,2026-08-03 12:55:03.820,EMA_BOUNCE,EMA8,-1,12,NO_BREAK_EVEN,False,NO_TICK_WINDOW,
1862,2026-08-03 12:55:03.820,EMA_BOUNCE,EMA8,-1,24,BREAK_EVEN,False,NO_TICK_WINDOW,
1862,2026-08-03 12:55:03.820,EMA_BOUNCE,EMA8,-1,24,NO_BREAK_EVEN,False,NO_TICK_WINDOW,
1862,2026-08-03 12:55:03.820,EMA_BOUNCE,EMA8,-1,48,BREAK_EVEN,False,NO_TICK_WINDOW,
1862,2026-08-03 12:55:03.820,EMA_BOUNCE,EMA8,-1,48,NO_BREAK_EVEN,False,NO_TICK_WINDOW,
1870,2026-08-03 12:58:00.088,EMA_BOUNCE,EMA24,-1,12,BREAK_EVEN,False,NO_TICK_WINDOW,
1870,2026-08-03 12:58:00.088,EMA_BOUNCE,EMA24,-1,12,NO_BREAK_EVEN,False,NO_TICK_WINDOW,
1870,2026-08-03 12:58:00.088,EMA_BOUNCE,EMA24,-1,24,BREAK_EVEN,False,NO_TICK_WINDOW,
1870,2026-08-03 12:58:00.088,EMA_BOUNCE,EMA24,-1,24,NO_BREAK_EVEN,False,NO_TICK_WINDOW,
1870,2026-08-03 12:58:00.088,EMA_BOUNCE,EMA24,-1,48,BREAK_EVEN,False,NO_TICK_WINDOW,
1870,2026-08-03 12:58:00.088,EMA_BOUNCE,EMA24,-1,48,NO_BREAK_EVEN,False,NO_TICK_WINDOW,
2587,2026-08-04 06:32:26.700,PIN7,PIN7,1,12,BREAK_EVEN,True,BAR_CLOSE_TRAIL,6.0000
2587,2026-08-04 06:32:26.700,PIN7,PIN7,1,12,NO_BREAK_EVEN,True,BAR_CLOSE_TRAIL,6.0000
2587,2026-08-04 06:32:26.700,PIN7,PIN7,1,24,BREAK_EVEN,True,BAR_CLOSE_TRAIL,6.0000
2587,2026-08-04 06:32:26.700,PIN7,PIN7,1,24,NO_BREAK_EVEN,True,BAR_CLOSE_TRAIL,6.0000
2587,2026-08-04 06:32:26.700,PIN7,PIN7,1,48,BREAK_EVEN,True,BAR_CLOSE_TRAIL,6.0000
2587,2026-08-04 06:32:26.700,PIN7,PIN7,1,48,NO_BREAK_EVEN,True,BAR_CLOSE_TRAIL,6.0000
2600,2026-08-04 06:36:28.908,PIN_STRICT,PIN,1,12,BREAK_EVEN,False,HARD_STOP,-10.0000
2600,2026-08-04 06:36:28.908,PIN_STRICT,PIN,1,12,NO_BREAK_EVEN,False,HARD_STOP,-10.0000
2600,2026-08-04 06:36:28.908,PIN_STRICT,PIN,1,24,BREAK_EVEN,False,HARD_STOP,-10.0000
2600,2026-08-04 06:36:28.908,PIN_STRICT,PIN,1,24,NO_BREAK_EVEN,False,HARD_STOP,-10.0000
2600,2026-08-04 06:36:28.908,PIN_STRICT,PIN,1,48,BREAK_EVEN,False,HARD_STOP,-10.0000
2600,2026-08-04 06:36:28.908,PIN_STRICT,PIN,1,48,NO_BREAK_EVEN,False,HARD_STOP,-10.0000
2624,2026-08-04 06:41:15.464,PIN7,PIN7,1,12,BREAK_EVEN,False,HARD_STOP,-10.0000
2624,2026-08-04 06:41:15.464,PIN7,PIN7,1,12,NO_BREAK_EVEN,False,HARD_STOP,-10.0000
2624,2026-08-04 06:41:15.464,PIN7,PIN7,1,24,BREAK_EVEN,False,HARD_STOP,-10.0000
2624,2026-08-04 06:41:15.464,PIN7,PIN7,1,24,NO_BREAK_EVEN,False,HARD_STOP,-10.0000
2624,2026-08-04 06:41:15.464,PIN7,PIN7,1,48,BREAK_EVEN,False,HARD_STOP,-10.0000
2624,2026-08-04 06:41:15.464,PIN7,PIN7,1,48,NO_BREAK_EVEN,False,HARD_STOP,-10.0000
2711,2026-08-04 07:01:15.116,EMA_BOUNCE,EMA8,1,12,BREAK_EVEN,True,BAR_CLOSE_TRAIL,14.0000
2711,2026-08-04 07:01:15.116,EMA_BOUNCE,EMA8,1,12,NO_BREAK_EVEN,True,BAR_CLOSE_TRAIL,14.0000
2711,2026-08-04 07:01:15.116,EMA_BOUNCE,EMA8,1,24,BREAK_EVEN,True,BAR_CLOSE_TRAIL,14.0000
2711,2026-08-04 07:01:15.116,EMA_BOUNCE,EMA8,1,24,NO_BREAK_EVEN,True,BAR_CLOSE_TRAIL,14.0000
2711,2026-08-04 07:01:15.116,EMA_BOUNCE,EMA8,1,48,BREAK_EVEN,True,BAR_CLOSE_TRAIL,14.0000
2711,2026-08-04 07:01:15.116,EMA_BOUNCE,EMA8,1,48,NO_BREAK_EVEN,True,BAR_CLOSE_TRAIL,14.0000
2713,2026-08-04 07:01:37.220,PIN7,PIN7,1,12,BREAK_EVEN,True,BAR_CLOSE_TRAIL,8.0000
2713,2026-08-04 07:01:37.220,PIN7,PIN7,1,12,NO_BREAK_EVEN,True,BAR_CLOSE_TRAIL,8.0000
2713,2026-08-04 07:01:37.220,PIN7,PIN7,1,24,BREAK_EVEN,True,BAR_CLOSE_TRAIL,8.0000
2713,2026-08-04 07:01:37.220,PIN7,PIN7,1,24,NO_BREAK_EVEN,True,BAR_CLOSE_TRAIL,8.0000
2713,2026-08-04 07:01:37.220,PIN7,PIN7,1,48,BREAK_EVEN,True,BAR_CLOSE_TRAIL,8.0000
2713,2026-08-04 07:01:37.220,PIN7,PIN7,1,48,NO_BREAK_EVEN,True,BAR_CLOSE_TRAIL,8.0000
2715,2026-08-04 07:02:09.032,PIN7,PIN7,1,12,BREAK_EVEN,True,BREAK_EVEN,0.0000
2715,2026-08-04 07:02:09.032,PIN7,PIN7,1,12,NO_BREAK_EVEN,True,BAR_CLOSE_TRAIL,1.0000
2715,2026-08-04 07:02:09.032,PIN7,PIN7,1,24,BREAK_EVEN,True,BREAK_EVEN,0.0000
2715,2026-08-04 07:02:09.032,PIN7,PIN7,1,24,NO_BREAK_EVEN,True,BAR_CLOSE_TRAIL,1.0000
2715,2026-08-04 07:02:09.032,PIN7,PIN7,1,48,BREAK_EVEN,True,BREAK_EVEN,0.0000
2715,2026-08-04 07:02:09.032,PIN7,PIN7,1,48,NO_BREAK_EVEN,True,BAR_CLOSE_TRAIL,1.0000
2716,2026-08-04 07:02:24.164,PIN7,PIN7,1,12,BREAK_EVEN,True,BREAK_EVEN,0.0000
2716,2026-08-04 07:02:24.164,PIN7,PIN7,1,12,NO_BREAK_EVEN,True,BAR_CLOSE_TRAIL,-2.0000
2716,2026-08-04 07:02:24.164,PIN7,PIN7,1,24,BREAK_EVEN,True,BREAK_EVEN,0.0000
2716,2026-08-04 07:02:24.164,PIN7,PIN7,1,24,NO_BREAK_EVEN,True,BAR_CLOSE_TRAIL,-2.0000
2716,2026-08-04 07:02:24.164,PIN7,PIN7,1,48,BREAK_EVEN,True,BREAK_EVEN,0.0000
2716,2026-08-04 07:02:24.164,PIN7,PIN7,1,48,NO_BREAK_EVEN,True,BAR_CLOSE_TRAIL,-2.0000
2736,2026-08-04 07:05:50.564,EMA_BOUNCE,EMA8,1,12,BREAK_EVEN,True,BAR_CLOSE_TRAIL,2.0000
2736,2026-08-04 07:05:50.564,EMA_BOUNCE,EMA8,1,12,NO_BREAK_EVEN,True,BAR_CLOSE_TRAIL,2.0000
2736,2026-08-04 07:05:50.564,EMA_BOUNCE,EMA8,1,24,BREAK_EVEN,True,BAR_CLOSE_TRAIL,2.0000
2736,2026-08-04 07:05:50.564,EMA_BOUNCE,EMA8,1,24,NO_BREAK_EVEN,True,BAR_CLOSE_TRAIL,2.0000
2736,2026-08-04 07:05:50.564,EMA_BOUNCE,EMA8,1,48,BREAK_EVEN,True,BAR_CLOSE_TRAIL,2.0000
2736,2026-08-04 07:05:50.564,EMA_BOUNCE,EMA8,1,48,NO_BREAK_EVEN,True,BAR_CLOSE_TRAIL,2.0000
2743,2026-08-04 07:08:25.252,EMA_BOUNCE,EMA8,1,12,BREAK_EVEN,True,BREAK_EVEN,0.0000
2743,2026-08-04 07:08:25.252,EMA_BOUNCE,EMA8,1,12,NO_BREAK_EVEN,True,BAR_CLOSE_TRAIL,-4.0000
2743,2026-08-04 07:08:25.252,EMA_BOUNCE,EMA8,1,24,BREAK_EVEN,True,BREAK_EVEN,0.0000
2743,2026-08-04 07:08:25.252,EMA_BOUNCE,EMA8,1,24,NO_BREAK_EVEN,True,BAR_CLOSE_TRAIL,-4.0000
2743,2026-08-04 07:08:25.252,EMA_BOUNCE,EMA8,1,48,BREAK_EVEN,True,BREAK_EVEN,0.0000
2743,2026-08-04 07:08:25.252,EMA_BOUNCE,EMA8,1,48,NO_BREAK_EVEN,True,BAR_CLOSE_TRAIL,-4.0000
2755,2026-08-04 07:14:56.764,PIN7,PIN7,1,12,BREAK_EVEN,True,BAR_CLOSE_TRAIL,2.0000
2755,2026-08-04 07:14:56.764,PIN7,PIN7,1,12,NO_BREAK_EVEN,True,BAR_CLOSE_TRAIL,2.0000
2755,2026-08-04 07:14:56.764,PIN7,PIN7,1,24,BREAK_EVEN,True,BAR_CLOSE_TRAIL,2.0000
2755,2026-08-04 07:14:56.764,PIN7,PIN7,1,24,NO_BREAK_EVEN,True,BAR_CLOSE_TRAIL,2.0000
2755,2026-08-04 07:14:56.764,PIN7,PIN7,1,48,BREAK_EVEN,True,BAR_CLOSE_TRAIL,2.0000
2755,2026-08-04 07:14:56.764,PIN7,PIN7,1,48,NO_BREAK_EVEN,True,BAR_CLOSE_TRAIL,2.0000
2760,2026-08-04 07:16:44.524,EMA_BOUNCE,EMA8,1,12,BREAK_EVEN,True,BAR_CLOSE_TRAIL,12.0000
2760,2026-08-04 07:16:44.524,EMA_BOUNCE,EMA8,1,12,NO_BREAK_EVEN,True,BAR_CLOSE_TRAIL,12.0000
2760,2026-08-04 07:16:44.524,EMA_BOUNCE,EMA8,1,24,BREAK_EVEN,True,BAR_CLOSE_TRAIL,12.0000
2760,2026-08-04 07:16:44.524,EMA_BOUNCE,EMA8,1,24,NO_BREAK_EVEN,True,BAR_CLOSE_TRAIL,12.0000
2760,2026-08-04 07:16:44.524,EMA_BOUNCE,EMA8,1,48,BREAK_EVEN,True,BAR_CLOSE_TRAIL,12.0000
2760,2026-08-04 07:16:44.524,EMA_BOUNCE,EMA8,1,48,NO_BREAK_EVEN,True,BAR_CLOSE_TRAIL,12.0000
2762,2026-08-04 07:17:18.796,EMA_BOUNCE,EMA8,1,12,BREAK_EVEN,True,BAR_CLOSE_TRAIL,9.0000
2762,2026-08-04 07:17:18.796,EMA_BOUNCE,EMA8,1,12,NO_BREAK_EVEN,True,BAR_CLOSE_TRAIL,9.0000
2762,2026-08-04 07:17:18.796,EMA_BOUNCE,EMA8,1,24,BREAK_EVEN,True,BAR_CLOSE_TRAIL,9.0000
2762,2026-08-04 07:17:18.796,EMA_BOUNCE,EMA8,1,24,NO_BREAK_EVEN,True,BAR_CLOSE_TRAIL,9.0000
2762,2026-08-04 07:17:18.796,EMA_BOUNCE,EMA8,1,48,BREAK_EVEN,True,BAR_CLOSE_TRAIL,9.0000
2762,2026-08-04 07:17:18.796,EMA_BOUNCE,EMA8,1,48,NO_BREAK_EVEN,True,BAR_CLOSE_TRAIL,9.0000
2771,2026-08-04 07:19:46.872,EMA_BOUNCE,EMA8,1,12,BREAK_EVEN,False,HARD_STOP,-10.0000
2771,2026-08-04 07:19:46.872,EMA_BOUNCE,EMA8,1,12,NO_BREAK_EVEN,False,HARD_STOP,-10.0000
2771,2026-08-04 07:19:46.872,EMA_BOUNCE,EMA8,1,24,BREAK_EVEN,False,HARD_STOP,-10.0000
2771,2026-08-04 07:19:46.872,EMA_BOUNCE,EMA8,1,24,NO_BREAK_EVEN,False,HARD_STOP,-10.0000
2771,2026-08-04 07:19:46.872,EMA_BOUNCE,EMA8,1,48,BREAK_EVEN,False,HARD_STOP,-10.0000
2771,2026-08-04 07:19:46.872,EMA_BOUNCE,EMA8,1,48,NO_BREAK_EVEN,False,HARD_STOP,-10.0000
2847,2026-08-04 07:37:29.576,EMA_BOUNCE,EMA24,1,12,BREAK_EVEN,True,TIME,31.0000
2847,2026-08-04 07:37:29.576,EMA_BOUNCE,EMA24,1,12,NO_BREAK_EVEN,True,TIME,31.0000
2847,2026-08-04 07:37:29.576,EMA_BOUNCE,EMA24,1,24,BREAK_EVEN,True,BAR_CLOSE_TRAIL,22.0000
2847,2026-08-04 07:37:29.576,EMA_BOUNCE,EMA24,1,24,NO_BREAK_EVEN,True,BAR_CLOSE_TRAIL,22.0000
2847,2026-08-04 07:37:29.576,EMA_BOUNCE,EMA24,1,48,BREAK_EVEN,True,BAR_CLOSE_TRAIL,22.0000
2847,2026-08-04 07:37:29.576,EMA_BOUNCE,EMA24,1,48,NO_BREAK_EVEN,True,BAR_CLOSE_TRAIL,22.0000
2872,2026-08-04 07:38:25.464,EMA_BOUNCE,EMA50,1,12,BREAK_EVEN,True,BREAK_EVEN,0.0000
2872,2026-08-04 07:38:25.464,EMA_BOUNCE,EMA50,1,12,NO_BREAK_EVEN,True,BAR_CLOSE_TRAIL,0.0000
2872,2026-08-04 07:38:25.464,EMA_BOUNCE,EMA50,1,24,BREAK_EVEN,True,BREAK_EVEN,0.0000
2872,2026-08-04 07:38:25.464,EMA_BOUNCE,EMA50,1,24,NO_BREAK_EVEN,True,BAR_CLOSE_TRAIL,0.0000
2872,2026-08-04 07:38:25.464,EMA_BOUNCE,EMA50,1,48,BREAK_EVEN,True,BREAK_EVEN,0.0000
2872,2026-08-04 07:38:25.464,EMA_BOUNCE,EMA50,1,48,NO_BREAK_EVEN,True,BAR_CLOSE_TRAIL,0.0000
2874,2026-08-04 07:38:26.496,EMA_BOUNCE,EMA50,1,12,BREAK_EVEN,False,HARD_STOP,-10.0000
2874,2026-08-04 07:38:26.496,EMA_BOUNCE,EMA50,1,12,NO_BREAK_EVEN,False,HARD_STOP,-10.0000
2874,2026-08-04 07:38:26.496,EMA_BOUNCE,EMA50,1,24,BREAK_EVEN,False,HARD_STOP,-10.0000
2874,2026-08-04 07:38:26.496,EMA_BOUNCE,EMA50,1,24,NO_BREAK_EVEN,False,HARD_STOP,-10.0000
2874,2026-08-04 07:38:26.496,EMA_BOUNCE,EMA50,1,48,BREAK_EVEN,False,HARD_STOP,-10.0000
2874,2026-08-04 07:38:26.496,EMA_BOUNCE,EMA50,1,48,NO_BREAK_EVEN,False,HARD_STOP,-10.0000
2890,2026-08-04 07:42:47.812,PIN7,PIN7,1,12,BREAK_EVEN,True,BAR_CLOSE_TRAIL,6.0000
2890,2026-08-04 07:42:47.812,PIN7,PIN7,1,12,NO_BREAK_EVEN,True,BAR_CLOSE_TRAIL,6.0000
2890,2026-08-04 07:42:47.812,PIN7,PIN7,1,24,BREAK_EVEN,True,BAR_CLOSE_TRAIL,6.0000
2890,2026-08-04 07:42:47.812,PIN7,PIN7,1,24,NO_BREAK_EVEN,True,BAR_CLOSE_TRAIL,6.0000
2890,2026-08-04 07:42:47.812,PIN7,PIN7,1,48,BREAK_EVEN,True,BAR_CLOSE_TRAIL,6.0000
2890,2026-08-04 07:42:47.812,PIN7,PIN7,1,48,NO_BREAK_EVEN,True,BAR_CLOSE_TRAIL,6.0000
2891,2026-08-04 07:43:36.808,PIN7,PIN7,1,12,BREAK_EVEN,True,BAR_CLOSE_TRAIL,4.0000
2891,2026-08-04 07:43:36.808,PIN7,PIN7,1,12,NO_BREAK_EVEN,True,BAR_CLOSE_TRAIL,4.0000
2891,2026-08-04 07:43:36.808,PIN7,PIN7,1,24,BREAK_EVEN,True,BAR_CLOSE_TRAIL,4.0000
2891,2026-08-04 07:43:36.808,PIN7,PIN7,1,24,NO_BREAK_EVEN,True,BAR_CLOSE_TRAIL,4.0000
2891,2026-08-04 07:43:36.808,PIN7,PIN7,1,48,BREAK_EVEN,True,BAR_CLOSE_TRAIL,4.0000
2891,2026-08-04 07:43:36.808,PIN7,PIN7,1,48,NO_BREAK_EVEN,True,BAR_CLOSE_TRAIL,4.0000
2897,2026-08-04 07:45:16.056,EMA_BOUNCE,EMA8,1,12,BREAK_EVEN,True,BREAK_EVEN,0.0000
2897,2026-08-04 07:45:16.056,EMA_BOUNCE,EMA8,1,12,NO_BREAK_EVEN,True,BAR_CLOSE_TRAIL,0.0000
2897,2026-08-04 07:45:16.056,EMA_BOUNCE,EMA8,1,24,BREAK_EVEN,True,BREAK_EVEN,0.0000
2897,2026-08-04 07:45:16.056,EMA_BOUNCE,EMA8,1,24,NO_BREAK_EVEN,True,BAR_CLOSE_TRAIL,0.0000
2897,2026-08-04 07:45:16.056,EMA_BOUNCE,EMA8,1,48,BREAK_EVEN,True,BREAK_EVEN,0.0000
2897,2026-08-04 07:45:16.056,EMA_BOUNCE,EMA8,1,48,NO_BREAK_EVEN,True,BAR_CLOSE_TRAIL,0.0000
2904,2026-08-04 07:48:15.420,EMA_BOUNCE,EMA8,1,12,BREAK_EVEN,True,BAR_CLOSE_TRAIL,2.0000
2904,2026-08-04 07:48:15.420,EMA_BOUNCE,EMA8,1,12,NO_BREAK_EVEN,True,BAR_CLOSE_TRAIL,2.0000
2904,2026-08-04 07:48:15.420,EMA_BOUNCE,EMA8,1,24,BREAK_EVEN,True,BAR_CLOSE_TRAIL,2.0000
2904,2026-08-04 07:48:15.420,EMA_BOUNCE,EMA8,1,24,NO_BREAK_EVEN,True,BAR_CLOSE_TRAIL,2.0000
2904,2026-08-04 07:48:15.420,EMA_BOUNCE,EMA8,1,48,BREAK_EVEN,True,BAR_CLOSE_TRAIL,2.0000
2904,2026-08-04 07:48:15.420,EMA_BOUNCE,EMA8,1,48,NO_BREAK_EVEN,True,BAR_CLOSE_TRAIL,2.0000
2926,2026-08-04 07:58:03.960,EMA_BOUNCE,EMA8,1,12,BREAK_EVEN,True,BAR_CLOSE_TRAIL,5.0000
2926,2026-08-04 07:58:03.960,EMA_BOUNCE,EMA8,1,12,NO_BREAK_EVEN,True,BAR_CLOSE_TRAIL,5.0000
2926,2026-08-04 07:58:03.960,EMA_BOUNCE,EMA8,1,24,BREAK_EVEN,True,BAR_CLOSE_TRAIL,5.0000
2926,2026-08-04 07:58:03.960,EMA_BOUNCE,EMA8,1,24,NO_BREAK_EVEN,True,BAR_CLOSE_TRAIL,5.0000
2926,2026-08-04 07:58:03.960,EMA_BOUNCE,EMA8,1,48,BREAK_EVEN,True,BAR_CLOSE_TRAIL,5.0000
2926,2026-08-04 07:58:03.960,EMA_BOUNCE,EMA8,1,48,NO_BREAK_EVEN,True,BAR_CLOSE_TRAIL,5.0000
2928,2026-08-04 07:59:01.968,PIN7,PIN7,1,12,BREAK_EVEN,True,BREAK_EVEN,0.0000
2928,2026-08-04 07:59:01.968,PIN7,PIN7,1,12,NO_BREAK_EVEN,True,BAR_CLOSE_TRAIL,-2.0000
2928,2026-08-04 07:59:01.968,PIN7,PIN7,1,24,BREAK_EVEN,True,BREAK_EVEN,0.0000
2928,2026-08-04 07:59:01.968,PIN7,PIN7,1,24,NO_BREAK_EVEN,True,BAR_CLOSE_TRAIL,-2.0000
2928,2026-08-04 07:59:01.968,PIN7,PIN7,1,48,BREAK_EVEN,True,BREAK_EVEN,0.0000
2928,2026-08-04 07:59:01.968,PIN7,PIN7,1,48,NO_BREAK_EVEN,True,BAR_CLOSE_TRAIL,-2.0000
3281,2026-08-04 11:00:49.780,PIN_STRICT,PIN,-1,12,BREAK_EVEN,False,HARD_STOP,-10.0000
3281,2026-08-04 11:00:49.780,PIN_STRICT,PIN,-1,12,NO_BREAK_EVEN,False,HARD_STOP,-10.0000
3281,2026-08-04 11:00:49.780,PIN_STRICT,PIN,-1,24,BREAK_EVEN,False,HARD_STOP,-10.0000
3281,2026-08-04 11:00:49.780,PIN_STRICT,PIN,-1,24,NO_BREAK_EVEN,False,HARD_STOP,-10.0000
3281,2026-08-04 11:00:49.780,PIN_STRICT,PIN,-1,48,BREAK_EVEN,False,HARD_STOP,-10.0000
3281,2026-08-04 11:00:49.780,PIN_STRICT,PIN,-1,48,NO_BREAK_EVEN,False,HARD_STOP,-10.0000
3302,2026-08-04 11:04:26.876,PIN7,PIN7,-1,12,BREAK_EVEN,True,BREAK_EVEN,0.0000
3302,2026-08-04 11:04:26.876,PIN7,PIN7,-1,12,NO_BREAK_EVEN,True,BAR_CLOSE_TRAIL,-1.0000
3302,2026-08-04 11:04:26.876,PIN7,PIN7,-1,24,BREAK_EVEN,True,BREAK_EVEN,0.0000
3302,2026-08-04 11:04:26.876,PIN7,PIN7,-1,24,NO_BREAK_EVEN,True,BAR_CLOSE_TRAIL,-1.0000
3302,2026-08-04 11:04:26.876,PIN7,PIN7,-1,48,BREAK_EVEN,True,BREAK_EVEN,0.0000
3302,2026-08-04 11:04:26.876,PIN7,PIN7,-1,48,NO_BREAK_EVEN,True,BAR_CLOSE_TRAIL,-1.0000
3304,2026-08-04 11:04:45.436,PIN7,PIN7,-1,12,BREAK_EVEN,False,HARD_STOP,-10.0000
3304,2026-08-04 11:04:45.436,PIN7,PIN7,-1,12,NO_BREAK_EVEN,False,HARD_STOP,-10.0000
3304,2026-08-04 11:04:45.436,PIN7,PIN7,-1,24,BREAK_EVEN,False,HARD_STOP,-10.0000
3304,2026-08-04 11:04:45.436,PIN7,PIN7,-1,24,NO_BREAK_EVEN,False,HARD_STOP,-10.0000
3304,2026-08-04 11:04:45.436,PIN7,PIN7,-1,48,BREAK_EVEN,False,HARD_STOP,-10.0000
3304,2026-08-04 11:04:45.436,PIN7,PIN7,-1,48,NO_BREAK_EVEN,False,HARD_STOP,-10.0000
3391,2026-08-04 11:40:16.704,PIN7,PIN7,-1,12,BREAK_EVEN,True,BREAK_EVEN,0.0000
3391,2026-08-04 11:40:16.704,PIN7,PIN7,-1,12,NO_BREAK_EVEN,True,BAR_CLOSE_TRAIL,-3.0000
3391,2026-08-04 11:40:16.704,PIN7,PIN7,-1,24,BREAK_EVEN,True,BREAK_EVEN,0.0000
3391,2026-08-04 11:40:16.704,PIN7,PIN7,-1,24,NO_BREAK_EVEN,True,BAR_CLOSE_TRAIL,-3.0000
3391,2026-08-04 11:40:16.704,PIN7,PIN7,-1,48,BREAK_EVEN,True,BREAK_EVEN,0.0000
3391,2026-08-04 11:40:16.704,PIN7,PIN7,-1,48,NO_BREAK_EVEN,True,BAR_CLOSE_TRAIL,-3.0000
3401,2026-08-04 11:43:31.520,PIN7,PIN7,-1,12,BREAK_EVEN,False,HARD_STOP,-10.0000
3401,2026-08-04 11:43:31.520,PIN7,PIN7,-1,12,NO_BREAK_EVEN,False,HARD_STOP,-10.0000
3401,2026-08-04 11:43:31.520,PIN7,PIN7,-1,24,BREAK_EVEN,False,HARD_STOP,-10.0000
3401,2026-08-04 11:43:31.520,PIN7,PIN7,-1,24,NO_BREAK_EVEN,False,HARD_STOP,-10.0000
3401,2026-08-04 11:43:31.520,PIN7,PIN7,-1,48,BREAK_EVEN,False,HARD_STOP,-10.0000
3401,2026-08-04 11:43:31.520,PIN7,PIN7,-1,48,NO_BREAK_EVEN,False,HARD_STOP,-10.0000
3417,2026-08-04 11:50:12.044,EMA_BOUNCE,EMA8,1,12,BREAK_EVEN,True,BREAK_EVEN,0.0000
3417,2026-08-04 11:50:12.044,EMA_BOUNCE,EMA8,1,12,NO_BREAK_EVEN,True,BAR_CLOSE_TRAIL,-1.0000
3417,2026-08-04 11:50:12.044,EMA_BOUNCE,EMA8,1,24,BREAK_EVEN,True,BREAK_EVEN,0.0000
3417,2026-08-04 11:50:12.044,EMA_BOUNCE,EMA8,1,24,NO_BREAK_EVEN,True,BAR_CLOSE_TRAIL,-1.0000
3417,2026-08-04 11:50:12.044,EMA_BOUNCE,EMA8,1,48,BREAK_EVEN,True,BREAK_EVEN,0.0000
3417,2026-08-04 11:50:12.044,EMA_BOUNCE,EMA8,1,48,NO_BREAK_EVEN,True,BAR_CLOSE_TRAIL,-1.0000
3420,2026-08-04 11:51:53.460,EMA_BOUNCE,EMA8,1,12,BREAK_EVEN,False,HARD_STOP,-10.0000
3420,2026-08-04 11:51:53.460,EMA_BOUNCE,EMA8,1,12,NO_BREAK_EVEN,False,HARD_STOP,-10.0000
3420,2026-08-04 11:51:53.460,EMA_BOUNCE,EMA8,1,24,BREAK_EVEN,False,HARD_STOP,-10.0000
3420,2026-08-04 11:51:53.460,EMA_BOUNCE,EMA8,1,24,NO_BREAK_EVEN,False,HARD_STOP,-10.0000
3420,2026-08-04 11:51:53.460,EMA_BOUNCE,EMA8,1,48,BREAK_EVEN,False,HARD_STOP,-10.0000
3420,2026-08-04 11:51:53.460,EMA_BOUNCE,EMA8,1,48,NO_BREAK_EVEN,False,HARD_STOP,-10.0000
3468,2026-08-04 12:13:40.804,EMA_BOUNCE,EMA24,1,12,BREAK_EVEN,True,BREAK_EVEN,0.0000
3468,2026-08-04 12:13:40.804,EMA_BOUNCE,EMA24,1,12,NO_BREAK_EVEN,True,BAR_CLOSE_TRAIL,-1.0000
3468,2026-08-04 12:13:40.804,EMA_BOUNCE,EMA24,1,24,BREAK_EVEN,True,BREAK_EVEN,0.0000
3468,2026-08-04 12:13:40.804,EMA_BOUNCE,EMA24,1,24,NO_BREAK_EVEN,True,BAR_CLOSE_TRAIL,-1.0000
3468,2026-08-04 12:13:40.804,EMA_BOUNCE,EMA24,1,48,BREAK_EVEN,True,BREAK_EVEN,0.0000
3468,2026-08-04 12:13:40.804,EMA_BOUNCE,EMA24,1,48,NO_BREAK_EVEN,True,BAR_CLOSE_TRAIL,-1.0000
3472,2026-08-04 12:16:19.744,EMA_BOUNCE,EMA24,1,12,BREAK_EVEN,True,BREAK_EVEN,0.0000
3472,2026-08-04 12:16:19.744,EMA_BOUNCE,EMA24,1,12,NO_BREAK_EVEN,True,BAR_CLOSE_TRAIL,0.0000
3472,2026-08-04 12:16:19.744,EMA_BOUNCE,EMA24,1,24,BREAK_EVEN,True,BREAK_EVEN,0.0000
3472,2026-08-04 12:16:19.744,EMA_BOUNCE,EMA24,1,24,NO_BREAK_EVEN,True,BAR_CLOSE_TRAIL,0.0000
3472,2026-08-04 12:16:19.744,EMA_BOUNCE,EMA24,1,48,BREAK_EVEN,True,BREAK_EVEN,0.0000
3472,2026-08-04 12:16:19.744,EMA_BOUNCE,EMA24,1,48,NO_BREAK_EVEN,True,BAR_CLOSE_TRAIL,0.0000
3509,2026-08-04 12:34:44.948,EMA_BOUNCE,EMA50,-1,12,BREAK_EVEN,True,BREAK_EVEN,0.0000
3509,2026-08-04 12:34:44.948,EMA_BOUNCE,EMA50,-1,12,NO_BREAK_EVEN,True,BAR_CLOSE_TRAIL,-0.0000
3509,2026-08-04 12:34:44.948,EMA_BOUNCE,EMA50,-1,24,BREAK_EVEN,True,BREAK_EVEN,0.0000
3509,2026-08-04 12:34:44.948,EMA_BOUNCE,EMA50,-1,24,NO_BREAK_EVEN,True,BAR_CLOSE_TRAIL,-0.0000
3509,2026-08-04 12:34:44.948,EMA_BOUNCE,EMA50,-1,48,BREAK_EVEN,True,BREAK_EVEN,0.0000
3509,2026-08-04 12:34:44.948,EMA_BOUNCE,EMA50,-1,48,NO_BREAK_EVEN,True,BAR_CLOSE_TRAIL,-0.0000
3524,2026-08-04 12:40:15.916,EMA_BOUNCE,EMA8,1,12,BREAK_EVEN,True,BREAK_EVEN,0.0000
3524,2026-08-04 12:40:15.916,EMA_BOUNCE,EMA8,1,12,NO_BREAK_EVEN,True,BAR_CLOSE_TRAIL,12.0000
3524,2026-08-04 12:40:15.916,EMA_BOUNCE,EMA8,1,24,BREAK_EVEN,True,BREAK_EVEN,0.0000
3524,2026-08-04 12:40:15.916,EMA_BOUNCE,EMA8,1,24,NO_BREAK_EVEN,True,BAR_CLOSE_TRAIL,12.0000
3524,2026-08-04 12:40:15.916,EMA_BOUNCE,EMA8,1,48,BREAK_EVEN,True,BREAK_EVEN,0.0000
3524,2026-08-04 12:40:15.916,EMA_BOUNCE,EMA8,1,48,NO_BREAK_EVEN,True,BAR_CLOSE_TRAIL,12.0000
3530,2026-08-04 12:43:46.932,EMA_BOUNCE,EMA8,1,12,BREAK_EVEN,True,BAR_CLOSE_TRAIL,8.0000
3530,2026-08-04 12:43:46.932,EMA_BOUNCE,EMA8,1,12,NO_BREAK_EVEN,True,BAR_CLOSE_TRAIL,8.0000
3530,2026-08-04 12:43:46.932,EMA_BOUNCE,EMA8,1,24,BREAK_EVEN,True,BAR_CLOSE_TRAIL,8.0000
3530,2026-08-04 12:43:46.932,EMA_BOUNCE,EMA8,1,24,NO_BREAK_EVEN,True,BAR_CLOSE_TRAIL,8.0000
3530,2026-08-04 12:43:46.932,EMA_BOUNCE,EMA8,1,48,BREAK_EVEN,True,BAR_CLOSE_TRAIL,8.0000
3530,2026-08-04 12:43:46.932,EMA_BOUNCE,EMA8,1,48,NO_BREAK_EVEN,True,BAR_CLOSE_TRAIL,8.0000
3560,2026-08-04 12:50:30.808,PIN7,PIN7,-1,12,BREAK_EVEN,True,BREAK_EVEN,0.0000
3560,2026-08-04 12:50:30.808,PIN7,PIN7,-1,12,NO_BREAK_EVEN,True,BAR_CLOSE_TRAIL,-0.0000
3560,2026-08-04 12:50:30.808,PIN7,PIN7,-1,24,BREAK_EVEN,True,BREAK_EVEN,0.0000
3560,2026-08-04 12:50:30.808,PIN7,PIN7,-1,24,NO_BREAK_EVEN,True,BAR_CLOSE_TRAIL,-0.0000
3560,2026-08-04 12:50:30.808,PIN7,PIN7,-1,48,BREAK_EVEN,True,BREAK_EVEN,0.0000
3560,2026-08-04 12:50:30.808,PIN7,PIN7,-1,48,NO_BREAK_EVEN,True,BAR_CLOSE_TRAIL,-0.0000
3565,2026-08-04 12:51:50.464,EMA_BOUNCE,EMA8,-1,12,BREAK_EVEN,True,BREAK_EVEN,0.0000
3565,2026-08-04 12:51:50.464,EMA_BOUNCE,EMA8,-1,12,NO_BREAK_EVEN,True,BAR_CLOSE_TRAIL,-0.0000
3565,2026-08-04 12:51:50.464,EMA_BOUNCE,EMA8,-1,24,BREAK_EVEN,True,BREAK_EVEN,0.0000
3565,2026-08-04 12:51:50.464,EMA_BOUNCE,EMA8,-1,24,NO_BREAK_EVEN,True,BAR_CLOSE_TRAIL,-0.0000
3565,2026-08-04 12:51:50.464,EMA_BOUNCE,EMA8,-1,48,BREAK_EVEN,True,BREAK_EVEN,0.0000
3565,2026-08-04 12:51:50.464,EMA_BOUNCE,EMA8,-1,48,NO_BREAK_EVEN,True,BAR_CLOSE_TRAIL,-0.0000
3567,2026-08-04 12:52:08.384,EMA_BOUNCE,EMA8,-1,12,BREAK_EVEN,True,TIME,21.0000
3567,2026-08-04 12:52:08.384,EMA_BOUNCE,EMA8,-1,12,NO_BREAK_EVEN,True,TIME,21.0000
3567,2026-08-04 12:52:08.384,EMA_BOUNCE,EMA8,-1,24,BREAK_EVEN,True,TIME,42.0000
3567,2026-08-04 12:52:08.384,EMA_BOUNCE,EMA8,-1,24,NO_BREAK_EVEN,True,TIME,42.0000
3567,2026-08-04 12:52:08.384,EMA_BOUNCE,EMA8,-1,48,BREAK_EVEN,True,BAR_CLOSE_TRAIL,36.0000
3567,2026-08-04 12:52:08.384,EMA_BOUNCE,EMA8,-1,48,NO_BREAK_EVEN,True,BAR_CLOSE_TRAIL,36.0000
3575,2026-08-04 12:54:08.616,PIN7,PIN7,-1,12,BREAK_EVEN,True,TIME,29.0000
3575,2026-08-04 12:54:08.616,PIN7,PIN7,-1,12,NO_BREAK_EVEN,True,TIME,29.0000
3575,2026-08-04 12:54:08.616,PIN7,PIN7,-1,24,BREAK_EVEN,True,BAR_CLOSE_TRAIL,26.0000
3575,2026-08-04 12:54:08.616,PIN7,PIN7,-1,24,NO_BREAK_EVEN,True,BAR_CLOSE_TRAIL,26.0000
3575,2026-08-04 12:54:08.616,PIN7,PIN7,-1,48,BREAK_EVEN,True,BAR_CLOSE_TRAIL,26.0000
3575,2026-08-04 12:54:08.616,PIN7,PIN7,-1,48,NO_BREAK_EVEN,True,BAR_CLOSE_TRAIL,26.0000
3576,2026-08-04 12:54:16.924,PIN7,PIN7,-1,12,BREAK_EVEN,True,BREAK_EVEN,0.0000
3576,2026-08-04 12:54:16.924,PIN7,PIN7,-1,12,NO_BREAK_EVEN,True,BAR_CLOSE_TRAIL,-0.0000
3576,2026-08-04 12:54:16.924,PIN7,PIN7,-1,24,BREAK_EVEN,True,BREAK_EVEN,0.0000
3576,2026-08-04 12:54:16.924,PIN7,PIN7,-1,24,NO_BREAK_EVEN,True,BAR_CLOSE_TRAIL,-0.0000
3576,2026-08-04 12:54:16.924,PIN7,PIN7,-1,48,BREAK_EVEN,True,BREAK_EVEN,0.0000
3576,2026-08-04 12:54:16.924,PIN7,PIN7,-1,48,NO_BREAK_EVEN,True,BAR_CLOSE_TRAIL,-0.0000
3616,2026-08-04 12:59:44.036,PIN7,PIN7,-1,12,BREAK_EVEN,True,BAR_CLOSE_TRAIL,16.0000
3616,2026-08-04 12:59:44.036,PIN7,PIN7,-1,12,NO_BREAK_EVEN,True,BAR_CLOSE_TRAIL,16.0000
3616,2026-08-04 12:59:44.036,PIN7,PIN7,-1,24,BREAK_EVEN,True,BAR_CLOSE_TRAIL,16.0000
3616,2026-08-04 12:59:44.036,PIN7,PIN7,-1,24,NO_BREAK_EVEN,True,BAR_CLOSE_TRAIL,16.0000
3616,2026-08-04 12:59:44.036,PIN7,PIN7,-1,48,BREAK_EVEN,True,BAR_CLOSE_TRAIL,16.0000
3616,2026-08-04 12:59:44.036,PIN7,PIN7,-1,48,NO_BREAK_EVEN,True,BAR_CLOSE_TRAIL,16.0000
4490,2026-08-05 06:31:06.756,PIN7,PIN7,1,12,BREAK_EVEN,True,HARD_STOP,-10.0000
4490,2026-08-05 06:31:06.756,PIN7,PIN7,1,12,NO_BREAK_EVEN,True,HARD_STOP,-10.0000
4490,2026-08-05 06:31:06.756,PIN7,PIN7,1,24,BREAK_EVEN,True,HARD_STOP,-10.0000
4490,2026-08-05 06:31:06.756,PIN7,PIN7,1,24,NO_BREAK_EVEN,True,HARD_STOP,-10.0000
4490,2026-08-05 06:31:06.756,PIN7,PIN7,1,48,BREAK_EVEN,True,HARD_STOP,-10.0000
4490,2026-08-05 06:31:06.756,PIN7,PIN7,1,48,NO_BREAK_EVEN,True,HARD_STOP,-10.0000
4551,2026-08-05 06:37:14.184,EMA_BOUNCE,EMA50,-1,12,BREAK_EVEN,True,BREAK_EVEN,0.0000
4551,2026-08-05 06:37:14.184,EMA_BOUNCE,EMA50,-1,12,NO_BREAK_EVEN,True,BAR_CLOSE_TRAIL,-2.0000
4551,2026-08-05 06:37:14.184,EMA_BOUNCE,EMA50,-1,24,BREAK_EVEN,True,BREAK_EVEN,0.0000
4551,2026-08-05 06:37:14.184,EMA_BOUNCE,EMA50,-1,24,NO_BREAK_EVEN,True,BAR_CLOSE_TRAIL,-2.0000
4551,2026-08-05 06:37:14.184,EMA_BOUNCE,EMA50,-1,48,BREAK_EVEN,True,BREAK_EVEN,0.0000
4551,2026-08-05 06:37:14.184,EMA_BOUNCE,EMA50,-1,48,NO_BREAK_EVEN,True,BAR_CLOSE_TRAIL,-2.0000
4557,2026-08-05 06:37:37.112,EMA_BOUNCE,EMA50,-1,12,BREAK_EVEN,True,BAR_CLOSE_TRAIL,2.0000
4557,2026-08-05 06:37:37.112,EMA_BOUNCE,EMA50,-1,12,NO_BREAK_EVEN,True,BAR_CLOSE_TRAIL,2.0000
4557,2026-08-05 06:37:37.112,EMA_BOUNCE,EMA50,-1,24,BREAK_EVEN,True,BAR_CLOSE_TRAIL,2.0000
4557,2026-08-05 06:37:37.112,EMA_BOUNCE,EMA50,-1,24,NO_BREAK_EVEN,True,BAR_CLOSE_TRAIL,2.0000
4557,2026-08-05 06:37:37.112,EMA_BOUNCE,EMA50,-1,48,BREAK_EVEN,True,BAR_CLOSE_TRAIL,2.0000
4557,2026-08-05 06:37:37.112,EMA_BOUNCE,EMA50,-1,48,NO_BREAK_EVEN,True,BAR_CLOSE_TRAIL,2.0000
4578,2026-08-05 06:39:52.952,PIN_STRICT,PIN,1,12,BREAK_EVEN,True,BAR_CLOSE_TRAIL,5.0000
4578,2026-08-05 06:39:52.952,PIN_STRICT,PIN,1,12,NO_BREAK_EVEN,True,BAR_CLOSE_TRAIL,5.0000
4578,2026-08-05 06:39:52.952,PIN_STRICT,PIN,1,24,BREAK_EVEN,True,BAR_CLOSE_TRAIL,5.0000
4578,2026-08-05 06:39:52.952,PIN_STRICT,PIN,1,24,NO_BREAK_EVEN,True,BAR_CLOSE_TRAIL,5.0000
4578,2026-08-05 06:39:52.952,PIN_STRICT,PIN,1,48,BREAK_EVEN,True,BAR_CLOSE_TRAIL,5.0000
4578,2026-08-05 06:39:52.952,PIN_STRICT,PIN,1,48,NO_BREAK_EVEN,True,BAR_CLOSE_TRAIL,5.0000
4581,2026-08-05 06:39:53.476,PIN_STRICT,PIN,1,12,BREAK_EVEN,True,BAR_CLOSE_TRAIL,0.0000
4581,2026-08-05 06:39:53.476,PIN_STRICT,PIN,1,12,NO_BREAK_EVEN,True,BAR_CLOSE_TRAIL,-1.0000
4581,2026-08-05 06:39:53.476,PIN_STRICT,PIN,1,24,BREAK_EVEN,True,BAR_CLOSE_TRAIL,0.0000
4581,2026-08-05 06:39:53.476,PIN_STRICT,PIN,1,24,NO_BREAK_EVEN,True,BAR_CLOSE_TRAIL,-1.0000
4581,2026-08-05 06:39:53.476,PIN_STRICT,PIN,1,48,BREAK_EVEN,True,BAR_CLOSE_TRAIL,0.0000
4581,2026-08-05 06:39:53.476,PIN_STRICT,PIN,1,48,NO_BREAK_EVEN,True,BAR_CLOSE_TRAIL,-1.0000
4856,2026-08-05 07:01:46.872,EMA_BOUNCE,EMA8,-1,12,BREAK_EVEN,True,BAR_CLOSE_TRAIL,17.0000
4856,2026-08-05 07:01:46.872,EMA_BOUNCE,EMA8,-1,12,NO_BREAK_EVEN,True,BAR_CLOSE_TRAIL,17.0000
4856,2026-08-05 07:01:46.872,EMA_BOUNCE,EMA8,-1,24,BREAK_EVEN,True,BAR_CLOSE_TRAIL,17.0000
4856,2026-08-05 07:01:46.872,EMA_BOUNCE,EMA8,-1,24,NO_BREAK_EVEN,True,BAR_CLOSE_TRAIL,17.0000
4856,2026-08-05 07:01:46.872,EMA_BOUNCE,EMA8,-1,48,BREAK_EVEN,True,BAR_CLOSE_TRAIL,17.0000
4856,2026-08-05 07:01:46.872,EMA_BOUNCE,EMA8,-1,48,NO_BREAK_EVEN,True,BAR_CLOSE_TRAIL,17.0000
4899,2026-08-05 07:05:16.744,PIN7,PIN7,1,12,BREAK_EVEN,True,BAR_CLOSE_TRAIL,10.0000
4899,2026-08-05 07:05:16.744,PIN7,PIN7,1,12,NO_BREAK_EVEN,True,BAR_CLOSE_TRAIL,10.0000
4899,2026-08-05 07:05:16.744,PIN7,PIN7,1,24,BREAK_EVEN,True,BAR_CLOSE_TRAIL,10.0000
4899,2026-08-05 07:05:16.744,PIN7,PIN7,1,24,NO_BREAK_EVEN,True,BAR_CLOSE_TRAIL,10.0000
4899,2026-08-05 07:05:16.744,PIN7,PIN7,1,48,BREAK_EVEN,True,BAR_CLOSE_TRAIL,10.0000
4899,2026-08-05 07:05:16.744,PIN7,PIN7,1,48,NO_BREAK_EVEN,True,BAR_CLOSE_TRAIL,10.0000
4909,2026-08-05 07:05:50.004,EMA_BOUNCE,EMA8,1,12,BREAK_EVEN,False,HARD_STOP,-10.0000
4909,2026-08-05 07:05:50.004,EMA_BOUNCE,EMA8,1,12,NO_BREAK_EVEN,False,HARD_STOP,-10.0000
4909,2026-08-05 07:05:50.004,EMA_BOUNCE,EMA8,1,24,BREAK_EVEN,False,HARD_STOP,-10.0000
4909,2026-08-05 07:05:50.004,EMA_BOUNCE,EMA8,1,24,NO_BREAK_EVEN,False,HARD_STOP,-10.0000
4909,2026-08-05 07:05:50.004,EMA_BOUNCE,EMA8,1,48,BREAK_EVEN,False,HARD_STOP,-10.0000
4909,2026-08-05 07:05:50.004,EMA_BOUNCE,EMA8,1,48,NO_BREAK_EVEN,False,HARD_STOP,-10.0000
4919,2026-08-05 07:06:16.744,EMA_BOUNCE,EMA50,1,12,BREAK_EVEN,True,BREAK_EVEN,0.0000
4919,2026-08-05 07:06:16.744,EMA_BOUNCE,EMA50,1,12,NO_BREAK_EVEN,True,BAR_CLOSE_TRAIL,-3.0000
4919,2026-08-05 07:06:16.744,EMA_BOUNCE,EMA50,1,24,BREAK_EVEN,True,BREAK_EVEN,0.0000
4919,2026-08-05 07:06:16.744,EMA_BOUNCE,EMA50,1,24,NO_BREAK_EVEN,True,BAR_CLOSE_TRAIL,-3.0000
4919,2026-08-05 07:06:16.744,EMA_BOUNCE,EMA50,1,48,BREAK_EVEN,True,BREAK_EVEN,0.0000
4919,2026-08-05 07:06:16.744,EMA_BOUNCE,EMA50,1,48,NO_BREAK_EVEN,True,BAR_CLOSE_TRAIL,-3.0000
4993,2026-08-05 07:15:05.100,EMA_BOUNCE,EMA24,1,12,BREAK_EVEN,True,BREAK_EVEN,0.0000
4993,2026-08-05 07:15:05.100,EMA_BOUNCE,EMA24,1,12,NO_BREAK_EVEN,True,BAR_CLOSE_TRAIL,0.0000
4993,2026-08-05 07:15:05.100,EMA_BOUNCE,EMA24,1,24,BREAK_EVEN,True,BREAK_EVEN,0.0000
4993,2026-08-05 07:15:05.100,EMA_BOUNCE,EMA24,1,24,NO_BREAK_EVEN,True,BAR_CLOSE_TRAIL,0.0000
4993,2026-08-05 07:15:05.100,EMA_BOUNCE,EMA24,1,48,BREAK_EVEN,True,BREAK_EVEN,0.0000
4993,2026-08-05 07:15:05.100,EMA_BOUNCE,EMA24,1,48,NO_BREAK_EVEN,True,BAR_CLOSE_TRAIL,0.0000
5034,2026-08-05 07:20:20.652,EMA_BOUNCE,EMA8,-1,12,BREAK_EVEN,True,BREAK_EVEN,0.0000
5034,2026-08-05 07:20:20.652,EMA_BOUNCE,EMA8,-1,12,NO_BREAK_EVEN,True,BAR_CLOSE_TRAIL,-3.0000
5034,2026-08-05 07:20:20.652,EMA_BOUNCE,EMA8,-1,24,BREAK_EVEN,True,BREAK_EVEN,0.0000
5034,2026-08-05 07:20:20.652,EMA_BOUNCE,EMA8,-1,24,NO_BREAK_EVEN,True,BAR_CLOSE_TRAIL,-3.0000
5034,2026-08-05 07:20:20.652,EMA_BOUNCE,EMA8,-1,48,BREAK_EVEN,True,BREAK_EVEN,0.0000
5034,2026-08-05 07:20:20.652,EMA_BOUNCE,EMA8,-1,48,NO_BREAK_EVEN,True,BAR_CLOSE_TRAIL,-3.0000
5036,2026-08-05 07:20:28.032,EMA_BOUNCE,EMA8,-1,12,BREAK_EVEN,True,BREAK_EVEN,0.0000
5036,2026-08-05 07:20:28.032,EMA_BOUNCE,EMA8,-1,12,NO_BREAK_EVEN,True,BAR_CLOSE_TRAIL,-1.0000
5036,2026-08-05 07:20:28.032,EMA_BOUNCE,EMA8,-1,24,BREAK_EVEN,True,BREAK_EVEN,0.0000
5036,2026-08-05 07:20:28.032,EMA_BOUNCE,EMA8,-1,24,NO_BREAK_EVEN,True,BAR_CLOSE_TRAIL,-1.0000
5036,2026-08-05 07:20:28.032,EMA_BOUNCE,EMA8,-1,48,BREAK_EVEN,True,BREAK_EVEN,0.0000
5036,2026-08-05 07:20:28.032,EMA_BOUNCE,EMA8,-1,48,NO_BREAK_EVEN,True,BAR_CLOSE_TRAIL,-1.0000
5041,2026-08-05 07:21:06.552,EMA_BOUNCE,EMA8,-1,12,BREAK_EVEN,False,HARD_STOP,-10.0000
5041,2026-08-05 07:21:06.552,EMA_BOUNCE,EMA8,-1,12,NO_BREAK_EVEN,False,HARD_STOP,-10.0000
5041,2026-08-05 07:21:06.552,EMA_BOUNCE,EMA8,-1,24,BREAK_EVEN,False,HARD_STOP,-10.0000
5041,2026-08-05 07:21:06.552,EMA_BOUNCE,EMA8,-1,24,NO_BREAK_EVEN,False,HARD_STOP,-10.0000
5041,2026-08-05 07:21:06.552,EMA_BOUNCE,EMA8,-1,48,BREAK_EVEN,False,HARD_STOP,-10.0000
5041,2026-08-05 07:21:06.552,EMA_BOUNCE,EMA8,-1,48,NO_BREAK_EVEN,False,HARD_STOP,-10.0000
5049,2026-08-05 07:22:10.876,EMA_BOUNCE,EMA8,-1,12,BREAK_EVEN,True,BREAK_EVEN,0.0000
5049,2026-08-05 07:22:10.876,EMA_BOUNCE,EMA8,-1,12,NO_BREAK_EVEN,True,BAR_CLOSE_TRAIL,6.0000
5049,2026-08-05 07:22:10.876,EMA_BOUNCE,EMA8,-1,24,BREAK_EVEN,True,BREAK_EVEN,0.0000
5049,2026-08-05 07:22:10.876,EMA_BOUNCE,EMA8,-1,24,NO_BREAK_EVEN,True,BAR_CLOSE_TRAIL,6.0000
5049,2026-08-05 07:22:10.876,EMA_BOUNCE,EMA8,-1,48,BREAK_EVEN,True,BREAK_EVEN,0.0000
5049,2026-08-05 07:22:10.876,EMA_BOUNCE,EMA8,-1,48,NO_BREAK_EVEN,True,BAR_CLOSE_TRAIL,6.0000
5053,2026-08-05 07:22:26.564,EMA_BOUNCE,EMA8,-1,12,BREAK_EVEN,True,BREAK_EVEN,0.0000
5053,2026-08-05 07:22:26.564,EMA_BOUNCE,EMA8,-1,12,NO_BREAK_EVEN,True,BAR_CLOSE_TRAIL,2.0000
5053,2026-08-05 07:22:26.564,EMA_BOUNCE,EMA8,-1,24,BREAK_EVEN,True,BREAK_EVEN,0.0000
5053,2026-08-05 07:22:26.564,EMA_BOUNCE,EMA8,-1,24,NO_BREAK_EVEN,True,BAR_CLOSE_TRAIL,2.0000
5053,2026-08-05 07:22:26.564,EMA_BOUNCE,EMA8,-1,48,BREAK_EVEN,True,BREAK_EVEN,0.0000
5053,2026-08-05 07:22:26.564,EMA_BOUNCE,EMA8,-1,48,NO_BREAK_EVEN,True,BAR_CLOSE_TRAIL,2.0000
5057,2026-08-05 07:22:53.764,EMA_BOUNCE,EMA8,-1,12,BREAK_EVEN,True,BREAK_EVEN,0.0000
5057,2026-08-05 07:22:53.764,EMA_BOUNCE,EMA8,-1,12,NO_BREAK_EVEN,True,BAR_CLOSE_TRAIL,-0.0000
5057,2026-08-05 07:22:53.764,EMA_BOUNCE,EMA8,-1,24,BREAK_EVEN,True,BREAK_EVEN,0.0000
5057,2026-08-05 07:22:53.764,EMA_BOUNCE,EMA8,-1,24,NO_BREAK_EVEN,True,BAR_CLOSE_TRAIL,-0.0000
5057,2026-08-05 07:22:53.764,EMA_BOUNCE,EMA8,-1,48,BREAK_EVEN,True,BREAK_EVEN,0.0000
5057,2026-08-05 07:22:53.764,EMA_BOUNCE,EMA8,-1,48,NO_BREAK_EVEN,True,BAR_CLOSE_TRAIL,-0.0000
5061,2026-08-05 07:23:12.508,EMA_BOUNCE,EMA8,-1,12,BREAK_EVEN,True,BAR_CLOSE_TRAIL,8.0000
5061,2026-08-05 07:23:12.508,EMA_BOUNCE,EMA8,-1,12,NO_BREAK_EVEN,True,BAR_CLOSE_TRAIL,8.0000
5061,2026-08-05 07:23:12.508,EMA_BOUNCE,EMA8,-1,24,BREAK_EVEN,True,BAR_CLOSE_TRAIL,8.0000
5061,2026-08-05 07:23:12.508,EMA_BOUNCE,EMA8,-1,24,NO_BREAK_EVEN,True,BAR_CLOSE_TRAIL,8.0000
5061,2026-08-05 07:23:12.508,EMA_BOUNCE,EMA8,-1,48,BREAK_EVEN,True,BAR_CLOSE_TRAIL,8.0000
5061,2026-08-05 07:23:12.508,EMA_BOUNCE,EMA8,-1,48,NO_BREAK_EVEN,True,BAR_CLOSE_TRAIL,8.0000
5066,2026-08-05 07:23:32.376,PIN7,PIN7,-1,12,BREAK_EVEN,False,HARD_STOP,-10.0000
5066,2026-08-05 07:23:32.376,PIN7,PIN7,-1,12,NO_BREAK_EVEN,False,HARD_STOP,-10.0000
5066,2026-08-05 07:23:32.376,PIN7,PIN7,-1,24,BREAK_EVEN,False,HARD_STOP,-10.0000
5066,2026-08-05 07:23:32.376,PIN7,PIN7,-1,24,NO_BREAK_EVEN,False,HARD_STOP,-10.0000
5066,2026-08-05 07:23:32.376,PIN7,PIN7,-1,48,BREAK_EVEN,False,HARD_STOP,-10.0000
5066,2026-08-05 07:23:32.376,PIN7,PIN7,-1,48,NO_BREAK_EVEN,False,HARD_STOP,-10.0000
5123,2026-08-05 07:29:53.036,PIN_STRICT,PIN,-1,12,BREAK_EVEN,True,BREAK_EVEN,0.0000
5123,2026-08-05 07:29:53.036,PIN_STRICT,PIN,-1,12,NO_BREAK_EVEN,True,BAR_CLOSE_TRAIL,-0.0000
5123,2026-08-05 07:29:53.036,PIN_STRICT,PIN,-1,24,BREAK_EVEN,True,BREAK_EVEN,0.0000
5123,2026-08-05 07:29:53.036,PIN_STRICT,PIN,-1,24,NO_BREAK_EVEN,True,BAR_CLOSE_TRAIL,-0.0000
5123,2026-08-05 07:29:53.036,PIN_STRICT,PIN,-1,48,BREAK_EVEN,True,BREAK_EVEN,0.0000
5123,2026-08-05 07:29:53.036,PIN_STRICT,PIN,-1,48,NO_BREAK_EVEN,True,BAR_CLOSE_TRAIL,-0.0000
5129,2026-08-05 07:30:09.948,PIN7,PIN7,-1,12,BREAK_EVEN,True,BREAK_EVEN,0.0000
5129,2026-08-05 07:30:09.948,PIN7,PIN7,-1,12,NO_BREAK_EVEN,True,BAR_CLOSE_TRAIL,-1.0000
5129,2026-08-05 07:30:09.948,PIN7,PIN7,-1,24,BREAK_EVEN,True,BREAK_EVEN,0.0000
5129,2026-08-05 07:30:09.948,PIN7,PIN7,-1,24,NO_BREAK_EVEN,True,BAR_CLOSE_TRAIL,-1.0000
5129,2026-08-05 07:30:09.948,PIN7,PIN7,-1,48,BREAK_EVEN,True,BREAK_EVEN,0.0000
5129,2026-08-05 07:30:09.948,PIN7,PIN7,-1,48,NO_BREAK_EVEN,True,BAR_CLOSE_TRAIL,-1.0000
5131,2026-08-05 07:30:19.320,EMA_BOUNCE,EMA8,-1,12,BREAK_EVEN,True,BREAK_EVEN,0.0000
5131,2026-08-05 07:30:19.320,EMA_BOUNCE,EMA8,-1,12,NO_BREAK_EVEN,True,BAR_CLOSE_TRAIL,1.0000
5131,2026-08-05 07:30:19.320,EMA_BOUNCE,EMA8,-1,24,BREAK_EVEN,True,BREAK_EVEN,0.0000
5131,2026-08-05 07:30:19.320,EMA_BOUNCE,EMA8,-1,24,NO_BREAK_EVEN,True,BAR_CLOSE_TRAIL,1.0000
5131,2026-08-05 07:30:19.320,EMA_BOUNCE,EMA8,-1,48,BREAK_EVEN,True,BREAK_EVEN,0.0000
5131,2026-08-05 07:30:19.320,EMA_BOUNCE,EMA8,-1,48,NO_BREAK_EVEN,True,BAR_CLOSE_TRAIL,1.0000
5138,2026-08-05 07:31:06.088,EMA_BOUNCE,EMA24,-1,12,BREAK_EVEN,True,BAR_CLOSE_TRAIL,15.0000
5138,2026-08-05 07:31:06.088,EMA_BOUNCE,EMA24,-1,12,NO_BREAK_EVEN,True,BAR_CLOSE_TRAIL,15.0000
5138,2026-08-05 07:31:06.088,EMA_BOUNCE,EMA24,-1,24,BREAK_EVEN,True,BAR_CLOSE_TRAIL,15.0000
5138,2026-08-05 07:31:06.088,EMA_BOUNCE,EMA24,-1,24,NO_BREAK_EVEN,True,BAR_CLOSE_TRAIL,15.0000
5138,2026-08-05 07:31:06.088,EMA_BOUNCE,EMA24,-1,48,BREAK_EVEN,True,BAR_CLOSE_TRAIL,15.0000
5138,2026-08-05 07:31:06.088,EMA_BOUNCE,EMA24,-1,48,NO_BREAK_EVEN,True,BAR_CLOSE_TRAIL,15.0000
5142,2026-08-05 07:31:25.308,PIN7,PIN7,-1,12,BREAK_EVEN,True,BREAK_EVEN,0.0000
5142,2026-08-05 07:31:25.308,PIN7,PIN7,-1,12,NO_BREAK_EVEN,True,HARD_STOP,-10.0000
5142,2026-08-05 07:31:25.308,PIN7,PIN7,-1,24,BREAK_EVEN,True,BREAK_EVEN,0.0000
5142,2026-08-05 07:31:25.308,PIN7,PIN7,-1,24,NO_BREAK_EVEN,True,HARD_STOP,-10.0000
5142,2026-08-05 07:31:25.308,PIN7,PIN7,-1,48,BREAK_EVEN,True,BREAK_EVEN,0.0000
5142,2026-08-05 07:31:25.308,PIN7,PIN7,-1,48,NO_BREAK_EVEN,True,HARD_STOP,-10.0000
5149,2026-08-05 07:32:22.196,EMA_BOUNCE,EMA24,-1,12,BREAK_EVEN,True,BAR_CLOSE_TRAIL,3.0000
5149,2026-08-05 07:32:22.196,EMA_BOUNCE,EMA24,-1,12,NO_BREAK_EVEN,True,BAR_CLOSE_TRAIL,3.0000
5149,2026-08-05 07:32:22.196,EMA_BOUNCE,EMA24,-1,24,BREAK_EVEN,True,BAR_CLOSE_TRAIL,3.0000
5149,2026-08-05 07:32:22.196,EMA_BOUNCE,EMA24,-1,24,NO_BREAK_EVEN,True,BAR_CLOSE_TRAIL,3.0000
5149,2026-08-05 07:32:22.196,EMA_BOUNCE,EMA24,-1,48,BREAK_EVEN,True,BAR_CLOSE_TRAIL,3.0000
5149,2026-08-05 07:32:22.196,EMA_BOUNCE,EMA24,-1,48,NO_BREAK_EVEN,True,BAR_CLOSE_TRAIL,3.0000
5188,2026-08-05 07:36:22.976,PIN7,PIN7,-1,12,BREAK_EVEN,True,BAR_CLOSE_TRAIL,2.0000
5188,2026-08-05 07:36:22.976,PIN7,PIN7,-1,12,NO_BREAK_EVEN,True,BAR_CLOSE_TRAIL,2.0000
5188,2026-08-05 07:36:22.976,PIN7,PIN7,-1,24,BREAK_EVEN,True,BAR_CLOSE_TRAIL,2.0000
5188,2026-08-05 07:36:22.976,PIN7,PIN7,-1,24,NO_BREAK_EVEN,True,BAR_CLOSE_TRAIL,2.0000
5188,2026-08-05 07:36:22.976,PIN7,PIN7,-1,48,BREAK_EVEN,True,BAR_CLOSE_TRAIL,2.0000
5188,2026-08-05 07:36:22.976,PIN7,PIN7,-1,48,NO_BREAK_EVEN,True,BAR_CLOSE_TRAIL,2.0000
5203,2026-08-05 07:37:47.816,EMA_BOUNCE,EMA8,-1,12,BREAK_EVEN,True,BREAK_EVEN,0.0000
5203,2026-08-05 07:37:47.816,EMA_BOUNCE,EMA8,-1,12,NO_BREAK_EVEN,True,BAR_CLOSE_TRAIL,-1.0000
5203,2026-08-05 07:37:47.816,EMA_BOUNCE,EMA8,-1,24,BREAK_EVEN,True,BREAK_EVEN,0.0000
5203,2026-08-05 07:37:47.816,EMA_BOUNCE,EMA8,-1,24,NO_BREAK_EVEN,True,BAR_CLOSE_TRAIL,-1.0000
5203,2026-08-05 07:37:47.816,EMA_BOUNCE,EMA8,-1,48,BREAK_EVEN,True,BREAK_EVEN,0.0000
5203,2026-08-05 07:37:47.816,EMA_BOUNCE,EMA8,-1,48,NO_BREAK_EVEN,True,BAR_CLOSE_TRAIL,-1.0000
5219,2026-08-05 07:40:03.340,PIN7,PIN7,-1,12,BREAK_EVEN,False,HARD_STOP,-10.0000
5219,2026-08-05 07:40:03.340,PIN7,PIN7,-1,12,NO_BREAK_EVEN,False,HARD_STOP,-10.0000
5219,2026-08-05 07:40:03.340,PIN7,PIN7,-1,24,BREAK_EVEN,False,HARD_STOP,-10.0000
5219,2026-08-05 07:40:03.340,PIN7,PIN7,-1,24,NO_BREAK_EVEN,False,HARD_STOP,-10.0000
5219,2026-08-05 07:40:03.340,PIN7,PIN7,-1,48,BREAK_EVEN,False,HARD_STOP,-10.0000
5219,2026-08-05 07:40:03.340,PIN7,PIN7,-1,48,NO_BREAK_EVEN,False,HARD_STOP,-10.0000
5286,2026-08-05 07:47:55.580,EMA_BOUNCE,EMA24,1,12,BREAK_EVEN,True,TIME,12.0000
5286,2026-08-05 07:47:55.580,EMA_BOUNCE,EMA24,1,12,NO_BREAK_EVEN,True,TIME,12.0000
5286,2026-08-05 07:47:55.580,EMA_BOUNCE,EMA24,1,24,BREAK_EVEN,True,BAR_CLOSE_TRAIL,6.0000
5286,2026-08-05 07:47:55.580,EMA_BOUNCE,EMA24,1,24,NO_BREAK_EVEN,True,BAR_CLOSE_TRAIL,6.0000
5286,2026-08-05 07:47:55.580,EMA_BOUNCE,EMA24,1,48,BREAK_EVEN,True,BAR_CLOSE_TRAIL,6.0000
5286,2026-08-05 07:47:55.580,EMA_BOUNCE,EMA24,1,48,NO_BREAK_EVEN,True,BAR_CLOSE_TRAIL,6.0000
5288,2026-08-05 07:48:09.160,EMA_BOUNCE,EMA50,1,12,BREAK_EVEN,True,BAR_CLOSE_TRAIL,10.0000
5288,2026-08-05 07:48:09.160,EMA_BOUNCE,EMA50,1,12,NO_BREAK_EVEN,True,BAR_CLOSE_TRAIL,10.0000
5288,2026-08-05 07:48:09.160,EMA_BOUNCE,EMA50,1,24,BREAK_EVEN,True,BAR_CLOSE_TRAIL,10.0000
5288,2026-08-05 07:48:09.160,EMA_BOUNCE,EMA50,1,24,NO_BREAK_EVEN,True,BAR_CLOSE_TRAIL,10.0000
5288,2026-08-05 07:48:09.160,EMA_BOUNCE,EMA50,1,48,BREAK_EVEN,True,BAR_CLOSE_TRAIL,10.0000
5288,2026-08-05 07:48:09.160,EMA_BOUNCE,EMA50,1,48,NO_BREAK_EVEN,True,BAR_CLOSE_TRAIL,10.0000
5292,2026-08-05 07:49:16.472,EMA_BOUNCE,EMA50,1,12,BREAK_EVEN,True,BAR_CLOSE_TRAIL,9.0000
5292,2026-08-05 07:49:16.472,EMA_BOUNCE,EMA50,1,12,NO_BREAK_EVEN,True,BAR_CLOSE_TRAIL,9.0000
5292,2026-08-05 07:49:16.472,EMA_BOUNCE,EMA50,1,24,BREAK_EVEN,True,BAR_CLOSE_TRAIL,9.0000
5292,2026-08-05 07:49:16.472,EMA_BOUNCE,EMA50,1,24,NO_BREAK_EVEN,True,BAR_CLOSE_TRAIL,9.0000
5292,2026-08-05 07:49:16.472,EMA_BOUNCE,EMA50,1,48,BREAK_EVEN,True,BAR_CLOSE_TRAIL,9.0000
5292,2026-08-05 07:49:16.472,EMA_BOUNCE,EMA50,1,48,NO_BREAK_EVEN,True,BAR_CLOSE_TRAIL,9.0000
5300,2026-08-05 07:50:22.408,EMA_BOUNCE,EMA8,1,12,BREAK_EVEN,False,HARD_STOP,-10.0000
5300,2026-08-05 07:50:22.408,EMA_BOUNCE,EMA8,1,12,NO_BREAK_EVEN,False,HARD_STOP,-10.0000
5300,2026-08-05 07:50:22.408,EMA_BOUNCE,EMA8,1,24,BREAK_EVEN,False,HARD_STOP,-10.0000
5300,2026-08-05 07:50:22.408,EMA_BOUNCE,EMA8,1,24,NO_BREAK_EVEN,False,HARD_STOP,-10.0000
5300,2026-08-05 07:50:22.408,EMA_BOUNCE,EMA8,1,48,BREAK_EVEN,False,HARD_STOP,-10.0000
5300,2026-08-05 07:50:22.408,EMA_BOUNCE,EMA8,1,48,NO_BREAK_EVEN,False,HARD_STOP,-10.0000
5320,2026-08-05 07:52:31.212,PIN_STRICT,PIN,-1,12,BREAK_EVEN,True,TIME,25.0000
5320,2026-08-05 07:52:31.212,PIN_STRICT,PIN,-1,12,NO_BREAK_EVEN,True,TIME,25.0000
5320,2026-08-05 07:52:31.212,PIN_STRICT,PIN,-1,24,BREAK_EVEN,True,BAR_CLOSE_TRAIL,24.0000
5320,2026-08-05 07:52:31.212,PIN_STRICT,PIN,-1,24,NO_BREAK_EVEN,True,BAR_CLOSE_TRAIL,24.0000
5320,2026-08-05 07:52:31.212,PIN_STRICT,PIN,-1,48,BREAK_EVEN,True,BAR_CLOSE_TRAIL,24.0000
5320,2026-08-05 07:52:31.212,PIN_STRICT,PIN,-1,48,NO_BREAK_EVEN,True,BAR_CLOSE_TRAIL,24.0000
6243,2026-08-05 11:03:24.612,PIN7,PIN7,1,12,BREAK_EVEN,True,BAR_CLOSE_TRAIL,8.0000
6243,2026-08-05 11:03:24.612,PIN7,PIN7,1,12,NO_BREAK_EVEN,True,BAR_CLOSE_TRAIL,8.0000
6243,2026-08-05 11:03:24.612,PIN7,PIN7,1,24,BREAK_EVEN,True,BAR_CLOSE_TRAIL,8.0000
6243,2026-08-05 11:03:24.612,PIN7,PIN7,1,24,NO_BREAK_EVEN,True,BAR_CLOSE_TRAIL,8.0000
6243,2026-08-05 11:03:24.612,PIN7,PIN7,1,48,BREAK_EVEN,True,BAR_CLOSE_TRAIL,8.0000
6243,2026-08-05 11:03:24.612,PIN7,PIN7,1,48,NO_BREAK_EVEN,True,BAR_CLOSE_TRAIL,8.0000
6260,2026-08-05 11:09:35.660,EMA_BOUNCE,EMA50,1,12,BREAK_EVEN,True,BREAK_EVEN,0.0000
6260,2026-08-05 11:09:35.660,EMA_BOUNCE,EMA50,1,12,NO_BREAK_EVEN,True,BAR_CLOSE_TRAIL,0.0000
6260,2026-08-05 11:09:35.660,EMA_BOUNCE,EMA50,1,24,BREAK_EVEN,True,BREAK_EVEN,0.0000
6260,2026-08-05 11:09:35.660,EMA_BOUNCE,EMA50,1,24,NO_BREAK_EVEN,True,BAR_CLOSE_TRAIL,0.0000
6260,2026-08-05 11:09:35.660,EMA_BOUNCE,EMA50,1,48,BREAK_EVEN,True,BREAK_EVEN,0.0000
6260,2026-08-05 11:09:35.660,EMA_BOUNCE,EMA50,1,48,NO_BREAK_EVEN,True,BAR_CLOSE_TRAIL,0.0000
6284,2026-08-05 11:25:11.012,EMA_BOUNCE,EMA50,1,12,BREAK_EVEN,True,BREAK_EVEN,0.0000
6284,2026-08-05 11:25:11.012,EMA_BOUNCE,EMA50,1,12,NO_BREAK_EVEN,True,BAR_CLOSE_TRAIL,-2.0000
6284,2026-08-05 11:25:11.012,EMA_BOUNCE,EMA50,1,24,BREAK_EVEN,True,BREAK_EVEN,0.0000
6284,2026-08-05 11:25:11.012,EMA_BOUNCE,EMA50,1,24,NO_BREAK_EVEN,True,BAR_CLOSE_TRAIL,-2.0000
6284,2026-08-05 11:25:11.012,EMA_BOUNCE,EMA50,1,48,BREAK_EVEN,True,BREAK_EVEN,0.0000
6284,2026-08-05 11:25:11.012,EMA_BOUNCE,EMA50,1,48,NO_BREAK_EVEN,True,BAR_CLOSE_TRAIL,-2.0000
6311,2026-08-05 11:38:06.680,EMA_BOUNCE,EMA50,-1,12,BREAK_EVEN,True,BREAK_EVEN,0.0000
6311,2026-08-05 11:38:06.680,EMA_BOUNCE,EMA50,-1,12,NO_BREAK_EVEN,True,BAR_CLOSE_TRAIL,-0.0000
6311,2026-08-05 11:38:06.680,EMA_BOUNCE,EMA50,-1,24,BREAK_EVEN,True,BREAK_EVEN,0.0000
6311,2026-08-05 11:38:06.680,EMA_BOUNCE,EMA50,-1,24,NO_BREAK_EVEN,True,BAR_CLOSE_TRAIL,-0.0000
6311,2026-08-05 11:38:06.680,EMA_BOUNCE,EMA50,-1,48,BREAK_EVEN,True,BREAK_EVEN,0.0000
6311,2026-08-05 11:38:06.680,EMA_BOUNCE,EMA50,-1,48,NO_BREAK_EVEN,True,BAR_CLOSE_TRAIL,-0.0000
6339,2026-08-05 11:57:17.108,PIN7,PIN7,-1,12,BREAK_EVEN,False,HARD_STOP,-10.0000
6339,2026-08-05 11:57:17.108,PIN7,PIN7,-1,12,NO_BREAK_EVEN,False,HARD_STOP,-10.0000
6339,2026-08-05 11:57:17.108,PIN7,PIN7,-1,24,BREAK_EVEN,False,HARD_STOP,-10.0000
6339,2026-08-05 11:57:17.108,PIN7,PIN7,-1,24,NO_BREAK_EVEN,False,HARD_STOP,-10.0000
6339,2026-08-05 11:57:17.108,PIN7,PIN7,-1,48,BREAK_EVEN,False,HARD_STOP,-10.0000
6339,2026-08-05 11:57:17.108,PIN7,PIN7,-1,48,NO_BREAK_EVEN,False,HARD_STOP,-10.0000
6341,2026-08-05 11:57:43.964,EMA_BOUNCE,EMA8,-1,12,BREAK_EVEN,True,BREAK_EVEN,0.0000
6341,2026-08-05 11:57:43.964,EMA_BOUNCE,EMA8,-1,12,NO_BREAK_EVEN,True,BAR_CLOSE_TRAIL,-0.0000
6341,2026-08-05 11:57:43.964,EMA_BOUNCE,EMA8,-1,24,BREAK_EVEN,True,BREAK_EVEN,0.0000
6341,2026-08-05 11:57:43.964,EMA_BOUNCE,EMA8,-1,24,NO_BREAK_EVEN,True,BAR_CLOSE_TRAIL,-0.0000
6341,2026-08-05 11:57:43.964,EMA_BOUNCE,EMA8,-1,48,BREAK_EVEN,True,BREAK_EVEN,0.0000
6341,2026-08-05 11:57:43.964,EMA_BOUNCE,EMA8,-1,48,NO_BREAK_EVEN,True,BAR_CLOSE_TRAIL,-0.0000
6343,2026-08-05 11:58:36.912,EMA_BOUNCE,EMA50,-1,12,BREAK_EVEN,True,BAR_CLOSE_TRAIL,2.0000
6343,2026-08-05 11:58:36.912,EMA_BOUNCE,EMA50,-1,12,NO_BREAK_EVEN,True,BAR_CLOSE_TRAIL,2.0000
6343,2026-08-05 11:58:36.912,EMA_BOUNCE,EMA50,-1,24,BREAK_EVEN,True,BAR_CLOSE_TRAIL,2.0000
6343,2026-08-05 11:58:36.912,EMA_BOUNCE,EMA50,-1,24,NO_BREAK_EVEN,True,BAR_CLOSE_TRAIL,2.0000
6343,2026-08-05 11:58:36.912,EMA_BOUNCE,EMA50,-1,48,BREAK_EVEN,True,BAR_CLOSE_TRAIL,2.0000
6343,2026-08-05 11:58:36.912,EMA_BOUNCE,EMA50,-1,48,NO_BREAK_EVEN,True,BAR_CLOSE_TRAIL,2.0000
6354,2026-08-05 12:02:57.728,EMA_BOUNCE,EMA50,-1,12,BREAK_EVEN,True,BREAK_EVEN,0.0000
6354,2026-08-05 12:02:57.728,EMA_BOUNCE,EMA50,-1,12,NO_BREAK_EVEN,True,BAR_CLOSE_TRAIL,-0.0000
6354,2026-08-05 12:02:57.728,EMA_BOUNCE,EMA50,-1,24,BREAK_EVEN,True,BREAK_EVEN,0.0000
6354,2026-08-05 12:02:57.728,EMA_BOUNCE,EMA50,-1,24,NO_BREAK_EVEN,True,BAR_CLOSE_TRAIL,-0.0000
6354,2026-08-05 12:02:57.728,EMA_BOUNCE,EMA50,-1,48,BREAK_EVEN,True,BREAK_EVEN,0.0000
6354,2026-08-05 12:02:57.728,EMA_BOUNCE,EMA50,-1,48,NO_BREAK_EVEN,True,BAR_CLOSE_TRAIL,-0.0000
6385,2026-08-05 12:21:39.812,EMA_BOUNCE,EMA50,1,12,BREAK_EVEN,True,BREAK_EVEN,0.0000
6385,2026-08-05 12:21:39.812,EMA_BOUNCE,EMA50,1,12,NO_BREAK_EVEN,True,BAR_CLOSE_TRAIL,0.0000
6385,2026-08-05 12:21:39.812,EMA_BOUNCE,EMA50,1,24,BREAK_EVEN,True,BREAK_EVEN,0.0000
6385,2026-08-05 12:21:39.812,EMA_BOUNCE,EMA50,1,24,NO_BREAK_EVEN,True,BAR_CLOSE_TRAIL,0.0000
6385,2026-08-05 12:21:39.812,EMA_BOUNCE,EMA50,1,48,BREAK_EVEN,True,BREAK_EVEN,0.0000
6385,2026-08-05 12:21:39.812,EMA_BOUNCE,EMA50,1,48,NO_BREAK_EVEN,True,BAR_CLOSE_TRAIL,0.0000
6389,2026-08-05 12:23:27.828,EMA_BOUNCE,EMA50,1,12,BREAK_EVEN,True,BREAK_EVEN,0.0000
6389,2026-08-05 12:23:27.828,EMA_BOUNCE,EMA50,1,12,NO_BREAK_EVEN,True,BAR_CLOSE_TRAIL,0.0000
6389,2026-08-05 12:23:27.828,EMA_BOUNCE,EMA50,1,24,BREAK_EVEN,True,BREAK_EVEN,0.0000
6389,2026-08-05 12:23:27.828,EMA_BOUNCE,EMA50,1,24,NO_BREAK_EVEN,True,BAR_CLOSE_TRAIL,0.0000
6389,2026-08-05 12:23:27.828,EMA_BOUNCE,EMA50,1,48,BREAK_EVEN,True,BREAK_EVEN,0.0000
6389,2026-08-05 12:23:27.828,EMA_BOUNCE,EMA50,1,48,NO_BREAK_EVEN,True,BAR_CLOSE_TRAIL,0.0000
6404,2026-08-05 12:35:01.624,EMA_BOUNCE,EMA8,-1,12,BREAK_EVEN,True,BAR_CLOSE_TRAIL,2.0000
6404,2026-08-05 12:35:01.624,EMA_BOUNCE,EMA8,-1,12,NO_BREAK_EVEN,True,BAR_CLOSE_TRAIL,2.0000
6404,2026-08-05 12:35:01.624,EMA_BOUNCE,EMA8,-1,24,BREAK_EVEN,True,BAR_CLOSE_TRAIL,2.0000
6404,2026-08-05 12:35:01.624,EMA_BOUNCE,EMA8,-1,24,NO_BREAK_EVEN,True,BAR_CLOSE_TRAIL,2.0000
6404,2026-08-05 12:35:01.624,EMA_BOUNCE,EMA8,-1,48,BREAK_EVEN,True,BAR_CLOSE_TRAIL,2.0000
6404,2026-08-05 12:35:01.624,EMA_BOUNCE,EMA8,-1,48,NO_BREAK_EVEN,True,BAR_CLOSE_TRAIL,2.0000
6406,2026-08-05 12:36:12.052,PIN7,PIN7,-1,12,BREAK_EVEN,False,HARD_STOP,-10.0000
6406,2026-08-05 12:36:12.052,PIN7,PIN7,-1,12,NO_BREAK_EVEN,False,HARD_STOP,-10.0000
6406,2026-08-05 12:36:12.052,PIN7,PIN7,-1,24,BREAK_EVEN,False,HARD_STOP,-10.0000
6406,2026-08-05 12:36:12.052,PIN7,PIN7,-1,24,NO_BREAK_EVEN,False,HARD_STOP,-10.0000
6406,2026-08-05 12:36:12.052,PIN7,PIN7,-1,48,BREAK_EVEN,False,HARD_STOP,-10.0000
6406,2026-08-05 12:36:12.052,PIN7,PIN7,-1,48,NO_BREAK_EVEN,False,HARD_STOP,-10.0000
6412,2026-08-05 12:38:50.600,EMA_BOUNCE,EMA8,-1,12,BREAK_EVEN,True,BREAK_EVEN,0.0000
6412,2026-08-05 12:38:50.600,EMA_BOUNCE,EMA8,-1,12,NO_BREAK_EVEN,True,BAR_CLOSE_TRAIL,-0.0000
6412,2026-08-05 12:38:50.600,EMA_BOUNCE,EMA8,-1,24,BREAK_EVEN,True,BREAK_EVEN,0.0000
6412,2026-08-05 12:38:50.600,EMA_BOUNCE,EMA8,-1,24,NO_BREAK_EVEN,True,BAR_CLOSE_TRAIL,-0.0000
6412,2026-08-05 12:38:50.600,EMA_BOUNCE,EMA8,-1,48,BREAK_EVEN,True,BREAK_EVEN,0.0000
6412,2026-08-05 12:38:50.600,EMA_BOUNCE,EMA8,-1,48,NO_BREAK_EVEN,True,BAR_CLOSE_TRAIL,-0.0000
6416,2026-08-05 12:41:21.152,EMA_BOUNCE,EMA24,-1,12,BREAK_EVEN,False,HARD_STOP,-10.0000
6416,2026-08-05 12:41:21.152,EMA_BOUNCE,EMA24,-1,12,NO_BREAK_EVEN,False,HARD_STOP,-10.0000
6416,2026-08-05 12:41:21.152,EMA_BOUNCE,EMA24,-1,24,BREAK_EVEN,False,HARD_STOP,-10.0000
6416,2026-08-05 12:41:21.152,EMA_BOUNCE,EMA24,-1,24,NO_BREAK_EVEN,False,HARD_STOP,-10.0000
6416,2026-08-05 12:41:21.152,EMA_BOUNCE,EMA24,-1,48,BREAK_EVEN,False,HARD_STOP,-10.0000
6416,2026-08-05 12:41:21.152,EMA_BOUNCE,EMA24,-1,48,NO_BREAK_EVEN,False,HARD_STOP,-10.0000
6418,2026-08-05 12:43:07.336,EMA_BOUNCE,EMA50,-1,12,BREAK_EVEN,True,BAR_CLOSE_TRAIL,2.0000
6418,2026-08-05 12:43:07.336,EMA_BOUNCE,EMA50,-1,12,NO_BREAK_EVEN,True,BAR_CLOSE_TRAIL,2.0000
6418,2026-08-05 12:43:07.336,EMA_BOUNCE,EMA50,-1,24,BREAK_EVEN,True,BAR_CLOSE_TRAIL,2.0000
6418,2026-08-05 12:43:07.336,EMA_BOUNCE,EMA50,-1,24,NO_BREAK_EVEN,True,BAR_CLOSE_TRAIL,2.0000
6418,2026-08-05 12:43:07.336,EMA_BOUNCE,EMA50,-1,48,BREAK_EVEN,True,BAR_CLOSE_TRAIL,2.0000
6418,2026-08-05 12:43:07.336,EMA_BOUNCE,EMA50,-1,48,NO_BREAK_EVEN,True,BAR_CLOSE_TRAIL,2.0000
6461,2026-08-05 12:56:23.544,PIN7,PIN7,-1,12,BREAK_EVEN,True,BREAK_EVEN,0.0000
6461,2026-08-05 12:56:23.544,PIN7,PIN7,-1,12,NO_BREAK_EVEN,True,TIME,22.0000
6461,2026-08-05 12:56:23.544,PIN7,PIN7,-1,24,BREAK_EVEN,True,BREAK_EVEN,0.0000
6461,2026-08-05 12:56:23.544,PIN7,PIN7,-1,24,NO_BREAK_EVEN,True,BAR_CLOSE_TRAIL,20.0000
6461,2026-08-05 12:56:23.544,PIN7,PIN7,-1,48,BREAK_EVEN,True,BREAK_EVEN,0.0000
6461,2026-08-05 12:56:23.544,PIN7,PIN7,-1,48,NO_BREAK_EVEN,True,BAR_CLOSE_TRAIL,20.0000
6470,2026-08-05 12:59:00.100,PIN7,PIN7,-1,12,BREAK_EVEN,True,BAR_CLOSE_TRAIL,4.0000
6470,2026-08-05 12:59:00.100,PIN7,PIN7,-1,12,NO_BREAK_EVEN,True,BAR_CLOSE_TRAIL,4.0000
6470,2026-08-05 12:59:00.100,PIN7,PIN7,-1,24,BREAK_EVEN,True,BAR_CLOSE_TRAIL,4.0000
6470,2026-08-05 12:59:00.100,PIN7,PIN7,-1,24,NO_BREAK_EVEN,True,BAR_CLOSE_TRAIL,4.0000
6470,2026-08-05 12:59:00.100,PIN7,PIN7,-1,48,BREAK_EVEN,True,BAR_CLOSE_TRAIL,4.0000
6470,2026-08-05 12:59:00.100,PIN7,PIN7,-1,48,NO_BREAK_EVEN,True,BAR_CLOSE_TRAIL,4.0000
6471,2026-08-05 12:59:02.948,PIN7,PIN7,-1,12,BREAK_EVEN,True,BREAK_EVEN,0.0000
6471,2026-08-05 12:59:02.948,PIN7,PIN7,-1,12,NO_BREAK_EVEN,True,BAR_CLOSE_TRAIL,1.0000
6471,2026-08-05 12:59:02.948,PIN7,PIN7,-1,24,BREAK_EVEN,True,BREAK_EVEN,0.0000
6471,2026-08-05 12:59:02.948,PIN7,PIN7,-1,24,NO_BREAK_EVEN,True,BAR_CLOSE_TRAIL,1.0000
6471,2026-08-05 12:59:02.948,PIN7,PIN7,-1,48,BREAK_EVEN,True,BREAK_EVEN,0.0000
6471,2026-08-05 12:59:02.948,PIN7,PIN7,-1,48,NO_BREAK_EVEN,True,BAR_CLOSE_TRAIL,1.0000
6484,2026-08-05 12:59:44.020,PIN_STRICT,PIN,-1,12,BREAK_EVEN,True,BAR_CLOSE_TRAIL,12.0000
6484,2026-08-05 12:59:44.020,PIN_STRICT,PIN,-1,12,NO_BREAK_EVEN,True,BAR_CLOSE_TRAIL,12.0000
6484,2026-08-05 12:59:44.020,PIN_STRICT,PIN,-1,24,BREAK_EVEN,True,BAR_CLOSE_TRAIL,12.0000
6484,2026-08-05 12:59:44.020,PIN_STRICT,PIN,-1,24,NO_BREAK_EVEN,True,BAR_CLOSE_TRAIL,12.0000
6484,2026-08-05 12:59:44.020,PIN_STRICT,PIN,-1,48,BREAK_EVEN,True,BAR_CLOSE_TRAIL,12.0000
6484,2026-08-05 12:59:44.020,PIN_STRICT,PIN,-1,48,NO_BREAK_EVEN,True,BAR_CLOSE_TRAIL,12.0000
7379,2026-08-06 06:33:16.124,PIN_STRICT,PIN,-1,12,BREAK_EVEN,False,HARD_STOP,-10.0000
7379,2026-08-06 06:33:16.124,PIN_STRICT,PIN,-1,12,NO_BREAK_EVEN,False,HARD_STOP,-10.0000
7379,2026-08-06 06:33:16.124,PIN_STRICT,PIN,-1,24,BREAK_EVEN,False,HARD_STOP,-10.0000
7379,2026-08-06 06:33:16.124,PIN_STRICT,PIN,-1,24,NO_BREAK_EVEN,False,HARD_STOP,-10.0000
7379,2026-08-06 06:33:16.124,PIN_STRICT,PIN,-1,48,BREAK_EVEN,False,HARD_STOP,-10.0000
7379,2026-08-06 06:33:16.124,PIN_STRICT,PIN,-1,48,NO_BREAK_EVEN,False,HARD_STOP,-10.0000
7387,2026-08-06 06:34:16.520,EMA_BOUNCE,EMA24,-1,12,BREAK_EVEN,True,BREAK_EVEN,0.0000
7387,2026-08-06 06:34:16.520,EMA_BOUNCE,EMA24,-1,12,NO_BREAK_EVEN,True,BAR_CLOSE_TRAIL,-1.0000
7387,2026-08-06 06:34:16.520,EMA_BOUNCE,EMA24,-1,24,BREAK_EVEN,True,BREAK_EVEN,0.0000
7387,2026-08-06 06:34:16.520,EMA_BOUNCE,EMA24,-1,24,NO_BREAK_EVEN,True,BAR_CLOSE_TRAIL,-1.0000
7387,2026-08-06 06:34:16.520,EMA_BOUNCE,EMA24,-1,48,BREAK_EVEN,True,BREAK_EVEN,0.0000
7387,2026-08-06 06:34:16.520,EMA_BOUNCE,EMA24,-1,48,NO_BREAK_EVEN,True,BAR_CLOSE_TRAIL,-1.0000
7419,2026-08-06 06:36:00.160,EMA_BOUNCE,EMA8,1,12,BREAK_EVEN,True,BREAK_EVEN,0.0000
7419,2026-08-06 06:36:00.160,EMA_BOUNCE,EMA8,1,12,NO_BREAK_EVEN,True,TIME,28.0000
7419,2026-08-06 06:36:00.160,EMA_BOUNCE,EMA8,1,24,BREAK_EVEN,True,BREAK_EVEN,0.0000
7419,2026-08-06 06:36:00.160,EMA_BOUNCE,EMA8,1,24,NO_BREAK_EVEN,True,BAR_CLOSE_TRAIL,25.0000
7419,2026-08-06 06:36:00.160,EMA_BOUNCE,EMA8,1,48,BREAK_EVEN,True,BREAK_EVEN,0.0000
7419,2026-08-06 06:36:00.160,EMA_BOUNCE,EMA8,1,48,NO_BREAK_EVEN,True,BAR_CLOSE_TRAIL,25.0000
7426,2026-08-06 06:36:26.952,PIN7,PIN7,1,12,BREAK_EVEN,True,BREAK_EVEN,0.0000
7426,2026-08-06 06:36:26.952,PIN7,PIN7,1,12,NO_BREAK_EVEN,True,BAR_CLOSE_TRAIL,10.0000
7426,2026-08-06 06:36:26.952,PIN7,PIN7,1,24,BREAK_EVEN,True,BREAK_EVEN,0.0000
7426,2026-08-06 06:36:26.952,PIN7,PIN7,1,24,NO_BREAK_EVEN,True,BAR_CLOSE_TRAIL,10.0000
7426,2026-08-06 06:36:26.952,PIN7,PIN7,1,48,BREAK_EVEN,True,BREAK_EVEN,0.0000
7426,2026-08-06 06:36:26.952,PIN7,PIN7,1,48,NO_BREAK_EVEN,True,BAR_CLOSE_TRAIL,10.0000
7460,2026-08-06 06:39:35.764,EMA_BOUNCE,EMA8,-1,12,BREAK_EVEN,True,BREAK_EVEN,0.0000
7460,2026-08-06 06:39:35.764,EMA_BOUNCE,EMA8,-1,12,NO_BREAK_EVEN,True,BAR_CLOSE_TRAIL,7.0000
7460,2026-08-06 06:39:35.764,EMA_BOUNCE,EMA8,-1,24,BREAK_EVEN,True,BREAK_EVEN,0.0000
7460,2026-08-06 06:39:35.764,EMA_BOUNCE,EMA8,-1,24,NO_BREAK_EVEN,True,BAR_CLOSE_TRAIL,7.0000
7460,2026-08-06 06:39:35.764,EMA_BOUNCE,EMA8,-1,48,BREAK_EVEN,True,BREAK_EVEN,0.0000
7460,2026-08-06 06:39:35.764,EMA_BOUNCE,EMA8,-1,48,NO_BREAK_EVEN,True,BAR_CLOSE_TRAIL,7.0000
7485,2026-08-06 06:41:29.608,EMA_BOUNCE,EMA50,1,12,BREAK_EVEN,True,BAR_CLOSE_TRAIL,5.0000
7485,2026-08-06 06:41:29.608,EMA_BOUNCE,EMA50,1,12,NO_BREAK_EVEN,True,BAR_CLOSE_TRAIL,5.0000
7485,2026-08-06 06:41:29.608,EMA_BOUNCE,EMA50,1,24,BREAK_EVEN,True,BAR_CLOSE_TRAIL,5.0000
7485,2026-08-06 06:41:29.608,EMA_BOUNCE,EMA50,1,24,NO_BREAK_EVEN,True,BAR_CLOSE_TRAIL,5.0000
7485,2026-08-06 06:41:29.608,EMA_BOUNCE,EMA50,1,48,BREAK_EVEN,True,BAR_CLOSE_TRAIL,5.0000
7485,2026-08-06 06:41:29.608,EMA_BOUNCE,EMA50,1,48,NO_BREAK_EVEN,True,BAR_CLOSE_TRAIL,5.0000
7493,2026-08-06 06:42:04.704,EMA_BOUNCE,EMA8,1,12,BREAK_EVEN,False,HARD_STOP,-10.0000
7493,2026-08-06 06:42:04.704,EMA_BOUNCE,EMA8,1,12,NO_BREAK_EVEN,False,HARD_STOP,-10.0000
7493,2026-08-06 06:42:04.704,EMA_BOUNCE,EMA8,1,24,BREAK_EVEN,False,HARD_STOP,-10.0000
7493,2026-08-06 06:42:04.704,EMA_BOUNCE,EMA8,1,24,NO_BREAK_EVEN,False,HARD_STOP,-10.0000
7493,2026-08-06 06:42:04.704,EMA_BOUNCE,EMA8,1,48,BREAK_EVEN,False,HARD_STOP,-10.0000
7493,2026-08-06 06:42:04.704,EMA_BOUNCE,EMA8,1,48,NO_BREAK_EVEN,False,HARD_STOP,-10.0000
7506,2026-08-06 06:43:01.568,EMA_BOUNCE,EMA50,1,12,BREAK_EVEN,True,BAR_CLOSE_TRAIL,8.0000
7506,2026-08-06 06:43:01.568,EMA_BOUNCE,EMA50,1,12,NO_BREAK_EVEN,True,BAR_CLOSE_TRAIL,8.0000
7506,2026-08-06 06:43:01.568,EMA_BOUNCE,EMA50,1,24,BREAK_EVEN,True,BAR_CLOSE_TRAIL,8.0000
7506,2026-08-06 06:43:01.568,EMA_BOUNCE,EMA50,1,24,NO_BREAK_EVEN,True,BAR_CLOSE_TRAIL,8.0000
7506,2026-08-06 06:43:01.568,EMA_BOUNCE,EMA50,1,48,BREAK_EVEN,True,BAR_CLOSE_TRAIL,8.0000
7506,2026-08-06 06:43:01.568,EMA_BOUNCE,EMA50,1,48,NO_BREAK_EVEN,True,BAR_CLOSE_TRAIL,8.0000
7509,2026-08-06 06:43:23.676,PIN7,PIN7,1,12,BREAK_EVEN,True,BREAK_EVEN,0.0000
7509,2026-08-06 06:43:23.676,PIN7,PIN7,1,12,NO_BREAK_EVEN,True,BAR_CLOSE_TRAIL,-2.0000
7509,2026-08-06 06:43:23.676,PIN7,PIN7,1,24,BREAK_EVEN,True,BREAK_EVEN,0.0000
7509,2026-08-06 06:43:23.676,PIN7,PIN7,1,24,NO_BREAK_EVEN,True,BAR_CLOSE_TRAIL,-2.0000
7509,2026-08-06 06:43:23.676,PIN7,PIN7,1,48,BREAK_EVEN,True,BREAK_EVEN,0.0000
7509,2026-08-06 06:43:23.676,PIN7,PIN7,1,48,NO_BREAK_EVEN,True,BAR_CLOSE_TRAIL,-2.0000
7516,2026-08-06 06:43:52.588,EMA_BOUNCE,EMA8,1,12,BREAK_EVEN,True,BAR_CLOSE_TRAIL,4.0000
7516,2026-08-06 06:43:52.588,EMA_BOUNCE,EMA8,1,12,NO_BREAK_EVEN,True,BAR_CLOSE_TRAIL,4.0000
7516,2026-08-06 06:43:52.588,EMA_BOUNCE,EMA8,1,24,BREAK_EVEN,True,BAR_CLOSE_TRAIL,4.0000
7516,2026-08-06 06:43:52.588,EMA_BOUNCE,EMA8,1,24,NO_BREAK_EVEN,True,BAR_CLOSE_TRAIL,4.0000
7516,2026-08-06 06:43:52.588,EMA_BOUNCE,EMA8,1,48,BREAK_EVEN,True,BAR_CLOSE_TRAIL,4.0000
7516,2026-08-06 06:43:52.588,EMA_BOUNCE,EMA8,1,48,NO_BREAK_EVEN,True,BAR_CLOSE_TRAIL,4.0000
7709,2026-08-06 07:07:48.944,EMA_BOUNCE,EMA8,1,12,BREAK_EVEN,True,BREAK_EVEN,0.0000
7709,2026-08-06 07:07:48.944,EMA_BOUNCE,EMA8,1,12,NO_BREAK_EVEN,True,BAR_CLOSE_TRAIL,-1.0000
7709,2026-08-06 07:07:48.944,EMA_BOUNCE,EMA8,1,24,BREAK_EVEN,True,BREAK_EVEN,0.0000
7709,2026-08-06 07:07:48.944,EMA_BOUNCE,EMA8,1,24,NO_BREAK_EVEN,True,BAR_CLOSE_TRAIL,-1.0000
7709,2026-08-06 07:07:48.944,EMA_BOUNCE,EMA8,1,48,BREAK_EVEN,True,BREAK_EVEN,0.0000
7709,2026-08-06 07:07:48.944,EMA_BOUNCE,EMA8,1,48,NO_BREAK_EVEN,True,BAR_CLOSE_TRAIL,-1.0000
7711,2026-08-06 07:08:14.028,EMA_BOUNCE,EMA8,1,12,BREAK_EVEN,True,BREAK_EVEN,0.0000
7711,2026-08-06 07:08:14.028,EMA_BOUNCE,EMA8,1,12,NO_BREAK_EVEN,True,BAR_CLOSE_TRAIL,7.0000
7711,2026-08-06 07:08:14.028,EMA_BOUNCE,EMA8,1,24,BREAK_EVEN,True,BREAK_EVEN,0.0000
7711,2026-08-06 07:08:14.028,EMA_BOUNCE,EMA8,1,24,NO_BREAK_EVEN,True,BAR_CLOSE_TRAIL,7.0000
7711,2026-08-06 07:08:14.028,EMA_BOUNCE,EMA8,1,48,BREAK_EVEN,True,BREAK_EVEN,0.0000
7711,2026-08-06 07:08:14.028,EMA_BOUNCE,EMA8,1,48,NO_BREAK_EVEN,True,BAR_CLOSE_TRAIL,7.0000
7713,2026-08-06 07:08:50.888,EMA_BOUNCE,EMA8,1,12,BREAK_EVEN,True,BREAK_EVEN,0.0000
7713,2026-08-06 07:08:50.888,EMA_BOUNCE,EMA8,1,12,NO_BREAK_EVEN,True,BAR_CLOSE_TRAIL,0.0000
7713,2026-08-06 07:08:50.888,EMA_BOUNCE,EMA8,1,24,BREAK_EVEN,True,BREAK_EVEN,0.0000
7713,2026-08-06 07:08:50.888,EMA_BOUNCE,EMA8,1,24,NO_BREAK_EVEN,True,BAR_CLOSE_TRAIL,0.0000
7713,2026-08-06 07:08:50.888,EMA_BOUNCE,EMA8,1,48,BREAK_EVEN,True,BREAK_EVEN,0.0000
7713,2026-08-06 07:08:50.888,EMA_BOUNCE,EMA8,1,48,NO_BREAK_EVEN,True,BAR_CLOSE_TRAIL,0.0000
7723,2026-08-06 07:10:43.428,EMA_BOUNCE,EMA8,1,12,BREAK_EVEN,True,BREAK_EVEN,0.0000
7723,2026-08-06 07:10:43.428,EMA_BOUNCE,EMA8,1,12,NO_BREAK_EVEN,True,BAR_CLOSE_TRAIL,1.0000
7723,2026-08-06 07:10:43.428,EMA_BOUNCE,EMA8,1,24,BREAK_EVEN,True,BREAK_EVEN,0.0000
7723,2026-08-06 07:10:43.428,EMA_BOUNCE,EMA8,1,24,NO_BREAK_EVEN,True,BAR_CLOSE_TRAIL,1.0000
7723,2026-08-06 07:10:43.428,EMA_BOUNCE,EMA8,1,48,BREAK_EVEN,True,BREAK_EVEN,0.0000
7723,2026-08-06 07:10:43.428,EMA_BOUNCE,EMA8,1,48,NO_BREAK_EVEN,True,BAR_CLOSE_TRAIL,1.0000
7727,2026-08-06 07:12:00.300,EMA_BOUNCE,EMA8,1,12,BREAK_EVEN,False,HARD_STOP,-10.0000
7727,2026-08-06 07:12:00.300,EMA_BOUNCE,EMA8,1,12,NO_BREAK_EVEN,False,HARD_STOP,-10.0000
7727,2026-08-06 07:12:00.300,EMA_BOUNCE,EMA8,1,24,BREAK_EVEN,False,HARD_STOP,-10.0000
7727,2026-08-06 07:12:00.300,EMA_BOUNCE,EMA8,1,24,NO_BREAK_EVEN,False,HARD_STOP,-10.0000
7727,2026-08-06 07:12:00.300,EMA_BOUNCE,EMA8,1,48,BREAK_EVEN,False,HARD_STOP,-10.0000
7727,2026-08-06 07:12:00.300,EMA_BOUNCE,EMA8,1,48,NO_BREAK_EVEN,False,HARD_STOP,-10.0000
7791,2026-08-06 07:26:31.688,EMA_BOUNCE,EMA8,-1,12,BREAK_EVEN,True,BREAK_EVEN,0.0000
7791,2026-08-06 07:26:31.688,EMA_BOUNCE,EMA8,-1,12,NO_BREAK_EVEN,True,BAR_CLOSE_TRAIL,-0.0000
7791,2026-08-06 07:26:31.688,EMA_BOUNCE,EMA8,-1,24,BREAK_EVEN,True,BREAK_EVEN,0.0000
7791,2026-08-06 07:26:31.688,EMA_BOUNCE,EMA8,-1,24,NO_BREAK_EVEN,True,BAR_CLOSE_TRAIL,-0.0000
7791,2026-08-06 07:26:31.688,EMA_BOUNCE,EMA8,-1,48,BREAK_EVEN,True,BREAK_EVEN,0.0000
7791,2026-08-06 07:26:31.688,EMA_BOUNCE,EMA8,-1,48,NO_BREAK_EVEN,True,BAR_CLOSE_TRAIL,-0.0000
7799,2026-08-06 07:27:14.708,EMA_BOUNCE,EMA8,-1,12,BREAK_EVEN,False,HARD_STOP,-10.0000
7799,2026-08-06 07:27:14.708,EMA_BOUNCE,EMA8,-1,12,NO_BREAK_EVEN,False,HARD_STOP,-10.0000
7799,2026-08-06 07:27:14.708,EMA_BOUNCE,EMA8,-1,24,BREAK_EVEN,False,HARD_STOP,-10.0000
7799,2026-08-06 07:27:14.708,EMA_BOUNCE,EMA8,-1,24,NO_BREAK_EVEN,False,HARD_STOP,-10.0000
7799,2026-08-06 07:27:14.708,EMA_BOUNCE,EMA8,-1,48,BREAK_EVEN,False,HARD_STOP,-10.0000
7799,2026-08-06 07:27:14.708,EMA_BOUNCE,EMA8,-1,48,NO_BREAK_EVEN,False,HARD_STOP,-10.0000
7801,2026-08-06 07:27:17.480,EMA_BOUNCE,EMA8,-1,12,BREAK_EVEN,False,HARD_STOP,-10.0000
7801,2026-08-06 07:27:17.480,EMA_BOUNCE,EMA8,-1,12,NO_BREAK_EVEN,False,HARD_STOP,-10.0000
7801,2026-08-06 07:27:17.480,EMA_BOUNCE,EMA8,-1,24,BREAK_EVEN,False,HARD_STOP,-10.0000
7801,2026-08-06 07:27:17.480,EMA_BOUNCE,EMA8,-1,24,NO_BREAK_EVEN,False,HARD_STOP,-10.0000
7801,2026-08-06 07:27:17.480,EMA_BOUNCE,EMA8,-1,48,BREAK_EVEN,False,HARD_STOP,-10.0000
7801,2026-08-06 07:27:17.480,EMA_BOUNCE,EMA8,-1,48,NO_BREAK_EVEN,False,HARD_STOP,-10.0000
7803,2026-08-06 07:27:27.176,EMA_BOUNCE,EMA8,-1,12,BREAK_EVEN,False,HARD_STOP,-10.0000
7803,2026-08-06 07:27:27.176,EMA_BOUNCE,EMA8,-1,12,NO_BREAK_EVEN,False,HARD_STOP,-10.0000
7803,2026-08-06 07:27:27.176,EMA_BOUNCE,EMA8,-1,24,BREAK_EVEN,False,HARD_STOP,-10.0000
7803,2026-08-06 07:27:27.176,EMA_BOUNCE,EMA8,-1,24,NO_BREAK_EVEN,False,HARD_STOP,-10.0000
7803,2026-08-06 07:27:27.176,EMA_BOUNCE,EMA8,-1,48,BREAK_EVEN,False,HARD_STOP,-10.0000
7803,2026-08-06 07:27:27.176,EMA_BOUNCE,EMA8,-1,48,NO_BREAK_EVEN,False,HARD_STOP,-10.0000
7879,2026-08-06 07:37:28.884,PIN7,PIN7,-1,12,BREAK_EVEN,True,BREAK_EVEN,0.0000
7879,2026-08-06 07:37:28.884,PIN7,PIN7,-1,12,NO_BREAK_EVEN,True,TIME,18.0000
7879,2026-08-06 07:37:28.884,PIN7,PIN7,-1,24,BREAK_EVEN,True,BREAK_EVEN,0.0000
7879,2026-08-06 07:37:28.884,PIN7,PIN7,-1,24,NO_BREAK_EVEN,True,BAR_CLOSE_TRAIL,14.0000
7879,2026-08-06 07:37:28.884,PIN7,PIN7,-1,48,BREAK_EVEN,True,BREAK_EVEN,0.0000
7879,2026-08-06 07:37:28.884,PIN7,PIN7,-1,48,NO_BREAK_EVEN,True,BAR_CLOSE_TRAIL,14.0000
7885,2026-08-06 07:38:59.048,PIN7,PIN7,-1,12,BREAK_EVEN,True,BAR_CLOSE_TRAIL,7.0000
7885,2026-08-06 07:38:59.048,PIN7,PIN7,-1,12,NO_BREAK_EVEN,True,BAR_CLOSE_TRAIL,7.0000
7885,2026-08-06 07:38:59.048,PIN7,PIN7,-1,24,BREAK_EVEN,True,BAR_CLOSE_TRAIL,7.0000
7885,2026-08-06 07:38:59.048,PIN7,PIN7,-1,24,NO_BREAK_EVEN,True,BAR_CLOSE_TRAIL,7.0000
7885,2026-08-06 07:38:59.048,PIN7,PIN7,-1,48,BREAK_EVEN,True,BAR_CLOSE_TRAIL,7.0000
7885,2026-08-06 07:38:59.048,PIN7,PIN7,-1,48,NO_BREAK_EVEN,True,BAR_CLOSE_TRAIL,7.0000
7931,2026-08-06 07:46:04.168,EMA_BOUNCE,EMA8,-1,12,BREAK_EVEN,True,BREAK_EVEN,0.0000
7931,2026-08-06 07:46:04.168,EMA_BOUNCE,EMA8,-1,12,NO_BREAK_EVEN,True,TIME,14.0000
7931,2026-08-06 07:46:04.168,EMA_BOUNCE,EMA8,-1,24,BREAK_EVEN,True,BREAK_EVEN,0.0000
7931,2026-08-06 07:46:04.168,EMA_BOUNCE,EMA8,-1,24,NO_BREAK_EVEN,True,BAR_CLOSE_TRAIL,5.0000
7931,2026-08-06 07:46:04.168,EMA_BOUNCE,EMA8,-1,48,BREAK_EVEN,True,BREAK_EVEN,0.0000
7931,2026-08-06 07:46:04.168,EMA_BOUNCE,EMA8,-1,48,NO_BREAK_EVEN,True,BAR_CLOSE_TRAIL,5.0000
7933,2026-08-06 07:46:41.772,EMA_BOUNCE,EMA8,-1,12,BREAK_EVEN,True,BREAK_EVEN,0.0000
7933,2026-08-06 07:46:41.772,EMA_BOUNCE,EMA8,-1,12,NO_BREAK_EVEN,True,TIME,7.0000
7933,2026-08-06 07:46:41.772,EMA_BOUNCE,EMA8,-1,24,BREAK_EVEN,True,BREAK_EVEN,0.0000
7933,2026-08-06 07:46:41.772,EMA_BOUNCE,EMA8,-1,24,NO_BREAK_EVEN,True,BAR_CLOSE_TRAIL,2.0000
7933,2026-08-06 07:46:41.772,EMA_BOUNCE,EMA8,-1,48,BREAK_EVEN,True,BREAK_EVEN,0.0000
7933,2026-08-06 07:46:41.772,EMA_BOUNCE,EMA8,-1,48,NO_BREAK_EVEN,True,BAR_CLOSE_TRAIL,2.0000
7936,2026-08-06 07:47:24.664,EMA_BOUNCE,EMA8,-1,12,BREAK_EVEN,True,BREAK_EVEN,0.0000
7936,2026-08-06 07:47:24.664,EMA_BOUNCE,EMA8,-1,12,NO_BREAK_EVEN,True,BAR_CLOSE_TRAIL,-0.0000
7936,2026-08-06 07:47:24.664,EMA_BOUNCE,EMA8,-1,24,BREAK_EVEN,True,BREAK_EVEN,0.0000
7936,2026-08-06 07:47:24.664,EMA_BOUNCE,EMA8,-1,24,NO_BREAK_EVEN,True,BAR_CLOSE_TRAIL,-0.0000
7936,2026-08-06 07:47:24.664,EMA_BOUNCE,EMA8,-1,48,BREAK_EVEN,True,BREAK_EVEN,0.0000
7936,2026-08-06 07:47:24.664,EMA_BOUNCE,EMA8,-1,48,NO_BREAK_EVEN,True,BAR_CLOSE_TRAIL,-0.0000
7938,2026-08-06 07:48:13.348,EMA_BOUNCE,EMA8,-1,12,BREAK_EVEN,True,BREAK_EVEN,0.0000
7938,2026-08-06 07:48:13.348,EMA_BOUNCE,EMA8,-1,12,NO_BREAK_EVEN,True,BAR_CLOSE_TRAIL,-0.0000
7938,2026-08-06 07:48:13.348,EMA_BOUNCE,EMA8,-1,24,BREAK_EVEN,True,BREAK_EVEN,0.0000
7938,2026-08-06 07:48:13.348,EMA_BOUNCE,EMA8,-1,24,NO_BREAK_EVEN,True,BAR_CLOSE_TRAIL,-0.0000
7938,2026-08-06 07:48:13.348,EMA_BOUNCE,EMA8,-1,48,BREAK_EVEN,True,BREAK_EVEN,0.0000
7938,2026-08-06 07:48:13.348,EMA_BOUNCE,EMA8,-1,48,NO_BREAK_EVEN,True,BAR_CLOSE_TRAIL,-0.0000
7973,2026-08-06 07:55:29.052,EMA_BOUNCE,EMA8,1,12,BREAK_EVEN,True,BREAK_EVEN,0.0000
7973,2026-08-06 07:55:29.052,EMA_BOUNCE,EMA8,1,12,NO_BREAK_EVEN,True,TIME,19.0000
7973,2026-08-06 07:55:29.052,EMA_BOUNCE,EMA8,1,24,BREAK_EVEN,True,BREAK_EVEN,0.0000
7973,2026-08-06 07:55:29.052,EMA_BOUNCE,EMA8,1,24,NO_BREAK_EVEN,True,BAR_CLOSE_TRAIL,18.0000
7973,2026-08-06 07:55:29.052,EMA_BOUNCE,EMA8,1,48,BREAK_EVEN,True,BREAK_EVEN,0.0000
7973,2026-08-06 07:55:29.052,EMA_BOUNCE,EMA8,1,48,NO_BREAK_EVEN,True,BAR_CLOSE_TRAIL,18.0000
7975,2026-08-06 07:55:40.624,EMA_BOUNCE,EMA8,1,12,BREAK_EVEN,True,BREAK_EVEN,0.0000
7975,2026-08-06 07:55:40.624,EMA_BOUNCE,EMA8,1,12,NO_BREAK_EVEN,True,TIME,21.0000
7975,2026-08-06 07:55:40.624,EMA_BOUNCE,EMA8,1,24,BREAK_EVEN,True,BREAK_EVEN,0.0000
7975,2026-08-06 07:55:40.624,EMA_BOUNCE,EMA8,1,24,NO_BREAK_EVEN,True,BAR_CLOSE_TRAIL,19.0000
7975,2026-08-06 07:55:40.624,EMA_BOUNCE,EMA8,1,48,BREAK_EVEN,True,BREAK_EVEN,0.0000
7975,2026-08-06 07:55:40.624,EMA_BOUNCE,EMA8,1,48,NO_BREAK_EVEN,True,BAR_CLOSE_TRAIL,19.0000
7978,2026-08-06 07:56:14.760,PIN7,PIN7,1,12,BREAK_EVEN,True,BAR_CLOSE_TRAIL,12.0000
7978,2026-08-06 07:56:14.760,PIN7,PIN7,1,12,NO_BREAK_EVEN,True,BAR_CLOSE_TRAIL,12.0000
7978,2026-08-06 07:56:14.760,PIN7,PIN7,1,24,BREAK_EVEN,True,BAR_CLOSE_TRAIL,12.0000
7978,2026-08-06 07:56:14.760,PIN7,PIN7,1,24,NO_BREAK_EVEN,True,BAR_CLOSE_TRAIL,12.0000
7978,2026-08-06 07:56:14.760,PIN7,PIN7,1,48,BREAK_EVEN,True,BAR_CLOSE_TRAIL,12.0000
7978,2026-08-06 07:56:14.760,PIN7,PIN7,1,48,NO_BREAK_EVEN,True,BAR_CLOSE_TRAIL,12.0000
7980,2026-08-06 07:56:32.088,EMA_BOUNCE,EMA8,1,12,BREAK_EVEN,True,BAR_CLOSE_TRAIL,14.0000
7980,2026-08-06 07:56:32.088,EMA_BOUNCE,EMA8,1,12,NO_BREAK_EVEN,True,BAR_CLOSE_TRAIL,14.0000
7980,2026-08-06 07:56:32.088,EMA_BOUNCE,EMA8,1,24,BREAK_EVEN,True,BAR_CLOSE_TRAIL,14.0000
7980,2026-08-06 07:56:32.088,EMA_BOUNCE,EMA8,1,24,NO_BREAK_EVEN,True,BAR_CLOSE_TRAIL,14.0000
7980,2026-08-06 07:56:32.088,EMA_BOUNCE,EMA8,1,48,BREAK_EVEN,True,BAR_CLOSE_TRAIL,14.0000
7980,2026-08-06 07:56:32.088,EMA_BOUNCE,EMA8,1,48,NO_BREAK_EVEN,True,BAR_CLOSE_TRAIL,14.0000
7994,2026-08-06 07:59:13.636,EMA_BOUNCE,EMA24,1,12,BREAK_EVEN,True,BAR_CLOSE_TRAIL,8.0000
7994,2026-08-06 07:59:13.636,EMA_BOUNCE,EMA24,1,12,NO_BREAK_EVEN,True,BAR_CLOSE_TRAIL,8.0000
7994,2026-08-06 07:59:13.636,EMA_BOUNCE,EMA24,1,24,BREAK_EVEN,True,BAR_CLOSE_TRAIL,8.0000
7994,2026-08-06 07:59:13.636,EMA_BOUNCE,EMA24,1,24,NO_BREAK_EVEN,True,BAR_CLOSE_TRAIL,8.0000
7994,2026-08-06 07:59:13.636,EMA_BOUNCE,EMA24,1,48,BREAK_EVEN,True,BAR_CLOSE_TRAIL,8.0000
7994,2026-08-06 07:59:13.636,EMA_BOUNCE,EMA24,1,48,NO_BREAK_EVEN,True,BAR_CLOSE_TRAIL,8.0000
8677,2026-08-06 11:05:36.956,PIN7,PIN7,1,12,BREAK_EVEN,False,HARD_STOP,-10.0000
8677,2026-08-06 11:05:36.956,PIN7,PIN7,1,12,NO_BREAK_EVEN,False,HARD_STOP,-10.0000
8677,2026-08-06 11:05:36.956,PIN7,PIN7,1,24,BREAK_EVEN,False,HARD_STOP,-10.0000
8677,2026-08-06 11:05:36.956,PIN7,PIN7,1,24,NO_BREAK_EVEN,False,HARD_STOP,-10.0000
8677,2026-08-06 11:05:36.956,PIN7,PIN7,1,48,BREAK_EVEN,False,HARD_STOP,-10.0000
8677,2026-08-06 11:05:36.956,PIN7,PIN7,1,48,NO_BREAK_EVEN,False,HARD_STOP,-10.0000
8684,2026-08-06 11:09:42.676,EMA_BOUNCE,EMA24,1,12,BREAK_EVEN,True,BREAK_EVEN,0.0000
8684,2026-08-06 11:09:42.676,EMA_BOUNCE,EMA24,1,12,NO_BREAK_EVEN,True,BAR_CLOSE_TRAIL,0.0000
8684,2026-08-06 11:09:42.676,EMA_BOUNCE,EMA24,1,24,BREAK_EVEN,True,BREAK_EVEN,0.0000
8684,2026-08-06 11:09:42.676,EMA_BOUNCE,EMA24,1,24,NO_BREAK_EVEN,True,BAR_CLOSE_TRAIL,0.0000
8684,2026-08-06 11:09:42.676,EMA_BOUNCE,EMA24,1,48,BREAK_EVEN,True,BREAK_EVEN,0.0000
8684,2026-08-06 11:09:42.676,EMA_BOUNCE,EMA24,1,48,NO_BREAK_EVEN,True,BAR_CLOSE_TRAIL,0.0000
8698,2026-08-06 11:16:13.388,EMA_BOUNCE,EMA50,1,12,BREAK_EVEN,True,TIME,35.0000
8698,2026-08-06 11:16:13.388,EMA_BOUNCE,EMA50,1,12,NO_BREAK_EVEN,True,TIME,35.0000
8698,2026-08-06 11:16:13.388,EMA_BOUNCE,EMA50,1,24,BREAK_EVEN,True,BAR_CLOSE_TRAIL,32.0000
8698,2026-08-06 11:16:13.388,EMA_BOUNCE,EMA50,1,24,NO_BREAK_EVEN,True,BAR_CLOSE_TRAIL,32.0000
8698,2026-08-06 11:16:13.388,EMA_BOUNCE,EMA50,1,48,BREAK_EVEN,True,BAR_CLOSE_TRAIL,32.0000
8698,2026-08-06 11:16:13.388,EMA_BOUNCE,EMA50,1,48,NO_BREAK_EVEN,True,BAR_CLOSE_TRAIL,32.0000
8701,2026-08-06 11:16:21.144,PIN7,PIN7,1,12,BREAK_EVEN,True,BAR_CLOSE_TRAIL,18.0000
8701,2026-08-06 11:16:21.144,PIN7,PIN7,1,12,NO_BREAK_EVEN,True,BAR_CLOSE_TRAIL,18.0000
8701,2026-08-06 11:16:21.144,PIN7,PIN7,1,24,BREAK_EVEN,True,BAR_CLOSE_TRAIL,18.0000
8701,2026-08-06 11:16:21.144,PIN7,PIN7,1,24,NO_BREAK_EVEN,True,BAR_CLOSE_TRAIL,18.0000
8701,2026-08-06 11:16:21.144,PIN7,PIN7,1,48,BREAK_EVEN,True,BAR_CLOSE_TRAIL,18.0000
8701,2026-08-06 11:16:21.144,PIN7,PIN7,1,48,NO_BREAK_EVEN,True,BAR_CLOSE_TRAIL,18.0000
8702,2026-08-06 11:16:42.048,PIN7,PIN7,1,12,BREAK_EVEN,True,BAR_CLOSE_TRAIL,15.0000
8702,2026-08-06 11:16:42.048,PIN7,PIN7,1,12,NO_BREAK_EVEN,True,BAR_CLOSE_TRAIL,15.0000
8702,2026-08-06 11:16:42.048,PIN7,PIN7,1,24,BREAK_EVEN,True,BAR_CLOSE_TRAIL,15.0000
8702,2026-08-06 11:16:42.048,PIN7,PIN7,1,24,NO_BREAK_EVEN,True,BAR_CLOSE_TRAIL,15.0000
8702,2026-08-06 11:16:42.048,PIN7,PIN7,1,48,BREAK_EVEN,True,BAR_CLOSE_TRAIL,15.0000
8702,2026-08-06 11:16:42.048,PIN7,PIN7,1,48,NO_BREAK_EVEN,True,BAR_CLOSE_TRAIL,15.0000
8716,2026-08-06 11:20:01.468,EMA_BOUNCE,EMA24,1,12,BREAK_EVEN,True,BREAK_EVEN,0.0000
8716,2026-08-06 11:20:01.468,EMA_BOUNCE,EMA24,1,12,NO_BREAK_EVEN,True,BAR_CLOSE_TRAIL,1.0000
8716,2026-08-06 11:20:01.468,EMA_BOUNCE,EMA24,1,24,BREAK_EVEN,True,BREAK_EVEN,0.0000
8716,2026-08-06 11:20:01.468,EMA_BOUNCE,EMA24,1,24,NO_BREAK_EVEN,True,BAR_CLOSE_TRAIL,1.0000
8716,2026-08-06 11:20:01.468,EMA_BOUNCE,EMA24,1,48,BREAK_EVEN,True,BREAK_EVEN,0.0000
8716,2026-08-06 11:20:01.468,EMA_BOUNCE,EMA24,1,48,NO_BREAK_EVEN,True,BAR_CLOSE_TRAIL,1.0000
8733,2026-08-06 11:31:33.676,EMA_BOUNCE,EMA50,1,12,BREAK_EVEN,False,HARD_STOP,-10.0000
8733,2026-08-06 11:31:33.676,EMA_BOUNCE,EMA50,1,12,NO_BREAK_EVEN,False,HARD_STOP,-10.0000
8733,2026-08-06 11:31:33.676,EMA_BOUNCE,EMA50,1,24,BREAK_EVEN,False,HARD_STOP,-10.0000
8733,2026-08-06 11:31:33.676,EMA_BOUNCE,EMA50,1,24,NO_BREAK_EVEN,False,HARD_STOP,-10.0000
8733,2026-08-06 11:31:33.676,EMA_BOUNCE,EMA50,1,48,BREAK_EVEN,False,HARD_STOP,-10.0000
8733,2026-08-06 11:31:33.676,EMA_BOUNCE,EMA50,1,48,NO_BREAK_EVEN,False,HARD_STOP,-10.0000
8758,2026-08-06 11:48:43.908,EMA_BOUNCE,EMA50,-1,12,BREAK_EVEN,True,BREAK_EVEN,0.0000
8758,2026-08-06 11:48:43.908,EMA_BOUNCE,EMA50,-1,12,NO_BREAK_EVEN,True,BAR_CLOSE_TRAIL,3.0000
8758,2026-08-06 11:48:43.908,EMA_BOUNCE,EMA50,-1,24,BREAK_EVEN,True,BREAK_EVEN,0.0000
8758,2026-08-06 11:48:43.908,EMA_BOUNCE,EMA50,-1,24,NO_BREAK_EVEN,True,BAR_CLOSE_TRAIL,3.0000
8758,2026-08-06 11:48:43.908,EMA_BOUNCE,EMA50,-1,48,BREAK_EVEN,True,BREAK_EVEN,0.0000
8758,2026-08-06 11:48:43.908,EMA_BOUNCE,EMA50,-1,48,NO_BREAK_EVEN,True,BAR_CLOSE_TRAIL,3.0000
8782,2026-08-06 12:06:33.832,EMA_BOUNCE,EMA8,1,12,BREAK_EVEN,True,BAR_CLOSE_TRAIL,2.0000
8782,2026-08-06 12:06:33.832,EMA_BOUNCE,EMA8,1,12,NO_BREAK_EVEN,True,BAR_CLOSE_TRAIL,2.0000
8782,2026-08-06 12:06:33.832,EMA_BOUNCE,EMA8,1,24,BREAK_EVEN,True,BAR_CLOSE_TRAIL,2.0000
8782,2026-08-06 12:06:33.832,EMA_BOUNCE,EMA8,1,24,NO_BREAK_EVEN,True,BAR_CLOSE_TRAIL,2.0000
8782,2026-08-06 12:06:33.832,EMA_BOUNCE,EMA8,1,48,BREAK_EVEN,True,BAR_CLOSE_TRAIL,2.0000
8782,2026-08-06 12:06:33.832,EMA_BOUNCE,EMA8,1,48,NO_BREAK_EVEN,True,BAR_CLOSE_TRAIL,2.0000
8788,2026-08-06 12:12:07.476,PIN7,PIN7,1,12,BREAK_EVEN,False,HARD_STOP,-10.0000
8788,2026-08-06 12:12:07.476,PIN7,PIN7,1,12,NO_BREAK_EVEN,False,HARD_STOP,-10.0000
8788,2026-08-06 12:12:07.476,PIN7,PIN7,1,24,BREAK_EVEN,False,HARD_STOP,-10.0000
8788,2026-08-06 12:12:07.476,PIN7,PIN7,1,24,NO_BREAK_EVEN,False,HARD_STOP,-10.0000
8788,2026-08-06 12:12:07.476,PIN7,PIN7,1,48,BREAK_EVEN,False,HARD_STOP,-10.0000
8788,2026-08-06 12:12:07.476,PIN7,PIN7,1,48,NO_BREAK_EVEN,False,HARD_STOP,-10.0000
8811,2026-08-06 12:25:50.168,EMA_BOUNCE,EMA8,-1,12,BREAK_EVEN,False,HARD_STOP,-10.0000
8811,2026-08-06 12:25:50.168,EMA_BOUNCE,EMA8,-1,12,NO_BREAK_EVEN,False,HARD_STOP,-10.0000
8811,2026-08-06 12:25:50.168,EMA_BOUNCE,EMA8,-1,24,BREAK_EVEN,False,HARD_STOP,-10.0000
8811,2026-08-06 12:25:50.168,EMA_BOUNCE,EMA8,-1,24,NO_BREAK_EVEN,False,HARD_STOP,-10.0000
8811,2026-08-06 12:25:50.168,EMA_BOUNCE,EMA8,-1,48,BREAK_EVEN,False,HARD_STOP,-10.0000
8811,2026-08-06 12:25:50.168,EMA_BOUNCE,EMA8,-1,48,NO_BREAK_EVEN,False,HARD_STOP,-10.0000
8814,2026-08-06 12:26:17.040,EMA_BOUNCE,EMA24,-1,12,BREAK_EVEN,True,BREAK_EVEN,0.0000
8814,2026-08-06 12:26:17.040,EMA_BOUNCE,EMA24,-1,12,NO_BREAK_EVEN,True,BAR_CLOSE_TRAIL,2.0000
8814,2026-08-06 12:26:17.040,EMA_BOUNCE,EMA24,-1,24,BREAK_EVEN,True,BREAK_EVEN,0.0000
8814,2026-08-06 12:26:17.040,EMA_BOUNCE,EMA24,-1,24,NO_BREAK_EVEN,True,BAR_CLOSE_TRAIL,2.0000
8814,2026-08-06 12:26:17.040,EMA_BOUNCE,EMA24,-1,48,BREAK_EVEN,True,BREAK_EVEN,0.0000
8814,2026-08-06 12:26:17.040,EMA_BOUNCE,EMA24,-1,48,NO_BREAK_EVEN,True,BAR_CLOSE_TRAIL,2.0000
8818,2026-08-06 12:27:38.708,EMA_BOUNCE,EMA8,-1,12,BREAK_EVEN,True,BREAK_EVEN,0.0000
8818,2026-08-06 12:27:38.708,EMA_BOUNCE,EMA8,-1,12,NO_BREAK_EVEN,True,BAR_CLOSE_TRAIL,4.0000
8818,2026-08-06 12:27:38.708,EMA_BOUNCE,EMA8,-1,24,BREAK_EVEN,True,BREAK_EVEN,0.0000
8818,2026-08-06 12:27:38.708,EMA_BOUNCE,EMA8,-1,24,NO_BREAK_EVEN,True,BAR_CLOSE_TRAIL,4.0000
8818,2026-08-06 12:27:38.708,EMA_BOUNCE,EMA8,-1,48,BREAK_EVEN,True,BREAK_EVEN,0.0000
8818,2026-08-06 12:27:38.708,EMA_BOUNCE,EMA8,-1,48,NO_BREAK_EVEN,True,BAR_CLOSE_TRAIL,4.0000
8842,2026-08-06 12:39:00.620,PIN7,PIN7,-1,12,BREAK_EVEN,True,BAR_CLOSE_TRAIL,11.0000
8842,2026-08-06 12:39:00.620,PIN7,PIN7,-1,12,NO_BREAK_EVEN,True,BAR_CLOSE_TRAIL,11.0000
8842,2026-08-06 12:39:00.620,PIN7,PIN7,-1,24,BREAK_EVEN,True,BAR_CLOSE_TRAIL,11.0000
8842,2026-08-06 12:39:00.620,PIN7,PIN7,-1,24,NO_BREAK_EVEN,True,BAR_CLOSE_TRAIL,11.0000
8842,2026-08-06 12:39:00.620,PIN7,PIN7,-1,48,BREAK_EVEN,True,BAR_CLOSE_TRAIL,11.0000
8842,2026-08-06 12:39:00.620,PIN7,PIN7,-1,48,NO_BREAK_EVEN,True,BAR_CLOSE_TRAIL,11.0000
8843,2026-08-06 12:40:00.680,PIN7,PIN7,-1,12,BREAK_EVEN,True,BAR_CLOSE_TRAIL,9.0000
8843,2026-08-06 12:40:00.680,PIN7,PIN7,-1,12,NO_BREAK_EVEN,True,BAR_CLOSE_TRAIL,9.0000
8843,2026-08-06 12:40:00.680,PIN7,PIN7,-1,24,BREAK_EVEN,True,BAR_CLOSE_TRAIL,9.0000
8843,2026-08-06 12:40:00.680,PIN7,PIN7,-1,24,NO_BREAK_EVEN,True,BAR_CLOSE_TRAIL,9.0000
8843,2026-08-06 12:40:00.680,PIN7,PIN7,-1,48,BREAK_EVEN,True,BAR_CLOSE_TRAIL,9.0000
8843,2026-08-06 12:40:00.680,PIN7,PIN7,-1,48,NO_BREAK_EVEN,True,BAR_CLOSE_TRAIL,9.0000
8844,2026-08-06 12:40:34.152,PIN7,PIN7,-1,12,BREAK_EVEN,True,BAR_CLOSE_TRAIL,7.0000
8844,2026-08-06 12:40:34.152,PIN7,PIN7,-1,12,NO_BREAK_EVEN,True,BAR_CLOSE_TRAIL,7.0000
8844,2026-08-06 12:40:34.152,PIN7,PIN7,-1,24,BREAK_EVEN,True,BAR_CLOSE_TRAIL,7.0000
8844,2026-08-06 12:40:34.152,PIN7,PIN7,-1,24,NO_BREAK_EVEN,True,BAR_CLOSE_TRAIL,7.0000
8844,2026-08-06 12:40:34.152,PIN7,PIN7,-1,48,BREAK_EVEN,True,BAR_CLOSE_TRAIL,7.0000
8844,2026-08-06 12:40:34.152,PIN7,PIN7,-1,48,NO_BREAK_EVEN,True,BAR_CLOSE_TRAIL,7.0000
8845,2026-08-06 12:41:21.528,PIN7,PIN7,-1,12,BREAK_EVEN,True,BAR_CLOSE_TRAIL,4.0000
8845,2026-08-06 12:41:21.528,PIN7,PIN7,-1,12,NO_BREAK_EVEN,True,BAR_CLOSE_TRAIL,4.0000
8845,2026-08-06 12:41:21.528,PIN7,PIN7,-1,24,BREAK_EVEN,True,BAR_CLOSE_TRAIL,4.0000
8845,2026-08-06 12:41:21.528,PIN7,PIN7,-1,24,NO_BREAK_EVEN,True,BAR_CLOSE_TRAIL,4.0000
8845,2026-08-06 12:41:21.528,PIN7,PIN7,-1,48,BREAK_EVEN,True,BAR_CLOSE_TRAIL,4.0000
8845,2026-08-06 12:41:21.528,PIN7,PIN7,-1,48,NO_BREAK_EVEN,True,BAR_CLOSE_TRAIL,4.0000
8847,2026-08-06 12:42:01.880,PIN_STRICT,PIN,-1,12,BREAK_EVEN,True,BREAK_EVEN,0.0000
8847,2026-08-06 12:42:01.880,PIN_STRICT,PIN,-1,12,NO_BREAK_EVEN,True,BAR_CLOSE_TRAIL,-0.0000
8847,2026-08-06 12:42:01.880,PIN_STRICT,PIN,-1,24,BREAK_EVEN,True,BREAK_EVEN,0.0000
8847,2026-08-06 12:42:01.880,PIN_STRICT,PIN,-1,24,NO_BREAK_EVEN,True,BAR_CLOSE_TRAIL,-0.0000
8847,2026-08-06 12:42:01.880,PIN_STRICT,PIN,-1,48,BREAK_EVEN,True,BREAK_EVEN,0.0000
8847,2026-08-06 12:42:01.880,PIN_STRICT,PIN,-1,48,NO_BREAK_EVEN,True,BAR_CLOSE_TRAIL,-0.0000
8858,2026-08-06 12:46:17.460,EMA_BOUNCE,EMA24,-1,12,BREAK_EVEN,True,BAR_CLOSE_TRAIL,8.0000
8858,2026-08-06 12:46:17.460,EMA_BOUNCE,EMA24,-1,12,NO_BREAK_EVEN,True,BAR_CLOSE_TRAIL,8.0000
8858,2026-08-06 12:46:17.460,EMA_BOUNCE,EMA24,-1,24,BREAK_EVEN,True,BAR_CLOSE_TRAIL,8.0000
8858,2026-08-06 12:46:17.460,EMA_BOUNCE,EMA24,-1,24,NO_BREAK_EVEN,True,BAR_CLOSE_TRAIL,8.0000
8858,2026-08-06 12:46:17.460,EMA_BOUNCE,EMA24,-1,48,BREAK_EVEN,True,BAR_CLOSE_TRAIL,8.0000
8858,2026-08-06 12:46:17.460,EMA_BOUNCE,EMA24,-1,48,NO_BREAK_EVEN,True,BAR_CLOSE_TRAIL,8.0000
8885,2026-08-06 12:51:52.356,EMA_BOUNCE,EMA8,-1,12,BREAK_EVEN,False,HARD_STOP,-10.0000
8885,2026-08-06 12:51:52.356,EMA_BOUNCE,EMA8,-1,12,NO_BREAK_EVEN,False,HARD_STOP,-10.0000
8885,2026-08-06 12:51:52.356,EMA_BOUNCE,EMA8,-1,24,BREAK_EVEN,False,HARD_STOP,-10.0000
8885,2026-08-06 12:51:52.356,EMA_BOUNCE,EMA8,-1,24,NO_BREAK_EVEN,False,HARD_STOP,-10.0000
8885,2026-08-06 12:51:52.356,EMA_BOUNCE,EMA8,-1,48,BREAK_EVEN,False,HARD_STOP,-10.0000
8885,2026-08-06 12:51:52.356,EMA_BOUNCE,EMA8,-1,48,NO_BREAK_EVEN,False,HARD_STOP,-10.0000
8906,2026-08-06 12:54:39.372,EMA_BOUNCE,EMA8,1,12,BREAK_EVEN,False,HARD_STOP,-10.0000
8906,2026-08-06 12:54:39.372,EMA_BOUNCE,EMA8,1,12,NO_BREAK_EVEN,False,HARD_STOP,-10.0000
8906,2026-08-06 12:54:39.372,EMA_BOUNCE,EMA8,1,24,BREAK_EVEN,False,HARD_STOP,-10.0000
8906,2026-08-06 12:54:39.372,EMA_BOUNCE,EMA8,1,24,NO_BREAK_EVEN,False,HARD_STOP,-10.0000
8906,2026-08-06 12:54:39.372,EMA_BOUNCE,EMA8,1,48,BREAK_EVEN,False,HARD_STOP,-10.0000
8906,2026-08-06 12:54:39.372,EMA_BOUNCE,EMA8,1,48,NO_BREAK_EVEN,False,HARD_STOP,-10.0000
8910,2026-08-06 12:55:00.280,EMA_BOUNCE,EMA8,1,12,BREAK_EVEN,True,BREAK_EVEN,0.0000
8910,2026-08-06 12:55:00.280,EMA_BOUNCE,EMA8,1,12,NO_BREAK_EVEN,True,BAR_CLOSE_TRAIL,0.0000
8910,2026-08-06 12:55:00.280,EMA_BOUNCE,EMA8,1,24,BREAK_EVEN,True,BREAK_EVEN,0.0000
8910,2026-08-06 12:55:00.280,EMA_BOUNCE,EMA8,1,24,NO_BREAK_EVEN,True,BAR_CLOSE_TRAIL,0.0000
8910,2026-08-06 12:55:00.280,EMA_BOUNCE,EMA8,1,48,BREAK_EVEN,True,BREAK_EVEN,0.0000
8910,2026-08-06 12:55:00.280,EMA_BOUNCE,EMA8,1,48,NO_BREAK_EVEN,True,BAR_CLOSE_TRAIL,0.0000
9976,2026-08-07 06:32:21.132,EMA_BOUNCE,EMA8,1,12,BREAK_EVEN,False,HARD_STOP,-10.0000
9976,2026-08-07 06:32:21.132,EMA_BOUNCE,EMA8,1,12,NO_BREAK_EVEN,False,HARD_STOP,-10.0000
9976,2026-08-07 06:32:21.132,EMA_BOUNCE,EMA8,1,24,BREAK_EVEN,False,HARD_STOP,-10.0000
9976,2026-08-07 06:32:21.132,EMA_BOUNCE,EMA8,1,24,NO_BREAK_EVEN,False,HARD_STOP,-10.0000
9976,2026-08-07 06:32:21.132,EMA_BOUNCE,EMA8,1,48,BREAK_EVEN,False,HARD_STOP,-10.0000
9976,2026-08-07 06:32:21.132,EMA_BOUNCE,EMA8,1,48,NO_BREAK_EVEN,False,HARD_STOP,-10.0000
9986,2026-08-07 06:33:17.020,PIN7,PIN7,1,12,BREAK_EVEN,False,HARD_STOP,-10.0000
9986,2026-08-07 06:33:17.020,PIN7,PIN7,1,12,NO_BREAK_EVEN,False,HARD_STOP,-10.0000
9986,2026-08-07 06:33:17.020,PIN7,PIN7,1,24,BREAK_EVEN,False,HARD_STOP,-10.0000
9986,2026-08-07 06:33:17.020,PIN7,PIN7,1,24,NO_BREAK_EVEN,False,HARD_STOP,-10.0000
9986,2026-08-07 06:33:17.020,PIN7,PIN7,1,48,BREAK_EVEN,False,HARD_STOP,-10.0000
9986,2026-08-07 06:33:17.020,PIN7,PIN7,1,48,NO_BREAK_EVEN,False,HARD_STOP,-10.0000
10033,2026-08-07 06:36:39.064,EMA_BOUNCE,EMA8,-1,12,BREAK_EVEN,True,BREAK_EVEN,0.0000
10033,2026-08-07 06:36:39.064,EMA_BOUNCE,EMA8,-1,12,NO_BREAK_EVEN,True,BAR_CLOSE_TRAIL,-0.0000
10033,2026-08-07 06:36:39.064,EMA_BOUNCE,EMA8,-1,24,BREAK_EVEN,True,BREAK_EVEN,0.0000
10033,2026-08-07 06:36:39.064,EMA_BOUNCE,EMA8,-1,24,NO_BREAK_EVEN,True,BAR_CLOSE_TRAIL,-0.0000
10033,2026-08-07 06:36:39.064,EMA_BOUNCE,EMA8,-1,48,BREAK_EVEN,True,BREAK_EVEN,0.0000
10033,2026-08-07 06:36:39.064,EMA_BOUNCE,EMA8,-1,48,NO_BREAK_EVEN,True,BAR_CLOSE_TRAIL,-0.0000
10058,2026-08-07 06:39:17.644,EMA_BOUNCE,EMA24,1,12,BREAK_EVEN,True,BREAK_EVEN,0.0000
10058,2026-08-07 06:39:17.644,EMA_BOUNCE,EMA24,1,12,NO_BREAK_EVEN,True,BAR_CLOSE_TRAIL,0.0000
10058,2026-08-07 06:39:17.644,EMA_BOUNCE,EMA24,1,24,BREAK_EVEN,True,BREAK_EVEN,0.0000
10058,2026-08-07 06:39:17.644,EMA_BOUNCE,EMA24,1,24,NO_BREAK_EVEN,True,BAR_CLOSE_TRAIL,0.0000
10058,2026-08-07 06:39:17.644,EMA_BOUNCE,EMA24,1,48,BREAK_EVEN,True,BREAK_EVEN,0.0000
10058,2026-08-07 06:39:17.644,EMA_BOUNCE,EMA24,1,48,NO_BREAK_EVEN,True,BAR_CLOSE_TRAIL,0.0000
10092,2026-08-07 06:41:51.860,EMA_BOUNCE,EMA8,1,12,BREAK_EVEN,False,HARD_STOP,-10.0000
10092,2026-08-07 06:41:51.860,EMA_BOUNCE,EMA8,1,12,NO_BREAK_EVEN,False,HARD_STOP,-10.0000
10092,2026-08-07 06:41:51.860,EMA_BOUNCE,EMA8,1,24,BREAK_EVEN,False,HARD_STOP,-10.0000
10092,2026-08-07 06:41:51.860,EMA_BOUNCE,EMA8,1,24,NO_BREAK_EVEN,False,HARD_STOP,-10.0000
10092,2026-08-07 06:41:51.860,EMA_BOUNCE,EMA8,1,48,BREAK_EVEN,False,HARD_STOP,-10.0000
10092,2026-08-07 06:41:51.860,EMA_BOUNCE,EMA8,1,48,NO_BREAK_EVEN,False,HARD_STOP,-10.0000
10114,2026-08-07 06:43:30.996,PIN7,PIN7,1,12,BREAK_EVEN,True,BAR_CLOSE_TRAIL,11.0000
10114,2026-08-07 06:43:30.996,PIN7,PIN7,1,12,NO_BREAK_EVEN,True,BAR_CLOSE_TRAIL,11.0000
10114,2026-08-07 06:43:30.996,PIN7,PIN7,1,24,BREAK_EVEN,True,BAR_CLOSE_TRAIL,11.0000
10114,2026-08-07 06:43:30.996,PIN7,PIN7,1,24,NO_BREAK_EVEN,True,BAR_CLOSE_TRAIL,11.0000
10114,2026-08-07 06:43:30.996,PIN7,PIN7,1,48,BREAK_EVEN,True,BAR_CLOSE_TRAIL,11.0000
10114,2026-08-07 06:43:30.996,PIN7,PIN7,1,48,NO_BREAK_EVEN,True,BAR_CLOSE_TRAIL,11.0000
10115,2026-08-07 06:43:45.948,PIN7,PIN7,1,12,BREAK_EVEN,True,BAR_CLOSE_TRAIL,9.0000
10115,2026-08-07 06:43:45.948,PIN7,PIN7,1,12,NO_BREAK_EVEN,True,BAR_CLOSE_TRAIL,9.0000
10115,2026-08-07 06:43:45.948,PIN7,PIN7,1,24,BREAK_EVEN,True,BAR_CLOSE_TRAIL,9.0000
10115,2026-08-07 06:43:45.948,PIN7,PIN7,1,24,NO_BREAK_EVEN,True,BAR_CLOSE_TRAIL,9.0000
10115,2026-08-07 06:43:45.948,PIN7,PIN7,1,48,BREAK_EVEN,True,BAR_CLOSE_TRAIL,9.0000
10115,2026-08-07 06:43:45.948,PIN7,PIN7,1,48,NO_BREAK_EVEN,True,BAR_CLOSE_TRAIL,9.0000
10119,2026-08-07 06:44:04.288,PIN_STRICT,PIN,1,12,BREAK_EVEN,True,BREAK_EVEN,0.0000
10119,2026-08-07 06:44:04.288,PIN_STRICT,PIN,1,12,NO_BREAK_EVEN,True,BAR_CLOSE_TRAIL,0.0000
10119,2026-08-07 06:44:04.288,PIN_STRICT,PIN,1,24,BREAK_EVEN,True,BREAK_EVEN,0.0000
10119,2026-08-07 06:44:04.288,PIN_STRICT,PIN,1,24,NO_BREAK_EVEN,True,BAR_CLOSE_TRAIL,0.0000
10119,2026-08-07 06:44:04.288,PIN_STRICT,PIN,1,48,BREAK_EVEN,True,BREAK_EVEN,0.0000
10119,2026-08-07 06:44:04.288,PIN_STRICT,PIN,1,48,NO_BREAK_EVEN,True,BAR_CLOSE_TRAIL,0.0000
10122,2026-08-07 06:44:38.264,EMA_BOUNCE,EMA8,1,12,BREAK_EVEN,True,BREAK_EVEN,0.0000
10122,2026-08-07 06:44:38.264,EMA_BOUNCE,EMA8,1,12,NO_BREAK_EVEN,True,BAR_CLOSE_TRAIL,10.0000
10122,2026-08-07 06:44:38.264,EMA_BOUNCE,EMA8,1,24,BREAK_EVEN,True,BREAK_EVEN,0.0000
10122,2026-08-07 06:44:38.264,EMA_BOUNCE,EMA8,1,24,NO_BREAK_EVEN,True,BAR_CLOSE_TRAIL,10.0000
10122,2026-08-07 06:44:38.264,EMA_BOUNCE,EMA8,1,48,BREAK_EVEN,True,BREAK_EVEN,0.0000
10122,2026-08-07 06:44:38.264,EMA_BOUNCE,EMA8,1,48,NO_BREAK_EVEN,True,BAR_CLOSE_TRAIL,10.0000
10314,2026-08-07 07:01:12.332,EMA_BOUNCE,EMA24,1,12,BREAK_EVEN,False,HARD_STOP,-10.0000
10314,2026-08-07 07:01:12.332,EMA_BOUNCE,EMA24,1,12,NO_BREAK_EVEN,False,HARD_STOP,-10.0000
10314,2026-08-07 07:01:12.332,EMA_BOUNCE,EMA24,1,24,BREAK_EVEN,False,HARD_STOP,-10.0000
10314,2026-08-07 07:01:12.332,EMA_BOUNCE,EMA24,1,24,NO_BREAK_EVEN,False,HARD_STOP,-10.0000
10314,2026-08-07 07:01:12.332,EMA_BOUNCE,EMA24,1,48,BREAK_EVEN,False,HARD_STOP,-10.0000
10314,2026-08-07 07:01:12.332,EMA_BOUNCE,EMA24,1,48,NO_BREAK_EVEN,False,HARD_STOP,-10.0000
10350,2026-08-07 07:04:01.160,PIN7,PIN7,-1,12,BREAK_EVEN,True,TIME,12.0000
10350,2026-08-07 07:04:01.160,PIN7,PIN7,-1,12,NO_BREAK_EVEN,True,TIME,12.0000
10350,2026-08-07 07:04:01.160,PIN7,PIN7,-1,24,BREAK_EVEN,True,BAR_CLOSE_TRAIL,7.0000
10350,2026-08-07 07:04:01.160,PIN7,PIN7,-1,24,NO_BREAK_EVEN,True,BAR_CLOSE_TRAIL,7.0000
10350,2026-08-07 07:04:01.160,PIN7,PIN7,-1,48,BREAK_EVEN,True,BAR_CLOSE_TRAIL,7.0000
10350,2026-08-07 07:04:01.160,PIN7,PIN7,-1,48,NO_BREAK_EVEN,True,BAR_CLOSE_TRAIL,7.0000
10351,2026-08-07 07:04:07.676,PIN7,PIN7,-1,12,BREAK_EVEN,True,TIME,9.0000
10351,2026-08-07 07:04:07.676,PIN7,PIN7,-1,12,NO_BREAK_EVEN,True,TIME,9.0000
10351,2026-08-07 07:04:07.676,PIN7,PIN7,-1,24,BREAK_EVEN,True,BAR_CLOSE_TRAIL,6.0000
10351,2026-08-07 07:04:07.676,PIN7,PIN7,-1,24,NO_BREAK_EVEN,True,BAR_CLOSE_TRAIL,6.0000
10351,2026-08-07 07:04:07.676,PIN7,PIN7,-1,48,BREAK_EVEN,True,BAR_CLOSE_TRAIL,6.0000
10351,2026-08-07 07:04:07.676,PIN7,PIN7,-1,48,NO_BREAK_EVEN,True,BAR_CLOSE_TRAIL,6.0000
10381,2026-08-07 07:06:28.088,EMA_BOUNCE,EMA50,-1,12,BREAK_EVEN,False,HARD_STOP,-10.0000
10381,2026-08-07 07:06:28.088,EMA_BOUNCE,EMA50,-1,12,NO_BREAK_EVEN,False,HARD_STOP,-10.0000
10381,2026-08-07 07:06:28.088,EMA_BOUNCE,EMA50,-1,24,BREAK_EVEN,False,HARD_STOP,-10.0000
10381,2026-08-07 07:06:28.088,EMA_BOUNCE,EMA50,-1,24,NO_BREAK_EVEN,False,HARD_STOP,-10.0000
10381,2026-08-07 07:06:28.088,EMA_BOUNCE,EMA50,-1,48,BREAK_EVEN,False,HARD_STOP,-10.0000
10381,2026-08-07 07:06:28.088,EMA_BOUNCE,EMA50,-1,48,NO_BREAK_EVEN,False,HARD_STOP,-10.0000
10416,2026-08-07 07:09:46.176,PIN7,PIN7,-1,12,BREAK_EVEN,True,BREAK_EVEN,0.0000
10416,2026-08-07 07:09:46.176,PIN7,PIN7,-1,12,NO_BREAK_EVEN,True,BAR_CLOSE_TRAIL,-0.0000
10416,2026-08-07 07:09:46.176,PIN7,PIN7,-1,24,BREAK_EVEN,True,BREAK_EVEN,0.0000
10416,2026-08-07 07:09:46.176,PIN7,PIN7,-1,24,NO_BREAK_EVEN,True,BAR_CLOSE_TRAIL,-0.0000
10416,2026-08-07 07:09:46.176,PIN7,PIN7,-1,48,BREAK_EVEN,True,BREAK_EVEN,0.0000
10416,2026-08-07 07:09:46.176,PIN7,PIN7,-1,48,NO_BREAK_EVEN,True,BAR_CLOSE_TRAIL,-0.0000
10421,2026-08-07 07:10:15.448,EMA_BOUNCE,EMA8,-1,12,BREAK_EVEN,True,BREAK_EVEN,0.0000
10421,2026-08-07 07:10:15.448,EMA_BOUNCE,EMA8,-1,12,NO_BREAK_EVEN,True,BAR_CLOSE_TRAIL,-2.0000
10421,2026-08-07 07:10:15.448,EMA_BOUNCE,EMA8,-1,24,BREAK_EVEN,True,BREAK_EVEN,0.0000
10421,2026-08-07 07:10:15.448,EMA_BOUNCE,EMA8,-1,24,NO_BREAK_EVEN,True,BAR_CLOSE_TRAIL,-2.0000
10421,2026-08-07 07:10:15.448,EMA_BOUNCE,EMA8,-1,48,BREAK_EVEN,True,BREAK_EVEN,0.0000
10421,2026-08-07 07:10:15.448,EMA_BOUNCE,EMA8,-1,48,NO_BREAK_EVEN,True,BAR_CLOSE_TRAIL,-2.0000
10436,2026-08-07 07:11:37.476,PIN7,PIN7,-1,12,BREAK_EVEN,True,BAR_CLOSE_TRAIL,21.0000
10436,2026-08-07 07:11:37.476,PIN7,PIN7,-1,12,NO_BREAK_EVEN,True,BAR_CLOSE_TRAIL,21.0000
10436,2026-08-07 07:11:37.476,PIN7,PIN7,-1,24,BREAK_EVEN,True,BAR_CLOSE_TRAIL,21.0000
10436,2026-08-07 07:11:37.476,PIN7,PIN7,-1,24,NO_BREAK_EVEN,True,BAR_CLOSE_TRAIL,21.0000
10436,2026-08-07 07:11:37.476,PIN7,PIN7,-1,48,BREAK_EVEN,True,BAR_CLOSE_TRAIL,21.0000
10436,2026-08-07 07:11:37.476,PIN7,PIN7,-1,48,NO_BREAK_EVEN,True,BAR_CLOSE_TRAIL,21.0000
10437,2026-08-07 07:11:51.784,PIN7,PIN7,-1,12,BREAK_EVEN,True,BAR_CLOSE_TRAIL,18.0000
10437,2026-08-07 07:11:51.784,PIN7,PIN7,-1,12,NO_BREAK_EVEN,True,BAR_CLOSE_TRAIL,18.0000
10437,2026-08-07 07:11:51.784,PIN7,PIN7,-1,24,BREAK_EVEN,True,BAR_CLOSE_TRAIL,18.0000
10437,2026-08-07 07:11:51.784,PIN7,PIN7,-1,24,NO_BREAK_EVEN,True,BAR_CLOSE_TRAIL,18.0000
10437,2026-08-07 07:11:51.784,PIN7,PIN7,-1,48,BREAK_EVEN,True,BAR_CLOSE_TRAIL,18.0000
10437,2026-08-07 07:11:51.784,PIN7,PIN7,-1,48,NO_BREAK_EVEN,True,BAR_CLOSE_TRAIL,18.0000
10492,2026-08-07 07:17:33.552,EMA_BOUNCE,EMA8,1,12,BREAK_EVEN,True,BAR_CLOSE_TRAIL,5.0000
10492,2026-08-07 07:17:33.552,EMA_BOUNCE,EMA8,1,12,NO_BREAK_EVEN,True,BAR_CLOSE_TRAIL,5.0000
10492,2026-08-07 07:17:33.552,EMA_BOUNCE,EMA8,1,24,BREAK_EVEN,True,BAR_CLOSE_TRAIL,5.0000
10492,2026-08-07 07:17:33.552,EMA_BOUNCE,EMA8,1,24,NO_BREAK_EVEN,True,BAR_CLOSE_TRAIL,5.0000
10492,2026-08-07 07:17:33.552,EMA_BOUNCE,EMA8,1,48,BREAK_EVEN,True,BAR_CLOSE_TRAIL,5.0000
10492,2026-08-07 07:17:33.552,EMA_BOUNCE,EMA8,1,48,NO_BREAK_EVEN,True,BAR_CLOSE_TRAIL,5.0000
10499,2026-08-07 07:17:51.784,EMA_BOUNCE,EMA8,1,12,BREAK_EVEN,True,TIME,20.0000
10499,2026-08-07 07:17:51.784,EMA_BOUNCE,EMA8,1,12,NO_BREAK_EVEN,True,TIME,20.0000
10499,2026-08-07 07:17:51.784,EMA_BOUNCE,EMA8,1,24,BREAK_EVEN,True,BAR_CLOSE_TRAIL,27.0000
10499,2026-08-07 07:17:51.784,EMA_BOUNCE,EMA8,1,24,NO_BREAK_EVEN,True,BAR_CLOSE_TRAIL,27.0000
10499,2026-08-07 07:17:51.784,EMA_BOUNCE,EMA8,1,48,BREAK_EVEN,True,BAR_CLOSE_TRAIL,27.0000
10499,2026-08-07 07:17:51.784,EMA_BOUNCE,EMA8,1,48,NO_BREAK_EVEN,True,BAR_CLOSE_TRAIL,27.0000
10506,2026-08-07 07:18:36.064,EMA_BOUNCE,EMA8,1,12,BREAK_EVEN,True,BAR_CLOSE_TRAIL,28.0000
10506,2026-08-07 07:18:36.064,EMA_BOUNCE,EMA8,1,12,NO_BREAK_EVEN,True,BAR_CLOSE_TRAIL,28.0000
10506,2026-08-07 07:18:36.064,EMA_BOUNCE,EMA8,1,24,BREAK_EVEN,True,BAR_CLOSE_TRAIL,28.0000
10506,2026-08-07 07:18:36.064,EMA_BOUNCE,EMA8,1,24,NO_BREAK_EVEN,True,BAR_CLOSE_TRAIL,28.0000
10506,2026-08-07 07:18:36.064,EMA_BOUNCE,EMA8,1,48,BREAK_EVEN,True,BAR_CLOSE_TRAIL,28.0000
10506,2026-08-07 07:18:36.064,EMA_BOUNCE,EMA8,1,48,NO_BREAK_EVEN,True,BAR_CLOSE_TRAIL,28.0000
10508,2026-08-07 07:18:45.692,PIN7,PIN7,1,12,BREAK_EVEN,True,BAR_CLOSE_TRAIL,21.0000
10508,2026-08-07 07:18:45.692,PIN7,PIN7,1,12,NO_BREAK_EVEN,True,BAR_CLOSE_TRAIL,21.0000
10508,2026-08-07 07:18:45.692,PIN7,PIN7,1,24,BREAK_EVEN,True,BAR_CLOSE_TRAIL,21.0000
10508,2026-08-07 07:18:45.692,PIN7,PIN7,1,24,NO_BREAK_EVEN,True,BAR_CLOSE_TRAIL,21.0000
10508,2026-08-07 07:18:45.692,PIN7,PIN7,1,48,BREAK_EVEN,True,BAR_CLOSE_TRAIL,21.0000
10508,2026-08-07 07:18:45.692,PIN7,PIN7,1,48,NO_BREAK_EVEN,True,BAR_CLOSE_TRAIL,21.0000
10533,2026-08-07 07:22:35.944,EMA_BOUNCE,EMA24,1,12,BREAK_EVEN,True,TIME,19.0000
10533,2026-08-07 07:22:35.944,EMA_BOUNCE,EMA24,1,12,NO_BREAK_EVEN,True,TIME,19.0000
10533,2026-08-07 07:22:35.944,EMA_BOUNCE,EMA24,1,24,BREAK_EVEN,True,BAR_CLOSE_TRAIL,13.0000
10533,2026-08-07 07:22:35.944,EMA_BOUNCE,EMA24,1,24,NO_BREAK_EVEN,True,BAR_CLOSE_TRAIL,13.0000
10533,2026-08-07 07:22:35.944,EMA_BOUNCE,EMA24,1,48,BREAK_EVEN,True,BAR_CLOSE_TRAIL,13.0000
10533,2026-08-07 07:22:35.944,EMA_BOUNCE,EMA24,1,48,NO_BREAK_EVEN,True,BAR_CLOSE_TRAIL,13.0000
10542,2026-08-07 07:23:37.936,PIN7,PIN7,1,12,BREAK_EVEN,True,BAR_CLOSE_TRAIL,6.0000
10542,2026-08-07 07:23:37.936,PIN7,PIN7,1,12,NO_BREAK_EVEN,True,BAR_CLOSE_TRAIL,6.0000
10542,2026-08-07 07:23:37.936,PIN7,PIN7,1,24,BREAK_EVEN,True,BAR_CLOSE_TRAIL,6.0000
10542,2026-08-07 07:23:37.936,PIN7,PIN7,1,24,NO_BREAK_EVEN,True,BAR_CLOSE_TRAIL,6.0000
10542,2026-08-07 07:23:37.936,PIN7,PIN7,1,48,BREAK_EVEN,True,BAR_CLOSE_TRAIL,6.0000
10542,2026-08-07 07:23:37.936,PIN7,PIN7,1,48,NO_BREAK_EVEN,True,BAR_CLOSE_TRAIL,6.0000
10544,2026-08-07 07:23:56.392,PIN7,PIN7,1,12,BREAK_EVEN,True,BREAK_EVEN,0.0000
10544,2026-08-07 07:23:56.392,PIN7,PIN7,1,12,NO_BREAK_EVEN,True,BAR_CLOSE_TRAIL,-1.0000
10544,2026-08-07 07:23:56.392,PIN7,PIN7,1,24,BREAK_EVEN,True,BREAK_EVEN,0.0000
10544,2026-08-07 07:23:56.392,PIN7,PIN7,1,24,NO_BREAK_EVEN,True,BAR_CLOSE_TRAIL,-1.0000
10544,2026-08-07 07:23:56.392,PIN7,PIN7,1,48,BREAK_EVEN,True,BREAK_EVEN,0.0000
10544,2026-08-07 07:23:56.392,PIN7,PIN7,1,48,NO_BREAK_EVEN,True,BAR_CLOSE_TRAIL,-1.0000
10548,2026-08-07 07:24:15.416,EMA_BOUNCE,EMA8,1,12,BREAK_EVEN,True,TIME,26.0000
10548,2026-08-07 07:24:15.416,EMA_BOUNCE,EMA8,1,12,NO_BREAK_EVEN,True,TIME,26.0000
10548,2026-08-07 07:24:15.416,EMA_BOUNCE,EMA8,1,24,BREAK_EVEN,True,TIME,36.0000
10548,2026-08-07 07:24:15.416,EMA_BOUNCE,EMA8,1,24,NO_BREAK_EVEN,True,TIME,36.0000
10548,2026-08-07 07:24:15.416,EMA_BOUNCE,EMA8,1,48,BREAK_EVEN,True,BAR_CLOSE_TRAIL,40.0000
10548,2026-08-07 07:24:15.416,EMA_BOUNCE,EMA8,1,48,NO_BREAK_EVEN,True,BAR_CLOSE_TRAIL,40.0000
10550,2026-08-07 07:24:30.576,EMA_BOUNCE,EMA8,1,12,BREAK_EVEN,True,TIME,27.0000
10550,2026-08-07 07:24:30.576,EMA_BOUNCE,EMA8,1,12,NO_BREAK_EVEN,True,TIME,27.0000
10550,2026-08-07 07:24:30.576,EMA_BOUNCE,EMA8,1,24,BREAK_EVEN,True,TIME,46.0000
10550,2026-08-07 07:24:30.576,EMA_BOUNCE,EMA8,1,24,NO_BREAK_EVEN,True,TIME,46.0000
10550,2026-08-07 07:24:30.576,EMA_BOUNCE,EMA8,1,48,BREAK_EVEN,True,BAR_CLOSE_TRAIL,41.0000
10550,2026-08-07 07:24:30.576,EMA_BOUNCE,EMA8,1,48,NO_BREAK_EVEN,True,BAR_CLOSE_TRAIL,41.0000
10555,2026-08-07 07:25:38.068,PIN_STRICT,PIN,1,12,BREAK_EVEN,True,TIME,15.0000
10555,2026-08-07 07:25:38.068,PIN_STRICT,PIN,1,12,NO_BREAK_EVEN,True,TIME,15.0000
10555,2026-08-07 07:25:38.068,PIN_STRICT,PIN,1,24,BREAK_EVEN,True,BAR_CLOSE_TRAIL,23.0000
10555,2026-08-07 07:25:38.068,PIN_STRICT,PIN,1,24,NO_BREAK_EVEN,True,BAR_CLOSE_TRAIL,23.0000
10555,2026-08-07 07:25:38.068,PIN_STRICT,PIN,1,48,BREAK_EVEN,True,BAR_CLOSE_TRAIL,23.0000
10555,2026-08-07 07:25:38.068,PIN_STRICT,PIN,1,48,NO_BREAK_EVEN,True,BAR_CLOSE_TRAIL,23.0000
10562,2026-08-07 07:27:00.716,EMA_BOUNCE,EMA8,1,12,BREAK_EVEN,True,BREAK_EVEN,0.0000
10562,2026-08-07 07:27:00.716,EMA_BOUNCE,EMA8,1,12,NO_BREAK_EVEN,True,TIME,19.0000
10562,2026-08-07 07:27:00.716,EMA_BOUNCE,EMA8,1,24,BREAK_EVEN,True,BREAK_EVEN,0.0000
10562,2026-08-07 07:27:00.716,EMA_BOUNCE,EMA8,1,24,NO_BREAK_EVEN,True,BAR_CLOSE_TRAIL,14.0000
10562,2026-08-07 07:27:00.716,EMA_BOUNCE,EMA8,1,48,BREAK_EVEN,True,BREAK_EVEN,0.0000
10562,2026-08-07 07:27:00.716,EMA_BOUNCE,EMA8,1,48,NO_BREAK_EVEN,True,BAR_CLOSE_TRAIL,14.0000
10569,2026-08-07 07:28:15.872,EMA_BOUNCE,EMA8,1,12,BREAK_EVEN,True,BAR_CLOSE_TRAIL,9.0000
10569,2026-08-07 07:28:15.872,EMA_BOUNCE,EMA8,1,12,NO_BREAK_EVEN,True,BAR_CLOSE_TRAIL,9.0000
10569,2026-08-07 07:28:15.872,EMA_BOUNCE,EMA8,1,24,BREAK_EVEN,True,BAR_CLOSE_TRAIL,9.0000
10569,2026-08-07 07:28:15.872,EMA_BOUNCE,EMA8,1,24,NO_BREAK_EVEN,True,BAR_CLOSE_TRAIL,9.0000
10569,2026-08-07 07:28:15.872,EMA_BOUNCE,EMA8,1,48,BREAK_EVEN,True,BAR_CLOSE_TRAIL,9.0000
10569,2026-08-07 07:28:15.872,EMA_BOUNCE,EMA8,1,48,NO_BREAK_EVEN,True,BAR_CLOSE_TRAIL,9.0000
10571,2026-08-07 07:28:27.940,EMA_BOUNCE,EMA8,1,12,BREAK_EVEN,True,BAR_CLOSE_TRAIL,7.0000
10571,2026-08-07 07:28:27.940,EMA_BOUNCE,EMA8,1,12,NO_BREAK_EVEN,True,BAR_CLOSE_TRAIL,7.0000
10571,2026-08-07 07:28:27.940,EMA_BOUNCE,EMA8,1,24,BREAK_EVEN,True,BAR_CLOSE_TRAIL,7.0000
10571,2026-08-07 07:28:27.940,EMA_BOUNCE,EMA8,1,24,NO_BREAK_EVEN,True,BAR_CLOSE_TRAIL,7.0000
10571,2026-08-07 07:28:27.940,EMA_BOUNCE,EMA8,1,48,BREAK_EVEN,True,BAR_CLOSE_TRAIL,7.0000
10571,2026-08-07 07:28:27.940,EMA_BOUNCE,EMA8,1,48,NO_BREAK_EVEN,True,BAR_CLOSE_TRAIL,7.0000
10573,2026-08-07 07:28:43.944,PIN7,PIN7,1,12,BREAK_EVEN,True,BREAK_EVEN,0.0000
10573,2026-08-07 07:28:43.944,PIN7,PIN7,1,12,NO_BREAK_EVEN,True,BAR_CLOSE_TRAIL,1.0000
10573,2026-08-07 07:28:43.944,PIN7,PIN7,1,24,BREAK_EVEN,True,BREAK_EVEN,0.0000
10573,2026-08-07 07:28:43.944,PIN7,PIN7,1,24,NO_BREAK_EVEN,True,BAR_CLOSE_TRAIL,1.0000
10573,2026-08-07 07:28:43.944,PIN7,PIN7,1,48,BREAK_EVEN,True,BREAK_EVEN,0.0000
10573,2026-08-07 07:28:43.944,PIN7,PIN7,1,48,NO_BREAK_EVEN,True,BAR_CLOSE_TRAIL,1.0000
10578,2026-08-07 07:29:34.648,EMA_BOUNCE,EMA8,1,12,BREAK_EVEN,True,BREAK_EVEN,0.0000
10578,2026-08-07 07:29:34.648,EMA_BOUNCE,EMA8,1,12,NO_BREAK_EVEN,True,BAR_CLOSE_TRAIL,1.0000
10578,2026-08-07 07:29:34.648,EMA_BOUNCE,EMA8,1,24,BREAK_EVEN,True,BREAK_EVEN,0.0000
10578,2026-08-07 07:29:34.648,EMA_BOUNCE,EMA8,1,24,NO_BREAK_EVEN,True,BAR_CLOSE_TRAIL,1.0000
10578,2026-08-07 07:29:34.648,EMA_BOUNCE,EMA8,1,48,BREAK_EVEN,True,BREAK_EVEN,0.0000
10578,2026-08-07 07:29:34.648,EMA_BOUNCE,EMA8,1,48,NO_BREAK_EVEN,True,BAR_CLOSE_TRAIL,1.0000
10581,2026-08-07 07:30:03.296,EMA_BOUNCE,EMA8,1,12,BREAK_EVEN,False,HARD_STOP,-10.0000
10581,2026-08-07 07:30:03.296,EMA_BOUNCE,EMA8,1,12,NO_BREAK_EVEN,False,HARD_STOP,-10.0000
10581,2026-08-07 07:30:03.296,EMA_BOUNCE,EMA8,1,24,BREAK_EVEN,False,HARD_STOP,-10.0000
10581,2026-08-07 07:30:03.296,EMA_BOUNCE,EMA8,1,24,NO_BREAK_EVEN,False,HARD_STOP,-10.0000
10581,2026-08-07 07:30:03.296,EMA_BOUNCE,EMA8,1,48,BREAK_EVEN,False,HARD_STOP,-10.0000
10581,2026-08-07 07:30:03.296,EMA_BOUNCE,EMA8,1,48,NO_BREAK_EVEN,False,HARD_STOP,-10.0000
10590,2026-08-07 07:31:18.680,EMA_BOUNCE,EMA50,1,12,BREAK_EVEN,False,HARD_STOP,-10.0000
10590,2026-08-07 07:31:18.680,EMA_BOUNCE,EMA50,1,12,NO_BREAK_EVEN,False,HARD_STOP,-10.0000
10590,2026-08-07 07:31:18.680,EMA_BOUNCE,EMA50,1,24,BREAK_EVEN,False,HARD_STOP,-10.0000
10590,2026-08-07 07:31:18.680,EMA_BOUNCE,EMA50,1,24,NO_BREAK_EVEN,False,HARD_STOP,-10.0000
10590,2026-08-07 07:31:18.680,EMA_BOUNCE,EMA50,1,48,BREAK_EVEN,False,HARD_STOP,-10.0000
10590,2026-08-07 07:31:18.680,EMA_BOUNCE,EMA50,1,48,NO_BREAK_EVEN,False,HARD_STOP,-10.0000
10627,2026-08-07 07:36:09.288,EMA_BOUNCE,EMA8,-1,12,BREAK_EVEN,True,BREAK_EVEN,0.0000
10627,2026-08-07 07:36:09.288,EMA_BOUNCE,EMA8,-1,12,NO_BREAK_EVEN,True,BAR_CLOSE_TRAIL,1.0000
10627,2026-08-07 07:36:09.288,EMA_BOUNCE,EMA8,-1,24,BREAK_EVEN,True,BREAK_EVEN,0.0000
10627,2026-08-07 07:36:09.288,EMA_BOUNCE,EMA8,-1,24,NO_BREAK_EVEN,True,BAR_CLOSE_TRAIL,1.0000
10627,2026-08-07 07:36:09.288,EMA_BOUNCE,EMA8,-1,48,BREAK_EVEN,True,BREAK_EVEN,0.0000
10627,2026-08-07 07:36:09.288,EMA_BOUNCE,EMA8,-1,48,NO_BREAK_EVEN,True,BAR_CLOSE_TRAIL,1.0000
10630,2026-08-07 07:36:18.460,EMA_BOUNCE,EMA8,-1,12,BREAK_EVEN,True,BREAK_EVEN,0.0000
10630,2026-08-07 07:36:18.460,EMA_BOUNCE,EMA8,-1,12,NO_BREAK_EVEN,True,BAR_CLOSE_TRAIL,-4.0000
10630,2026-08-07 07:36:18.460,EMA_BOUNCE,EMA8,-1,24,BREAK_EVEN,True,BREAK_EVEN,0.0000
10630,2026-08-07 07:36:18.460,EMA_BOUNCE,EMA8,-1,24,NO_BREAK_EVEN,True,BAR_CLOSE_TRAIL,-4.0000
10630,2026-08-07 07:36:18.460,EMA_BOUNCE,EMA8,-1,48,BREAK_EVEN,True,BREAK_EVEN,0.0000
10630,2026-08-07 07:36:18.460,EMA_BOUNCE,EMA8,-1,48,NO_BREAK_EVEN,True,BAR_CLOSE_TRAIL,-4.0000
10668,2026-08-07 07:40:36.996,EMA_BOUNCE,EMA24,-1,12,BREAK_EVEN,True,BREAK_EVEN,0.0000
10668,2026-08-07 07:40:36.996,EMA_BOUNCE,EMA24,-1,12,NO_BREAK_EVEN,True,BAR_CLOSE_TRAIL,-0.0000
10668,2026-08-07 07:40:36.996,EMA_BOUNCE,EMA24,-1,24,BREAK_EVEN,True,BREAK_EVEN,0.0000
10668,2026-08-07 07:40:36.996,EMA_BOUNCE,EMA24,-1,24,NO_BREAK_EVEN,True,BAR_CLOSE_TRAIL,-0.0000
10668,2026-08-07 07:40:36.996,EMA_BOUNCE,EMA24,-1,48,BREAK_EVEN,True,BREAK_EVEN,0.0000
10668,2026-08-07 07:40:36.996,EMA_BOUNCE,EMA24,-1,48,NO_BREAK_EVEN,True,BAR_CLOSE_TRAIL,-0.0000
10670,2026-08-07 07:40:54.744,EMA_BOUNCE,EMA50,-1,12,BREAK_EVEN,True,BREAK_EVEN,0.0000
10670,2026-08-07 07:40:54.744,EMA_BOUNCE,EMA50,-1,12,NO_BREAK_EVEN,True,BAR_CLOSE_TRAIL,-4.0000
10670,2026-08-07 07:40:54.744,EMA_BOUNCE,EMA50,-1,24,BREAK_EVEN,True,BREAK_EVEN,0.0000
10670,2026-08-07 07:40:54.744,EMA_BOUNCE,EMA50,-1,24,NO_BREAK_EVEN,True,BAR_CLOSE_TRAIL,-4.0000
10670,2026-08-07 07:40:54.744,EMA_BOUNCE,EMA50,-1,48,BREAK_EVEN,True,BREAK_EVEN,0.0000
10670,2026-08-07 07:40:54.744,EMA_BOUNCE,EMA50,-1,48,NO_BREAK_EVEN,True,BAR_CLOSE_TRAIL,-4.0000
10674,2026-08-07 07:41:13.296,EMA_BOUNCE,EMA50,-1,12,BREAK_EVEN,True,BREAK_EVEN,0.0000
10674,2026-08-07 07:41:13.296,EMA_BOUNCE,EMA50,-1,12,NO_BREAK_EVEN,True,BAR_CLOSE_TRAIL,-4.0000
10674,2026-08-07 07:41:13.296,EMA_BOUNCE,EMA50,-1,24,BREAK_EVEN,True,BREAK_EVEN,0.0000
10674,2026-08-07 07:41:13.296,EMA_BOUNCE,EMA50,-1,24,NO_BREAK_EVEN,True,BAR_CLOSE_TRAIL,-4.0000
10674,2026-08-07 07:41:13.296,EMA_BOUNCE,EMA50,-1,48,BREAK_EVEN,True,BREAK_EVEN,0.0000
10674,2026-08-07 07:41:13.296,EMA_BOUNCE,EMA50,-1,48,NO_BREAK_EVEN,True,BAR_CLOSE_TRAIL,-4.0000
10695,2026-08-07 07:43:47.252,PIN7,PIN7,-1,12,BREAK_EVEN,True,BREAK_EVEN,0.0000
10695,2026-08-07 07:43:47.252,PIN7,PIN7,-1,12,NO_BREAK_EVEN,True,BAR_CLOSE_TRAIL,-2.0000
10695,2026-08-07 07:43:47.252,PIN7,PIN7,-1,24,BREAK_EVEN,True,BREAK_EVEN,0.0000
10695,2026-08-07 07:43:47.252,PIN7,PIN7,-1,24,NO_BREAK_EVEN,True,BAR_CLOSE_TRAIL,-2.0000
10695,2026-08-07 07:43:47.252,PIN7,PIN7,-1,48,BREAK_EVEN,True,BREAK_EVEN,0.0000
10695,2026-08-07 07:43:47.252,PIN7,PIN7,-1,48,NO_BREAK_EVEN,True,BAR_CLOSE_TRAIL,-2.0000
10714,2026-08-07 07:46:07.560,EMA_BOUNCE,EMA8,1,12,BREAK_EVEN,True,BREAK_EVEN,0.0000
10714,2026-08-07 07:46:07.560,EMA_BOUNCE,EMA8,1,12,NO_BREAK_EVEN,True,TIME,10.0000
10714,2026-08-07 07:46:07.560,EMA_BOUNCE,EMA8,1,24,BREAK_EVEN,True,BREAK_EVEN,0.0000
10714,2026-08-07 07:46:07.560,EMA_BOUNCE,EMA8,1,24,NO_BREAK_EVEN,True,BAR_CLOSE_TRAIL,2.0000
10714,2026-08-07 07:46:07.560,EMA_BOUNCE,EMA8,1,48,BREAK_EVEN,True,BREAK_EVEN,0.0000
10714,2026-08-07 07:46:07.560,EMA_BOUNCE,EMA8,1,48,NO_BREAK_EVEN,True,BAR_CLOSE_TRAIL,2.0000
10787,2026-08-07 07:58:15.320,PIN7,PIN7,1,12,BREAK_EVEN,True,BREAK_EVEN,0.0000
10787,2026-08-07 07:58:15.320,PIN7,PIN7,1,12,NO_BREAK_EVEN,True,BAR_CLOSE_TRAIL,0.0000
10787,2026-08-07 07:58:15.320,PIN7,PIN7,1,24,BREAK_EVEN,True,BREAK_EVEN,0.0000
10787,2026-08-07 07:58:15.320,PIN7,PIN7,1,24,NO_BREAK_EVEN,True,BAR_CLOSE_TRAIL,0.0000
10787,2026-08-07 07:58:15.320,PIN7,PIN7,1,48,BREAK_EVEN,True,BREAK_EVEN,0.0000
10787,2026-08-07 07:58:15.320,PIN7,PIN7,1,48,NO_BREAK_EVEN,True,BAR_CLOSE_TRAIL,0.0000
10795,2026-08-07 07:59:29.136,EMA_BOUNCE,EMA24,1,12,BREAK_EVEN,True,BREAK_EVEN,0.0000
10795,2026-08-07 07:59:29.136,EMA_BOUNCE,EMA24,1,12,NO_BREAK_EVEN,True,BAR_CLOSE_TRAIL,2.0000
10795,2026-08-07 07:59:29.136,EMA_BOUNCE,EMA24,1,24,BREAK_EVEN,True,BREAK_EVEN,0.0000
10795,2026-08-07 07:59:29.136,EMA_BOUNCE,EMA24,1,24,NO_BREAK_EVEN,True,BAR_CLOSE_TRAIL,2.0000
10795,2026-08-07 07:59:29.136,EMA_BOUNCE,EMA24,1,48,BREAK_EVEN,True,BREAK_EVEN,0.0000
10795,2026-08-07 07:59:29.136,EMA_BOUNCE,EMA24,1,48,NO_BREAK_EVEN,True,BAR_CLOSE_TRAIL,2.0000
11240,2026-08-07 11:06:26.044,PIN7,PIN7,-1,12,BREAK_EVEN,True,TIME,15.0000
11240,2026-08-07 11:06:26.044,PIN7,PIN7,-1,12,NO_BREAK_EVEN,True,TIME,15.0000
11240,2026-08-07 11:06:26.044,PIN7,PIN7,-1,24,BREAK_EVEN,True,BAR_CLOSE_TRAIL,11.0000
11240,2026-08-07 11:06:26.044,PIN7,PIN7,-1,24,NO_BREAK_EVEN,True,BAR_CLOSE_TRAIL,11.0000
11240,2026-08-07 11:06:26.044,PIN7,PIN7,-1,48,BREAK_EVEN,True,BAR_CLOSE_TRAIL,11.0000
11240,2026-08-07 11:06:26.044,PIN7,PIN7,-1,48,NO_BREAK_EVEN,True,BAR_CLOSE_TRAIL,11.0000
11250,2026-08-07 11:13:32.356,PIN7,PIN7,-1,12,BREAK_EVEN,True,BAR_CLOSE_TRAIL,2.0000
11250,2026-08-07 11:13:32.356,PIN7,PIN7,-1,12,NO_BREAK_EVEN,True,BAR_CLOSE_TRAIL,2.0000
11250,2026-08-07 11:13:32.356,PIN7,PIN7,-1,24,BREAK_EVEN,True,BAR_CLOSE_TRAIL,2.0000
11250,2026-08-07 11:13:32.356,PIN7,PIN7,-1,24,NO_BREAK_EVEN,True,BAR_CLOSE_TRAIL,2.0000
11250,2026-08-07 11:13:32.356,PIN7,PIN7,-1,48,BREAK_EVEN,True,BAR_CLOSE_TRAIL,2.0000
11250,2026-08-07 11:13:32.356,PIN7,PIN7,-1,48,NO_BREAK_EVEN,True,BAR_CLOSE_TRAIL,2.0000
11252,2026-08-07 11:14:36.620,PIN7,PIN7,-1,12,BREAK_EVEN,False,HARD_STOP,-10.0000
11252,2026-08-07 11:14:36.620,PIN7,PIN7,-1,12,NO_BREAK_EVEN,False,HARD_STOP,-10.0000
11252,2026-08-07 11:14:36.620,PIN7,PIN7,-1,24,BREAK_EVEN,False,HARD_STOP,-10.0000
11252,2026-08-07 11:14:36.620,PIN7,PIN7,-1,24,NO_BREAK_EVEN,False,HARD_STOP,-10.0000
11252,2026-08-07 11:14:36.620,PIN7,PIN7,-1,48,BREAK_EVEN,False,HARD_STOP,-10.0000
11252,2026-08-07 11:14:36.620,PIN7,PIN7,-1,48,NO_BREAK_EVEN,False,HARD_STOP,-10.0000
11256,2026-08-07 11:17:21.284,EMA_BOUNCE,EMA8,-1,12,BREAK_EVEN,False,HARD_STOP,-10.0000
11256,2026-08-07 11:17:21.284,EMA_BOUNCE,EMA8,-1,12,NO_BREAK_EVEN,False,HARD_STOP,-10.0000
11256,2026-08-07 11:17:21.284,EMA_BOUNCE,EMA8,-1,24,BREAK_EVEN,False,HARD_STOP,-10.0000
11256,2026-08-07 11:17:21.284,EMA_BOUNCE,EMA8,-1,24,NO_BREAK_EVEN,False,HARD_STOP,-10.0000
11256,2026-08-07 11:17:21.284,EMA_BOUNCE,EMA8,-1,48,BREAK_EVEN,False,HARD_STOP,-10.0000
11256,2026-08-07 11:17:21.284,EMA_BOUNCE,EMA8,-1,48,NO_BREAK_EVEN,False,HARD_STOP,-10.0000
11261,2026-08-07 11:20:49.996,EMA_BOUNCE,EMA24,-1,12,BREAK_EVEN,True,BREAK_EVEN,0.0000
11261,2026-08-07 11:20:49.996,EMA_BOUNCE,EMA24,-1,12,NO_BREAK_EVEN,True,BAR_CLOSE_TRAIL,-0.0000
11261,2026-08-07 11:20:49.996,EMA_BOUNCE,EMA24,-1,24,BREAK_EVEN,True,BREAK_EVEN,0.0000
11261,2026-08-07 11:20:49.996,EMA_BOUNCE,EMA24,-1,24,NO_BREAK_EVEN,True,BAR_CLOSE_TRAIL,-0.0000
11261,2026-08-07 11:20:49.996,EMA_BOUNCE,EMA24,-1,48,BREAK_EVEN,True,BREAK_EVEN,0.0000
11261,2026-08-07 11:20:49.996,EMA_BOUNCE,EMA24,-1,48,NO_BREAK_EVEN,True,BAR_CLOSE_TRAIL,-0.0000
11274,2026-08-07 11:31:12.824,PIN7,PIN7,-1,12,BREAK_EVEN,False,HARD_STOP,-10.0000
11274,2026-08-07 11:31:12.824,PIN7,PIN7,-1,12,NO_BREAK_EVEN,False,HARD_STOP,-10.0000
11274,2026-08-07 11:31:12.824,PIN7,PIN7,-1,24,BREAK_EVEN,False,HARD_STOP,-10.0000
11274,2026-08-07 11:31:12.824,PIN7,PIN7,-1,24,NO_BREAK_EVEN,False,HARD_STOP,-10.0000
11274,2026-08-07 11:31:12.824,PIN7,PIN7,-1,48,BREAK_EVEN,False,HARD_STOP,-10.0000
11274,2026-08-07 11:31:12.824,PIN7,PIN7,-1,48,NO_BREAK_EVEN,False,HARD_STOP,-10.0000
11317,2026-08-07 12:01:23.260,PIN7,PIN7,1,12,BREAK_EVEN,True,BAR_CLOSE_TRAIL,7.0000
11317,2026-08-07 12:01:23.260,PIN7,PIN7,1,12,NO_BREAK_EVEN,True,BAR_CLOSE_TRAIL,7.0000
11317,2026-08-07 12:01:23.260,PIN7,PIN7,1,24,BREAK_EVEN,True,BAR_CLOSE_TRAIL,7.0000
11317,2026-08-07 12:01:23.260,PIN7,PIN7,1,24,NO_BREAK_EVEN,True,BAR_CLOSE_TRAIL,7.0000
11317,2026-08-07 12:01:23.260,PIN7,PIN7,1,48,BREAK_EVEN,True,BAR_CLOSE_TRAIL,7.0000
11317,2026-08-07 12:01:23.260,PIN7,PIN7,1,48,NO_BREAK_EVEN,True,BAR_CLOSE_TRAIL,7.0000
11331,2026-08-07 12:07:24.296,PIN_STRICT,PIN,1,12,BREAK_EVEN,True,BAR_CLOSE_TRAIL,15.0000
11331,2026-08-07 12:07:24.296,PIN_STRICT,PIN,1,12,NO_BREAK_EVEN,True,BAR_CLOSE_TRAIL,15.0000
11331,2026-08-07 12:07:24.296,PIN_STRICT,PIN,1,24,BREAK_EVEN,True,BAR_CLOSE_TRAIL,15.0000
11331,2026-08-07 12:07:24.296,PIN_STRICT,PIN,1,24,NO_BREAK_EVEN,True,BAR_CLOSE_TRAIL,15.0000
11331,2026-08-07 12:07:24.296,PIN_STRICT,PIN,1,48,BREAK_EVEN,True,BAR_CLOSE_TRAIL,15.0000
11331,2026-08-07 12:07:24.296,PIN_STRICT,PIN,1,48,NO_BREAK_EVEN,True,BAR_CLOSE_TRAIL,15.0000
11342,2026-08-07 12:13:23.056,EMA_BOUNCE,EMA8,1,12,BREAK_EVEN,True,BAR_CLOSE_TRAIL,8.0000
11342,2026-08-07 12:13:23.056,EMA_BOUNCE,EMA8,1,12,NO_BREAK_EVEN,True,BAR_CLOSE_TRAIL,8.0000
11342,2026-08-07 12:13:23.056,EMA_BOUNCE,EMA8,1,24,BREAK_EVEN,True,BAR_CLOSE_TRAIL,8.0000
11342,2026-08-07 12:13:23.056,EMA_BOUNCE,EMA8,1,24,NO_BREAK_EVEN,True,BAR_CLOSE_TRAIL,8.0000
11342,2026-08-07 12:13:23.056,EMA_BOUNCE,EMA8,1,48,BREAK_EVEN,True,BAR_CLOSE_TRAIL,8.0000
11342,2026-08-07 12:13:23.056,EMA_BOUNCE,EMA8,1,48,NO_BREAK_EVEN,True,BAR_CLOSE_TRAIL,8.0000
11344,2026-08-07 12:15:08.788,EMA_BOUNCE,EMA8,1,12,BREAK_EVEN,True,BAR_CLOSE_TRAIL,7.0000
11344,2026-08-07 12:15:08.788,EMA_BOUNCE,EMA8,1,12,NO_BREAK_EVEN,True,BAR_CLOSE_TRAIL,7.0000
11344,2026-08-07 12:15:08.788,EMA_BOUNCE,EMA8,1,24,BREAK_EVEN,True,BAR_CLOSE_TRAIL,7.0000
11344,2026-08-07 12:15:08.788,EMA_BOUNCE,EMA8,1,24,NO_BREAK_EVEN,True,BAR_CLOSE_TRAIL,7.0000
11344,2026-08-07 12:15:08.788,EMA_BOUNCE,EMA8,1,48,BREAK_EVEN,True,BAR_CLOSE_TRAIL,7.0000
11344,2026-08-07 12:15:08.788,EMA_BOUNCE,EMA8,1,48,NO_BREAK_EVEN,True,BAR_CLOSE_TRAIL,7.0000
11350,2026-08-07 12:16:59.584,PIN7,PIN7,1,12,BREAK_EVEN,True,BREAK_EVEN,0.0000
11350,2026-08-07 12:16:59.584,PIN7,PIN7,1,12,NO_BREAK_EVEN,True,BAR_CLOSE_TRAIL,0.0000
11350,2026-08-07 12:16:59.584,PIN7,PIN7,1,24,BREAK_EVEN,True,BREAK_EVEN,0.0000
11350,2026-08-07 12:16:59.584,PIN7,PIN7,1,24,NO_BREAK_EVEN,True,BAR_CLOSE_TRAIL,0.0000
11350,2026-08-07 12:16:59.584,PIN7,PIN7,1,48,BREAK_EVEN,True,BREAK_EVEN,0.0000
11350,2026-08-07 12:16:59.584,PIN7,PIN7,1,48,NO_BREAK_EVEN,True,BAR_CLOSE_TRAIL,0.0000
11440,2026-08-07 12:58:59.036,PIN7,PIN7,1,12,BREAK_EVEN,True,BAR_CLOSE_TRAIL,4.0000
11440,2026-08-07 12:58:59.036,PIN7,PIN7,1,12,NO_BREAK_EVEN,True,BAR_CLOSE_TRAIL,4.0000
11440,2026-08-07 12:58:59.036,PIN7,PIN7,1,24,BREAK_EVEN,True,BAR_CLOSE_TRAIL,4.0000
11440,2026-08-07 12:58:59.036,PIN7,PIN7,1,24,NO_BREAK_EVEN,True,BAR_CLOSE_TRAIL,4.0000
11440,2026-08-07 12:58:59.036,PIN7,PIN7,1,48,BREAK_EVEN,True,BAR_CLOSE_TRAIL,4.0000
11440,2026-08-07 12:58:59.036,PIN7,PIN7,1,48,NO_BREAK_EVEN,True,BAR_CLOSE_TRAIL,4.0000
11995,2026-08-10 06:31:48.184,EMA_BOUNCE,EMA24,1,12,BREAK_EVEN,True,BAR_CLOSE_TRAIL,4.0000
11995,2026-08-10 06:31:48.184,EMA_BOUNCE,EMA24,1,12,NO_BREAK_EVEN,True,BAR_CLOSE_TRAIL,4.0000
11995,2026-08-10 06:31:48.184,EMA_BOUNCE,EMA24,1,24,BREAK_EVEN,True,BAR_CLOSE_TRAIL,4.0000
11995,2026-08-10 06:31:48.184,EMA_BOUNCE,EMA24,1,24,NO_BREAK_EVEN,True,BAR_CLOSE_TRAIL,4.0000
11995,2026-08-10 06:31:48.184,EMA_BOUNCE,EMA24,1,48,BREAK_EVEN,True,BAR_CLOSE_TRAIL,4.0000
11995,2026-08-10 06:31:48.184,EMA_BOUNCE,EMA24,1,48,NO_BREAK_EVEN,True,BAR_CLOSE_TRAIL,4.0000
11999,2026-08-10 06:32:38.048,EMA_BOUNCE,EMA8,1,12,BREAK_EVEN,True,BREAK_EVEN,0.0000
11999,2026-08-10 06:32:38.048,EMA_BOUNCE,EMA8,1,12,NO_BREAK_EVEN,True,BAR_CLOSE_TRAIL,-3.0000
11999,2026-08-10 06:32:38.048,EMA_BOUNCE,EMA8,1,24,BREAK_EVEN,True,BREAK_EVEN,0.0000
11999,2026-08-10 06:32:38.048,EMA_BOUNCE,EMA8,1,24,NO_BREAK_EVEN,True,BAR_CLOSE_TRAIL,-3.0000
11999,2026-08-10 06:32:38.048,EMA_BOUNCE,EMA8,1,48,BREAK_EVEN,True,BREAK_EVEN,0.0000
11999,2026-08-10 06:32:38.048,EMA_BOUNCE,EMA8,1,48,NO_BREAK_EVEN,True,BAR_CLOSE_TRAIL,-3.0000
12030,2026-08-10 06:36:08.676,EMA_BOUNCE,EMA24,-1,12,BREAK_EVEN,False,HARD_STOP,-10.0000
12030,2026-08-10 06:36:08.676,EMA_BOUNCE,EMA24,-1,12,NO_BREAK_EVEN,False,HARD_STOP,-10.0000
12030,2026-08-10 06:36:08.676,EMA_BOUNCE,EMA24,-1,24,BREAK_EVEN,False,HARD_STOP,-10.0000
12030,2026-08-10 06:36:08.676,EMA_BOUNCE,EMA24,-1,24,NO_BREAK_EVEN,False,HARD_STOP,-10.0000
12030,2026-08-10 06:36:08.676,EMA_BOUNCE,EMA24,-1,48,BREAK_EVEN,False,HARD_STOP,-10.0000
12030,2026-08-10 06:36:08.676,EMA_BOUNCE,EMA24,-1,48,NO_BREAK_EVEN,False,HARD_STOP,-10.0000
12056,2026-08-10 06:39:22.584,PIN7,PIN7,-1,12,BREAK_EVEN,False,HARD_STOP,-10.0000
12056,2026-08-10 06:39:22.584,PIN7,PIN7,-1,12,NO_BREAK_EVEN,False,HARD_STOP,-10.0000
12056,2026-08-10 06:39:22.584,PIN7,PIN7,-1,24,BREAK_EVEN,False,HARD_STOP,-10.0000
12056,2026-08-10 06:39:22.584,PIN7,PIN7,-1,24,NO_BREAK_EVEN,False,HARD_STOP,-10.0000
12056,2026-08-10 06:39:22.584,PIN7,PIN7,-1,48,BREAK_EVEN,False,HARD_STOP,-10.0000
12056,2026-08-10 06:39:22.584,PIN7,PIN7,-1,48,NO_BREAK_EVEN,False,HARD_STOP,-10.0000
12220,2026-08-10 07:10:41.420,PIN7,PIN7,1,12,BREAK_EVEN,False,HARD_STOP,-10.0000
12220,2026-08-10 07:10:41.420,PIN7,PIN7,1,12,NO_BREAK_EVEN,False,HARD_STOP,-10.0000
12220,2026-08-10 07:10:41.420,PIN7,PIN7,1,24,BREAK_EVEN,False,HARD_STOP,-10.0000
12220,2026-08-10 07:10:41.420,PIN7,PIN7,1,24,NO_BREAK_EVEN,False,HARD_STOP,-10.0000
12220,2026-08-10 07:10:41.420,PIN7,PIN7,1,48,BREAK_EVEN,False,HARD_STOP,-10.0000
12220,2026-08-10 07:10:41.420,PIN7,PIN7,1,48,NO_BREAK_EVEN,False,HARD_STOP,-10.0000
12231,2026-08-10 07:18:36.816,EMA_BOUNCE,EMA24,1,12,BREAK_EVEN,True,BAR_CLOSE_TRAIL,5.0000
12231,2026-08-10 07:18:36.816,EMA_BOUNCE,EMA24,1,12,NO_BREAK_EVEN,True,BAR_CLOSE_TRAIL,5.0000
12231,2026-08-10 07:18:36.816,EMA_BOUNCE,EMA24,1,24,BREAK_EVEN,True,BAR_CLOSE_TRAIL,5.0000
12231,2026-08-10 07:18:36.816,EMA_BOUNCE,EMA24,1,24,NO_BREAK_EVEN,True,BAR_CLOSE_TRAIL,5.0000
12231,2026-08-10 07:18:36.816,EMA_BOUNCE,EMA24,1,48,BREAK_EVEN,True,BAR_CLOSE_TRAIL,5.0000
12231,2026-08-10 07:18:36.816,EMA_BOUNCE,EMA24,1,48,NO_BREAK_EVEN,True,BAR_CLOSE_TRAIL,5.0000
12323,2026-08-10 07:56:57.028,EMA_BOUNCE,EMA24,-1,12,BREAK_EVEN,True,BREAK_EVEN,0.0000
12323,2026-08-10 07:56:57.028,EMA_BOUNCE,EMA24,-1,12,NO_BREAK_EVEN,True,TIME,22.0000
12323,2026-08-10 07:56:57.028,EMA_BOUNCE,EMA24,-1,24,BREAK_EVEN,True,BREAK_EVEN,0.0000
12323,2026-08-10 07:56:57.028,EMA_BOUNCE,EMA24,-1,24,NO_BREAK_EVEN,True,BAR_CLOSE_TRAIL,20.0000
12323,2026-08-10 07:56:57.028,EMA_BOUNCE,EMA24,-1,48,BREAK_EVEN,True,BREAK_EVEN,0.0000
12323,2026-08-10 07:56:57.028,EMA_BOUNCE,EMA24,-1,48,NO_BREAK_EVEN,True,BAR_CLOSE_TRAIL,20.0000
12326,2026-08-10 07:57:25.276,EMA_BOUNCE,EMA8,-1,12,BREAK_EVEN,True,BREAK_EVEN,0.0000
12326,2026-08-10 07:57:25.276,EMA_BOUNCE,EMA8,-1,12,NO_BREAK_EVEN,True,TIME,18.0000
12326,2026-08-10 07:57:25.276,EMA_BOUNCE,EMA8,-1,24,BREAK_EVEN,True,BREAK_EVEN,0.0000
12326,2026-08-10 07:57:25.276,EMA_BOUNCE,EMA8,-1,24,NO_BREAK_EVEN,True,BAR_CLOSE_TRAIL,15.0000
12326,2026-08-10 07:57:25.276,EMA_BOUNCE,EMA8,-1,48,BREAK_EVEN,True,BREAK_EVEN,0.0000
12326,2026-08-10 07:57:25.276,EMA_BOUNCE,EMA8,-1,48,NO_BREAK_EVEN,True,BAR_CLOSE_TRAIL,15.0000
12328,2026-08-10 07:58:32.656,EMA_BOUNCE,EMA8,-1,12,BREAK_EVEN,True,BREAK_EVEN,0.0000
12328,2026-08-10 07:58:32.656,EMA_BOUNCE,EMA8,-1,12,NO_BREAK_EVEN,True,TIME,16.0000
12328,2026-08-10 07:58:32.656,EMA_BOUNCE,EMA8,-1,24,BREAK_EVEN,True,BREAK_EVEN,0.0000
12328,2026-08-10 07:58:32.656,EMA_BOUNCE,EMA8,-1,24,NO_BREAK_EVEN,True,BAR_CLOSE_TRAIL,13.0000
12328,2026-08-10 07:58:32.656,EMA_BOUNCE,EMA8,-1,48,BREAK_EVEN,True,BREAK_EVEN,0.0000
12328,2026-08-10 07:58:32.656,EMA_BOUNCE,EMA8,-1,48,NO_BREAK_EVEN,True,BAR_CLOSE_TRAIL,13.0000
12719,2026-08-10 11:36:11.156,EMA_BOUNCE,EMA50,-1,12,BREAK_EVEN,True,BREAK_EVEN,0.0000
12719,2026-08-10 11:36:11.156,EMA_BOUNCE,EMA50,-1,12,NO_BREAK_EVEN,True,BAR_CLOSE_TRAIL,-4.0000
12719,2026-08-10 11:36:11.156,EMA_BOUNCE,EMA50,-1,24,BREAK_EVEN,True,BREAK_EVEN,0.0000
12719,2026-08-10 11:36:11.156,EMA_BOUNCE,EMA50,-1,24,NO_BREAK_EVEN,True,BAR_CLOSE_TRAIL,-4.0000
12719,2026-08-10 11:36:11.156,EMA_BOUNCE,EMA50,-1,48,BREAK_EVEN,True,BREAK_EVEN,0.0000
12719,2026-08-10 11:36:11.156,EMA_BOUNCE,EMA50,-1,48,NO_BREAK_EVEN,True,BAR_CLOSE_TRAIL,-4.0000
12741,2026-08-10 12:01:25.288,EMA_BOUNCE,EMA8,1,12,BREAK_EVEN,True,BREAK_EVEN,0.0000
12741,2026-08-10 12:01:25.288,EMA_BOUNCE,EMA8,1,12,NO_BREAK_EVEN,True,TIME,7.0000
12741,2026-08-10 12:01:25.288,EMA_BOUNCE,EMA8,1,24,BREAK_EVEN,True,BREAK_EVEN,0.0000
12741,2026-08-10 12:01:25.288,EMA_BOUNCE,EMA8,1,24,NO_BREAK_EVEN,True,BAR_CLOSE_TRAIL,0.0000
12741,2026-08-10 12:01:25.288,EMA_BOUNCE,EMA8,1,48,BREAK_EVEN,True,BREAK_EVEN,0.0000
12741,2026-08-10 12:01:25.288,EMA_BOUNCE,EMA8,1,48,NO_BREAK_EVEN,True,BAR_CLOSE_TRAIL,0.0000
12747,2026-08-10 12:13:28.732,EMA_BOUNCE,EMA8,1,12,BREAK_EVEN,True,BREAK_EVEN,0.0000
12747,2026-08-10 12:13:28.732,EMA_BOUNCE,EMA8,1,12,NO_BREAK_EVEN,True,BAR_CLOSE_TRAIL,0.0000
12747,2026-08-10 12:13:28.732,EMA_BOUNCE,EMA8,1,24,BREAK_EVEN,True,BREAK_EVEN,0.0000
12747,2026-08-10 12:13:28.732,EMA_BOUNCE,EMA8,1,24,NO_BREAK_EVEN,True,BAR_CLOSE_TRAIL,0.0000
12747,2026-08-10 12:13:28.732,EMA_BOUNCE,EMA8,1,48,BREAK_EVEN,True,BREAK_EVEN,0.0000
12747,2026-08-10 12:13:28.732,EMA_BOUNCE,EMA8,1,48,NO_BREAK_EVEN,True,BAR_CLOSE_TRAIL,0.0000
12749,2026-08-10 12:17:41.588,EMA_BOUNCE,EMA8,1,12,BREAK_EVEN,True,BREAK_EVEN,0.0000
12749,2026-08-10 12:17:41.588,EMA_BOUNCE,EMA8,1,12,NO_BREAK_EVEN,True,BAR_CLOSE_TRAIL,0.0000
12749,2026-08-10 12:17:41.588,EMA_BOUNCE,EMA8,1,24,BREAK_EVEN,True,BREAK_EVEN,0.0000
12749,2026-08-10 12:17:41.588,EMA_BOUNCE,EMA8,1,24,NO_BREAK_EVEN,True,BAR_CLOSE_TRAIL,0.0000
12749,2026-08-10 12:17:41.588,EMA_BOUNCE,EMA8,1,48,BREAK_EVEN,True,BREAK_EVEN,0.0000
12749,2026-08-10 12:17:41.588,EMA_BOUNCE,EMA8,1,48,NO_BREAK_EVEN,True,BAR_CLOSE_TRAIL,0.0000
12792,2026-08-10 12:55:05.104,EMA_BOUNCE,EMA24,-1,12,BREAK_EVEN,True,BREAK_EVEN,0.0000
12792,2026-08-10 12:55:05.104,EMA_BOUNCE,EMA24,-1,12,NO_BREAK_EVEN,True,BAR_CLOSE_TRAIL,-0.0000
12792,2026-08-10 12:55:05.104,EMA_BOUNCE,EMA24,-1,24,BREAK_EVEN,True,BREAK_EVEN,0.0000
12792,2026-08-10 12:55:05.104,EMA_BOUNCE,EMA24,-1,24,NO_BREAK_EVEN,True,BAR_CLOSE_TRAIL,-0.0000
12792,2026-08-10 12:55:05.104,EMA_BOUNCE,EMA24,-1,48,BREAK_EVEN,True,BREAK_EVEN,0.0000
12792,2026-08-10 12:55:05.104,EMA_BOUNCE,EMA24,-1,48,NO_BREAK_EVEN,True,BAR_CLOSE_TRAIL,-0.0000
13319,2026-08-11 06:31:41.036,EMA_BOUNCE,EMA8,-1,12,BREAK_EVEN,True,BREAK_EVEN,0.0000
13319,2026-08-11 06:31:41.036,EMA_BOUNCE,EMA8,-1,12,NO_BREAK_EVEN,True,BAR_CLOSE_TRAIL,-0.0000
13319,2026-08-11 06:31:41.036,EMA_BOUNCE,EMA8,-1,24,BREAK_EVEN,True,BREAK_EVEN,0.0000
13319,2026-08-11 06:31:41.036,EMA_BOUNCE,EMA8,-1,24,NO_BREAK_EVEN,True,BAR_CLOSE_TRAIL,-0.0000
13319,2026-08-11 06:31:41.036,EMA_BOUNCE,EMA8,-1,48,BREAK_EVEN,True,BREAK_EVEN,0.0000
13319,2026-08-11 06:31:41.036,EMA_BOUNCE,EMA8,-1,48,NO_BREAK_EVEN,True,BAR_CLOSE_TRAIL,-0.0000
13322,2026-08-11 06:31:59.108,EMA_BOUNCE,EMA8,-1,12,BREAK_EVEN,True,BREAK_EVEN,0.0000
13322,2026-08-11 06:31:59.108,EMA_BOUNCE,EMA8,-1,12,NO_BREAK_EVEN,True,BAR_CLOSE_TRAIL,3.0000
13322,2026-08-11 06:31:59.108,EMA_BOUNCE,EMA8,-1,24,BREAK_EVEN,True,BREAK_EVEN,0.0000
13322,2026-08-11 06:31:59.108,EMA_BOUNCE,EMA8,-1,24,NO_BREAK_EVEN,True,BAR_CLOSE_TRAIL,3.0000
13322,2026-08-11 06:31:59.108,EMA_BOUNCE,EMA8,-1,48,BREAK_EVEN,True,BREAK_EVEN,0.0000
13322,2026-08-11 06:31:59.108,EMA_BOUNCE,EMA8,-1,48,NO_BREAK_EVEN,True,BAR_CLOSE_TRAIL,3.0000
13324,2026-08-11 06:32:15.448,EMA_BOUNCE,EMA8,-1,12,BREAK_EVEN,True,BREAK_EVEN,0.0000
13324,2026-08-11 06:32:15.448,EMA_BOUNCE,EMA8,-1,12,NO_BREAK_EVEN,True,BAR_CLOSE_TRAIL,2.0000
13324,2026-08-11 06:32:15.448,EMA_BOUNCE,EMA8,-1,24,BREAK_EVEN,True,BREAK_EVEN,0.0000
13324,2026-08-11 06:32:15.448,EMA_BOUNCE,EMA8,-1,24,NO_BREAK_EVEN,True,BAR_CLOSE_TRAIL,2.0000
13324,2026-08-11 06:32:15.448,EMA_BOUNCE,EMA8,-1,48,BREAK_EVEN,True,BREAK_EVEN,0.0000
13324,2026-08-11 06:32:15.448,EMA_BOUNCE,EMA8,-1,48,NO_BREAK_EVEN,True,BAR_CLOSE_TRAIL,2.0000
13329,2026-08-11 06:32:42.888,EMA_BOUNCE,EMA8,-1,12,BREAK_EVEN,True,BREAK_EVEN,0.0000
13329,2026-08-11 06:32:42.888,EMA_BOUNCE,EMA8,-1,12,NO_BREAK_EVEN,True,BAR_CLOSE_TRAIL,-2.0000
13329,2026-08-11 06:32:42.888,EMA_BOUNCE,EMA8,-1,24,BREAK_EVEN,True,BREAK_EVEN,0.0000
13329,2026-08-11 06:32:42.888,EMA_BOUNCE,EMA8,-1,24,NO_BREAK_EVEN,True,BAR_CLOSE_TRAIL,-2.0000
13329,2026-08-11 06:32:42.888,EMA_BOUNCE,EMA8,-1,48,BREAK_EVEN,True,BREAK_EVEN,0.0000
13329,2026-08-11 06:32:42.888,EMA_BOUNCE,EMA8,-1,48,NO_BREAK_EVEN,True,BAR_CLOSE_TRAIL,-2.0000
13341,2026-08-11 06:35:10.428,EMA_BOUNCE,EMA8,-1,12,BREAK_EVEN,True,BAR_CLOSE_TRAIL,6.0000
13341,2026-08-11 06:35:10.428,EMA_BOUNCE,EMA8,-1,12,NO_BREAK_EVEN,True,BAR_CLOSE_TRAIL,6.0000
13341,2026-08-11 06:35:10.428,EMA_BOUNCE,EMA8,-1,24,BREAK_EVEN,True,BAR_CLOSE_TRAIL,6.0000
13341,2026-08-11 06:35:10.428,EMA_BOUNCE,EMA8,-1,24,NO_BREAK_EVEN,True,BAR_CLOSE_TRAIL,6.0000
13341,2026-08-11 06:35:10.428,EMA_BOUNCE,EMA8,-1,48,BREAK_EVEN,True,BAR_CLOSE_TRAIL,6.0000
13341,2026-08-11 06:35:10.428,EMA_BOUNCE,EMA8,-1,48,NO_BREAK_EVEN,True,BAR_CLOSE_TRAIL,6.0000
13344,2026-08-11 06:35:35.276,PIN7,PIN7,-1,12,BREAK_EVEN,True,BREAK_EVEN,0.0000
13344,2026-08-11 06:35:35.276,PIN7,PIN7,-1,12,NO_BREAK_EVEN,True,BAR_CLOSE_TRAIL,-3.0000
13344,2026-08-11 06:35:35.276,PIN7,PIN7,-1,24,BREAK_EVEN,True,BREAK_EVEN,0.0000
13344,2026-08-11 06:35:35.276,PIN7,PIN7,-1,24,NO_BREAK_EVEN,True,BAR_CLOSE_TRAIL,-3.0000
13344,2026-08-11 06:35:35.276,PIN7,PIN7,-1,48,BREAK_EVEN,True,BREAK_EVEN,0.0000
13344,2026-08-11 06:35:35.276,PIN7,PIN7,-1,48,NO_BREAK_EVEN,True,BAR_CLOSE_TRAIL,-3.0000
13345,2026-08-11 06:35:49.752,PIN7,PIN7,-1,12,BREAK_EVEN,False,HARD_STOP,-10.0000
13345,2026-08-11 06:35:49.752,PIN7,PIN7,-1,12,NO_BREAK_EVEN,False,HARD_STOP,-10.0000
13345,2026-08-11 06:35:49.752,PIN7,PIN7,-1,24,BREAK_EVEN,False,HARD_STOP,-10.0000
13345,2026-08-11 06:35:49.752,PIN7,PIN7,-1,24,NO_BREAK_EVEN,False,HARD_STOP,-10.0000
13345,2026-08-11 06:35:49.752,PIN7,PIN7,-1,48,BREAK_EVEN,False,HARD_STOP,-10.0000
13345,2026-08-11 06:35:49.752,PIN7,PIN7,-1,48,NO_BREAK_EVEN,False,HARD_STOP,-10.0000
13346,2026-08-11 06:36:02.564,PIN7,PIN7,-1,12,BREAK_EVEN,False,HARD_STOP,-10.0000
13346,2026-08-11 06:36:02.564,PIN7,PIN7,-1,12,NO_BREAK_EVEN,False,HARD_STOP,-10.0000
13346,2026-08-11 06:36:02.564,PIN7,PIN7,-1,24,BREAK_EVEN,False,HARD_STOP,-10.0000
13346,2026-08-11 06:36:02.564,PIN7,PIN7,-1,24,NO_BREAK_EVEN,False,HARD_STOP,-10.0000
13346,2026-08-11 06:36:02.564,PIN7,PIN7,-1,48,BREAK_EVEN,False,HARD_STOP,-10.0000
13346,2026-08-11 06:36:02.564,PIN7,PIN7,-1,48,NO_BREAK_EVEN,False,HARD_STOP,-10.0000
13351,2026-08-11 06:36:56.020,EMA_BOUNCE,EMA24,-1,12,BREAK_EVEN,False,HARD_STOP,-10.0000
13351,2026-08-11 06:36:56.020,EMA_BOUNCE,EMA24,-1,12,NO_BREAK_EVEN,False,HARD_STOP,-10.0000
13351,2026-08-11 06:36:56.020,EMA_BOUNCE,EMA24,-1,24,BREAK_EVEN,False,HARD_STOP,-10.0000
13351,2026-08-11 06:36:56.020,EMA_BOUNCE,EMA24,-1,24,NO_BREAK_EVEN,False,HARD_STOP,-10.0000
13351,2026-08-11 06:36:56.020,EMA_BOUNCE,EMA24,-1,48,BREAK_EVEN,False,HARD_STOP,-10.0000
13351,2026-08-11 06:36:56.020,EMA_BOUNCE,EMA24,-1,48,NO_BREAK_EVEN,False,HARD_STOP,-10.0000
13389,2026-08-11 06:44:24.384,PIN7,PIN7,-1,12,BREAK_EVEN,False,HARD_STOP,-10.0000
13389,2026-08-11 06:44:24.384,PIN7,PIN7,-1,12,NO_BREAK_EVEN,False,HARD_STOP,-10.0000
13389,2026-08-11 06:44:24.384,PIN7,PIN7,-1,24,BREAK_EVEN,False,HARD_STOP,-10.0000
13389,2026-08-11 06:44:24.384,PIN7,PIN7,-1,24,NO_BREAK_EVEN,False,HARD_STOP,-10.0000
13389,2026-08-11 06:44:24.384,PIN7,PIN7,-1,48,BREAK_EVEN,False,HARD_STOP,-10.0000
13389,2026-08-11 06:44:24.384,PIN7,PIN7,-1,48,NO_BREAK_EVEN,False,HARD_STOP,-10.0000
13576,2026-08-11 07:40:32.620,EMA_BOUNCE,EMA24,-1,12,BREAK_EVEN,False,HARD_STOP,-10.0000
13576,2026-08-11 07:40:32.620,EMA_BOUNCE,EMA24,-1,12,NO_BREAK_EVEN,False,HARD_STOP,-10.0000
13576,2026-08-11 07:40:32.620,EMA_BOUNCE,EMA24,-1,24,BREAK_EVEN,False,HARD_STOP,-10.0000
13576,2026-08-11 07:40:32.620,EMA_BOUNCE,EMA24,-1,24,NO_BREAK_EVEN,False,HARD_STOP,-10.0000
13576,2026-08-11 07:40:32.620,EMA_BOUNCE,EMA24,-1,48,BREAK_EVEN,False,HARD_STOP,-10.0000
13576,2026-08-11 07:40:32.620,EMA_BOUNCE,EMA24,-1,48,NO_BREAK_EVEN,False,HARD_STOP,-10.0000
13902,2026-08-11 11:23:31.400,PIN7,PIN7,-1,12,BREAK_EVEN,True,TIME,31.0000
13902,2026-08-11 11:23:31.400,PIN7,PIN7,-1,12,NO_BREAK_EVEN,True,TIME,31.0000
13902,2026-08-11 11:23:31.400,PIN7,PIN7,-1,24,BREAK_EVEN,True,BAR_CLOSE_TRAIL,29.0000
13902,2026-08-11 11:23:31.400,PIN7,PIN7,-1,24,NO_BREAK_EVEN,True,BAR_CLOSE_TRAIL,29.0000
13902,2026-08-11 11:23:31.400,PIN7,PIN7,-1,48,BREAK_EVEN,True,BAR_CLOSE_TRAIL,29.0000
13902,2026-08-11 11:23:31.400,PIN7,PIN7,-1,48,NO_BREAK_EVEN,True,BAR_CLOSE_TRAIL,29.0000
13910,2026-08-11 11:29:04.884,PIN_STRICT,PIN,-1,12,BREAK_EVEN,True,BAR_CLOSE_TRAIL,10.0000
13910,2026-08-11 11:29:04.884,PIN_STRICT,PIN,-1,12,NO_BREAK_EVEN,True,BAR_CLOSE_TRAIL,10.0000
13910,2026-08-11 11:29:04.884,PIN_STRICT,PIN,-1,24,BREAK_EVEN,True,BAR_CLOSE_TRAIL,10.0000
13910,2026-08-11 11:29:04.884,PIN_STRICT,PIN,-1,24,NO_BREAK_EVEN,True,BAR_CLOSE_TRAIL,10.0000
13910,2026-08-11 11:29:04.884,PIN_STRICT,PIN,-1,48,BREAK_EVEN,True,BAR_CLOSE_TRAIL,10.0000
13910,2026-08-11 11:29:04.884,PIN_STRICT,PIN,-1,48,NO_BREAK_EVEN,True,BAR_CLOSE_TRAIL,10.0000
13916,2026-08-11 11:29:56.236,PIN_STRICT,PIN,-1,12,BREAK_EVEN,False,HARD_STOP,-10.0000
13916,2026-08-11 11:29:56.236,PIN_STRICT,PIN,-1,12,NO_BREAK_EVEN,False,HARD_STOP,-10.0000
13916,2026-08-11 11:29:56.236,PIN_STRICT,PIN,-1,24,BREAK_EVEN,False,HARD_STOP,-10.0000
13916,2026-08-11 11:29:56.236,PIN_STRICT,PIN,-1,24,NO_BREAK_EVEN,False,HARD_STOP,-10.0000
13916,2026-08-11 11:29:56.236,PIN_STRICT,PIN,-1,48,BREAK_EVEN,False,HARD_STOP,-10.0000
13916,2026-08-11 11:29:56.236,PIN_STRICT,PIN,-1,48,NO_BREAK_EVEN,False,HARD_STOP,-10.0000
13929,2026-08-11 11:37:46.672,EMA_BOUNCE,EMA50,-1,12,BREAK_EVEN,True,BAR_CLOSE_TRAIL,10.0000
13929,2026-08-11 11:37:46.672,EMA_BOUNCE,EMA50,-1,12,NO_BREAK_EVEN,True,BAR_CLOSE_TRAIL,10.0000
13929,2026-08-11 11:37:46.672,EMA_BOUNCE,EMA50,-1,24,BREAK_EVEN,True,BAR_CLOSE_TRAIL,10.0000
13929,2026-08-11 11:37:46.672,EMA_BOUNCE,EMA50,-1,24,NO_BREAK_EVEN,True,BAR_CLOSE_TRAIL,10.0000
13929,2026-08-11 11:37:46.672,EMA_BOUNCE,EMA50,-1,48,BREAK_EVEN,True,BAR_CLOSE_TRAIL,10.0000
13929,2026-08-11 11:37:46.672,EMA_BOUNCE,EMA50,-1,48,NO_BREAK_EVEN,True,BAR_CLOSE_TRAIL,10.0000
13961,2026-08-11 12:06:52.116,EMA_BOUNCE,EMA50,-1,12,BREAK_EVEN,True,BREAK_EVEN,0.0000
13961,2026-08-11 12:06:52.116,EMA_BOUNCE,EMA50,-1,12,NO_BREAK_EVEN,True,BAR_CLOSE_TRAIL,-4.0000
13961,2026-08-11 12:06:52.116,EMA_BOUNCE,EMA50,-1,24,BREAK_EVEN,True,BREAK_EVEN,0.0000
13961,2026-08-11 12:06:52.116,EMA_BOUNCE,EMA50,-1,24,NO_BREAK_EVEN,True,BAR_CLOSE_TRAIL,-4.0000
13961,2026-08-11 12:06:52.116,EMA_BOUNCE,EMA50,-1,48,BREAK_EVEN,True,BREAK_EVEN,0.0000
13961,2026-08-11 12:06:52.116,EMA_BOUNCE,EMA50,-1,48,NO_BREAK_EVEN,True,BAR_CLOSE_TRAIL,-4.0000
13972,2026-08-11 12:23:11.516,PIN7,PIN7,1,12,BREAK_EVEN,True,BREAK_EVEN,0.0000
13972,2026-08-11 12:23:11.516,PIN7,PIN7,1,12,NO_BREAK_EVEN,True,BAR_CLOSE_TRAIL,0.0000
13972,2026-08-11 12:23:11.516,PIN7,PIN7,1,24,BREAK_EVEN,True,BREAK_EVEN,0.0000
13972,2026-08-11 12:23:11.516,PIN7,PIN7,1,24,NO_BREAK_EVEN,True,BAR_CLOSE_TRAIL,0.0000
13972,2026-08-11 12:23:11.516,PIN7,PIN7,1,48,BREAK_EVEN,True,BREAK_EVEN,0.0000
13972,2026-08-11 12:23:11.516,PIN7,PIN7,1,48,NO_BREAK_EVEN,True,BAR_CLOSE_TRAIL,0.0000
13985,2026-08-11 12:36:35.848,EMA_BOUNCE,EMA8,1,12,BREAK_EVEN,True,BREAK_EVEN,0.0000
13985,2026-08-11 12:36:35.848,EMA_BOUNCE,EMA8,1,12,NO_BREAK_EVEN,True,BAR_CLOSE_TRAIL,1.0000
13985,2026-08-11 12:36:35.848,EMA_BOUNCE,EMA8,1,24,BREAK_EVEN,True,BREAK_EVEN,0.0000
13985,2026-08-11 12:36:35.848,EMA_BOUNCE,EMA8,1,24,NO_BREAK_EVEN,True,BAR_CLOSE_TRAIL,1.0000
13985,2026-08-11 12:36:35.848,EMA_BOUNCE,EMA8,1,48,BREAK_EVEN,True,BREAK_EVEN,0.0000
13985,2026-08-11 12:36:35.848,EMA_BOUNCE,EMA8,1,48,NO_BREAK_EVEN,True,BAR_CLOSE_TRAIL,1.0000
13987,2026-08-11 12:38:21.000,PIN7,PIN7,1,12,BREAK_EVEN,False,HARD_STOP,-10.0000
13987,2026-08-11 12:38:21.000,PIN7,PIN7,1,12,NO_BREAK_EVEN,False,HARD_STOP,-10.0000
13987,2026-08-11 12:38:21.000,PIN7,PIN7,1,24,BREAK_EVEN,False,HARD_STOP,-10.0000
13987,2026-08-11 12:38:21.000,PIN7,PIN7,1,24,NO_BREAK_EVEN,False,HARD_STOP,-10.0000
13987,2026-08-11 12:38:21.000,PIN7,PIN7,1,48,BREAK_EVEN,False,HARD_STOP,-10.0000
13987,2026-08-11 12:38:21.000,PIN7,PIN7,1,48,NO_BREAK_EVEN,False,HARD_STOP,-10.0000
13995,2026-08-11 12:46:08.832,EMA_BOUNCE,EMA50,1,12,BREAK_EVEN,False,HARD_STOP,-10.0000
13995,2026-08-11 12:46:08.832,EMA_BOUNCE,EMA50,1,12,NO_BREAK_EVEN,False,HARD_STOP,-10.0000
13995,2026-08-11 12:46:08.832,EMA_BOUNCE,EMA50,1,24,BREAK_EVEN,False,HARD_STOP,-10.0000
13995,2026-08-11 12:46:08.832,EMA_BOUNCE,EMA50,1,24,NO_BREAK_EVEN,False,HARD_STOP,-10.0000
13995,2026-08-11 12:46:08.832,EMA_BOUNCE,EMA50,1,48,BREAK_EVEN,False,HARD_STOP,-10.0000
13995,2026-08-11 12:46:08.832,EMA_BOUNCE,EMA50,1,48,NO_BREAK_EVEN,False,HARD_STOP,-10.0000
13997,2026-08-11 12:46:39.000,EMA_BOUNCE,EMA50,1,12,BREAK_EVEN,False,HARD_STOP,-10.0000
13997,2026-08-11 12:46:39.000,EMA_BOUNCE,EMA50,1,12,NO_BREAK_EVEN,False,HARD_STOP,-10.0000
13997,2026-08-11 12:46:39.000,EMA_BOUNCE,EMA50,1,24,BREAK_EVEN,False,HARD_STOP,-10.0000
13997,2026-08-11 12:46:39.000,EMA_BOUNCE,EMA50,1,24,NO_BREAK_EVEN,False,HARD_STOP,-10.0000
13997,2026-08-11 12:46:39.000,EMA_BOUNCE,EMA50,1,48,BREAK_EVEN,False,HARD_STOP,-10.0000
13997,2026-08-11 12:46:39.000,EMA_BOUNCE,EMA50,1,48,NO_BREAK_EVEN,False,HARD_STOP,-10.0000
14018,2026-08-11 12:54:13.412,EMA_BOUNCE,EMA8,-1,12,BREAK_EVEN,False,HARD_STOP,-10.0000
14018,2026-08-11 12:54:13.412,EMA_BOUNCE,EMA8,-1,12,NO_BREAK_EVEN,False,HARD_STOP,-10.0000
14018,2026-08-11 12:54:13.412,EMA_BOUNCE,EMA8,-1,24,BREAK_EVEN,False,HARD_STOP,-10.0000
14018,2026-08-11 12:54:13.412,EMA_BOUNCE,EMA8,-1,24,NO_BREAK_EVEN,False,HARD_STOP,-10.0000
14018,2026-08-11 12:54:13.412,EMA_BOUNCE,EMA8,-1,48,BREAK_EVEN,False,HARD_STOP,-10.0000
14018,2026-08-11 12:54:13.412,EMA_BOUNCE,EMA8,-1,48,NO_BREAK_EVEN,False,HARD_STOP,-10.0000
14043,2026-08-11 12:59:39.544,PIN7,PIN7,-1,12,BREAK_EVEN,False,HARD_STOP,-10.0000
14043,2026-08-11 12:59:39.544,PIN7,PIN7,-1,12,NO_BREAK_EVEN,False,HARD_STOP,-10.0000
14043,2026-08-11 12:59:39.544,PIN7,PIN7,-1,24,BREAK_EVEN,False,HARD_STOP,-10.0000
14043,2026-08-11 12:59:39.544,PIN7,PIN7,-1,24,NO_BREAK_EVEN,False,HARD_STOP,-10.0000
14043,2026-08-11 12:59:39.544,PIN7,PIN7,-1,48,BREAK_EVEN,False,HARD_STOP,-10.0000
14043,2026-08-11 12:59:39.544,PIN7,PIN7,-1,48,NO_BREAK_EVEN,False,HARD_STOP,-10.0000
14765,2026-08-12 06:31:20.752,PIN_STRICT,PIN,-1,12,BREAK_EVEN,True,BAR_CLOSE_TRAIL,8.0000
14765,2026-08-12 06:31:20.752,PIN_STRICT,PIN,-1,12,NO_BREAK_EVEN,True,BAR_CLOSE_TRAIL,8.0000
14765,2026-08-12 06:31:20.752,PIN_STRICT,PIN,-1,24,BREAK_EVEN,True,BAR_CLOSE_TRAIL,8.0000
14765,2026-08-12 06:31:20.752,PIN_STRICT,PIN,-1,24,NO_BREAK_EVEN,True,BAR_CLOSE_TRAIL,8.0000
14765,2026-08-12 06:31:20.752,PIN_STRICT,PIN,-1,48,BREAK_EVEN,True,BAR_CLOSE_TRAIL,8.0000
14765,2026-08-12 06:31:20.752,PIN_STRICT,PIN,-1,48,NO_BREAK_EVEN,True,BAR_CLOSE_TRAIL,8.0000
14766,2026-08-12 06:31:26.692,PIN_STRICT,PIN,-1,12,BREAK_EVEN,True,BAR_CLOSE_TRAIL,5.0000
14766,2026-08-12 06:31:26.692,PIN_STRICT,PIN,-1,12,NO_BREAK_EVEN,True,BAR_CLOSE_TRAIL,5.0000
14766,2026-08-12 06:31:26.692,PIN_STRICT,PIN,-1,24,BREAK_EVEN,True,BAR_CLOSE_TRAIL,5.0000
14766,2026-08-12 06:31:26.692,PIN_STRICT,PIN,-1,24,NO_BREAK_EVEN,True,BAR_CLOSE_TRAIL,5.0000
14766,2026-08-12 06:31:26.692,PIN_STRICT,PIN,-1,48,BREAK_EVEN,True,BAR_CLOSE_TRAIL,5.0000
14766,2026-08-12 06:31:26.692,PIN_STRICT,PIN,-1,48,NO_BREAK_EVEN,True,BAR_CLOSE_TRAIL,5.0000
14782,2026-08-12 06:33:10.604,EMA_BOUNCE,EMA8,-1,12,BREAK_EVEN,False,HARD_STOP,-10.0000
14782,2026-08-12 06:33:10.604,EMA_BOUNCE,EMA8,-1,12,NO_BREAK_EVEN,False,HARD_STOP,-10.0000
14782,2026-08-12 06:33:10.604,EMA_BOUNCE,EMA8,-1,24,BREAK_EVEN,False,HARD_STOP,-10.0000
14782,2026-08-12 06:33:10.604,EMA_BOUNCE,EMA8,-1,24,NO_BREAK_EVEN,False,HARD_STOP,-10.0000
14782,2026-08-12 06:33:10.604,EMA_BOUNCE,EMA8,-1,48,BREAK_EVEN,False,HARD_STOP,-10.0000
14782,2026-08-12 06:33:10.604,EMA_BOUNCE,EMA8,-1,48,NO_BREAK_EVEN,False,HARD_STOP,-10.0000
14787,2026-08-12 06:33:51.856,EMA_BOUNCE,EMA24,-1,12,BREAK_EVEN,True,BREAK_EVEN,0.0000
14787,2026-08-12 06:33:51.856,EMA_BOUNCE,EMA24,-1,12,NO_BREAK_EVEN,True,BAR_CLOSE_TRAIL,1.0000
14787,2026-08-12 06:33:51.856,EMA_BOUNCE,EMA24,-1,24,BREAK_EVEN,True,BREAK_EVEN,0.0000
14787,2026-08-12 06:33:51.856,EMA_BOUNCE,EMA24,-1,24,NO_BREAK_EVEN,True,BAR_CLOSE_TRAIL,1.0000
14787,2026-08-12 06:33:51.856,EMA_BOUNCE,EMA24,-1,48,BREAK_EVEN,True,BREAK_EVEN,0.0000
14787,2026-08-12 06:33:51.856,EMA_BOUNCE,EMA24,-1,48,NO_BREAK_EVEN,True,BAR_CLOSE_TRAIL,1.0000
14831,2026-08-12 06:38:44.284,PIN7,PIN7,-1,12,BREAK_EVEN,True,BAR_CLOSE_TRAIL,11.0000
14831,2026-08-12 06:38:44.284,PIN7,PIN7,-1,12,NO_BREAK_EVEN,True,BAR_CLOSE_TRAIL,11.0000
14831,2026-08-12 06:38:44.284,PIN7,PIN7,-1,24,BREAK_EVEN,True,BAR_CLOSE_TRAIL,11.0000
14831,2026-08-12 06:38:44.284,PIN7,PIN7,-1,24,NO_BREAK_EVEN,True,BAR_CLOSE_TRAIL,11.0000
14831,2026-08-12 06:38:44.284,PIN7,PIN7,-1,48,BREAK_EVEN,True,BAR_CLOSE_TRAIL,11.0000
14831,2026-08-12 06:38:44.284,PIN7,PIN7,-1,48,NO_BREAK_EVEN,True,BAR_CLOSE_TRAIL,11.0000
14836,2026-08-12 06:40:03.360,PIN7,PIN7,-1,12,BREAK_EVEN,True,BAR_CLOSE_TRAIL,4.0000
14836,2026-08-12 06:40:03.360,PIN7,PIN7,-1,12,NO_BREAK_EVEN,True,BAR_CLOSE_TRAIL,4.0000
14836,2026-08-12 06:40:03.360,PIN7,PIN7,-1,24,BREAK_EVEN,True,BAR_CLOSE_TRAIL,4.0000
14836,2026-08-12 06:40:03.360,PIN7,PIN7,-1,24,NO_BREAK_EVEN,True,BAR_CLOSE_TRAIL,4.0000
14836,2026-08-12 06:40:03.360,PIN7,PIN7,-1,48,BREAK_EVEN,True,BAR_CLOSE_TRAIL,4.0000
14836,2026-08-12 06:40:03.360,PIN7,PIN7,-1,48,NO_BREAK_EVEN,True,BAR_CLOSE_TRAIL,4.0000
14850,2026-08-12 06:42:02.528,EMA_BOUNCE,EMA50,-1,12,BREAK_EVEN,True,BREAK_EVEN,0.0000
14850,2026-08-12 06:42:02.528,EMA_BOUNCE,EMA50,-1,12,NO_BREAK_EVEN,True,BAR_CLOSE_TRAIL,-0.0000
14850,2026-08-12 06:42:02.528,EMA_BOUNCE,EMA50,-1,24,BREAK_EVEN,True,BREAK_EVEN,0.0000
14850,2026-08-12 06:42:02.528,EMA_BOUNCE,EMA50,-1,24,NO_BREAK_EVEN,True,BAR_CLOSE_TRAIL,-0.0000
14850,2026-08-12 06:42:02.528,EMA_BOUNCE,EMA50,-1,48,BREAK_EVEN,True,BREAK_EVEN,0.0000
14850,2026-08-12 06:42:02.528,EMA_BOUNCE,EMA50,-1,48,NO_BREAK_EVEN,True,BAR_CLOSE_TRAIL,-0.0000
14975,2026-08-12 07:02:32.248,PIN7,PIN7,-1,12,BREAK_EVEN,True,BREAK_EVEN,0.0000
14975,2026-08-12 07:02:32.248,PIN7,PIN7,-1,12,NO_BREAK_EVEN,True,BAR_CLOSE_TRAIL,-0.0000
14975,2026-08-12 07:02:32.248,PIN7,PIN7,-1,24,BREAK_EVEN,True,BREAK_EVEN,0.0000
14975,2026-08-12 07:02:32.248,PIN7,PIN7,-1,24,NO_BREAK_EVEN,True,BAR_CLOSE_TRAIL,-0.0000
14975,2026-08-12 07:02:32.248,PIN7,PIN7,-1,48,BREAK_EVEN,True,BREAK_EVEN,0.0000
14975,2026-08-12 07:02:32.248,PIN7,PIN7,-1,48,NO_BREAK_EVEN,True,BAR_CLOSE_TRAIL,-0.0000
15020,2026-08-12 07:16:09.928,PIN7,PIN7,1,12,BREAK_EVEN,True,TIME,11.0000
15020,2026-08-12 07:16:09.928,PIN7,PIN7,1,12,NO_BREAK_EVEN,True,TIME,11.0000
15020,2026-08-12 07:16:09.928,PIN7,PIN7,1,24,BREAK_EVEN,True,BAR_CLOSE_TRAIL,6.0000
15020,2026-08-12 07:16:09.928,PIN7,PIN7,1,24,NO_BREAK_EVEN,True,BAR_CLOSE_TRAIL,6.0000
15020,2026-08-12 07:16:09.928,PIN7,PIN7,1,48,BREAK_EVEN,True,BAR_CLOSE_TRAIL,6.0000
15020,2026-08-12 07:16:09.928,PIN7,PIN7,1,48,NO_BREAK_EVEN,True,BAR_CLOSE_TRAIL,6.0000
15028,2026-08-12 07:18:18.288,PIN7,PIN7,1,12,BREAK_EVEN,True,BREAK_EVEN,0.0000
15028,2026-08-12 07:18:18.288,PIN7,PIN7,1,12,NO_BREAK_EVEN,True,BAR_CLOSE_TRAIL,0.0000
15028,2026-08-12 07:18:18.288,PIN7,PIN7,1,24,BREAK_EVEN,True,BREAK_EVEN,0.0000
15028,2026-08-12 07:18:18.288,PIN7,PIN7,1,24,NO_BREAK_EVEN,True,BAR_CLOSE_TRAIL,0.0000
15028,2026-08-12 07:18:18.288,PIN7,PIN7,1,48,BREAK_EVEN,True,BREAK_EVEN,0.0000
15028,2026-08-12 07:18:18.288,PIN7,PIN7,1,48,NO_BREAK_EVEN,True,BAR_CLOSE_TRAIL,0.0000
15094,2026-08-12 07:31:10.180,EMA_BOUNCE,EMA8,-1,12,BREAK_EVEN,True,TIME,15.0000
15094,2026-08-12 07:31:10.180,EMA_BOUNCE,EMA8,-1,12,NO_BREAK_EVEN,True,TIME,15.0000
15094,2026-08-12 07:31:10.180,EMA_BOUNCE,EMA8,-1,24,BREAK_EVEN,True,BAR_CLOSE_TRAIL,15.0000
15094,2026-08-12 07:31:10.180,EMA_BOUNCE,EMA8,-1,24,NO_BREAK_EVEN,True,BAR_CLOSE_TRAIL,15.0000
15094,2026-08-12 07:31:10.180,EMA_BOUNCE,EMA8,-1,48,BREAK_EVEN,True,BAR_CLOSE_TRAIL,15.0000
15094,2026-08-12 07:31:10.180,EMA_BOUNCE,EMA8,-1,48,NO_BREAK_EVEN,True,BAR_CLOSE_TRAIL,15.0000
15096,2026-08-12 07:31:10.232,EMA_BOUNCE,EMA8,-1,12,BREAK_EVEN,True,TIME,26.0000
15096,2026-08-12 07:31:10.232,EMA_BOUNCE,EMA8,-1,12,NO_BREAK_EVEN,True,TIME,26.0000
15096,2026-08-12 07:31:10.232,EMA_BOUNCE,EMA8,-1,24,BREAK_EVEN,True,BAR_CLOSE_TRAIL,16.0000
15096,2026-08-12 07:31:10.232,EMA_BOUNCE,EMA8,-1,24,NO_BREAK_EVEN,True,BAR_CLOSE_TRAIL,16.0000
15096,2026-08-12 07:31:10.232,EMA_BOUNCE,EMA8,-1,48,BREAK_EVEN,True,BAR_CLOSE_TRAIL,16.0000
15096,2026-08-12 07:31:10.232,EMA_BOUNCE,EMA8,-1,48,NO_BREAK_EVEN,True,BAR_CLOSE_TRAIL,16.0000
15098,2026-08-12 07:31:10.312,EMA_BOUNCE,EMA8,-1,12,BREAK_EVEN,True,BAR_CLOSE_TRAIL,14.0000
15098,2026-08-12 07:31:10.312,EMA_BOUNCE,EMA8,-1,12,NO_BREAK_EVEN,True,BAR_CLOSE_TRAIL,14.0000
15098,2026-08-12 07:31:10.312,EMA_BOUNCE,EMA8,-1,24,BREAK_EVEN,True,BAR_CLOSE_TRAIL,14.0000
15098,2026-08-12 07:31:10.312,EMA_BOUNCE,EMA8,-1,24,NO_BREAK_EVEN,True,BAR_CLOSE_TRAIL,14.0000
15098,2026-08-12 07:31:10.312,EMA_BOUNCE,EMA8,-1,48,BREAK_EVEN,True,BAR_CLOSE_TRAIL,14.0000
15098,2026-08-12 07:31:10.312,EMA_BOUNCE,EMA8,-1,48,NO_BREAK_EVEN,True,BAR_CLOSE_TRAIL,14.0000
15139,2026-08-12 07:31:20.008,EMA_BOUNCE,EMA24,1,12,BREAK_EVEN,True,BAR_CLOSE_TRAIL,3.0000
15139,2026-08-12 07:31:20.008,EMA_BOUNCE,EMA24,1,12,NO_BREAK_EVEN,True,BAR_CLOSE_TRAIL,3.0000
15139,2026-08-12 07:31:20.008,EMA_BOUNCE,EMA24,1,24,BREAK_EVEN,True,BAR_CLOSE_TRAIL,3.0000
15139,2026-08-12 07:31:20.008,EMA_BOUNCE,EMA24,1,24,NO_BREAK_EVEN,True,BAR_CLOSE_TRAIL,3.0000
15139,2026-08-12 07:31:20.008,EMA_BOUNCE,EMA24,1,48,BREAK_EVEN,True,BAR_CLOSE_TRAIL,3.0000
15139,2026-08-12 07:31:20.008,EMA_BOUNCE,EMA24,1,48,NO_BREAK_EVEN,True,BAR_CLOSE_TRAIL,3.0000
15146,2026-08-12 07:31:46.028,PIN7,PIN7,1,12,BREAK_EVEN,False,HARD_STOP,-10.0000
15146,2026-08-12 07:31:46.028,PIN7,PIN7,1,12,NO_BREAK_EVEN,False,HARD_STOP,-10.0000
15146,2026-08-12 07:31:46.028,PIN7,PIN7,1,24,BREAK_EVEN,False,HARD_STOP,-10.0000
15146,2026-08-12 07:31:46.028,PIN7,PIN7,1,24,NO_BREAK_EVEN,False,HARD_STOP,-10.0000
15146,2026-08-12 07:31:46.028,PIN7,PIN7,1,48,BREAK_EVEN,False,HARD_STOP,-10.0000
15146,2026-08-12 07:31:46.028,PIN7,PIN7,1,48,NO_BREAK_EVEN,False,HARD_STOP,-10.0000
15148,2026-08-12 07:32:03.888,EMA_BOUNCE,EMA8,1,12,BREAK_EVEN,False,HARD_STOP,-10.0000
15148,2026-08-12 07:32:03.888,EMA_BOUNCE,EMA8,1,12,NO_BREAK_EVEN,False,HARD_STOP,-10.0000
15148,2026-08-12 07:32:03.888,EMA_BOUNCE,EMA8,1,24,BREAK_EVEN,False,HARD_STOP,-10.0000
15148,2026-08-12 07:32:03.888,EMA_BOUNCE,EMA8,1,24,NO_BREAK_EVEN,False,HARD_STOP,-10.0000
15148,2026-08-12 07:32:03.888,EMA_BOUNCE,EMA8,1,48,BREAK_EVEN,False,HARD_STOP,-10.0000
15148,2026-08-12 07:32:03.888,EMA_BOUNCE,EMA8,1,48,NO_BREAK_EVEN,False,HARD_STOP,-10.0000
15175,2026-08-12 07:37:31.176,PIN7,PIN7,1,12,BREAK_EVEN,True,BREAK_EVEN,0.0000
15175,2026-08-12 07:37:31.176,PIN7,PIN7,1,12,NO_BREAK_EVEN,True,BAR_CLOSE_TRAIL,2.0000
15175,2026-08-12 07:37:31.176,PIN7,PIN7,1,24,BREAK_EVEN,True,BREAK_EVEN,0.0000
15175,2026-08-12 07:37:31.176,PIN7,PIN7,1,24,NO_BREAK_EVEN,True,BAR_CLOSE_TRAIL,2.0000
15175,2026-08-12 07:37:31.176,PIN7,PIN7,1,48,BREAK_EVEN,True,BREAK_EVEN,0.0000
15175,2026-08-12 07:37:31.176,PIN7,PIN7,1,48,NO_BREAK_EVEN,True,BAR_CLOSE_TRAIL,2.0000
15177,2026-08-12 07:38:09.784,PIN7,PIN7,1,12,BREAK_EVEN,False,HARD_STOP,-10.0000
15177,2026-08-12 07:38:09.784,PIN7,PIN7,1,12,NO_BREAK_EVEN,False,HARD_STOP,-10.0000
15177,2026-08-12 07:38:09.784,PIN7,PIN7,1,24,BREAK_EVEN,False,HARD_STOP,-10.0000
15177,2026-08-12 07:38:09.784,PIN7,PIN7,1,24,NO_BREAK_EVEN,False,HARD_STOP,-10.0000
15177,2026-08-12 07:38:09.784,PIN7,PIN7,1,48,BREAK_EVEN,False,HARD_STOP,-10.0000
15177,2026-08-12 07:38:09.784,PIN7,PIN7,1,48,NO_BREAK_EVEN,False,HARD_STOP,-10.0000
15182,2026-08-12 07:39:18.036,EMA_BOUNCE,EMA24,1,12,BREAK_EVEN,True,BAR_CLOSE_TRAIL,10.0000
15182,2026-08-12 07:39:18.036,EMA_BOUNCE,EMA24,1,12,NO_BREAK_EVEN,True,BAR_CLOSE_TRAIL,10.0000
15182,2026-08-12 07:39:18.036,EMA_BOUNCE,EMA24,1,24,BREAK_EVEN,True,BAR_CLOSE_TRAIL,10.0000
15182,2026-08-12 07:39:18.036,EMA_BOUNCE,EMA24,1,24,NO_BREAK_EVEN,True,BAR_CLOSE_TRAIL,10.0000
15182,2026-08-12 07:39:18.036,EMA_BOUNCE,EMA24,1,48,BREAK_EVEN,True,BAR_CLOSE_TRAIL,10.0000
15182,2026-08-12 07:39:18.036,EMA_BOUNCE,EMA24,1,48,NO_BREAK_EVEN,True,BAR_CLOSE_TRAIL,10.0000
15196,2026-08-12 07:43:43.552,EMA_BOUNCE,EMA8,1,12,BREAK_EVEN,True,BREAK_EVEN,0.0000
15196,2026-08-12 07:43:43.552,EMA_BOUNCE,EMA8,1,12,NO_BREAK_EVEN,True,BAR_CLOSE_TRAIL,2.0000
15196,2026-08-12 07:43:43.552,EMA_BOUNCE,EMA8,1,24,BREAK_EVEN,True,BREAK_EVEN,0.0000
15196,2026-08-12 07:43:43.552,EMA_BOUNCE,EMA8,1,24,NO_BREAK_EVEN,True,BAR_CLOSE_TRAIL,2.0000
15196,2026-08-12 07:43:43.552,EMA_BOUNCE,EMA8,1,48,BREAK_EVEN,True,BREAK_EVEN,0.0000
15196,2026-08-12 07:43:43.552,EMA_BOUNCE,EMA8,1,48,NO_BREAK_EVEN,True,BAR_CLOSE_TRAIL,2.0000
15226,2026-08-12 07:53:06.900,EMA_BOUNCE,EMA24,-1,12,BREAK_EVEN,True,BREAK_EVEN,0.0000
15226,2026-08-12 07:53:06.900,EMA_BOUNCE,EMA24,-1,12,NO_BREAK_EVEN,True,BAR_CLOSE_TRAIL,-3.0000
15226,2026-08-12 07:53:06.900,EMA_BOUNCE,EMA24,-1,24,BREAK_EVEN,True,BREAK_EVEN,0.0000
15226,2026-08-12 07:53:06.900,EMA_BOUNCE,EMA24,-1,24,NO_BREAK_EVEN,True,BAR_CLOSE_TRAIL,-3.0000
15226,2026-08-12 07:53:06.900,EMA_BOUNCE,EMA24,-1,48,BREAK_EVEN,True,BREAK_EVEN,0.0000
15226,2026-08-12 07:53:06.900,EMA_BOUNCE,EMA24,-1,48,NO_BREAK_EVEN,True,BAR_CLOSE_TRAIL,-3.0000
15240,2026-08-12 07:56:17.312,EMA_BOUNCE,EMA24,-1,12,BREAK_EVEN,True,BREAK_EVEN,0.0000
15240,2026-08-12 07:56:17.312,EMA_BOUNCE,EMA24,-1,12,NO_BREAK_EVEN,True,BAR_CLOSE_TRAIL,-2.0000
15240,2026-08-12 07:56:17.312,EMA_BOUNCE,EMA24,-1,24,BREAK_EVEN,True,BREAK_EVEN,0.0000
15240,2026-08-12 07:56:17.312,EMA_BOUNCE,EMA24,-1,24,NO_BREAK_EVEN,True,BAR_CLOSE_TRAIL,-2.0000
15240,2026-08-12 07:56:17.312,EMA_BOUNCE,EMA24,-1,48,BREAK_EVEN,True,BREAK_EVEN,0.0000
15240,2026-08-12 07:56:17.312,EMA_BOUNCE,EMA24,-1,48,NO_BREAK_EVEN,True,BAR_CLOSE_TRAIL,-2.0000
15248,2026-08-12 07:58:42.032,EMA_BOUNCE,EMA50,-1,12,BREAK_EVEN,True,BAR_CLOSE_TRAIL,3.0000
15248,2026-08-12 07:58:42.032,EMA_BOUNCE,EMA50,-1,12,NO_BREAK_EVEN,True,BAR_CLOSE_TRAIL,3.0000
15248,2026-08-12 07:58:42.032,EMA_BOUNCE,EMA50,-1,24,BREAK_EVEN,True,BAR_CLOSE_TRAIL,3.0000
15248,2026-08-12 07:58:42.032,EMA_BOUNCE,EMA50,-1,24,NO_BREAK_EVEN,True,BAR_CLOSE_TRAIL,3.0000
15248,2026-08-12 07:58:42.032,EMA_BOUNCE,EMA50,-1,48,BREAK_EVEN,True,BAR_CLOSE_TRAIL,3.0000
15248,2026-08-12 07:58:42.032,EMA_BOUNCE,EMA50,-1,48,NO_BREAK_EVEN,True,BAR_CLOSE_TRAIL,3.0000
15513,2026-08-12 11:36:03.720,PIN7,PIN7,1,12,BREAK_EVEN,True,BREAK_EVEN,0.0000
15513,2026-08-12 11:36:03.720,PIN7,PIN7,1,12,NO_BREAK_EVEN,True,BAR_CLOSE_TRAIL,-2.0000
15513,2026-08-12 11:36:03.720,PIN7,PIN7,1,24,BREAK_EVEN,True,BREAK_EVEN,0.0000
15513,2026-08-12 11:36:03.720,PIN7,PIN7,1,24,NO_BREAK_EVEN,True,BAR_CLOSE_TRAIL,-2.0000
15513,2026-08-12 11:36:03.720,PIN7,PIN7,1,48,BREAK_EVEN,True,BREAK_EVEN,0.0000
15513,2026-08-12 11:36:03.720,PIN7,PIN7,1,48,NO_BREAK_EVEN,True,BAR_CLOSE_TRAIL,-2.0000
15514,2026-08-12 11:40:25.116,PIN7,PIN7,1,12,BREAK_EVEN,True,BREAK_EVEN,0.0000
15514,2026-08-12 11:40:25.116,PIN7,PIN7,1,12,NO_BREAK_EVEN,True,BAR_CLOSE_TRAIL,0.0000
15514,2026-08-12 11:40:25.116,PIN7,PIN7,1,24,BREAK_EVEN,True,BREAK_EVEN,0.0000
15514,2026-08-12 11:40:25.116,PIN7,PIN7,1,24,NO_BREAK_EVEN,True,BAR_CLOSE_TRAIL,0.0000
15514,2026-08-12 11:40:25.116,PIN7,PIN7,1,48,BREAK_EVEN,True,BREAK_EVEN,0.0000
15514,2026-08-12 11:40:25.116,PIN7,PIN7,1,48,NO_BREAK_EVEN,True,BAR_CLOSE_TRAIL,0.0000
15518,2026-08-12 11:48:22.108,EMA_BOUNCE,EMA8,1,12,BREAK_EVEN,True,BREAK_EVEN,0.0000
15518,2026-08-12 11:48:22.108,EMA_BOUNCE,EMA8,1,12,NO_BREAK_EVEN,True,BAR_CLOSE_TRAIL,0.0000
15518,2026-08-12 11:48:22.108,EMA_BOUNCE,EMA8,1,24,BREAK_EVEN,True,BREAK_EVEN,0.0000
15518,2026-08-12 11:48:22.108,EMA_BOUNCE,EMA8,1,24,NO_BREAK_EVEN,True,BAR_CLOSE_TRAIL,0.0000
15518,2026-08-12 11:48:22.108,EMA_BOUNCE,EMA8,1,48,BREAK_EVEN,True,BREAK_EVEN,0.0000
15518,2026-08-12 11:48:22.108,EMA_BOUNCE,EMA8,1,48,NO_BREAK_EVEN,True,BAR_CLOSE_TRAIL,0.0000
15548,2026-08-12 12:42:11.932,PIN7,PIN7,-1,12,BREAK_EVEN,True,BREAK_EVEN,0.0000
15548,2026-08-12 12:42:11.932,PIN7,PIN7,-1,12,NO_BREAK_EVEN,True,BAR_CLOSE_TRAIL,-4.0000
15548,2026-08-12 12:42:11.932,PIN7,PIN7,-1,24,BREAK_EVEN,True,BREAK_EVEN,0.0000
15548,2026-08-12 12:42:11.932,PIN7,PIN7,-1,24,NO_BREAK_EVEN,True,BAR_CLOSE_TRAIL,-4.0000
15548,2026-08-12 12:42:11.932,PIN7,PIN7,-1,48,BREAK_EVEN,True,BREAK_EVEN,0.0000
15548,2026-08-12 12:42:11.932,PIN7,PIN7,-1,48,NO_BREAK_EVEN,True,BAR_CLOSE_TRAIL,-4.0000
15553,2026-08-12 12:45:32.068,EMA_BOUNCE,EMA24+EMA50,-1,12,BREAK_EVEN,True,BREAK_EVEN,0.0000
15553,2026-08-12 12:45:32.068,EMA_BOUNCE,EMA24+EMA50,-1,12,NO_BREAK_EVEN,True,BAR_CLOSE_TRAIL,-3.0000
15553,2026-08-12 12:45:32.068,EMA_BOUNCE,EMA24+EMA50,-1,24,BREAK_EVEN,True,BREAK_EVEN,0.0000
15553,2026-08-12 12:45:32.068,EMA_BOUNCE,EMA24+EMA50,-1,24,NO_BREAK_EVEN,True,BAR_CLOSE_TRAIL,-3.0000
15553,2026-08-12 12:45:32.068,EMA_BOUNCE,EMA24+EMA50,-1,48,BREAK_EVEN,True,BREAK_EVEN,0.0000
15553,2026-08-12 12:45:32.068,EMA_BOUNCE,EMA24+EMA50,-1,48,NO_BREAK_EVEN,True,BAR_CLOSE_TRAIL,-3.0000
15567,2026-08-12 12:54:35.500,PIN7,PIN7,-1,12,BREAK_EVEN,True,BREAK_EVEN,0.0000
15567,2026-08-12 12:54:35.500,PIN7,PIN7,-1,12,NO_BREAK_EVEN,True,BAR_CLOSE_TRAIL,-1.0000
15567,2026-08-12 12:54:35.500,PIN7,PIN7,-1,24,BREAK_EVEN,True,BREAK_EVEN,0.0000
15567,2026-08-12 12:54:35.500,PIN7,PIN7,-1,24,NO_BREAK_EVEN,True,BAR_CLOSE_TRAIL,-1.0000
15567,2026-08-12 12:54:35.500,PIN7,PIN7,-1,48,BREAK_EVEN,True,BREAK_EVEN,0.0000
15567,2026-08-12 12:54:35.500,PIN7,PIN7,-1,48,NO_BREAK_EVEN,True,BAR_CLOSE_TRAIL,-1.0000
15570,2026-08-12 12:54:50.036,EMA_BOUNCE,EMA8,-1,12,BREAK_EVEN,True,BAR_CLOSE_TRAIL,2.0000
15570,2026-08-12 12:54:50.036,EMA_BOUNCE,EMA8,-1,12,NO_BREAK_EVEN,True,BAR_CLOSE_TRAIL,2.0000
15570,2026-08-12 12:54:50.036,EMA_BOUNCE,EMA8,-1,24,BREAK_EVEN,True,BAR_CLOSE_TRAIL,2.0000
15570,2026-08-12 12:54:50.036,EMA_BOUNCE,EMA8,-1,24,NO_BREAK_EVEN,True,BAR_CLOSE_TRAIL,2.0000
15570,2026-08-12 12:54:50.036,EMA_BOUNCE,EMA8,-1,48,BREAK_EVEN,True,BAR_CLOSE_TRAIL,2.0000
15570,2026-08-12 12:54:50.036,EMA_BOUNCE,EMA8,-1,48,NO_BREAK_EVEN,True,BAR_CLOSE_TRAIL,2.0000
15573,2026-08-12 12:55:17.252,PIN7,PIN7,-1,12,BREAK_EVEN,False,HARD_STOP,-10.0000
15573,2026-08-12 12:55:17.252,PIN7,PIN7,-1,12,NO_BREAK_EVEN,False,HARD_STOP,-10.0000
15573,2026-08-12 12:55:17.252,PIN7,PIN7,-1,24,BREAK_EVEN,False,HARD_STOP,-10.0000
15573,2026-08-12 12:55:17.252,PIN7,PIN7,-1,24,NO_BREAK_EVEN,False,HARD_STOP,-10.0000
15573,2026-08-12 12:55:17.252,PIN7,PIN7,-1,48,BREAK_EVEN,False,HARD_STOP,-10.0000
15573,2026-08-12 12:55:17.252,PIN7,PIN7,-1,48,NO_BREAK_EVEN,False,HARD_STOP,-10.0000
16005,2026-08-13 06:32:49.272,EMA_BOUNCE,EMA50,1,12,BREAK_EVEN,True,BAR_CLOSE_TRAIL,12.0000
16005,2026-08-13 06:32:49.272,EMA_BOUNCE,EMA50,1,12,NO_BREAK_EVEN,True,BAR_CLOSE_TRAIL,12.0000
16005,2026-08-13 06:32:49.272,EMA_BOUNCE,EMA50,1,24,BREAK_EVEN,True,BAR_CLOSE_TRAIL,12.0000
16005,2026-08-13 06:32:49.272,EMA_BOUNCE,EMA50,1,24,NO_BREAK_EVEN,True,BAR_CLOSE_TRAIL,12.0000
16005,2026-08-13 06:32:49.272,EMA_BOUNCE,EMA50,1,48,BREAK_EVEN,True,BAR_CLOSE_TRAIL,12.0000
16005,2026-08-13 06:32:49.272,EMA_BOUNCE,EMA50,1,48,NO_BREAK_EVEN,True,BAR_CLOSE_TRAIL,12.0000
16016,2026-08-13 06:34:21.652,EMA_BOUNCE,EMA8,1,12,BREAK_EVEN,True,TIME,28.0000
16016,2026-08-13 06:34:21.652,EMA_BOUNCE,EMA8,1,12,NO_BREAK_EVEN,True,TIME,28.0000
16016,2026-08-13 06:34:21.652,EMA_BOUNCE,EMA8,1,24,BREAK_EVEN,True,TIME,54.0000
16016,2026-08-13 06:34:21.652,EMA_BOUNCE,EMA8,1,24,NO_BREAK_EVEN,True,TIME,54.0000
16016,2026-08-13 06:34:21.652,EMA_BOUNCE,EMA8,1,48,BREAK_EVEN,True,BAR_CLOSE_TRAIL,47.0000
16016,2026-08-13 06:34:21.652,EMA_BOUNCE,EMA8,1,48,NO_BREAK_EVEN,True,BAR_CLOSE_TRAIL,47.0000
16026,2026-08-13 06:35:48.232,PIN7,PIN7,1,12,BREAK_EVEN,True,BREAK_EVEN,0.0000
16026,2026-08-13 06:35:48.232,PIN7,PIN7,1,12,NO_BREAK_EVEN,True,TIME,20.0000
16026,2026-08-13 06:35:48.232,PIN7,PIN7,1,24,BREAK_EVEN,True,BREAK_EVEN,0.0000
16026,2026-08-13 06:35:48.232,PIN7,PIN7,1,24,NO_BREAK_EVEN,True,BAR_CLOSE_TRAIL,20.0000
16026,2026-08-13 06:35:48.232,PIN7,PIN7,1,48,BREAK_EVEN,True,BREAK_EVEN,0.0000
16026,2026-08-13 06:35:48.232,PIN7,PIN7,1,48,NO_BREAK_EVEN,True,BAR_CLOSE_TRAIL,20.0000
16030,2026-08-13 06:36:43.512,PIN7,PIN7,1,12,BREAK_EVEN,True,BAR_CLOSE_TRAIL,15.0000
16030,2026-08-13 06:36:43.512,PIN7,PIN7,1,12,NO_BREAK_EVEN,True,BAR_CLOSE_TRAIL,15.0000
16030,2026-08-13 06:36:43.512,PIN7,PIN7,1,24,BREAK_EVEN,True,BAR_CLOSE_TRAIL,15.0000
16030,2026-08-13 06:36:43.512,PIN7,PIN7,1,24,NO_BREAK_EVEN,True,BAR_CLOSE_TRAIL,15.0000
16030,2026-08-13 06:36:43.512,PIN7,PIN7,1,48,BREAK_EVEN,True,BAR_CLOSE_TRAIL,15.0000
16030,2026-08-13 06:36:43.512,PIN7,PIN7,1,48,NO_BREAK_EVEN,True,BAR_CLOSE_TRAIL,15.0000
16037,2026-08-13 06:39:21.008,EMA_BOUNCE,EMA8,1,12,BREAK_EVEN,True,BAR_CLOSE_TRAIL,3.0000
16037,2026-08-13 06:39:21.008,EMA_BOUNCE,EMA8,1,12,NO_BREAK_EVEN,True,BAR_CLOSE_TRAIL,3.0000
16037,2026-08-13 06:39:21.008,EMA_BOUNCE,EMA8,1,24,BREAK_EVEN,True,BAR_CLOSE_TRAIL,3.0000
16037,2026-08-13 06:39:21.008,EMA_BOUNCE,EMA8,1,24,NO_BREAK_EVEN,True,BAR_CLOSE_TRAIL,3.0000
16037,2026-08-13 06:39:21.008,EMA_BOUNCE,EMA8,1,48,BREAK_EVEN,True,BAR_CLOSE_TRAIL,3.0000
16037,2026-08-13 06:39:21.008,EMA_BOUNCE,EMA8,1,48,NO_BREAK_EVEN,True,BAR_CLOSE_TRAIL,3.0000
16040,2026-08-13 06:39:57.076,PIN7,PIN7,1,12,BREAK_EVEN,False,HARD_STOP,-10.0000
16040,2026-08-13 06:39:57.076,PIN7,PIN7,1,12,NO_BREAK_EVEN,False,HARD_STOP,-10.0000
16040,2026-08-13 06:39:57.076,PIN7,PIN7,1,24,BREAK_EVEN,False,HARD_STOP,-10.0000
16040,2026-08-13 06:39:57.076,PIN7,PIN7,1,24,NO_BREAK_EVEN,False,HARD_STOP,-10.0000
16040,2026-08-13 06:39:57.076,PIN7,PIN7,1,48,BREAK_EVEN,False,HARD_STOP,-10.0000
16040,2026-08-13 06:39:57.076,PIN7,PIN7,1,48,NO_BREAK_EVEN,False,HARD_STOP,-10.0000
16104,2026-08-13 07:01:09.296,PIN_STRICT,PIN,1,12,BREAK_EVEN,True,BREAK_EVEN,0.0000
16104,2026-08-13 07:01:09.296,PIN_STRICT,PIN,1,12,NO_BREAK_EVEN,True,BAR_CLOSE_TRAIL,0.0000
16104,2026-08-13 07:01:09.296,PIN_STRICT,PIN,1,24,BREAK_EVEN,True,BREAK_EVEN,0.0000
16104,2026-08-13 07:01:09.296,PIN_STRICT,PIN,1,24,NO_BREAK_EVEN,True,BAR_CLOSE_TRAIL,0.0000
16104,2026-08-13 07:01:09.296,PIN_STRICT,PIN,1,48,BREAK_EVEN,True,BREAK_EVEN,0.0000
16104,2026-08-13 07:01:09.296,PIN_STRICT,PIN,1,48,NO_BREAK_EVEN,True,BAR_CLOSE_TRAIL,0.0000
16111,2026-08-13 07:04:44.408,EMA_BOUNCE,EMA8,1,12,BREAK_EVEN,True,BAR_CLOSE_TRAIL,6.0000
16111,2026-08-13 07:04:44.408,EMA_BOUNCE,EMA8,1,12,NO_BREAK_EVEN,True,BAR_CLOSE_TRAIL,6.0000
16111,2026-08-13 07:04:44.408,EMA_BOUNCE,EMA8,1,24,BREAK_EVEN,True,BAR_CLOSE_TRAIL,6.0000
16111,2026-08-13 07:04:44.408,EMA_BOUNCE,EMA8,1,24,NO_BREAK_EVEN,True,BAR_CLOSE_TRAIL,6.0000
16111,2026-08-13 07:04:44.408,EMA_BOUNCE,EMA8,1,48,BREAK_EVEN,True,BAR_CLOSE_TRAIL,6.0000
16111,2026-08-13 07:04:44.408,EMA_BOUNCE,EMA8,1,48,NO_BREAK_EVEN,True,BAR_CLOSE_TRAIL,6.0000
16122,2026-08-13 07:08:55.156,EMA_BOUNCE,EMA24,1,12,BREAK_EVEN,True,BAR_CLOSE_TRAIL,12.0000
16122,2026-08-13 07:08:55.156,EMA_BOUNCE,EMA24,1,12,NO_BREAK_EVEN,True,BAR_CLOSE_TRAIL,12.0000
16122,2026-08-13 07:08:55.156,EMA_BOUNCE,EMA24,1,24,BREAK_EVEN,True,BAR_CLOSE_TRAIL,12.0000
16122,2026-08-13 07:08:55.156,EMA_BOUNCE,EMA24,1,24,NO_BREAK_EVEN,True,BAR_CLOSE_TRAIL,12.0000
16122,2026-08-13 07:08:55.156,EMA_BOUNCE,EMA24,1,48,BREAK_EVEN,True,BAR_CLOSE_TRAIL,12.0000
16122,2026-08-13 07:08:55.156,EMA_BOUNCE,EMA24,1,48,NO_BREAK_EVEN,True,BAR_CLOSE_TRAIL,12.0000
16127,2026-08-13 07:12:43.788,PIN7,PIN7,1,12,BREAK_EVEN,False,HARD_STOP,-10.0000
16127,2026-08-13 07:12:43.788,PIN7,PIN7,1,12,NO_BREAK_EVEN,False,HARD_STOP,-10.0000
16127,2026-08-13 07:12:43.788,PIN7,PIN7,1,24,BREAK_EVEN,False,HARD_STOP,-10.0000
16127,2026-08-13 07:12:43.788,PIN7,PIN7,1,24,NO_BREAK_EVEN,False,HARD_STOP,-10.0000
16127,2026-08-13 07:12:43.788,PIN7,PIN7,1,48,BREAK_EVEN,False,HARD_STOP,-10.0000
16127,2026-08-13 07:12:43.788,PIN7,PIN7,1,48,NO_BREAK_EVEN,False,HARD_STOP,-10.0000
16132,2026-08-13 07:15:52.120,EMA_BOUNCE,EMA8,1,12,BREAK_EVEN,False,HARD_STOP,-10.0000
16132,2026-08-13 07:15:52.120,EMA_BOUNCE,EMA8,1,12,NO_BREAK_EVEN,False,HARD_STOP,-10.0000
16132,2026-08-13 07:15:52.120,EMA_BOUNCE,EMA8,1,24,BREAK_EVEN,False,HARD_STOP,-10.0000
16132,2026-08-13 07:15:52.120,EMA_BOUNCE,EMA8,1,24,NO_BREAK_EVEN,False,HARD_STOP,-10.0000
16132,2026-08-13 07:15:52.120,EMA_BOUNCE,EMA8,1,48,BREAK_EVEN,False,HARD_STOP,-10.0000
16132,2026-08-13 07:15:52.120,EMA_BOUNCE,EMA8,1,48,NO_BREAK_EVEN,False,HARD_STOP,-10.0000
16156,2026-08-13 07:25:26.124,EMA_BOUNCE,EMA8,1,12,BREAK_EVEN,True,BREAK_EVEN,0.0000
16156,2026-08-13 07:25:26.124,EMA_BOUNCE,EMA8,1,12,NO_BREAK_EVEN,True,BAR_CLOSE_TRAIL,-2.0000
16156,2026-08-13 07:25:26.124,EMA_BOUNCE,EMA8,1,24,BREAK_EVEN,True,BREAK_EVEN,0.0000
16156,2026-08-13 07:25:26.124,EMA_BOUNCE,EMA8,1,24,NO_BREAK_EVEN,True,BAR_CLOSE_TRAIL,-2.0000
16156,2026-08-13 07:25:26.124,EMA_BOUNCE,EMA8,1,48,BREAK_EVEN,True,BREAK_EVEN,0.0000
16156,2026-08-13 07:25:26.124,EMA_BOUNCE,EMA8,1,48,NO_BREAK_EVEN,True,BAR_CLOSE_TRAIL,-2.0000
16159,2026-08-13 07:27:01.668,EMA_BOUNCE,EMA8,1,12,BREAK_EVEN,True,BREAK_EVEN,0.0000
16159,2026-08-13 07:27:01.668,EMA_BOUNCE,EMA8,1,12,NO_BREAK_EVEN,True,BAR_CLOSE_TRAIL,-3.0000
16159,2026-08-13 07:27:01.668,EMA_BOUNCE,EMA8,1,24,BREAK_EVEN,True,BREAK_EVEN,0.0000
16159,2026-08-13 07:27:01.668,EMA_BOUNCE,EMA8,1,24,NO_BREAK_EVEN,True,BAR_CLOSE_TRAIL,-3.0000
16159,2026-08-13 07:27:01.668,EMA_BOUNCE,EMA8,1,48,BREAK_EVEN,True,BREAK_EVEN,0.0000
16159,2026-08-13 07:27:01.668,EMA_BOUNCE,EMA8,1,48,NO_BREAK_EVEN,True,BAR_CLOSE_TRAIL,-3.0000
16173,2026-08-13 07:35:26.280,EMA_BOUNCE,EMA8,1,12,BREAK_EVEN,True,BREAK_EVEN,0.0000
16173,2026-08-13 07:35:26.280,EMA_BOUNCE,EMA8,1,12,NO_BREAK_EVEN,True,BAR_CLOSE_TRAIL,-2.0000
16173,2026-08-13 07:35:26.280,EMA_BOUNCE,EMA8,1,24,BREAK_EVEN,True,BREAK_EVEN,0.0000
16173,2026-08-13 07:35:26.280,EMA_BOUNCE,EMA8,1,24,NO_BREAK_EVEN,True,BAR_CLOSE_TRAIL,-2.0000
16173,2026-08-13 07:35:26.280,EMA_BOUNCE,EMA8,1,48,BREAK_EVEN,True,BREAK_EVEN,0.0000
16173,2026-08-13 07:35:26.280,EMA_BOUNCE,EMA8,1,48,NO_BREAK_EVEN,True,BAR_CLOSE_TRAIL,-2.0000
16195,2026-08-13 07:47:27.768,EMA_BOUNCE,EMA8,-1,12,BREAK_EVEN,True,BAR_CLOSE_TRAIL,23.0000
16195,2026-08-13 07:47:27.768,EMA_BOUNCE,EMA8,-1,12,NO_BREAK_EVEN,True,BAR_CLOSE_TRAIL,23.0000
16195,2026-08-13 07:47:27.768,EMA_BOUNCE,EMA8,-1,24,BREAK_EVEN,True,BAR_CLOSE_TRAIL,23.0000
16195,2026-08-13 07:47:27.768,EMA_BOUNCE,EMA8,-1,24,NO_BREAK_EVEN,True,BAR_CLOSE_TRAIL,23.0000
16195,2026-08-13 07:47:27.768,EMA_BOUNCE,EMA8,-1,48,BREAK_EVEN,True,BAR_CLOSE_TRAIL,23.0000
16195,2026-08-13 07:47:27.768,EMA_BOUNCE,EMA8,-1,48,NO_BREAK_EVEN,True,BAR_CLOSE_TRAIL,23.0000
16200,2026-08-13 07:49:10.108,PIN_STRICT,PIN,-1,12,BREAK_EVEN,True,BAR_CLOSE_TRAIL,3.0000
16200,2026-08-13 07:49:10.108,PIN_STRICT,PIN,-1,12,NO_BREAK_EVEN,True,BAR_CLOSE_TRAIL,3.0000
16200,2026-08-13 07:49:10.108,PIN_STRICT,PIN,-1,24,BREAK_EVEN,True,BAR_CLOSE_TRAIL,3.0000
16200,2026-08-13 07:49:10.108,PIN_STRICT,PIN,-1,24,NO_BREAK_EVEN,True,BAR_CLOSE_TRAIL,3.0000
16200,2026-08-13 07:49:10.108,PIN_STRICT,PIN,-1,48,BREAK_EVEN,True,BAR_CLOSE_TRAIL,3.0000
16200,2026-08-13 07:49:10.108,PIN_STRICT,PIN,-1,48,NO_BREAK_EVEN,True,BAR_CLOSE_TRAIL,3.0000
16202,2026-08-13 07:49:21.080,PIN_STRICT,PIN,-1,12,BREAK_EVEN,False,HARD_STOP,-10.0000
16202,2026-08-13 07:49:21.080,PIN_STRICT,PIN,-1,12,NO_BREAK_EVEN,False,HARD_STOP,-10.0000
16202,2026-08-13 07:49:21.080,PIN_STRICT,PIN,-1,24,BREAK_EVEN,False,HARD_STOP,-10.0000
16202,2026-08-13 07:49:21.080,PIN_STRICT,PIN,-1,24,NO_BREAK_EVEN,False,HARD_STOP,-10.0000
16202,2026-08-13 07:49:21.080,PIN_STRICT,PIN,-1,48,BREAK_EVEN,False,HARD_STOP,-10.0000
16202,2026-08-13 07:49:21.080,PIN_STRICT,PIN,-1,48,NO_BREAK_EVEN,False,HARD_STOP,-10.0000
16206,2026-08-13 07:50:03.240,EMA_BOUNCE,EMA8,-1,12,BREAK_EVEN,False,HARD_STOP,-10.0000
16206,2026-08-13 07:50:03.240,EMA_BOUNCE,EMA8,-1,12,NO_BREAK_EVEN,False,HARD_STOP,-10.0000
16206,2026-08-13 07:50:03.240,EMA_BOUNCE,EMA8,-1,24,BREAK_EVEN,False,HARD_STOP,-10.0000
16206,2026-08-13 07:50:03.240,EMA_BOUNCE,EMA8,-1,24,NO_BREAK_EVEN,False,HARD_STOP,-10.0000
16206,2026-08-13 07:50:03.240,EMA_BOUNCE,EMA8,-1,48,BREAK_EVEN,False,HARD_STOP,-10.0000
16206,2026-08-13 07:50:03.240,EMA_BOUNCE,EMA8,-1,48,NO_BREAK_EVEN,False,HARD_STOP,-10.0000
16233,2026-08-13 07:58:27.352,EMA_BOUNCE,EMA50,-1,12,BREAK_EVEN,False,HARD_STOP,-10.0000
16233,2026-08-13 07:58:27.352,EMA_BOUNCE,EMA50,-1,12,NO_BREAK_EVEN,False,HARD_STOP,-10.0000
16233,2026-08-13 07:58:27.352,EMA_BOUNCE,EMA50,-1,24,BREAK_EVEN,False,HARD_STOP,-10.0000
16233,2026-08-13 07:58:27.352,EMA_BOUNCE,EMA50,-1,24,NO_BREAK_EVEN,False,HARD_STOP,-10.0000
16233,2026-08-13 07:58:27.352,EMA_BOUNCE,EMA50,-1,48,BREAK_EVEN,False,HARD_STOP,-10.0000
16233,2026-08-13 07:58:27.352,EMA_BOUNCE,EMA50,-1,48,NO_BREAK_EVEN,False,HARD_STOP,-10.0000
16549,2026-08-13 11:35:43.984,PIN7,PIN7,1,12,BREAK_EVEN,True,TIME,21.0000
16549,2026-08-13 11:35:43.984,PIN7,PIN7,1,12,NO_BREAK_EVEN,True,TIME,21.0000
16549,2026-08-13 11:35:43.984,PIN7,PIN7,1,24,BREAK_EVEN,True,BAR_CLOSE_TRAIL,37.0000
16549,2026-08-13 11:35:43.984,PIN7,PIN7,1,24,NO_BREAK_EVEN,True,BAR_CLOSE_TRAIL,37.0000
16549,2026-08-13 11:35:43.984,PIN7,PIN7,1,48,BREAK_EVEN,True,BAR_CLOSE_TRAIL,37.0000
16549,2026-08-13 11:35:43.984,PIN7,PIN7,1,48,NO_BREAK_EVEN,True,BAR_CLOSE_TRAIL,37.0000
16556,2026-08-13 11:50:33.608,PIN7,PIN7,1,12,BREAK_EVEN,True,BREAK_EVEN,0.0000
16556,2026-08-13 11:50:33.608,PIN7,PIN7,1,12,NO_BREAK_EVEN,True,TIME,20.0000
16556,2026-08-13 11:50:33.608,PIN7,PIN7,1,24,BREAK_EVEN,True,BREAK_EVEN,0.0000
16556,2026-08-13 11:50:33.608,PIN7,PIN7,1,24,NO_BREAK_EVEN,True,BAR_CLOSE_TRAIL,17.0000
16556,2026-08-13 11:50:33.608,PIN7,PIN7,1,48,BREAK_EVEN,True,BREAK_EVEN,0.0000
16556,2026-08-13 11:50:33.608,PIN7,PIN7,1,48,NO_BREAK_EVEN,True,BAR_CLOSE_TRAIL,17.0000
16561,2026-08-13 12:00:25.748,EMA_BOUNCE,EMA8,1,12,BREAK_EVEN,True,BREAK_EVEN,0.0000
16561,2026-08-13 12:00:25.748,EMA_BOUNCE,EMA8,1,12,NO_BREAK_EVEN,True,BAR_CLOSE_TRAIL,16.0000
16561,2026-08-13 12:00:25.748,EMA_BOUNCE,EMA8,1,24,BREAK_EVEN,True,BREAK_EVEN,0.0000
16561,2026-08-13 12:00:25.748,EMA_BOUNCE,EMA8,1,24,NO_BREAK_EVEN,True,BAR_CLOSE_TRAIL,16.0000
16561,2026-08-13 12:00:25.748,EMA_BOUNCE,EMA8,1,48,BREAK_EVEN,True,BREAK_EVEN,0.0000
16561,2026-08-13 12:00:25.748,EMA_BOUNCE,EMA8,1,48,NO_BREAK_EVEN,True,BAR_CLOSE_TRAIL,16.0000
16564,2026-08-13 12:05:25.360,EMA_BOUNCE,EMA8,1,12,BREAK_EVEN,True,BAR_CLOSE_TRAIL,11.0000
16564,2026-08-13 12:05:25.360,EMA_BOUNCE,EMA8,1,12,NO_BREAK_EVEN,True,BAR_CLOSE_TRAIL,11.0000
16564,2026-08-13 12:05:25.360,EMA_BOUNCE,EMA8,1,24,BREAK_EVEN,True,BAR_CLOSE_TRAIL,11.0000
16564,2026-08-13 12:05:25.360,EMA_BOUNCE,EMA8,1,24,NO_BREAK_EVEN,True,BAR_CLOSE_TRAIL,11.0000
16564,2026-08-13 12:05:25.360,EMA_BOUNCE,EMA8,1,48,BREAK_EVEN,True,BAR_CLOSE_TRAIL,11.0000
16564,2026-08-13 12:05:25.360,EMA_BOUNCE,EMA8,1,48,NO_BREAK_EVEN,True,BAR_CLOSE_TRAIL,11.0000
16567,2026-08-13 12:07:08.992,PIN7,PIN7,1,12,BREAK_EVEN,True,BREAK_EVEN,0.0000
16567,2026-08-13 12:07:08.992,PIN7,PIN7,1,12,NO_BREAK_EVEN,True,BAR_CLOSE_TRAIL,0.0000
16567,2026-08-13 12:07:08.992,PIN7,PIN7,1,24,BREAK_EVEN,True,BREAK_EVEN,0.0000
16567,2026-08-13 12:07:08.992,PIN7,PIN7,1,24,NO_BREAK_EVEN,True,BAR_CLOSE_TRAIL,0.0000
16567,2026-08-13 12:07:08.992,PIN7,PIN7,1,48,BREAK_EVEN,True,BREAK_EVEN,0.0000
16567,2026-08-13 12:07:08.992,PIN7,PIN7,1,48,NO_BREAK_EVEN,True,BAR_CLOSE_TRAIL,0.0000
16568,2026-08-13 12:08:40.384,PIN7,PIN7,1,12,BREAK_EVEN,True,BREAK_EVEN,0.0000
16568,2026-08-13 12:08:40.384,PIN7,PIN7,1,12,NO_BREAK_EVEN,True,BAR_CLOSE_TRAIL,-3.0000
16568,2026-08-13 12:08:40.384,PIN7,PIN7,1,24,BREAK_EVEN,True,BREAK_EVEN,0.0000
16568,2026-08-13 12:08:40.384,PIN7,PIN7,1,24,NO_BREAK_EVEN,True,BAR_CLOSE_TRAIL,-3.0000
16568,2026-08-13 12:08:40.384,PIN7,PIN7,1,48,BREAK_EVEN,True,BREAK_EVEN,0.0000
16568,2026-08-13 12:08:40.384,PIN7,PIN7,1,48,NO_BREAK_EVEN,True,BAR_CLOSE_TRAIL,-3.0000
16577,2026-08-13 12:17:46.332,EMA_BOUNCE,EMA24,1,12,BREAK_EVEN,True,BAR_CLOSE_TRAIL,8.0000
16577,2026-08-13 12:17:46.332,EMA_BOUNCE,EMA24,1,12,NO_BREAK_EVEN,True,BAR_CLOSE_TRAIL,8.0000
16577,2026-08-13 12:17:46.332,EMA_BOUNCE,EMA24,1,24,BREAK_EVEN,True,BAR_CLOSE_TRAIL,8.0000
16577,2026-08-13 12:17:46.332,EMA_BOUNCE,EMA24,1,24,NO_BREAK_EVEN,True,BAR_CLOSE_TRAIL,8.0000
16577,2026-08-13 12:17:46.332,EMA_BOUNCE,EMA24,1,48,BREAK_EVEN,True,BAR_CLOSE_TRAIL,8.0000
16577,2026-08-13 12:17:46.332,EMA_BOUNCE,EMA24,1,48,NO_BREAK_EVEN,True,BAR_CLOSE_TRAIL,8.0000
16581,2026-08-13 12:22:47.596,PIN7,PIN7,1,12,BREAK_EVEN,False,HARD_STOP,-10.0000
16581,2026-08-13 12:22:47.596,PIN7,PIN7,1,12,NO_BREAK_EVEN,False,HARD_STOP,-10.0000
16581,2026-08-13 12:22:47.596,PIN7,PIN7,1,24,BREAK_EVEN,False,HARD_STOP,-10.0000
16581,2026-08-13 12:22:47.596,PIN7,PIN7,1,24,NO_BREAK_EVEN,False,HARD_STOP,-10.0000
16581,2026-08-13 12:22:47.596,PIN7,PIN7,1,48,BREAK_EVEN,False,HARD_STOP,-10.0000
16581,2026-08-13 12:22:47.596,PIN7,PIN7,1,48,NO_BREAK_EVEN,False,HARD_STOP,-10.0000
16582,2026-08-13 12:25:08.080,PIN7,PIN7,1,12,BREAK_EVEN,False,HARD_STOP,-10.0000
16582,2026-08-13 12:25:08.080,PIN7,PIN7,1,12,NO_BREAK_EVEN,False,HARD_STOP,-10.0000
16582,2026-08-13 12:25:08.080,PIN7,PIN7,1,24,BREAK_EVEN,False,HARD_STOP,-10.0000
16582,2026-08-13 12:25:08.080,PIN7,PIN7,1,24,NO_BREAK_EVEN,False,HARD_STOP,-10.0000
16582,2026-08-13 12:25:08.080,PIN7,PIN7,1,48,BREAK_EVEN,False,HARD_STOP,-10.0000
16582,2026-08-13 12:25:08.080,PIN7,PIN7,1,48,NO_BREAK_EVEN,False,HARD_STOP,-10.0000
16585,2026-08-13 12:27:53.456,EMA_BOUNCE,EMA24,1,12,BREAK_EVEN,True,BREAK_EVEN,0.0000
16585,2026-08-13 12:27:53.456,EMA_BOUNCE,EMA24,1,12,NO_BREAK_EVEN,True,BAR_CLOSE_TRAIL,0.0000
16585,2026-08-13 12:27:53.456,EMA_BOUNCE,EMA24,1,24,BREAK_EVEN,True,BREAK_EVEN,0.0000
16585,2026-08-13 12:27:53.456,EMA_BOUNCE,EMA24,1,24,NO_BREAK_EVEN,True,BAR_CLOSE_TRAIL,0.0000
16585,2026-08-13 12:27:53.456,EMA_BOUNCE,EMA24,1,48,BREAK_EVEN,True,BREAK_EVEN,0.0000
16585,2026-08-13 12:27:53.456,EMA_BOUNCE,EMA24,1,48,NO_BREAK_EVEN,True,BAR_CLOSE_TRAIL,0.0000
16615,2026-08-13 12:54:40.028,EMA_BOUNCE,EMA50,-1,12,BREAK_EVEN,True,BREAK_EVEN,0.0000
16615,2026-08-13 12:54:40.028,EMA_BOUNCE,EMA50,-1,12,NO_BREAK_EVEN,True,BAR_CLOSE_TRAIL,-0.0000
16615,2026-08-13 12:54:40.028,EMA_BOUNCE,EMA50,-1,24,BREAK_EVEN,True,BREAK_EVEN,0.0000
16615,2026-08-13 12:54:40.028,EMA_BOUNCE,EMA50,-1,24,NO_BREAK_EVEN,True,BAR_CLOSE_TRAIL,-0.0000
16615,2026-08-13 12:54:40.028,EMA_BOUNCE,EMA50,-1,48,BREAK_EVEN,True,BREAK_EVEN,0.0000
16615,2026-08-13 12:54:40.028,EMA_BOUNCE,EMA50,-1,48,NO_BREAK_EVEN,True,BAR_CLOSE_TRAIL,-0.0000
16885,2026-08-14 06:31:24.252,EMA_BOUNCE,EMA8,-1,12,BREAK_EVEN,True,BREAK_EVEN,0.0000
16885,2026-08-14 06:31:24.252,EMA_BOUNCE,EMA8,-1,12,NO_BREAK_EVEN,True,BAR_CLOSE_TRAIL,-0.0000
16885,2026-08-14 06:31:24.252,EMA_BOUNCE,EMA8,-1,24,BREAK_EVEN,True,BREAK_EVEN,0.0000
16885,2026-08-14 06:31:24.252,EMA_BOUNCE,EMA8,-1,24,NO_BREAK_EVEN,True,BAR_CLOSE_TRAIL,-0.0000
16885,2026-08-14 06:31:24.252,EMA_BOUNCE,EMA8,-1,48,BREAK_EVEN,True,BREAK_EVEN,0.0000
16885,2026-08-14 06:31:24.252,EMA_BOUNCE,EMA8,-1,48,NO_BREAK_EVEN,True,BAR_CLOSE_TRAIL,-0.0000
16914,2026-08-14 06:40:04.108,EMA_BOUNCE,EMA24,-1,12,BREAK_EVEN,False,HARD_STOP,-10.0000
16914,2026-08-14 06:40:04.108,EMA_BOUNCE,EMA24,-1,12,NO_BREAK_EVEN,False,HARD_STOP,-10.0000
16914,2026-08-14 06:40:04.108,EMA_BOUNCE,EMA24,-1,24,BREAK_EVEN,False,HARD_STOP,-10.0000
16914,2026-08-14 06:40:04.108,EMA_BOUNCE,EMA24,-1,24,NO_BREAK_EVEN,False,HARD_STOP,-10.0000
16914,2026-08-14 06:40:04.108,EMA_BOUNCE,EMA24,-1,48,BREAK_EVEN,False,HARD_STOP,-10.0000
16914,2026-08-14 06:40:04.108,EMA_BOUNCE,EMA24,-1,48,NO_BREAK_EVEN,False,HARD_STOP,-10.0000
16999,2026-08-14 07:09:12.716,EMA_BOUNCE,EMA8,1,12,BREAK_EVEN,False,HARD_STOP,-10.0000
16999,2026-08-14 07:09:12.716,EMA_BOUNCE,EMA8,1,12,NO_BREAK_EVEN,False,HARD_STOP,-10.0000
16999,2026-08-14 07:09:12.716,EMA_BOUNCE,EMA8,1,24,BREAK_EVEN,False,HARD_STOP,-10.0000
16999,2026-08-14 07:09:12.716,EMA_BOUNCE,EMA8,1,24,NO_BREAK_EVEN,False,HARD_STOP,-10.0000
16999,2026-08-14 07:09:12.716,EMA_BOUNCE,EMA8,1,48,BREAK_EVEN,False,HARD_STOP,-10.0000
16999,2026-08-14 07:09:12.716,EMA_BOUNCE,EMA8,1,48,NO_BREAK_EVEN,False,HARD_STOP,-10.0000
17002,2026-08-14 07:10:06.516,EMA_BOUNCE,EMA24,1,12,BREAK_EVEN,False,HARD_STOP,-10.0000
17002,2026-08-14 07:10:06.516,EMA_BOUNCE,EMA24,1,12,NO_BREAK_EVEN,False,HARD_STOP,-10.0000
17002,2026-08-14 07:10:06.516,EMA_BOUNCE,EMA24,1,24,BREAK_EVEN,False,HARD_STOP,-10.0000
17002,2026-08-14 07:10:06.516,EMA_BOUNCE,EMA24,1,24,NO_BREAK_EVEN,False,HARD_STOP,-10.0000
17002,2026-08-14 07:10:06.516,EMA_BOUNCE,EMA24,1,48,BREAK_EVEN,False,HARD_STOP,-10.0000
17002,2026-08-14 07:10:06.516,EMA_BOUNCE,EMA24,1,48,NO_BREAK_EVEN,False,HARD_STOP,-10.0000
17041,2026-08-14 07:23:01.072,EMA_BOUNCE,EMA8,-1,12,BREAK_EVEN,True,BREAK_EVEN,0.0000
17041,2026-08-14 07:23:01.072,EMA_BOUNCE,EMA8,-1,12,NO_BREAK_EVEN,True,BAR_CLOSE_TRAIL,-0.0000
17041,2026-08-14 07:23:01.072,EMA_BOUNCE,EMA8,-1,24,BREAK_EVEN,True,BREAK_EVEN,0.0000
17041,2026-08-14 07:23:01.072,EMA_BOUNCE,EMA8,-1,24,NO_BREAK_EVEN,True,BAR_CLOSE_TRAIL,-0.0000
17041,2026-08-14 07:23:01.072,EMA_BOUNCE,EMA8,-1,48,BREAK_EVEN,True,BREAK_EVEN,0.0000
17041,2026-08-14 07:23:01.072,EMA_BOUNCE,EMA8,-1,48,NO_BREAK_EVEN,True,BAR_CLOSE_TRAIL,-0.0000
17046,2026-08-14 07:24:38.732,EMA_BOUNCE,EMA8,-1,12,BREAK_EVEN,True,BREAK_EVEN,0.0000
17046,2026-08-14 07:24:38.732,EMA_BOUNCE,EMA8,-1,12,NO_BREAK_EVEN,True,TIME,10.0000
17046,2026-08-14 07:24:38.732,EMA_BOUNCE,EMA8,-1,24,BREAK_EVEN,True,BREAK_EVEN,0.0000
17046,2026-08-14 07:24:38.732,EMA_BOUNCE,EMA8,-1,24,NO_BREAK_EVEN,True,BAR_CLOSE_TRAIL,6.0000
17046,2026-08-14 07:24:38.732,EMA_BOUNCE,EMA8,-1,48,BREAK_EVEN,True,BREAK_EVEN,0.0000
17046,2026-08-14 07:24:38.732,EMA_BOUNCE,EMA8,-1,48,NO_BREAK_EVEN,True,BAR_CLOSE_TRAIL,6.0000
17053,2026-08-14 07:26:40.256,EMA_BOUNCE,EMA8,-1,12,BREAK_EVEN,True,BREAK_EVEN,0.0000
17053,2026-08-14 07:26:40.256,EMA_BOUNCE,EMA8,-1,12,NO_BREAK_EVEN,True,BAR_CLOSE_TRAIL,-0.0000
17053,2026-08-14 07:26:40.256,EMA_BOUNCE,EMA8,-1,24,BREAK_EVEN,True,BREAK_EVEN,0.0000
17053,2026-08-14 07:26:40.256,EMA_BOUNCE,EMA8,-1,24,NO_BREAK_EVEN,True,BAR_CLOSE_TRAIL,-0.0000
17053,2026-08-14 07:26:40.256,EMA_BOUNCE,EMA8,-1,48,BREAK_EVEN,True,BREAK_EVEN,0.0000
17053,2026-08-14 07:26:40.256,EMA_BOUNCE,EMA8,-1,48,NO_BREAK_EVEN,True,BAR_CLOSE_TRAIL,-0.0000
17055,2026-08-14 07:27:23.612,EMA_BOUNCE,EMA8,-1,12,BREAK_EVEN,True,BREAK_EVEN,0.0000
17055,2026-08-14 07:27:23.612,EMA_BOUNCE,EMA8,-1,12,NO_BREAK_EVEN,True,BAR_CLOSE_TRAIL,-1.0000
17055,2026-08-14 07:27:23.612,EMA_BOUNCE,EMA8,-1,24,BREAK_EVEN,True,BREAK_EVEN,0.0000
17055,2026-08-14 07:27:23.612,EMA_BOUNCE,EMA8,-1,24,NO_BREAK_EVEN,True,BAR_CLOSE_TRAIL,-1.0000
17055,2026-08-14 07:27:23.612,EMA_BOUNCE,EMA8,-1,48,BREAK_EVEN,True,BREAK_EVEN,0.0000
17055,2026-08-14 07:27:23.612,EMA_BOUNCE,EMA8,-1,48,NO_BREAK_EVEN,True,BAR_CLOSE_TRAIL,-1.0000
17063,2026-08-14 07:30:14.040,EMA_BOUNCE,EMA24,-1,12,BREAK_EVEN,True,BAR_CLOSE_TRAIL,10.0000
17063,2026-08-14 07:30:14.040,EMA_BOUNCE,EMA24,-1,12,NO_BREAK_EVEN,True,BAR_CLOSE_TRAIL,10.0000
17063,2026-08-14 07:30:14.040,EMA_BOUNCE,EMA24,-1,24,BREAK_EVEN,True,BAR_CLOSE_TRAIL,10.0000
17063,2026-08-14 07:30:14.040,EMA_BOUNCE,EMA24,-1,24,NO_BREAK_EVEN,True,BAR_CLOSE_TRAIL,10.0000
17063,2026-08-14 07:30:14.040,EMA_BOUNCE,EMA24,-1,48,BREAK_EVEN,True,BAR_CLOSE_TRAIL,10.0000
17063,2026-08-14 07:30:14.040,EMA_BOUNCE,EMA24,-1,48,NO_BREAK_EVEN,True,BAR_CLOSE_TRAIL,10.0000
17066,2026-08-14 07:30:44.692,PIN7,PIN7,-1,12,BREAK_EVEN,True,BREAK_EVEN,0.0000
17066,2026-08-14 07:30:44.692,PIN7,PIN7,-1,12,NO_BREAK_EVEN,True,BAR_CLOSE_TRAIL,-3.0000
17066,2026-08-14 07:30:44.692,PIN7,PIN7,-1,24,BREAK_EVEN,True,BREAK_EVEN,0.0000
17066,2026-08-14 07:30:44.692,PIN7,PIN7,-1,24,NO_BREAK_EVEN,True,BAR_CLOSE_TRAIL,-3.0000
17066,2026-08-14 07:30:44.692,PIN7,PIN7,-1,48,BREAK_EVEN,True,BREAK_EVEN,0.0000
17066,2026-08-14 07:30:44.692,PIN7,PIN7,-1,48,NO_BREAK_EVEN,True,BAR_CLOSE_TRAIL,-3.0000
17067,2026-08-14 07:30:57.944,PIN7,PIN7,-1,12,BREAK_EVEN,True,BREAK_EVEN,0.0000
17067,2026-08-14 07:30:57.944,PIN7,PIN7,-1,12,NO_BREAK_EVEN,True,BAR_CLOSE_TRAIL,-0.0000
17067,2026-08-14 07:30:57.944,PIN7,PIN7,-1,24,BREAK_EVEN,True,BREAK_EVEN,0.0000
17067,2026-08-14 07:30:57.944,PIN7,PIN7,-1,24,NO_BREAK_EVEN,True,BAR_CLOSE_TRAIL,-0.0000
17067,2026-08-14 07:30:57.944,PIN7,PIN7,-1,48,BREAK_EVEN,True,BREAK_EVEN,0.0000
17067,2026-08-14 07:30:57.944,PIN7,PIN7,-1,48,NO_BREAK_EVEN,True,BAR_CLOSE_TRAIL,-0.0000
17069,2026-08-14 07:31:38.368,EMA_BOUNCE,EMA8,-1,12,BREAK_EVEN,True,BREAK_EVEN,0.0000
17069,2026-08-14 07:31:38.368,EMA_BOUNCE,EMA8,-1,12,NO_BREAK_EVEN,True,BAR_CLOSE_TRAIL,1.0000
17069,2026-08-14 07:31:38.368,EMA_BOUNCE,EMA8,-1,24,BREAK_EVEN,True,BREAK_EVEN,0.0000
17069,2026-08-14 07:31:38.368,EMA_BOUNCE,EMA8,-1,24,NO_BREAK_EVEN,True,BAR_CLOSE_TRAIL,1.0000
17069,2026-08-14 07:31:38.368,EMA_BOUNCE,EMA8,-1,48,BREAK_EVEN,True,BREAK_EVEN,0.0000
17069,2026-08-14 07:31:38.368,EMA_BOUNCE,EMA8,-1,48,NO_BREAK_EVEN,True,BAR_CLOSE_TRAIL,1.0000
17071,2026-08-14 07:32:19.432,EMA_BOUNCE,EMA8,-1,12,BREAK_EVEN,True,BAR_CLOSE_TRAIL,2.0000
17071,2026-08-14 07:32:19.432,EMA_BOUNCE,EMA8,-1,12,NO_BREAK_EVEN,True,BAR_CLOSE_TRAIL,2.0000
17071,2026-08-14 07:32:19.432,EMA_BOUNCE,EMA8,-1,24,BREAK_EVEN,True,BAR_CLOSE_TRAIL,2.0000
17071,2026-08-14 07:32:19.432,EMA_BOUNCE,EMA8,-1,24,NO_BREAK_EVEN,True,BAR_CLOSE_TRAIL,2.0000
17071,2026-08-14 07:32:19.432,EMA_BOUNCE,EMA8,-1,48,BREAK_EVEN,True,BAR_CLOSE_TRAIL,2.0000
17071,2026-08-14 07:32:19.432,EMA_BOUNCE,EMA8,-1,48,NO_BREAK_EVEN,True,BAR_CLOSE_TRAIL,2.0000
17075,2026-08-14 07:33:20.016,EMA_BOUNCE,EMA8,-1,12,BREAK_EVEN,False,HARD_STOP,-10.0000
17075,2026-08-14 07:33:20.016,EMA_BOUNCE,EMA8,-1,12,NO_BREAK_EVEN,False,HARD_STOP,-10.0000
17075,2026-08-14 07:33:20.016,EMA_BOUNCE,EMA8,-1,24,BREAK_EVEN,False,HARD_STOP,-10.0000
17075,2026-08-14 07:33:20.016,EMA_BOUNCE,EMA8,-1,24,NO_BREAK_EVEN,False,HARD_STOP,-10.0000
17075,2026-08-14 07:33:20.016,EMA_BOUNCE,EMA8,-1,48,BREAK_EVEN,False,HARD_STOP,-10.0000
17075,2026-08-14 07:33:20.016,EMA_BOUNCE,EMA8,-1,48,NO_BREAK_EVEN,False,HARD_STOP,-10.0000
17078,2026-08-14 07:34:58.808,EMA_BOUNCE,EMA8,-1,12,BREAK_EVEN,False,HARD_STOP,-10.0000
17078,2026-08-14 07:34:58.808,EMA_BOUNCE,EMA8,-1,12,NO_BREAK_EVEN,False,HARD_STOP,-10.0000
17078,2026-08-14 07:34:58.808,EMA_BOUNCE,EMA8,-1,24,BREAK_EVEN,False,HARD_STOP,-10.0000
17078,2026-08-14 07:34:58.808,EMA_BOUNCE,EMA8,-1,24,NO_BREAK_EVEN,False,HARD_STOP,-10.0000
17078,2026-08-14 07:34:58.808,EMA_BOUNCE,EMA8,-1,48,BREAK_EVEN,False,HARD_STOP,-10.0000
17078,2026-08-14 07:34:58.808,EMA_BOUNCE,EMA8,-1,48,NO_BREAK_EVEN,False,HARD_STOP,-10.0000
17326,2026-08-14 11:10:46.004,PIN7,PIN7,1,12,BREAK_EVEN,True,BREAK_EVEN,0.0000
17326,2026-08-14 11:10:46.004,PIN7,PIN7,1,12,NO_BREAK_EVEN,True,BAR_CLOSE_TRAIL,-2.0000
17326,2026-08-14 11:10:46.004,PIN7,PIN7,1,24,BREAK_EVEN,True,BREAK_EVEN,0.0000
17326,2026-08-14 11:10:46.004,PIN7,PIN7,1,24,NO_BREAK_EVEN,True,BAR_CLOSE_TRAIL,-2.0000
17326,2026-08-14 11:10:46.004,PIN7,PIN7,1,48,BREAK_EVEN,True,BREAK_EVEN,0.0000
17326,2026-08-14 11:10:46.004,PIN7,PIN7,1,48,NO_BREAK_EVEN,True,BAR_CLOSE_TRAIL,-2.0000
17344,2026-08-14 11:43:01.040,PIN7,PIN7,1,12,BREAK_EVEN,True,BREAK_EVEN,0.0000
17344,2026-08-14 11:43:01.040,PIN7,PIN7,1,12,NO_BREAK_EVEN,True,BAR_CLOSE_TRAIL,-1.0000
17344,2026-08-14 11:43:01.040,PIN7,PIN7,1,24,BREAK_EVEN,True,BREAK_EVEN,0.0000
17344,2026-08-14 11:43:01.040,PIN7,PIN7,1,24,NO_BREAK_EVEN,True,BAR_CLOSE_TRAIL,-1.0000
17344,2026-08-14 11:43:01.040,PIN7,PIN7,1,48,BREAK_EVEN,True,BREAK_EVEN,0.0000
17344,2026-08-14 11:43:01.040,PIN7,PIN7,1,48,NO_BREAK_EVEN,True,BAR_CLOSE_TRAIL,-1.0000
17728,2026-08-17 06:32:50.512,PIN7,PIN7,-1,12,BREAK_EVEN,True,BREAK_EVEN,0.0000
17728,2026-08-17 06:32:50.512,PIN7,PIN7,-1,12,NO_BREAK_EVEN,True,BAR_CLOSE_TRAIL,-0.0000
17728,2026-08-17 06:32:50.512,PIN7,PIN7,-1,24,BREAK_EVEN,True,BREAK_EVEN,0.0000
17728,2026-08-17 06:32:50.512,PIN7,PIN7,-1,24,NO_BREAK_EVEN,True,BAR_CLOSE_TRAIL,-0.0000
17728,2026-08-17 06:32:50.512,PIN7,PIN7,-1,48,BREAK_EVEN,True,BREAK_EVEN,0.0000
17728,2026-08-17 06:32:50.512,PIN7,PIN7,-1,48,NO_BREAK_EVEN,True,BAR_CLOSE_TRAIL,-0.0000
17729,2026-08-17 06:33:01.284,PIN7,PIN7,-1,12,BREAK_EVEN,False,HARD_STOP,-10.0000
17729,2026-08-17 06:33:01.284,PIN7,PIN7,-1,12,NO_BREAK_EVEN,False,HARD_STOP,-10.0000
17729,2026-08-17 06:33:01.284,PIN7,PIN7,-1,24,BREAK_EVEN,False,HARD_STOP,-10.0000
17729,2026-08-17 06:33:01.284,PIN7,PIN7,-1,24,NO_BREAK_EVEN,False,HARD_STOP,-10.0000
17729,2026-08-17 06:33:01.284,PIN7,PIN7,-1,48,BREAK_EVEN,False,HARD_STOP,-10.0000
17729,2026-08-17 06:33:01.284,PIN7,PIN7,-1,48,NO_BREAK_EVEN,False,HARD_STOP,-10.0000
17735,2026-08-17 06:34:11.060,PIN7,PIN7,-1,12,BREAK_EVEN,True,BREAK_EVEN,0.0000
17735,2026-08-17 06:34:11.060,PIN7,PIN7,-1,12,NO_BREAK_EVEN,True,BAR_CLOSE_TRAIL,6.0000
17735,2026-08-17 06:34:11.060,PIN7,PIN7,-1,24,BREAK_EVEN,True,BREAK_EVEN,0.0000
17735,2026-08-17 06:34:11.060,PIN7,PIN7,-1,24,NO_BREAK_EVEN,True,BAR_CLOSE_TRAIL,6.0000
17735,2026-08-17 06:34:11.060,PIN7,PIN7,-1,48,BREAK_EVEN,True,BREAK_EVEN,0.0000
17735,2026-08-17 06:34:11.060,PIN7,PIN7,-1,48,NO_BREAK_EVEN,True,BAR_CLOSE_TRAIL,6.0000
17748,2026-08-17 06:36:21.240,EMA_BOUNCE,EMA24,-1,12,BREAK_EVEN,True,BAR_CLOSE_TRAIL,3.0000
17748,2026-08-17 06:36:21.240,EMA_BOUNCE,EMA24,-1,12,NO_BREAK_EVEN,True,BAR_CLOSE_TRAIL,3.0000
17748,2026-08-17 06:36:21.240,EMA_BOUNCE,EMA24,-1,24,BREAK_EVEN,True,BAR_CLOSE_TRAIL,3.0000
17748,2026-08-17 06:36:21.240,EMA_BOUNCE,EMA24,-1,24,NO_BREAK_EVEN,True,BAR_CLOSE_TRAIL,3.0000
17748,2026-08-17 06:36:21.240,EMA_BOUNCE,EMA24,-1,48,BREAK_EVEN,True,BAR_CLOSE_TRAIL,3.0000
17748,2026-08-17 06:36:21.240,EMA_BOUNCE,EMA24,-1,48,NO_BREAK_EVEN,True,BAR_CLOSE_TRAIL,3.0000
17750,2026-08-17 06:37:30.608,EMA_BOUNCE,EMA24,-1,12,BREAK_EVEN,True,BREAK_EVEN,0.0000
17750,2026-08-17 06:37:30.608,EMA_BOUNCE,EMA24,-1,12,NO_BREAK_EVEN,True,BAR_CLOSE_TRAIL,2.0000
17750,2026-08-17 06:37:30.608,EMA_BOUNCE,EMA24,-1,24,BREAK_EVEN,True,BREAK_EVEN,0.0000
17750,2026-08-17 06:37:30.608,EMA_BOUNCE,EMA24,-1,24,NO_BREAK_EVEN,True,BAR_CLOSE_TRAIL,2.0000
17750,2026-08-17 06:37:30.608,EMA_BOUNCE,EMA24,-1,48,BREAK_EVEN,True,BREAK_EVEN,0.0000
17750,2026-08-17 06:37:30.608,EMA_BOUNCE,EMA24,-1,48,NO_BREAK_EVEN,True,BAR_CLOSE_TRAIL,2.0000
17823,2026-08-17 07:00:14.276,EMA_BOUNCE,EMA8,-1,12,BREAK_EVEN,True,BAR_CLOSE_TRAIL,6.0000
17823,2026-08-17 07:00:14.276,EMA_BOUNCE,EMA8,-1,12,NO_BREAK_EVEN,True,BAR_CLOSE_TRAIL,6.0000
17823,2026-08-17 07:00:14.276,EMA_BOUNCE,EMA8,-1,24,BREAK_EVEN,True,BAR_CLOSE_TRAIL,6.0000
17823,2026-08-17 07:00:14.276,EMA_BOUNCE,EMA8,-1,24,NO_BREAK_EVEN,True,BAR_CLOSE_TRAIL,6.0000
17823,2026-08-17 07:00:14.276,EMA_BOUNCE,EMA8,-1,48,BREAK_EVEN,True,BAR_CLOSE_TRAIL,6.0000
17823,2026-08-17 07:00:14.276,EMA_BOUNCE,EMA8,-1,48,NO_BREAK_EVEN,True,BAR_CLOSE_TRAIL,6.0000
17840,2026-08-17 07:03:12.332,PIN7,PIN7,-1,12,BREAK_EVEN,False,HARD_STOP,-10.0000
17840,2026-08-17 07:03:12.332,PIN7,PIN7,-1,12,NO_BREAK_EVEN,False,HARD_STOP,-10.0000
17840,2026-08-17 07:03:12.332,PIN7,PIN7,-1,24,BREAK_EVEN,False,HARD_STOP,-10.0000
17840,2026-08-17 07:03:12.332,PIN7,PIN7,-1,24,NO_BREAK_EVEN,False,HARD_STOP,-10.0000
17840,2026-08-17 07:03:12.332,PIN7,PIN7,-1,48,BREAK_EVEN,False,HARD_STOP,-10.0000
17840,2026-08-17 07:03:12.332,PIN7,PIN7,-1,48,NO_BREAK_EVEN,False,HARD_STOP,-10.0000
17844,2026-08-17 07:04:25.032,EMA_BOUNCE,EMA50,-1,12,BREAK_EVEN,True,BREAK_EVEN,0.0000
17844,2026-08-17 07:04:25.032,EMA_BOUNCE,EMA50,-1,12,NO_BREAK_EVEN,True,BAR_CLOSE_TRAIL,-0.0000
17844,2026-08-17 07:04:25.032,EMA_BOUNCE,EMA50,-1,24,BREAK_EVEN,True,BREAK_EVEN,0.0000
17844,2026-08-17 07:04:25.032,EMA_BOUNCE,EMA50,-1,24,NO_BREAK_EVEN,True,BAR_CLOSE_TRAIL,-0.0000
17844,2026-08-17 07:04:25.032,EMA_BOUNCE,EMA50,-1,48,BREAK_EVEN,True,BREAK_EVEN,0.0000
17844,2026-08-17 07:04:25.032,EMA_BOUNCE,EMA50,-1,48,NO_BREAK_EVEN,True,BAR_CLOSE_TRAIL,-0.0000
17881,2026-08-17 07:22:17.260,PIN7,PIN7,-1,12,BREAK_EVEN,False,TIME,2.0000
17881,2026-08-17 07:22:17.260,PIN7,PIN7,-1,12,NO_BREAK_EVEN,False,TIME,2.0000
17881,2026-08-17 07:22:17.260,PIN7,PIN7,-1,24,BREAK_EVEN,False,HARD_STOP,-10.0000
17881,2026-08-17 07:22:17.260,PIN7,PIN7,-1,24,NO_BREAK_EVEN,False,HARD_STOP,-10.0000
17881,2026-08-17 07:22:17.260,PIN7,PIN7,-1,48,BREAK_EVEN,False,HARD_STOP,-10.0000
17881,2026-08-17 07:22:17.260,PIN7,PIN7,-1,48,NO_BREAK_EVEN,False,HARD_STOP,-10.0000
17908,2026-08-17 07:37:05.388,PIN7,PIN7,-1,12,BREAK_EVEN,True,BAR_CLOSE_TRAIL,2.0000
17908,2026-08-17 07:37:05.388,PIN7,PIN7,-1,12,NO_BREAK_EVEN,True,BAR_CLOSE_TRAIL,2.0000
17908,2026-08-17 07:37:05.388,PIN7,PIN7,-1,24,BREAK_EVEN,True,BAR_CLOSE_TRAIL,2.0000
17908,2026-08-17 07:37:05.388,PIN7,PIN7,-1,24,NO_BREAK_EVEN,True,BAR_CLOSE_TRAIL,2.0000
17908,2026-08-17 07:37:05.388,PIN7,PIN7,-1,48,BREAK_EVEN,True,BAR_CLOSE_TRAIL,2.0000
17908,2026-08-17 07:37:05.388,PIN7,PIN7,-1,48,NO_BREAK_EVEN,True,BAR_CLOSE_TRAIL,2.0000
17910,2026-08-17 07:38:39.176,PIN7,PIN7,-1,12,BREAK_EVEN,False,HARD_STOP,-10.0000
17910,2026-08-17 07:38:39.176,PIN7,PIN7,-1,12,NO_BREAK_EVEN,False,HARD_STOP,-10.0000
17910,2026-08-17 07:38:39.176,PIN7,PIN7,-1,24,BREAK_EVEN,False,HARD_STOP,-10.0000
17910,2026-08-17 07:38:39.176,PIN7,PIN7,-1,24,NO_BREAK_EVEN,False,HARD_STOP,-10.0000
17910,2026-08-17 07:38:39.176,PIN7,PIN7,-1,48,BREAK_EVEN,False,HARD_STOP,-10.0000
17910,2026-08-17 07:38:39.176,PIN7,PIN7,-1,48,NO_BREAK_EVEN,False,HARD_STOP,-10.0000
18122,2026-08-17 11:09:00.236,EMA_BOUNCE,EMA50,-1,12,BREAK_EVEN,True,BREAK_EVEN,0.0000
18122,2026-08-17 11:09:00.236,EMA_BOUNCE,EMA50,-1,12,NO_BREAK_EVEN,True,BAR_CLOSE_TRAIL,-0.0000
18122,2026-08-17 11:09:00.236,EMA_BOUNCE,EMA50,-1,24,BREAK_EVEN,True,BREAK_EVEN,0.0000
18122,2026-08-17 11:09:00.236,EMA_BOUNCE,EMA50,-1,24,NO_BREAK_EVEN,True,BAR_CLOSE_TRAIL,-0.0000
18122,2026-08-17 11:09:00.236,EMA_BOUNCE,EMA50,-1,48,BREAK_EVEN,True,BREAK_EVEN,0.0000
18122,2026-08-17 11:09:00.236,EMA_BOUNCE,EMA50,-1,48,NO_BREAK_EVEN,True,BAR_CLOSE_TRAIL,-0.0000
18174,2026-08-17 12:20:05.068,EMA_BOUNCE,EMA50,-1,12,BREAK_EVEN,True,BREAK_EVEN,0.0000
18174,2026-08-17 12:20:05.068,EMA_BOUNCE,EMA50,-1,12,NO_BREAK_EVEN,True,BAR_CLOSE_TRAIL,-0.0000
18174,2026-08-17 12:20:05.068,EMA_BOUNCE,EMA50,-1,24,BREAK_EVEN,True,BREAK_EVEN,0.0000
18174,2026-08-17 12:20:05.068,EMA_BOUNCE,EMA50,-1,24,NO_BREAK_EVEN,True,BAR_CLOSE_TRAIL,-0.0000
18174,2026-08-17 12:20:05.068,EMA_BOUNCE,EMA50,-1,48,BREAK_EVEN,True,BREAK_EVEN,0.0000
18174,2026-08-17 12:20:05.068,EMA_BOUNCE,EMA50,-1,48,NO_BREAK_EVEN,True,BAR_CLOSE_TRAIL,-0.0000
18181,2026-08-17 12:32:01.096,PIN7,PIN7,-1,12,BREAK_EVEN,True,BREAK_EVEN,0.0000
18181,2026-08-17 12:32:01.096,PIN7,PIN7,-1,12,NO_BREAK_EVEN,True,BAR_CLOSE_TRAIL,-0.0000
18181,2026-08-17 12:32:01.096,PIN7,PIN7,-1,24,BREAK_EVEN,True,BREAK_EVEN,0.0000
18181,2026-08-17 12:32:01.096,PIN7,PIN7,-1,24,NO_BREAK_EVEN,True,BAR_CLOSE_TRAIL,-0.0000
18181,2026-08-17 12:32:01.096,PIN7,PIN7,-1,48,BREAK_EVEN,True,BREAK_EVEN,0.0000
18181,2026-08-17 12:32:01.096,PIN7,PIN7,-1,48,NO_BREAK_EVEN,True,BAR_CLOSE_TRAIL,-0.0000
18182,2026-08-17 12:32:50.860,PIN7,PIN7,-1,12,BREAK_EVEN,True,BREAK_EVEN,0.0000
18182,2026-08-17 12:32:50.860,PIN7,PIN7,-1,12,NO_BREAK_EVEN,True,BAR_CLOSE_TRAIL,-0.0000
18182,2026-08-17 12:32:50.860,PIN7,PIN7,-1,24,BREAK_EVEN,True,BREAK_EVEN,0.0000
18182,2026-08-17 12:32:50.860,PIN7,PIN7,-1,24,NO_BREAK_EVEN,True,BAR_CLOSE_TRAIL,-0.0000
18182,2026-08-17 12:32:50.860,PIN7,PIN7,-1,48,BREAK_EVEN,True,BREAK_EVEN,0.0000
18182,2026-08-17 12:32:50.860,PIN7,PIN7,-1,48,NO_BREAK_EVEN,True,BAR_CLOSE_TRAIL,-0.0000
18190,2026-08-17 12:40:13.856,EMA_BOUNCE,EMA24,-1,12,BREAK_EVEN,True,BREAK_EVEN,0.0000
18190,2026-08-17 12:40:13.856,EMA_BOUNCE,EMA24,-1,12,NO_BREAK_EVEN,True,BAR_CLOSE_TRAIL,-1.0000
18190,2026-08-17 12:40:13.856,EMA_BOUNCE,EMA24,-1,24,BREAK_EVEN,True,BREAK_EVEN,0.0000
18190,2026-08-17 12:40:13.856,EMA_BOUNCE,EMA24,-1,24,NO_BREAK_EVEN,True,BAR_CLOSE_TRAIL,-1.0000
18190,2026-08-17 12:40:13.856,EMA_BOUNCE,EMA24,-1,48,BREAK_EVEN,True,BREAK_EVEN,0.0000
18190,2026-08-17 12:40:13.856,EMA_BOUNCE,EMA24,-1,48,NO_BREAK_EVEN,True,BAR_CLOSE_TRAIL,-1.0000
18202,2026-08-17 12:52:51.016,PIN7,PIN7,-1,12,BREAK_EVEN,True,BREAK_EVEN,0.0000
18202,2026-08-17 12:52:51.016,PIN7,PIN7,-1,12,NO_BREAK_EVEN,True,BAR_CLOSE_TRAIL,-1.0000
18202,2026-08-17 12:52:51.016,PIN7,PIN7,-1,24,BREAK_EVEN,True,BREAK_EVEN,0.0000
18202,2026-08-17 12:52:51.016,PIN7,PIN7,-1,24,NO_BREAK_EVEN,True,BAR_CLOSE_TRAIL,-1.0000
18202,2026-08-17 12:52:51.016,PIN7,PIN7,-1,48,BREAK_EVEN,True,BREAK_EVEN,0.0000
18202,2026-08-17 12:52:51.016,PIN7,PIN7,-1,48,NO_BREAK_EVEN,True,BAR_CLOSE_TRAIL,-1.0000
18220,2026-08-17 12:59:40.664,EMA_BOUNCE,EMA50,-1,12,BREAK_EVEN,True,BAR_CLOSE_TRAIL,2.0000
18220,2026-08-17 12:59:40.664,EMA_BOUNCE,EMA50,-1,12,NO_BREAK_EVEN,True,BAR_CLOSE_TRAIL,2.0000
18220,2026-08-17 12:59:40.664,EMA_BOUNCE,EMA50,-1,24,BREAK_EVEN,True,BAR_CLOSE_TRAIL,2.0000
18220,2026-08-17 12:59:40.664,EMA_BOUNCE,EMA50,-1,24,NO_BREAK_EVEN,True,BAR_CLOSE_TRAIL,2.0000
18220,2026-08-17 12:59:40.664,EMA_BOUNCE,EMA50,-1,48,BREAK_EVEN,True,BAR_CLOSE_TRAIL,2.0000
18220,2026-08-17 12:59:40.664,EMA_BOUNCE,EMA50,-1,48,NO_BREAK_EVEN,True,BAR_CLOSE_TRAIL,2.0000
18978,2026-08-18 06:31:32.724,EMA_BOUNCE,EMA8,1,12,BREAK_EVEN,True,BAR_CLOSE_TRAIL,5.0000
18978,2026-08-18 06:31:32.724,EMA_BOUNCE,EMA8,1,12,NO_BREAK_EVEN,True,BAR_CLOSE_TRAIL,5.0000
18978,2026-08-18 06:31:32.724,EMA_BOUNCE,EMA8,1,24,BREAK_EVEN,True,BAR_CLOSE_TRAIL,5.0000
18978,2026-08-18 06:31:32.724,EMA_BOUNCE,EMA8,1,24,NO_BREAK_EVEN,True,BAR_CLOSE_TRAIL,5.0000
18978,2026-08-18 06:31:32.724,EMA_BOUNCE,EMA8,1,48,BREAK_EVEN,True,BAR_CLOSE_TRAIL,5.0000
18978,2026-08-18 06:31:32.724,EMA_BOUNCE,EMA8,1,48,NO_BREAK_EVEN,True,BAR_CLOSE_TRAIL,5.0000
19003,2026-08-18 06:33:04.772,PIN7,PIN7,-1,12,BREAK_EVEN,True,BAR_CLOSE_TRAIL,4.0000
19003,2026-08-18 06:33:04.772,PIN7,PIN7,-1,12,NO_BREAK_EVEN,True,BAR_CLOSE_TRAIL,4.0000
19003,2026-08-18 06:33:04.772,PIN7,PIN7,-1,24,BREAK_EVEN,True,BAR_CLOSE_TRAIL,4.0000
19003,2026-08-18 06:33:04.772,PIN7,PIN7,-1,24,NO_BREAK_EVEN,True,BAR_CLOSE_TRAIL,4.0000
19003,2026-08-18 06:33:04.772,PIN7,PIN7,-1,48,BREAK_EVEN,True,BAR_CLOSE_TRAIL,4.0000
19003,2026-08-18 06:33:04.772,PIN7,PIN7,-1,48,NO_BREAK_EVEN,True,BAR_CLOSE_TRAIL,4.0000
19011,2026-08-18 06:33:28.284,PIN7,PIN7,-1,12,BREAK_EVEN,False,HARD_STOP,-10.0000
19011,2026-08-18 06:33:28.284,PIN7,PIN7,-1,12,NO_BREAK_EVEN,False,HARD_STOP,-10.0000
19011,2026-08-18 06:33:28.284,PIN7,PIN7,-1,24,BREAK_EVEN,False,HARD_STOP,-10.0000
19011,2026-08-18 06:33:28.284,PIN7,PIN7,-1,24,NO_BREAK_EVEN,False,HARD_STOP,-10.0000
19011,2026-08-18 06:33:28.284,PIN7,PIN7,-1,48,BREAK_EVEN,False,HARD_STOP,-10.0000
19011,2026-08-18 06:33:28.284,PIN7,PIN7,-1,48,NO_BREAK_EVEN,False,HARD_STOP,-10.0000
19013,2026-08-18 06:33:37.880,EMA_BOUNCE,EMA8,-1,12,BREAK_EVEN,True,BREAK_EVEN,0.0000
19013,2026-08-18 06:33:37.880,EMA_BOUNCE,EMA8,-1,12,NO_BREAK_EVEN,True,BAR_CLOSE_TRAIL,-1.0000
19013,2026-08-18 06:33:37.880,EMA_BOUNCE,EMA8,-1,24,BREAK_EVEN,True,BREAK_EVEN,0.0000
19013,2026-08-18 06:33:37.880,EMA_BOUNCE,EMA8,-1,24,NO_BREAK_EVEN,True,BAR_CLOSE_TRAIL,-1.0000
19013,2026-08-18 06:33:37.880,EMA_BOUNCE,EMA8,-1,48,BREAK_EVEN,True,BREAK_EVEN,0.0000
19013,2026-08-18 06:33:37.880,EMA_BOUNCE,EMA8,-1,48,NO_BREAK_EVEN,True,BAR_CLOSE_TRAIL,-1.0000
19017,2026-08-18 06:33:58.012,EMA_BOUNCE,EMA8,-1,12,BREAK_EVEN,True,BREAK_EVEN,0.0000
19017,2026-08-18 06:33:58.012,EMA_BOUNCE,EMA8,-1,12,NO_BREAK_EVEN,True,BAR_CLOSE_TRAIL,-0.0000
19017,2026-08-18 06:33:58.012,EMA_BOUNCE,EMA8,-1,24,BREAK_EVEN,True,BREAK_EVEN,0.0000
19017,2026-08-18 06:33:58.012,EMA_BOUNCE,EMA8,-1,24,NO_BREAK_EVEN,True,BAR_CLOSE_TRAIL,-0.0000
19017,2026-08-18 06:33:58.012,EMA_BOUNCE,EMA8,-1,48,BREAK_EVEN,True,BREAK_EVEN,0.0000
19017,2026-08-18 06:33:58.012,EMA_BOUNCE,EMA8,-1,48,NO_BREAK_EVEN,True,BAR_CLOSE_TRAIL,-0.0000
19023,2026-08-18 06:34:25.540,EMA_BOUNCE,EMA24,-1,12,BREAK_EVEN,False,HARD_STOP,-10.0000
19023,2026-08-18 06:34:25.540,EMA_BOUNCE,EMA24,-1,12,NO_BREAK_EVEN,False,HARD_STOP,-10.0000
19023,2026-08-18 06:34:25.540,EMA_BOUNCE,EMA24,-1,24,BREAK_EVEN,False,HARD_STOP,-10.0000
19023,2026-08-18 06:34:25.540,EMA_BOUNCE,EMA24,-1,24,NO_BREAK_EVEN,False,HARD_STOP,-10.0000
19023,2026-08-18 06:34:25.540,EMA_BOUNCE,EMA24,-1,48,BREAK_EVEN,False,HARD_STOP,-10.0000
19023,2026-08-18 06:34:25.540,EMA_BOUNCE,EMA24,-1,48,NO_BREAK_EVEN,False,HARD_STOP,-10.0000
19027,2026-08-18 06:34:45.356,EMA_BOUNCE,EMA50,-1,12,BREAK_EVEN,False,HARD_STOP,-10.0000
19027,2026-08-18 06:34:45.356,EMA_BOUNCE,EMA50,-1,12,NO_BREAK_EVEN,False,HARD_STOP,-10.0000
19027,2026-08-18 06:34:45.356,EMA_BOUNCE,EMA50,-1,24,BREAK_EVEN,False,HARD_STOP,-10.0000
19027,2026-08-18 06:34:45.356,EMA_BOUNCE,EMA50,-1,24,NO_BREAK_EVEN,False,HARD_STOP,-10.0000
19027,2026-08-18 06:34:45.356,EMA_BOUNCE,EMA50,-1,48,BREAK_EVEN,False,HARD_STOP,-10.0000
19027,2026-08-18 06:34:45.356,EMA_BOUNCE,EMA50,-1,48,NO_BREAK_EVEN,False,HARD_STOP,-10.0000
19048,2026-08-18 06:36:07.436,EMA_BOUNCE,EMA50,1,12,BREAK_EVEN,True,BAR_CLOSE_TRAIL,5.0000
19048,2026-08-18 06:36:07.436,EMA_BOUNCE,EMA50,1,12,NO_BREAK_EVEN,True,BAR_CLOSE_TRAIL,5.0000
19048,2026-08-18 06:36:07.436,EMA_BOUNCE,EMA50,1,24,BREAK_EVEN,True,BAR_CLOSE_TRAIL,5.0000
19048,2026-08-18 06:36:07.436,EMA_BOUNCE,EMA50,1,24,NO_BREAK_EVEN,True,BAR_CLOSE_TRAIL,5.0000
19048,2026-08-18 06:36:07.436,EMA_BOUNCE,EMA50,1,48,BREAK_EVEN,True,BAR_CLOSE_TRAIL,5.0000
19048,2026-08-18 06:36:07.436,EMA_BOUNCE,EMA50,1,48,NO_BREAK_EVEN,True,BAR_CLOSE_TRAIL,5.0000
19050,2026-08-18 06:36:10.676,EMA_BOUNCE,EMA50,1,12,BREAK_EVEN,True,BAR_CLOSE_TRAIL,4.0000
19050,2026-08-18 06:36:10.676,EMA_BOUNCE,EMA50,1,12,NO_BREAK_EVEN,True,BAR_CLOSE_TRAIL,4.0000
19050,2026-08-18 06:36:10.676,EMA_BOUNCE,EMA50,1,24,BREAK_EVEN,True,BAR_CLOSE_TRAIL,4.0000
19050,2026-08-18 06:36:10.676,EMA_BOUNCE,EMA50,1,24,NO_BREAK_EVEN,True,BAR_CLOSE_TRAIL,4.0000
19050,2026-08-18 06:36:10.676,EMA_BOUNCE,EMA50,1,48,BREAK_EVEN,True,BAR_CLOSE_TRAIL,4.0000
19050,2026-08-18 06:36:10.676,EMA_BOUNCE,EMA50,1,48,NO_BREAK_EVEN,True,BAR_CLOSE_TRAIL,4.0000
19088,2026-08-18 06:39:35.528,EMA_BOUNCE,EMA24,1,12,BREAK_EVEN,True,BAR_CLOSE_TRAIL,7.0000
19088,2026-08-18 06:39:35.528,EMA_BOUNCE,EMA24,1,12,NO_BREAK_EVEN,True,BAR_CLOSE_TRAIL,7.0000
19088,2026-08-18 06:39:35.528,EMA_BOUNCE,EMA24,1,24,BREAK_EVEN,True,BAR_CLOSE_TRAIL,7.0000
19088,2026-08-18 06:39:35.528,EMA_BOUNCE,EMA24,1,24,NO_BREAK_EVEN,True,BAR_CLOSE_TRAIL,7.0000
19088,2026-08-18 06:39:35.528,EMA_BOUNCE,EMA24,1,48,BREAK_EVEN,True,BAR_CLOSE_TRAIL,7.0000
19088,2026-08-18 06:39:35.528,EMA_BOUNCE,EMA24,1,48,NO_BREAK_EVEN,True,BAR_CLOSE_TRAIL,7.0000
19100,2026-08-18 06:40:57.548,EMA_BOUNCE,EMA8,1,12,BREAK_EVEN,True,BREAK_EVEN,0.0000
19100,2026-08-18 06:40:57.548,EMA_BOUNCE,EMA8,1,12,NO_BREAK_EVEN,True,BAR_CLOSE_TRAIL,1.0000
19100,2026-08-18 06:40:57.548,EMA_BOUNCE,EMA8,1,24,BREAK_EVEN,True,BREAK_EVEN,0.0000
19100,2026-08-18 06:40:57.548,EMA_BOUNCE,EMA8,1,24,NO_BREAK_EVEN,True,BAR_CLOSE_TRAIL,1.0000
19100,2026-08-18 06:40:57.548,EMA_BOUNCE,EMA8,1,48,BREAK_EVEN,True,BREAK_EVEN,0.0000
19100,2026-08-18 06:40:57.548,EMA_BOUNCE,EMA8,1,48,NO_BREAK_EVEN,True,BAR_CLOSE_TRAIL,1.0000
19251,2026-08-18 07:02:20.880,PIN7,PIN7,1,12,BREAK_EVEN,True,BREAK_EVEN,0.0000
19251,2026-08-18 07:02:20.880,PIN7,PIN7,1,12,NO_BREAK_EVEN,True,BAR_CLOSE_TRAIL,0.0000
19251,2026-08-18 07:02:20.880,PIN7,PIN7,1,24,BREAK_EVEN,True,BREAK_EVEN,0.0000
19251,2026-08-18 07:02:20.880,PIN7,PIN7,1,24,NO_BREAK_EVEN,True,BAR_CLOSE_TRAIL,0.0000
19251,2026-08-18 07:02:20.880,PIN7,PIN7,1,48,BREAK_EVEN,True,BREAK_EVEN,0.0000
19251,2026-08-18 07:02:20.880,PIN7,PIN7,1,48,NO_BREAK_EVEN,True,BAR_CLOSE_TRAIL,0.0000
19280,2026-08-18 07:07:45.552,PIN7,PIN7,1,12,BREAK_EVEN,True,BREAK_EVEN,0.0000
19280,2026-08-18 07:07:45.552,PIN7,PIN7,1,12,NO_BREAK_EVEN,True,BAR_CLOSE_TRAIL,-1.0000
19280,2026-08-18 07:07:45.552,PIN7,PIN7,1,24,BREAK_EVEN,True,BREAK_EVEN,0.0000
19280,2026-08-18 07:07:45.552,PIN7,PIN7,1,24,NO_BREAK_EVEN,True,BAR_CLOSE_TRAIL,-1.0000
19280,2026-08-18 07:07:45.552,PIN7,PIN7,1,48,BREAK_EVEN,True,BREAK_EVEN,0.0000
19280,2026-08-18 07:07:45.552,PIN7,PIN7,1,48,NO_BREAK_EVEN,True,BAR_CLOSE_TRAIL,-1.0000
19286,2026-08-18 07:08:55.048,EMA_BOUNCE,EMA24,1,12,BREAK_EVEN,False,HARD_STOP,-10.0000
19286,2026-08-18 07:08:55.048,EMA_BOUNCE,EMA24,1,12,NO_BREAK_EVEN,False,HARD_STOP,-10.0000
19286,2026-08-18 07:08:55.048,EMA_BOUNCE,EMA24,1,24,BREAK_EVEN,False,HARD_STOP,-10.0000
19286,2026-08-18 07:08:55.048,EMA_BOUNCE,EMA24,1,24,NO_BREAK_EVEN,False,HARD_STOP,-10.0000
19286,2026-08-18 07:08:55.048,EMA_BOUNCE,EMA24,1,48,BREAK_EVEN,False,HARD_STOP,-10.0000
19286,2026-08-18 07:08:55.048,EMA_BOUNCE,EMA24,1,48,NO_BREAK_EVEN,False,HARD_STOP,-10.0000
19288,2026-08-18 07:09:25.308,EMA_BOUNCE,EMA50,1,12,BREAK_EVEN,False,HARD_STOP,-10.0000
19288,2026-08-18 07:09:25.308,EMA_BOUNCE,EMA50,1,12,NO_BREAK_EVEN,False,HARD_STOP,-10.0000
19288,2026-08-18 07:09:25.308,EMA_BOUNCE,EMA50,1,24,BREAK_EVEN,False,HARD_STOP,-10.0000
19288,2026-08-18 07:09:25.308,EMA_BOUNCE,EMA50,1,24,NO_BREAK_EVEN,False,HARD_STOP,-10.0000
19288,2026-08-18 07:09:25.308,EMA_BOUNCE,EMA50,1,48,BREAK_EVEN,False,HARD_STOP,-10.0000
19288,2026-08-18 07:09:25.308,EMA_BOUNCE,EMA50,1,48,NO_BREAK_EVEN,False,HARD_STOP,-10.0000
19302,2026-08-18 07:11:35.256,PIN_STRICT,PIN,-1,12,BREAK_EVEN,True,BAR_CLOSE_TRAIL,4.0000
19302,2026-08-18 07:11:35.256,PIN_STRICT,PIN,-1,12,NO_BREAK_EVEN,True,BAR_CLOSE_TRAIL,4.0000
19302,2026-08-18 07:11:35.256,PIN_STRICT,PIN,-1,24,BREAK_EVEN,True,BAR_CLOSE_TRAIL,4.0000
19302,2026-08-18 07:11:35.256,PIN_STRICT,PIN,-1,24,NO_BREAK_EVEN,True,BAR_CLOSE_TRAIL,4.0000
19302,2026-08-18 07:11:35.256,PIN_STRICT,PIN,-1,48,BREAK_EVEN,True,BAR_CLOSE_TRAIL,4.0000
19302,2026-08-18 07:11:35.256,PIN_STRICT,PIN,-1,48,NO_BREAK_EVEN,True,BAR_CLOSE_TRAIL,4.0000
19308,2026-08-18 07:12:24.392,EMA_BOUNCE,EMA8,-1,12,BREAK_EVEN,False,HARD_STOP,-10.0000
19308,2026-08-18 07:12:24.392,EMA_BOUNCE,EMA8,-1,12,NO_BREAK_EVEN,False,HARD_STOP,-10.0000
19308,2026-08-18 07:12:24.392,EMA_BOUNCE,EMA8,-1,24,BREAK_EVEN,False,HARD_STOP,-10.0000
19308,2026-08-18 07:12:24.392,EMA_BOUNCE,EMA8,-1,24,NO_BREAK_EVEN,False,HARD_STOP,-10.0000
19308,2026-08-18 07:12:24.392,EMA_BOUNCE,EMA8,-1,48,BREAK_EVEN,False,HARD_STOP,-10.0000
19308,2026-08-18 07:12:24.392,EMA_BOUNCE,EMA8,-1,48,NO_BREAK_EVEN,False,HARD_STOP,-10.0000
19318,2026-08-18 07:14:11.564,EMA_BOUNCE,EMA24,-1,12,BREAK_EVEN,False,HARD_STOP,-10.0000
19318,2026-08-18 07:14:11.564,EMA_BOUNCE,EMA24,-1,12,NO_BREAK_EVEN,False,HARD_STOP,-10.0000
19318,2026-08-18 07:14:11.564,EMA_BOUNCE,EMA24,-1,24,BREAK_EVEN,False,HARD_STOP,-10.0000
19318,2026-08-18 07:14:11.564,EMA_BOUNCE,EMA24,-1,24,NO_BREAK_EVEN,False,HARD_STOP,-10.0000
19318,2026-08-18 07:14:11.564,EMA_BOUNCE,EMA24,-1,48,BREAK_EVEN,False,HARD_STOP,-10.0000
19318,2026-08-18 07:14:11.564,EMA_BOUNCE,EMA24,-1,48,NO_BREAK_EVEN,False,HARD_STOP,-10.0000
19335,2026-08-18 07:16:40.876,EMA_BOUNCE,EMA8,1,12,BREAK_EVEN,True,BREAK_EVEN,0.0000
19335,2026-08-18 07:16:40.876,EMA_BOUNCE,EMA8,1,12,NO_BREAK_EVEN,True,BAR_CLOSE_TRAIL,-2.0000
19335,2026-08-18 07:16:40.876,EMA_BOUNCE,EMA8,1,24,BREAK_EVEN,True,BREAK_EVEN,0.0000
19335,2026-08-18 07:16:40.876,EMA_BOUNCE,EMA8,1,24,NO_BREAK_EVEN,True,BAR_CLOSE_TRAIL,-2.0000
19335,2026-08-18 07:16:40.876,EMA_BOUNCE,EMA8,1,48,BREAK_EVEN,True,BREAK_EVEN,0.0000
19335,2026-08-18 07:16:40.876,EMA_BOUNCE,EMA8,1,48,NO_BREAK_EVEN,True,BAR_CLOSE_TRAIL,-2.0000
19348,2026-08-18 07:18:37.696,PIN7,PIN7,1,12,BREAK_EVEN,True,BREAK_EVEN,0.0000
19348,2026-08-18 07:18:37.696,PIN7,PIN7,1,12,NO_BREAK_EVEN,True,BAR_CLOSE_TRAIL,-1.0000
19348,2026-08-18 07:18:37.696,PIN7,PIN7,1,24,BREAK_EVEN,True,BREAK_EVEN,0.0000
19348,2026-08-18 07:18:37.696,PIN7,PIN7,1,24,NO_BREAK_EVEN,True,BAR_CLOSE_TRAIL,-1.0000
19348,2026-08-18 07:18:37.696,PIN7,PIN7,1,48,BREAK_EVEN,True,BREAK_EVEN,0.0000
19348,2026-08-18 07:18:37.696,PIN7,PIN7,1,48,NO_BREAK_EVEN,True,BAR_CLOSE_TRAIL,-1.0000
19349,2026-08-18 07:18:42.392,PIN7,PIN7,1,12,BREAK_EVEN,True,BREAK_EVEN,0.0000
19349,2026-08-18 07:18:42.392,PIN7,PIN7,1,12,NO_BREAK_EVEN,True,BAR_CLOSE_TRAIL,-3.0000
19349,2026-08-18 07:18:42.392,PIN7,PIN7,1,24,BREAK_EVEN,True,BREAK_EVEN,0.0000
19349,2026-08-18 07:18:42.392,PIN7,PIN7,1,24,NO_BREAK_EVEN,True,BAR_CLOSE_TRAIL,-3.0000
19349,2026-08-18 07:18:42.392,PIN7,PIN7,1,48,BREAK_EVEN,True,BREAK_EVEN,0.0000
19349,2026-08-18 07:18:42.392,PIN7,PIN7,1,48,NO_BREAK_EVEN,True,BAR_CLOSE_TRAIL,-3.0000
19380,2026-08-18 07:25:00.228,EMA_BOUNCE,EMA8,1,12,BREAK_EVEN,True,BREAK_EVEN,0.0000
19380,2026-08-18 07:25:00.228,EMA_BOUNCE,EMA8,1,12,NO_BREAK_EVEN,True,BAR_CLOSE_TRAIL,0.0000
19380,2026-08-18 07:25:00.228,EMA_BOUNCE,EMA8,1,24,BREAK_EVEN,True,BREAK_EVEN,0.0000
19380,2026-08-18 07:25:00.228,EMA_BOUNCE,EMA8,1,24,NO_BREAK_EVEN,True,BAR_CLOSE_TRAIL,0.0000
19380,2026-08-18 07:25:00.228,EMA_BOUNCE,EMA8,1,48,BREAK_EVEN,True,BREAK_EVEN,0.0000
19380,2026-08-18 07:25:00.228,EMA_BOUNCE,EMA8,1,48,NO_BREAK_EVEN,True,BAR_CLOSE_TRAIL,0.0000
19382,2026-08-18 07:25:15.764,EMA_BOUNCE,EMA8,1,12,BREAK_EVEN,True,BREAK_EVEN,0.0000
19382,2026-08-18 07:25:15.764,EMA_BOUNCE,EMA8,1,12,NO_BREAK_EVEN,True,BAR_CLOSE_TRAIL,0.0000
19382,2026-08-18 07:25:15.764,EMA_BOUNCE,EMA8,1,24,BREAK_EVEN,True,BREAK_EVEN,0.0000
19382,2026-08-18 07:25:15.764,EMA_BOUNCE,EMA8,1,24,NO_BREAK_EVEN,True,BAR_CLOSE_TRAIL,0.0000
19382,2026-08-18 07:25:15.764,EMA_BOUNCE,EMA8,1,48,BREAK_EVEN,True,BREAK_EVEN,0.0000
19382,2026-08-18 07:25:15.764,EMA_BOUNCE,EMA8,1,48,NO_BREAK_EVEN,True,BAR_CLOSE_TRAIL,0.0000
19389,2026-08-18 07:26:38.012,EMA_BOUNCE,EMA24,1,12,BREAK_EVEN,True,BREAK_EVEN,0.0000
19389,2026-08-18 07:26:38.012,EMA_BOUNCE,EMA24,1,12,NO_BREAK_EVEN,True,BAR_CLOSE_TRAIL,0.0000
19389,2026-08-18 07:26:38.012,EMA_BOUNCE,EMA24,1,24,BREAK_EVEN,True,BREAK_EVEN,0.0000
19389,2026-08-18 07:26:38.012,EMA_BOUNCE,EMA24,1,24,NO_BREAK_EVEN,True,BAR_CLOSE_TRAIL,0.0000
19389,2026-08-18 07:26:38.012,EMA_BOUNCE,EMA24,1,48,BREAK_EVEN,True,BREAK_EVEN,0.0000
19389,2026-08-18 07:26:38.012,EMA_BOUNCE,EMA24,1,48,NO_BREAK_EVEN,True,BAR_CLOSE_TRAIL,0.0000
19396,2026-08-18 07:27:53.628,EMA_BOUNCE,EMA50,1,12,BREAK_EVEN,True,BREAK_EVEN,0.0000
19396,2026-08-18 07:27:53.628,EMA_BOUNCE,EMA50,1,12,NO_BREAK_EVEN,True,BAR_CLOSE_TRAIL,0.0000
19396,2026-08-18 07:27:53.628,EMA_BOUNCE,EMA50,1,24,BREAK_EVEN,True,BREAK_EVEN,0.0000
19396,2026-08-18 07:27:53.628,EMA_BOUNCE,EMA50,1,24,NO_BREAK_EVEN,True,BAR_CLOSE_TRAIL,0.0000
19396,2026-08-18 07:27:53.628,EMA_BOUNCE,EMA50,1,48,BREAK_EVEN,True,BREAK_EVEN,0.0000
19396,2026-08-18 07:27:53.628,EMA_BOUNCE,EMA50,1,48,NO_BREAK_EVEN,True,BAR_CLOSE_TRAIL,0.0000
19416,2026-08-18 07:31:38.556,EMA_BOUNCE,EMA24,1,12,BREAK_EVEN,True,BAR_CLOSE_TRAIL,6.0000
19416,2026-08-18 07:31:38.556,EMA_BOUNCE,EMA24,1,12,NO_BREAK_EVEN,True,BAR_CLOSE_TRAIL,6.0000
19416,2026-08-18 07:31:38.556,EMA_BOUNCE,EMA24,1,24,BREAK_EVEN,True,BAR_CLOSE_TRAIL,6.0000
19416,2026-08-18 07:31:38.556,EMA_BOUNCE,EMA24,1,24,NO_BREAK_EVEN,True,BAR_CLOSE_TRAIL,6.0000
19416,2026-08-18 07:31:38.556,EMA_BOUNCE,EMA24,1,48,BREAK_EVEN,True,BAR_CLOSE_TRAIL,6.0000
19416,2026-08-18 07:31:38.556,EMA_BOUNCE,EMA24,1,48,NO_BREAK_EVEN,True,BAR_CLOSE_TRAIL,6.0000
19484,2026-08-18 07:50:09.792,EMA_BOUNCE,EMA50,-1,12,BREAK_EVEN,True,BREAK_EVEN,0.0000
19484,2026-08-18 07:50:09.792,EMA_BOUNCE,EMA50,-1,12,NO_BREAK_EVEN,True,BAR_CLOSE_TRAIL,-2.0000
19484,2026-08-18 07:50:09.792,EMA_BOUNCE,EMA50,-1,24,BREAK_EVEN,True,BREAK_EVEN,0.0000
19484,2026-08-18 07:50:09.792,EMA_BOUNCE,EMA50,-1,24,NO_BREAK_EVEN,True,BAR_CLOSE_TRAIL,-2.0000
19484,2026-08-18 07:50:09.792,EMA_BOUNCE,EMA50,-1,48,BREAK_EVEN,True,BREAK_EVEN,0.0000
19484,2026-08-18 07:50:09.792,EMA_BOUNCE,EMA50,-1,48,NO_BREAK_EVEN,True,BAR_CLOSE_TRAIL,-2.0000
19499,2026-08-18 07:53:22.356,PIN7,PIN7,-1,12,BREAK_EVEN,True,BREAK_EVEN,0.0000
19499,2026-08-18 07:53:22.356,PIN7,PIN7,-1,12,NO_BREAK_EVEN,True,BAR_CLOSE_TRAIL,7.0000
19499,2026-08-18 07:53:22.356,PIN7,PIN7,-1,24,BREAK_EVEN,True,BREAK_EVEN,0.0000
19499,2026-08-18 07:53:22.356,PIN7,PIN7,-1,24,NO_BREAK_EVEN,True,BAR_CLOSE_TRAIL,7.0000
19499,2026-08-18 07:53:22.356,PIN7,PIN7,-1,48,BREAK_EVEN,True,BREAK_EVEN,0.0000
19499,2026-08-18 07:53:22.356,PIN7,PIN7,-1,48,NO_BREAK_EVEN,True,BAR_CLOSE_TRAIL,7.0000
19501,2026-08-18 07:53:24.428,PIN7,PIN7,-1,12,BREAK_EVEN,True,BAR_CLOSE_TRAIL,2.0000
19501,2026-08-18 07:53:24.428,PIN7,PIN7,-1,12,NO_BREAK_EVEN,True,BAR_CLOSE_TRAIL,2.0000
19501,2026-08-18 07:53:24.428,PIN7,PIN7,-1,24,BREAK_EVEN,True,BAR_CLOSE_TRAIL,2.0000
19501,2026-08-18 07:53:24.428,PIN7,PIN7,-1,24,NO_BREAK_EVEN,True,BAR_CLOSE_TRAIL,2.0000
19501,2026-08-18 07:53:24.428,PIN7,PIN7,-1,48,BREAK_EVEN,True,BAR_CLOSE_TRAIL,2.0000
19501,2026-08-18 07:53:24.428,PIN7,PIN7,-1,48,NO_BREAK_EVEN,True,BAR_CLOSE_TRAIL,2.0000
19510,2026-08-18 07:54:06.944,EMA_BOUNCE,EMA8,-1,12,BREAK_EVEN,True,BREAK_EVEN,0.0000
19510,2026-08-18 07:54:06.944,EMA_BOUNCE,EMA8,-1,12,NO_BREAK_EVEN,True,BAR_CLOSE_TRAIL,-0.0000
19510,2026-08-18 07:54:06.944,EMA_BOUNCE,EMA8,-1,24,BREAK_EVEN,True,BREAK_EVEN,0.0000
19510,2026-08-18 07:54:06.944,EMA_BOUNCE,EMA8,-1,24,NO_BREAK_EVEN,True,BAR_CLOSE_TRAIL,-0.0000
19510,2026-08-18 07:54:06.944,EMA_BOUNCE,EMA8,-1,48,BREAK_EVEN,True,BREAK_EVEN,0.0000
19510,2026-08-18 07:54:06.944,EMA_BOUNCE,EMA8,-1,48,NO_BREAK_EVEN,True,BAR_CLOSE_TRAIL,-0.0000
19524,2026-08-18 07:57:23.440,EMA_BOUNCE,EMA24,-1,12,BREAK_EVEN,True,BAR_CLOSE_TRAIL,3.0000
19524,2026-08-18 07:57:23.440,EMA_BOUNCE,EMA24,-1,12,NO_BREAK_EVEN,True,BAR_CLOSE_TRAIL,3.0000
19524,2026-08-18 07:57:23.440,EMA_BOUNCE,EMA24,-1,24,BREAK_EVEN,True,BAR_CLOSE_TRAIL,3.0000
19524,2026-08-18 07:57:23.440,EMA_BOUNCE,EMA24,-1,24,NO_BREAK_EVEN,True,BAR_CLOSE_TRAIL,3.0000
19524,2026-08-18 07:57:23.440,EMA_BOUNCE,EMA24,-1,48,BREAK_EVEN,True,BAR_CLOSE_TRAIL,3.0000
19524,2026-08-18 07:57:23.440,EMA_BOUNCE,EMA24,-1,48,NO_BREAK_EVEN,True,BAR_CLOSE_TRAIL,3.0000
19832,2026-08-18 11:05:24.816,EMA_BOUNCE,EMA8,-1,12,BREAK_EVEN,True,BREAK_EVEN,0.0000
19832,2026-08-18 11:05:24.816,EMA_BOUNCE,EMA8,-1,12,NO_BREAK_EVEN,True,BAR_CLOSE_TRAIL,-0.0000
19832,2026-08-18 11:05:24.816,EMA_BOUNCE,EMA8,-1,24,BREAK_EVEN,True,BREAK_EVEN,0.0000
19832,2026-08-18 11:05:24.816,EMA_BOUNCE,EMA8,-1,24,NO_BREAK_EVEN,True,BAR_CLOSE_TRAIL,-0.0000
19832,2026-08-18 11:05:24.816,EMA_BOUNCE,EMA8,-1,48,BREAK_EVEN,True,BREAK_EVEN,0.0000
19832,2026-08-18 11:05:24.816,EMA_BOUNCE,EMA8,-1,48,NO_BREAK_EVEN,True,BAR_CLOSE_TRAIL,-0.0000
19878,2026-08-18 11:54:47.008,PIN7,PIN7,-1,12,BREAK_EVEN,True,BREAK_EVEN,0.0000
19878,2026-08-18 11:54:47.008,PIN7,PIN7,-1,12,NO_BREAK_EVEN,True,BAR_CLOSE_TRAIL,1.0000
19878,2026-08-18 11:54:47.008,PIN7,PIN7,-1,24,BREAK_EVEN,True,BREAK_EVEN,0.0000
19878,2026-08-18 11:54:47.008,PIN7,PIN7,-1,24,NO_BREAK_EVEN,True,BAR_CLOSE_TRAIL,1.0000
19878,2026-08-18 11:54:47.008,PIN7,PIN7,-1,48,BREAK_EVEN,True,BREAK_EVEN,0.0000
19878,2026-08-18 11:54:47.008,PIN7,PIN7,-1,48,NO_BREAK_EVEN,True,BAR_CLOSE_TRAIL,1.0000
19883,2026-08-18 12:00:01.880,PIN7,PIN7,-1,12,BREAK_EVEN,False,HARD_STOP,-10.0000
19883,2026-08-18 12:00:01.880,PIN7,PIN7,-1,12,NO_BREAK_EVEN,False,HARD_STOP,-10.0000
19883,2026-08-18 12:00:01.880,PIN7,PIN7,-1,24,BREAK_EVEN,False,HARD_STOP,-10.0000
19883,2026-08-18 12:00:01.880,PIN7,PIN7,-1,24,NO_BREAK_EVEN,False,HARD_STOP,-10.0000
19883,2026-08-18 12:00:01.880,PIN7,PIN7,-1,48,BREAK_EVEN,False,HARD_STOP,-10.0000
19883,2026-08-18 12:00:01.880,PIN7,PIN7,-1,48,NO_BREAK_EVEN,False,HARD_STOP,-10.0000
19929,2026-08-18 12:56:14.180,EMA_BOUNCE,EMA8,-1,12,BREAK_EVEN,True,BAR_CLOSE_TRAIL,2.0000
19929,2026-08-18 12:56:14.180,EMA_BOUNCE,EMA8,-1,12,NO_BREAK_EVEN,True,BAR_CLOSE_TRAIL,2.0000
19929,2026-08-18 12:56:14.180,EMA_BOUNCE,EMA8,-1,24,BREAK_EVEN,True,BAR_CLOSE_TRAIL,2.0000
19929,2026-08-18 12:56:14.180,EMA_BOUNCE,EMA8,-1,24,NO_BREAK_EVEN,True,BAR_CLOSE_TRAIL,2.0000
19929,2026-08-18 12:56:14.180,EMA_BOUNCE,EMA8,-1,48,BREAK_EVEN,True,BAR_CLOSE_TRAIL,2.0000
19929,2026-08-18 12:56:14.180,EMA_BOUNCE,EMA8,-1,48,NO_BREAK_EVEN,True,BAR_CLOSE_TRAIL,2.0000
19931,2026-08-18 12:57:11.036,EMA_BOUNCE,EMA8,-1,12,BREAK_EVEN,True,BREAK_EVEN,0.0000
19931,2026-08-18 12:57:11.036,EMA_BOUNCE,EMA8,-1,12,NO_BREAK_EVEN,True,BAR_CLOSE_TRAIL,-1.0000
19931,2026-08-18 12:57:11.036,EMA_BOUNCE,EMA8,-1,24,BREAK_EVEN,True,BREAK_EVEN,0.0000
19931,2026-08-18 12:57:11.036,EMA_BOUNCE,EMA8,-1,24,NO_BREAK_EVEN,True,BAR_CLOSE_TRAIL,-1.0000
19931,2026-08-18 12:57:11.036,EMA_BOUNCE,EMA8,-1,48,BREAK_EVEN,True,BREAK_EVEN,0.0000
19931,2026-08-18 12:57:11.036,EMA_BOUNCE,EMA8,-1,48,NO_BREAK_EVEN,True,BAR_CLOSE_TRAIL,-1.0000
20715,2026-08-19 06:31:07.624,EMA_BOUNCE,EMA50,-1,12,BREAK_EVEN,True,BREAK_EVEN,0.0000
20715,2026-08-19 06:31:07.624,EMA_BOUNCE,EMA50,-1,12,NO_BREAK_EVEN,True,BAR_CLOSE_TRAIL,-0.0000
20715,2026-08-19 06:31:07.624,EMA_BOUNCE,EMA50,-1,24,BREAK_EVEN,True,BREAK_EVEN,0.0000
20715,2026-08-19 06:31:07.624,EMA_BOUNCE,EMA50,-1,24,NO_BREAK_EVEN,True,BAR_CLOSE_TRAIL,-0.0000
20715,2026-08-19 06:31:07.624,EMA_BOUNCE,EMA50,-1,48,BREAK_EVEN,True,BREAK_EVEN,0.0000
20715,2026-08-19 06:31:07.624,EMA_BOUNCE,EMA50,-1,48,NO_BREAK_EVEN,True,BAR_CLOSE_TRAIL,-0.0000
20719,2026-08-19 06:31:21.180,EMA_BOUNCE,EMA50,-1,12,BREAK_EVEN,True,BREAK_EVEN,0.0000
20719,2026-08-19 06:31:21.180,EMA_BOUNCE,EMA50,-1,12,NO_BREAK_EVEN,True,BAR_CLOSE_TRAIL,-3.0000
20719,2026-08-19 06:31:21.180,EMA_BOUNCE,EMA50,-1,24,BREAK_EVEN,True,BREAK_EVEN,0.0000
20719,2026-08-19 06:31:21.180,EMA_BOUNCE,EMA50,-1,24,NO_BREAK_EVEN,True,BAR_CLOSE_TRAIL,-3.0000
20719,2026-08-19 06:31:21.180,EMA_BOUNCE,EMA50,-1,48,BREAK_EVEN,True,BREAK_EVEN,0.0000
20719,2026-08-19 06:31:21.180,EMA_BOUNCE,EMA50,-1,48,NO_BREAK_EVEN,True,BAR_CLOSE_TRAIL,-3.0000
20721,2026-08-19 06:31:25.820,EMA_BOUNCE,EMA50,-1,12,BREAK_EVEN,True,BREAK_EVEN,0.0000
20721,2026-08-19 06:31:25.820,EMA_BOUNCE,EMA50,-1,12,NO_BREAK_EVEN,True,BAR_CLOSE_TRAIL,-3.0000
20721,2026-08-19 06:31:25.820,EMA_BOUNCE,EMA50,-1,24,BREAK_EVEN,True,BREAK_EVEN,0.0000
20721,2026-08-19 06:31:25.820,EMA_BOUNCE,EMA50,-1,24,NO_BREAK_EVEN,True,BAR_CLOSE_TRAIL,-3.0000
20721,2026-08-19 06:31:25.820,EMA_BOUNCE,EMA50,-1,48,BREAK_EVEN,True,BREAK_EVEN,0.0000
20721,2026-08-19 06:31:25.820,EMA_BOUNCE,EMA50,-1,48,NO_BREAK_EVEN,True,BAR_CLOSE_TRAIL,-3.0000
20747,2026-08-19 06:33:40.184,EMA_BOUNCE,EMA8,-1,12,BREAK_EVEN,True,BREAK_EVEN,0.0000
20747,2026-08-19 06:33:40.184,EMA_BOUNCE,EMA8,-1,12,NO_BREAK_EVEN,True,BAR_CLOSE_TRAIL,-1.0000
20747,2026-08-19 06:33:40.184,EMA_BOUNCE,EMA8,-1,24,BREAK_EVEN,True,BREAK_EVEN,0.0000
20747,2026-08-19 06:33:40.184,EMA_BOUNCE,EMA8,-1,24,NO_BREAK_EVEN,True,BAR_CLOSE_TRAIL,-1.0000
20747,2026-08-19 06:33:40.184,EMA_BOUNCE,EMA8,-1,48,BREAK_EVEN,True,BREAK_EVEN,0.0000
20747,2026-08-19 06:33:40.184,EMA_BOUNCE,EMA8,-1,48,NO_BREAK_EVEN,True,BAR_CLOSE_TRAIL,-1.0000
20805,2026-08-19 06:40:27.852,EMA_BOUNCE,EMA8,-1,12,BREAK_EVEN,True,BREAK_EVEN,0.0000
20805,2026-08-19 06:40:27.852,EMA_BOUNCE,EMA8,-1,12,NO_BREAK_EVEN,True,BAR_CLOSE_TRAIL,-4.0000
20805,2026-08-19 06:40:27.852,EMA_BOUNCE,EMA8,-1,24,BREAK_EVEN,True,BREAK_EVEN,0.0000
20805,2026-08-19 06:40:27.852,EMA_BOUNCE,EMA8,-1,24,NO_BREAK_EVEN,True,BAR_CLOSE_TRAIL,-4.0000
20805,2026-08-19 06:40:27.852,EMA_BOUNCE,EMA8,-1,48,BREAK_EVEN,True,BREAK_EVEN,0.0000
20805,2026-08-19 06:40:27.852,EMA_BOUNCE,EMA8,-1,48,NO_BREAK_EVEN,True,BAR_CLOSE_TRAIL,-4.0000
20808,2026-08-19 06:40:56.512,EMA_BOUNCE,EMA8,-1,12,BREAK_EVEN,False,HARD_STOP,-10.0000
20808,2026-08-19 06:40:56.512,EMA_BOUNCE,EMA8,-1,12,NO_BREAK_EVEN,False,HARD_STOP,-10.0000
20808,2026-08-19 06:40:56.512,EMA_BOUNCE,EMA8,-1,24,BREAK_EVEN,False,HARD_STOP,-10.0000
20808,2026-08-19 06:40:56.512,EMA_BOUNCE,EMA8,-1,24,NO_BREAK_EVEN,False,HARD_STOP,-10.0000
20808,2026-08-19 06:40:56.512,EMA_BOUNCE,EMA8,-1,48,BREAK_EVEN,False,HARD_STOP,-10.0000
20808,2026-08-19 06:40:56.512,EMA_BOUNCE,EMA8,-1,48,NO_BREAK_EVEN,False,HARD_STOP,-10.0000
20812,2026-08-19 06:41:19.264,EMA_BOUNCE,EMA24,-1,12,BREAK_EVEN,True,BREAK_EVEN,0.0000
20812,2026-08-19 06:41:19.264,EMA_BOUNCE,EMA24,-1,12,NO_BREAK_EVEN,True,BAR_CLOSE_TRAIL,-0.0000
20812,2026-08-19 06:41:19.264,EMA_BOUNCE,EMA24,-1,24,BREAK_EVEN,True,BREAK_EVEN,0.0000
20812,2026-08-19 06:41:19.264,EMA_BOUNCE,EMA24,-1,24,NO_BREAK_EVEN,True,BAR_CLOSE_TRAIL,-0.0000
20812,2026-08-19 06:41:19.264,EMA_BOUNCE,EMA24,-1,48,BREAK_EVEN,True,BREAK_EVEN,0.0000
20812,2026-08-19 06:41:19.264,EMA_BOUNCE,EMA24,-1,48,NO_BREAK_EVEN,True,BAR_CLOSE_TRAIL,-0.0000
20836,2026-08-19 06:44:39.044,EMA_BOUNCE,EMA8,1,12,BREAK_EVEN,True,BREAK_EVEN,0.0000
20836,2026-08-19 06:44:39.044,EMA_BOUNCE,EMA8,1,12,NO_BREAK_EVEN,True,BAR_CLOSE_TRAIL,2.0000
20836,2026-08-19 06:44:39.044,EMA_BOUNCE,EMA8,1,24,BREAK_EVEN,True,BREAK_EVEN,0.0000
20836,2026-08-19 06:44:39.044,EMA_BOUNCE,EMA8,1,24,NO_BREAK_EVEN,True,BAR_CLOSE_TRAIL,2.0000
20836,2026-08-19 06:44:39.044,EMA_BOUNCE,EMA8,1,48,BREAK_EVEN,True,BREAK_EVEN,0.0000
20836,2026-08-19 06:44:39.044,EMA_BOUNCE,EMA8,1,48,NO_BREAK_EVEN,True,BAR_CLOSE_TRAIL,2.0000
21042,2026-08-19 07:03:58.088,PIN7,PIN7,-1,12,BREAK_EVEN,False,HARD_STOP,-10.0000
21042,2026-08-19 07:03:58.088,PIN7,PIN7,-1,12,NO_BREAK_EVEN,False,HARD_STOP,-10.0000
21042,2026-08-19 07:03:58.088,PIN7,PIN7,-1,24,BREAK_EVEN,False,HARD_STOP,-10.0000
21042,2026-08-19 07:03:58.088,PIN7,PIN7,-1,24,NO_BREAK_EVEN,False,HARD_STOP,-10.0000
21042,2026-08-19 07:03:58.088,PIN7,PIN7,-1,48,BREAK_EVEN,False,HARD_STOP,-10.0000
21042,2026-08-19 07:03:58.088,PIN7,PIN7,-1,48,NO_BREAK_EVEN,False,HARD_STOP,-10.0000
21095,2026-08-19 07:11:11.092,PIN7,PIN7,-1,12,BREAK_EVEN,True,BAR_CLOSE_TRAIL,3.0000
21095,2026-08-19 07:11:11.092,PIN7,PIN7,-1,12,NO_BREAK_EVEN,True,BAR_CLOSE_TRAIL,3.0000
21095,2026-08-19 07:11:11.092,PIN7,PIN7,-1,24,BREAK_EVEN,True,BAR_CLOSE_TRAIL,3.0000
21095,2026-08-19 07:11:11.092,PIN7,PIN7,-1,24,NO_BREAK_EVEN,True,BAR_CLOSE_TRAIL,3.0000
21095,2026-08-19 07:11:11.092,PIN7,PIN7,-1,48,BREAK_EVEN,True,BAR_CLOSE_TRAIL,3.0000
21095,2026-08-19 07:11:11.092,PIN7,PIN7,-1,48,NO_BREAK_EVEN,True,BAR_CLOSE_TRAIL,3.0000
21099,2026-08-19 07:12:07.208,PIN7,PIN7,-1,12,BREAK_EVEN,False,HARD_STOP,-10.0000
21099,2026-08-19 07:12:07.208,PIN7,PIN7,-1,12,NO_BREAK_EVEN,False,HARD_STOP,-10.0000
21099,2026-08-19 07:12:07.208,PIN7,PIN7,-1,24,BREAK_EVEN,False,HARD_STOP,-10.0000
21099,2026-08-19 07:12:07.208,PIN7,PIN7,-1,24,NO_BREAK_EVEN,False,HARD_STOP,-10.0000
21099,2026-08-19 07:12:07.208,PIN7,PIN7,-1,48,BREAK_EVEN,False,HARD_STOP,-10.0000
21099,2026-08-19 07:12:07.208,PIN7,PIN7,-1,48,NO_BREAK_EVEN,False,HARD_STOP,-10.0000
21101,2026-08-19 07:12:18.104,EMA_BOUNCE,EMA8,-1,12,BREAK_EVEN,True,BREAK_EVEN,0.0000
21101,2026-08-19 07:12:18.104,EMA_BOUNCE,EMA8,-1,12,NO_BREAK_EVEN,True,BAR_CLOSE_TRAIL,-4.0000
21101,2026-08-19 07:12:18.104,EMA_BOUNCE,EMA8,-1,24,BREAK_EVEN,True,BREAK_EVEN,0.0000
21101,2026-08-19 07:12:18.104,EMA_BOUNCE,EMA8,-1,24,NO_BREAK_EVEN,True,BAR_CLOSE_TRAIL,-4.0000
21101,2026-08-19 07:12:18.104,EMA_BOUNCE,EMA8,-1,48,BREAK_EVEN,True,BREAK_EVEN,0.0000
21101,2026-08-19 07:12:18.104,EMA_BOUNCE,EMA8,-1,48,NO_BREAK_EVEN,True,BAR_CLOSE_TRAIL,-4.0000
21103,2026-08-19 07:12:23.824,EMA_BOUNCE,EMA8,-1,12,BREAK_EVEN,True,BREAK_EVEN,0.0000
21103,2026-08-19 07:12:23.824,EMA_BOUNCE,EMA8,-1,12,NO_BREAK_EVEN,True,BAR_CLOSE_TRAIL,-4.0000
21103,2026-08-19 07:12:23.824,EMA_BOUNCE,EMA8,-1,24,BREAK_EVEN,True,BREAK_EVEN,0.0000
21103,2026-08-19 07:12:23.824,EMA_BOUNCE,EMA8,-1,24,NO_BREAK_EVEN,True,BAR_CLOSE_TRAIL,-4.0000
21103,2026-08-19 07:12:23.824,EMA_BOUNCE,EMA8,-1,48,BREAK_EVEN,True,BREAK_EVEN,0.0000
21103,2026-08-19 07:12:23.824,EMA_BOUNCE,EMA8,-1,48,NO_BREAK_EVEN,True,BAR_CLOSE_TRAIL,-4.0000
21110,2026-08-19 07:13:12.024,EMA_BOUNCE,EMA50,-1,12,BREAK_EVEN,True,BREAK_EVEN,0.0000
21110,2026-08-19 07:13:12.024,EMA_BOUNCE,EMA50,-1,12,NO_BREAK_EVEN,True,BAR_CLOSE_TRAIL,-2.0000
21110,2026-08-19 07:13:12.024,EMA_BOUNCE,EMA50,-1,24,BREAK_EVEN,True,BREAK_EVEN,0.0000
21110,2026-08-19 07:13:12.024,EMA_BOUNCE,EMA50,-1,24,NO_BREAK_EVEN,True,BAR_CLOSE_TRAIL,-2.0000
21110,2026-08-19 07:13:12.024,EMA_BOUNCE,EMA50,-1,48,BREAK_EVEN,True,BREAK_EVEN,0.0000
21110,2026-08-19 07:13:12.024,EMA_BOUNCE,EMA50,-1,48,NO_BREAK_EVEN,True,BAR_CLOSE_TRAIL,-2.0000
21143,2026-08-19 07:17:23.944,EMA_BOUNCE,EMA8,1,12,BREAK_EVEN,True,BREAK_EVEN,0.0000
21143,2026-08-19 07:17:23.944,EMA_BOUNCE,EMA8,1,12,NO_BREAK_EVEN,True,BAR_CLOSE_TRAIL,0.0000
21143,2026-08-19 07:17:23.944,EMA_BOUNCE,EMA8,1,24,BREAK_EVEN,True,BREAK_EVEN,0.0000
21143,2026-08-19 07:17:23.944,EMA_BOUNCE,EMA8,1,24,NO_BREAK_EVEN,True,BAR_CLOSE_TRAIL,0.0000
21143,2026-08-19 07:17:23.944,EMA_BOUNCE,EMA8,1,48,BREAK_EVEN,True,BREAK_EVEN,0.0000
21143,2026-08-19 07:17:23.944,EMA_BOUNCE,EMA8,1,48,NO_BREAK_EVEN,True,BAR_CLOSE_TRAIL,0.0000
21161,2026-08-19 07:19:44.832,EMA_BOUNCE,EMA24,1,12,BREAK_EVEN,False,HARD_STOP,-10.0000
21161,2026-08-19 07:19:44.832,EMA_BOUNCE,EMA24,1,12,NO_BREAK_EVEN,False,HARD_STOP,-10.0000
21161,2026-08-19 07:19:44.832,EMA_BOUNCE,EMA24,1,24,BREAK_EVEN,False,HARD_STOP,-10.0000
21161,2026-08-19 07:19:44.832,EMA_BOUNCE,EMA24,1,24,NO_BREAK_EVEN,False,HARD_STOP,-10.0000
21161,2026-08-19 07:19:44.832,EMA_BOUNCE,EMA24,1,48,BREAK_EVEN,False,HARD_STOP,-10.0000
21161,2026-08-19 07:19:44.832,EMA_BOUNCE,EMA24,1,48,NO_BREAK_EVEN,False,HARD_STOP,-10.0000
21165,2026-08-19 07:20:09.140,EMA_BOUNCE,EMA50,1,12,BREAK_EVEN,True,BAR_CLOSE_TRAIL,8.0000
21165,2026-08-19 07:20:09.140,EMA_BOUNCE,EMA50,1,12,NO_BREAK_EVEN,True,BAR_CLOSE_TRAIL,8.0000
21165,2026-08-19 07:20:09.140,EMA_BOUNCE,EMA50,1,24,BREAK_EVEN,True,BAR_CLOSE_TRAIL,8.0000
21165,2026-08-19 07:20:09.140,EMA_BOUNCE,EMA50,1,24,NO_BREAK_EVEN,True,BAR_CLOSE_TRAIL,8.0000
21165,2026-08-19 07:20:09.140,EMA_BOUNCE,EMA50,1,48,BREAK_EVEN,True,BAR_CLOSE_TRAIL,8.0000
21165,2026-08-19 07:20:09.140,EMA_BOUNCE,EMA50,1,48,NO_BREAK_EVEN,True,BAR_CLOSE_TRAIL,8.0000
21206,2026-08-19 07:26:29.780,EMA_BOUNCE,EMA24,-1,12,BREAK_EVEN,True,BREAK_EVEN,0.0000
21206,2026-08-19 07:26:29.780,EMA_BOUNCE,EMA24,-1,12,NO_BREAK_EVEN,True,BAR_CLOSE_TRAIL,-1.0000
21206,2026-08-19 07:26:29.780,EMA_BOUNCE,EMA24,-1,24,BREAK_EVEN,True,BREAK_EVEN,0.0000
21206,2026-08-19 07:26:29.780,EMA_BOUNCE,EMA24,-1,24,NO_BREAK_EVEN,True,BAR_CLOSE_TRAIL,-1.0000
21206,2026-08-19 07:26:29.780,EMA_BOUNCE,EMA24,-1,48,BREAK_EVEN,True,BREAK_EVEN,0.0000
21206,2026-08-19 07:26:29.780,EMA_BOUNCE,EMA24,-1,48,NO_BREAK_EVEN,True,BAR_CLOSE_TRAIL,-1.0000
21225,2026-08-19 07:30:24.964,EMA_BOUNCE,EMA8,1,12,BREAK_EVEN,True,BREAK_EVEN,0.0000
21225,2026-08-19 07:30:24.964,EMA_BOUNCE,EMA8,1,12,NO_BREAK_EVEN,True,TIME,13.0000
21225,2026-08-19 07:30:24.964,EMA_BOUNCE,EMA8,1,24,BREAK_EVEN,True,BREAK_EVEN,0.0000
21225,2026-08-19 07:30:24.964,EMA_BOUNCE,EMA8,1,24,NO_BREAK_EVEN,True,BAR_CLOSE_TRAIL,13.0000
21225,2026-08-19 07:30:24.964,EMA_BOUNCE,EMA8,1,48,BREAK_EVEN,True,BREAK_EVEN,0.0000
21225,2026-08-19 07:30:24.964,EMA_BOUNCE,EMA8,1,48,NO_BREAK_EVEN,True,BAR_CLOSE_TRAIL,13.0000
21228,2026-08-19 07:30:58.048,EMA_BOUNCE,EMA8,1,12,BREAK_EVEN,True,BREAK_EVEN,0.0000
21228,2026-08-19 07:30:58.048,EMA_BOUNCE,EMA8,1,12,NO_BREAK_EVEN,True,BAR_CLOSE_TRAIL,0.0000
21228,2026-08-19 07:30:58.048,EMA_BOUNCE,EMA8,1,24,BREAK_EVEN,True,BREAK_EVEN,0.0000
21228,2026-08-19 07:30:58.048,EMA_BOUNCE,EMA8,1,24,NO_BREAK_EVEN,True,BAR_CLOSE_TRAIL,0.0000
21228,2026-08-19 07:30:58.048,EMA_BOUNCE,EMA8,1,48,BREAK_EVEN,True,BREAK_EVEN,0.0000
21228,2026-08-19 07:30:58.048,EMA_BOUNCE,EMA8,1,48,NO_BREAK_EVEN,True,BAR_CLOSE_TRAIL,0.0000
21232,2026-08-19 07:31:33.448,EMA_BOUNCE,EMA8,1,12,BREAK_EVEN,True,BAR_CLOSE_TRAIL,9.0000
21232,2026-08-19 07:31:33.448,EMA_BOUNCE,EMA8,1,12,NO_BREAK_EVEN,True,BAR_CLOSE_TRAIL,9.0000
21232,2026-08-19 07:31:33.448,EMA_BOUNCE,EMA8,1,24,BREAK_EVEN,True,BAR_CLOSE_TRAIL,9.0000
21232,2026-08-19 07:31:33.448,EMA_BOUNCE,EMA8,1,24,NO_BREAK_EVEN,True,BAR_CLOSE_TRAIL,9.0000
21232,2026-08-19 07:31:33.448,EMA_BOUNCE,EMA8,1,48,BREAK_EVEN,True,BAR_CLOSE_TRAIL,9.0000
21232,2026-08-19 07:31:33.448,EMA_BOUNCE,EMA8,1,48,NO_BREAK_EVEN,True,BAR_CLOSE_TRAIL,9.0000
21237,2026-08-19 07:32:54.000,EMA_BOUNCE,EMA8,1,12,BREAK_EVEN,True,BREAK_EVEN,0.0000
21237,2026-08-19 07:32:54.000,EMA_BOUNCE,EMA8,1,12,NO_BREAK_EVEN,True,BAR_CLOSE_TRAIL,0.0000
21237,2026-08-19 07:32:54.000,EMA_BOUNCE,EMA8,1,24,BREAK_EVEN,True,BREAK_EVEN,0.0000
21237,2026-08-19 07:32:54.000,EMA_BOUNCE,EMA8,1,24,NO_BREAK_EVEN,True,BAR_CLOSE_TRAIL,0.0000
21237,2026-08-19 07:32:54.000,EMA_BOUNCE,EMA8,1,48,BREAK_EVEN,True,BREAK_EVEN,0.0000
21237,2026-08-19 07:32:54.000,EMA_BOUNCE,EMA8,1,48,NO_BREAK_EVEN,True,BAR_CLOSE_TRAIL,0.0000
21239,2026-08-19 07:33:26.236,EMA_BOUNCE,EMA8,1,12,BREAK_EVEN,True,BREAK_EVEN,0.0000
21239,2026-08-19 07:33:26.236,EMA_BOUNCE,EMA8,1,12,NO_BREAK_EVEN,True,BAR_CLOSE_TRAIL,-1.0000
21239,2026-08-19 07:33:26.236,EMA_BOUNCE,EMA8,1,24,BREAK_EVEN,True,BREAK_EVEN,0.0000
21239,2026-08-19 07:33:26.236,EMA_BOUNCE,EMA8,1,24,NO_BREAK_EVEN,True,BAR_CLOSE_TRAIL,-1.0000
21239,2026-08-19 07:33:26.236,EMA_BOUNCE,EMA8,1,48,BREAK_EVEN,True,BREAK_EVEN,0.0000
21239,2026-08-19 07:33:26.236,EMA_BOUNCE,EMA8,1,48,NO_BREAK_EVEN,True,BAR_CLOSE_TRAIL,-1.0000
21245,2026-08-19 07:34:57.468,EMA_BOUNCE,EMA24,1,12,BREAK_EVEN,True,TIME,34.0000
21245,2026-08-19 07:34:57.468,EMA_BOUNCE,EMA24,1,12,NO_BREAK_EVEN,True,TIME,34.0000
21245,2026-08-19 07:34:57.468,EMA_BOUNCE,EMA24,1,24,BREAK_EVEN,True,BAR_CLOSE_TRAIL,39.0000
21245,2026-08-19 07:34:57.468,EMA_BOUNCE,EMA24,1,24,NO_BREAK_EVEN,True,BAR_CLOSE_TRAIL,39.0000
21245,2026-08-19 07:34:57.468,EMA_BOUNCE,EMA24,1,48,BREAK_EVEN,True,BAR_CLOSE_TRAIL,39.0000
21245,2026-08-19 07:34:57.468,EMA_BOUNCE,EMA24,1,48,NO_BREAK_EVEN,True,BAR_CLOSE_TRAIL,39.0000
21252,2026-08-19 07:36:54.752,EMA_BOUNCE,EMA8,1,12,BREAK_EVEN,True,TIME,29.0000
21252,2026-08-19 07:36:54.752,EMA_BOUNCE,EMA8,1,12,NO_BREAK_EVEN,True,TIME,29.0000
21252,2026-08-19 07:36:54.752,EMA_BOUNCE,EMA8,1,24,BREAK_EVEN,True,BAR_CLOSE_TRAIL,25.0000
21252,2026-08-19 07:36:54.752,EMA_BOUNCE,EMA8,1,24,NO_BREAK_EVEN,True,BAR_CLOSE_TRAIL,25.0000
21252,2026-08-19 07:36:54.752,EMA_BOUNCE,EMA8,1,48,BREAK_EVEN,True,BAR_CLOSE_TRAIL,25.0000
21252,2026-08-19 07:36:54.752,EMA_BOUNCE,EMA8,1,48,NO_BREAK_EVEN,True,BAR_CLOSE_TRAIL,25.0000
21255,2026-08-19 07:37:32.544,PIN_STRICT,PIN,1,12,BREAK_EVEN,True,BAR_CLOSE_TRAIL,12.0000
21255,2026-08-19 07:37:32.544,PIN_STRICT,PIN,1,12,NO_BREAK_EVEN,True,BAR_CLOSE_TRAIL,12.0000
21255,2026-08-19 07:37:32.544,PIN_STRICT,PIN,1,24,BREAK_EVEN,True,BAR_CLOSE_TRAIL,12.0000
21255,2026-08-19 07:37:32.544,PIN_STRICT,PIN,1,24,NO_BREAK_EVEN,True,BAR_CLOSE_TRAIL,12.0000
21255,2026-08-19 07:37:32.544,PIN_STRICT,PIN,1,48,BREAK_EVEN,True,BAR_CLOSE_TRAIL,12.0000
21255,2026-08-19 07:37:32.544,PIN_STRICT,PIN,1,48,NO_BREAK_EVEN,True,BAR_CLOSE_TRAIL,12.0000
21256,2026-08-19 07:38:00.032,PIN7,PIN7,1,12,BREAK_EVEN,True,BAR_CLOSE_TRAIL,10.0000
21256,2026-08-19 07:38:00.032,PIN7,PIN7,1,12,NO_BREAK_EVEN,True,BAR_CLOSE_TRAIL,10.0000
21256,2026-08-19 07:38:00.032,PIN7,PIN7,1,24,BREAK_EVEN,True,BAR_CLOSE_TRAIL,10.0000
21256,2026-08-19 07:38:00.032,PIN7,PIN7,1,24,NO_BREAK_EVEN,True,BAR_CLOSE_TRAIL,10.0000
21256,2026-08-19 07:38:00.032,PIN7,PIN7,1,48,BREAK_EVEN,True,BAR_CLOSE_TRAIL,10.0000
21256,2026-08-19 07:38:00.032,PIN7,PIN7,1,48,NO_BREAK_EVEN,True,BAR_CLOSE_TRAIL,10.0000
21274,2026-08-19 07:43:46.760,EMA_BOUNCE,EMA8,1,12,BREAK_EVEN,True,BREAK_EVEN,0.0000
21274,2026-08-19 07:43:46.760,EMA_BOUNCE,EMA8,1,12,NO_BREAK_EVEN,True,BAR_CLOSE_TRAIL,-1.0000
21274,2026-08-19 07:43:46.760,EMA_BOUNCE,EMA8,1,24,BREAK_EVEN,True,BREAK_EVEN,0.0000
21274,2026-08-19 07:43:46.760,EMA_BOUNCE,EMA8,1,24,NO_BREAK_EVEN,True,BAR_CLOSE_TRAIL,-1.0000
21274,2026-08-19 07:43:46.760,EMA_BOUNCE,EMA8,1,48,BREAK_EVEN,True,BREAK_EVEN,0.0000
21274,2026-08-19 07:43:46.760,EMA_BOUNCE,EMA8,1,48,NO_BREAK_EVEN,True,BAR_CLOSE_TRAIL,-1.0000
21308,2026-08-19 07:56:09.676,PIN7,PIN7,1,12,BREAK_EVEN,True,TIME,28.0000
21308,2026-08-19 07:56:09.676,PIN7,PIN7,1,12,NO_BREAK_EVEN,True,TIME,28.0000
21308,2026-08-19 07:56:09.676,PIN7,PIN7,1,24,BREAK_EVEN,True,BAR_CLOSE_TRAIL,22.0000
21308,2026-08-19 07:56:09.676,PIN7,PIN7,1,24,NO_BREAK_EVEN,True,BAR_CLOSE_TRAIL,22.0000
21308,2026-08-19 07:56:09.676,PIN7,PIN7,1,48,BREAK_EVEN,True,BAR_CLOSE_TRAIL,22.0000
21308,2026-08-19 07:56:09.676,PIN7,PIN7,1,48,NO_BREAK_EVEN,True,BAR_CLOSE_TRAIL,22.0000
21309,2026-08-19 07:56:12.928,PIN7,PIN7,1,12,BREAK_EVEN,True,TIME,23.0000
21309,2026-08-19 07:56:12.928,PIN7,PIN7,1,12,NO_BREAK_EVEN,True,TIME,23.0000
21309,2026-08-19 07:56:12.928,PIN7,PIN7,1,24,BREAK_EVEN,True,BAR_CLOSE_TRAIL,19.0000
21309,2026-08-19 07:56:12.928,PIN7,PIN7,1,24,NO_BREAK_EVEN,True,BAR_CLOSE_TRAIL,19.0000
21309,2026-08-19 07:56:12.928,PIN7,PIN7,1,48,BREAK_EVEN,True,BAR_CLOSE_TRAIL,19.0000
21309,2026-08-19 07:56:12.928,PIN7,PIN7,1,48,NO_BREAK_EVEN,True,BAR_CLOSE_TRAIL,19.0000
21311,2026-08-19 07:56:46.280,PIN_STRICT,PIN,1,12,BREAK_EVEN,True,BAR_CLOSE_TRAIL,11.0000
21311,2026-08-19 07:56:46.280,PIN_STRICT,PIN,1,12,NO_BREAK_EVEN,True,BAR_CLOSE_TRAIL,11.0000
21311,2026-08-19 07:56:46.280,PIN_STRICT,PIN,1,24,BREAK_EVEN,True,BAR_CLOSE_TRAIL,11.0000
21311,2026-08-19 07:56:46.280,PIN_STRICT,PIN,1,24,NO_BREAK_EVEN,True,BAR_CLOSE_TRAIL,11.0000
21311,2026-08-19 07:56:46.280,PIN_STRICT,PIN,1,48,BREAK_EVEN,True,BAR_CLOSE_TRAIL,11.0000
21311,2026-08-19 07:56:46.280,PIN_STRICT,PIN,1,48,NO_BREAK_EVEN,True,BAR_CLOSE_TRAIL,11.0000
21700,2026-08-19 11:01:15.076,PIN7,PIN7,1,12,BREAK_EVEN,True,BREAK_EVEN,0.0000
21700,2026-08-19 11:01:15.076,PIN7,PIN7,1,12,NO_BREAK_EVEN,True,BAR_CLOSE_TRAIL,13.0000
21700,2026-08-19 11:01:15.076,PIN7,PIN7,1,24,BREAK_EVEN,True,BREAK_EVEN,0.0000
21700,2026-08-19 11:01:15.076,PIN7,PIN7,1,24,NO_BREAK_EVEN,True,BAR_CLOSE_TRAIL,13.0000
21700,2026-08-19 11:01:15.076,PIN7,PIN7,1,48,BREAK_EVEN,True,BREAK_EVEN,0.0000
21700,2026-08-19 11:01:15.076,PIN7,PIN7,1,48,NO_BREAK_EVEN,True,BAR_CLOSE_TRAIL,13.0000
21716,2026-08-19 11:05:12.540,EMA_BOUNCE,EMA24,1,12,BREAK_EVEN,True,BREAK_EVEN,0.0000
21716,2026-08-19 11:05:12.540,EMA_BOUNCE,EMA24,1,12,NO_BREAK_EVEN,True,BAR_CLOSE_TRAIL,0.0000
21716,2026-08-19 11:05:12.540,EMA_BOUNCE,EMA24,1,24,BREAK_EVEN,True,BREAK_EVEN,0.0000
21716,2026-08-19 11:05:12.540,EMA_BOUNCE,EMA24,1,24,NO_BREAK_EVEN,True,BAR_CLOSE_TRAIL,0.0000
21716,2026-08-19 11:05:12.540,EMA_BOUNCE,EMA24,1,48,BREAK_EVEN,True,BREAK_EVEN,0.0000
21716,2026-08-19 11:05:12.540,EMA_BOUNCE,EMA24,1,48,NO_BREAK_EVEN,True,BAR_CLOSE_TRAIL,0.0000
21734,2026-08-19 11:08:32.724,PIN7,PIN7,-1,12,BREAK_EVEN,False,HARD_STOP,-10.0000
21734,2026-08-19 11:08:32.724,PIN7,PIN7,-1,12,NO_BREAK_EVEN,False,HARD_STOP,-10.0000
21734,2026-08-19 11:08:32.724,PIN7,PIN7,-1,24,BREAK_EVEN,False,HARD_STOP,-10.0000
21734,2026-08-19 11:08:32.724,PIN7,PIN7,-1,24,NO_BREAK_EVEN,False,HARD_STOP,-10.0000
21734,2026-08-19 11:08:32.724,PIN7,PIN7,-1,48,BREAK_EVEN,False,HARD_STOP,-10.0000
21734,2026-08-19 11:08:32.724,PIN7,PIN7,-1,48,NO_BREAK_EVEN,False,HARD_STOP,-10.0000
21737,2026-08-19 11:09:12.024,EMA_BOUNCE,EMA8,-1,12,BREAK_EVEN,True,BREAK_EVEN,0.0000
21737,2026-08-19 11:09:12.024,EMA_BOUNCE,EMA8,-1,12,NO_BREAK_EVEN,True,BAR_CLOSE_TRAIL,-0.0000
21737,2026-08-19 11:09:12.024,EMA_BOUNCE,EMA8,-1,24,BREAK_EVEN,True,BREAK_EVEN,0.0000
21737,2026-08-19 11:09:12.024,EMA_BOUNCE,EMA8,-1,24,NO_BREAK_EVEN,True,BAR_CLOSE_TRAIL,-0.0000
21737,2026-08-19 11:09:12.024,EMA_BOUNCE,EMA8,-1,48,BREAK_EVEN,True,BREAK_EVEN,0.0000
21737,2026-08-19 11:09:12.024,EMA_BOUNCE,EMA8,-1,48,NO_BREAK_EVEN,True,BAR_CLOSE_TRAIL,-0.0000
21739,2026-08-19 11:09:47.120,EMA_BOUNCE,EMA8,-1,12,BREAK_EVEN,False,HARD_STOP,-10.0000
21739,2026-08-19 11:09:47.120,EMA_BOUNCE,EMA8,-1,12,NO_BREAK_EVEN,False,HARD_STOP,-10.0000
21739,2026-08-19 11:09:47.120,EMA_BOUNCE,EMA8,-1,24,BREAK_EVEN,False,HARD_STOP,-10.0000
21739,2026-08-19 11:09:47.120,EMA_BOUNCE,EMA8,-1,24,NO_BREAK_EVEN,False,HARD_STOP,-10.0000
21739,2026-08-19 11:09:47.120,EMA_BOUNCE,EMA8,-1,48,BREAK_EVEN,False,HARD_STOP,-10.0000
21739,2026-08-19 11:09:47.120,EMA_BOUNCE,EMA8,-1,48,NO_BREAK_EVEN,False,HARD_STOP,-10.0000
21741,2026-08-19 11:10:30.596,EMA_BOUNCE,EMA8,-1,12,BREAK_EVEN,False,HARD_STOP,-10.0000
21741,2026-08-19 11:10:30.596,EMA_BOUNCE,EMA8,-1,12,NO_BREAK_EVEN,False,HARD_STOP,-10.0000
21741,2026-08-19 11:10:30.596,EMA_BOUNCE,EMA8,-1,24,BREAK_EVEN,False,HARD_STOP,-10.0000
21741,2026-08-19 11:10:30.596,EMA_BOUNCE,EMA8,-1,24,NO_BREAK_EVEN,False,HARD_STOP,-10.0000
21741,2026-08-19 11:10:30.596,EMA_BOUNCE,EMA8,-1,48,BREAK_EVEN,False,HARD_STOP,-10.0000
21741,2026-08-19 11:10:30.596,EMA_BOUNCE,EMA8,-1,48,NO_BREAK_EVEN,False,HARD_STOP,-10.0000
21743,2026-08-19 11:11:16.744,EMA_BOUNCE,EMA8,-1,12,BREAK_EVEN,False,HARD_STOP,-10.0000
21743,2026-08-19 11:11:16.744,EMA_BOUNCE,EMA8,-1,12,NO_BREAK_EVEN,False,HARD_STOP,-10.0000
21743,2026-08-19 11:11:16.744,EMA_BOUNCE,EMA8,-1,24,BREAK_EVEN,False,HARD_STOP,-10.0000
21743,2026-08-19 11:11:16.744,EMA_BOUNCE,EMA8,-1,24,NO_BREAK_EVEN,False,HARD_STOP,-10.0000
21743,2026-08-19 11:11:16.744,EMA_BOUNCE,EMA8,-1,48,BREAK_EVEN,False,HARD_STOP,-10.0000
21743,2026-08-19 11:11:16.744,EMA_BOUNCE,EMA8,-1,48,NO_BREAK_EVEN,False,HARD_STOP,-10.0000
21791,2026-08-19 11:34:12.500,EMA_BOUNCE,EMA8,1,12,BREAK_EVEN,True,BREAK_EVEN,0.0000
21791,2026-08-19 11:34:12.500,EMA_BOUNCE,EMA8,1,12,NO_BREAK_EVEN,True,BAR_CLOSE_TRAIL,-1.0000
21791,2026-08-19 11:34:12.500,EMA_BOUNCE,EMA8,1,24,BREAK_EVEN,True,BREAK_EVEN,0.0000
21791,2026-08-19 11:34:12.500,EMA_BOUNCE,EMA8,1,24,NO_BREAK_EVEN,True,BAR_CLOSE_TRAIL,-1.0000
21791,2026-08-19 11:34:12.500,EMA_BOUNCE,EMA8,1,48,BREAK_EVEN,True,BREAK_EVEN,0.0000
21791,2026-08-19 11:34:12.500,EMA_BOUNCE,EMA8,1,48,NO_BREAK_EVEN,True,BAR_CLOSE_TRAIL,-1.0000
21795,2026-08-19 11:35:52.824,EMA_BOUNCE,EMA8,1,12,BREAK_EVEN,True,BREAK_EVEN,0.0000
21795,2026-08-19 11:35:52.824,EMA_BOUNCE,EMA8,1,12,NO_BREAK_EVEN,True,BAR_CLOSE_TRAIL,-1.0000
21795,2026-08-19 11:35:52.824,EMA_BOUNCE,EMA8,1,24,BREAK_EVEN,True,BREAK_EVEN,0.0000
21795,2026-08-19 11:35:52.824,EMA_BOUNCE,EMA8,1,24,NO_BREAK_EVEN,True,BAR_CLOSE_TRAIL,-1.0000
21795,2026-08-19 11:35:52.824,EMA_BOUNCE,EMA8,1,48,BREAK_EVEN,True,BREAK_EVEN,0.0000
21795,2026-08-19 11:35:52.824,EMA_BOUNCE,EMA8,1,48,NO_BREAK_EVEN,True,BAR_CLOSE_TRAIL,-1.0000
21837,2026-08-19 12:09:37.936,PIN7,PIN7,1,12,BREAK_EVEN,False,HARD_STOP,-10.0000
21837,2026-08-19 12:09:37.936,PIN7,PIN7,1,12,NO_BREAK_EVEN,False,HARD_STOP,-10.0000
21837,2026-08-19 12:09:37.936,PIN7,PIN7,1,24,BREAK_EVEN,False,HARD_STOP,-10.0000
21837,2026-08-19 12:09:37.936,PIN7,PIN7,1,24,NO_BREAK_EVEN,False,HARD_STOP,-10.0000
21837,2026-08-19 12:09:37.936,PIN7,PIN7,1,48,BREAK_EVEN,False,HARD_STOP,-10.0000
21837,2026-08-19 12:09:37.936,PIN7,PIN7,1,48,NO_BREAK_EVEN,False,HARD_STOP,-10.0000
21882,2026-08-19 12:40:34.820,EMA_BOUNCE,EMA8,-1,12,BREAK_EVEN,True,BREAK_EVEN,0.0000
21882,2026-08-19 12:40:34.820,EMA_BOUNCE,EMA8,-1,12,NO_BREAK_EVEN,True,TIME,17.0000
21882,2026-08-19 12:40:34.820,EMA_BOUNCE,EMA8,-1,24,BREAK_EVEN,True,BREAK_EVEN,0.0000
21882,2026-08-19 12:40:34.820,EMA_BOUNCE,EMA8,-1,24,NO_BREAK_EVEN,True,BAR_CLOSE_TRAIL,25.0000
21882,2026-08-19 12:40:34.820,EMA_BOUNCE,EMA8,-1,48,BREAK_EVEN,True,BREAK_EVEN,0.0000
21882,2026-08-19 12:40:34.820,EMA_BOUNCE,EMA8,-1,48,NO_BREAK_EVEN,True,BAR_CLOSE_TRAIL,25.0000
21893,2026-08-19 12:45:43.884,EMA_BOUNCE,EMA8,-1,12,BREAK_EVEN,True,BAR_CLOSE_TRAIL,13.0000
21893,2026-08-19 12:45:43.884,EMA_BOUNCE,EMA8,-1,12,NO_BREAK_EVEN,True,BAR_CLOSE_TRAIL,13.0000
21893,2026-08-19 12:45:43.884,EMA_BOUNCE,EMA8,-1,24,BREAK_EVEN,True,BAR_CLOSE_TRAIL,13.0000
21893,2026-08-19 12:45:43.884,EMA_BOUNCE,EMA8,-1,24,NO_BREAK_EVEN,True,BAR_CLOSE_TRAIL,13.0000
21893,2026-08-19 12:45:43.884,EMA_BOUNCE,EMA8,-1,48,BREAK_EVEN,True,BAR_CLOSE_TRAIL,13.0000
21893,2026-08-19 12:45:43.884,EMA_BOUNCE,EMA8,-1,48,NO_BREAK_EVEN,True,BAR_CLOSE_TRAIL,13.0000
21905,2026-08-19 12:48:30.592,EMA_BOUNCE,EMA24,-1,12,BREAK_EVEN,True,BAR_CLOSE_TRAIL,8.0000
21905,2026-08-19 12:48:30.592,EMA_BOUNCE,EMA24,-1,12,NO_BREAK_EVEN,True,BAR_CLOSE_TRAIL,8.0000
21905,2026-08-19 12:48:30.592,EMA_BOUNCE,EMA24,-1,24,BREAK_EVEN,True,BAR_CLOSE_TRAIL,8.0000
21905,2026-08-19 12:48:30.592,EMA_BOUNCE,EMA24,-1,24,NO_BREAK_EVEN,True,BAR_CLOSE_TRAIL,8.0000
21905,2026-08-19 12:48:30.592,EMA_BOUNCE,EMA24,-1,48,BREAK_EVEN,True,BAR_CLOSE_TRAIL,8.0000
21905,2026-08-19 12:48:30.592,EMA_BOUNCE,EMA24,-1,48,NO_BREAK_EVEN,True,BAR_CLOSE_TRAIL,8.0000
21908,2026-08-19 12:50:00.024,EMA_BOUNCE,EMA8,-1,12,BREAK_EVEN,True,BAR_CLOSE_TRAIL,7.0000
21908,2026-08-19 12:50:00.024,EMA_BOUNCE,EMA8,-1,12,NO_BREAK_EVEN,True,BAR_CLOSE_TRAIL,7.0000
21908,2026-08-19 12:50:00.024,EMA_BOUNCE,EMA8,-1,24,BREAK_EVEN,True,BAR_CLOSE_TRAIL,7.0000
21908,2026-08-19 12:50:00.024,EMA_BOUNCE,EMA8,-1,24,NO_BREAK_EVEN,True,BAR_CLOSE_TRAIL,7.0000
21908,2026-08-19 12:50:00.024,EMA_BOUNCE,EMA8,-1,48,BREAK_EVEN,True,BAR_CLOSE_TRAIL,7.0000
21908,2026-08-19 12:50:00.024,EMA_BOUNCE,EMA8,-1,48,NO_BREAK_EVEN,True,BAR_CLOSE_TRAIL,7.0000
21920,2026-08-19 12:52:00.224,EMA_BOUNCE,EMA8,-1,12,BREAK_EVEN,True,BREAK_EVEN,0.0000
21920,2026-08-19 12:52:00.224,EMA_BOUNCE,EMA8,-1,12,NO_BREAK_EVEN,True,BAR_CLOSE_TRAIL,-3.0000
21920,2026-08-19 12:52:00.224,EMA_BOUNCE,EMA8,-1,24,BREAK_EVEN,True,BREAK_EVEN,0.0000
21920,2026-08-19 12:52:00.224,EMA_BOUNCE,EMA8,-1,24,NO_BREAK_EVEN,True,BAR_CLOSE_TRAIL,-3.0000
21920,2026-08-19 12:52:00.224,EMA_BOUNCE,EMA8,-1,48,BREAK_EVEN,True,BREAK_EVEN,0.0000
21920,2026-08-19 12:52:00.224,EMA_BOUNCE,EMA8,-1,48,NO_BREAK_EVEN,True,BAR_CLOSE_TRAIL,-3.0000
21958,2026-08-19 12:59:57.512,PIN7,PIN7,1,12,BREAK_EVEN,True,BREAK_EVEN,0.0000
21958,2026-08-19 12:59:57.512,PIN7,PIN7,1,12,NO_BREAK_EVEN,True,BAR_CLOSE_TRAIL,-2.0000
21958,2026-08-19 12:59:57.512,PIN7,PIN7,1,24,BREAK_EVEN,True,BREAK_EVEN,0.0000
21958,2026-08-19 12:59:57.512,PIN7,PIN7,1,24,NO_BREAK_EVEN,True,BAR_CLOSE_TRAIL,-2.0000
21958,2026-08-19 12:59:57.512,PIN7,PIN7,1,48,BREAK_EVEN,True,BREAK_EVEN,0.0000
21958,2026-08-19 12:59:57.512,PIN7,PIN7,1,48,NO_BREAK_EVEN,True,BAR_CLOSE_TRAIL,-2.0000
22989,2026-08-20 06:31:16.112,PIN7,PIN7,1,12,BREAK_EVEN,True,BREAK_EVEN,0.0000
22989,2026-08-20 06:31:16.112,PIN7,PIN7,1,12,NO_BREAK_EVEN,True,BAR_CLOSE_TRAIL,9.0000
22989,2026-08-20 06:31:16.112,PIN7,PIN7,1,24,BREAK_EVEN,True,BREAK_EVEN,0.0000
22989,2026-08-20 06:31:16.112,PIN7,PIN7,1,24,NO_BREAK_EVEN,True,BAR_CLOSE_TRAIL,9.0000
22989,2026-08-20 06:31:16.112,PIN7,PIN7,1,48,BREAK_EVEN,True,BREAK_EVEN,0.0000
22989,2026-08-20 06:31:16.112,PIN7,PIN7,1,48,NO_BREAK_EVEN,True,BAR_CLOSE_TRAIL,9.0000
23000,2026-08-20 06:32:55.440,EMA_BOUNCE,EMA24,1,12,BREAK_EVEN,True,BREAK_EVEN,0.0000
23000,2026-08-20 06:32:55.440,EMA_BOUNCE,EMA24,1,12,NO_BREAK_EVEN,True,BAR_CLOSE_TRAIL,-3.0000
23000,2026-08-20 06:32:55.440,EMA_BOUNCE,EMA24,1,24,BREAK_EVEN,True,BREAK_EVEN,0.0000
23000,2026-08-20 06:32:55.440,EMA_BOUNCE,EMA24,1,24,NO_BREAK_EVEN,True,BAR_CLOSE_TRAIL,-3.0000
23000,2026-08-20 06:32:55.440,EMA_BOUNCE,EMA24,1,48,BREAK_EVEN,True,BREAK_EVEN,0.0000
23000,2026-08-20 06:32:55.440,EMA_BOUNCE,EMA24,1,48,NO_BREAK_EVEN,True,BAR_CLOSE_TRAIL,-3.0000
23015,2026-08-20 06:34:23.120,EMA_BOUNCE,EMA8,1,12,BREAK_EVEN,True,BREAK_EVEN,0.0000
23015,2026-08-20 06:34:23.120,EMA_BOUNCE,EMA8,1,12,NO_BREAK_EVEN,True,BAR_CLOSE_TRAIL,0.0000
23015,2026-08-20 06:34:23.120,EMA_BOUNCE,EMA8,1,24,BREAK_EVEN,True,BREAK_EVEN,0.0000
23015,2026-08-20 06:34:23.120,EMA_BOUNCE,EMA8,1,24,NO_BREAK_EVEN,True,BAR_CLOSE_TRAIL,0.0000
23015,2026-08-20 06:34:23.120,EMA_BOUNCE,EMA8,1,48,BREAK_EVEN,True,BREAK_EVEN,0.0000
23015,2026-08-20 06:34:23.120,EMA_BOUNCE,EMA8,1,48,NO_BREAK_EVEN,True,BAR_CLOSE_TRAIL,0.0000
23017,2026-08-20 06:34:37.024,EMA_BOUNCE,EMA8,1,12,BREAK_EVEN,True,BREAK_EVEN,0.0000
23017,2026-08-20 06:34:37.024,EMA_BOUNCE,EMA8,1,12,NO_BREAK_EVEN,True,BAR_CLOSE_TRAIL,-2.0000
23017,2026-08-20 06:34:37.024,EMA_BOUNCE,EMA8,1,24,BREAK_EVEN,True,BREAK_EVEN,0.0000
23017,2026-08-20 06:34:37.024,EMA_BOUNCE,EMA8,1,24,NO_BREAK_EVEN,True,BAR_CLOSE_TRAIL,-2.0000
23017,2026-08-20 06:34:37.024,EMA_BOUNCE,EMA8,1,48,BREAK_EVEN,True,BREAK_EVEN,0.0000
23017,2026-08-20 06:34:37.024,EMA_BOUNCE,EMA8,1,48,NO_BREAK_EVEN,True,BAR_CLOSE_TRAIL,-2.0000
23024,2026-08-20 06:35:15.608,EMA_BOUNCE,EMA24,1,12,BREAK_EVEN,True,TIME,34.0000
23024,2026-08-20 06:35:15.608,EMA_BOUNCE,EMA24,1,12,NO_BREAK_EVEN,True,TIME,34.0000
23024,2026-08-20 06:35:15.608,EMA_BOUNCE,EMA24,1,24,BREAK_EVEN,True,BAR_CLOSE_TRAIL,29.0000
23024,2026-08-20 06:35:15.608,EMA_BOUNCE,EMA24,1,24,NO_BREAK_EVEN,True,BAR_CLOSE_TRAIL,29.0000
23024,2026-08-20 06:35:15.608,EMA_BOUNCE,EMA24,1,48,BREAK_EVEN,True,BAR_CLOSE_TRAIL,29.0000
23024,2026-08-20 06:35:15.608,EMA_BOUNCE,EMA24,1,48,NO_BREAK_EVEN,True,BAR_CLOSE_TRAIL,29.0000
23033,2026-08-20 06:35:29.792,PIN7,PIN7,1,12,BREAK_EVEN,True,BREAK_EVEN,0.0000
23033,2026-08-20 06:35:29.792,PIN7,PIN7,1,12,NO_BREAK_EVEN,True,BAR_CLOSE_TRAIL,1.0000
23033,2026-08-20 06:35:29.792,PIN7,PIN7,1,24,BREAK_EVEN,True,BREAK_EVEN,0.0000
23033,2026-08-20 06:35:29.792,PIN7,PIN7,1,24,NO_BREAK_EVEN,True,BAR_CLOSE_TRAIL,1.0000
23033,2026-08-20 06:35:29.792,PIN7,PIN7,1,48,BREAK_EVEN,True,BREAK_EVEN,0.0000
23033,2026-08-20 06:35:29.792,PIN7,PIN7,1,48,NO_BREAK_EVEN,True,BAR_CLOSE_TRAIL,1.0000
23061,2026-08-20 06:39:36.900,PIN7,PIN7,1,12,BREAK_EVEN,False,HARD_STOP,-10.0000
23061,2026-08-20 06:39:36.900,PIN7,PIN7,1,12,NO_BREAK_EVEN,False,HARD_STOP,-10.0000
23061,2026-08-20 06:39:36.900,PIN7,PIN7,1,24,BREAK_EVEN,False,HARD_STOP,-10.0000
23061,2026-08-20 06:39:36.900,PIN7,PIN7,1,24,NO_BREAK_EVEN,False,HARD_STOP,-10.0000
23061,2026-08-20 06:39:36.900,PIN7,PIN7,1,48,BREAK_EVEN,False,HARD_STOP,-10.0000
23061,2026-08-20 06:39:36.900,PIN7,PIN7,1,48,NO_BREAK_EVEN,False,HARD_STOP,-10.0000
23079,2026-08-20 06:41:02.996,EMA_BOUNCE,EMA50,-1,12,BREAK_EVEN,False,HARD_STOP,-10.0000
23079,2026-08-20 06:41:02.996,EMA_BOUNCE,EMA50,-1,12,NO_BREAK_EVEN,False,HARD_STOP,-10.0000
23079,2026-08-20 06:41:02.996,EMA_BOUNCE,EMA50,-1,24,BREAK_EVEN,False,HARD_STOP,-10.0000
23079,2026-08-20 06:41:02.996,EMA_BOUNCE,EMA50,-1,24,NO_BREAK_EVEN,False,HARD_STOP,-10.0000
23079,2026-08-20 06:41:02.996,EMA_BOUNCE,EMA50,-1,48,BREAK_EVEN,False,HARD_STOP,-10.0000
23079,2026-08-20 06:41:02.996,EMA_BOUNCE,EMA50,-1,48,NO_BREAK_EVEN,False,HARD_STOP,-10.0000
23096,2026-08-20 06:43:25.136,EMA_BOUNCE,EMA8,1,12,BREAK_EVEN,True,BREAK_EVEN,0.0000
23096,2026-08-20 06:43:25.136,EMA_BOUNCE,EMA8,1,12,NO_BREAK_EVEN,True,BAR_CLOSE_TRAIL,-2.0000
23096,2026-08-20 06:43:25.136,EMA_BOUNCE,EMA8,1,24,BREAK_EVEN,True,BREAK_EVEN,0.0000
23096,2026-08-20 06:43:25.136,EMA_BOUNCE,EMA8,1,24,NO_BREAK_EVEN,True,BAR_CLOSE_TRAIL,-2.0000
23096,2026-08-20 06:43:25.136,EMA_BOUNCE,EMA8,1,48,BREAK_EVEN,True,BREAK_EVEN,0.0000
23096,2026-08-20 06:43:25.136,EMA_BOUNCE,EMA8,1,48,NO_BREAK_EVEN,True,BAR_CLOSE_TRAIL,-2.0000
23098,2026-08-20 06:43:43.292,EMA_BOUNCE,EMA8,1,12,BREAK_EVEN,True,BREAK_EVEN,0.0000
23098,2026-08-20 06:43:43.292,EMA_BOUNCE,EMA8,1,12,NO_BREAK_EVEN,True,BAR_CLOSE_TRAIL,-1.0000
23098,2026-08-20 06:43:43.292,EMA_BOUNCE,EMA8,1,24,BREAK_EVEN,True,BREAK_EVEN,0.0000
23098,2026-08-20 06:43:43.292,EMA_BOUNCE,EMA8,1,24,NO_BREAK_EVEN,True,BAR_CLOSE_TRAIL,-1.0000
23098,2026-08-20 06:43:43.292,EMA_BOUNCE,EMA8,1,48,BREAK_EVEN,True,BREAK_EVEN,0.0000
23098,2026-08-20 06:43:43.292,EMA_BOUNCE,EMA8,1,48,NO_BREAK_EVEN,True,BAR_CLOSE_TRAIL,-1.0000
23100,2026-08-20 06:44:03.852,PIN7,PIN7,1,12,BREAK_EVEN,False,HARD_STOP,-10.0000
23100,2026-08-20 06:44:03.852,PIN7,PIN7,1,12,NO_BREAK_EVEN,False,HARD_STOP,-10.0000
23100,2026-08-20 06:44:03.852,PIN7,PIN7,1,24,BREAK_EVEN,False,HARD_STOP,-10.0000
23100,2026-08-20 06:44:03.852,PIN7,PIN7,1,24,NO_BREAK_EVEN,False,HARD_STOP,-10.0000
23100,2026-08-20 06:44:03.852,PIN7,PIN7,1,48,BREAK_EVEN,False,HARD_STOP,-10.0000
23100,2026-08-20 06:44:03.852,PIN7,PIN7,1,48,NO_BREAK_EVEN,False,HARD_STOP,-10.0000
23102,2026-08-20 06:44:19.000,EMA_BOUNCE,EMA8,1,12,BREAK_EVEN,False,HARD_STOP,-10.0000
23102,2026-08-20 06:44:19.000,EMA_BOUNCE,EMA8,1,12,NO_BREAK_EVEN,False,HARD_STOP,-10.0000
23102,2026-08-20 06:44:19.000,EMA_BOUNCE,EMA8,1,24,BREAK_EVEN,False,HARD_STOP,-10.0000
23102,2026-08-20 06:44:19.000,EMA_BOUNCE,EMA8,1,24,NO_BREAK_EVEN,False,HARD_STOP,-10.0000
23102,2026-08-20 06:44:19.000,EMA_BOUNCE,EMA8,1,48,BREAK_EVEN,False,HARD_STOP,-10.0000
23102,2026-08-20 06:44:19.000,EMA_BOUNCE,EMA8,1,48,NO_BREAK_EVEN,False,HARD_STOP,-10.0000
23266,2026-08-20 07:03:58.616,EMA_BOUNCE,EMA24,-1,12,BREAK_EVEN,True,BREAK_EVEN,0.0000
23266,2026-08-20 07:03:58.616,EMA_BOUNCE,EMA24,-1,12,NO_BREAK_EVEN,True,BAR_CLOSE_TRAIL,2.0000
23266,2026-08-20 07:03:58.616,EMA_BOUNCE,EMA24,-1,24,BREAK_EVEN,True,BREAK_EVEN,0.0000
23266,2026-08-20 07:03:58.616,EMA_BOUNCE,EMA24,-1,24,NO_BREAK_EVEN,True,BAR_CLOSE_TRAIL,2.0000
23266,2026-08-20 07:03:58.616,EMA_BOUNCE,EMA24,-1,48,BREAK_EVEN,True,BREAK_EVEN,0.0000
23266,2026-08-20 07:03:58.616,EMA_BOUNCE,EMA24,-1,48,NO_BREAK_EVEN,True,BAR_CLOSE_TRAIL,2.0000
23275,2026-08-20 07:05:05.376,PIN7,PIN7,-1,12,BREAK_EVEN,True,BREAK_EVEN,0.0000
23275,2026-08-20 07:05:05.376,PIN7,PIN7,-1,12,NO_BREAK_EVEN,True,BAR_CLOSE_TRAIL,-2.0000
23275,2026-08-20 07:05:05.376,PIN7,PIN7,-1,24,BREAK_EVEN,True,BREAK_EVEN,0.0000
23275,2026-08-20 07:05:05.376,PIN7,PIN7,-1,24,NO_BREAK_EVEN,True,BAR_CLOSE_TRAIL,-2.0000
23275,2026-08-20 07:05:05.376,PIN7,PIN7,-1,48,BREAK_EVEN,True,BREAK_EVEN,0.0000
23275,2026-08-20 07:05:05.376,PIN7,PIN7,-1,48,NO_BREAK_EVEN,True,BAR_CLOSE_TRAIL,-2.0000
23305,2026-08-20 07:08:35.256,PIN7,PIN7,-1,12,BREAK_EVEN,False,HARD_STOP,-10.0000
23305,2026-08-20 07:08:35.256,PIN7,PIN7,-1,12,NO_BREAK_EVEN,False,HARD_STOP,-10.0000
23305,2026-08-20 07:08:35.256,PIN7,PIN7,-1,24,BREAK_EVEN,False,HARD_STOP,-10.0000
23305,2026-08-20 07:08:35.256,PIN7,PIN7,-1,24,NO_BREAK_EVEN,False,HARD_STOP,-10.0000
23305,2026-08-20 07:08:35.256,PIN7,PIN7,-1,48,BREAK_EVEN,False,HARD_STOP,-10.0000
23305,2026-08-20 07:08:35.256,PIN7,PIN7,-1,48,NO_BREAK_EVEN,False,HARD_STOP,-10.0000
23314,2026-08-20 07:09:51.876,PIN7,PIN7,1,12,BREAK_EVEN,True,BREAK_EVEN,0.0000
23314,2026-08-20 07:09:51.876,PIN7,PIN7,1,12,NO_BREAK_EVEN,True,BAR_CLOSE_TRAIL,-2.0000
23314,2026-08-20 07:09:51.876,PIN7,PIN7,1,24,BREAK_EVEN,True,BREAK_EVEN,0.0000
23314,2026-08-20 07:09:51.876,PIN7,PIN7,1,24,NO_BREAK_EVEN,True,BAR_CLOSE_TRAIL,-2.0000
23314,2026-08-20 07:09:51.876,PIN7,PIN7,1,48,BREAK_EVEN,True,BREAK_EVEN,0.0000
23314,2026-08-20 07:09:51.876,PIN7,PIN7,1,48,NO_BREAK_EVEN,True,BAR_CLOSE_TRAIL,-2.0000
23315,2026-08-20 07:09:58.196,PIN7,PIN7,1,12,BREAK_EVEN,False,HARD_STOP,-10.0000
23315,2026-08-20 07:09:58.196,PIN7,PIN7,1,12,NO_BREAK_EVEN,False,HARD_STOP,-10.0000
23315,2026-08-20 07:09:58.196,PIN7,PIN7,1,24,BREAK_EVEN,False,HARD_STOP,-10.0000
23315,2026-08-20 07:09:58.196,PIN7,PIN7,1,24,NO_BREAK_EVEN,False,HARD_STOP,-10.0000
23315,2026-08-20 07:09:58.196,PIN7,PIN7,1,48,BREAK_EVEN,False,HARD_STOP,-10.0000
23315,2026-08-20 07:09:58.196,PIN7,PIN7,1,48,NO_BREAK_EVEN,False,HARD_STOP,-10.0000
23316,2026-08-20 07:10:07.588,PIN7,PIN7,1,12,BREAK_EVEN,False,HARD_STOP,-10.0000
23316,2026-08-20 07:10:07.588,PIN7,PIN7,1,12,NO_BREAK_EVEN,False,HARD_STOP,-10.0000
23316,2026-08-20 07:10:07.588,PIN7,PIN7,1,24,BREAK_EVEN,False,HARD_STOP,-10.0000
23316,2026-08-20 07:10:07.588,PIN7,PIN7,1,24,NO_BREAK_EVEN,False,HARD_STOP,-10.0000
23316,2026-08-20 07:10:07.588,PIN7,PIN7,1,48,BREAK_EVEN,False,HARD_STOP,-10.0000
23316,2026-08-20 07:10:07.588,PIN7,PIN7,1,48,NO_BREAK_EVEN,False,HARD_STOP,-10.0000
23318,2026-08-20 07:10:28.672,EMA_BOUNCE,EMA8,1,12,BREAK_EVEN,False,HARD_STOP,-10.0000
23318,2026-08-20 07:10:28.672,EMA_BOUNCE,EMA8,1,12,NO_BREAK_EVEN,False,HARD_STOP,-10.0000
23318,2026-08-20 07:10:28.672,EMA_BOUNCE,EMA8,1,24,BREAK_EVEN,False,HARD_STOP,-10.0000
23318,2026-08-20 07:10:28.672,EMA_BOUNCE,EMA8,1,24,NO_BREAK_EVEN,False,HARD_STOP,-10.0000
23318,2026-08-20 07:10:28.672,EMA_BOUNCE,EMA8,1,48,BREAK_EVEN,False,HARD_STOP,-10.0000
23318,2026-08-20 07:10:28.672,EMA_BOUNCE,EMA8,1,48,NO_BREAK_EVEN,False,HARD_STOP,-10.0000
23327,2026-08-20 07:11:27.004,EMA_BOUNCE,EMA50,1,12,BREAK_EVEN,False,HARD_STOP,-10.0000
23327,2026-08-20 07:11:27.004,EMA_BOUNCE,EMA50,1,12,NO_BREAK_EVEN,False,HARD_STOP,-10.0000
23327,2026-08-20 07:11:27.004,EMA_BOUNCE,EMA50,1,24,BREAK_EVEN,False,HARD_STOP,-10.0000
23327,2026-08-20 07:11:27.004,EMA_BOUNCE,EMA50,1,24,NO_BREAK_EVEN,False,HARD_STOP,-10.0000
23327,2026-08-20 07:11:27.004,EMA_BOUNCE,EMA50,1,48,BREAK_EVEN,False,HARD_STOP,-10.0000
23327,2026-08-20 07:11:27.004,EMA_BOUNCE,EMA50,1,48,NO_BREAK_EVEN,False,HARD_STOP,-10.0000
23366,2026-08-20 07:18:03.704,EMA_BOUNCE,EMA8,-1,12,BREAK_EVEN,False,HARD_STOP,-10.0000
23366,2026-08-20 07:18:03.704,EMA_BOUNCE,EMA8,-1,12,NO_BREAK_EVEN,False,HARD_STOP,-10.0000
23366,2026-08-20 07:18:03.704,EMA_BOUNCE,EMA8,-1,24,BREAK_EVEN,False,HARD_STOP,-10.0000
23366,2026-08-20 07:18:03.704,EMA_BOUNCE,EMA8,-1,24,NO_BREAK_EVEN,False,HARD_STOP,-10.0000
23366,2026-08-20 07:18:03.704,EMA_BOUNCE,EMA8,-1,48,BREAK_EVEN,False,HARD_STOP,-10.0000
23366,2026-08-20 07:18:03.704,EMA_BOUNCE,EMA8,-1,48,NO_BREAK_EVEN,False,HARD_STOP,-10.0000
23398,2026-08-20 07:21:36.476,EMA_BOUNCE,EMA8,1,12,BREAK_EVEN,False,HARD_STOP,-10.0000
23398,2026-08-20 07:21:36.476,EMA_BOUNCE,EMA8,1,12,NO_BREAK_EVEN,False,HARD_STOP,-10.0000
23398,2026-08-20 07:21:36.476,EMA_BOUNCE,EMA8,1,24,BREAK_EVEN,False,HARD_STOP,-10.0000
23398,2026-08-20 07:21:36.476,EMA_BOUNCE,EMA8,1,24,NO_BREAK_EVEN,False,HARD_STOP,-10.0000
23398,2026-08-20 07:21:36.476,EMA_BOUNCE,EMA8,1,48,BREAK_EVEN,False,HARD_STOP,-10.0000
23398,2026-08-20 07:21:36.476,EMA_BOUNCE,EMA8,1,48,NO_BREAK_EVEN,False,HARD_STOP,-10.0000
23416,2026-08-20 07:23:44.936,PIN7,PIN7,1,12,BREAK_EVEN,True,BREAK_EVEN,0.0000
23416,2026-08-20 07:23:44.936,PIN7,PIN7,1,12,NO_BREAK_EVEN,True,BAR_CLOSE_TRAIL,2.0000
23416,2026-08-20 07:23:44.936,PIN7,PIN7,1,24,BREAK_EVEN,True,BREAK_EVEN,0.0000
23416,2026-08-20 07:23:44.936,PIN7,PIN7,1,24,NO_BREAK_EVEN,True,BAR_CLOSE_TRAIL,2.0000
23416,2026-08-20 07:23:44.936,PIN7,PIN7,1,48,BREAK_EVEN,True,BREAK_EVEN,0.0000
23416,2026-08-20 07:23:44.936,PIN7,PIN7,1,48,NO_BREAK_EVEN,True,BAR_CLOSE_TRAIL,2.0000
23424,2026-08-20 07:24:51.928,EMA_BOUNCE,EMA8,1,12,BREAK_EVEN,False,HARD_STOP,-10.0000
23424,2026-08-20 07:24:51.928,EMA_BOUNCE,EMA8,1,12,NO_BREAK_EVEN,False,HARD_STOP,-10.0000
23424,2026-08-20 07:24:51.928,EMA_BOUNCE,EMA8,1,24,BREAK_EVEN,False,HARD_STOP,-10.0000
23424,2026-08-20 07:24:51.928,EMA_BOUNCE,EMA8,1,24,NO_BREAK_EVEN,False,HARD_STOP,-10.0000
23424,2026-08-20 07:24:51.928,EMA_BOUNCE,EMA8,1,48,BREAK_EVEN,False,HARD_STOP,-10.0000
23424,2026-08-20 07:24:51.928,EMA_BOUNCE,EMA8,1,48,NO_BREAK_EVEN,False,HARD_STOP,-10.0000
23430,2026-08-20 07:25:28.572,EMA_BOUNCE,EMA24,1,12,BREAK_EVEN,True,BREAK_EVEN,0.0000
23430,2026-08-20 07:25:28.572,EMA_BOUNCE,EMA24,1,12,NO_BREAK_EVEN,True,BAR_CLOSE_TRAIL,0.0000
23430,2026-08-20 07:25:28.572,EMA_BOUNCE,EMA24,1,24,BREAK_EVEN,True,BREAK_EVEN,0.0000
23430,2026-08-20 07:25:28.572,EMA_BOUNCE,EMA24,1,24,NO_BREAK_EVEN,True,BAR_CLOSE_TRAIL,0.0000
23430,2026-08-20 07:25:28.572,EMA_BOUNCE,EMA24,1,48,BREAK_EVEN,True,BREAK_EVEN,0.0000
23430,2026-08-20 07:25:28.572,EMA_BOUNCE,EMA24,1,48,NO_BREAK_EVEN,True,BAR_CLOSE_TRAIL,0.0000
23456,2026-08-20 07:29:16.044,PIN7,PIN7,-1,12,BREAK_EVEN,False,HARD_STOP,-10.0000
23456,2026-08-20 07:29:16.044,PIN7,PIN7,-1,12,NO_BREAK_EVEN,False,HARD_STOP,-10.0000
23456,2026-08-20 07:29:16.044,PIN7,PIN7,-1,24,BREAK_EVEN,False,HARD_STOP,-10.0000
23456,2026-08-20 07:29:16.044,PIN7,PIN7,-1,24,NO_BREAK_EVEN,False,HARD_STOP,-10.0000
23456,2026-08-20 07:29:16.044,PIN7,PIN7,-1,48,BREAK_EVEN,False,HARD_STOP,-10.0000
23456,2026-08-20 07:29:16.044,PIN7,PIN7,-1,48,NO_BREAK_EVEN,False,HARD_STOP,-10.0000
23460,2026-08-20 07:30:00.072,EMA_BOUNCE,EMA24+EMA50,-1,12,BREAK_EVEN,True,BREAK_EVEN,0.0000
23460,2026-08-20 07:30:00.072,EMA_BOUNCE,EMA24+EMA50,-1,12,NO_BREAK_EVEN,True,BAR_CLOSE_TRAIL,1.0000
23460,2026-08-20 07:30:00.072,EMA_BOUNCE,EMA24+EMA50,-1,24,BREAK_EVEN,True,BREAK_EVEN,0.0000
23460,2026-08-20 07:30:00.072,EMA_BOUNCE,EMA24+EMA50,-1,24,NO_BREAK_EVEN,True,BAR_CLOSE_TRAIL,1.0000
23460,2026-08-20 07:30:00.072,EMA_BOUNCE,EMA24+EMA50,-1,48,BREAK_EVEN,True,BREAK_EVEN,0.0000
23460,2026-08-20 07:30:00.072,EMA_BOUNCE,EMA24+EMA50,-1,48,NO_BREAK_EVEN,True,BAR_CLOSE_TRAIL,1.0000
23462,2026-08-20 07:30:10.116,EMA_BOUNCE,EMA50,-1,12,BREAK_EVEN,True,BREAK_EVEN,0.0000
23462,2026-08-20 07:30:10.116,EMA_BOUNCE,EMA50,-1,12,NO_BREAK_EVEN,True,BAR_CLOSE_TRAIL,-1.0000
23462,2026-08-20 07:30:10.116,EMA_BOUNCE,EMA50,-1,24,BREAK_EVEN,True,BREAK_EVEN,0.0000
23462,2026-08-20 07:30:10.116,EMA_BOUNCE,EMA50,-1,24,NO_BREAK_EVEN,True,BAR_CLOSE_TRAIL,-1.0000
23462,2026-08-20 07:30:10.116,EMA_BOUNCE,EMA50,-1,48,BREAK_EVEN,True,BREAK_EVEN,0.0000
23462,2026-08-20 07:30:10.116,EMA_BOUNCE,EMA50,-1,48,NO_BREAK_EVEN,True,BAR_CLOSE_TRAIL,-1.0000
23488,2026-08-20 07:33:32.992,PIN7,PIN7,1,12,BREAK_EVEN,True,BREAK_EVEN,0.0000
23488,2026-08-20 07:33:32.992,PIN7,PIN7,1,12,NO_BREAK_EVEN,True,BAR_CLOSE_TRAIL,1.0000
23488,2026-08-20 07:33:32.992,PIN7,PIN7,1,24,BREAK_EVEN,True,BREAK_EVEN,0.0000
23488,2026-08-20 07:33:32.992,PIN7,PIN7,1,24,NO_BREAK_EVEN,True,BAR_CLOSE_TRAIL,1.0000
23488,2026-08-20 07:33:32.992,PIN7,PIN7,1,48,BREAK_EVEN,True,BREAK_EVEN,0.0000
23488,2026-08-20 07:33:32.992,PIN7,PIN7,1,48,NO_BREAK_EVEN,True,BAR_CLOSE_TRAIL,1.0000
23489,2026-08-20 07:33:41.024,PIN7,PIN7,1,12,BREAK_EVEN,True,BREAK_EVEN,0.0000
23489,2026-08-20 07:33:41.024,PIN7,PIN7,1,12,NO_BREAK_EVEN,True,BAR_CLOSE_TRAIL,-2.0000
23489,2026-08-20 07:33:41.024,PIN7,PIN7,1,24,BREAK_EVEN,True,BREAK_EVEN,0.0000
23489,2026-08-20 07:33:41.024,PIN7,PIN7,1,24,NO_BREAK_EVEN,True,BAR_CLOSE_TRAIL,-2.0000
23489,2026-08-20 07:33:41.024,PIN7,PIN7,1,48,BREAK_EVEN,True,BREAK_EVEN,0.0000
23489,2026-08-20 07:33:41.024,PIN7,PIN7,1,48,NO_BREAK_EVEN,True,BAR_CLOSE_TRAIL,-2.0000
23490,2026-08-20 07:34:10.376,PIN7,PIN7,1,12,BREAK_EVEN,True,BREAK_EVEN,0.0000
23490,2026-08-20 07:34:10.376,PIN7,PIN7,1,12,NO_BREAK_EVEN,True,BAR_CLOSE_TRAIL,-4.0000
23490,2026-08-20 07:34:10.376,PIN7,PIN7,1,24,BREAK_EVEN,True,BREAK_EVEN,0.0000
23490,2026-08-20 07:34:10.376,PIN7,PIN7,1,24,NO_BREAK_EVEN,True,BAR_CLOSE_TRAIL,-4.0000
23490,2026-08-20 07:34:10.376,PIN7,PIN7,1,48,BREAK_EVEN,True,BREAK_EVEN,0.0000
23490,2026-08-20 07:34:10.376,PIN7,PIN7,1,48,NO_BREAK_EVEN,True,BAR_CLOSE_TRAIL,-4.0000
23517,2026-08-20 07:37:35.788,PIN7,PIN7,1,12,BREAK_EVEN,False,HARD_STOP,-10.0000
23517,2026-08-20 07:37:35.788,PIN7,PIN7,1,12,NO_BREAK_EVEN,False,HARD_STOP,-10.0000
23517,2026-08-20 07:37:35.788,PIN7,PIN7,1,24,BREAK_EVEN,False,HARD_STOP,-10.0000
23517,2026-08-20 07:37:35.788,PIN7,PIN7,1,24,NO_BREAK_EVEN,False,HARD_STOP,-10.0000
23517,2026-08-20 07:37:35.788,PIN7,PIN7,1,48,BREAK_EVEN,False,HARD_STOP,-10.0000
23517,2026-08-20 07:37:35.788,PIN7,PIN7,1,48,NO_BREAK_EVEN,False,HARD_STOP,-10.0000
23552,2026-08-20 07:45:26.396,EMA_BOUNCE,EMA8,1,12,BREAK_EVEN,True,BREAK_EVEN,0.0000
23552,2026-08-20 07:45:26.396,EMA_BOUNCE,EMA8,1,12,NO_BREAK_EVEN,True,BAR_CLOSE_TRAIL,0.0000
23552,2026-08-20 07:45:26.396,EMA_BOUNCE,EMA8,1,24,BREAK_EVEN,True,BREAK_EVEN,0.0000
23552,2026-08-20 07:45:26.396,EMA_BOUNCE,EMA8,1,24,NO_BREAK_EVEN,True,BAR_CLOSE_TRAIL,0.0000
23552,2026-08-20 07:45:26.396,EMA_BOUNCE,EMA8,1,48,BREAK_EVEN,True,BREAK_EVEN,0.0000
23552,2026-08-20 07:45:26.396,EMA_BOUNCE,EMA8,1,48,NO_BREAK_EVEN,True,BAR_CLOSE_TRAIL,0.0000
23602,2026-08-20 07:57:00.696,EMA_BOUNCE,EMA8,-1,12,BREAK_EVEN,True,BAR_CLOSE_TRAIL,0.0000
23602,2026-08-20 07:57:00.696,EMA_BOUNCE,EMA8,-1,12,NO_BREAK_EVEN,True,BAR_CLOSE_TRAIL,-2.0000
23602,2026-08-20 07:57:00.696,EMA_BOUNCE,EMA8,-1,24,BREAK_EVEN,True,BAR_CLOSE_TRAIL,0.0000
23602,2026-08-20 07:57:00.696,EMA_BOUNCE,EMA8,-1,24,NO_BREAK_EVEN,True,BAR_CLOSE_TRAIL,-2.0000
23602,2026-08-20 07:57:00.696,EMA_BOUNCE,EMA8,-1,48,BREAK_EVEN,True,BAR_CLOSE_TRAIL,0.0000
23602,2026-08-20 07:57:00.696,EMA_BOUNCE,EMA8,-1,48,NO_BREAK_EVEN,True,BAR_CLOSE_TRAIL,-2.0000
23604,2026-08-20 07:57:21.260,EMA_BOUNCE,EMA50,-1,12,BREAK_EVEN,True,BREAK_EVEN,0.0000
23604,2026-08-20 07:57:21.260,EMA_BOUNCE,EMA50,-1,12,NO_BREAK_EVEN,True,BAR_CLOSE_TRAIL,1.0000
23604,2026-08-20 07:57:21.260,EMA_BOUNCE,EMA50,-1,24,BREAK_EVEN,True,BREAK_EVEN,0.0000
23604,2026-08-20 07:57:21.260,EMA_BOUNCE,EMA50,-1,24,NO_BREAK_EVEN,True,BAR_CLOSE_TRAIL,1.0000
23604,2026-08-20 07:57:21.260,EMA_BOUNCE,EMA50,-1,48,BREAK_EVEN,True,BREAK_EVEN,0.0000
23604,2026-08-20 07:57:21.260,EMA_BOUNCE,EMA50,-1,48,NO_BREAK_EVEN,True,BAR_CLOSE_TRAIL,1.0000
24151,2026-08-20 11:10:09.464,EMA_BOUNCE,EMA8,-1,12,BREAK_EVEN,True,BAR_CLOSE_TRAIL,3.0000
24151,2026-08-20 11:10:09.464,EMA_BOUNCE,EMA8,-1,12,NO_BREAK_EVEN,True,BAR_CLOSE_TRAIL,3.0000
24151,2026-08-20 11:10:09.464,EMA_BOUNCE,EMA8,-1,24,BREAK_EVEN,True,BAR_CLOSE_TRAIL,3.0000
24151,2026-08-20 11:10:09.464,EMA_BOUNCE,EMA8,-1,24,NO_BREAK_EVEN,True,BAR_CLOSE_TRAIL,3.0000
24151,2026-08-20 11:10:09.464,EMA_BOUNCE,EMA8,-1,48,BREAK_EVEN,True,BAR_CLOSE_TRAIL,3.0000
24151,2026-08-20 11:10:09.464,EMA_BOUNCE,EMA8,-1,48,NO_BREAK_EVEN,True,BAR_CLOSE_TRAIL,3.0000
24161,2026-08-20 11:14:29.476,EMA_BOUNCE,EMA8,-1,12,BREAK_EVEN,True,BAR_CLOSE_TRAIL,8.0000
24161,2026-08-20 11:14:29.476,EMA_BOUNCE,EMA8,-1,12,NO_BREAK_EVEN,True,BAR_CLOSE_TRAIL,8.0000
24161,2026-08-20 11:14:29.476,EMA_BOUNCE,EMA8,-1,24,BREAK_EVEN,True,BAR_CLOSE_TRAIL,8.0000
24161,2026-08-20 11:14:29.476,EMA_BOUNCE,EMA8,-1,24,NO_BREAK_EVEN,True,BAR_CLOSE_TRAIL,8.0000
24161,2026-08-20 11:14:29.476,EMA_BOUNCE,EMA8,-1,48,BREAK_EVEN,True,BAR_CLOSE_TRAIL,8.0000
24161,2026-08-20 11:14:29.476,EMA_BOUNCE,EMA8,-1,48,NO_BREAK_EVEN,True,BAR_CLOSE_TRAIL,8.0000
24166,2026-08-20 11:16:50.604,PIN_STRICT,PIN,-1,12,BREAK_EVEN,False,HARD_STOP,-10.0000
24166,2026-08-20 11:16:50.604,PIN_STRICT,PIN,-1,12,NO_BREAK_EVEN,False,HARD_STOP,-10.0000
24166,2026-08-20 11:16:50.604,PIN_STRICT,PIN,-1,24,BREAK_EVEN,False,HARD_STOP,-10.0000
24166,2026-08-20 11:16:50.604,PIN_STRICT,PIN,-1,24,NO_BREAK_EVEN,False,HARD_STOP,-10.0000
24166,2026-08-20 11:16:50.604,PIN_STRICT,PIN,-1,48,BREAK_EVEN,False,HARD_STOP,-10.0000
24166,2026-08-20 11:16:50.604,PIN_STRICT,PIN,-1,48,NO_BREAK_EVEN,False,HARD_STOP,-10.0000
24251,2026-08-20 12:20:26.560,PIN7,PIN7,-1,12,BREAK_EVEN,False,HARD_STOP,-10.0000
24251,2026-08-20 12:20:26.560,PIN7,PIN7,-1,12,NO_BREAK_EVEN,False,HARD_STOP,-10.0000
24251,2026-08-20 12:20:26.560,PIN7,PIN7,-1,24,BREAK_EVEN,False,HARD_STOP,-10.0000
24251,2026-08-20 12:20:26.560,PIN7,PIN7,-1,24,NO_BREAK_EVEN,False,HARD_STOP,-10.0000
24251,2026-08-20 12:20:26.560,PIN7,PIN7,-1,48,BREAK_EVEN,False,HARD_STOP,-10.0000
24251,2026-08-20 12:20:26.560,PIN7,PIN7,-1,48,NO_BREAK_EVEN,False,HARD_STOP,-10.0000
24270,2026-08-20 12:36:16.180,EMA_BOUNCE,EMA24,-1,12,BREAK_EVEN,False,HARD_STOP,-10.0000
24270,2026-08-20 12:36:16.180,EMA_BOUNCE,EMA24,-1,12,NO_BREAK_EVEN,False,HARD_STOP,-10.0000
24270,2026-08-20 12:36:16.180,EMA_BOUNCE,EMA24,-1,24,BREAK_EVEN,False,HARD_STOP,-10.0000
24270,2026-08-20 12:36:16.180,EMA_BOUNCE,EMA24,-1,24,NO_BREAK_EVEN,False,HARD_STOP,-10.0000
24270,2026-08-20 12:36:16.180,EMA_BOUNCE,EMA24,-1,48,BREAK_EVEN,False,HARD_STOP,-10.0000
24270,2026-08-20 12:36:16.180,EMA_BOUNCE,EMA24,-1,48,NO_BREAK_EVEN,False,HARD_STOP,-10.0000
24280,2026-08-20 12:43:56.612,PIN7,PIN7,-1,12,BREAK_EVEN,True,BAR_CLOSE_TRAIL,3.0000
24280,2026-08-20 12:43:56.612,PIN7,PIN7,-1,12,NO_BREAK_EVEN,True,BAR_CLOSE_TRAIL,3.0000
24280,2026-08-20 12:43:56.612,PIN7,PIN7,-1,24,BREAK_EVEN,True,BAR_CLOSE_TRAIL,3.0000
24280,2026-08-20 12:43:56.612,PIN7,PIN7,-1,24,NO_BREAK_EVEN,True,BAR_CLOSE_TRAIL,3.0000
24280,2026-08-20 12:43:56.612,PIN7,PIN7,-1,48,BREAK_EVEN,True,BAR_CLOSE_TRAIL,3.0000
24280,2026-08-20 12:43:56.612,PIN7,PIN7,-1,48,NO_BREAK_EVEN,True,BAR_CLOSE_TRAIL,3.0000
24322,2026-08-20 12:55:25.872,EMA_BOUNCE,EMA8,-1,12,BREAK_EVEN,True,TIME,20.0000
24322,2026-08-20 12:55:25.872,EMA_BOUNCE,EMA8,-1,12,NO_BREAK_EVEN,True,TIME,20.0000
24322,2026-08-20 12:55:25.872,EMA_BOUNCE,EMA8,-1,24,BREAK_EVEN,True,BAR_CLOSE_TRAIL,13.0000
24322,2026-08-20 12:55:25.872,EMA_BOUNCE,EMA8,-1,24,NO_BREAK_EVEN,True,BAR_CLOSE_TRAIL,13.0000
24322,2026-08-20 12:55:25.872,EMA_BOUNCE,EMA8,-1,48,BREAK_EVEN,True,BAR_CLOSE_TRAIL,13.0000
24322,2026-08-20 12:55:25.872,EMA_BOUNCE,EMA8,-1,48,NO_BREAK_EVEN,True,BAR_CLOSE_TRAIL,13.0000
24330,2026-08-20 12:57:06.812,EMA_BOUNCE,EMA8,-1,12,BREAK_EVEN,True,BREAK_EVEN,0.0000
24330,2026-08-20 12:57:06.812,EMA_BOUNCE,EMA8,-1,12,NO_BREAK_EVEN,True,BAR_CLOSE_TRAIL,-3.0000
24330,2026-08-20 12:57:06.812,EMA_BOUNCE,EMA8,-1,24,BREAK_EVEN,True,BREAK_EVEN,0.0000
24330,2026-08-20 12:57:06.812,EMA_BOUNCE,EMA8,-1,24,NO_BREAK_EVEN,True,BAR_CLOSE_TRAIL,-3.0000
24330,2026-08-20 12:57:06.812,EMA_BOUNCE,EMA8,-1,48,BREAK_EVEN,True,BREAK_EVEN,0.0000
24330,2026-08-20 12:57:06.812,EMA_BOUNCE,EMA8,-1,48,NO_BREAK_EVEN,True,BAR_CLOSE_TRAIL,-3.0000
24332,2026-08-20 12:57:26.816,PIN7,PIN7,-1,12,BREAK_EVEN,False,HARD_STOP,-10.0000
24332,2026-08-20 12:57:26.816,PIN7,PIN7,-1,12,NO_BREAK_EVEN,False,HARD_STOP,-10.0000
24332,2026-08-20 12:57:26.816,PIN7,PIN7,-1,24,BREAK_EVEN,False,HARD_STOP,-10.0000
24332,2026-08-20 12:57:26.816,PIN7,PIN7,-1,24,NO_BREAK_EVEN,False,HARD_STOP,-10.0000
24332,2026-08-20 12:57:26.816,PIN7,PIN7,-1,48,BREAK_EVEN,False,HARD_STOP,-10.0000
24332,2026-08-20 12:57:26.816,PIN7,PIN7,-1,48,NO_BREAK_EVEN,False,HARD_STOP,-10.0000
24334,2026-08-20 12:58:06.760,EMA_BOUNCE,EMA8,-1,12,BREAK_EVEN,False,HARD_STOP,-10.0000
24334,2026-08-20 12:58:06.760,EMA_BOUNCE,EMA8,-1,12,NO_BREAK_EVEN,False,HARD_STOP,-10.0000
24334,2026-08-20 12:58:06.760,EMA_BOUNCE,EMA8,-1,24,BREAK_EVEN,False,HARD_STOP,-10.0000
24334,2026-08-20 12:58:06.760,EMA_BOUNCE,EMA8,-1,24,NO_BREAK_EVEN,False,HARD_STOP,-10.0000
24334,2026-08-20 12:58:06.760,EMA_BOUNCE,EMA8,-1,48,BREAK_EVEN,False,HARD_STOP,-10.0000
24334,2026-08-20 12:58:06.760,EMA_BOUNCE,EMA8,-1,48,NO_BREAK_EVEN,False,HARD_STOP,-10.0000
24339,2026-08-20 12:59:00.448,EMA_BOUNCE,EMA24,-1,12,BREAK_EVEN,False,HARD_STOP,-10.0000
24339,2026-08-20 12:59:00.448,EMA_BOUNCE,EMA24,-1,12,NO_BREAK_EVEN,False,HARD_STOP,-10.0000
24339,2026-08-20 12:59:00.448,EMA_BOUNCE,EMA24,-1,24,BREAK_EVEN,False,HARD_STOP,-10.0000
24339,2026-08-20 12:59:00.448,EMA_BOUNCE,EMA24,-1,24,NO_BREAK_EVEN,False,HARD_STOP,-10.0000
24339,2026-08-20 12:59:00.448,EMA_BOUNCE,EMA24,-1,48,BREAK_EVEN,False,HARD_STOP,-10.0000
24339,2026-08-20 12:59:00.448,EMA_BOUNCE,EMA24,-1,48,NO_BREAK_EVEN,False,HARD_STOP,-10.0000
24345,2026-08-20 12:59:39.680,EMA_BOUNCE,EMA50,-1,12,BREAK_EVEN,True,BAR_CLOSE_TRAIL,13.0000
24345,2026-08-20 12:59:39.680,EMA_BOUNCE,EMA50,-1,12,NO_BREAK_EVEN,True,BAR_CLOSE_TRAIL,13.0000
24345,2026-08-20 12:59:39.680,EMA_BOUNCE,EMA50,-1,24,BREAK_EVEN,True,BAR_CLOSE_TRAIL,13.0000
24345,2026-08-20 12:59:39.680,EMA_BOUNCE,EMA50,-1,24,NO_BREAK_EVEN,True,BAR_CLOSE_TRAIL,13.0000
24345,2026-08-20 12:59:39.680,EMA_BOUNCE,EMA50,-1,48,BREAK_EVEN,True,BAR_CLOSE_TRAIL,13.0000
24345,2026-08-20 12:59:39.680,EMA_BOUNCE,EMA50,-1,48,NO_BREAK_EVEN,True,BAR_CLOSE_TRAIL,13.0000
24353,2026-08-20 12:59:53.388,EMA_BOUNCE,EMA8,-1,12,BREAK_EVEN,False,HARD_STOP,-10.0000
24353,2026-08-20 12:59:53.388,EMA_BOUNCE,EMA8,-1,12,NO_BREAK_EVEN,False,HARD_STOP,-10.0000
24353,2026-08-20 12:59:53.388,EMA_BOUNCE,EMA8,-1,24,BREAK_EVEN,False,HARD_STOP,-10.0000
24353,2026-08-20 12:59:53.388,EMA_BOUNCE,EMA8,-1,24,NO_BREAK_EVEN,False,HARD_STOP,-10.0000
24353,2026-08-20 12:59:53.388,EMA_BOUNCE,EMA8,-1,48,BREAK_EVEN,False,HARD_STOP,-10.0000
24353,2026-08-20 12:59:53.388,EMA_BOUNCE,EMA8,-1,48,NO_BREAK_EVEN,False,HARD_STOP,-10.0000
24355,2026-08-20 12:59:55.408,EMA_BOUNCE,EMA24,-1,12,BREAK_EVEN,False,HARD_STOP,-10.0000
24355,2026-08-20 12:59:55.408,EMA_BOUNCE,EMA24,-1,12,NO_BREAK_EVEN,False,HARD_STOP,-10.0000
24355,2026-08-20 12:59:55.408,EMA_BOUNCE,EMA24,-1,24,BREAK_EVEN,False,HARD_STOP,-10.0000
24355,2026-08-20 12:59:55.408,EMA_BOUNCE,EMA24,-1,24,NO_BREAK_EVEN,False,HARD_STOP,-10.0000
24355,2026-08-20 12:59:55.408,EMA_BOUNCE,EMA24,-1,48,BREAK_EVEN,False,HARD_STOP,-10.0000
24355,2026-08-20 12:59:55.408,EMA_BOUNCE,EMA24,-1,48,NO_BREAK_EVEN,False,HARD_STOP,-10.0000
25008,2026-08-21 06:31:49.388,EMA_BOUNCE,EMA24,-1,12,BREAK_EVEN,True,BREAK_EVEN,0.0000
25008,2026-08-21 06:31:49.388,EMA_BOUNCE,EMA24,-1,12,NO_BREAK_EVEN,True,BAR_CLOSE_TRAIL,-0.0000
25008,2026-08-21 06:31:49.388,EMA_BOUNCE,EMA24,-1,24,BREAK_EVEN,True,BREAK_EVEN,0.0000
25008,2026-08-21 06:31:49.388,EMA_BOUNCE,EMA24,-1,24,NO_BREAK_EVEN,True,BAR_CLOSE_TRAIL,-0.0000
25008,2026-08-21 06:31:49.388,EMA_BOUNCE,EMA24,-1,48,BREAK_EVEN,True,BREAK_EVEN,0.0000
25008,2026-08-21 06:31:49.388,EMA_BOUNCE,EMA24,-1,48,NO_BREAK_EVEN,True,BAR_CLOSE_TRAIL,-0.0000
25013,2026-08-21 06:32:16.516,EMA_BOUNCE,EMA50,-1,12,BREAK_EVEN,True,BAR_CLOSE_TRAIL,15.0000
25013,2026-08-21 06:32:16.516,EMA_BOUNCE,EMA50,-1,12,NO_BREAK_EVEN,True,BAR_CLOSE_TRAIL,15.0000
25013,2026-08-21 06:32:16.516,EMA_BOUNCE,EMA50,-1,24,BREAK_EVEN,True,BAR_CLOSE_TRAIL,15.0000
25013,2026-08-21 06:32:16.516,EMA_BOUNCE,EMA50,-1,24,NO_BREAK_EVEN,True,BAR_CLOSE_TRAIL,15.0000
25013,2026-08-21 06:32:16.516,EMA_BOUNCE,EMA50,-1,48,BREAK_EVEN,True,BAR_CLOSE_TRAIL,15.0000
25013,2026-08-21 06:32:16.516,EMA_BOUNCE,EMA50,-1,48,NO_BREAK_EVEN,True,BAR_CLOSE_TRAIL,15.0000
25038,2026-08-21 06:35:35.072,EMA_BOUNCE,EMA8,-1,12,BREAK_EVEN,True,BREAK_EVEN,0.0000
25038,2026-08-21 06:35:35.072,EMA_BOUNCE,EMA8,-1,12,NO_BREAK_EVEN,True,BAR_CLOSE_TRAIL,-0.0000
25038,2026-08-21 06:35:35.072,EMA_BOUNCE,EMA8,-1,24,BREAK_EVEN,True,BREAK_EVEN,0.0000
25038,2026-08-21 06:35:35.072,EMA_BOUNCE,EMA8,-1,24,NO_BREAK_EVEN,True,BAR_CLOSE_TRAIL,-0.0000
25038,2026-08-21 06:35:35.072,EMA_BOUNCE,EMA8,-1,48,BREAK_EVEN,True,BREAK_EVEN,0.0000
25038,2026-08-21 06:35:35.072,EMA_BOUNCE,EMA8,-1,48,NO_BREAK_EVEN,True,BAR_CLOSE_TRAIL,-0.0000
25088,2026-08-21 06:43:39.956,PIN7,PIN7,-1,12,BREAK_EVEN,False,HARD_STOP,-10.0000
25088,2026-08-21 06:43:39.956,PIN7,PIN7,-1,12,NO_BREAK_EVEN,False,HARD_STOP,-10.0000
25088,2026-08-21 06:43:39.956,PIN7,PIN7,-1,24,BREAK_EVEN,False,HARD_STOP,-10.0000
25088,2026-08-21 06:43:39.956,PIN7,PIN7,-1,24,NO_BREAK_EVEN,False,HARD_STOP,-10.0000
25088,2026-08-21 06:43:39.956,PIN7,PIN7,-1,48,BREAK_EVEN,False,HARD_STOP,-10.0000
25088,2026-08-21 06:43:39.956,PIN7,PIN7,-1,48,NO_BREAK_EVEN,False,HARD_STOP,-10.0000
25195,2026-08-21 07:04:44.068,PIN7,PIN7,1,12,BREAK_EVEN,True,BAR_CLOSE_TRAIL,15.0000
25195,2026-08-21 07:04:44.068,PIN7,PIN7,1,12,NO_BREAK_EVEN,True,BAR_CLOSE_TRAIL,15.0000
25195,2026-08-21 07:04:44.068,PIN7,PIN7,1,24,BREAK_EVEN,True,BAR_CLOSE_TRAIL,15.0000
25195,2026-08-21 07:04:44.068,PIN7,PIN7,1,24,NO_BREAK_EVEN,True,BAR_CLOSE_TRAIL,15.0000
25195,2026-08-21 07:04:44.068,PIN7,PIN7,1,48,BREAK_EVEN,True,BAR_CLOSE_TRAIL,15.0000
25195,2026-08-21 07:04:44.068,PIN7,PIN7,1,48,NO_BREAK_EVEN,True,BAR_CLOSE_TRAIL,15.0000
25213,2026-08-21 07:10:05.708,EMA_BOUNCE,EMA24,1,12,BREAK_EVEN,True,BREAK_EVEN,0.0000
25213,2026-08-21 07:10:05.708,EMA_BOUNCE,EMA24,1,12,NO_BREAK_EVEN,True,BAR_CLOSE_TRAIL,-2.0000
25213,2026-08-21 07:10:05.708,EMA_BOUNCE,EMA24,1,24,BREAK_EVEN,True,BREAK_EVEN,0.0000
25213,2026-08-21 07:10:05.708,EMA_BOUNCE,EMA24,1,24,NO_BREAK_EVEN,True,BAR_CLOSE_TRAIL,-2.0000
25213,2026-08-21 07:10:05.708,EMA_BOUNCE,EMA24,1,48,BREAK_EVEN,True,BREAK_EVEN,0.0000
25213,2026-08-21 07:10:05.708,EMA_BOUNCE,EMA24,1,48,NO_BREAK_EVEN,True,BAR_CLOSE_TRAIL,-2.0000
25234,2026-08-21 07:14:36.880,EMA_BOUNCE,EMA8,-1,12,BREAK_EVEN,False,HARD_STOP,-10.0000
25234,2026-08-21 07:14:36.880,EMA_BOUNCE,EMA8,-1,12,NO_BREAK_EVEN,False,HARD_STOP,-10.0000
25234,2026-08-21 07:14:36.880,EMA_BOUNCE,EMA8,-1,24,BREAK_EVEN,False,HARD_STOP,-10.0000
25234,2026-08-21 07:14:36.880,EMA_BOUNCE,EMA8,-1,24,NO_BREAK_EVEN,False,HARD_STOP,-10.0000
25234,2026-08-21 07:14:36.880,EMA_BOUNCE,EMA8,-1,48,BREAK_EVEN,False,HARD_STOP,-10.0000
25234,2026-08-21 07:14:36.880,EMA_BOUNCE,EMA8,-1,48,NO_BREAK_EVEN,False,HARD_STOP,-10.0000
25236,2026-08-21 07:15:10.136,EMA_BOUNCE,EMA8,-1,12,BREAK_EVEN,False,HARD_STOP,-10.0000
25236,2026-08-21 07:15:10.136,EMA_BOUNCE,EMA8,-1,12,NO_BREAK_EVEN,False,HARD_STOP,-10.0000
25236,2026-08-21 07:15:10.136,EMA_BOUNCE,EMA8,-1,24,BREAK_EVEN,False,HARD_STOP,-10.0000
25236,2026-08-21 07:15:10.136,EMA_BOUNCE,EMA8,-1,24,NO_BREAK_EVEN,False,HARD_STOP,-10.0000
25236,2026-08-21 07:15:10.136,EMA_BOUNCE,EMA8,-1,48,BREAK_EVEN,False,HARD_STOP,-10.0000
25236,2026-08-21 07:15:10.136,EMA_BOUNCE,EMA8,-1,48,NO_BREAK_EVEN,False,HARD_STOP,-10.0000
25306,2026-08-21 07:35:51.960,PIN7,PIN7,-1,12,BREAK_EVEN,True,BREAK_EVEN,0.0000
25306,2026-08-21 07:35:51.960,PIN7,PIN7,-1,12,NO_BREAK_EVEN,True,BAR_CLOSE_TRAIL,-0.0000
25306,2026-08-21 07:35:51.960,PIN7,PIN7,-1,24,BREAK_EVEN,True,BREAK_EVEN,0.0000
25306,2026-08-21 07:35:51.960,PIN7,PIN7,-1,24,NO_BREAK_EVEN,True,BAR_CLOSE_TRAIL,-0.0000
25306,2026-08-21 07:35:51.960,PIN7,PIN7,-1,48,BREAK_EVEN,True,BREAK_EVEN,0.0000
25306,2026-08-21 07:35:51.960,PIN7,PIN7,-1,48,NO_BREAK_EVEN,True,BAR_CLOSE_TRAIL,-0.0000
25311,2026-08-21 07:36:54.256,EMA_BOUNCE,EMA8,-1,12,BREAK_EVEN,True,BREAK_EVEN,0.0000
25311,2026-08-21 07:36:54.256,EMA_BOUNCE,EMA8,-1,12,NO_BREAK_EVEN,True,BAR_CLOSE_TRAIL,-0.0000
25311,2026-08-21 07:36:54.256,EMA_BOUNCE,EMA8,-1,24,BREAK_EVEN,True,BREAK_EVEN,0.0000
25311,2026-08-21 07:36:54.256,EMA_BOUNCE,EMA8,-1,24,NO_BREAK_EVEN,True,BAR_CLOSE_TRAIL,-0.0000
25311,2026-08-21 07:36:54.256,EMA_BOUNCE,EMA8,-1,48,BREAK_EVEN,True,BREAK_EVEN,0.0000
25311,2026-08-21 07:36:54.256,EMA_BOUNCE,EMA8,-1,48,NO_BREAK_EVEN,True,BAR_CLOSE_TRAIL,-0.0000
25354,2026-08-21 07:51:14.888,EMA_BOUNCE,EMA8,1,12,BREAK_EVEN,True,BREAK_EVEN,0.0000
25354,2026-08-21 07:51:14.888,EMA_BOUNCE,EMA8,1,12,NO_BREAK_EVEN,True,BAR_CLOSE_TRAIL,1.0000
25354,2026-08-21 07:51:14.888,EMA_BOUNCE,EMA8,1,24,BREAK_EVEN,True,BREAK_EVEN,0.0000
25354,2026-08-21 07:51:14.888,EMA_BOUNCE,EMA8,1,24,NO_BREAK_EVEN,True,BAR_CLOSE_TRAIL,1.0000
25354,2026-08-21 07:51:14.888,EMA_BOUNCE,EMA8,1,48,BREAK_EVEN,True,BREAK_EVEN,0.0000
25354,2026-08-21 07:51:14.888,EMA_BOUNCE,EMA8,1,48,NO_BREAK_EVEN,True,BAR_CLOSE_TRAIL,1.0000
25356,2026-08-21 07:51:57.240,EMA_BOUNCE,EMA8,1,12,BREAK_EVEN,True,BAR_CLOSE_TRAIL,3.0000
25356,2026-08-21 07:51:57.240,EMA_BOUNCE,EMA8,1,12,NO_BREAK_EVEN,True,BAR_CLOSE_TRAIL,3.0000
25356,2026-08-21 07:51:57.240,EMA_BOUNCE,EMA8,1,24,BREAK_EVEN,True,BAR_CLOSE_TRAIL,3.0000
25356,2026-08-21 07:51:57.240,EMA_BOUNCE,EMA8,1,24,NO_BREAK_EVEN,True,BAR_CLOSE_TRAIL,3.0000
25356,2026-08-21 07:51:57.240,EMA_BOUNCE,EMA8,1,48,BREAK_EVEN,True,BAR_CLOSE_TRAIL,3.0000
25356,2026-08-21 07:51:57.240,EMA_BOUNCE,EMA8,1,48,NO_BREAK_EVEN,True,BAR_CLOSE_TRAIL,3.0000
25366,2026-08-21 07:54:53.580,EMA_BOUNCE,EMA24,1,12,BREAK_EVEN,True,TIME,35.0000
25366,2026-08-21 07:54:53.580,EMA_BOUNCE,EMA24,1,12,NO_BREAK_EVEN,True,TIME,35.0000
25366,2026-08-21 07:54:53.580,EMA_BOUNCE,EMA24,1,24,BREAK_EVEN,True,BAR_CLOSE_TRAIL,41.0000
25366,2026-08-21 07:54:53.580,EMA_BOUNCE,EMA24,1,24,NO_BREAK_EVEN,True,BAR_CLOSE_TRAIL,41.0000
25366,2026-08-21 07:54:53.580,EMA_BOUNCE,EMA24,1,48,BREAK_EVEN,True,BAR_CLOSE_TRAIL,41.0000
25366,2026-08-21 07:54:53.580,EMA_BOUNCE,EMA24,1,48,NO_BREAK_EVEN,True,BAR_CLOSE_TRAIL,41.0000
25689,2026-08-21 11:01:57.436,EMA_BOUNCE,EMA24,-1,12,BREAK_EVEN,False,HARD_STOP,-10.0000
25689,2026-08-21 11:01:57.436,EMA_BOUNCE,EMA24,-1,12,NO_BREAK_EVEN,False,HARD_STOP,-10.0000
25689,2026-08-21 11:01:57.436,EMA_BOUNCE,EMA24,-1,24,BREAK_EVEN,False,HARD_STOP,-10.0000
25689,2026-08-21 11:01:57.436,EMA_BOUNCE,EMA24,-1,24,NO_BREAK_EVEN,False,HARD_STOP,-10.0000
25689,2026-08-21 11:01:57.436,EMA_BOUNCE,EMA24,-1,48,BREAK_EVEN,False,HARD_STOP,-10.0000
25689,2026-08-21 11:01:57.436,EMA_BOUNCE,EMA24,-1,48,NO_BREAK_EVEN,False,HARD_STOP,-10.0000
25700,2026-08-21 11:13:49.524,EMA_BOUNCE,EMA24,-1,12,BREAK_EVEN,True,TIME,13.0000
25700,2026-08-21 11:13:49.524,EMA_BOUNCE,EMA24,-1,12,NO_BREAK_EVEN,True,TIME,13.0000
25700,2026-08-21 11:13:49.524,EMA_BOUNCE,EMA24,-1,24,BREAK_EVEN,True,BAR_CLOSE_TRAIL,7.0000
25700,2026-08-21 11:13:49.524,EMA_BOUNCE,EMA24,-1,24,NO_BREAK_EVEN,True,BAR_CLOSE_TRAIL,7.0000
25700,2026-08-21 11:13:49.524,EMA_BOUNCE,EMA24,-1,48,BREAK_EVEN,True,BAR_CLOSE_TRAIL,7.0000
25700,2026-08-21 11:13:49.524,EMA_BOUNCE,EMA24,-1,48,NO_BREAK_EVEN,True,BAR_CLOSE_TRAIL,7.0000
25706,2026-08-21 11:22:40.132,EMA_BOUNCE,EMA50,-1,12,BREAK_EVEN,True,BAR_CLOSE_TRAIL,10.0000
25706,2026-08-21 11:22:40.132,EMA_BOUNCE,EMA50,-1,12,NO_BREAK_EVEN,True,BAR_CLOSE_TRAIL,10.0000
25706,2026-08-21 11:22:40.132,EMA_BOUNCE,EMA50,-1,24,BREAK_EVEN,True,BAR_CLOSE_TRAIL,10.0000
25706,2026-08-21 11:22:40.132,EMA_BOUNCE,EMA50,-1,24,NO_BREAK_EVEN,True,BAR_CLOSE_TRAIL,10.0000
25706,2026-08-21 11:22:40.132,EMA_BOUNCE,EMA50,-1,48,BREAK_EVEN,True,BAR_CLOSE_TRAIL,10.0000
25706,2026-08-21 11:22:40.132,EMA_BOUNCE,EMA50,-1,48,NO_BREAK_EVEN,True,BAR_CLOSE_TRAIL,10.0000
25710,2026-08-21 11:30:21.212,PIN7,PIN7,-1,12,BREAK_EVEN,True,BREAK_EVEN,0.0000
25710,2026-08-21 11:30:21.212,PIN7,PIN7,-1,12,NO_BREAK_EVEN,True,BAR_CLOSE_TRAIL,-0.0000
25710,2026-08-21 11:30:21.212,PIN7,PIN7,-1,24,BREAK_EVEN,True,BREAK_EVEN,0.0000
25710,2026-08-21 11:30:21.212,PIN7,PIN7,-1,24,NO_BREAK_EVEN,True,BAR_CLOSE_TRAIL,-0.0000
25710,2026-08-21 11:30:21.212,PIN7,PIN7,-1,48,BREAK_EVEN,True,BREAK_EVEN,0.0000
25710,2026-08-21 11:30:21.212,PIN7,PIN7,-1,48,NO_BREAK_EVEN,True,BAR_CLOSE_TRAIL,-0.0000
25712,2026-08-21 11:33:05.704,PIN7,PIN7,-1,12,BREAK_EVEN,False,HARD_STOP,-10.0000
25712,2026-08-21 11:33:05.704,PIN7,PIN7,-1,12,NO_BREAK_EVEN,False,HARD_STOP,-10.0000
25712,2026-08-21 11:33:05.704,PIN7,PIN7,-1,24,BREAK_EVEN,False,HARD_STOP,-10.0000
25712,2026-08-21 11:33:05.704,PIN7,PIN7,-1,24,NO_BREAK_EVEN,False,HARD_STOP,-10.0000
25712,2026-08-21 11:33:05.704,PIN7,PIN7,-1,48,BREAK_EVEN,False,HARD_STOP,-10.0000
25712,2026-08-21 11:33:05.704,PIN7,PIN7,-1,48,NO_BREAK_EVEN,False,HARD_STOP,-10.0000
25743,2026-08-21 12:13:31.520,EMA_BOUNCE,EMA24,1,12,BREAK_EVEN,True,BREAK_EVEN,0.0000
25743,2026-08-21 12:13:31.520,EMA_BOUNCE,EMA24,1,12,NO_BREAK_EVEN,True,BAR_CLOSE_TRAIL,0.0000
25743,2026-08-21 12:13:31.520,EMA_BOUNCE,EMA24,1,24,BREAK_EVEN,True,BREAK_EVEN,0.0000
25743,2026-08-21 12:13:31.520,EMA_BOUNCE,EMA24,1,24,NO_BREAK_EVEN,True,BAR_CLOSE_TRAIL,0.0000
25743,2026-08-21 12:13:31.520,EMA_BOUNCE,EMA24,1,48,BREAK_EVEN,True,BREAK_EVEN,0.0000
25743,2026-08-21 12:13:31.520,EMA_BOUNCE,EMA24,1,48,NO_BREAK_EVEN,True,BAR_CLOSE_TRAIL,0.0000
25745,2026-08-21 12:17:19.764,EMA_BOUNCE,EMA50,1,12,BREAK_EVEN,True,BREAK_EVEN,0.0000
25745,2026-08-21 12:17:19.764,EMA_BOUNCE,EMA50,1,12,NO_BREAK_EVEN,True,BAR_CLOSE_TRAIL,0.0000
25745,2026-08-21 12:17:19.764,EMA_BOUNCE,EMA50,1,24,BREAK_EVEN,True,BREAK_EVEN,0.0000
25745,2026-08-21 12:17:19.764,EMA_BOUNCE,EMA50,1,24,NO_BREAK_EVEN,True,BAR_CLOSE_TRAIL,0.0000
25745,2026-08-21 12:17:19.764,EMA_BOUNCE,EMA50,1,48,BREAK_EVEN,True,BREAK_EVEN,0.0000
25745,2026-08-21 12:17:19.764,EMA_BOUNCE,EMA50,1,48,NO_BREAK_EVEN,True,BAR_CLOSE_TRAIL,0.0000
25770,2026-08-21 12:45:08.000,PIN7,PIN7,1,12,BREAK_EVEN,True,BREAK_EVEN,0.0000
25770,2026-08-21 12:45:08.000,PIN7,PIN7,1,12,NO_BREAK_EVEN,True,BAR_CLOSE_TRAIL,2.0000
25770,2026-08-21 12:45:08.000,PIN7,PIN7,1,24,BREAK_EVEN,True,BREAK_EVEN,0.0000
25770,2026-08-21 12:45:08.000,PIN7,PIN7,1,24,NO_BREAK_EVEN,True,BAR_CLOSE_TRAIL,2.0000
25770,2026-08-21 12:45:08.000,PIN7,PIN7,1,48,BREAK_EVEN,True,BREAK_EVEN,0.0000
25770,2026-08-21 12:45:08.000,PIN7,PIN7,1,48,NO_BREAK_EVEN,True,BAR_CLOSE_TRAIL,2.0000
25776,2026-08-21 12:49:23.516,PIN7,PIN7,1,12,BREAK_EVEN,False,HARD_STOP,-10.0000
25776,2026-08-21 12:49:23.516,PIN7,PIN7,1,12,NO_BREAK_EVEN,False,HARD_STOP,-10.0000
25776,2026-08-21 12:49:23.516,PIN7,PIN7,1,24,BREAK_EVEN,False,HARD_STOP,-10.0000
25776,2026-08-21 12:49:23.516,PIN7,PIN7,1,24,NO_BREAK_EVEN,False,HARD_STOP,-10.0000
25776,2026-08-21 12:49:23.516,PIN7,PIN7,1,48,BREAK_EVEN,False,HARD_STOP,-10.0000
25776,2026-08-21 12:49:23.516,PIN7,PIN7,1,48,NO_BREAK_EVEN,False,HARD_STOP,-10.0000
25808,2026-08-21 12:59:40.164,PIN7,PIN7,-1,12,BREAK_EVEN,True,BAR_CLOSE_TRAIL,10.0000
25808,2026-08-21 12:59:40.164,PIN7,PIN7,-1,12,NO_BREAK_EVEN,True,BAR_CLOSE_TRAIL,10.0000
25808,2026-08-21 12:59:40.164,PIN7,PIN7,-1,24,BREAK_EVEN,True,BAR_CLOSE_TRAIL,10.0000
25808,2026-08-21 12:59:40.164,PIN7,PIN7,-1,24,NO_BREAK_EVEN,True,BAR_CLOSE_TRAIL,10.0000
25808,2026-08-21 12:59:40.164,PIN7,PIN7,-1,48,BREAK_EVEN,True,BAR_CLOSE_TRAIL,10.0000
25808,2026-08-21 12:59:40.164,PIN7,PIN7,-1,48,NO_BREAK_EVEN,True,BAR_CLOSE_TRAIL,10.0000
26823,2026-08-24 06:31:01.644,PIN_STRICT,PIN,-1,12,BREAK_EVEN,True,BREAK_EVEN,0.0000
26823,2026-08-24 06:31:01.644,PIN_STRICT,PIN,-1,12,NO_BREAK_EVEN,True,BAR_CLOSE_TRAIL,-4.0000
26823,2026-08-24 06:31:01.644,PIN_STRICT,PIN,-1,24,BREAK_EVEN,True,BREAK_EVEN,0.0000
26823,2026-08-24 06:31:01.644,PIN_STRICT,PIN,-1,24,NO_BREAK_EVEN,True,BAR_CLOSE_TRAIL,-4.0000
26823,2026-08-24 06:31:01.644,PIN_STRICT,PIN,-1,48,BREAK_EVEN,True,BREAK_EVEN,0.0000
26823,2026-08-24 06:31:01.644,PIN_STRICT,PIN,-1,48,NO_BREAK_EVEN,True,BAR_CLOSE_TRAIL,-4.0000
26832,2026-08-24 06:31:30.156,EMA_BOUNCE,EMA24,-1,12,BREAK_EVEN,False,HARD_STOP,-10.0000
26832,2026-08-24 06:31:30.156,EMA_BOUNCE,EMA24,-1,12,NO_BREAK_EVEN,False,HARD_STOP,-10.0000
26832,2026-08-24 06:31:30.156,EMA_BOUNCE,EMA24,-1,24,BREAK_EVEN,False,HARD_STOP,-10.0000
26832,2026-08-24 06:31:30.156,EMA_BOUNCE,EMA24,-1,24,NO_BREAK_EVEN,False,HARD_STOP,-10.0000
26832,2026-08-24 06:31:30.156,EMA_BOUNCE,EMA24,-1,48,BREAK_EVEN,False,HARD_STOP,-10.0000
26832,2026-08-24 06:31:30.156,EMA_BOUNCE,EMA24,-1,48,NO_BREAK_EVEN,False,HARD_STOP,-10.0000
26838,2026-08-24 06:32:02.968,EMA_BOUNCE,EMA50,-1,12,BREAK_EVEN,True,TIME,30.0000
26838,2026-08-24 06:32:02.968,EMA_BOUNCE,EMA50,-1,12,NO_BREAK_EVEN,True,TIME,30.0000
26838,2026-08-24 06:32:02.968,EMA_BOUNCE,EMA50,-1,24,BREAK_EVEN,True,BAR_CLOSE_TRAIL,27.0000
26838,2026-08-24 06:32:02.968,EMA_BOUNCE,EMA50,-1,24,NO_BREAK_EVEN,True,BAR_CLOSE_TRAIL,27.0000
26838,2026-08-24 06:32:02.968,EMA_BOUNCE,EMA50,-1,48,BREAK_EVEN,True,BAR_CLOSE_TRAIL,27.0000
26838,2026-08-24 06:32:02.968,EMA_BOUNCE,EMA50,-1,48,NO_BREAK_EVEN,True,BAR_CLOSE_TRAIL,27.0000
26853,2026-08-24 06:33:54.080,EMA_BOUNCE,EMA8,-1,12,BREAK_EVEN,True,BAR_CLOSE_TRAIL,0.0000
26853,2026-08-24 06:33:54.080,EMA_BOUNCE,EMA8,-1,12,NO_BREAK_EVEN,True,BAR_CLOSE_TRAIL,-0.0000
26853,2026-08-24 06:33:54.080,EMA_BOUNCE,EMA8,-1,24,BREAK_EVEN,True,BAR_CLOSE_TRAIL,0.0000
26853,2026-08-24 06:33:54.080,EMA_BOUNCE,EMA8,-1,24,NO_BREAK_EVEN,True,BAR_CLOSE_TRAIL,-0.0000
26853,2026-08-24 06:33:54.080,EMA_BOUNCE,EMA8,-1,48,BREAK_EVEN,True,BAR_CLOSE_TRAIL,0.0000
26853,2026-08-24 06:33:54.080,EMA_BOUNCE,EMA8,-1,48,NO_BREAK_EVEN,True,BAR_CLOSE_TRAIL,-0.0000
26860,2026-08-24 06:35:10.788,PIN7,PIN7,-1,12,BREAK_EVEN,False,HARD_STOP,-10.0000
26860,2026-08-24 06:35:10.788,PIN7,PIN7,-1,12,NO_BREAK_EVEN,False,HARD_STOP,-10.0000
26860,2026-08-24 06:35:10.788,PIN7,PIN7,-1,24,BREAK_EVEN,False,HARD_STOP,-10.0000
26860,2026-08-24 06:35:10.788,PIN7,PIN7,-1,24,NO_BREAK_EVEN,False,HARD_STOP,-10.0000
26860,2026-08-24 06:35:10.788,PIN7,PIN7,-1,48,BREAK_EVEN,False,HARD_STOP,-10.0000
26860,2026-08-24 06:35:10.788,PIN7,PIN7,-1,48,NO_BREAK_EVEN,False,HARD_STOP,-10.0000
26871,2026-08-24 06:36:21.780,EMA_BOUNCE,EMA50,-1,12,BREAK_EVEN,False,HARD_STOP,-10.0000
26871,2026-08-24 06:36:21.780,EMA_BOUNCE,EMA50,-1,12,NO_BREAK_EVEN,False,HARD_STOP,-10.0000
26871,2026-08-24 06:36:21.780,EMA_BOUNCE,EMA50,-1,24,BREAK_EVEN,False,HARD_STOP,-10.0000
26871,2026-08-24 06:36:21.780,EMA_BOUNCE,EMA50,-1,24,NO_BREAK_EVEN,False,HARD_STOP,-10.0000
26871,2026-08-24 06:36:21.780,EMA_BOUNCE,EMA50,-1,48,BREAK_EVEN,False,HARD_STOP,-10.0000
26871,2026-08-24 06:36:21.780,EMA_BOUNCE,EMA50,-1,48,NO_BREAK_EVEN,False,HARD_STOP,-10.0000
26891,2026-08-24 06:39:00.164,EMA_BOUNCE,EMA8,-1,12,BREAK_EVEN,False,HARD_STOP,-10.0000
26891,2026-08-24 06:39:00.164,EMA_BOUNCE,EMA8,-1,12,NO_BREAK_EVEN,False,HARD_STOP,-10.0000
26891,2026-08-24 06:39:00.164,EMA_BOUNCE,EMA8,-1,24,BREAK_EVEN,False,HARD_STOP,-10.0000
26891,2026-08-24 06:39:00.164,EMA_BOUNCE,EMA8,-1,24,NO_BREAK_EVEN,False,HARD_STOP,-10.0000
26891,2026-08-24 06:39:00.164,EMA_BOUNCE,EMA8,-1,48,BREAK_EVEN,False,HARD_STOP,-10.0000
26891,2026-08-24 06:39:00.164,EMA_BOUNCE,EMA8,-1,48,NO_BREAK_EVEN,False,HARD_STOP,-10.0000
26930,2026-08-24 06:43:43.568,EMA_BOUNCE,EMA8,-1,12,BREAK_EVEN,True,TIME,21.0000
26930,2026-08-24 06:43:43.568,EMA_BOUNCE,EMA8,-1,12,NO_BREAK_EVEN,True,TIME,21.0000
26930,2026-08-24 06:43:43.568,EMA_BOUNCE,EMA8,-1,24,BREAK_EVEN,True,BAR_CLOSE_TRAIL,17.0000
26930,2026-08-24 06:43:43.568,EMA_BOUNCE,EMA8,-1,24,NO_BREAK_EVEN,True,BAR_CLOSE_TRAIL,17.0000
26930,2026-08-24 06:43:43.568,EMA_BOUNCE,EMA8,-1,48,BREAK_EVEN,True,BAR_CLOSE_TRAIL,17.0000
26930,2026-08-24 06:43:43.568,EMA_BOUNCE,EMA8,-1,48,NO_BREAK_EVEN,True,BAR_CLOSE_TRAIL,17.0000
26932,2026-08-24 06:44:19.540,EMA_BOUNCE,EMA8,-1,12,BREAK_EVEN,True,BAR_CLOSE_TRAIL,16.0000
26932,2026-08-24 06:44:19.540,EMA_BOUNCE,EMA8,-1,12,NO_BREAK_EVEN,True,BAR_CLOSE_TRAIL,16.0000
26932,2026-08-24 06:44:19.540,EMA_BOUNCE,EMA8,-1,24,BREAK_EVEN,True,BAR_CLOSE_TRAIL,16.0000
26932,2026-08-24 06:44:19.540,EMA_BOUNCE,EMA8,-1,24,NO_BREAK_EVEN,True,BAR_CLOSE_TRAIL,16.0000
26932,2026-08-24 06:44:19.540,EMA_BOUNCE,EMA8,-1,48,BREAK_EVEN,True,BAR_CLOSE_TRAIL,16.0000
26932,2026-08-24 06:44:19.540,EMA_BOUNCE,EMA8,-1,48,NO_BREAK_EVEN,True,BAR_CLOSE_TRAIL,16.0000
27036,2026-08-24 07:00:00.856,EMA_BOUNCE,EMA50,1,12,BREAK_EVEN,True,BREAK_EVEN,0.0000
27036,2026-08-24 07:00:00.856,EMA_BOUNCE,EMA50,1,12,NO_BREAK_EVEN,True,BAR_CLOSE_TRAIL,-4.0000
27036,2026-08-24 07:00:00.856,EMA_BOUNCE,EMA50,1,24,BREAK_EVEN,True,BREAK_EVEN,0.0000
27036,2026-08-24 07:00:00.856,EMA_BOUNCE,EMA50,1,24,NO_BREAK_EVEN,True,BAR_CLOSE_TRAIL,-4.0000
27036,2026-08-24 07:00:00.856,EMA_BOUNCE,EMA50,1,48,BREAK_EVEN,True,BREAK_EVEN,0.0000
27036,2026-08-24 07:00:00.856,EMA_BOUNCE,EMA50,1,48,NO_BREAK_EVEN,True,BAR_CLOSE_TRAIL,-4.0000
27038,2026-08-24 07:00:06.180,EMA_BOUNCE,EMA50,1,12,BREAK_EVEN,True,BREAK_EVEN,0.0000
27038,2026-08-24 07:00:06.180,EMA_BOUNCE,EMA50,1,12,NO_BREAK_EVEN,True,BAR_CLOSE_TRAIL,0.0000
27038,2026-08-24 07:00:06.180,EMA_BOUNCE,EMA50,1,24,BREAK_EVEN,True,BREAK_EVEN,0.0000
27038,2026-08-24 07:00:06.180,EMA_BOUNCE,EMA50,1,24,NO_BREAK_EVEN,True,BAR_CLOSE_TRAIL,0.0000
27038,2026-08-24 07:00:06.180,EMA_BOUNCE,EMA50,1,48,BREAK_EVEN,True,BREAK_EVEN,0.0000
27038,2026-08-24 07:00:06.180,EMA_BOUNCE,EMA50,1,48,NO_BREAK_EVEN,True,BAR_CLOSE_TRAIL,0.0000
27040,2026-08-24 07:00:12.372,EMA_BOUNCE,EMA50,1,12,BREAK_EVEN,True,BREAK_EVEN,0.0000
27040,2026-08-24 07:00:12.372,EMA_BOUNCE,EMA50,1,12,NO_BREAK_EVEN,True,BAR_CLOSE_TRAIL,0.0000
27040,2026-08-24 07:00:12.372,EMA_BOUNCE,EMA50,1,24,BREAK_EVEN,True,BREAK_EVEN,0.0000
27040,2026-08-24 07:00:12.372,EMA_BOUNCE,EMA50,1,24,NO_BREAK_EVEN,True,BAR_CLOSE_TRAIL,0.0000
27040,2026-08-24 07:00:12.372,EMA_BOUNCE,EMA50,1,48,BREAK_EVEN,True,BREAK_EVEN,0.0000
27040,2026-08-24 07:00:12.372,EMA_BOUNCE,EMA50,1,48,NO_BREAK_EVEN,True,BAR_CLOSE_TRAIL,0.0000
27069,2026-08-24 07:03:32.376,EMA_BOUNCE,EMA8,-1,12,BREAK_EVEN,True,BREAK_EVEN,0.0000
27069,2026-08-24 07:03:32.376,EMA_BOUNCE,EMA8,-1,12,NO_BREAK_EVEN,True,BAR_CLOSE_TRAIL,2.0000
27069,2026-08-24 07:03:32.376,EMA_BOUNCE,EMA8,-1,24,BREAK_EVEN,True,BREAK_EVEN,0.0000
27069,2026-08-24 07:03:32.376,EMA_BOUNCE,EMA8,-1,24,NO_BREAK_EVEN,True,BAR_CLOSE_TRAIL,2.0000
27069,2026-08-24 07:03:32.376,EMA_BOUNCE,EMA8,-1,48,BREAK_EVEN,True,BREAK_EVEN,0.0000
27069,2026-08-24 07:03:32.376,EMA_BOUNCE,EMA8,-1,48,NO_BREAK_EVEN,True,BAR_CLOSE_TRAIL,2.0000
27097,2026-08-24 07:09:28.340,PIN7,PIN7,-1,12,BREAK_EVEN,False,HARD_STOP,-10.0000
27097,2026-08-24 07:09:28.340,PIN7,PIN7,-1,12,NO_BREAK_EVEN,False,HARD_STOP,-10.0000
27097,2026-08-24 07:09:28.340,PIN7,PIN7,-1,24,BREAK_EVEN,False,HARD_STOP,-10.0000
27097,2026-08-24 07:09:28.340,PIN7,PIN7,-1,24,NO_BREAK_EVEN,False,HARD_STOP,-10.0000
27097,2026-08-24 07:09:28.340,PIN7,PIN7,-1,48,BREAK_EVEN,False,HARD_STOP,-10.0000
27097,2026-08-24 07:09:28.340,PIN7,PIN7,-1,48,NO_BREAK_EVEN,False,HARD_STOP,-10.0000
27110,2026-08-24 07:13:01.032,PIN7,PIN7,-1,12,BREAK_EVEN,False,HARD_STOP,-10.0000
27110,2026-08-24 07:13:01.032,PIN7,PIN7,-1,12,NO_BREAK_EVEN,False,HARD_STOP,-10.0000
27110,2026-08-24 07:13:01.032,PIN7,PIN7,-1,24,BREAK_EVEN,False,HARD_STOP,-10.0000
27110,2026-08-24 07:13:01.032,PIN7,PIN7,-1,24,NO_BREAK_EVEN,False,HARD_STOP,-10.0000
27110,2026-08-24 07:13:01.032,PIN7,PIN7,-1,48,BREAK_EVEN,False,HARD_STOP,-10.0000
27110,2026-08-24 07:13:01.032,PIN7,PIN7,-1,48,NO_BREAK_EVEN,False,HARD_STOP,-10.0000
27151,2026-08-24 07:23:59.072,EMA_BOUNCE,EMA24,1,12,BREAK_EVEN,False,HARD_STOP,-10.0000
27151,2026-08-24 07:23:59.072,EMA_BOUNCE,EMA24,1,12,NO_BREAK_EVEN,False,HARD_STOP,-10.0000
27151,2026-08-24 07:23:59.072,EMA_BOUNCE,EMA24,1,24,BREAK_EVEN,False,HARD_STOP,-10.0000
27151,2026-08-24 07:23:59.072,EMA_BOUNCE,EMA24,1,24,NO_BREAK_EVEN,False,HARD_STOP,-10.0000
27151,2026-08-24 07:23:59.072,EMA_BOUNCE,EMA24,1,48,BREAK_EVEN,False,HARD_STOP,-10.0000
27151,2026-08-24 07:23:59.072,EMA_BOUNCE,EMA24,1,48,NO_BREAK_EVEN,False,HARD_STOP,-10.0000
27177,2026-08-24 07:33:34.588,PIN_STRICT,PIN,1,12,BREAK_EVEN,True,BREAK_EVEN,0.0000
27177,2026-08-24 07:33:34.588,PIN_STRICT,PIN,1,12,NO_BREAK_EVEN,True,BAR_CLOSE_TRAIL,0.0000
27177,2026-08-24 07:33:34.588,PIN_STRICT,PIN,1,24,BREAK_EVEN,True,BREAK_EVEN,0.0000
27177,2026-08-24 07:33:34.588,PIN_STRICT,PIN,1,24,NO_BREAK_EVEN,True,BAR_CLOSE_TRAIL,0.0000
27177,2026-08-24 07:33:34.588,PIN_STRICT,PIN,1,48,BREAK_EVEN,True,BREAK_EVEN,0.0000
27177,2026-08-24 07:33:34.588,PIN_STRICT,PIN,1,48,NO_BREAK_EVEN,True,BAR_CLOSE_TRAIL,0.0000
27183,2026-08-24 07:36:09.316,EMA_BOUNCE,EMA8,1,12,BREAK_EVEN,True,BREAK_EVEN,0.0000
27183,2026-08-24 07:36:09.316,EMA_BOUNCE,EMA8,1,12,NO_BREAK_EVEN,True,BAR_CLOSE_TRAIL,0.0000
27183,2026-08-24 07:36:09.316,EMA_BOUNCE,EMA8,1,24,BREAK_EVEN,True,BREAK_EVEN,0.0000
27183,2026-08-24 07:36:09.316,EMA_BOUNCE,EMA8,1,24,NO_BREAK_EVEN,True,BAR_CLOSE_TRAIL,0.0000
27183,2026-08-24 07:36:09.316,EMA_BOUNCE,EMA8,1,48,BREAK_EVEN,True,BREAK_EVEN,0.0000
27183,2026-08-24 07:36:09.316,EMA_BOUNCE,EMA8,1,48,NO_BREAK_EVEN,True,BAR_CLOSE_TRAIL,0.0000
27185,2026-08-24 07:36:27.016,EMA_BOUNCE,EMA8,1,12,BREAK_EVEN,True,BREAK_EVEN,0.0000
27185,2026-08-24 07:36:27.016,EMA_BOUNCE,EMA8,1,12,NO_BREAK_EVEN,True,BAR_CLOSE_TRAIL,-1.0000
27185,2026-08-24 07:36:27.016,EMA_BOUNCE,EMA8,1,24,BREAK_EVEN,True,BREAK_EVEN,0.0000
27185,2026-08-24 07:36:27.016,EMA_BOUNCE,EMA8,1,24,NO_BREAK_EVEN,True,BAR_CLOSE_TRAIL,-1.0000
27185,2026-08-24 07:36:27.016,EMA_BOUNCE,EMA8,1,48,BREAK_EVEN,True,BREAK_EVEN,0.0000
27185,2026-08-24 07:36:27.016,EMA_BOUNCE,EMA8,1,48,NO_BREAK_EVEN,True,BAR_CLOSE_TRAIL,-1.0000
27190,2026-08-24 07:38:34.228,EMA_BOUNCE,EMA8,1,12,BREAK_EVEN,True,BAR_CLOSE_TRAIL,4.0000
27190,2026-08-24 07:38:34.228,EMA_BOUNCE,EMA8,1,12,NO_BREAK_EVEN,True,BAR_CLOSE_TRAIL,4.0000
27190,2026-08-24 07:38:34.228,EMA_BOUNCE,EMA8,1,24,BREAK_EVEN,True,BAR_CLOSE_TRAIL,4.0000
27190,2026-08-24 07:38:34.228,EMA_BOUNCE,EMA8,1,24,NO_BREAK_EVEN,True,BAR_CLOSE_TRAIL,4.0000
27190,2026-08-24 07:38:34.228,EMA_BOUNCE,EMA8,1,48,BREAK_EVEN,True,BAR_CLOSE_TRAIL,4.0000
27190,2026-08-24 07:38:34.228,EMA_BOUNCE,EMA8,1,48,NO_BREAK_EVEN,True,BAR_CLOSE_TRAIL,4.0000
27207,2026-08-24 07:45:30.984,EMA_BOUNCE,EMA50,1,12,BREAK_EVEN,True,BREAK_EVEN,0.0000
27207,2026-08-24 07:45:30.984,EMA_BOUNCE,EMA50,1,12,NO_BREAK_EVEN,True,BAR_CLOSE_TRAIL,-2.0000
27207,2026-08-24 07:45:30.984,EMA_BOUNCE,EMA50,1,24,BREAK_EVEN,True,BREAK_EVEN,0.0000
27207,2026-08-24 07:45:30.984,EMA_BOUNCE,EMA50,1,24,NO_BREAK_EVEN,True,BAR_CLOSE_TRAIL,-2.0000
27207,2026-08-24 07:45:30.984,EMA_BOUNCE,EMA50,1,48,BREAK_EVEN,True,BREAK_EVEN,0.0000
27207,2026-08-24 07:45:30.984,EMA_BOUNCE,EMA50,1,48,NO_BREAK_EVEN,True,BAR_CLOSE_TRAIL,-2.0000
27236,2026-08-24 07:58:49.856,EMA_BOUNCE,EMA50,1,12,BREAK_EVEN,True,BREAK_EVEN,0.0000
27236,2026-08-24 07:58:49.856,EMA_BOUNCE,EMA50,1,12,NO_BREAK_EVEN,True,BAR_CLOSE_TRAIL,0.0000
27236,2026-08-24 07:58:49.856,EMA_BOUNCE,EMA50,1,24,BREAK_EVEN,True,BREAK_EVEN,0.0000
27236,2026-08-24 07:58:49.856,EMA_BOUNCE,EMA50,1,24,NO_BREAK_EVEN,True,BAR_CLOSE_TRAIL,0.0000
27236,2026-08-24 07:58:49.856,EMA_BOUNCE,EMA50,1,48,BREAK_EVEN,True,BREAK_EVEN,0.0000
27236,2026-08-24 07:58:49.856,EMA_BOUNCE,EMA50,1,48,NO_BREAK_EVEN,True,BAR_CLOSE_TRAIL,0.0000
27562,2026-08-24 11:14:21.836,PIN7,PIN7,1,12,BREAK_EVEN,True,BAR_CLOSE_TRAIL,5.0000
27562,2026-08-24 11:14:21.836,PIN7,PIN7,1,12,NO_BREAK_EVEN,True,BAR_CLOSE_TRAIL,5.0000
27562,2026-08-24 11:14:21.836,PIN7,PIN7,1,24,BREAK_EVEN,True,BAR_CLOSE_TRAIL,5.0000
27562,2026-08-24 11:14:21.836,PIN7,PIN7,1,24,NO_BREAK_EVEN,True,BAR_CLOSE_TRAIL,5.0000
27562,2026-08-24 11:14:21.836,PIN7,PIN7,1,48,BREAK_EVEN,True,BAR_CLOSE_TRAIL,5.0000
27562,2026-08-24 11:14:21.836,PIN7,PIN7,1,48,NO_BREAK_EVEN,True,BAR_CLOSE_TRAIL,5.0000
27581,2026-08-24 11:28:57.680,PIN7,PIN7,1,12,BREAK_EVEN,True,BAR_CLOSE_TRAIL,5.0000
27581,2026-08-24 11:28:57.680,PIN7,PIN7,1,12,NO_BREAK_EVEN,True,BAR_CLOSE_TRAIL,5.0000
27581,2026-08-24 11:28:57.680,PIN7,PIN7,1,24,BREAK_EVEN,True,BAR_CLOSE_TRAIL,5.0000
27581,2026-08-24 11:28:57.680,PIN7,PIN7,1,24,NO_BREAK_EVEN,True,BAR_CLOSE_TRAIL,5.0000
27581,2026-08-24 11:28:57.680,PIN7,PIN7,1,48,BREAK_EVEN,True,BAR_CLOSE_TRAIL,5.0000
27581,2026-08-24 11:28:57.680,PIN7,PIN7,1,48,NO_BREAK_EVEN,True,BAR_CLOSE_TRAIL,5.0000
27654,2026-08-24 12:50:00.032,EMA_BOUNCE,EMA50,-1,12,BREAK_EVEN,True,BAR_CLOSE_TRAIL,6.0000
27654,2026-08-24 12:50:00.032,EMA_BOUNCE,EMA50,-1,12,NO_BREAK_EVEN,True,BAR_CLOSE_TRAIL,6.0000
27654,2026-08-24 12:50:00.032,EMA_BOUNCE,EMA50,-1,24,BREAK_EVEN,True,BAR_CLOSE_TRAIL,6.0000
27654,2026-08-24 12:50:00.032,EMA_BOUNCE,EMA50,-1,24,NO_BREAK_EVEN,True,BAR_CLOSE_TRAIL,6.0000
27654,2026-08-24 12:50:00.032,EMA_BOUNCE,EMA50,-1,48,BREAK_EVEN,True,BAR_CLOSE_TRAIL,6.0000
27654,2026-08-24 12:50:00.032,EMA_BOUNCE,EMA50,-1,48,NO_BREAK_EVEN,True,BAR_CLOSE_TRAIL,6.0000
27659,2026-08-24 12:52:00.084,PIN7,PIN7,-1,12,BREAK_EVEN,True,BREAK_EVEN,0.0000
27659,2026-08-24 12:52:00.084,PIN7,PIN7,-1,12,NO_BREAK_EVEN,True,BAR_CLOSE_TRAIL,-4.0000
27659,2026-08-24 12:52:00.084,PIN7,PIN7,-1,24,BREAK_EVEN,True,BREAK_EVEN,0.0000
27659,2026-08-24 12:52:00.084,PIN7,PIN7,-1,24,NO_BREAK_EVEN,True,BAR_CLOSE_TRAIL,-4.0000
27659,2026-08-24 12:52:00.084,PIN7,PIN7,-1,48,BREAK_EVEN,True,BREAK_EVEN,0.0000
27659,2026-08-24 12:52:00.084,PIN7,PIN7,-1,48,NO_BREAK_EVEN,True,BAR_CLOSE_TRAIL,-4.0000
27671,2026-08-24 12:56:03.724,EMA_BOUNCE,EMA50,-1,12,BREAK_EVEN,False,HARD_STOP,-10.0000
27671,2026-08-24 12:56:03.724,EMA_BOUNCE,EMA50,-1,12,NO_BREAK_EVEN,False,HARD_STOP,-10.0000
27671,2026-08-24 12:56:03.724,EMA_BOUNCE,EMA50,-1,24,BREAK_EVEN,False,HARD_STOP,-10.0000
27671,2026-08-24 12:56:03.724,EMA_BOUNCE,EMA50,-1,24,NO_BREAK_EVEN,False,HARD_STOP,-10.0000
27671,2026-08-24 12:56:03.724,EMA_BOUNCE,EMA50,-1,48,BREAK_EVEN,False,HARD_STOP,-10.0000
27671,2026-08-24 12:56:03.724,EMA_BOUNCE,EMA50,-1,48,NO_BREAK_EVEN,False,HARD_STOP,-10.0000
28463,2026-08-25 06:37:54.456,PIN7,PIN7,1,12,BREAK_EVEN,False,HARD_STOP,-10.0000
28463,2026-08-25 06:37:54.456,PIN7,PIN7,1,12,NO_BREAK_EVEN,False,HARD_STOP,-10.0000
28463,2026-08-25 06:37:54.456,PIN7,PIN7,1,24,BREAK_EVEN,False,HARD_STOP,-10.0000
28463,2026-08-25 06:37:54.456,PIN7,PIN7,1,24,NO_BREAK_EVEN,False,HARD_STOP,-10.0000
28463,2026-08-25 06:37:54.456,PIN7,PIN7,1,48,BREAK_EVEN,False,HARD_STOP,-10.0000
28463,2026-08-25 06:37:54.456,PIN7,PIN7,1,48,NO_BREAK_EVEN,False,HARD_STOP,-10.0000
28553,2026-08-25 07:00:05.964,EMA_BOUNCE,EMA8,-1,12,BREAK_EVEN,True,BREAK_EVEN,0.0000
28553,2026-08-25 07:00:05.964,EMA_BOUNCE,EMA8,-1,12,NO_BREAK_EVEN,True,BAR_CLOSE_TRAIL,-4.0000
28553,2026-08-25 07:00:05.964,EMA_BOUNCE,EMA8,-1,24,BREAK_EVEN,True,BREAK_EVEN,0.0000
28553,2026-08-25 07:00:05.964,EMA_BOUNCE,EMA8,-1,24,NO_BREAK_EVEN,True,BAR_CLOSE_TRAIL,-4.0000
28553,2026-08-25 07:00:05.964,EMA_BOUNCE,EMA8,-1,48,BREAK_EVEN,True,BREAK_EVEN,0.0000
28553,2026-08-25 07:00:05.964,EMA_BOUNCE,EMA8,-1,48,NO_BREAK_EVEN,True,BAR_CLOSE_TRAIL,-4.0000
28568,2026-08-25 07:03:45.636,EMA_BOUNCE,EMA24,-1,12,BREAK_EVEN,True,BAR_CLOSE_TRAIL,2.0000
28568,2026-08-25 07:03:45.636,EMA_BOUNCE,EMA24,-1,12,NO_BREAK_EVEN,True,BAR_CLOSE_TRAIL,2.0000
28568,2026-08-25 07:03:45.636,EMA_BOUNCE,EMA24,-1,24,BREAK_EVEN,True,BAR_CLOSE_TRAIL,2.0000
28568,2026-08-25 07:03:45.636,EMA_BOUNCE,EMA24,-1,24,NO_BREAK_EVEN,True,BAR_CLOSE_TRAIL,2.0000
28568,2026-08-25 07:03:45.636,EMA_BOUNCE,EMA24,-1,48,BREAK_EVEN,True,BAR_CLOSE_TRAIL,2.0000
28568,2026-08-25 07:03:45.636,EMA_BOUNCE,EMA24,-1,48,NO_BREAK_EVEN,True,BAR_CLOSE_TRAIL,2.0000
28574,2026-08-25 07:05:59.660,EMA_BOUNCE,EMA24,-1,12,BREAK_EVEN,True,BREAK_EVEN,0.0000
28574,2026-08-25 07:05:59.660,EMA_BOUNCE,EMA24,-1,12,NO_BREAK_EVEN,True,BAR_CLOSE_TRAIL,-0.0000
28574,2026-08-25 07:05:59.660,EMA_BOUNCE,EMA24,-1,24,BREAK_EVEN,True,BREAK_EVEN,0.0000
28574,2026-08-25 07:05:59.660,EMA_BOUNCE,EMA24,-1,24,NO_BREAK_EVEN,True,BAR_CLOSE_TRAIL,-0.0000
28574,2026-08-25 07:05:59.660,EMA_BOUNCE,EMA24,-1,48,BREAK_EVEN,True,BREAK_EVEN,0.0000
28574,2026-08-25 07:05:59.660,EMA_BOUNCE,EMA24,-1,48,NO_BREAK_EVEN,True,BAR_CLOSE_TRAIL,-0.0000
28582,2026-08-25 07:08:25.876,EMA_BOUNCE,EMA8,-1,12,BREAK_EVEN,False,HARD_STOP,-10.0000
28582,2026-08-25 07:08:25.876,EMA_BOUNCE,EMA8,-1,12,NO_BREAK_EVEN,False,HARD_STOP,-10.0000
28582,2026-08-25 07:08:25.876,EMA_BOUNCE,EMA8,-1,24,BREAK_EVEN,False,HARD_STOP,-10.0000
28582,2026-08-25 07:08:25.876,EMA_BOUNCE,EMA8,-1,24,NO_BREAK_EVEN,False,HARD_STOP,-10.0000
28582,2026-08-25 07:08:25.876,EMA_BOUNCE,EMA8,-1,48,BREAK_EVEN,False,HARD_STOP,-10.0000
28582,2026-08-25 07:08:25.876,EMA_BOUNCE,EMA8,-1,48,NO_BREAK_EVEN,False,HARD_STOP,-10.0000
28614,2026-08-25 07:22:41.676,PIN7,PIN7,-1,12,BREAK_EVEN,True,BREAK_EVEN,0.0000
28614,2026-08-25 07:22:41.676,PIN7,PIN7,-1,12,NO_BREAK_EVEN,True,BAR_CLOSE_TRAIL,1.0000
28614,2026-08-25 07:22:41.676,PIN7,PIN7,-1,24,BREAK_EVEN,True,BREAK_EVEN,0.0000
28614,2026-08-25 07:22:41.676,PIN7,PIN7,-1,24,NO_BREAK_EVEN,True,BAR_CLOSE_TRAIL,1.0000
28614,2026-08-25 07:22:41.676,PIN7,PIN7,-1,48,BREAK_EVEN,True,BREAK_EVEN,0.0000
28614,2026-08-25 07:22:41.676,PIN7,PIN7,-1,48,NO_BREAK_EVEN,True,BAR_CLOSE_TRAIL,1.0000
28615,2026-08-25 07:22:58.988,PIN7,PIN7,-1,12,BREAK_EVEN,True,BREAK_EVEN,0.0000
28615,2026-08-25 07:22:58.988,PIN7,PIN7,-1,12,NO_BREAK_EVEN,True,BAR_CLOSE_TRAIL,-0.0000
28615,2026-08-25 07:22:58.988,PIN7,PIN7,-1,24,BREAK_EVEN,True,BREAK_EVEN,0.0000
28615,2026-08-25 07:22:58.988,PIN7,PIN7,-1,24,NO_BREAK_EVEN,True,BAR_CLOSE_TRAIL,-0.0000
28615,2026-08-25 07:22:58.988,PIN7,PIN7,-1,48,BREAK_EVEN,True,BREAK_EVEN,0.0000
28615,2026-08-25 07:22:58.988,PIN7,PIN7,-1,48,NO_BREAK_EVEN,True,BAR_CLOSE_TRAIL,-0.0000
28616,2026-08-25 07:23:21.644,PIN7,PIN7,-1,12,BREAK_EVEN,True,BREAK_EVEN,0.0000
28616,2026-08-25 07:23:21.644,PIN7,PIN7,-1,12,NO_BREAK_EVEN,True,BAR_CLOSE_TRAIL,-0.0000
28616,2026-08-25 07:23:21.644,PIN7,PIN7,-1,24,BREAK_EVEN,True,BREAK_EVEN,0.0000
28616,2026-08-25 07:23:21.644,PIN7,PIN7,-1,24,NO_BREAK_EVEN,True,BAR_CLOSE_TRAIL,-0.0000
28616,2026-08-25 07:23:21.644,PIN7,PIN7,-1,48,BREAK_EVEN,True,BREAK_EVEN,0.0000
28616,2026-08-25 07:23:21.644,PIN7,PIN7,-1,48,NO_BREAK_EVEN,True,BAR_CLOSE_TRAIL,-0.0000
28645,2026-08-25 07:30:28.516,EMA_BOUNCE,EMA8,-1,12,BREAK_EVEN,True,BAR_CLOSE_TRAIL,23.0000
28645,2026-08-25 07:30:28.516,EMA_BOUNCE,EMA8,-1,12,NO_BREAK_EVEN,True,BAR_CLOSE_TRAIL,23.0000
28645,2026-08-25 07:30:28.516,EMA_BOUNCE,EMA8,-1,24,BREAK_EVEN,True,BAR_CLOSE_TRAIL,23.0000
28645,2026-08-25 07:30:28.516,EMA_BOUNCE,EMA8,-1,24,NO_BREAK_EVEN,True,BAR_CLOSE_TRAIL,23.0000
28645,2026-08-25 07:30:28.516,EMA_BOUNCE,EMA8,-1,48,BREAK_EVEN,True,BAR_CLOSE_TRAIL,23.0000
28645,2026-08-25 07:30:28.516,EMA_BOUNCE,EMA8,-1,48,NO_BREAK_EVEN,True,BAR_CLOSE_TRAIL,23.0000
28702,2026-08-25 07:31:24.300,EMA_BOUNCE,EMA8,1,12,BREAK_EVEN,True,BAR_CLOSE_TRAIL,8.0000
28702,2026-08-25 07:31:24.300,EMA_BOUNCE,EMA8,1,12,NO_BREAK_EVEN,True,BAR_CLOSE_TRAIL,8.0000
28702,2026-08-25 07:31:24.300,EMA_BOUNCE,EMA8,1,24,BREAK_EVEN,True,BAR_CLOSE_TRAIL,8.0000
28702,2026-08-25 07:31:24.300,EMA_BOUNCE,EMA8,1,24,NO_BREAK_EVEN,True,BAR_CLOSE_TRAIL,8.0000
28702,2026-08-25 07:31:24.300,EMA_BOUNCE,EMA8,1,48,BREAK_EVEN,True,BAR_CLOSE_TRAIL,8.0000
28702,2026-08-25 07:31:24.300,EMA_BOUNCE,EMA8,1,48,NO_BREAK_EVEN,True,BAR_CLOSE_TRAIL,8.0000
28706,2026-08-25 07:32:14.608,PIN7,PIN7,1,12,BREAK_EVEN,True,BREAK_EVEN,0.0000
28706,2026-08-25 07:32:14.608,PIN7,PIN7,1,12,NO_BREAK_EVEN,True,BAR_CLOSE_TRAIL,1.0000
28706,2026-08-25 07:32:14.608,PIN7,PIN7,1,24,BREAK_EVEN,True,BREAK_EVEN,0.0000
28706,2026-08-25 07:32:14.608,PIN7,PIN7,1,24,NO_BREAK_EVEN,True,BAR_CLOSE_TRAIL,1.0000
28706,2026-08-25 07:32:14.608,PIN7,PIN7,1,48,BREAK_EVEN,True,BREAK_EVEN,0.0000
28706,2026-08-25 07:32:14.608,PIN7,PIN7,1,48,NO_BREAK_EVEN,True,BAR_CLOSE_TRAIL,1.0000
28715,2026-08-25 07:34:01.968,EMA_BOUNCE,EMA8,1,12,BREAK_EVEN,False,HARD_STOP,-10.0000
28715,2026-08-25 07:34:01.968,EMA_BOUNCE,EMA8,1,12,NO_BREAK_EVEN,False,HARD_STOP,-10.0000
28715,2026-08-25 07:34:01.968,EMA_BOUNCE,EMA8,1,24,BREAK_EVEN,False,HARD_STOP,-10.0000
28715,2026-08-25 07:34:01.968,EMA_BOUNCE,EMA8,1,24,NO_BREAK_EVEN,False,HARD_STOP,-10.0000
28715,2026-08-25 07:34:01.968,EMA_BOUNCE,EMA8,1,48,BREAK_EVEN,False,HARD_STOP,-10.0000
28715,2026-08-25 07:34:01.968,EMA_BOUNCE,EMA8,1,48,NO_BREAK_EVEN,False,HARD_STOP,-10.0000
28724,2026-08-25 07:36:06.064,EMA_BOUNCE,EMA50,1,12,BREAK_EVEN,True,BAR_CLOSE_TRAIL,11.0000
28724,2026-08-25 07:36:06.064,EMA_BOUNCE,EMA50,1,12,NO_BREAK_EVEN,True,BAR_CLOSE_TRAIL,11.0000
28724,2026-08-25 07:36:06.064,EMA_BOUNCE,EMA50,1,24,BREAK_EVEN,True,BAR_CLOSE_TRAIL,11.0000
28724,2026-08-25 07:36:06.064,EMA_BOUNCE,EMA50,1,24,NO_BREAK_EVEN,True,BAR_CLOSE_TRAIL,11.0000
28724,2026-08-25 07:36:06.064,EMA_BOUNCE,EMA50,1,48,BREAK_EVEN,True,BAR_CLOSE_TRAIL,11.0000
28724,2026-08-25 07:36:06.064,EMA_BOUNCE,EMA50,1,48,NO_BREAK_EVEN,True,BAR_CLOSE_TRAIL,11.0000
28757,2026-08-25 07:48:17.324,EMA_BOUNCE,EMA50,-1,12,BREAK_EVEN,True,BREAK_EVEN,0.0000
28757,2026-08-25 07:48:17.324,EMA_BOUNCE,EMA50,-1,12,NO_BREAK_EVEN,True,BAR_CLOSE_TRAIL,-0.0000
28757,2026-08-25 07:48:17.324,EMA_BOUNCE,EMA50,-1,24,BREAK_EVEN,True,BREAK_EVEN,0.0000
28757,2026-08-25 07:48:17.324,EMA_BOUNCE,EMA50,-1,24,NO_BREAK_EVEN,True,BAR_CLOSE_TRAIL,-0.0000
28757,2026-08-25 07:48:17.324,EMA_BOUNCE,EMA50,-1,48,BREAK_EVEN,True,BREAK_EVEN,0.0000
28757,2026-08-25 07:48:17.324,EMA_BOUNCE,EMA50,-1,48,NO_BREAK_EVEN,True,BAR_CLOSE_TRAIL,-0.0000
29029,2026-08-25 11:45:29.616,PIN7,PIN7,1,12,BREAK_EVEN,True,BREAK_EVEN,0.0000
29029,2026-08-25 11:45:29.616,PIN7,PIN7,1,12,NO_BREAK_EVEN,True,BAR_CLOSE_TRAIL,-1.0000
29029,2026-08-25 11:45:29.616,PIN7,PIN7,1,24,BREAK_EVEN,True,BREAK_EVEN,0.0000
29029,2026-08-25 11:45:29.616,PIN7,PIN7,1,24,NO_BREAK_EVEN,True,BAR_CLOSE_TRAIL,-1.0000
29029,2026-08-25 11:45:29.616,PIN7,PIN7,1,48,BREAK_EVEN,True,BREAK_EVEN,0.0000
29029,2026-08-25 11:45:29.616,PIN7,PIN7,1,48,NO_BREAK_EVEN,True,BAR_CLOSE_TRAIL,-1.0000
29035,2026-08-25 11:59:02.464,EMA_BOUNCE,EMA8,1,12,BREAK_EVEN,True,BREAK_EVEN,0.0000
29035,2026-08-25 11:59:02.464,EMA_BOUNCE,EMA8,1,12,NO_BREAK_EVEN,True,BAR_CLOSE_TRAIL,-2.0000
29035,2026-08-25 11:59:02.464,EMA_BOUNCE,EMA8,1,24,BREAK_EVEN,True,BREAK_EVEN,0.0000
29035,2026-08-25 11:59:02.464,EMA_BOUNCE,EMA8,1,24,NO_BREAK_EVEN,True,BAR_CLOSE_TRAIL,-2.0000
29035,2026-08-25 11:59:02.464,EMA_BOUNCE,EMA8,1,48,BREAK_EVEN,True,BREAK_EVEN,0.0000
29035,2026-08-25 11:59:02.464,EMA_BOUNCE,EMA8,1,48,NO_BREAK_EVEN,True,BAR_CLOSE_TRAIL,-2.0000
29751,2026-08-26 06:33:03.000,EMA_BOUNCE,EMA24,1,12,BREAK_EVEN,True,TIME,13.0000
29751,2026-08-26 06:33:03.000,EMA_BOUNCE,EMA24,1,12,NO_BREAK_EVEN,True,TIME,13.0000
29751,2026-08-26 06:33:03.000,EMA_BOUNCE,EMA24,1,24,BREAK_EVEN,True,BAR_CLOSE_TRAIL,12.0000
29751,2026-08-26 06:33:03.000,EMA_BOUNCE,EMA24,1,24,NO_BREAK_EVEN,True,BAR_CLOSE_TRAIL,12.0000
29751,2026-08-26 06:33:03.000,EMA_BOUNCE,EMA24,1,48,BREAK_EVEN,True,BAR_CLOSE_TRAIL,12.0000
29751,2026-08-26 06:33:03.000,EMA_BOUNCE,EMA24,1,48,NO_BREAK_EVEN,True,BAR_CLOSE_TRAIL,12.0000
29760,2026-08-26 06:34:08.404,PIN7,PIN7,1,12,BREAK_EVEN,True,BREAK_EVEN,0.0000
29760,2026-08-26 06:34:08.404,PIN7,PIN7,1,12,NO_BREAK_EVEN,True,BAR_CLOSE_TRAIL,4.0000
29760,2026-08-26 06:34:08.404,PIN7,PIN7,1,24,BREAK_EVEN,True,BREAK_EVEN,0.0000
29760,2026-08-26 06:34:08.404,PIN7,PIN7,1,24,NO_BREAK_EVEN,True,BAR_CLOSE_TRAIL,4.0000
29760,2026-08-26 06:34:08.404,PIN7,PIN7,1,48,BREAK_EVEN,True,BREAK_EVEN,0.0000
29760,2026-08-26 06:34:08.404,PIN7,PIN7,1,48,NO_BREAK_EVEN,True,BAR_CLOSE_TRAIL,4.0000
29761,2026-08-26 06:34:20.020,PIN7,PIN7,1,12,BREAK_EVEN,True,BREAK_EVEN,0.0000
29761,2026-08-26 06:34:20.020,PIN7,PIN7,1,12,NO_BREAK_EVEN,True,BAR_CLOSE_TRAIL,1.0000
29761,2026-08-26 06:34:20.020,PIN7,PIN7,1,24,BREAK_EVEN,True,BREAK_EVEN,0.0000
29761,2026-08-26 06:34:20.020,PIN7,PIN7,1,24,NO_BREAK_EVEN,True,BAR_CLOSE_TRAIL,1.0000
29761,2026-08-26 06:34:20.020,PIN7,PIN7,1,48,BREAK_EVEN,True,BREAK_EVEN,0.0000
29761,2026-08-26 06:34:20.020,PIN7,PIN7,1,48,NO_BREAK_EVEN,True,BAR_CLOSE_TRAIL,1.0000
29764,2026-08-26 06:34:43.184,EMA_BOUNCE,EMA8,1,12,BREAK_EVEN,True,BREAK_EVEN,0.0000
29764,2026-08-26 06:34:43.184,EMA_BOUNCE,EMA8,1,12,NO_BREAK_EVEN,True,BAR_CLOSE_TRAIL,-1.0000
29764,2026-08-26 06:34:43.184,EMA_BOUNCE,EMA8,1,24,BREAK_EVEN,True,BREAK_EVEN,0.0000
29764,2026-08-26 06:34:43.184,EMA_BOUNCE,EMA8,1,24,NO_BREAK_EVEN,True,BAR_CLOSE_TRAIL,-1.0000
29764,2026-08-26 06:34:43.184,EMA_BOUNCE,EMA8,1,48,BREAK_EVEN,True,BREAK_EVEN,0.0000
29764,2026-08-26 06:34:43.184,EMA_BOUNCE,EMA8,1,48,NO_BREAK_EVEN,True,BAR_CLOSE_TRAIL,-1.0000
29767,2026-08-26 06:35:01.308,EMA_BOUNCE,EMA8,1,12,BREAK_EVEN,False,HARD_STOP,-10.0000
29767,2026-08-26 06:35:01.308,EMA_BOUNCE,EMA8,1,12,NO_BREAK_EVEN,False,HARD_STOP,-10.0000
29767,2026-08-26 06:35:01.308,EMA_BOUNCE,EMA8,1,24,BREAK_EVEN,False,HARD_STOP,-10.0000
29767,2026-08-26 06:35:01.308,EMA_BOUNCE,EMA8,1,24,NO_BREAK_EVEN,False,HARD_STOP,-10.0000
29767,2026-08-26 06:35:01.308,EMA_BOUNCE,EMA8,1,48,BREAK_EVEN,False,HARD_STOP,-10.0000
29767,2026-08-26 06:35:01.308,EMA_BOUNCE,EMA8,1,48,NO_BREAK_EVEN,False,HARD_STOP,-10.0000
29802,2026-08-26 06:39:26.060,EMA_BOUNCE,EMA24,1,12,BREAK_EVEN,True,BAR_CLOSE_TRAIL,5.0000
29802,2026-08-26 06:39:26.060,EMA_BOUNCE,EMA24,1,12,NO_BREAK_EVEN,True,BAR_CLOSE_TRAIL,5.0000
29802,2026-08-26 06:39:26.060,EMA_BOUNCE,EMA24,1,24,BREAK_EVEN,True,BAR_CLOSE_TRAIL,5.0000
29802,2026-08-26 06:39:26.060,EMA_BOUNCE,EMA24,1,24,NO_BREAK_EVEN,True,BAR_CLOSE_TRAIL,5.0000
29802,2026-08-26 06:39:26.060,EMA_BOUNCE,EMA24,1,48,BREAK_EVEN,True,BAR_CLOSE_TRAIL,5.0000
29802,2026-08-26 06:39:26.060,EMA_BOUNCE,EMA24,1,48,NO_BREAK_EVEN,True,BAR_CLOSE_TRAIL,5.0000
29826,2026-08-26 06:43:30.880,PIN7,PIN7,1,12,BREAK_EVEN,True,BAR_CLOSE_TRAIL,18.0000
29826,2026-08-26 06:43:30.880,PIN7,PIN7,1,12,NO_BREAK_EVEN,True,BAR_CLOSE_TRAIL,18.0000
29826,2026-08-26 06:43:30.880,PIN7,PIN7,1,24,BREAK_EVEN,True,BAR_CLOSE_TRAIL,18.0000
29826,2026-08-26 06:43:30.880,PIN7,PIN7,1,24,NO_BREAK_EVEN,True,BAR_CLOSE_TRAIL,18.0000
29826,2026-08-26 06:43:30.880,PIN7,PIN7,1,48,BREAK_EVEN,True,BAR_CLOSE_TRAIL,18.0000
29826,2026-08-26 06:43:30.880,PIN7,PIN7,1,48,NO_BREAK_EVEN,True,BAR_CLOSE_TRAIL,18.0000
29831,2026-08-26 06:43:34.616,PIN_STRICT,PIN,1,12,BREAK_EVEN,False,HARD_STOP,-10.0000
29831,2026-08-26 06:43:34.616,PIN_STRICT,PIN,1,12,NO_BREAK_EVEN,False,HARD_STOP,-10.0000
29831,2026-08-26 06:43:34.616,PIN_STRICT,PIN,1,24,BREAK_EVEN,False,HARD_STOP,-10.0000
29831,2026-08-26 06:43:34.616,PIN_STRICT,PIN,1,24,NO_BREAK_EVEN,False,HARD_STOP,-10.0000
29831,2026-08-26 06:43:34.616,PIN_STRICT,PIN,1,48,BREAK_EVEN,False,HARD_STOP,-10.0000
29831,2026-08-26 06:43:34.616,PIN_STRICT,PIN,1,48,NO_BREAK_EVEN,False,HARD_STOP,-10.0000
29835,2026-08-26 06:43:43.896,EMA_BOUNCE,EMA8,1,12,BREAK_EVEN,True,BREAK_EVEN,0.0000
29835,2026-08-26 06:43:43.896,EMA_BOUNCE,EMA8,1,12,NO_BREAK_EVEN,True,BAR_CLOSE_TRAIL,-3.0000
29835,2026-08-26 06:43:43.896,EMA_BOUNCE,EMA8,1,24,BREAK_EVEN,True,BREAK_EVEN,0.0000
29835,2026-08-26 06:43:43.896,EMA_BOUNCE,EMA8,1,24,NO_BREAK_EVEN,True,BAR_CLOSE_TRAIL,-3.0000
29835,2026-08-26 06:43:43.896,EMA_BOUNCE,EMA8,1,48,BREAK_EVEN,True,BREAK_EVEN,0.0000
29835,2026-08-26 06:43:43.896,EMA_BOUNCE,EMA8,1,48,NO_BREAK_EVEN,True,BAR_CLOSE_TRAIL,-3.0000
29837,2026-08-26 06:44:02.284,EMA_BOUNCE,EMA8,1,12,BREAK_EVEN,True,BREAK_EVEN,0.0000
29837,2026-08-26 06:44:02.284,EMA_BOUNCE,EMA8,1,12,NO_BREAK_EVEN,True,BAR_CLOSE_TRAIL,-1.0000
29837,2026-08-26 06:44:02.284,EMA_BOUNCE,EMA8,1,24,BREAK_EVEN,True,BREAK_EVEN,0.0000
29837,2026-08-26 06:44:02.284,EMA_BOUNCE,EMA8,1,24,NO_BREAK_EVEN,True,BAR_CLOSE_TRAIL,-1.0000
29837,2026-08-26 06:44:02.284,EMA_BOUNCE,EMA8,1,48,BREAK_EVEN,True,BREAK_EVEN,0.0000
29837,2026-08-26 06:44:02.284,EMA_BOUNCE,EMA8,1,48,NO_BREAK_EVEN,True,BAR_CLOSE_TRAIL,-1.0000
29900,2026-08-26 07:00:17.256,EMA_BOUNCE,EMA24,1,12,BREAK_EVEN,True,BREAK_EVEN,0.0000
29900,2026-08-26 07:00:17.256,EMA_BOUNCE,EMA24,1,12,NO_BREAK_EVEN,True,BAR_CLOSE_TRAIL,-1.0000
29900,2026-08-26 07:00:17.256,EMA_BOUNCE,EMA24,1,24,BREAK_EVEN,True,BREAK_EVEN,0.0000
29900,2026-08-26 07:00:17.256,EMA_BOUNCE,EMA24,1,24,NO_BREAK_EVEN,True,BAR_CLOSE_TRAIL,-1.0000
29900,2026-08-26 07:00:17.256,EMA_BOUNCE,EMA24,1,48,BREAK_EVEN,True,BREAK_EVEN,0.0000
29900,2026-08-26 07:00:17.256,EMA_BOUNCE,EMA24,1,48,NO_BREAK_EVEN,True,BAR_CLOSE_TRAIL,-1.0000
29904,2026-08-26 07:02:09.948,EMA_BOUNCE,EMA24,1,12,BREAK_EVEN,True,BREAK_EVEN,0.0000
29904,2026-08-26 07:02:09.948,EMA_BOUNCE,EMA24,1,12,NO_BREAK_EVEN,True,BAR_CLOSE_TRAIL,0.0000
29904,2026-08-26 07:02:09.948,EMA_BOUNCE,EMA24,1,24,BREAK_EVEN,True,BREAK_EVEN,0.0000
29904,2026-08-26 07:02:09.948,EMA_BOUNCE,EMA24,1,24,NO_BREAK_EVEN,True,BAR_CLOSE_TRAIL,0.0000
29904,2026-08-26 07:02:09.948,EMA_BOUNCE,EMA24,1,48,BREAK_EVEN,True,BREAK_EVEN,0.0000
29904,2026-08-26 07:02:09.948,EMA_BOUNCE,EMA24,1,48,NO_BREAK_EVEN,True,BAR_CLOSE_TRAIL,0.0000
29910,2026-08-26 07:05:35.964,EMA_BOUNCE,EMA24,1,12,BREAK_EVEN,True,BREAK_EVEN,0.0000
29910,2026-08-26 07:05:35.964,EMA_BOUNCE,EMA24,1,12,NO_BREAK_EVEN,True,BAR_CLOSE_TRAIL,0.0000
29910,2026-08-26 07:05:35.964,EMA_BOUNCE,EMA24,1,24,BREAK_EVEN,True,BREAK_EVEN,0.0000
29910,2026-08-26 07:05:35.964,EMA_BOUNCE,EMA24,1,24,NO_BREAK_EVEN,True,BAR_CLOSE_TRAIL,0.0000
29910,2026-08-26 07:05:35.964,EMA_BOUNCE,EMA24,1,48,BREAK_EVEN,True,BREAK_EVEN,0.0000
29910,2026-08-26 07:05:35.964,EMA_BOUNCE,EMA24,1,48,NO_BREAK_EVEN,True,BAR_CLOSE_TRAIL,0.0000
29935,2026-08-26 07:15:28.088,EMA_BOUNCE,EMA8,-1,12,BREAK_EVEN,True,BREAK_EVEN,0.0000
29935,2026-08-26 07:15:28.088,EMA_BOUNCE,EMA8,-1,12,NO_BREAK_EVEN,True,BAR_CLOSE_TRAIL,-3.0000
29935,2026-08-26 07:15:28.088,EMA_BOUNCE,EMA8,-1,24,BREAK_EVEN,True,BREAK_EVEN,0.0000
29935,2026-08-26 07:15:28.088,EMA_BOUNCE,EMA8,-1,24,NO_BREAK_EVEN,True,BAR_CLOSE_TRAIL,-3.0000
29935,2026-08-26 07:15:28.088,EMA_BOUNCE,EMA8,-1,48,BREAK_EVEN,True,BREAK_EVEN,0.0000
29935,2026-08-26 07:15:28.088,EMA_BOUNCE,EMA8,-1,48,NO_BREAK_EVEN,True,BAR_CLOSE_TRAIL,-3.0000
29941,2026-08-26 07:18:26.280,EMA_BOUNCE,EMA24,-1,12,BREAK_EVEN,True,BAR_CLOSE_TRAIL,18.0000
29941,2026-08-26 07:18:26.280,EMA_BOUNCE,EMA24,-1,12,NO_BREAK_EVEN,True,BAR_CLOSE_TRAIL,18.0000
29941,2026-08-26 07:18:26.280,EMA_BOUNCE,EMA24,-1,24,BREAK_EVEN,True,BAR_CLOSE_TRAIL,18.0000
29941,2026-08-26 07:18:26.280,EMA_BOUNCE,EMA24,-1,24,NO_BREAK_EVEN,True,BAR_CLOSE_TRAIL,18.0000
29941,2026-08-26 07:18:26.280,EMA_BOUNCE,EMA24,-1,48,BREAK_EVEN,True,BAR_CLOSE_TRAIL,18.0000
29941,2026-08-26 07:18:26.280,EMA_BOUNCE,EMA24,-1,48,NO_BREAK_EVEN,True,BAR_CLOSE_TRAIL,18.0000
29946,2026-08-26 07:20:58.876,PIN7,PIN7,-1,12,BREAK_EVEN,True,BREAK_EVEN,0.0000
29946,2026-08-26 07:20:58.876,PIN7,PIN7,-1,12,NO_BREAK_EVEN,True,BAR_CLOSE_TRAIL,6.0000
29946,2026-08-26 07:20:58.876,PIN7,PIN7,-1,24,BREAK_EVEN,True,BREAK_EVEN,0.0000
29946,2026-08-26 07:20:58.876,PIN7,PIN7,-1,24,NO_BREAK_EVEN,True,BAR_CLOSE_TRAIL,6.0000
29946,2026-08-26 07:20:58.876,PIN7,PIN7,-1,48,BREAK_EVEN,True,BREAK_EVEN,0.0000
29946,2026-08-26 07:20:58.876,PIN7,PIN7,-1,48,NO_BREAK_EVEN,True,BAR_CLOSE_TRAIL,6.0000
29954,2026-08-26 07:23:51.400,EMA_BOUNCE,EMA8,-1,12,BREAK_EVEN,True,TIME,31.0000
29954,2026-08-26 07:23:51.400,EMA_BOUNCE,EMA8,-1,12,NO_BREAK_EVEN,True,TIME,31.0000
29954,2026-08-26 07:23:51.400,EMA_BOUNCE,EMA8,-1,24,BREAK_EVEN,True,BAR_CLOSE_TRAIL,28.0000
29954,2026-08-26 07:23:51.400,EMA_BOUNCE,EMA8,-1,24,NO_BREAK_EVEN,True,BAR_CLOSE_TRAIL,28.0000
29954,2026-08-26 07:23:51.400,EMA_BOUNCE,EMA8,-1,48,BREAK_EVEN,True,BAR_CLOSE_TRAIL,28.0000
29954,2026-08-26 07:23:51.400,EMA_BOUNCE,EMA8,-1,48,NO_BREAK_EVEN,True,BAR_CLOSE_TRAIL,28.0000
29957,2026-08-26 07:25:01.820,PIN7,PIN7,-1,12,BREAK_EVEN,True,BAR_CLOSE_TRAIL,15.0000
29957,2026-08-26 07:25:01.820,PIN7,PIN7,-1,12,NO_BREAK_EVEN,True,BAR_CLOSE_TRAIL,15.0000
29957,2026-08-26 07:25:01.820,PIN7,PIN7,-1,24,BREAK_EVEN,True,BAR_CLOSE_TRAIL,15.0000
29957,2026-08-26 07:25:01.820,PIN7,PIN7,-1,24,NO_BREAK_EVEN,True,BAR_CLOSE_TRAIL,15.0000
29957,2026-08-26 07:25:01.820,PIN7,PIN7,-1,48,BREAK_EVEN,True,BAR_CLOSE_TRAIL,15.0000
29957,2026-08-26 07:25:01.820,PIN7,PIN7,-1,48,NO_BREAK_EVEN,True,BAR_CLOSE_TRAIL,15.0000
29958,2026-08-26 07:25:46.456,PIN7,PIN7,-1,12,BREAK_EVEN,True,BAR_CLOSE_TRAIL,14.0000
29958,2026-08-26 07:25:46.456,PIN7,PIN7,-1,12,NO_BREAK_EVEN,True,BAR_CLOSE_TRAIL,14.0000
29958,2026-08-26 07:25:46.456,PIN7,PIN7,-1,24,BREAK_EVEN,True,BAR_CLOSE_TRAIL,14.0000
29958,2026-08-26 07:25:46.456,PIN7,PIN7,-1,24,NO_BREAK_EVEN,True,BAR_CLOSE_TRAIL,14.0000
29958,2026-08-26 07:25:46.456,PIN7,PIN7,-1,48,BREAK_EVEN,True,BAR_CLOSE_TRAIL,14.0000
29958,2026-08-26 07:25:46.456,PIN7,PIN7,-1,48,NO_BREAK_EVEN,True,BAR_CLOSE_TRAIL,14.0000
29962,2026-08-26 07:27:01.112,PIN_STRICT,PIN,-1,12,BREAK_EVEN,True,BREAK_EVEN,0.0000
29962,2026-08-26 07:27:01.112,PIN_STRICT,PIN,-1,12,NO_BREAK_EVEN,True,BAR_CLOSE_TRAIL,-1.0000
29962,2026-08-26 07:27:01.112,PIN_STRICT,PIN,-1,24,BREAK_EVEN,True,BREAK_EVEN,0.0000
29962,2026-08-26 07:27:01.112,PIN_STRICT,PIN,-1,24,NO_BREAK_EVEN,True,BAR_CLOSE_TRAIL,-1.0000
29962,2026-08-26 07:27:01.112,PIN_STRICT,PIN,-1,48,BREAK_EVEN,True,BREAK_EVEN,0.0000
29962,2026-08-26 07:27:01.112,PIN_STRICT,PIN,-1,48,NO_BREAK_EVEN,True,BAR_CLOSE_TRAIL,-1.0000
29979,2026-08-26 07:32:17.356,EMA_BOUNCE,EMA8,-1,12,BREAK_EVEN,False,HARD_STOP,-10.0000
29979,2026-08-26 07:32:17.356,EMA_BOUNCE,EMA8,-1,12,NO_BREAK_EVEN,False,HARD_STOP,-10.0000
29979,2026-08-26 07:32:17.356,EMA_BOUNCE,EMA8,-1,24,BREAK_EVEN,False,HARD_STOP,-10.0000
29979,2026-08-26 07:32:17.356,EMA_BOUNCE,EMA8,-1,24,NO_BREAK_EVEN,False,HARD_STOP,-10.0000
29979,2026-08-26 07:32:17.356,EMA_BOUNCE,EMA8,-1,48,BREAK_EVEN,False,HARD_STOP,-10.0000
29979,2026-08-26 07:32:17.356,EMA_BOUNCE,EMA8,-1,48,NO_BREAK_EVEN,False,HARD_STOP,-10.0000
30019,2026-08-26 07:54:49.608,EMA_BOUNCE,EMA8,1,12,BREAK_EVEN,True,BREAK_EVEN,0.0000
30019,2026-08-26 07:54:49.608,EMA_BOUNCE,EMA8,1,12,NO_BREAK_EVEN,True,TIME,26.0000
30019,2026-08-26 07:54:49.608,EMA_BOUNCE,EMA8,1,24,BREAK_EVEN,True,BREAK_EVEN,0.0000
30019,2026-08-26 07:54:49.608,EMA_BOUNCE,EMA8,1,24,NO_BREAK_EVEN,True,BAR_CLOSE_TRAIL,19.0000
30019,2026-08-26 07:54:49.608,EMA_BOUNCE,EMA8,1,48,BREAK_EVEN,True,BREAK_EVEN,0.0000
30019,2026-08-26 07:54:49.608,EMA_BOUNCE,EMA8,1,48,NO_BREAK_EVEN,True,BAR_CLOSE_TRAIL,19.0000
30026,2026-08-26 07:59:54.072,EMA_BOUNCE,EMA8,1,12,BREAK_EVEN,True,BREAK_EVEN,0.0000
30026,2026-08-26 07:59:54.072,EMA_BOUNCE,EMA8,1,12,NO_BREAK_EVEN,True,BAR_CLOSE_TRAIL,15.0000
30026,2026-08-26 07:59:54.072,EMA_BOUNCE,EMA8,1,24,BREAK_EVEN,True,BREAK_EVEN,0.0000
30026,2026-08-26 07:59:54.072,EMA_BOUNCE,EMA8,1,24,NO_BREAK_EVEN,True,BAR_CLOSE_TRAIL,15.0000
30026,2026-08-26 07:59:54.072,EMA_BOUNCE,EMA8,1,48,BREAK_EVEN,True,BREAK_EVEN,0.0000
30026,2026-08-26 07:59:54.072,EMA_BOUNCE,EMA8,1,48,NO_BREAK_EVEN,True,BAR_CLOSE_TRAIL,15.0000
30316,2026-08-26 11:52:20.032,EMA_BOUNCE,EMA8,1,12,BREAK_EVEN,True,BAR_CLOSE_TRAIL,2.0000
30316,2026-08-26 11:52:20.032,EMA_BOUNCE,EMA8,1,12,NO_BREAK_EVEN,True,BAR_CLOSE_TRAIL,2.0000
30316,2026-08-26 11:52:20.032,EMA_BOUNCE,EMA8,1,24,BREAK_EVEN,True,BAR_CLOSE_TRAIL,2.0000
30316,2026-08-26 11:52:20.032,EMA_BOUNCE,EMA8,1,24,NO_BREAK_EVEN,True,BAR_CLOSE_TRAIL,2.0000
30316,2026-08-26 11:52:20.032,EMA_BOUNCE,EMA8,1,48,BREAK_EVEN,True,BAR_CLOSE_TRAIL,2.0000
30316,2026-08-26 11:52:20.032,EMA_BOUNCE,EMA8,1,48,NO_BREAK_EVEN,True,BAR_CLOSE_TRAIL,2.0000
30321,2026-08-26 11:57:24.740,EMA_BOUNCE,EMA8,1,12,BREAK_EVEN,True,BREAK_EVEN,0.0000
30321,2026-08-26 11:57:24.740,EMA_BOUNCE,EMA8,1,12,NO_BREAK_EVEN,True,TIME,30.0000
30321,2026-08-26 11:57:24.740,EMA_BOUNCE,EMA8,1,24,BREAK_EVEN,True,BREAK_EVEN,0.0000
30321,2026-08-26 11:57:24.740,EMA_BOUNCE,EMA8,1,24,NO_BREAK_EVEN,True,BAR_CLOSE_TRAIL,25.0000
30321,2026-08-26 11:57:24.740,EMA_BOUNCE,EMA8,1,48,BREAK_EVEN,True,BREAK_EVEN,0.0000
30321,2026-08-26 11:57:24.740,EMA_BOUNCE,EMA8,1,48,NO_BREAK_EVEN,True,BAR_CLOSE_TRAIL,25.0000
30345,2026-08-26 12:15:07.732,EMA_BOUNCE,EMA24,1,12,BREAK_EVEN,True,BREAK_EVEN,0.0000
30345,2026-08-26 12:15:07.732,EMA_BOUNCE,EMA24,1,12,NO_BREAK_EVEN,True,BAR_CLOSE_TRAIL,0.0000
30345,2026-08-26 12:15:07.732,EMA_BOUNCE,EMA24,1,24,BREAK_EVEN,True,BREAK_EVEN,0.0000
30345,2026-08-26 12:15:07.732,EMA_BOUNCE,EMA24,1,24,NO_BREAK_EVEN,True,BAR_CLOSE_TRAIL,0.0000
30345,2026-08-26 12:15:07.732,EMA_BOUNCE,EMA24,1,48,BREAK_EVEN,True,BREAK_EVEN,0.0000
30345,2026-08-26 12:15:07.732,EMA_BOUNCE,EMA24,1,48,NO_BREAK_EVEN,True,BAR_CLOSE_TRAIL,0.0000
30405,2026-08-26 12:59:00.164,PIN7,PIN7,-1,12,BREAK_EVEN,True,BREAK_EVEN,0.0000
30405,2026-08-26 12:59:00.164,PIN7,PIN7,-1,12,NO_BREAK_EVEN,True,BAR_CLOSE_TRAIL,-0.0000
30405,2026-08-26 12:59:00.164,PIN7,PIN7,-1,24,BREAK_EVEN,True,BREAK_EVEN,0.0000
30405,2026-08-26 12:59:00.164,PIN7,PIN7,-1,24,NO_BREAK_EVEN,True,BAR_CLOSE_TRAIL,-0.0000
30405,2026-08-26 12:59:00.164,PIN7,PIN7,-1,48,BREAK_EVEN,True,BREAK_EVEN,0.0000
30405,2026-08-26 12:59:00.164,PIN7,PIN7,-1,48,NO_BREAK_EVEN,True,BAR_CLOSE_TRAIL,-0.0000
30416,2026-08-26 12:59:55.268,EMA_BOUNCE,EMA24,-1,12,BREAK_EVEN,True,BREAK_EVEN,0.0000
30416,2026-08-26 12:59:55.268,EMA_BOUNCE,EMA24,-1,12,NO_BREAK_EVEN,True,BAR_CLOSE_TRAIL,-2.0000
30416,2026-08-26 12:59:55.268,EMA_BOUNCE,EMA24,-1,24,BREAK_EVEN,True,BREAK_EVEN,0.0000
30416,2026-08-26 12:59:55.268,EMA_BOUNCE,EMA24,-1,24,NO_BREAK_EVEN,True,BAR_CLOSE_TRAIL,-2.0000
30416,2026-08-26 12:59:55.268,EMA_BOUNCE,EMA24,-1,48,BREAK_EVEN,True,BREAK_EVEN,0.0000
30416,2026-08-26 12:59:55.268,EMA_BOUNCE,EMA24,-1,48,NO_BREAK_EVEN,True,BAR_CLOSE_TRAIL,-2.0000
31396,2026-08-27 06:31:59.912,PIN_STRICT,PIN,-1,12,BREAK_EVEN,True,BAR_CLOSE_TRAIL,5.0000
31396,2026-08-27 06:31:59.912,PIN_STRICT,PIN,-1,12,NO_BREAK_EVEN,True,BAR_CLOSE_TRAIL,5.0000
31396,2026-08-27 06:31:59.912,PIN_STRICT,PIN,-1,24,BREAK_EVEN,True,BAR_CLOSE_TRAIL,5.0000
31396,2026-08-27 06:31:59.912,PIN_STRICT,PIN,-1,24,NO_BREAK_EVEN,True,BAR_CLOSE_TRAIL,5.0000
31396,2026-08-27 06:31:59.912,PIN_STRICT,PIN,-1,48,BREAK_EVEN,True,BAR_CLOSE_TRAIL,5.0000
31396,2026-08-27 06:31:59.912,PIN_STRICT,PIN,-1,48,NO_BREAK_EVEN,True,BAR_CLOSE_TRAIL,5.0000
31456,2026-08-27 06:37:47.704,EMA_BOUNCE,EMA50,-1,12,BREAK_EVEN,True,BREAK_EVEN,0.0000
31456,2026-08-27 06:37:47.704,EMA_BOUNCE,EMA50,-1,12,NO_BREAK_EVEN,True,BAR_CLOSE_TRAIL,-0.0000
31456,2026-08-27 06:37:47.704,EMA_BOUNCE,EMA50,-1,24,BREAK_EVEN,True,BREAK_EVEN,0.0000
31456,2026-08-27 06:37:47.704,EMA_BOUNCE,EMA50,-1,24,NO_BREAK_EVEN,True,BAR_CLOSE_TRAIL,-0.0000
31456,2026-08-27 06:37:47.704,EMA_BOUNCE,EMA50,-1,48,BREAK_EVEN,True,BREAK_EVEN,0.0000
31456,2026-08-27 06:37:47.704,EMA_BOUNCE,EMA50,-1,48,NO_BREAK_EVEN,True,BAR_CLOSE_TRAIL,-0.0000
31497,2026-08-27 06:43:34.728,EMA_BOUNCE,EMA8,1,12,BREAK_EVEN,True,TIME,24.0000
31497,2026-08-27 06:43:34.728,EMA_BOUNCE,EMA8,1,12,NO_BREAK_EVEN,True,TIME,24.0000
31497,2026-08-27 06:43:34.728,EMA_BOUNCE,EMA8,1,24,BREAK_EVEN,True,BAR_CLOSE_TRAIL,29.0000
31497,2026-08-27 06:43:34.728,EMA_BOUNCE,EMA8,1,24,NO_BREAK_EVEN,True,BAR_CLOSE_TRAIL,29.0000
31497,2026-08-27 06:43:34.728,EMA_BOUNCE,EMA8,1,48,BREAK_EVEN,True,BAR_CLOSE_TRAIL,29.0000
31497,2026-08-27 06:43:34.728,EMA_BOUNCE,EMA8,1,48,NO_BREAK_EVEN,True,BAR_CLOSE_TRAIL,29.0000
31501,2026-08-27 06:44:04.728,EMA_BOUNCE,EMA8,1,12,BREAK_EVEN,True,TIME,32.0000
31501,2026-08-27 06:44:04.728,EMA_BOUNCE,EMA8,1,12,NO_BREAK_EVEN,True,TIME,32.0000
31501,2026-08-27 06:44:04.728,EMA_BOUNCE,EMA8,1,24,BREAK_EVEN,True,BAR_CLOSE_TRAIL,27.0000
31501,2026-08-27 06:44:04.728,EMA_BOUNCE,EMA8,1,24,NO_BREAK_EVEN,True,BAR_CLOSE_TRAIL,27.0000
31501,2026-08-27 06:44:04.728,EMA_BOUNCE,EMA8,1,48,BREAK_EVEN,True,BAR_CLOSE_TRAIL,27.0000
31501,2026-08-27 06:44:04.728,EMA_BOUNCE,EMA8,1,48,NO_BREAK_EVEN,True,BAR_CLOSE_TRAIL,27.0000
31677,2026-08-27 07:01:42.060,EMA_BOUNCE,EMA8,1,12,BREAK_EVEN,False,HARD_STOP,-10.0000
31677,2026-08-27 07:01:42.060,EMA_BOUNCE,EMA8,1,12,NO_BREAK_EVEN,False,HARD_STOP,-10.0000
31677,2026-08-27 07:01:42.060,EMA_BOUNCE,EMA8,1,24,BREAK_EVEN,False,HARD_STOP,-10.0000
31677,2026-08-27 07:01:42.060,EMA_BOUNCE,EMA8,1,24,NO_BREAK_EVEN,False,HARD_STOP,-10.0000
31677,2026-08-27 07:01:42.060,EMA_BOUNCE,EMA8,1,48,BREAK_EVEN,False,HARD_STOP,-10.0000
31677,2026-08-27 07:01:42.060,EMA_BOUNCE,EMA8,1,48,NO_BREAK_EVEN,False,HARD_STOP,-10.0000
31682,2026-08-27 07:02:17.404,EMA_BOUNCE,EMA24,1,12,BREAK_EVEN,True,BREAK_EVEN,0.0000
31682,2026-08-27 07:02:17.404,EMA_BOUNCE,EMA24,1,12,NO_BREAK_EVEN,True,BAR_CLOSE_TRAIL,-4.0000
31682,2026-08-27 07:02:17.404,EMA_BOUNCE,EMA24,1,24,BREAK_EVEN,True,BREAK_EVEN,0.0000
31682,2026-08-27 07:02:17.404,EMA_BOUNCE,EMA24,1,24,NO_BREAK_EVEN,True,BAR_CLOSE_TRAIL,-4.0000
31682,2026-08-27 07:02:17.404,EMA_BOUNCE,EMA24,1,48,BREAK_EVEN,True,BREAK_EVEN,0.0000
31682,2026-08-27 07:02:17.404,EMA_BOUNCE,EMA24,1,48,NO_BREAK_EVEN,True,BAR_CLOSE_TRAIL,-4.0000
31700,2026-08-27 07:04:47.928,EMA_BOUNCE,EMA24,1,12,BREAK_EVEN,True,BAR_CLOSE_TRAIL,4.0000
31700,2026-08-27 07:04:47.928,EMA_BOUNCE,EMA24,1,12,NO_BREAK_EVEN,True,BAR_CLOSE_TRAIL,4.0000
31700,2026-08-27 07:04:47.928,EMA_BOUNCE,EMA24,1,24,BREAK_EVEN,True,BAR_CLOSE_TRAIL,4.0000
31700,2026-08-27 07:04:47.928,EMA_BOUNCE,EMA24,1,24,NO_BREAK_EVEN,True,BAR_CLOSE_TRAIL,4.0000
31700,2026-08-27 07:04:47.928,EMA_BOUNCE,EMA24,1,48,BREAK_EVEN,True,BAR_CLOSE_TRAIL,4.0000
31700,2026-08-27 07:04:47.928,EMA_BOUNCE,EMA24,1,48,NO_BREAK_EVEN,True,BAR_CLOSE_TRAIL,4.0000
31706,2026-08-27 07:05:40.492,EMA_BOUNCE,EMA8,1,12,BREAK_EVEN,False,HARD_STOP,-10.0000
31706,2026-08-27 07:05:40.492,EMA_BOUNCE,EMA8,1,12,NO_BREAK_EVEN,False,HARD_STOP,-10.0000
31706,2026-08-27 07:05:40.492,EMA_BOUNCE,EMA8,1,24,BREAK_EVEN,False,HARD_STOP,-10.0000
31706,2026-08-27 07:05:40.492,EMA_BOUNCE,EMA8,1,24,NO_BREAK_EVEN,False,HARD_STOP,-10.0000
31706,2026-08-27 07:05:40.492,EMA_BOUNCE,EMA8,1,48,BREAK_EVEN,False,HARD_STOP,-10.0000
31706,2026-08-27 07:05:40.492,EMA_BOUNCE,EMA8,1,48,NO_BREAK_EVEN,False,HARD_STOP,-10.0000
31722,2026-08-27 07:07:27.932,EMA_BOUNCE,EMA8,-1,12,BREAK_EVEN,False,HARD_STOP,-10.0000
31722,2026-08-27 07:07:27.932,EMA_BOUNCE,EMA8,-1,12,NO_BREAK_EVEN,False,HARD_STOP,-10.0000
31722,2026-08-27 07:07:27.932,EMA_BOUNCE,EMA8,-1,24,BREAK_EVEN,False,HARD_STOP,-10.0000
31722,2026-08-27 07:07:27.932,EMA_BOUNCE,EMA8,-1,24,NO_BREAK_EVEN,False,HARD_STOP,-10.0000
31722,2026-08-27 07:07:27.932,EMA_BOUNCE,EMA8,-1,48,BREAK_EVEN,False,HARD_STOP,-10.0000
31722,2026-08-27 07:07:27.932,EMA_BOUNCE,EMA8,-1,48,NO_BREAK_EVEN,False,HARD_STOP,-10.0000
31729,2026-08-27 07:08:22.492,EMA_BOUNCE,EMA50,-1,12,BREAK_EVEN,True,BREAK_EVEN,0.0000
31729,2026-08-27 07:08:22.492,EMA_BOUNCE,EMA50,-1,12,NO_BREAK_EVEN,True,BAR_CLOSE_TRAIL,-2.0000
31729,2026-08-27 07:08:22.492,EMA_BOUNCE,EMA50,-1,24,BREAK_EVEN,True,BREAK_EVEN,0.0000
31729,2026-08-27 07:08:22.492,EMA_BOUNCE,EMA50,-1,24,NO_BREAK_EVEN,True,BAR_CLOSE_TRAIL,-2.0000
31729,2026-08-27 07:08:22.492,EMA_BOUNCE,EMA50,-1,48,BREAK_EVEN,True,BREAK_EVEN,0.0000
31729,2026-08-27 07:08:22.492,EMA_BOUNCE,EMA50,-1,48,NO_BREAK_EVEN,True,BAR_CLOSE_TRAIL,-2.0000
31760,2026-08-27 07:13:25.644,EMA_BOUNCE,EMA50,1,12,BREAK_EVEN,True,BREAK_EVEN,0.0000
31760,2026-08-27 07:13:25.644,EMA_BOUNCE,EMA50,1,12,NO_BREAK_EVEN,True,BAR_CLOSE_TRAIL,-1.0000
31760,2026-08-27 07:13:25.644,EMA_BOUNCE,EMA50,1,24,BREAK_EVEN,True,BREAK_EVEN,0.0000
31760,2026-08-27 07:13:25.644,EMA_BOUNCE,EMA50,1,24,NO_BREAK_EVEN,True,BAR_CLOSE_TRAIL,-1.0000
31760,2026-08-27 07:13:25.644,EMA_BOUNCE,EMA50,1,48,BREAK_EVEN,True,BREAK_EVEN,0.0000
31760,2026-08-27 07:13:25.644,EMA_BOUNCE,EMA50,1,48,NO_BREAK_EVEN,True,BAR_CLOSE_TRAIL,-1.0000
31773,2026-08-27 07:16:48.264,EMA_BOUNCE,EMA24,1,12,BREAK_EVEN,True,BAR_CLOSE_TRAIL,9.0000
31773,2026-08-27 07:16:48.264,EMA_BOUNCE,EMA24,1,12,NO_BREAK_EVEN,True,BAR_CLOSE_TRAIL,9.0000
31773,2026-08-27 07:16:48.264,EMA_BOUNCE,EMA24,1,24,BREAK_EVEN,True,BAR_CLOSE_TRAIL,9.0000
31773,2026-08-27 07:16:48.264,EMA_BOUNCE,EMA24,1,24,NO_BREAK_EVEN,True,BAR_CLOSE_TRAIL,9.0000
31773,2026-08-27 07:16:48.264,EMA_BOUNCE,EMA24,1,48,BREAK_EVEN,True,BAR_CLOSE_TRAIL,9.0000
31773,2026-08-27 07:16:48.264,EMA_BOUNCE,EMA24,1,48,NO_BREAK_EVEN,True,BAR_CLOSE_TRAIL,9.0000
31778,2026-08-27 07:18:28.068,PIN7,PIN7,1,12,BREAK_EVEN,True,BREAK_EVEN,0.0000
31778,2026-08-27 07:18:28.068,PIN7,PIN7,1,12,NO_BREAK_EVEN,True,BAR_CLOSE_TRAIL,-1.0000
31778,2026-08-27 07:18:28.068,PIN7,PIN7,1,24,BREAK_EVEN,True,BREAK_EVEN,0.0000
31778,2026-08-27 07:18:28.068,PIN7,PIN7,1,24,NO_BREAK_EVEN,True,BAR_CLOSE_TRAIL,-1.0000
31778,2026-08-27 07:18:28.068,PIN7,PIN7,1,48,BREAK_EVEN,True,BREAK_EVEN,0.0000
31778,2026-08-27 07:18:28.068,PIN7,PIN7,1,48,NO_BREAK_EVEN,True,BAR_CLOSE_TRAIL,-1.0000
31783,2026-08-27 07:20:02.780,EMA_BOUNCE,EMA8,1,12,BREAK_EVEN,True,BREAK_EVEN,0.0000
31783,2026-08-27 07:20:02.780,EMA_BOUNCE,EMA8,1,12,NO_BREAK_EVEN,True,BAR_CLOSE_TRAIL,2.0000
31783,2026-08-27 07:20:02.780,EMA_BOUNCE,EMA8,1,24,BREAK_EVEN,True,BREAK_EVEN,0.0000
31783,2026-08-27 07:20:02.780,EMA_BOUNCE,EMA8,1,24,NO_BREAK_EVEN,True,BAR_CLOSE_TRAIL,2.0000
31783,2026-08-27 07:20:02.780,EMA_BOUNCE,EMA8,1,48,BREAK_EVEN,True,BREAK_EVEN,0.0000
31783,2026-08-27 07:20:02.780,EMA_BOUNCE,EMA8,1,48,NO_BREAK_EVEN,True,BAR_CLOSE_TRAIL,2.0000
31786,2026-08-27 07:21:01.624,PIN7,PIN7,1,12,BREAK_EVEN,False,HARD_STOP,-10.0000
31786,2026-08-27 07:21:01.624,PIN7,PIN7,1,12,NO_BREAK_EVEN,False,HARD_STOP,-10.0000
31786,2026-08-27 07:21:01.624,PIN7,PIN7,1,24,BREAK_EVEN,False,HARD_STOP,-10.0000
31786,2026-08-27 07:21:01.624,PIN7,PIN7,1,24,NO_BREAK_EVEN,False,HARD_STOP,-10.0000
31786,2026-08-27 07:21:01.624,PIN7,PIN7,1,48,BREAK_EVEN,False,HARD_STOP,-10.0000
31786,2026-08-27 07:21:01.624,PIN7,PIN7,1,48,NO_BREAK_EVEN,False,HARD_STOP,-10.0000
31790,2026-08-27 07:22:06.456,EMA_BOUNCE,EMA24,1,12,BREAK_EVEN,True,BAR_CLOSE_TRAIL,4.0000
31790,2026-08-27 07:22:06.456,EMA_BOUNCE,EMA24,1,12,NO_BREAK_EVEN,True,BAR_CLOSE_TRAIL,4.0000
31790,2026-08-27 07:22:06.456,EMA_BOUNCE,EMA24,1,24,BREAK_EVEN,True,BAR_CLOSE_TRAIL,4.0000
31790,2026-08-27 07:22:06.456,EMA_BOUNCE,EMA24,1,24,NO_BREAK_EVEN,True,BAR_CLOSE_TRAIL,4.0000
31790,2026-08-27 07:22:06.456,EMA_BOUNCE,EMA24,1,48,BREAK_EVEN,True,BAR_CLOSE_TRAIL,4.0000
31790,2026-08-27 07:22:06.456,EMA_BOUNCE,EMA24,1,48,NO_BREAK_EVEN,True,BAR_CLOSE_TRAIL,4.0000
31843,2026-08-27 07:36:50.584,PIN7,PIN7,1,12,BREAK_EVEN,True,BREAK_EVEN,0.0000
31843,2026-08-27 07:36:50.584,PIN7,PIN7,1,12,NO_BREAK_EVEN,True,BAR_CLOSE_TRAIL,1.0000
31843,2026-08-27 07:36:50.584,PIN7,PIN7,1,24,BREAK_EVEN,True,BREAK_EVEN,0.0000
31843,2026-08-27 07:36:50.584,PIN7,PIN7,1,24,NO_BREAK_EVEN,True,BAR_CLOSE_TRAIL,1.0000
31843,2026-08-27 07:36:50.584,PIN7,PIN7,1,48,BREAK_EVEN,True,BREAK_EVEN,0.0000
31843,2026-08-27 07:36:50.584,PIN7,PIN7,1,48,NO_BREAK_EVEN,True,BAR_CLOSE_TRAIL,1.0000
31844,2026-08-27 07:37:07.932,PIN7,PIN7,1,12,BREAK_EVEN,True,BREAK_EVEN,0.0000
31844,2026-08-27 07:37:07.932,PIN7,PIN7,1,12,NO_BREAK_EVEN,True,BAR_CLOSE_TRAIL,-1.0000
31844,2026-08-27 07:37:07.932,PIN7,PIN7,1,24,BREAK_EVEN,True,BREAK_EVEN,0.0000
31844,2026-08-27 07:37:07.932,PIN7,PIN7,1,24,NO_BREAK_EVEN,True,BAR_CLOSE_TRAIL,-1.0000
31844,2026-08-27 07:37:07.932,PIN7,PIN7,1,48,BREAK_EVEN,True,BREAK_EVEN,0.0000
31844,2026-08-27 07:37:07.932,PIN7,PIN7,1,48,NO_BREAK_EVEN,True,BAR_CLOSE_TRAIL,-1.0000
31888,2026-08-27 07:49:51.540,PIN_STRICT,PIN,1,12,BREAK_EVEN,True,BREAK_EVEN,0.0000
31888,2026-08-27 07:49:51.540,PIN_STRICT,PIN,1,12,NO_BREAK_EVEN,True,BAR_CLOSE_TRAIL,-2.0000
31888,2026-08-27 07:49:51.540,PIN_STRICT,PIN,1,24,BREAK_EVEN,True,BREAK_EVEN,0.0000
31888,2026-08-27 07:49:51.540,PIN_STRICT,PIN,1,24,NO_BREAK_EVEN,True,BAR_CLOSE_TRAIL,-2.0000
31888,2026-08-27 07:49:51.540,PIN_STRICT,PIN,1,48,BREAK_EVEN,True,BREAK_EVEN,0.0000
31888,2026-08-27 07:49:51.540,PIN_STRICT,PIN,1,48,NO_BREAK_EVEN,True,BAR_CLOSE_TRAIL,-2.0000
31921,2026-08-27 07:59:29.788,PIN7,PIN7,1,12,BREAK_EVEN,True,BAR_CLOSE_TRAIL,3.0000
31921,2026-08-27 07:59:29.788,PIN7,PIN7,1,12,NO_BREAK_EVEN,True,BAR_CLOSE_TRAIL,3.0000
31921,2026-08-27 07:59:29.788,PIN7,PIN7,1,24,BREAK_EVEN,True,BAR_CLOSE_TRAIL,3.0000
31921,2026-08-27 07:59:29.788,PIN7,PIN7,1,24,NO_BREAK_EVEN,True,BAR_CLOSE_TRAIL,3.0000
31921,2026-08-27 07:59:29.788,PIN7,PIN7,1,48,BREAK_EVEN,True,BAR_CLOSE_TRAIL,3.0000
31921,2026-08-27 07:59:29.788,PIN7,PIN7,1,48,NO_BREAK_EVEN,True,BAR_CLOSE_TRAIL,3.0000
32186,2026-08-27 11:01:52.068,PIN7,PIN7,-1,12,BREAK_EVEN,True,BAR_CLOSE_TRAIL,4.0000
32186,2026-08-27 11:01:52.068,PIN7,PIN7,-1,12,NO_BREAK_EVEN,True,BAR_CLOSE_TRAIL,4.0000
32186,2026-08-27 11:01:52.068,PIN7,PIN7,-1,24,BREAK_EVEN,True,BAR_CLOSE_TRAIL,4.0000
32186,2026-08-27 11:01:52.068,PIN7,PIN7,-1,24,NO_BREAK_EVEN,True,BAR_CLOSE_TRAIL,4.0000
32186,2026-08-27 11:01:52.068,PIN7,PIN7,-1,48,BREAK_EVEN,True,BAR_CLOSE_TRAIL,4.0000
32186,2026-08-27 11:01:52.068,PIN7,PIN7,-1,48,NO_BREAK_EVEN,True,BAR_CLOSE_TRAIL,4.0000
32190,2026-08-27 11:02:18.828,PIN_STRICT,PIN,-1,12,BREAK_EVEN,False,HARD_STOP,-10.0000
32190,2026-08-27 11:02:18.828,PIN_STRICT,PIN,-1,12,NO_BREAK_EVEN,False,HARD_STOP,-10.0000
32190,2026-08-27 11:02:18.828,PIN_STRICT,PIN,-1,24,BREAK_EVEN,False,HARD_STOP,-10.0000
32190,2026-08-27 11:02:18.828,PIN_STRICT,PIN,-1,24,NO_BREAK_EVEN,False,HARD_STOP,-10.0000
32190,2026-08-27 11:02:18.828,PIN_STRICT,PIN,-1,48,BREAK_EVEN,False,HARD_STOP,-10.0000
32190,2026-08-27 11:02:18.828,PIN_STRICT,PIN,-1,48,NO_BREAK_EVEN,False,HARD_STOP,-10.0000
32192,2026-08-27 11:03:29.028,EMA_BOUNCE,EMA8,-1,12,BREAK_EVEN,True,BREAK_EVEN,0.0000
32192,2026-08-27 11:03:29.028,EMA_BOUNCE,EMA8,-1,12,NO_BREAK_EVEN,True,BAR_CLOSE_TRAIL,1.0000
32192,2026-08-27 11:03:29.028,EMA_BOUNCE,EMA8,-1,24,BREAK_EVEN,True,BREAK_EVEN,0.0000
32192,2026-08-27 11:03:29.028,EMA_BOUNCE,EMA8,-1,24,NO_BREAK_EVEN,True,BAR_CLOSE_TRAIL,1.0000
32192,2026-08-27 11:03:29.028,EMA_BOUNCE,EMA8,-1,48,BREAK_EVEN,True,BREAK_EVEN,0.0000
32192,2026-08-27 11:03:29.028,EMA_BOUNCE,EMA8,-1,48,NO_BREAK_EVEN,True,BAR_CLOSE_TRAIL,1.0000
32194,2026-08-27 11:04:11.016,EMA_BOUNCE,EMA8,-1,12,BREAK_EVEN,True,BAR_CLOSE_TRAIL,2.0000
32194,2026-08-27 11:04:11.016,EMA_BOUNCE,EMA8,-1,12,NO_BREAK_EVEN,True,BAR_CLOSE_TRAIL,2.0000
32194,2026-08-27 11:04:11.016,EMA_BOUNCE,EMA8,-1,24,BREAK_EVEN,True,BAR_CLOSE_TRAIL,2.0000
32194,2026-08-27 11:04:11.016,EMA_BOUNCE,EMA8,-1,24,NO_BREAK_EVEN,True,BAR_CLOSE_TRAIL,2.0000
32194,2026-08-27 11:04:11.016,EMA_BOUNCE,EMA8,-1,48,BREAK_EVEN,True,BAR_CLOSE_TRAIL,2.0000
32194,2026-08-27 11:04:11.016,EMA_BOUNCE,EMA8,-1,48,NO_BREAK_EVEN,True,BAR_CLOSE_TRAIL,2.0000
32208,2026-08-27 11:12:07.420,EMA_BOUNCE,EMA8,-1,12,BREAK_EVEN,True,BREAK_EVEN,0.0000
32208,2026-08-27 11:12:07.420,EMA_BOUNCE,EMA8,-1,12,NO_BREAK_EVEN,True,BAR_CLOSE_TRAIL,6.0000
32208,2026-08-27 11:12:07.420,EMA_BOUNCE,EMA8,-1,24,BREAK_EVEN,True,BREAK_EVEN,0.0000
32208,2026-08-27 11:12:07.420,EMA_BOUNCE,EMA8,-1,24,NO_BREAK_EVEN,True,BAR_CLOSE_TRAIL,6.0000
32208,2026-08-27 11:12:07.420,EMA_BOUNCE,EMA8,-1,48,BREAK_EVEN,True,BREAK_EVEN,0.0000
32208,2026-08-27 11:12:07.420,EMA_BOUNCE,EMA8,-1,48,NO_BREAK_EVEN,True,BAR_CLOSE_TRAIL,6.0000
32211,2026-08-27 11:13:17.364,EMA_BOUNCE,EMA8,-1,12,BREAK_EVEN,True,BAR_CLOSE_TRAIL,4.0000
32211,2026-08-27 11:13:17.364,EMA_BOUNCE,EMA8,-1,12,NO_BREAK_EVEN,True,BAR_CLOSE_TRAIL,4.0000
32211,2026-08-27 11:13:17.364,EMA_BOUNCE,EMA8,-1,24,BREAK_EVEN,True,BAR_CLOSE_TRAIL,4.0000
32211,2026-08-27 11:13:17.364,EMA_BOUNCE,EMA8,-1,24,NO_BREAK_EVEN,True,BAR_CLOSE_TRAIL,4.0000
32211,2026-08-27 11:13:17.364,EMA_BOUNCE,EMA8,-1,48,BREAK_EVEN,True,BAR_CLOSE_TRAIL,4.0000
32211,2026-08-27 11:13:17.364,EMA_BOUNCE,EMA8,-1,48,NO_BREAK_EVEN,True,BAR_CLOSE_TRAIL,4.0000
32213,2026-08-27 11:13:57.080,PIN7,PIN7,-1,12,BREAK_EVEN,True,BREAK_EVEN,0.0000
32213,2026-08-27 11:13:57.080,PIN7,PIN7,-1,12,NO_BREAK_EVEN,True,BAR_CLOSE_TRAIL,-2.0000
32213,2026-08-27 11:13:57.080,PIN7,PIN7,-1,24,BREAK_EVEN,True,BREAK_EVEN,0.0000
32213,2026-08-27 11:13:57.080,PIN7,PIN7,-1,24,NO_BREAK_EVEN,True,BAR_CLOSE_TRAIL,-2.0000
32213,2026-08-27 11:13:57.080,PIN7,PIN7,-1,48,BREAK_EVEN,True,BREAK_EVEN,0.0000
32213,2026-08-27 11:13:57.080,PIN7,PIN7,-1,48,NO_BREAK_EVEN,True,BAR_CLOSE_TRAIL,-2.0000
32221,2026-08-27 11:16:20.984,EMA_BOUNCE,EMA8,-1,12,BREAK_EVEN,False,HARD_STOP,-10.0000
32221,2026-08-27 11:16:20.984,EMA_BOUNCE,EMA8,-1,12,NO_BREAK_EVEN,False,HARD_STOP,-10.0000
32221,2026-08-27 11:16:20.984,EMA_BOUNCE,EMA8,-1,24,BREAK_EVEN,False,HARD_STOP,-10.0000
32221,2026-08-27 11:16:20.984,EMA_BOUNCE,EMA8,-1,24,NO_BREAK_EVEN,False,HARD_STOP,-10.0000
32221,2026-08-27 11:16:20.984,EMA_BOUNCE,EMA8,-1,48,BREAK_EVEN,False,HARD_STOP,-10.0000
32221,2026-08-27 11:16:20.984,EMA_BOUNCE,EMA8,-1,48,NO_BREAK_EVEN,False,HARD_STOP,-10.0000
32237,2026-08-27 11:26:33.700,PIN7,PIN7,-1,12,BREAK_EVEN,True,BAR_CLOSE_TRAIL,14.0000
32237,2026-08-27 11:26:33.700,PIN7,PIN7,-1,12,NO_BREAK_EVEN,True,BAR_CLOSE_TRAIL,14.0000
32237,2026-08-27 11:26:33.700,PIN7,PIN7,-1,24,BREAK_EVEN,True,BAR_CLOSE_TRAIL,14.0000
32237,2026-08-27 11:26:33.700,PIN7,PIN7,-1,24,NO_BREAK_EVEN,True,BAR_CLOSE_TRAIL,14.0000
32237,2026-08-27 11:26:33.700,PIN7,PIN7,-1,48,BREAK_EVEN,True,BAR_CLOSE_TRAIL,14.0000
32237,2026-08-27 11:26:33.700,PIN7,PIN7,-1,48,NO_BREAK_EVEN,True,BAR_CLOSE_TRAIL,14.0000
32238,2026-08-27 11:27:01.020,PIN7,PIN7,-1,12,BREAK_EVEN,True,BAR_CLOSE_TRAIL,11.0000
32238,2026-08-27 11:27:01.020,PIN7,PIN7,-1,12,NO_BREAK_EVEN,True,BAR_CLOSE_TRAIL,11.0000
32238,2026-08-27 11:27:01.020,PIN7,PIN7,-1,24,BREAK_EVEN,True,BAR_CLOSE_TRAIL,11.0000
32238,2026-08-27 11:27:01.020,PIN7,PIN7,-1,24,NO_BREAK_EVEN,True,BAR_CLOSE_TRAIL,11.0000
32238,2026-08-27 11:27:01.020,PIN7,PIN7,-1,48,BREAK_EVEN,True,BAR_CLOSE_TRAIL,11.0000
32238,2026-08-27 11:27:01.020,PIN7,PIN7,-1,48,NO_BREAK_EVEN,True,BAR_CLOSE_TRAIL,11.0000
32245,2026-08-27 11:29:02.884,EMA_BOUNCE,EMA8,-1,12,BREAK_EVEN,True,BREAK_EVEN,0.0000
32245,2026-08-27 11:29:02.884,EMA_BOUNCE,EMA8,-1,12,NO_BREAK_EVEN,True,BAR_CLOSE_TRAIL,-0.0000
32245,2026-08-27 11:29:02.884,EMA_BOUNCE,EMA8,-1,24,BREAK_EVEN,True,BREAK_EVEN,0.0000
32245,2026-08-27 11:29:02.884,EMA_BOUNCE,EMA8,-1,24,NO_BREAK_EVEN,True,BAR_CLOSE_TRAIL,-0.0000
32245,2026-08-27 11:29:02.884,EMA_BOUNCE,EMA8,-1,48,BREAK_EVEN,True,BREAK_EVEN,0.0000
32245,2026-08-27 11:29:02.884,EMA_BOUNCE,EMA8,-1,48,NO_BREAK_EVEN,True,BAR_CLOSE_TRAIL,-0.0000
32287,2026-08-27 11:49:46.440,PIN7,PIN7,-1,12,BREAK_EVEN,True,BAR_CLOSE_TRAIL,12.0000
32287,2026-08-27 11:49:46.440,PIN7,PIN7,-1,12,NO_BREAK_EVEN,True,BAR_CLOSE_TRAIL,12.0000
32287,2026-08-27 11:49:46.440,PIN7,PIN7,-1,24,BREAK_EVEN,True,BAR_CLOSE_TRAIL,12.0000
32287,2026-08-27 11:49:46.440,PIN7,PIN7,-1,24,NO_BREAK_EVEN,True,BAR_CLOSE_TRAIL,12.0000
32287,2026-08-27 11:49:46.440,PIN7,PIN7,-1,48,BREAK_EVEN,True,BAR_CLOSE_TRAIL,12.0000
32287,2026-08-27 11:49:46.440,PIN7,PIN7,-1,48,NO_BREAK_EVEN,True,BAR_CLOSE_TRAIL,12.0000
32333,2026-08-27 12:15:41.932,EMA_BOUNCE,EMA50,1,12,BREAK_EVEN,True,BREAK_EVEN,0.0000
32333,2026-08-27 12:15:41.932,EMA_BOUNCE,EMA50,1,12,NO_BREAK_EVEN,True,BAR_CLOSE_TRAIL,-1.0000
32333,2026-08-27 12:15:41.932,EMA_BOUNCE,EMA50,1,24,BREAK_EVEN,True,BREAK_EVEN,0.0000
32333,2026-08-27 12:15:41.932,EMA_BOUNCE,EMA50,1,24,NO_BREAK_EVEN,True,BAR_CLOSE_TRAIL,-1.0000
32333,2026-08-27 12:15:41.932,EMA_BOUNCE,EMA50,1,48,BREAK_EVEN,True,BREAK_EVEN,0.0000
32333,2026-08-27 12:15:41.932,EMA_BOUNCE,EMA50,1,48,NO_BREAK_EVEN,True,BAR_CLOSE_TRAIL,-1.0000
32348,2026-08-27 12:26:08.756,EMA_BOUNCE,EMA50,1,12,BREAK_EVEN,True,BREAK_EVEN,0.0000
32348,2026-08-27 12:26:08.756,EMA_BOUNCE,EMA50,1,12,NO_BREAK_EVEN,True,TIME,18.0000
32348,2026-08-27 12:26:08.756,EMA_BOUNCE,EMA50,1,24,BREAK_EVEN,True,BREAK_EVEN,0.0000
32348,2026-08-27 12:26:08.756,EMA_BOUNCE,EMA50,1,24,NO_BREAK_EVEN,True,BAR_CLOSE_TRAIL,18.0000
32348,2026-08-27 12:26:08.756,EMA_BOUNCE,EMA50,1,48,BREAK_EVEN,True,BREAK_EVEN,0.0000
32348,2026-08-27 12:26:08.756,EMA_BOUNCE,EMA50,1,48,NO_BREAK_EVEN,True,BAR_CLOSE_TRAIL,18.0000
32359,2026-08-27 12:33:42.088,PIN7,PIN7,1,12,BREAK_EVEN,True,BAR_CLOSE_TRAIL,2.0000
32359,2026-08-27 12:33:42.088,PIN7,PIN7,1,12,NO_BREAK_EVEN,True,BAR_CLOSE_TRAIL,2.0000
32359,2026-08-27 12:33:42.088,PIN7,PIN7,1,24,BREAK_EVEN,True,BAR_CLOSE_TRAIL,2.0000
32359,2026-08-27 12:33:42.088,PIN7,PIN7,1,24,NO_BREAK_EVEN,True,BAR_CLOSE_TRAIL,2.0000
32359,2026-08-27 12:33:42.088,PIN7,PIN7,1,48,BREAK_EVEN,True,BAR_CLOSE_TRAIL,2.0000
32359,2026-08-27 12:33:42.088,PIN7,PIN7,1,48,NO_BREAK_EVEN,True,BAR_CLOSE_TRAIL,2.0000
32360,2026-08-27 12:34:39.128,PIN7,PIN7,1,12,BREAK_EVEN,True,BREAK_EVEN,0.0000
32360,2026-08-27 12:34:39.128,PIN7,PIN7,1,12,NO_BREAK_EVEN,True,BAR_CLOSE_TRAIL,0.0000
32360,2026-08-27 12:34:39.128,PIN7,PIN7,1,24,BREAK_EVEN,True,BREAK_EVEN,0.0000
32360,2026-08-27 12:34:39.128,PIN7,PIN7,1,24,NO_BREAK_EVEN,True,BAR_CLOSE_TRAIL,0.0000
32360,2026-08-27 12:34:39.128,PIN7,PIN7,1,48,BREAK_EVEN,True,BREAK_EVEN,0.0000
32360,2026-08-27 12:34:39.128,PIN7,PIN7,1,48,NO_BREAK_EVEN,True,BAR_CLOSE_TRAIL,0.0000
32378,2026-08-27 12:50:40.340,EMA_BOUNCE,EMA24,1,12,BREAK_EVEN,True,BAR_CLOSE_TRAIL,14.0000
32378,2026-08-27 12:50:40.340,EMA_BOUNCE,EMA24,1,12,NO_BREAK_EVEN,True,BAR_CLOSE_TRAIL,14.0000
32378,2026-08-27 12:50:40.340,EMA_BOUNCE,EMA24,1,24,BREAK_EVEN,True,BAR_CLOSE_TRAIL,14.0000
32378,2026-08-27 12:50:40.340,EMA_BOUNCE,EMA24,1,24,NO_BREAK_EVEN,True,BAR_CLOSE_TRAIL,14.0000
32378,2026-08-27 12:50:40.340,EMA_BOUNCE,EMA24,1,48,BREAK_EVEN,True,BAR_CLOSE_TRAIL,14.0000
32378,2026-08-27 12:50:40.340,EMA_BOUNCE,EMA24,1,48,NO_BREAK_EVEN,True,BAR_CLOSE_TRAIL,14.0000
32393,2026-08-27 12:55:12.044,EMA_BOUNCE,EMA8,1,12,BREAK_EVEN,False,HARD_STOP,-10.0000
32393,2026-08-27 12:55:12.044,EMA_BOUNCE,EMA8,1,12,NO_BREAK_EVEN,False,HARD_STOP,-10.0000
32393,2026-08-27 12:55:12.044,EMA_BOUNCE,EMA8,1,24,BREAK_EVEN,False,HARD_STOP,-10.0000
32393,2026-08-27 12:55:12.044,EMA_BOUNCE,EMA8,1,24,NO_BREAK_EVEN,False,HARD_STOP,-10.0000
32393,2026-08-27 12:55:12.044,EMA_BOUNCE,EMA8,1,48,BREAK_EVEN,False,HARD_STOP,-10.0000
32393,2026-08-27 12:55:12.044,EMA_BOUNCE,EMA8,1,48,NO_BREAK_EVEN,False,HARD_STOP,-10.0000
32395,2026-08-27 12:55:30.552,EMA_BOUNCE,EMA8,1,12,BREAK_EVEN,True,TIME,3.0000
32395,2026-08-27 12:55:30.552,EMA_BOUNCE,EMA8,1,12,NO_BREAK_EVEN,True,TIME,3.0000
32395,2026-08-27 12:55:30.552,EMA_BOUNCE,EMA8,1,24,BREAK_EVEN,True,BREAK_EVEN,0.0000
32395,2026-08-27 12:55:30.552,EMA_BOUNCE,EMA8,1,24,NO_BREAK_EVEN,True,BAR_CLOSE_TRAIL,0.0000
32395,2026-08-27 12:55:30.552,EMA_BOUNCE,EMA8,1,48,BREAK_EVEN,True,BREAK_EVEN,0.0000
32395,2026-08-27 12:55:30.552,EMA_BOUNCE,EMA8,1,48,NO_BREAK_EVEN,True,BAR_CLOSE_TRAIL,0.0000
32397,2026-08-27 12:56:18.680,EMA_BOUNCE,EMA24,1,12,BREAK_EVEN,True,BREAK_EVEN,0.0000
32397,2026-08-27 12:56:18.680,EMA_BOUNCE,EMA24,1,12,NO_BREAK_EVEN,True,BAR_CLOSE_TRAIL,0.0000
32397,2026-08-27 12:56:18.680,EMA_BOUNCE,EMA24,1,24,BREAK_EVEN,True,BREAK_EVEN,0.0000
32397,2026-08-27 12:56:18.680,EMA_BOUNCE,EMA24,1,24,NO_BREAK_EVEN,True,BAR_CLOSE_TRAIL,0.0000
32397,2026-08-27 12:56:18.680,EMA_BOUNCE,EMA24,1,48,BREAK_EVEN,True,BREAK_EVEN,0.0000
32397,2026-08-27 12:56:18.680,EMA_BOUNCE,EMA24,1,48,NO_BREAK_EVEN,True,BAR_CLOSE_TRAIL,0.0000
32898,2026-08-28 06:38:18.376,EMA_BOUNCE,EMA24,1,12,BREAK_EVEN,True,BREAK_EVEN,0.0000
32898,2026-08-28 06:38:18.376,EMA_BOUNCE,EMA24,1,12,NO_BREAK_EVEN,True,TIME,20.0000
32898,2026-08-28 06:38:18.376,EMA_BOUNCE,EMA24,1,24,BREAK_EVEN,True,BREAK_EVEN,0.0000
32898,2026-08-28 06:38:18.376,EMA_BOUNCE,EMA24,1,24,NO_BREAK_EVEN,True,BAR_CLOSE_TRAIL,17.0000
32898,2026-08-28 06:38:18.376,EMA_BOUNCE,EMA24,1,48,BREAK_EVEN,True,BREAK_EVEN,0.0000
32898,2026-08-28 06:38:18.376,EMA_BOUNCE,EMA24,1,48,NO_BREAK_EVEN,True,BAR_CLOSE_TRAIL,17.0000
32900,2026-08-28 06:39:16.380,EMA_BOUNCE,EMA24,1,12,BREAK_EVEN,True,BREAK_EVEN,0.0000
32900,2026-08-28 06:39:16.380,EMA_BOUNCE,EMA24,1,12,NO_BREAK_EVEN,True,TIME,23.0000
32900,2026-08-28 06:39:16.380,EMA_BOUNCE,EMA24,1,24,BREAK_EVEN,True,BREAK_EVEN,0.0000
32900,2026-08-28 06:39:16.380,EMA_BOUNCE,EMA24,1,24,NO_BREAK_EVEN,True,BAR_CLOSE_TRAIL,18.0000
32900,2026-08-28 06:39:16.380,EMA_BOUNCE,EMA24,1,48,BREAK_EVEN,True,BREAK_EVEN,0.0000
32900,2026-08-28 06:39:16.380,EMA_BOUNCE,EMA24,1,48,NO_BREAK_EVEN,True,BAR_CLOSE_TRAIL,18.0000
32919,2026-08-28 06:44:57.920,EMA_BOUNCE,EMA24,1,12,BREAK_EVEN,False,HARD_STOP,-10.0000
32919,2026-08-28 06:44:57.920,EMA_BOUNCE,EMA24,1,12,NO_BREAK_EVEN,False,HARD_STOP,-10.0000
32919,2026-08-28 06:44:57.920,EMA_BOUNCE,EMA24,1,24,BREAK_EVEN,False,HARD_STOP,-10.0000
32919,2026-08-28 06:44:57.920,EMA_BOUNCE,EMA24,1,24,NO_BREAK_EVEN,False,HARD_STOP,-10.0000
32919,2026-08-28 06:44:57.920,EMA_BOUNCE,EMA24,1,48,BREAK_EVEN,False,HARD_STOP,-10.0000
32919,2026-08-28 06:44:57.920,EMA_BOUNCE,EMA24,1,48,NO_BREAK_EVEN,False,HARD_STOP,-10.0000
33012,2026-08-28 07:00:00.488,EMA_BOUNCE,EMA24,-1,12,BREAK_EVEN,False,NO_TICK_WINDOW,
33012,2026-08-28 07:00:00.488,EMA_BOUNCE,EMA24,-1,12,NO_BREAK_EVEN,False,NO_TICK_WINDOW,
33012,2026-08-28 07:00:00.488,EMA_BOUNCE,EMA24,-1,24,BREAK_EVEN,False,HARD_STOP,-10.0000
33012,2026-08-28 07:00:00.488,EMA_BOUNCE,EMA24,-1,24,NO_BREAK_EVEN,False,HARD_STOP,-10.0000
33012,2026-08-28 07:00:00.488,EMA_BOUNCE,EMA24,-1,48,BREAK_EVEN,False,HARD_STOP,-10.0000
33012,2026-08-28 07:00:00.488,EMA_BOUNCE,EMA24,-1,48,NO_BREAK_EVEN,False,HARD_STOP,-10.0000
33133,2026-08-28 07:00:15.744,PIN7,PIN7,1,12,BREAK_EVEN,True,BAR_CLOSE_TRAIL,4.0000
33133,2026-08-28 07:00:15.744,PIN7,PIN7,1,12,NO_BREAK_EVEN,True,BAR_CLOSE_TRAIL,4.0000
33133,2026-08-28 07:00:15.744,PIN7,PIN7,1,24,BREAK_EVEN,True,BAR_CLOSE_TRAIL,4.0000
33133,2026-08-28 07:00:15.744,PIN7,PIN7,1,24,NO_BREAK_EVEN,True,BAR_CLOSE_TRAIL,4.0000
33133,2026-08-28 07:00:15.744,PIN7,PIN7,1,48,BREAK_EVEN,True,BAR_CLOSE_TRAIL,4.0000
33133,2026-08-28 07:00:15.744,PIN7,PIN7,1,48,NO_BREAK_EVEN,True,BAR_CLOSE_TRAIL,4.0000
33140,2026-08-28 07:00:19.516,PIN7,PIN7,1,12,BREAK_EVEN,True,BREAK_EVEN,0.0000
33140,2026-08-28 07:00:19.516,PIN7,PIN7,1,12,NO_BREAK_EVEN,True,BAR_CLOSE_TRAIL,-3.0000
33140,2026-08-28 07:00:19.516,PIN7,PIN7,1,24,BREAK_EVEN,True,BREAK_EVEN,0.0000
33140,2026-08-28 07:00:19.516,PIN7,PIN7,1,24,NO_BREAK_EVEN,True,BAR_CLOSE_TRAIL,-3.0000
33140,2026-08-28 07:00:19.516,PIN7,PIN7,1,48,BREAK_EVEN,True,BREAK_EVEN,0.0000
33140,2026-08-28 07:00:19.516,PIN7,PIN7,1,48,NO_BREAK_EVEN,True,BAR_CLOSE_TRAIL,-3.0000
33143,2026-08-28 07:00:20.956,EMA_BOUNCE,EMA8,1,12,BREAK_EVEN,True,BREAK_EVEN,0.0000
33143,2026-08-28 07:00:20.956,EMA_BOUNCE,EMA8,1,12,NO_BREAK_EVEN,True,BAR_CLOSE_TRAIL,0.0000
33143,2026-08-28 07:00:20.956,EMA_BOUNCE,EMA8,1,24,BREAK_EVEN,True,BREAK_EVEN,0.0000
33143,2026-08-28 07:00:20.956,EMA_BOUNCE,EMA8,1,24,NO_BREAK_EVEN,True,BAR_CLOSE_TRAIL,0.0000
33143,2026-08-28 07:00:20.956,EMA_BOUNCE,EMA8,1,48,BREAK_EVEN,True,BREAK_EVEN,0.0000
33143,2026-08-28 07:00:20.956,EMA_BOUNCE,EMA8,1,48,NO_BREAK_EVEN,True,BAR_CLOSE_TRAIL,0.0000
33145,2026-08-28 07:00:22.072,EMA_BOUNCE,EMA8,1,12,BREAK_EVEN,True,BREAK_EVEN,0.0000
33145,2026-08-28 07:00:22.072,EMA_BOUNCE,EMA8,1,12,NO_BREAK_EVEN,True,BAR_CLOSE_TRAIL,-4.0000
33145,2026-08-28 07:00:22.072,EMA_BOUNCE,EMA8,1,24,BREAK_EVEN,True,BREAK_EVEN,0.0000
33145,2026-08-28 07:00:22.072,EMA_BOUNCE,EMA8,1,24,NO_BREAK_EVEN,True,BAR_CLOSE_TRAIL,-4.0000
33145,2026-08-28 07:00:22.072,EMA_BOUNCE,EMA8,1,48,BREAK_EVEN,True,BREAK_EVEN,0.0000
33145,2026-08-28 07:00:22.072,EMA_BOUNCE,EMA8,1,48,NO_BREAK_EVEN,True,BAR_CLOSE_TRAIL,-4.0000
33149,2026-08-28 07:00:23.412,EMA_BOUNCE,EMA8,1,12,BREAK_EVEN,False,HARD_STOP,-10.0000
33149,2026-08-28 07:00:23.412,EMA_BOUNCE,EMA8,1,12,NO_BREAK_EVEN,False,HARD_STOP,-10.0000
33149,2026-08-28 07:00:23.412,EMA_BOUNCE,EMA8,1,24,BREAK_EVEN,False,HARD_STOP,-10.0000
33149,2026-08-28 07:00:23.412,EMA_BOUNCE,EMA8,1,24,NO_BREAK_EVEN,False,HARD_STOP,-10.0000
33149,2026-08-28 07:00:23.412,EMA_BOUNCE,EMA8,1,48,BREAK_EVEN,False,HARD_STOP,-10.0000
33149,2026-08-28 07:00:23.412,EMA_BOUNCE,EMA8,1,48,NO_BREAK_EVEN,False,HARD_STOP,-10.0000
33162,2026-08-28 07:00:32.000,EMA_BOUNCE,EMA50,1,12,BREAK_EVEN,True,BREAK_EVEN,0.0000
33162,2026-08-28 07:00:32.000,EMA_BOUNCE,EMA50,1,12,NO_BREAK_EVEN,True,BAR_CLOSE_TRAIL,9.0000
33162,2026-08-28 07:00:32.000,EMA_BOUNCE,EMA50,1,24,BREAK_EVEN,True,BREAK_EVEN,0.0000
33162,2026-08-28 07:00:32.000,EMA_BOUNCE,EMA50,1,24,NO_BREAK_EVEN,True,BAR_CLOSE_TRAIL,9.0000
33162,2026-08-28 07:00:32.000,EMA_BOUNCE,EMA50,1,48,BREAK_EVEN,True,BREAK_EVEN,0.0000
33162,2026-08-28 07:00:32.000,EMA_BOUNCE,EMA50,1,48,NO_BREAK_EVEN,True,BAR_CLOSE_TRAIL,9.0000
33167,2026-08-28 07:00:39.456,PIN7,PIN7,1,12,BREAK_EVEN,True,BREAK_EVEN,0.0000
33167,2026-08-28 07:00:39.456,PIN7,PIN7,1,12,NO_BREAK_EVEN,True,BAR_CLOSE_TRAIL,-3.0000
33167,2026-08-28 07:00:39.456,PIN7,PIN7,1,24,BREAK_EVEN,True,BREAK_EVEN,0.0000
33167,2026-08-28 07:00:39.456,PIN7,PIN7,1,24,NO_BREAK_EVEN,True,BAR_CLOSE_TRAIL,-3.0000
33167,2026-08-28 07:00:39.456,PIN7,PIN7,1,48,BREAK_EVEN,True,BREAK_EVEN,0.0000
33167,2026-08-28 07:00:39.456,PIN7,PIN7,1,48,NO_BREAK_EVEN,True,BAR_CLOSE_TRAIL,-3.0000
33168,2026-08-28 07:00:39.704,PIN7,PIN7,1,12,BREAK_EVEN,True,BREAK_EVEN,0.0000
33168,2026-08-28 07:00:39.704,PIN7,PIN7,1,12,NO_BREAK_EVEN,True,BAR_CLOSE_TRAIL,-2.0000
33168,2026-08-28 07:00:39.704,PIN7,PIN7,1,24,BREAK_EVEN,True,BREAK_EVEN,0.0000
33168,2026-08-28 07:00:39.704,PIN7,PIN7,1,24,NO_BREAK_EVEN,True,BAR_CLOSE_TRAIL,-2.0000
33168,2026-08-28 07:00:39.704,PIN7,PIN7,1,48,BREAK_EVEN,True,BREAK_EVEN,0.0000
33168,2026-08-28 07:00:39.704,PIN7,PIN7,1,48,NO_BREAK_EVEN,True,BAR_CLOSE_TRAIL,-2.0000
33198,2026-08-28 07:01:49.600,EMA_BOUNCE,EMA8,-1,12,BREAK_EVEN,False,HARD_STOP,-10.0000
33198,2026-08-28 07:01:49.600,EMA_BOUNCE,EMA8,-1,12,NO_BREAK_EVEN,False,HARD_STOP,-10.0000
33198,2026-08-28 07:01:49.600,EMA_BOUNCE,EMA8,-1,24,BREAK_EVEN,False,HARD_STOP,-10.0000
33198,2026-08-28 07:01:49.600,EMA_BOUNCE,EMA8,-1,24,NO_BREAK_EVEN,False,HARD_STOP,-10.0000
33198,2026-08-28 07:01:49.600,EMA_BOUNCE,EMA8,-1,48,BREAK_EVEN,False,HARD_STOP,-10.0000
33198,2026-08-28 07:01:49.600,EMA_BOUNCE,EMA8,-1,48,NO_BREAK_EVEN,False,HARD_STOP,-10.0000
33200,2026-08-28 07:01:51.768,EMA_BOUNCE,EMA8,-1,12,BREAK_EVEN,True,BREAK_EVEN,0.0000
33200,2026-08-28 07:01:51.768,EMA_BOUNCE,EMA8,-1,12,NO_BREAK_EVEN,True,BAR_CLOSE_TRAIL,-0.0000
33200,2026-08-28 07:01:51.768,EMA_BOUNCE,EMA8,-1,24,BREAK_EVEN,True,BREAK_EVEN,0.0000
33200,2026-08-28 07:01:51.768,EMA_BOUNCE,EMA8,-1,24,NO_BREAK_EVEN,True,BAR_CLOSE_TRAIL,-0.0000
33200,2026-08-28 07:01:51.768,EMA_BOUNCE,EMA8,-1,48,BREAK_EVEN,True,BREAK_EVEN,0.0000
33200,2026-08-28 07:01:51.768,EMA_BOUNCE,EMA8,-1,48,NO_BREAK_EVEN,True,BAR_CLOSE_TRAIL,-0.0000
33202,2026-08-28 07:01:53.808,EMA_BOUNCE,EMA8,-1,12,BREAK_EVEN,False,HARD_STOP,-10.0000
33202,2026-08-28 07:01:53.808,EMA_BOUNCE,EMA8,-1,12,NO_BREAK_EVEN,False,HARD_STOP,-10.0000
33202,2026-08-28 07:01:53.808,EMA_BOUNCE,EMA8,-1,24,BREAK_EVEN,False,HARD_STOP,-10.0000
33202,2026-08-28 07:01:53.808,EMA_BOUNCE,EMA8,-1,24,NO_BREAK_EVEN,False,HARD_STOP,-10.0000
33202,2026-08-28 07:01:53.808,EMA_BOUNCE,EMA8,-1,48,BREAK_EVEN,False,HARD_STOP,-10.0000
33202,2026-08-28 07:01:53.808,EMA_BOUNCE,EMA8,-1,48,NO_BREAK_EVEN,False,HARD_STOP,-10.0000
33205,2026-08-28 07:02:09.844,EMA_BOUNCE,EMA24,-1,12,BREAK_EVEN,True,BAR_CLOSE_TRAIL,0.0000
33205,2026-08-28 07:02:09.844,EMA_BOUNCE,EMA24,-1,12,NO_BREAK_EVEN,True,BAR_CLOSE_TRAIL,-1.0000
33205,2026-08-28 07:02:09.844,EMA_BOUNCE,EMA24,-1,24,BREAK_EVEN,True,BAR_CLOSE_TRAIL,0.0000
33205,2026-08-28 07:02:09.844,EMA_BOUNCE,EMA24,-1,24,NO_BREAK_EVEN,True,BAR_CLOSE_TRAIL,-1.0000
33205,2026-08-28 07:02:09.844,EMA_BOUNCE,EMA24,-1,48,BREAK_EVEN,True,BAR_CLOSE_TRAIL,0.0000
33205,2026-08-28 07:02:09.844,EMA_BOUNCE,EMA24,-1,48,NO_BREAK_EVEN,True,BAR_CLOSE_TRAIL,-1.0000
33220,2026-08-28 07:02:57.652,EMA_BOUNCE,EMA50,-1,12,BREAK_EVEN,True,BAR_CLOSE_TRAIL,6.0000
33220,2026-08-28 07:02:57.652,EMA_BOUNCE,EMA50,-1,12,NO_BREAK_EVEN,True,BAR_CLOSE_TRAIL,6.0000
33220,2026-08-28 07:02:57.652,EMA_BOUNCE,EMA50,-1,24,BREAK_EVEN,True,BAR_CLOSE_TRAIL,6.0000
33220,2026-08-28 07:02:57.652,EMA_BOUNCE,EMA50,-1,24,NO_BREAK_EVEN,True,BAR_CLOSE_TRAIL,6.0000
33220,2026-08-28 07:02:57.652,EMA_BOUNCE,EMA50,-1,48,BREAK_EVEN,True,BAR_CLOSE_TRAIL,6.0000
33220,2026-08-28 07:02:57.652,EMA_BOUNCE,EMA50,-1,48,NO_BREAK_EVEN,True,BAR_CLOSE_TRAIL,6.0000
33235,2026-08-28 07:03:52.036,EMA_BOUNCE,EMA8,-1,12,BREAK_EVEN,True,BAR_CLOSE_TRAIL,6.0000
33235,2026-08-28 07:03:52.036,EMA_BOUNCE,EMA8,-1,12,NO_BREAK_EVEN,True,BAR_CLOSE_TRAIL,6.0000
33235,2026-08-28 07:03:52.036,EMA_BOUNCE,EMA8,-1,24,BREAK_EVEN,True,BAR_CLOSE_TRAIL,6.0000
33235,2026-08-28 07:03:52.036,EMA_BOUNCE,EMA8,-1,24,NO_BREAK_EVEN,True,BAR_CLOSE_TRAIL,6.0000
33235,2026-08-28 07:03:52.036,EMA_BOUNCE,EMA8,-1,48,BREAK_EVEN,True,BAR_CLOSE_TRAIL,6.0000
33235,2026-08-28 07:03:52.036,EMA_BOUNCE,EMA8,-1,48,NO_BREAK_EVEN,True,BAR_CLOSE_TRAIL,6.0000
33239,2026-08-28 07:04:06.452,PIN7,PIN7,-1,12,BREAK_EVEN,False,HARD_STOP,-10.0000
33239,2026-08-28 07:04:06.452,PIN7,PIN7,-1,12,NO_BREAK_EVEN,False,HARD_STOP,-10.0000
33239,2026-08-28 07:04:06.452,PIN7,PIN7,-1,24,BREAK_EVEN,False,HARD_STOP,-10.0000
33239,2026-08-28 07:04:06.452,PIN7,PIN7,-1,24,NO_BREAK_EVEN,False,HARD_STOP,-10.0000
33239,2026-08-28 07:04:06.452,PIN7,PIN7,-1,48,BREAK_EVEN,False,HARD_STOP,-10.0000
33239,2026-08-28 07:04:06.452,PIN7,PIN7,-1,48,NO_BREAK_EVEN,False,HARD_STOP,-10.0000
33242,2026-08-28 07:04:17.184,EMA_BOUNCE,EMA8,-1,12,BREAK_EVEN,True,BREAK_EVEN,0.0000
33242,2026-08-28 07:04:17.184,EMA_BOUNCE,EMA8,-1,12,NO_BREAK_EVEN,True,BAR_CLOSE_TRAIL,-0.0000
33242,2026-08-28 07:04:17.184,EMA_BOUNCE,EMA8,-1,24,BREAK_EVEN,True,BREAK_EVEN,0.0000
33242,2026-08-28 07:04:17.184,EMA_BOUNCE,EMA8,-1,24,NO_BREAK_EVEN,True,BAR_CLOSE_TRAIL,-0.0000
33242,2026-08-28 07:04:17.184,EMA_BOUNCE,EMA8,-1,48,BREAK_EVEN,True,BREAK_EVEN,0.0000
33242,2026-08-28 07:04:17.184,EMA_BOUNCE,EMA8,-1,48,NO_BREAK_EVEN,True,BAR_CLOSE_TRAIL,-0.0000
33280,2026-08-28 07:06:31.036,PIN7,PIN7,-1,12,BREAK_EVEN,False,HARD_STOP,-10.0000
33280,2026-08-28 07:06:31.036,PIN7,PIN7,-1,12,NO_BREAK_EVEN,False,HARD_STOP,-10.0000
33280,2026-08-28 07:06:31.036,PIN7,PIN7,-1,24,BREAK_EVEN,False,HARD_STOP,-10.0000
33280,2026-08-28 07:06:31.036,PIN7,PIN7,-1,24,NO_BREAK_EVEN,False,HARD_STOP,-10.0000
33280,2026-08-28 07:06:31.036,PIN7,PIN7,-1,48,BREAK_EVEN,False,HARD_STOP,-10.0000
33280,2026-08-28 07:06:31.036,PIN7,PIN7,-1,48,NO_BREAK_EVEN,False,HARD_STOP,-10.0000
33284,2026-08-28 07:06:52.520,EMA_BOUNCE,EMA8,-1,12,BREAK_EVEN,True,BREAK_EVEN,0.0000
33284,2026-08-28 07:06:52.520,EMA_BOUNCE,EMA8,-1,12,NO_BREAK_EVEN,True,BAR_CLOSE_TRAIL,-0.0000
33284,2026-08-28 07:06:52.520,EMA_BOUNCE,EMA8,-1,24,BREAK_EVEN,True,BREAK_EVEN,0.0000
33284,2026-08-28 07:06:52.520,EMA_BOUNCE,EMA8,-1,24,NO_BREAK_EVEN,True,BAR_CLOSE_TRAIL,-0.0000
33284,2026-08-28 07:06:52.520,EMA_BOUNCE,EMA8,-1,48,BREAK_EVEN,True,BREAK_EVEN,0.0000
33284,2026-08-28 07:06:52.520,EMA_BOUNCE,EMA8,-1,48,NO_BREAK_EVEN,True,BAR_CLOSE_TRAIL,-0.0000
33290,2026-08-28 07:07:12.584,EMA_BOUNCE,EMA8,-1,12,BREAK_EVEN,False,HARD_STOP,-10.0000
33290,2026-08-28 07:07:12.584,EMA_BOUNCE,EMA8,-1,12,NO_BREAK_EVEN,False,HARD_STOP,-10.0000
33290,2026-08-28 07:07:12.584,EMA_BOUNCE,EMA8,-1,24,BREAK_EVEN,False,HARD_STOP,-10.0000
33290,2026-08-28 07:07:12.584,EMA_BOUNCE,EMA8,-1,24,NO_BREAK_EVEN,False,HARD_STOP,-10.0000
33290,2026-08-28 07:07:12.584,EMA_BOUNCE,EMA8,-1,48,BREAK_EVEN,False,HARD_STOP,-10.0000
33290,2026-08-28 07:07:12.584,EMA_BOUNCE,EMA8,-1,48,NO_BREAK_EVEN,False,HARD_STOP,-10.0000
33294,2026-08-28 07:07:30.536,EMA_BOUNCE,EMA24,-1,12,BREAK_EVEN,True,TIME,7.0000
33294,2026-08-28 07:07:30.536,EMA_BOUNCE,EMA24,-1,12,NO_BREAK_EVEN,True,TIME,7.0000
33294,2026-08-28 07:07:30.536,EMA_BOUNCE,EMA24,-1,24,BREAK_EVEN,True,BREAK_EVEN,0.0000
33294,2026-08-28 07:07:30.536,EMA_BOUNCE,EMA24,-1,24,NO_BREAK_EVEN,True,BAR_CLOSE_TRAIL,-0.0000
33294,2026-08-28 07:07:30.536,EMA_BOUNCE,EMA24,-1,48,BREAK_EVEN,True,BREAK_EVEN,0.0000
33294,2026-08-28 07:07:30.536,EMA_BOUNCE,EMA24,-1,48,NO_BREAK_EVEN,True,BAR_CLOSE_TRAIL,-0.0000
33335,2026-08-28 07:10:46.692,PIN7,PIN7,-1,12,BREAK_EVEN,True,BREAK_EVEN,0.0000
33335,2026-08-28 07:10:46.692,PIN7,PIN7,-1,12,NO_BREAK_EVEN,True,BAR_CLOSE_TRAIL,-0.0000
33335,2026-08-28 07:10:46.692,PIN7,PIN7,-1,24,BREAK_EVEN,True,BREAK_EVEN,0.0000
33335,2026-08-28 07:10:46.692,PIN7,PIN7,-1,24,NO_BREAK_EVEN,True,BAR_CLOSE_TRAIL,-0.0000
33335,2026-08-28 07:10:46.692,PIN7,PIN7,-1,48,BREAK_EVEN,True,BREAK_EVEN,0.0000
33335,2026-08-28 07:10:46.692,PIN7,PIN7,-1,48,NO_BREAK_EVEN,True,BAR_CLOSE_TRAIL,-0.0000
33336,2026-08-28 07:11:16.484,PIN7,PIN7,-1,12,BREAK_EVEN,True,BAR_CLOSE_TRAIL,3.0000
33336,2026-08-28 07:11:16.484,PIN7,PIN7,-1,12,NO_BREAK_EVEN,True,BAR_CLOSE_TRAIL,3.0000
33336,2026-08-28 07:11:16.484,PIN7,PIN7,-1,24,BREAK_EVEN,True,BAR_CLOSE_TRAIL,3.0000
33336,2026-08-28 07:11:16.484,PIN7,PIN7,-1,24,NO_BREAK_EVEN,True,BAR_CLOSE_TRAIL,3.0000
33336,2026-08-28 07:11:16.484,PIN7,PIN7,-1,48,BREAK_EVEN,True,BAR_CLOSE_TRAIL,3.0000
33336,2026-08-28 07:11:16.484,PIN7,PIN7,-1,48,NO_BREAK_EVEN,True,BAR_CLOSE_TRAIL,3.0000
33338,2026-08-28 07:11:31.348,EMA_BOUNCE,EMA8,-1,12,BREAK_EVEN,True,BAR_CLOSE_TRAIL,5.0000
33338,2026-08-28 07:11:31.348,EMA_BOUNCE,EMA8,-1,12,NO_BREAK_EVEN,True,BAR_CLOSE_TRAIL,5.0000
33338,2026-08-28 07:11:31.348,EMA_BOUNCE,EMA8,-1,24,BREAK_EVEN,True,BAR_CLOSE_TRAIL,5.0000
33338,2026-08-28 07:11:31.348,EMA_BOUNCE,EMA8,-1,24,NO_BREAK_EVEN,True,BAR_CLOSE_TRAIL,5.0000
33338,2026-08-28 07:11:31.348,EMA_BOUNCE,EMA8,-1,48,BREAK_EVEN,True,BAR_CLOSE_TRAIL,5.0000
33338,2026-08-28 07:11:31.348,EMA_BOUNCE,EMA8,-1,48,NO_BREAK_EVEN,True,BAR_CLOSE_TRAIL,5.0000
33341,2026-08-28 07:11:46.592,PIN7,PIN7,-1,12,BREAK_EVEN,False,HARD_STOP,-10.0000
33341,2026-08-28 07:11:46.592,PIN7,PIN7,-1,12,NO_BREAK_EVEN,False,HARD_STOP,-10.0000
33341,2026-08-28 07:11:46.592,PIN7,PIN7,-1,24,BREAK_EVEN,False,HARD_STOP,-10.0000
33341,2026-08-28 07:11:46.592,PIN7,PIN7,-1,24,NO_BREAK_EVEN,False,HARD_STOP,-10.0000
33341,2026-08-28 07:11:46.592,PIN7,PIN7,-1,48,BREAK_EVEN,False,HARD_STOP,-10.0000
33341,2026-08-28 07:11:46.592,PIN7,PIN7,-1,48,NO_BREAK_EVEN,False,HARD_STOP,-10.0000
33342,2026-08-28 07:11:52.832,PIN7,PIN7,-1,12,BREAK_EVEN,False,HARD_STOP,-10.0000
33342,2026-08-28 07:11:52.832,PIN7,PIN7,-1,12,NO_BREAK_EVEN,False,HARD_STOP,-10.0000
33342,2026-08-28 07:11:52.832,PIN7,PIN7,-1,24,BREAK_EVEN,False,HARD_STOP,-10.0000
33342,2026-08-28 07:11:52.832,PIN7,PIN7,-1,24,NO_BREAK_EVEN,False,HARD_STOP,-10.0000
33342,2026-08-28 07:11:52.832,PIN7,PIN7,-1,48,BREAK_EVEN,False,HARD_STOP,-10.0000
33342,2026-08-28 07:11:52.832,PIN7,PIN7,-1,48,NO_BREAK_EVEN,False,HARD_STOP,-10.0000
33351,2026-08-28 07:12:54.552,EMA_BOUNCE,EMA24,-1,12,BREAK_EVEN,True,BAR_CLOSE_TRAIL,21.0000
33351,2026-08-28 07:12:54.552,EMA_BOUNCE,EMA24,-1,12,NO_BREAK_EVEN,True,BAR_CLOSE_TRAIL,21.0000
33351,2026-08-28 07:12:54.552,EMA_BOUNCE,EMA24,-1,24,BREAK_EVEN,True,BAR_CLOSE_TRAIL,21.0000
33351,2026-08-28 07:12:54.552,EMA_BOUNCE,EMA24,-1,24,NO_BREAK_EVEN,True,BAR_CLOSE_TRAIL,21.0000
33351,2026-08-28 07:12:54.552,EMA_BOUNCE,EMA24,-1,48,BREAK_EVEN,True,BAR_CLOSE_TRAIL,21.0000
33351,2026-08-28 07:12:54.552,EMA_BOUNCE,EMA24,-1,48,NO_BREAK_EVEN,True,BAR_CLOSE_TRAIL,21.0000
33358,2026-08-28 07:13:33.236,PIN_STRICT,PIN,-1,12,BREAK_EVEN,True,BREAK_EVEN,0.0000
33358,2026-08-28 07:13:33.236,PIN_STRICT,PIN,-1,12,NO_BREAK_EVEN,True,BAR_CLOSE_TRAIL,-3.0000
33358,2026-08-28 07:13:33.236,PIN_STRICT,PIN,-1,24,BREAK_EVEN,True,BREAK_EVEN,0.0000
33358,2026-08-28 07:13:33.236,PIN_STRICT,PIN,-1,24,NO_BREAK_EVEN,True,BAR_CLOSE_TRAIL,-3.0000
33358,2026-08-28 07:13:33.236,PIN_STRICT,PIN,-1,48,BREAK_EVEN,True,BREAK_EVEN,0.0000
33358,2026-08-28 07:13:33.236,PIN_STRICT,PIN,-1,48,NO_BREAK_EVEN,True,BAR_CLOSE_TRAIL,-3.0000
33362,2026-08-28 07:14:03.996,EMA_BOUNCE,EMA8,-1,12,BREAK_EVEN,False,HARD_STOP,-10.0000
33362,2026-08-28 07:14:03.996,EMA_BOUNCE,EMA8,-1,12,NO_BREAK_EVEN,False,HARD_STOP,-10.0000
33362,2026-08-28 07:14:03.996,EMA_BOUNCE,EMA8,-1,24,BREAK_EVEN,False,HARD_STOP,-10.0000
33362,2026-08-28 07:14:03.996,EMA_BOUNCE,EMA8,-1,24,NO_BREAK_EVEN,False,HARD_STOP,-10.0000
33362,2026-08-28 07:14:03.996,EMA_BOUNCE,EMA8,-1,48,BREAK_EVEN,False,HARD_STOP,-10.0000
33362,2026-08-28 07:14:03.996,EMA_BOUNCE,EMA8,-1,48,NO_BREAK_EVEN,False,HARD_STOP,-10.0000
33399,2026-08-28 07:17:46.304,PIN7,PIN7,1,12,BREAK_EVEN,True,BAR_CLOSE_TRAIL,3.0000
33399,2026-08-28 07:17:46.304,PIN7,PIN7,1,12,NO_BREAK_EVEN,True,BAR_CLOSE_TRAIL,3.0000
33399,2026-08-28 07:17:46.304,PIN7,PIN7,1,24,BREAK_EVEN,True,BAR_CLOSE_TRAIL,3.0000
33399,2026-08-28 07:17:46.304,PIN7,PIN7,1,24,NO_BREAK_EVEN,True,BAR_CLOSE_TRAIL,3.0000
33399,2026-08-28 07:17:46.304,PIN7,PIN7,1,48,BREAK_EVEN,True,BAR_CLOSE_TRAIL,3.0000
33399,2026-08-28 07:17:46.304,PIN7,PIN7,1,48,NO_BREAK_EVEN,True,BAR_CLOSE_TRAIL,3.0000
33401,2026-08-28 07:18:10.060,PIN_STRICT,PIN,1,12,BREAK_EVEN,True,BREAK_EVEN,0.0000
33401,2026-08-28 07:18:10.060,PIN_STRICT,PIN,1,12,NO_BREAK_EVEN,True,BAR_CLOSE_TRAIL,-4.0000
33401,2026-08-28 07:18:10.060,PIN_STRICT,PIN,1,24,BREAK_EVEN,True,BREAK_EVEN,0.0000
33401,2026-08-28 07:18:10.060,PIN_STRICT,PIN,1,24,NO_BREAK_EVEN,True,BAR_CLOSE_TRAIL,-4.0000
33401,2026-08-28 07:18:10.060,PIN_STRICT,PIN,1,48,BREAK_EVEN,True,BREAK_EVEN,0.0000
33401,2026-08-28 07:18:10.060,PIN_STRICT,PIN,1,48,NO_BREAK_EVEN,True,BAR_CLOSE_TRAIL,-4.0000
33405,2026-08-28 07:18:31.644,EMA_BOUNCE,EMA8,1,12,BREAK_EVEN,True,BAR_CLOSE_TRAIL,11.0000
33405,2026-08-28 07:18:31.644,EMA_BOUNCE,EMA8,1,12,NO_BREAK_EVEN,True,BAR_CLOSE_TRAIL,11.0000
33405,2026-08-28 07:18:31.644,EMA_BOUNCE,EMA8,1,24,BREAK_EVEN,True,BAR_CLOSE_TRAIL,11.0000
33405,2026-08-28 07:18:31.644,EMA_BOUNCE,EMA8,1,24,NO_BREAK_EVEN,True,BAR_CLOSE_TRAIL,11.0000
33405,2026-08-28 07:18:31.644,EMA_BOUNCE,EMA8,1,48,BREAK_EVEN,True,BAR_CLOSE_TRAIL,11.0000
33405,2026-08-28 07:18:31.644,EMA_BOUNCE,EMA8,1,48,NO_BREAK_EVEN,True,BAR_CLOSE_TRAIL,11.0000
33407,2026-08-28 07:18:43.252,PIN7,PIN7,1,12,BREAK_EVEN,True,BAR_CLOSE_TRAIL,2.0000
33407,2026-08-28 07:18:43.252,PIN7,PIN7,1,12,NO_BREAK_EVEN,True,BAR_CLOSE_TRAIL,2.0000
33407,2026-08-28 07:18:43.252,PIN7,PIN7,1,24,BREAK_EVEN,True,BAR_CLOSE_TRAIL,2.0000
33407,2026-08-28 07:18:43.252,PIN7,PIN7,1,24,NO_BREAK_EVEN,True,BAR_CLOSE_TRAIL,2.0000
33407,2026-08-28 07:18:43.252,PIN7,PIN7,1,48,BREAK_EVEN,True,BAR_CLOSE_TRAIL,2.0000
33407,2026-08-28 07:18:43.252,PIN7,PIN7,1,48,NO_BREAK_EVEN,True,BAR_CLOSE_TRAIL,2.0000
33411,2026-08-28 07:19:24.168,PIN7,PIN7,1,12,BREAK_EVEN,True,BREAK_EVEN,0.0000
33411,2026-08-28 07:19:24.168,PIN7,PIN7,1,12,NO_BREAK_EVEN,True,BAR_CLOSE_TRAIL,-2.0000
33411,2026-08-28 07:19:24.168,PIN7,PIN7,1,24,BREAK_EVEN,True,BREAK_EVEN,0.0000
33411,2026-08-28 07:19:24.168,PIN7,PIN7,1,24,NO_BREAK_EVEN,True,BAR_CLOSE_TRAIL,-2.0000
33411,2026-08-28 07:19:24.168,PIN7,PIN7,1,48,BREAK_EVEN,True,BREAK_EVEN,0.0000
33411,2026-08-28 07:19:24.168,PIN7,PIN7,1,48,NO_BREAK_EVEN,True,BAR_CLOSE_TRAIL,-2.0000
33415,2026-08-28 07:19:43.604,EMA_BOUNCE,EMA8,1,12,BREAK_EVEN,True,BAR_CLOSE_TRAIL,3.0000
33415,2026-08-28 07:19:43.604,EMA_BOUNCE,EMA8,1,12,NO_BREAK_EVEN,True,BAR_CLOSE_TRAIL,3.0000
33415,2026-08-28 07:19:43.604,EMA_BOUNCE,EMA8,1,24,BREAK_EVEN,True,BAR_CLOSE_TRAIL,3.0000
33415,2026-08-28 07:19:43.604,EMA_BOUNCE,EMA8,1,24,NO_BREAK_EVEN,True,BAR_CLOSE_TRAIL,3.0000
33415,2026-08-28 07:19:43.604,EMA_BOUNCE,EMA8,1,48,BREAK_EVEN,True,BAR_CLOSE_TRAIL,3.0000
33415,2026-08-28 07:19:43.604,EMA_BOUNCE,EMA8,1,48,NO_BREAK_EVEN,True,BAR_CLOSE_TRAIL,3.0000
33472,2026-08-28 07:26:09.456,PIN7,PIN7,-1,12,BREAK_EVEN,True,BREAK_EVEN,0.0000
33472,2026-08-28 07:26:09.456,PIN7,PIN7,-1,12,NO_BREAK_EVEN,True,BAR_CLOSE_TRAIL,-3.0000
33472,2026-08-28 07:26:09.456,PIN7,PIN7,-1,24,BREAK_EVEN,True,BREAK_EVEN,0.0000
33472,2026-08-28 07:26:09.456,PIN7,PIN7,-1,24,NO_BREAK_EVEN,True,BAR_CLOSE_TRAIL,-3.0000
33472,2026-08-28 07:26:09.456,PIN7,PIN7,-1,48,BREAK_EVEN,True,BREAK_EVEN,0.0000
33472,2026-08-28 07:26:09.456,PIN7,PIN7,-1,48,NO_BREAK_EVEN,True,BAR_CLOSE_TRAIL,-3.0000
33487,2026-08-28 07:27:42.952,PIN7,PIN7,-1,12,BREAK_EVEN,True,BAR_CLOSE_TRAIL,0.0000
33487,2026-08-28 07:27:42.952,PIN7,PIN7,-1,12,NO_BREAK_EVEN,True,BAR_CLOSE_TRAIL,-0.0000
33487,2026-08-28 07:27:42.952,PIN7,PIN7,-1,24,BREAK_EVEN,True,BAR_CLOSE_TRAIL,0.0000
33487,2026-08-28 07:27:42.952,PIN7,PIN7,-1,24,NO_BREAK_EVEN,True,BAR_CLOSE_TRAIL,-0.0000
33487,2026-08-28 07:27:42.952,PIN7,PIN7,-1,48,BREAK_EVEN,True,BAR_CLOSE_TRAIL,0.0000
33487,2026-08-28 07:27:42.952,PIN7,PIN7,-1,48,NO_BREAK_EVEN,True,BAR_CLOSE_TRAIL,-0.0000
33494,2026-08-28 07:28:44.952,EMA_BOUNCE,EMA8,-1,12,BREAK_EVEN,False,HARD_STOP,-10.0000
33494,2026-08-28 07:28:44.952,EMA_BOUNCE,EMA8,-1,12,NO_BREAK_EVEN,False,HARD_STOP,-10.0000
33494,2026-08-28 07:28:44.952,EMA_BOUNCE,EMA8,-1,24,BREAK_EVEN,False,HARD_STOP,-10.0000
33494,2026-08-28 07:28:44.952,EMA_BOUNCE,EMA8,-1,24,NO_BREAK_EVEN,False,HARD_STOP,-10.0000
33494,2026-08-28 07:28:44.952,EMA_BOUNCE,EMA8,-1,48,BREAK_EVEN,False,HARD_STOP,-10.0000
33494,2026-08-28 07:28:44.952,EMA_BOUNCE,EMA8,-1,48,NO_BREAK_EVEN,False,HARD_STOP,-10.0000
33502,2026-08-28 07:29:32.816,EMA_BOUNCE,EMA50,-1,12,BREAK_EVEN,False,HARD_STOP,-10.0000
33502,2026-08-28 07:29:32.816,EMA_BOUNCE,EMA50,-1,12,NO_BREAK_EVEN,False,HARD_STOP,-10.0000
33502,2026-08-28 07:29:32.816,EMA_BOUNCE,EMA50,-1,24,BREAK_EVEN,False,HARD_STOP,-10.0000
33502,2026-08-28 07:29:32.816,EMA_BOUNCE,EMA50,-1,24,NO_BREAK_EVEN,False,HARD_STOP,-10.0000
33502,2026-08-28 07:29:32.816,EMA_BOUNCE,EMA50,-1,48,BREAK_EVEN,False,HARD_STOP,-10.0000
33502,2026-08-28 07:29:32.816,EMA_BOUNCE,EMA50,-1,48,NO_BREAK_EVEN,False,HARD_STOP,-10.0000
33536,2026-08-28 07:31:35.132,PIN7,PIN7,1,12,BREAK_EVEN,False,HARD_STOP,-10.0000
33536,2026-08-28 07:31:35.132,PIN7,PIN7,1,12,NO_BREAK_EVEN,False,HARD_STOP,-10.0000
33536,2026-08-28 07:31:35.132,PIN7,PIN7,1,24,BREAK_EVEN,False,HARD_STOP,-10.0000
33536,2026-08-28 07:31:35.132,PIN7,PIN7,1,24,NO_BREAK_EVEN,False,HARD_STOP,-10.0000
33536,2026-08-28 07:31:35.132,PIN7,PIN7,1,48,BREAK_EVEN,False,HARD_STOP,-10.0000
33536,2026-08-28 07:31:35.132,PIN7,PIN7,1,48,NO_BREAK_EVEN,False,HARD_STOP,-10.0000
33548,2026-08-28 07:32:23.584,EMA_BOUNCE,EMA50,1,12,BREAK_EVEN,True,BREAK_EVEN,0.0000
33548,2026-08-28 07:32:23.584,EMA_BOUNCE,EMA50,1,12,NO_BREAK_EVEN,True,BAR_CLOSE_TRAIL,3.0000
33548,2026-08-28 07:32:23.584,EMA_BOUNCE,EMA50,1,24,BREAK_EVEN,True,BREAK_EVEN,0.0000
33548,2026-08-28 07:32:23.584,EMA_BOUNCE,EMA50,1,24,NO_BREAK_EVEN,True,BAR_CLOSE_TRAIL,3.0000
33548,2026-08-28 07:32:23.584,EMA_BOUNCE,EMA50,1,48,BREAK_EVEN,True,BREAK_EVEN,0.0000
33548,2026-08-28 07:32:23.584,EMA_BOUNCE,EMA50,1,48,NO_BREAK_EVEN,True,BAR_CLOSE_TRAIL,3.0000
33559,2026-08-28 07:33:42.908,PIN7,PIN7,1,12,BREAK_EVEN,True,BAR_CLOSE_TRAIL,8.0000
33559,2026-08-28 07:33:42.908,PIN7,PIN7,1,12,NO_BREAK_EVEN,True,BAR_CLOSE_TRAIL,8.0000
33559,2026-08-28 07:33:42.908,PIN7,PIN7,1,24,BREAK_EVEN,True,BAR_CLOSE_TRAIL,8.0000
33559,2026-08-28 07:33:42.908,PIN7,PIN7,1,24,NO_BREAK_EVEN,True,BAR_CLOSE_TRAIL,8.0000
33559,2026-08-28 07:33:42.908,PIN7,PIN7,1,48,BREAK_EVEN,True,BAR_CLOSE_TRAIL,8.0000
33559,2026-08-28 07:33:42.908,PIN7,PIN7,1,48,NO_BREAK_EVEN,True,BAR_CLOSE_TRAIL,8.0000
33566,2026-08-28 07:34:31.848,EMA_BOUNCE,EMA8,1,12,BREAK_EVEN,True,BREAK_EVEN,0.0000
33566,2026-08-28 07:34:31.848,EMA_BOUNCE,EMA8,1,12,NO_BREAK_EVEN,True,BAR_CLOSE_TRAIL,0.0000
33566,2026-08-28 07:34:31.848,EMA_BOUNCE,EMA8,1,24,BREAK_EVEN,True,BREAK_EVEN,0.0000
33566,2026-08-28 07:34:31.848,EMA_BOUNCE,EMA8,1,24,NO_BREAK_EVEN,True,BAR_CLOSE_TRAIL,0.0000
33566,2026-08-28 07:34:31.848,EMA_BOUNCE,EMA8,1,48,BREAK_EVEN,True,BREAK_EVEN,0.0000
33566,2026-08-28 07:34:31.848,EMA_BOUNCE,EMA8,1,48,NO_BREAK_EVEN,True,BAR_CLOSE_TRAIL,0.0000
33568,2026-08-28 07:34:47.396,EMA_BOUNCE,EMA8,1,12,BREAK_EVEN,True,BREAK_EVEN,0.0000
33568,2026-08-28 07:34:47.396,EMA_BOUNCE,EMA8,1,12,NO_BREAK_EVEN,True,BAR_CLOSE_TRAIL,0.0000
33568,2026-08-28 07:34:47.396,EMA_BOUNCE,EMA8,1,24,BREAK_EVEN,True,BREAK_EVEN,0.0000
33568,2026-08-28 07:34:47.396,EMA_BOUNCE,EMA8,1,24,NO_BREAK_EVEN,True,BAR_CLOSE_TRAIL,0.0000
33568,2026-08-28 07:34:47.396,EMA_BOUNCE,EMA8,1,48,BREAK_EVEN,True,BREAK_EVEN,0.0000
33568,2026-08-28 07:34:47.396,EMA_BOUNCE,EMA8,1,48,NO_BREAK_EVEN,True,BAR_CLOSE_TRAIL,0.0000
33571,2026-08-28 07:35:25.568,PIN7,PIN7,1,12,BREAK_EVEN,True,BREAK_EVEN,0.0000
33571,2026-08-28 07:35:25.568,PIN7,PIN7,1,12,NO_BREAK_EVEN,True,BAR_CLOSE_TRAIL,1.0000
33571,2026-08-28 07:35:25.568,PIN7,PIN7,1,24,BREAK_EVEN,True,BREAK_EVEN,0.0000
33571,2026-08-28 07:35:25.568,PIN7,PIN7,1,24,NO_BREAK_EVEN,True,BAR_CLOSE_TRAIL,1.0000
33571,2026-08-28 07:35:25.568,PIN7,PIN7,1,48,BREAK_EVEN,True,BREAK_EVEN,0.0000
33571,2026-08-28 07:35:25.568,PIN7,PIN7,1,48,NO_BREAK_EVEN,True,BAR_CLOSE_TRAIL,1.0000
33577,2026-08-28 07:36:15.276,PIN7,PIN7,1,12,BREAK_EVEN,True,BREAK_EVEN,0.0000
33577,2026-08-28 07:36:15.276,PIN7,PIN7,1,12,NO_BREAK_EVEN,True,BAR_CLOSE_TRAIL,0.0000
33577,2026-08-28 07:36:15.276,PIN7,PIN7,1,24,BREAK_EVEN,True,BREAK_EVEN,0.0000
33577,2026-08-28 07:36:15.276,PIN7,PIN7,1,24,NO_BREAK_EVEN,True,BAR_CLOSE_TRAIL,0.0000
33577,2026-08-28 07:36:15.276,PIN7,PIN7,1,48,BREAK_EVEN,True,BREAK_EVEN,0.0000
33577,2026-08-28 07:36:15.276,PIN7,PIN7,1,48,NO_BREAK_EVEN,True,BAR_CLOSE_TRAIL,0.0000
33586,2026-08-28 07:37:43.952,EMA_BOUNCE,EMA8,1,12,BREAK_EVEN,True,BREAK_EVEN,0.0000
33586,2026-08-28 07:37:43.952,EMA_BOUNCE,EMA8,1,12,NO_BREAK_EVEN,True,BAR_CLOSE_TRAIL,5.0000
33586,2026-08-28 07:37:43.952,EMA_BOUNCE,EMA8,1,24,BREAK_EVEN,True,BREAK_EVEN,0.0000
33586,2026-08-28 07:37:43.952,EMA_BOUNCE,EMA8,1,24,NO_BREAK_EVEN,True,BAR_CLOSE_TRAIL,5.0000
33586,2026-08-28 07:37:43.952,EMA_BOUNCE,EMA8,1,48,BREAK_EVEN,True,BREAK_EVEN,0.0000
33586,2026-08-28 07:37:43.952,EMA_BOUNCE,EMA8,1,48,NO_BREAK_EVEN,True,BAR_CLOSE_TRAIL,5.0000
33589,2026-08-28 07:38:14.104,EMA_BOUNCE,EMA8,1,12,BREAK_EVEN,True,BREAK_EVEN,0.0000
33589,2026-08-28 07:38:14.104,EMA_BOUNCE,EMA8,1,12,NO_BREAK_EVEN,True,BAR_CLOSE_TRAIL,1.0000
33589,2026-08-28 07:38:14.104,EMA_BOUNCE,EMA8,1,24,BREAK_EVEN,True,BREAK_EVEN,0.0000
33589,2026-08-28 07:38:14.104,EMA_BOUNCE,EMA8,1,24,NO_BREAK_EVEN,True,BAR_CLOSE_TRAIL,1.0000
33589,2026-08-28 07:38:14.104,EMA_BOUNCE,EMA8,1,48,BREAK_EVEN,True,BREAK_EVEN,0.0000
33589,2026-08-28 07:38:14.104,EMA_BOUNCE,EMA8,1,48,NO_BREAK_EVEN,True,BAR_CLOSE_TRAIL,1.0000
33598,2026-08-28 07:40:16.532,EMA_BOUNCE,EMA24,1,12,BREAK_EVEN,True,BAR_CLOSE_TRAIL,12.0000
33598,2026-08-28 07:40:16.532,EMA_BOUNCE,EMA24,1,12,NO_BREAK_EVEN,True,BAR_CLOSE_TRAIL,12.0000
33598,2026-08-28 07:40:16.532,EMA_BOUNCE,EMA24,1,24,BREAK_EVEN,True,BAR_CLOSE_TRAIL,12.0000
33598,2026-08-28 07:40:16.532,EMA_BOUNCE,EMA24,1,24,NO_BREAK_EVEN,True,BAR_CLOSE_TRAIL,12.0000
33598,2026-08-28 07:40:16.532,EMA_BOUNCE,EMA24,1,48,BREAK_EVEN,True,BAR_CLOSE_TRAIL,12.0000
33598,2026-08-28 07:40:16.532,EMA_BOUNCE,EMA24,1,48,NO_BREAK_EVEN,True,BAR_CLOSE_TRAIL,12.0000
33610,2026-08-28 07:42:52.428,EMA_BOUNCE,EMA8,1,12,BREAK_EVEN,True,BREAK_EVEN,0.0000
33610,2026-08-28 07:42:52.428,EMA_BOUNCE,EMA8,1,12,NO_BREAK_EVEN,True,BAR_CLOSE_TRAIL,0.0000
33610,2026-08-28 07:42:52.428,EMA_BOUNCE,EMA8,1,24,BREAK_EVEN,True,BREAK_EVEN,0.0000
33610,2026-08-28 07:42:52.428,EMA_BOUNCE,EMA8,1,24,NO_BREAK_EVEN,True,BAR_CLOSE_TRAIL,0.0000
33610,2026-08-28 07:42:52.428,EMA_BOUNCE,EMA8,1,48,BREAK_EVEN,True,BREAK_EVEN,0.0000
33610,2026-08-28 07:42:52.428,EMA_BOUNCE,EMA8,1,48,NO_BREAK_EVEN,True,BAR_CLOSE_TRAIL,0.0000
33616,2026-08-28 07:43:56.116,EMA_BOUNCE,EMA8,1,12,BREAK_EVEN,True,TIME,17.0000
33616,2026-08-28 07:43:56.116,EMA_BOUNCE,EMA8,1,12,NO_BREAK_EVEN,True,TIME,17.0000
33616,2026-08-28 07:43:56.116,EMA_BOUNCE,EMA8,1,24,BREAK_EVEN,True,BAR_CLOSE_TRAIL,13.0000
33616,2026-08-28 07:43:56.116,EMA_BOUNCE,EMA8,1,24,NO_BREAK_EVEN,True,BAR_CLOSE_TRAIL,13.0000
33616,2026-08-28 07:43:56.116,EMA_BOUNCE,EMA8,1,48,BREAK_EVEN,True,BAR_CLOSE_TRAIL,13.0000
33616,2026-08-28 07:43:56.116,EMA_BOUNCE,EMA8,1,48,NO_BREAK_EVEN,True,BAR_CLOSE_TRAIL,13.0000
33620,2026-08-28 07:44:33.828,PIN_STRICT,PIN,1,12,BREAK_EVEN,True,BREAK_EVEN,0.0000
33620,2026-08-28 07:44:33.828,PIN_STRICT,PIN,1,12,NO_BREAK_EVEN,True,BAR_CLOSE_TRAIL,0.0000
33620,2026-08-28 07:44:33.828,PIN_STRICT,PIN,1,24,BREAK_EVEN,True,BREAK_EVEN,0.0000
33620,2026-08-28 07:44:33.828,PIN_STRICT,PIN,1,24,NO_BREAK_EVEN,True,BAR_CLOSE_TRAIL,0.0000
33620,2026-08-28 07:44:33.828,PIN_STRICT,PIN,1,48,BREAK_EVEN,True,BREAK_EVEN,0.0000
33620,2026-08-28 07:44:33.828,PIN_STRICT,PIN,1,48,NO_BREAK_EVEN,True,BAR_CLOSE_TRAIL,0.0000
33621,2026-08-28 07:44:42.492,PIN_STRICT,PIN,1,12,BREAK_EVEN,False,HARD_STOP,-10.0000
33621,2026-08-28 07:44:42.492,PIN_STRICT,PIN,1,12,NO_BREAK_EVEN,False,HARD_STOP,-10.0000
33621,2026-08-28 07:44:42.492,PIN_STRICT,PIN,1,24,BREAK_EVEN,False,HARD_STOP,-10.0000
33621,2026-08-28 07:44:42.492,PIN_STRICT,PIN,1,24,NO_BREAK_EVEN,False,HARD_STOP,-10.0000
33621,2026-08-28 07:44:42.492,PIN_STRICT,PIN,1,48,BREAK_EVEN,False,HARD_STOP,-10.0000
33621,2026-08-28 07:44:42.492,PIN_STRICT,PIN,1,48,NO_BREAK_EVEN,False,HARD_STOP,-10.0000
33627,2026-08-28 07:45:29.024,EMA_BOUNCE,EMA8,1,12,BREAK_EVEN,False,HARD_STOP,-10.0000
33627,2026-08-28 07:45:29.024,EMA_BOUNCE,EMA8,1,12,NO_BREAK_EVEN,False,HARD_STOP,-10.0000
33627,2026-08-28 07:45:29.024,EMA_BOUNCE,EMA8,1,24,BREAK_EVEN,False,HARD_STOP,-10.0000
33627,2026-08-28 07:45:29.024,EMA_BOUNCE,EMA8,1,24,NO_BREAK_EVEN,False,HARD_STOP,-10.0000
33627,2026-08-28 07:45:29.024,EMA_BOUNCE,EMA8,1,48,BREAK_EVEN,False,HARD_STOP,-10.0000
33627,2026-08-28 07:45:29.024,EMA_BOUNCE,EMA8,1,48,NO_BREAK_EVEN,False,HARD_STOP,-10.0000
33631,2026-08-28 07:46:09.628,EMA_BOUNCE,EMA24,1,12,BREAK_EVEN,True,BAR_CLOSE_TRAIL,8.0000
33631,2026-08-28 07:46:09.628,EMA_BOUNCE,EMA24,1,12,NO_BREAK_EVEN,True,BAR_CLOSE_TRAIL,8.0000
33631,2026-08-28 07:46:09.628,EMA_BOUNCE,EMA24,1,24,BREAK_EVEN,True,BAR_CLOSE_TRAIL,8.0000
33631,2026-08-28 07:46:09.628,EMA_BOUNCE,EMA24,1,24,NO_BREAK_EVEN,True,BAR_CLOSE_TRAIL,8.0000
33631,2026-08-28 07:46:09.628,EMA_BOUNCE,EMA24,1,48,BREAK_EVEN,True,BAR_CLOSE_TRAIL,8.0000
33631,2026-08-28 07:46:09.628,EMA_BOUNCE,EMA24,1,48,NO_BREAK_EVEN,True,BAR_CLOSE_TRAIL,8.0000
33637,2026-08-28 07:47:08.924,EMA_BOUNCE,EMA8,1,12,BREAK_EVEN,True,BREAK_EVEN,0.0000
33637,2026-08-28 07:47:08.924,EMA_BOUNCE,EMA8,1,12,NO_BREAK_EVEN,True,BAR_CLOSE_TRAIL,-3.0000
33637,2026-08-28 07:47:08.924,EMA_BOUNCE,EMA8,1,24,BREAK_EVEN,True,BREAK_EVEN,0.0000
33637,2026-08-28 07:47:08.924,EMA_BOUNCE,EMA8,1,24,NO_BREAK_EVEN,True,BAR_CLOSE_TRAIL,-3.0000
33637,2026-08-28 07:47:08.924,EMA_BOUNCE,EMA8,1,48,BREAK_EVEN,True,BREAK_EVEN,0.0000
33637,2026-08-28 07:47:08.924,EMA_BOUNCE,EMA8,1,48,NO_BREAK_EVEN,True,BAR_CLOSE_TRAIL,-3.0000
33647,2026-08-28 07:50:20.836,PIN7,PIN7,1,12,BREAK_EVEN,True,BREAK_EVEN,0.0000
33647,2026-08-28 07:50:20.836,PIN7,PIN7,1,12,NO_BREAK_EVEN,True,BAR_CLOSE_TRAIL,1.0000
33647,2026-08-28 07:50:20.836,PIN7,PIN7,1,24,BREAK_EVEN,True,BREAK_EVEN,0.0000
33647,2026-08-28 07:50:20.836,PIN7,PIN7,1,24,NO_BREAK_EVEN,True,BAR_CLOSE_TRAIL,1.0000
33647,2026-08-28 07:50:20.836,PIN7,PIN7,1,48,BREAK_EVEN,True,BREAK_EVEN,0.0000
33647,2026-08-28 07:50:20.836,PIN7,PIN7,1,48,NO_BREAK_EVEN,True,BAR_CLOSE_TRAIL,1.0000
33648,2026-08-28 07:50:25.360,PIN7,PIN7,1,12,BREAK_EVEN,True,BREAK_EVEN,0.0000
33648,2026-08-28 07:50:25.360,PIN7,PIN7,1,12,NO_BREAK_EVEN,True,BAR_CLOSE_TRAIL,0.0000
33648,2026-08-28 07:50:25.360,PIN7,PIN7,1,24,BREAK_EVEN,True,BREAK_EVEN,0.0000
33648,2026-08-28 07:50:25.360,PIN7,PIN7,1,24,NO_BREAK_EVEN,True,BAR_CLOSE_TRAIL,0.0000
33648,2026-08-28 07:50:25.360,PIN7,PIN7,1,48,BREAK_EVEN,True,BREAK_EVEN,0.0000
33648,2026-08-28 07:50:25.360,PIN7,PIN7,1,48,NO_BREAK_EVEN,True,BAR_CLOSE_TRAIL,0.0000
33652,2026-08-28 07:51:32.292,EMA_BOUNCE,EMA8,1,12,BREAK_EVEN,True,BREAK_EVEN,0.0000
33652,2026-08-28 07:51:32.292,EMA_BOUNCE,EMA8,1,12,NO_BREAK_EVEN,True,BAR_CLOSE_TRAIL,0.0000
33652,2026-08-28 07:51:32.292,EMA_BOUNCE,EMA8,1,24,BREAK_EVEN,True,BREAK_EVEN,0.0000
33652,2026-08-28 07:51:32.292,EMA_BOUNCE,EMA8,1,24,NO_BREAK_EVEN,True,BAR_CLOSE_TRAIL,0.0000
33652,2026-08-28 07:51:32.292,EMA_BOUNCE,EMA8,1,48,BREAK_EVEN,True,BREAK_EVEN,0.0000
33652,2026-08-28 07:51:32.292,EMA_BOUNCE,EMA8,1,48,NO_BREAK_EVEN,True,BAR_CLOSE_TRAIL,0.0000
33657,2026-08-28 07:52:30.424,EMA_BOUNCE,EMA8,1,12,BREAK_EVEN,True,BREAK_EVEN,0.0000
33657,2026-08-28 07:52:30.424,EMA_BOUNCE,EMA8,1,12,NO_BREAK_EVEN,True,BAR_CLOSE_TRAIL,0.0000
33657,2026-08-28 07:52:30.424,EMA_BOUNCE,EMA8,1,24,BREAK_EVEN,True,BREAK_EVEN,0.0000
33657,2026-08-28 07:52:30.424,EMA_BOUNCE,EMA8,1,24,NO_BREAK_EVEN,True,BAR_CLOSE_TRAIL,0.0000
33657,2026-08-28 07:52:30.424,EMA_BOUNCE,EMA8,1,48,BREAK_EVEN,True,BREAK_EVEN,0.0000
33657,2026-08-28 07:52:30.424,EMA_BOUNCE,EMA8,1,48,NO_BREAK_EVEN,True,BAR_CLOSE_TRAIL,0.0000
33659,2026-08-28 07:53:01.616,PIN7,PIN7,1,12,BREAK_EVEN,True,BAR_CLOSE_TRAIL,11.0000
33659,2026-08-28 07:53:01.616,PIN7,PIN7,1,12,NO_BREAK_EVEN,True,BAR_CLOSE_TRAIL,11.0000
33659,2026-08-28 07:53:01.616,PIN7,PIN7,1,24,BREAK_EVEN,True,BAR_CLOSE_TRAIL,11.0000
33659,2026-08-28 07:53:01.616,PIN7,PIN7,1,24,NO_BREAK_EVEN,True,BAR_CLOSE_TRAIL,11.0000
33659,2026-08-28 07:53:01.616,PIN7,PIN7,1,48,BREAK_EVEN,True,BAR_CLOSE_TRAIL,11.0000
33659,2026-08-28 07:53:01.616,PIN7,PIN7,1,48,NO_BREAK_EVEN,True,BAR_CLOSE_TRAIL,11.0000
33661,2026-08-28 07:53:12.428,EMA_BOUNCE,EMA8,1,12,BREAK_EVEN,True,BAR_CLOSE_TRAIL,12.0000
33661,2026-08-28 07:53:12.428,EMA_BOUNCE,EMA8,1,12,NO_BREAK_EVEN,True,BAR_CLOSE_TRAIL,12.0000
33661,2026-08-28 07:53:12.428,EMA_BOUNCE,EMA8,1,24,BREAK_EVEN,True,BAR_CLOSE_TRAIL,12.0000
33661,2026-08-28 07:53:12.428,EMA_BOUNCE,EMA8,1,24,NO_BREAK_EVEN,True,BAR_CLOSE_TRAIL,12.0000
33661,2026-08-28 07:53:12.428,EMA_BOUNCE,EMA8,1,48,BREAK_EVEN,True,BAR_CLOSE_TRAIL,12.0000
33661,2026-08-28 07:53:12.428,EMA_BOUNCE,EMA8,1,48,NO_BREAK_EVEN,True,BAR_CLOSE_TRAIL,12.0000
33665,2026-08-28 07:54:02.320,PIN_STRICT,PIN,1,12,BREAK_EVEN,True,TIME,11.0000
33665,2026-08-28 07:54:02.320,PIN_STRICT,PIN,1,12,NO_BREAK_EVEN,True,TIME,11.0000
33665,2026-08-28 07:54:02.320,PIN_STRICT,PIN,1,24,BREAK_EVEN,True,BAR_CLOSE_TRAIL,18.0000
33665,2026-08-28 07:54:02.320,PIN_STRICT,PIN,1,24,NO_BREAK_EVEN,True,BAR_CLOSE_TRAIL,18.0000
33665,2026-08-28 07:54:02.320,PIN_STRICT,PIN,1,48,BREAK_EVEN,True,BAR_CLOSE_TRAIL,18.0000
33665,2026-08-28 07:54:02.320,PIN_STRICT,PIN,1,48,NO_BREAK_EVEN,True,BAR_CLOSE_TRAIL,18.0000
33670,2026-08-28 07:55:47.512,EMA_BOUNCE,EMA8,1,12,BREAK_EVEN,True,TIME,20.0000
33670,2026-08-28 07:55:47.512,EMA_BOUNCE,EMA8,1,12,NO_BREAK_EVEN,True,TIME,20.0000
33670,2026-08-28 07:55:47.512,EMA_BOUNCE,EMA8,1,24,BREAK_EVEN,True,BAR_CLOSE_TRAIL,19.0000
33670,2026-08-28 07:55:47.512,EMA_BOUNCE,EMA8,1,24,NO_BREAK_EVEN,True,BAR_CLOSE_TRAIL,19.0000
33670,2026-08-28 07:55:47.512,EMA_BOUNCE,EMA8,1,48,BREAK_EVEN,True,BAR_CLOSE_TRAIL,19.0000
33670,2026-08-28 07:55:47.512,EMA_BOUNCE,EMA8,1,48,NO_BREAK_EVEN,True,BAR_CLOSE_TRAIL,19.0000
33672,2026-08-28 07:56:25.168,PIN7,PIN7,1,12,BREAK_EVEN,True,BREAK_EVEN,0.0000
33672,2026-08-28 07:56:25.168,PIN7,PIN7,1,12,NO_BREAK_EVEN,True,TIME,15.0000
33672,2026-08-28 07:56:25.168,PIN7,PIN7,1,24,BREAK_EVEN,True,BREAK_EVEN,0.0000
33672,2026-08-28 07:56:25.168,PIN7,PIN7,1,24,NO_BREAK_EVEN,True,BAR_CLOSE_TRAIL,11.0000
33672,2026-08-28 07:56:25.168,PIN7,PIN7,1,48,BREAK_EVEN,True,BREAK_EVEN,0.0000
33672,2026-08-28 07:56:25.168,PIN7,PIN7,1,48,NO_BREAK_EVEN,True,BAR_CLOSE_TRAIL,11.0000
33676,2026-08-28 07:57:37.104,EMA_BOUNCE,EMA8,1,12,BREAK_EVEN,True,BREAK_EVEN,0.0000
33676,2026-08-28 07:57:37.104,EMA_BOUNCE,EMA8,1,12,NO_BREAK_EVEN,True,BAR_CLOSE_TRAIL,10.0000
33676,2026-08-28 07:57:37.104,EMA_BOUNCE,EMA8,1,24,BREAK_EVEN,True,BREAK_EVEN,0.0000
33676,2026-08-28 07:57:37.104,EMA_BOUNCE,EMA8,1,24,NO_BREAK_EVEN,True,BAR_CLOSE_TRAIL,10.0000
33676,2026-08-28 07:57:37.104,EMA_BOUNCE,EMA8,1,48,BREAK_EVEN,True,BREAK_EVEN,0.0000
33676,2026-08-28 07:57:37.104,EMA_BOUNCE,EMA8,1,48,NO_BREAK_EVEN,True,BAR_CLOSE_TRAIL,10.0000
33678,2026-08-28 07:59:12.924,PIN7,PIN7,1,12,BREAK_EVEN,True,BREAK_EVEN,0.0000
33678,2026-08-28 07:59:12.924,PIN7,PIN7,1,12,NO_BREAK_EVEN,True,BAR_CLOSE_TRAIL,0.0000
33678,2026-08-28 07:59:12.924,PIN7,PIN7,1,24,BREAK_EVEN,True,BREAK_EVEN,0.0000
33678,2026-08-28 07:59:12.924,PIN7,PIN7,1,24,NO_BREAK_EVEN,True,BAR_CLOSE_TRAIL,0.0000
33678,2026-08-28 07:59:12.924,PIN7,PIN7,1,48,BREAK_EVEN,True,BREAK_EVEN,0.0000
33678,2026-08-28 07:59:12.924,PIN7,PIN7,1,48,NO_BREAK_EVEN,True,BAR_CLOSE_TRAIL,0.0000
34528,2026-08-28 11:01:55.176,EMA_BOUNCE,EMA50,1,12,BREAK_EVEN,True,BAR_CLOSE_TRAIL,5.0000
34528,2026-08-28 11:01:55.176,EMA_BOUNCE,EMA50,1,12,NO_BREAK_EVEN,True,BAR_CLOSE_TRAIL,5.0000
34528,2026-08-28 11:01:55.176,EMA_BOUNCE,EMA50,1,24,BREAK_EVEN,True,BAR_CLOSE_TRAIL,5.0000
34528,2026-08-28 11:01:55.176,EMA_BOUNCE,EMA50,1,24,NO_BREAK_EVEN,True,BAR_CLOSE_TRAIL,5.0000
34528,2026-08-28 11:01:55.176,EMA_BOUNCE,EMA50,1,48,BREAK_EVEN,True,BAR_CLOSE_TRAIL,5.0000
34528,2026-08-28 11:01:55.176,EMA_BOUNCE,EMA50,1,48,NO_BREAK_EVEN,True,BAR_CLOSE_TRAIL,5.0000
34537,2026-08-28 11:05:06.168,EMA_BOUNCE,EMA24,1,12,BREAK_EVEN,True,BREAK_EVEN,0.0000
34537,2026-08-28 11:05:06.168,EMA_BOUNCE,EMA24,1,12,NO_BREAK_EVEN,True,BAR_CLOSE_TRAIL,-1.0000
34537,2026-08-28 11:05:06.168,EMA_BOUNCE,EMA24,1,24,BREAK_EVEN,True,BREAK_EVEN,0.0000
34537,2026-08-28 11:05:06.168,EMA_BOUNCE,EMA24,1,24,NO_BREAK_EVEN,True,BAR_CLOSE_TRAIL,-1.0000
34537,2026-08-28 11:05:06.168,EMA_BOUNCE,EMA24,1,48,BREAK_EVEN,True,BREAK_EVEN,0.0000
34537,2026-08-28 11:05:06.168,EMA_BOUNCE,EMA24,1,48,NO_BREAK_EVEN,True,BAR_CLOSE_TRAIL,-1.0000
34543,2026-08-28 11:07:14.452,EMA_BOUNCE,EMA50,1,12,BREAK_EVEN,True,BREAK_EVEN,0.0000
34543,2026-08-28 11:07:14.452,EMA_BOUNCE,EMA50,1,12,NO_BREAK_EVEN,True,BAR_CLOSE_TRAIL,0.0000
34543,2026-08-28 11:07:14.452,EMA_BOUNCE,EMA50,1,24,BREAK_EVEN,True,BREAK_EVEN,0.0000
34543,2026-08-28 11:07:14.452,EMA_BOUNCE,EMA50,1,24,NO_BREAK_EVEN,True,BAR_CLOSE_TRAIL,0.0000
34543,2026-08-28 11:07:14.452,EMA_BOUNCE,EMA50,1,48,BREAK_EVEN,True,BREAK_EVEN,0.0000
34543,2026-08-28 11:07:14.452,EMA_BOUNCE,EMA50,1,48,NO_BREAK_EVEN,True,BAR_CLOSE_TRAIL,0.0000
34597,2026-08-28 11:29:21.288,EMA_BOUNCE,EMA50,-1,12,BREAK_EVEN,True,BREAK_EVEN,0.0000
34597,2026-08-28 11:29:21.288,EMA_BOUNCE,EMA50,-1,12,NO_BREAK_EVEN,True,BAR_CLOSE_TRAIL,-4.0000
34597,2026-08-28 11:29:21.288,EMA_BOUNCE,EMA50,-1,24,BREAK_EVEN,True,BREAK_EVEN,0.0000
34597,2026-08-28 11:29:21.288,EMA_BOUNCE,EMA50,-1,24,NO_BREAK_EVEN,True,BAR_CLOSE_TRAIL,-4.0000
34597,2026-08-28 11:29:21.288,EMA_BOUNCE,EMA50,-1,48,BREAK_EVEN,True,BREAK_EVEN,0.0000
34597,2026-08-28 11:29:21.288,EMA_BOUNCE,EMA50,-1,48,NO_BREAK_EVEN,True,BAR_CLOSE_TRAIL,-4.0000
34607,2026-08-28 11:32:42.864,EMA_BOUNCE,EMA50,-1,12,BREAK_EVEN,False,HARD_STOP,-10.0000
34607,2026-08-28 11:32:42.864,EMA_BOUNCE,EMA50,-1,12,NO_BREAK_EVEN,False,HARD_STOP,-10.0000
34607,2026-08-28 11:32:42.864,EMA_BOUNCE,EMA50,-1,24,BREAK_EVEN,False,HARD_STOP,-10.0000
34607,2026-08-28 11:32:42.864,EMA_BOUNCE,EMA50,-1,24,NO_BREAK_EVEN,False,HARD_STOP,-10.0000
34607,2026-08-28 11:32:42.864,EMA_BOUNCE,EMA50,-1,48,BREAK_EVEN,False,HARD_STOP,-10.0000
34607,2026-08-28 11:32:42.864,EMA_BOUNCE,EMA50,-1,48,NO_BREAK_EVEN,False,HARD_STOP,-10.0000
34643,2026-08-28 11:51:04.068,PIN_STRICT,PIN,-1,12,BREAK_EVEN,True,BREAK_EVEN,0.0000
34643,2026-08-28 11:51:04.068,PIN_STRICT,PIN,-1,12,NO_BREAK_EVEN,True,BAR_CLOSE_TRAIL,-0.0000
34643,2026-08-28 11:51:04.068,PIN_STRICT,PIN,-1,24,BREAK_EVEN,True,BREAK_EVEN,0.0000
34643,2026-08-28 11:51:04.068,PIN_STRICT,PIN,-1,24,NO_BREAK_EVEN,True,BAR_CLOSE_TRAIL,-0.0000
34643,2026-08-28 11:51:04.068,PIN_STRICT,PIN,-1,48,BREAK_EVEN,True,BREAK_EVEN,0.0000
34643,2026-08-28 11:51:04.068,PIN_STRICT,PIN,-1,48,NO_BREAK_EVEN,True,BAR_CLOSE_TRAIL,-0.0000
34661,2026-08-28 11:59:46.716,EMA_BOUNCE,EMA50,-1,12,BREAK_EVEN,True,BREAK_EVEN,0.0000
34661,2026-08-28 11:59:46.716,EMA_BOUNCE,EMA50,-1,12,NO_BREAK_EVEN,True,BAR_CLOSE_TRAIL,-0.0000
34661,2026-08-28 11:59:46.716,EMA_BOUNCE,EMA50,-1,24,BREAK_EVEN,True,BREAK_EVEN,0.0000
34661,2026-08-28 11:59:46.716,EMA_BOUNCE,EMA50,-1,24,NO_BREAK_EVEN,True,BAR_CLOSE_TRAIL,-0.0000
34661,2026-08-28 11:59:46.716,EMA_BOUNCE,EMA50,-1,48,BREAK_EVEN,True,BREAK_EVEN,0.0000
34661,2026-08-28 11:59:46.716,EMA_BOUNCE,EMA50,-1,48,NO_BREAK_EVEN,True,BAR_CLOSE_TRAIL,-0.0000
34688,2026-08-28 12:12:51.752,EMA_BOUNCE,EMA8,1,12,BREAK_EVEN,True,TIME,4.0000
34688,2026-08-28 12:12:51.752,EMA_BOUNCE,EMA8,1,12,NO_BREAK_EVEN,True,TIME,4.0000
34688,2026-08-28 12:12:51.752,EMA_BOUNCE,EMA8,1,24,BREAK_EVEN,True,BAR_CLOSE_TRAIL,5.0000
34688,2026-08-28 12:12:51.752,EMA_BOUNCE,EMA8,1,24,NO_BREAK_EVEN,True,BAR_CLOSE_TRAIL,5.0000
34688,2026-08-28 12:12:51.752,EMA_BOUNCE,EMA8,1,48,BREAK_EVEN,True,BAR_CLOSE_TRAIL,5.0000
34688,2026-08-28 12:12:51.752,EMA_BOUNCE,EMA8,1,48,NO_BREAK_EVEN,True,BAR_CLOSE_TRAIL,5.0000
34691,2026-08-28 12:14:26.916,EMA_BOUNCE,EMA24,1,12,BREAK_EVEN,True,BREAK_EVEN,0.0000
34691,2026-08-28 12:14:26.916,EMA_BOUNCE,EMA24,1,12,NO_BREAK_EVEN,True,BAR_CLOSE_TRAIL,0.0000
34691,2026-08-28 12:14:26.916,EMA_BOUNCE,EMA24,1,24,BREAK_EVEN,True,BREAK_EVEN,0.0000
34691,2026-08-28 12:14:26.916,EMA_BOUNCE,EMA24,1,24,NO_BREAK_EVEN,True,BAR_CLOSE_TRAIL,0.0000
34691,2026-08-28 12:14:26.916,EMA_BOUNCE,EMA24,1,48,BREAK_EVEN,True,BREAK_EVEN,0.0000
34691,2026-08-28 12:14:26.916,EMA_BOUNCE,EMA24,1,48,NO_BREAK_EVEN,True,BAR_CLOSE_TRAIL,0.0000
34704,2026-08-28 12:22:03.272,EMA_BOUNCE,EMA8,1,12,BREAK_EVEN,False,HARD_STOP,-10.0000
34704,2026-08-28 12:22:03.272,EMA_BOUNCE,EMA8,1,12,NO_BREAK_EVEN,False,HARD_STOP,-10.0000
34704,2026-08-28 12:22:03.272,EMA_BOUNCE,EMA8,1,24,BREAK_EVEN,False,HARD_STOP,-10.0000
34704,2026-08-28 12:22:03.272,EMA_BOUNCE,EMA8,1,24,NO_BREAK_EVEN,False,HARD_STOP,-10.0000
34704,2026-08-28 12:22:03.272,EMA_BOUNCE,EMA8,1,48,BREAK_EVEN,False,HARD_STOP,-10.0000
34704,2026-08-28 12:22:03.272,EMA_BOUNCE,EMA8,1,48,NO_BREAK_EVEN,False,HARD_STOP,-10.0000
34709,2026-08-28 12:25:16.408,EMA_BOUNCE,EMA24,1,12,BREAK_EVEN,True,BREAK_EVEN,0.0000
34709,2026-08-28 12:25:16.408,EMA_BOUNCE,EMA24,1,12,NO_BREAK_EVEN,True,BAR_CLOSE_TRAIL,0.0000
34709,2026-08-28 12:25:16.408,EMA_BOUNCE,EMA24,1,24,BREAK_EVEN,True,BREAK_EVEN,0.0000
34709,2026-08-28 12:25:16.408,EMA_BOUNCE,EMA24,1,24,NO_BREAK_EVEN,True,BAR_CLOSE_TRAIL,0.0000
34709,2026-08-28 12:25:16.408,EMA_BOUNCE,EMA24,1,48,BREAK_EVEN,True,BREAK_EVEN,0.0000
34709,2026-08-28 12:25:16.408,EMA_BOUNCE,EMA24,1,48,NO_BREAK_EVEN,True,BAR_CLOSE_TRAIL,0.0000
34732,2026-08-28 12:39:40.992,PIN7,PIN7,1,12,BREAK_EVEN,True,BAR_CLOSE_TRAIL,4.0000
34732,2026-08-28 12:39:40.992,PIN7,PIN7,1,12,NO_BREAK_EVEN,True,BAR_CLOSE_TRAIL,4.0000
34732,2026-08-28 12:39:40.992,PIN7,PIN7,1,24,BREAK_EVEN,True,BAR_CLOSE_TRAIL,4.0000
34732,2026-08-28 12:39:40.992,PIN7,PIN7,1,24,NO_BREAK_EVEN,True,BAR_CLOSE_TRAIL,4.0000
34732,2026-08-28 12:39:40.992,PIN7,PIN7,1,48,BREAK_EVEN,True,BAR_CLOSE_TRAIL,4.0000
34732,2026-08-28 12:39:40.992,PIN7,PIN7,1,48,NO_BREAK_EVEN,True,BAR_CLOSE_TRAIL,4.0000
34759,2026-08-28 12:50:25.512,EMA_BOUNCE,EMA8,1,12,BREAK_EVEN,False,HARD_STOP,-10.0000
34759,2026-08-28 12:50:25.512,EMA_BOUNCE,EMA8,1,12,NO_BREAK_EVEN,False,HARD_STOP,-10.0000
34759,2026-08-28 12:50:25.512,EMA_BOUNCE,EMA8,1,24,BREAK_EVEN,False,HARD_STOP,-10.0000
34759,2026-08-28 12:50:25.512,EMA_BOUNCE,EMA8,1,24,NO_BREAK_EVEN,False,HARD_STOP,-10.0000
34759,2026-08-28 12:50:25.512,EMA_BOUNCE,EMA8,1,48,BREAK_EVEN,False,HARD_STOP,-10.0000
34759,2026-08-28 12:50:25.512,EMA_BOUNCE,EMA8,1,48,NO_BREAK_EVEN,False,HARD_STOP,-10.0000
34785,2026-08-28 12:56:40.660,PIN7,PIN7,1,12,BREAK_EVEN,True,BREAK_EVEN,0.0000
34785,2026-08-28 12:56:40.660,PIN7,PIN7,1,12,NO_BREAK_EVEN,True,BAR_CLOSE_TRAIL,0.0000
34785,2026-08-28 12:56:40.660,PIN7,PIN7,1,24,BREAK_EVEN,True,BREAK_EVEN,0.0000
34785,2026-08-28 12:56:40.660,PIN7,PIN7,1,24,NO_BREAK_EVEN,True,BAR_CLOSE_TRAIL,0.0000
34785,2026-08-28 12:56:40.660,PIN7,PIN7,1,48,BREAK_EVEN,True,BREAK_EVEN,0.0000
34785,2026-08-28 12:56:40.660,PIN7,PIN7,1,48,NO_BREAK_EVEN,True,BAR_CLOSE_TRAIL,0.0000
34786,2026-08-28 12:57:14.780,PIN7,PIN7,1,12,BREAK_EVEN,False,HARD_STOP,-10.0000
34786,2026-08-28 12:57:14.780,PIN7,PIN7,1,12,NO_BREAK_EVEN,False,HARD_STOP,-10.0000
34786,2026-08-28 12:57:14.780,PIN7,PIN7,1,24,BREAK_EVEN,False,HARD_STOP,-10.0000
34786,2026-08-28 12:57:14.780,PIN7,PIN7,1,24,NO_BREAK_EVEN,False,HARD_STOP,-10.0000
34786,2026-08-28 12:57:14.780,PIN7,PIN7,1,48,BREAK_EVEN,False,HARD_STOP,-10.0000
34786,2026-08-28 12:57:14.780,PIN7,PIN7,1,48,NO_BREAK_EVEN,False,HARD_STOP,-10.0000
34813,2026-08-28 12:59:58.116,EMA_BOUNCE,EMA8,-1,12,BREAK_EVEN,False,HARD_STOP,-10.0000
34813,2026-08-28 12:59:58.116,EMA_BOUNCE,EMA8,-1,12,NO_BREAK_EVEN,False,HARD_STOP,-10.0000
34813,2026-08-28 12:59:58.116,EMA_BOUNCE,EMA8,-1,24,BREAK_EVEN,False,HARD_STOP,-10.0000
34813,2026-08-28 12:59:58.116,EMA_BOUNCE,EMA8,-1,24,NO_BREAK_EVEN,False,HARD_STOP,-10.0000
34813,2026-08-28 12:59:58.116,EMA_BOUNCE,EMA8,-1,48,BREAK_EVEN,False,HARD_STOP,-10.0000
34813,2026-08-28 12:59:58.116,EMA_BOUNCE,EMA8,-1,48,NO_BREAK_EVEN,False,HARD_STOP,-10.0000
35869,2026-08-31 06:31:36.588,EMA_BOUNCE,EMA50,1,12,BREAK_EVEN,True,BREAK_EVEN,0.0000
35869,2026-08-31 06:31:36.588,EMA_BOUNCE,EMA50,1,12,NO_BREAK_EVEN,True,BAR_CLOSE_TRAIL,0.0000
35869,2026-08-31 06:31:36.588,EMA_BOUNCE,EMA50,1,24,BREAK_EVEN,True,BREAK_EVEN,0.0000
35869,2026-08-31 06:31:36.588,EMA_BOUNCE,EMA50,1,24,NO_BREAK_EVEN,True,BAR_CLOSE_TRAIL,0.0000
35869,2026-08-31 06:31:36.588,EMA_BOUNCE,EMA50,1,48,BREAK_EVEN,True,BREAK_EVEN,0.0000
35869,2026-08-31 06:31:36.588,EMA_BOUNCE,EMA50,1,48,NO_BREAK_EVEN,True,BAR_CLOSE_TRAIL,0.0000
35892,2026-08-31 06:33:26.868,PIN_STRICT,PIN,-1,12,BREAK_EVEN,True,BREAK_EVEN,0.0000
35892,2026-08-31 06:33:26.868,PIN_STRICT,PIN,-1,12,NO_BREAK_EVEN,True,BAR_CLOSE_TRAIL,-3.0000
35892,2026-08-31 06:33:26.868,PIN_STRICT,PIN,-1,24,BREAK_EVEN,True,BREAK_EVEN,0.0000
35892,2026-08-31 06:33:26.868,PIN_STRICT,PIN,-1,24,NO_BREAK_EVEN,True,BAR_CLOSE_TRAIL,-3.0000
35892,2026-08-31 06:33:26.868,PIN_STRICT,PIN,-1,48,BREAK_EVEN,True,BREAK_EVEN,0.0000
35892,2026-08-31 06:33:26.868,PIN_STRICT,PIN,-1,48,NO_BREAK_EVEN,True,BAR_CLOSE_TRAIL,-3.0000
35893,2026-08-31 06:33:30.488,PIN7,PIN7,-1,12,BREAK_EVEN,False,HARD_STOP,-10.0000
35893,2026-08-31 06:33:30.488,PIN7,PIN7,-1,12,NO_BREAK_EVEN,False,HARD_STOP,-10.0000
35893,2026-08-31 06:33:30.488,PIN7,PIN7,-1,24,BREAK_EVEN,False,HARD_STOP,-10.0000
35893,2026-08-31 06:33:30.488,PIN7,PIN7,-1,24,NO_BREAK_EVEN,False,HARD_STOP,-10.0000
35893,2026-08-31 06:33:30.488,PIN7,PIN7,-1,48,BREAK_EVEN,False,HARD_STOP,-10.0000
35893,2026-08-31 06:33:30.488,PIN7,PIN7,-1,48,NO_BREAK_EVEN,False,HARD_STOP,-10.0000
35902,2026-08-31 06:34:25.472,EMA_BOUNCE,EMA8,-1,12,BREAK_EVEN,True,BREAK_EVEN,0.0000
35902,2026-08-31 06:34:25.472,EMA_BOUNCE,EMA8,-1,12,NO_BREAK_EVEN,True,BAR_CLOSE_TRAIL,18.0000
35902,2026-08-31 06:34:25.472,EMA_BOUNCE,EMA8,-1,24,BREAK_EVEN,True,BREAK_EVEN,0.0000
35902,2026-08-31 06:34:25.472,EMA_BOUNCE,EMA8,-1,24,NO_BREAK_EVEN,True,BAR_CLOSE_TRAIL,18.0000
35902,2026-08-31 06:34:25.472,EMA_BOUNCE,EMA8,-1,48,BREAK_EVEN,True,BREAK_EVEN,0.0000
35902,2026-08-31 06:34:25.472,EMA_BOUNCE,EMA8,-1,48,NO_BREAK_EVEN,True,BAR_CLOSE_TRAIL,18.0000
35905,2026-08-31 06:34:56.056,EMA_BOUNCE,EMA8,-1,12,BREAK_EVEN,True,BAR_CLOSE_TRAIL,15.0000
35905,2026-08-31 06:34:56.056,EMA_BOUNCE,EMA8,-1,12,NO_BREAK_EVEN,True,BAR_CLOSE_TRAIL,15.0000
35905,2026-08-31 06:34:56.056,EMA_BOUNCE,EMA8,-1,24,BREAK_EVEN,True,BAR_CLOSE_TRAIL,15.0000
35905,2026-08-31 06:34:56.056,EMA_BOUNCE,EMA8,-1,24,NO_BREAK_EVEN,True,BAR_CLOSE_TRAIL,15.0000
35905,2026-08-31 06:34:56.056,EMA_BOUNCE,EMA8,-1,48,BREAK_EVEN,True,BAR_CLOSE_TRAIL,15.0000
35905,2026-08-31 06:34:56.056,EMA_BOUNCE,EMA8,-1,48,NO_BREAK_EVEN,True,BAR_CLOSE_TRAIL,15.0000
35930,2026-08-31 06:37:30.532,EMA_BOUNCE,EMA50,-1,12,BREAK_EVEN,True,BREAK_EVEN,0.0000
35930,2026-08-31 06:37:30.532,EMA_BOUNCE,EMA50,-1,12,NO_BREAK_EVEN,True,BAR_CLOSE_TRAIL,-1.0000
35930,2026-08-31 06:37:30.532,EMA_BOUNCE,EMA50,-1,24,BREAK_EVEN,True,BREAK_EVEN,0.0000
35930,2026-08-31 06:37:30.532,EMA_BOUNCE,EMA50,-1,24,NO_BREAK_EVEN,True,BAR_CLOSE_TRAIL,-1.0000
35930,2026-08-31 06:37:30.532,EMA_BOUNCE,EMA50,-1,48,BREAK_EVEN,True,BREAK_EVEN,0.0000
35930,2026-08-31 06:37:30.532,EMA_BOUNCE,EMA50,-1,48,NO_BREAK_EVEN,True,BAR_CLOSE_TRAIL,-1.0000
35979,2026-08-31 06:43:55.208,EMA_BOUNCE,EMA8,-1,12,BREAK_EVEN,True,BREAK_EVEN,0.0000
35979,2026-08-31 06:43:55.208,EMA_BOUNCE,EMA8,-1,12,NO_BREAK_EVEN,True,BAR_CLOSE_TRAIL,-1.0000
35979,2026-08-31 06:43:55.208,EMA_BOUNCE,EMA8,-1,24,BREAK_EVEN,True,BREAK_EVEN,0.0000
35979,2026-08-31 06:43:55.208,EMA_BOUNCE,EMA8,-1,24,NO_BREAK_EVEN,True,BAR_CLOSE_TRAIL,-1.0000
35979,2026-08-31 06:43:55.208,EMA_BOUNCE,EMA8,-1,48,BREAK_EVEN,True,BREAK_EVEN,0.0000
35979,2026-08-31 06:43:55.208,EMA_BOUNCE,EMA8,-1,48,NO_BREAK_EVEN,True,BAR_CLOSE_TRAIL,-1.0000
36124,2026-08-31 07:05:58.588,EMA_BOUNCE,EMA50,-1,12,BREAK_EVEN,True,BAR_CLOSE_TRAIL,13.0000
36124,2026-08-31 07:05:58.588,EMA_BOUNCE,EMA50,-1,12,NO_BREAK_EVEN,True,BAR_CLOSE_TRAIL,13.0000
36124,2026-08-31 07:05:58.588,EMA_BOUNCE,EMA50,-1,24,BREAK_EVEN,True,BAR_CLOSE_TRAIL,13.0000
36124,2026-08-31 07:05:58.588,EMA_BOUNCE,EMA50,-1,24,NO_BREAK_EVEN,True,BAR_CLOSE_TRAIL,13.0000
36124,2026-08-31 07:05:58.588,EMA_BOUNCE,EMA50,-1,48,BREAK_EVEN,True,BAR_CLOSE_TRAIL,13.0000
36124,2026-08-31 07:05:58.588,EMA_BOUNCE,EMA50,-1,48,NO_BREAK_EVEN,True,BAR_CLOSE_TRAIL,13.0000
36195,2026-08-31 07:25:13.844,PIN_STRICT,PIN,-1,12,BREAK_EVEN,True,BREAK_EVEN,0.0000
36195,2026-08-31 07:25:13.844,PIN_STRICT,PIN,-1,12,NO_BREAK_EVEN,True,BAR_CLOSE_TRAIL,-0.0000
36195,2026-08-31 07:25:13.844,PIN_STRICT,PIN,-1,24,BREAK_EVEN,True,BREAK_EVEN,0.0000
36195,2026-08-31 07:25:13.844,PIN_STRICT,PIN,-1,24,NO_BREAK_EVEN,True,BAR_CLOSE_TRAIL,-0.0000
36195,2026-08-31 07:25:13.844,PIN_STRICT,PIN,-1,48,BREAK_EVEN,True,BREAK_EVEN,0.0000
36195,2026-08-31 07:25:13.844,PIN_STRICT,PIN,-1,48,NO_BREAK_EVEN,True,BAR_CLOSE_TRAIL,-0.0000
36245,2026-08-31 07:41:20.552,EMA_BOUNCE,EMA8,1,12,BREAK_EVEN,True,BREAK_EVEN,0.0000
36245,2026-08-31 07:41:20.552,EMA_BOUNCE,EMA8,1,12,NO_BREAK_EVEN,True,BAR_CLOSE_TRAIL,4.0000
36245,2026-08-31 07:41:20.552,EMA_BOUNCE,EMA8,1,24,BREAK_EVEN,True,BREAK_EVEN,0.0000
36245,2026-08-31 07:41:20.552,EMA_BOUNCE,EMA8,1,24,NO_BREAK_EVEN,True,BAR_CLOSE_TRAIL,4.0000
36245,2026-08-31 07:41:20.552,EMA_BOUNCE,EMA8,1,48,BREAK_EVEN,True,BREAK_EVEN,0.0000
36245,2026-08-31 07:41:20.552,EMA_BOUNCE,EMA8,1,48,NO_BREAK_EVEN,True,BAR_CLOSE_TRAIL,4.0000
36247,2026-08-31 07:41:45.384,PIN7,PIN7,1,12,BREAK_EVEN,True,BREAK_EVEN,0.0000
36247,2026-08-31 07:41:45.384,PIN7,PIN7,1,12,NO_BREAK_EVEN,True,BAR_CLOSE_TRAIL,0.0000
36247,2026-08-31 07:41:45.384,PIN7,PIN7,1,24,BREAK_EVEN,True,BREAK_EVEN,0.0000
36247,2026-08-31 07:41:45.384,PIN7,PIN7,1,24,NO_BREAK_EVEN,True,BAR_CLOSE_TRAIL,0.0000
36247,2026-08-31 07:41:45.384,PIN7,PIN7,1,48,BREAK_EVEN,True,BREAK_EVEN,0.0000
36247,2026-08-31 07:41:45.384,PIN7,PIN7,1,48,NO_BREAK_EVEN,True,BAR_CLOSE_TRAIL,0.0000
36249,2026-08-31 07:42:27.436,EMA_BOUNCE,EMA8,1,12,BREAK_EVEN,True,BREAK_EVEN,0.0000
36249,2026-08-31 07:42:27.436,EMA_BOUNCE,EMA8,1,12,NO_BREAK_EVEN,True,BAR_CLOSE_TRAIL,-1.0000
36249,2026-08-31 07:42:27.436,EMA_BOUNCE,EMA8,1,24,BREAK_EVEN,True,BREAK_EVEN,0.0000
36249,2026-08-31 07:42:27.436,EMA_BOUNCE,EMA8,1,24,NO_BREAK_EVEN,True,BAR_CLOSE_TRAIL,-1.0000
36249,2026-08-31 07:42:27.436,EMA_BOUNCE,EMA8,1,48,BREAK_EVEN,True,BREAK_EVEN,0.0000
36249,2026-08-31 07:42:27.436,EMA_BOUNCE,EMA8,1,48,NO_BREAK_EVEN,True,BAR_CLOSE_TRAIL,-1.0000
36287,2026-08-31 07:55:27.204,PIN7,PIN7,1,12,BREAK_EVEN,True,BAR_CLOSE_TRAIL,12.0000
36287,2026-08-31 07:55:27.204,PIN7,PIN7,1,12,NO_BREAK_EVEN,True,BAR_CLOSE_TRAIL,12.0000
36287,2026-08-31 07:55:27.204,PIN7,PIN7,1,24,BREAK_EVEN,True,BAR_CLOSE_TRAIL,12.0000
36287,2026-08-31 07:55:27.204,PIN7,PIN7,1,24,NO_BREAK_EVEN,True,BAR_CLOSE_TRAIL,12.0000
36287,2026-08-31 07:55:27.204,PIN7,PIN7,1,48,BREAK_EVEN,True,BAR_CLOSE_TRAIL,12.0000
36287,2026-08-31 07:55:27.204,PIN7,PIN7,1,48,NO_BREAK_EVEN,True,BAR_CLOSE_TRAIL,12.0000
36292,2026-08-31 07:56:43.872,PIN7,PIN7,1,12,BREAK_EVEN,True,BAR_CLOSE_TRAIL,2.0000
36292,2026-08-31 07:56:43.872,PIN7,PIN7,1,12,NO_BREAK_EVEN,True,BAR_CLOSE_TRAIL,2.0000
36292,2026-08-31 07:56:43.872,PIN7,PIN7,1,24,BREAK_EVEN,True,BAR_CLOSE_TRAIL,2.0000
36292,2026-08-31 07:56:43.872,PIN7,PIN7,1,24,NO_BREAK_EVEN,True,BAR_CLOSE_TRAIL,2.0000
36292,2026-08-31 07:56:43.872,PIN7,PIN7,1,48,BREAK_EVEN,True,BAR_CLOSE_TRAIL,2.0000
36292,2026-08-31 07:56:43.872,PIN7,PIN7,1,48,NO_BREAK_EVEN,True,BAR_CLOSE_TRAIL,2.0000
36658,2026-08-31 11:38:07.212,PIN_STRICT,PIN,-1,12,BREAK_EVEN,True,BAR_CLOSE_TRAIL,7.0000
36658,2026-08-31 11:38:07.212,PIN_STRICT,PIN,-1,12,NO_BREAK_EVEN,True,BAR_CLOSE_TRAIL,7.0000
36658,2026-08-31 11:38:07.212,PIN_STRICT,PIN,-1,24,BREAK_EVEN,True,BAR_CLOSE_TRAIL,7.0000
36658,2026-08-31 11:38:07.212,PIN_STRICT,PIN,-1,24,NO_BREAK_EVEN,True,BAR_CLOSE_TRAIL,7.0000
36658,2026-08-31 11:38:07.212,PIN_STRICT,PIN,-1,48,BREAK_EVEN,True,BAR_CLOSE_TRAIL,7.0000
36658,2026-08-31 11:38:07.212,PIN_STRICT,PIN,-1,48,NO_BREAK_EVEN,True,BAR_CLOSE_TRAIL,7.0000
36673,2026-08-31 11:45:11.620,EMA_BOUNCE,EMA8,-1,12,BREAK_EVEN,False,HARD_STOP,-10.0000
36673,2026-08-31 11:45:11.620,EMA_BOUNCE,EMA8,-1,12,NO_BREAK_EVEN,False,HARD_STOP,-10.0000
36673,2026-08-31 11:45:11.620,EMA_BOUNCE,EMA8,-1,24,BREAK_EVEN,False,HARD_STOP,-10.0000
36673,2026-08-31 11:45:11.620,EMA_BOUNCE,EMA8,-1,24,NO_BREAK_EVEN,False,HARD_STOP,-10.0000
36673,2026-08-31 11:45:11.620,EMA_BOUNCE,EMA8,-1,48,BREAK_EVEN,False,HARD_STOP,-10.0000
36673,2026-08-31 11:45:11.620,EMA_BOUNCE,EMA8,-1,48,NO_BREAK_EVEN,False,HARD_STOP,-10.0000
36701,2026-08-31 12:10:01.120,PIN7,PIN7,1,12,BREAK_EVEN,True,BREAK_EVEN,0.0000
36701,2026-08-31 12:10:01.120,PIN7,PIN7,1,12,NO_BREAK_EVEN,True,BAR_CLOSE_TRAIL,0.0000
36701,2026-08-31 12:10:01.120,PIN7,PIN7,1,24,BREAK_EVEN,True,BREAK_EVEN,0.0000
36701,2026-08-31 12:10:01.120,PIN7,PIN7,1,24,NO_BREAK_EVEN,True,BAR_CLOSE_TRAIL,0.0000
36701,2026-08-31 12:10:01.120,PIN7,PIN7,1,48,BREAK_EVEN,True,BREAK_EVEN,0.0000
36701,2026-08-31 12:10:01.120,PIN7,PIN7,1,48,NO_BREAK_EVEN,True,BAR_CLOSE_TRAIL,0.0000
36706,2026-08-31 12:13:47.980,EMA_BOUNCE,EMA8,1,12,BREAK_EVEN,True,BREAK_EVEN,0.0000
36706,2026-08-31 12:13:47.980,EMA_BOUNCE,EMA8,1,12,NO_BREAK_EVEN,True,BAR_CLOSE_TRAIL,-2.0000
36706,2026-08-31 12:13:47.980,EMA_BOUNCE,EMA8,1,24,BREAK_EVEN,True,BREAK_EVEN,0.0000
36706,2026-08-31 12:13:47.980,EMA_BOUNCE,EMA8,1,24,NO_BREAK_EVEN,True,BAR_CLOSE_TRAIL,-2.0000
36706,2026-08-31 12:13:47.980,EMA_BOUNCE,EMA8,1,48,BREAK_EVEN,True,BREAK_EVEN,0.0000
36706,2026-08-31 12:13:47.980,EMA_BOUNCE,EMA8,1,48,NO_BREAK_EVEN,True,BAR_CLOSE_TRAIL,-2.0000
36721,2026-08-31 12:26:38.088,EMA_BOUNCE,EMA8,1,12,BREAK_EVEN,True,BAR_CLOSE_TRAIL,7.0000
36721,2026-08-31 12:26:38.088,EMA_BOUNCE,EMA8,1,12,NO_BREAK_EVEN,True,BAR_CLOSE_TRAIL,7.0000
36721,2026-08-31 12:26:38.088,EMA_BOUNCE,EMA8,1,24,BREAK_EVEN,True,BAR_CLOSE_TRAIL,7.0000
36721,2026-08-31 12:26:38.088,EMA_BOUNCE,EMA8,1,24,NO_BREAK_EVEN,True,BAR_CLOSE_TRAIL,7.0000
36721,2026-08-31 12:26:38.088,EMA_BOUNCE,EMA8,1,48,BREAK_EVEN,True,BAR_CLOSE_TRAIL,7.0000
36721,2026-08-31 12:26:38.088,EMA_BOUNCE,EMA8,1,48,NO_BREAK_EVEN,True,BAR_CLOSE_TRAIL,7.0000
36730,2026-08-31 12:31:13.152,EMA_BOUNCE,EMA24,1,12,BREAK_EVEN,False,HARD_STOP,-10.0000
36730,2026-08-31 12:31:13.152,EMA_BOUNCE,EMA24,1,12,NO_BREAK_EVEN,False,HARD_STOP,-10.0000
36730,2026-08-31 12:31:13.152,EMA_BOUNCE,EMA24,1,24,BREAK_EVEN,False,HARD_STOP,-10.0000
36730,2026-08-31 12:31:13.152,EMA_BOUNCE,EMA24,1,24,NO_BREAK_EVEN,False,HARD_STOP,-10.0000
36730,2026-08-31 12:31:13.152,EMA_BOUNCE,EMA24,1,48,BREAK_EVEN,False,HARD_STOP,-10.0000
36730,2026-08-31 12:31:13.152,EMA_BOUNCE,EMA24,1,48,NO_BREAK_EVEN,False,HARD_STOP,-10.0000
36733,2026-08-31 12:33:56.760,EMA_BOUNCE,EMA50,1,12,BREAK_EVEN,True,BAR_CLOSE_TRAIL,27.0000
36733,2026-08-31 12:33:56.760,EMA_BOUNCE,EMA50,1,12,NO_BREAK_EVEN,True,BAR_CLOSE_TRAIL,27.0000
36733,2026-08-31 12:33:56.760,EMA_BOUNCE,EMA50,1,24,BREAK_EVEN,True,BAR_CLOSE_TRAIL,27.0000
36733,2026-08-31 12:33:56.760,EMA_BOUNCE,EMA50,1,24,NO_BREAK_EVEN,True,BAR_CLOSE_TRAIL,27.0000
36733,2026-08-31 12:33:56.760,EMA_BOUNCE,EMA50,1,48,BREAK_EVEN,True,BAR_CLOSE_TRAIL,27.0000
36733,2026-08-31 12:33:56.760,EMA_BOUNCE,EMA50,1,48,NO_BREAK_EVEN,True,BAR_CLOSE_TRAIL,27.0000
36736,2026-08-31 12:36:19.564,PIN7,PIN7,1,12,BREAK_EVEN,True,BREAK_EVEN,0.0000
36736,2026-08-31 12:36:19.564,PIN7,PIN7,1,12,NO_BREAK_EVEN,True,BAR_CLOSE_TRAIL,16.0000
36736,2026-08-31 12:36:19.564,PIN7,PIN7,1,24,BREAK_EVEN,True,BREAK_EVEN,0.0000
36736,2026-08-31 12:36:19.564,PIN7,PIN7,1,24,NO_BREAK_EVEN,True,BAR_CLOSE_TRAIL,16.0000
36736,2026-08-31 12:36:19.564,PIN7,PIN7,1,48,BREAK_EVEN,True,BREAK_EVEN,0.0000
36736,2026-08-31 12:36:19.564,PIN7,PIN7,1,48,NO_BREAK_EVEN,True,BAR_CLOSE_TRAIL,16.0000
36737,2026-08-31 12:37:49.276,PIN7,PIN7,1,12,BREAK_EVEN,True,BAR_CLOSE_TRAIL,13.0000
36737,2026-08-31 12:37:49.276,PIN7,PIN7,1,12,NO_BREAK_EVEN,True,BAR_CLOSE_TRAIL,13.0000
36737,2026-08-31 12:37:49.276,PIN7,PIN7,1,24,BREAK_EVEN,True,BAR_CLOSE_TRAIL,13.0000
36737,2026-08-31 12:37:49.276,PIN7,PIN7,1,24,NO_BREAK_EVEN,True,BAR_CLOSE_TRAIL,13.0000
36737,2026-08-31 12:37:49.276,PIN7,PIN7,1,48,BREAK_EVEN,True,BAR_CLOSE_TRAIL,13.0000
36737,2026-08-31 12:37:49.276,PIN7,PIN7,1,48,NO_BREAK_EVEN,True,BAR_CLOSE_TRAIL,13.0000
36738,2026-08-31 12:40:13.636,PIN7,PIN7,1,12,BREAK_EVEN,True,BAR_CLOSE_TRAIL,11.0000
36738,2026-08-31 12:40:13.636,PIN7,PIN7,1,12,NO_BREAK_EVEN,True,BAR_CLOSE_TRAIL,11.0000
36738,2026-08-31 12:40:13.636,PIN7,PIN7,1,24,BREAK_EVEN,True,BAR_CLOSE_TRAIL,11.0000
36738,2026-08-31 12:40:13.636,PIN7,PIN7,1,24,NO_BREAK_EVEN,True,BAR_CLOSE_TRAIL,11.0000
36738,2026-08-31 12:40:13.636,PIN7,PIN7,1,48,BREAK_EVEN,True,BAR_CLOSE_TRAIL,11.0000
36738,2026-08-31 12:40:13.636,PIN7,PIN7,1,48,NO_BREAK_EVEN,True,BAR_CLOSE_TRAIL,11.0000
36739,2026-08-31 12:41:30.284,PIN7,PIN7,1,12,BREAK_EVEN,True,BAR_CLOSE_TRAIL,10.0000
36739,2026-08-31 12:41:30.284,PIN7,PIN7,1,12,NO_BREAK_EVEN,True,BAR_CLOSE_TRAIL,10.0000
36739,2026-08-31 12:41:30.284,PIN7,PIN7,1,24,BREAK_EVEN,True,BAR_CLOSE_TRAIL,10.0000
36739,2026-08-31 12:41:30.284,PIN7,PIN7,1,24,NO_BREAK_EVEN,True,BAR_CLOSE_TRAIL,10.0000
36739,2026-08-31 12:41:30.284,PIN7,PIN7,1,48,BREAK_EVEN,True,BAR_CLOSE_TRAIL,10.0000
36739,2026-08-31 12:41:30.284,PIN7,PIN7,1,48,NO_BREAK_EVEN,True,BAR_CLOSE_TRAIL,10.0000
36742,2026-08-31 12:43:37.704,PIN_STRICT,PIN,1,12,BREAK_EVEN,True,BREAK_EVEN,0.0000
36742,2026-08-31 12:43:37.704,PIN_STRICT,PIN,1,12,NO_BREAK_EVEN,True,BAR_CLOSE_TRAIL,-2.0000
36742,2026-08-31 12:43:37.704,PIN_STRICT,PIN,1,24,BREAK_EVEN,True,BREAK_EVEN,0.0000
36742,2026-08-31 12:43:37.704,PIN_STRICT,PIN,1,24,NO_BREAK_EVEN,True,BAR_CLOSE_TRAIL,-2.0000
36742,2026-08-31 12:43:37.704,PIN_STRICT,PIN,1,48,BREAK_EVEN,True,BREAK_EVEN,0.0000
36742,2026-08-31 12:43:37.704,PIN_STRICT,PIN,1,48,NO_BREAK_EVEN,True,BAR_CLOSE_TRAIL,-2.0000
36746,2026-08-31 12:45:49.248,EMA_BOUNCE,EMA8,1,12,BREAK_EVEN,True,BREAK_EVEN,0.0000
36746,2026-08-31 12:45:49.248,EMA_BOUNCE,EMA8,1,12,NO_BREAK_EVEN,True,BAR_CLOSE_TRAIL,-4.0000
36746,2026-08-31 12:45:49.248,EMA_BOUNCE,EMA8,1,24,BREAK_EVEN,True,BREAK_EVEN,0.0000
36746,2026-08-31 12:45:49.248,EMA_BOUNCE,EMA8,1,24,NO_BREAK_EVEN,True,BAR_CLOSE_TRAIL,-4.0000
36746,2026-08-31 12:45:49.248,EMA_BOUNCE,EMA8,1,48,BREAK_EVEN,True,BREAK_EVEN,0.0000
36746,2026-08-31 12:45:49.248,EMA_BOUNCE,EMA8,1,48,NO_BREAK_EVEN,True,BAR_CLOSE_TRAIL,-4.0000
36802,2026-08-31 12:59:06.024,PIN7,PIN7,1,12,BREAK_EVEN,True,BAR_CLOSE_TRAIL,14.0000
36802,2026-08-31 12:59:06.024,PIN7,PIN7,1,12,NO_BREAK_EVEN,True,BAR_CLOSE_TRAIL,14.0000
36802,2026-08-31 12:59:06.024,PIN7,PIN7,1,24,BREAK_EVEN,True,BAR_CLOSE_TRAIL,14.0000
36802,2026-08-31 12:59:06.024,PIN7,PIN7,1,24,NO_BREAK_EVEN,True,BAR_CLOSE_TRAIL,14.0000
36802,2026-08-31 12:59:06.024,PIN7,PIN7,1,48,BREAK_EVEN,True,BAR_CLOSE_TRAIL,14.0000
36802,2026-08-31 12:59:06.024,PIN7,PIN7,1,48,NO_BREAK_EVEN,True,BAR_CLOSE_TRAIL,14.0000
36807,2026-08-31 12:59:21.176,PIN_STRICT,PIN,1,12,BREAK_EVEN,False,HARD_STOP,-10.0000
36807,2026-08-31 12:59:21.176,PIN_STRICT,PIN,1,12,NO_BREAK_EVEN,False,HARD_STOP,-10.0000
36807,2026-08-31 12:59:21.176,PIN_STRICT,PIN,1,24,BREAK_EVEN,False,HARD_STOP,-10.0000
36807,2026-08-31 12:59:21.176,PIN_STRICT,PIN,1,24,NO_BREAK_EVEN,False,HARD_STOP,-10.0000
36807,2026-08-31 12:59:21.176,PIN_STRICT,PIN,1,48,BREAK_EVEN,False,HARD_STOP,-10.0000
36807,2026-08-31 12:59:21.176,PIN_STRICT,PIN,1,48,NO_BREAK_EVEN,False,HARD_STOP,-10.0000
36827,2026-08-31 12:59:56.460,PIN7,PIN7,-1,12,BREAK_EVEN,True,BAR_CLOSE_TRAIL,0.0000
36827,2026-08-31 12:59:56.460,PIN7,PIN7,-1,12,NO_BREAK_EVEN,True,BAR_CLOSE_TRAIL,-1.0000
36827,2026-08-31 12:59:56.460,PIN7,PIN7,-1,24,BREAK_EVEN,True,BAR_CLOSE_TRAIL,0.0000
36827,2026-08-31 12:59:56.460,PIN7,PIN7,-1,24,NO_BREAK_EVEN,True,BAR_CLOSE_TRAIL,-1.0000
36827,2026-08-31 12:59:56.460,PIN7,PIN7,-1,48,BREAK_EVEN,True,BAR_CLOSE_TRAIL,0.0000
36827,2026-08-31 12:59:56.460,PIN7,PIN7,-1,48,NO_BREAK_EVEN,True,BAR_CLOSE_TRAIL,-1.0000
37777,2026-09-01 06:31:35.144,EMA_BOUNCE,EMA50,-1,12,BREAK_EVEN,False,HARD_STOP,-10.0000
37777,2026-09-01 06:31:35.144,EMA_BOUNCE,EMA50,-1,12,NO_BREAK_EVEN,False,HARD_STOP,-10.0000
37777,2026-09-01 06:31:35.144,EMA_BOUNCE,EMA50,-1,24,BREAK_EVEN,False,HARD_STOP,-10.0000
37777,2026-09-01 06:31:35.144,EMA_BOUNCE,EMA50,-1,24,NO_BREAK_EVEN,False,HARD_STOP,-10.0000
37777,2026-09-01 06:31:35.144,EMA_BOUNCE,EMA50,-1,48,BREAK_EVEN,False,HARD_STOP,-10.0000
37777,2026-09-01 06:31:35.144,EMA_BOUNCE,EMA50,-1,48,NO_BREAK_EVEN,False,HARD_STOP,-10.0000
37828,2026-09-01 06:37:31.048,EMA_BOUNCE,EMA50,1,12,BREAK_EVEN,True,BREAK_EVEN,0.0000
37828,2026-09-01 06:37:31.048,EMA_BOUNCE,EMA50,1,12,NO_BREAK_EVEN,True,BAR_CLOSE_TRAIL,-2.0000
37828,2026-09-01 06:37:31.048,EMA_BOUNCE,EMA50,1,24,BREAK_EVEN,True,BREAK_EVEN,0.0000
37828,2026-09-01 06:37:31.048,EMA_BOUNCE,EMA50,1,24,NO_BREAK_EVEN,True,BAR_CLOSE_TRAIL,-2.0000
37828,2026-09-01 06:37:31.048,EMA_BOUNCE,EMA50,1,48,BREAK_EVEN,True,BREAK_EVEN,0.0000
37828,2026-09-01 06:37:31.048,EMA_BOUNCE,EMA50,1,48,NO_BREAK_EVEN,True,BAR_CLOSE_TRAIL,-2.0000
37861,2026-09-01 06:41:36.676,EMA_BOUNCE,EMA8,-1,12,BREAK_EVEN,False,HARD_STOP,-10.0000
37861,2026-09-01 06:41:36.676,EMA_BOUNCE,EMA8,-1,12,NO_BREAK_EVEN,False,HARD_STOP,-10.0000
37861,2026-09-01 06:41:36.676,EMA_BOUNCE,EMA8,-1,24,BREAK_EVEN,False,HARD_STOP,-10.0000
37861,2026-09-01 06:41:36.676,EMA_BOUNCE,EMA8,-1,24,NO_BREAK_EVEN,False,HARD_STOP,-10.0000
37861,2026-09-01 06:41:36.676,EMA_BOUNCE,EMA8,-1,48,BREAK_EVEN,False,HARD_STOP,-10.0000
37861,2026-09-01 06:41:36.676,EMA_BOUNCE,EMA8,-1,48,NO_BREAK_EVEN,False,HARD_STOP,-10.0000
37867,2026-09-01 06:42:59.032,EMA_BOUNCE,EMA50,-1,12,BREAK_EVEN,True,BREAK_EVEN,0.0000
37867,2026-09-01 06:42:59.032,EMA_BOUNCE,EMA50,-1,12,NO_BREAK_EVEN,True,BAR_CLOSE_TRAIL,-0.0000
37867,2026-09-01 06:42:59.032,EMA_BOUNCE,EMA50,-1,24,BREAK_EVEN,True,BREAK_EVEN,0.0000
37867,2026-09-01 06:42:59.032,EMA_BOUNCE,EMA50,-1,24,NO_BREAK_EVEN,True,BAR_CLOSE_TRAIL,-0.0000
37867,2026-09-01 06:42:59.032,EMA_BOUNCE,EMA50,-1,48,BREAK_EVEN,True,BREAK_EVEN,0.0000
37867,2026-09-01 06:42:59.032,EMA_BOUNCE,EMA50,-1,48,NO_BREAK_EVEN,True,BAR_CLOSE_TRAIL,-0.0000
37972,2026-09-01 07:02:34.020,EMA_BOUNCE,EMA8,1,12,BREAK_EVEN,False,HARD_STOP,-10.0000
37972,2026-09-01 07:02:34.020,EMA_BOUNCE,EMA8,1,12,NO_BREAK_EVEN,False,HARD_STOP,-10.0000
37972,2026-09-01 07:02:34.020,EMA_BOUNCE,EMA8,1,24,BREAK_EVEN,False,HARD_STOP,-10.0000
37972,2026-09-01 07:02:34.020,EMA_BOUNCE,EMA8,1,24,NO_BREAK_EVEN,False,HARD_STOP,-10.0000
37972,2026-09-01 07:02:34.020,EMA_BOUNCE,EMA8,1,48,BREAK_EVEN,False,HARD_STOP,-10.0000
37972,2026-09-01 07:02:34.020,EMA_BOUNCE,EMA8,1,48,NO_BREAK_EVEN,False,HARD_STOP,-10.0000
37979,2026-09-01 07:03:19.968,EMA_BOUNCE,EMA50,1,12,BREAK_EVEN,True,BAR_CLOSE_TRAIL,4.0000
37979,2026-09-01 07:03:19.968,EMA_BOUNCE,EMA50,1,12,NO_BREAK_EVEN,True,BAR_CLOSE_TRAIL,4.0000
37979,2026-09-01 07:03:19.968,EMA_BOUNCE,EMA50,1,24,BREAK_EVEN,True,BAR_CLOSE_TRAIL,4.0000
37979,2026-09-01 07:03:19.968,EMA_BOUNCE,EMA50,1,24,NO_BREAK_EVEN,True,BAR_CLOSE_TRAIL,4.0000
37979,2026-09-01 07:03:19.968,EMA_BOUNCE,EMA50,1,48,BREAK_EVEN,True,BAR_CLOSE_TRAIL,4.0000
37979,2026-09-01 07:03:19.968,EMA_BOUNCE,EMA50,1,48,NO_BREAK_EVEN,True,BAR_CLOSE_TRAIL,4.0000
37982,2026-09-01 07:04:26.172,PIN7,PIN7,1,12,BREAK_EVEN,True,TIME,18.0000
37982,2026-09-01 07:04:26.172,PIN7,PIN7,1,12,NO_BREAK_EVEN,True,TIME,18.0000
37982,2026-09-01 07:04:26.172,PIN7,PIN7,1,24,BREAK_EVEN,True,BAR_CLOSE_TRAIL,14.0000
37982,2026-09-01 07:04:26.172,PIN7,PIN7,1,24,NO_BREAK_EVEN,True,BAR_CLOSE_TRAIL,14.0000
37982,2026-09-01 07:04:26.172,PIN7,PIN7,1,48,BREAK_EVEN,True,BAR_CLOSE_TRAIL,14.0000
37982,2026-09-01 07:04:26.172,PIN7,PIN7,1,48,NO_BREAK_EVEN,True,BAR_CLOSE_TRAIL,14.0000
37985,2026-09-01 07:05:08.536,EMA_BOUNCE,EMA24,1,12,BREAK_EVEN,True,BREAK_EVEN,0.0000
37985,2026-09-01 07:05:08.536,EMA_BOUNCE,EMA24,1,12,NO_BREAK_EVEN,True,BAR_CLOSE_TRAIL,0.0000
37985,2026-09-01 07:05:08.536,EMA_BOUNCE,EMA24,1,24,BREAK_EVEN,True,BREAK_EVEN,0.0000
37985,2026-09-01 07:05:08.536,EMA_BOUNCE,EMA24,1,24,NO_BREAK_EVEN,True,BAR_CLOSE_TRAIL,0.0000
37985,2026-09-01 07:05:08.536,EMA_BOUNCE,EMA24,1,48,BREAK_EVEN,True,BREAK_EVEN,0.0000
37985,2026-09-01 07:05:08.536,EMA_BOUNCE,EMA24,1,48,NO_BREAK_EVEN,True,BAR_CLOSE_TRAIL,0.0000
37996,2026-09-01 07:07:56.360,EMA_BOUNCE,EMA8,1,12,BREAK_EVEN,True,BREAK_EVEN,0.0000
37996,2026-09-01 07:07:56.360,EMA_BOUNCE,EMA8,1,12,NO_BREAK_EVEN,True,TIME,4.0000
37996,2026-09-01 07:07:56.360,EMA_BOUNCE,EMA8,1,24,BREAK_EVEN,True,BREAK_EVEN,0.0000
37996,2026-09-01 07:07:56.360,EMA_BOUNCE,EMA8,1,24,NO_BREAK_EVEN,True,BAR_CLOSE_TRAIL,1.0000
37996,2026-09-01 07:07:56.360,EMA_BOUNCE,EMA8,1,48,BREAK_EVEN,True,BREAK_EVEN,0.0000
37996,2026-09-01 07:07:56.360,EMA_BOUNCE,EMA8,1,48,NO_BREAK_EVEN,True,BAR_CLOSE_TRAIL,1.0000
38004,2026-09-01 07:10:35.136,EMA_BOUNCE,EMA8,1,12,BREAK_EVEN,True,BREAK_EVEN,0.0000
38004,2026-09-01 07:10:35.136,EMA_BOUNCE,EMA8,1,12,NO_BREAK_EVEN,True,BAR_CLOSE_TRAIL,0.0000
38004,2026-09-01 07:10:35.136,EMA_BOUNCE,EMA8,1,24,BREAK_EVEN,True,BREAK_EVEN,0.0000
38004,2026-09-01 07:10:35.136,EMA_BOUNCE,EMA8,1,24,NO_BREAK_EVEN,True,BAR_CLOSE_TRAIL,0.0000
38004,2026-09-01 07:10:35.136,EMA_BOUNCE,EMA8,1,48,BREAK_EVEN,True,BREAK_EVEN,0.0000
38004,2026-09-01 07:10:35.136,EMA_BOUNCE,EMA8,1,48,NO_BREAK_EVEN,True,BAR_CLOSE_TRAIL,0.0000
38007,2026-09-01 07:11:04.120,EMA_BOUNCE,EMA8,1,12,BREAK_EVEN,False,HARD_STOP,-10.0000
38007,2026-09-01 07:11:04.120,EMA_BOUNCE,EMA8,1,12,NO_BREAK_EVEN,False,HARD_STOP,-10.0000
38007,2026-09-01 07:11:04.120,EMA_BOUNCE,EMA8,1,24,BREAK_EVEN,False,HARD_STOP,-10.0000
38007,2026-09-01 07:11:04.120,EMA_BOUNCE,EMA8,1,24,NO_BREAK_EVEN,False,HARD_STOP,-10.0000
38007,2026-09-01 07:11:04.120,EMA_BOUNCE,EMA8,1,48,BREAK_EVEN,False,HARD_STOP,-10.0000
38007,2026-09-01 07:11:04.120,EMA_BOUNCE,EMA8,1,48,NO_BREAK_EVEN,False,HARD_STOP,-10.0000
38019,2026-09-01 07:14:28.956,PIN7,PIN7,1,12,BREAK_EVEN,True,BAR_CLOSE_TRAIL,18.0000
38019,2026-09-01 07:14:28.956,PIN7,PIN7,1,12,NO_BREAK_EVEN,True,BAR_CLOSE_TRAIL,18.0000
38019,2026-09-01 07:14:28.956,PIN7,PIN7,1,24,BREAK_EVEN,True,BAR_CLOSE_TRAIL,18.0000
38019,2026-09-01 07:14:28.956,PIN7,PIN7,1,24,NO_BREAK_EVEN,True,BAR_CLOSE_TRAIL,18.0000
38019,2026-09-01 07:14:28.956,PIN7,PIN7,1,48,BREAK_EVEN,True,BAR_CLOSE_TRAIL,18.0000
38019,2026-09-01 07:14:28.956,PIN7,PIN7,1,48,NO_BREAK_EVEN,True,BAR_CLOSE_TRAIL,18.0000
38025,2026-09-01 07:16:17.176,PIN_STRICT,PIN,1,12,BREAK_EVEN,True,BREAK_EVEN,0.0000
38025,2026-09-01 07:16:17.176,PIN_STRICT,PIN,1,12,NO_BREAK_EVEN,True,BAR_CLOSE_TRAIL,0.0000
38025,2026-09-01 07:16:17.176,PIN_STRICT,PIN,1,24,BREAK_EVEN,True,BREAK_EVEN,0.0000
38025,2026-09-01 07:16:17.176,PIN_STRICT,PIN,1,24,NO_BREAK_EVEN,True,BAR_CLOSE_TRAIL,0.0000
38025,2026-09-01 07:16:17.176,PIN_STRICT,PIN,1,48,BREAK_EVEN,True,BREAK_EVEN,0.0000
38025,2026-09-01 07:16:17.176,PIN_STRICT,PIN,1,48,NO_BREAK_EVEN,True,BAR_CLOSE_TRAIL,0.0000
38035,2026-09-01 07:19:26.340,EMA_BOUNCE,EMA24,1,12,BREAK_EVEN,True,TIME,28.0000
38035,2026-09-01 07:19:26.340,EMA_BOUNCE,EMA24,1,12,NO_BREAK_EVEN,True,TIME,28.0000
38035,2026-09-01 07:19:26.340,EMA_BOUNCE,EMA24,1,24,BREAK_EVEN,True,BAR_CLOSE_TRAIL,25.0000
38035,2026-09-01 07:19:26.340,EMA_BOUNCE,EMA24,1,24,NO_BREAK_EVEN,True,BAR_CLOSE_TRAIL,25.0000
38035,2026-09-01 07:19:26.340,EMA_BOUNCE,EMA24,1,48,BREAK_EVEN,True,BAR_CLOSE_TRAIL,25.0000
38035,2026-09-01 07:19:26.340,EMA_BOUNCE,EMA24,1,48,NO_BREAK_EVEN,True,BAR_CLOSE_TRAIL,25.0000
38039,2026-09-01 07:20:26.060,PIN7,PIN7,1,12,BREAK_EVEN,True,BREAK_EVEN,0.0000
38039,2026-09-01 07:20:26.060,PIN7,PIN7,1,12,NO_BREAK_EVEN,True,BAR_CLOSE_TRAIL,0.0000
38039,2026-09-01 07:20:26.060,PIN7,PIN7,1,24,BREAK_EVEN,True,BREAK_EVEN,0.0000
38039,2026-09-01 07:20:26.060,PIN7,PIN7,1,24,NO_BREAK_EVEN,True,BAR_CLOSE_TRAIL,0.0000
38039,2026-09-01 07:20:26.060,PIN7,PIN7,1,48,BREAK_EVEN,True,BREAK_EVEN,0.0000
38039,2026-09-01 07:20:26.060,PIN7,PIN7,1,48,NO_BREAK_EVEN,True,BAR_CLOSE_TRAIL,0.0000
38040,2026-09-01 07:21:08.968,PIN7,PIN7,1,12,BREAK_EVEN,True,BAR_CLOSE_TRAIL,9.0000
38040,2026-09-01 07:21:08.968,PIN7,PIN7,1,12,NO_BREAK_EVEN,True,BAR_CLOSE_TRAIL,9.0000
38040,2026-09-01 07:21:08.968,PIN7,PIN7,1,24,BREAK_EVEN,True,BAR_CLOSE_TRAIL,9.0000
38040,2026-09-01 07:21:08.968,PIN7,PIN7,1,24,NO_BREAK_EVEN,True,BAR_CLOSE_TRAIL,9.0000
38040,2026-09-01 07:21:08.968,PIN7,PIN7,1,48,BREAK_EVEN,True,BAR_CLOSE_TRAIL,9.0000
38040,2026-09-01 07:21:08.968,PIN7,PIN7,1,48,NO_BREAK_EVEN,True,BAR_CLOSE_TRAIL,9.0000
38041,2026-09-01 07:21:40.928,PIN7,PIN7,1,12,BREAK_EVEN,True,BAR_CLOSE_TRAIL,8.0000
38041,2026-09-01 07:21:40.928,PIN7,PIN7,1,12,NO_BREAK_EVEN,True,BAR_CLOSE_TRAIL,8.0000
38041,2026-09-01 07:21:40.928,PIN7,PIN7,1,24,BREAK_EVEN,True,BAR_CLOSE_TRAIL,8.0000
38041,2026-09-01 07:21:40.928,PIN7,PIN7,1,24,NO_BREAK_EVEN,True,BAR_CLOSE_TRAIL,8.0000
38041,2026-09-01 07:21:40.928,PIN7,PIN7,1,48,BREAK_EVEN,True,BAR_CLOSE_TRAIL,8.0000
38041,2026-09-01 07:21:40.928,PIN7,PIN7,1,48,NO_BREAK_EVEN,True,BAR_CLOSE_TRAIL,8.0000
38043,2026-09-01 07:22:21.592,EMA_BOUNCE,EMA8,1,12,BREAK_EVEN,True,BAR_CLOSE_TRAIL,9.0000
38043,2026-09-01 07:22:21.592,EMA_BOUNCE,EMA8,1,12,NO_BREAK_EVEN,True,BAR_CLOSE_TRAIL,9.0000
38043,2026-09-01 07:22:21.592,EMA_BOUNCE,EMA8,1,24,BREAK_EVEN,True,BAR_CLOSE_TRAIL,9.0000
38043,2026-09-01 07:22:21.592,EMA_BOUNCE,EMA8,1,24,NO_BREAK_EVEN,True,BAR_CLOSE_TRAIL,9.0000
38043,2026-09-01 07:22:21.592,EMA_BOUNCE,EMA8,1,48,BREAK_EVEN,True,BAR_CLOSE_TRAIL,9.0000
38043,2026-09-01 07:22:21.592,EMA_BOUNCE,EMA8,1,48,NO_BREAK_EVEN,True,BAR_CLOSE_TRAIL,9.0000
38061,2026-09-01 07:27:39.468,EMA_BOUNCE,EMA24,1,12,BREAK_EVEN,True,TIME,21.0000
38061,2026-09-01 07:27:39.468,EMA_BOUNCE,EMA24,1,12,NO_BREAK_EVEN,True,TIME,21.0000
38061,2026-09-01 07:27:39.468,EMA_BOUNCE,EMA24,1,24,BREAK_EVEN,True,BAR_CLOSE_TRAIL,24.0000
38061,2026-09-01 07:27:39.468,EMA_BOUNCE,EMA24,1,24,NO_BREAK_EVEN,True,BAR_CLOSE_TRAIL,24.0000
38061,2026-09-01 07:27:39.468,EMA_BOUNCE,EMA24,1,48,BREAK_EVEN,True,BAR_CLOSE_TRAIL,24.0000
38061,2026-09-01 07:27:39.468,EMA_BOUNCE,EMA24,1,48,NO_BREAK_EVEN,True,BAR_CLOSE_TRAIL,24.0000
38070,2026-09-01 07:31:24.240,PIN7,PIN7,1,12,BREAK_EVEN,True,BREAK_EVEN,0.0000
38070,2026-09-01 07:31:24.240,PIN7,PIN7,1,12,NO_BREAK_EVEN,True,BAR_CLOSE_TRAIL,7.0000
38070,2026-09-01 07:31:24.240,PIN7,PIN7,1,24,BREAK_EVEN,True,BREAK_EVEN,0.0000
38070,2026-09-01 07:31:24.240,PIN7,PIN7,1,24,NO_BREAK_EVEN,True,BAR_CLOSE_TRAIL,7.0000
38070,2026-09-01 07:31:24.240,PIN7,PIN7,1,48,BREAK_EVEN,True,BREAK_EVEN,0.0000
38070,2026-09-01 07:31:24.240,PIN7,PIN7,1,48,NO_BREAK_EVEN,True,BAR_CLOSE_TRAIL,7.0000
38081,2026-09-01 07:37:55.328,EMA_BOUNCE,EMA8,1,12,BREAK_EVEN,False,HARD_STOP,-10.0000
38081,2026-09-01 07:37:55.328,EMA_BOUNCE,EMA8,1,12,NO_BREAK_EVEN,False,HARD_STOP,-10.0000
38081,2026-09-01 07:37:55.328,EMA_BOUNCE,EMA8,1,24,BREAK_EVEN,False,HARD_STOP,-10.0000
38081,2026-09-01 07:37:55.328,EMA_BOUNCE,EMA8,1,24,NO_BREAK_EVEN,False,HARD_STOP,-10.0000
38081,2026-09-01 07:37:55.328,EMA_BOUNCE,EMA8,1,48,BREAK_EVEN,False,HARD_STOP,-10.0000
38081,2026-09-01 07:37:55.328,EMA_BOUNCE,EMA8,1,48,NO_BREAK_EVEN,False,HARD_STOP,-10.0000
38118,2026-09-01 07:53:23.512,EMA_BOUNCE,EMA8,-1,12,BREAK_EVEN,True,BREAK_EVEN,0.0000
38118,2026-09-01 07:53:23.512,EMA_BOUNCE,EMA8,-1,12,NO_BREAK_EVEN,True,BAR_CLOSE_TRAIL,1.0000
38118,2026-09-01 07:53:23.512,EMA_BOUNCE,EMA8,-1,24,BREAK_EVEN,True,BREAK_EVEN,0.0000
38118,2026-09-01 07:53:23.512,EMA_BOUNCE,EMA8,-1,24,NO_BREAK_EVEN,True,BAR_CLOSE_TRAIL,1.0000
38118,2026-09-01 07:53:23.512,EMA_BOUNCE,EMA8,-1,48,BREAK_EVEN,True,BREAK_EVEN,0.0000
38118,2026-09-01 07:53:23.512,EMA_BOUNCE,EMA8,-1,48,NO_BREAK_EVEN,True,BAR_CLOSE_TRAIL,1.0000
38128,2026-09-01 07:58:31.692,EMA_BOUNCE,EMA8,-1,12,BREAK_EVEN,True,BREAK_EVEN,0.0000
38128,2026-09-01 07:58:31.692,EMA_BOUNCE,EMA8,-1,12,NO_BREAK_EVEN,True,BAR_CLOSE_TRAIL,-0.0000
38128,2026-09-01 07:58:31.692,EMA_BOUNCE,EMA8,-1,24,BREAK_EVEN,True,BREAK_EVEN,0.0000
38128,2026-09-01 07:58:31.692,EMA_BOUNCE,EMA8,-1,24,NO_BREAK_EVEN,True,BAR_CLOSE_TRAIL,-0.0000
38128,2026-09-01 07:58:31.692,EMA_BOUNCE,EMA8,-1,48,BREAK_EVEN,True,BREAK_EVEN,0.0000
38128,2026-09-01 07:58:31.692,EMA_BOUNCE,EMA8,-1,48,NO_BREAK_EVEN,True,BAR_CLOSE_TRAIL,-0.0000
38566,2026-09-01 11:09:42.592,EMA_BOUNCE,EMA24,-1,12,BREAK_EVEN,True,BAR_CLOSE_TRAIL,3.0000
38566,2026-09-01 11:09:42.592,EMA_BOUNCE,EMA24,-1,12,NO_BREAK_EVEN,True,BAR_CLOSE_TRAIL,3.0000
38566,2026-09-01 11:09:42.592,EMA_BOUNCE,EMA24,-1,24,BREAK_EVEN,True,BAR_CLOSE_TRAIL,3.0000
38566,2026-09-01 11:09:42.592,EMA_BOUNCE,EMA24,-1,24,NO_BREAK_EVEN,True,BAR_CLOSE_TRAIL,3.0000
38566,2026-09-01 11:09:42.592,EMA_BOUNCE,EMA24,-1,48,BREAK_EVEN,True,BAR_CLOSE_TRAIL,3.0000
38566,2026-09-01 11:09:42.592,EMA_BOUNCE,EMA24,-1,48,NO_BREAK_EVEN,True,BAR_CLOSE_TRAIL,3.0000
38573,2026-09-01 11:14:09.016,PIN7,PIN7,-1,12,BREAK_EVEN,False,HARD_STOP,-10.0000
38573,2026-09-01 11:14:09.016,PIN7,PIN7,-1,12,NO_BREAK_EVEN,False,HARD_STOP,-10.0000
38573,2026-09-01 11:14:09.016,PIN7,PIN7,-1,24,BREAK_EVEN,False,HARD_STOP,-10.0000
38573,2026-09-01 11:14:09.016,PIN7,PIN7,-1,24,NO_BREAK_EVEN,False,HARD_STOP,-10.0000
38573,2026-09-01 11:14:09.016,PIN7,PIN7,-1,48,BREAK_EVEN,False,HARD_STOP,-10.0000
38573,2026-09-01 11:14:09.016,PIN7,PIN7,-1,48,NO_BREAK_EVEN,False,HARD_STOP,-10.0000
38574,2026-09-01 11:15:17.068,PIN7,PIN7,-1,12,BREAK_EVEN,False,HARD_STOP,-10.0000
38574,2026-09-01 11:15:17.068,PIN7,PIN7,-1,12,NO_BREAK_EVEN,False,HARD_STOP,-10.0000
38574,2026-09-01 11:15:17.068,PIN7,PIN7,-1,24,BREAK_EVEN,False,HARD_STOP,-10.0000
38574,2026-09-01 11:15:17.068,PIN7,PIN7,-1,24,NO_BREAK_EVEN,False,HARD_STOP,-10.0000
38574,2026-09-01 11:15:17.068,PIN7,PIN7,-1,48,BREAK_EVEN,False,HARD_STOP,-10.0000
38574,2026-09-01 11:15:17.068,PIN7,PIN7,-1,48,NO_BREAK_EVEN,False,HARD_STOP,-10.0000
38599,2026-09-01 11:34:03.368,PIN7,PIN7,-1,12,BREAK_EVEN,True,BREAK_EVEN,0.0000
38599,2026-09-01 11:34:03.368,PIN7,PIN7,-1,12,NO_BREAK_EVEN,True,BAR_CLOSE_TRAIL,-2.0000
38599,2026-09-01 11:34:03.368,PIN7,PIN7,-1,24,BREAK_EVEN,True,BREAK_EVEN,0.0000
38599,2026-09-01 11:34:03.368,PIN7,PIN7,-1,24,NO_BREAK_EVEN,True,BAR_CLOSE_TRAIL,-2.0000
38599,2026-09-01 11:34:03.368,PIN7,PIN7,-1,48,BREAK_EVEN,True,BREAK_EVEN,0.0000
38599,2026-09-01 11:34:03.368,PIN7,PIN7,-1,48,NO_BREAK_EVEN,True,BAR_CLOSE_TRAIL,-2.0000
38600,2026-09-01 11:34:30.856,PIN7,PIN7,-1,12,BREAK_EVEN,True,BREAK_EVEN,0.0000
38600,2026-09-01 11:34:30.856,PIN7,PIN7,-1,12,NO_BREAK_EVEN,True,BAR_CLOSE_TRAIL,-0.0000
38600,2026-09-01 11:34:30.856,PIN7,PIN7,-1,24,BREAK_EVEN,True,BREAK_EVEN,0.0000
38600,2026-09-01 11:34:30.856,PIN7,PIN7,-1,24,NO_BREAK_EVEN,True,BAR_CLOSE_TRAIL,-0.0000
38600,2026-09-01 11:34:30.856,PIN7,PIN7,-1,48,BREAK_EVEN,True,BREAK_EVEN,0.0000
38600,2026-09-01 11:34:30.856,PIN7,PIN7,-1,48,NO_BREAK_EVEN,True,BAR_CLOSE_TRAIL,-0.0000
38603,2026-09-01 11:36:58.408,EMA_BOUNCE,EMA8,-1,12,BREAK_EVEN,True,TIME,31.0000
38603,2026-09-01 11:36:58.408,EMA_BOUNCE,EMA8,-1,12,NO_BREAK_EVEN,True,TIME,31.0000
38603,2026-09-01 11:36:58.408,EMA_BOUNCE,EMA8,-1,24,BREAK_EVEN,True,BAR_CLOSE_TRAIL,44.0000
38603,2026-09-01 11:36:58.408,EMA_BOUNCE,EMA8,-1,24,NO_BREAK_EVEN,True,BAR_CLOSE_TRAIL,44.0000
38603,2026-09-01 11:36:58.408,EMA_BOUNCE,EMA8,-1,48,BREAK_EVEN,True,BAR_CLOSE_TRAIL,44.0000
38603,2026-09-01 11:36:58.408,EMA_BOUNCE,EMA8,-1,48,NO_BREAK_EVEN,True,BAR_CLOSE_TRAIL,44.0000
38613,2026-09-01 11:42:52.120,PIN_STRICT,PIN,-1,12,BREAK_EVEN,True,BREAK_EVEN,0.0000
38613,2026-09-01 11:42:52.120,PIN_STRICT,PIN,-1,12,NO_BREAK_EVEN,True,BAR_CLOSE_TRAIL,-0.0000
38613,2026-09-01 11:42:52.120,PIN_STRICT,PIN,-1,24,BREAK_EVEN,True,BREAK_EVEN,0.0000
38613,2026-09-01 11:42:52.120,PIN_STRICT,PIN,-1,24,NO_BREAK_EVEN,True,BAR_CLOSE_TRAIL,-0.0000
38613,2026-09-01 11:42:52.120,PIN_STRICT,PIN,-1,48,BREAK_EVEN,True,BREAK_EVEN,0.0000
38613,2026-09-01 11:42:52.120,PIN_STRICT,PIN,-1,48,NO_BREAK_EVEN,True,BAR_CLOSE_TRAIL,-0.0000
38617,2026-09-01 11:44:25.032,PIN_STRICT,PIN,-1,12,BREAK_EVEN,True,BREAK_EVEN,0.0000
38617,2026-09-01 11:44:25.032,PIN_STRICT,PIN,-1,12,NO_BREAK_EVEN,True,BAR_CLOSE_TRAIL,6.0000
38617,2026-09-01 11:44:25.032,PIN_STRICT,PIN,-1,24,BREAK_EVEN,True,BREAK_EVEN,0.0000
38617,2026-09-01 11:44:25.032,PIN_STRICT,PIN,-1,24,NO_BREAK_EVEN,True,BAR_CLOSE_TRAIL,6.0000
38617,2026-09-01 11:44:25.032,PIN_STRICT,PIN,-1,48,BREAK_EVEN,True,BREAK_EVEN,0.0000
38617,2026-09-01 11:44:25.032,PIN_STRICT,PIN,-1,48,NO_BREAK_EVEN,True,BAR_CLOSE_TRAIL,6.0000
38628,2026-09-01 11:46:50.436,EMA_BOUNCE,EMA8,-1,12,BREAK_EVEN,False,HARD_STOP,-10.0000
38628,2026-09-01 11:46:50.436,EMA_BOUNCE,EMA8,-1,12,NO_BREAK_EVEN,False,HARD_STOP,-10.0000
38628,2026-09-01 11:46:50.436,EMA_BOUNCE,EMA8,-1,24,BREAK_EVEN,False,HARD_STOP,-10.0000
38628,2026-09-01 11:46:50.436,EMA_BOUNCE,EMA8,-1,24,NO_BREAK_EVEN,False,HARD_STOP,-10.0000
38628,2026-09-01 11:46:50.436,EMA_BOUNCE,EMA8,-1,48,BREAK_EVEN,False,HARD_STOP,-10.0000
38628,2026-09-01 11:46:50.436,EMA_BOUNCE,EMA8,-1,48,NO_BREAK_EVEN,False,HARD_STOP,-10.0000
38635,2026-09-01 11:48:33.336,EMA_BOUNCE,EMA24,-1,12,BREAK_EVEN,True,BREAK_EVEN,0.0000
38635,2026-09-01 11:48:33.336,EMA_BOUNCE,EMA24,-1,12,NO_BREAK_EVEN,True,BAR_CLOSE_TRAIL,-3.0000
38635,2026-09-01 11:48:33.336,EMA_BOUNCE,EMA24,-1,24,BREAK_EVEN,True,BREAK_EVEN,0.0000
38635,2026-09-01 11:48:33.336,EMA_BOUNCE,EMA24,-1,24,NO_BREAK_EVEN,True,BAR_CLOSE_TRAIL,-3.0000
38635,2026-09-01 11:48:33.336,EMA_BOUNCE,EMA24,-1,48,BREAK_EVEN,True,BREAK_EVEN,0.0000
38635,2026-09-01 11:48:33.336,EMA_BOUNCE,EMA24,-1,48,NO_BREAK_EVEN,True,BAR_CLOSE_TRAIL,-3.0000
38660,2026-09-01 11:58:02.884,EMA_BOUNCE,EMA8,1,12,BREAK_EVEN,True,BAR_CLOSE_TRAIL,3.0000
38660,2026-09-01 11:58:02.884,EMA_BOUNCE,EMA8,1,12,NO_BREAK_EVEN,True,BAR_CLOSE_TRAIL,3.0000
38660,2026-09-01 11:58:02.884,EMA_BOUNCE,EMA8,1,24,BREAK_EVEN,True,BAR_CLOSE_TRAIL,3.0000
38660,2026-09-01 11:58:02.884,EMA_BOUNCE,EMA8,1,24,NO_BREAK_EVEN,True,BAR_CLOSE_TRAIL,3.0000
38660,2026-09-01 11:58:02.884,EMA_BOUNCE,EMA8,1,48,BREAK_EVEN,True,BAR_CLOSE_TRAIL,3.0000
38660,2026-09-01 11:58:02.884,EMA_BOUNCE,EMA8,1,48,NO_BREAK_EVEN,True,BAR_CLOSE_TRAIL,3.0000
38683,2026-09-01 12:06:45.404,EMA_BOUNCE,EMA8,1,12,BREAK_EVEN,True,BREAK_EVEN,0.0000
38683,2026-09-01 12:06:45.404,EMA_BOUNCE,EMA8,1,12,NO_BREAK_EVEN,True,TIME,10.0000
38683,2026-09-01 12:06:45.404,EMA_BOUNCE,EMA8,1,24,BREAK_EVEN,True,BREAK_EVEN,0.0000
38683,2026-09-01 12:06:45.404,EMA_BOUNCE,EMA8,1,24,NO_BREAK_EVEN,True,BAR_CLOSE_TRAIL,6.0000
38683,2026-09-01 12:06:45.404,EMA_BOUNCE,EMA8,1,48,BREAK_EVEN,True,BREAK_EVEN,0.0000
38683,2026-09-01 12:06:45.404,EMA_BOUNCE,EMA8,1,48,NO_BREAK_EVEN,True,BAR_CLOSE_TRAIL,6.0000
38686,2026-09-01 12:07:55.020,EMA_BOUNCE,EMA24,1,12,BREAK_EVEN,True,BAR_CLOSE_TRAIL,9.0000
38686,2026-09-01 12:07:55.020,EMA_BOUNCE,EMA24,1,12,NO_BREAK_EVEN,True,BAR_CLOSE_TRAIL,9.0000
38686,2026-09-01 12:07:55.020,EMA_BOUNCE,EMA24,1,24,BREAK_EVEN,True,BAR_CLOSE_TRAIL,9.0000
38686,2026-09-01 12:07:55.020,EMA_BOUNCE,EMA24,1,24,NO_BREAK_EVEN,True,BAR_CLOSE_TRAIL,9.0000
38686,2026-09-01 12:07:55.020,EMA_BOUNCE,EMA24,1,48,BREAK_EVEN,True,BAR_CLOSE_TRAIL,9.0000
38686,2026-09-01 12:07:55.020,EMA_BOUNCE,EMA24,1,48,NO_BREAK_EVEN,True,BAR_CLOSE_TRAIL,9.0000
38700,2026-09-01 12:13:38.804,EMA_BOUNCE,EMA8,1,12,BREAK_EVEN,True,BREAK_EVEN,0.0000
38700,2026-09-01 12:13:38.804,EMA_BOUNCE,EMA8,1,12,NO_BREAK_EVEN,True,BAR_CLOSE_TRAIL,2.0000
38700,2026-09-01 12:13:38.804,EMA_BOUNCE,EMA8,1,24,BREAK_EVEN,True,BREAK_EVEN,0.0000
38700,2026-09-01 12:13:38.804,EMA_BOUNCE,EMA8,1,24,NO_BREAK_EVEN,True,BAR_CLOSE_TRAIL,2.0000
38700,2026-09-01 12:13:38.804,EMA_BOUNCE,EMA8,1,48,BREAK_EVEN,True,BREAK_EVEN,0.0000
38700,2026-09-01 12:13:38.804,EMA_BOUNCE,EMA8,1,48,NO_BREAK_EVEN,True,BAR_CLOSE_TRAIL,2.0000
38707,2026-09-01 12:17:24.136,EMA_BOUNCE,EMA8,1,12,BREAK_EVEN,False,HARD_STOP,-10.0000
38707,2026-09-01 12:17:24.136,EMA_BOUNCE,EMA8,1,12,NO_BREAK_EVEN,False,HARD_STOP,-10.0000
38707,2026-09-01 12:17:24.136,EMA_BOUNCE,EMA8,1,24,BREAK_EVEN,False,HARD_STOP,-10.0000
38707,2026-09-01 12:17:24.136,EMA_BOUNCE,EMA8,1,24,NO_BREAK_EVEN,False,HARD_STOP,-10.0000
38707,2026-09-01 12:17:24.136,EMA_BOUNCE,EMA8,1,48,BREAK_EVEN,False,HARD_STOP,-10.0000
38707,2026-09-01 12:17:24.136,EMA_BOUNCE,EMA8,1,48,NO_BREAK_EVEN,False,HARD_STOP,-10.0000
38726,2026-09-01 12:28:50.064,EMA_BOUNCE,EMA50,1,12,BREAK_EVEN,True,BREAK_EVEN,0.0000
38726,2026-09-01 12:28:50.064,EMA_BOUNCE,EMA50,1,12,NO_BREAK_EVEN,True,BAR_CLOSE_TRAIL,0.0000
38726,2026-09-01 12:28:50.064,EMA_BOUNCE,EMA50,1,24,BREAK_EVEN,True,BREAK_EVEN,0.0000
38726,2026-09-01 12:28:50.064,EMA_BOUNCE,EMA50,1,24,NO_BREAK_EVEN,True,BAR_CLOSE_TRAIL,0.0000
38726,2026-09-01 12:28:50.064,EMA_BOUNCE,EMA50,1,48,BREAK_EVEN,True,BREAK_EVEN,0.0000
38726,2026-09-01 12:28:50.064,EMA_BOUNCE,EMA50,1,48,NO_BREAK_EVEN,True,BAR_CLOSE_TRAIL,0.0000
38731,2026-09-01 12:30:14.108,EMA_BOUNCE,EMA50,1,12,BREAK_EVEN,False,HARD_STOP,-10.0000
38731,2026-09-01 12:30:14.108,EMA_BOUNCE,EMA50,1,12,NO_BREAK_EVEN,False,HARD_STOP,-10.0000
38731,2026-09-01 12:30:14.108,EMA_BOUNCE,EMA50,1,24,BREAK_EVEN,False,HARD_STOP,-10.0000
38731,2026-09-01 12:30:14.108,EMA_BOUNCE,EMA50,1,24,NO_BREAK_EVEN,False,HARD_STOP,-10.0000
38731,2026-09-01 12:30:14.108,EMA_BOUNCE,EMA50,1,48,BREAK_EVEN,False,HARD_STOP,-10.0000
38731,2026-09-01 12:30:14.108,EMA_BOUNCE,EMA50,1,48,NO_BREAK_EVEN,False,HARD_STOP,-10.0000
38782,2026-09-01 12:53:00.052,PIN7,PIN7,-1,12,BREAK_EVEN,True,BAR_CLOSE_TRAIL,2.0000
38782,2026-09-01 12:53:00.052,PIN7,PIN7,-1,12,NO_BREAK_EVEN,True,BAR_CLOSE_TRAIL,2.0000
38782,2026-09-01 12:53:00.052,PIN7,PIN7,-1,24,BREAK_EVEN,True,BAR_CLOSE_TRAIL,2.0000
38782,2026-09-01 12:53:00.052,PIN7,PIN7,-1,24,NO_BREAK_EVEN,True,BAR_CLOSE_TRAIL,2.0000
38782,2026-09-01 12:53:00.052,PIN7,PIN7,-1,48,BREAK_EVEN,True,BAR_CLOSE_TRAIL,2.0000
38782,2026-09-01 12:53:00.052,PIN7,PIN7,-1,48,NO_BREAK_EVEN,True,BAR_CLOSE_TRAIL,2.0000
38795,2026-09-01 12:55:31.044,EMA_BOUNCE,EMA50,-1,12,BREAK_EVEN,True,BAR_CLOSE_TRAIL,4.0000
38795,2026-09-01 12:55:31.044,EMA_BOUNCE,EMA50,-1,12,NO_BREAK_EVEN,True,BAR_CLOSE_TRAIL,4.0000
38795,2026-09-01 12:55:31.044,EMA_BOUNCE,EMA50,-1,24,BREAK_EVEN,True,BAR_CLOSE_TRAIL,4.0000
38795,2026-09-01 12:55:31.044,EMA_BOUNCE,EMA50,-1,24,NO_BREAK_EVEN,True,BAR_CLOSE_TRAIL,4.0000
38795,2026-09-01 12:55:31.044,EMA_BOUNCE,EMA50,-1,48,BREAK_EVEN,True,BAR_CLOSE_TRAIL,4.0000
38795,2026-09-01 12:55:31.044,EMA_BOUNCE,EMA50,-1,48,NO_BREAK_EVEN,True,BAR_CLOSE_TRAIL,4.0000
38798,2026-09-01 12:56:19.160,PIN7,PIN7,-1,12,BREAK_EVEN,False,HARD_STOP,-10.0000
38798,2026-09-01 12:56:19.160,PIN7,PIN7,-1,12,NO_BREAK_EVEN,False,HARD_STOP,-10.0000
38798,2026-09-01 12:56:19.160,PIN7,PIN7,-1,24,BREAK_EVEN,False,HARD_STOP,-10.0000
38798,2026-09-01 12:56:19.160,PIN7,PIN7,-1,24,NO_BREAK_EVEN,False,HARD_STOP,-10.0000
38798,2026-09-01 12:56:19.160,PIN7,PIN7,-1,48,BREAK_EVEN,False,HARD_STOP,-10.0000
38798,2026-09-01 12:56:19.160,PIN7,PIN7,-1,48,NO_BREAK_EVEN,False,HARD_STOP,-10.0000
39727,2026-09-02 06:40:24.652,EMA_BOUNCE,EMA8,1,12,BREAK_EVEN,True,BAR_CLOSE_TRAIL,3.0000
39727,2026-09-02 06:40:24.652,EMA_BOUNCE,EMA8,1,12,NO_BREAK_EVEN,True,BAR_CLOSE_TRAIL,3.0000
39727,2026-09-02 06:40:24.652,EMA_BOUNCE,EMA8,1,24,BREAK_EVEN,True,BAR_CLOSE_TRAIL,3.0000
39727,2026-09-02 06:40:24.652,EMA_BOUNCE,EMA8,1,24,NO_BREAK_EVEN,True,BAR_CLOSE_TRAIL,3.0000
39727,2026-09-02 06:40:24.652,EMA_BOUNCE,EMA8,1,48,BREAK_EVEN,True,BAR_CLOSE_TRAIL,3.0000
39727,2026-09-02 06:40:24.652,EMA_BOUNCE,EMA8,1,48,NO_BREAK_EVEN,True,BAR_CLOSE_TRAIL,3.0000
39731,2026-09-02 06:41:11.004,EMA_BOUNCE,EMA8,1,12,BREAK_EVEN,True,BREAK_EVEN,0.0000
39731,2026-09-02 06:41:11.004,EMA_BOUNCE,EMA8,1,12,NO_BREAK_EVEN,True,BAR_CLOSE_TRAIL,0.0000
39731,2026-09-02 06:41:11.004,EMA_BOUNCE,EMA8,1,24,BREAK_EVEN,True,BREAK_EVEN,0.0000
39731,2026-09-02 06:41:11.004,EMA_BOUNCE,EMA8,1,24,NO_BREAK_EVEN,True,BAR_CLOSE_TRAIL,0.0000
39731,2026-09-02 06:41:11.004,EMA_BOUNCE,EMA8,1,48,BREAK_EVEN,True,BREAK_EVEN,0.0000
39731,2026-09-02 06:41:11.004,EMA_BOUNCE,EMA8,1,48,NO_BREAK_EVEN,True,BAR_CLOSE_TRAIL,0.0000
39733,2026-09-02 06:41:16.432,EMA_BOUNCE,EMA8,1,12,BREAK_EVEN,True,BREAK_EVEN,0.0000
39733,2026-09-02 06:41:16.432,EMA_BOUNCE,EMA8,1,12,NO_BREAK_EVEN,True,BAR_CLOSE_TRAIL,1.0000
39733,2026-09-02 06:41:16.432,EMA_BOUNCE,EMA8,1,24,BREAK_EVEN,True,BREAK_EVEN,0.0000
39733,2026-09-02 06:41:16.432,EMA_BOUNCE,EMA8,1,24,NO_BREAK_EVEN,True,BAR_CLOSE_TRAIL,1.0000
39733,2026-09-02 06:41:16.432,EMA_BOUNCE,EMA8,1,48,BREAK_EVEN,True,BREAK_EVEN,0.0000
39733,2026-09-02 06:41:16.432,EMA_BOUNCE,EMA8,1,48,NO_BREAK_EVEN,True,BAR_CLOSE_TRAIL,1.0000
39823,2026-09-02 07:00:39.992,EMA_BOUNCE,EMA8,1,12,BREAK_EVEN,True,BAR_CLOSE_TRAIL,11.0000
39823,2026-09-02 07:00:39.992,EMA_BOUNCE,EMA8,1,12,NO_BREAK_EVEN,True,BAR_CLOSE_TRAIL,11.0000
39823,2026-09-02 07:00:39.992,EMA_BOUNCE,EMA8,1,24,BREAK_EVEN,True,BAR_CLOSE_TRAIL,11.0000
39823,2026-09-02 07:00:39.992,EMA_BOUNCE,EMA8,1,24,NO_BREAK_EVEN,True,BAR_CLOSE_TRAIL,11.0000
39823,2026-09-02 07:00:39.992,EMA_BOUNCE,EMA8,1,48,BREAK_EVEN,True,BAR_CLOSE_TRAIL,11.0000
39823,2026-09-02 07:00:39.992,EMA_BOUNCE,EMA8,1,48,NO_BREAK_EVEN,True,BAR_CLOSE_TRAIL,11.0000
39826,2026-09-02 07:01:09.408,PIN_STRICT,PIN,1,12,BREAK_EVEN,True,BREAK_EVEN,0.0000
39826,2026-09-02 07:01:09.408,PIN_STRICT,PIN,1,12,NO_BREAK_EVEN,True,BAR_CLOSE_TRAIL,-1.0000
39826,2026-09-02 07:01:09.408,PIN_STRICT,PIN,1,24,BREAK_EVEN,True,BREAK_EVEN,0.0000
39826,2026-09-02 07:01:09.408,PIN_STRICT,PIN,1,24,NO_BREAK_EVEN,True,BAR_CLOSE_TRAIL,-1.0000
39826,2026-09-02 07:01:09.408,PIN_STRICT,PIN,1,48,BREAK_EVEN,True,BREAK_EVEN,0.0000
39826,2026-09-02 07:01:09.408,PIN_STRICT,PIN,1,48,NO_BREAK_EVEN,True,BAR_CLOSE_TRAIL,-1.0000
39827,2026-09-02 07:01:15.160,PIN7,PIN7,1,12,BREAK_EVEN,True,BREAK_EVEN,0.0000
39827,2026-09-02 07:01:15.160,PIN7,PIN7,1,12,NO_BREAK_EVEN,True,BAR_CLOSE_TRAIL,-3.0000
39827,2026-09-02 07:01:15.160,PIN7,PIN7,1,24,BREAK_EVEN,True,BREAK_EVEN,0.0000
39827,2026-09-02 07:01:15.160,PIN7,PIN7,1,24,NO_BREAK_EVEN,True,BAR_CLOSE_TRAIL,-3.0000
39827,2026-09-02 07:01:15.160,PIN7,PIN7,1,48,BREAK_EVEN,True,BREAK_EVEN,0.0000
39827,2026-09-02 07:01:15.160,PIN7,PIN7,1,48,NO_BREAK_EVEN,True,BAR_CLOSE_TRAIL,-3.0000
39832,2026-09-02 07:02:16.096,EMA_BOUNCE,EMA8,1,12,BREAK_EVEN,False,HARD_STOP,-10.0000
39832,2026-09-02 07:02:16.096,EMA_BOUNCE,EMA8,1,12,NO_BREAK_EVEN,False,HARD_STOP,-10.0000
39832,2026-09-02 07:02:16.096,EMA_BOUNCE,EMA8,1,24,BREAK_EVEN,False,HARD_STOP,-10.0000
39832,2026-09-02 07:02:16.096,EMA_BOUNCE,EMA8,1,24,NO_BREAK_EVEN,False,HARD_STOP,-10.0000
39832,2026-09-02 07:02:16.096,EMA_BOUNCE,EMA8,1,48,BREAK_EVEN,False,HARD_STOP,-10.0000
39832,2026-09-02 07:02:16.096,EMA_BOUNCE,EMA8,1,48,NO_BREAK_EVEN,False,HARD_STOP,-10.0000
39836,2026-09-02 07:02:37.172,EMA_BOUNCE,EMA24,1,12,BREAK_EVEN,True,BAR_CLOSE_TRAIL,6.0000
39836,2026-09-02 07:02:37.172,EMA_BOUNCE,EMA24,1,12,NO_BREAK_EVEN,True,BAR_CLOSE_TRAIL,6.0000
39836,2026-09-02 07:02:37.172,EMA_BOUNCE,EMA24,1,24,BREAK_EVEN,True,BAR_CLOSE_TRAIL,6.0000
39836,2026-09-02 07:02:37.172,EMA_BOUNCE,EMA24,1,24,NO_BREAK_EVEN,True,BAR_CLOSE_TRAIL,6.0000
39836,2026-09-02 07:02:37.172,EMA_BOUNCE,EMA24,1,48,BREAK_EVEN,True,BAR_CLOSE_TRAIL,6.0000
39836,2026-09-02 07:02:37.172,EMA_BOUNCE,EMA24,1,48,NO_BREAK_EVEN,True,BAR_CLOSE_TRAIL,6.0000
39840,2026-09-02 07:02:46.868,EMA_BOUNCE,EMA24,1,12,BREAK_EVEN,True,BAR_CLOSE_TRAIL,6.0000
39840,2026-09-02 07:02:46.868,EMA_BOUNCE,EMA24,1,12,NO_BREAK_EVEN,True,BAR_CLOSE_TRAIL,6.0000
39840,2026-09-02 07:02:46.868,EMA_BOUNCE,EMA24,1,24,BREAK_EVEN,True,BAR_CLOSE_TRAIL,6.0000
39840,2026-09-02 07:02:46.868,EMA_BOUNCE,EMA24,1,24,NO_BREAK_EVEN,True,BAR_CLOSE_TRAIL,6.0000
39840,2026-09-02 07:02:46.868,EMA_BOUNCE,EMA24,1,48,BREAK_EVEN,True,BAR_CLOSE_TRAIL,6.0000
39840,2026-09-02 07:02:46.868,EMA_BOUNCE,EMA24,1,48,NO_BREAK_EVEN,True,BAR_CLOSE_TRAIL,6.0000
39848,2026-09-02 07:04:37.776,EMA_BOUNCE,EMA8,1,12,BREAK_EVEN,True,BAR_CLOSE_TRAIL,10.0000
39848,2026-09-02 07:04:37.776,EMA_BOUNCE,EMA8,1,12,NO_BREAK_EVEN,True,BAR_CLOSE_TRAIL,10.0000
39848,2026-09-02 07:04:37.776,EMA_BOUNCE,EMA8,1,24,BREAK_EVEN,True,BAR_CLOSE_TRAIL,10.0000
39848,2026-09-02 07:04:37.776,EMA_BOUNCE,EMA8,1,24,NO_BREAK_EVEN,True,BAR_CLOSE_TRAIL,10.0000
39848,2026-09-02 07:04:37.776,EMA_BOUNCE,EMA8,1,48,BREAK_EVEN,True,BAR_CLOSE_TRAIL,10.0000
39848,2026-09-02 07:04:37.776,EMA_BOUNCE,EMA8,1,48,NO_BREAK_EVEN,True,BAR_CLOSE_TRAIL,10.0000
39860,2026-09-02 07:09:01.324,EMA_BOUNCE,EMA8,1,12,BREAK_EVEN,False,HARD_STOP,-10.0000
39860,2026-09-02 07:09:01.324,EMA_BOUNCE,EMA8,1,12,NO_BREAK_EVEN,False,HARD_STOP,-10.0000
39860,2026-09-02 07:09:01.324,EMA_BOUNCE,EMA8,1,24,BREAK_EVEN,False,HARD_STOP,-10.0000
39860,2026-09-02 07:09:01.324,EMA_BOUNCE,EMA8,1,24,NO_BREAK_EVEN,False,HARD_STOP,-10.0000
39860,2026-09-02 07:09:01.324,EMA_BOUNCE,EMA8,1,48,BREAK_EVEN,False,HARD_STOP,-10.0000
39860,2026-09-02 07:09:01.324,EMA_BOUNCE,EMA8,1,48,NO_BREAK_EVEN,False,HARD_STOP,-10.0000
39877,2026-09-02 07:12:55.996,EMA_BOUNCE,EMA50,1,12,BREAK_EVEN,True,BAR_CLOSE_TRAIL,14.0000
39877,2026-09-02 07:12:55.996,EMA_BOUNCE,EMA50,1,12,NO_BREAK_EVEN,True,BAR_CLOSE_TRAIL,14.0000
39877,2026-09-02 07:12:55.996,EMA_BOUNCE,EMA50,1,24,BREAK_EVEN,True,BAR_CLOSE_TRAIL,14.0000
39877,2026-09-02 07:12:55.996,EMA_BOUNCE,EMA50,1,24,NO_BREAK_EVEN,True,BAR_CLOSE_TRAIL,14.0000
39877,2026-09-02 07:12:55.996,EMA_BOUNCE,EMA50,1,48,BREAK_EVEN,True,BAR_CLOSE_TRAIL,14.0000
39877,2026-09-02 07:12:55.996,EMA_BOUNCE,EMA50,1,48,NO_BREAK_EVEN,True,BAR_CLOSE_TRAIL,14.0000
39886,2026-09-02 07:16:00.016,EMA_BOUNCE,EMA8,1,12,BREAK_EVEN,True,TIME,27.0000
39886,2026-09-02 07:16:00.016,EMA_BOUNCE,EMA8,1,12,NO_BREAK_EVEN,True,TIME,27.0000
39886,2026-09-02 07:16:00.016,EMA_BOUNCE,EMA8,1,24,BREAK_EVEN,True,BAR_CLOSE_TRAIL,39.0000
39886,2026-09-02 07:16:00.016,EMA_BOUNCE,EMA8,1,24,NO_BREAK_EVEN,True,BAR_CLOSE_TRAIL,39.0000
39886,2026-09-02 07:16:00.016,EMA_BOUNCE,EMA8,1,48,BREAK_EVEN,True,BAR_CLOSE_TRAIL,39.0000
39886,2026-09-02 07:16:00.016,EMA_BOUNCE,EMA8,1,48,NO_BREAK_EVEN,True,BAR_CLOSE_TRAIL,39.0000
39889,2026-09-02 07:17:19.568,PIN7,PIN7,1,12,BREAK_EVEN,True,BREAK_EVEN,0.0000
39889,2026-09-02 07:17:19.568,PIN7,PIN7,1,12,NO_BREAK_EVEN,True,BAR_CLOSE_TRAIL,0.0000
39889,2026-09-02 07:17:19.568,PIN7,PIN7,1,24,BREAK_EVEN,True,BREAK_EVEN,0.0000
39889,2026-09-02 07:17:19.568,PIN7,PIN7,1,24,NO_BREAK_EVEN,True,BAR_CLOSE_TRAIL,0.0000
39889,2026-09-02 07:17:19.568,PIN7,PIN7,1,48,BREAK_EVEN,True,BREAK_EVEN,0.0000
39889,2026-09-02 07:17:19.568,PIN7,PIN7,1,48,NO_BREAK_EVEN,True,BAR_CLOSE_TRAIL,0.0000
39902,2026-09-02 07:21:37.324,PIN7,PIN7,1,12,BREAK_EVEN,True,BAR_CLOSE_TRAIL,3.0000
39902,2026-09-02 07:21:37.324,PIN7,PIN7,1,12,NO_BREAK_EVEN,True,BAR_CLOSE_TRAIL,3.0000
39902,2026-09-02 07:21:37.324,PIN7,PIN7,1,24,BREAK_EVEN,True,BAR_CLOSE_TRAIL,3.0000
39902,2026-09-02 07:21:37.324,PIN7,PIN7,1,24,NO_BREAK_EVEN,True,BAR_CLOSE_TRAIL,3.0000
39902,2026-09-02 07:21:37.324,PIN7,PIN7,1,48,BREAK_EVEN,True,BAR_CLOSE_TRAIL,3.0000
39902,2026-09-02 07:21:37.324,PIN7,PIN7,1,48,NO_BREAK_EVEN,True,BAR_CLOSE_TRAIL,3.0000
39909,2026-09-02 07:23:44.032,EMA_BOUNCE,EMA8,1,12,BREAK_EVEN,True,BREAK_EVEN,0.0000
39909,2026-09-02 07:23:44.032,EMA_BOUNCE,EMA8,1,12,NO_BREAK_EVEN,True,BAR_CLOSE_TRAIL,-2.0000
39909,2026-09-02 07:23:44.032,EMA_BOUNCE,EMA8,1,24,BREAK_EVEN,True,BREAK_EVEN,0.0000
39909,2026-09-02 07:23:44.032,EMA_BOUNCE,EMA8,1,24,NO_BREAK_EVEN,True,BAR_CLOSE_TRAIL,-2.0000
39909,2026-09-02 07:23:44.032,EMA_BOUNCE,EMA8,1,48,BREAK_EVEN,True,BREAK_EVEN,0.0000
39909,2026-09-02 07:23:44.032,EMA_BOUNCE,EMA8,1,48,NO_BREAK_EVEN,True,BAR_CLOSE_TRAIL,-2.0000
39919,2026-09-02 07:29:14.872,EMA_BOUNCE,EMA8,1,12,BREAK_EVEN,False,HARD_STOP,-10.0000
39919,2026-09-02 07:29:14.872,EMA_BOUNCE,EMA8,1,12,NO_BREAK_EVEN,False,HARD_STOP,-10.0000
39919,2026-09-02 07:29:14.872,EMA_BOUNCE,EMA8,1,24,BREAK_EVEN,False,HARD_STOP,-10.0000
39919,2026-09-02 07:29:14.872,EMA_BOUNCE,EMA8,1,24,NO_BREAK_EVEN,False,HARD_STOP,-10.0000
39919,2026-09-02 07:29:14.872,EMA_BOUNCE,EMA8,1,48,BREAK_EVEN,False,HARD_STOP,-10.0000
39919,2026-09-02 07:29:14.872,EMA_BOUNCE,EMA8,1,48,NO_BREAK_EVEN,False,HARD_STOP,-10.0000
39923,2026-09-02 07:30:17.576,EMA_BOUNCE,EMA24,1,12,BREAK_EVEN,False,HARD_STOP,-10.0000
39923,2026-09-02 07:30:17.576,EMA_BOUNCE,EMA24,1,12,NO_BREAK_EVEN,False,HARD_STOP,-10.0000
39923,2026-09-02 07:30:17.576,EMA_BOUNCE,EMA24,1,24,BREAK_EVEN,False,HARD_STOP,-10.0000
39923,2026-09-02 07:30:17.576,EMA_BOUNCE,EMA24,1,24,NO_BREAK_EVEN,False,HARD_STOP,-10.0000
39923,2026-09-02 07:30:17.576,EMA_BOUNCE,EMA24,1,48,BREAK_EVEN,False,HARD_STOP,-10.0000
39923,2026-09-02 07:30:17.576,EMA_BOUNCE,EMA24,1,48,NO_BREAK_EVEN,False,HARD_STOP,-10.0000
39933,2026-09-02 07:33:44.516,EMA_BOUNCE,EMA50,1,12,BREAK_EVEN,True,BAR_CLOSE_TRAIL,24.0000
39933,2026-09-02 07:33:44.516,EMA_BOUNCE,EMA50,1,12,NO_BREAK_EVEN,True,BAR_CLOSE_TRAIL,24.0000
39933,2026-09-02 07:33:44.516,EMA_BOUNCE,EMA50,1,24,BREAK_EVEN,True,BAR_CLOSE_TRAIL,24.0000
39933,2026-09-02 07:33:44.516,EMA_BOUNCE,EMA50,1,24,NO_BREAK_EVEN,True,BAR_CLOSE_TRAIL,24.0000
39933,2026-09-02 07:33:44.516,EMA_BOUNCE,EMA50,1,48,BREAK_EVEN,True,BAR_CLOSE_TRAIL,24.0000
39933,2026-09-02 07:33:44.516,EMA_BOUNCE,EMA50,1,48,NO_BREAK_EVEN,True,BAR_CLOSE_TRAIL,24.0000
39939,2026-09-02 07:35:13.772,PIN_STRICT,PIN,1,12,BREAK_EVEN,True,TIME,6.0000
39939,2026-09-02 07:35:13.772,PIN_STRICT,PIN,1,12,NO_BREAK_EVEN,True,TIME,6.0000
39939,2026-09-02 07:35:13.772,PIN_STRICT,PIN,1,24,BREAK_EVEN,True,BAR_CLOSE_TRAIL,10.0000
39939,2026-09-02 07:35:13.772,PIN_STRICT,PIN,1,24,NO_BREAK_EVEN,True,BAR_CLOSE_TRAIL,10.0000
39939,2026-09-02 07:35:13.772,PIN_STRICT,PIN,1,48,BREAK_EVEN,True,BAR_CLOSE_TRAIL,10.0000
39939,2026-09-02 07:35:13.772,PIN_STRICT,PIN,1,48,NO_BREAK_EVEN,True,BAR_CLOSE_TRAIL,10.0000
39942,2026-09-02 07:36:20.628,EMA_BOUNCE,EMA8,1,12,BREAK_EVEN,True,BREAK_EVEN,0.0000
39942,2026-09-02 07:36:20.628,EMA_BOUNCE,EMA8,1,12,NO_BREAK_EVEN,True,BAR_CLOSE_TRAIL,0.0000
39942,2026-09-02 07:36:20.628,EMA_BOUNCE,EMA8,1,24,BREAK_EVEN,True,BREAK_EVEN,0.0000
39942,2026-09-02 07:36:20.628,EMA_BOUNCE,EMA8,1,24,NO_BREAK_EVEN,True,BAR_CLOSE_TRAIL,0.0000
39942,2026-09-02 07:36:20.628,EMA_BOUNCE,EMA8,1,48,BREAK_EVEN,True,BREAK_EVEN,0.0000
39942,2026-09-02 07:36:20.628,EMA_BOUNCE,EMA8,1,48,NO_BREAK_EVEN,True,BAR_CLOSE_TRAIL,0.0000
39952,2026-09-02 07:40:21.972,PIN7,PIN7,1,12,BREAK_EVEN,True,BREAK_EVEN,0.0000
39952,2026-09-02 07:40:21.972,PIN7,PIN7,1,12,NO_BREAK_EVEN,True,BAR_CLOSE_TRAIL,0.0000
39952,2026-09-02 07:40:21.972,PIN7,PIN7,1,24,BREAK_EVEN,True,BREAK_EVEN,0.0000
39952,2026-09-02 07:40:21.972,PIN7,PIN7,1,24,NO_BREAK_EVEN,True,BAR_CLOSE_TRAIL,0.0000
39952,2026-09-02 07:40:21.972,PIN7,PIN7,1,48,BREAK_EVEN,True,BREAK_EVEN,0.0000
39952,2026-09-02 07:40:21.972,PIN7,PIN7,1,48,NO_BREAK_EVEN,True,BAR_CLOSE_TRAIL,0.0000
39963,2026-09-02 07:44:26.996,PIN7,PIN7,1,12,BREAK_EVEN,False,HARD_STOP,-10.0000
39963,2026-09-02 07:44:26.996,PIN7,PIN7,1,12,NO_BREAK_EVEN,False,HARD_STOP,-10.0000
39963,2026-09-02 07:44:26.996,PIN7,PIN7,1,24,BREAK_EVEN,False,HARD_STOP,-10.0000
39963,2026-09-02 07:44:26.996,PIN7,PIN7,1,24,NO_BREAK_EVEN,False,HARD_STOP,-10.0000
39963,2026-09-02 07:44:26.996,PIN7,PIN7,1,48,BREAK_EVEN,False,HARD_STOP,-10.0000
39963,2026-09-02 07:44:26.996,PIN7,PIN7,1,48,NO_BREAK_EVEN,False,HARD_STOP,-10.0000
39968,2026-09-02 07:48:02.332,EMA_BOUNCE,EMA24,1,12,BREAK_EVEN,False,HARD_STOP,-10.0000
39968,2026-09-02 07:48:02.332,EMA_BOUNCE,EMA24,1,12,NO_BREAK_EVEN,False,HARD_STOP,-10.0000
39968,2026-09-02 07:48:02.332,EMA_BOUNCE,EMA24,1,24,BREAK_EVEN,False,HARD_STOP,-10.0000
39968,2026-09-02 07:48:02.332,EMA_BOUNCE,EMA24,1,24,NO_BREAK_EVEN,False,HARD_STOP,-10.0000
39968,2026-09-02 07:48:02.332,EMA_BOUNCE,EMA24,1,48,BREAK_EVEN,False,HARD_STOP,-10.0000
39968,2026-09-02 07:48:02.332,EMA_BOUNCE,EMA24,1,48,NO_BREAK_EVEN,False,HARD_STOP,-10.0000
39972,2026-09-02 07:49:51.340,EMA_BOUNCE,EMA50,1,12,BREAK_EVEN,False,HARD_STOP,-10.0000
39972,2026-09-02 07:49:51.340,EMA_BOUNCE,EMA50,1,12,NO_BREAK_EVEN,False,HARD_STOP,-10.0000
39972,2026-09-02 07:49:51.340,EMA_BOUNCE,EMA50,1,24,BREAK_EVEN,False,HARD_STOP,-10.0000
39972,2026-09-02 07:49:51.340,EMA_BOUNCE,EMA50,1,24,NO_BREAK_EVEN,False,HARD_STOP,-10.0000
39972,2026-09-02 07:49:51.340,EMA_BOUNCE,EMA50,1,48,BREAK_EVEN,False,HARD_STOP,-10.0000
39972,2026-09-02 07:49:51.340,EMA_BOUNCE,EMA50,1,48,NO_BREAK_EVEN,False,HARD_STOP,-10.0000
40308,2026-09-02 11:13:18.060,EMA_BOUNCE,EMA24,1,12,BREAK_EVEN,True,TIME,28.0000
40308,2026-09-02 11:13:18.060,EMA_BOUNCE,EMA24,1,12,NO_BREAK_EVEN,True,TIME,28.0000
40308,2026-09-02 11:13:18.060,EMA_BOUNCE,EMA24,1,24,BREAK_EVEN,True,BAR_CLOSE_TRAIL,26.0000
40308,2026-09-02 11:13:18.060,EMA_BOUNCE,EMA24,1,24,NO_BREAK_EVEN,True,BAR_CLOSE_TRAIL,26.0000
40308,2026-09-02 11:13:18.060,EMA_BOUNCE,EMA24,1,48,BREAK_EVEN,True,BAR_CLOSE_TRAIL,26.0000
40308,2026-09-02 11:13:18.060,EMA_BOUNCE,EMA24,1,48,NO_BREAK_EVEN,True,BAR_CLOSE_TRAIL,26.0000
40310,2026-09-02 11:15:10.444,EMA_BOUNCE,EMA24,1,12,BREAK_EVEN,True,TIME,30.0000
40310,2026-09-02 11:15:10.444,EMA_BOUNCE,EMA24,1,12,NO_BREAK_EVEN,True,TIME,30.0000
40310,2026-09-02 11:15:10.444,EMA_BOUNCE,EMA24,1,24,BREAK_EVEN,True,BAR_CLOSE_TRAIL,25.0000
40310,2026-09-02 11:15:10.444,EMA_BOUNCE,EMA24,1,24,NO_BREAK_EVEN,True,BAR_CLOSE_TRAIL,25.0000
40310,2026-09-02 11:15:10.444,EMA_BOUNCE,EMA24,1,48,BREAK_EVEN,True,BAR_CLOSE_TRAIL,25.0000
40310,2026-09-02 11:15:10.444,EMA_BOUNCE,EMA24,1,48,NO_BREAK_EVEN,True,BAR_CLOSE_TRAIL,25.0000
40358,2026-09-02 11:46:10.584,EMA_BOUNCE,EMA8,-1,12,BREAK_EVEN,True,BREAK_EVEN,0.0000
40358,2026-09-02 11:46:10.584,EMA_BOUNCE,EMA8,-1,12,NO_BREAK_EVEN,True,BAR_CLOSE_TRAIL,-3.0000
40358,2026-09-02 11:46:10.584,EMA_BOUNCE,EMA8,-1,24,BREAK_EVEN,True,BREAK_EVEN,0.0000
40358,2026-09-02 11:46:10.584,EMA_BOUNCE,EMA8,-1,24,NO_BREAK_EVEN,True,BAR_CLOSE_TRAIL,-3.0000
40358,2026-09-02 11:46:10.584,EMA_BOUNCE,EMA8,-1,48,BREAK_EVEN,True,BREAK_EVEN,0.0000
40358,2026-09-02 11:46:10.584,EMA_BOUNCE,EMA8,-1,48,NO_BREAK_EVEN,True,BAR_CLOSE_TRAIL,-3.0000
41481,2026-09-03 06:31:16.388,EMA_BOUNCE,EMA24,1,12,BREAK_EVEN,True,BAR_CLOSE_TRAIL,3.0000
41481,2026-09-03 06:31:16.388,EMA_BOUNCE,EMA24,1,12,NO_BREAK_EVEN,True,BAR_CLOSE_TRAIL,3.0000
41481,2026-09-03 06:31:16.388,EMA_BOUNCE,EMA24,1,24,BREAK_EVEN,True,BAR_CLOSE_TRAIL,3.0000
41481,2026-09-03 06:31:16.388,EMA_BOUNCE,EMA24,1,24,NO_BREAK_EVEN,True,BAR_CLOSE_TRAIL,3.0000
41481,2026-09-03 06:31:16.388,EMA_BOUNCE,EMA24,1,48,BREAK_EVEN,True,BAR_CLOSE_TRAIL,3.0000
41481,2026-09-03 06:31:16.388,EMA_BOUNCE,EMA24,1,48,NO_BREAK_EVEN,True,BAR_CLOSE_TRAIL,3.0000
41500,2026-09-03 06:32:58.904,EMA_BOUNCE,EMA24,1,12,BREAK_EVEN,True,TIME,24.0000
41500,2026-09-03 06:32:58.904,EMA_BOUNCE,EMA24,1,12,NO_BREAK_EVEN,True,TIME,24.0000
41500,2026-09-03 06:32:58.904,EMA_BOUNCE,EMA24,1,24,BREAK_EVEN,True,BAR_CLOSE_TRAIL,19.0000
41500,2026-09-03 06:32:58.904,EMA_BOUNCE,EMA24,1,24,NO_BREAK_EVEN,True,BAR_CLOSE_TRAIL,19.0000
41500,2026-09-03 06:32:58.904,EMA_BOUNCE,EMA24,1,48,BREAK_EVEN,True,BAR_CLOSE_TRAIL,19.0000
41500,2026-09-03 06:32:58.904,EMA_BOUNCE,EMA24,1,48,NO_BREAK_EVEN,True,BAR_CLOSE_TRAIL,19.0000
41503,2026-09-03 06:33:15.320,PIN7,PIN7,1,12,BREAK_EVEN,True,BAR_CLOSE_TRAIL,10.0000
41503,2026-09-03 06:33:15.320,PIN7,PIN7,1,12,NO_BREAK_EVEN,True,BAR_CLOSE_TRAIL,10.0000
41503,2026-09-03 06:33:15.320,PIN7,PIN7,1,24,BREAK_EVEN,True,BAR_CLOSE_TRAIL,10.0000
41503,2026-09-03 06:33:15.320,PIN7,PIN7,1,24,NO_BREAK_EVEN,True,BAR_CLOSE_TRAIL,10.0000
41503,2026-09-03 06:33:15.320,PIN7,PIN7,1,48,BREAK_EVEN,True,BAR_CLOSE_TRAIL,10.0000
41503,2026-09-03 06:33:15.320,PIN7,PIN7,1,48,NO_BREAK_EVEN,True,BAR_CLOSE_TRAIL,10.0000
41504,2026-09-03 06:33:24.108,PIN7,PIN7,1,12,BREAK_EVEN,True,BAR_CLOSE_TRAIL,7.0000
41504,2026-09-03 06:33:24.108,PIN7,PIN7,1,12,NO_BREAK_EVEN,True,BAR_CLOSE_TRAIL,7.0000
41504,2026-09-03 06:33:24.108,PIN7,PIN7,1,24,BREAK_EVEN,True,BAR_CLOSE_TRAIL,7.0000
41504,2026-09-03 06:33:24.108,PIN7,PIN7,1,24,NO_BREAK_EVEN,True,BAR_CLOSE_TRAIL,7.0000
41504,2026-09-03 06:33:24.108,PIN7,PIN7,1,48,BREAK_EVEN,True,BAR_CLOSE_TRAIL,7.0000
41504,2026-09-03 06:33:24.108,PIN7,PIN7,1,48,NO_BREAK_EVEN,True,BAR_CLOSE_TRAIL,7.0000
41512,2026-09-03 06:34:16.084,EMA_BOUNCE,EMA8,1,12,BREAK_EVEN,False,HARD_STOP,-10.0000
41512,2026-09-03 06:34:16.084,EMA_BOUNCE,EMA8,1,12,NO_BREAK_EVEN,False,HARD_STOP,-10.0000
41512,2026-09-03 06:34:16.084,EMA_BOUNCE,EMA8,1,24,BREAK_EVEN,False,HARD_STOP,-10.0000
41512,2026-09-03 06:34:16.084,EMA_BOUNCE,EMA8,1,24,NO_BREAK_EVEN,False,HARD_STOP,-10.0000
41512,2026-09-03 06:34:16.084,EMA_BOUNCE,EMA8,1,48,BREAK_EVEN,False,HARD_STOP,-10.0000
41512,2026-09-03 06:34:16.084,EMA_BOUNCE,EMA8,1,48,NO_BREAK_EVEN,False,HARD_STOP,-10.0000
41543,2026-09-03 06:38:32.784,PIN_STRICT,PIN,1,12,BREAK_EVEN,True,BREAK_EVEN,0.0000
41543,2026-09-03 06:38:32.784,PIN_STRICT,PIN,1,12,NO_BREAK_EVEN,True,BAR_CLOSE_TRAIL,3.0000
41543,2026-09-03 06:38:32.784,PIN_STRICT,PIN,1,24,BREAK_EVEN,True,BREAK_EVEN,0.0000
41543,2026-09-03 06:38:32.784,PIN_STRICT,PIN,1,24,NO_BREAK_EVEN,True,BAR_CLOSE_TRAIL,3.0000
41543,2026-09-03 06:38:32.784,PIN_STRICT,PIN,1,48,BREAK_EVEN,True,BREAK_EVEN,0.0000
41543,2026-09-03 06:38:32.784,PIN_STRICT,PIN,1,48,NO_BREAK_EVEN,True,BAR_CLOSE_TRAIL,3.0000
41548,2026-09-03 06:39:14.564,EMA_BOUNCE,EMA8,1,12,BREAK_EVEN,True,BREAK_EVEN,0.0000
41548,2026-09-03 06:39:14.564,EMA_BOUNCE,EMA8,1,12,NO_BREAK_EVEN,True,BAR_CLOSE_TRAIL,0.0000
41548,2026-09-03 06:39:14.564,EMA_BOUNCE,EMA8,1,24,BREAK_EVEN,True,BREAK_EVEN,0.0000
41548,2026-09-03 06:39:14.564,EMA_BOUNCE,EMA8,1,24,NO_BREAK_EVEN,True,BAR_CLOSE_TRAIL,0.0000
41548,2026-09-03 06:39:14.564,EMA_BOUNCE,EMA8,1,48,BREAK_EVEN,True,BREAK_EVEN,0.0000
41548,2026-09-03 06:39:14.564,EMA_BOUNCE,EMA8,1,48,NO_BREAK_EVEN,True,BAR_CLOSE_TRAIL,0.0000
41560,2026-09-03 06:41:13.352,EMA_BOUNCE,EMA24,1,12,BREAK_EVEN,True,BREAK_EVEN,0.0000
41560,2026-09-03 06:41:13.352,EMA_BOUNCE,EMA24,1,12,NO_BREAK_EVEN,True,BAR_CLOSE_TRAIL,7.0000
41560,2026-09-03 06:41:13.352,EMA_BOUNCE,EMA24,1,24,BREAK_EVEN,True,BREAK_EVEN,0.0000
41560,2026-09-03 06:41:13.352,EMA_BOUNCE,EMA24,1,24,NO_BREAK_EVEN,True,BAR_CLOSE_TRAIL,7.0000
41560,2026-09-03 06:41:13.352,EMA_BOUNCE,EMA24,1,48,BREAK_EVEN,True,BREAK_EVEN,0.0000
41560,2026-09-03 06:41:13.352,EMA_BOUNCE,EMA24,1,48,NO_BREAK_EVEN,True,BAR_CLOSE_TRAIL,7.0000
41643,2026-09-03 07:00:00.020,EMA_BOUNCE,EMA50,-1,12,BREAK_EVEN,True,BAR_CLOSE_TRAIL,10.0000
41643,2026-09-03 07:00:00.020,EMA_BOUNCE,EMA50,-1,12,NO_BREAK_EVEN,True,BAR_CLOSE_TRAIL,10.0000
41643,2026-09-03 07:00:00.020,EMA_BOUNCE,EMA50,-1,24,BREAK_EVEN,True,BAR_CLOSE_TRAIL,10.0000
41643,2026-09-03 07:00:00.020,EMA_BOUNCE,EMA50,-1,24,NO_BREAK_EVEN,True,BAR_CLOSE_TRAIL,10.0000
41643,2026-09-03 07:00:00.020,EMA_BOUNCE,EMA50,-1,48,BREAK_EVEN,True,BAR_CLOSE_TRAIL,10.0000
41643,2026-09-03 07:00:00.020,EMA_BOUNCE,EMA50,-1,48,NO_BREAK_EVEN,True,BAR_CLOSE_TRAIL,10.0000
41660,2026-09-03 07:01:08.032,PIN_STRICT,PIN,-1,12,BREAK_EVEN,True,BREAK_EVEN,0.0000
41660,2026-09-03 07:01:08.032,PIN_STRICT,PIN,-1,12,NO_BREAK_EVEN,True,BAR_CLOSE_TRAIL,10.0000
41660,2026-09-03 07:01:08.032,PIN_STRICT,PIN,-1,24,BREAK_EVEN,True,BREAK_EVEN,0.0000
41660,2026-09-03 07:01:08.032,PIN_STRICT,PIN,-1,24,NO_BREAK_EVEN,True,BAR_CLOSE_TRAIL,10.0000
41660,2026-09-03 07:01:08.032,PIN_STRICT,PIN,-1,48,BREAK_EVEN,True,BREAK_EVEN,0.0000
41660,2026-09-03 07:01:08.032,PIN_STRICT,PIN,-1,48,NO_BREAK_EVEN,True,BAR_CLOSE_TRAIL,10.0000
41678,2026-09-03 07:03:32.464,EMA_BOUNCE,EMA24,-1,12,BREAK_EVEN,True,BREAK_EVEN,0.0000
41678,2026-09-03 07:03:32.464,EMA_BOUNCE,EMA24,-1,12,NO_BREAK_EVEN,True,BAR_CLOSE_TRAIL,1.0000
41678,2026-09-03 07:03:32.464,EMA_BOUNCE,EMA24,-1,24,BREAK_EVEN,True,BREAK_EVEN,0.0000
41678,2026-09-03 07:03:32.464,EMA_BOUNCE,EMA24,-1,24,NO_BREAK_EVEN,True,BAR_CLOSE_TRAIL,1.0000
41678,2026-09-03 07:03:32.464,EMA_BOUNCE,EMA24,-1,48,BREAK_EVEN,True,BREAK_EVEN,0.0000
41678,2026-09-03 07:03:32.464,EMA_BOUNCE,EMA24,-1,48,NO_BREAK_EVEN,True,BAR_CLOSE_TRAIL,1.0000
41695,2026-09-03 07:06:10.032,EMA_BOUNCE,EMA24,-1,12,BREAK_EVEN,True,BREAK_EVEN,0.0000
41695,2026-09-03 07:06:10.032,EMA_BOUNCE,EMA24,-1,12,NO_BREAK_EVEN,True,BAR_CLOSE_TRAIL,-1.0000
41695,2026-09-03 07:06:10.032,EMA_BOUNCE,EMA24,-1,24,BREAK_EVEN,True,BREAK_EVEN,0.0000
41695,2026-09-03 07:06:10.032,EMA_BOUNCE,EMA24,-1,24,NO_BREAK_EVEN,True,BAR_CLOSE_TRAIL,-1.0000
41695,2026-09-03 07:06:10.032,EMA_BOUNCE,EMA24,-1,48,BREAK_EVEN,True,BREAK_EVEN,0.0000
41695,2026-09-03 07:06:10.032,EMA_BOUNCE,EMA24,-1,48,NO_BREAK_EVEN,True,BAR_CLOSE_TRAIL,-1.0000
41697,2026-09-03 07:06:21.668,EMA_BOUNCE,EMA24,-1,12,BREAK_EVEN,True,BREAK_EVEN,0.0000
41697,2026-09-03 07:06:21.668,EMA_BOUNCE,EMA24,-1,12,NO_BREAK_EVEN,True,BAR_CLOSE_TRAIL,-1.0000
41697,2026-09-03 07:06:21.668,EMA_BOUNCE,EMA24,-1,24,BREAK_EVEN,True,BREAK_EVEN,0.0000
41697,2026-09-03 07:06:21.668,EMA_BOUNCE,EMA24,-1,24,NO_BREAK_EVEN,True,BAR_CLOSE_TRAIL,-1.0000
41697,2026-09-03 07:06:21.668,EMA_BOUNCE,EMA24,-1,48,BREAK_EVEN,True,BREAK_EVEN,0.0000
41697,2026-09-03 07:06:21.668,EMA_BOUNCE,EMA24,-1,48,NO_BREAK_EVEN,True,BAR_CLOSE_TRAIL,-1.0000
41749,2026-09-03 07:15:02.856,PIN7,PIN7,1,12,BREAK_EVEN,True,BREAK_EVEN,0.0000
41749,2026-09-03 07:15:02.856,PIN7,PIN7,1,12,NO_BREAK_EVEN,True,BAR_CLOSE_TRAIL,1.0000
41749,2026-09-03 07:15:02.856,PIN7,PIN7,1,24,BREAK_EVEN,True,BREAK_EVEN,0.0000
41749,2026-09-03 07:15:02.856,PIN7,PIN7,1,24,NO_BREAK_EVEN,True,BAR_CLOSE_TRAIL,1.0000
41749,2026-09-03 07:15:02.856,PIN7,PIN7,1,48,BREAK_EVEN,True,BREAK_EVEN,0.0000
41749,2026-09-03 07:15:02.856,PIN7,PIN7,1,48,NO_BREAK_EVEN,True,BAR_CLOSE_TRAIL,1.0000
41750,2026-09-03 07:15:15.928,PIN7,PIN7,1,12,BREAK_EVEN,True,BREAK_EVEN,0.0000
41750,2026-09-03 07:15:15.928,PIN7,PIN7,1,12,NO_BREAK_EVEN,True,BAR_CLOSE_TRAIL,-1.0000
41750,2026-09-03 07:15:15.928,PIN7,PIN7,1,24,BREAK_EVEN,True,BREAK_EVEN,0.0000
41750,2026-09-03 07:15:15.928,PIN7,PIN7,1,24,NO_BREAK_EVEN,True,BAR_CLOSE_TRAIL,-1.0000
41750,2026-09-03 07:15:15.928,PIN7,PIN7,1,48,BREAK_EVEN,True,BREAK_EVEN,0.0000
41750,2026-09-03 07:15:15.928,PIN7,PIN7,1,48,NO_BREAK_EVEN,True,BAR_CLOSE_TRAIL,-1.0000
41751,2026-09-03 07:15:24.624,PIN7,PIN7,1,12,BREAK_EVEN,True,BREAK_EVEN,0.0000
41751,2026-09-03 07:15:24.624,PIN7,PIN7,1,12,NO_BREAK_EVEN,True,BAR_CLOSE_TRAIL,0.0000
41751,2026-09-03 07:15:24.624,PIN7,PIN7,1,24,BREAK_EVEN,True,BREAK_EVEN,0.0000
41751,2026-09-03 07:15:24.624,PIN7,PIN7,1,24,NO_BREAK_EVEN,True,BAR_CLOSE_TRAIL,0.0000
41751,2026-09-03 07:15:24.624,PIN7,PIN7,1,48,BREAK_EVEN,True,BREAK_EVEN,0.0000
41751,2026-09-03 07:15:24.624,PIN7,PIN7,1,48,NO_BREAK_EVEN,True,BAR_CLOSE_TRAIL,0.0000
41767,2026-09-03 07:19:33.000,PIN7,PIN7,1,12,BREAK_EVEN,True,BAR_CLOSE_TRAIL,8.0000
41767,2026-09-03 07:19:33.000,PIN7,PIN7,1,12,NO_BREAK_EVEN,True,BAR_CLOSE_TRAIL,8.0000
41767,2026-09-03 07:19:33.000,PIN7,PIN7,1,24,BREAK_EVEN,True,BAR_CLOSE_TRAIL,8.0000
41767,2026-09-03 07:19:33.000,PIN7,PIN7,1,24,NO_BREAK_EVEN,True,BAR_CLOSE_TRAIL,8.0000
41767,2026-09-03 07:19:33.000,PIN7,PIN7,1,48,BREAK_EVEN,True,BAR_CLOSE_TRAIL,8.0000
41767,2026-09-03 07:19:33.000,PIN7,PIN7,1,48,NO_BREAK_EVEN,True,BAR_CLOSE_TRAIL,8.0000
41770,2026-09-03 07:20:45.632,PIN_STRICT,PIN,1,12,BREAK_EVEN,False,HARD_STOP,-10.0000
41770,2026-09-03 07:20:45.632,PIN_STRICT,PIN,1,12,NO_BREAK_EVEN,False,HARD_STOP,-10.0000
41770,2026-09-03 07:20:45.632,PIN_STRICT,PIN,1,24,BREAK_EVEN,False,HARD_STOP,-10.0000
41770,2026-09-03 07:20:45.632,PIN_STRICT,PIN,1,24,NO_BREAK_EVEN,False,HARD_STOP,-10.0000
41770,2026-09-03 07:20:45.632,PIN_STRICT,PIN,1,48,BREAK_EVEN,False,HARD_STOP,-10.0000
41770,2026-09-03 07:20:45.632,PIN_STRICT,PIN,1,48,NO_BREAK_EVEN,False,HARD_STOP,-10.0000
41834,2026-09-03 07:36:18.576,EMA_BOUNCE,EMA50,-1,12,BREAK_EVEN,True,BREAK_EVEN,0.0000
41834,2026-09-03 07:36:18.576,EMA_BOUNCE,EMA50,-1,12,NO_BREAK_EVEN,True,BAR_CLOSE_TRAIL,-0.0000
41834,2026-09-03 07:36:18.576,EMA_BOUNCE,EMA50,-1,24,BREAK_EVEN,True,BREAK_EVEN,0.0000
41834,2026-09-03 07:36:18.576,EMA_BOUNCE,EMA50,-1,24,NO_BREAK_EVEN,True,BAR_CLOSE_TRAIL,-0.0000
41834,2026-09-03 07:36:18.576,EMA_BOUNCE,EMA50,-1,48,BREAK_EVEN,True,BREAK_EVEN,0.0000
41834,2026-09-03 07:36:18.576,EMA_BOUNCE,EMA50,-1,48,NO_BREAK_EVEN,True,BAR_CLOSE_TRAIL,-0.0000
41894,2026-09-03 07:48:26.252,EMA_BOUNCE,EMA8,1,12,BREAK_EVEN,True,BREAK_EVEN,0.0000
41894,2026-09-03 07:48:26.252,EMA_BOUNCE,EMA8,1,12,NO_BREAK_EVEN,True,BAR_CLOSE_TRAIL,3.0000
41894,2026-09-03 07:48:26.252,EMA_BOUNCE,EMA8,1,24,BREAK_EVEN,True,BREAK_EVEN,0.0000
41894,2026-09-03 07:48:26.252,EMA_BOUNCE,EMA8,1,24,NO_BREAK_EVEN,True,BAR_CLOSE_TRAIL,3.0000
41894,2026-09-03 07:48:26.252,EMA_BOUNCE,EMA8,1,48,BREAK_EVEN,True,BREAK_EVEN,0.0000
41894,2026-09-03 07:48:26.252,EMA_BOUNCE,EMA8,1,48,NO_BREAK_EVEN,True,BAR_CLOSE_TRAIL,3.0000
41901,2026-09-03 07:49:50.412,EMA_BOUNCE,EMA8,1,12,BREAK_EVEN,True,BREAK_EVEN,0.0000
41901,2026-09-03 07:49:50.412,EMA_BOUNCE,EMA8,1,12,NO_BREAK_EVEN,True,BAR_CLOSE_TRAIL,-2.0000
41901,2026-09-03 07:49:50.412,EMA_BOUNCE,EMA8,1,24,BREAK_EVEN,True,BREAK_EVEN,0.0000
41901,2026-09-03 07:49:50.412,EMA_BOUNCE,EMA8,1,24,NO_BREAK_EVEN,True,BAR_CLOSE_TRAIL,-2.0000
41901,2026-09-03 07:49:50.412,EMA_BOUNCE,EMA8,1,48,BREAK_EVEN,True,BREAK_EVEN,0.0000
41901,2026-09-03 07:49:50.412,EMA_BOUNCE,EMA8,1,48,NO_BREAK_EVEN,True,BAR_CLOSE_TRAIL,-2.0000
41906,2026-09-03 07:50:50.572,EMA_BOUNCE,EMA24,1,12,BREAK_EVEN,False,HARD_STOP,-10.0000
41906,2026-09-03 07:50:50.572,EMA_BOUNCE,EMA24,1,12,NO_BREAK_EVEN,False,HARD_STOP,-10.0000
41906,2026-09-03 07:50:50.572,EMA_BOUNCE,EMA24,1,24,BREAK_EVEN,False,HARD_STOP,-10.0000
41906,2026-09-03 07:50:50.572,EMA_BOUNCE,EMA24,1,24,NO_BREAK_EVEN,False,HARD_STOP,-10.0000
41906,2026-09-03 07:50:50.572,EMA_BOUNCE,EMA24,1,48,BREAK_EVEN,False,HARD_STOP,-10.0000
41906,2026-09-03 07:50:50.572,EMA_BOUNCE,EMA24,1,48,NO_BREAK_EVEN,False,HARD_STOP,-10.0000
41938,2026-09-03 07:56:22.816,PIN_STRICT,PIN,-1,12,BREAK_EVEN,True,BREAK_EVEN,0.0000
41938,2026-09-03 07:56:22.816,PIN_STRICT,PIN,-1,12,NO_BREAK_EVEN,True,HARD_STOP,-10.0000
41938,2026-09-03 07:56:22.816,PIN_STRICT,PIN,-1,24,BREAK_EVEN,True,BREAK_EVEN,0.0000
41938,2026-09-03 07:56:22.816,PIN_STRICT,PIN,-1,24,NO_BREAK_EVEN,True,HARD_STOP,-10.0000
41938,2026-09-03 07:56:22.816,PIN_STRICT,PIN,-1,48,BREAK_EVEN,True,BREAK_EVEN,0.0000
41938,2026-09-03 07:56:22.816,PIN_STRICT,PIN,-1,48,NO_BREAK_EVEN,True,HARD_STOP,-10.0000
41968,2026-09-03 07:58:12.480,PIN7,PIN7,1,12,BREAK_EVEN,True,TIME,33.0000
41968,2026-09-03 07:58:12.480,PIN7,PIN7,1,12,NO_BREAK_EVEN,True,TIME,33.0000
41968,2026-09-03 07:58:12.480,PIN7,PIN7,1,24,BREAK_EVEN,True,TIME,63.0000
41968,2026-09-03 07:58:12.480,PIN7,PIN7,1,24,NO_BREAK_EVEN,True,TIME,63.0000
41968,2026-09-03 07:58:12.480,PIN7,PIN7,1,48,BREAK_EVEN,True,BAR_CLOSE_TRAIL,70.0000
41968,2026-09-03 07:58:12.480,PIN7,PIN7,1,48,NO_BREAK_EVEN,True,BAR_CLOSE_TRAIL,70.0000
41975,2026-09-03 07:59:49.772,PIN_STRICT,PIN,1,12,BREAK_EVEN,True,TIME,33.0000
41975,2026-09-03 07:59:49.772,PIN_STRICT,PIN,1,12,NO_BREAK_EVEN,True,TIME,33.0000
41975,2026-09-03 07:59:49.772,PIN_STRICT,PIN,1,24,BREAK_EVEN,True,BAR_CLOSE_TRAIL,49.0000
41975,2026-09-03 07:59:49.772,PIN_STRICT,PIN,1,24,NO_BREAK_EVEN,True,BAR_CLOSE_TRAIL,49.0000
41975,2026-09-03 07:59:49.772,PIN_STRICT,PIN,1,48,BREAK_EVEN,True,BAR_CLOSE_TRAIL,49.0000
41975,2026-09-03 07:59:49.772,PIN_STRICT,PIN,1,48,NO_BREAK_EVEN,True,BAR_CLOSE_TRAIL,49.0000
42250,2026-09-03 11:03:37.672,EMA_BOUNCE,EMA8,1,12,BREAK_EVEN,True,BREAK_EVEN,0.0000
42250,2026-09-03 11:03:37.672,EMA_BOUNCE,EMA8,1,12,NO_BREAK_EVEN,True,BAR_CLOSE_TRAIL,0.0000
42250,2026-09-03 11:03:37.672,EMA_BOUNCE,EMA8,1,24,BREAK_EVEN,True,BREAK_EVEN,0.0000
42250,2026-09-03 11:03:37.672,EMA_BOUNCE,EMA8,1,24,NO_BREAK_EVEN,True,BAR_CLOSE_TRAIL,0.0000
42250,2026-09-03 11:03:37.672,EMA_BOUNCE,EMA8,1,48,BREAK_EVEN,True,BREAK_EVEN,0.0000
42250,2026-09-03 11:03:37.672,EMA_BOUNCE,EMA8,1,48,NO_BREAK_EVEN,True,BAR_CLOSE_TRAIL,0.0000
42252,2026-09-03 11:05:10.768,EMA_BOUNCE,EMA8,1,12,BREAK_EVEN,True,BREAK_EVEN,0.0000
42252,2026-09-03 11:05:10.768,EMA_BOUNCE,EMA8,1,12,NO_BREAK_EVEN,True,BAR_CLOSE_TRAIL,-4.0000
42252,2026-09-03 11:05:10.768,EMA_BOUNCE,EMA8,1,24,BREAK_EVEN,True,BREAK_EVEN,0.0000
42252,2026-09-03 11:05:10.768,EMA_BOUNCE,EMA8,1,24,NO_BREAK_EVEN,True,BAR_CLOSE_TRAIL,-4.0000
42252,2026-09-03 11:05:10.768,EMA_BOUNCE,EMA8,1,48,BREAK_EVEN,True,BREAK_EVEN,0.0000
42252,2026-09-03 11:05:10.768,EMA_BOUNCE,EMA8,1,48,NO_BREAK_EVEN,True,BAR_CLOSE_TRAIL,-4.0000
42259,2026-09-03 11:13:21.080,EMA_BOUNCE,EMA8,1,12,BREAK_EVEN,True,BREAK_EVEN,0.0000
42259,2026-09-03 11:13:21.080,EMA_BOUNCE,EMA8,1,12,NO_BREAK_EVEN,True,BAR_CLOSE_TRAIL,-5.0000
42259,2026-09-03 11:13:21.080,EMA_BOUNCE,EMA8,1,24,BREAK_EVEN,True,BREAK_EVEN,0.0000
42259,2026-09-03 11:13:21.080,EMA_BOUNCE,EMA8,1,24,NO_BREAK_EVEN,True,BAR_CLOSE_TRAIL,-5.0000
42259,2026-09-03 11:13:21.080,EMA_BOUNCE,EMA8,1,48,BREAK_EVEN,True,BREAK_EVEN,0.0000
42259,2026-09-03 11:13:21.080,EMA_BOUNCE,EMA8,1,48,NO_BREAK_EVEN,True,BAR_CLOSE_TRAIL,-5.0000
42274,2026-09-03 11:32:27.152,EMA_BOUNCE,EMA50,1,12,BREAK_EVEN,True,BREAK_EVEN,0.0000
42274,2026-09-03 11:32:27.152,EMA_BOUNCE,EMA50,1,12,NO_BREAK_EVEN,True,BAR_CLOSE_TRAIL,-1.0000
42274,2026-09-03 11:32:27.152,EMA_BOUNCE,EMA50,1,24,BREAK_EVEN,True,BREAK_EVEN,0.0000
42274,2026-09-03 11:32:27.152,EMA_BOUNCE,EMA50,1,24,NO_BREAK_EVEN,True,BAR_CLOSE_TRAIL,-1.0000
42274,2026-09-03 11:32:27.152,EMA_BOUNCE,EMA50,1,48,BREAK_EVEN,True,BREAK_EVEN,0.0000
42274,2026-09-03 11:32:27.152,EMA_BOUNCE,EMA50,1,48,NO_BREAK_EVEN,True,BAR_CLOSE_TRAIL,-1.0000
42298,2026-09-03 12:15:33.976,PIN7,PIN7,-1,12,BREAK_EVEN,False,HARD_STOP,-10.0000
42298,2026-09-03 12:15:33.976,PIN7,PIN7,-1,12,NO_BREAK_EVEN,False,HARD_STOP,-10.0000
42298,2026-09-03 12:15:33.976,PIN7,PIN7,-1,24,BREAK_EVEN,False,HARD_STOP,-10.0000
42298,2026-09-03 12:15:33.976,PIN7,PIN7,-1,24,NO_BREAK_EVEN,False,HARD_STOP,-10.0000
42298,2026-09-03 12:15:33.976,PIN7,PIN7,-1,48,BREAK_EVEN,False,HARD_STOP,-10.0000
42298,2026-09-03 12:15:33.976,PIN7,PIN7,-1,48,NO_BREAK_EVEN,False,HARD_STOP,-10.0000
42309,2026-09-03 12:30:52.348,EMA_BOUNCE,EMA24+EMA50,-1,12,BREAK_EVEN,True,BREAK_EVEN,0.0000
42309,2026-09-03 12:30:52.348,EMA_BOUNCE,EMA24+EMA50,-1,12,NO_BREAK_EVEN,True,BAR_CLOSE_TRAIL,-3.0000
42309,2026-09-03 12:30:52.348,EMA_BOUNCE,EMA24+EMA50,-1,24,BREAK_EVEN,True,BREAK_EVEN,0.0000
42309,2026-09-03 12:30:52.348,EMA_BOUNCE,EMA24+EMA50,-1,24,NO_BREAK_EVEN,True,BAR_CLOSE_TRAIL,-3.0000
42309,2026-09-03 12:30:52.348,EMA_BOUNCE,EMA24+EMA50,-1,48,BREAK_EVEN,True,BREAK_EVEN,0.0000
42309,2026-09-03 12:30:52.348,EMA_BOUNCE,EMA24+EMA50,-1,48,NO_BREAK_EVEN,True,BAR_CLOSE_TRAIL,-3.0000
42311,2026-09-03 12:33:28.348,EMA_BOUNCE,EMA50,-1,12,BREAK_EVEN,True,BREAK_EVEN,0.0000
42311,2026-09-03 12:33:28.348,EMA_BOUNCE,EMA50,-1,12,NO_BREAK_EVEN,True,BAR_CLOSE_TRAIL,-3.0000
42311,2026-09-03 12:33:28.348,EMA_BOUNCE,EMA50,-1,24,BREAK_EVEN,True,BREAK_EVEN,0.0000
42311,2026-09-03 12:33:28.348,EMA_BOUNCE,EMA50,-1,24,NO_BREAK_EVEN,True,BAR_CLOSE_TRAIL,-3.0000
42311,2026-09-03 12:33:28.348,EMA_BOUNCE,EMA50,-1,48,BREAK_EVEN,True,BREAK_EVEN,0.0000
42311,2026-09-03 12:33:28.348,EMA_BOUNCE,EMA50,-1,48,NO_BREAK_EVEN,True,BAR_CLOSE_TRAIL,-3.0000
42316,2026-09-03 12:41:04.328,EMA_BOUNCE,EMA50,-1,12,BREAK_EVEN,True,BAR_CLOSE_TRAIL,2.0000
42316,2026-09-03 12:41:04.328,EMA_BOUNCE,EMA50,-1,12,NO_BREAK_EVEN,True,BAR_CLOSE_TRAIL,2.0000
42316,2026-09-03 12:41:04.328,EMA_BOUNCE,EMA50,-1,24,BREAK_EVEN,True,BAR_CLOSE_TRAIL,2.0000
42316,2026-09-03 12:41:04.328,EMA_BOUNCE,EMA50,-1,24,NO_BREAK_EVEN,True,BAR_CLOSE_TRAIL,2.0000
42316,2026-09-03 12:41:04.328,EMA_BOUNCE,EMA50,-1,48,BREAK_EVEN,True,BAR_CLOSE_TRAIL,2.0000
42316,2026-09-03 12:41:04.328,EMA_BOUNCE,EMA50,-1,48,NO_BREAK_EVEN,True,BAR_CLOSE_TRAIL,2.0000
42337,2026-09-03 12:56:16.900,PIN7,PIN7,-1,12,BREAK_EVEN,True,BREAK_EVEN,0.0000
42337,2026-09-03 12:56:16.900,PIN7,PIN7,-1,12,NO_BREAK_EVEN,True,BAR_CLOSE_TRAIL,-3.0000
42337,2026-09-03 12:56:16.900,PIN7,PIN7,-1,24,BREAK_EVEN,True,BREAK_EVEN,0.0000
42337,2026-09-03 12:56:16.900,PIN7,PIN7,-1,24,NO_BREAK_EVEN,True,BAR_CLOSE_TRAIL,-3.0000
42337,2026-09-03 12:56:16.900,PIN7,PIN7,-1,48,BREAK_EVEN,True,BREAK_EVEN,0.0000
42337,2026-09-03 12:56:16.900,PIN7,PIN7,-1,48,NO_BREAK_EVEN,True,BAR_CLOSE_TRAIL,-3.0000
42340,2026-09-03 12:58:30.724,EMA_BOUNCE,EMA8,-1,12,BREAK_EVEN,True,BREAK_EVEN,0.0000
42340,2026-09-03 12:58:30.724,EMA_BOUNCE,EMA8,-1,12,NO_BREAK_EVEN,True,BAR_CLOSE_TRAIL,-1.0000
42340,2026-09-03 12:58:30.724,EMA_BOUNCE,EMA8,-1,24,BREAK_EVEN,True,BREAK_EVEN,0.0000
42340,2026-09-03 12:58:30.724,EMA_BOUNCE,EMA8,-1,24,NO_BREAK_EVEN,True,BAR_CLOSE_TRAIL,-1.0000
42340,2026-09-03 12:58:30.724,EMA_BOUNCE,EMA8,-1,48,BREAK_EVEN,True,BREAK_EVEN,0.0000
42340,2026-09-03 12:58:30.724,EMA_BOUNCE,EMA8,-1,48,NO_BREAK_EVEN,True,BAR_CLOSE_TRAIL,-1.0000
42344,2026-09-03 12:59:04.876,EMA_BOUNCE,EMA8,-1,12,BREAK_EVEN,True,BREAK_EVEN,0.0000
42344,2026-09-03 12:59:04.876,EMA_BOUNCE,EMA8,-1,12,NO_BREAK_EVEN,True,BAR_CLOSE_TRAIL,-4.0000
42344,2026-09-03 12:59:04.876,EMA_BOUNCE,EMA8,-1,24,BREAK_EVEN,True,BREAK_EVEN,0.0000
42344,2026-09-03 12:59:04.876,EMA_BOUNCE,EMA8,-1,24,NO_BREAK_EVEN,True,BAR_CLOSE_TRAIL,-4.0000
42344,2026-09-03 12:59:04.876,EMA_BOUNCE,EMA8,-1,48,BREAK_EVEN,True,BREAK_EVEN,0.0000
42344,2026-09-03 12:59:04.876,EMA_BOUNCE,EMA8,-1,48,NO_BREAK_EVEN,True,BAR_CLOSE_TRAIL,-4.0000
43213,2026-09-04 06:31:14.084,EMA_BOUNCE,EMA24,1,12,BREAK_EVEN,True,BREAK_EVEN,0.0000
43213,2026-09-04 06:31:14.084,EMA_BOUNCE,EMA24,1,12,NO_BREAK_EVEN,True,BAR_CLOSE_TRAIL,4.0000
43213,2026-09-04 06:31:14.084,EMA_BOUNCE,EMA24,1,24,BREAK_EVEN,True,BREAK_EVEN,0.0000
43213,2026-09-04 06:31:14.084,EMA_BOUNCE,EMA24,1,24,NO_BREAK_EVEN,True,BAR_CLOSE_TRAIL,4.0000
43213,2026-09-04 06:31:14.084,EMA_BOUNCE,EMA24,1,48,BREAK_EVEN,True,BREAK_EVEN,0.0000
43213,2026-09-04 06:31:14.084,EMA_BOUNCE,EMA24,1,48,NO_BREAK_EVEN,True,BAR_CLOSE_TRAIL,4.0000
43226,2026-09-04 06:32:11.324,EMA_BOUNCE,EMA24,1,12,BREAK_EVEN,True,TIME,15.0000
43226,2026-09-04 06:32:11.324,EMA_BOUNCE,EMA24,1,12,NO_BREAK_EVEN,True,TIME,15.0000
43226,2026-09-04 06:32:11.324,EMA_BOUNCE,EMA24,1,24,BREAK_EVEN,True,BAR_CLOSE_TRAIL,9.0000
43226,2026-09-04 06:32:11.324,EMA_BOUNCE,EMA24,1,24,NO_BREAK_EVEN,True,BAR_CLOSE_TRAIL,9.0000
43226,2026-09-04 06:32:11.324,EMA_BOUNCE,EMA24,1,48,BREAK_EVEN,True,BAR_CLOSE_TRAIL,9.0000
43226,2026-09-04 06:32:11.324,EMA_BOUNCE,EMA24,1,48,NO_BREAK_EVEN,True,BAR_CLOSE_TRAIL,9.0000
43229,2026-09-04 06:33:16.972,PIN7,PIN7,1,12,BREAK_EVEN,True,BREAK_EVEN,0.0000
43229,2026-09-04 06:33:16.972,PIN7,PIN7,1,12,NO_BREAK_EVEN,True,TIME,1.0000
43229,2026-09-04 06:33:16.972,PIN7,PIN7,1,24,BREAK_EVEN,True,BREAK_EVEN,0.0000
43229,2026-09-04 06:33:16.972,PIN7,PIN7,1,24,NO_BREAK_EVEN,True,BAR_CLOSE_TRAIL,-3.0000
43229,2026-09-04 06:33:16.972,PIN7,PIN7,1,48,BREAK_EVEN,True,BREAK_EVEN,0.0000
43229,2026-09-04 06:33:16.972,PIN7,PIN7,1,48,NO_BREAK_EVEN,True,BAR_CLOSE_TRAIL,-3.0000
43233,2026-09-04 06:33:52.528,EMA_BOUNCE,EMA8,1,12,BREAK_EVEN,True,BREAK_EVEN,0.0000
43233,2026-09-04 06:33:52.528,EMA_BOUNCE,EMA8,1,12,NO_BREAK_EVEN,True,BAR_CLOSE_TRAIL,-1.0000
43233,2026-09-04 06:33:52.528,EMA_BOUNCE,EMA8,1,24,BREAK_EVEN,True,BREAK_EVEN,0.0000
43233,2026-09-04 06:33:52.528,EMA_BOUNCE,EMA8,1,24,NO_BREAK_EVEN,True,BAR_CLOSE_TRAIL,-1.0000
43233,2026-09-04 06:33:52.528,EMA_BOUNCE,EMA8,1,48,BREAK_EVEN,True,BREAK_EVEN,0.0000
43233,2026-09-04 06:33:52.528,EMA_BOUNCE,EMA8,1,48,NO_BREAK_EVEN,True,BAR_CLOSE_TRAIL,-1.0000
43268,2026-09-04 06:41:14.984,PIN7,PIN7,-1,12,BREAK_EVEN,False,HARD_STOP,-10.0000
43268,2026-09-04 06:41:14.984,PIN7,PIN7,-1,12,NO_BREAK_EVEN,False,HARD_STOP,-10.0000
43268,2026-09-04 06:41:14.984,PIN7,PIN7,-1,24,BREAK_EVEN,False,HARD_STOP,-10.0000
43268,2026-09-04 06:41:14.984,PIN7,PIN7,-1,24,NO_BREAK_EVEN,False,HARD_STOP,-10.0000
43268,2026-09-04 06:41:14.984,PIN7,PIN7,-1,48,BREAK_EVEN,False,HARD_STOP,-10.0000
43268,2026-09-04 06:41:14.984,PIN7,PIN7,-1,48,NO_BREAK_EVEN,False,HARD_STOP,-10.0000
43343,2026-09-04 07:02:56.308,PIN7,PIN7,-1,12,BREAK_EVEN,False,HARD_STOP,-10.0000
43343,2026-09-04 07:02:56.308,PIN7,PIN7,-1,12,NO_BREAK_EVEN,False,HARD_STOP,-10.0000
43343,2026-09-04 07:02:56.308,PIN7,PIN7,-1,24,BREAK_EVEN,False,HARD_STOP,-10.0000
43343,2026-09-04 07:02:56.308,PIN7,PIN7,-1,24,NO_BREAK_EVEN,False,HARD_STOP,-10.0000
43343,2026-09-04 07:02:56.308,PIN7,PIN7,-1,48,BREAK_EVEN,False,HARD_STOP,-10.0000
43343,2026-09-04 07:02:56.308,PIN7,PIN7,-1,48,NO_BREAK_EVEN,False,HARD_STOP,-10.0000
43347,2026-09-04 07:03:35.924,EMA_BOUNCE,EMA24,-1,12,BREAK_EVEN,True,BREAK_EVEN,0.0000
43347,2026-09-04 07:03:35.924,EMA_BOUNCE,EMA24,-1,12,NO_BREAK_EVEN,True,BAR_CLOSE_TRAIL,-0.0000
43347,2026-09-04 07:03:35.924,EMA_BOUNCE,EMA24,-1,24,BREAK_EVEN,True,BREAK_EVEN,0.0000
43347,2026-09-04 07:03:35.924,EMA_BOUNCE,EMA24,-1,24,NO_BREAK_EVEN,True,BAR_CLOSE_TRAIL,-0.0000
43347,2026-09-04 07:03:35.924,EMA_BOUNCE,EMA24,-1,48,BREAK_EVEN,True,BREAK_EVEN,0.0000
43347,2026-09-04 07:03:35.924,EMA_BOUNCE,EMA24,-1,48,NO_BREAK_EVEN,True,BAR_CLOSE_TRAIL,-0.0000
43356,2026-09-04 07:06:33.380,EMA_BOUNCE,EMA50,-1,12,BREAK_EVEN,True,BREAK_EVEN,0.0000
43356,2026-09-04 07:06:33.380,EMA_BOUNCE,EMA50,-1,12,NO_BREAK_EVEN,True,TIME,20.0000
43356,2026-09-04 07:06:33.380,EMA_BOUNCE,EMA50,-1,24,BREAK_EVEN,True,BREAK_EVEN,0.0000
43356,2026-09-04 07:06:33.380,EMA_BOUNCE,EMA50,-1,24,NO_BREAK_EVEN,True,BAR_CLOSE_TRAIL,35.0000
43356,2026-09-04 07:06:33.380,EMA_BOUNCE,EMA50,-1,48,BREAK_EVEN,True,BREAK_EVEN,0.0000
43356,2026-09-04 07:06:33.380,EMA_BOUNCE,EMA50,-1,48,NO_BREAK_EVEN,True,BAR_CLOSE_TRAIL,35.0000
43368,2026-09-04 07:10:01.684,PIN7,PIN7,-1,12,BREAK_EVEN,True,BAR_CLOSE_TRAIL,15.0000
43368,2026-09-04 07:10:01.684,PIN7,PIN7,-1,12,NO_BREAK_EVEN,True,BAR_CLOSE_TRAIL,15.0000
43368,2026-09-04 07:10:01.684,PIN7,PIN7,-1,24,BREAK_EVEN,True,BAR_CLOSE_TRAIL,15.0000
43368,2026-09-04 07:10:01.684,PIN7,PIN7,-1,24,NO_BREAK_EVEN,True,BAR_CLOSE_TRAIL,15.0000
43368,2026-09-04 07:10:01.684,PIN7,PIN7,-1,48,BREAK_EVEN,True,BAR_CLOSE_TRAIL,15.0000
43368,2026-09-04 07:10:01.684,PIN7,PIN7,-1,48,NO_BREAK_EVEN,True,BAR_CLOSE_TRAIL,15.0000
43377,2026-09-04 07:12:40.320,PIN_STRICT,PIN,-1,12,BREAK_EVEN,True,BREAK_EVEN,0.0000
43377,2026-09-04 07:12:40.320,PIN_STRICT,PIN,-1,12,NO_BREAK_EVEN,True,BAR_CLOSE_TRAIL,-0.0000
43377,2026-09-04 07:12:40.320,PIN_STRICT,PIN,-1,24,BREAK_EVEN,True,BREAK_EVEN,0.0000
43377,2026-09-04 07:12:40.320,PIN_STRICT,PIN,-1,24,NO_BREAK_EVEN,True,BAR_CLOSE_TRAIL,-0.0000
43377,2026-09-04 07:12:40.320,PIN_STRICT,PIN,-1,48,BREAK_EVEN,True,BREAK_EVEN,0.0000
43377,2026-09-04 07:12:40.320,PIN_STRICT,PIN,-1,48,NO_BREAK_EVEN,True,BAR_CLOSE_TRAIL,-0.0000
43409,2026-09-04 07:22:17.208,EMA_BOUNCE,EMA24,-1,12,BREAK_EVEN,True,BREAK_EVEN,0.0000
43409,2026-09-04 07:22:17.208,EMA_BOUNCE,EMA24,-1,12,NO_BREAK_EVEN,True,BAR_CLOSE_TRAIL,-4.0000
43409,2026-09-04 07:22:17.208,EMA_BOUNCE,EMA24,-1,24,BREAK_EVEN,True,BREAK_EVEN,0.0000
43409,2026-09-04 07:22:17.208,EMA_BOUNCE,EMA24,-1,24,NO_BREAK_EVEN,True,BAR_CLOSE_TRAIL,-4.0000
43409,2026-09-04 07:22:17.208,EMA_BOUNCE,EMA24,-1,48,BREAK_EVEN,True,BREAK_EVEN,0.0000
43409,2026-09-04 07:22:17.208,EMA_BOUNCE,EMA24,-1,48,NO_BREAK_EVEN,True,BAR_CLOSE_TRAIL,-4.0000
43431,2026-09-04 07:31:41.084,PIN7,PIN7,-1,12,BREAK_EVEN,False,HARD_STOP,-10.0000
43431,2026-09-04 07:31:41.084,PIN7,PIN7,-1,12,NO_BREAK_EVEN,False,HARD_STOP,-10.0000
43431,2026-09-04 07:31:41.084,PIN7,PIN7,-1,24,BREAK_EVEN,False,HARD_STOP,-10.0000
43431,2026-09-04 07:31:41.084,PIN7,PIN7,-1,24,NO_BREAK_EVEN,False,HARD_STOP,-10.0000
43431,2026-09-04 07:31:41.084,PIN7,PIN7,-1,48,BREAK_EVEN,False,HARD_STOP,-10.0000
43431,2026-09-04 07:31:41.084,PIN7,PIN7,-1,48,NO_BREAK_EVEN,False,HARD_STOP,-10.0000
43472,2026-09-04 07:47:11.120,EMA_BOUNCE,EMA8,-1,12,BREAK_EVEN,True,BREAK_EVEN,0.0000
43472,2026-09-04 07:47:11.120,EMA_BOUNCE,EMA8,-1,12,NO_BREAK_EVEN,True,BAR_CLOSE_TRAIL,-1.0000
43472,2026-09-04 07:47:11.120,EMA_BOUNCE,EMA8,-1,24,BREAK_EVEN,True,BREAK_EVEN,0.0000
43472,2026-09-04 07:47:11.120,EMA_BOUNCE,EMA8,-1,24,NO_BREAK_EVEN,True,BAR_CLOSE_TRAIL,-1.0000
43472,2026-09-04 07:47:11.120,EMA_BOUNCE,EMA8,-1,48,BREAK_EVEN,True,BREAK_EVEN,0.0000
43472,2026-09-04 07:47:11.120,EMA_BOUNCE,EMA8,-1,48,NO_BREAK_EVEN,True,BAR_CLOSE_TRAIL,-1.0000
43476,2026-09-04 07:47:41.676,EMA_BOUNCE,EMA8,-1,12,BREAK_EVEN,True,BREAK_EVEN,0.0000
43476,2026-09-04 07:47:41.676,EMA_BOUNCE,EMA8,-1,12,NO_BREAK_EVEN,True,BAR_CLOSE_TRAIL,8.0000
43476,2026-09-04 07:47:41.676,EMA_BOUNCE,EMA8,-1,24,BREAK_EVEN,True,BREAK_EVEN,0.0000
43476,2026-09-04 07:47:41.676,EMA_BOUNCE,EMA8,-1,24,NO_BREAK_EVEN,True,BAR_CLOSE_TRAIL,8.0000
43476,2026-09-04 07:47:41.676,EMA_BOUNCE,EMA8,-1,48,BREAK_EVEN,True,BREAK_EVEN,0.0000
43476,2026-09-04 07:47:41.676,EMA_BOUNCE,EMA8,-1,48,NO_BREAK_EVEN,True,BAR_CLOSE_TRAIL,8.0000
43478,2026-09-04 07:48:24.976,EMA_BOUNCE,EMA8,-1,12,BREAK_EVEN,True,BAR_CLOSE_TRAIL,6.0000
43478,2026-09-04 07:48:24.976,EMA_BOUNCE,EMA8,-1,12,NO_BREAK_EVEN,True,BAR_CLOSE_TRAIL,6.0000
43478,2026-09-04 07:48:24.976,EMA_BOUNCE,EMA8,-1,24,BREAK_EVEN,True,BAR_CLOSE_TRAIL,6.0000
43478,2026-09-04 07:48:24.976,EMA_BOUNCE,EMA8,-1,24,NO_BREAK_EVEN,True,BAR_CLOSE_TRAIL,6.0000
43478,2026-09-04 07:48:24.976,EMA_BOUNCE,EMA8,-1,48,BREAK_EVEN,True,BAR_CLOSE_TRAIL,6.0000
43478,2026-09-04 07:48:24.976,EMA_BOUNCE,EMA8,-1,48,NO_BREAK_EVEN,True,BAR_CLOSE_TRAIL,6.0000
43488,2026-09-04 07:51:35.100,EMA_BOUNCE,EMA24,-1,12,BREAK_EVEN,True,BREAK_EVEN,0.0000
43488,2026-09-04 07:51:35.100,EMA_BOUNCE,EMA24,-1,12,NO_BREAK_EVEN,True,BAR_CLOSE_TRAIL,-0.0000
43488,2026-09-04 07:51:35.100,EMA_BOUNCE,EMA24,-1,24,BREAK_EVEN,True,BREAK_EVEN,0.0000
43488,2026-09-04 07:51:35.100,EMA_BOUNCE,EMA24,-1,24,NO_BREAK_EVEN,True,BAR_CLOSE_TRAIL,-0.0000
43488,2026-09-04 07:51:35.100,EMA_BOUNCE,EMA24,-1,48,BREAK_EVEN,True,BREAK_EVEN,0.0000
43488,2026-09-04 07:51:35.100,EMA_BOUNCE,EMA24,-1,48,NO_BREAK_EVEN,True,BAR_CLOSE_TRAIL,-0.0000
43491,2026-09-04 07:52:24.320,EMA_BOUNCE,EMA8,-1,12,BREAK_EVEN,True,BAR_CLOSE_TRAIL,7.0000
43491,2026-09-04 07:52:24.320,EMA_BOUNCE,EMA8,-1,12,NO_BREAK_EVEN,True,BAR_CLOSE_TRAIL,7.0000
43491,2026-09-04 07:52:24.320,EMA_BOUNCE,EMA8,-1,24,BREAK_EVEN,True,BAR_CLOSE_TRAIL,7.0000
43491,2026-09-04 07:52:24.320,EMA_BOUNCE,EMA8,-1,24,NO_BREAK_EVEN,True,BAR_CLOSE_TRAIL,7.0000
43491,2026-09-04 07:52:24.320,EMA_BOUNCE,EMA8,-1,48,BREAK_EVEN,True,BAR_CLOSE_TRAIL,7.0000
43491,2026-09-04 07:52:24.320,EMA_BOUNCE,EMA8,-1,48,NO_BREAK_EVEN,True,BAR_CLOSE_TRAIL,7.0000
43502,2026-09-04 07:56:29.648,EMA_BOUNCE,EMA8,-1,12,BREAK_EVEN,True,BAR_CLOSE_TRAIL,7.0000
43502,2026-09-04 07:56:29.648,EMA_BOUNCE,EMA8,-1,12,NO_BREAK_EVEN,True,BAR_CLOSE_TRAIL,7.0000
43502,2026-09-04 07:56:29.648,EMA_BOUNCE,EMA8,-1,24,BREAK_EVEN,True,BAR_CLOSE_TRAIL,7.0000
43502,2026-09-04 07:56:29.648,EMA_BOUNCE,EMA8,-1,24,NO_BREAK_EVEN,True,BAR_CLOSE_TRAIL,7.0000
43502,2026-09-04 07:56:29.648,EMA_BOUNCE,EMA8,-1,48,BREAK_EVEN,True,BAR_CLOSE_TRAIL,7.0000
43502,2026-09-04 07:56:29.648,EMA_BOUNCE,EMA8,-1,48,NO_BREAK_EVEN,True,BAR_CLOSE_TRAIL,7.0000
43504,2026-09-04 07:56:50.116,PIN7,PIN7,-1,12,BREAK_EVEN,True,BREAK_EVEN,0.0000
43504,2026-09-04 07:56:50.116,PIN7,PIN7,-1,12,NO_BREAK_EVEN,True,BAR_CLOSE_TRAIL,-1.0000
43504,2026-09-04 07:56:50.116,PIN7,PIN7,-1,24,BREAK_EVEN,True,BREAK_EVEN,0.0000
43504,2026-09-04 07:56:50.116,PIN7,PIN7,-1,24,NO_BREAK_EVEN,True,BAR_CLOSE_TRAIL,-1.0000
43504,2026-09-04 07:56:50.116,PIN7,PIN7,-1,48,BREAK_EVEN,True,BREAK_EVEN,0.0000
43504,2026-09-04 07:56:50.116,PIN7,PIN7,-1,48,NO_BREAK_EVEN,True,BAR_CLOSE_TRAIL,-1.0000
43761,2026-09-04 11:01:14.928,EMA_BOUNCE,EMA50,-1,12,BREAK_EVEN,True,BAR_CLOSE_TRAIL,3.0000
43761,2026-09-04 11:01:14.928,EMA_BOUNCE,EMA50,-1,12,NO_BREAK_EVEN,True,BAR_CLOSE_TRAIL,3.0000
43761,2026-09-04 11:01:14.928,EMA_BOUNCE,EMA50,-1,24,BREAK_EVEN,True,BAR_CLOSE_TRAIL,3.0000
43761,2026-09-04 11:01:14.928,EMA_BOUNCE,EMA50,-1,24,NO_BREAK_EVEN,True,BAR_CLOSE_TRAIL,3.0000
43761,2026-09-04 11:01:14.928,EMA_BOUNCE,EMA50,-1,48,BREAK_EVEN,True,BAR_CLOSE_TRAIL,3.0000
43761,2026-09-04 11:01:14.928,EMA_BOUNCE,EMA50,-1,48,NO_BREAK_EVEN,True,BAR_CLOSE_TRAIL,3.0000
43784,2026-09-04 11:27:31.416,EMA_BOUNCE,EMA8,1,12,BREAK_EVEN,True,BREAK_EVEN,0.0000
43784,2026-09-04 11:27:31.416,EMA_BOUNCE,EMA8,1,12,NO_BREAK_EVEN,True,BAR_CLOSE_TRAIL,0.0000
43784,2026-09-04 11:27:31.416,EMA_BOUNCE,EMA8,1,24,BREAK_EVEN,True,BREAK_EVEN,0.0000
43784,2026-09-04 11:27:31.416,EMA_BOUNCE,EMA8,1,24,NO_BREAK_EVEN,True,BAR_CLOSE_TRAIL,0.0000
43784,2026-09-04 11:27:31.416,EMA_BOUNCE,EMA8,1,48,BREAK_EVEN,True,BREAK_EVEN,0.0000
43784,2026-09-04 11:27:31.416,EMA_BOUNCE,EMA8,1,48,NO_BREAK_EVEN,True,BAR_CLOSE_TRAIL,0.0000
43788,2026-09-04 11:33:22.028,EMA_BOUNCE,EMA8,1,12,BREAK_EVEN,True,TIME,13.0000
43788,2026-09-04 11:33:22.028,EMA_BOUNCE,EMA8,1,12,NO_BREAK_EVEN,True,TIME,13.0000
43788,2026-09-04 11:33:22.028,EMA_BOUNCE,EMA8,1,24,BREAK_EVEN,True,BAR_CLOSE_TRAIL,8.0000
43788,2026-09-04 11:33:22.028,EMA_BOUNCE,EMA8,1,24,NO_BREAK_EVEN,True,BAR_CLOSE_TRAIL,8.0000
43788,2026-09-04 11:33:22.028,EMA_BOUNCE,EMA8,1,48,BREAK_EVEN,True,BAR_CLOSE_TRAIL,8.0000
43788,2026-09-04 11:33:22.028,EMA_BOUNCE,EMA8,1,48,NO_BREAK_EVEN,True,BAR_CLOSE_TRAIL,8.0000
43797,2026-09-04 11:47:10.868,PIN7,PIN7,1,12,BREAK_EVEN,True,BREAK_EVEN,0.0000
43797,2026-09-04 11:47:10.868,PIN7,PIN7,1,12,NO_BREAK_EVEN,True,BAR_CLOSE_TRAIL,-2.0000
43797,2026-09-04 11:47:10.868,PIN7,PIN7,1,24,BREAK_EVEN,True,BREAK_EVEN,0.0000
43797,2026-09-04 11:47:10.868,PIN7,PIN7,1,24,NO_BREAK_EVEN,True,BAR_CLOSE_TRAIL,-2.0000
43797,2026-09-04 11:47:10.868,PIN7,PIN7,1,48,BREAK_EVEN,True,BREAK_EVEN,0.0000
43797,2026-09-04 11:47:10.868,PIN7,PIN7,1,48,NO_BREAK_EVEN,True,BAR_CLOSE_TRAIL,-2.0000
43798,2026-09-04 11:52:30.856,PIN7,PIN7,1,12,BREAK_EVEN,True,BREAK_EVEN,0.0000
43798,2026-09-04 11:52:30.856,PIN7,PIN7,1,12,NO_BREAK_EVEN,True,BAR_CLOSE_TRAIL,0.0000
43798,2026-09-04 11:52:30.856,PIN7,PIN7,1,24,BREAK_EVEN,True,BREAK_EVEN,0.0000
43798,2026-09-04 11:52:30.856,PIN7,PIN7,1,24,NO_BREAK_EVEN,True,BAR_CLOSE_TRAIL,0.0000
43798,2026-09-04 11:52:30.856,PIN7,PIN7,1,48,BREAK_EVEN,True,BREAK_EVEN,0.0000
43798,2026-09-04 11:52:30.856,PIN7,PIN7,1,48,NO_BREAK_EVEN,True,BAR_CLOSE_TRAIL,0.0000
43803,2026-09-04 12:00:10.772,EMA_BOUNCE,EMA8,1,12,BREAK_EVEN,False,HARD_STOP,-10.0000
43803,2026-09-04 12:00:10.772,EMA_BOUNCE,EMA8,1,12,NO_BREAK_EVEN,False,HARD_STOP,-10.0000
43803,2026-09-04 12:00:10.772,EMA_BOUNCE,EMA8,1,24,BREAK_EVEN,False,HARD_STOP,-10.0000
43803,2026-09-04 12:00:10.772,EMA_BOUNCE,EMA8,1,24,NO_BREAK_EVEN,False,HARD_STOP,-10.0000
43803,2026-09-04 12:00:10.772,EMA_BOUNCE,EMA8,1,48,BREAK_EVEN,False,HARD_STOP,-10.0000
43803,2026-09-04 12:00:10.772,EMA_BOUNCE,EMA8,1,48,NO_BREAK_EVEN,False,HARD_STOP,-10.0000
43821,2026-09-04 12:19:21.332,EMA_BOUNCE,EMA8,-1,12,BREAK_EVEN,False,HARD_STOP,-10.0000
43821,2026-09-04 12:19:21.332,EMA_BOUNCE,EMA8,-1,12,NO_BREAK_EVEN,False,HARD_STOP,-10.0000
43821,2026-09-04 12:19:21.332,EMA_BOUNCE,EMA8,-1,24,BREAK_EVEN,False,HARD_STOP,-10.0000
43821,2026-09-04 12:19:21.332,EMA_BOUNCE,EMA8,-1,24,NO_BREAK_EVEN,False,HARD_STOP,-10.0000
43821,2026-09-04 12:19:21.332,EMA_BOUNCE,EMA8,-1,48,BREAK_EVEN,False,HARD_STOP,-10.0000
43821,2026-09-04 12:19:21.332,EMA_BOUNCE,EMA8,-1,48,NO_BREAK_EVEN,False,HARD_STOP,-10.0000
43823,2026-09-04 12:22:37.860,EMA_BOUNCE,EMA8,-1,12,BREAK_EVEN,False,HARD_STOP,-10.0000
43823,2026-09-04 12:22:37.860,EMA_BOUNCE,EMA8,-1,12,NO_BREAK_EVEN,False,HARD_STOP,-10.0000
43823,2026-09-04 12:22:37.860,EMA_BOUNCE,EMA8,-1,24,BREAK_EVEN,False,HARD_STOP,-10.0000
43823,2026-09-04 12:22:37.860,EMA_BOUNCE,EMA8,-1,24,NO_BREAK_EVEN,False,HARD_STOP,-10.0000
43823,2026-09-04 12:22:37.860,EMA_BOUNCE,EMA8,-1,48,BREAK_EVEN,False,HARD_STOP,-10.0000
43823,2026-09-04 12:22:37.860,EMA_BOUNCE,EMA8,-1,48,NO_BREAK_EVEN,False,HARD_STOP,-10.0000
43844,2026-09-04 12:50:00.048,PIN7,PIN7,1,12,BREAK_EVEN,True,BREAK_EVEN,0.0000
43844,2026-09-04 12:50:00.048,PIN7,PIN7,1,12,NO_BREAK_EVEN,True,BAR_CLOSE_TRAIL,0.0000
43844,2026-09-04 12:50:00.048,PIN7,PIN7,1,24,BREAK_EVEN,True,BREAK_EVEN,0.0000
43844,2026-09-04 12:50:00.048,PIN7,PIN7,1,24,NO_BREAK_EVEN,True,BAR_CLOSE_TRAIL,0.0000
43844,2026-09-04 12:50:00.048,PIN7,PIN7,1,48,BREAK_EVEN,True,BREAK_EVEN,0.0000
43844,2026-09-04 12:50:00.048,PIN7,PIN7,1,48,NO_BREAK_EVEN,True,BAR_CLOSE_TRAIL,0.0000
43855,2026-09-04 12:55:08.732,EMA_BOUNCE,EMA8,1,12,BREAK_EVEN,False,HARD_STOP,-10.0000
43855,2026-09-04 12:55:08.732,EMA_BOUNCE,EMA8,1,12,NO_BREAK_EVEN,False,HARD_STOP,-10.0000
43855,2026-09-04 12:55:08.732,EMA_BOUNCE,EMA8,1,24,BREAK_EVEN,False,HARD_STOP,-10.0000
43855,2026-09-04 12:55:08.732,EMA_BOUNCE,EMA8,1,24,NO_BREAK_EVEN,False,HARD_STOP,-10.0000
43855,2026-09-04 12:55:08.732,EMA_BOUNCE,EMA8,1,48,BREAK_EVEN,False,HARD_STOP,-10.0000
43855,2026-09-04 12:55:08.732,EMA_BOUNCE,EMA8,1,48,NO_BREAK_EVEN,False,HARD_STOP,-10.0000
43859,2026-09-04 12:55:55.200,EMA_BOUNCE,EMA24,1,12,BREAK_EVEN,True,BREAK_EVEN,0.0000
43859,2026-09-04 12:55:55.200,EMA_BOUNCE,EMA24,1,12,NO_BREAK_EVEN,True,BAR_CLOSE_TRAIL,-3.0000
43859,2026-09-04 12:55:55.200,EMA_BOUNCE,EMA24,1,24,BREAK_EVEN,True,BREAK_EVEN,0.0000
43859,2026-09-04 12:55:55.200,EMA_BOUNCE,EMA24,1,24,NO_BREAK_EVEN,True,BAR_CLOSE_TRAIL,-3.0000
43859,2026-09-04 12:55:55.200,EMA_BOUNCE,EMA24,1,48,BREAK_EVEN,True,BREAK_EVEN,0.0000
43859,2026-09-04 12:55:55.200,EMA_BOUNCE,EMA24,1,48,NO_BREAK_EVEN,True,BAR_CLOSE_TRAIL,-3.0000
44291,2026-09-07 06:33:49.640,EMA_BOUNCE,EMA8,1,12,BREAK_EVEN,False,HARD_STOP,-10.0000
44291,2026-09-07 06:33:49.640,EMA_BOUNCE,EMA8,1,12,NO_BREAK_EVEN,False,HARD_STOP,-10.0000
44291,2026-09-07 06:33:49.640,EMA_BOUNCE,EMA8,1,24,BREAK_EVEN,False,HARD_STOP,-10.0000
44291,2026-09-07 06:33:49.640,EMA_BOUNCE,EMA8,1,24,NO_BREAK_EVEN,False,HARD_STOP,-10.0000
44291,2026-09-07 06:33:49.640,EMA_BOUNCE,EMA8,1,48,BREAK_EVEN,False,HARD_STOP,-10.0000
44291,2026-09-07 06:33:49.640,EMA_BOUNCE,EMA8,1,48,NO_BREAK_EVEN,False,HARD_STOP,-10.0000
44330,2026-09-07 07:40:14.212,EMA_BOUNCE,EMA24,-1,12,BREAK_EVEN,True,BREAK_EVEN,0.0000
44330,2026-09-07 07:40:14.212,EMA_BOUNCE,EMA24,-1,12,NO_BREAK_EVEN,True,BAR_CLOSE_TRAIL,-0.0000
44330,2026-09-07 07:40:14.212,EMA_BOUNCE,EMA24,-1,24,BREAK_EVEN,True,BREAK_EVEN,0.0000
44330,2026-09-07 07:40:14.212,EMA_BOUNCE,EMA24,-1,24,NO_BREAK_EVEN,True,BAR_CLOSE_TRAIL,-0.0000
44330,2026-09-07 07:40:14.212,EMA_BOUNCE,EMA24,-1,48,BREAK_EVEN,True,BREAK_EVEN,0.0000
44330,2026-09-07 07:40:14.212,EMA_BOUNCE,EMA24,-1,48,NO_BREAK_EVEN,True,BAR_CLOSE_TRAIL,-0.0000
44338,2026-09-07 07:58:20.160,PIN7,PIN7,-1,12,BREAK_EVEN,True,BREAK_EVEN,0.0000
44338,2026-09-07 07:58:20.160,PIN7,PIN7,-1,12,NO_BREAK_EVEN,True,BAR_CLOSE_TRAIL,-3.0000
44338,2026-09-07 07:58:20.160,PIN7,PIN7,-1,24,BREAK_EVEN,True,BREAK_EVEN,0.0000
44338,2026-09-07 07:58:20.160,PIN7,PIN7,-1,24,NO_BREAK_EVEN,True,BAR_CLOSE_TRAIL,-3.0000
44338,2026-09-07 07:58:20.160,PIN7,PIN7,-1,48,BREAK_EVEN,True,BREAK_EVEN,0.0000
44338,2026-09-07 07:58:20.160,PIN7,PIN7,-1,48,NO_BREAK_EVEN,True,BAR_CLOSE_TRAIL,-3.0000
45322,2026-09-08 06:33:05.644,PIN7,PIN7,-1,12,BREAK_EVEN,True,BREAK_EVEN,0.0000
45322,2026-09-08 06:33:05.644,PIN7,PIN7,-1,12,NO_BREAK_EVEN,True,BAR_CLOSE_TRAIL,-0.0000
45322,2026-09-08 06:33:05.644,PIN7,PIN7,-1,24,BREAK_EVEN,True,BREAK_EVEN,0.0000
45322,2026-09-08 06:33:05.644,PIN7,PIN7,-1,24,NO_BREAK_EVEN,True,BAR_CLOSE_TRAIL,-0.0000
45322,2026-09-08 06:33:05.644,PIN7,PIN7,-1,48,BREAK_EVEN,True,BREAK_EVEN,0.0000
45322,2026-09-08 06:33:05.644,PIN7,PIN7,-1,48,NO_BREAK_EVEN,True,BAR_CLOSE_TRAIL,-0.0000
45336,2026-09-08 06:35:24.440,PIN7,PIN7,-1,12,BREAK_EVEN,True,BAR_CLOSE_TRAIL,7.0000
45336,2026-09-08 06:35:24.440,PIN7,PIN7,-1,12,NO_BREAK_EVEN,True,BAR_CLOSE_TRAIL,7.0000
45336,2026-09-08 06:35:24.440,PIN7,PIN7,-1,24,BREAK_EVEN,True,BAR_CLOSE_TRAIL,7.0000
45336,2026-09-08 06:35:24.440,PIN7,PIN7,-1,24,NO_BREAK_EVEN,True,BAR_CLOSE_TRAIL,7.0000
45336,2026-09-08 06:35:24.440,PIN7,PIN7,-1,48,BREAK_EVEN,True,BAR_CLOSE_TRAIL,7.0000
45336,2026-09-08 06:35:24.440,PIN7,PIN7,-1,48,NO_BREAK_EVEN,True,BAR_CLOSE_TRAIL,7.0000
45340,2026-09-08 06:36:13.868,PIN7,PIN7,-1,12,BREAK_EVEN,True,BREAK_EVEN,0.0000
45340,2026-09-08 06:36:13.868,PIN7,PIN7,-1,12,NO_BREAK_EVEN,True,BAR_CLOSE_TRAIL,1.0000
45340,2026-09-08 06:36:13.868,PIN7,PIN7,-1,24,BREAK_EVEN,True,BREAK_EVEN,0.0000
45340,2026-09-08 06:36:13.868,PIN7,PIN7,-1,24,NO_BREAK_EVEN,True,BAR_CLOSE_TRAIL,1.0000
45340,2026-09-08 06:36:13.868,PIN7,PIN7,-1,48,BREAK_EVEN,True,BREAK_EVEN,0.0000
45340,2026-09-08 06:36:13.868,PIN7,PIN7,-1,48,NO_BREAK_EVEN,True,BAR_CLOSE_TRAIL,1.0000
45350,2026-09-08 06:39:22.004,EMA_BOUNCE,EMA50,-1,12,BREAK_EVEN,True,TIME,45.0000
45350,2026-09-08 06:39:22.004,EMA_BOUNCE,EMA50,-1,12,NO_BREAK_EVEN,True,TIME,45.0000
45350,2026-09-08 06:39:22.004,EMA_BOUNCE,EMA50,-1,24,BREAK_EVEN,True,BAR_CLOSE_TRAIL,50.0000
45350,2026-09-08 06:39:22.004,EMA_BOUNCE,EMA50,-1,24,NO_BREAK_EVEN,True,BAR_CLOSE_TRAIL,50.0000
45350,2026-09-08 06:39:22.004,EMA_BOUNCE,EMA50,-1,48,BREAK_EVEN,True,BAR_CLOSE_TRAIL,50.0000
45350,2026-09-08 06:39:22.004,EMA_BOUNCE,EMA50,-1,48,NO_BREAK_EVEN,True,BAR_CLOSE_TRAIL,50.0000
45357,2026-09-08 06:40:41.196,PIN_STRICT,PIN,-1,12,BREAK_EVEN,True,BAR_CLOSE_TRAIL,20.0000
45357,2026-09-08 06:40:41.196,PIN_STRICT,PIN,-1,12,NO_BREAK_EVEN,True,BAR_CLOSE_TRAIL,20.0000
45357,2026-09-08 06:40:41.196,PIN_STRICT,PIN,-1,24,BREAK_EVEN,True,BAR_CLOSE_TRAIL,20.0000
45357,2026-09-08 06:40:41.196,PIN_STRICT,PIN,-1,24,NO_BREAK_EVEN,True,BAR_CLOSE_TRAIL,20.0000
45357,2026-09-08 06:40:41.196,PIN_STRICT,PIN,-1,48,BREAK_EVEN,True,BAR_CLOSE_TRAIL,20.0000
45357,2026-09-08 06:40:41.196,PIN_STRICT,PIN,-1,48,NO_BREAK_EVEN,True,BAR_CLOSE_TRAIL,20.0000
45358,2026-09-08 06:40:49.060,PIN_STRICT,PIN,-1,12,BREAK_EVEN,True,BAR_CLOSE_TRAIL,17.0000
45358,2026-09-08 06:40:49.060,PIN_STRICT,PIN,-1,12,NO_BREAK_EVEN,True,BAR_CLOSE_TRAIL,17.0000
45358,2026-09-08 06:40:49.060,PIN_STRICT,PIN,-1,24,BREAK_EVEN,True,BAR_CLOSE_TRAIL,17.0000
45358,2026-09-08 06:40:49.060,PIN_STRICT,PIN,-1,24,NO_BREAK_EVEN,True,BAR_CLOSE_TRAIL,17.0000
45358,2026-09-08 06:40:49.060,PIN_STRICT,PIN,-1,48,BREAK_EVEN,True,BAR_CLOSE_TRAIL,17.0000
45358,2026-09-08 06:40:49.060,PIN_STRICT,PIN,-1,48,NO_BREAK_EVEN,True,BAR_CLOSE_TRAIL,17.0000
45361,2026-09-08 06:41:47.320,PIN_STRICT,PIN,-1,12,BREAK_EVEN,True,BAR_CLOSE_TRAIL,6.0000
45361,2026-09-08 06:41:47.320,PIN_STRICT,PIN,-1,12,NO_BREAK_EVEN,True,BAR_CLOSE_TRAIL,6.0000
45361,2026-09-08 06:41:47.320,PIN_STRICT,PIN,-1,24,BREAK_EVEN,True,BAR_CLOSE_TRAIL,6.0000
45361,2026-09-08 06:41:47.320,PIN_STRICT,PIN,-1,24,NO_BREAK_EVEN,True,BAR_CLOSE_TRAIL,6.0000
45361,2026-09-08 06:41:47.320,PIN_STRICT,PIN,-1,48,BREAK_EVEN,True,BAR_CLOSE_TRAIL,6.0000
45361,2026-09-08 06:41:47.320,PIN_STRICT,PIN,-1,48,NO_BREAK_EVEN,True,BAR_CLOSE_TRAIL,6.0000
45368,2026-09-08 06:42:43.928,EMA_BOUNCE,EMA8,-1,12,BREAK_EVEN,True,BREAK_EVEN,0.0000
45368,2026-09-08 06:42:43.928,EMA_BOUNCE,EMA8,-1,12,NO_BREAK_EVEN,True,BAR_CLOSE_TRAIL,-3.0000
45368,2026-09-08 06:42:43.928,EMA_BOUNCE,EMA8,-1,24,BREAK_EVEN,True,BREAK_EVEN,0.0000
45368,2026-09-08 06:42:43.928,EMA_BOUNCE,EMA8,-1,24,NO_BREAK_EVEN,True,BAR_CLOSE_TRAIL,-3.0000
45368,2026-09-08 06:42:43.928,EMA_BOUNCE,EMA8,-1,48,BREAK_EVEN,True,BREAK_EVEN,0.0000
45368,2026-09-08 06:42:43.928,EMA_BOUNCE,EMA8,-1,48,NO_BREAK_EVEN,True,BAR_CLOSE_TRAIL,-3.0000
45474,2026-09-08 07:03:06.468,EMA_BOUNCE,EMA8,-1,12,BREAK_EVEN,True,TIME,6.0000
45474,2026-09-08 07:03:06.468,EMA_BOUNCE,EMA8,-1,12,NO_BREAK_EVEN,True,TIME,6.0000
45474,2026-09-08 07:03:06.468,EMA_BOUNCE,EMA8,-1,24,BREAK_EVEN,True,BREAK_EVEN,0.0000
45474,2026-09-08 07:03:06.468,EMA_BOUNCE,EMA8,-1,24,NO_BREAK_EVEN,True,BAR_CLOSE_TRAIL,-1.0000
45474,2026-09-08 07:03:06.468,EMA_BOUNCE,EMA8,-1,48,BREAK_EVEN,True,BREAK_EVEN,0.0000
45474,2026-09-08 07:03:06.468,EMA_BOUNCE,EMA8,-1,48,NO_BREAK_EVEN,True,BAR_CLOSE_TRAIL,-1.0000
45498,2026-09-08 07:05:59.064,EMA_BOUNCE,EMA50,-1,12,BREAK_EVEN,True,BAR_CLOSE_TRAIL,6.0000
45498,2026-09-08 07:05:59.064,EMA_BOUNCE,EMA50,-1,12,NO_BREAK_EVEN,True,BAR_CLOSE_TRAIL,6.0000
45498,2026-09-08 07:05:59.064,EMA_BOUNCE,EMA50,-1,24,BREAK_EVEN,True,BAR_CLOSE_TRAIL,6.0000
45498,2026-09-08 07:05:59.064,EMA_BOUNCE,EMA50,-1,24,NO_BREAK_EVEN,True,BAR_CLOSE_TRAIL,6.0000
45498,2026-09-08 07:05:59.064,EMA_BOUNCE,EMA50,-1,48,BREAK_EVEN,True,BAR_CLOSE_TRAIL,6.0000
45498,2026-09-08 07:05:59.064,EMA_BOUNCE,EMA50,-1,48,NO_BREAK_EVEN,True,BAR_CLOSE_TRAIL,6.0000
45514,2026-09-08 07:10:00.740,PIN7,PIN7,-1,12,BREAK_EVEN,True,BAR_CLOSE_TRAIL,3.0000
45514,2026-09-08 07:10:00.740,PIN7,PIN7,-1,12,NO_BREAK_EVEN,True,BAR_CLOSE_TRAIL,3.0000
45514,2026-09-08 07:10:00.740,PIN7,PIN7,-1,24,BREAK_EVEN,True,BAR_CLOSE_TRAIL,3.0000
45514,2026-09-08 07:10:00.740,PIN7,PIN7,-1,24,NO_BREAK_EVEN,True,BAR_CLOSE_TRAIL,3.0000
45514,2026-09-08 07:10:00.740,PIN7,PIN7,-1,48,BREAK_EVEN,True,BAR_CLOSE_TRAIL,3.0000
45514,2026-09-08 07:10:00.740,PIN7,PIN7,-1,48,NO_BREAK_EVEN,True,BAR_CLOSE_TRAIL,3.0000
45519,2026-09-08 07:10:55.004,EMA_BOUNCE,EMA8,-1,12,BREAK_EVEN,True,BREAK_EVEN,0.0000
45519,2026-09-08 07:10:55.004,EMA_BOUNCE,EMA8,-1,12,NO_BREAK_EVEN,True,BAR_CLOSE_TRAIL,-0.0000
45519,2026-09-08 07:10:55.004,EMA_BOUNCE,EMA8,-1,24,BREAK_EVEN,True,BREAK_EVEN,0.0000
45519,2026-09-08 07:10:55.004,EMA_BOUNCE,EMA8,-1,24,NO_BREAK_EVEN,True,BAR_CLOSE_TRAIL,-0.0000
45519,2026-09-08 07:10:55.004,EMA_BOUNCE,EMA8,-1,48,BREAK_EVEN,True,BREAK_EVEN,0.0000
45519,2026-09-08 07:10:55.004,EMA_BOUNCE,EMA8,-1,48,NO_BREAK_EVEN,True,BAR_CLOSE_TRAIL,-0.0000
45524,2026-09-08 07:11:45.268,EMA_BOUNCE,EMA8,-1,12,BREAK_EVEN,True,BREAK_EVEN,0.0000
45524,2026-09-08 07:11:45.268,EMA_BOUNCE,EMA8,-1,12,NO_BREAK_EVEN,True,BAR_CLOSE_TRAIL,-2.0000
45524,2026-09-08 07:11:45.268,EMA_BOUNCE,EMA8,-1,24,BREAK_EVEN,True,BREAK_EVEN,0.0000
45524,2026-09-08 07:11:45.268,EMA_BOUNCE,EMA8,-1,24,NO_BREAK_EVEN,True,BAR_CLOSE_TRAIL,-2.0000
45524,2026-09-08 07:11:45.268,EMA_BOUNCE,EMA8,-1,48,BREAK_EVEN,True,BREAK_EVEN,0.0000
45524,2026-09-08 07:11:45.268,EMA_BOUNCE,EMA8,-1,48,NO_BREAK_EVEN,True,BAR_CLOSE_TRAIL,-2.0000
45558,2026-09-08 07:19:30.756,EMA_BOUNCE,EMA50,-1,12,BREAK_EVEN,False,HARD_STOP,-10.0000
45558,2026-09-08 07:19:30.756,EMA_BOUNCE,EMA50,-1,12,NO_BREAK_EVEN,False,HARD_STOP,-10.0000
45558,2026-09-08 07:19:30.756,EMA_BOUNCE,EMA50,-1,24,BREAK_EVEN,False,HARD_STOP,-10.0000
45558,2026-09-08 07:19:30.756,EMA_BOUNCE,EMA50,-1,24,NO_BREAK_EVEN,False,HARD_STOP,-10.0000
45558,2026-09-08 07:19:30.756,EMA_BOUNCE,EMA50,-1,48,BREAK_EVEN,False,HARD_STOP,-10.0000
45558,2026-09-08 07:19:30.756,EMA_BOUNCE,EMA50,-1,48,NO_BREAK_EVEN,False,HARD_STOP,-10.0000
45631,2026-09-08 07:38:48.616,EMA_BOUNCE,EMA50,1,12,BREAK_EVEN,True,BAR_CLOSE_TRAIL,2.0000
45631,2026-09-08 07:38:48.616,EMA_BOUNCE,EMA50,1,12,NO_BREAK_EVEN,True,BAR_CLOSE_TRAIL,2.0000
45631,2026-09-08 07:38:48.616,EMA_BOUNCE,EMA50,1,24,BREAK_EVEN,True,BAR_CLOSE_TRAIL,2.0000
45631,2026-09-08 07:38:48.616,EMA_BOUNCE,EMA50,1,24,NO_BREAK_EVEN,True,BAR_CLOSE_TRAIL,2.0000
45631,2026-09-08 07:38:48.616,EMA_BOUNCE,EMA50,1,48,BREAK_EVEN,True,BAR_CLOSE_TRAIL,2.0000
45631,2026-09-08 07:38:48.616,EMA_BOUNCE,EMA50,1,48,NO_BREAK_EVEN,True,BAR_CLOSE_TRAIL,2.0000
45673,2026-09-08 07:50:55.056,PIN7,PIN7,1,12,BREAK_EVEN,True,BREAK_EVEN,0.0000
45673,2026-09-08 07:50:55.056,PIN7,PIN7,1,12,NO_BREAK_EVEN,True,BAR_CLOSE_TRAIL,-2.0000
45673,2026-09-08 07:50:55.056,PIN7,PIN7,1,24,BREAK_EVEN,True,BREAK_EVEN,0.0000
45673,2026-09-08 07:50:55.056,PIN7,PIN7,1,24,NO_BREAK_EVEN,True,BAR_CLOSE_TRAIL,-2.0000
45673,2026-09-08 07:50:55.056,PIN7,PIN7,1,48,BREAK_EVEN,True,BREAK_EVEN,0.0000
45673,2026-09-08 07:50:55.056,PIN7,PIN7,1,48,NO_BREAK_EVEN,True,BAR_CLOSE_TRAIL,-2.0000
45682,2026-09-08 07:55:00.168,EMA_BOUNCE,EMA8,1,12,BREAK_EVEN,True,BAR_CLOSE_TRAIL,3.0000
45682,2026-09-08 07:55:00.168,EMA_BOUNCE,EMA8,1,12,NO_BREAK_EVEN,True,BAR_CLOSE_TRAIL,3.0000
45682,2026-09-08 07:55:00.168,EMA_BOUNCE,EMA8,1,24,BREAK_EVEN,True,BAR_CLOSE_TRAIL,3.0000
45682,2026-09-08 07:55:00.168,EMA_BOUNCE,EMA8,1,24,NO_BREAK_EVEN,True,BAR_CLOSE_TRAIL,3.0000
45682,2026-09-08 07:55:00.168,EMA_BOUNCE,EMA8,1,48,BREAK_EVEN,True,BAR_CLOSE_TRAIL,3.0000
45682,2026-09-08 07:55:00.168,EMA_BOUNCE,EMA8,1,48,NO_BREAK_EVEN,True,BAR_CLOSE_TRAIL,3.0000
45998,2026-09-08 11:41:45.556,PIN7,PIN7,-1,12,BREAK_EVEN,False,HARD_STOP,-10.0000
45998,2026-09-08 11:41:45.556,PIN7,PIN7,-1,12,NO_BREAK_EVEN,False,HARD_STOP,-10.0000
45998,2026-09-08 11:41:45.556,PIN7,PIN7,-1,24,BREAK_EVEN,False,HARD_STOP,-10.0000
45998,2026-09-08 11:41:45.556,PIN7,PIN7,-1,24,NO_BREAK_EVEN,False,HARD_STOP,-10.0000
45998,2026-09-08 11:41:45.556,PIN7,PIN7,-1,48,BREAK_EVEN,False,HARD_STOP,-10.0000
45998,2026-09-08 11:41:45.556,PIN7,PIN7,-1,48,NO_BREAK_EVEN,False,HARD_STOP,-10.0000
46009,2026-09-08 11:47:59.508,PIN7,PIN7,-1,12,BREAK_EVEN,True,BAR_CLOSE_TRAIL,5.0000
46009,2026-09-08 11:47:59.508,PIN7,PIN7,-1,12,NO_BREAK_EVEN,True,BAR_CLOSE_TRAIL,5.0000
46009,2026-09-08 11:47:59.508,PIN7,PIN7,-1,24,BREAK_EVEN,True,BAR_CLOSE_TRAIL,5.0000
46009,2026-09-08 11:47:59.508,PIN7,PIN7,-1,24,NO_BREAK_EVEN,True,BAR_CLOSE_TRAIL,5.0000
46009,2026-09-08 11:47:59.508,PIN7,PIN7,-1,48,BREAK_EVEN,True,BAR_CLOSE_TRAIL,5.0000
46009,2026-09-08 11:47:59.508,PIN7,PIN7,-1,48,NO_BREAK_EVEN,True,BAR_CLOSE_TRAIL,5.0000
46010,2026-09-08 11:48:01.284,PIN7,PIN7,-1,12,BREAK_EVEN,True,BAR_CLOSE_TRAIL,3.0000
46010,2026-09-08 11:48:01.284,PIN7,PIN7,-1,12,NO_BREAK_EVEN,True,BAR_CLOSE_TRAIL,3.0000
46010,2026-09-08 11:48:01.284,PIN7,PIN7,-1,24,BREAK_EVEN,True,BAR_CLOSE_TRAIL,3.0000
46010,2026-09-08 11:48:01.284,PIN7,PIN7,-1,24,NO_BREAK_EVEN,True,BAR_CLOSE_TRAIL,3.0000
46010,2026-09-08 11:48:01.284,PIN7,PIN7,-1,48,BREAK_EVEN,True,BAR_CLOSE_TRAIL,3.0000
46010,2026-09-08 11:48:01.284,PIN7,PIN7,-1,48,NO_BREAK_EVEN,True,BAR_CLOSE_TRAIL,3.0000
46015,2026-09-08 11:48:15.808,EMA_BOUNCE,EMA8,-1,12,BREAK_EVEN,True,BAR_CLOSE_TRAIL,0.0000
46015,2026-09-08 11:48:15.808,EMA_BOUNCE,EMA8,-1,12,NO_BREAK_EVEN,True,BAR_CLOSE_TRAIL,-1.0000
46015,2026-09-08 11:48:15.808,EMA_BOUNCE,EMA8,-1,24,BREAK_EVEN,True,BAR_CLOSE_TRAIL,0.0000
46015,2026-09-08 11:48:15.808,EMA_BOUNCE,EMA8,-1,24,NO_BREAK_EVEN,True,BAR_CLOSE_TRAIL,-1.0000
46015,2026-09-08 11:48:15.808,EMA_BOUNCE,EMA8,-1,48,BREAK_EVEN,True,BAR_CLOSE_TRAIL,0.0000
46015,2026-09-08 11:48:15.808,EMA_BOUNCE,EMA8,-1,48,NO_BREAK_EVEN,True,BAR_CLOSE_TRAIL,-1.0000
46017,2026-09-08 11:48:21.080,EMA_BOUNCE,EMA8,-1,12,BREAK_EVEN,True,BAR_CLOSE_TRAIL,0.0000
46017,2026-09-08 11:48:21.080,EMA_BOUNCE,EMA8,-1,12,NO_BREAK_EVEN,True,BAR_CLOSE_TRAIL,-1.0000
46017,2026-09-08 11:48:21.080,EMA_BOUNCE,EMA8,-1,24,BREAK_EVEN,True,BAR_CLOSE_TRAIL,0.0000
46017,2026-09-08 11:48:21.080,EMA_BOUNCE,EMA8,-1,24,NO_BREAK_EVEN,True,BAR_CLOSE_TRAIL,-1.0000
46017,2026-09-08 11:48:21.080,EMA_BOUNCE,EMA8,-1,48,BREAK_EVEN,True,BAR_CLOSE_TRAIL,0.0000
46017,2026-09-08 11:48:21.080,EMA_BOUNCE,EMA8,-1,48,NO_BREAK_EVEN,True,BAR_CLOSE_TRAIL,-1.0000
46019,2026-09-08 11:48:28.844,EMA_BOUNCE,EMA8,-1,12,BREAK_EVEN,True,TIME,32.0000
46019,2026-09-08 11:48:28.844,EMA_BOUNCE,EMA8,-1,12,NO_BREAK_EVEN,True,TIME,32.0000
46019,2026-09-08 11:48:28.844,EMA_BOUNCE,EMA8,-1,24,BREAK_EVEN,True,BAR_CLOSE_TRAIL,38.0000
46019,2026-09-08 11:48:28.844,EMA_BOUNCE,EMA8,-1,24,NO_BREAK_EVEN,True,BAR_CLOSE_TRAIL,38.0000
46019,2026-09-08 11:48:28.844,EMA_BOUNCE,EMA8,-1,48,BREAK_EVEN,True,BAR_CLOSE_TRAIL,38.0000
46019,2026-09-08 11:48:28.844,EMA_BOUNCE,EMA8,-1,48,NO_BREAK_EVEN,True,BAR_CLOSE_TRAIL,38.0000
46021,2026-09-08 11:48:37.004,EMA_BOUNCE,EMA8,-1,12,BREAK_EVEN,True,TIME,33.0000
46021,2026-09-08 11:48:37.004,EMA_BOUNCE,EMA8,-1,12,NO_BREAK_EVEN,True,TIME,33.0000
46021,2026-09-08 11:48:37.004,EMA_BOUNCE,EMA8,-1,24,BREAK_EVEN,True,BAR_CLOSE_TRAIL,36.0000
46021,2026-09-08 11:48:37.004,EMA_BOUNCE,EMA8,-1,24,NO_BREAK_EVEN,True,BAR_CLOSE_TRAIL,36.0000
46021,2026-09-08 11:48:37.004,EMA_BOUNCE,EMA8,-1,48,BREAK_EVEN,True,BAR_CLOSE_TRAIL,36.0000
46021,2026-09-08 11:48:37.004,EMA_BOUNCE,EMA8,-1,48,NO_BREAK_EVEN,True,BAR_CLOSE_TRAIL,36.0000
46023,2026-09-08 11:48:42.204,EMA_BOUNCE,EMA8,-1,12,BREAK_EVEN,True,TIME,40.0000
46023,2026-09-08 11:48:42.204,EMA_BOUNCE,EMA8,-1,12,NO_BREAK_EVEN,True,TIME,40.0000
46023,2026-09-08 11:48:42.204,EMA_BOUNCE,EMA8,-1,24,BREAK_EVEN,True,BAR_CLOSE_TRAIL,35.0000
46023,2026-09-08 11:48:42.204,EMA_BOUNCE,EMA8,-1,24,NO_BREAK_EVEN,True,BAR_CLOSE_TRAIL,35.0000
46023,2026-09-08 11:48:42.204,EMA_BOUNCE,EMA8,-1,48,BREAK_EVEN,True,BAR_CLOSE_TRAIL,35.0000
46023,2026-09-08 11:48:42.204,EMA_BOUNCE,EMA8,-1,48,NO_BREAK_EVEN,True,BAR_CLOSE_TRAIL,35.0000
46026,2026-09-08 11:48:54.112,PIN_STRICT,PIN,-1,12,BREAK_EVEN,True,BAR_CLOSE_TRAIL,23.0000
46026,2026-09-08 11:48:54.112,PIN_STRICT,PIN,-1,12,NO_BREAK_EVEN,True,BAR_CLOSE_TRAIL,23.0000
46026,2026-09-08 11:48:54.112,PIN_STRICT,PIN,-1,24,BREAK_EVEN,True,BAR_CLOSE_TRAIL,23.0000
46026,2026-09-08 11:48:54.112,PIN_STRICT,PIN,-1,24,NO_BREAK_EVEN,True,BAR_CLOSE_TRAIL,23.0000
46026,2026-09-08 11:48:54.112,PIN_STRICT,PIN,-1,48,BREAK_EVEN,True,BAR_CLOSE_TRAIL,23.0000
46026,2026-09-08 11:48:54.112,PIN_STRICT,PIN,-1,48,NO_BREAK_EVEN,True,BAR_CLOSE_TRAIL,23.0000
46027,2026-09-08 11:48:56.640,PIN7,PIN7,-1,12,BREAK_EVEN,True,BAR_CLOSE_TRAIL,22.0000
46027,2026-09-08 11:48:56.640,PIN7,PIN7,-1,12,NO_BREAK_EVEN,True,BAR_CLOSE_TRAIL,22.0000
46027,2026-09-08 11:48:56.640,PIN7,PIN7,-1,24,BREAK_EVEN,True,BAR_CLOSE_TRAIL,22.0000
46027,2026-09-08 11:48:56.640,PIN7,PIN7,-1,24,NO_BREAK_EVEN,True,BAR_CLOSE_TRAIL,22.0000
46027,2026-09-08 11:48:56.640,PIN7,PIN7,-1,48,BREAK_EVEN,True,BAR_CLOSE_TRAIL,22.0000
46027,2026-09-08 11:48:56.640,PIN7,PIN7,-1,48,NO_BREAK_EVEN,True,BAR_CLOSE_TRAIL,22.0000
46031,2026-09-08 11:49:00.632,PIN_STRICT,PIN,-1,12,BREAK_EVEN,True,BREAK_EVEN,0.0000
46031,2026-09-08 11:49:00.632,PIN_STRICT,PIN,-1,12,NO_BREAK_EVEN,True,BAR_CLOSE_TRAIL,6.0000
46031,2026-09-08 11:49:00.632,PIN_STRICT,PIN,-1,24,BREAK_EVEN,True,BREAK_EVEN,0.0000
46031,2026-09-08 11:49:00.632,PIN_STRICT,PIN,-1,24,NO_BREAK_EVEN,True,BAR_CLOSE_TRAIL,6.0000
46031,2026-09-08 11:49:00.632,PIN_STRICT,PIN,-1,48,BREAK_EVEN,True,BREAK_EVEN,0.0000
46031,2026-09-08 11:49:00.632,PIN_STRICT,PIN,-1,48,NO_BREAK_EVEN,True,BAR_CLOSE_TRAIL,6.0000
46043,2026-09-08 11:49:23.908,EMA_BOUNCE,EMA24,-1,12,BREAK_EVEN,True,BREAK_EVEN,0.0000
46043,2026-09-08 11:49:23.908,EMA_BOUNCE,EMA24,-1,12,NO_BREAK_EVEN,True,BAR_CLOSE_TRAIL,-0.0000
46043,2026-09-08 11:49:23.908,EMA_BOUNCE,EMA24,-1,24,BREAK_EVEN,True,BREAK_EVEN,0.0000
46043,2026-09-08 11:49:23.908,EMA_BOUNCE,EMA24,-1,24,NO_BREAK_EVEN,True,BAR_CLOSE_TRAIL,-0.0000
46043,2026-09-08 11:49:23.908,EMA_BOUNCE,EMA24,-1,48,BREAK_EVEN,True,BREAK_EVEN,0.0000
46043,2026-09-08 11:49:23.908,EMA_BOUNCE,EMA24,-1,48,NO_BREAK_EVEN,True,BAR_CLOSE_TRAIL,-0.0000
46049,2026-09-08 11:49:46.620,EMA_BOUNCE,EMA50,-1,12,BREAK_EVEN,True,BREAK_EVEN,0.0000
46049,2026-09-08 11:49:46.620,EMA_BOUNCE,EMA50,-1,12,NO_BREAK_EVEN,True,BAR_CLOSE_TRAIL,-5.0000
46049,2026-09-08 11:49:46.620,EMA_BOUNCE,EMA50,-1,24,BREAK_EVEN,True,BREAK_EVEN,0.0000
46049,2026-09-08 11:49:46.620,EMA_BOUNCE,EMA50,-1,24,NO_BREAK_EVEN,True,BAR_CLOSE_TRAIL,-5.0000
46049,2026-09-08 11:49:46.620,EMA_BOUNCE,EMA50,-1,48,BREAK_EVEN,True,BREAK_EVEN,0.0000
46049,2026-09-08 11:49:46.620,EMA_BOUNCE,EMA50,-1,48,NO_BREAK_EVEN,True,BAR_CLOSE_TRAIL,-5.0000
46083,2026-09-08 11:56:56.552,EMA_BOUNCE,EMA8,1,12,BREAK_EVEN,True,BREAK_EVEN,0.0000
46083,2026-09-08 11:56:56.552,EMA_BOUNCE,EMA8,1,12,NO_BREAK_EVEN,True,BAR_CLOSE_TRAIL,0.0000
46083,2026-09-08 11:56:56.552,EMA_BOUNCE,EMA8,1,24,BREAK_EVEN,True,BREAK_EVEN,0.0000
46083,2026-09-08 11:56:56.552,EMA_BOUNCE,EMA8,1,24,NO_BREAK_EVEN,True,BAR_CLOSE_TRAIL,0.0000
46083,2026-09-08 11:56:56.552,EMA_BOUNCE,EMA8,1,48,BREAK_EVEN,True,BREAK_EVEN,0.0000
46083,2026-09-08 11:56:56.552,EMA_BOUNCE,EMA8,1,48,NO_BREAK_EVEN,True,BAR_CLOSE_TRAIL,0.0000
46143,2026-09-08 12:38:18.196,EMA_BOUNCE,EMA50,1,12,BREAK_EVEN,True,BREAK_EVEN,0.0000
46143,2026-09-08 12:38:18.196,EMA_BOUNCE,EMA50,1,12,NO_BREAK_EVEN,True,BAR_CLOSE_TRAIL,-2.0000
46143,2026-09-08 12:38:18.196,EMA_BOUNCE,EMA50,1,24,BREAK_EVEN,True,BREAK_EVEN,0.0000
46143,2026-09-08 12:38:18.196,EMA_BOUNCE,EMA50,1,24,NO_BREAK_EVEN,True,BAR_CLOSE_TRAIL,-2.0000
46143,2026-09-08 12:38:18.196,EMA_BOUNCE,EMA50,1,48,BREAK_EVEN,True,BREAK_EVEN,0.0000
46143,2026-09-08 12:38:18.196,EMA_BOUNCE,EMA50,1,48,NO_BREAK_EVEN,True,BAR_CLOSE_TRAIL,-2.0000
46160,2026-09-08 12:49:20.008,EMA_BOUNCE,EMA8,-1,12,BREAK_EVEN,True,BREAK_EVEN,0.0000
46160,2026-09-08 12:49:20.008,EMA_BOUNCE,EMA8,-1,12,NO_BREAK_EVEN,True,BAR_CLOSE_TRAIL,-3.0000
46160,2026-09-08 12:49:20.008,EMA_BOUNCE,EMA8,-1,24,BREAK_EVEN,True,BREAK_EVEN,0.0000
46160,2026-09-08 12:49:20.008,EMA_BOUNCE,EMA8,-1,24,NO_BREAK_EVEN,True,BAR_CLOSE_TRAIL,-3.0000
46160,2026-09-08 12:49:20.008,EMA_BOUNCE,EMA8,-1,48,BREAK_EVEN,True,BREAK_EVEN,0.0000
46160,2026-09-08 12:49:20.008,EMA_BOUNCE,EMA8,-1,48,NO_BREAK_EVEN,True,BAR_CLOSE_TRAIL,-3.0000
46178,2026-09-08 12:50:37.784,EMA_BOUNCE,EMA24,-1,12,BREAK_EVEN,True,BREAK_EVEN,0.0000
46178,2026-09-08 12:50:37.784,EMA_BOUNCE,EMA24,-1,12,NO_BREAK_EVEN,True,BAR_CLOSE_TRAIL,-1.0000
46178,2026-09-08 12:50:37.784,EMA_BOUNCE,EMA24,-1,24,BREAK_EVEN,True,BREAK_EVEN,0.0000
46178,2026-09-08 12:50:37.784,EMA_BOUNCE,EMA24,-1,24,NO_BREAK_EVEN,True,BAR_CLOSE_TRAIL,-1.0000
46178,2026-09-08 12:50:37.784,EMA_BOUNCE,EMA24,-1,48,BREAK_EVEN,True,BREAK_EVEN,0.0000
46178,2026-09-08 12:50:37.784,EMA_BOUNCE,EMA24,-1,48,NO_BREAK_EVEN,True,BAR_CLOSE_TRAIL,-1.0000
46190,2026-09-08 12:53:18.064,PIN7,PIN7,-1,12,BREAK_EVEN,True,BREAK_EVEN,0.0000
46190,2026-09-08 12:53:18.064,PIN7,PIN7,-1,12,NO_BREAK_EVEN,True,HARD_STOP,-10.0000
46190,2026-09-08 12:53:18.064,PIN7,PIN7,-1,24,BREAK_EVEN,True,BREAK_EVEN,0.0000
46190,2026-09-08 12:53:18.064,PIN7,PIN7,-1,24,NO_BREAK_EVEN,True,HARD_STOP,-10.0000
46190,2026-09-08 12:53:18.064,PIN7,PIN7,-1,48,BREAK_EVEN,True,BREAK_EVEN,0.0000
46190,2026-09-08 12:53:18.064,PIN7,PIN7,-1,48,NO_BREAK_EVEN,True,HARD_STOP,-10.0000
46210,2026-09-08 12:57:11.856,EMA_BOUNCE,EMA50,-1,12,BREAK_EVEN,True,BAR_CLOSE_TRAIL,21.0000
46210,2026-09-08 12:57:11.856,EMA_BOUNCE,EMA50,-1,12,NO_BREAK_EVEN,True,BAR_CLOSE_TRAIL,21.0000
46210,2026-09-08 12:57:11.856,EMA_BOUNCE,EMA50,-1,24,BREAK_EVEN,True,BAR_CLOSE_TRAIL,21.0000
46210,2026-09-08 12:57:11.856,EMA_BOUNCE,EMA50,-1,24,NO_BREAK_EVEN,True,BAR_CLOSE_TRAIL,21.0000
46210,2026-09-08 12:57:11.856,EMA_BOUNCE,EMA50,-1,48,BREAK_EVEN,True,BAR_CLOSE_TRAIL,21.0000
46210,2026-09-08 12:57:11.856,EMA_BOUNCE,EMA50,-1,48,NO_BREAK_EVEN,True,BAR_CLOSE_TRAIL,21.0000
46226,2026-09-08 12:59:42.000,EMA_BOUNCE,EMA50,-1,12,BREAK_EVEN,False,HARD_STOP,-10.0000
46226,2026-09-08 12:59:42.000,EMA_BOUNCE,EMA50,-1,12,NO_BREAK_EVEN,False,HARD_STOP,-10.0000
46226,2026-09-08 12:59:42.000,EMA_BOUNCE,EMA50,-1,24,BREAK_EVEN,False,HARD_STOP,-10.0000
46226,2026-09-08 12:59:42.000,EMA_BOUNCE,EMA50,-1,24,NO_BREAK_EVEN,False,HARD_STOP,-10.0000
46226,2026-09-08 12:59:42.000,EMA_BOUNCE,EMA50,-1,48,BREAK_EVEN,False,HARD_STOP,-10.0000
46226,2026-09-08 12:59:42.000,EMA_BOUNCE,EMA50,-1,48,NO_BREAK_EVEN,False,HARD_STOP,-10.0000
47078,2026-09-09 06:32:56.500,PIN7,PIN7,-1,12,BREAK_EVEN,False,HARD_STOP,-10.0000
47078,2026-09-09 06:32:56.500,PIN7,PIN7,-1,12,NO_BREAK_EVEN,False,HARD_STOP,-10.0000
47078,2026-09-09 06:32:56.500,PIN7,PIN7,-1,24,BREAK_EVEN,False,HARD_STOP,-10.0000
47078,2026-09-09 06:32:56.500,PIN7,PIN7,-1,24,NO_BREAK_EVEN,False,HARD_STOP,-10.0000
47078,2026-09-09 06:32:56.500,PIN7,PIN7,-1,48,BREAK_EVEN,False,HARD_STOP,-10.0000
47078,2026-09-09 06:32:56.500,PIN7,PIN7,-1,48,NO_BREAK_EVEN,False,HARD_STOP,-10.0000
47095,2026-09-09 06:35:30.800,EMA_BOUNCE,EMA24,1,12,BREAK_EVEN,True,BREAK_EVEN,0.0000
47095,2026-09-09 06:35:30.800,EMA_BOUNCE,EMA24,1,12,NO_BREAK_EVEN,True,BAR_CLOSE_TRAIL,-1.0000
47095,2026-09-09 06:35:30.800,EMA_BOUNCE,EMA24,1,24,BREAK_EVEN,True,BREAK_EVEN,0.0000
47095,2026-09-09 06:35:30.800,EMA_BOUNCE,EMA24,1,24,NO_BREAK_EVEN,True,BAR_CLOSE_TRAIL,-1.0000
47095,2026-09-09 06:35:30.800,EMA_BOUNCE,EMA24,1,48,BREAK_EVEN,True,BREAK_EVEN,0.0000
47095,2026-09-09 06:35:30.800,EMA_BOUNCE,EMA24,1,48,NO_BREAK_EVEN,True,BAR_CLOSE_TRAIL,-1.0000
47270,2026-09-09 07:16:09.040,PIN7,PIN7,-1,12,BREAK_EVEN,True,BAR_CLOSE_TRAIL,9.0000
47270,2026-09-09 07:16:09.040,PIN7,PIN7,-1,12,NO_BREAK_EVEN,True,BAR_CLOSE_TRAIL,9.0000
47270,2026-09-09 07:16:09.040,PIN7,PIN7,-1,24,BREAK_EVEN,True,BAR_CLOSE_TRAIL,9.0000
47270,2026-09-09 07:16:09.040,PIN7,PIN7,-1,24,NO_BREAK_EVEN,True,BAR_CLOSE_TRAIL,9.0000
47270,2026-09-09 07:16:09.040,PIN7,PIN7,-1,48,BREAK_EVEN,True,BAR_CLOSE_TRAIL,9.0000
47270,2026-09-09 07:16:09.040,PIN7,PIN7,-1,48,NO_BREAK_EVEN,True,BAR_CLOSE_TRAIL,9.0000
47278,2026-09-09 07:17:40.312,EMA_BOUNCE,EMA8,-1,12,BREAK_EVEN,True,BAR_CLOSE_TRAIL,5.0000
47278,2026-09-09 07:17:40.312,EMA_BOUNCE,EMA8,-1,12,NO_BREAK_EVEN,True,BAR_CLOSE_TRAIL,5.0000
47278,2026-09-09 07:17:40.312,EMA_BOUNCE,EMA8,-1,24,BREAK_EVEN,True,BAR_CLOSE_TRAIL,5.0000
47278,2026-09-09 07:17:40.312,EMA_BOUNCE,EMA8,-1,24,NO_BREAK_EVEN,True,BAR_CLOSE_TRAIL,5.0000
47278,2026-09-09 07:17:40.312,EMA_BOUNCE,EMA8,-1,48,BREAK_EVEN,True,BAR_CLOSE_TRAIL,5.0000
47278,2026-09-09 07:17:40.312,EMA_BOUNCE,EMA8,-1,48,NO_BREAK_EVEN,True,BAR_CLOSE_TRAIL,5.0000
47280,2026-09-09 07:18:01.908,EMA_BOUNCE,EMA8,-1,12,BREAK_EVEN,True,BAR_CLOSE_TRAIL,4.0000
47280,2026-09-09 07:18:01.908,EMA_BOUNCE,EMA8,-1,12,NO_BREAK_EVEN,True,BAR_CLOSE_TRAIL,4.0000
47280,2026-09-09 07:18:01.908,EMA_BOUNCE,EMA8,-1,24,BREAK_EVEN,True,BAR_CLOSE_TRAIL,4.0000
47280,2026-09-09 07:18:01.908,EMA_BOUNCE,EMA8,-1,24,NO_BREAK_EVEN,True,BAR_CLOSE_TRAIL,4.0000
47280,2026-09-09 07:18:01.908,EMA_BOUNCE,EMA8,-1,48,BREAK_EVEN,True,BAR_CLOSE_TRAIL,4.0000
47280,2026-09-09 07:18:01.908,EMA_BOUNCE,EMA8,-1,48,NO_BREAK_EVEN,True,BAR_CLOSE_TRAIL,4.0000
47314,2026-09-09 07:24:52.240,EMA_BOUNCE,EMA8,-1,12,BREAK_EVEN,True,BREAK_EVEN,0.0000
47314,2026-09-09 07:24:52.240,EMA_BOUNCE,EMA8,-1,12,NO_BREAK_EVEN,True,BAR_CLOSE_TRAIL,1.0000
47314,2026-09-09 07:24:52.240,EMA_BOUNCE,EMA8,-1,24,BREAK_EVEN,True,BREAK_EVEN,0.0000
47314,2026-09-09 07:24:52.240,EMA_BOUNCE,EMA8,-1,24,NO_BREAK_EVEN,True,BAR_CLOSE_TRAIL,1.0000
47314,2026-09-09 07:24:52.240,EMA_BOUNCE,EMA8,-1,48,BREAK_EVEN,True,BREAK_EVEN,0.0000
47314,2026-09-09 07:24:52.240,EMA_BOUNCE,EMA8,-1,48,NO_BREAK_EVEN,True,BAR_CLOSE_TRAIL,1.0000
47317,2026-09-09 07:24:58.740,EMA_BOUNCE,EMA8,-1,12,BREAK_EVEN,True,BREAK_EVEN,0.0000
47317,2026-09-09 07:24:58.740,EMA_BOUNCE,EMA8,-1,12,NO_BREAK_EVEN,True,BAR_CLOSE_TRAIL,-2.0000
47317,2026-09-09 07:24:58.740,EMA_BOUNCE,EMA8,-1,24,BREAK_EVEN,True,BREAK_EVEN,0.0000
47317,2026-09-09 07:24:58.740,EMA_BOUNCE,EMA8,-1,24,NO_BREAK_EVEN,True,BAR_CLOSE_TRAIL,-2.0000
47317,2026-09-09 07:24:58.740,EMA_BOUNCE,EMA8,-1,48,BREAK_EVEN,True,BREAK_EVEN,0.0000
47317,2026-09-09 07:24:58.740,EMA_BOUNCE,EMA8,-1,48,NO_BREAK_EVEN,True,BAR_CLOSE_TRAIL,-2.0000
47320,2026-09-09 07:25:07.004,EMA_BOUNCE,EMA8,-1,12,BREAK_EVEN,False,HARD_STOP,-10.0000
47320,2026-09-09 07:25:07.004,EMA_BOUNCE,EMA8,-1,12,NO_BREAK_EVEN,False,HARD_STOP,-10.0000
47320,2026-09-09 07:25:07.004,EMA_BOUNCE,EMA8,-1,24,BREAK_EVEN,False,HARD_STOP,-10.0000
47320,2026-09-09 07:25:07.004,EMA_BOUNCE,EMA8,-1,24,NO_BREAK_EVEN,False,HARD_STOP,-10.0000
47320,2026-09-09 07:25:07.004,EMA_BOUNCE,EMA8,-1,48,BREAK_EVEN,False,HARD_STOP,-10.0000
47320,2026-09-09 07:25:07.004,EMA_BOUNCE,EMA8,-1,48,NO_BREAK_EVEN,False,HARD_STOP,-10.0000
47344,2026-09-09 07:29:14.564,PIN_STRICT,PIN,1,12,BREAK_EVEN,True,BREAK_EVEN,0.0000
47344,2026-09-09 07:29:14.564,PIN_STRICT,PIN,1,12,NO_BREAK_EVEN,True,BAR_CLOSE_TRAIL,0.0000
47344,2026-09-09 07:29:14.564,PIN_STRICT,PIN,1,24,BREAK_EVEN,True,BREAK_EVEN,0.0000
47344,2026-09-09 07:29:14.564,PIN_STRICT,PIN,1,24,NO_BREAK_EVEN,True,BAR_CLOSE_TRAIL,0.0000
47344,2026-09-09 07:29:14.564,PIN_STRICT,PIN,1,48,BREAK_EVEN,True,BREAK_EVEN,0.0000
47344,2026-09-09 07:29:14.564,PIN_STRICT,PIN,1,48,NO_BREAK_EVEN,True,BAR_CLOSE_TRAIL,0.0000
47358,2026-09-09 07:32:32.248,EMA_BOUNCE,EMA24,1,12,BREAK_EVEN,False,HARD_STOP,-10.0000
47358,2026-09-09 07:32:32.248,EMA_BOUNCE,EMA24,1,12,NO_BREAK_EVEN,False,HARD_STOP,-10.0000
47358,2026-09-09 07:32:32.248,EMA_BOUNCE,EMA24,1,24,BREAK_EVEN,False,HARD_STOP,-10.0000
47358,2026-09-09 07:32:32.248,EMA_BOUNCE,EMA24,1,24,NO_BREAK_EVEN,False,HARD_STOP,-10.0000
47358,2026-09-09 07:32:32.248,EMA_BOUNCE,EMA24,1,48,BREAK_EVEN,False,HARD_STOP,-10.0000
47358,2026-09-09 07:32:32.248,EMA_BOUNCE,EMA24,1,48,NO_BREAK_EVEN,False,HARD_STOP,-10.0000
47362,2026-09-09 07:33:37.800,EMA_BOUNCE,EMA50,1,12,BREAK_EVEN,True,BREAK_EVEN,0.0000
47362,2026-09-09 07:33:37.800,EMA_BOUNCE,EMA50,1,12,NO_BREAK_EVEN,True,TIME,3.0000
47362,2026-09-09 07:33:37.800,EMA_BOUNCE,EMA50,1,24,BREAK_EVEN,True,BREAK_EVEN,0.0000
47362,2026-09-09 07:33:37.800,EMA_BOUNCE,EMA50,1,24,NO_BREAK_EVEN,True,BAR_CLOSE_TRAIL,-3.0000
47362,2026-09-09 07:33:37.800,EMA_BOUNCE,EMA50,1,48,BREAK_EVEN,True,BREAK_EVEN,0.0000
47362,2026-09-09 07:33:37.800,EMA_BOUNCE,EMA50,1,48,NO_BREAK_EVEN,True,BAR_CLOSE_TRAIL,-3.0000
47427,2026-09-09 07:55:02.740,EMA_BOUNCE,EMA50,1,12,BREAK_EVEN,True,BREAK_EVEN,0.0000
47427,2026-09-09 07:55:02.740,EMA_BOUNCE,EMA50,1,12,NO_BREAK_EVEN,True,BAR_CLOSE_TRAIL,-4.0000
47427,2026-09-09 07:55:02.740,EMA_BOUNCE,EMA50,1,24,BREAK_EVEN,True,BREAK_EVEN,0.0000
47427,2026-09-09 07:55:02.740,EMA_BOUNCE,EMA50,1,24,NO_BREAK_EVEN,True,BAR_CLOSE_TRAIL,-4.0000
47427,2026-09-09 07:55:02.740,EMA_BOUNCE,EMA50,1,48,BREAK_EVEN,True,BREAK_EVEN,0.0000
47427,2026-09-09 07:55:02.740,EMA_BOUNCE,EMA50,1,48,NO_BREAK_EVEN,True,BAR_CLOSE_TRAIL,-4.0000
47924,2026-09-09 11:50:52.012,EMA_BOUNCE,EMA24,1,12,BREAK_EVEN,True,BAR_CLOSE_TRAIL,7.0000
47924,2026-09-09 11:50:52.012,EMA_BOUNCE,EMA24,1,12,NO_BREAK_EVEN,True,BAR_CLOSE_TRAIL,7.0000
47924,2026-09-09 11:50:52.012,EMA_BOUNCE,EMA24,1,24,BREAK_EVEN,True,BAR_CLOSE_TRAIL,7.0000
47924,2026-09-09 11:50:52.012,EMA_BOUNCE,EMA24,1,24,NO_BREAK_EVEN,True,BAR_CLOSE_TRAIL,7.0000
47924,2026-09-09 11:50:52.012,EMA_BOUNCE,EMA24,1,48,BREAK_EVEN,True,BAR_CLOSE_TRAIL,7.0000
47924,2026-09-09 11:50:52.012,EMA_BOUNCE,EMA24,1,48,NO_BREAK_EVEN,True,BAR_CLOSE_TRAIL,7.0000
47965,2026-09-09 12:45:27.720,EMA_BOUNCE,EMA8,-1,12,BREAK_EVEN,True,BREAK_EVEN,0.0000
47965,2026-09-09 12:45:27.720,EMA_BOUNCE,EMA8,-1,12,NO_BREAK_EVEN,True,BAR_CLOSE_TRAIL,-0.0000
47965,2026-09-09 12:45:27.720,EMA_BOUNCE,EMA8,-1,24,BREAK_EVEN,True,BREAK_EVEN,0.0000
47965,2026-09-09 12:45:27.720,EMA_BOUNCE,EMA8,-1,24,NO_BREAK_EVEN,True,BAR_CLOSE_TRAIL,-0.0000
47965,2026-09-09 12:45:27.720,EMA_BOUNCE,EMA8,-1,48,BREAK_EVEN,True,BREAK_EVEN,0.0000
47965,2026-09-09 12:45:27.720,EMA_BOUNCE,EMA8,-1,48,NO_BREAK_EVEN,True,BAR_CLOSE_TRAIL,-0.0000
47974,2026-09-09 12:50:17.404,PIN7,PIN7,-1,12,BREAK_EVEN,True,BREAK_EVEN,0.0000
47974,2026-09-09 12:50:17.404,PIN7,PIN7,-1,12,NO_BREAK_EVEN,True,BAR_CLOSE_TRAIL,3.0000
47974,2026-09-09 12:50:17.404,PIN7,PIN7,-1,24,BREAK_EVEN,True,BREAK_EVEN,0.0000
47974,2026-09-09 12:50:17.404,PIN7,PIN7,-1,24,NO_BREAK_EVEN,True,BAR_CLOSE_TRAIL,3.0000
47974,2026-09-09 12:50:17.404,PIN7,PIN7,-1,48,BREAK_EVEN,True,BREAK_EVEN,0.0000
47974,2026-09-09 12:50:17.404,PIN7,PIN7,-1,48,NO_BREAK_EVEN,True,BAR_CLOSE_TRAIL,3.0000
47975,2026-09-09 12:50:57.004,PIN7,PIN7,-1,12,BREAK_EVEN,True,BREAK_EVEN,0.0000
47975,2026-09-09 12:50:57.004,PIN7,PIN7,-1,12,NO_BREAK_EVEN,True,BAR_CLOSE_TRAIL,-0.0000
47975,2026-09-09 12:50:57.004,PIN7,PIN7,-1,24,BREAK_EVEN,True,BREAK_EVEN,0.0000
47975,2026-09-09 12:50:57.004,PIN7,PIN7,-1,24,NO_BREAK_EVEN,True,BAR_CLOSE_TRAIL,-0.0000
47975,2026-09-09 12:50:57.004,PIN7,PIN7,-1,48,BREAK_EVEN,True,BREAK_EVEN,0.0000
47975,2026-09-09 12:50:57.004,PIN7,PIN7,-1,48,NO_BREAK_EVEN,True,BAR_CLOSE_TRAIL,-0.0000
47987,2026-09-09 12:56:49.956,EMA_BOUNCE,EMA24,-1,12,BREAK_EVEN,True,BREAK_EVEN,0.0000
47987,2026-09-09 12:56:49.956,EMA_BOUNCE,EMA24,-1,12,NO_BREAK_EVEN,True,BAR_CLOSE_TRAIL,-2.0000
47987,2026-09-09 12:56:49.956,EMA_BOUNCE,EMA24,-1,24,BREAK_EVEN,True,BREAK_EVEN,0.0000
47987,2026-09-09 12:56:49.956,EMA_BOUNCE,EMA24,-1,24,NO_BREAK_EVEN,True,BAR_CLOSE_TRAIL,-2.0000
47987,2026-09-09 12:56:49.956,EMA_BOUNCE,EMA24,-1,48,BREAK_EVEN,True,BREAK_EVEN,0.0000
47987,2026-09-09 12:56:49.956,EMA_BOUNCE,EMA24,-1,48,NO_BREAK_EVEN,True,BAR_CLOSE_TRAIL,-2.0000
47992,2026-09-09 12:59:01.940,EMA_BOUNCE,EMA24,-1,12,BREAK_EVEN,True,BREAK_EVEN,0.0000
47992,2026-09-09 12:59:01.940,EMA_BOUNCE,EMA24,-1,12,NO_BREAK_EVEN,True,BAR_CLOSE_TRAIL,1.0000
47992,2026-09-09 12:59:01.940,EMA_BOUNCE,EMA24,-1,24,BREAK_EVEN,True,BREAK_EVEN,0.0000
47992,2026-09-09 12:59:01.940,EMA_BOUNCE,EMA24,-1,24,NO_BREAK_EVEN,True,BAR_CLOSE_TRAIL,1.0000
47992,2026-09-09 12:59:01.940,EMA_BOUNCE,EMA24,-1,48,BREAK_EVEN,True,BREAK_EVEN,0.0000
47992,2026-09-09 12:59:01.940,EMA_BOUNCE,EMA24,-1,48,NO_BREAK_EVEN,True,BAR_CLOSE_TRAIL,1.0000
49225,2026-09-10 07:03:22.308,EMA_BOUNCE,EMA24,1,12,BREAK_EVEN,True,BREAK_EVEN,0.0000
49225,2026-09-10 07:03:22.308,EMA_BOUNCE,EMA24,1,12,NO_BREAK_EVEN,True,BAR_CLOSE_TRAIL,-4.0000
49225,2026-09-10 07:03:22.308,EMA_BOUNCE,EMA24,1,24,BREAK_EVEN,True,BREAK_EVEN,0.0000
49225,2026-09-10 07:03:22.308,EMA_BOUNCE,EMA24,1,24,NO_BREAK_EVEN,True,BAR_CLOSE_TRAIL,-4.0000
49225,2026-09-10 07:03:22.308,EMA_BOUNCE,EMA24,1,48,BREAK_EVEN,True,BREAK_EVEN,0.0000
49225,2026-09-10 07:03:22.308,EMA_BOUNCE,EMA24,1,48,NO_BREAK_EVEN,True,BAR_CLOSE_TRAIL,-4.0000
49284,2026-09-10 07:15:00.524,EMA_BOUNCE,EMA24,1,12,BREAK_EVEN,False,HARD_STOP,-10.0000
49284,2026-09-10 07:15:00.524,EMA_BOUNCE,EMA24,1,12,NO_BREAK_EVEN,False,HARD_STOP,-10.0000
49284,2026-09-10 07:15:00.524,EMA_BOUNCE,EMA24,1,24,BREAK_EVEN,False,HARD_STOP,-10.0000
49284,2026-09-10 07:15:00.524,EMA_BOUNCE,EMA24,1,24,NO_BREAK_EVEN,False,HARD_STOP,-10.0000
49284,2026-09-10 07:15:00.524,EMA_BOUNCE,EMA24,1,48,BREAK_EVEN,False,HARD_STOP,-10.0000
49284,2026-09-10 07:15:00.524,EMA_BOUNCE,EMA24,1,48,NO_BREAK_EVEN,False,HARD_STOP,-10.0000
49293,2026-09-10 07:16:34.300,PIN7,PIN7,1,12,BREAK_EVEN,True,BREAK_EVEN,0.0000
49293,2026-09-10 07:16:34.300,PIN7,PIN7,1,12,NO_BREAK_EVEN,True,BAR_CLOSE_TRAIL,0.0000
49293,2026-09-10 07:16:34.300,PIN7,PIN7,1,24,BREAK_EVEN,True,BREAK_EVEN,0.0000
49293,2026-09-10 07:16:34.300,PIN7,PIN7,1,24,NO_BREAK_EVEN,True,BAR_CLOSE_TRAIL,0.0000
49293,2026-09-10 07:16:34.300,PIN7,PIN7,1,48,BREAK_EVEN,True,BREAK_EVEN,0.0000
49293,2026-09-10 07:16:34.300,PIN7,PIN7,1,48,NO_BREAK_EVEN,True,BAR_CLOSE_TRAIL,0.0000
49301,2026-09-10 07:17:40.148,EMA_BOUNCE,EMA50,1,12,BREAK_EVEN,True,TIME,13.0000
49301,2026-09-10 07:17:40.148,EMA_BOUNCE,EMA50,1,12,NO_BREAK_EVEN,True,TIME,13.0000
49301,2026-09-10 07:17:40.148,EMA_BOUNCE,EMA50,1,24,BREAK_EVEN,True,TIME,28.0000
49301,2026-09-10 07:17:40.148,EMA_BOUNCE,EMA50,1,24,NO_BREAK_EVEN,True,TIME,28.0000
49301,2026-09-10 07:17:40.148,EMA_BOUNCE,EMA50,1,48,BREAK_EVEN,True,BAR_CLOSE_TRAIL,32.0000
49301,2026-09-10 07:17:40.148,EMA_BOUNCE,EMA50,1,48,NO_BREAK_EVEN,True,BAR_CLOSE_TRAIL,32.0000
49310,2026-09-10 07:19:10.484,PIN7,PIN7,1,12,BREAK_EVEN,True,BREAK_EVEN,0.0000
49310,2026-09-10 07:19:10.484,PIN7,PIN7,1,12,NO_BREAK_EVEN,True,TIME,20.0000
49310,2026-09-10 07:19:10.484,PIN7,PIN7,1,24,BREAK_EVEN,True,BREAK_EVEN,0.0000
49310,2026-09-10 07:19:10.484,PIN7,PIN7,1,24,NO_BREAK_EVEN,True,BAR_CLOSE_TRAIL,23.0000
49310,2026-09-10 07:19:10.484,PIN7,PIN7,1,48,BREAK_EVEN,True,BREAK_EVEN,0.0000
49310,2026-09-10 07:19:10.484,PIN7,PIN7,1,48,NO_BREAK_EVEN,True,BAR_CLOSE_TRAIL,23.0000
49315,2026-09-10 07:19:46.184,PIN7,PIN7,1,12,BREAK_EVEN,True,BREAK_EVEN,0.0000
49315,2026-09-10 07:19:46.184,PIN7,PIN7,1,12,NO_BREAK_EVEN,True,TIME,18.0000
49315,2026-09-10 07:19:46.184,PIN7,PIN7,1,24,BREAK_EVEN,True,BREAK_EVEN,0.0000
49315,2026-09-10 07:19:46.184,PIN7,PIN7,1,24,NO_BREAK_EVEN,True,BAR_CLOSE_TRAIL,13.0000
49315,2026-09-10 07:19:46.184,PIN7,PIN7,1,48,BREAK_EVEN,True,BREAK_EVEN,0.0000
49315,2026-09-10 07:19:46.184,PIN7,PIN7,1,48,NO_BREAK_EVEN,True,BAR_CLOSE_TRAIL,13.0000
49317,2026-09-10 07:19:56.224,PIN7,PIN7,1,12,BREAK_EVEN,True,BREAK_EVEN,0.0000
49317,2026-09-10 07:19:56.224,PIN7,PIN7,1,12,NO_BREAK_EVEN,True,BAR_CLOSE_TRAIL,0.0000
49317,2026-09-10 07:19:56.224,PIN7,PIN7,1,24,BREAK_EVEN,True,BREAK_EVEN,0.0000
49317,2026-09-10 07:19:56.224,PIN7,PIN7,1,24,NO_BREAK_EVEN,True,BAR_CLOSE_TRAIL,0.0000
49317,2026-09-10 07:19:56.224,PIN7,PIN7,1,48,BREAK_EVEN,True,BREAK_EVEN,0.0000
49317,2026-09-10 07:19:56.224,PIN7,PIN7,1,48,NO_BREAK_EVEN,True,BAR_CLOSE_TRAIL,0.0000
49330,2026-09-10 07:22:38.468,EMA_BOUNCE,EMA8,1,12,BREAK_EVEN,True,BAR_CLOSE_TRAIL,2.0000
49330,2026-09-10 07:22:38.468,EMA_BOUNCE,EMA8,1,12,NO_BREAK_EVEN,True,BAR_CLOSE_TRAIL,2.0000
49330,2026-09-10 07:22:38.468,EMA_BOUNCE,EMA8,1,24,BREAK_EVEN,True,BAR_CLOSE_TRAIL,2.0000
49330,2026-09-10 07:22:38.468,EMA_BOUNCE,EMA8,1,24,NO_BREAK_EVEN,True,BAR_CLOSE_TRAIL,2.0000
49330,2026-09-10 07:22:38.468,EMA_BOUNCE,EMA8,1,48,BREAK_EVEN,True,BAR_CLOSE_TRAIL,2.0000
49330,2026-09-10 07:22:38.468,EMA_BOUNCE,EMA8,1,48,NO_BREAK_EVEN,True,BAR_CLOSE_TRAIL,2.0000
49348,2026-09-10 07:24:40.464,PIN_STRICT,PIN,1,12,BREAK_EVEN,True,BAR_CLOSE_TRAIL,22.0000
49348,2026-09-10 07:24:40.464,PIN_STRICT,PIN,1,12,NO_BREAK_EVEN,True,BAR_CLOSE_TRAIL,22.0000
49348,2026-09-10 07:24:40.464,PIN_STRICT,PIN,1,24,BREAK_EVEN,True,BAR_CLOSE_TRAIL,22.0000
49348,2026-09-10 07:24:40.464,PIN_STRICT,PIN,1,24,NO_BREAK_EVEN,True,BAR_CLOSE_TRAIL,22.0000
49348,2026-09-10 07:24:40.464,PIN_STRICT,PIN,1,48,BREAK_EVEN,True,BAR_CLOSE_TRAIL,22.0000
49348,2026-09-10 07:24:40.464,PIN_STRICT,PIN,1,48,NO_BREAK_EVEN,True,BAR_CLOSE_TRAIL,22.0000
49366,2026-09-10 07:24:50.576,EMA_BOUNCE,EMA24,1,12,BREAK_EVEN,True,BREAK_EVEN,0.0000
49366,2026-09-10 07:24:50.576,EMA_BOUNCE,EMA24,1,12,NO_BREAK_EVEN,True,BAR_CLOSE_TRAIL,1.0000
49366,2026-09-10 07:24:50.576,EMA_BOUNCE,EMA24,1,24,BREAK_EVEN,True,BREAK_EVEN,0.0000
49366,2026-09-10 07:24:50.576,EMA_BOUNCE,EMA24,1,24,NO_BREAK_EVEN,True,BAR_CLOSE_TRAIL,1.0000
49366,2026-09-10 07:24:50.576,EMA_BOUNCE,EMA24,1,48,BREAK_EVEN,True,BREAK_EVEN,0.0000
49366,2026-09-10 07:24:50.576,EMA_BOUNCE,EMA24,1,48,NO_BREAK_EVEN,True,BAR_CLOSE_TRAIL,1.0000
49385,2026-09-10 07:25:19.952,PIN7,PIN7,1,12,BREAK_EVEN,True,BREAK_EVEN,0.0000
49385,2026-09-10 07:25:19.952,PIN7,PIN7,1,12,NO_BREAK_EVEN,True,BAR_CLOSE_TRAIL,0.0000
49385,2026-09-10 07:25:19.952,PIN7,PIN7,1,24,BREAK_EVEN,True,BREAK_EVEN,0.0000
49385,2026-09-10 07:25:19.952,PIN7,PIN7,1,24,NO_BREAK_EVEN,True,BAR_CLOSE_TRAIL,0.0000
49385,2026-09-10 07:25:19.952,PIN7,PIN7,1,48,BREAK_EVEN,True,BREAK_EVEN,0.0000
49385,2026-09-10 07:25:19.952,PIN7,PIN7,1,48,NO_BREAK_EVEN,True,BAR_CLOSE_TRAIL,0.0000
49391,2026-09-10 07:25:35.384,EMA_BOUNCE,EMA24,1,12,BREAK_EVEN,False,HARD_STOP,-10.0000
49391,2026-09-10 07:25:35.384,EMA_BOUNCE,EMA24,1,12,NO_BREAK_EVEN,False,HARD_STOP,-10.0000
49391,2026-09-10 07:25:35.384,EMA_BOUNCE,EMA24,1,24,BREAK_EVEN,False,HARD_STOP,-10.0000
49391,2026-09-10 07:25:35.384,EMA_BOUNCE,EMA24,1,24,NO_BREAK_EVEN,False,HARD_STOP,-10.0000
49391,2026-09-10 07:25:35.384,EMA_BOUNCE,EMA24,1,48,BREAK_EVEN,False,HARD_STOP,-10.0000
49391,2026-09-10 07:25:35.384,EMA_BOUNCE,EMA24,1,48,NO_BREAK_EVEN,False,HARD_STOP,-10.0000
49399,2026-09-10 07:26:02.740,EMA_BOUNCE,EMA50,1,12,BREAK_EVEN,False,HARD_STOP,-10.0000
49399,2026-09-10 07:26:02.740,EMA_BOUNCE,EMA50,1,12,NO_BREAK_EVEN,False,HARD_STOP,-10.0000
49399,2026-09-10 07:26:02.740,EMA_BOUNCE,EMA50,1,24,BREAK_EVEN,False,HARD_STOP,-10.0000
49399,2026-09-10 07:26:02.740,EMA_BOUNCE,EMA50,1,24,NO_BREAK_EVEN,False,HARD_STOP,-10.0000
49399,2026-09-10 07:26:02.740,EMA_BOUNCE,EMA50,1,48,BREAK_EVEN,False,HARD_STOP,-10.0000
49399,2026-09-10 07:26:02.740,EMA_BOUNCE,EMA50,1,48,NO_BREAK_EVEN,False,HARD_STOP,-10.0000
49419,2026-09-10 07:27:47.396,EMA_BOUNCE,EMA8,-1,12,BREAK_EVEN,True,BREAK_EVEN,0.0000
49419,2026-09-10 07:27:47.396,EMA_BOUNCE,EMA8,-1,12,NO_BREAK_EVEN,True,BAR_CLOSE_TRAIL,-0.0000
49419,2026-09-10 07:27:47.396,EMA_BOUNCE,EMA8,-1,24,BREAK_EVEN,True,BREAK_EVEN,0.0000
49419,2026-09-10 07:27:47.396,EMA_BOUNCE,EMA8,-1,24,NO_BREAK_EVEN,True,BAR_CLOSE_TRAIL,-0.0000
49419,2026-09-10 07:27:47.396,EMA_BOUNCE,EMA8,-1,48,BREAK_EVEN,True,BREAK_EVEN,0.0000
49419,2026-09-10 07:27:47.396,EMA_BOUNCE,EMA8,-1,48,NO_BREAK_EVEN,True,BAR_CLOSE_TRAIL,-0.0000
49423,2026-09-10 07:29:06.552,PIN7,PIN7,-1,12,BREAK_EVEN,True,BREAK_EVEN,0.0000
49423,2026-09-10 07:29:06.552,PIN7,PIN7,-1,12,NO_BREAK_EVEN,True,BAR_CLOSE_TRAIL,-2.0000
49423,2026-09-10 07:29:06.552,PIN7,PIN7,-1,24,BREAK_EVEN,True,BREAK_EVEN,0.0000
49423,2026-09-10 07:29:06.552,PIN7,PIN7,-1,24,NO_BREAK_EVEN,True,BAR_CLOSE_TRAIL,-2.0000
49423,2026-09-10 07:29:06.552,PIN7,PIN7,-1,48,BREAK_EVEN,True,BREAK_EVEN,0.0000
49423,2026-09-10 07:29:06.552,PIN7,PIN7,-1,48,NO_BREAK_EVEN,True,BAR_CLOSE_TRAIL,-2.0000
49446,2026-09-10 07:33:01.672,EMA_BOUNCE,EMA50,-1,12,BREAK_EVEN,False,HARD_STOP,-10.0000
49446,2026-09-10 07:33:01.672,EMA_BOUNCE,EMA50,-1,12,NO_BREAK_EVEN,False,HARD_STOP,-10.0000
49446,2026-09-10 07:33:01.672,EMA_BOUNCE,EMA50,-1,24,BREAK_EVEN,False,HARD_STOP,-10.0000
49446,2026-09-10 07:33:01.672,EMA_BOUNCE,EMA50,-1,24,NO_BREAK_EVEN,False,HARD_STOP,-10.0000
49446,2026-09-10 07:33:01.672,EMA_BOUNCE,EMA50,-1,48,BREAK_EVEN,False,HARD_STOP,-10.0000
49446,2026-09-10 07:33:01.672,EMA_BOUNCE,EMA50,-1,48,NO_BREAK_EVEN,False,HARD_STOP,-10.0000
49462,2026-09-10 07:36:31.752,EMA_BOUNCE,EMA8,1,12,BREAK_EVEN,True,BREAK_EVEN,0.0000
49462,2026-09-10 07:36:31.752,EMA_BOUNCE,EMA8,1,12,NO_BREAK_EVEN,True,BAR_CLOSE_TRAIL,0.0000
49462,2026-09-10 07:36:31.752,EMA_BOUNCE,EMA8,1,24,BREAK_EVEN,True,BREAK_EVEN,0.0000
49462,2026-09-10 07:36:31.752,EMA_BOUNCE,EMA8,1,24,NO_BREAK_EVEN,True,BAR_CLOSE_TRAIL,0.0000
49462,2026-09-10 07:36:31.752,EMA_BOUNCE,EMA8,1,48,BREAK_EVEN,True,BREAK_EVEN,0.0000
49462,2026-09-10 07:36:31.752,EMA_BOUNCE,EMA8,1,48,NO_BREAK_EVEN,True,BAR_CLOSE_TRAIL,0.0000
49466,2026-09-10 07:37:39.740,EMA_BOUNCE,EMA8,1,12,BREAK_EVEN,True,BREAK_EVEN,0.0000
49466,2026-09-10 07:37:39.740,EMA_BOUNCE,EMA8,1,12,NO_BREAK_EVEN,True,BAR_CLOSE_TRAIL,2.0000
49466,2026-09-10 07:37:39.740,EMA_BOUNCE,EMA8,1,24,BREAK_EVEN,True,BREAK_EVEN,0.0000
49466,2026-09-10 07:37:39.740,EMA_BOUNCE,EMA8,1,24,NO_BREAK_EVEN,True,BAR_CLOSE_TRAIL,2.0000
49466,2026-09-10 07:37:39.740,EMA_BOUNCE,EMA8,1,48,BREAK_EVEN,True,BREAK_EVEN,0.0000
49466,2026-09-10 07:37:39.740,EMA_BOUNCE,EMA8,1,48,NO_BREAK_EVEN,True,BAR_CLOSE_TRAIL,2.0000
49468,2026-09-10 07:38:18.000,PIN7,PIN7,1,12,BREAK_EVEN,False,HARD_STOP,-10.0000
49468,2026-09-10 07:38:18.000,PIN7,PIN7,1,12,NO_BREAK_EVEN,False,HARD_STOP,-10.0000
49468,2026-09-10 07:38:18.000,PIN7,PIN7,1,24,BREAK_EVEN,False,HARD_STOP,-10.0000
49468,2026-09-10 07:38:18.000,PIN7,PIN7,1,24,NO_BREAK_EVEN,False,HARD_STOP,-10.0000
49468,2026-09-10 07:38:18.000,PIN7,PIN7,1,48,BREAK_EVEN,False,HARD_STOP,-10.0000
49468,2026-09-10 07:38:18.000,PIN7,PIN7,1,48,NO_BREAK_EVEN,False,HARD_STOP,-10.0000
49470,2026-09-10 07:38:48.388,EMA_BOUNCE,EMA8,1,12,BREAK_EVEN,False,HARD_STOP,-10.0000
49470,2026-09-10 07:38:48.388,EMA_BOUNCE,EMA8,1,12,NO_BREAK_EVEN,False,HARD_STOP,-10.0000
49470,2026-09-10 07:38:48.388,EMA_BOUNCE,EMA8,1,24,BREAK_EVEN,False,HARD_STOP,-10.0000
49470,2026-09-10 07:38:48.388,EMA_BOUNCE,EMA8,1,24,NO_BREAK_EVEN,False,HARD_STOP,-10.0000
49470,2026-09-10 07:38:48.388,EMA_BOUNCE,EMA8,1,48,BREAK_EVEN,False,HARD_STOP,-10.0000
49470,2026-09-10 07:38:48.388,EMA_BOUNCE,EMA8,1,48,NO_BREAK_EVEN,False,HARD_STOP,-10.0000
49479,2026-09-10 07:41:08.528,EMA_BOUNCE,EMA50,1,12,BREAK_EVEN,True,BREAK_EVEN,0.0000
49479,2026-09-10 07:41:08.528,EMA_BOUNCE,EMA50,1,12,NO_BREAK_EVEN,True,BAR_CLOSE_TRAIL,0.0000
49479,2026-09-10 07:41:08.528,EMA_BOUNCE,EMA50,1,24,BREAK_EVEN,True,BREAK_EVEN,0.0000
49479,2026-09-10 07:41:08.528,EMA_BOUNCE,EMA50,1,24,NO_BREAK_EVEN,True,BAR_CLOSE_TRAIL,0.0000
49479,2026-09-10 07:41:08.528,EMA_BOUNCE,EMA50,1,48,BREAK_EVEN,True,BREAK_EVEN,0.0000
49479,2026-09-10 07:41:08.528,EMA_BOUNCE,EMA50,1,48,NO_BREAK_EVEN,True,BAR_CLOSE_TRAIL,0.0000
49481,2026-09-10 07:41:46.768,EMA_BOUNCE,EMA50,1,12,BREAK_EVEN,False,HARD_STOP,-10.0000
49481,2026-09-10 07:41:46.768,EMA_BOUNCE,EMA50,1,12,NO_BREAK_EVEN,False,HARD_STOP,-10.0000
49481,2026-09-10 07:41:46.768,EMA_BOUNCE,EMA50,1,24,BREAK_EVEN,False,HARD_STOP,-10.0000
49481,2026-09-10 07:41:46.768,EMA_BOUNCE,EMA50,1,24,NO_BREAK_EVEN,False,HARD_STOP,-10.0000
49481,2026-09-10 07:41:46.768,EMA_BOUNCE,EMA50,1,48,BREAK_EVEN,False,HARD_STOP,-10.0000
49481,2026-09-10 07:41:46.768,EMA_BOUNCE,EMA50,1,48,NO_BREAK_EVEN,False,HARD_STOP,-10.0000
49497,2026-09-10 07:45:49.448,EMA_BOUNCE,EMA8,-1,12,BREAK_EVEN,True,BREAK_EVEN,0.0000
49497,2026-09-10 07:45:49.448,EMA_BOUNCE,EMA8,-1,12,NO_BREAK_EVEN,True,BAR_CLOSE_TRAIL,-0.0000
49497,2026-09-10 07:45:49.448,EMA_BOUNCE,EMA8,-1,24,BREAK_EVEN,True,BREAK_EVEN,0.0000
49497,2026-09-10 07:45:49.448,EMA_BOUNCE,EMA8,-1,24,NO_BREAK_EVEN,True,BAR_CLOSE_TRAIL,-0.0000
49497,2026-09-10 07:45:49.448,EMA_BOUNCE,EMA8,-1,48,BREAK_EVEN,True,BREAK_EVEN,0.0000
49497,2026-09-10 07:45:49.448,EMA_BOUNCE,EMA8,-1,48,NO_BREAK_EVEN,True,BAR_CLOSE_TRAIL,-0.0000
49502,2026-09-10 07:46:30.040,EMA_BOUNCE,EMA24,-1,12,BREAK_EVEN,True,BREAK_EVEN,0.0000
49502,2026-09-10 07:46:30.040,EMA_BOUNCE,EMA24,-1,12,NO_BREAK_EVEN,True,BAR_CLOSE_TRAIL,9.0000
49502,2026-09-10 07:46:30.040,EMA_BOUNCE,EMA24,-1,24,BREAK_EVEN,True,BREAK_EVEN,0.0000
49502,2026-09-10 07:46:30.040,EMA_BOUNCE,EMA24,-1,24,NO_BREAK_EVEN,True,BAR_CLOSE_TRAIL,9.0000
49502,2026-09-10 07:46:30.040,EMA_BOUNCE,EMA24,-1,48,BREAK_EVEN,True,BREAK_EVEN,0.0000
49502,2026-09-10 07:46:30.040,EMA_BOUNCE,EMA24,-1,48,NO_BREAK_EVEN,True,BAR_CLOSE_TRAIL,9.0000
49504,2026-09-10 07:47:03.364,EMA_BOUNCE,EMA50,-1,12,BREAK_EVEN,True,BREAK_EVEN,0.0000
49504,2026-09-10 07:47:03.364,EMA_BOUNCE,EMA50,-1,12,NO_BREAK_EVEN,True,BAR_CLOSE_TRAIL,-0.0000
49504,2026-09-10 07:47:03.364,EMA_BOUNCE,EMA50,-1,24,BREAK_EVEN,True,BREAK_EVEN,0.0000
49504,2026-09-10 07:47:03.364,EMA_BOUNCE,EMA50,-1,24,NO_BREAK_EVEN,True,BAR_CLOSE_TRAIL,-0.0000
49504,2026-09-10 07:47:03.364,EMA_BOUNCE,EMA50,-1,48,BREAK_EVEN,True,BREAK_EVEN,0.0000
49504,2026-09-10 07:47:03.364,EMA_BOUNCE,EMA50,-1,48,NO_BREAK_EVEN,True,BAR_CLOSE_TRAIL,-0.0000
49517,2026-09-10 07:49:49.124,EMA_BOUNCE,EMA50,-1,12,BREAK_EVEN,True,BREAK_EVEN,0.0000
49517,2026-09-10 07:49:49.124,EMA_BOUNCE,EMA50,-1,12,NO_BREAK_EVEN,True,BAR_CLOSE_TRAIL,-0.0000
49517,2026-09-10 07:49:49.124,EMA_BOUNCE,EMA50,-1,24,BREAK_EVEN,True,BREAK_EVEN,0.0000
49517,2026-09-10 07:49:49.124,EMA_BOUNCE,EMA50,-1,24,NO_BREAK_EVEN,True,BAR_CLOSE_TRAIL,-0.0000
49517,2026-09-10 07:49:49.124,EMA_BOUNCE,EMA50,-1,48,BREAK_EVEN,True,BREAK_EVEN,0.0000
49517,2026-09-10 07:49:49.124,EMA_BOUNCE,EMA50,-1,48,NO_BREAK_EVEN,True,BAR_CLOSE_TRAIL,-0.0000
49546,2026-09-10 07:56:08.248,EMA_BOUNCE,EMA50,1,12,BREAK_EVEN,True,BREAK_EVEN,0.0000
49546,2026-09-10 07:56:08.248,EMA_BOUNCE,EMA50,1,12,NO_BREAK_EVEN,True,BAR_CLOSE_TRAIL,12.0000
49546,2026-09-10 07:56:08.248,EMA_BOUNCE,EMA50,1,24,BREAK_EVEN,True,BREAK_EVEN,0.0000
49546,2026-09-10 07:56:08.248,EMA_BOUNCE,EMA50,1,24,NO_BREAK_EVEN,True,BAR_CLOSE_TRAIL,12.0000
49546,2026-09-10 07:56:08.248,EMA_BOUNCE,EMA50,1,48,BREAK_EVEN,True,BREAK_EVEN,0.0000
49546,2026-09-10 07:56:08.248,EMA_BOUNCE,EMA50,1,48,NO_BREAK_EVEN,True,BAR_CLOSE_TRAIL,12.0000
49551,2026-09-10 07:57:13.440,PIN7,PIN7,1,12,BREAK_EVEN,True,BREAK_EVEN,0.0000
49551,2026-09-10 07:57:13.440,PIN7,PIN7,1,12,NO_BREAK_EVEN,True,BAR_CLOSE_TRAIL,-1.0000
49551,2026-09-10 07:57:13.440,PIN7,PIN7,1,24,BREAK_EVEN,True,BREAK_EVEN,0.0000
49551,2026-09-10 07:57:13.440,PIN7,PIN7,1,24,NO_BREAK_EVEN,True,BAR_CLOSE_TRAIL,-1.0000
49551,2026-09-10 07:57:13.440,PIN7,PIN7,1,48,BREAK_EVEN,True,BREAK_EVEN,0.0000
49551,2026-09-10 07:57:13.440,PIN7,PIN7,1,48,NO_BREAK_EVEN,True,BAR_CLOSE_TRAIL,-1.0000
49557,2026-09-10 07:58:52.388,EMA_BOUNCE,EMA8,1,12,BREAK_EVEN,False,HARD_STOP,-10.0000
49557,2026-09-10 07:58:52.388,EMA_BOUNCE,EMA8,1,12,NO_BREAK_EVEN,False,HARD_STOP,-10.0000
49557,2026-09-10 07:58:52.388,EMA_BOUNCE,EMA8,1,24,BREAK_EVEN,False,HARD_STOP,-10.0000
49557,2026-09-10 07:58:52.388,EMA_BOUNCE,EMA8,1,24,NO_BREAK_EVEN,False,HARD_STOP,-10.0000
49557,2026-09-10 07:58:52.388,EMA_BOUNCE,EMA8,1,48,BREAK_EVEN,False,HARD_STOP,-10.0000
49557,2026-09-10 07:58:52.388,EMA_BOUNCE,EMA8,1,48,NO_BREAK_EVEN,False,HARD_STOP,-10.0000
50037,2026-09-10 11:02:19.680,PIN7,PIN7,-1,12,BREAK_EVEN,True,BAR_CLOSE_TRAIL,3.0000
50037,2026-09-10 11:02:19.680,PIN7,PIN7,-1,12,NO_BREAK_EVEN,True,BAR_CLOSE_TRAIL,3.0000
50037,2026-09-10 11:02:19.680,PIN7,PIN7,-1,24,BREAK_EVEN,True,BAR_CLOSE_TRAIL,3.0000
50037,2026-09-10 11:02:19.680,PIN7,PIN7,-1,24,NO_BREAK_EVEN,True,BAR_CLOSE_TRAIL,3.0000
50037,2026-09-10 11:02:19.680,PIN7,PIN7,-1,48,BREAK_EVEN,True,BAR_CLOSE_TRAIL,3.0000
50037,2026-09-10 11:02:19.680,PIN7,PIN7,-1,48,NO_BREAK_EVEN,True,BAR_CLOSE_TRAIL,3.0000
50039,2026-09-10 11:03:16.004,PIN7,PIN7,-1,12,BREAK_EVEN,True,BREAK_EVEN,0.0000
50039,2026-09-10 11:03:16.004,PIN7,PIN7,-1,12,NO_BREAK_EVEN,True,BAR_CLOSE_TRAIL,-1.0000
50039,2026-09-10 11:03:16.004,PIN7,PIN7,-1,24,BREAK_EVEN,True,BREAK_EVEN,0.0000
50039,2026-09-10 11:03:16.004,PIN7,PIN7,-1,24,NO_BREAK_EVEN,True,BAR_CLOSE_TRAIL,-1.0000
50039,2026-09-10 11:03:16.004,PIN7,PIN7,-1,48,BREAK_EVEN,True,BREAK_EVEN,0.0000
50039,2026-09-10 11:03:16.004,PIN7,PIN7,-1,48,NO_BREAK_EVEN,True,BAR_CLOSE_TRAIL,-1.0000
50042,2026-09-10 11:04:50.848,EMA_BOUNCE,EMA8,-1,12,BREAK_EVEN,True,BREAK_EVEN,0.0000
50042,2026-09-10 11:04:50.848,EMA_BOUNCE,EMA8,-1,12,NO_BREAK_EVEN,True,BAR_CLOSE_TRAIL,-0.0000
50042,2026-09-10 11:04:50.848,EMA_BOUNCE,EMA8,-1,24,BREAK_EVEN,True,BREAK_EVEN,0.0000
50042,2026-09-10 11:04:50.848,EMA_BOUNCE,EMA8,-1,24,NO_BREAK_EVEN,True,BAR_CLOSE_TRAIL,-0.0000
50042,2026-09-10 11:04:50.848,EMA_BOUNCE,EMA8,-1,48,BREAK_EVEN,True,BREAK_EVEN,0.0000
50042,2026-09-10 11:04:50.848,EMA_BOUNCE,EMA8,-1,48,NO_BREAK_EVEN,True,BAR_CLOSE_TRAIL,-0.0000
50052,2026-09-10 11:10:09.944,PIN7,PIN7,-1,12,BREAK_EVEN,True,BREAK_EVEN,0.0000
50052,2026-09-10 11:10:09.944,PIN7,PIN7,-1,12,NO_BREAK_EVEN,True,BAR_CLOSE_TRAIL,-1.0000
50052,2026-09-10 11:10:09.944,PIN7,PIN7,-1,24,BREAK_EVEN,True,BREAK_EVEN,0.0000
50052,2026-09-10 11:10:09.944,PIN7,PIN7,-1,24,NO_BREAK_EVEN,True,BAR_CLOSE_TRAIL,-1.0000
50052,2026-09-10 11:10:09.944,PIN7,PIN7,-1,48,BREAK_EVEN,True,BREAK_EVEN,0.0000
50052,2026-09-10 11:10:09.944,PIN7,PIN7,-1,48,NO_BREAK_EVEN,True,BAR_CLOSE_TRAIL,-1.0000
50059,2026-09-10 11:14:45.524,EMA_BOUNCE,EMA24,-1,12,BREAK_EVEN,True,BAR_CLOSE_TRAIL,3.0000
50059,2026-09-10 11:14:45.524,EMA_BOUNCE,EMA24,-1,12,NO_BREAK_EVEN,True,BAR_CLOSE_TRAIL,3.0000
50059,2026-09-10 11:14:45.524,EMA_BOUNCE,EMA24,-1,24,BREAK_EVEN,True,BAR_CLOSE_TRAIL,3.0000
50059,2026-09-10 11:14:45.524,EMA_BOUNCE,EMA24,-1,24,NO_BREAK_EVEN,True,BAR_CLOSE_TRAIL,3.0000
50059,2026-09-10 11:14:45.524,EMA_BOUNCE,EMA24,-1,48,BREAK_EVEN,True,BAR_CLOSE_TRAIL,3.0000
50059,2026-09-10 11:14:45.524,EMA_BOUNCE,EMA24,-1,48,NO_BREAK_EVEN,True,BAR_CLOSE_TRAIL,3.0000
50083,2026-09-10 11:32:37.156,PIN7,PIN7,-1,12,BREAK_EVEN,True,BREAK_EVEN,0.0000
50083,2026-09-10 11:32:37.156,PIN7,PIN7,-1,12,NO_BREAK_EVEN,True,BAR_CLOSE_TRAIL,-0.0000
50083,2026-09-10 11:32:37.156,PIN7,PIN7,-1,24,BREAK_EVEN,True,BREAK_EVEN,0.0000
50083,2026-09-10 11:32:37.156,PIN7,PIN7,-1,24,NO_BREAK_EVEN,True,BAR_CLOSE_TRAIL,-0.0000
50083,2026-09-10 11:32:37.156,PIN7,PIN7,-1,48,BREAK_EVEN,True,BREAK_EVEN,0.0000
50083,2026-09-10 11:32:37.156,PIN7,PIN7,-1,48,NO_BREAK_EVEN,True,BAR_CLOSE_TRAIL,-0.0000
50122,2026-09-10 11:51:26.412,PIN7,PIN7,1,12,BREAK_EVEN,True,BREAK_EVEN,0.0000
50122,2026-09-10 11:51:26.412,PIN7,PIN7,1,12,NO_BREAK_EVEN,True,BAR_CLOSE_TRAIL,0.0000
50122,2026-09-10 11:51:26.412,PIN7,PIN7,1,24,BREAK_EVEN,True,BREAK_EVEN,0.0000
50122,2026-09-10 11:51:26.412,PIN7,PIN7,1,24,NO_BREAK_EVEN,True,BAR_CLOSE_TRAIL,0.0000
50122,2026-09-10 11:51:26.412,PIN7,PIN7,1,48,BREAK_EVEN,True,BREAK_EVEN,0.0000
50122,2026-09-10 11:51:26.412,PIN7,PIN7,1,48,NO_BREAK_EVEN,True,BAR_CLOSE_TRAIL,0.0000
50123,2026-09-10 11:51:27.792,PIN7,PIN7,1,12,BREAK_EVEN,True,BREAK_EVEN,0.0000
50123,2026-09-10 11:51:27.792,PIN7,PIN7,1,12,NO_BREAK_EVEN,True,BAR_CLOSE_TRAIL,-3.0000
50123,2026-09-10 11:51:27.792,PIN7,PIN7,1,24,BREAK_EVEN,True,BREAK_EVEN,0.0000
50123,2026-09-10 11:51:27.792,PIN7,PIN7,1,24,NO_BREAK_EVEN,True,BAR_CLOSE_TRAIL,-3.0000
50123,2026-09-10 11:51:27.792,PIN7,PIN7,1,48,BREAK_EVEN,True,BREAK_EVEN,0.0000
50123,2026-09-10 11:51:27.792,PIN7,PIN7,1,48,NO_BREAK_EVEN,True,BAR_CLOSE_TRAIL,-3.0000
50127,2026-09-10 11:51:44.700,EMA_BOUNCE,EMA8,1,12,BREAK_EVEN,True,BREAK_EVEN,0.0000
50127,2026-09-10 11:51:44.700,EMA_BOUNCE,EMA8,1,12,NO_BREAK_EVEN,True,BAR_CLOSE_TRAIL,-4.0000
50127,2026-09-10 11:51:44.700,EMA_BOUNCE,EMA8,1,24,BREAK_EVEN,True,BREAK_EVEN,0.0000
50127,2026-09-10 11:51:44.700,EMA_BOUNCE,EMA8,1,24,NO_BREAK_EVEN,True,BAR_CLOSE_TRAIL,-4.0000
50127,2026-09-10 11:51:44.700,EMA_BOUNCE,EMA8,1,48,BREAK_EVEN,True,BREAK_EVEN,0.0000
50127,2026-09-10 11:51:44.700,EMA_BOUNCE,EMA8,1,48,NO_BREAK_EVEN,True,BAR_CLOSE_TRAIL,-4.0000
50133,2026-09-10 11:52:44.916,EMA_BOUNCE,EMA24,1,12,BREAK_EVEN,True,BREAK_EVEN,0.0000
50133,2026-09-10 11:52:44.916,EMA_BOUNCE,EMA24,1,12,NO_BREAK_EVEN,True,BAR_CLOSE_TRAIL,1.0000
50133,2026-09-10 11:52:44.916,EMA_BOUNCE,EMA24,1,24,BREAK_EVEN,True,BREAK_EVEN,0.0000
50133,2026-09-10 11:52:44.916,EMA_BOUNCE,EMA24,1,24,NO_BREAK_EVEN,True,BAR_CLOSE_TRAIL,1.0000
50133,2026-09-10 11:52:44.916,EMA_BOUNCE,EMA24,1,48,BREAK_EVEN,True,BREAK_EVEN,0.0000
50133,2026-09-10 11:52:44.916,EMA_BOUNCE,EMA24,1,48,NO_BREAK_EVEN,True,BAR_CLOSE_TRAIL,1.0000
50153,2026-09-10 12:00:30.600,EMA_BOUNCE,EMA8,-1,12,BREAK_EVEN,True,BREAK_EVEN,0.0000
50153,2026-09-10 12:00:30.600,EMA_BOUNCE,EMA8,-1,12,NO_BREAK_EVEN,True,BAR_CLOSE_TRAIL,-0.0000
50153,2026-09-10 12:00:30.600,EMA_BOUNCE,EMA8,-1,24,BREAK_EVEN,True,BREAK_EVEN,0.0000
50153,2026-09-10 12:00:30.600,EMA_BOUNCE,EMA8,-1,24,NO_BREAK_EVEN,True,BAR_CLOSE_TRAIL,-0.0000
50153,2026-09-10 12:00:30.600,EMA_BOUNCE,EMA8,-1,48,BREAK_EVEN,True,BREAK_EVEN,0.0000
50153,2026-09-10 12:00:30.600,EMA_BOUNCE,EMA8,-1,48,NO_BREAK_EVEN,True,BAR_CLOSE_TRAIL,-0.0000
50159,2026-09-10 12:03:06.548,PIN7,PIN7,-1,12,BREAK_EVEN,True,BREAK_EVEN,0.0000
50159,2026-09-10 12:03:06.548,PIN7,PIN7,-1,12,NO_BREAK_EVEN,True,BAR_CLOSE_TRAIL,-2.0000
50159,2026-09-10 12:03:06.548,PIN7,PIN7,-1,24,BREAK_EVEN,True,BREAK_EVEN,0.0000
50159,2026-09-10 12:03:06.548,PIN7,PIN7,-1,24,NO_BREAK_EVEN,True,BAR_CLOSE_TRAIL,-2.0000
50159,2026-09-10 12:03:06.548,PIN7,PIN7,-1,48,BREAK_EVEN,True,BREAK_EVEN,0.0000
50159,2026-09-10 12:03:06.548,PIN7,PIN7,-1,48,NO_BREAK_EVEN,True,BAR_CLOSE_TRAIL,-2.0000
50166,2026-09-10 12:07:50.900,EMA_BOUNCE,EMA24,-1,12,BREAK_EVEN,True,BREAK_EVEN,0.0000
50166,2026-09-10 12:07:50.900,EMA_BOUNCE,EMA24,-1,12,NO_BREAK_EVEN,True,BAR_CLOSE_TRAIL,-0.0000
50166,2026-09-10 12:07:50.900,EMA_BOUNCE,EMA24,-1,24,BREAK_EVEN,True,BREAK_EVEN,0.0000
50166,2026-09-10 12:07:50.900,EMA_BOUNCE,EMA24,-1,24,NO_BREAK_EVEN,True,BAR_CLOSE_TRAIL,-0.0000
50166,2026-09-10 12:07:50.900,EMA_BOUNCE,EMA24,-1,48,BREAK_EVEN,True,BREAK_EVEN,0.0000
50166,2026-09-10 12:07:50.900,EMA_BOUNCE,EMA24,-1,48,NO_BREAK_EVEN,True,BAR_CLOSE_TRAIL,-0.0000
50194,2026-09-10 12:19:04.476,EMA_BOUNCE,EMA8,-1,12,BREAK_EVEN,True,BREAK_EVEN,0.0000
50194,2026-09-10 12:19:04.476,EMA_BOUNCE,EMA8,-1,12,NO_BREAK_EVEN,True,BAR_CLOSE_TRAIL,-0.0000
50194,2026-09-10 12:19:04.476,EMA_BOUNCE,EMA8,-1,24,BREAK_EVEN,True,BREAK_EVEN,0.0000
50194,2026-09-10 12:19:04.476,EMA_BOUNCE,EMA8,-1,24,NO_BREAK_EVEN,True,BAR_CLOSE_TRAIL,-0.0000
50194,2026-09-10 12:19:04.476,EMA_BOUNCE,EMA8,-1,48,BREAK_EVEN,True,BREAK_EVEN,0.0000
50194,2026-09-10 12:19:04.476,EMA_BOUNCE,EMA8,-1,48,NO_BREAK_EVEN,True,BAR_CLOSE_TRAIL,-0.0000
50198,2026-09-10 12:20:45.504,EMA_BOUNCE,EMA24+EMA50,-1,12,BREAK_EVEN,True,BREAK_EVEN,0.0000
50198,2026-09-10 12:20:45.504,EMA_BOUNCE,EMA24+EMA50,-1,12,NO_BREAK_EVEN,True,BAR_CLOSE_TRAIL,-0.0000
50198,2026-09-10 12:20:45.504,EMA_BOUNCE,EMA24+EMA50,-1,24,BREAK_EVEN,True,BREAK_EVEN,0.0000
50198,2026-09-10 12:20:45.504,EMA_BOUNCE,EMA24+EMA50,-1,24,NO_BREAK_EVEN,True,BAR_CLOSE_TRAIL,-0.0000
50198,2026-09-10 12:20:45.504,EMA_BOUNCE,EMA24+EMA50,-1,48,BREAK_EVEN,True,BREAK_EVEN,0.0000
50198,2026-09-10 12:20:45.504,EMA_BOUNCE,EMA24+EMA50,-1,48,NO_BREAK_EVEN,True,BAR_CLOSE_TRAIL,-0.0000
50206,2026-09-10 12:28:11.124,EMA_BOUNCE,EMA50,-1,12,BREAK_EVEN,True,BREAK_EVEN,0.0000
50206,2026-09-10 12:28:11.124,EMA_BOUNCE,EMA50,-1,12,NO_BREAK_EVEN,True,BAR_CLOSE_TRAIL,-0.0000
50206,2026-09-10 12:28:11.124,EMA_BOUNCE,EMA50,-1,24,BREAK_EVEN,True,BREAK_EVEN,0.0000
50206,2026-09-10 12:28:11.124,EMA_BOUNCE,EMA50,-1,24,NO_BREAK_EVEN,True,BAR_CLOSE_TRAIL,-0.0000
50206,2026-09-10 12:28:11.124,EMA_BOUNCE,EMA50,-1,48,BREAK_EVEN,True,BREAK_EVEN,0.0000
50206,2026-09-10 12:28:11.124,EMA_BOUNCE,EMA50,-1,48,NO_BREAK_EVEN,True,BAR_CLOSE_TRAIL,-0.0000
50231,2026-09-10 12:42:01.420,EMA_BOUNCE,EMA8,1,12,BREAK_EVEN,True,BREAK_EVEN,0.0000
50231,2026-09-10 12:42:01.420,EMA_BOUNCE,EMA8,1,12,NO_BREAK_EVEN,True,BAR_CLOSE_TRAIL,-2.0000
50231,2026-09-10 12:42:01.420,EMA_BOUNCE,EMA8,1,24,BREAK_EVEN,True,BREAK_EVEN,0.0000
50231,2026-09-10 12:42:01.420,EMA_BOUNCE,EMA8,1,24,NO_BREAK_EVEN,True,BAR_CLOSE_TRAIL,-2.0000
50231,2026-09-10 12:42:01.420,EMA_BOUNCE,EMA8,1,48,BREAK_EVEN,True,BREAK_EVEN,0.0000
50231,2026-09-10 12:42:01.420,EMA_BOUNCE,EMA8,1,48,NO_BREAK_EVEN,True,BAR_CLOSE_TRAIL,-2.0000
50240,2026-09-10 12:47:16.960,EMA_BOUNCE,EMA50,1,12,BREAK_EVEN,True,BREAK_EVEN,0.0000
50240,2026-09-10 12:47:16.960,EMA_BOUNCE,EMA50,1,12,NO_BREAK_EVEN,True,BAR_CLOSE_TRAIL,0.0000
50240,2026-09-10 12:47:16.960,EMA_BOUNCE,EMA50,1,24,BREAK_EVEN,True,BREAK_EVEN,0.0000
50240,2026-09-10 12:47:16.960,EMA_BOUNCE,EMA50,1,24,NO_BREAK_EVEN,True,BAR_CLOSE_TRAIL,0.0000
50240,2026-09-10 12:47:16.960,EMA_BOUNCE,EMA50,1,48,BREAK_EVEN,True,BREAK_EVEN,0.0000
50240,2026-09-10 12:47:16.960,EMA_BOUNCE,EMA50,1,48,NO_BREAK_EVEN,True,BAR_CLOSE_TRAIL,0.0000
51769,2026-09-11 06:33:32.216,PIN7,PIN7,1,12,BREAK_EVEN,True,TIME,16.0000
51769,2026-09-11 06:33:32.216,PIN7,PIN7,1,12,NO_BREAK_EVEN,True,TIME,16.0000
51769,2026-09-11 06:33:32.216,PIN7,PIN7,1,24,BREAK_EVEN,True,TIME,30.0000
51769,2026-09-11 06:33:32.216,PIN7,PIN7,1,24,NO_BREAK_EVEN,True,TIME,30.0000
51769,2026-09-11 06:33:32.216,PIN7,PIN7,1,48,BREAK_EVEN,True,BAR_CLOSE_TRAIL,25.0000
51769,2026-09-11 06:33:32.216,PIN7,PIN7,1,48,NO_BREAK_EVEN,True,BAR_CLOSE_TRAIL,25.0000
51771,2026-09-11 06:33:40.784,EMA_BOUNCE,EMA8,1,12,BREAK_EVEN,True,TIME,20.0000
51771,2026-09-11 06:33:40.784,EMA_BOUNCE,EMA8,1,12,NO_BREAK_EVEN,True,TIME,20.0000
51771,2026-09-11 06:33:40.784,EMA_BOUNCE,EMA8,1,24,BREAK_EVEN,True,TIME,32.0000
51771,2026-09-11 06:33:40.784,EMA_BOUNCE,EMA8,1,24,NO_BREAK_EVEN,True,TIME,32.0000
51771,2026-09-11 06:33:40.784,EMA_BOUNCE,EMA8,1,48,BREAK_EVEN,True,BAR_CLOSE_TRAIL,27.0000
51771,2026-09-11 06:33:40.784,EMA_BOUNCE,EMA8,1,48,NO_BREAK_EVEN,True,BAR_CLOSE_TRAIL,27.0000
51774,2026-09-11 06:33:54.692,PIN7,PIN7,1,12,BREAK_EVEN,True,BREAK_EVEN,0.0000
51774,2026-09-11 06:33:54.692,PIN7,PIN7,1,12,NO_BREAK_EVEN,True,TIME,18.0000
51774,2026-09-11 06:33:54.692,PIN7,PIN7,1,24,BREAK_EVEN,True,BREAK_EVEN,0.0000
51774,2026-09-11 06:33:54.692,PIN7,PIN7,1,24,NO_BREAK_EVEN,True,TIME,24.0000
51774,2026-09-11 06:33:54.692,PIN7,PIN7,1,48,BREAK_EVEN,True,BREAK_EVEN,0.0000
51774,2026-09-11 06:33:54.692,PIN7,PIN7,1,48,NO_BREAK_EVEN,True,BAR_CLOSE_TRAIL,17.0000
51779,2026-09-11 06:34:07.060,EMA_BOUNCE,EMA8,1,12,BREAK_EVEN,True,BREAK_EVEN,0.0000
51779,2026-09-11 06:34:07.060,EMA_BOUNCE,EMA8,1,12,NO_BREAK_EVEN,True,TIME,17.0000
51779,2026-09-11 06:34:07.060,EMA_BOUNCE,EMA8,1,24,BREAK_EVEN,True,BREAK_EVEN,0.0000
51779,2026-09-11 06:34:07.060,EMA_BOUNCE,EMA8,1,24,NO_BREAK_EVEN,True,BAR_CLOSE_TRAIL,12.0000
51779,2026-09-11 06:34:07.060,EMA_BOUNCE,EMA8,1,48,BREAK_EVEN,True,BREAK_EVEN,0.0000
51779,2026-09-11 06:34:07.060,EMA_BOUNCE,EMA8,1,48,NO_BREAK_EVEN,True,BAR_CLOSE_TRAIL,12.0000
51783,2026-09-11 06:34:39.740,EMA_BOUNCE,EMA8,1,12,BREAK_EVEN,True,BREAK_EVEN,0.0000
51783,2026-09-11 06:34:39.740,EMA_BOUNCE,EMA8,1,12,NO_BREAK_EVEN,True,BAR_CLOSE_TRAIL,0.0000
51783,2026-09-11 06:34:39.740,EMA_BOUNCE,EMA8,1,24,BREAK_EVEN,True,BREAK_EVEN,0.0000
51783,2026-09-11 06:34:39.740,EMA_BOUNCE,EMA8,1,24,NO_BREAK_EVEN,True,BAR_CLOSE_TRAIL,0.0000
51783,2026-09-11 06:34:39.740,EMA_BOUNCE,EMA8,1,48,BREAK_EVEN,True,BREAK_EVEN,0.0000
51783,2026-09-11 06:34:39.740,EMA_BOUNCE,EMA8,1,48,NO_BREAK_EVEN,True,BAR_CLOSE_TRAIL,0.0000
51794,2026-09-11 06:35:38.752,EMA_BOUNCE,EMA8,1,12,BREAK_EVEN,False,HARD_STOP,-10.0000
51794,2026-09-11 06:35:38.752,EMA_BOUNCE,EMA8,1,12,NO_BREAK_EVEN,False,HARD_STOP,-10.0000
51794,2026-09-11 06:35:38.752,EMA_BOUNCE,EMA8,1,24,BREAK_EVEN,False,HARD_STOP,-10.0000
51794,2026-09-11 06:35:38.752,EMA_BOUNCE,EMA8,1,24,NO_BREAK_EVEN,False,HARD_STOP,-10.0000
51794,2026-09-11 06:35:38.752,EMA_BOUNCE,EMA8,1,48,BREAK_EVEN,False,HARD_STOP,-10.0000
51794,2026-09-11 06:35:38.752,EMA_BOUNCE,EMA8,1,48,NO_BREAK_EVEN,False,HARD_STOP,-10.0000
51846,2026-09-11 06:40:26.424,PIN_STRICT,PIN,-1,12,BREAK_EVEN,True,BREAK_EVEN,0.0000
51846,2026-09-11 06:40:26.424,PIN_STRICT,PIN,-1,12,NO_BREAK_EVEN,True,BAR_CLOSE_TRAIL,-0.0000
51846,2026-09-11 06:40:26.424,PIN_STRICT,PIN,-1,24,BREAK_EVEN,True,BREAK_EVEN,0.0000
51846,2026-09-11 06:40:26.424,PIN_STRICT,PIN,-1,24,NO_BREAK_EVEN,True,BAR_CLOSE_TRAIL,-0.0000
51846,2026-09-11 06:40:26.424,PIN_STRICT,PIN,-1,48,BREAK_EVEN,True,BREAK_EVEN,0.0000
51846,2026-09-11 06:40:26.424,PIN_STRICT,PIN,-1,48,NO_BREAK_EVEN,True,BAR_CLOSE_TRAIL,-0.0000
51874,2026-09-11 06:41:06.428,EMA_BOUNCE,EMA50,-1,12,BREAK_EVEN,False,HARD_STOP,-10.0000
51874,2026-09-11 06:41:06.428,EMA_BOUNCE,EMA50,-1,12,NO_BREAK_EVEN,False,HARD_STOP,-10.0000
51874,2026-09-11 06:41:06.428,EMA_BOUNCE,EMA50,-1,24,BREAK_EVEN,False,HARD_STOP,-10.0000
51874,2026-09-11 06:41:06.428,EMA_BOUNCE,EMA50,-1,24,NO_BREAK_EVEN,False,HARD_STOP,-10.0000
51874,2026-09-11 06:41:06.428,EMA_BOUNCE,EMA50,-1,48,BREAK_EVEN,False,HARD_STOP,-10.0000
51874,2026-09-11 06:41:06.428,EMA_BOUNCE,EMA50,-1,48,NO_BREAK_EVEN,False,HARD_STOP,-10.0000
51890,2026-09-11 06:42:18.132,EMA_BOUNCE,EMA8,-1,12,BREAK_EVEN,False,TIME,3.0000
51890,2026-09-11 06:42:18.132,EMA_BOUNCE,EMA8,-1,12,NO_BREAK_EVEN,False,TIME,3.0000
51890,2026-09-11 06:42:18.132,EMA_BOUNCE,EMA8,-1,24,BREAK_EVEN,True,BREAK_EVEN,0.0000
51890,2026-09-11 06:42:18.132,EMA_BOUNCE,EMA8,-1,24,NO_BREAK_EVEN,True,BAR_CLOSE_TRAIL,-0.0000
51890,2026-09-11 06:42:18.132,EMA_BOUNCE,EMA8,-1,48,BREAK_EVEN,True,BREAK_EVEN,0.0000
51890,2026-09-11 06:42:18.132,EMA_BOUNCE,EMA8,-1,48,NO_BREAK_EVEN,True,BAR_CLOSE_TRAIL,-0.0000
51897,2026-09-11 06:42:42.156,EMA_BOUNCE,EMA50,-1,12,BREAK_EVEN,True,BREAK_EVEN,0.0000
51897,2026-09-11 06:42:42.156,EMA_BOUNCE,EMA50,-1,12,NO_BREAK_EVEN,True,BAR_CLOSE_TRAIL,-0.0000
51897,2026-09-11 06:42:42.156,EMA_BOUNCE,EMA50,-1,24,BREAK_EVEN,True,BREAK_EVEN,0.0000
51897,2026-09-11 06:42:42.156,EMA_BOUNCE,EMA50,-1,24,NO_BREAK_EVEN,True,BAR_CLOSE_TRAIL,-0.0000
51897,2026-09-11 06:42:42.156,EMA_BOUNCE,EMA50,-1,48,BREAK_EVEN,True,BREAK_EVEN,0.0000
51897,2026-09-11 06:42:42.156,EMA_BOUNCE,EMA50,-1,48,NO_BREAK_EVEN,True,BAR_CLOSE_TRAIL,-0.0000
51899,2026-09-11 06:42:52.004,EMA_BOUNCE,EMA50,-1,12,BREAK_EVEN,True,BREAK_EVEN,0.0000
51899,2026-09-11 06:42:52.004,EMA_BOUNCE,EMA50,-1,12,NO_BREAK_EVEN,True,BAR_CLOSE_TRAIL,-1.0000
51899,2026-09-11 06:42:52.004,EMA_BOUNCE,EMA50,-1,24,BREAK_EVEN,True,BREAK_EVEN,0.0000
51899,2026-09-11 06:42:52.004,EMA_BOUNCE,EMA50,-1,24,NO_BREAK_EVEN,True,BAR_CLOSE_TRAIL,-1.0000
51899,2026-09-11 06:42:52.004,EMA_BOUNCE,EMA50,-1,48,BREAK_EVEN,True,BREAK_EVEN,0.0000
51899,2026-09-11 06:42:52.004,EMA_BOUNCE,EMA50,-1,48,NO_BREAK_EVEN,True,BAR_CLOSE_TRAIL,-1.0000
51901,2026-09-11 06:43:05.684,EMA_BOUNCE,EMA50,-1,12,BREAK_EVEN,True,BREAK_EVEN,0.0000
51901,2026-09-11 06:43:05.684,EMA_BOUNCE,EMA50,-1,12,NO_BREAK_EVEN,True,BAR_CLOSE_TRAIL,-1.0000
51901,2026-09-11 06:43:05.684,EMA_BOUNCE,EMA50,-1,24,BREAK_EVEN,True,BREAK_EVEN,0.0000
51901,2026-09-11 06:43:05.684,EMA_BOUNCE,EMA50,-1,24,NO_BREAK_EVEN,True,BAR_CLOSE_TRAIL,-1.0000
51901,2026-09-11 06:43:05.684,EMA_BOUNCE,EMA50,-1,48,BREAK_EVEN,True,BREAK_EVEN,0.0000
51901,2026-09-11 06:43:05.684,EMA_BOUNCE,EMA50,-1,48,NO_BREAK_EVEN,True,BAR_CLOSE_TRAIL,-1.0000
52067,2026-09-11 07:00:05.908,EMA_BOUNCE,EMA24,1,12,BREAK_EVEN,True,BREAK_EVEN,0.0000
52067,2026-09-11 07:00:05.908,EMA_BOUNCE,EMA24,1,12,NO_BREAK_EVEN,True,BAR_CLOSE_TRAIL,-1.0000
52067,2026-09-11 07:00:05.908,EMA_BOUNCE,EMA24,1,24,BREAK_EVEN,True,BREAK_EVEN,0.0000
52067,2026-09-11 07:00:05.908,EMA_BOUNCE,EMA24,1,24,NO_BREAK_EVEN,True,BAR_CLOSE_TRAIL,-1.0000
52067,2026-09-11 07:00:05.908,EMA_BOUNCE,EMA24,1,48,BREAK_EVEN,True,BREAK_EVEN,0.0000
52067,2026-09-11 07:00:05.908,EMA_BOUNCE,EMA24,1,48,NO_BREAK_EVEN,True,BAR_CLOSE_TRAIL,-1.0000
52117,2026-09-11 07:06:04.188,PIN7,PIN7,-1,12,BREAK_EVEN,True,BREAK_EVEN,0.0000
52117,2026-09-11 07:06:04.188,PIN7,PIN7,-1,12,NO_BREAK_EVEN,True,BAR_CLOSE_TRAIL,-4.0000
52117,2026-09-11 07:06:04.188,PIN7,PIN7,-1,24,BREAK_EVEN,True,BREAK_EVEN,0.0000
52117,2026-09-11 07:06:04.188,PIN7,PIN7,-1,24,NO_BREAK_EVEN,True,BAR_CLOSE_TRAIL,-4.0000
52117,2026-09-11 07:06:04.188,PIN7,PIN7,-1,48,BREAK_EVEN,True,BREAK_EVEN,0.0000
52117,2026-09-11 07:06:04.188,PIN7,PIN7,-1,48,NO_BREAK_EVEN,True,BAR_CLOSE_TRAIL,-4.0000
52124,2026-09-11 07:06:34.668,EMA_BOUNCE,EMA24,-1,12,BREAK_EVEN,True,BREAK_EVEN,0.0000
52124,2026-09-11 07:06:34.668,EMA_BOUNCE,EMA24,-1,12,NO_BREAK_EVEN,True,BAR_CLOSE_TRAIL,1.0000
52124,2026-09-11 07:06:34.668,EMA_BOUNCE,EMA24,-1,24,BREAK_EVEN,True,BREAK_EVEN,0.0000
52124,2026-09-11 07:06:34.668,EMA_BOUNCE,EMA24,-1,24,NO_BREAK_EVEN,True,BAR_CLOSE_TRAIL,1.0000
52124,2026-09-11 07:06:34.668,EMA_BOUNCE,EMA24,-1,48,BREAK_EVEN,True,BREAK_EVEN,0.0000
52124,2026-09-11 07:06:34.668,EMA_BOUNCE,EMA24,-1,48,NO_BREAK_EVEN,True,BAR_CLOSE_TRAIL,1.0000
52166,2026-09-11 07:12:04.140,EMA_BOUNCE,EMA8,-1,12,BREAK_EVEN,True,BAR_CLOSE_TRAIL,5.0000
52166,2026-09-11 07:12:04.140,EMA_BOUNCE,EMA8,-1,12,NO_BREAK_EVEN,True,BAR_CLOSE_TRAIL,5.0000
52166,2026-09-11 07:12:04.140,EMA_BOUNCE,EMA8,-1,24,BREAK_EVEN,True,BAR_CLOSE_TRAIL,5.0000
52166,2026-09-11 07:12:04.140,EMA_BOUNCE,EMA8,-1,24,NO_BREAK_EVEN,True,BAR_CLOSE_TRAIL,5.0000
52166,2026-09-11 07:12:04.140,EMA_BOUNCE,EMA8,-1,48,BREAK_EVEN,True,BAR_CLOSE_TRAIL,5.0000
52166,2026-09-11 07:12:04.140,EMA_BOUNCE,EMA8,-1,48,NO_BREAK_EVEN,True,BAR_CLOSE_TRAIL,5.0000
52170,2026-09-11 07:12:35.096,PIN7,PIN7,-1,12,BREAK_EVEN,False,HARD_STOP,-10.0000
52170,2026-09-11 07:12:35.096,PIN7,PIN7,-1,12,NO_BREAK_EVEN,False,HARD_STOP,-10.0000
52170,2026-09-11 07:12:35.096,PIN7,PIN7,-1,24,BREAK_EVEN,False,HARD_STOP,-10.0000
52170,2026-09-11 07:12:35.096,PIN7,PIN7,-1,24,NO_BREAK_EVEN,False,HARD_STOP,-10.0000
52170,2026-09-11 07:12:35.096,PIN7,PIN7,-1,48,BREAK_EVEN,False,HARD_STOP,-10.0000
52170,2026-09-11 07:12:35.096,PIN7,PIN7,-1,48,NO_BREAK_EVEN,False,HARD_STOP,-10.0000
52181,2026-09-11 07:14:18.628,EMA_BOUNCE,EMA50,-1,12,BREAK_EVEN,True,BREAK_EVEN,0.0000
52181,2026-09-11 07:14:18.628,EMA_BOUNCE,EMA50,-1,12,NO_BREAK_EVEN,True,BAR_CLOSE_TRAIL,4.0000
52181,2026-09-11 07:14:18.628,EMA_BOUNCE,EMA50,-1,24,BREAK_EVEN,True,BREAK_EVEN,0.0000
52181,2026-09-11 07:14:18.628,EMA_BOUNCE,EMA50,-1,24,NO_BREAK_EVEN,True,BAR_CLOSE_TRAIL,4.0000
52181,2026-09-11 07:14:18.628,EMA_BOUNCE,EMA50,-1,48,BREAK_EVEN,True,BREAK_EVEN,0.0000
52181,2026-09-11 07:14:18.628,EMA_BOUNCE,EMA50,-1,48,NO_BREAK_EVEN,True,BAR_CLOSE_TRAIL,4.0000
52185,2026-09-11 07:14:52.576,PIN7,PIN7,-1,12,BREAK_EVEN,True,BREAK_EVEN,0.0000
52185,2026-09-11 07:14:52.576,PIN7,PIN7,-1,12,NO_BREAK_EVEN,True,BAR_CLOSE_TRAIL,-2.0000
52185,2026-09-11 07:14:52.576,PIN7,PIN7,-1,24,BREAK_EVEN,True,BREAK_EVEN,0.0000
52185,2026-09-11 07:14:52.576,PIN7,PIN7,-1,24,NO_BREAK_EVEN,True,BAR_CLOSE_TRAIL,-2.0000
52185,2026-09-11 07:14:52.576,PIN7,PIN7,-1,48,BREAK_EVEN,True,BREAK_EVEN,0.0000
52185,2026-09-11 07:14:52.576,PIN7,PIN7,-1,48,NO_BREAK_EVEN,True,BAR_CLOSE_TRAIL,-2.0000
52188,2026-09-11 07:15:14.528,EMA_BOUNCE,EMA8,-1,12,BREAK_EVEN,True,BREAK_EVEN,0.0000
52188,2026-09-11 07:15:14.528,EMA_BOUNCE,EMA8,-1,12,NO_BREAK_EVEN,True,BAR_CLOSE_TRAIL,-0.0000
52188,2026-09-11 07:15:14.528,EMA_BOUNCE,EMA8,-1,24,BREAK_EVEN,True,BREAK_EVEN,0.0000
52188,2026-09-11 07:15:14.528,EMA_BOUNCE,EMA8,-1,24,NO_BREAK_EVEN,True,BAR_CLOSE_TRAIL,-0.0000
52188,2026-09-11 07:15:14.528,EMA_BOUNCE,EMA8,-1,48,BREAK_EVEN,True,BREAK_EVEN,0.0000
52188,2026-09-11 07:15:14.528,EMA_BOUNCE,EMA8,-1,48,NO_BREAK_EVEN,True,BAR_CLOSE_TRAIL,-0.0000
52194,2026-09-11 07:15:52.332,EMA_BOUNCE,EMA24,-1,12,BREAK_EVEN,True,BREAK_EVEN,0.0000
52194,2026-09-11 07:15:52.332,EMA_BOUNCE,EMA24,-1,12,NO_BREAK_EVEN,True,BAR_CLOSE_TRAIL,-1.0000
52194,2026-09-11 07:15:52.332,EMA_BOUNCE,EMA24,-1,24,BREAK_EVEN,True,BREAK_EVEN,0.0000
52194,2026-09-11 07:15:52.332,EMA_BOUNCE,EMA24,-1,24,NO_BREAK_EVEN,True,BAR_CLOSE_TRAIL,-1.0000
52194,2026-09-11 07:15:52.332,EMA_BOUNCE,EMA24,-1,48,BREAK_EVEN,True,BREAK_EVEN,0.0000
52194,2026-09-11 07:15:52.332,EMA_BOUNCE,EMA24,-1,48,NO_BREAK_EVEN,True,BAR_CLOSE_TRAIL,-1.0000
52224,2026-09-11 07:21:45.028,EMA_BOUNCE,EMA8,1,12,BREAK_EVEN,True,BREAK_EVEN,0.0000
52224,2026-09-11 07:21:45.028,EMA_BOUNCE,EMA8,1,12,NO_BREAK_EVEN,True,BAR_CLOSE_TRAIL,0.0000
52224,2026-09-11 07:21:45.028,EMA_BOUNCE,EMA8,1,24,BREAK_EVEN,True,BREAK_EVEN,0.0000
52224,2026-09-11 07:21:45.028,EMA_BOUNCE,EMA8,1,24,NO_BREAK_EVEN,True,BAR_CLOSE_TRAIL,0.0000
52224,2026-09-11 07:21:45.028,EMA_BOUNCE,EMA8,1,48,BREAK_EVEN,True,BREAK_EVEN,0.0000
52224,2026-09-11 07:21:45.028,EMA_BOUNCE,EMA8,1,48,NO_BREAK_EVEN,True,BAR_CLOSE_TRAIL,0.0000
52268,2026-09-11 07:33:06.528,EMA_BOUNCE,EMA8,-1,12,BREAK_EVEN,True,BAR_CLOSE_TRAIL,4.0000
52268,2026-09-11 07:33:06.528,EMA_BOUNCE,EMA8,-1,12,NO_BREAK_EVEN,True,BAR_CLOSE_TRAIL,4.0000
52268,2026-09-11 07:33:06.528,EMA_BOUNCE,EMA8,-1,24,BREAK_EVEN,True,BAR_CLOSE_TRAIL,4.0000
52268,2026-09-11 07:33:06.528,EMA_BOUNCE,EMA8,-1,24,NO_BREAK_EVEN,True,BAR_CLOSE_TRAIL,4.0000
52268,2026-09-11 07:33:06.528,EMA_BOUNCE,EMA8,-1,48,BREAK_EVEN,True,BAR_CLOSE_TRAIL,4.0000
52268,2026-09-11 07:33:06.528,EMA_BOUNCE,EMA8,-1,48,NO_BREAK_EVEN,True,BAR_CLOSE_TRAIL,4.0000
52278,2026-09-11 07:35:16.320,PIN_STRICT,PIN,-1,12,BREAK_EVEN,True,BREAK_EVEN,0.0000
52278,2026-09-11 07:35:16.320,PIN_STRICT,PIN,-1,12,NO_BREAK_EVEN,True,BAR_CLOSE_TRAIL,1.0000
52278,2026-09-11 07:35:16.320,PIN_STRICT,PIN,-1,24,BREAK_EVEN,True,BREAK_EVEN,0.0000
52278,2026-09-11 07:35:16.320,PIN_STRICT,PIN,-1,24,NO_BREAK_EVEN,True,BAR_CLOSE_TRAIL,1.0000
52278,2026-09-11 07:35:16.320,PIN_STRICT,PIN,-1,48,BREAK_EVEN,True,BREAK_EVEN,0.0000
52278,2026-09-11 07:35:16.320,PIN_STRICT,PIN,-1,48,NO_BREAK_EVEN,True,BAR_CLOSE_TRAIL,1.0000
52283,2026-09-11 07:35:54.928,EMA_BOUNCE,EMA8,-1,12,BREAK_EVEN,True,BREAK_EVEN,0.0000
52283,2026-09-11 07:35:54.928,EMA_BOUNCE,EMA8,-1,12,NO_BREAK_EVEN,True,BAR_CLOSE_TRAIL,1.0000
52283,2026-09-11 07:35:54.928,EMA_BOUNCE,EMA8,-1,24,BREAK_EVEN,True,BREAK_EVEN,0.0000
52283,2026-09-11 07:35:54.928,EMA_BOUNCE,EMA8,-1,24,NO_BREAK_EVEN,True,BAR_CLOSE_TRAIL,1.0000
52283,2026-09-11 07:35:54.928,EMA_BOUNCE,EMA8,-1,48,BREAK_EVEN,True,BREAK_EVEN,0.0000
52283,2026-09-11 07:35:54.928,EMA_BOUNCE,EMA8,-1,48,NO_BREAK_EVEN,True,BAR_CLOSE_TRAIL,1.0000
52286,2026-09-11 07:36:45.208,EMA_BOUNCE,EMA8,-1,12,BREAK_EVEN,True,BREAK_EVEN,0.0000
52286,2026-09-11 07:36:45.208,EMA_BOUNCE,EMA8,-1,12,NO_BREAK_EVEN,True,BAR_CLOSE_TRAIL,-0.0000
52286,2026-09-11 07:36:45.208,EMA_BOUNCE,EMA8,-1,24,BREAK_EVEN,True,BREAK_EVEN,0.0000
52286,2026-09-11 07:36:45.208,EMA_BOUNCE,EMA8,-1,24,NO_BREAK_EVEN,True,BAR_CLOSE_TRAIL,-0.0000
52286,2026-09-11 07:36:45.208,EMA_BOUNCE,EMA8,-1,48,BREAK_EVEN,True,BREAK_EVEN,0.0000
52286,2026-09-11 07:36:45.208,EMA_BOUNCE,EMA8,-1,48,NO_BREAK_EVEN,True,BAR_CLOSE_TRAIL,-0.0000
52295,2026-09-11 07:38:23.652,EMA_BOUNCE,EMA8,-1,12,BREAK_EVEN,True,BAR_CLOSE_TRAIL,10.0000
52295,2026-09-11 07:38:23.652,EMA_BOUNCE,EMA8,-1,12,NO_BREAK_EVEN,True,BAR_CLOSE_TRAIL,10.0000
52295,2026-09-11 07:38:23.652,EMA_BOUNCE,EMA8,-1,24,BREAK_EVEN,True,BAR_CLOSE_TRAIL,10.0000
52295,2026-09-11 07:38:23.652,EMA_BOUNCE,EMA8,-1,24,NO_BREAK_EVEN,True,BAR_CLOSE_TRAIL,10.0000
52295,2026-09-11 07:38:23.652,EMA_BOUNCE,EMA8,-1,48,BREAK_EVEN,True,BAR_CLOSE_TRAIL,10.0000
52295,2026-09-11 07:38:23.652,EMA_BOUNCE,EMA8,-1,48,NO_BREAK_EVEN,True,BAR_CLOSE_TRAIL,10.0000
52297,2026-09-11 07:38:35.752,PIN7,PIN7,-1,12,BREAK_EVEN,True,BAR_CLOSE_TRAIL,2.0000
52297,2026-09-11 07:38:35.752,PIN7,PIN7,-1,12,NO_BREAK_EVEN,True,BAR_CLOSE_TRAIL,2.0000
52297,2026-09-11 07:38:35.752,PIN7,PIN7,-1,24,BREAK_EVEN,True,BAR_CLOSE_TRAIL,2.0000
52297,2026-09-11 07:38:35.752,PIN7,PIN7,-1,24,NO_BREAK_EVEN,True,BAR_CLOSE_TRAIL,2.0000
52297,2026-09-11 07:38:35.752,PIN7,PIN7,-1,48,BREAK_EVEN,True,BAR_CLOSE_TRAIL,2.0000
52297,2026-09-11 07:38:35.752,PIN7,PIN7,-1,48,NO_BREAK_EVEN,True,BAR_CLOSE_TRAIL,2.0000
52333,2026-09-11 07:46:07.640,EMA_BOUNCE,EMA24,-1,12,BREAK_EVEN,True,BREAK_EVEN,0.0000
52333,2026-09-11 07:46:07.640,EMA_BOUNCE,EMA24,-1,12,NO_BREAK_EVEN,True,BAR_CLOSE_TRAIL,-0.0000
52333,2026-09-11 07:46:07.640,EMA_BOUNCE,EMA24,-1,24,BREAK_EVEN,True,BREAK_EVEN,0.0000
52333,2026-09-11 07:46:07.640,EMA_BOUNCE,EMA24,-1,24,NO_BREAK_EVEN,True,BAR_CLOSE_TRAIL,-0.0000
52333,2026-09-11 07:46:07.640,EMA_BOUNCE,EMA24,-1,48,BREAK_EVEN,True,BREAK_EVEN,0.0000
52333,2026-09-11 07:46:07.640,EMA_BOUNCE,EMA24,-1,48,NO_BREAK_EVEN,True,BAR_CLOSE_TRAIL,-0.0000
52387,2026-09-11 07:50:39.012,EMA_BOUNCE,EMA50,1,12,BREAK_EVEN,True,BREAK_EVEN,0.0000
52387,2026-09-11 07:50:39.012,EMA_BOUNCE,EMA50,1,12,NO_BREAK_EVEN,True,BAR_CLOSE_TRAIL,-2.0000
52387,2026-09-11 07:50:39.012,EMA_BOUNCE,EMA50,1,24,BREAK_EVEN,True,BREAK_EVEN,0.0000
52387,2026-09-11 07:50:39.012,EMA_BOUNCE,EMA50,1,24,NO_BREAK_EVEN,True,BAR_CLOSE_TRAIL,-2.0000
52387,2026-09-11 07:50:39.012,EMA_BOUNCE,EMA50,1,48,BREAK_EVEN,True,BREAK_EVEN,0.0000
52387,2026-09-11 07:50:39.012,EMA_BOUNCE,EMA50,1,48,NO_BREAK_EVEN,True,BAR_CLOSE_TRAIL,-2.0000
52389,2026-09-11 07:50:44.208,EMA_BOUNCE,EMA50,1,12,BREAK_EVEN,True,BREAK_EVEN,0.0000
52389,2026-09-11 07:50:44.208,EMA_BOUNCE,EMA50,1,12,NO_BREAK_EVEN,True,BAR_CLOSE_TRAIL,-3.0000
52389,2026-09-11 07:50:44.208,EMA_BOUNCE,EMA50,1,24,BREAK_EVEN,True,BREAK_EVEN,0.0000
52389,2026-09-11 07:50:44.208,EMA_BOUNCE,EMA50,1,24,NO_BREAK_EVEN,True,BAR_CLOSE_TRAIL,-3.0000
52389,2026-09-11 07:50:44.208,EMA_BOUNCE,EMA50,1,48,BREAK_EVEN,True,BREAK_EVEN,0.0000
52389,2026-09-11 07:50:44.208,EMA_BOUNCE,EMA50,1,48,NO_BREAK_EVEN,True,BAR_CLOSE_TRAIL,-3.0000
52422,2026-09-11 07:58:20.800,EMA_BOUNCE,EMA24,-1,12,BREAK_EVEN,True,BREAK_EVEN,0.0000
52422,2026-09-11 07:58:20.800,EMA_BOUNCE,EMA24,-1,12,NO_BREAK_EVEN,True,BAR_CLOSE_TRAIL,2.0000
52422,2026-09-11 07:58:20.800,EMA_BOUNCE,EMA24,-1,24,BREAK_EVEN,True,BREAK_EVEN,0.0000
52422,2026-09-11 07:58:20.800,EMA_BOUNCE,EMA24,-1,24,NO_BREAK_EVEN,True,BAR_CLOSE_TRAIL,2.0000
52422,2026-09-11 07:58:20.800,EMA_BOUNCE,EMA24,-1,48,BREAK_EVEN,True,BREAK_EVEN,0.0000
52422,2026-09-11 07:58:20.800,EMA_BOUNCE,EMA24,-1,48,NO_BREAK_EVEN,True,BAR_CLOSE_TRAIL,2.0000
52424,2026-09-11 07:58:36.104,EMA_BOUNCE,EMA50,-1,12,BREAK_EVEN,True,BAR_CLOSE_TRAIL,6.0000
52424,2026-09-11 07:58:36.104,EMA_BOUNCE,EMA50,-1,12,NO_BREAK_EVEN,True,BAR_CLOSE_TRAIL,6.0000
52424,2026-09-11 07:58:36.104,EMA_BOUNCE,EMA50,-1,24,BREAK_EVEN,True,BAR_CLOSE_TRAIL,6.0000
52424,2026-09-11 07:58:36.104,EMA_BOUNCE,EMA50,-1,24,NO_BREAK_EVEN,True,BAR_CLOSE_TRAIL,6.0000
52424,2026-09-11 07:58:36.104,EMA_BOUNCE,EMA50,-1,48,BREAK_EVEN,True,BAR_CLOSE_TRAIL,6.0000
52424,2026-09-11 07:58:36.104,EMA_BOUNCE,EMA50,-1,48,NO_BREAK_EVEN,True,BAR_CLOSE_TRAIL,6.0000
52788,2026-09-11 11:21:27.724,EMA_BOUNCE,EMA8,-1,12,BREAK_EVEN,False,HARD_STOP,-10.0000
52788,2026-09-11 11:21:27.724,EMA_BOUNCE,EMA8,-1,12,NO_BREAK_EVEN,False,HARD_STOP,-10.0000
52788,2026-09-11 11:21:27.724,EMA_BOUNCE,EMA8,-1,24,BREAK_EVEN,False,HARD_STOP,-10.0000
52788,2026-09-11 11:21:27.724,EMA_BOUNCE,EMA8,-1,24,NO_BREAK_EVEN,False,HARD_STOP,-10.0000
52788,2026-09-11 11:21:27.724,EMA_BOUNCE,EMA8,-1,48,BREAK_EVEN,False,HARD_STOP,-10.0000
52788,2026-09-11 11:21:27.724,EMA_BOUNCE,EMA8,-1,48,NO_BREAK_EVEN,False,HARD_STOP,-10.0000
52812,2026-09-11 11:45:57.820,PIN7,PIN7,-1,12,BREAK_EVEN,False,HARD_STOP,-10.0000
52812,2026-09-11 11:45:57.820,PIN7,PIN7,-1,12,NO_BREAK_EVEN,False,HARD_STOP,-10.0000
52812,2026-09-11 11:45:57.820,PIN7,PIN7,-1,24,BREAK_EVEN,False,HARD_STOP,-10.0000
52812,2026-09-11 11:45:57.820,PIN7,PIN7,-1,24,NO_BREAK_EVEN,False,HARD_STOP,-10.0000
52812,2026-09-11 11:45:57.820,PIN7,PIN7,-1,48,BREAK_EVEN,False,HARD_STOP,-10.0000
52812,2026-09-11 11:45:57.820,PIN7,PIN7,-1,48,NO_BREAK_EVEN,False,HARD_STOP,-10.0000
52828,2026-09-11 12:09:52.700,PIN7,PIN7,-1,12,BREAK_EVEN,True,BREAK_EVEN,0.0000
52828,2026-09-11 12:09:52.700,PIN7,PIN7,-1,12,NO_BREAK_EVEN,True,BAR_CLOSE_TRAIL,-1.0000
52828,2026-09-11 12:09:52.700,PIN7,PIN7,-1,24,BREAK_EVEN,True,BREAK_EVEN,0.0000
52828,2026-09-11 12:09:52.700,PIN7,PIN7,-1,24,NO_BREAK_EVEN,True,BAR_CLOSE_TRAIL,-1.0000
52828,2026-09-11 12:09:52.700,PIN7,PIN7,-1,48,BREAK_EVEN,True,BREAK_EVEN,0.0000
52828,2026-09-11 12:09:52.700,PIN7,PIN7,-1,48,NO_BREAK_EVEN,True,BAR_CLOSE_TRAIL,-1.0000
52850,2026-09-11 12:50:00.028,PIN7,PIN7,-1,12,BREAK_EVEN,True,BREAK_EVEN,0.0000
52850,2026-09-11 12:50:00.028,PIN7,PIN7,-1,12,NO_BREAK_EVEN,True,BAR_CLOSE_TRAIL,-0.0000
52850,2026-09-11 12:50:00.028,PIN7,PIN7,-1,24,BREAK_EVEN,True,BREAK_EVEN,0.0000
52850,2026-09-11 12:50:00.028,PIN7,PIN7,-1,24,NO_BREAK_EVEN,True,BAR_CLOSE_TRAIL,-0.0000
52850,2026-09-11 12:50:00.028,PIN7,PIN7,-1,48,BREAK_EVEN,True,BREAK_EVEN,0.0000
52850,2026-09-11 12:50:00.028,PIN7,PIN7,-1,48,NO_BREAK_EVEN,True,BAR_CLOSE_TRAIL,-0.0000
52861,2026-09-11 12:54:29.248,EMA_BOUNCE,EMA24,-1,12,BREAK_EVEN,True,BREAK_EVEN,0.0000
52861,2026-09-11 12:54:29.248,EMA_BOUNCE,EMA24,-1,12,NO_BREAK_EVEN,True,TIME,7.0000
52861,2026-09-11 12:54:29.248,EMA_BOUNCE,EMA24,-1,24,BREAK_EVEN,True,BREAK_EVEN,0.0000
52861,2026-09-11 12:54:29.248,EMA_BOUNCE,EMA24,-1,24,NO_BREAK_EVEN,True,BAR_CLOSE_TRAIL,11.0000
