BarNumber,Time,Direction,Entry,Families,SignalBarStopPlus1,TicksSeen,SameSecondAmbiguous,Stop1,Stop2,Stop3,Stop4,Stop5,Stop6,Stop7,Stop8,Stop9,Stop10
1968,2026-08-03 16:15:55.060,1,7635.0,EMA50,6,847,False,TARGET,TARGET,TARGET,TARGET,TARGET,TARGET,TARGET,TARGET,TARGET,TARGET
2078,2026-08-03 18:52:39.188,1,7645.0,PIN,6,724,False,STOP,TARGET,TARGET,TARGET,TARGET,TARGET,TARGET,TARGET,TARGET,TARGET
2139,2026-08-03 20:46:34.952,1,7643.0,EMA24+EMA50,6,3009,False,TARGET,TARGET,TARGET,TARGET,TARGET,TARGET,TARGET,TARGET,TARGET,TARGET
2158,2026-08-03 22:09:34.376,1,7644.75,EMA50,6,20017,False,STOP,STOP,STOP,STOP,STOP,STOP,STOP,STOP,TARGET,TARGET
2264,2026-08-04 02:02:38.684,-1,7636.0,EMA8,6,316,False,TARGET,TARGET,TARGET,TARGET,TARGET,TARGET,TARGET,TARGET,TARGET,TARGET
2270,2026-08-04 02:07:30.596,-1,7633.5,EMA8,6,7734,False,STOP,STOP,TARGET,TARGET,TARGET,TARGET,TARGET,TARGET,TARGET,TARGET
2273,2026-08-04 02:16:13.028,-1,7633.25,EMA8,6,1109,False,STOP,STOP,TARGET,TARGET,TARGET,TARGET,TARGET,TARGET,TARGET,TARGET
2275,2026-08-04 02:17:04.848,-1,7632.5,EMA8,6,11249,False,STOP,STOP,STOP,STOP,STOP,STOP,STOP,STOP,STOP,STOP
2277,2026-08-04 02:22:04.056,-1,7632.75,EMA8,6,6564,False,STOP,STOP,STOP,STOP,STOP,STOP,STOP,STOP,STOP,STOP
2279,2026-08-04 02:25:29.016,-1,7632.75,EMA8,6,3690,False,STOP,STOP,STOP,STOP,STOP,STOP,STOP,STOP,STOP,STOP
2323,2026-08-04 03:37:36.624,1,7640.0,EMA24,6,7240,False,STOP,STOP,STOP,STOP,STOP,STOP,STOP,STOP,TARGET,TARGET
2338,2026-08-04 03:45:07.924,1,7644.25,EMA8,6,466,False,TARGET,TARGET,TARGET,TARGET,TARGET,TARGET,TARGET,TARGET,TARGET,TARGET
2343,2026-08-04 03:45:57.792,1,7646.0,EMA8,6,1519,False,STOP,STOP,STOP,STOP,TARGET,TARGET,TARGET,TARGET,TARGET,TARGET
2345,2026-08-04 03:46:13.976,1,7646.25,EMA8,6,985,False,STOP,STOP,STOP,STOP,TARGET,TARGET,TARGET,TARGET,TARGET,TARGET
2353,2026-08-04 03:47:50.904,1,7647.0,EMA8,6,6758,False,STOP,STOP,STOP,STOP,STOP,STOP,STOP,STOP,STOP,STOP
2357,2026-08-04 03:49:37.488,1,7646.25,EMA24,6,595,False,TARGET,TARGET,TARGET,TARGET,TARGET,TARGET,TARGET,TARGET,TARGET,TARGET
2392,2026-08-04 04:23:49.092,1,7645.75,EMA8,6,3303,False,STOP,STOP,STOP,TARGET,TARGET,TARGET,TARGET,TARGET,TARGET,TARGET
2399,2026-08-04 04:36:01.536,1,7648.0,EMA8,6,5136,False,STOP,STOP,STOP,STOP,STOP,STOP,STOP,STOP,STOP,STOP
2402,2026-08-04 04:42:34.596,1,7646.5,EMA24,6,876,False,TARGET,TARGET,TARGET,TARGET,TARGET,TARGET,TARGET,TARGET,TARGET,TARGET
2407,2026-08-04 04:43:33.032,1,7652.0,PIN,6,2149,False,STOP,STOP,STOP,STOP,STOP,STOP,STOP,TARGET,TARGET,TARGET
2434,2026-08-04 04:45:25.624,1,7653.5,EMA24,6,2156,False,STOP,STOP,STOP,STOP,STOP,TARGET,TARGET,TARGET,TARGET,TARGET
2436,2026-08-04 04:45:40.824,1,7653.5,EMA24,6,930,False,STOP,STOP,STOP,TARGET,TARGET,TARGET,TARGET,TARGET,TARGET,TARGET
2532,2026-08-04 06:20:56.544,1,7662.75,EMA8,6,1800,False,STOP,STOP,STOP,STOP,STOP,STOP,STOP,STOP,STOP,STOP
2581,2026-08-04 06:30:59.256,1,7665.0,EMA8,6,10212,False,STOP,STOP,STOP,STOP,STOP,STOP,TARGET,TARGET,TARGET,TARGET
2600,2026-08-04 06:36:28.908,1,7673.0,PIN,6,4062,False,STOP,STOP,STOP,STOP,STOP,STOP,STOP,STOP,STOP,STOP
2648,2026-08-04 06:47:04.584,1,7673.25,EMA24,6,872,False,TARGET,TARGET,TARGET,TARGET,TARGET,TARGET,TARGET,TARGET,TARGET,TARGET
2672,2026-08-04 06:52:25.972,1,7681.75,EMA8,6,6692,False,STOP,STOP,STOP,TARGET,TARGET,TARGET,TARGET,TARGET,TARGET,TARGET
2711,2026-08-04 07:01:15.116,1,7687.25,EMA8,6,1931,False,STOP,TARGET,TARGET,TARGET,TARGET,TARGET,TARGET,TARGET,TARGET,TARGET
2736,2026-08-04 07:05:50.564,1,7694.75,EMA8,6,3070,False,STOP,STOP,TARGET,TARGET,TARGET,TARGET,TARGET,TARGET,TARGET,TARGET
2743,2026-08-04 07:08:25.252,1,7696.25,EMA8,6,1994,False,STOP,STOP,TARGET,TARGET,TARGET,TARGET,TARGET,TARGET,TARGET,TARGET
2760,2026-08-04 07:16:44.524,1,7701.0,EMA8,6,4342,False,STOP,STOP,TARGET,TARGET,TARGET,TARGET,TARGET,TARGET,TARGET,TARGET
2762,2026-08-04 07:17:18.796,1,7701.75,EMA8,6,704,False,TARGET,TARGET,TARGET,TARGET,TARGET,TARGET,TARGET,TARGET,TARGET,TARGET
2771,2026-08-04 07:19:46.872,1,7704.75,EMA8,6,2844,False,STOP,STOP,STOP,STOP,STOP,STOP,STOP,STOP,STOP,STOP
2847,2026-08-04 07:37:29.576,1,7701.0,EMA24,6,538,False,TARGET,TARGET,TARGET,TARGET,TARGET,TARGET,TARGET,TARGET,TARGET,TARGET
2872,2026-08-04 07:38:25.464,1,7704.5,EMA50,6,10450,False,STOP,STOP,STOP,STOP,STOP,STOP,STOP,STOP,STOP,TARGET
2874,2026-08-04 07:38:26.496,1,7704.75,EMA50,6,5676,False,STOP,STOP,STOP,STOP,STOP,STOP,STOP,STOP,STOP,STOP
2897,2026-08-04 07:45:16.056,1,7709.25,EMA8,6,17509,False,STOP,STOP,STOP,STOP,STOP,TARGET,TARGET,TARGET,TARGET,TARGET
2904,2026-08-04 07:48:15.420,1,7709.75,EMA8,6,3844,False,STOP,STOP,STOP,TARGET,TARGET,TARGET,TARGET,TARGET,TARGET,TARGET
2926,2026-08-04 07:58:03.960,1,7713.25,EMA8,6,1282,False,STOP,TARGET,TARGET,TARGET,TARGET,TARGET,TARGET,TARGET,TARGET,TARGET
2962,2026-08-04 08:13:51.356,1,7723.5,PIN,6,10377,False,STOP,STOP,STOP,STOP,STOP,STOP,STOP,STOP,STOP,TARGET
2965,2026-08-04 08:15:16.900,1,7722.5,EMA8,6,1970,False,STOP,STOP,STOP,TARGET,TARGET,TARGET,TARGET,TARGET,TARGET,TARGET
2982,2026-08-04 08:25:28.668,1,7730.75,PIN,6,6058,False,STOP,STOP,STOP,STOP,STOP,STOP,STOP,STOP,STOP,STOP
3030,2026-08-04 08:45:31.028,1,7736.25,PIN,6,1335,False,TARGET,TARGET,TARGET,TARGET,TARGET,TARGET,TARGET,TARGET,TARGET,TARGET
3032,2026-08-04 08:47:01.148,1,7738.25,PIN,6,4597,False,STOP,STOP,STOP,STOP,STOP,STOP,TARGET,TARGET,TARGET,TARGET
3091,2026-08-04 09:21:42.636,1,7742.75,PIN,6,3281,False,STOP,STOP,STOP,STOP,TARGET,TARGET,TARGET,TARGET,TARGET,TARGET
3098,2026-08-04 09:25:49.212,1,7743.75,EMA8,6,561,False,TARGET,TARGET,TARGET,TARGET,TARGET,TARGET,TARGET,TARGET,TARGET,TARGET
3100,2026-08-04 09:28:02.140,1,7744.75,EMA8,6,11312,False,STOP,STOP,STOP,STOP,STOP,STOP,STOP,STOP,STOP,TARGET
3111,2026-08-04 09:36:27.532,1,7748.25,EMA8,6,1809,False,TARGET,TARGET,TARGET,TARGET,TARGET,TARGET,TARGET,TARGET,TARGET,TARGET
3115,2026-08-04 09:38:59.900,1,7746.0,EMA24,6,1043,False,TARGET,TARGET,TARGET,TARGET,TARGET,TARGET,TARGET,TARGET,TARGET,TARGET
3123,2026-08-04 09:45:13.000,1,7753.25,PIN,6,908,False,TARGET,TARGET,TARGET,TARGET,TARGET,TARGET,TARGET,TARGET,TARGET,TARGET
3136,2026-08-04 09:53:48.332,1,7754.5,EMA8,6,679,False,TARGET,TARGET,TARGET,TARGET,TARGET,TARGET,TARGET,TARGET,TARGET,TARGET
3147,2026-08-04 10:01:02.944,1,7758.75,PIN,6,671,False,TARGET,TARGET,TARGET,TARGET,TARGET,TARGET,TARGET,TARGET,TARGET,TARGET
3154,2026-08-04 10:05:18.740,1,7764.25,PIN,6,422,False,TARGET,TARGET,TARGET,TARGET,TARGET,TARGET,TARGET,TARGET,TARGET,TARGET
3166,2026-08-04 10:10:22.812,1,7763.75,EMA8,6,7495,False,STOP,STOP,STOP,STOP,STOP,STOP,STOP,TARGET,TARGET,TARGET
3168,2026-08-04 10:10:36.848,1,7764.0,EMA8,6,12490,False,STOP,STOP,STOP,STOP,STOP,STOP,STOP,STOP,TARGET,TARGET
3174,2026-08-04 10:13:25.544,1,7763.25,EMA24,6,3182,False,TARGET,TARGET,TARGET,TARGET,TARGET,TARGET,TARGET,TARGET,TARGET,TARGET
3213,2026-08-04 10:38:34.280,1,7770.5,PIN,6,3948,False,STOP,STOP,STOP,TARGET,TARGET,TARGET,TARGET,TARGET,TARGET,TARGET
3217,2026-08-04 10:40:54.488,1,7772.75,PIN,6,2569,False,TARGET,TARGET,TARGET,TARGET,TARGET,TARGET,TARGET,TARGET,TARGET,TARGET
3219,2026-08-04 10:42:01.324,1,7774.5,PIN,6,7359,False,STOP,STOP,STOP,STOP,STOP,TARGET,TARGET,TARGET,TARGET,TARGET
3223,2026-08-04 10:45:02.088,1,7776.5,PIN,6,547,False,TARGET,TARGET,TARGET,TARGET,TARGET,TARGET,TARGET,TARGET,TARGET,TARGET
3228,2026-08-04 10:48:43.544,1,7782.25,PIN,6,1584,False,TARGET,TARGET,TARGET,TARGET,TARGET,TARGET,TARGET,TARGET,TARGET,TARGET
3281,2026-08-04 11:00:49.780,-1,7764.25,PIN,6,4036,False,STOP,STOP,STOP,STOP,STOP,STOP,STOP,STOP,STOP,STOP
3417,2026-08-04 11:50:12.044,1,7773.75,EMA8,6,1990,False,TARGET,TARGET,TARGET,TARGET,TARGET,TARGET,TARGET,TARGET,TARGET,TARGET
3420,2026-08-04 11:51:53.460,1,7774.5,EMA8,6,10253,False,STOP,STOP,STOP,STOP,STOP,STOP,STOP,STOP,STOP,STOP
3468,2026-08-04 12:13:40.804,1,7780.5,EMA24,6,3690,False,TARGET,TARGET,TARGET,TARGET,TARGET,TARGET,TARGET,TARGET,TARGET,TARGET
3472,2026-08-04 12:16:19.744,1,7781.0,EMA24,6,527,False,TARGET,TARGET,TARGET,TARGET,TARGET,TARGET,TARGET,TARGET,TARGET,TARGET
3509,2026-08-04 12:34:44.948,-1,7776.25,EMA50,6,5746,False,STOP,STOP,STOP,STOP,STOP,STOP,STOP,STOP,STOP,TARGET
3524,2026-08-04 12:40:15.916,1,7780.25,EMA8,6,1862,False,STOP,STOP,TARGET,TARGET,TARGET,TARGET,TARGET,TARGET,TARGET,TARGET
3530,2026-08-04 12:43:46.932,1,7781.25,EMA8,6,216,False,TARGET,TARGET,TARGET,TARGET,TARGET,TARGET,TARGET,TARGET,TARGET,TARGET
3565,2026-08-04 12:51:50.464,-1,7775.25,EMA8,6,4104,False,STOP,STOP,STOP,TARGET,TARGET,TARGET,TARGET,TARGET,TARGET,TARGET
3567,2026-08-04 12:52:08.384,-1,7774.75,EMA8,6,10323,False,STOP,STOP,STOP,STOP,STOP,STOP,STOP,STOP,STOP,TARGET
3660,2026-08-04 13:02:33.988,1,7773.25,EMA8,6,558,False,STOP,STOP,TARGET,TARGET,TARGET,TARGET,TARGET,TARGET,TARGET,TARGET
3710,2026-08-04 13:15:07.048,-1,7766.75,EMA8,6,1473,False,STOP,STOP,STOP,STOP,STOP,STOP,STOP,STOP,STOP,STOP
3716,2026-08-04 13:15:22.308,-1,7768.5,EMA24,6,101,False,TARGET,TARGET,TARGET,TARGET,TARGET,TARGET,TARGET,TARGET,TARGET,TARGET
3734,2026-08-04 13:16:53.380,-1,7763.5,EMA8,6,557,False,STOP,STOP,TARGET,TARGET,TARGET,TARGET,TARGET,TARGET,TARGET,TARGET
3738,2026-08-04 13:17:10.636,-1,7764.0,EMA24,6,304,False,TARGET,TARGET,TARGET,TARGET,TARGET,TARGET,TARGET,TARGET,TARGET,TARGET
3742,2026-08-04 13:17:31.668,-1,7763.5,EMA24,6,568,False,STOP,STOP,STOP,STOP,STOP,STOP,STOP,STOP,STOP,STOP
3818,2026-08-04 13:46:09.528,1,7771.75,EMA8,6,1234,False,STOP,STOP,STOP,STOP,TARGET,TARGET,TARGET,TARGET,TARGET,TARGET
3825,2026-08-04 13:49:50.824,1,7773.75,EMA8,6,1638,False,STOP,STOP,STOP,STOP,STOP,STOP,STOP,STOP,STOP,STOP
3871,2026-08-04 15:31:08.104,1,7780.75,EMA8,6,851,False,STOP,TARGET,TARGET,TARGET,TARGET,TARGET,TARGET,TARGET,TARGET,TARGET
3886,2026-08-04 15:56:21.104,1,7779.0,EMA50,6,447,False,STOP,TARGET,TARGET,TARGET,TARGET,TARGET,TARGET,TARGET,TARGET,TARGET
4095,2026-08-04 22:25:41.484,1,7795.75,PIN,6,14943,False,STOP,STOP,STOP,STOP,STOP,STOP,STOP,STOP,STOP,TARGET
4098,2026-08-04 22:33:26.532,1,7794.75,EMA8,6,7183,False,STOP,STOP,STOP,STOP,TARGET,TARGET,TARGET,TARGET,TARGET,TARGET
4100,2026-08-04 22:37:18.324,1,7795.0,EMA8,6,4172,False,STOP,STOP,STOP,STOP,TARGET,TARGET,TARGET,TARGET,TARGET,TARGET
4107,2026-08-04 23:07:14.752,1,7798.25,EMA8,6,1567,False,TARGET,TARGET,TARGET,TARGET,TARGET,TARGET,TARGET,TARGET,TARGET,TARGET
4159,2026-08-05 00:31:37.556,-1,7790.75,EMA8,6,2987,False,STOP,STOP,STOP,STOP,STOP,STOP,TARGET,TARGET,TARGET,TARGET
4161,2026-08-05 00:34:30.808,-1,7791.0,EMA8,6,306,False,TARGET,TARGET,TARGET,TARGET,TARGET,TARGET,TARGET,TARGET,TARGET,TARGET
4167,2026-08-05 00:42:49.040,-1,7791.0,EMA24,6,7447,False,STOP,STOP,STOP,STOP,STOP,STOP,STOP,STOP,TARGET,TARGET
4204,2026-08-05 01:18:05.632,-1,7788.0,EMA8,6,2794,False,TARGET,TARGET,TARGET,TARGET,TARGET,TARGET,TARGET,TARGET,TARGET,TARGET
4222,2026-08-05 01:37:20.776,-1,7784.5,EMA24,6,1423,False,STOP,STOP,TARGET,TARGET,TARGET,TARGET,TARGET,TARGET,TARGET,TARGET
4226,2026-08-05 01:41:07.108,-1,7782.75,EMA8,6,4265,False,STOP,STOP,STOP,STOP,TARGET,TARGET,TARGET,TARGET,TARGET,TARGET
4231,2026-08-05 01:44:04.800,-1,7781.75,EMA8,6,2285,False,STOP,STOP,STOP,STOP,STOP,TARGET,TARGET,TARGET,TARGET,TARGET
4280,2026-08-05 02:50:37.024,1,7788.5,EMA50,6,2609,False,STOP,STOP,TARGET,TARGET,TARGET,TARGET,TARGET,TARGET,TARGET,TARGET
4289,2026-08-05 03:13:58.144,1,7788.75,EMA50,6,2132,False,STOP,TARGET,TARGET,TARGET,TARGET,TARGET,TARGET,TARGET,TARGET,TARGET
4302,2026-08-05 03:45:00.224,1,7793.5,EMA8,6,1,True,TARGET,TARGET,TARGET,TARGET,TARGET,TARGET,TARGET,TARGET,TARGET,TARGET
4312,2026-08-05 03:49:45.804,1,7794.0,EMA24,6,2774,False,STOP,STOP,TARGET,TARGET,TARGET,TARGET,TARGET,TARGET,TARGET,TARGET
4323,2026-08-05 04:02:02.280,1,7796.5,EMA24,6,7447,False,STOP,STOP,STOP,STOP,TARGET,TARGET,TARGET,TARGET,TARGET,TARGET
4370,2026-08-05 05:06:13.364,1,7800.0,EMA8,6,10330,False,STOP,STOP,STOP,STOP,STOP,STOP,STOP,TARGET,TARGET,TARGET
4381,2026-08-05 05:18:44.596,1,7801.5,EMA8,6,1542,False,STOP,STOP,TARGET,TARGET,TARGET,TARGET,TARGET,TARGET,TARGET,TARGET
4390,2026-08-05 05:26:59.812,1,7803.0,EMA8,6,499,False,TARGET,TARGET,TARGET,TARGET,TARGET,TARGET,TARGET,TARGET,TARGET,TARGET
4412,2026-08-05 05:41:01.876,1,7802.0,EMA50,6,5182,False,STOP,STOP,STOP,TARGET,TARGET,TARGET,TARGET,TARGET,TARGET,TARGET
4437,2026-08-05 06:11:31.988,1,7807.5,EMA8,6,5380,False,STOP,STOP,STOP,STOP,STOP,STOP,STOP,STOP,STOP,STOP
4443,2026-08-05 06:17:05.344,1,7805.75,EMA24,6,504,False,STOP,TARGET,TARGET,TARGET,TARGET,TARGET,TARGET,TARGET,TARGET,TARGET
4466,2026-08-05 06:30:04.420,1,7810.25,EMA8,6,585,False,STOP,TARGET,TARGET,TARGET,TARGET,TARGET,TARGET,TARGET,TARGET,TARGET
4469,2026-08-05 06:30:09.592,1,7811.25,EMA8,6,454,False,STOP,STOP,TARGET,TARGET,TARGET,TARGET,TARGET,TARGET,TARGET,TARGET
4551,2026-08-05 06:37:14.184,-1,7809.0,EMA50,6,51,False,TARGET,TARGET,TARGET,TARGET,TARGET,TARGET,TARGET,TARGET,TARGET,TARGET
4557,2026-08-05 06:37:37.112,-1,7808.75,EMA50,6,2820,False,STOP,TARGET,TARGET,TARGET,TARGET,TARGET,TARGET,TARGET,TARGET,TARGET
4578,2026-08-05 06:39:52.952,1,7816.25,PIN,6,84,False,TARGET,TARGET,TARGET,TARGET,TARGET,TARGET,TARGET,TARGET,TARGET,TARGET
4581,2026-08-05 06:39:53.476,1,7818.25,PIN,6,1308,True,STOP,STOP,STOP,STOP,STOP,STOP,TARGET,TARGET,TARGET,TARGET
4657,2026-08-05 06:47:32.076,-1,7808.75,EMA24,6,8763,False,STOP,STOP,STOP,STOP,STOP,STOP,STOP,STOP,STOP,STOP
4688,2026-08-05 06:50:10.076,-1,7798.5,EMA8,6,1655,True,STOP,STOP,STOP,STOP,STOP,STOP,STOP,STOP,STOP,STOP
4690,2026-08-05 06:50:10.088,-1,7798.5,EMA8,6,1655,True,STOP,STOP,STOP,STOP,STOP,STOP,STOP,STOP,STOP,STOP
4698,2026-08-05 06:50:13.980,-1,7800.0,EMA24,6,964,False,STOP,STOP,TARGET,TARGET,TARGET,TARGET,TARGET,TARGET,TARGET,TARGET
4711,2026-08-05 06:51:01.264,-1,7798.25,EMA24,6,506,False,STOP,TARGET,TARGET,TARGET,TARGET,TARGET,TARGET,TARGET,TARGET,TARGET
4736,2026-08-05 06:52:49.304,1,7803.75,EMA8,6,1339,False,STOP,STOP,TARGET,TARGET,TARGET,TARGET,TARGET,TARGET,TARGET,TARGET
4750,2026-08-05 06:53:51.824,1,7805.75,EMA24,6,3450,False,STOP,STOP,STOP,STOP,STOP,STOP,TARGET,TARGET,TARGET,TARGET
4752,2026-08-05 06:53:57.704,1,7805.5,EMA24,6,1285,False,TARGET,TARGET,TARGET,TARGET,TARGET,TARGET,TARGET,TARGET,TARGET,TARGET
4788,2026-08-05 06:56:27.820,1,7806.75,EMA50,6,1,True,TARGET,TARGET,TARGET,TARGET,TARGET,TARGET,TARGET,TARGET,TARGET,TARGET
4813,2026-08-05 06:59:47.624,1,7816.75,EMA8,6,238,False,TARGET,TARGET,TARGET,TARGET,TARGET,TARGET,TARGET,TARGET,TARGET,TARGET
4856,2026-08-05 07:01:46.872,-1,7808.0,EMA8,6,3804,False,STOP,STOP,STOP,TARGET,TARGET,TARGET,TARGET,TARGET,TARGET,TARGET
4909,2026-08-05 07:05:50.004,1,7815.0,EMA8,6,3206,False,STOP,STOP,STOP,STOP,STOP,STOP,STOP,STOP,STOP,STOP
4919,2026-08-05 07:06:16.744,1,7811.5,EMA50,6,380,False,TARGET,TARGET,TARGET,TARGET,TARGET,TARGET,TARGET,TARGET,TARGET,TARGET
4993,2026-08-05 07:15:05.100,1,7814.5,EMA24,6,767,False,TARGET,TARGET,TARGET,TARGET,TARGET,TARGET,TARGET,TARGET,TARGET,TARGET
5034,2026-08-05 07:20:20.652,-1,7807.75,EMA8,6,8420,False,STOP,STOP,STOP,STOP,STOP,STOP,STOP,TARGET,TARGET,TARGET
5036,2026-08-05 07:20:28.032,-1,7808.25,EMA8,6,4079,False,STOP,STOP,STOP,STOP,TARGET,TARGET,TARGET,TARGET,TARGET,TARGET
5041,2026-08-05 07:21:06.552,-1,7807.5,EMA8,6,4222,False,STOP,STOP,STOP,STOP,STOP,STOP,STOP,STOP,STOP,STOP
5049,2026-08-05 07:22:10.876,-1,7806.0,EMA8,6,560,False,STOP,STOP,TARGET,TARGET,TARGET,TARGET,TARGET,TARGET,TARGET,TARGET
5053,2026-08-05 07:22:26.564,-1,7805.0,EMA8,6,1439,False,STOP,STOP,TARGET,TARGET,TARGET,TARGET,TARGET,TARGET,TARGET,TARGET
5057,2026-08-05 07:22:53.764,-1,7804.5,EMA8,6,4044,False,STOP,STOP,STOP,TARGET,TARGET,TARGET,TARGET,TARGET,TARGET,TARGET
5061,2026-08-05 07:23:12.508,-1,7803.5,EMA8,6,2746,False,STOP,STOP,STOP,STOP,STOP,TARGET,TARGET,TARGET,TARGET,TARGET
5123,2026-08-05 07:29:53.036,-1,7800.0,PIN,6,1775,False,STOP,STOP,STOP,TARGET,TARGET,TARGET,TARGET,TARGET,TARGET,TARGET
5131,2026-08-05 07:30:19.320,-1,7798.75,EMA8,6,437,False,TARGET,TARGET,TARGET,TARGET,TARGET,TARGET,TARGET,TARGET,TARGET,TARGET
5138,2026-08-05 07:31:06.088,-1,7800.0,EMA24,6,219,False,TARGET,TARGET,TARGET,TARGET,TARGET,TARGET,TARGET,TARGET,TARGET,TARGET
5149,2026-08-05 07:32:22.196,-1,7797.5,EMA24,6,591,False,STOP,STOP,TARGET,TARGET,TARGET,TARGET,TARGET,TARGET,TARGET,TARGET
5203,2026-08-05 07:37:47.816,-1,7793.0,EMA8,6,1617,False,TARGET,TARGET,TARGET,TARGET,TARGET,TARGET,TARGET,TARGET,TARGET,TARGET
5286,2026-08-05 07:47:55.580,1,7796.25,EMA24,6,25296,False,STOP,STOP,STOP,STOP,STOP,STOP,STOP,STOP,STOP,TARGET
5288,2026-08-05 07:48:09.160,1,7795.25,EMA50,6,20728,False,STOP,STOP,STOP,STOP,TARGET,TARGET,TARGET,TARGET,TARGET,TARGET
5292,2026-08-05 07:49:16.472,1,7795.5,EMA50,6,3743,False,STOP,STOP,STOP,TARGET,TARGET,TARGET,TARGET,TARGET,TARGET,TARGET
5300,2026-08-05 07:50:22.408,1,7798.75,EMA8,6,998,False,STOP,STOP,STOP,STOP,STOP,STOP,STOP,STOP,STOP,STOP
5320,2026-08-05 07:52:31.212,-1,7786.75,PIN,6,11977,False,STOP,STOP,STOP,STOP,STOP,STOP,STOP,TARGET,TARGET,TARGET
5394,2026-08-05 08:01:21.716,1,7788.25,EMA24,6,2694,False,STOP,STOP,STOP,STOP,STOP,STOP,STOP,STOP,STOP,STOP
5491,2026-08-05 08:15:47.808,-1,7778.75,PIN,6,1877,False,TARGET,TARGET,TARGET,TARGET,TARGET,TARGET,TARGET,TARGET,TARGET,TARGET
5496,2026-08-05 08:17:05.192,-1,7777.25,EMA8,6,2148,False,TARGET,TARGET,TARGET,TARGET,TARGET,TARGET,TARGET,TARGET,TARGET,TARGET
5576,2026-08-05 08:26:50.900,-1,7771.75,EMA8,6,15721,False,STOP,STOP,STOP,STOP,STOP,STOP,STOP,STOP,TARGET,TARGET
5581,2026-08-05 08:27:27.256,-1,7772.25,EMA24,6,998,False,STOP,STOP,STOP,TARGET,TARGET,TARGET,TARGET,TARGET,TARGET,TARGET
5593,2026-08-05 08:28:48.052,-1,7768.25,EMA8,6,1616,False,STOP,TARGET,TARGET,TARGET,TARGET,TARGET,TARGET,TARGET,TARGET,TARGET
5618,2026-08-05 08:32:41.728,1,7776.25,EMA8,6,7525,False,STOP,STOP,STOP,STOP,STOP,STOP,STOP,STOP,STOP,STOP
5673,2026-08-05 08:42:11.212,-1,7771.0,EMA50,6,5530,False,STOP,STOP,STOP,STOP,STOP,STOP,STOP,STOP,STOP,STOP
5710,2026-08-05 08:50:18.628,-1,7765.5,EMA8,6,4373,False,STOP,STOP,STOP,STOP,STOP,STOP,STOP,TARGET,TARGET,TARGET
5720,2026-08-05 08:52:38.576,-1,7763.75,EMA8,6,3400,False,STOP,STOP,STOP,STOP,STOP,STOP,STOP,STOP,STOP,STOP
5723,2026-08-05 08:53:11.248,-1,7765.0,EMA24,6,2081,False,STOP,STOP,STOP,STOP,STOP,STOP,STOP,STOP,STOP,STOP
5790,2026-08-05 09:03:27.040,-1,7755.25,EMA24,6,6489,False,STOP,STOP,STOP,STOP,STOP,STOP,STOP,STOP,STOP,STOP
5826,2026-08-05 09:10:02.436,-1,7753.75,EMA24,6,9323,False,STOP,STOP,STOP,STOP,STOP,STOP,STOP,STOP,TARGET,TARGET
5829,2026-08-05 09:10:21.524,-1,7754.5,EMA50,6,4194,False,STOP,STOP,STOP,TARGET,TARGET,TARGET,TARGET,TARGET,TARGET,TARGET
5837,2026-08-05 09:11:30.996,-1,7754.25,EMA50,6,6724,False,STOP,STOP,STOP,STOP,TARGET,TARGET,TARGET,TARGET,TARGET,TARGET
5938,2026-08-05 09:32:02.760,1,7767.75,EMA50,6,3690,False,STOP,TARGET,TARGET,TARGET,TARGET,TARGET,TARGET,TARGET,TARGET,TARGET
6036,2026-08-05 09:58:39.036,1,7770.25,EMA50,6,9347,False,STOP,STOP,STOP,STOP,STOP,STOP,STOP,STOP,STOP,TARGET
6078,2026-08-05 10:07:51.956,-1,7765.5,EMA24,6,5150,False,STOP,STOP,TARGET,TARGET,TARGET,TARGET,TARGET,TARGET,TARGET,TARGET
6080,2026-08-05 10:08:26.320,-1,7764.75,EMA24,6,12947,False,STOP,STOP,STOP,STOP,STOP,STOP,STOP,STOP,STOP,TARGET
6178,2026-08-05 10:37:25.208,1,7767.5,EMA50,6,1154,False,TARGET,TARGET,TARGET,TARGET,TARGET,TARGET,TARGET,TARGET,TARGET,TARGET
6260,2026-08-05 11:09:35.660,1,7770.75,EMA50,6,1686,False,STOP,TARGET,TARGET,TARGET,TARGET,TARGET,TARGET,TARGET,TARGET,TARGET
6284,2026-08-05 11:25:11.012,1,7771.25,EMA50,6,2024,False,STOP,STOP,TARGET,TARGET,TARGET,TARGET,TARGET,TARGET,TARGET,TARGET
6311,2026-08-05 11:38:06.680,-1,7767.0,EMA50,6,14526,False,STOP,STOP,STOP,STOP,STOP,STOP,STOP,TARGET,TARGET,TARGET
6341,2026-08-05 11:57:43.964,-1,7766.5,EMA8,6,5750,False,STOP,STOP,STOP,STOP,STOP,STOP,STOP,TARGET,TARGET,TARGET
6343,2026-08-05 11:58:36.912,-1,7767.0,EMA50,6,2721,False,STOP,TARGET,TARGET,TARGET,TARGET,TARGET,TARGET,TARGET,TARGET,TARGET
6354,2026-08-05 12:02:57.728,-1,7766.5,EMA50,6,3599,False,STOP,STOP,STOP,TARGET,TARGET,TARGET,TARGET,TARGET,TARGET,TARGET
6385,2026-08-05 12:21:39.812,1,7769.25,EMA50,6,5730,False,STOP,STOP,STOP,TARGET,TARGET,TARGET,TARGET,TARGET,TARGET,TARGET
6389,2026-08-05 12:23:27.828,1,7770.0,EMA50,6,556,False,TARGET,TARGET,TARGET,TARGET,TARGET,TARGET,TARGET,TARGET,TARGET,TARGET
6404,2026-08-05 12:35:01.624,-1,7766.0,EMA8,6,1503,False,TARGET,TARGET,TARGET,TARGET,TARGET,TARGET,TARGET,TARGET,TARGET,TARGET
6412,2026-08-05 12:38:50.600,-1,7765.0,EMA8,6,1573,False,STOP,TARGET,TARGET,TARGET,TARGET,TARGET,TARGET,TARGET,TARGET,TARGET
6416,2026-08-05 12:41:21.152,-1,7765.5,EMA24,6,12230,False,STOP,STOP,STOP,STOP,STOP,STOP,STOP,STOP,STOP,STOP
6418,2026-08-05 12:43:07.336,-1,7766.25,EMA50,6,12952,False,STOP,STOP,STOP,STOP,STOP,STOP,STOP,TARGET,TARGET,TARGET
6484,2026-08-05 12:59:44.020,-1,7751.75,PIN,6,1,True,TARGET,TARGET,TARGET,TARGET,TARGET,TARGET,TARGET,TARGET,TARGET,TARGET
6563,2026-08-05 13:16:04.388,1,7759.5,EMA8,6,1238,False,STOP,STOP,STOP,STOP,STOP,STOP,STOP,STOP,STOP,STOP
6572,2026-08-05 13:21:44.688,1,7756.75,EMA50,6,2180,False,STOP,STOP,TARGET,TARGET,TARGET,TARGET,TARGET,TARGET,TARGET,TARGET
6637,2026-08-05 15:45:55.068,1,7769.75,EMA8,6,1061,False,STOP,TARGET,TARGET,TARGET,TARGET,TARGET,TARGET,TARGET,TARGET,TARGET
6675,2026-08-05 16:58:39.120,-1,7761.0,EMA8,6,3826,False,STOP,STOP,STOP,STOP,STOP,STOP,TARGET,TARGET,TARGET,TARGET
6687,2026-08-05 17:03:55.832,-1,7761.0,EMA50,6,1788,False,STOP,STOP,STOP,STOP,STOP,STOP,STOP,STOP,STOP,STOP
6711,2026-08-05 17:15:22.456,-1,7759.5,EMA24,6,1219,False,STOP,TARGET,TARGET,TARGET,TARGET,TARGET,TARGET,TARGET,TARGET,TARGET
6876,2026-08-05 21:36:07.468,1,7763.25,EMA50,6,2520,False,STOP,STOP,STOP,STOP,STOP,STOP,STOP,STOP,STOP,STOP
6982,2026-08-06 00:16:03.164,1,7763.75,EMA8,6,7968,False,STOP,STOP,STOP,STOP,STOP,STOP,STOP,STOP,STOP,STOP
7002,2026-08-06 00:49:42.748,-1,7758.0,EMA24,6,2714,False,STOP,STOP,STOP,TARGET,TARGET,TARGET,TARGET,TARGET,TARGET,TARGET
7008,2026-08-06 01:00:54.344,-1,7758.0,EMA50,6,455,False,STOP,STOP,STOP,TARGET,TARGET,TARGET,TARGET,TARGET,TARGET,TARGET
7040,2026-08-06 01:17:40.536,-1,7754.5,EMA50,6,8534,False,STOP,STOP,STOP,STOP,STOP,TARGET,TARGET,TARGET,TARGET,TARGET
7143,2026-08-06 04:01:51.620,-1,7757.0,EMA8,6,3378,False,STOP,STOP,STOP,TARGET,TARGET,TARGET,TARGET,TARGET,TARGET,TARGET
7151,2026-08-06 04:05:38.980,-1,7754.25,EMA8,6,1417,False,STOP,STOP,TARGET,TARGET,TARGET,TARGET,TARGET,TARGET,TARGET,TARGET
7159,2026-08-06 04:09:14.100,-1,7754.5,EMA24,6,2353,False,STOP,STOP,STOP,STOP,STOP,STOP,STOP,STOP,STOP,STOP
7221,2026-08-06 05:08:04.788,-1,7757.25,EMA50,6,1919,False,STOP,STOP,STOP,STOP,TARGET,TARGET,TARGET,TARGET,TARGET,TARGET
7282,2026-08-06 06:00:17.320,-1,7753.5,EMA8,6,1297,False,TARGET,TARGET,TARGET,TARGET,TARGET,TARGET,TARGET,TARGET,TARGET,TARGET
7291,2026-08-06 06:07:36.396,-1,7749.25,PIN,6,2383,False,STOP,STOP,TARGET,TARGET,TARGET,TARGET,TARGET,TARGET,TARGET,TARGET
7303,2026-08-06 06:16:53.612,-1,7748.75,EMA8,6,2023,False,STOP,STOP,STOP,STOP,STOP,STOP,STOP,STOP,STOP,STOP
7337,2026-08-06 06:30:05.976,1,7755.75,EMA8,6,5571,False,STOP,STOP,STOP,STOP,STOP,STOP,STOP,STOP,STOP,STOP
7379,2026-08-06 06:33:16.124,-1,7741.25,PIN,6,3611,False,STOP,STOP,STOP,STOP,STOP,STOP,STOP,STOP,STOP,STOP
7387,2026-08-06 06:34:16.520,-1,7745.25,EMA24,6,91,False,TARGET,TARGET,TARGET,TARGET,TARGET,TARGET,TARGET,TARGET,TARGET,TARGET
7419,2026-08-06 06:36:00.160,1,7750.5,EMA8,6,1022,False,TARGET,TARGET,TARGET,TARGET,TARGET,TARGET,TARGET,TARGET,TARGET,TARGET
7460,2026-08-06 06:39:35.764,-1,7749.25,EMA8,6,3190,False,STOP,STOP,STOP,TARGET,TARGET,TARGET,TARGET,TARGET,TARGET,TARGET
7485,2026-08-06 06:41:29.608,1,7752.5,EMA50,6,5618,False,STOP,STOP,STOP,STOP,TARGET,TARGET,TARGET,TARGET,TARGET,TARGET
7493,2026-08-06 06:42:04.704,1,7755.0,EMA8,6,15812,False,STOP,STOP,STOP,STOP,STOP,STOP,STOP,STOP,STOP,STOP
7506,2026-08-06 06:43:01.568,1,7753.75,EMA50,6,3662,False,STOP,STOP,STOP,TARGET,TARGET,TARGET,TARGET,TARGET,TARGET,TARGET
7516,2026-08-06 06:43:52.588,1,7756.5,EMA8,6,3511,False,STOP,STOP,STOP,STOP,STOP,TARGET,TARGET,TARGET,TARGET,TARGET
7542,2026-08-06 06:46:16.292,1,7757.25,EMA50,6,415,False,TARGET,TARGET,TARGET,TARGET,TARGET,TARGET,TARGET,TARGET,TARGET,TARGET
7577,2026-08-06 06:51:41.116,1,7761.75,EMA50,6,337,False,STOP,TARGET,TARGET,TARGET,TARGET,TARGET,TARGET,TARGET,TARGET,TARGET
7709,2026-08-06 07:07:48.944,1,7763.75,EMA8,6,14500,False,STOP,STOP,STOP,STOP,STOP,STOP,STOP,TARGET,TARGET,TARGET
7711,2026-08-06 07:08:14.028,1,7763.25,EMA8,6,7045,False,STOP,STOP,STOP,STOP,TARGET,TARGET,TARGET,TARGET,TARGET,TARGET
7713,2026-08-06 07:08:50.888,1,7763.5,EMA8,6,1187,False,STOP,STOP,TARGET,TARGET,TARGET,TARGET,TARGET,TARGET,TARGET,TARGET
7723,2026-08-06 07:10:43.428,1,7766.0,EMA8,6,4874,False,STOP,STOP,STOP,STOP,TARGET,TARGET,TARGET,TARGET,TARGET,TARGET
7727,2026-08-06 07:12:00.300,1,7767.25,EMA8,6,7349,False,STOP,STOP,STOP,STOP,STOP,STOP,STOP,STOP,STOP,STOP
7791,2026-08-06 07:26:31.688,-1,7755.25,EMA8,6,1,False,TARGET,TARGET,TARGET,TARGET,TARGET,TARGET,TARGET,TARGET,TARGET,TARGET
7799,2026-08-06 07:27:14.708,-1,7753.75,EMA8,6,19763,False,STOP,STOP,STOP,STOP,STOP,STOP,STOP,STOP,STOP,STOP
7801,2026-08-06 07:27:17.480,-1,7753.75,EMA8,6,18332,False,STOP,STOP,STOP,STOP,STOP,STOP,STOP,STOP,STOP,STOP
7803,2026-08-06 07:27:27.176,-1,7754.0,EMA8,6,14902,False,STOP,STOP,STOP,STOP,STOP,STOP,STOP,STOP,STOP,STOP
7931,2026-08-06 07:46:04.168,-1,7750.25,EMA8,6,8994,False,STOP,STOP,TARGET,TARGET,TARGET,TARGET,TARGET,TARGET,TARGET,TARGET
7933,2026-08-06 07:46:41.772,-1,7749.5,EMA8,6,1685,False,TARGET,TARGET,TARGET,TARGET,TARGET,TARGET,TARGET,TARGET,TARGET,TARGET
7936,2026-08-06 07:47:24.664,-1,7748.75,EMA8,6,12801,False,STOP,STOP,STOP,STOP,STOP,STOP,TARGET,TARGET,TARGET,TARGET
7938,2026-08-06 07:48:13.348,-1,7749.0,EMA8,6,1873,False,STOP,TARGET,TARGET,TARGET,TARGET,TARGET,TARGET,TARGET,TARGET,TARGET
7973,2026-08-06 07:55:29.052,1,7754.5,EMA8,6,6546,False,STOP,STOP,STOP,STOP,STOP,STOP,TARGET,TARGET,TARGET,TARGET
7975,2026-08-06 07:55:40.624,1,7754.25,EMA8,6,3298,False,STOP,STOP,STOP,TARGET,TARGET,TARGET,TARGET,TARGET,TARGET,TARGET
7980,2026-08-06 07:56:32.088,1,7755.5,EMA8,6,2479,False,STOP,STOP,TARGET,TARGET,TARGET,TARGET,TARGET,TARGET,TARGET,TARGET
7994,2026-08-06 07:59:13.636,1,7757.75,EMA24,6,877,False,TARGET,TARGET,TARGET,TARGET,TARGET,TARGET,TARGET,TARGET,TARGET,TARGET
8085,2026-08-06 08:20:28.860,-1,7739.5,EMA8,6,4555,False,STOP,STOP,STOP,STOP,STOP,STOP,STOP,STOP,STOP,STOP
8092,2026-08-06 08:21:18.572,-1,7740.5,EMA8,6,843,False,TARGET,TARGET,TARGET,TARGET,TARGET,TARGET,TARGET,TARGET,TARGET,TARGET
8096,2026-08-06 08:21:49.116,-1,7740.25,EMA24,6,6396,False,STOP,STOP,STOP,STOP,STOP,TARGET,TARGET,TARGET,TARGET,TARGET
8109,2026-08-06 08:23:42.380,-1,7738.5,EMA24,6,2721,False,STOP,STOP,STOP,STOP,STOP,STOP,STOP,STOP,STOP,STOP
8113,2026-08-06 08:24:09.696,-1,7741.25,EMA50,6,1355,False,STOP,STOP,STOP,TARGET,TARGET,TARGET,TARGET,TARGET,TARGET,TARGET
8147,2026-08-06 08:30:16.704,1,7742.75,EMA8,6,9780,False,STOP,STOP,STOP,STOP,STOP,STOP,STOP,STOP,TARGET,TARGET
8167,2026-08-06 08:33:55.708,-1,7737.5,EMA8,6,5262,False,STOP,STOP,STOP,STOP,TARGET,TARGET,TARGET,TARGET,TARGET,TARGET
8171,2026-08-06 08:34:36.580,-1,7736.25,EMA8,6,5093,False,STOP,TARGET,TARGET,TARGET,TARGET,TARGET,TARGET,TARGET,TARGET,TARGET
8231,2026-08-06 08:48:20.048,1,7741.25,EMA8,6,390,False,TARGET,TARGET,TARGET,TARGET,TARGET,TARGET,TARGET,TARGET,TARGET,TARGET
8271,2026-08-06 08:54:17.704,-1,7736.0,EMA8,6,906,False,TARGET,TARGET,TARGET,TARGET,TARGET,TARGET,TARGET,TARGET,TARGET,TARGET
8275,2026-08-06 08:54:51.004,-1,7731.75,PIN,6,1984,False,STOP,TARGET,TARGET,TARGET,TARGET,TARGET,TARGET,TARGET,TARGET,TARGET
8277,2026-08-06 08:55:02.940,-1,7730.25,PIN,6,26895,False,STOP,STOP,STOP,STOP,STOP,STOP,STOP,STOP,STOP,STOP
8278,2026-08-06 08:55:09.200,-1,7729.5,PIN,6,5588,False,STOP,STOP,STOP,STOP,STOP,STOP,STOP,STOP,STOP,STOP
8284,2026-08-06 08:55:32.132,-1,7730.5,EMA8,6,11588,False,STOP,STOP,STOP,STOP,STOP,STOP,STOP,STOP,STOP,STOP
8290,2026-08-06 08:56:17.992,-1,7732.75,EMA24,6,1925,False,STOP,STOP,TARGET,TARGET,TARGET,TARGET,TARGET,TARGET,TARGET,TARGET
8331,2026-08-06 09:03:12.040,-1,7730.75,EMA50,6,8917,False,STOP,STOP,STOP,STOP,STOP,STOP,TARGET,TARGET,TARGET,TARGET
8342,2026-08-06 09:05:25.388,-1,7730.0,EMA50,6,3735,False,STOP,STOP,STOP,STOP,STOP,STOP,STOP,STOP,STOP,STOP
8359,2026-08-06 09:08:53.460,1,7733.75,EMA8,6,13345,False,STOP,STOP,STOP,STOP,STOP,STOP,STOP,STOP,STOP,TARGET
8449,2026-08-06 09:31:20.292,1,7736.25,EMA8,6,7860,False,STOP,STOP,TARGET,TARGET,TARGET,TARGET,TARGET,TARGET,TARGET,TARGET
8478,2026-08-06 09:41:03.372,1,7736.0,EMA24,6,2470,False,STOP,STOP,STOP,STOP,STOP,STOP,STOP,STOP,STOP,STOP
8564,2026-08-06 10:11:36.224,-1,7733.25,EMA8,6,5400,False,TARGET,TARGET,TARGET,TARGET,TARGET,TARGET,TARGET,TARGET,TARGET,TARGET
8569,2026-08-06 10:13:35.112,-1,7734.25,EMA24,6,4977,False,STOP,TARGET,TARGET,TARGET,TARGET,TARGET,TARGET,TARGET,TARGET,TARGET
8575,2026-08-06 10:17:02.116,-1,7731.0,EMA8,6,11064,False,STOP,STOP,STOP,STOP,STOP,STOP,STOP,STOP,STOP,STOP
8577,2026-08-06 10:18:05.540,-1,7731.25,EMA8,6,5638,False,STOP,STOP,STOP,STOP,STOP,STOP,STOP,STOP,STOP,STOP
8603,2026-08-06 10:27:16.044,-1,7731.0,EMA50,6,5925,False,STOP,STOP,STOP,TARGET,TARGET,TARGET,TARGET,TARGET,TARGET,TARGET
8611,2026-08-06 10:30:45.152,-1,7729.5,EMA24,6,7580,False,STOP,STOP,STOP,STOP,STOP,STOP,STOP,STOP,STOP,STOP
8684,2026-08-06 11:09:42.676,1,7737.5,EMA24,6,1233,False,TARGET,TARGET,TARGET,TARGET,TARGET,TARGET,TARGET,TARGET,TARGET,TARGET
8698,2026-08-06 11:16:13.388,1,7737.25,EMA50,6,1,True,TARGET,TARGET,TARGET,TARGET,TARGET,TARGET,TARGET,TARGET,TARGET,TARGET
8716,2026-08-06 11:20:01.468,1,7743.75,EMA24,6,4430,False,STOP,STOP,STOP,TARGET,TARGET,TARGET,TARGET,TARGET,TARGET,TARGET
8733,2026-08-06 11:31:33.676,1,7743.5,EMA50,6,9031,False,STOP,STOP,STOP,STOP,STOP,STOP,STOP,STOP,STOP,STOP
8758,2026-08-06 11:48:43.908,-1,7740.25,EMA50,6,806,False,STOP,TARGET,TARGET,TARGET,TARGET,TARGET,TARGET,TARGET,TARGET,TARGET
8782,2026-08-06 12:06:33.832,1,7744.75,EMA8,6,5907,False,STOP,STOP,STOP,STOP,STOP,STOP,STOP,STOP,TARGET,TARGET
8811,2026-08-06 12:25:50.168,-1,7737.5,EMA8,6,2165,False,STOP,STOP,STOP,STOP,STOP,STOP,STOP,STOP,STOP,STOP
8814,2026-08-06 12:26:17.040,-1,7738.75,EMA24,6,807,False,TARGET,TARGET,TARGET,TARGET,TARGET,TARGET,TARGET,TARGET,TARGET,TARGET
8818,2026-08-06 12:27:38.708,-1,7737.5,EMA8,6,9418,False,STOP,STOP,STOP,STOP,STOP,STOP,TARGET,TARGET,TARGET,TARGET
8847,2026-08-06 12:42:01.880,-1,7732.25,PIN,6,5327,False,STOP,STOP,STOP,TARGET,TARGET,TARGET,TARGET,TARGET,TARGET,TARGET
8858,2026-08-06 12:46:17.460,-1,7733.5,EMA24,6,201,False,TARGET,TARGET,TARGET,TARGET,TARGET,TARGET,TARGET,TARGET,TARGET,TARGET
8885,2026-08-06 12:51:52.356,-1,7728.25,EMA8,6,9941,False,STOP,STOP,STOP,STOP,STOP,STOP,STOP,STOP,STOP,STOP
8906,2026-08-06 12:54:39.372,1,7736.5,EMA8,6,14004,False,STOP,STOP,STOP,STOP,STOP,STOP,STOP,STOP,STOP,STOP
8910,2026-08-06 12:55:00.280,1,7736.25,EMA8,6,1925,False,STOP,STOP,STOP,TARGET,TARGET,TARGET,TARGET,TARGET,TARGET,TARGET
8944,2026-08-06 13:00:01.152,1,7736.5,EMA50,6,732,True,STOP,STOP,STOP,TARGET,TARGET,TARGET,TARGET,TARGET,TARGET,TARGET
8954,2026-08-06 13:00:37.572,1,7737.5,EMA24,6,2998,False,STOP,STOP,STOP,STOP,STOP,TARGET,TARGET,TARGET,TARGET,TARGET
8958,2026-08-06 13:01:28.384,1,7737.5,EMA50,6,335,False,TARGET,TARGET,TARGET,TARGET,TARGET,TARGET,TARGET,TARGET,TARGET,TARGET
8993,2026-08-06 13:25:02.536,-1,7732.25,EMA8,6,876,False,TARGET,TARGET,TARGET,TARGET,TARGET,TARGET,TARGET,TARGET,TARGET,TARGET
9060,2026-08-06 16:33:23.280,1,7738.75,EMA24,6,635,False,TARGET,TARGET,TARGET,TARGET,TARGET,TARGET,TARGET,TARGET,TARGET,TARGET
9074,2026-08-06 16:59:54.640,1,7740.0,EMA24,6,12898,False,STOP,STOP,STOP,STOP,STOP,STOP,STOP,STOP,STOP,TARGET
9116,2026-08-06 17:22:03.296,-1,7731.0,EMA8,6,596,False,TARGET,TARGET,TARGET,TARGET,TARGET,TARGET,TARGET,TARGET,TARGET,TARGET
9124,2026-08-06 17:29:51.580,-1,7730.0,EMA8,6,6680,False,STOP,STOP,STOP,STOP,STOP,STOP,STOP,STOP,STOP,STOP
9280,2026-08-06 19:42:19.444,-1,7728.25,EMA8,6,6003,False,STOP,STOP,STOP,STOP,STOP,STOP,STOP,STOP,STOP,STOP
9341,2026-08-06 22:11:00.512,1,7735.25,EMA8,6,21651,False,STOP,STOP,STOP,STOP,STOP,STOP,STOP,STOP,STOP,STOP
9343,2026-08-06 22:18:49.056,1,7735.0,EMA8,6,16523,False,STOP,STOP,STOP,STOP,STOP,STOP,STOP,STOP,STOP,STOP
9346,2026-08-06 22:25:32.860,1,7735.25,EMA8,6,10483,False,STOP,STOP,STOP,STOP,STOP,STOP,STOP,STOP,STOP,STOP
9350,2026-08-06 22:41:54.588,1,7733.0,EMA50,6,17463,False,STOP,STOP,STOP,STOP,STOP,TARGET,TARGET,TARGET,TARGET,TARGET
9352,2026-08-06 22:50:30.316,1,7733.5,EMA50,6,11074,False,STOP,STOP,STOP,STOP,STOP,STOP,STOP,TARGET,TARGET,TARGET
9366,2026-08-06 23:33:44.560,1,7738.75,EMA8,6,3323,False,STOP,STOP,STOP,STOP,STOP,STOP,STOP,STOP,STOP,STOP
9378,2026-08-07 00:02:03.296,1,7737.75,EMA24,6,5761,False,STOP,STOP,STOP,STOP,STOP,STOP,STOP,TARGET,TARGET,TARGET
9390,2026-08-07 00:28:00.520,1,7741.0,EMA8,6,9391,False,STOP,STOP,STOP,STOP,STOP,TARGET,TARGET,TARGET,TARGET,TARGET
9417,2026-08-07 01:21:21.944,1,7743.25,EMA24,6,2050,False,STOP,STOP,TARGET,TARGET,TARGET,TARGET,TARGET,TARGET,TARGET,TARGET
9421,2026-08-07 01:31:44.012,1,7744.75,EMA8,6,853,False,TARGET,TARGET,TARGET,TARGET,TARGET,TARGET,TARGET,TARGET,TARGET,TARGET
9440,2026-08-07 02:10:19.272,1,7745.75,EMA24,6,848,False,STOP,TARGET,TARGET,TARGET,TARGET,TARGET,TARGET,TARGET,TARGET,TARGET
9488,2026-08-07 04:15:24.300,1,7751.0,EMA8,6,781,False,TARGET,TARGET,TARGET,TARGET,TARGET,TARGET,TARGET,TARGET,TARGET,TARGET
9530,2026-08-07 05:29:31.012,1,7758.5,PIN,6,349,False,STOP,STOP,STOP,STOP,STOP,STOP,STOP,STOP,STOP,STOP
9555,2026-08-07 05:29:54.424,1,7756.25,EMA8,6,80,False,STOP,STOP,TARGET,TARGET,TARGET,TARGET,TARGET,TARGET,TARGET,TARGET
9557,2026-08-07 05:29:58.440,1,7757.0,EMA8,6,19,False,TARGET,TARGET,TARGET,TARGET,TARGET,TARGET,TARGET,TARGET,TARGET,TARGET
9560,2026-08-07 05:30:00.396,1,7758.0,EMA8,6,62,True,STOP,STOP,STOP,STOP,TARGET,TARGET,TARGET,TARGET,TARGET,TARGET
9564,2026-08-07 05:30:00.732,1,7758.25,EMA8,6,63,True,STOP,STOP,STOP,STOP,STOP,TARGET,TARGET,TARGET,TARGET,TARGET
9566,2026-08-07 05:30:00.812,1,7758.25,EMA8,6,63,False,STOP,STOP,STOP,STOP,STOP,TARGET,TARGET,TARGET,TARGET,TARGET
9576,2026-08-07 05:30:01.440,1,7761.5,EMA8,6,24,True,STOP,STOP,STOP,STOP,STOP,STOP,STOP,STOP,STOP,STOP
9612,2026-08-07 05:30:03.652,1,7771.0,PIN,6,0,True,NONE,NONE,NONE,NONE,NONE,NONE,NONE,NONE,NONE,NONE
9710,2026-08-07 05:30:43.408,-1,7768.0,EMA50,6,703,False,STOP,STOP,STOP,STOP,STOP,STOP,STOP,TARGET,TARGET,TARGET
9744,2026-08-07 05:32:26.668,-1,7765.25,EMA50,6,227,False,TARGET,TARGET,TARGET,TARGET,TARGET,TARGET,TARGET,TARGET,TARGET,TARGET
9796,2026-08-07 05:38:25.380,1,7772.25,EMA8,6,223,False,TARGET,TARGET,TARGET,TARGET,TARGET,TARGET,TARGET,TARGET,TARGET,TARGET
9800,2026-08-07 05:39:20.732,1,7773.75,EMA8,6,243,False,STOP,TARGET,TARGET,TARGET,TARGET,TARGET,TARGET,TARGET,TARGET,TARGET
9804,2026-08-07 05:40:33.072,1,7774.75,EMA8,6,1208,False,STOP,STOP,STOP,STOP,STOP,STOP,TARGET,TARGET,TARGET,TARGET
9806,2026-08-07 05:40:56.780,1,7774.5,EMA8,6,109,False,TARGET,TARGET,TARGET,TARGET,TARGET,TARGET,TARGET,TARGET,TARGET,TARGET
9810,2026-08-07 05:41:29.668,1,7774.0,EMA24,6,3357,False,STOP,STOP,STOP,STOP,TARGET,TARGET,TARGET,TARGET,TARGET,TARGET
9816,2026-08-07 05:43:48.468,1,7775.75,EMA8,6,880,False,STOP,STOP,STOP,STOP,STOP,STOP,STOP,STOP,STOP,STOP
9844,2026-08-07 05:55:20.260,1,7777.25,EMA24,6,8400,False,STOP,STOP,STOP,STOP,STOP,STOP,STOP,STOP,STOP,STOP
9858,2026-08-07 06:03:36.068,-1,7771.25,EMA8,6,1476,False,STOP,STOP,TARGET,TARGET,TARGET,TARGET,TARGET,TARGET,TARGET,TARGET
9864,2026-08-07 06:07:08.020,-1,7768.75,EMA8,6,279,False,TARGET,TARGET,TARGET,TARGET,TARGET,TARGET,TARGET,TARGET,TARGET,TARGET
9868,2026-08-07 06:09:13.888,-1,7764.5,PIN,6,8062,False,STOP,STOP,STOP,STOP,STOP,STOP,STOP,TARGET,TARGET,TARGET
9873,2026-08-07 06:10:41.076,-1,7765.0,EMA8,6,2457,False,STOP,STOP,TARGET,TARGET,TARGET,TARGET,TARGET,TARGET,TARGET,TARGET
9898,2026-08-07 06:25:02.148,-1,7761.0,EMA24,6,149,False,TARGET,TARGET,TARGET,TARGET,TARGET,TARGET,TARGET,TARGET,TARGET,TARGET
9976,2026-08-07 06:32:21.132,1,7760.75,EMA8,6,9353,False,STOP,STOP,STOP,STOP,STOP,STOP,STOP,STOP,STOP,STOP
10033,2026-08-07 06:36:39.064,-1,7755.25,EMA8,6,930,False,STOP,TARGET,TARGET,TARGET,TARGET,TARGET,TARGET,TARGET,TARGET,TARGET
10058,2026-08-07 06:39:17.644,1,7760.5,EMA24,6,4551,False,STOP,STOP,TARGET,TARGET,TARGET,TARGET,TARGET,TARGET,TARGET,TARGET
10092,2026-08-07 06:41:51.860,1,7762.75,EMA8,6,1511,False,STOP,STOP,STOP,STOP,STOP,STOP,STOP,STOP,STOP,STOP
10119,2026-08-07 06:44:04.288,1,7767.25,PIN,6,16453,False,STOP,STOP,STOP,STOP,STOP,STOP,STOP,STOP,STOP,TARGET
10122,2026-08-07 06:44:38.264,1,7766.25,EMA8,6,2631,False,STOP,STOP,STOP,STOP,TARGET,TARGET,TARGET,TARGET,TARGET,TARGET
10126,2026-08-07 06:45:01.304,1,7767.5,EMA8,6,1958,False,TARGET,TARGET,TARGET,TARGET,TARGET,TARGET,TARGET,TARGET,TARGET,TARGET
10150,2026-08-07 06:46:41.492,-1,7760.75,EMA8,6,18147,False,STOP,STOP,STOP,STOP,STOP,STOP,TARGET,TARGET,TARGET,TARGET
10199,2026-08-07 06:50:50.084,1,7767.0,EMA8,6,12604,False,STOP,STOP,STOP,STOP,STOP,STOP,STOP,STOP,STOP,STOP
10206,2026-08-07 06:51:36.192,1,7765.0,EMA50,6,5413,False,STOP,STOP,STOP,TARGET,TARGET,TARGET,TARGET,TARGET,TARGET,TARGET
10219,2026-08-07 06:53:26.492,1,7767.25,EMA24,6,1307,False,STOP,STOP,TARGET,TARGET,TARGET,TARGET,TARGET,TARGET,TARGET,TARGET
10265,2026-08-07 06:57:46.972,-1,7753.5,EMA8,6,12324,False,STOP,STOP,STOP,STOP,STOP,STOP,STOP,STOP,STOP,STOP
10272,2026-08-07 06:58:15.472,-1,7755.25,EMA24,6,516,False,STOP,TARGET,TARGET,TARGET,TARGET,TARGET,TARGET,TARGET,TARGET,TARGET
10314,2026-08-07 07:01:12.332,1,7760.75,EMA24,6,9360,False,STOP,STOP,STOP,STOP,STOP,STOP,STOP,STOP,STOP,STOP
10381,2026-08-07 07:06:28.088,-1,7754.5,EMA50,6,4662,False,STOP,STOP,STOP,STOP,STOP,STOP,STOP,STOP,STOP,STOP
10421,2026-08-07 07:10:15.448,-1,7752.0,EMA8,6,7812,False,STOP,STOP,STOP,STOP,STOP,STOP,STOP,STOP,STOP,TARGET
10492,2026-08-07 07:17:33.552,1,7755.25,EMA8,6,494,False,TARGET,TARGET,TARGET,TARGET,TARGET,TARGET,TARGET,TARGET,TARGET,TARGET
10499,2026-08-07 07:17:51.784,1,7757.25,EMA8,6,21708,False,STOP,STOP,STOP,STOP,STOP,STOP,STOP,STOP,STOP,TARGET
10506,2026-08-07 07:18:36.064,1,7757.0,EMA8,6,2272,False,TARGET,TARGET,TARGET,TARGET,TARGET,TARGET,TARGET,TARGET,TARGET,TARGET
10533,2026-08-07 07:22:35.944,1,7764.75,EMA24,6,12442,False,STOP,STOP,STOP,STOP,STOP,STOP,STOP,STOP,TARGET,TARGET
10548,2026-08-07 07:24:15.416,1,7768.75,EMA8,6,11815,False,STOP,STOP,STOP,STOP,STOP,STOP,TARGET,TARGET,TARGET,TARGET
10550,2026-08-07 07:24:30.576,1,7768.5,EMA8,6,7955,False,STOP,STOP,STOP,TARGET,TARGET,TARGET,TARGET,TARGET,TARGET,TARGET
10555,2026-08-07 07:25:38.068,1,7773.0,PIN,6,3925,False,STOP,TARGET,TARGET,TARGET,TARGET,TARGET,TARGET,TARGET,TARGET,TARGET
10562,2026-08-07 07:27:00.716,1,7775.25,EMA8,6,11723,False,STOP,STOP,STOP,STOP,STOP,STOP,STOP,TARGET,TARGET,TARGET
10569,2026-08-07 07:28:15.872,1,7776.5,EMA8,6,3968,False,STOP,STOP,STOP,TARGET,TARGET,TARGET,TARGET,TARGET,TARGET,TARGET
10571,2026-08-07 07:28:27.940,1,7777.0,EMA8,6,2729,False,STOP,STOP,TARGET,TARGET,TARGET,TARGET,TARGET,TARGET,TARGET,TARGET
10578,2026-08-07 07:29:34.648,1,7778.75,EMA8,6,2717,False,STOP,TARGET,TARGET,TARGET,TARGET,TARGET,TARGET,TARGET,TARGET,TARGET
10581,2026-08-07 07:30:03.296,1,7780.25,EMA8,6,7206,False,STOP,STOP,STOP,STOP,STOP,STOP,STOP,STOP,STOP,STOP
10590,2026-08-07 07:31:18.680,1,7775.25,EMA50,6,5904,False,STOP,STOP,STOP,STOP,STOP,STOP,STOP,STOP,STOP,STOP
10627,2026-08-07 07:36:09.288,-1,7770.75,EMA8,6,242,False,STOP,TARGET,TARGET,TARGET,TARGET,TARGET,TARGET,TARGET,TARGET,TARGET
10630,2026-08-07 07:36:18.460,-1,7769.5,EMA8,6,8530,False,STOP,STOP,STOP,STOP,STOP,STOP,STOP,STOP,STOP,TARGET
10668,2026-08-07 07:40:36.996,-1,7768.25,EMA24,6,16255,False,STOP,STOP,STOP,STOP,STOP,STOP,STOP,STOP,STOP,TARGET
10670,2026-08-07 07:40:54.744,-1,7768.75,EMA50,6,9923,False,STOP,STOP,STOP,STOP,STOP,STOP,STOP,TARGET,TARGET,TARGET
10674,2026-08-07 07:41:13.296,-1,7768.75,EMA50,6,3689,False,STOP,STOP,STOP,TARGET,TARGET,TARGET,TARGET,TARGET,TARGET,TARGET
10714,2026-08-07 07:46:07.560,1,7772.0,EMA8,6,6780,False,STOP,STOP,STOP,STOP,STOP,STOP,STOP,STOP,TARGET,TARGET
10795,2026-08-07 07:59:29.136,1,7774.75,EMA24,6,2602,False,STOP,STOP,TARGET,TARGET,TARGET,TARGET,TARGET,TARGET,TARGET,TARGET
10800,2026-08-07 08:00:22.120,1,7775.5,EMA24,6,16967,False,STOP,STOP,STOP,STOP,STOP,STOP,STOP,STOP,STOP,STOP
10844,2026-08-07 08:13:01.968,1,7776.25,EMA50,6,10063,False,STOP,STOP,STOP,STOP,STOP,STOP,STOP,STOP,STOP,TARGET
10892,2026-08-07 08:31:21.168,1,7786.25,EMA8,6,11498,False,STOP,STOP,STOP,STOP,STOP,STOP,STOP,STOP,STOP,STOP
10894,2026-08-07 08:32:49.364,1,7785.75,EMA8,6,803,False,TARGET,TARGET,TARGET,TARGET,TARGET,TARGET,TARGET,TARGET,TARGET,TARGET
10926,2026-08-07 08:44:24.576,-1,7780.0,EMA24,6,4828,False,STOP,STOP,STOP,STOP,TARGET,TARGET,TARGET,TARGET,TARGET,TARGET
10934,2026-08-07 08:46:11.084,-1,7779.25,EMA50,6,21943,False,STOP,STOP,STOP,STOP,STOP,STOP,STOP,STOP,STOP,STOP
10972,2026-08-07 09:04:28.672,-1,7776.5,EMA8,6,2952,False,STOP,STOP,STOP,STOP,STOP,STOP,STOP,STOP,STOP,STOP
11030,2026-08-07 09:25:40.800,-1,7765.25,PIN,6,1392,False,TARGET,TARGET,TARGET,TARGET,TARGET,TARGET,TARGET,TARGET,TARGET,TARGET
11071,2026-08-07 09:31:28.924,-1,7759.75,EMA8,6,6251,False,STOP,STOP,STOP,STOP,TARGET,TARGET,TARGET,TARGET,TARGET,TARGET
11073,2026-08-07 09:31:43.196,-1,7759.5,EMA8,6,2485,False,STOP,TARGET,TARGET,TARGET,TARGET,TARGET,TARGET,TARGET,TARGET,TARGET
11104,2026-08-07 09:40:44.216,1,7771.75,PIN,6,8253,False,STOP,STOP,STOP,STOP,TARGET,TARGET,TARGET,TARGET,TARGET,TARGET
11111,2026-08-07 09:43:24.576,1,7771.5,EMA8,6,1081,False,STOP,TARGET,TARGET,TARGET,TARGET,TARGET,TARGET,TARGET,TARGET,TARGET
11205,2026-08-07 10:34:15.516,-1,7767.25,EMA50,6,14611,False,STOP,STOP,STOP,STOP,STOP,STOP,STOP,STOP,STOP,STOP
11256,2026-08-07 11:17:21.284,-1,7763.0,EMA8,6,6702,False,STOP,STOP,STOP,STOP,STOP,STOP,STOP,STOP,STOP,STOP
11261,2026-08-07 11:20:49.996,-1,7764.25,EMA24,6,4195,False,STOP,STOP,STOP,STOP,STOP,TARGET,TARGET,TARGET,TARGET,TARGET
11331,2026-08-07 12:07:24.296,1,7773.0,PIN,6,9545,False,STOP,STOP,STOP,STOP,STOP,STOP,TARGET,TARGET,TARGET,TARGET
11342,2026-08-07 12:13:23.056,1,7777.25,EMA8,6,8947,False,STOP,STOP,STOP,STOP,TARGET,TARGET,TARGET,TARGET,TARGET,TARGET
11344,2026-08-07 12:15:08.788,1,7777.5,EMA8,6,2351,False,STOP,TARGET,TARGET,TARGET,TARGET,TARGET,TARGET,TARGET,TARGET,TARGET
11489,2026-08-07 13:43:18.820,-1,7776.0,EMA24,6,6364,False,STOP,STOP,STOP,STOP,STOP,STOP,STOP,STOP,STOP,STOP
11526,2026-08-09 15:04:37.584,-1,7772.5,EMA8,6,372,False,STOP,TARGET,TARGET,TARGET,TARGET,TARGET,TARGET,TARGET,TARGET,TARGET
11536,2026-08-09 15:11:12.956,-1,7772.75,EMA24,6,422,False,STOP,TARGET,TARGET,TARGET,TARGET,TARGET,TARGET,TARGET,TARGET,TARGET
11600,2026-08-09 17:04:01.928,-1,7768.25,EMA24+EMA50,6,3993,False,STOP,STOP,STOP,STOP,STOP,STOP,STOP,STOP,STOP,STOP
11622,2026-08-09 17:22:41.660,1,7774.5,EMA24,6,2790,False,STOP,STOP,STOP,STOP,STOP,STOP,STOP,STOP,STOP,STOP
11666,2026-08-09 18:22:00.632,1,7778.75,EMA8,6,3207,False,STOP,STOP,STOP,TARGET,TARGET,TARGET,TARGET,TARGET,TARGET,TARGET
11706,2026-08-09 21:03:43.052,1,7784.5,EMA8,6,3120,False,STOP,STOP,STOP,STOP,STOP,STOP,STOP,STOP,STOP,TARGET
11708,2026-08-09 21:07:59.396,1,7783.5,EMA24,6,310,False,TARGET,TARGET,TARGET,TARGET,TARGET,TARGET,TARGET,TARGET,TARGET,TARGET
11734,2026-08-09 22:50:55.060,1,7790.0,EMA8,6,2320,False,TARGET,TARGET,TARGET,TARGET,TARGET,TARGET,TARGET,TARGET,TARGET,TARGET
11847,2026-08-10 04:00:26.148,-1,7785.25,EMA8,6,457,False,TARGET,TARGET,TARGET,TARGET,TARGET,TARGET,TARGET,TARGET,TARGET,TARGET
11906,2026-08-10 05:30:28.504,-1,7778.0,EMA8,6,1895,False,STOP,STOP,STOP,STOP,TARGET,TARGET,TARGET,TARGET,TARGET,TARGET
11913,2026-08-10 05:38:35.240,-1,7775.0,EMA8,6,708,False,STOP,TARGET,TARGET,TARGET,TARGET,TARGET,TARGET,TARGET,TARGET,TARGET
11924,2026-08-10 05:58:04.704,-1,7772.75,EMA8,6,3328,False,STOP,STOP,STOP,STOP,STOP,STOP,STOP,STOP,STOP,STOP
11928,2026-08-10 06:00:53.152,-1,7774.5,EMA24,6,475,False,TARGET,TARGET,TARGET,TARGET,TARGET,TARGET,TARGET,TARGET,TARGET,TARGET
11995,2026-08-10 06:31:48.184,1,7779.5,EMA24,6,786,False,TARGET,TARGET,TARGET,TARGET,TARGET,TARGET,TARGET,TARGET,TARGET,TARGET
11999,2026-08-10 06:32:38.048,1,7781.25,EMA8,6,757,False,TARGET,TARGET,TARGET,TARGET,TARGET,TARGET,TARGET,TARGET,TARGET,TARGET
12030,2026-08-10 06:36:08.676,-1,7774.5,EMA24,6,2248,False,STOP,STOP,STOP,STOP,STOP,STOP,STOP,STOP,STOP,STOP
12120,2026-08-10 06:49:34.088,1,7778.0,EMA8,6,9863,False,STOP,STOP,STOP,STOP,STOP,STOP,STOP,STOP,STOP,TARGET
12148,2026-08-10 06:52:33.044,-1,7774.25,EMA24,6,8819,False,STOP,STOP,STOP,STOP,STOP,STOP,STOP,STOP,STOP,STOP
12171,2026-08-10 06:56:24.156,1,7778.0,EMA50,6,11320,False,STOP,STOP,STOP,STOP,STOP,STOP,TARGET,TARGET,TARGET,TARGET
12231,2026-08-10 07:18:36.816,1,7787.75,EMA24,6,6069,False,STOP,STOP,STOP,STOP,TARGET,TARGET,TARGET,TARGET,TARGET,TARGET
12323,2026-08-10 07:56:57.028,-1,7786.5,EMA24,6,1680,False,STOP,TARGET,TARGET,TARGET,TARGET,TARGET,TARGET,TARGET,TARGET,TARGET
12326,2026-08-10 07:57:25.276,-1,7785.25,EMA8,6,13612,False,STOP,STOP,STOP,TARGET,TARGET,TARGET,TARGET,TARGET,TARGET,TARGET
12328,2026-08-10 07:58:32.656,-1,7784.75,EMA8,6,7776,False,STOP,STOP,TARGET,TARGET,TARGET,TARGET,TARGET,TARGET,TARGET,TARGET
12434,2026-08-10 08:38:30.072,-1,7779.25,EMA8,6,11044,False,STOP,STOP,STOP,STOP,STOP,STOP,STOP,STOP,STOP,STOP
12436,2026-08-10 08:39:56.156,-1,7779.5,EMA8,6,1384,False,TARGET,TARGET,TARGET,TARGET,TARGET,TARGET,TARGET,TARGET,TARGET,TARGET
12460,2026-08-10 08:54:32.124,1,7789.25,PIN,6,15511,False,STOP,STOP,STOP,STOP,STOP,STOP,STOP,STOP,TARGET,TARGET
12463,2026-08-10 08:57:03.272,1,7788.5,EMA8,6,2857,False,STOP,STOP,TARGET,TARGET,TARGET,TARGET,TARGET,TARGET,TARGET,TARGET
12465,2026-08-10 08:57:50.420,1,7789.25,EMA8,6,3786,False,TARGET,TARGET,TARGET,TARGET,TARGET,TARGET,TARGET,TARGET,TARGET,TARGET
12471,2026-08-10 09:05:38.908,1,7788.5,EMA24,6,11139,False,STOP,STOP,STOP,STOP,STOP,STOP,STOP,STOP,STOP,STOP
12473,2026-08-10 09:07:34.128,1,7787.75,EMA24,6,17669,False,STOP,STOP,STOP,STOP,STOP,STOP,STOP,STOP,STOP,STOP
12489,2026-08-10 09:21:01.120,-1,7784.0,EMA50,6,1428,False,TARGET,TARGET,TARGET,TARGET,TARGET,TARGET,TARGET,TARGET,TARGET,TARGET
12505,2026-08-10 09:31:59.000,-1,7780.25,EMA8,6,0,True,NONE,NONE,NONE,NONE,NONE,NONE,NONE,NONE,NONE,NONE
12509,2026-08-10 09:31:59.700,-1,7775.0,PIN,6,0,True,NONE,NONE,NONE,NONE,NONE,NONE,NONE,NONE,NONE,NONE
12528,2026-08-10 09:31:59.896,-1,7769.0,EMA8,6,1,True,TARGET,TARGET,TARGET,TARGET,TARGET,TARGET,TARGET,TARGET,TARGET,TARGET
12532,2026-08-10 09:31:59.944,-1,7766.75,EMA8,6,1,True,TARGET,TARGET,TARGET,TARGET,TARGET,TARGET,TARGET,TARGET,TARGET,TARGET
12536,2026-08-10 09:31:59.956,-1,7766.0,EMA8,6,4,True,TARGET,TARGET,TARGET,TARGET,TARGET,TARGET,TARGET,TARGET,TARGET,TARGET
12544,2026-08-10 09:32:01.056,-1,7767.25,EMA24,6,155,True,TARGET,TARGET,TARGET,TARGET,TARGET,TARGET,TARGET,TARGET,TARGET,TARGET
12547,2026-08-10 09:32:01.988,-1,7767.0,EMA24,6,155,False,STOP,TARGET,TARGET,TARGET,TARGET,TARGET,TARGET,TARGET,TARGET,TARGET
12569,2026-08-10 09:32:43.080,1,7774.75,EMA8,6,24378,False,STOP,STOP,STOP,STOP,STOP,STOP,STOP,STOP,STOP,NONE
12602,2026-08-10 09:42:49.844,-1,7770.5,EMA8,6,1506,False,TARGET,TARGET,TARGET,TARGET,TARGET,TARGET,TARGET,TARGET,TARGET,TARGET
12629,2026-08-10 09:56:17.708,1,7773.0,EMA8,6,1924,False,STOP,TARGET,TARGET,TARGET,TARGET,TARGET,TARGET,TARGET,TARGET,TARGET
12644,2026-08-10 10:07:23.716,1,7773.75,EMA50,6,1583,False,TARGET,TARGET,TARGET,TARGET,TARGET,TARGET,TARGET,TARGET,TARGET,TARGET
12665,2026-08-10 10:28:57.488,1,7776.5,EMA50,6,682,False,TARGET,TARGET,TARGET,TARGET,TARGET,TARGET,TARGET,TARGET,TARGET,TARGET
12682,2026-08-10 10:50:03.308,-1,7773.0,EMA8,6,2984,False,STOP,STOP,STOP,STOP,STOP,TARGET,TARGET,TARGET,TARGET,TARGET
12684,2026-08-10 10:50:49.324,-1,7773.0,EMA8,6,1020,False,TARGET,TARGET,TARGET,TARGET,TARGET,TARGET,TARGET,TARGET,TARGET,TARGET
12719,2026-08-10 11:36:11.156,-1,7772.25,EMA50,6,1833,False,STOP,TARGET,TARGET,TARGET,TARGET,TARGET,TARGET,TARGET,TARGET,TARGET
12741,2026-08-10 12:01:25.288,1,7778.5,EMA8,6,3492,False,STOP,STOP,TARGET,TARGET,TARGET,TARGET,TARGET,TARGET,TARGET,TARGET
12747,2026-08-10 12:13:28.732,1,7780.25,EMA8,6,8461,False,STOP,STOP,STOP,STOP,STOP,TARGET,TARGET,TARGET,TARGET,TARGET
12749,2026-08-10 12:17:41.588,1,7780.25,EMA8,6,876,False,TARGET,TARGET,TARGET,TARGET,TARGET,TARGET,TARGET,TARGET,TARGET,TARGET
12792,2026-08-10 12:55:05.104,-1,7774.0,EMA24,6,230,False,TARGET,TARGET,TARGET,TARGET,TARGET,TARGET,TARGET,TARGET,TARGET,TARGET
12816,2026-08-10 13:00:40.220,1,7776.5,EMA50,6,48,False,TARGET,TARGET,TARGET,TARGET,TARGET,TARGET,TARGET,TARGET,TARGET,TARGET
12860,2026-08-10 16:01:46.908,-1,7772.75,EMA8,6,3502,False,STOP,STOP,STOP,TARGET,TARGET,TARGET,TARGET,TARGET,TARGET,TARGET
12862,2026-08-10 16:17:58.476,-1,7772.25,EMA8,6,550,False,STOP,TARGET,TARGET,TARGET,TARGET,TARGET,TARGET,TARGET,TARGET,TARGET
12878,2026-08-10 17:00:02.000,-1,7770.0,EMA24,6,4226,False,STOP,STOP,STOP,STOP,TARGET,TARGET,TARGET,TARGET,TARGET,TARGET
12882,2026-08-10 17:01:45.240,-1,7769.25,EMA8,6,1271,False,STOP,TARGET,TARGET,TARGET,TARGET,TARGET,TARGET,TARGET,TARGET,TARGET
12886,2026-08-10 17:05:30.624,-1,7769.25,EMA24,6,4632,False,STOP,STOP,STOP,STOP,STOP,STOP,STOP,STOP,STOP,STOP
12898,2026-08-10 17:16:46.796,1,7775.25,EMA8,6,6208,False,STOP,STOP,STOP,STOP,STOP,STOP,STOP,TARGET,TARGET,TARGET
12906,2026-08-10 17:24:47.464,1,7776.0,EMA8,6,674,False,TARGET,TARGET,TARGET,TARGET,TARGET,TARGET,TARGET,TARGET,TARGET,TARGET
12923,2026-08-10 18:13:18.792,1,7784.0,PIN,6,612,False,STOP,TARGET,TARGET,TARGET,TARGET,TARGET,TARGET,TARGET,TARGET,TARGET
12927,2026-08-10 18:20:21.252,1,7784.0,EMA8,6,2278,False,TARGET,TARGET,TARGET,TARGET,TARGET,TARGET,TARGET,TARGET,TARGET,TARGET
12931,2026-08-10 18:28:13.296,1,7785.0,EMA8,6,21761,False,STOP,STOP,STOP,STOP,STOP,STOP,TARGET,TARGET,TARGET,TARGET
12937,2026-08-10 18:46:01.380,1,7784.75,EMA8,6,2672,False,STOP,STOP,STOP,TARGET,TARGET,TARGET,TARGET,TARGET,TARGET,TARGET
12943,2026-08-10 19:04:56.688,1,7784.0,EMA24,6,16679,False,STOP,STOP,STOP,STOP,STOP,TARGET,TARGET,TARGET,TARGET,TARGET
12952,2026-08-10 20:02:31.608,1,7785.25,EMA24,6,1288,False,TARGET,TARGET,TARGET,TARGET,TARGET,TARGET,TARGET,TARGET,TARGET,TARGET
12957,2026-08-10 20:37:34.452,1,7788.0,EMA8,6,23077,False,STOP,STOP,STOP,STOP,STOP,STOP,TARGET,TARGET,TARGET,TARGET
12963,2026-08-10 21:28:55.432,1,7788.0,EMA8,6,1665,False,STOP,STOP,TARGET,TARGET,TARGET,TARGET,TARGET,TARGET,TARGET,TARGET
13001,2026-08-10 23:35:47.640,-1,7772.5,EMA8,6,2646,False,STOP,STOP,STOP,STOP,STOP,STOP,STOP,STOP,STOP,STOP
13019,2026-08-11 00:02:07.132,-1,7776.25,EMA50,6,905,False,TARGET,TARGET,TARGET,TARGET,TARGET,TARGET,TARGET,TARGET,TARGET,TARGET
13076,2026-08-11 01:29:21.392,-1,7773.5,EMA24+EMA50,6,2760,False,STOP,STOP,STOP,STOP,TARGET,TARGET,TARGET,TARGET,TARGET,TARGET
13108,2026-08-11 02:27:21.016,1,7776.25,EMA50,6,2265,False,STOP,STOP,STOP,STOP,STOP,TARGET,TARGET,TARGET,TARGET,TARGET
13119,2026-08-11 02:47:49.892,1,7779.5,EMA8,6,8404,False,STOP,STOP,STOP,STOP,STOP,STOP,STOP,STOP,STOP,STOP
13123,2026-08-11 03:08:22.368,1,7777.25,EMA50,6,6398,False,STOP,STOP,STOP,STOP,STOP,STOP,STOP,TARGET,TARGET,TARGET
13131,2026-08-11 03:24:40.632,1,7782.75,PIN,6,1293,False,STOP,STOP,STOP,STOP,TARGET,TARGET,TARGET,TARGET,TARGET,TARGET
13158,2026-08-11 04:01:17.904,1,7791.5,EMA8,6,2802,False,STOP,STOP,STOP,STOP,STOP,TARGET,TARGET,TARGET,TARGET,TARGET
13160,2026-08-11 04:01:24.868,1,7791.5,EMA8,6,1923,False,STOP,STOP,STOP,STOP,TARGET,TARGET,TARGET,TARGET,TARGET,TARGET
13163,2026-08-11 04:01:31.296,1,7791.75,EMA8,6,702,False,TARGET,TARGET,TARGET,TARGET,TARGET,TARGET,TARGET,TARGET,TARGET,TARGET
13169,2026-08-11 04:01:49.488,1,7794.0,EMA8,6,3968,False,STOP,STOP,STOP,STOP,STOP,STOP,STOP,STOP,STOP,STOP
13171,2026-08-11 04:02:08.048,1,7793.5,EMA8,6,3603,False,STOP,STOP,STOP,STOP,STOP,STOP,STOP,STOP,STOP,TARGET
13175,2026-08-11 04:02:41.520,1,7792.5,EMA24,6,652,False,TARGET,TARGET,TARGET,TARGET,TARGET,TARGET,TARGET,TARGET,TARGET,TARGET
13214,2026-08-11 04:31:50.592,-1,7788.0,EMA8,6,505,False,STOP,STOP,TARGET,TARGET,TARGET,TARGET,TARGET,TARGET,TARGET,TARGET
13227,2026-08-11 04:56:36.496,-1,7789.5,EMA50,6,1298,False,TARGET,TARGET,TARGET,TARGET,TARGET,TARGET,TARGET,TARGET,TARGET,TARGET
13229,2026-08-11 05:01:05.976,-1,7788.5,EMA50,6,5359,False,STOP,STOP,STOP,STOP,STOP,STOP,STOP,STOP,STOP,STOP
13240,2026-08-11 05:21:17.656,1,7793.75,EMA8,6,940,False,STOP,STOP,STOP,STOP,STOP,STOP,STOP,STOP,STOP,STOP
13262,2026-08-11 05:30:05.116,-1,7787.75,EMA24,6,532,False,TARGET,TARGET,TARGET,TARGET,TARGET,TARGET,TARGET,TARGET,TARGET,TARGET
13309,2026-08-11 06:30:39.904,-1,7786.75,EMA8,6,2520,False,STOP,TARGET,TARGET,TARGET,TARGET,TARGET,TARGET,TARGET,TARGET,TARGET
13319,2026-08-11 06:31:41.036,-1,7783.0,EMA8,6,1222,False,STOP,TARGET,TARGET,TARGET,TARGET,TARGET,TARGET,TARGET,TARGET,TARGET
13322,2026-08-11 06:31:59.108,-1,7782.25,EMA8,6,5263,False,STOP,STOP,STOP,STOP,TARGET,TARGET,TARGET,TARGET,TARGET,TARGET
13324,2026-08-11 06:32:15.448,-1,7782.0,EMA8,6,312,False,TARGET,TARGET,TARGET,TARGET,TARGET,TARGET,TARGET,TARGET,TARGET,TARGET
13329,2026-08-11 06:32:42.888,-1,7780.5,EMA8,6,17500,False,STOP,STOP,STOP,STOP,STOP,STOP,STOP,STOP,STOP,TARGET
13341,2026-08-11 06:35:10.428,-1,7779.5,EMA8,6,3552,False,STOP,STOP,STOP,TARGET,TARGET,TARGET,TARGET,TARGET,TARGET,TARGET
13351,2026-08-11 06:36:56.020,-1,7778.75,EMA24,6,7798,False,STOP,STOP,STOP,STOP,STOP,STOP,STOP,STOP,STOP,STOP
13423,2026-08-11 06:50:17.932,-1,7775.25,EMA50,6,7232,False,STOP,STOP,STOP,STOP,STOP,STOP,TARGET,TARGET,TARGET,TARGET
13432,2026-08-11 06:52:12.004,-1,7773.25,EMA24,6,9856,False,STOP,STOP,STOP,STOP,STOP,STOP,STOP,STOP,STOP,STOP
13576,2026-08-11 07:40:32.620,-1,7780.0,EMA24,6,9153,False,STOP,STOP,STOP,STOP,STOP,STOP,STOP,STOP,STOP,STOP
13645,2026-08-11 08:15:04.584,-1,7772.0,EMA8,6,2674,False,STOP,STOP,TARGET,TARGET,TARGET,TARGET,TARGET,TARGET,TARGET,TARGET
13648,2026-08-11 08:16:58.816,-1,7771.0,EMA8,6,7013,False,STOP,STOP,STOP,STOP,STOP,STOP,TARGET,TARGET,TARGET,TARGET
13650,2026-08-11 08:17:31.544,-1,7771.25,EMA8,6,3477,False,STOP,STOP,TARGET,TARGET,TARGET,TARGET,TARGET,TARGET,TARGET,TARGET
13684,2026-08-11 08:34:40.572,-1,7766.5,EMA8,6,1248,False,TARGET,TARGET,TARGET,TARGET,TARGET,TARGET,TARGET,TARGET,TARGET,TARGET
13691,2026-08-11 08:35:48.444,-1,7765.5,EMA8,6,11489,False,STOP,STOP,STOP,STOP,STOP,TARGET,TARGET,TARGET,TARGET,TARGET
13777,2026-08-11 09:30:14.812,-1,7763.25,EMA24,6,4523,False,STOP,STOP,STOP,STOP,TARGET,TARGET,TARGET,TARGET,TARGET,TARGET
13787,2026-08-11 09:40:09.144,-1,7763.25,EMA50,6,2939,False,STOP,TARGET,TARGET,TARGET,TARGET,TARGET,TARGET,TARGET,TARGET,TARGET
13797,2026-08-11 09:50:22.352,-1,7759.75,EMA8,6,9836,False,STOP,STOP,TARGET,TARGET,TARGET,TARGET,TARGET,TARGET,TARGET,TARGET
13800,2026-08-11 09:53:13.532,-1,7759.0,EMA8,6,7580,False,STOP,STOP,STOP,TARGET,TARGET,TARGET,TARGET,TARGET,TARGET,TARGET
13806,2026-08-11 10:00:18.500,-1,7756.75,EMA8,6,1057,False,TARGET,TARGET,TARGET,TARGET,TARGET,TARGET,TARGET,TARGET,TARGET,TARGET
13812,2026-08-11 10:04:33.760,-1,7754.75,EMA8,6,1226,False,TARGET,TARGET,TARGET,TARGET,TARGET,TARGET,TARGET,TARGET,TARGET,TARGET
13821,2026-08-11 10:12:06.584,-1,7750.0,PIN,6,4806,False,STOP,STOP,TARGET,TARGET,TARGET,TARGET,TARGET,TARGET,TARGET,TARGET
13822,2026-08-11 10:13:08.660,-1,7749.25,PIN,6,6634,False,STOP,STOP,STOP,STOP,STOP,STOP,STOP,TARGET,TARGET,TARGET
13829,2026-08-11 10:16:03.904,-1,7749.0,EMA8,6,5853,False,STOP,STOP,STOP,STOP,STOP,STOP,STOP,STOP,STOP,STOP
13871,2026-08-11 10:50:13.500,1,7758.0,EMA8,6,25671,False,STOP,STOP,STOP,STOP,STOP,STOP,STOP,STOP,STOP,STOP
13873,2026-08-11 10:54:10.888,1,7758.25,EMA8,6,18393,False,STOP,STOP,STOP,STOP,STOP,STOP,STOP,STOP,STOP,STOP
13875,2026-08-11 10:56:36.160,1,7757.75,EMA8,6,13900,False,STOP,STOP,STOP,STOP,STOP,STOP,STOP,STOP,STOP,STOP
13910,2026-08-11 11:29:04.884,-1,7744.25,PIN,6,4269,False,STOP,STOP,STOP,TARGET,TARGET,TARGET,TARGET,TARGET,TARGET,TARGET
13916,2026-08-11 11:29:56.236,-1,7739.75,PIN,6,4467,False,STOP,STOP,STOP,STOP,STOP,STOP,STOP,STOP,STOP,STOP
13929,2026-08-11 11:37:46.672,-1,7746.75,EMA50,6,583,False,TARGET,TARGET,TARGET,TARGET,TARGET,TARGET,TARGET,TARGET,TARGET,TARGET
13961,2026-08-11 12:06:52.116,-1,7745.75,EMA50,6,1232,False,TARGET,TARGET,TARGET,TARGET,TARGET,TARGET,TARGET,TARGET,TARGET,TARGET
13985,2026-08-11 12:36:35.848,1,7754.0,EMA8,6,988,False,TARGET,TARGET,TARGET,TARGET,TARGET,TARGET,TARGET,TARGET,TARGET,TARGET
13995,2026-08-11 12:46:08.832,1,7751.25,EMA50,6,8220,False,STOP,STOP,STOP,STOP,STOP,STOP,STOP,STOP,STOP,STOP
13997,2026-08-11 12:46:39.000,1,7751.25,EMA50,6,6290,False,STOP,STOP,STOP,STOP,STOP,STOP,STOP,STOP,STOP,STOP
14018,2026-08-11 12:54:13.412,-1,7745.25,EMA8,6,1983,False,STOP,STOP,STOP,STOP,STOP,STOP,STOP,STOP,STOP,STOP
14175,2026-08-11 18:30:09.708,-1,7750.5,EMA24,6,23973,False,STOP,STOP,STOP,STOP,STOP,STOP,STOP,STOP,STOP,TARGET
14200,2026-08-11 21:22:09.256,1,7755.75,EMA8,6,9029,False,STOP,STOP,STOP,STOP,STOP,TARGET,TARGET,TARGET,TARGET,TARGET
14236,2026-08-12 00:27:41.740,1,7758.75,EMA24,6,4157,False,STOP,STOP,STOP,TARGET,TARGET,TARGET,TARGET,TARGET,TARGET,TARGET
14255,2026-08-12 01:39:19.192,1,7759.5,EMA50,6,2163,False,TARGET,TARGET,TARGET,TARGET,TARGET,TARGET,TARGET,TARGET,TARGET,TARGET
14351,2026-08-12 05:00:44.812,1,7770.5,EMA8,6,1169,False,STOP,TARGET,TARGET,TARGET,TARGET,TARGET,TARGET,TARGET,TARGET,TARGET
14356,2026-08-12 05:08:22.476,1,7769.5,EMA24,6,5829,False,STOP,STOP,STOP,STOP,TARGET,TARGET,TARGET,TARGET,TARGET,TARGET
14380,2026-08-12 05:29:47.496,1,7779.25,EMA8,6,282,False,STOP,STOP,TARGET,TARGET,TARGET,TARGET,TARGET,TARGET,TARGET,TARGET
14383,2026-08-12 05:29:50.296,1,7780.0,EMA8,6,21,False,TARGET,TARGET,TARGET,TARGET,TARGET,TARGET,TARGET,TARGET,TARGET,TARGET
14389,2026-08-12 05:29:54.112,1,7779.25,EMA24,6,3,True,TARGET,TARGET,TARGET,TARGET,TARGET,TARGET,TARGET,TARGET,TARGET,TARGET
14393,2026-08-12 05:29:55.908,1,7780.75,EMA8,6,63,False,STOP,STOP,STOP,STOP,STOP,TARGET,TARGET,TARGET,TARGET,TARGET
14441,2026-08-12 05:30:01.200,1,7785.25,EMA8,6,379,True,STOP,STOP,STOP,STOP,STOP,STOP,STOP,STOP,STOP,STOP
14446,2026-08-12 05:30:01.440,1,7784.25,EMA24,6,391,True,STOP,STOP,STOP,STOP,STOP,STOP,STOP,STOP,STOP,STOP
14485,2026-08-12 05:30:04.852,-1,7780.0,EMA24,6,47,True,STOP,STOP,STOP,TARGET,TARGET,TARGET,TARGET,TARGET,TARGET,TARGET
14506,2026-08-12 05:30:05.748,-1,7776.0,EMA8,6,274,True,STOP,STOP,STOP,STOP,TARGET,TARGET,TARGET,TARGET,TARGET,TARGET
14515,2026-08-12 05:30:06.092,-1,7775.75,EMA24,6,1,True,TARGET,TARGET,TARGET,TARGET,TARGET,TARGET,TARGET,TARGET,TARGET,TARGET
14523,2026-08-12 05:30:07.036,-1,7768.75,PIN,6,91,True,STOP,STOP,STOP,STOP,STOP,TARGET,TARGET,TARGET,TARGET,TARGET
14527,2026-08-12 05:30:07.488,-1,7766.75,PIN,6,1,True,STOP,STOP,STOP,STOP,STOP,STOP,STOP,STOP,STOP,STOP
14534,2026-08-12 05:30:08.320,-1,7767.25,EMA8,6,193,True,STOP,STOP,STOP,STOP,STOP,STOP,STOP,STOP,NONE,NONE
14572,2026-08-12 05:30:12.388,-1,7764.25,EMA8,6,1,True,TARGET,TARGET,TARGET,TARGET,TARGET,TARGET,TARGET,TARGET,TARGET,TARGET
14575,2026-08-12 05:30:12.536,-1,7763.25,EMA8,6,251,True,STOP,STOP,STOP,STOP,STOP,STOP,STOP,STOP,STOP,STOP
14579,2026-08-12 05:30:12.944,-1,7762.25,EMA8,6,214,False,STOP,STOP,STOP,STOP,STOP,STOP,STOP,STOP,STOP,STOP
14602,2026-08-12 05:30:30.732,1,7771.0,EMA8,6,820,False,STOP,STOP,STOP,STOP,STOP,TARGET,TARGET,TARGET,TARGET,TARGET
14604,2026-08-12 05:30:32.584,1,7771.0,EMA8,6,583,False,STOP,STOP,STOP,STOP,TARGET,TARGET,TARGET,TARGET,TARGET,TARGET
14606,2026-08-12 05:30:37.944,1,7771.25,EMA8,6,169,False,STOP,STOP,TARGET,TARGET,TARGET,TARGET,TARGET,TARGET,TARGET,TARGET
14614,2026-08-12 05:30:57.672,1,7770.25,EMA50,6,557,False,STOP,STOP,TARGET,TARGET,TARGET,TARGET,TARGET,TARGET,TARGET,TARGET
14621,2026-08-12 05:31:15.640,1,7769.5,EMA50,6,287,False,TARGET,TARGET,TARGET,TARGET,TARGET,TARGET,TARGET,TARGET,TARGET,TARGET
14636,2026-08-12 05:32:13.112,1,7777.75,PIN,6,2884,True,STOP,STOP,STOP,STOP,STOP,STOP,STOP,STOP,TARGET,TARGET
14638,2026-08-12 05:32:26.656,1,7777.0,EMA8,6,1836,False,STOP,STOP,TARGET,TARGET,TARGET,TARGET,TARGET,TARGET,TARGET,TARGET
14647,2026-08-12 05:33:44.632,1,7778.0,EMA8,6,323,False,TARGET,TARGET,TARGET,TARGET,TARGET,TARGET,TARGET,TARGET,TARGET,TARGET
14723,2026-08-12 06:10:36.552,1,7785.75,EMA24,6,8291,False,STOP,STOP,STOP,STOP,STOP,TARGET,TARGET,TARGET,TARGET,TARGET
14742,2026-08-12 06:29:54.312,1,7792.25,EMA8,6,738,False,STOP,STOP,STOP,TARGET,TARGET,TARGET,TARGET,TARGET,TARGET,TARGET
14765,2026-08-12 06:31:20.752,-1,7778.5,PIN,6,1978,False,STOP,STOP,TARGET,TARGET,TARGET,TARGET,TARGET,TARGET,TARGET,TARGET
14766,2026-08-12 06:31:26.692,-1,7777.75,PIN,6,2239,False,STOP,TARGET,TARGET,TARGET,TARGET,TARGET,TARGET,TARGET,TARGET,TARGET
14782,2026-08-12 06:33:10.604,-1,7773.75,EMA8,6,9015,False,STOP,STOP,STOP,STOP,STOP,STOP,STOP,STOP,STOP,STOP
14787,2026-08-12 06:33:51.856,-1,7776.25,EMA24,6,767,False,STOP,TARGET,TARGET,TARGET,TARGET,TARGET,TARGET,TARGET,TARGET,TARGET
14850,2026-08-12 06:42:02.528,-1,7773.75,EMA50,6,26383,False,STOP,STOP,STOP,STOP,STOP,STOP,STOP,STOP,STOP,TARGET
14928,2026-08-12 06:54:17.180,-1,7773.5,EMA24,6,1365,False,STOP,STOP,TARGET,TARGET,TARGET,TARGET,TARGET,TARGET,TARGET,TARGET
14933,2026-08-12 06:54:57.680,-1,7771.0,EMA8,6,4379,False,STOP,STOP,TARGET,TARGET,TARGET,TARGET,TARGET,TARGET,TARGET,TARGET
14936,2026-08-12 06:55:24.808,-1,7770.25,EMA8,6,3855,False,STOP,STOP,STOP,STOP,TARGET,TARGET,TARGET,TARGET,TARGET,TARGET
14951,2026-08-12 06:58:10.316,-1,7768.5,EMA24,6,2582,False,STOP,STOP,STOP,STOP,STOP,STOP,STOP,STOP,STOP,STOP
15094,2026-08-12 07:31:10.180,-1,7763.25,EMA8,6,1,True,TARGET,TARGET,TARGET,TARGET,TARGET,TARGET,TARGET,TARGET,TARGET,TARGET
15096,2026-08-12 07:31:10.232,-1,7763.5,EMA8,6,1,True,TARGET,TARGET,TARGET,TARGET,TARGET,TARGET,TARGET,TARGET,TARGET,TARGET
15098,2026-08-12 07:31:10.312,-1,7763.0,EMA8,6,1,True,TARGET,TARGET,TARGET,TARGET,TARGET,TARGET,TARGET,TARGET,TARGET,TARGET
15139,2026-08-12 07:31:20.008,1,7768.0,EMA24,6,5135,False,STOP,STOP,TARGET,TARGET,TARGET,TARGET,TARGET,TARGET,TARGET,TARGET
15148,2026-08-12 07:32:03.888,1,7770.25,EMA8,6,4136,False,STOP,STOP,STOP,STOP,STOP,STOP,STOP,STOP,STOP,STOP
15182,2026-08-12 07:39:18.036,1,7770.5,EMA24,6,5375,False,STOP,STOP,STOP,STOP,TARGET,TARGET,TARGET,TARGET,TARGET,TARGET
15196,2026-08-12 07:43:43.552,1,7774.0,EMA8,6,673,False,TARGET,TARGET,TARGET,TARGET,TARGET,TARGET,TARGET,TARGET,TARGET,TARGET
15226,2026-08-12 07:53:06.900,-1,7768.25,EMA24,6,381,False,TARGET,TARGET,TARGET,TARGET,TARGET,TARGET,TARGET,TARGET,TARGET,TARGET
15240,2026-08-12 07:56:17.312,-1,7766.0,EMA24,6,765,False,TARGET,TARGET,TARGET,TARGET,TARGET,TARGET,TARGET,TARGET,TARGET,TARGET
15248,2026-08-12 07:58:42.032,-1,7766.75,EMA50,6,18378,False,STOP,STOP,STOP,STOP,STOP,TARGET,TARGET,TARGET,TARGET,TARGET
15258,2026-08-12 08:01:42.860,-1,7765.5,EMA24,6,9266,False,STOP,STOP,STOP,STOP,STOP,STOP,STOP,TARGET,TARGET,TARGET
15260,2026-08-12 08:02:19.528,-1,7766.0,EMA50,6,2936,False,STOP,STOP,TARGET,TARGET,TARGET,TARGET,TARGET,TARGET,TARGET,TARGET
15329,2026-08-12 08:26:46.404,-1,7763.75,EMA50,6,14100,False,STOP,STOP,STOP,STOP,STOP,STOP,STOP,STOP,STOP,STOP
15331,2026-08-12 08:27:09.252,-1,7763.5,EMA50,6,10946,False,STOP,STOP,STOP,STOP,STOP,STOP,STOP,STOP,STOP,STOP
15335,2026-08-12 08:28:09.564,-1,7763.5,EMA50,6,4338,False,STOP,STOP,STOP,STOP,STOP,STOP,STOP,STOP,STOP,STOP
15400,2026-08-12 09:08:23.416,1,7765.75,EMA24,6,958,False,TARGET,TARGET,TARGET,TARGET,TARGET,TARGET,TARGET,TARGET,TARGET,TARGET
15411,2026-08-12 09:18:13.884,1,7770.0,EMA8,6,21169,False,STOP,STOP,STOP,STOP,STOP,STOP,STOP,STOP,STOP,TARGET
15414,2026-08-12 09:21:26.460,1,7769.0,EMA24,6,3591,False,STOP,TARGET,TARGET,TARGET,TARGET,TARGET,TARGET,TARGET,TARGET,TARGET
15518,2026-08-12 11:48:22.108,1,7779.75,EMA8,6,4075,False,STOP,TARGET,TARGET,TARGET,TARGET,TARGET,TARGET,TARGET,TARGET,TARGET
15553,2026-08-12 12:45:32.068,-1,7773.5,EMA24+EMA50,6,1516,False,STOP,TARGET,TARGET,TARGET,TARGET,TARGET,TARGET,TARGET,TARGET,TARGET
15570,2026-08-12 12:54:50.036,-1,7767.5,EMA8,6,1388,False,STOP,STOP,TARGET,TARGET,TARGET,TARGET,TARGET,TARGET,TARGET,TARGET
15620,2026-08-12 13:55:17.156,-1,7767.75,EMA8,6,2195,False,STOP,TARGET,TARGET,TARGET,TARGET,TARGET,TARGET,TARGET,TARGET,TARGET
15624,2026-08-12 15:00:01.024,-1,7769.25,EMA24,6,5341,True,STOP,STOP,STOP,STOP,STOP,STOP,STOP,STOP,STOP,NONE
15626,2026-08-12 15:00:01.916,-1,7769.5,EMA50,6,5721,False,STOP,STOP,STOP,STOP,STOP,STOP,STOP,STOP,TARGET,TARGET
15630,2026-08-12 15:00:59.380,-1,7769.75,EMA50,6,4898,False,STOP,STOP,STOP,STOP,STOP,STOP,TARGET,TARGET,TARGET,TARGET
15727,2026-08-12 21:23:50.888,1,7773.25,EMA24,6,532,False,TARGET,TARGET,TARGET,TARGET,TARGET,TARGET,TARGET,TARGET,TARGET,TARGET
15732,2026-08-12 21:45:43.356,1,7775.75,EMA8,6,1659,False,STOP,TARGET,TARGET,TARGET,TARGET,TARGET,TARGET,TARGET,TARGET,TARGET
15741,2026-08-12 22:34:54.164,1,7779.5,EMA8,6,12042,False,STOP,STOP,STOP,STOP,STOP,STOP,STOP,STOP,STOP,STOP
15797,2026-08-13 01:41:48.760,1,7781.5,EMA8,6,4264,False,STOP,STOP,TARGET,TARGET,TARGET,TARGET,TARGET,TARGET,TARGET,TARGET
15819,2026-08-13 03:30:40.920,1,7784.25,EMA8,6,5263,False,STOP,STOP,STOP,TARGET,TARGET,TARGET,TARGET,TARGET,TARGET,TARGET
15824,2026-08-13 04:06:59.640,1,7785.25,EMA8,6,7669,False,STOP,STOP,STOP,STOP,STOP,STOP,STOP,STOP,STOP,STOP
15827,2026-08-13 04:29:18.592,1,7784.0,EMA24,6,1353,False,STOP,STOP,TARGET,TARGET,TARGET,TARGET,TARGET,TARGET,TARGET,TARGET
15869,2026-08-13 05:30:01.288,1,7786.75,EMA24,6,15,True,TARGET,TARGET,TARGET,TARGET,TARGET,TARGET,TARGET,TARGET,TARGET,TARGET
15905,2026-08-13 05:30:03.268,1,7788.0,EMA50,6,307,True,STOP,STOP,STOP,STOP,TARGET,TARGET,TARGET,TARGET,TARGET,TARGET
15960,2026-08-13 06:07:54.664,1,7791.5,PIN,6,14485,False,STOP,STOP,STOP,STOP,STOP,STOP,TARGET,TARGET,TARGET,TARGET
15971,2026-08-13 06:25:51.220,1,7792.0,EMA8,6,5191,False,STOP,STOP,TARGET,TARGET,TARGET,TARGET,TARGET,TARGET,TARGET,TARGET
15974,2026-08-13 06:30:01.524,1,7792.5,EMA8,6,1,True,TARGET,TARGET,TARGET,TARGET,TARGET,TARGET,TARGET,TARGET,TARGET,TARGET
15979,2026-08-13 06:30:05.564,1,7791.0,EMA24,6,1197,False,STOP,STOP,STOP,STOP,STOP,STOP,STOP,STOP,STOP,STOP
16005,2026-08-13 06:32:49.272,1,7790.5,EMA50,6,1916,False,STOP,STOP,TARGET,TARGET,TARGET,TARGET,TARGET,TARGET,TARGET,TARGET
16016,2026-08-13 06:34:21.652,1,7795.5,EMA8,6,1079,False,TARGET,TARGET,TARGET,TARGET,TARGET,TARGET,TARGET,TARGET,TARGET,TARGET
16037,2026-08-13 06:39:21.008,1,7806.5,EMA8,6,1580,False,STOP,STOP,TARGET,TARGET,TARGET,TARGET,TARGET,TARGET,TARGET,TARGET
16068,2026-08-13 06:47:17.840,1,7810.75,PIN,6,2645,False,TARGET,TARGET,TARGET,TARGET,TARGET,TARGET,TARGET,TARGET,TARGET,TARGET
16070,2026-08-13 06:47:47.660,1,7812.5,PIN,6,3955,False,STOP,TARGET,TARGET,TARGET,TARGET,TARGET,TARGET,TARGET,TARGET,TARGET
16072,2026-08-13 06:48:28.216,1,7814.0,PIN,6,14555,False,STOP,STOP,STOP,STOP,STOP,STOP,STOP,STOP,STOP,STOP
16075,2026-08-13 06:49:20.696,1,7813.0,EMA8,6,3399,False,STOP,STOP,STOP,TARGET,TARGET,TARGET,TARGET,TARGET,TARGET,TARGET
16082,2026-08-13 06:51:22.004,1,7813.5,EMA8,6,1483,False,STOP,TARGET,TARGET,TARGET,TARGET,TARGET,TARGET,TARGET,TARGET,TARGET
16089,2026-08-13 06:53:31.252,1,7814.25,EMA8,6,7691,False,STOP,STOP,STOP,STOP,TARGET,TARGET,TARGET,TARGET,TARGET,TARGET
16098,2026-08-13 06:58:10.324,1,7819.25,PIN,6,1930,False,TARGET,TARGET,TARGET,TARGET,TARGET,TARGET,TARGET,TARGET,TARGET,TARGET
16104,2026-08-13 07:01:09.296,1,7824.75,PIN,6,8785,False,STOP,STOP,STOP,STOP,STOP,STOP,TARGET,TARGET,TARGET,TARGET
16111,2026-08-13 07:04:44.408,1,7825.5,EMA8,6,1305,False,TARGET,TARGET,TARGET,TARGET,TARGET,TARGET,TARGET,TARGET,TARGET,TARGET
16122,2026-08-13 07:08:55.156,1,7825.0,EMA24,6,841,False,TARGET,TARGET,TARGET,TARGET,TARGET,TARGET,TARGET,TARGET,TARGET,TARGET
16132,2026-08-13 07:15:52.120,1,7829.75,EMA8,6,3444,False,STOP,STOP,STOP,STOP,STOP,STOP,STOP,STOP,STOP,STOP
16156,2026-08-13 07:25:26.124,1,7835.25,EMA8,6,16100,False,STOP,STOP,STOP,STOP,STOP,STOP,TARGET,TARGET,TARGET,TARGET
16159,2026-08-13 07:27:01.668,1,7835.5,EMA8,6,8148,False,STOP,STOP,STOP,STOP,STOP,STOP,STOP,TARGET,TARGET,TARGET
16173,2026-08-13 07:35:26.280,1,7837.0,EMA8,6,533,False,TARGET,TARGET,TARGET,TARGET,TARGET,TARGET,TARGET,TARGET,TARGET,TARGET
16195,2026-08-13 07:47:27.768,-1,7827.5,EMA8,6,290,False,TARGET,TARGET,TARGET,TARGET,TARGET,TARGET,TARGET,TARGET,TARGET,TARGET
16200,2026-08-13 07:49:10.108,-1,7822.5,PIN,6,152,False,TARGET,TARGET,TARGET,TARGET,TARGET,TARGET,TARGET,TARGET,TARGET,TARGET
16202,2026-08-13 07:49:21.080,-1,7820.25,PIN,6,8040,False,STOP,STOP,STOP,STOP,STOP,STOP,STOP,STOP,STOP,STOP
16206,2026-08-13 07:50:03.240,-1,7821.25,EMA8,6,4209,False,STOP,STOP,STOP,STOP,STOP,STOP,STOP,STOP,STOP,STOP
16233,2026-08-13 07:58:27.352,-1,7822.25,EMA50,6,18640,False,STOP,STOP,STOP,STOP,STOP,STOP,STOP,STOP,STOP,STOP
16256,2026-08-13 08:06:11.892,-1,7819.25,EMA8,6,471,False,TARGET,TARGET,TARGET,TARGET,TARGET,TARGET,TARGET,TARGET,TARGET,TARGET
16262,2026-08-13 08:07:47.880,-1,7817.5,EMA8,6,1626,False,STOP,TARGET,TARGET,TARGET,TARGET,TARGET,TARGET,TARGET,TARGET,TARGET
16274,2026-08-13 08:11:27.556,-1,7816.75,EMA24,6,6917,False,STOP,STOP,STOP,STOP,STOP,TARGET,TARGET,TARGET,TARGET,TARGET
16302,2026-08-13 08:21:45.352,-1,7815.75,EMA50,6,3022,False,STOP,STOP,TARGET,TARGET,TARGET,TARGET,TARGET,TARGET,TARGET,TARGET
16323,2026-08-13 08:28:33.828,-1,7808.0,EMA8,6,845,False,TARGET,TARGET,TARGET,TARGET,TARGET,TARGET,TARGET,TARGET,TARGET,TARGET
16338,2026-08-13 08:30:59.532,-1,7806.0,EMA24,6,13134,False,STOP,STOP,STOP,STOP,STOP,STOP,TARGET,TARGET,TARGET,TARGET
16352,2026-08-13 08:35:54.508,-1,7804.5,EMA24,6,2263,False,STOP,TARGET,TARGET,TARGET,TARGET,TARGET,TARGET,TARGET,TARGET,TARGET
16357,2026-08-13 08:36:49.628,-1,7803.75,EMA24,6,4132,False,STOP,STOP,STOP,TARGET,TARGET,TARGET,TARGET,TARGET,TARGET,TARGET
16410,2026-08-13 09:01:12.468,-1,7800.5,EMA24,6,5855,False,STOP,STOP,STOP,STOP,STOP,STOP,STOP,STOP,STOP,STOP
16459,2026-08-13 09:38:54.880,1,7809.75,EMA8,6,3024,False,STOP,STOP,STOP,STOP,STOP,STOP,STOP,STOP,STOP,STOP
16473,2026-08-13 09:55:40.020,1,7811.25,EMA8,6,9038,False,STOP,STOP,STOP,STOP,TARGET,TARGET,TARGET,TARGET,TARGET,TARGET
16475,2026-08-13 09:58:23.908,1,7811.5,EMA8,6,2945,False,STOP,STOP,TARGET,TARGET,TARGET,TARGET,TARGET,TARGET,TARGET,TARGET
16486,2026-08-13 10:11:03.052,1,7817.0,EMA8,6,15943,False,STOP,STOP,STOP,STOP,STOP,STOP,STOP,TARGET,TARGET,TARGET
16488,2026-08-13 10:15:05.032,1,7816.5,EMA8,6,1849,False,TARGET,TARGET,TARGET,TARGET,TARGET,TARGET,TARGET,TARGET,TARGET,TARGET
16491,2026-08-13 10:18:45.200,1,7817.25,EMA8,6,1362,False,STOP,TARGET,TARGET,TARGET,TARGET,TARGET,TARGET,TARGET,TARGET,TARGET
16498,2026-08-13 10:28:15.736,1,7816.75,EMA24,6,11258,False,STOP,STOP,STOP,STOP,STOP,STOP,STOP,STOP,STOP,STOP
16561,2026-08-13 12:00:25.748,1,7822.5,EMA8,6,3307,False,TARGET,TARGET,TARGET,TARGET,TARGET,TARGET,TARGET,TARGET,TARGET,TARGET
16564,2026-08-13 12:05:25.360,1,7823.75,EMA8,6,853,False,TARGET,TARGET,TARGET,TARGET,TARGET,TARGET,TARGET,TARGET,TARGET,TARGET
16577,2026-08-13 12:17:46.332,1,7824.0,EMA24,6,2590,False,TARGET,TARGET,TARGET,TARGET,TARGET,TARGET,TARGET,TARGET,TARGET,TARGET
16585,2026-08-13 12:27:53.456,1,7826.0,EMA24,6,8599,False,STOP,STOP,STOP,STOP,STOP,STOP,TARGET,TARGET,TARGET,TARGET
16615,2026-08-13 12:54:40.028,-1,7821.0,EMA50,6,2127,False,STOP,TARGET,TARGET,TARGET,TARGET,TARGET,TARGET,TARGET,TARGET,TARGET
16679,2026-08-13 15:17:24.244,1,7824.75,EMA24,6,289,False,TARGET,TARGET,TARGET,TARGET,TARGET,TARGET,TARGET,TARGET,TARGET,TARGET
16685,2026-08-13 16:07:07.784,1,7824.75,EMA50,6,410,False,TARGET,TARGET,TARGET,TARGET,TARGET,TARGET,TARGET,TARGET,TARGET,TARGET
16690,2026-08-13 16:27:11.944,1,7826.25,EMA24,6,18181,False,STOP,STOP,STOP,STOP,TARGET,TARGET,TARGET,TARGET,TARGET,TARGET
16713,2026-08-13 18:11:32.792,-1,7821.75,EMA8,6,2073,False,TARGET,TARGET,TARGET,TARGET,TARGET,TARGET,TARGET,TARGET,TARGET,TARGET
16721,2026-08-13 18:54:01.648,-1,7823.5,EMA50,6,9333,False,STOP,STOP,STOP,STOP,STOP,STOP,STOP,STOP,STOP,STOP
16782,2026-08-14 02:02:39.664,1,7826.0,EMA24,6,6911,False,STOP,STOP,STOP,STOP,STOP,TARGET,TARGET,TARGET,TARGET,TARGET
16796,2026-08-14 03:34:00.084,1,7827.75,EMA8,6,9353,False,STOP,STOP,STOP,STOP,STOP,STOP,STOP,STOP,TARGET,TARGET
16844,2026-08-14 05:45:07.272,1,7829.25,EMA24,6,947,False,STOP,TARGET,TARGET,TARGET,TARGET,TARGET,TARGET,TARGET,TARGET,TARGET
16853,2026-08-14 06:05:59.276,1,7829.75,EMA50,6,6653,False,STOP,STOP,STOP,STOP,STOP,STOP,STOP,STOP,STOP,STOP
16885,2026-08-14 06:31:24.252,-1,7823.0,EMA8,6,3145,False,TARGET,TARGET,TARGET,TARGET,TARGET,TARGET,TARGET,TARGET,TARGET,TARGET
16914,2026-08-14 06:40:04.108,-1,7821.75,EMA24,6,18855,False,STOP,STOP,STOP,STOP,STOP,STOP,STOP,STOP,STOP,STOP
16964,2026-08-14 06:57:02.144,1,7826.5,EMA50,6,7375,False,STOP,STOP,STOP,STOP,STOP,STOP,STOP,STOP,STOP,STOP
16999,2026-08-14 07:09:12.716,1,7829.5,EMA8,6,14110,False,STOP,STOP,STOP,STOP,STOP,STOP,STOP,STOP,STOP,STOP
17002,2026-08-14 07:10:06.516,1,7828.75,EMA24,6,9982,False,STOP,STOP,STOP,STOP,STOP,STOP,STOP,STOP,STOP,STOP
17041,2026-08-14 07:23:01.072,-1,7818.0,EMA8,6,17800,False,STOP,STOP,STOP,STOP,STOP,STOP,STOP,STOP,TARGET,TARGET
17046,2026-08-14 07:24:38.732,-1,7817.75,EMA8,6,16116,False,STOP,STOP,STOP,STOP,STOP,TARGET,TARGET,TARGET,TARGET,TARGET
17053,2026-08-14 07:26:40.256,-1,7816.75,EMA8,6,1983,False,TARGET,TARGET,TARGET,TARGET,TARGET,TARGET,TARGET,TARGET,TARGET,TARGET
17055,2026-08-14 07:27:23.612,-1,7816.0,EMA8,6,7941,False,STOP,STOP,TARGET,TARGET,TARGET,TARGET,TARGET,TARGET,TARGET,TARGET
17063,2026-08-14 07:30:14.040,-1,7816.25,EMA24,6,1061,False,TARGET,TARGET,TARGET,TARGET,TARGET,TARGET,TARGET,TARGET,TARGET,TARGET
17069,2026-08-14 07:31:38.368,-1,7812.75,EMA8,6,8782,False,STOP,STOP,STOP,STOP,STOP,STOP,TARGET,TARGET,TARGET,TARGET
17071,2026-08-14 07:32:19.432,-1,7813.0,EMA8,6,3073,False,STOP,STOP,STOP,TARGET,TARGET,TARGET,TARGET,TARGET,TARGET,TARGET
17075,2026-08-14 07:33:20.016,-1,7811.25,EMA8,6,24851,False,STOP,STOP,STOP,STOP,STOP,STOP,STOP,STOP,STOP,STOP
17078,2026-08-14 07:34:58.808,-1,7811.5,EMA8,6,11969,False,STOP,STOP,STOP,STOP,STOP,STOP,STOP,STOP,STOP,STOP
17124,2026-08-14 08:01:14.048,-1,7812.5,EMA24,6,480,False,TARGET,TARGET,TARGET,TARGET,TARGET,TARGET,TARGET,TARGET,TARGET,TARGET
17143,2026-08-14 08:12:20.176,-1,7809.0,EMA8,6,9472,False,STOP,STOP,STOP,STOP,STOP,STOP,TARGET,TARGET,TARGET,TARGET
17150,2026-08-14 08:15:50.944,-1,7807.5,EMA8,6,22470,False,STOP,STOP,STOP,STOP,STOP,STOP,STOP,STOP,TARGET,TARGET
17153,2026-08-14 08:19:12.860,-1,7808.25,EMA24,6,7655,False,STOP,STOP,TARGET,TARGET,TARGET,TARGET,TARGET,TARGET,TARGET,TARGET
17240,2026-08-14 09:29:28.960,1,7809.5,EMA8,6,5548,False,STOP,STOP,STOP,STOP,STOP,STOP,STOP,STOP,STOP,STOP
17263,2026-08-14 09:57:48.628,-1,7801.25,EMA8,6,764,False,STOP,TARGET,TARGET,TARGET,TARGET,TARGET,TARGET,TARGET,TARGET,TARGET
17274,2026-08-14 10:08:14.040,-1,7800.75,EMA24,6,10717,False,STOP,STOP,STOP,STOP,STOP,STOP,STOP,STOP,STOP,STOP
17297,2026-08-14 10:33:15.460,-1,7801.0,EMA50,6,2193,False,STOP,STOP,TARGET,TARGET,TARGET,TARGET,TARGET,TARGET,TARGET,TARGET
17304,2026-08-14 10:41:16.196,-1,7797.75,EMA8,6,26636,False,STOP,STOP,STOP,STOP,STOP,STOP,STOP,STOP,STOP,STOP
17314,2026-08-14 10:55:09.564,-1,7799.25,EMA50,6,5891,False,STOP,STOP,STOP,STOP,STOP,STOP,STOP,STOP,STOP,STOP
17436,2026-08-16 15:01:19.784,1,7805.5,EMA50,6,557,False,STOP,TARGET,TARGET,TARGET,TARGET,TARGET,TARGET,TARGET,TARGET,TARGET
17446,2026-08-16 15:07:55.940,1,7809.25,EMA8,6,1029,False,STOP,STOP,TARGET,TARGET,TARGET,TARGET,TARGET,TARGET,TARGET,TARGET
17467,2026-08-16 17:28:25.432,1,7809.75,EMA50,6,12704,False,STOP,STOP,STOP,STOP,STOP,STOP,TARGET,TARGET,TARGET,TARGET
17507,2026-08-16 23:27:36.096,1,7818.0,EMA8,6,3338,False,TARGET,TARGET,TARGET,TARGET,TARGET,TARGET,TARGET,TARGET,TARGET,TARGET
17534,2026-08-17 01:14:38.452,1,7816.75,EMA50,6,16153,False,STOP,STOP,STOP,STOP,STOP,STOP,STOP,STOP,STOP,STOP
17579,2026-08-17 03:30:09.092,1,7823.75,EMA8,6,1062,False,STOP,STOP,STOP,STOP,STOP,STOP,STOP,STOP,STOP,STOP
17582,2026-08-17 03:30:20.348,1,7822.25,EMA24,6,251,False,STOP,TARGET,TARGET,TARGET,TARGET,TARGET,TARGET,TARGET,TARGET,TARGET
17611,2026-08-17 04:35:06.628,-1,7816.0,EMA24,6,8455,False,STOP,STOP,TARGET,TARGET,TARGET,TARGET,TARGET,TARGET,TARGET,TARGET
17623,2026-08-17 05:15:45.856,-1,7813.25,EMA24,6,9505,False,STOP,STOP,STOP,STOP,STOP,STOP,STOP,TARGET,TARGET,TARGET
17642,2026-08-17 05:26:49.700,-1,7806.5,EMA8,6,1715,False,STOP,STOP,STOP,STOP,STOP,STOP,STOP,STOP,STOP,STOP
17661,2026-08-17 05:35:33.320,-1,7807.5,EMA24,6,478,False,TARGET,TARGET,TARGET,TARGET,TARGET,TARGET,TARGET,TARGET,TARGET,TARGET
17666,2026-08-17 05:42:13.920,-1,7805.0,EMA8,6,2200,False,STOP,STOP,TARGET,TARGET,TARGET,TARGET,TARGET,TARGET,TARGET,TARGET
17676,2026-08-17 05:51:23.228,-1,7802.5,EMA8,6,7745,False,STOP,STOP,STOP,STOP,STOP,STOP,STOP,STOP,STOP,STOP
17682,2026-08-17 05:58:41.832,-1,7803.75,EMA24,6,14930,False,STOP,STOP,STOP,STOP,STOP,STOP,STOP,STOP,STOP,STOP
17748,2026-08-17 06:36:21.240,-1,7799.25,EMA24,6,15198,False,STOP,STOP,STOP,STOP,TARGET,TARGET,TARGET,TARGET,TARGET,TARGET
17750,2026-08-17 06:37:30.608,-1,7799.0,EMA24,6,3343,False,STOP,STOP,TARGET,TARGET,TARGET,TARGET,TARGET,TARGET,TARGET,TARGET
17823,2026-08-17 07:00:14.276,-1,7794.25,EMA8,6,938,False,TARGET,TARGET,TARGET,TARGET,TARGET,TARGET,TARGET,TARGET,TARGET,TARGET
17844,2026-08-17 07:04:25.032,-1,7794.75,EMA50,6,10346,False,STOP,STOP,STOP,STOP,STOP,STOP,STOP,TARGET,TARGET,TARGET
17979,2026-08-17 08:46:58.732,-1,7791.75,EMA24,6,13965,False,STOP,STOP,STOP,STOP,STOP,STOP,STOP,STOP,STOP,STOP
18024,2026-08-17 09:57:04.108,-1,7789.25,EMA8,6,1551,False,STOP,STOP,TARGET,TARGET,TARGET,TARGET,TARGET,TARGET,TARGET,TARGET
18030,2026-08-17 10:04:48.528,-1,7787.75,EMA8,6,2480,False,STOP,TARGET,TARGET,TARGET,TARGET,TARGET,TARGET,TARGET,TARGET,TARGET
18033,2026-08-17 10:05:55.440,-1,7787.0,EMA8,6,14201,False,STOP,STOP,STOP,TARGET,TARGET,TARGET,TARGET,TARGET,TARGET,TARGET
18047,2026-08-17 10:21:43.000,-1,7783.5,EMA8,6,829,False,TARGET,TARGET,TARGET,TARGET,TARGET,TARGET,TARGET,TARGET,TARGET,TARGET
18053,2026-08-17 10:23:14.720,-1,7781.25,EMA8,6,2779,False,STOP,TARGET,TARGET,TARGET,TARGET,TARGET,TARGET,TARGET,TARGET,TARGET
18066,2026-08-17 10:28:35.376,-1,7776.75,EMA8,6,20866,False,STOP,STOP,STOP,STOP,STOP,STOP,STOP,STOP,STOP,STOP
18068,2026-08-17 10:30:12.472,-1,7777.25,EMA8,6,2616,False,STOP,TARGET,TARGET,TARGET,TARGET,TARGET,TARGET,TARGET,TARGET,TARGET
18071,2026-08-17 10:31:31.168,-1,7776.5,EMA8,6,6016,False,STOP,STOP,STOP,STOP,STOP,STOP,STOP,STOP,STOP,STOP
18075,2026-08-17 10:33:12.976,-1,7778.25,EMA24,6,5149,False,STOP,STOP,STOP,STOP,STOP,STOP,TARGET,TARGET,TARGET,TARGET
18083,2026-08-17 10:37:28.140,-1,7775.25,EMA8,6,2739,False,STOP,STOP,STOP,STOP,TARGET,TARGET,TARGET,TARGET,TARGET,TARGET
18122,2026-08-17 11:09:00.236,-1,7775.25,EMA50,6,1223,False,TARGET,TARGET,TARGET,TARGET,TARGET,TARGET,TARGET,TARGET,TARGET,TARGET
18174,2026-08-17 12:20:05.068,-1,7774.75,EMA50,6,7864,False,STOP,STOP,STOP,TARGET,TARGET,TARGET,TARGET,TARGET,TARGET,TARGET
18190,2026-08-17 12:40:13.856,-1,7771.0,EMA24,6,3204,False,STOP,STOP,STOP,TARGET,TARGET,TARGET,TARGET,TARGET,TARGET,TARGET
18220,2026-08-17 12:59:40.664,-1,7770.0,EMA50,6,1958,False,STOP,STOP,TARGET,TARGET,TARGET,TARGET,TARGET,TARGET,TARGET,TARGET
18252,2026-08-17 13:58:52.440,-1,7765.25,EMA24,6,1376,False,STOP,STOP,STOP,STOP,STOP,STOP,STOP,STOP,STOP,STOP
18361,2026-08-17 19:21:07.116,-1,7752.0,EMA24,6,1066,False,TARGET,TARGET,TARGET,TARGET,TARGET,TARGET,TARGET,TARGET,TARGET,TARGET
18371,2026-08-17 19:34:39.768,-1,7749.25,EMA8,6,4613,False,STOP,STOP,STOP,STOP,STOP,STOP,STOP,STOP,STOP,STOP
18402,2026-08-17 20:30:00.912,-1,7744.25,EMA8,6,422,False,TARGET,TARGET,TARGET,TARGET,TARGET,TARGET,TARGET,TARGET,TARGET,TARGET
18408,2026-08-17 20:38:25.976,-1,7744.25,EMA24,6,9609,False,STOP,STOP,STOP,STOP,STOP,STOP,STOP,STOP,STOP,STOP
18427,2026-08-17 21:07:31.452,-1,7743.25,EMA24,6,10003,False,STOP,STOP,TARGET,TARGET,TARGET,TARGET,TARGET,TARGET,TARGET,TARGET
18435,2026-08-17 21:28:27.032,-1,7742.0,EMA24,6,796,False,STOP,STOP,STOP,STOP,STOP,STOP,STOP,STOP,STOP,STOP
18445,2026-08-17 22:00:10.916,-1,7743.25,EMA50,6,892,False,STOP,TARGET,TARGET,TARGET,TARGET,TARGET,TARGET,TARGET,TARGET,TARGET
18474,2026-08-17 23:00:25.324,-1,7733.25,PIN,6,637,False,STOP,TARGET,TARGET,TARGET,TARGET,TARGET,TARGET,TARGET,TARGET,TARGET
18483,2026-08-17 23:01:36.792,-1,7729.25,EMA8,6,2622,False,STOP,STOP,STOP,TARGET,TARGET,TARGET,TARGET,TARGET,TARGET,TARGET
18487,2026-08-17 23:06:10.680,-1,7728.5,EMA8,6,2005,False,STOP,TARGET,TARGET,TARGET,TARGET,TARGET,TARGET,TARGET,TARGET,TARGET
18535,2026-08-18 00:01:07.100,1,7740.25,EMA8,6,8272,False,STOP,STOP,STOP,STOP,STOP,STOP,STOP,STOP,TARGET,TARGET
18539,2026-08-18 00:05:22.876,1,7739.5,EMA24,6,1093,False,TARGET,TARGET,TARGET,TARGET,TARGET,TARGET,TARGET,TARGET,TARGET,TARGET
18571,2026-08-18 00:39:29.412,-1,7734.75,EMA24,6,3225,False,STOP,STOP,STOP,STOP,STOP,TARGET,TARGET,TARGET,TARGET,TARGET
18573,2026-08-18 00:42:32.952,-1,7734.75,EMA24,6,219,False,TARGET,TARGET,TARGET,TARGET,TARGET,TARGET,TARGET,TARGET,TARGET,TARGET
18580,2026-08-18 00:51:52.356,-1,7731.0,EMA8,6,226,False,TARGET,TARGET,TARGET,TARGET,TARGET,TARGET,TARGET,TARGET,TARGET,TARGET
18649,2026-08-18 01:18:40.344,1,7726.75,EMA8,6,267,False,TARGET,TARGET,TARGET,TARGET,TARGET,TARGET,TARGET,TARGET,TARGET,TARGET
18675,2026-08-18 01:44:26.040,1,7730.75,EMA8,6,2939,False,STOP,STOP,STOP,STOP,STOP,STOP,STOP,STOP,STOP,STOP
18698,2026-08-18 02:02:27.920,1,7729.25,EMA50,6,197,False,TARGET,TARGET,TARGET,TARGET,TARGET,TARGET,TARGET,TARGET,TARGET,TARGET
18730,2026-08-18 02:26:10.048,-1,7724.75,EMA8,6,1570,False,STOP,STOP,STOP,STOP,STOP,STOP,STOP,STOP,STOP,STOP
18778,2026-08-18 03:01:22.228,1,7730.5,EMA8,6,4016,False,STOP,STOP,STOP,STOP,STOP,STOP,STOP,TARGET,TARGET,TARGET
18780,2026-08-18 03:03:05.524,1,7730.0,EMA8,6,799,False,TARGET,TARGET,TARGET,TARGET,TARGET,TARGET,TARGET,TARGET,TARGET,TARGET
18785,2026-08-18 03:09:18.476,1,7731.25,EMA8,6,9428,False,STOP,STOP,STOP,STOP,STOP,STOP,STOP,STOP,STOP,STOP
18788,2026-08-18 03:18:31.844,1,7730.75,EMA24,6,257,False,STOP,TARGET,TARGET,TARGET,TARGET,TARGET,TARGET,TARGET,TARGET,TARGET
18793,2026-08-18 03:26:40.560,1,7729.5,EMA50,6,1114,False,STOP,STOP,STOP,TARGET,TARGET,TARGET,TARGET,TARGET,TARGET,TARGET
18809,2026-08-18 04:00:06.440,1,7732.0,EMA24,6,2649,False,STOP,STOP,STOP,STOP,TARGET,TARGET,TARGET,TARGET,TARGET,TARGET
18884,2026-08-18 05:40:26.140,-1,7729.5,EMA8,6,11526,False,STOP,STOP,STOP,STOP,STOP,STOP,STOP,STOP,STOP,STOP
18886,2026-08-18 05:45:22.648,-1,7729.5,EMA8,6,5388,False,STOP,STOP,STOP,STOP,STOP,STOP,STOP,STOP,STOP,STOP
18937,2026-08-18 06:30:17.040,-1,7726.5,EMA24,6,1,True,TARGET,TARGET,TARGET,TARGET,TARGET,TARGET,TARGET,TARGET,TARGET,TARGET
18978,2026-08-18 06:31:32.724,1,7731.0,EMA8,6,414,False,TARGET,TARGET,TARGET,TARGET,TARGET,TARGET,TARGET,TARGET,TARGET,TARGET
19013,2026-08-18 06:33:37.880,-1,7722.0,EMA8,6,9022,False,STOP,STOP,STOP,STOP,STOP,STOP,STOP,STOP,TARGET,TARGET
19017,2026-08-18 06:33:58.012,-1,7722.25,EMA8,6,1652,False,TARGET,TARGET,TARGET,TARGET,TARGET,TARGET,TARGET,TARGET,TARGET,TARGET
19023,2026-08-18 06:34:25.540,-1,7723.0,EMA24,6,9457,False,STOP,STOP,STOP,STOP,STOP,STOP,STOP,STOP,STOP,STOP
19027,2026-08-18 06:34:45.356,-1,7723.25,EMA50,6,3145,False,STOP,STOP,STOP,STOP,STOP,STOP,STOP,STOP,STOP,STOP
19048,2026-08-18 06:36:07.436,1,7726.75,EMA50,6,5302,False,STOP,STOP,STOP,STOP,TARGET,TARGET,TARGET,TARGET,TARGET,TARGET
19050,2026-08-18 06:36:10.676,1,7727.0,EMA50,6,3774,False,STOP,STOP,STOP,STOP,STOP,TARGET,TARGET,TARGET,TARGET,TARGET
19088,2026-08-18 06:39:35.528,1,7728.25,EMA24,6,689,False,TARGET,TARGET,TARGET,TARGET,TARGET,TARGET,TARGET,TARGET,TARGET,TARGET
19100,2026-08-18 06:40:57.548,1,7732.25,EMA8,6,10555,False,STOP,STOP,STOP,STOP,STOP,STOP,TARGET,TARGET,TARGET,TARGET
19135,2026-08-18 06:45:47.464,-1,7728.25,EMA50,6,7213,False,STOP,STOP,STOP,STOP,STOP,STOP,STOP,STOP,STOP,TARGET
19152,2026-08-18 06:48:05.376,-1,7727.75,EMA50,6,4002,False,STOP,STOP,STOP,STOP,STOP,STOP,STOP,STOP,STOP,STOP
19173,2026-08-18 06:50:49.768,-1,7727.0,EMA50,6,5880,False,STOP,STOP,STOP,TARGET,TARGET,TARGET,TARGET,TARGET,TARGET,TARGET
19176,2026-08-18 06:51:07.636,-1,7726.25,EMA50,6,872,False,TARGET,TARGET,TARGET,TARGET,TARGET,TARGET,TARGET,TARGET,TARGET,TARGET
19189,2026-08-18 06:53:27.448,-1,7725.5,EMA50,6,2789,False,STOP,STOP,STOP,TARGET,TARGET,TARGET,TARGET,TARGET,TARGET,TARGET
19206,2026-08-18 06:56:42.600,-1,7723.75,EMA50,6,1918,False,STOP,STOP,STOP,STOP,STOP,STOP,STOP,STOP,STOP,STOP
19286,2026-08-18 07:08:55.048,1,7729.5,EMA24,6,6918,False,STOP,STOP,STOP,STOP,STOP,STOP,STOP,STOP,STOP,STOP
19288,2026-08-18 07:09:25.308,1,7729.5,EMA50,6,1911,False,STOP,STOP,STOP,STOP,STOP,STOP,STOP,STOP,STOP,STOP
19302,2026-08-18 07:11:35.256,-1,7719.75,PIN,6,3731,False,STOP,STOP,STOP,STOP,STOP,TARGET,TARGET,TARGET,TARGET,TARGET
19308,2026-08-18 07:12:24.392,-1,7718.25,EMA8,6,3780,False,STOP,STOP,STOP,STOP,STOP,STOP,STOP,STOP,STOP,STOP
19318,2026-08-18 07:14:11.564,-1,7719.5,EMA24,6,8433,False,STOP,STOP,STOP,STOP,STOP,STOP,STOP,STOP,STOP,STOP
19335,2026-08-18 07:16:40.876,1,7725.5,EMA8,6,4142,False,STOP,STOP,STOP,STOP,STOP,STOP,TARGET,TARGET,TARGET,TARGET
19380,2026-08-18 07:25:00.228,1,7728.5,EMA8,6,7825,False,STOP,STOP,STOP,STOP,STOP,TARGET,TARGET,TARGET,TARGET,TARGET
19382,2026-08-18 07:25:15.764,1,7728.5,EMA8,6,4025,False,TARGET,TARGET,TARGET,TARGET,TARGET,TARGET,TARGET,TARGET,TARGET,TARGET
19389,2026-08-18 07:26:38.012,1,7728.5,EMA24,6,516,False,TARGET,TARGET,TARGET,TARGET,TARGET,TARGET,TARGET,TARGET,TARGET,TARGET
19396,2026-08-18 07:27:53.628,1,7728.25,EMA50,6,889,False,TARGET,TARGET,TARGET,TARGET,TARGET,TARGET,TARGET,TARGET,TARGET,TARGET
19416,2026-08-18 07:31:38.556,1,7729.25,EMA24,6,9399,False,STOP,STOP,STOP,STOP,TARGET,TARGET,TARGET,TARGET,TARGET,TARGET
19484,2026-08-18 07:50:09.792,-1,7725.25,EMA50,6,1131,False,STOP,TARGET,TARGET,TARGET,TARGET,TARGET,TARGET,TARGET,TARGET,TARGET
19510,2026-08-18 07:54:06.944,-1,7721.25,EMA8,6,6117,False,STOP,STOP,STOP,STOP,STOP,TARGET,TARGET,TARGET,TARGET,TARGET
19524,2026-08-18 07:57:23.440,-1,7720.0,EMA24,6,951,False,STOP,TARGET,TARGET,TARGET,TARGET,TARGET,TARGET,TARGET,TARGET,TARGET
19561,2026-08-18 08:06:58.100,1,7723.25,EMA8,6,8339,False,STOP,STOP,STOP,STOP,STOP,STOP,STOP,STOP,STOP,STOP
19574,2026-08-18 08:11:03.692,-1,7717.5,EMA8,6,37898,False,STOP,STOP,STOP,STOP,STOP,STOP,STOP,STOP,STOP,NONE
19577,2026-08-18 08:12:03.760,-1,7718.5,EMA24,6,10045,False,STOP,STOP,STOP,STOP,TARGET,TARGET,TARGET,TARGET,TARGET,TARGET
19588,2026-08-18 08:16:29.960,-1,7718.0,EMA50,6,8678,False,STOP,STOP,STOP,STOP,TARGET,TARGET,TARGET,TARGET,TARGET,TARGET
19606,2026-08-18 08:23:21.568,-1,7715.75,EMA24,6,12306,False,STOP,STOP,STOP,STOP,STOP,STOP,TARGET,TARGET,TARGET,TARGET
19670,2026-08-18 08:49:33.068,1,7724.5,EMA8,6,2796,False,STOP,STOP,STOP,STOP,STOP,STOP,STOP,STOP,STOP,STOP
19674,2026-08-18 08:51:16.792,1,7722.25,EMA24,6,3832,False,STOP,STOP,TARGET,TARGET,TARGET,TARGET,TARGET,TARGET,TARGET,TARGET
19686,2026-08-18 08:56:44.092,1,7723.5,EMA50,6,4553,False,STOP,STOP,STOP,STOP,STOP,STOP,STOP,STOP,STOP,STOP
19764,2026-08-18 09:52:36.976,1,7727.5,EMA8,6,20040,False,STOP,STOP,STOP,STOP,STOP,STOP,STOP,STOP,STOP,STOP
19802,2026-08-18 10:30:46.776,-1,7722.0,EMA8,6,890,False,TARGET,TARGET,TARGET,TARGET,TARGET,TARGET,TARGET,TARGET,TARGET,TARGET
19805,2026-08-18 10:33:05.960,-1,7722.5,EMA24,6,5487,False,STOP,STOP,STOP,TARGET,TARGET,TARGET,TARGET,TARGET,TARGET,TARGET
19832,2026-08-18 11:05:24.816,-1,7716.5,EMA8,6,1981,False,STOP,TARGET,TARGET,TARGET,TARGET,TARGET,TARGET,TARGET,TARGET,TARGET
19929,2026-08-18 12:56:14.180,-1,7715.0,EMA8,6,5008,False,STOP,STOP,TARGET,TARGET,TARGET,TARGET,TARGET,TARGET,TARGET,TARGET
19931,2026-08-18 12:57:11.036,-1,7714.25,EMA8,6,5105,False,STOP,TARGET,TARGET,TARGET,TARGET,TARGET,TARGET,TARGET,TARGET,TARGET
19964,2026-08-18 13:18:17.564,-1,7714.25,EMA50,6,2651,False,STOP,STOP,TARGET,TARGET,TARGET,TARGET,TARGET,TARGET,TARGET,TARGET
20008,2026-08-18 15:53:20.616,-1,7709.5,EMA8,6,413,False,STOP,STOP,TARGET,TARGET,TARGET,TARGET,TARGET,TARGET,TARGET,TARGET
20054,2026-08-18 17:09:10.784,-1,7705.5,EMA24,6,4764,False,STOP,STOP,STOP,STOP,STOP,STOP,TARGET,TARGET,TARGET,TARGET
20056,2026-08-18 17:09:46.620,-1,7705.75,EMA24,6,1649,False,TARGET,TARGET,TARGET,TARGET,TARGET,TARGET,TARGET,TARGET,TARGET,TARGET
20062,2026-08-18 17:14:57.640,-1,7703.75,EMA8,6,1170,False,STOP,TARGET,TARGET,TARGET,TARGET,TARGET,TARGET,TARGET,TARGET,TARGET
20083,2026-08-18 17:34:09.844,1,7712.75,EMA8,6,3250,False,STOP,STOP,STOP,STOP,TARGET,TARGET,TARGET,TARGET,TARGET,TARGET
20089,2026-08-18 17:47:09.124,1,7715.25,EMA8,6,5943,False,STOP,STOP,STOP,STOP,STOP,STOP,STOP,STOP,STOP,STOP
20098,2026-08-18 18:03:52.584,1,7711.0,EMA50,6,740,False,TARGET,TARGET,TARGET,TARGET,TARGET,TARGET,TARGET,TARGET,TARGET,TARGET
20160,2026-08-18 19:48:17.104,-1,7709.0,EMA50,6,6351,False,STOP,STOP,STOP,STOP,STOP,STOP,STOP,TARGET,TARGET,TARGET
20183,2026-08-18 20:54:36.464,-1,7707.75,EMA50,6,2314,False,TARGET,TARGET,TARGET,TARGET,TARGET,TARGET,TARGET,TARGET,TARGET,TARGET
20188,2026-08-18 21:21:47.368,-1,7706.75,EMA24,6,10154,False,STOP,STOP,STOP,STOP,STOP,STOP,STOP,STOP,STOP,TARGET
20195,2026-08-18 21:31:07.336,-1,7707.5,EMA50,6,395,False,TARGET,TARGET,TARGET,TARGET,TARGET,TARGET,TARGET,TARGET,TARGET,TARGET
20230,2026-08-18 22:31:32.068,-1,7703.5,EMA50,6,4711,False,STOP,STOP,STOP,TARGET,TARGET,TARGET,TARGET,TARGET,TARGET,TARGET
20243,2026-08-18 22:59:03.996,-1,7698.75,EMA8,6,1666,False,STOP,STOP,STOP,STOP,STOP,STOP,STOP,STOP,STOP,STOP
20246,2026-08-18 23:01:27.324,-1,7700.0,EMA24,6,7610,False,STOP,STOP,STOP,TARGET,TARGET,TARGET,TARGET,TARGET,TARGET,TARGET
20273,2026-08-18 23:32:31.744,1,7707.25,EMA8,6,7686,False,STOP,STOP,STOP,STOP,STOP,STOP,STOP,STOP,STOP,STOP
20289,2026-08-18 23:58:48.156,1,7714.25,PIN,6,2867,False,STOP,STOP,STOP,STOP,STOP,STOP,STOP,STOP,STOP,STOP
20299,2026-08-19 00:05:00.068,1,7711.25,EMA24,6,3032,False,STOP,STOP,STOP,STOP,STOP,STOP,STOP,TARGET,TARGET,TARGET
20310,2026-08-19 00:20:22.756,1,7713.0,EMA24,6,508,False,TARGET,TARGET,TARGET,TARGET,TARGET,TARGET,TARGET,TARGET,TARGET,TARGET
20320,2026-08-19 00:35:55.416,1,7717.5,EMA8,6,224,False,TARGET,TARGET,TARGET,TARGET,TARGET,TARGET,TARGET,TARGET,TARGET,TARGET
20345,2026-08-19 01:10:33.276,1,7720.25,EMA8,6,8814,False,STOP,STOP,STOP,STOP,STOP,STOP,STOP,STOP,STOP,TARGET
20348,2026-08-19 01:17:10.144,1,7719.25,EMA24,6,845,False,TARGET,TARGET,TARGET,TARGET,TARGET,TARGET,TARGET,TARGET,TARGET,TARGET
20352,2026-08-19 01:22:08.528,1,7721.0,EMA8,6,21969,False,STOP,STOP,STOP,STOP,STOP,STOP,STOP,STOP,STOP,STOP
20355,2026-08-19 01:29:59.688,1,7721.5,EMA8,6,4098,False,STOP,STOP,STOP,STOP,STOP,STOP,STOP,STOP,STOP,STOP
20377,2026-08-19 02:32:23.384,-1,7715.0,EMA8,6,9017,False,STOP,STOP,STOP,STOP,STOP,STOP,STOP,TARGET,TARGET,TARGET
20383,2026-08-19 02:42:36.876,-1,7714.75,EMA8,6,2124,False,TARGET,TARGET,TARGET,TARGET,TARGET,TARGET,TARGET,TARGET,TARGET,TARGET
20385,2026-08-19 02:50:19.284,-1,7714.0,EMA8,6,1242,False,TARGET,TARGET,TARGET,TARGET,TARGET,TARGET,TARGET,TARGET,TARGET,TARGET
20389,2026-08-19 03:00:59.168,-1,7713.25,EMA8,6,2767,False,TARGET,TARGET,TARGET,TARGET,TARGET,TARGET,TARGET,TARGET,TARGET,TARGET
20398,2026-08-19 03:19:53.444,-1,7711.75,EMA8,6,594,False,TARGET,TARGET,TARGET,TARGET,TARGET,TARGET,TARGET,TARGET,TARGET,TARGET
20401,2026-08-19 03:24:49.992,-1,7711.25,EMA8,6,3770,False,STOP,STOP,STOP,STOP,STOP,STOP,STOP,STOP,STOP,STOP
20424,2026-08-19 04:18:52.120,1,7718.25,EMA8,6,14091,False,STOP,STOP,STOP,STOP,STOP,STOP,STOP,STOP,STOP,STOP
20433,2026-08-19 04:33:58.308,1,7717.25,EMA50,6,7751,False,STOP,STOP,STOP,STOP,STOP,STOP,STOP,STOP,STOP,STOP
20466,2026-08-19 05:30:00.736,1,7717.25,EMA50,6,6525,False,STOP,STOP,STOP,STOP,STOP,STOP,STOP,STOP,STOP,TARGET
20486,2026-08-19 05:34:40.928,1,7724.25,EMA8,6,318,False,TARGET,TARGET,TARGET,TARGET,TARGET,TARGET,TARGET,TARGET,TARGET,TARGET
20519,2026-08-19 05:40:17.836,1,7734.5,EMA8,6,1455,False,STOP,STOP,STOP,STOP,STOP,TARGET,TARGET,TARGET,TARGET,TARGET
20521,2026-08-19 05:40:27.712,1,7734.5,EMA8,6,104,False,TARGET,TARGET,TARGET,TARGET,TARGET,TARGET,TARGET,TARGET,TARGET,TARGET
20526,2026-08-19 05:40:46.948,1,7736.5,EMA8,6,359,False,TARGET,TARGET,TARGET,TARGET,TARGET,TARGET,TARGET,TARGET,TARGET,TARGET
20530,2026-08-19 05:41:30.568,1,7737.25,EMA8,6,109,False,TARGET,TARGET,TARGET,TARGET,TARGET,TARGET,TARGET,TARGET,TARGET,TARGET
20537,2026-08-19 05:42:43.940,1,7736.0,EMA24,6,196,False,TARGET,TARGET,TARGET,TARGET,TARGET,TARGET,TARGET,TARGET,TARGET,TARGET
20555,2026-08-19 05:45:38.172,1,7746.75,PIN,6,2048,False,STOP,STOP,STOP,STOP,STOP,STOP,STOP,TARGET,TARGET,TARGET
20562,2026-08-19 05:46:46.028,1,7747.0,EMA8,6,692,False,STOP,STOP,STOP,STOP,TARGET,TARGET,TARGET,TARGET,TARGET,TARGET
20564,2026-08-19 05:46:57.172,1,7747.25,EMA8,6,1,True,TARGET,TARGET,TARGET,TARGET,TARGET,TARGET,TARGET,TARGET,TARGET,TARGET
20630,2026-08-19 06:02:32.580,-1,7745.0,EMA8,6,463,False,TARGET,TARGET,TARGET,TARGET,TARGET,TARGET,TARGET,TARGET,TARGET,TARGET
20692,2026-08-19 06:30:05.992,-1,7745.0,EMA24,6,896,False,TARGET,TARGET,TARGET,TARGET,TARGET,TARGET,TARGET,TARGET,TARGET,TARGET
20706,2026-08-19 06:30:34.944,-1,7742.75,EMA24,6,4736,False,STOP,STOP,STOP,STOP,STOP,STOP,STOP,STOP,STOP,STOP
20710,2026-08-19 06:30:48.092,-1,7744.5,EMA50,6,3047,False,STOP,STOP,STOP,STOP,TARGET,TARGET,TARGET,TARGET,TARGET,TARGET
20712,2026-08-19 06:30:58.464,-1,7744.25,EMA50,6,555,False,TARGET,TARGET,TARGET,TARGET,TARGET,TARGET,TARGET,TARGET,TARGET,TARGET
20715,2026-08-19 06:31:07.624,-1,7743.75,EMA50,6,18835,False,STOP,STOP,STOP,STOP,STOP,STOP,STOP,TARGET,TARGET,TARGET
20719,2026-08-19 06:31:21.180,-1,7743.5,EMA50,6,13913,False,STOP,STOP,STOP,STOP,STOP,STOP,STOP,STOP,TARGET,TARGET
20721,2026-08-19 06:31:25.820,-1,7743.5,EMA50,6,12040,False,STOP,STOP,STOP,STOP,STOP,STOP,STOP,STOP,TARGET,TARGET
20747,2026-08-19 06:33:40.184,-1,7740.25,EMA8,6,1681,False,STOP,TARGET,TARGET,TARGET,TARGET,TARGET,TARGET,TARGET,TARGET,TARGET
20805,2026-08-19 06:40:27.852,-1,7734.25,EMA8,6,570,False,TARGET,TARGET,TARGET,TARGET,TARGET,TARGET,TARGET,TARGET,TARGET,TARGET
20808,2026-08-19 06:40:56.512,-1,7733.25,EMA8,6,3820,False,STOP,STOP,STOP,STOP,STOP,STOP,STOP,STOP,STOP,STOP
20812,2026-08-19 06:41:19.264,-1,7735.0,EMA24,6,10946,False,STOP,STOP,STOP,STOP,STOP,STOP,TARGET,TARGET,TARGET,TARGET
20836,2026-08-19 06:44:39.044,1,7742.0,EMA8,6,10707,False,STOP,STOP,STOP,STOP,STOP,STOP,STOP,STOP,TARGET,TARGET
20847,2026-08-19 06:45:44.028,1,7742.0,EMA24,6,2471,False,TARGET,TARGET,TARGET,TARGET,TARGET,TARGET,TARGET,TARGET,TARGET,TARGET
20852,2026-08-19 06:46:24.132,1,7744.25,EMA8,6,150,False,TARGET,TARGET,TARGET,TARGET,TARGET,TARGET,TARGET,TARGET,TARGET,TARGET
20857,2026-08-19 06:46:43.104,1,7742.0,EMA50,6,11449,False,STOP,STOP,STOP,STOP,STOP,STOP,STOP,STOP,STOP,STOP
20884,2026-08-19 06:49:01.764,-1,7728.5,PIN,6,736,False,TARGET,TARGET,TARGET,TARGET,TARGET,TARGET,TARGET,TARGET,TARGET,TARGET
20886,2026-08-19 06:49:07.068,-1,7726.75,PIN,6,1642,False,STOP,TARGET,TARGET,TARGET,TARGET,TARGET,TARGET,TARGET,TARGET,TARGET
20921,2026-08-19 06:51:43.076,-1,7722.0,PIN,6,8896,False,STOP,STOP,STOP,STOP,STOP,STOP,STOP,STOP,STOP,STOP
20922,2026-08-19 06:51:53.316,-1,7721.25,PIN,6,2258,False,STOP,STOP,STOP,STOP,STOP,STOP,STOP,STOP,STOP,STOP
20945,2026-08-19 06:53:59.104,1,7732.75,EMA8,6,3452,False,STOP,STOP,STOP,TARGET,TARGET,TARGET,TARGET,TARGET,TARGET,TARGET
20949,2026-08-19 06:54:28.704,1,7733.25,EMA8,6,6342,False,STOP,STOP,STOP,TARGET,TARGET,TARGET,TARGET,TARGET,TARGET,TARGET
20952,2026-08-19 06:54:47.268,1,7733.75,EMA8,6,44,False,TARGET,TARGET,TARGET,TARGET,TARGET,TARGET,TARGET,TARGET,TARGET,TARGET
20959,2026-08-19 06:55:08.580,1,7736.25,EMA8,6,2913,False,STOP,STOP,STOP,STOP,STOP,STOP,STOP,STOP,STOP,STOP
20962,2026-08-19 06:55:18.252,1,7734.75,EMA24,6,3183,False,TARGET,TARGET,TARGET,TARGET,TARGET,TARGET,TARGET,TARGET,TARGET,TARGET
20985,2026-08-19 06:57:40.196,1,7740.25,EMA24,6,185,False,TARGET,TARGET,TARGET,TARGET,TARGET,TARGET,TARGET,TARGET,TARGET,TARGET
21101,2026-08-19 07:12:18.104,-1,7731.5,EMA8,6,1959,False,STOP,STOP,STOP,STOP,STOP,TARGET,TARGET,TARGET,TARGET,TARGET
21103,2026-08-19 07:12:23.824,-1,7731.5,EMA8,6,714,False,TARGET,TARGET,TARGET,TARGET,TARGET,TARGET,TARGET,TARGET,TARGET,TARGET
21110,2026-08-19 07:13:12.024,-1,7733.25,EMA50,6,987,False,TARGET,TARGET,TARGET,TARGET,TARGET,TARGET,TARGET,TARGET,TARGET,TARGET
21143,2026-08-19 07:17:23.944,1,7737.25,EMA8,6,9932,False,STOP,STOP,STOP,STOP,STOP,STOP,STOP,STOP,STOP,TARGET
21161,2026-08-19 07:19:44.832,1,7738.75,EMA24,6,6790,False,STOP,STOP,STOP,STOP,STOP,STOP,STOP,STOP,STOP,STOP
21165,2026-08-19 07:20:09.140,1,7737.5,EMA50,6,1219,False,TARGET,TARGET,TARGET,TARGET,TARGET,TARGET,TARGET,TARGET,TARGET,TARGET
21206,2026-08-19 07:26:29.780,-1,7734.25,EMA24,6,2728,False,STOP,STOP,TARGET,TARGET,TARGET,TARGET,TARGET,TARGET,TARGET,TARGET
21225,2026-08-19 07:30:24.964,1,7739.0,EMA8,6,1020,False,STOP,TARGET,TARGET,TARGET,TARGET,TARGET,TARGET,TARGET,TARGET,TARGET
21228,2026-08-19 07:30:58.048,1,7739.25,EMA8,6,1251,False,TARGET,TARGET,TARGET,TARGET,TARGET,TARGET,TARGET,TARGET,TARGET,TARGET
21232,2026-08-19 07:31:33.448,1,7740.0,EMA8,6,1838,False,STOP,TARGET,TARGET,TARGET,TARGET,TARGET,TARGET,TARGET,TARGET,TARGET
21237,2026-08-19 07:32:54.000,1,7742.25,EMA8,6,5273,False,STOP,STOP,STOP,STOP,TARGET,TARGET,TARGET,TARGET,TARGET,TARGET
21239,2026-08-19 07:33:26.236,1,7742.5,EMA8,6,2709,False,TARGET,TARGET,TARGET,TARGET,TARGET,TARGET,TARGET,TARGET,TARGET,TARGET
21245,2026-08-19 07:34:57.468,1,7741.25,EMA24,6,4205,False,TARGET,TARGET,TARGET,TARGET,TARGET,TARGET,TARGET,TARGET,TARGET,TARGET
21252,2026-08-19 07:36:54.752,1,7744.75,EMA8,6,2394,False,STOP,TARGET,TARGET,TARGET,TARGET,TARGET,TARGET,TARGET,TARGET,TARGET
21255,2026-08-19 07:37:32.544,1,7748.0,PIN,6,3900,False,STOP,STOP,STOP,TARGET,TARGET,TARGET,TARGET,TARGET,TARGET,TARGET
21274,2026-08-19 07:43:46.760,1,7750.75,EMA8,6,15899,False,STOP,STOP,STOP,STOP,STOP,TARGET,TARGET,TARGET,TARGET,TARGET
21311,2026-08-19 07:56:46.280,1,7757.75,PIN,6,12773,False,STOP,STOP,STOP,STOP,STOP,STOP,TARGET,TARGET,TARGET,TARGET
21323,2026-08-19 08:00:56.612,1,7761.5,EMA8,6,1951,False,TARGET,TARGET,TARGET,TARGET,TARGET,TARGET,TARGET,TARGET,TARGET,TARGET
21335,2026-08-19 08:05:53.128,1,7761.25,EMA24,6,11725,False,STOP,STOP,STOP,STOP,STOP,STOP,STOP,STOP,STOP,STOP
21386,2026-08-19 08:27:49.012,-1,7750.0,EMA8,6,27339,False,STOP,STOP,STOP,STOP,STOP,STOP,STOP,STOP,STOP,NONE
21388,2026-08-19 08:28:36.708,-1,7750.0,EMA8,6,23605,False,STOP,STOP,STOP,STOP,STOP,STOP,STOP,STOP,STOP,NONE
21416,2026-08-19 08:38:03.920,-1,7746.75,EMA24,6,2657,False,STOP,STOP,TARGET,TARGET,TARGET,TARGET,TARGET,TARGET,TARGET,TARGET
21419,2026-08-19 08:39:54.544,-1,7745.25,EMA8,6,739,False,TARGET,TARGET,TARGET,TARGET,TARGET,TARGET,TARGET,TARGET,TARGET,TARGET
21428,2026-08-19 08:42:08.264,-1,7740.5,EMA8,6,11970,False,STOP,STOP,STOP,STOP,STOP,STOP,STOP,STOP,STOP,STOP
21430,2026-08-19 08:43:23.100,-1,7740.75,EMA8,6,3077,False,STOP,STOP,STOP,STOP,STOP,STOP,STOP,STOP,STOP,STOP
21487,2026-08-19 09:04:10.924,1,7751.75,PIN,6,3225,False,STOP,STOP,STOP,TARGET,TARGET,TARGET,TARGET,TARGET,TARGET,TARGET
21488,2026-08-19 09:04:55.432,1,7752.25,PIN,6,6457,False,STOP,STOP,STOP,TARGET,TARGET,TARGET,TARGET,TARGET,TARGET,TARGET
21498,2026-08-19 09:09:40.160,1,7754.25,EMA8,6,2370,False,STOP,TARGET,TARGET,TARGET,TARGET,TARGET,TARGET,TARGET,TARGET,TARGET
21503,2026-08-19 09:12:37.876,1,7755.75,EMA8,6,12079,False,STOP,STOP,STOP,STOP,STOP,STOP,STOP,STOP,TARGET,TARGET
21505,2026-08-19 09:14:33.816,1,7755.75,EMA8,6,6455,False,STOP,STOP,STOP,STOP,STOP,STOP,STOP,STOP,TARGET,TARGET
21552,2026-08-19 09:42:42.128,-1,7743.25,EMA8,6,582,False,TARGET,TARGET,TARGET,TARGET,TARGET,TARGET,TARGET,TARGET,TARGET,TARGET
21556,2026-08-19 09:45:03.472,-1,7743.0,EMA8,6,767,False,STOP,TARGET,TARGET,TARGET,TARGET,TARGET,TARGET,TARGET,TARGET,TARGET
21575,2026-08-19 09:53:09.864,-1,7738.75,EMA8,6,2950,False,STOP,TARGET,TARGET,TARGET,TARGET,TARGET,TARGET,TARGET,TARGET,TARGET
21582,2026-08-19 09:56:47.680,-1,7736.25,EMA8,6,3978,False,STOP,STOP,STOP,TARGET,TARGET,TARGET,TARGET,TARGET,TARGET,TARGET
21584,2026-08-19 09:57:47.316,-1,7735.75,EMA8,6,522,False,TARGET,TARGET,TARGET,TARGET,TARGET,TARGET,TARGET,TARGET,TARGET,TARGET
21716,2026-08-19 11:05:12.540,1,7740.75,EMA24,6,696,False,TARGET,TARGET,TARGET,TARGET,TARGET,TARGET,TARGET,TARGET,TARGET,TARGET
21737,2026-08-19 11:09:12.024,-1,7730.75,EMA8,6,1078,False,TARGET,TARGET,TARGET,TARGET,TARGET,TARGET,TARGET,TARGET,TARGET,TARGET
21739,2026-08-19 11:09:47.120,-1,7729.75,EMA8,6,12004,False,STOP,STOP,STOP,STOP,STOP,STOP,STOP,STOP,STOP,STOP
21741,2026-08-19 11:10:30.596,-1,7730.0,EMA8,6,6456,False,STOP,STOP,STOP,STOP,STOP,STOP,STOP,STOP,STOP,STOP
21743,2026-08-19 11:11:16.744,-1,7730.0,EMA8,6,2320,False,STOP,STOP,STOP,STOP,STOP,STOP,STOP,STOP,STOP,STOP
21791,2026-08-19 11:34:12.500,1,7737.75,EMA8,6,1195,False,TARGET,TARGET,TARGET,TARGET,TARGET,TARGET,TARGET,TARGET,TARGET,TARGET
21795,2026-08-19 11:35:52.824,1,7738.5,EMA8,6,25390,False,STOP,STOP,STOP,STOP,STOP,STOP,STOP,STOP,STOP,TARGET
21882,2026-08-19 12:40:34.820,-1,7732.5,EMA8,6,1943,False,STOP,STOP,TARGET,TARGET,TARGET,TARGET,TARGET,TARGET,TARGET,TARGET
21893,2026-08-19 12:45:43.884,-1,7729.5,EMA8,6,1092,False,TARGET,TARGET,TARGET,TARGET,TARGET,TARGET,TARGET,TARGET,TARGET,TARGET
21905,2026-08-19 12:48:30.592,-1,7728.5,EMA24,6,813,False,STOP,TARGET,TARGET,TARGET,TARGET,TARGET,TARGET,TARGET,TARGET,TARGET
21908,2026-08-19 12:50:00.024,-1,7726.75,EMA8,6,1898,True,STOP,TARGET,TARGET,TARGET,TARGET,TARGET,TARGET,TARGET,TARGET,TARGET
21920,2026-08-19 12:52:00.224,-1,7724.0,EMA8,6,1351,False,STOP,STOP,STOP,TARGET,TARGET,TARGET,TARGET,TARGET,TARGET,TARGET
21966,2026-08-19 13:00:49.724,1,7732.0,EMA8,6,3570,False,STOP,STOP,STOP,STOP,STOP,STOP,STOP,STOP,STOP,STOP
21997,2026-08-19 15:00:54.816,1,7733.75,EMA8,6,1269,False,STOP,STOP,STOP,STOP,STOP,STOP,STOP,STOP,STOP,TARGET
22000,2026-08-19 15:02:10.868,1,7732.75,EMA24,6,71,False,TARGET,TARGET,TARGET,TARGET,TARGET,TARGET,TARGET,TARGET,TARGET,TARGET
22014,2026-08-19 15:09:27.304,1,7737.0,EMA8,6,562,False,TARGET,TARGET,TARGET,TARGET,TARGET,TARGET,TARGET,TARGET,TARGET,TARGET
22045,2026-08-19 16:01:36.696,1,7745.0,PIN,6,1005,False,TARGET,TARGET,TARGET,TARGET,TARGET,TARGET,TARGET,TARGET,TARGET,TARGET
22088,2026-08-19 17:10:23.624,-1,7735.25,EMA8,6,8004,False,STOP,STOP,STOP,STOP,STOP,STOP,STOP,STOP,STOP,STOP
22120,2026-08-19 18:07:46.704,1,7743.25,EMA8,6,2931,False,STOP,STOP,STOP,STOP,STOP,STOP,STOP,STOP,STOP,STOP
22185,2026-08-19 19:31:29.844,-1,7736.75,EMA8,6,221,False,TARGET,TARGET,TARGET,TARGET,TARGET,TARGET,TARGET,TARGET,TARGET,TARGET
22290,2026-08-19 23:41:06.000,1,7743.0,EMA8,6,2627,False,TARGET,TARGET,TARGET,TARGET,TARGET,TARGET,TARGET,TARGET,TARGET,TARGET
22342,2026-08-20 00:50:20.544,-1,7734.5,EMA50,6,859,False,TARGET,TARGET,TARGET,TARGET,TARGET,TARGET,TARGET,TARGET,TARGET,TARGET
22414,2026-08-20 01:34:31.440,-1,7718.5,EMA8,6,780,False,STOP,STOP,STOP,TARGET,TARGET,TARGET,TARGET,TARGET,TARGET,TARGET
22416,2026-08-20 01:34:54.692,-1,7718.0,EMA8,6,169,False,TARGET,TARGET,TARGET,TARGET,TARGET,TARGET,TARGET,TARGET,TARGET,TARGET
22468,2026-08-20 02:06:17.824,1,7723.25,EMA8,6,629,False,STOP,TARGET,TARGET,TARGET,TARGET,TARGET,TARGET,TARGET,TARGET,TARGET
22482,2026-08-20 02:14:07.268,1,7724.0,EMA50,6,1699,False,TARGET,TARGET,TARGET,TARGET,TARGET,TARGET,TARGET,TARGET,TARGET,TARGET
22486,2026-08-20 02:18:32.944,1,7724.25,EMA50,6,243,False,TARGET,TARGET,TARGET,TARGET,TARGET,TARGET,TARGET,TARGET,TARGET,TARGET
22538,2026-08-20 03:26:17.444,1,7726.25,EMA50,6,526,False,STOP,TARGET,TARGET,TARGET,TARGET,TARGET,TARGET,TARGET,TARGET,TARGET
22570,2026-08-20 04:00:06.532,1,7733.5,PIN,6,854,True,STOP,STOP,STOP,STOP,STOP,STOP,STOP,STOP,STOP,STOP
22601,2026-08-20 04:13:24.228,-1,7722.0,EMA8,6,822,False,TARGET,TARGET,TARGET,TARGET,TARGET,TARGET,TARGET,TARGET,TARGET,TARGET
22616,2026-08-20 04:24:12.328,-1,7720.75,EMA8,6,296,False,STOP,TARGET,TARGET,TARGET,TARGET,TARGET,TARGET,TARGET,TARGET,TARGET
22628,2026-08-20 04:30:57.008,-1,7715.75,EMA8,6,1781,False,STOP,STOP,STOP,STOP,STOP,STOP,STOP,STOP,STOP,STOP
22636,2026-08-20 04:34:44.956,-1,7715.5,EMA8,6,4249,False,STOP,STOP,STOP,STOP,STOP,STOP,TARGET,TARGET,TARGET,TARGET
22643,2026-08-20 04:37:13.400,-1,7714.75,EMA8,6,2284,False,STOP,STOP,STOP,STOP,STOP,STOP,STOP,STOP,STOP,STOP
22669,2026-08-20 04:48:17.888,-1,7711.0,EMA8,6,451,False,STOP,TARGET,TARGET,TARGET,TARGET,TARGET,TARGET,TARGET,TARGET,TARGET
22674,2026-08-20 04:49:22.020,-1,7709.75,EMA8,6,2311,False,STOP,STOP,STOP,TARGET,TARGET,TARGET,TARGET,TARGET,TARGET,TARGET
22676,2026-08-20 04:49:49.040,-1,7709.25,EMA8,6,2806,False,STOP,STOP,STOP,TARGET,TARGET,TARGET,TARGET,TARGET,TARGET,TARGET
22681,2026-08-20 04:51:03.792,-1,7708.75,EMA8,6,8739,False,STOP,STOP,STOP,STOP,STOP,STOP,TARGET,TARGET,TARGET,TARGET
22686,2026-08-20 04:54:45.860,-1,7708.25,EMA8,6,680,False,TARGET,TARGET,TARGET,TARGET,TARGET,TARGET,TARGET,TARGET,TARGET,TARGET
22699,2026-08-20 05:00:29.920,-1,7703.5,EMA8,6,2108,False,TARGET,TARGET,TARGET,TARGET,TARGET,TARGET,TARGET,TARGET,TARGET,TARGET
22703,2026-08-20 05:01:45.032,-1,7702.5,EMA8,6,4249,False,STOP,STOP,STOP,STOP,STOP,STOP,STOP,TARGET,TARGET,TARGET
22705,2026-08-20 05:02:37.332,-1,7703.0,EMA8,6,674,False,TARGET,TARGET,TARGET,TARGET,TARGET,TARGET,TARGET,TARGET,TARGET,TARGET
22716,2026-08-20 05:04:00.504,-1,7698.0,EMA8,6,260,False,TARGET,TARGET,TARGET,TARGET,TARGET,TARGET,TARGET,TARGET,TARGET,TARGET
22723,2026-08-20 05:05:17.044,-1,7695.75,EMA8,6,1625,False,STOP,STOP,STOP,TARGET,TARGET,TARGET,TARGET,TARGET,TARGET,TARGET
22746,2026-08-20 05:10:26.060,-1,7689.25,EMA8,6,3160,False,STOP,STOP,STOP,STOP,STOP,TARGET,TARGET,TARGET,TARGET,TARGET
22836,2026-08-20 05:31:11.516,-1,7686.75,EMA24,6,557,False,TARGET,TARGET,TARGET,TARGET,TARGET,TARGET,TARGET,TARGET,TARGET,TARGET
22841,2026-08-20 05:33:29.344,-1,7686.0,EMA24,6,505,False,TARGET,TARGET,TARGET,TARGET,TARGET,TARGET,TARGET,TARGET,TARGET,TARGET
22845,2026-08-20 05:34:02.164,-1,7685.75,EMA24,6,2425,False,STOP,STOP,STOP,STOP,TARGET,TARGET,TARGET,TARGET,TARGET,TARGET
22860,2026-08-20 05:38:25.840,-1,7683.5,EMA24,6,3440,False,STOP,STOP,STOP,STOP,STOP,STOP,STOP,STOP,STOP,STOP
22882,2026-08-20 05:49:47.180,1,7692.75,PIN,6,1481,False,TARGET,TARGET,TARGET,TARGET,TARGET,TARGET,TARGET,TARGET,TARGET,TARGET
22896,2026-08-20 05:58:46.400,1,7695.75,EMA8,6,870,False,TARGET,TARGET,TARGET,TARGET,TARGET,TARGET,TARGET,TARGET,TARGET,TARGET
22960,2026-08-20 06:30:05.752,1,7699.75,EMA8,6,2964,False,STOP,STOP,STOP,STOP,STOP,TARGET,TARGET,TARGET,TARGET,TARGET
22967,2026-08-20 06:30:23.868,1,7701.0,EMA8,6,2333,False,STOP,STOP,STOP,STOP,STOP,TARGET,TARGET,TARGET,TARGET,TARGET
22977,2026-08-20 06:30:48.268,1,7700.75,EMA24,6,2613,False,STOP,STOP,STOP,STOP,STOP,STOP,STOP,STOP,STOP,STOP
23000,2026-08-20 06:32:55.440,1,7703.5,EMA24,6,272,False,TARGET,TARGET,TARGET,TARGET,TARGET,TARGET,TARGET,TARGET,TARGET,TARGET
23015,2026-08-20 06:34:23.120,1,7707.0,EMA8,6,3440,False,STOP,STOP,STOP,TARGET,TARGET,TARGET,TARGET,TARGET,TARGET,TARGET
23017,2026-08-20 06:34:37.024,1,7707.5,EMA8,6,60,False,TARGET,TARGET,TARGET,TARGET,TARGET,TARGET,TARGET,TARGET,TARGET,TARGET
23024,2026-08-20 06:35:15.608,1,7706.5,EMA24,6,1,True,TARGET,TARGET,TARGET,TARGET,TARGET,TARGET,TARGET,TARGET,TARGET,TARGET
23079,2026-08-20 06:41:02.996,-1,7707.75,EMA50,6,2372,False,STOP,STOP,STOP,STOP,STOP,STOP,STOP,STOP,STOP,STOP
23096,2026-08-20 06:43:25.136,1,7714.5,EMA8,6,6850,False,STOP,STOP,STOP,STOP,STOP,STOP,TARGET,TARGET,TARGET,TARGET
23098,2026-08-20 06:43:43.292,1,7714.25,EMA8,6,900,False,STOP,TARGET,TARGET,TARGET,TARGET,TARGET,TARGET,TARGET,TARGET,TARGET
23102,2026-08-20 06:44:19.000,1,7716.0,EMA8,6,5380,False,STOP,STOP,STOP,STOP,STOP,STOP,STOP,STOP,STOP,STOP
23169,2026-08-20 06:52:34.532,-1,7706.5,EMA24,6,2543,False,STOP,STOP,STOP,TARGET,TARGET,TARGET,TARGET,TARGET,TARGET,TARGET
23176,2026-08-20 06:53:40.544,-1,7705.0,EMA8,6,5304,False,STOP,STOP,STOP,STOP,STOP,TARGET,TARGET,TARGET,TARGET,TARGET
23184,2026-08-20 06:54:41.616,-1,7704.5,EMA24,6,2527,False,STOP,STOP,STOP,STOP,STOP,STOP,STOP,STOP,STOP,STOP
23211,2026-08-20 06:57:14.560,-1,7703.75,EMA8,6,231,False,TARGET,TARGET,TARGET,TARGET,TARGET,TARGET,TARGET,TARGET,TARGET,TARGET
23214,2026-08-20 06:57:43.056,-1,7703.0,EMA8,6,1372,False,TARGET,TARGET,TARGET,TARGET,TARGET,TARGET,TARGET,TARGET,TARGET,TARGET
23224,2026-08-20 06:59:12.904,-1,7704.25,EMA50,6,3185,False,TARGET,TARGET,TARGET,TARGET,TARGET,TARGET,TARGET,TARGET,TARGET,TARGET
23266,2026-08-20 07:03:58.616,-1,7701.25,EMA24,6,680,False,TARGET,TARGET,TARGET,TARGET,TARGET,TARGET,TARGET,TARGET,TARGET,TARGET
23318,2026-08-20 07:10:28.672,1,7704.75,EMA8,6,5286,False,STOP,STOP,STOP,STOP,STOP,STOP,STOP,STOP,STOP,STOP
23327,2026-08-20 07:11:27.004,1,7703.0,EMA50,6,8359,False,STOP,STOP,STOP,STOP,STOP,STOP,STOP,STOP,STOP,STOP
23366,2026-08-20 07:18:03.704,-1,7693.75,EMA8,6,10586,False,STOP,STOP,STOP,STOP,STOP,STOP,STOP,STOP,STOP,STOP
23398,2026-08-20 07:21:36.476,1,7700.75,EMA8,6,5948,False,STOP,STOP,STOP,STOP,STOP,STOP,STOP,STOP,STOP,STOP
23424,2026-08-20 07:24:51.928,1,7706.25,EMA8,6,6925,False,STOP,STOP,STOP,STOP,STOP,STOP,STOP,STOP,STOP,STOP
23430,2026-08-20 07:25:28.572,1,7705.25,EMA24,6,450,False,TARGET,TARGET,TARGET,TARGET,TARGET,TARGET,TARGET,TARGET,TARGET,TARGET
23460,2026-08-20 07:30:00.072,-1,7700.5,EMA24+EMA50,6,3586,False,STOP,STOP,STOP,TARGET,TARGET,TARGET,TARGET,TARGET,TARGET,TARGET
23462,2026-08-20 07:30:10.116,-1,7700.0,EMA50,6,160,False,TARGET,TARGET,TARGET,TARGET,TARGET,TARGET,TARGET,TARGET,TARGET,TARGET
23552,2026-08-20 07:45:26.396,1,7710.75,EMA8,6,1202,False,TARGET,TARGET,TARGET,TARGET,TARGET,TARGET,TARGET,TARGET,TARGET,TARGET
23602,2026-08-20 07:57:00.696,-1,7705.25,EMA8,6,4732,False,STOP,STOP,STOP,STOP,STOP,STOP,STOP,TARGET,TARGET,TARGET
23604,2026-08-20 07:57:21.260,-1,7705.75,EMA50,6,1,True,TARGET,TARGET,TARGET,TARGET,TARGET,TARGET,TARGET,TARGET,TARGET,TARGET
23639,2026-08-20 08:01:46.456,1,7716.75,EMA8,6,3222,False,STOP,STOP,STOP,STOP,STOP,TARGET,TARGET,TARGET,TARGET,TARGET
23641,2026-08-20 08:01:52.564,1,7716.75,EMA8,6,635,False,TARGET,TARGET,TARGET,TARGET,TARGET,TARGET,TARGET,TARGET,TARGET,TARGET
23652,2026-08-20 08:02:13.108,1,7718.5,EMA8,6,1535,False,STOP,STOP,STOP,STOP,STOP,STOP,STOP,STOP,STOP,STOP
23692,2026-08-20 08:07:39.608,-1,7709.0,EMA8,6,4540,False,STOP,STOP,STOP,STOP,STOP,STOP,TARGET,TARGET,TARGET,TARGET
23694,2026-08-20 08:07:49.028,-1,7709.25,EMA8,6,1721,False,STOP,TARGET,TARGET,TARGET,TARGET,TARGET,TARGET,TARGET,TARGET,TARGET
23712,2026-08-20 08:10:00.344,-1,7703.5,EMA8,6,6927,False,STOP,STOP,STOP,STOP,STOP,STOP,STOP,TARGET,TARGET,TARGET
23720,2026-08-20 08:10:45.972,-1,7702.75,EMA8,6,754,False,TARGET,TARGET,TARGET,TARGET,TARGET,TARGET,TARGET,TARGET,TARGET,TARGET
23730,2026-08-20 08:12:00.836,-1,7701.5,EMA24,6,4030,False,STOP,STOP,STOP,TARGET,TARGET,TARGET,TARGET,TARGET,TARGET,TARGET
23826,2026-08-20 08:29:59.124,1,7705.5,EMA8,6,3308,False,STOP,STOP,STOP,STOP,TARGET,TARGET,TARGET,TARGET,TARGET,TARGET
23848,2026-08-20 08:34:58.744,-1,7698.0,EMA8,6,7276,False,STOP,STOP,STOP,STOP,TARGET,TARGET,TARGET,TARGET,TARGET,TARGET
23850,2026-08-20 08:35:36.912,-1,7697.75,EMA8,6,2377,False,STOP,STOP,TARGET,TARGET,TARGET,TARGET,TARGET,TARGET,TARGET,TARGET
23871,2026-08-20 08:41:46.808,-1,7694.0,EMA8,6,7964,False,STOP,STOP,STOP,STOP,STOP,STOP,STOP,STOP,STOP,STOP
23888,2026-08-20 08:47:02.244,-1,7691.25,EMA8,6,3963,False,STOP,STOP,STOP,STOP,STOP,STOP,STOP,STOP,STOP,STOP
23982,2026-08-20 09:25:47.512,1,7697.75,EMA8,6,10619,False,STOP,STOP,STOP,STOP,STOP,STOP,STOP,STOP,STOP,STOP
24057,2026-08-20 10:12:15.528,-1,7695.0,EMA8,6,4382,False,STOP,STOP,STOP,STOP,STOP,STOP,TARGET,TARGET,TARGET,TARGET
24059,2026-08-20 10:13:48.160,-1,7695.25,EMA8,6,792,False,TARGET,TARGET,TARGET,TARGET,TARGET,TARGET,TARGET,TARGET,TARGET,TARGET
24064,2026-08-20 10:16:42.676,-1,7689.5,PIN,6,3599,False,TARGET,TARGET,TARGET,TARGET,TARGET,TARGET,TARGET,TARGET,TARGET,TARGET
24093,2026-08-20 10:34:04.928,-1,7685.0,EMA8,6,3091,False,STOP,STOP,TARGET,TARGET,TARGET,TARGET,TARGET,TARGET,TARGET,TARGET
24096,2026-08-20 10:36:08.280,-1,7684.5,EMA8,6,1581,False,STOP,STOP,STOP,STOP,TARGET,TARGET,TARGET,TARGET,TARGET,TARGET
24104,2026-08-20 10:40:00.048,-1,7682.75,EMA8,6,2359,False,STOP,STOP,TARGET,TARGET,TARGET,TARGET,TARGET,TARGET,TARGET,TARGET
24115,2026-08-20 10:48:48.460,-1,7685.0,EMA50,6,5333,False,STOP,STOP,STOP,STOP,STOP,STOP,STOP,STOP,STOP,STOP
24151,2026-08-20 11:10:09.464,-1,7674.5,EMA8,6,1979,False,TARGET,TARGET,TARGET,TARGET,TARGET,TARGET,TARGET,TARGET,TARGET,TARGET
24161,2026-08-20 11:14:29.476,-1,7673.75,EMA8,6,3794,False,STOP,STOP,TARGET,TARGET,TARGET,TARGET,TARGET,TARGET,TARGET,TARGET
24166,2026-08-20 11:16:50.604,-1,7669.75,PIN,6,6072,False,STOP,STOP,STOP,STOP,STOP,STOP,STOP,STOP,STOP,STOP
24270,2026-08-20 12:36:16.180,-1,7671.25,EMA24,6,2190,False,STOP,STOP,STOP,STOP,STOP,STOP,STOP,STOP,STOP,STOP
24322,2026-08-20 12:55:25.872,-1,7666.25,EMA8,6,938,False,STOP,TARGET,TARGET,TARGET,TARGET,TARGET,TARGET,TARGET,TARGET,TARGET
24330,2026-08-20 12:57:06.812,-1,7662.25,EMA8,6,1879,False,STOP,STOP,TARGET,TARGET,TARGET,TARGET,TARGET,TARGET,TARGET,TARGET
24334,2026-08-20 12:58:06.760,-1,7661.25,EMA8,6,5907,False,STOP,STOP,STOP,STOP,STOP,STOP,STOP,STOP,STOP,STOP
24339,2026-08-20 12:59:00.448,-1,7663.25,EMA24,6,7709,False,STOP,STOP,STOP,STOP,STOP,STOP,STOP,STOP,STOP,STOP
24345,2026-08-20 12:59:39.680,-1,7664.75,EMA50,6,185,False,TARGET,TARGET,TARGET,TARGET,TARGET,TARGET,TARGET,TARGET,TARGET,TARGET
24353,2026-08-20 12:59:53.388,-1,7661.5,EMA8,6,4868,False,STOP,STOP,STOP,STOP,STOP,STOP,STOP,STOP,STOP,STOP
24355,2026-08-20 12:59:55.408,-1,7662.0,EMA24,6,3159,False,STOP,STOP,STOP,STOP,STOP,STOP,STOP,STOP,STOP,STOP
24472,2026-08-20 17:05:07.440,1,7669.0,EMA8,6,231,False,TARGET,TARGET,TARGET,TARGET,TARGET,TARGET,TARGET,TARGET,TARGET,TARGET
24527,2026-08-20 18:11:11.012,-1,7662.5,EMA8,6,2215,False,STOP,STOP,STOP,STOP,STOP,STOP,STOP,STOP,STOP,STOP
24531,2026-08-20 18:15:07.948,-1,7664.5,EMA24,6,3021,False,STOP,STOP,STOP,STOP,STOP,STOP,STOP,STOP,STOP,STOP
24574,2026-08-20 19:29:50.768,1,7671.75,EMA8,6,20903,False,STOP,STOP,STOP,STOP,STOP,STOP,STOP,STOP,STOP,STOP
24578,2026-08-20 19:43:56.592,1,7672.25,EMA8,6,12384,False,STOP,STOP,STOP,STOP,STOP,STOP,STOP,STOP,STOP,STOP
24582,2026-08-20 19:52:25.140,1,7672.0,EMA8,6,7117,False,STOP,STOP,STOP,STOP,STOP,STOP,STOP,STOP,STOP,STOP
24659,2026-08-20 23:52:16.420,1,7672.0,EMA24,6,2016,False,STOP,TARGET,TARGET,TARGET,TARGET,TARGET,TARGET,TARGET,TARGET,TARGET
24664,2026-08-21 00:01:09.120,1,7672.5,EMA24,6,1110,False,STOP,STOP,TARGET,TARGET,TARGET,TARGET,TARGET,TARGET,TARGET,TARGET
24676,2026-08-21 00:18:08.864,1,7677.5,EMA8,6,4353,False,STOP,STOP,STOP,TARGET,TARGET,TARGET,TARGET,TARGET,TARGET,TARGET
24689,2026-08-21 00:41:52.780,1,7680.75,EMA8,6,983,False,TARGET,TARGET,TARGET,TARGET,TARGET,TARGET,TARGET,TARGET,TARGET,TARGET
24695,2026-08-21 00:47:39.368,1,7680.0,EMA24,6,63,False,TARGET,TARGET,TARGET,TARGET,TARGET,TARGET,TARGET,TARGET,TARGET,TARGET
24698,2026-08-21 00:53:22.620,1,7681.25,EMA8,6,4410,False,STOP,STOP,STOP,STOP,STOP,STOP,STOP,TARGET,TARGET,TARGET
24712,2026-08-21 01:12:07.508,1,7680.0,EMA50,6,5326,False,STOP,STOP,STOP,STOP,STOP,TARGET,TARGET,TARGET,TARGET,TARGET
24736,2026-08-21 01:44:10.492,1,7686.25,EMA8,6,3780,False,STOP,STOP,TARGET,TARGET,TARGET,TARGET,TARGET,TARGET,TARGET,TARGET
24741,2026-08-21 01:54:21.816,1,7687.75,EMA8,6,5495,False,STOP,STOP,STOP,STOP,STOP,STOP,STOP,STOP,STOP,STOP
24746,2026-08-21 02:04:18.272,1,7685.5,EMA24,6,2284,False,STOP,STOP,STOP,STOP,STOP,STOP,STOP,STOP,STOP,STOP
24827,2026-08-21 04:25:44.876,1,7697.0,EMA8,6,407,False,TARGET,TARGET,TARGET,TARGET,TARGET,TARGET,TARGET,TARGET,TARGET,TARGET
24861,2026-08-21 04:41:06.068,1,7696.75,EMA50,6,1270,False,STOP,STOP,TARGET,TARGET,TARGET,TARGET,TARGET,TARGET,TARGET,TARGET
24948,2026-08-21 06:27:40.008,-1,7687.0,EMA8,6,1,True,STOP,STOP,STOP,STOP,STOP,STOP,STOP,STOP,STOP,STOP
24952,2026-08-21 06:27:40.196,-1,7690.0,EMA24,6,1718,False,STOP,STOP,STOP,STOP,STOP,STOP,STOP,STOP,STOP,STOP
24990,2026-08-21 06:30:21.860,-1,7692.25,EMA50,6,231,False,TARGET,TARGET,TARGET,TARGET,TARGET,TARGET,TARGET,TARGET,TARGET,TARGET
25008,2026-08-21 06:31:49.388,-1,7689.25,EMA24,6,1415,False,STOP,STOP,TARGET,TARGET,TARGET,TARGET,TARGET,TARGET,TARGET,TARGET
25013,2026-08-21 06:32:16.516,-1,7690.0,EMA50,6,1,False,TARGET,TARGET,TARGET,TARGET,TARGET,TARGET,TARGET,TARGET,TARGET,TARGET
25038,2026-08-21 06:35:35.072,-1,7682.75,EMA8,6,1,False,TARGET,TARGET,TARGET,TARGET,TARGET,TARGET,TARGET,TARGET,TARGET,TARGET
25150,2026-08-21 06:55:23.812,-1,7680.0,EMA24,6,19772,False,STOP,STOP,STOP,STOP,STOP,STOP,STOP,STOP,STOP,STOP
25213,2026-08-21 07:10:05.708,1,7688.25,EMA24,6,6229,False,STOP,STOP,STOP,STOP,STOP,STOP,STOP,TARGET,TARGET,TARGET
25234,2026-08-21 07:14:36.880,-1,7682.5,EMA8,6,11100,False,STOP,STOP,STOP,STOP,STOP,STOP,STOP,STOP,STOP,STOP
25236,2026-08-21 07:15:10.136,-1,7682.75,EMA8,6,22969,False,STOP,STOP,STOP,STOP,STOP,STOP,STOP,STOP,STOP,STOP
25311,2026-08-21 07:36:54.256,-1,7679.25,EMA8,6,515,False,TARGET,TARGET,TARGET,TARGET,TARGET,TARGET,TARGET,TARGET,TARGET,TARGET
25354,2026-08-21 07:51:14.888,1,7686.0,EMA8,6,11427,False,STOP,STOP,STOP,STOP,STOP,STOP,STOP,TARGET,TARGET,TARGET
25356,2026-08-21 07:51:57.240,1,7685.5,EMA8,6,5951,False,STOP,STOP,STOP,STOP,STOP,TARGET,TARGET,TARGET,TARGET,TARGET
25366,2026-08-21 07:54:53.580,1,7685.5,EMA24,6,5676,False,STOP,STOP,TARGET,TARGET,TARGET,TARGET,TARGET,TARGET,TARGET,TARGET
25393,2026-08-21 08:02:46.148,1,7694.5,EMA24,6,4788,False,STOP,STOP,STOP,STOP,STOP,TARGET,TARGET,TARGET,TARGET,TARGET
25395,2026-08-21 08:03:12.008,1,7694.5,EMA24,6,1845,False,STOP,TARGET,TARGET,TARGET,TARGET,TARGET,TARGET,TARGET,TARGET,TARGET
25408,2026-08-21 08:07:29.612,1,7698.5,EMA8,6,7210,False,STOP,STOP,STOP,STOP,STOP,STOP,STOP,STOP,STOP,STOP
25462,2026-08-21 08:38:55.512,1,7702.25,EMA8,6,1689,False,STOP,STOP,TARGET,TARGET,TARGET,TARGET,TARGET,TARGET,TARGET,TARGET
25470,2026-08-21 08:41:25.296,1,7708.75,PIN,6,1054,False,TARGET,TARGET,TARGET,TARGET,TARGET,TARGET,TARGET,TARGET,TARGET,TARGET
25474,2026-08-21 08:43:05.540,1,7708.25,EMA8,6,9137,False,STOP,STOP,STOP,STOP,STOP,STOP,STOP,TARGET,TARGET,TARGET
25480,2026-08-21 08:46:31.604,1,7709.0,EMA8,6,8890,False,STOP,STOP,STOP,STOP,STOP,STOP,STOP,STOP,STOP,STOP
25484,2026-08-21 08:50:01.716,1,7706.25,EMA24,6,1042,False,TARGET,TARGET,TARGET,TARGET,TARGET,TARGET,TARGET,TARGET,TARGET,TARGET
25519,2026-08-21 09:09:26.060,-1,7700.5,EMA8,6,405,False,TARGET,TARGET,TARGET,TARGET,TARGET,TARGET,TARGET,TARGET,TARGET,TARGET
25533,2026-08-21 09:17:41.780,-1,7699.25,EMA24,6,2524,False,STOP,TARGET,TARGET,TARGET,TARGET,TARGET,TARGET,TARGET,TARGET,TARGET
25555,2026-08-21 09:21:10.836,1,7704.75,EMA8,6,2711,False,STOP,STOP,STOP,STOP,STOP,STOP,STOP,STOP,STOP,STOP
25575,2026-08-21 09:24:39.420,-1,7697.0,EMA8,6,18363,False,STOP,STOP,STOP,STOP,STOP,STOP,STOP,STOP,STOP,STOP
25658,2026-08-21 10:29:50.980,-1,7694.5,EMA24,6,807,False,TARGET,TARGET,TARGET,TARGET,TARGET,TARGET,TARGET,TARGET,TARGET,TARGET
25677,2026-08-21 10:48:59.848,-1,7693.0,EMA50,6,964,False,TARGET,TARGET,TARGET,TARGET,TARGET,TARGET,TARGET,TARGET,TARGET,TARGET
25689,2026-08-21 11:01:57.436,-1,7690.5,EMA24,6,4110,False,STOP,STOP,STOP,STOP,STOP,STOP,STOP,STOP,STOP,STOP
25700,2026-08-21 11:13:49.524,-1,7689.5,EMA24,6,23522,False,STOP,STOP,STOP,STOP,STOP,STOP,STOP,STOP,TARGET,TARGET
25706,2026-08-21 11:22:40.132,-1,7690.25,EMA50,6,4598,False,STOP,STOP,STOP,STOP,TARGET,TARGET,TARGET,TARGET,TARGET,TARGET
25743,2026-08-21 12:13:31.520,1,7695.25,EMA24,6,11527,False,STOP,STOP,STOP,STOP,STOP,STOP,TARGET,TARGET,TARGET,TARGET
25745,2026-08-21 12:17:19.764,1,7695.0,EMA50,6,1776,False,STOP,TARGET,TARGET,TARGET,TARGET,TARGET,TARGET,TARGET,TARGET,TARGET
25817,2026-08-21 13:00:01.324,-1,7691.25,EMA8,6,93,False,TARGET,TARGET,TARGET,TARGET,TARGET,TARGET,TARGET,TARGET,TARGET,TARGET
25829,2026-08-21 13:15:42.324,-1,7690.75,EMA24,6,981,False,STOP,STOP,STOP,TARGET,TARGET,TARGET,TARGET,TARGET,TARGET,TARGET
25835,2026-08-21 13:27:11.068,-1,7688.5,EMA8,6,5456,False,STOP,STOP,STOP,STOP,STOP,STOP,TARGET,TARGET,TARGET,TARGET
25865,2026-08-23 15:01:41.544,-1,7682.5,EMA8,6,293,False,STOP,STOP,STOP,STOP,STOP,STOP,STOP,STOP,STOP,STOP
25869,2026-08-23 15:02:10.064,-1,7684.75,EMA24,6,54,False,TARGET,TARGET,TARGET,TARGET,TARGET,TARGET,TARGET,TARGET,TARGET,TARGET
25886,2026-08-23 15:04:28.028,-1,7684.5,EMA24,6,2059,False,STOP,STOP,STOP,STOP,STOP,STOP,STOP,STOP,TARGET,TARGET
25919,2026-08-23 16:24:58.600,1,7692.75,PIN,6,514,False,TARGET,TARGET,TARGET,TARGET,TARGET,TARGET,TARGET,TARGET,TARGET,TARGET
25922,2026-08-23 16:30:19.384,1,7696.25,PIN,6,10696,False,STOP,STOP,STOP,STOP,STOP,STOP,TARGET,TARGET,TARGET,TARGET
25928,2026-08-23 16:46:18.764,1,7696.0,EMA8,6,1710,False,STOP,TARGET,TARGET,TARGET,TARGET,TARGET,TARGET,TARGET,TARGET,TARGET
25947,2026-08-23 17:03:36.084,1,7700.25,EMA24,6,8732,False,STOP,STOP,STOP,STOP,STOP,STOP,STOP,STOP,STOP,STOP
25980,2026-08-23 17:22:44.992,-1,7689.75,EMA8,6,603,False,TARGET,TARGET,TARGET,TARGET,TARGET,TARGET,TARGET,TARGET,TARGET,TARGET
26037,2026-08-23 18:09:57.120,1,7699.75,EMA8,6,3477,False,STOP,TARGET,TARGET,TARGET,TARGET,TARGET,TARGET,TARGET,TARGET,TARGET
26042,2026-08-23 18:17:32.108,1,7701.5,EMA8,6,2879,False,STOP,STOP,STOP,STOP,TARGET,TARGET,TARGET,TARGET,TARGET,TARGET
26174,2026-08-23 20:41:32.464,-1,7687.5,EMA8,6,193,False,TARGET,TARGET,TARGET,TARGET,TARGET,TARGET,TARGET,TARGET,TARGET,TARGET
26184,2026-08-23 20:53:47.628,-1,7684.5,EMA8,6,320,False,TARGET,TARGET,TARGET,TARGET,TARGET,TARGET,TARGET,TARGET,TARGET,TARGET
26189,2026-08-23 21:06:55.476,-1,7682.75,EMA8,6,17238,False,STOP,STOP,STOP,STOP,STOP,STOP,STOP,STOP,STOP,TARGET
26203,2026-08-23 21:26:57.068,-1,7682.75,EMA8,6,628,False,STOP,TARGET,TARGET,TARGET,TARGET,TARGET,TARGET,TARGET,TARGET,TARGET
26246,2026-08-23 22:33:13.644,-1,7676.75,PIN,6,2269,False,STOP,STOP,STOP,TARGET,TARGET,TARGET,TARGET,TARGET,TARGET,TARGET
26247,2026-08-23 22:34:25.996,-1,7676.25,PIN,6,6003,False,STOP,STOP,STOP,STOP,STOP,STOP,STOP,STOP,STOP,STOP
26253,2026-08-23 22:39:47.212,-1,7678.75,EMA24,6,2622,False,STOP,STOP,STOP,STOP,STOP,STOP,STOP,STOP,STOP,STOP
26257,2026-08-23 22:42:11.904,-1,7681.0,EMA50,6,621,False,TARGET,TARGET,TARGET,TARGET,TARGET,TARGET,TARGET,TARGET,TARGET,TARGET
26283,2026-08-23 23:08:00.568,-1,7673.5,EMA8,6,829,False,STOP,TARGET,TARGET,TARGET,TARGET,TARGET,TARGET,TARGET,TARGET,TARGET
26302,2026-08-23 23:23:42.360,-1,7672.5,EMA24,6,12340,False,STOP,STOP,STOP,STOP,STOP,STOP,STOP,STOP,STOP,STOP
26352,2026-08-24 00:19:11.808,1,7676.75,EMA24,6,457,False,TARGET,TARGET,TARGET,TARGET,TARGET,TARGET,TARGET,TARGET,TARGET,TARGET
26375,2026-08-24 00:47:48.124,-1,7673.75,EMA8,6,915,False,STOP,STOP,TARGET,TARGET,TARGET,TARGET,TARGET,TARGET,TARGET,TARGET
26389,2026-08-24 01:00:39.888,-1,7671.75,EMA24,6,2871,False,STOP,STOP,STOP,TARGET,TARGET,TARGET,TARGET,TARGET,TARGET,TARGET
26532,2026-08-24 04:00:09.012,-1,7670.5,EMA8,6,1369,False,STOP,STOP,STOP,STOP,STOP,TARGET,TARGET,TARGET,TARGET,TARGET
26534,2026-08-24 04:00:20.032,-1,7670.5,EMA8,6,301,False,TARGET,TARGET,TARGET,TARGET,TARGET,TARGET,TARGET,TARGET,TARGET,TARGET
26575,2026-08-24 04:35:08.592,1,7681.25,PIN,6,1117,False,STOP,STOP,STOP,STOP,STOP,STOP,STOP,STOP,STOP,STOP
26582,2026-08-24 04:35:38.848,1,7679.5,EMA8,6,2965,False,STOP,STOP,STOP,STOP,TARGET,TARGET,TARGET,TARGET,TARGET,TARGET
26600,2026-08-24 04:38:31.884,1,7683.25,EMA8,6,97,False,TARGET,TARGET,TARGET,TARGET,TARGET,TARGET,TARGET,TARGET,TARGET,TARGET
26607,2026-08-24 04:39:29.280,1,7683.25,EMA24,6,3134,False,STOP,STOP,STOP,STOP,TARGET,TARGET,TARGET,TARGET,TARGET,TARGET
26609,2026-08-24 04:39:41.084,1,7683.5,EMA24,6,2486,False,STOP,STOP,STOP,STOP,STOP,TARGET,TARGET,TARGET,TARGET,TARGET
26636,2026-08-24 05:00:01.136,-1,7679.0,EMA50,6,3038,False,STOP,STOP,STOP,STOP,STOP,TARGET,TARGET,TARGET,TARGET,TARGET
26680,2026-08-24 05:32:53.336,-1,7672.0,EMA8,6,681,True,STOP,STOP,STOP,STOP,STOP,STOP,STOP,STOP,STOP,STOP
26683,2026-08-24 05:32:53.376,-1,7671.25,EMA8,6,207,True,STOP,STOP,STOP,STOP,STOP,STOP,STOP,STOP,STOP,STOP
26693,2026-08-24 05:32:57.068,-1,7674.0,EMA50,6,1,True,TARGET,TARGET,TARGET,TARGET,TARGET,TARGET,TARGET,TARGET,TARGET,TARGET
26702,2026-08-24 05:33:02.544,-1,7671.75,EMA24,6,1,True,TARGET,TARGET,TARGET,TARGET,TARGET,TARGET,TARGET,TARGET,TARGET,TARGET
26732,2026-08-24 05:41:54.824,1,7677.5,EMA8,6,1,True,TARGET,TARGET,TARGET,TARGET,TARGET,TARGET,TARGET,TARGET,TARGET,TARGET
26769,2026-08-24 06:07:51.988,1,7678.25,EMA50,6,1337,False,STOP,TARGET,TARGET,TARGET,TARGET,TARGET,TARGET,TARGET,TARGET,TARGET
26801,2026-08-24 06:29:54.208,1,7680.75,EMA8,6,557,False,TARGET,TARGET,TARGET,TARGET,TARGET,TARGET,TARGET,TARGET,TARGET,TARGET
26819,2026-08-24 06:30:37.200,-1,7674.75,EMA8,6,2609,False,STOP,STOP,TARGET,TARGET,TARGET,TARGET,TARGET,TARGET,TARGET,TARGET
26823,2026-08-24 06:31:01.644,-1,7670.75,PIN,6,1,False,TARGET,TARGET,TARGET,TARGET,TARGET,TARGET,TARGET,TARGET,TARGET,TARGET
26832,2026-08-24 06:31:30.156,-1,7672.75,EMA24,6,3555,False,STOP,STOP,STOP,STOP,STOP,STOP,STOP,STOP,STOP,STOP
26838,2026-08-24 06:32:02.968,-1,7675.0,EMA50,6,2698,False,STOP,TARGET,TARGET,TARGET,TARGET,TARGET,TARGET,TARGET,TARGET,TARGET
26853,2026-08-24 06:33:54.080,-1,7668.5,EMA8,6,16426,False,STOP,STOP,STOP,STOP,STOP,STOP,TARGET,TARGET,TARGET,TARGET
26871,2026-08-24 06:36:21.780,-1,7669.5,EMA50,6,7367,False,STOP,STOP,STOP,STOP,STOP,STOP,STOP,STOP,STOP,STOP
26891,2026-08-24 06:39:00.164,-1,7666.75,EMA8,6,20324,False,STOP,STOP,STOP,STOP,STOP,STOP,STOP,STOP,STOP,STOP
26930,2026-08-24 06:43:43.568,-1,7662.25,EMA8,6,9011,False,STOP,STOP,STOP,STOP,TARGET,TARGET,TARGET,TARGET,TARGET,TARGET
26932,2026-08-24 06:44:19.540,-1,7662.0,EMA8,6,583,False,TARGET,TARGET,TARGET,TARGET,TARGET,TARGET,TARGET,TARGET,TARGET,TARGET
26975,2026-08-24 06:49:49.792,1,7667.25,EMA24,6,10063,False,STOP,STOP,STOP,STOP,STOP,STOP,STOP,STOP,STOP,STOP
27012,2026-08-24 06:55:32.944,1,7668.0,EMA8,6,636,False,STOP,TARGET,TARGET,TARGET,TARGET,TARGET,TARGET,TARGET,TARGET,TARGET
27019,2026-08-24 06:56:29.680,1,7669.5,EMA8,6,5349,False,STOP,STOP,TARGET,TARGET,TARGET,TARGET,TARGET,TARGET,TARGET,TARGET
27036,2026-08-24 07:00:00.856,1,7669.0,EMA50,6,5432,False,STOP,STOP,STOP,STOP,TARGET,TARGET,TARGET,TARGET,TARGET,TARGET
27038,2026-08-24 07:00:06.180,1,7669.25,EMA50,6,2633,False,STOP,STOP,STOP,STOP,STOP,TARGET,TARGET,TARGET,TARGET,TARGET
27040,2026-08-24 07:00:12.372,1,7669.25,EMA50,6,554,False,TARGET,TARGET,TARGET,TARGET,TARGET,TARGET,TARGET,TARGET,TARGET,TARGET
27069,2026-08-24 07:03:32.376,-1,7664.75,EMA8,6,1601,False,STOP,STOP,STOP,STOP,TARGET,TARGET,TARGET,TARGET,TARGET,TARGET
27151,2026-08-24 07:23:59.072,1,7666.0,EMA24,6,5497,False,STOP,STOP,STOP,STOP,STOP,STOP,STOP,STOP,STOP,STOP
27177,2026-08-24 07:33:34.588,1,7670.75,PIN,6,2332,False,TARGET,TARGET,TARGET,TARGET,TARGET,TARGET,TARGET,TARGET,TARGET,TARGET
27183,2026-08-24 07:36:09.316,1,7671.0,EMA8,6,3239,False,STOP,STOP,STOP,TARGET,TARGET,TARGET,TARGET,TARGET,TARGET,TARGET
27185,2026-08-24 07:36:27.016,1,7671.5,EMA8,6,4752,False,STOP,STOP,STOP,STOP,STOP,TARGET,TARGET,TARGET,TARGET,TARGET
27190,2026-08-24 07:38:34.228,1,7672.25,EMA8,6,19918,False,STOP,STOP,STOP,STOP,STOP,STOP,STOP,STOP,TARGET,TARGET
27207,2026-08-24 07:45:30.984,1,7671.0,EMA50,6,307,False,TARGET,TARGET,TARGET,TARGET,TARGET,TARGET,TARGET,TARGET,TARGET,TARGET
27236,2026-08-24 07:58:49.856,1,7671.5,EMA50,6,6675,False,STOP,STOP,STOP,STOP,STOP,STOP,TARGET,TARGET,TARGET,TARGET
27248,2026-08-24 08:05:30.356,-1,7663.75,PIN,6,1149,False,TARGET,TARGET,TARGET,TARGET,TARGET,TARGET,TARGET,TARGET,TARGET,TARGET
27258,2026-08-24 08:11:09.972,-1,7662.5,EMA8,6,8508,False,STOP,STOP,STOP,STOP,STOP,STOP,STOP,STOP,STOP,STOP
27270,2026-08-24 08:17:34.556,-1,7660.75,EMA8,6,12611,False,STOP,STOP,STOP,STOP,STOP,STOP,STOP,TARGET,TARGET,TARGET
27306,2026-08-24 08:29:30.372,1,7671.75,EMA8,6,1,True,TARGET,TARGET,TARGET,TARGET,TARGET,TARGET,TARGET,TARGET,TARGET,TARGET
27317,2026-08-24 08:30:04.396,1,7671.25,EMA24,6,194,False,TARGET,TARGET,TARGET,TARGET,TARGET,TARGET,TARGET,TARGET,TARGET,TARGET
27339,2026-08-24 08:33:35.212,1,7671.5,EMA50,6,1786,False,STOP,TARGET,TARGET,TARGET,TARGET,TARGET,TARGET,TARGET,TARGET,TARGET
27362,2026-08-24 08:42:55.064,1,7676.75,EMA8,6,794,False,TARGET,TARGET,TARGET,TARGET,TARGET,TARGET,TARGET,TARGET,TARGET,TARGET
27377,2026-08-24 08:50:09.332,1,7678.0,EMA24,6,5497,False,STOP,STOP,STOP,STOP,TARGET,TARGET,TARGET,TARGET,TARGET,TARGET
27381,2026-08-24 08:52:41.540,1,7679.0,EMA8,6,3785,False,STOP,STOP,TARGET,TARGET,TARGET,TARGET,TARGET,TARGET,TARGET,TARGET
27388,2026-08-24 08:58:48.524,1,7677.75,EMA50,6,4490,False,STOP,STOP,STOP,STOP,STOP,TARGET,TARGET,TARGET,TARGET,TARGET
27390,2026-08-24 08:59:19.440,1,7677.75,EMA50,6,2089,False,STOP,TARGET,TARGET,TARGET,TARGET,TARGET,TARGET,TARGET,TARGET,TARGET
27406,2026-08-24 09:02:43.168,1,7682.0,EMA8,6,1038,False,TARGET,TARGET,TARGET,TARGET,TARGET,TARGET,TARGET,TARGET,TARGET,TARGET
27436,2026-08-24 09:27:33.136,1,7683.5,EMA24,6,11177,False,STOP,STOP,STOP,STOP,STOP,STOP,STOP,STOP,STOP,STOP
27460,2026-08-24 09:57:50.940,-1,7676.25,EMA8,6,5099,False,STOP,TARGET,TARGET,TARGET,TARGET,TARGET,TARGET,TARGET,TARGET,TARGET
27519,2026-08-24 10:33:10.416,-1,7668.5,EMA8,6,5291,False,STOP,STOP,STOP,STOP,TARGET,TARGET,TARGET,TARGET,TARGET,TARGET
27521,2026-08-24 10:34:54.536,-1,7668.25,EMA8,6,457,False,TARGET,TARGET,TARGET,TARGET,TARGET,TARGET,TARGET,TARGET,TARGET,TARGET
27654,2026-08-24 12:50:00.032,-1,7672.75,EMA50,6,5274,True,STOP,STOP,STOP,STOP,STOP,STOP,TARGET,TARGET,TARGET,TARGET
27671,2026-08-24 12:56:03.724,-1,7670.75,EMA50,6,2283,False,STOP,STOP,STOP,STOP,STOP,STOP,STOP,STOP,STOP,STOP
27732,2026-08-24 15:05:27.640,1,7675.0,EMA24,6,339,False,STOP,TARGET,TARGET,TARGET,TARGET,TARGET,TARGET,TARGET,TARGET,TARGET
27739,2026-08-24 15:32:01.476,1,7674.5,EMA50,6,6079,False,STOP,STOP,STOP,STOP,STOP,TARGET,TARGET,TARGET,TARGET,TARGET
27762,2026-08-24 17:01:36.504,-1,7669.25,EMA8,6,5828,False,STOP,STOP,STOP,STOP,TARGET,TARGET,TARGET,TARGET,TARGET,TARGET
27767,2026-08-24 17:07:53.556,-1,7668.5,EMA8,6,4690,False,STOP,STOP,TARGET,TARGET,TARGET,TARGET,TARGET,TARGET,TARGET,TARGET
27805,2026-08-24 17:45:30.472,1,7673.0,EMA8,6,1133,False,STOP,STOP,STOP,TARGET,TARGET,TARGET,TARGET,TARGET,TARGET,TARGET
27810,2026-08-24 17:50:50.668,1,7674.5,EMA8,6,3483,False,STOP,STOP,STOP,STOP,TARGET,TARGET,TARGET,TARGET,TARGET,TARGET
27813,2026-08-24 17:57:41.476,1,7675.25,EMA8,6,2560,False,STOP,STOP,STOP,STOP,STOP,STOP,STOP,STOP,STOP,STOP
27816,2026-08-24 18:04:16.772,1,7673.75,EMA24,6,1961,False,TARGET,TARGET,TARGET,TARGET,TARGET,TARGET,TARGET,TARGET,TARGET,TARGET
27840,2026-08-24 18:32:51.476,1,7674.0,EMA50,6,8931,False,STOP,STOP,STOP,STOP,STOP,STOP,STOP,STOP,TARGET,TARGET
27854,2026-08-24 18:53:24.988,1,7675.25,EMA24,6,18327,False,STOP,STOP,STOP,STOP,STOP,STOP,STOP,STOP,STOP,STOP
27856,2026-08-24 19:00:46.468,1,7674.5,EMA50,6,8742,False,STOP,STOP,STOP,STOP,STOP,STOP,STOP,STOP,STOP,STOP
27869,2026-08-24 19:25:22.228,-1,7671.25,EMA50,6,356,False,STOP,TARGET,TARGET,TARGET,TARGET,TARGET,TARGET,TARGET,TARGET,TARGET
27875,2026-08-24 19:30:49.844,-1,7671.25,EMA50,6,1802,False,STOP,STOP,STOP,STOP,STOP,STOP,STOP,STOP,STOP,STOP
27914,2026-08-24 20:15:32.988,1,7675.75,EMA8,6,683,False,STOP,STOP,TARGET,TARGET,TARGET,TARGET,TARGET,TARGET,TARGET,TARGET
27918,2026-08-24 20:26:14.360,1,7676.5,EMA8,6,525,False,STOP,TARGET,TARGET,TARGET,TARGET,TARGET,TARGET,TARGET,TARGET,TARGET
27927,2026-08-24 20:53:46.108,1,7674.75,EMA50,6,5430,False,STOP,STOP,TARGET,TARGET,TARGET,TARGET,TARGET,TARGET,TARGET,TARGET
27985,2026-08-24 23:34:14.604,1,7686.0,EMA8,6,5208,False,STOP,STOP,STOP,STOP,STOP,STOP,STOP,STOP,STOP,TARGET
27988,2026-08-24 23:40:52.692,1,7685.0,EMA24,6,603,False,TARGET,TARGET,TARGET,TARGET,TARGET,TARGET,TARGET,TARGET,TARGET,TARGET
28004,2026-08-25 00:14:24.244,1,7688.75,EMA24,6,2809,False,STOP,STOP,STOP,STOP,STOP,STOP,STOP,STOP,STOP,STOP
28055,2026-08-25 01:23:48.332,1,7688.0,EMA8,6,1,True,TARGET,TARGET,TARGET,TARGET,TARGET,TARGET,TARGET,TARGET,TARGET,TARGET
28067,2026-08-25 01:23:52.804,1,7693.5,EMA8,6,1,True,TARGET,TARGET,TARGET,TARGET,TARGET,TARGET,TARGET,TARGET,TARGET,TARGET
28089,2026-08-25 01:24:37.168,1,7695.25,EMA8,6,1,True,TARGET,TARGET,TARGET,TARGET,TARGET,TARGET,TARGET,TARGET,TARGET,TARGET
28103,2026-08-25 01:25:09.908,1,7697.0,EMA24,6,2922,False,STOP,STOP,STOP,STOP,STOP,STOP,STOP,STOP,STOP,STOP
28169,2026-08-25 02:11:26.940,1,7698.75,EMA8,6,2050,False,STOP,STOP,TARGET,TARGET,TARGET,TARGET,TARGET,TARGET,TARGET,TARGET
28177,2026-08-25 02:28:33.740,1,7698.75,EMA24,6,2629,False,STOP,TARGET,TARGET,TARGET,TARGET,TARGET,TARGET,TARGET,TARGET,TARGET
28185,2026-08-25 02:34:10.088,1,7707.0,PIN,6,1787,False,STOP,STOP,STOP,STOP,STOP,STOP,STOP,STOP,TARGET,TARGET
28196,2026-08-25 02:34:49.472,1,7708.5,EMA8,6,4376,False,STOP,STOP,STOP,STOP,STOP,STOP,STOP,STOP,STOP,STOP
28204,2026-08-25 02:36:18.380,1,7707.25,EMA24,6,2797,False,STOP,STOP,STOP,STOP,STOP,STOP,STOP,STOP,STOP,STOP
28265,2026-08-25 03:57:53.428,-1,7701.5,EMA8,6,3325,False,STOP,STOP,STOP,STOP,STOP,TARGET,TARGET,TARGET,TARGET,TARGET
28267,2026-08-25 04:00:04.900,-1,7701.5,EMA8,6,1561,False,STOP,TARGET,TARGET,TARGET,TARGET,TARGET,TARGET,TARGET,TARGET,TARGET
28313,2026-08-25 04:58:00.212,1,7704.25,EMA8,6,2745,False,STOP,STOP,STOP,STOP,TARGET,TARGET,TARGET,TARGET,TARGET,TARGET
28318,2026-08-25 05:03:53.548,1,7702.75,EMA50,6,307,False,TARGET,TARGET,TARGET,TARGET,TARGET,TARGET,TARGET,TARGET,TARGET,TARGET
28373,2026-08-25 06:11:19.060,-1,7698.25,EMA50,6,13327,False,STOP,STOP,STOP,STOP,STOP,STOP,STOP,STOP,STOP,TARGET
28408,2026-08-25 06:30:13.576,-1,7694.75,EMA8,6,9659,False,STOP,STOP,STOP,STOP,STOP,STOP,STOP,STOP,STOP,STOP
28542,2026-08-25 06:57:05.816,-1,7691.0,EMA8,6,884,False,TARGET,TARGET,TARGET,TARGET,TARGET,TARGET,TARGET,TARGET,TARGET,TARGET
28551,2026-08-25 06:59:41.008,-1,7688.75,EMA8,6,9112,False,STOP,STOP,STOP,STOP,STOP,STOP,STOP,STOP,TARGET,TARGET
28553,2026-08-25 07:00:05.964,-1,7689.0,EMA8,6,7674,False,STOP,STOP,STOP,STOP,STOP,STOP,STOP,TARGET,TARGET,TARGET
28568,2026-08-25 07:03:45.636,-1,7688.5,EMA24,6,1640,False,TARGET,TARGET,TARGET,TARGET,TARGET,TARGET,TARGET,TARGET,TARGET,TARGET
28574,2026-08-25 07:05:59.660,-1,7688.0,EMA24,6,3899,False,TARGET,TARGET,TARGET,TARGET,TARGET,TARGET,TARGET,TARGET,TARGET,TARGET
28582,2026-08-25 07:08:25.876,-1,7685.5,EMA8,6,19168,False,STOP,STOP,STOP,STOP,STOP,STOP,STOP,STOP,STOP,STOP
28645,2026-08-25 07:30:28.516,-1,7671.25,EMA8,6,1,True,TARGET,TARGET,TARGET,TARGET,TARGET,TARGET,TARGET,TARGET,TARGET,TARGET
28702,2026-08-25 07:31:24.300,1,7677.75,EMA8,6,4761,False,STOP,STOP,STOP,STOP,STOP,TARGET,TARGET,TARGET,TARGET,TARGET
28715,2026-08-25 07:34:01.968,1,7680.75,EMA8,6,5352,False,STOP,STOP,STOP,STOP,STOP,STOP,STOP,STOP,STOP,STOP
28724,2026-08-25 07:36:06.064,1,7678.5,EMA50,6,2347,False,STOP,TARGET,TARGET,TARGET,TARGET,TARGET,TARGET,TARGET,TARGET,TARGET
28757,2026-08-25 07:48:17.324,-1,7675.75,EMA50,6,14818,False,STOP,STOP,STOP,STOP,STOP,TARGET,TARGET,TARGET,TARGET,TARGET
28781,2026-08-25 08:00:56.256,1,7679.0,EMA24,6,2808,False,STOP,TARGET,TARGET,TARGET,TARGET,TARGET,TARGET,TARGET,TARGET,TARGET
28834,2026-08-25 08:29:49.828,1,7686.75,PIN,6,18112,False,STOP,STOP,STOP,STOP,STOP,STOP,STOP,STOP,STOP,STOP
28845,2026-08-25 08:33:57.108,1,7689.0,EMA8,6,2851,False,STOP,STOP,STOP,STOP,STOP,STOP,STOP,STOP,STOP,STOP
28858,2026-08-25 08:35:26.152,1,7687.0,EMA24,6,1869,False,STOP,STOP,TARGET,TARGET,TARGET,TARGET,TARGET,TARGET,TARGET,TARGET
28864,2026-08-25 08:36:43.092,1,7686.5,EMA50,6,10592,False,STOP,STOP,STOP,STOP,STOP,STOP,STOP,STOP,STOP,STOP
28890,2026-08-25 08:52:58.348,-1,7681.75,EMA24,6,2434,False,STOP,STOP,STOP,STOP,STOP,STOP,STOP,STOP,STOP,STOP
28912,2026-08-25 09:10:34.308,1,7687.75,EMA24,6,1202,False,TARGET,TARGET,TARGET,TARGET,TARGET,TARGET,TARGET,TARGET,TARGET,TARGET
28929,2026-08-25 09:37:19.204,1,7690.25,EMA24,6,2708,False,STOP,STOP,TARGET,TARGET,TARGET,TARGET,TARGET,TARGET,TARGET,TARGET
28977,2026-08-25 10:19:25.728,-1,7685.25,EMA24,6,6061,False,STOP,STOP,STOP,STOP,STOP,STOP,STOP,STOP,STOP,TARGET
28979,2026-08-25 10:20:22.088,-1,7686.25,EMA50,6,1807,False,TARGET,TARGET,TARGET,TARGET,TARGET,TARGET,TARGET,TARGET,TARGET,TARGET
28987,2026-08-25 10:30:37.544,-1,7680.75,EMA8,6,19656,False,STOP,STOP,STOP,STOP,STOP,STOP,STOP,STOP,STOP,STOP
28989,2026-08-25 10:33:10.120,-1,7681.5,EMA8,6,40004,False,STOP,STOP,STOP,STOP,STOP,STOP,STOP,STOP,STOP,STOP
28993,2026-08-25 10:40:20.048,-1,7682.0,EMA24,6,25950,False,STOP,STOP,STOP,STOP,STOP,STOP,STOP,STOP,STOP,STOP
29035,2026-08-25 11:59:02.464,1,7689.75,EMA8,6,2815,False,STOP,STOP,TARGET,TARGET,TARGET,TARGET,TARGET,TARGET,TARGET,TARGET
29152,2026-08-25 16:59:53.148,-1,7682.25,EMA8,6,2844,False,STOP,STOP,STOP,TARGET,TARGET,TARGET,TARGET,TARGET,TARGET,TARGET
29154,2026-08-25 17:00:25.012,-1,7681.75,EMA8,6,266,False,TARGET,TARGET,TARGET,TARGET,TARGET,TARGET,TARGET,TARGET,TARGET,TARGET
29166,2026-08-25 17:05:33.424,-1,7682.0,EMA24,6,2695,False,STOP,STOP,TARGET,TARGET,TARGET,TARGET,TARGET,TARGET,TARGET,TARGET
29193,2026-08-25 17:39:48.504,-1,7677.5,EMA8,6,17982,False,STOP,STOP,STOP,STOP,STOP,STOP,STOP,TARGET,TARGET,TARGET
29210,2026-08-25 18:12:23.544,-1,7677.0,EMA24,6,8201,False,STOP,STOP,TARGET,TARGET,TARGET,TARGET,TARGET,TARGET,TARGET,TARGET
29219,2026-08-25 18:33:05.220,-1,7673.0,EMA8,6,1239,False,TARGET,TARGET,TARGET,TARGET,TARGET,TARGET,TARGET,TARGET,TARGET,TARGET
29251,2026-08-25 19:46:07.176,1,7685.5,PIN,6,1918,False,STOP,STOP,TARGET,TARGET,TARGET,TARGET,TARGET,TARGET,TARGET,TARGET
29258,2026-08-25 20:12:01.340,1,7686.25,EMA8,6,1469,False,TARGET,TARGET,TARGET,TARGET,TARGET,TARGET,TARGET,TARGET,TARGET,TARGET
29271,2026-08-25 21:03:21.448,1,7690.25,EMA8,6,1163,False,STOP,TARGET,TARGET,TARGET,TARGET,TARGET,TARGET,TARGET,TARGET,TARGET
29274,2026-08-25 21:10:21.920,1,7691.0,EMA8,6,15967,False,STOP,STOP,STOP,STOP,STOP,STOP,STOP,STOP,STOP,STOP
29276,2026-08-25 21:21:54.476,1,7690.75,EMA8,6,9583,False,STOP,STOP,STOP,STOP,STOP,STOP,STOP,STOP,STOP,STOP
29329,2026-08-25 23:29:42.092,-1,7682.75,EMA50,6,778,False,STOP,TARGET,TARGET,TARGET,TARGET,TARGET,TARGET,TARGET,TARGET,TARGET
29353,2026-08-26 00:03:43.788,1,7686.75,EMA50,6,629,False,TARGET,TARGET,TARGET,TARGET,TARGET,TARGET,TARGET,TARGET,TARGET,TARGET
29399,2026-08-26 01:06:18.372,1,7687.5,EMA8,6,343,False,TARGET,TARGET,TARGET,TARGET,TARGET,TARGET,TARGET,TARGET,TARGET,TARGET
29402,2026-08-26 01:09:11.748,1,7688.5,EMA8,6,1180,False,TARGET,TARGET,TARGET,TARGET,TARGET,TARGET,TARGET,TARGET,TARGET,TARGET
29426,2026-08-26 01:38:23.444,1,7689.25,EMA8,6,2417,False,STOP,TARGET,TARGET,TARGET,TARGET,TARGET,TARGET,TARGET,TARGET,TARGET
29495,2026-08-26 04:11:32.924,1,7688.25,EMA50,6,1199,False,STOP,TARGET,TARGET,TARGET,TARGET,TARGET,TARGET,TARGET,TARGET,TARGET
29519,2026-08-26 04:46:02.196,-1,7685.5,EMA8,6,2580,False,STOP,STOP,TARGET,TARGET,TARGET,TARGET,TARGET,TARGET,TARGET,TARGET
29530,2026-08-26 04:56:25.940,-1,7686.5,EMA50,6,23317,False,STOP,STOP,STOP,STOP,STOP,STOP,STOP,STOP,NONE,NONE
29597,2026-08-26 05:32:10.236,-1,7684.5,EMA8,6,531,False,STOP,TARGET,TARGET,TARGET,TARGET,TARGET,TARGET,TARGET,TARGET,TARGET
29602,2026-08-26 05:33:20.584,-1,7683.25,EMA8,6,99,False,TARGET,TARGET,TARGET,TARGET,TARGET,TARGET,TARGET,TARGET,TARGET,TARGET
29606,2026-08-26 05:33:47.340,-1,7683.25,EMA8,6,6176,False,STOP,STOP,STOP,STOP,STOP,STOP,STOP,STOP,STOP,TARGET
29609,2026-08-26 05:34:50.136,-1,7684.25,EMA24,6,22,False,TARGET,TARGET,TARGET,TARGET,TARGET,TARGET,TARGET,TARGET,TARGET,TARGET
29623,2026-08-26 05:39:47.836,-1,7681.25,EMA8,6,10192,False,STOP,STOP,STOP,STOP,STOP,STOP,STOP,STOP,STOP,STOP
29658,2026-08-26 05:54:41.176,-1,7678.0,EMA8,6,3349,False,STOP,STOP,STOP,STOP,STOP,STOP,STOP,STOP,STOP,STOP
29670,2026-08-26 05:58:33.284,-1,7679.75,EMA50,6,1007,False,STOP,TARGET,TARGET,TARGET,TARGET,TARGET,TARGET,TARGET,TARGET,TARGET
29751,2026-08-26 06:33:03.000,1,7685.5,EMA24,6,16763,False,STOP,STOP,STOP,STOP,STOP,STOP,TARGET,TARGET,TARGET,TARGET
29764,2026-08-26 06:34:43.184,1,7688.75,EMA8,6,1764,False,TARGET,TARGET,TARGET,TARGET,TARGET,TARGET,TARGET,TARGET,TARGET,TARGET
29767,2026-08-26 06:35:01.308,1,7689.5,EMA8,6,2464,False,STOP,STOP,STOP,STOP,STOP,STOP,STOP,STOP,STOP,STOP
29802,2026-08-26 06:39:26.060,1,7688.0,EMA24,6,17590,False,STOP,STOP,STOP,STOP,STOP,TARGET,TARGET,TARGET,TARGET,TARGET
29831,2026-08-26 06:43:34.616,1,7697.5,PIN,6,5426,True,STOP,STOP,STOP,STOP,STOP,STOP,STOP,STOP,STOP,STOP
29835,2026-08-26 06:43:43.896,1,7696.5,EMA8,6,8932,False,STOP,STOP,STOP,STOP,STOP,STOP,STOP,TARGET,TARGET,TARGET
29837,2026-08-26 06:44:02.284,1,7696.0,EMA8,6,1696,False,STOP,TARGET,TARGET,TARGET,TARGET,TARGET,TARGET,TARGET,TARGET,TARGET
29845,2026-08-26 06:45:46.288,1,7697.0,EMA8,6,1033,False,TARGET,TARGET,TARGET,TARGET,TARGET,TARGET,TARGET,TARGET,TARGET,TARGET
29895,2026-08-26 06:59:37.916,1,7699.0,EMA24,6,791,False,STOP,TARGET,TARGET,TARGET,TARGET,TARGET,TARGET,TARGET,TARGET,TARGET
29900,2026-08-26 07:00:17.256,1,7699.75,EMA24,6,2565,False,STOP,TARGET,TARGET,TARGET,TARGET,TARGET,TARGET,TARGET,TARGET,TARGET
29904,2026-08-26 07:02:09.948,1,7700.0,EMA24,6,3115,False,TARGET,TARGET,TARGET,TARGET,TARGET,TARGET,TARGET,TARGET,TARGET,TARGET
29910,2026-08-26 07:05:35.964,1,7700.5,EMA24,6,9616,False,STOP,STOP,STOP,STOP,STOP,STOP,STOP,STOP,STOP,TARGET
29935,2026-08-26 07:15:28.088,-1,7693.75,EMA8,6,5651,False,TARGET,TARGET,TARGET,TARGET,TARGET,TARGET,TARGET,TARGET,TARGET,TARGET
29941,2026-08-26 07:18:26.280,-1,7694.75,EMA24,6,822,False,STOP,TARGET,TARGET,TARGET,TARGET,TARGET,TARGET,TARGET,TARGET,TARGET
29954,2026-08-26 07:23:51.400,-1,7689.5,EMA8,6,794,False,TARGET,TARGET,TARGET,TARGET,TARGET,TARGET,TARGET,TARGET,TARGET,TARGET
29962,2026-08-26 07:27:01.112,-1,7682.25,PIN,6,11789,False,STOP,STOP,STOP,STOP,TARGET,TARGET,TARGET,TARGET,TARGET,TARGET
29979,2026-08-26 07:32:17.356,-1,7682.25,EMA8,6,14758,False,STOP,STOP,STOP,STOP,STOP,STOP,STOP,STOP,STOP,STOP
30019,2026-08-26 07:54:49.608,1,7689.5,EMA8,6,11388,False,STOP,STOP,STOP,STOP,STOP,STOP,STOP,STOP,TARGET,TARGET
30026,2026-08-26 07:59:54.072,1,7690.5,EMA8,6,2386,False,TARGET,TARGET,TARGET,TARGET,TARGET,TARGET,TARGET,TARGET,TARGET,TARGET
30030,2026-08-26 08:02:32.932,1,7695.0,PIN,6,1643,False,STOP,TARGET,TARGET,TARGET,TARGET,TARGET,TARGET,TARGET,TARGET,TARGET
30038,2026-08-26 08:07:05.068,1,7696.0,EMA8,6,29055,False,STOP,STOP,STOP,STOP,STOP,STOP,STOP,STOP,STOP,STOP
30093,2026-08-26 08:36:08.136,-1,7685.5,EMA8,6,16993,False,STOP,STOP,STOP,STOP,STOP,STOP,STOP,STOP,STOP,STOP
30134,2026-08-26 08:52:55.756,-1,7688.0,EMA50,6,3853,False,STOP,STOP,STOP,TARGET,TARGET,TARGET,TARGET,TARGET,TARGET,TARGET
30162,2026-08-26 09:06:38.444,-1,7684.25,EMA24,6,2153,False,STOP,STOP,TARGET,TARGET,TARGET,TARGET,TARGET,TARGET,TARGET,TARGET
30210,2026-08-26 09:49:10.648,-1,7674.5,EMA24,6,1130,False,TARGET,TARGET,TARGET,TARGET,TARGET,TARGET,TARGET,TARGET,TARGET,TARGET
30214,2026-08-26 09:51:29.068,-1,7674.25,EMA24,6,3354,False,STOP,TARGET,TARGET,TARGET,TARGET,TARGET,TARGET,TARGET,TARGET,TARGET
30240,2026-08-26 10:14:33.716,1,7683.5,EMA8,6,876,False,STOP,STOP,TARGET,TARGET,TARGET,TARGET,TARGET,TARGET,TARGET,TARGET
30256,2026-08-26 10:34:36.948,1,7689.0,EMA8,6,473,False,TARGET,TARGET,TARGET,TARGET,TARGET,TARGET,TARGET,TARGET,TARGET,TARGET
30259,2026-08-26 10:38:37.076,1,7690.0,EMA8,6,8625,False,STOP,STOP,STOP,STOP,STOP,STOP,STOP,STOP,STOP,STOP
30261,2026-08-26 10:41:49.556,1,7689.5,EMA8,6,2254,False,STOP,STOP,STOP,STOP,STOP,STOP,STOP,STOP,STOP,STOP
30316,2026-08-26 11:52:20.032,1,7695.5,EMA8,6,2221,False,STOP,TARGET,TARGET,TARGET,TARGET,TARGET,TARGET,TARGET,TARGET,TARGET
30321,2026-08-26 11:57:24.740,1,7696.75,EMA8,6,947,False,STOP,TARGET,TARGET,TARGET,TARGET,TARGET,TARGET,TARGET,TARGET,TARGET
30345,2026-08-26 12:15:07.732,1,7702.25,EMA24,6,2281,False,STOP,TARGET,TARGET,TARGET,TARGET,TARGET,TARGET,TARGET,TARGET,TARGET
30416,2026-08-26 12:59:55.268,-1,7691.0,EMA24,6,290,False,TARGET,TARGET,TARGET,TARGET,TARGET,TARGET,TARGET,TARGET,TARGET,TARGET
30424,2026-08-26 13:00:25.928,-1,7692.25,EMA50,6,1,True,TARGET,TARGET,TARGET,TARGET,TARGET,TARGET,TARGET,TARGET,TARGET,TARGET
30441,2026-08-26 13:04:16.100,1,7701.0,PIN,6,449,False,STOP,STOP,TARGET,TARGET,TARGET,TARGET,TARGET,TARGET,TARGET,TARGET
30442,2026-08-26 13:04:26.392,1,7701.75,PIN,6,74,False,TARGET,TARGET,TARGET,TARGET,TARGET,TARGET,TARGET,TARGET,TARGET,TARGET
30445,2026-08-26 13:05:00.264,1,7701.25,EMA8,6,1923,False,STOP,STOP,STOP,STOP,TARGET,TARGET,TARGET,TARGET,TARGET,TARGET
30457,2026-08-26 13:12:58.864,1,7702.5,EMA8,6,576,False,TARGET,TARGET,TARGET,TARGET,TARGET,TARGET,TARGET,TARGET,TARGET,TARGET
30469,2026-08-26 13:19:22.776,1,7705.5,EMA8,6,48,False,TARGET,TARGET,TARGET,TARGET,TARGET,TARGET,TARGET,TARGET,TARGET,TARGET
30475,2026-08-26 13:19:57.048,1,7706.75,EMA8,6,53,False,STOP,STOP,STOP,STOP,STOP,STOP,STOP,STOP,STOP,STOP
30527,2026-08-26 13:20:28.608,1,7702.75,EMA50,6,55,False,TARGET,TARGET,TARGET,TARGET,TARGET,TARGET,TARGET,TARGET,TARGET,TARGET
30551,2026-08-26 13:21:12.040,-1,7698.25,EMA24,6,116,False,TARGET,TARGET,TARGET,TARGET,TARGET,TARGET,TARGET,TARGET,TARGET,TARGET
30585,2026-08-26 13:23:10.052,-1,7693.5,EMA50,6,1132,False,STOP,STOP,STOP,STOP,STOP,STOP,STOP,STOP,STOP,STOP
30596,2026-08-26 13:24:08.456,1,7698.75,EMA8,6,1040,False,STOP,STOP,TARGET,TARGET,TARGET,TARGET,TARGET,TARGET,TARGET,TARGET
30603,2026-08-26 13:25:05.496,1,7699.25,EMA8,6,977,False,STOP,STOP,STOP,TARGET,TARGET,TARGET,TARGET,TARGET,TARGET,TARGET
30642,2026-08-26 13:34:56.208,-1,7694.75,EMA24,6,2965,False,STOP,STOP,STOP,STOP,STOP,STOP,STOP,STOP,STOP,STOP
30662,2026-08-26 13:52:45.556,1,7703.0,EMA8,6,167,False,TARGET,TARGET,TARGET,TARGET,TARGET,TARGET,TARGET,TARGET,TARGET,TARGET
30667,2026-08-26 13:58:19.980,1,7706.75,PIN,6,134,False,TARGET,TARGET,TARGET,TARGET,TARGET,TARGET,TARGET,TARGET,TARGET,TARGET
30678,2026-08-26 15:00:01.108,1,7725.0,PIN,6,211,True,STOP,STOP,TARGET,TARGET,TARGET,TARGET,TARGET,TARGET,TARGET,TARGET
30700,2026-08-26 15:01:19.940,1,7732.75,PIN,6,398,False,STOP,STOP,TARGET,TARGET,TARGET,TARGET,TARGET,TARGET,TARGET,TARGET
30701,2026-08-26 15:01:32.632,1,7733.5,PIN,6,126,False,TARGET,TARGET,TARGET,TARGET,TARGET,TARGET,TARGET,TARGET,TARGET,TARGET
30717,2026-08-26 15:04:41.564,1,7732.25,EMA8,6,154,False,TARGET,TARGET,TARGET,TARGET,TARGET,TARGET,TARGET,TARGET,TARGET,TARGET
30756,2026-08-26 15:29:07.328,1,7738.0,EMA8,6,2396,False,STOP,STOP,TARGET,TARGET,TARGET,TARGET,TARGET,TARGET,TARGET,TARGET
30811,2026-08-26 17:22:36.112,-1,7730.25,EMA8,6,3472,False,STOP,STOP,STOP,STOP,STOP,STOP,STOP,STOP,STOP,STOP
30829,2026-08-26 17:46:21.332,-1,7717.25,PIN,6,8137,False,STOP,STOP,TARGET,TARGET,TARGET,TARGET,TARGET,TARGET,TARGET,TARGET
30830,2026-08-26 17:49:21.800,-1,7716.5,PIN,6,8052,False,STOP,STOP,STOP,STOP,TARGET,TARGET,TARGET,TARGET,TARGET,TARGET
30837,2026-08-26 17:53:34.576,-1,7716.0,EMA8,6,15172,False,STOP,STOP,STOP,STOP,STOP,STOP,TARGET,TARGET,TARGET,TARGET
30841,2026-08-26 17:58:33.244,-1,7716.25,EMA8,6,4067,False,STOP,STOP,STOP,STOP,TARGET,TARGET,TARGET,TARGET,TARGET,TARGET
30845,2026-08-26 18:00:59.172,-1,7715.25,EMA8,6,3519,False,STOP,STOP,STOP,STOP,STOP,STOP,STOP,STOP,STOP,STOP
30847,2026-08-26 18:01:46.440,-1,7715.5,EMA8,6,3212,False,STOP,STOP,STOP,STOP,STOP,STOP,STOP,STOP,STOP,STOP
30851,2026-08-26 18:02:48.736,-1,7717.25,EMA24,6,943,False,STOP,TARGET,TARGET,TARGET,TARGET,TARGET,TARGET,TARGET,TARGET,TARGET
30894,2026-08-26 19:00:27.188,1,7725.25,EMA8,6,4747,False,STOP,TARGET,TARGET,TARGET,TARGET,TARGET,TARGET,TARGET,TARGET,TARGET
30897,2026-08-26 19:07:50.584,1,7725.5,EMA8,6,1903,False,STOP,TARGET,TARGET,TARGET,TARGET,TARGET,TARGET,TARGET,TARGET,TARGET
30905,2026-08-26 19:44:44.644,1,7727.5,EMA8,6,4404,False,TARGET,TARGET,TARGET,TARGET,TARGET,TARGET,TARGET,TARGET,TARGET,TARGET
30909,2026-08-26 20:03:00.972,1,7728.75,EMA8,6,4963,False,STOP,STOP,STOP,STOP,STOP,STOP,STOP,STOP,STOP,STOP
30920,2026-08-26 20:50:11.396,1,7728.25,EMA24,6,2247,False,STOP,STOP,STOP,STOP,STOP,STOP,STOP,STOP,STOP,STOP
30947,2026-08-26 22:10:38.436,-1,7715.75,PIN,6,6515,False,STOP,STOP,STOP,STOP,STOP,STOP,STOP,TARGET,TARGET,TARGET
30972,2026-08-26 22:55:43.032,-1,7711.0,EMA8,6,8946,False,STOP,STOP,STOP,STOP,STOP,STOP,TARGET,TARGET,TARGET,TARGET
30974,2026-08-26 23:00:47.720,-1,7711.25,EMA8,6,5194,False,STOP,STOP,STOP,STOP,TARGET,TARGET,TARGET,TARGET,TARGET,TARGET
31035,2026-08-27 00:38:22.528,1,7718.5,EMA50,6,5901,False,STOP,STOP,STOP,STOP,STOP,STOP,STOP,STOP,STOP,STOP
31070,2026-08-27 01:23:22.900,1,7728.25,EMA24,6,2052,False,STOP,TARGET,TARGET,TARGET,TARGET,TARGET,TARGET,TARGET,TARGET,TARGET
31118,2026-08-27 02:06:44.124,-1,7722.25,EMA8,6,3508,False,STOP,STOP,STOP,STOP,STOP,STOP,STOP,STOP,STOP,STOP
31121,2026-08-27 02:11:25.768,-1,7724.25,EMA24,6,3014,False,STOP,STOP,STOP,STOP,STOP,TARGET,TARGET,TARGET,TARGET,TARGET
31123,2026-08-27 02:12:45.936,-1,7724.25,EMA24,6,1292,False,STOP,STOP,TARGET,TARGET,TARGET,TARGET,TARGET,TARGET,TARGET,TARGET
31162,2026-08-27 03:19:17.976,-1,7722.75,EMA24,6,1742,False,STOP,TARGET,TARGET,TARGET,TARGET,TARGET,TARGET,TARGET,TARGET,TARGET
31170,2026-08-27 03:39:36.104,-1,7719.25,EMA8,6,3760,False,STOP,STOP,STOP,STOP,STOP,STOP,STOP,STOP,STOP,STOP
31201,2026-08-27 04:22:05.156,1,7726.75,EMA24,6,5732,False,STOP,STOP,STOP,STOP,STOP,STOP,STOP,STOP,STOP,STOP
31203,2026-08-27 04:25:37.264,1,7726.25,EMA24,6,2654,False,STOP,STOP,STOP,STOP,STOP,STOP,STOP,STOP,STOP,STOP
31212,2026-08-27 04:31:41.244,-1,7722.0,EMA8,6,1,True,STOP,STOP,STOP,STOP,STOP,STOP,STOP,STOP,STOP,STOP
31234,2026-08-27 04:42:29.836,-1,7719.5,EMA8,6,5364,False,STOP,STOP,STOP,STOP,STOP,STOP,STOP,STOP,STOP,TARGET
31274,2026-08-27 05:22:25.684,1,7723.5,EMA50,6,1213,False,STOP,TARGET,TARGET,TARGET,TARGET,TARGET,TARGET,TARGET,TARGET,TARGET
31306,2026-08-27 05:51:30.760,-1,7712.0,EMA8,6,15176,False,STOP,STOP,STOP,STOP,STOP,STOP,STOP,STOP,STOP,TARGET
31325,2026-08-27 06:08:01.532,-1,7714.25,EMA50,6,471,False,TARGET,TARGET,TARGET,TARGET,TARGET,TARGET,TARGET,TARGET,TARGET,TARGET
31396,2026-08-27 06:31:59.912,-1,7707.0,PIN,6,2007,False,TARGET,TARGET,TARGET,TARGET,TARGET,TARGET,TARGET,TARGET,TARGET,TARGET
31456,2026-08-27 06:37:47.704,-1,7708.0,EMA50,6,1453,False,TARGET,TARGET,TARGET,TARGET,TARGET,TARGET,TARGET,TARGET,TARGET,TARGET
31497,2026-08-27 06:43:34.728,1,7716.75,EMA8,6,8466,False,STOP,STOP,STOP,STOP,STOP,TARGET,TARGET,TARGET,TARGET,TARGET
31501,2026-08-27 06:44:04.728,1,7717.25,EMA8,6,1,True,TARGET,TARGET,TARGET,TARGET,TARGET,TARGET,TARGET,TARGET,TARGET,TARGET
31521,2026-08-27 06:46:05.744,1,7727.75,PIN,6,8170,False,STOP,STOP,STOP,STOP,STOP,STOP,STOP,STOP,STOP,STOP
31524,2026-08-27 06:46:34.316,1,7727.5,EMA8,6,1017,False,STOP,STOP,STOP,STOP,STOP,STOP,STOP,STOP,STOP,STOP
31543,2026-08-27 06:47:54.408,-1,7713.0,EMA8,6,10274,False,STOP,STOP,STOP,STOP,STOP,STOP,STOP,STOP,STOP,STOP
31545,2026-08-27 06:48:04.308,-1,7713.75,EMA8,6,10397,False,STOP,STOP,STOP,STOP,STOP,STOP,STOP,TARGET,TARGET,TARGET
31557,2026-08-27 06:49:32.964,-1,7709.25,PIN,6,3431,False,STOP,STOP,STOP,STOP,STOP,STOP,STOP,STOP,STOP,STOP
31580,2026-08-27 06:52:28.104,1,7721.25,EMA8,6,1,False,TARGET,TARGET,TARGET,TARGET,TARGET,TARGET,TARGET,TARGET,TARGET,TARGET
31593,2026-08-27 06:53:52.272,1,7723.0,EMA8,6,103,False,TARGET,TARGET,TARGET,TARGET,TARGET,TARGET,TARGET,TARGET,TARGET,TARGET
31597,2026-08-27 06:54:44.140,1,7724.0,EMA8,6,7810,False,STOP,STOP,STOP,STOP,STOP,STOP,STOP,STOP,STOP,STOP
31599,2026-08-27 06:55:03.336,1,7723.75,EMA8,6,4294,False,STOP,STOP,STOP,STOP,STOP,STOP,STOP,STOP,STOP,STOP
31624,2026-08-27 06:57:10.808,-1,7710.75,PIN,6,7994,False,STOP,STOP,STOP,STOP,STOP,STOP,STOP,STOP,STOP,STOP
31677,2026-08-27 07:01:42.060,1,7718.25,EMA8,6,15986,False,STOP,STOP,STOP,STOP,STOP,STOP,STOP,STOP,STOP,STOP
31682,2026-08-27 07:02:17.404,1,7717.75,EMA24,6,10899,False,STOP,STOP,STOP,STOP,STOP,STOP,STOP,STOP,TARGET,TARGET
31700,2026-08-27 07:04:47.928,1,7719.5,EMA24,6,5850,False,STOP,STOP,STOP,STOP,TARGET,TARGET,TARGET,TARGET,TARGET,TARGET
31706,2026-08-27 07:05:40.492,1,7721.5,EMA8,6,8282,False,STOP,STOP,STOP,STOP,STOP,STOP,STOP,STOP,STOP,STOP
31722,2026-08-27 07:07:27.932,-1,7714.25,EMA8,6,6946,False,STOP,STOP,STOP,STOP,STOP,STOP,STOP,STOP,STOP,STOP
31729,2026-08-27 07:08:22.492,-1,7715.5,EMA50,6,859,False,TARGET,TARGET,TARGET,TARGET,TARGET,TARGET,TARGET,TARGET,TARGET,TARGET
31760,2026-08-27 07:13:25.644,1,7719.25,EMA50,6,2176,False,STOP,STOP,TARGET,TARGET,TARGET,TARGET,TARGET,TARGET,TARGET,TARGET
31773,2026-08-27 07:16:48.264,1,7720.5,EMA24,6,10411,False,STOP,STOP,STOP,STOP,STOP,TARGET,TARGET,TARGET,TARGET,TARGET
31783,2026-08-27 07:20:02.780,1,7723.5,EMA8,6,1646,False,TARGET,TARGET,TARGET,TARGET,TARGET,TARGET,TARGET,TARGET,TARGET,TARGET
31790,2026-08-27 07:22:06.456,1,7723.75,EMA24,6,14624,False,STOP,STOP,STOP,STOP,STOP,STOP,STOP,TARGET,TARGET,TARGET
31888,2026-08-27 07:49:51.540,1,7734.25,PIN,6,21169,False,STOP,STOP,STOP,STOP,STOP,STOP,STOP,STOP,STOP,TARGET
31954,2026-08-27 08:20:13.584,1,7741.75,EMA8,6,12675,False,STOP,STOP,STOP,STOP,STOP,STOP,STOP,STOP,STOP,STOP
31959,2026-08-27 08:23:44.856,1,7740.5,EMA24,6,8020,False,STOP,STOP,STOP,STOP,STOP,STOP,STOP,STOP,STOP,STOP
31963,2026-08-27 08:26:04.420,1,7738.25,EMA50,6,14844,False,STOP,STOP,STOP,STOP,STOP,STOP,STOP,STOP,STOP,STOP
31976,2026-08-27 08:32:10.244,-1,7733.75,EMA8,6,6351,False,STOP,STOP,STOP,STOP,STOP,STOP,STOP,STOP,STOP,STOP
31994,2026-08-27 08:38:31.316,-1,7731.5,EMA8,6,4334,False,STOP,STOP,STOP,STOP,TARGET,TARGET,TARGET,TARGET,TARGET,TARGET
31996,2026-08-27 08:39:02.808,-1,7731.25,EMA8,6,1819,False,STOP,TARGET,TARGET,TARGET,TARGET,TARGET,TARGET,TARGET,TARGET,TARGET
32002,2026-08-27 08:40:27.264,-1,7730.25,EMA8,6,5006,False,STOP,STOP,STOP,STOP,STOP,STOP,STOP,STOP,STOP,STOP
32045,2026-08-27 08:57:44.420,1,7738.25,EMA8,6,1394,False,TARGET,TARGET,TARGET,TARGET,TARGET,TARGET,TARGET,TARGET,TARGET,TARGET
32048,2026-08-27 09:00:39.556,1,7739.0,EMA8,6,12957,False,STOP,STOP,STOP,STOP,STOP,STOP,TARGET,TARGET,TARGET,TARGET
32058,2026-08-27 09:06:36.928,1,7738.5,EMA24,6,11457,False,STOP,STOP,STOP,STOP,STOP,STOP,STOP,STOP,STOP,STOP
32077,2026-08-27 09:19:30.564,1,7738.25,EMA50,6,7756,False,STOP,STOP,STOP,STOP,STOP,STOP,STOP,STOP,STOP,STOP
32175,2026-08-27 10:56:08.544,-1,7744.5,EMA8,6,6268,False,STOP,STOP,STOP,STOP,STOP,STOP,STOP,TARGET,TARGET,TARGET
32190,2026-08-27 11:02:18.828,-1,7737.75,PIN,6,9419,False,STOP,STOP,STOP,STOP,STOP,STOP,STOP,STOP,STOP,STOP
32192,2026-08-27 11:03:29.028,-1,7738.75,EMA8,6,4726,False,STOP,STOP,STOP,STOP,STOP,STOP,TARGET,TARGET,TARGET,TARGET
32194,2026-08-27 11:04:11.016,-1,7739.0,EMA8,6,198,False,TARGET,TARGET,TARGET,TARGET,TARGET,TARGET,TARGET,TARGET,TARGET,TARGET
32208,2026-08-27 11:12:07.420,-1,7735.25,EMA8,6,1648,False,TARGET,TARGET,TARGET,TARGET,TARGET,TARGET,TARGET,TARGET,TARGET,TARGET
32211,2026-08-27 11:13:17.364,-1,7734.75,EMA8,6,1002,False,STOP,TARGET,TARGET,TARGET,TARGET,TARGET,TARGET,TARGET,TARGET,TARGET
32221,2026-08-27 11:16:20.984,-1,7733.0,EMA8,6,8332,False,STOP,STOP,STOP,STOP,STOP,STOP,STOP,STOP,STOP,STOP
32245,2026-08-27 11:29:02.884,-1,7726.25,EMA8,6,1850,False,STOP,TARGET,TARGET,TARGET,TARGET,TARGET,TARGET,TARGET,TARGET,TARGET
32333,2026-08-27 12:15:41.932,1,7731.5,EMA50,6,1066,False,TARGET,TARGET,TARGET,TARGET,TARGET,TARGET,TARGET,TARGET,TARGET,TARGET
32348,2026-08-27 12:26:08.756,1,7731.25,EMA50,6,19015,False,STOP,STOP,STOP,STOP,STOP,STOP,STOP,STOP,TARGET,TARGET
32378,2026-08-27 12:50:40.340,1,7736.75,EMA24,6,6608,False,STOP,STOP,STOP,STOP,STOP,TARGET,TARGET,TARGET,TARGET,TARGET
32393,2026-08-27 12:55:12.044,1,7743.0,EMA8,6,6080,False,STOP,STOP,STOP,STOP,STOP,STOP,STOP,STOP,STOP,STOP
32395,2026-08-27 12:55:30.552,1,7742.75,EMA8,6,25352,False,STOP,STOP,STOP,STOP,STOP,STOP,STOP,STOP,STOP,TARGET
32397,2026-08-27 12:56:18.680,1,7741.75,EMA24,6,10665,False,STOP,STOP,STOP,STOP,STOP,TARGET,TARGET,TARGET,TARGET,TARGET
32453,2026-08-27 13:59:25.744,-1,7732.5,EMA8,6,2317,False,STOP,STOP,STOP,STOP,STOP,STOP,STOP,STOP,STOP,TARGET
32464,2026-08-27 15:02:38.244,-1,7731.25,EMA8,6,163,False,STOP,TARGET,TARGET,TARGET,TARGET,TARGET,TARGET,TARGET,TARGET,TARGET
32471,2026-08-27 15:06:00.400,-1,7731.5,EMA24,6,5784,False,STOP,STOP,STOP,STOP,STOP,STOP,STOP,STOP,STOP,STOP
32533,2026-08-27 18:27:10.020,1,7738.75,EMA8,6,7773,False,STOP,STOP,STOP,STOP,TARGET,TARGET,TARGET,TARGET,TARGET,TARGET
32564,2026-08-27 20:26:36.008,1,7747.0,PIN,6,3656,False,STOP,STOP,STOP,STOP,STOP,STOP,STOP,STOP,STOP,STOP
32608,2026-08-27 23:24:42.556,-1,7736.0,EMA50,6,1778,False,STOP,STOP,TARGET,TARGET,TARGET,TARGET,TARGET,TARGET,TARGET,TARGET
32757,2026-08-28 04:41:39.284,1,7740.5,EMA24+EMA50,6,17152,False,STOP,STOP,STOP,STOP,STOP,STOP,STOP,TARGET,TARGET,TARGET
32782,2026-08-28 05:28:35.092,1,7749.75,EMA8,6,2520,False,STOP,STOP,STOP,STOP,STOP,STOP,STOP,STOP,STOP,STOP
32801,2026-08-28 05:58:09.836,1,7750.75,EMA8,6,5987,False,STOP,STOP,STOP,STOP,STOP,STOP,STOP,STOP,TARGET,TARGET
32813,2026-08-28 06:07:48.748,1,7752.0,EMA24,6,8414,False,STOP,STOP,STOP,STOP,STOP,STOP,STOP,STOP,STOP,STOP
32815,2026-08-28 06:11:02.828,1,7752.0,EMA24,6,3354,False,STOP,STOP,STOP,STOP,STOP,STOP,STOP,STOP,STOP,STOP
32898,2026-08-28 06:38:18.376,1,7751.0,EMA24,6,16192,False,STOP,STOP,STOP,STOP,STOP,STOP,TARGET,TARGET,TARGET,TARGET
32900,2026-08-28 06:39:16.380,1,7750.75,EMA24,6,4841,False,STOP,STOP,TARGET,TARGET,TARGET,TARGET,TARGET,TARGET,TARGET,TARGET
32919,2026-08-28 06:44:57.920,1,7755.25,EMA24,6,5081,False,STOP,STOP,STOP,STOP,STOP,STOP,STOP,STOP,STOP,STOP
32923,2026-08-28 06:45:41.320,1,7752.5,EMA50,6,11685,False,STOP,STOP,TARGET,TARGET,TARGET,TARGET,TARGET,TARGET,TARGET,TARGET
32948,2026-08-28 06:50:24.084,-1,7749.5,EMA8,6,846,False,TARGET,TARGET,TARGET,TARGET,TARGET,TARGET,TARGET,TARGET,TARGET,TARGET
32957,2026-08-28 06:51:57.168,-1,7747.25,EMA8,6,27020,False,STOP,STOP,STOP,STOP,STOP,STOP,STOP,STOP,STOP,NONE
32962,2026-08-28 06:53:20.536,-1,7747.25,EMA8,6,14742,False,STOP,STOP,STOP,STOP,STOP,STOP,STOP,STOP,STOP,TARGET
33012,2026-08-28 07:00:00.488,-1,7743.75,EMA24,6,0,True,NONE,NONE,NONE,NONE,NONE,NONE,NONE,NONE,NONE,NONE
33143,2026-08-28 07:00:20.956,1,7756.25,EMA8,6,186,False,TARGET,TARGET,TARGET,TARGET,TARGET,TARGET,TARGET,TARGET,TARGET,TARGET
33145,2026-08-28 07:00:22.072,1,7757.25,EMA8,6,247,True,TARGET,TARGET,TARGET,TARGET,TARGET,TARGET,TARGET,TARGET,TARGET,TARGET
33149,2026-08-28 07:00:23.412,1,7758.5,EMA8,6,222,False,STOP,STOP,STOP,STOP,STOP,STOP,STOP,STOP,STOP,STOP
33162,2026-08-28 07:00:32.000,1,7755.0,EMA50,6,19,False,TARGET,TARGET,TARGET,TARGET,TARGET,TARGET,TARGET,TARGET,TARGET,TARGET
33198,2026-08-28 07:01:49.600,-1,7749.75,EMA8,6,8888,False,STOP,STOP,STOP,STOP,STOP,STOP,STOP,STOP,STOP,STOP
33200,2026-08-28 07:01:51.768,-1,7750.0,EMA8,6,2805,False,STOP,STOP,STOP,STOP,TARGET,TARGET,TARGET,TARGET,TARGET,TARGET
33202,2026-08-28 07:01:53.808,-1,7749.75,EMA8,6,6262,False,STOP,STOP,STOP,STOP,STOP,STOP,STOP,STOP,STOP,STOP
33205,2026-08-28 07:02:09.844,-1,7751.0,EMA24,6,3003,False,STOP,STOP,STOP,STOP,STOP,STOP,TARGET,TARGET,TARGET,TARGET
33220,2026-08-28 07:02:57.652,-1,7750.25,EMA50,6,5135,False,STOP,STOP,STOP,STOP,TARGET,TARGET,TARGET,TARGET,TARGET,TARGET
33235,2026-08-28 07:03:52.036,-1,7745.5,EMA8,6,1322,False,STOP,TARGET,TARGET,TARGET,TARGET,TARGET,TARGET,TARGET,TARGET,TARGET
33242,2026-08-28 07:04:17.184,-1,7743.0,EMA8,6,704,False,TARGET,TARGET,TARGET,TARGET,TARGET,TARGET,TARGET,TARGET,TARGET,TARGET
33284,2026-08-28 07:06:52.520,-1,7736.75,EMA8,6,6822,False,STOP,STOP,STOP,STOP,STOP,STOP,STOP,STOP,STOP,TARGET
33290,2026-08-28 07:07:12.584,-1,7735.75,EMA8,6,5218,False,STOP,STOP,STOP,STOP,STOP,STOP,STOP,STOP,STOP,STOP
33294,2026-08-28 07:07:30.536,-1,7737.5,EMA24,6,25072,False,STOP,STOP,STOP,STOP,STOP,STOP,STOP,STOP,STOP,TARGET
33338,2026-08-28 07:11:31.348,-1,7736.0,EMA8,6,1,False,TARGET,TARGET,TARGET,TARGET,TARGET,TARGET,TARGET,TARGET,TARGET,TARGET
33351,2026-08-28 07:12:54.552,-1,7734.5,EMA24,6,2879,False,STOP,STOP,STOP,STOP,TARGET,TARGET,TARGET,TARGET,TARGET,TARGET
33358,2026-08-28 07:13:33.236,-1,7728.5,PIN,6,3440,False,STOP,TARGET,TARGET,TARGET,TARGET,TARGET,TARGET,TARGET,TARGET,TARGET
33362,2026-08-28 07:14:03.996,-1,7728.5,EMA8,6,5077,False,STOP,STOP,STOP,STOP,STOP,STOP,STOP,STOP,STOP,STOP
33401,2026-08-28 07:18:10.060,1,7741.25,PIN,6,1649,False,STOP,TARGET,TARGET,TARGET,TARGET,TARGET,TARGET,TARGET,TARGET,TARGET
33405,2026-08-28 07:18:31.644,1,7741.25,EMA8,6,1225,False,TARGET,TARGET,TARGET,TARGET,TARGET,TARGET,TARGET,TARGET,TARGET,TARGET
33415,2026-08-28 07:19:43.604,1,7745.0,EMA8,6,11030,False,STOP,STOP,STOP,STOP,STOP,STOP,STOP,STOP,TARGET,TARGET
33494,2026-08-28 07:28:44.952,-1,7736.5,EMA8,6,4427,False,STOP,STOP,STOP,STOP,STOP,STOP,STOP,STOP,STOP,STOP
33502,2026-08-28 07:29:32.816,-1,7739.0,EMA50,6,7500,False,STOP,STOP,STOP,STOP,STOP,STOP,STOP,STOP,STOP,STOP
33548,2026-08-28 07:32:23.584,1,7741.75,EMA50,6,2297,False,STOP,TARGET,TARGET,TARGET,TARGET,TARGET,TARGET,TARGET,TARGET,TARGET
33566,2026-08-28 07:34:31.848,1,7749.5,EMA8,6,5225,False,STOP,STOP,STOP,STOP,STOP,TARGET,TARGET,TARGET,TARGET,TARGET
33568,2026-08-28 07:34:47.396,1,7749.5,EMA8,6,2759,False,STOP,STOP,TARGET,TARGET,TARGET,TARGET,TARGET,TARGET,TARGET,TARGET
33586,2026-08-28 07:37:43.952,1,7752.75,EMA8,6,655,False,TARGET,TARGET,TARGET,TARGET,TARGET,TARGET,TARGET,TARGET,TARGET,TARGET
33589,2026-08-28 07:38:14.104,1,7753.75,EMA8,6,1,True,TARGET,TARGET,TARGET,TARGET,TARGET,TARGET,TARGET,TARGET,TARGET,TARGET
33598,2026-08-28 07:40:16.532,1,7753.5,EMA24,6,1861,False,STOP,TARGET,TARGET,TARGET,TARGET,TARGET,TARGET,TARGET,TARGET,TARGET
33610,2026-08-28 07:42:52.428,1,7758.25,EMA8,6,561,False,TARGET,TARGET,TARGET,TARGET,TARGET,TARGET,TARGET,TARGET,TARGET,TARGET
33616,2026-08-28 07:43:56.116,1,7759.5,EMA8,6,1000,False,TARGET,TARGET,TARGET,TARGET,TARGET,TARGET,TARGET,TARGET,TARGET,TARGET
33620,2026-08-28 07:44:33.828,1,7763.75,PIN,6,3030,False,STOP,STOP,TARGET,TARGET,TARGET,TARGET,TARGET,TARGET,TARGET,TARGET
33621,2026-08-28 07:44:42.492,1,7764.5,PIN,6,16946,False,STOP,STOP,STOP,STOP,STOP,STOP,STOP,STOP,STOP,STOP
33627,2026-08-28 07:45:29.024,1,7764.5,EMA8,6,4407,False,STOP,STOP,STOP,STOP,STOP,STOP,STOP,STOP,STOP,STOP
33631,2026-08-28 07:46:09.628,1,7762.5,EMA24,6,5362,False,STOP,STOP,STOP,STOP,TARGET,TARGET,TARGET,TARGET,TARGET,TARGET
33637,2026-08-28 07:47:08.924,1,7765.25,EMA8,6,2523,False,STOP,STOP,STOP,TARGET,TARGET,TARGET,TARGET,TARGET,TARGET,TARGET
33652,2026-08-28 07:51:32.292,1,7769.75,EMA8,6,10310,False,STOP,STOP,STOP,STOP,STOP,STOP,STOP,STOP,STOP,TARGET
33657,2026-08-28 07:52:30.424,1,7770.75,EMA8,6,6213,False,STOP,STOP,STOP,TARGET,TARGET,TARGET,TARGET,TARGET,TARGET,TARGET
33661,2026-08-28 07:53:12.428,1,7771.5,EMA8,6,2331,False,TARGET,TARGET,TARGET,TARGET,TARGET,TARGET,TARGET,TARGET,TARGET,TARGET
33665,2026-08-28 07:54:02.320,1,7775.75,PIN,6,22833,False,STOP,STOP,STOP,STOP,STOP,STOP,TARGET,TARGET,TARGET,TARGET
33670,2026-08-28 07:55:47.512,1,7775.5,EMA8,6,1858,False,TARGET,TARGET,TARGET,TARGET,TARGET,TARGET,TARGET,TARGET,TARGET,TARGET
33676,2026-08-28 07:57:37.104,1,7777.75,EMA8,6,14031,False,STOP,STOP,TARGET,TARGET,TARGET,TARGET,TARGET,TARGET,TARGET,TARGET
33793,2026-08-28 08:32:04.272,1,7777.0,EMA50,6,11631,False,STOP,TARGET,TARGET,TARGET,TARGET,TARGET,TARGET,TARGET,TARGET,TARGET
33820,2026-08-28 08:40:09.380,-1,7764.5,PIN,6,3925,False,STOP,STOP,TARGET,TARGET,TARGET,TARGET,TARGET,TARGET,TARGET,TARGET
33821,2026-08-28 08:40:29.080,-1,7763.75,PIN,6,1,False,TARGET,TARGET,TARGET,TARGET,TARGET,TARGET,TARGET,TARGET,TARGET,TARGET
33826,2026-08-28 08:41:02.564,-1,7757.5,PIN,6,357,True,TARGET,TARGET,TARGET,TARGET,TARGET,TARGET,TARGET,TARGET,TARGET,TARGET
33841,2026-08-28 08:42:18.684,-1,7761.0,EMA24,6,3678,False,STOP,STOP,TARGET,TARGET,TARGET,TARGET,TARGET,TARGET,TARGET,TARGET
33857,2026-08-28 08:45:23.036,-1,7758.25,EMA24,6,833,False,TARGET,TARGET,TARGET,TARGET,TARGET,TARGET,TARGET,TARGET,TARGET,TARGET
33877,2026-08-28 08:49:02.052,-1,7752.75,EMA8,6,111,False,TARGET,TARGET,TARGET,TARGET,TARGET,TARGET,TARGET,TARGET,TARGET,TARGET
33881,2026-08-28 08:49:42.348,-1,7752.0,EMA8,6,1004,False,STOP,TARGET,TARGET,TARGET,TARGET,TARGET,TARGET,TARGET,TARGET,TARGET
33886,2026-08-28 08:50:32.588,-1,7753.0,EMA24,6,286,False,TARGET,TARGET,TARGET,TARGET,TARGET,TARGET,TARGET,TARGET,TARGET,TARGET
33903,2026-08-28 08:52:56.872,-1,7744.75,EMA8,6,6035,False,STOP,STOP,STOP,STOP,STOP,STOP,STOP,STOP,STOP,STOP
33928,2026-08-28 08:56:31.676,-1,7741.75,PIN,6,540,False,TARGET,TARGET,TARGET,TARGET,TARGET,TARGET,TARGET,TARGET,TARGET,TARGET
33930,2026-08-28 08:56:47.396,-1,7740.0,PIN,6,5977,False,STOP,STOP,STOP,STOP,TARGET,TARGET,TARGET,TARGET,TARGET,TARGET
33938,2026-08-28 08:57:40.180,-1,7738.75,EMA8,6,12509,False,STOP,STOP,STOP,STOP,STOP,STOP,STOP,STOP,STOP,STOP
33976,2026-08-28 09:02:23.840,-1,7737.0,EMA24,6,2341,False,STOP,TARGET,TARGET,TARGET,TARGET,TARGET,TARGET,TARGET,TARGET,TARGET
34050,2026-08-28 09:16:13.836,-1,7733.25,PIN,6,26317,False,STOP,STOP,STOP,STOP,STOP,STOP,STOP,TARGET,TARGET,TARGET
34072,2026-08-28 09:19:59.812,-1,7730.75,EMA24,6,17615,False,STOP,STOP,STOP,STOP,STOP,STOP,STOP,STOP,TARGET,TARGET
34085,2026-08-28 09:21:18.652,-1,7726.25,EMA8,6,7686,False,STOP,STOP,STOP,STOP,STOP,STOP,STOP,STOP,STOP,STOP
34091,2026-08-28 09:22:03.092,-1,7728.0,EMA24,6,99,False,TARGET,TARGET,TARGET,TARGET,TARGET,TARGET,TARGET,TARGET,TARGET,TARGET
34105,2026-08-28 09:23:44.820,-1,7726.0,EMA24,6,5607,False,STOP,STOP,STOP,STOP,TARGET,TARGET,TARGET,TARGET,TARGET,TARGET
34161,2026-08-28 09:30:25.372,1,7727.5,EMA50,6,1040,False,STOP,TARGET,TARGET,TARGET,TARGET,TARGET,TARGET,TARGET,TARGET,TARGET
34173,2026-08-28 09:32:28.016,1,7730.5,EMA8,6,1016,False,STOP,TARGET,TARGET,TARGET,TARGET,TARGET,TARGET,TARGET,TARGET,TARGET
34196,2026-08-28 09:37:21.180,1,7732.25,EMA8,6,461,False,TARGET,TARGET,TARGET,TARGET,TARGET,TARGET,TARGET,TARGET,TARGET,TARGET
34221,2026-08-28 09:42:26.384,-1,7727.5,EMA8,6,1782,False,TARGET,TARGET,TARGET,TARGET,TARGET,TARGET,TARGET,TARGET,TARGET,TARGET
34246,2026-08-28 09:47:25.096,1,7733.0,EMA8,6,1861,False,STOP,TARGET,TARGET,TARGET,TARGET,TARGET,TARGET,TARGET,TARGET,TARGET
34252,2026-08-28 09:48:29.544,1,7733.25,EMA8,6,491,False,TARGET,TARGET,TARGET,TARGET,TARGET,TARGET,TARGET,TARGET,TARGET,TARGET
34255,2026-08-28 09:49:00.668,1,7734.25,EMA8,6,7875,False,STOP,STOP,STOP,STOP,STOP,STOP,STOP,STOP,STOP,STOP
34259,2026-08-28 09:49:58.672,1,7732.75,EMA24,6,11011,False,STOP,STOP,STOP,STOP,STOP,STOP,STOP,STOP,STOP,STOP
34286,2026-08-28 09:56:01.664,-1,7728.25,EMA8,6,6923,False,STOP,STOP,STOP,STOP,TARGET,TARGET,TARGET,TARGET,TARGET,TARGET
34294,2026-08-28 09:58:39.536,-1,7729.0,EMA50,6,5228,False,STOP,TARGET,TARGET,TARGET,TARGET,TARGET,TARGET,TARGET,TARGET,TARGET
34302,2026-08-28 10:00:33.952,-1,7721.0,PIN,6,1713,False,TARGET,TARGET,TARGET,TARGET,TARGET,TARGET,TARGET,TARGET,TARGET,TARGET
34305,2026-08-28 10:00:59.276,-1,7717.75,PIN,6,13737,False,STOP,STOP,STOP,STOP,STOP,STOP,TARGET,TARGET,TARGET,TARGET
34307,2026-08-28 10:01:14.704,-1,7717.0,PIN,6,16727,False,STOP,STOP,STOP,STOP,STOP,STOP,STOP,STOP,STOP,TARGET
34310,2026-08-28 10:01:25.500,-1,7718.0,EMA8,6,1500,False,STOP,STOP,STOP,STOP,TARGET,TARGET,TARGET,TARGET,TARGET,TARGET
34350,2026-08-28 10:07:37.692,-1,7715.0,EMA8,6,25573,False,STOP,STOP,STOP,STOP,STOP,STOP,STOP,STOP,STOP,TARGET
34352,2026-08-28 10:07:55.404,-1,7715.5,EMA8,6,17757,False,STOP,STOP,STOP,STOP,STOP,STOP,STOP,TARGET,TARGET,TARGET
34425,2026-08-28 10:23:18.352,-1,7717.75,EMA24+EMA50,6,893,False,TARGET,TARGET,TARGET,TARGET,TARGET,TARGET,TARGET,TARGET,TARGET,TARGET
34471,2026-08-28 10:37:54.468,1,7721.0,EMA24+EMA50,6,15067,False,STOP,STOP,STOP,STOP,STOP,STOP,STOP,STOP,STOP,STOP
34504,2026-08-28 10:51:13.712,1,7724.75,EMA8,6,5939,False,STOP,STOP,STOP,STOP,STOP,STOP,TARGET,TARGET,TARGET,TARGET
34506,2026-08-28 10:51:39.344,1,7724.5,EMA8,6,3881,False,STOP,TARGET,TARGET,TARGET,TARGET,TARGET,TARGET,TARGET,TARGET,TARGET
34528,2026-08-28 11:01:55.176,1,7723.75,EMA50,6,6138,False,STOP,STOP,TARGET,TARGET,TARGET,TARGET,TARGET,TARGET,TARGET,TARGET
34537,2026-08-28 11:05:06.168,1,7724.75,EMA24,6,1037,False,STOP,TARGET,TARGET,TARGET,TARGET,TARGET,TARGET,TARGET,TARGET,TARGET
34543,2026-08-28 11:07:14.452,1,7724.5,EMA50,6,2875,False,STOP,STOP,TARGET,TARGET,TARGET,TARGET,TARGET,TARGET,TARGET,TARGET
34597,2026-08-28 11:29:21.288,-1,7720.75,EMA50,6,1712,False,TARGET,TARGET,TARGET,TARGET,TARGET,TARGET,TARGET,TARGET,TARGET,TARGET
34607,2026-08-28 11:32:42.864,-1,7720.5,EMA50,6,6912,False,STOP,STOP,STOP,STOP,STOP,STOP,STOP,STOP,STOP,STOP
34643,2026-08-28 11:51:04.068,-1,7713.5,PIN,6,14830,False,STOP,STOP,STOP,STOP,STOP,STOP,TARGET,TARGET,TARGET,TARGET
34661,2026-08-28 11:59:46.716,-1,7716.0,EMA50,6,6582,False,STOP,STOP,STOP,STOP,STOP,TARGET,TARGET,TARGET,TARGET,TARGET
34688,2026-08-28 12:12:51.752,1,7721.5,EMA8,6,37792,False,STOP,STOP,STOP,STOP,STOP,STOP,STOP,STOP,STOP,TARGET
34691,2026-08-28 12:14:26.916,1,7720.5,EMA24,6,1528,False,TARGET,TARGET,TARGET,TARGET,TARGET,TARGET,TARGET,TARGET,TARGET,TARGET
34704,2026-08-28 12:22:03.272,1,7723.5,EMA8,6,7634,False,STOP,STOP,STOP,STOP,STOP,STOP,STOP,STOP,STOP,STOP
34709,2026-08-28 12:25:16.408,1,7722.75,EMA24,6,2152,False,STOP,STOP,TARGET,TARGET,TARGET,TARGET,TARGET,TARGET,TARGET,TARGET
34759,2026-08-28 12:50:25.512,1,7726.0,EMA8,6,7141,False,STOP,STOP,STOP,STOP,STOP,STOP,STOP,STOP,STOP,STOP
34813,2026-08-28 12:59:58.116,-1,7720.75,EMA8,6,1872,False,STOP,STOP,STOP,STOP,STOP,STOP,STOP,STOP,STOP,STOP
34826,2026-08-28 13:05:03.000,-1,7721.75,EMA50,6,1692,False,TARGET,TARGET,TARGET,TARGET,TARGET,TARGET,TARGET,TARGET,TARGET,TARGET
34904,2026-08-30 15:03:33.796,-1,7708.0,EMA8,6,1,True,TARGET,TARGET,TARGET,TARGET,TARGET,TARGET,TARGET,TARGET,TARGET,TARGET
34960,2026-08-30 15:40:19.308,-1,7708.75,EMA50,6,1750,False,STOP,STOP,STOP,STOP,STOP,STOP,TARGET,TARGET,TARGET,TARGET
34969,2026-08-30 15:47:08.448,-1,7707.75,EMA24,6,9965,False,STOP,STOP,STOP,STOP,STOP,STOP,STOP,TARGET,TARGET,TARGET
35029,2026-08-30 16:48:22.080,-1,7691.25,EMA8,6,135,False,TARGET,TARGET,TARGET,TARGET,TARGET,TARGET,TARGET,TARGET,TARGET,TARGET
35034,2026-08-30 16:49:03.256,-1,7690.0,EMA8,6,273,False,TARGET,TARGET,TARGET,TARGET,TARGET,TARGET,TARGET,TARGET,TARGET,TARGET
35054,2026-08-30 16:58:06.832,-1,7691.0,EMA24,6,1426,False,STOP,STOP,TARGET,TARGET,TARGET,TARGET,TARGET,TARGET,TARGET,TARGET
35064,2026-08-30 17:01:12.920,-1,7688.0,EMA8,6,1253,False,STOP,STOP,STOP,STOP,TARGET,TARGET,TARGET,TARGET,TARGET,TARGET
35066,2026-08-30 17:01:29.832,-1,7687.75,EMA8,6,284,False,TARGET,TARGET,TARGET,TARGET,TARGET,TARGET,TARGET,TARGET,TARGET,TARGET
35070,2026-08-30 17:02:11.128,-1,7687.0,EMA8,6,3887,False,STOP,TARGET,TARGET,TARGET,TARGET,TARGET,TARGET,TARGET,TARGET,TARGET
35075,2026-08-30 17:05:58.420,-1,7686.5,EMA8,6,310,False,TARGET,TARGET,TARGET,TARGET,TARGET,TARGET,TARGET,TARGET,TARGET,TARGET
35103,2026-08-30 17:26:56.108,1,7698.0,EMA8,6,1963,False,STOP,STOP,TARGET,TARGET,TARGET,TARGET,TARGET,TARGET,TARGET,TARGET
35121,2026-08-30 17:52:45.728,1,7700.75,EMA24,6,3797,False,STOP,STOP,STOP,STOP,STOP,STOP,STOP,STOP,STOP,STOP
35138,2026-08-30 18:02:20.672,-1,7692.25,EMA8,6,630,False,TARGET,TARGET,TARGET,TARGET,TARGET,TARGET,TARGET,TARGET,TARGET,TARGET
35144,2026-08-30 18:04:33.228,-1,7694.25,EMA50,6,1503,False,STOP,STOP,STOP,STOP,STOP,TARGET,TARGET,TARGET,TARGET,TARGET
35146,2026-08-30 18:05:06.100,-1,7694.25,EMA50,6,569,False,STOP,STOP,TARGET,TARGET,TARGET,TARGET,TARGET,TARGET,TARGET,TARGET
35159,2026-08-30 18:10:57.568,-1,7688.25,PIN,6,1564,False,STOP,STOP,TARGET,TARGET,TARGET,TARGET,TARGET,TARGET,TARGET,TARGET
35168,2026-08-30 18:15:14.424,-1,7690.75,EMA24,6,1793,False,STOP,STOP,STOP,TARGET,TARGET,TARGET,TARGET,TARGET,TARGET,TARGET
35357,2026-08-30 20:36:51.836,1,7692.25,EMA24,6,11697,False,STOP,STOP,STOP,STOP,TARGET,TARGET,TARGET,TARGET,TARGET,TARGET
35366,2026-08-30 21:07:22.704,1,7692.25,EMA50,6,11870,False,STOP,STOP,STOP,STOP,STOP,STOP,TARGET,TARGET,TARGET,TARGET
35397,2026-08-30 22:12:53.224,1,7703.0,EMA8,6,273,False,TARGET,TARGET,TARGET,TARGET,TARGET,TARGET,TARGET,TARGET,TARGET,TARGET
35407,2026-08-30 22:21:20.184,1,7707.75,EMA8,6,2850,False,STOP,STOP,TARGET,TARGET,TARGET,TARGET,TARGET,TARGET,TARGET,TARGET
35449,2026-08-30 23:30:57.216,1,7708.75,EMA8,6,4303,False,STOP,STOP,STOP,STOP,TARGET,TARGET,TARGET,TARGET,TARGET,TARGET
35457,2026-08-30 23:52:15.616,1,7710.75,EMA8,6,8543,False,STOP,STOP,STOP,STOP,STOP,STOP,STOP,STOP,STOP,STOP
35645,2026-08-31 04:40:25.364,-1,7707.5,EMA24,6,1102,False,TARGET,TARGET,TARGET,TARGET,TARGET,TARGET,TARGET,TARGET,TARGET,TARGET
35652,2026-08-31 04:48:18.204,-1,7701.0,PIN,6,1438,False,STOP,STOP,STOP,STOP,STOP,STOP,STOP,STOP,STOP,STOP
35663,2026-08-31 05:04:53.200,-1,7703.75,EMA24,6,2687,False,STOP,STOP,STOP,STOP,STOP,STOP,STOP,STOP,STOP,STOP
35712,2026-08-31 05:12:27.288,1,7704.5,EMA8,6,149,False,TARGET,TARGET,TARGET,TARGET,TARGET,TARGET,TARGET,TARGET,TARGET,TARGET
35715,2026-08-31 05:15:05.692,1,7705.5,EMA8,6,759,False,STOP,TARGET,TARGET,TARGET,TARGET,TARGET,TARGET,TARGET,TARGET,TARGET
35737,2026-08-31 05:25:58.192,-1,7696.5,EMA8,6,906,False,STOP,STOP,STOP,STOP,STOP,STOP,STOP,STOP,STOP,STOP
35750,2026-08-31 05:29:45.428,-1,7699.5,EMA50,6,364,False,TARGET,TARGET,TARGET,TARGET,TARGET,TARGET,TARGET,TARGET,TARGET,TARGET
35781,2026-08-31 05:43:28.544,-1,7693.25,EMA8,6,306,False,TARGET,TARGET,TARGET,TARGET,TARGET,TARGET,TARGET,TARGET,TARGET,TARGET
35828,2026-08-31 06:27:50.348,1,7700.75,EMA8,6,726,False,STOP,STOP,TARGET,TARGET,TARGET,TARGET,TARGET,TARGET,TARGET,TARGET
35833,2026-08-31 06:28:33.908,1,7700.25,EMA24,6,333,False,TARGET,TARGET,TARGET,TARGET,TARGET,TARGET,TARGET,TARGET,TARGET,TARGET
35836,2026-08-31 06:28:57.732,1,7702.0,EMA8,6,6512,False,STOP,STOP,STOP,STOP,STOP,STOP,STOP,STOP,STOP,STOP
35839,2026-08-31 06:29:48.068,1,7701.0,EMA24,6,9303,False,STOP,STOP,STOP,STOP,STOP,STOP,TARGET,TARGET,TARGET,TARGET
35853,2026-08-31 06:30:24.948,1,7702.0,EMA24,6,4193,False,STOP,STOP,STOP,STOP,STOP,STOP,STOP,STOP,STOP,STOP
35857,2026-08-31 06:30:49.740,1,7700.75,EMA50,6,2452,False,STOP,TARGET,TARGET,TARGET,TARGET,TARGET,TARGET,TARGET,TARGET,TARGET
35869,2026-08-31 06:31:36.588,1,7701.25,EMA50,6,3749,False,STOP,STOP,STOP,STOP,TARGET,TARGET,TARGET,TARGET,TARGET,TARGET
35892,2026-08-31 06:33:26.868,-1,7692.75,PIN,6,2286,False,STOP,STOP,STOP,TARGET,TARGET,TARGET,TARGET,TARGET,TARGET,TARGET
35902,2026-08-31 06:34:25.472,-1,7692.5,EMA8,6,5434,False,STOP,TARGET,TARGET,TARGET,TARGET,TARGET,TARGET,TARGET,TARGET,TARGET
35905,2026-08-31 06:34:56.056,-1,7691.75,EMA8,6,1157,False,STOP,TARGET,TARGET,TARGET,TARGET,TARGET,TARGET,TARGET,TARGET,TARGET
35930,2026-08-31 06:37:30.532,-1,7690.5,EMA50,6,168,False,TARGET,TARGET,TARGET,TARGET,TARGET,TARGET,TARGET,TARGET,TARGET,TARGET
35979,2026-08-31 06:43:55.208,-1,7687.5,EMA8,6,792,False,TARGET,TARGET,TARGET,TARGET,TARGET,TARGET,TARGET,TARGET,TARGET,TARGET
36025,2026-08-31 06:48:06.604,1,7693.0,EMA8,6,4255,False,STOP,STOP,STOP,STOP,STOP,STOP,STOP,STOP,STOP,STOP
36088,2026-08-31 06:57:33.436,1,7691.25,EMA50,6,2029,False,STOP,STOP,TARGET,TARGET,TARGET,TARGET,TARGET,TARGET,TARGET,TARGET
36124,2026-08-31 07:05:58.588,-1,7687.75,EMA50,6,4921,False,STOP,STOP,TARGET,TARGET,TARGET,TARGET,TARGET,TARGET,TARGET,TARGET
36195,2026-08-31 07:25:13.844,-1,7676.25,PIN,6,8471,False,STOP,STOP,STOP,STOP,TARGET,TARGET,TARGET,TARGET,TARGET,TARGET
36245,2026-08-31 07:41:20.552,1,7686.0,EMA8,6,657,False,TARGET,TARGET,TARGET,TARGET,TARGET,TARGET,TARGET,TARGET,TARGET,TARGET
36249,2026-08-31 07:42:27.436,1,7687.25,EMA8,6,1091,False,TARGET,TARGET,TARGET,TARGET,TARGET,TARGET,TARGET,TARGET,TARGET,TARGET
36305,2026-08-31 08:00:56.384,1,7691.25,EMA8,6,5425,False,STOP,STOP,STOP,STOP,STOP,STOP,STOP,STOP,STOP,STOP
36308,2026-08-31 08:01:52.560,1,7690.0,EMA24,6,6130,False,STOP,STOP,STOP,STOP,STOP,STOP,STOP,STOP,STOP,STOP
36357,2026-08-31 08:20:06.992,-1,7684.75,EMA24,6,7514,False,STOP,STOP,STOP,STOP,STOP,STOP,STOP,STOP,STOP,STOP
36421,2026-08-31 08:44:25.664,-1,7684.0,EMA50,6,2745,False,STOP,STOP,STOP,STOP,STOP,STOP,STOP,STOP,STOP,STOP
36462,2026-08-31 09:02:43.668,-1,7679.75,EMA8,6,11243,False,STOP,STOP,STOP,STOP,STOP,STOP,STOP,TARGET,TARGET,TARGET
36464,2026-08-31 09:04:02.556,-1,7680.25,EMA8,6,3093,False,STOP,TARGET,TARGET,TARGET,TARGET,TARGET,TARGET,TARGET,TARGET,TARGET
36470,2026-08-31 09:07:45.660,-1,7678.75,EMA8,6,17397,False,STOP,STOP,STOP,STOP,STOP,STOP,STOP,STOP,STOP,STOP
36506,2026-08-31 09:30:03.416,1,7686.0,EMA8,6,25375,True,STOP,STOP,STOP,STOP,STOP,STOP,STOP,TARGET,TARGET,TARGET
36544,2026-08-31 10:00:40.064,1,7686.5,EMA24,6,10282,False,STOP,STOP,STOP,STOP,STOP,STOP,STOP,STOP,STOP,STOP
36567,2026-08-31 10:19:54.048,1,7686.25,EMA50,6,10487,False,STOP,STOP,STOP,STOP,STOP,TARGET,TARGET,TARGET,TARGET,TARGET
36605,2026-08-31 10:51:20.224,1,7695.25,PIN,6,8423,False,STOP,STOP,STOP,STOP,TARGET,TARGET,TARGET,TARGET,TARGET,TARGET
36658,2026-08-31 11:38:07.212,-1,7684.25,PIN,6,1130,False,TARGET,TARGET,TARGET,TARGET,TARGET,TARGET,TARGET,TARGET,TARGET,TARGET
36673,2026-08-31 11:45:11.620,-1,7680.75,EMA8,6,26317,False,STOP,STOP,STOP,STOP,STOP,STOP,STOP,STOP,STOP,STOP
36706,2026-08-31 12:13:47.980,1,7688.75,EMA8,6,1024,False,STOP,TARGET,TARGET,TARGET,TARGET,TARGET,TARGET,TARGET,TARGET,TARGET
36721,2026-08-31 12:26:38.088,1,7691.75,EMA8,6,2504,False,STOP,TARGET,TARGET,TARGET,TARGET,TARGET,TARGET,TARGET,TARGET,TARGET
36730,2026-08-31 12:31:13.152,1,7692.25,EMA24,6,7927,False,STOP,STOP,STOP,STOP,STOP,STOP,STOP,STOP,STOP,STOP
36733,2026-08-31 12:33:56.760,1,7691.0,EMA50,6,2596,False,STOP,STOP,TARGET,TARGET,TARGET,TARGET,TARGET,TARGET,TARGET,TARGET
36742,2026-08-31 12:43:37.704,1,7698.25,PIN,6,1255,False,TARGET,TARGET,TARGET,TARGET,TARGET,TARGET,TARGET,TARGET,TARGET,TARGET
36746,2026-08-31 12:45:49.248,1,7698.5,EMA8,6,1375,False,TARGET,TARGET,TARGET,TARGET,TARGET,TARGET,TARGET,TARGET,TARGET,TARGET
36807,2026-08-31 12:59:21.176,1,7708.0,PIN,6,5082,False,STOP,STOP,STOP,STOP,STOP,STOP,STOP,STOP,STOP,STOP
36858,2026-08-31 13:06:59.040,1,7702.0,EMA24,6,1208,False,TARGET,TARGET,TARGET,TARGET,TARGET,TARGET,TARGET,TARGET,TARGET,TARGET
36867,2026-08-31 13:26:47.648,1,7702.0,EMA50,6,4182,False,STOP,STOP,STOP,TARGET,TARGET,TARGET,TARGET,TARGET,TARGET,TARGET
36900,2026-08-31 16:39:40.216,1,7704.25,EMA8,6,14147,False,STOP,STOP,STOP,STOP,STOP,STOP,STOP,STOP,STOP,NONE
36924,2026-08-31 17:07:52.000,1,7705.75,EMA8,6,312,False,TARGET,TARGET,TARGET,TARGET,TARGET,TARGET,TARGET,TARGET,TARGET,TARGET
37005,2026-08-31 19:31:20.816,-1,7697.25,EMA8,6,3725,False,STOP,STOP,STOP,STOP,STOP,STOP,STOP,STOP,TARGET,TARGET
37031,2026-08-31 21:03:31.760,-1,7697.25,EMA50,6,3410,False,TARGET,TARGET,TARGET,TARGET,TARGET,TARGET,TARGET,TARGET,TARGET,TARGET
37047,2026-08-31 22:11:34.740,-1,7692.25,EMA8,6,3543,False,STOP,STOP,TARGET,TARGET,TARGET,TARGET,TARGET,TARGET,TARGET,TARGET
37071,2026-08-31 22:52:25.740,1,7702.5,EMA8,6,2490,False,STOP,TARGET,TARGET,TARGET,TARGET,TARGET,TARGET,TARGET,TARGET,TARGET
37118,2026-09-01 00:03:19.508,1,7702.0,EMA8,6,2511,False,STOP,STOP,STOP,STOP,TARGET,TARGET,TARGET,TARGET,TARGET,TARGET
37124,2026-09-01 00:08:16.584,1,7704.0,EMA8,6,2910,False,STOP,STOP,STOP,STOP,STOP,STOP,STOP,STOP,STOP,STOP
37163,2026-09-01 00:39:59.056,-1,7692.75,PIN,6,5723,False,STOP,STOP,STOP,TARGET,TARGET,TARGET,TARGET,TARGET,TARGET,TARGET
37188,2026-09-01 01:00:10.720,-1,7690.0,EMA8,6,1705,False,STOP,TARGET,TARGET,TARGET,TARGET,TARGET,TARGET,TARGET,TARGET,TARGET
37228,2026-09-01 01:06:52.004,-1,7682.75,EMA24,6,687,False,STOP,STOP,TARGET,TARGET,TARGET,TARGET,TARGET,TARGET,TARGET,TARGET
37246,2026-09-01 01:08:32.532,-1,7679.75,EMA24,6,1118,False,STOP,TARGET,TARGET,TARGET,TARGET,TARGET,TARGET,TARGET,TARGET,TARGET
37262,2026-09-01 01:11:05.180,-1,7675.75,EMA8,6,38,False,TARGET,TARGET,TARGET,TARGET,TARGET,TARGET,TARGET,TARGET,TARGET,TARGET
37274,2026-09-01 01:13:46.208,-1,7677.5,EMA50,6,471,False,TARGET,TARGET,TARGET,TARGET,TARGET,TARGET,TARGET,TARGET,TARGET,TARGET
37313,2026-09-01 01:25:51.972,-1,7668.5,EMA8,6,4199,False,STOP,STOP,STOP,STOP,STOP,STOP,TARGET,TARGET,TARGET,TARGET
37344,2026-09-01 01:34:37.652,-1,7667.75,EMA50,6,2556,False,STOP,STOP,TARGET,TARGET,TARGET,TARGET,TARGET,TARGET,TARGET,TARGET
37358,2026-09-01 01:39:46.292,-1,7663.5,EMA24,6,543,False,STOP,TARGET,TARGET,TARGET,TARGET,TARGET,TARGET,TARGET,TARGET,TARGET
37362,2026-09-01 01:41:22.972,-1,7663.5,EMA24,6,583,False,TARGET,TARGET,TARGET,TARGET,TARGET,TARGET,TARGET,TARGET,TARGET,TARGET
37425,2026-09-01 02:09:47.152,-1,7654.25,EMA8,6,6351,False,STOP,STOP,STOP,STOP,STOP,STOP,STOP,TARGET,TARGET,TARGET
37427,2026-09-01 02:10:56.960,-1,7654.75,EMA8,6,2598,False,STOP,STOP,TARGET,TARGET,TARGET,TARGET,TARGET,TARGET,TARGET,TARGET
37430,2026-09-01 02:12:09.952,-1,7654.0,EMA8,6,1292,False,STOP,STOP,STOP,STOP,STOP,TARGET,TARGET,TARGET,TARGET,TARGET
37435,2026-09-01 02:13:31.104,-1,7653.25,EMA8,6,2392,False,STOP,STOP,TARGET,TARGET,TARGET,TARGET,TARGET,TARGET,TARGET,TARGET
37441,2026-09-01 02:17:17.708,-1,7653.25,EMA24,6,3216,False,STOP,STOP,STOP,STOP,STOP,TARGET,TARGET,TARGET,TARGET,TARGET
37443,2026-09-01 02:18:47.716,-1,7653.25,EMA24,6,391,False,TARGET,TARGET,TARGET,TARGET,TARGET,TARGET,TARGET,TARGET,TARGET,TARGET
37449,2026-09-01 02:21:10.728,-1,7651.5,EMA8,6,3918,False,STOP,STOP,STOP,TARGET,TARGET,TARGET,TARGET,TARGET,TARGET,TARGET
37452,2026-09-01 02:24:47.368,-1,7650.75,EMA8,6,4431,False,STOP,STOP,STOP,TARGET,TARGET,TARGET,TARGET,TARGET,TARGET,TARGET
37457,2026-09-01 02:27:52.588,-1,7650.0,EMA8,6,703,False,TARGET,TARGET,TARGET,TARGET,TARGET,TARGET,TARGET,TARGET,TARGET,TARGET
37466,2026-09-01 02:33:43.044,-1,7652.25,EMA50,6,7343,False,STOP,STOP,STOP,STOP,STOP,STOP,TARGET,TARGET,TARGET,TARGET
37478,2026-09-01 02:41:28.088,-1,7651.25,EMA50,6,6366,False,STOP,STOP,STOP,STOP,STOP,STOP,STOP,STOP,STOP,STOP
37488,2026-09-01 02:56:31.644,1,7655.5,EMA8,6,12441,False,STOP,STOP,STOP,STOP,STOP,STOP,STOP,STOP,STOP,STOP
37556,2026-09-01 04:04:07.348,-1,7655.25,EMA8,6,2277,False,STOP,STOP,STOP,STOP,STOP,TARGET,TARGET,TARGET,TARGET,TARGET
37566,2026-09-01 04:08:28.836,-1,7655.0,EMA24,6,1604,True,STOP,STOP,STOP,TARGET,TARGET,TARGET,TARGET,TARGET,TARGET,TARGET
37573,2026-09-01 04:14:45.784,-1,7655.25,EMA50,6,6186,False,STOP,STOP,STOP,STOP,STOP,STOP,STOP,STOP,STOP,STOP
37598,2026-09-01 04:45:52.984,1,7661.25,EMA8,6,12160,False,STOP,STOP,STOP,STOP,STOP,STOP,STOP,STOP,STOP,STOP
37604,2026-09-01 04:52:18.852,1,7660.25,EMA24,6,4256,False,STOP,STOP,STOP,STOP,STOP,STOP,STOP,STOP,STOP,STOP
37622,2026-09-01 05:01:41.284,-1,7650.75,EMA8,6,4854,False,STOP,STOP,STOP,STOP,STOP,STOP,STOP,STOP,STOP,STOP
37624,2026-09-01 05:02:32.040,-1,7651.5,EMA8,6,9428,False,STOP,STOP,STOP,STOP,STOP,STOP,STOP,TARGET,TARGET,TARGET
37636,2026-09-01 05:09:31.976,-1,7651.75,EMA24,6,274,False,TARGET,TARGET,TARGET,TARGET,TARGET,TARGET,TARGET,TARGET,TARGET,TARGET
37673,2026-09-01 05:35:00.268,-1,7648.75,EMA8,6,1673,False,STOP,TARGET,TARGET,TARGET,TARGET,TARGET,TARGET,TARGET,TARGET,TARGET
37723,2026-09-01 06:05:02.388,-1,7643.25,EMA8,6,771,False,TARGET,TARGET,TARGET,TARGET,TARGET,TARGET,TARGET,TARGET,TARGET,TARGET
37729,2026-09-01 06:09:29.584,-1,7644.0,EMA24,6,27633,False,STOP,STOP,STOP,STOP,STOP,STOP,STOP,STOP,STOP,NONE
37737,2026-09-01 06:16:53.028,-1,7644.75,EMA50,6,1704,False,TARGET,TARGET,TARGET,TARGET,TARGET,TARGET,TARGET,TARGET,TARGET,TARGET
37777,2026-09-01 06:31:35.144,-1,7643.75,EMA50,6,6399,False,STOP,STOP,STOP,STOP,STOP,STOP,STOP,STOP,STOP,STOP
37828,2026-09-01 06:37:31.048,1,7648.0,EMA50,6,1020,False,TARGET,TARGET,TARGET,TARGET,TARGET,TARGET,TARGET,TARGET,TARGET,TARGET
37861,2026-09-01 06:41:36.676,-1,7642.5,EMA8,6,12041,False,STOP,STOP,STOP,STOP,STOP,STOP,STOP,STOP,STOP,STOP
37867,2026-09-01 06:42:59.032,-1,7644.75,EMA50,6,5888,False,STOP,STOP,STOP,STOP,TARGET,TARGET,TARGET,TARGET,TARGET,TARGET
37931,2026-09-01 06:55:02.788,-1,7644.25,EMA8,6,3347,False,STOP,TARGET,TARGET,TARGET,TARGET,TARGET,TARGET,TARGET,TARGET,TARGET
37938,2026-09-01 06:56:53.844,-1,7644.25,EMA24,6,18768,False,STOP,STOP,STOP,STOP,STOP,STOP,STOP,STOP,STOP,STOP
37942,2026-09-01 06:58:04.648,-1,7644.25,EMA50,6,7281,False,STOP,STOP,STOP,STOP,STOP,STOP,STOP,STOP,STOP,STOP
37972,2026-09-01 07:02:34.020,1,7650.5,EMA8,6,1265,False,STOP,STOP,STOP,STOP,STOP,STOP,STOP,STOP,STOP,STOP
37979,2026-09-01 07:03:19.968,1,7648.25,EMA50,6,4565,False,STOP,TARGET,TARGET,TARGET,TARGET,TARGET,TARGET,TARGET,TARGET,TARGET
37985,2026-09-01 07:05:08.536,1,7650.0,EMA24,6,359,False,TARGET,TARGET,TARGET,TARGET,TARGET,TARGET,TARGET,TARGET,TARGET,TARGET
37996,2026-09-01 07:07:56.360,1,7655.0,EMA8,6,17213,False,STOP,STOP,STOP,STOP,STOP,STOP,STOP,STOP,TARGET,TARGET
38004,2026-09-01 07:10:35.136,1,7656.0,EMA8,6,4636,False,STOP,STOP,TARGET,TARGET,TARGET,TARGET,TARGET,TARGET,TARGET,TARGET
38007,2026-09-01 07:11:04.120,1,7656.75,EMA8,6,4960,False,STOP,STOP,STOP,STOP,STOP,STOP,STOP,STOP,STOP,STOP
38025,2026-09-01 07:16:17.176,1,7660.5,PIN,6,905,False,STOP,TARGET,TARGET,TARGET,TARGET,TARGET,TARGET,TARGET,TARGET,TARGET
38035,2026-09-01 07:19:26.340,1,7658.75,EMA24,6,1255,False,STOP,TARGET,TARGET,TARGET,TARGET,TARGET,TARGET,TARGET,TARGET,TARGET
38043,2026-09-01 07:22:21.592,1,7662.75,EMA8,6,770,False,TARGET,TARGET,TARGET,TARGET,TARGET,TARGET,TARGET,TARGET,TARGET,TARGET
38061,2026-09-01 07:27:39.468,1,7665.25,EMA24,6,14849,False,STOP,STOP,STOP,STOP,STOP,STOP,STOP,TARGET,TARGET,TARGET
38081,2026-09-01 07:37:55.328,1,7671.0,EMA8,6,8695,False,STOP,STOP,STOP,STOP,STOP,STOP,STOP,STOP,STOP,STOP
38118,2026-09-01 07:53:23.512,-1,7664.0,EMA8,6,3341,False,STOP,STOP,STOP,TARGET,TARGET,TARGET,TARGET,TARGET,TARGET,TARGET
38128,2026-09-01 07:58:31.692,-1,7661.5,EMA8,6,21758,False,STOP,STOP,STOP,STOP,STOP,STOP,STOP,STOP,STOP,TARGET
38133,2026-09-01 08:00:45.596,-1,7662.5,EMA24,6,2781,False,STOP,TARGET,TARGET,TARGET,TARGET,TARGET,TARGET,TARGET,TARGET,TARGET
38137,2026-09-01 08:02:40.036,-1,7661.0,EMA8,6,3718,False,STOP,STOP,TARGET,TARGET,TARGET,TARGET,TARGET,TARGET,TARGET,TARGET
38154,2026-09-01 08:10:04.924,-1,7654.5,EMA8,6,4574,False,STOP,STOP,STOP,STOP,STOP,STOP,STOP,STOP,STOP,STOP
38166,2026-09-01 08:14:41.752,-1,7657.75,EMA50,6,1300,False,STOP,TARGET,TARGET,TARGET,TARGET,TARGET,TARGET,TARGET,TARGET,TARGET
38194,2026-09-01 08:30:24.216,1,7662.75,EMA8,6,2149,False,STOP,STOP,TARGET,TARGET,TARGET,TARGET,TARGET,TARGET,TARGET,TARGET
38217,2026-09-01 08:43:00.964,1,7668.0,EMA8,6,7314,False,STOP,STOP,STOP,STOP,TARGET,TARGET,TARGET,TARGET,TARGET,TARGET
38219,2026-09-01 08:44:36.208,1,7668.25,EMA8,6,957,False,TARGET,TARGET,TARGET,TARGET,TARGET,TARGET,TARGET,TARGET,TARGET,TARGET
38222,2026-09-01 08:46:17.360,1,7669.5,EMA8,6,1258,False,TARGET,TARGET,TARGET,TARGET,TARGET,TARGET,TARGET,TARGET,TARGET,TARGET
38236,2026-09-01 08:55:04.928,1,7672.75,EMA8,6,7568,False,STOP,STOP,STOP,STOP,STOP,STOP,STOP,STOP,STOP,STOP
38278,2026-09-01 09:18:03.844,-1,7658.75,PIN,6,10188,False,STOP,STOP,STOP,STOP,STOP,STOP,TARGET,TARGET,TARGET,TARGET
38285,2026-09-01 09:20:42.052,-1,7655.25,PIN,6,1846,False,STOP,TARGET,TARGET,TARGET,TARGET,TARGET,TARGET,TARGET,TARGET,TARGET
38294,2026-09-01 09:21:57.504,-1,7652.25,EMA8,6,5909,False,STOP,STOP,STOP,STOP,STOP,STOP,STOP,STOP,STOP,STOP
38296,2026-09-01 09:22:15.408,-1,7652.0,EMA8,6,2509,False,STOP,STOP,STOP,STOP,STOP,STOP,STOP,STOP,STOP,STOP
38328,2026-09-01 09:27:12.088,-1,7651.75,EMA24,6,2760,False,STOP,STOP,STOP,TARGET,TARGET,TARGET,TARGET,TARGET,TARGET,TARGET
38330,2026-09-01 09:27:24.216,-1,7651.25,EMA8,6,1517,False,TARGET,TARGET,TARGET,TARGET,TARGET,TARGET,TARGET,TARGET,TARGET,TARGET
38344,2026-09-01 09:30:57.648,-1,7646.5,PIN,6,3267,False,STOP,STOP,TARGET,TARGET,TARGET,TARGET,TARGET,TARGET,TARGET,TARGET
38345,2026-09-01 09:31:03.960,-1,7645.75,PIN,6,36203,False,STOP,STOP,STOP,STOP,STOP,STOP,STOP,STOP,TARGET,TARGET
38353,2026-09-01 09:33:10.928,-1,7646.5,EMA8,6,10039,False,STOP,STOP,STOP,STOP,STOP,TARGET,TARGET,TARGET,TARGET,TARGET
38362,2026-09-01 09:36:08.636,-1,7645.5,EMA24,6,1627,False,TARGET,TARGET,TARGET,TARGET,TARGET,TARGET,TARGET,TARGET,TARGET,TARGET
38366,2026-09-01 09:37:30.020,-1,7644.25,EMA8,6,3138,False,STOP,STOP,STOP,STOP,STOP,STOP,STOP,STOP,STOP,STOP
38398,2026-09-01 09:50:02.504,-1,7645.75,EMA50,6,10002,False,STOP,STOP,STOP,STOP,STOP,STOP,STOP,TARGET,TARGET,TARGET
38463,2026-09-01 10:23:10.212,-1,7643.0,EMA24,6,3452,False,STOP,STOP,STOP,TARGET,TARGET,TARGET,TARGET,TARGET,TARGET,TARGET
38484,2026-09-01 10:26:06.768,-1,7640.25,EMA50,6,2038,False,STOP,STOP,TARGET,TARGET,TARGET,TARGET,TARGET,TARGET,TARGET,TARGET
38510,2026-09-01 10:35:01.068,1,7647.0,EMA8,6,2327,False,STOP,TARGET,TARGET,TARGET,TARGET,TARGET,TARGET,TARGET,TARGET,TARGET
38566,2026-09-01 11:09:42.592,-1,7642.5,EMA24,6,12128,False,STOP,STOP,STOP,STOP,STOP,STOP,TARGET,TARGET,TARGET,TARGET
38603,2026-09-01 11:36:58.408,-1,7634.75,EMA8,6,1122,False,STOP,TARGET,TARGET,TARGET,TARGET,TARGET,TARGET,TARGET,TARGET,TARGET
38613,2026-09-01 11:42:52.120,-1,7627.75,PIN,6,1239,False,TARGET,TARGET,TARGET,TARGET,TARGET,TARGET,TARGET,TARGET,TARGET,TARGET
38617,2026-09-01 11:44:25.032,-1,7625.25,PIN,6,3760,False,STOP,STOP,STOP,STOP,TARGET,TARGET,TARGET,TARGET,TARGET,TARGET
38628,2026-09-01 11:46:50.436,-1,7623.75,EMA8,6,5788,False,STOP,STOP,STOP,STOP,STOP,STOP,STOP,STOP,STOP,STOP
38635,2026-09-01 11:48:33.336,-1,7626.0,EMA24,6,1054,False,STOP,TARGET,TARGET,TARGET,TARGET,TARGET,TARGET,TARGET,TARGET,TARGET
38660,2026-09-01 11:58:02.884,1,7633.5,EMA8,6,1211,False,STOP,TARGET,TARGET,TARGET,TARGET,TARGET,TARGET,TARGET,TARGET,TARGET
38683,2026-09-01 12:06:45.404,1,7637.75,EMA8,6,13634,False,STOP,STOP,STOP,STOP,STOP,STOP,STOP,STOP,STOP,TARGET
38686,2026-09-01 12:07:55.020,1,7637.0,EMA24,6,7607,False,STOP,STOP,STOP,STOP,STOP,STOP,TARGET,TARGET,TARGET,TARGET
38700,2026-09-01 12:13:38.804,1,7640.75,EMA8,6,4798,False,STOP,STOP,STOP,TARGET,TARGET,TARGET,TARGET,TARGET,TARGET,TARGET
38707,2026-09-01 12:17:24.136,1,7642.0,EMA8,6,6093,False,STOP,STOP,STOP,STOP,STOP,STOP,STOP,STOP,STOP,STOP
38726,2026-09-01 12:28:50.064,1,7640.0,EMA50,6,1436,False,STOP,TARGET,TARGET,TARGET,TARGET,TARGET,TARGET,TARGET,TARGET,TARGET
38731,2026-09-01 12:30:14.108,1,7640.5,EMA50,6,2388,False,STOP,STOP,STOP,STOP,STOP,STOP,STOP,STOP,STOP,STOP
38795,2026-09-01 12:55:31.044,-1,7636.5,EMA50,6,2483,False,STOP,TARGET,TARGET,TARGET,TARGET,TARGET,TARGET,TARGET,TARGET,TARGET
38940,2026-09-01 17:23:03.316,1,7650.25,EMA8,6,4433,False,STOP,STOP,STOP,STOP,STOP,STOP,STOP,STOP,STOP,STOP
38991,2026-09-01 18:19:35.564,-1,7639.75,EMA24,6,6436,False,STOP,STOP,STOP,STOP,STOP,STOP,STOP,STOP,STOP,STOP
38993,2026-09-01 18:22:53.604,-1,7640.25,EMA24,6,708,False,TARGET,TARGET,TARGET,TARGET,TARGET,TARGET,TARGET,TARGET,TARGET,TARGET
39019,2026-09-01 18:54:31.956,-1,7633.75,EMA8,6,2534,False,STOP,STOP,STOP,STOP,STOP,STOP,STOP,STOP,STOP,STOP
39024,2026-09-01 19:02:11.780,-1,7636.0,EMA24,6,1397,False,TARGET,TARGET,TARGET,TARGET,TARGET,TARGET,TARGET,TARGET,TARGET,TARGET
39075,2026-09-01 21:28:16.196,-1,7634.5,EMA8,6,21852,False,STOP,STOP,STOP,STOP,STOP,STOP,STOP,STOP,NONE,NONE
39077,2026-09-01 21:33:28.912,-1,7635.25,EMA24,6,18835,False,STOP,STOP,STOP,STOP,TARGET,TARGET,TARGET,TARGET,TARGET,TARGET
39109,2026-09-01 22:37:08.972,1,7639.0,EMA50,6,5505,False,STOP,STOP,STOP,STOP,STOP,STOP,STOP,STOP,TARGET,TARGET
39137,2026-09-01 23:27:41.596,-1,7635.25,EMA24,6,978,False,TARGET,TARGET,TARGET,TARGET,TARGET,TARGET,TARGET,TARGET,TARGET,TARGET
39146,2026-09-01 23:36:55.392,-1,7634.75,EMA24+EMA50,6,364,False,STOP,TARGET,TARGET,TARGET,TARGET,TARGET,TARGET,TARGET,TARGET,TARGET
39225,2026-09-02 00:55:01.680,-1,7639.0,EMA24,6,5066,False,STOP,STOP,STOP,STOP,STOP,TARGET,TARGET,TARGET,TARGET,TARGET
39227,2026-09-02 00:56:57.488,-1,7639.0,EMA50,6,2961,False,STOP,STOP,STOP,TARGET,TARGET,TARGET,TARGET,TARGET,TARGET,TARGET
39269,2026-09-02 01:24:09.028,-1,7637.0,EMA8,6,7127,False,STOP,STOP,STOP,STOP,STOP,STOP,TARGET,TARGET,TARGET,TARGET
39299,2026-09-02 01:52:25.828,-1,7629.0,PIN,6,1657,False,STOP,TARGET,TARGET,TARGET,TARGET,TARGET,TARGET,TARGET,TARGET,TARGET
39301,2026-09-02 01:53:37.864,-1,7627.25,PIN,6,690,False,TARGET,TARGET,TARGET,TARGET,TARGET,TARGET,TARGET,TARGET,TARGET,TARGET
39345,2026-09-02 02:20:13.148,-1,7627.5,EMA24,6,1751,False,STOP,TARGET,TARGET,TARGET,TARGET,TARGET,TARGET,TARGET,TARGET,TARGET
39446,2026-09-02 04:15:04.376,1,7634.5,EMA8,6,9943,False,STOP,STOP,STOP,STOP,STOP,STOP,STOP,STOP,STOP,STOP
39469,2026-09-02 04:30:39.396,1,7636.75,EMA8,6,2864,False,STOP,STOP,STOP,STOP,STOP,STOP,STOP,TARGET,TARGET,TARGET
39471,2026-09-02 04:32:36.092,1,7636.25,EMA8,6,272,False,TARGET,TARGET,TARGET,TARGET,TARGET,TARGET,TARGET,TARGET,TARGET,TARGET
39511,2026-09-02 05:06:45.096,1,7651.0,PIN,6,5106,False,STOP,STOP,STOP,STOP,STOP,STOP,STOP,STOP,STOP,STOP
39520,2026-09-02 05:12:16.144,1,7647.75,EMA24,6,1553,False,STOP,STOP,STOP,STOP,TARGET,TARGET,TARGET,TARGET,TARGET,TARGET
39536,2026-09-02 05:18:24.636,1,7650.5,EMA24,6,4127,False,STOP,STOP,STOP,STOP,STOP,STOP,TARGET,TARGET,TARGET,TARGET
39552,2026-09-02 05:20:59.312,1,7656.25,EMA8,6,2051,False,STOP,STOP,STOP,STOP,STOP,TARGET,TARGET,TARGET,TARGET,TARGET
39554,2026-09-02 05:21:02.008,1,7656.25,EMA8,6,1210,False,STOP,STOP,STOP,TARGET,TARGET,TARGET,TARGET,TARGET,TARGET,TARGET
39557,2026-09-02 05:21:13.552,1,7657.25,EMA8,6,1512,False,STOP,STOP,STOP,STOP,STOP,STOP,TARGET,TARGET,TARGET,TARGET
39559,2026-09-02 05:21:20.320,1,7657.0,EMA8,6,187,False,STOP,TARGET,TARGET,TARGET,TARGET,TARGET,TARGET,TARGET,TARGET,TARGET
39565,2026-09-02 05:21:48.412,1,7656.75,EMA24,6,1989,False,STOP,STOP,STOP,STOP,STOP,STOP,STOP,STOP,STOP,STOP
39594,2026-09-02 05:42:38.016,-1,7645.75,EMA8,6,2803,False,STOP,TARGET,TARGET,TARGET,TARGET,TARGET,TARGET,TARGET,TARGET,TARGET
39598,2026-09-02 05:49:11.736,-1,7644.5,EMA8,6,2300,False,TARGET,TARGET,TARGET,TARGET,TARGET,TARGET,TARGET,TARGET,TARGET,TARGET
39643,2026-09-02 06:30:00.044,1,7651.5,EMA24,6,4539,True,STOP,STOP,STOP,STOP,STOP,STOP,STOP,STOP,STOP,STOP
39656,2026-09-02 06:30:37.056,-1,7645.75,EMA8,6,2582,False,STOP,STOP,STOP,TARGET,TARGET,TARGET,TARGET,TARGET,TARGET,TARGET
39727,2026-09-02 06:40:24.652,1,7650.0,EMA8,6,614,False,STOP,TARGET,TARGET,TARGET,TARGET,TARGET,TARGET,TARGET,TARGET,TARGET
39731,2026-09-02 06:41:11.004,1,7651.5,EMA8,6,4348,False,STOP,STOP,STOP,STOP,STOP,STOP,TARGET,TARGET,TARGET,TARGET
39733,2026-09-02 06:41:16.432,1,7651.25,EMA8,6,313,False,TARGET,TARGET,TARGET,TARGET,TARGET,TARGET,TARGET,TARGET,TARGET,TARGET
39753,2026-09-02 06:45:37.596,1,7652.75,EMA24,6,1481,False,TARGET,TARGET,TARGET,TARGET,TARGET,TARGET,TARGET,TARGET,TARGET,TARGET
39781,2026-09-02 06:50:35.300,-1,7648.75,EMA24+EMA50,6,7893,False,STOP,STOP,STOP,STOP,STOP,STOP,STOP,STOP,STOP,TARGET
39823,2026-09-02 07:00:39.992,1,7657.25,EMA8,6,3700,False,STOP,STOP,TARGET,TARGET,TARGET,TARGET,TARGET,TARGET,TARGET,TARGET
39826,2026-09-02 07:01:09.408,1,7660.25,PIN,6,1892,False,STOP,STOP,STOP,TARGET,TARGET,TARGET,TARGET,TARGET,TARGET,TARGET
39832,2026-09-02 07:02:16.096,1,7661.0,EMA8,6,1233,False,STOP,STOP,STOP,STOP,STOP,STOP,STOP,STOP,STOP,STOP
39836,2026-09-02 07:02:37.172,1,7659.0,EMA24,6,3876,True,STOP,STOP,STOP,STOP,STOP,TARGET,TARGET,TARGET,TARGET,TARGET
39840,2026-09-02 07:02:46.868,1,7659.0,EMA24,6,824,False,TARGET,TARGET,TARGET,TARGET,TARGET,TARGET,TARGET,TARGET,TARGET,TARGET
39848,2026-09-02 07:04:37.776,1,7661.5,EMA8,6,1533,False,TARGET,TARGET,TARGET,TARGET,TARGET,TARGET,TARGET,TARGET,TARGET,TARGET
39860,2026-09-02 07:09:01.324,1,7666.75,EMA8,6,6953,False,STOP,STOP,STOP,STOP,STOP,STOP,STOP,STOP,STOP,STOP
39877,2026-09-02 07:12:55.996,1,7664.0,EMA50,6,4191,False,TARGET,TARGET,TARGET,TARGET,TARGET,TARGET,TARGET,TARGET,TARGET,TARGET
39886,2026-09-02 07:16:00.016,1,7668.5,EMA8,6,796,False,TARGET,TARGET,TARGET,TARGET,TARGET,TARGET,TARGET,TARGET,TARGET,TARGET
39909,2026-09-02 07:23:44.032,1,7678.25,EMA8,6,1771,False,STOP,TARGET,TARGET,TARGET,TARGET,TARGET,TARGET,TARGET,TARGET,TARGET
39919,2026-09-02 07:29:14.872,1,7681.0,EMA8,6,7388,False,STOP,STOP,STOP,STOP,STOP,STOP,STOP,STOP,STOP,STOP
39923,2026-09-02 07:30:17.576,1,7679.5,EMA24,6,8304,False,STOP,STOP,STOP,STOP,STOP,STOP,STOP,STOP,STOP,STOP
39933,2026-09-02 07:33:44.516,1,7677.0,EMA50,6,2507,False,TARGET,TARGET,TARGET,TARGET,TARGET,TARGET,TARGET,TARGET,TARGET,TARGET
39939,2026-09-02 07:35:13.772,1,7683.75,PIN,6,31546,False,STOP,STOP,STOP,STOP,STOP,STOP,STOP,STOP,STOP,TARGET
39942,2026-09-02 07:36:20.628,1,7683.0,EMA8,6,775,False,TARGET,TARGET,TARGET,TARGET,TARGET,TARGET,TARGET,TARGET,TARGET,TARGET
39968,2026-09-02 07:48:02.332,1,7686.25,EMA24,6,7869,False,STOP,STOP,STOP,STOP,STOP,STOP,STOP,STOP,STOP,STOP
39972,2026-09-02 07:49:51.340,1,7684.25,EMA50,6,8895,False,STOP,STOP,STOP,STOP,STOP,STOP,STOP,STOP,STOP,STOP
40018,2026-09-02 08:05:09.280,-1,7679.75,EMA50,6,8083,False,STOP,STOP,STOP,STOP,STOP,STOP,STOP,STOP,STOP,STOP
40065,2026-09-02 08:24:43.088,1,7685.5,EMA8,6,1843,False,STOP,TARGET,TARGET,TARGET,TARGET,TARGET,TARGET,TARGET,TARGET,TARGET
40074,2026-09-02 08:29:54.072,1,7689.25,EMA8,6,1086,False,TARGET,TARGET,TARGET,TARGET,TARGET,TARGET,TARGET,TARGET,TARGET,TARGET
40081,2026-09-02 08:33:58.172,1,7688.75,EMA24,6,8584,False,STOP,STOP,STOP,STOP,STOP,STOP,STOP,STOP,STOP,STOP
40230,2026-09-02 10:16:44.676,-1,7675.0,EMA50,6,3782,False,STOP,STOP,TARGET,TARGET,TARGET,TARGET,TARGET,TARGET,TARGET,TARGET
40242,2026-09-02 10:26:45.968,-1,7674.0,EMA50,6,1733,False,STOP,TARGET,TARGET,TARGET,TARGET,TARGET,TARGET,TARGET,TARGET,TARGET
40308,2026-09-02 11:13:18.060,1,7678.5,EMA24,6,14535,False,STOP,STOP,STOP,STOP,TARGET,TARGET,TARGET,TARGET,TARGET,TARGET
40310,2026-09-02 11:15:10.444,1,7678.75,EMA24,6,9223,False,STOP,STOP,STOP,TARGET,TARGET,TARGET,TARGET,TARGET,TARGET,TARGET
40358,2026-09-02 11:46:10.584,-1,7674.25,EMA8,6,1668,False,TARGET,TARGET,TARGET,TARGET,TARGET,TARGET,TARGET,TARGET,TARGET,TARGET
40468,2026-09-02 13:13:16.348,1,7681.5,EMA8,6,1318,False,STOP,STOP,STOP,STOP,STOP,STOP,STOP,STOP,STOP,STOP
40480,2026-09-02 13:15:12.360,-1,7675.0,EMA8,6,2,False,TARGET,TARGET,TARGET,TARGET,TARGET,TARGET,TARGET,TARGET,TARGET,TARGET
40485,2026-09-02 13:15:47.888,-1,7674.5,EMA8,6,153,False,TARGET,TARGET,TARGET,TARGET,TARGET,TARGET,TARGET,TARGET,TARGET,TARGET
40538,2026-09-02 15:40:34.788,1,7678.75,EMA8,6,2938,False,STOP,STOP,STOP,STOP,STOP,STOP,STOP,STOP,STOP,STOP
40579,2026-09-02 17:41:23.476,-1,7672.75,EMA8,6,20003,False,STOP,STOP,STOP,STOP,STOP,STOP,STOP,STOP,STOP,STOP
40581,2026-09-02 17:57:01.332,-1,7673.0,EMA8,6,9460,False,STOP,STOP,STOP,STOP,STOP,STOP,STOP,STOP,STOP,STOP
40620,2026-09-02 19:04:40.064,-1,7672.75,EMA8,6,3829,False,STOP,STOP,STOP,STOP,STOP,STOP,STOP,STOP,STOP,STOP
40636,2026-09-02 19:47:52.952,1,7677.75,EMA24,6,1354,False,TARGET,TARGET,TARGET,TARGET,TARGET,TARGET,TARGET,TARGET,TARGET,TARGET
40646,2026-09-02 20:26:17.032,1,7682.0,EMA8,6,18307,False,STOP,STOP,STOP,STOP,TARGET,TARGET,TARGET,TARGET,TARGET,TARGET
40648,2026-09-02 20:30:29.960,1,7682.25,EMA8,6,15688,False,STOP,STOP,STOP,STOP,TARGET,TARGET,TARGET,TARGET,TARGET,TARGET
40651,2026-09-02 20:39:57.428,1,7682.5,EMA8,6,10358,False,STOP,STOP,STOP,STOP,STOP,TARGET,TARGET,TARGET,TARGET,TARGET
40656,2026-09-02 21:00:49.400,1,7683.25,EMA8,6,4208,False,STOP,STOP,STOP,STOP,TARGET,TARGET,TARGET,TARGET,TARGET,TARGET
40688,2026-09-02 22:23:11.608,-1,7662.75,PIN,6,2427,False,TARGET,TARGET,TARGET,TARGET,TARGET,TARGET,TARGET,TARGET,TARGET,TARGET
40699,2026-09-02 22:27:38.216,-1,7662.25,EMA8,6,3076,False,STOP,STOP,STOP,STOP,STOP,STOP,STOP,STOP,STOP,STOP
40734,2026-09-02 22:55:20.532,1,7676.5,EMA8,6,1402,False,STOP,STOP,STOP,TARGET,TARGET,TARGET,TARGET,TARGET,TARGET,TARGET
40743,2026-09-02 23:04:47.056,1,7678.75,EMA8,6,1845,False,STOP,TARGET,TARGET,TARGET,TARGET,TARGET,TARGET,TARGET,TARGET,TARGET
40749,2026-09-02 23:12:55.628,1,7677.0,EMA24,6,3112,False,STOP,STOP,STOP,STOP,STOP,TARGET,TARGET,TARGET,TARGET,TARGET
40757,2026-09-02 23:27:10.900,1,7676.5,EMA50,6,6653,False,STOP,STOP,STOP,STOP,STOP,STOP,STOP,TARGET,TARGET,TARGET
40887,2026-09-03 01:03:38.188,1,7689.75,EMA8,6,1582,True,STOP,STOP,STOP,STOP,TARGET,TARGET,TARGET,TARGET,TARGET,TARGET
40889,2026-09-03 01:03:45.836,1,7690.0,EMA8,6,272,False,STOP,TARGET,TARGET,TARGET,TARGET,TARGET,TARGET,TARGET,TARGET,TARGET
40892,2026-09-03 01:03:53.584,1,7690.75,EMA8,6,3143,False,STOP,STOP,STOP,STOP,STOP,STOP,STOP,STOP,STOP,STOP
40894,2026-09-03 01:04:07.084,1,7691.0,EMA8,6,1396,False,STOP,STOP,STOP,STOP,STOP,STOP,STOP,STOP,STOP,STOP
40898,2026-09-03 01:04:27.672,1,7689.0,EMA24,6,2376,False,STOP,STOP,STOP,STOP,STOP,STOP,TARGET,TARGET,TARGET,TARGET
40907,2026-09-03 01:05:37.208,1,7690.75,EMA24,6,475,False,TARGET,TARGET,TARGET,TARGET,TARGET,TARGET,TARGET,TARGET,TARGET,TARGET
40944,2026-09-03 01:13:27.060,-1,7686.75,EMA8,6,10606,False,STOP,STOP,STOP,STOP,STOP,STOP,TARGET,TARGET,TARGET,TARGET
40946,2026-09-03 01:13:55.696,-1,7686.75,EMA8,6,9418,False,STOP,STOP,STOP,STOP,STOP,STOP,TARGET,TARGET,TARGET,TARGET
40991,2026-09-03 02:03:08.356,-1,7684.25,EMA8,6,10831,False,STOP,STOP,STOP,STOP,STOP,STOP,STOP,STOP,STOP,STOP
40997,2026-09-03 02:16:37.248,-1,7685.5,EMA50,6,2926,False,STOP,STOP,STOP,STOP,STOP,TARGET,TARGET,TARGET,TARGET,TARGET
40999,2026-09-03 02:19:18.508,-1,7685.5,EMA50,6,449,False,TARGET,TARGET,TARGET,TARGET,TARGET,TARGET,TARGET,TARGET,TARGET,TARGET
41028,2026-09-03 02:53:34.868,-1,7677.0,EMA8,6,1587,False,TARGET,TARGET,TARGET,TARGET,TARGET,TARGET,TARGET,TARGET,TARGET,TARGET
41040,2026-09-03 03:02:31.520,-1,7675.75,EMA24,6,8968,False,STOP,STOP,STOP,STOP,STOP,STOP,STOP,TARGET,TARGET,TARGET
41054,2026-09-03 03:16:52.624,-1,7672.5,EMA8,6,7807,False,STOP,STOP,STOP,STOP,STOP,STOP,TARGET,TARGET,TARGET,TARGET
41108,2026-09-03 04:09:43.260,1,7680.75,EMA8,6,8256,False,STOP,STOP,STOP,STOP,TARGET,TARGET,TARGET,TARGET,TARGET,TARGET
41172,2026-09-03 04:42:33.104,1,7679.0,EMA50,6,624,False,TARGET,TARGET,TARGET,TARGET,TARGET,TARGET,TARGET,TARGET,TARGET,TARGET
41246,2026-09-03 05:30:02.152,1,7691.0,EMA8,6,1,True,TARGET,TARGET,TARGET,TARGET,TARGET,TARGET,TARGET,TARGET,TARGET,TARGET
41248,2026-09-03 05:30:02.696,1,7690.75,EMA8,6,1,True,TARGET,TARGET,TARGET,TARGET,TARGET,TARGET,TARGET,TARGET,TARGET,TARGET
41251,2026-09-03 05:30:02.948,1,7691.5,EMA8,6,1,True,TARGET,TARGET,TARGET,TARGET,TARGET,TARGET,TARGET,TARGET,TARGET,TARGET
41258,2026-09-03 05:30:04.164,1,7697.75,PIN,6,85,True,STOP,STOP,TARGET,TARGET,TARGET,TARGET,TARGET,TARGET,TARGET,TARGET
41261,2026-09-03 05:30:04.620,1,7696.5,EMA8,6,1,False,TARGET,TARGET,TARGET,TARGET,TARGET,TARGET,TARGET,TARGET,TARGET,TARGET
41308,2026-09-03 05:30:18.228,-1,7690.75,EMA8,6,330,True,STOP,STOP,TARGET,TARGET,TARGET,TARGET,TARGET,TARGET,TARGET,TARGET
41357,2026-09-03 05:37:19.104,-1,7691.25,EMA8,6,1270,False,TARGET,TARGET,TARGET,TARGET,TARGET,TARGET,TARGET,TARGET,TARGET,TARGET
41477,2026-09-03 06:30:56.892,1,7710.25,EMA8,6,5404,False,STOP,STOP,STOP,STOP,STOP,STOP,STOP,STOP,STOP,STOP
41481,2026-09-03 06:31:16.388,1,7708.75,EMA24,6,2170,False,STOP,STOP,STOP,TARGET,TARGET,TARGET,TARGET,TARGET,TARGET,TARGET
41500,2026-09-03 06:32:58.904,1,7711.25,EMA24,6,1251,False,TARGET,TARGET,TARGET,TARGET,TARGET,TARGET,TARGET,TARGET,TARGET,TARGET
41512,2026-09-03 06:34:16.084,1,7717.25,EMA8,6,9468,False,STOP,STOP,STOP,STOP,STOP,STOP,STOP,STOP,STOP,STOP
41543,2026-09-03 06:38:32.784,1,7720.5,PIN,6,10200,False,STOP,STOP,STOP,STOP,STOP,TARGET,TARGET,TARGET,TARGET,TARGET
41548,2026-09-03 06:39:14.564,1,7720.75,EMA8,6,492,False,TARGET,TARGET,TARGET,TARGET,TARGET,TARGET,TARGET,TARGET,TARGET,TARGET
41560,2026-09-03 06:41:13.352,1,7720.5,EMA24,6,2089,False,STOP,STOP,TARGET,TARGET,TARGET,TARGET,TARGET,TARGET,TARGET,TARGET
41584,2026-09-03 06:46:02.484,1,7723.75,EMA24,6,16332,False,STOP,STOP,STOP,STOP,STOP,STOP,STOP,STOP,TARGET,TARGET
41610,2026-09-03 06:51:13.772,1,7724.5,EMA24,6,8007,False,STOP,STOP,STOP,TARGET,TARGET,TARGET,TARGET,TARGET,TARGET,TARGET
41628,2026-09-03 06:55:58.100,-1,7720.0,EMA8,6,1254,False,TARGET,TARGET,TARGET,TARGET,TARGET,TARGET,TARGET,TARGET,TARGET,TARGET
41633,2026-09-03 06:57:52.040,-1,7718.5,EMA8,6,829,False,TARGET,TARGET,TARGET,TARGET,TARGET,TARGET,TARGET,TARGET,TARGET,TARGET
41643,2026-09-03 07:00:00.020,-1,7720.75,EMA50,6,1,True,TARGET,TARGET,TARGET,TARGET,TARGET,TARGET,TARGET,TARGET,TARGET,TARGET
41660,2026-09-03 07:01:08.032,-1,7712.5,PIN,6,226,False,TARGET,TARGET,TARGET,TARGET,TARGET,TARGET,TARGET,TARGET,TARGET,TARGET
41678,2026-09-03 07:03:32.464,-1,7710.5,EMA24,6,1182,False,TARGET,TARGET,TARGET,TARGET,TARGET,TARGET,TARGET,TARGET,TARGET,TARGET
41695,2026-09-03 07:06:10.032,-1,7707.75,EMA24,6,6860,False,STOP,STOP,STOP,STOP,STOP,TARGET,TARGET,TARGET,TARGET,TARGET
41697,2026-09-03 07:06:21.668,-1,7707.75,EMA24,6,3708,False,TARGET,TARGET,TARGET,TARGET,TARGET,TARGET,TARGET,TARGET,TARGET,TARGET
41770,2026-09-03 07:20:45.632,1,7714.75,PIN,6,6421,False,STOP,STOP,STOP,STOP,STOP,STOP,STOP,STOP,STOP,STOP
41834,2026-09-03 07:36:18.576,-1,7709.0,EMA50,6,2374,False,STOP,STOP,TARGET,TARGET,TARGET,TARGET,TARGET,TARGET,TARGET,TARGET
41894,2026-09-03 07:48:26.252,1,7711.0,EMA8,6,1014,False,TARGET,TARGET,TARGET,TARGET,TARGET,TARGET,TARGET,TARGET,TARGET,TARGET
41901,2026-09-03 07:49:50.412,1,7712.25,EMA8,6,1116,False,TARGET,TARGET,TARGET,TARGET,TARGET,TARGET,TARGET,TARGET,TARGET,TARGET
41906,2026-09-03 07:50:50.572,1,7711.5,EMA24,6,7235,False,STOP,STOP,STOP,STOP,STOP,STOP,STOP,STOP,STOP,STOP
41938,2026-09-03 07:56:22.816,-1,7701.5,PIN,6,56,False,TARGET,TARGET,TARGET,TARGET,TARGET,TARGET,TARGET,TARGET,TARGET,TARGET
41975,2026-09-03 07:59:49.772,1,7718.5,PIN,6,6311,False,STOP,TARGET,TARGET,TARGET,TARGET,TARGET,TARGET,TARGET,TARGET,TARGET
41984,2026-09-03 08:03:01.768,1,7723.75,PIN,6,1630,False,STOP,STOP,TARGET,TARGET,TARGET,TARGET,TARGET,TARGET,TARGET,TARGET
41985,2026-09-03 08:03:12.304,1,7724.5,PIN,6,3555,False,STOP,TARGET,TARGET,TARGET,TARGET,TARGET,TARGET,TARGET,TARGET,TARGET
41998,2026-09-03 08:07:06.484,1,7731.25,EMA8,6,10643,False,STOP,STOP,STOP,STOP,TARGET,TARGET,TARGET,TARGET,TARGET,TARGET
42005,2026-09-03 08:08:43.972,1,7733.0,EMA8,6,1244,False,TARGET,TARGET,TARGET,TARGET,TARGET,TARGET,TARGET,TARGET,TARGET,TARGET
42023,2026-09-03 08:15:28.472,1,7742.25,PIN,6,1933,False,TARGET,TARGET,TARGET,TARGET,TARGET,TARGET,TARGET,TARGET,TARGET,TARGET
42029,2026-09-03 08:18:40.564,1,7743.75,EMA8,6,1091,False,STOP,STOP,TARGET,TARGET,TARGET,TARGET,TARGET,TARGET,TARGET,TARGET
42057,2026-09-03 08:29:44.536,1,7755.75,PIN,6,11047,False,STOP,STOP,STOP,STOP,STOP,STOP,TARGET,TARGET,TARGET,TARGET
42063,2026-09-03 08:31:51.588,1,7757.25,EMA8,6,11040,False,STOP,STOP,STOP,STOP,STOP,STOP,STOP,STOP,STOP,STOP
42070,2026-09-03 08:34:45.320,1,7754.0,EMA24,6,1575,False,TARGET,TARGET,TARGET,TARGET,TARGET,TARGET,TARGET,TARGET,TARGET,TARGET
42100,2026-09-03 08:52:30.460,1,7758.75,PIN,6,7681,False,STOP,STOP,STOP,STOP,STOP,STOP,STOP,STOP,STOP,STOP
42103,2026-09-03 08:54:39.452,1,7757.5,EMA8,6,1916,False,STOP,TARGET,TARGET,TARGET,TARGET,TARGET,TARGET,TARGET,TARGET,TARGET
42138,2026-09-03 09:16:26.540,-1,7752.5,EMA24,6,22783,False,STOP,STOP,STOP,STOP,STOP,STOP,STOP,STOP,STOP,TARGET
42175,2026-09-03 09:47:00.336,1,7757.75,EMA8,6,15635,False,STOP,STOP,STOP,STOP,STOP,STOP,STOP,STOP,STOP,STOP
42177,2026-09-03 09:49:16.272,1,7757.5,EMA8,6,8455,False,STOP,STOP,STOP,STOP,STOP,STOP,STOP,STOP,STOP,STOP
42187,2026-09-03 10:00:20.108,1,7756.0,EMA50,6,2125,False,STOP,STOP,STOP,STOP,STOP,STOP,STOP,STOP,STOP,STOP
42200,2026-09-03 10:16:47.008,-1,7750.25,EMA8,6,7749,False,STOP,STOP,STOP,STOP,STOP,STOP,TARGET,TARGET,TARGET,TARGET
42202,2026-09-03 10:18:44.988,-1,7750.5,EMA8,6,1923,False,STOP,STOP,TARGET,TARGET,TARGET,TARGET,TARGET,TARGET,TARGET,TARGET
42223,2026-09-03 10:39:53.324,1,7756.0,EMA8,6,1546,False,TARGET,TARGET,TARGET,TARGET,TARGET,TARGET,TARGET,TARGET,TARGET,TARGET
42228,2026-09-03 10:45:11.924,1,7757.25,EMA8,6,14556,False,STOP,STOP,STOP,STOP,STOP,STOP,STOP,STOP,STOP,STOP
42232,2026-09-03 10:49:57.632,1,7756.0,EMA24,6,3307,False,STOP,STOP,STOP,TARGET,TARGET,TARGET,TARGET,TARGET,TARGET,TARGET
42250,2026-09-03 11:03:37.672,1,7764.0,EMA8,6,9396,False,STOP,STOP,STOP,STOP,TARGET,TARGET,TARGET,TARGET,TARGET,TARGET
42252,2026-09-03 11:05:10.768,1,7764.25,EMA8,6,28948,False,STOP,STOP,STOP,STOP,STOP,STOP,TARGET,TARGET,TARGET,TARGET
42259,2026-09-03 11:13:21.080,1,7764.5,EMA8,6,4834,False,STOP,STOP,STOP,TARGET,TARGET,TARGET,TARGET,TARGET,TARGET,TARGET
42274,2026-09-03 11:32:27.152,1,7762.75,EMA50,6,2911,False,TARGET,TARGET,TARGET,TARGET,TARGET,TARGET,TARGET,TARGET,TARGET,TARGET
42309,2026-09-03 12:30:52.348,-1,7759.75,EMA24+EMA50,6,10492,False,STOP,STOP,STOP,STOP,STOP,TARGET,TARGET,TARGET,TARGET,TARGET
42311,2026-09-03 12:33:28.348,-1,7759.75,EMA50,6,1765,False,TARGET,TARGET,TARGET,TARGET,TARGET,TARGET,TARGET,TARGET,TARGET,TARGET
42316,2026-09-03 12:41:04.328,-1,7759.75,EMA50,6,2660,False,STOP,TARGET,TARGET,TARGET,TARGET,TARGET,TARGET,TARGET,TARGET,TARGET
42340,2026-09-03 12:58:30.724,-1,7754.5,EMA8,6,568,False,TARGET,TARGET,TARGET,TARGET,TARGET,TARGET,TARGET,TARGET,TARGET,TARGET
42344,2026-09-03 12:59:04.876,-1,7753.75,EMA8,6,7291,False,STOP,STOP,TARGET,TARGET,TARGET,TARGET,TARGET,TARGET,TARGET,TARGET
42435,2026-09-03 18:56:11.692,1,7755.0,EMA50,6,1059,False,TARGET,TARGET,TARGET,TARGET,TARGET,TARGET,TARGET,TARGET,TARGET,TARGET
42468,2026-09-03 22:56:34.152,1,7760.75,EMA24,6,2607,False,TARGET,TARGET,TARGET,TARGET,TARGET,TARGET,TARGET,TARGET,TARGET,TARGET
42476,2026-09-03 23:20:01.572,1,7762.25,EMA24,6,1378,False,TARGET,TARGET,TARGET,TARGET,TARGET,TARGET,TARGET,TARGET,TARGET,TARGET
42510,2026-09-04 00:56:39.740,1,7760.0,EMA24+EMA50,6,10828,False,STOP,STOP,STOP,STOP,TARGET,TARGET,TARGET,TARGET,TARGET,TARGET
42551,2026-09-04 02:59:34.872,-1,7758.5,EMA50,6,15291,False,STOP,STOP,STOP,STOP,STOP,STOP,STOP,STOP,STOP,STOP
42593,2026-09-04 05:06:54.688,-1,7752.0,PIN,6,708,False,TARGET,TARGET,TARGET,TARGET,TARGET,TARGET,TARGET,TARGET,TARGET,TARGET
42656,2026-09-04 05:30:01.116,-1,7754.75,EMA8,6,0,True,NONE,NONE,NONE,NONE,NONE,NONE,NONE,NONE,NONE,NONE
42702,2026-09-04 05:30:01.260,-1,7745.25,EMA8,6,0,True,NONE,NONE,NONE,NONE,NONE,NONE,NONE,NONE,NONE,NONE
42709,2026-09-04 05:30:01.336,-1,7742.0,EMA8,6,0,True,NONE,NONE,NONE,NONE,NONE,NONE,NONE,NONE,NONE,NONE
42735,2026-09-04 05:30:01.644,-1,7742.5,EMA50,6,0,True,NONE,NONE,NONE,NONE,NONE,NONE,NONE,NONE,NONE,NONE
42790,2026-09-04 05:30:01.856,-1,7740.0,EMA24,6,0,True,NONE,NONE,NONE,NONE,NONE,NONE,NONE,NONE,NONE,NONE
42794,2026-09-04 05:30:01.856,-1,7739.5,EMA24,6,0,True,NONE,NONE,NONE,NONE,NONE,NONE,NONE,NONE,NONE,NONE
42835,2026-09-04 05:30:03.588,-1,7734.75,EMA8,6,113,True,STOP,STOP,STOP,STOP,STOP,STOP,STOP,TARGET,TARGET,TARGET
42860,2026-09-04 05:30:06.216,1,7740.25,EMA8,6,1,True,STOP,STOP,STOP,STOP,STOP,STOP,STOP,STOP,STOP,STOP
42862,2026-09-04 05:30:06.220,1,7740.0,EMA8,6,1,True,STOP,STOP,STOP,STOP,STOP,STOP,STOP,STOP,STOP,STOP
42922,2026-09-04 05:30:25.932,1,7740.75,EMA8,6,37,False,TARGET,TARGET,TARGET,TARGET,TARGET,TARGET,TARGET,TARGET,TARGET,TARGET
42929,2026-09-04 05:30:30.028,1,7743.0,EMA8,6,1644,True,STOP,STOP,STOP,STOP,STOP,STOP,STOP,STOP,STOP,STOP
42944,2026-09-04 05:30:41.312,1,7742.75,EMA24,6,929,True,STOP,STOP,STOP,STOP,STOP,STOP,STOP,STOP,STOP,STOP
42947,2026-09-04 05:30:46.204,1,7741.75,EMA50,6,1579,True,STOP,STOP,STOP,STOP,STOP,STOP,STOP,STOP,STOP,STOP
42968,2026-09-04 05:31:29.928,1,7743.0,EMA8,6,1299,False,STOP,STOP,STOP,STOP,STOP,STOP,STOP,STOP,STOP,STOP
42973,2026-09-04 05:31:35.576,1,7742.0,EMA50,6,1449,False,STOP,STOP,STOP,STOP,STOP,STOP,STOP,STOP,STOP,STOP
42999,2026-09-04 05:33:03.112,-1,7736.5,EMA24,6,655,False,STOP,STOP,STOP,STOP,TARGET,TARGET,TARGET,TARGET,TARGET,TARGET
43057,2026-09-04 05:39:11.624,1,7740.0,EMA50,6,112,False,TARGET,TARGET,TARGET,TARGET,TARGET,TARGET,TARGET,TARGET,TARGET,TARGET
43065,2026-09-04 05:40:23.920,1,7741.0,EMA50,6,977,False,STOP,STOP,TARGET,TARGET,TARGET,TARGET,TARGET,TARGET,TARGET,TARGET
43092,2026-09-04 05:47:30.124,-1,7732.0,PIN,6,8933,False,STOP,STOP,STOP,STOP,STOP,STOP,STOP,STOP,STOP,STOP
43095,2026-09-04 05:47:55.824,-1,7733.0,EMA8,6,286,False,TARGET,TARGET,TARGET,TARGET,TARGET,TARGET,TARGET,TARGET,TARGET,TARGET
43185,2026-09-04 06:27:40.120,1,7742.0,EMA8,6,7675,False,STOP,STOP,STOP,STOP,STOP,TARGET,TARGET,TARGET,TARGET,TARGET
43196,2026-09-04 06:30:02.292,1,7742.5,EMA24,6,1,True,TARGET,TARGET,TARGET,TARGET,TARGET,TARGET,TARGET,TARGET,TARGET,TARGET
43213,2026-09-04 06:31:14.084,1,7744.5,EMA24,6,4687,False,STOP,TARGET,TARGET,TARGET,TARGET,TARGET,TARGET,TARGET,TARGET,TARGET
43226,2026-09-04 06:32:11.324,1,7746.5,EMA24,6,1394,False,TARGET,TARGET,TARGET,TARGET,TARGET,TARGET,TARGET,TARGET,TARGET,TARGET
43233,2026-09-04 06:33:52.528,1,7749.0,EMA8,6,4402,False,STOP,STOP,STOP,STOP,TARGET,TARGET,TARGET,TARGET,TARGET,TARGET
43294,2026-09-04 06:46:03.104,-1,7741.25,EMA8,6,6562,False,STOP,STOP,STOP,STOP,STOP,STOP,STOP,STOP,STOP,STOP
43347,2026-09-04 07:03:35.924,-1,7742.25,EMA24,6,24424,False,STOP,STOP,STOP,STOP,STOP,TARGET,TARGET,TARGET,TARGET,TARGET
43356,2026-09-04 07:06:33.380,-1,7742.0,EMA50,6,6091,False,STOP,STOP,STOP,STOP,STOP,TARGET,TARGET,TARGET,TARGET,TARGET
43377,2026-09-04 07:12:40.320,-1,7731.75,PIN,6,2047,False,TARGET,TARGET,TARGET,TARGET,TARGET,TARGET,TARGET,TARGET,TARGET,TARGET
43409,2026-09-04 07:22:17.208,-1,7733.0,EMA24,6,18168,False,STOP,STOP,STOP,STOP,STOP,STOP,TARGET,TARGET,TARGET,TARGET
43472,2026-09-04 07:47:11.120,-1,7724.25,EMA8,6,298,False,TARGET,TARGET,TARGET,TARGET,TARGET,TARGET,TARGET,TARGET,TARGET,TARGET
43476,2026-09-04 07:47:41.676,-1,7723.5,EMA8,6,10229,False,STOP,STOP,STOP,TARGET,TARGET,TARGET,TARGET,TARGET,TARGET,TARGET
43478,2026-09-04 07:48:24.976,-1,7723.0,EMA8,6,9729,False,STOP,STOP,STOP,TARGET,TARGET,TARGET,TARGET,TARGET,TARGET,TARGET
43488,2026-09-04 07:51:35.100,-1,7722.5,EMA24,6,2791,False,TARGET,TARGET,TARGET,TARGET,TARGET,TARGET,TARGET,TARGET,TARGET,TARGET
43491,2026-09-04 07:52:24.320,-1,7721.0,EMA8,6,14279,False,STOP,STOP,STOP,STOP,STOP,STOP,STOP,STOP,STOP,TARGET
43502,2026-09-04 07:56:29.648,-1,7718.5,EMA8,6,164,False,TARGET,TARGET,TARGET,TARGET,TARGET,TARGET,TARGET,TARGET,TARGET,TARGET
43516,2026-09-04 08:00:20.364,-1,7717.0,EMA24,6,528,False,TARGET,TARGET,TARGET,TARGET,TARGET,TARGET,TARGET,TARGET,TARGET,TARGET
43602,2026-09-04 08:34:11.724,-1,7714.5,EMA50,6,2393,False,TARGET,TARGET,TARGET,TARGET,TARGET,TARGET,TARGET,TARGET,TARGET,TARGET
43618,2026-09-04 08:45:34.448,1,7721.25,EMA8,6,1291,False,STOP,TARGET,TARGET,TARGET,TARGET,TARGET,TARGET,TARGET,TARGET,TARGET
43626,2026-09-04 08:49:53.960,1,7720.0,EMA24,6,2588,False,STOP,STOP,STOP,TARGET,TARGET,TARGET,TARGET,TARGET,TARGET,TARGET
43717,2026-09-04 10:26:54.984,-1,7723.0,EMA8,6,5728,False,STOP,STOP,TARGET,TARGET,TARGET,TARGET,TARGET,TARGET,TARGET,TARGET
43730,2026-09-04 10:36:02.940,-1,7718.25,EMA8,6,14761,False,STOP,STOP,STOP,STOP,STOP,TARGET,TARGET,TARGET,TARGET,TARGET
43736,2026-09-04 10:40:16.324,-1,7717.75,EMA8,6,1598,False,TARGET,TARGET,TARGET,TARGET,TARGET,TARGET,TARGET,TARGET,TARGET,TARGET
43739,2026-09-04 10:41:29.052,-1,7716.75,EMA8,6,2664,False,STOP,TARGET,TARGET,TARGET,TARGET,TARGET,TARGET,TARGET,TARGET,TARGET
43748,2026-09-04 10:47:59.940,-1,7716.0,EMA24,6,2491,False,STOP,STOP,STOP,TARGET,TARGET,TARGET,TARGET,TARGET,TARGET,TARGET
43761,2026-09-04 11:01:14.928,-1,7716.75,EMA50,6,414,False,TARGET,TARGET,TARGET,TARGET,TARGET,TARGET,TARGET,TARGET,TARGET,TARGET
43784,2026-09-04 11:27:31.416,1,7720.5,EMA8,6,7285,False,STOP,STOP,STOP,STOP,TARGET,TARGET,TARGET,TARGET,TARGET,TARGET
43788,2026-09-04 11:33:22.028,1,7721.5,EMA8,6,28020,False,STOP,STOP,STOP,STOP,STOP,STOP,STOP,TARGET,TARGET,TARGET
43803,2026-09-04 12:00:10.772,1,7725.5,EMA8,6,2524,False,STOP,STOP,STOP,STOP,STOP,STOP,STOP,STOP,STOP,STOP
43821,2026-09-04 12:19:21.332,-1,7718.25,EMA8,6,16184,False,STOP,STOP,STOP,STOP,STOP,STOP,STOP,STOP,STOP,STOP
43823,2026-09-04 12:22:37.860,-1,7718.75,EMA8,6,9494,False,STOP,STOP,STOP,STOP,STOP,STOP,STOP,STOP,STOP,STOP
43855,2026-09-04 12:55:08.732,1,7725.5,EMA8,6,4595,False,STOP,STOP,STOP,STOP,STOP,STOP,STOP,STOP,STOP,STOP
43859,2026-09-04 12:55:55.200,1,7724.0,EMA24,6,5740,False,STOP,STOP,TARGET,TARGET,TARGET,TARGET,TARGET,TARGET,TARGET,TARGET
43894,2026-09-04 13:32:52.272,-1,7714.0,PIN,6,6862,False,STOP,STOP,STOP,STOP,STOP,STOP,STOP,STOP,STOP,STOP
43899,2026-09-04 13:48:29.140,-1,7715.25,EMA8,6,5392,False,STOP,STOP,STOP,STOP,STOP,STOP,STOP,STOP,STOP,STOP
43959,2026-09-06 17:50:43.052,-1,7718.75,EMA50,6,4956,False,STOP,TARGET,TARGET,TARGET,TARGET,TARGET,TARGET,TARGET,TARGET,TARGET
44060,2026-09-06 23:31:07.608,1,7720.0,EMA8,6,1579,False,STOP,TARGET,TARGET,TARGET,TARGET,TARGET,TARGET,TARGET,TARGET,TARGET
44074,2026-09-07 00:00:51.984,1,7723.75,EMA8,6,1960,False,STOP,STOP,STOP,TARGET,TARGET,TARGET,TARGET,TARGET,TARGET,TARGET
44127,2026-09-07 01:03:15.792,1,7723.0,EMA50,6,875,False,STOP,TARGET,TARGET,TARGET,TARGET,TARGET,TARGET,TARGET,TARGET,TARGET
44165,2026-09-07 02:53:06.328,-1,7718.0,EMA24,6,3546,False,STOP,STOP,STOP,STOP,TARGET,TARGET,TARGET,TARGET,TARGET,TARGET
44170,2026-09-07 03:05:00.460,-1,7718.0,EMA24,6,1631,False,STOP,STOP,TARGET,TARGET,TARGET,TARGET,TARGET,TARGET,TARGET,TARGET
44192,2026-09-07 03:56:20.968,-1,7712.5,EMA8,6,733,False,TARGET,TARGET,TARGET,TARGET,TARGET,TARGET,TARGET,TARGET,TARGET,TARGET
44196,2026-09-07 04:00:34.288,-1,7711.5,EMA8,6,978,False,STOP,STOP,STOP,TARGET,TARGET,TARGET,TARGET,TARGET,TARGET,TARGET
44207,2026-09-07 04:06:56.440,-1,7710.5,EMA24,6,826,False,STOP,TARGET,TARGET,TARGET,TARGET,TARGET,TARGET,TARGET,TARGET,TARGET
44228,2026-09-07 04:33:10.200,-1,7708.0,EMA24,6,600,False,TARGET,TARGET,TARGET,TARGET,TARGET,TARGET,TARGET,TARGET,TARGET,TARGET
44254,2026-09-07 05:34:40.048,-1,7706.25,EMA24,6,912,False,TARGET,TARGET,TARGET,TARGET,TARGET,TARGET,TARGET,TARGET,TARGET,TARGET
44285,2026-09-07 06:30:00.164,1,7714.75,EMA8,6,4433,False,STOP,STOP,STOP,TARGET,TARGET,TARGET,TARGET,TARGET,TARGET,TARGET
44287,2026-09-07 06:30:47.048,1,7715.25,EMA8,6,2611,False,STOP,STOP,STOP,TARGET,TARGET,TARGET,TARGET,TARGET,TARGET,TARGET
44291,2026-09-07 06:33:49.640,1,7716.5,EMA8,6,2643,False,STOP,STOP,STOP,STOP,STOP,STOP,STOP,STOP,STOP,STOP
44330,2026-09-07 07:40:14.212,-1,7710.0,EMA24,6,1379,False,TARGET,TARGET,TARGET,TARGET,TARGET,TARGET,TARGET,TARGET,TARGET,TARGET
44346,2026-09-07 08:11:44.724,-1,7705.5,EMA8,6,11617,False,STOP,STOP,STOP,STOP,TARGET,TARGET,TARGET,TARGET,TARGET,TARGET
44363,2026-09-07 08:53:11.748,-1,7706.75,EMA50,6,1481,False,TARGET,TARGET,TARGET,TARGET,TARGET,TARGET,TARGET,TARGET,TARGET,TARGET
44420,2026-09-07 16:16:56.520,-1,7703.0,EMA24,6,289,False,TARGET,TARGET,TARGET,TARGET,TARGET,TARGET,TARGET,TARGET,TARGET,TARGET
44445,2026-09-07 16:53:48.212,1,7711.75,EMA8,6,12820,False,STOP,STOP,STOP,STOP,STOP,TARGET,TARGET,TARGET,TARGET,TARGET
44447,2026-09-07 16:59:46.044,1,7711.75,EMA8,6,7983,False,STOP,STOP,STOP,TARGET,TARGET,TARGET,TARGET,TARGET,TARGET,TARGET
44452,2026-09-07 17:01:56.072,1,7712.25,EMA8,6,186,False,TARGET,TARGET,TARGET,TARGET,TARGET,TARGET,TARGET,TARGET,TARGET,TARGET
44495,2026-09-07 17:46:13.996,1,7712.0,EMA8,6,11617,False,STOP,STOP,STOP,STOP,STOP,STOP,STOP,STOP,STOP,STOP
44544,2026-09-07 19:23:48.640,1,7719.75,EMA8,6,388,False,TARGET,TARGET,TARGET,TARGET,TARGET,TARGET,TARGET,TARGET,TARGET,TARGET
44576,2026-09-07 21:05:14.688,1,7722.75,EMA8,6,8356,False,STOP,TARGET,TARGET,TARGET,TARGET,TARGET,TARGET,TARGET,TARGET,TARGET
44589,2026-09-07 21:57:07.136,1,7723.75,EMA24,6,6952,False,STOP,STOP,STOP,STOP,STOP,STOP,STOP,STOP,STOP,STOP
44622,2026-09-07 22:34:05.464,-1,7711.75,PIN,6,9639,False,STOP,STOP,STOP,STOP,STOP,STOP,STOP,STOP,STOP,STOP
44624,2026-09-07 22:38:04.544,-1,7712.75,EMA8,6,2382,False,STOP,STOP,STOP,STOP,STOP,STOP,STOP,STOP,STOP,STOP
44627,2026-09-07 22:40:15.292,-1,7715.0,EMA24,6,553,False,TARGET,TARGET,TARGET,TARGET,TARGET,TARGET,TARGET,TARGET,TARGET,TARGET
44635,2026-09-07 22:50:26.668,-1,7710.0,EMA8,6,1639,False,STOP,STOP,STOP,STOP,TARGET,TARGET,TARGET,TARGET,TARGET,TARGET
44651,2026-09-07 23:01:52.588,-1,7705.25,EMA8,6,1045,False,TARGET,TARGET,TARGET,TARGET,TARGET,TARGET,TARGET,TARGET,TARGET,TARGET
44656,2026-09-07 23:05:11.252,-1,7703.75,EMA8,6,174,False,TARGET,TARGET,TARGET,TARGET,TARGET,TARGET,TARGET,TARGET,TARGET,TARGET
44662,2026-09-07 23:07:05.244,-1,7702.5,EMA8,6,11056,False,STOP,STOP,STOP,STOP,STOP,STOP,STOP,STOP,STOP,TARGET
44665,2026-09-07 23:09:13.900,-1,7703.5,EMA24,6,2232,False,STOP,STOP,STOP,STOP,TARGET,TARGET,TARGET,TARGET,TARGET,TARGET
44670,2026-09-07 23:16:01.436,-1,7701.25,EMA8,6,730,False,TARGET,TARGET,TARGET,TARGET,TARGET,TARGET,TARGET,TARGET,TARGET,TARGET
44673,2026-09-07 23:17:18.012,-1,7701.5,EMA8,6,1105,False,STOP,TARGET,TARGET,TARGET,TARGET,TARGET,TARGET,TARGET,TARGET,TARGET
44796,2026-09-08 00:49:10.696,-1,7695.5,EMA8,6,366,False,TARGET,TARGET,TARGET,TARGET,TARGET,TARGET,TARGET,TARGET,TARGET,TARGET
44813,2026-09-08 01:00:04.856,-1,7691.5,EMA8,6,11125,False,STOP,STOP,STOP,STOP,STOP,STOP,STOP,STOP,STOP,STOP
44827,2026-09-08 01:02:42.912,-1,7689.5,EMA8,6,2889,False,STOP,STOP,STOP,TARGET,TARGET,TARGET,TARGET,TARGET,TARGET,TARGET
44945,2026-09-08 01:46:45.756,1,7694.75,EMA8,6,3454,False,STOP,STOP,STOP,STOP,STOP,STOP,STOP,STOP,STOP,STOP
45006,2026-09-08 02:41:21.816,1,7703.75,EMA8,6,471,False,STOP,TARGET,TARGET,TARGET,TARGET,TARGET,TARGET,TARGET,TARGET,TARGET
45022,2026-09-08 02:55:39.256,1,7706.75,EMA8,6,3035,False,STOP,TARGET,TARGET,TARGET,TARGET,TARGET,TARGET,TARGET,TARGET,TARGET
45030,2026-09-08 03:06:45.304,1,7707.0,EMA24,6,4557,False,STOP,STOP,STOP,STOP,STOP,STOP,STOP,STOP,STOP,STOP
45040,2026-09-08 03:20:16.868,1,7712.25,PIN,6,29,False,TARGET,TARGET,TARGET,TARGET,TARGET,TARGET,TARGET,TARGET,TARGET,TARGET
45058,2026-09-08 03:20:28.012,1,7716.0,EMA8,6,1508,False,STOP,STOP,STOP,STOP,STOP,STOP,STOP,STOP,STOP,STOP
45088,2026-09-08 03:40:36.172,-1,7703.5,EMA8,6,3578,False,STOP,STOP,STOP,TARGET,TARGET,TARGET,TARGET,TARGET,TARGET,TARGET
45090,2026-09-08 03:43:43.244,-1,7703.0,EMA8,6,3842,False,STOP,TARGET,TARGET,TARGET,TARGET,TARGET,TARGET,TARGET,TARGET,TARGET
45132,2026-09-08 04:13:29.612,-1,7693.5,PIN,6,2122,False,STOP,STOP,STOP,STOP,STOP,STOP,STOP,STOP,STOP,STOP
45181,2026-09-08 04:59:21.204,1,7706.0,PIN,6,2335,False,STOP,STOP,STOP,STOP,STOP,STOP,STOP,STOP,STOP,STOP
45232,2026-09-08 05:39:39.868,1,7708.75,EMA8,6,562,False,TARGET,TARGET,TARGET,TARGET,TARGET,TARGET,TARGET,TARGET,TARGET,TARGET
45236,2026-09-08 05:41:56.416,1,7709.5,EMA8,6,5438,False,STOP,STOP,STOP,STOP,TARGET,TARGET,TARGET,TARGET,TARGET,TARGET
45238,2026-09-08 05:44:38.476,1,7709.75,EMA8,6,8118,False,STOP,STOP,STOP,STOP,TARGET,TARGET,TARGET,TARGET,TARGET,TARGET
45241,2026-09-08 05:48:49.032,1,7710.0,EMA8,6,482,False,TARGET,TARGET,TARGET,TARGET,TARGET,TARGET,TARGET,TARGET,TARGET,TARGET
45245,2026-09-08 05:52:43.964,1,7711.75,EMA8,6,3847,False,STOP,STOP,STOP,STOP,TARGET,TARGET,TARGET,TARGET,TARGET,TARGET
45252,2026-09-08 05:59:13.432,1,7713.75,EMA8,6,10586,False,STOP,STOP,STOP,STOP,STOP,STOP,STOP,STOP,STOP,STOP
45261,2026-09-08 06:05:58.024,1,7713.75,EMA8,6,11547,False,STOP,STOP,STOP,STOP,STOP,TARGET,TARGET,TARGET,TARGET,TARGET
45350,2026-09-08 06:39:22.004,-1,7706.75,EMA50,6,490,False,TARGET,TARGET,TARGET,TARGET,TARGET,TARGET,TARGET,TARGET,TARGET,TARGET
45357,2026-09-08 06:40:41.196,-1,7699.25,PIN,6,3206,False,STOP,STOP,TARGET,TARGET,TARGET,TARGET,TARGET,TARGET,TARGET,TARGET
45358,2026-09-08 06:40:49.060,-1,7698.5,PIN,6,2231,False,STOP,TARGET,TARGET,TARGET,TARGET,TARGET,TARGET,TARGET,TARGET,TARGET
45361,2026-09-08 06:41:47.320,-1,7695.75,PIN,6,4230,False,STOP,STOP,STOP,STOP,TARGET,TARGET,TARGET,TARGET,TARGET,TARGET
45368,2026-09-08 06:42:43.928,-1,7693.5,EMA8,6,5055,False,STOP,STOP,STOP,TARGET,TARGET,TARGET,TARGET,TARGET,TARGET,TARGET
45427,2026-09-08 06:54:43.028,-1,7691.5,EMA24,6,3055,False,STOP,STOP,STOP,STOP,STOP,STOP,STOP,STOP,STOP,STOP
45442,2026-09-08 06:56:51.928,1,7698.75,EMA8,6,8871,False,STOP,STOP,STOP,STOP,TARGET,TARGET,TARGET,TARGET,TARGET,TARGET
45445,2026-09-08 06:57:34.152,1,7699.0,EMA8,6,1224,False,TARGET,TARGET,TARGET,TARGET,TARGET,TARGET,TARGET,TARGET,TARGET,TARGET
45474,2026-09-08 07:03:06.468,-1,7687.75,EMA8,6,21484,False,STOP,STOP,STOP,STOP,STOP,STOP,STOP,STOP,TARGET,TARGET
45498,2026-09-08 07:05:59.064,-1,7689.5,EMA50,6,4864,False,STOP,STOP,TARGET,TARGET,TARGET,TARGET,TARGET,TARGET,TARGET,TARGET
45519,2026-09-08 07:10:55.004,-1,7682.75,EMA8,6,13605,False,STOP,STOP,STOP,STOP,STOP,STOP,STOP,TARGET,TARGET,TARGET
45524,2026-09-08 07:11:45.268,-1,7682.25,EMA8,6,1550,False,TARGET,TARGET,TARGET,TARGET,TARGET,TARGET,TARGET,TARGET,TARGET,TARGET
45558,2026-09-08 07:19:30.756,-1,7684.0,EMA50,6,6236,False,STOP,STOP,STOP,STOP,STOP,STOP,STOP,STOP,STOP,STOP
45631,2026-09-08 07:38:48.616,1,7688.5,EMA50,6,548,False,TARGET,TARGET,TARGET,TARGET,TARGET,TARGET,TARGET,TARGET,TARGET,TARGET
45682,2026-09-08 07:55:00.168,1,7696.75,EMA8,6,1388,False,TARGET,TARGET,TARGET,TARGET,TARGET,TARGET,TARGET,TARGET,TARGET,TARGET
45703,2026-09-08 08:05:21.568,1,7697.75,EMA24,6,4595,False,STOP,STOP,STOP,TARGET,TARGET,TARGET,TARGET,TARGET,TARGET,TARGET
45748,2026-09-08 08:25:59.032,1,7701.25,EMA24,6,1130,False,TARGET,TARGET,TARGET,TARGET,TARGET,TARGET,TARGET,TARGET,TARGET,TARGET
45753,2026-09-08 08:28:42.728,1,7701.0,EMA50,6,20319,False,STOP,STOP,STOP,STOP,STOP,STOP,STOP,STOP,STOP,STOP
45814,2026-09-08 09:15:02.212,-1,7692.5,EMA8,6,604,False,TARGET,TARGET,TARGET,TARGET,TARGET,TARGET,TARGET,TARGET,TARGET,TARGET
45821,2026-09-08 09:19:11.596,-1,7690.0,EMA8,6,3184,False,STOP,STOP,TARGET,TARGET,TARGET,TARGET,TARGET,TARGET,TARGET,TARGET
45857,2026-09-08 09:45:19.740,-1,7690.5,EMA24,6,6921,False,STOP,STOP,STOP,STOP,STOP,STOP,STOP,STOP,STOP,STOP
45885,2026-09-08 09:59:23.180,-1,7688.75,EMA8,6,1,True,TARGET,TARGET,TARGET,TARGET,TARGET,TARGET,TARGET,TARGET,TARGET,TARGET
46015,2026-09-08 11:48:15.808,-1,7688.75,EMA8,6,6047,False,STOP,STOP,STOP,STOP,STOP,TARGET,TARGET,TARGET,TARGET,TARGET
46017,2026-09-08 11:48:21.080,-1,7688.75,EMA8,6,3436,False,STOP,STOP,TARGET,TARGET,TARGET,TARGET,TARGET,TARGET,TARGET,TARGET
46019,2026-09-08 11:48:28.844,-1,7688.0,EMA8,6,6270,False,STOP,STOP,STOP,TARGET,TARGET,TARGET,TARGET,TARGET,TARGET,TARGET
46021,2026-09-08 11:48:37.004,-1,7687.5,EMA8,6,2596,False,STOP,STOP,STOP,STOP,TARGET,TARGET,TARGET,TARGET,TARGET,TARGET
46023,2026-09-08 11:48:42.204,-1,7687.25,EMA8,6,958,False,STOP,STOP,TARGET,TARGET,TARGET,TARGET,TARGET,TARGET,TARGET,TARGET
46026,2026-09-08 11:48:54.112,-1,7684.25,PIN,6,1420,False,STOP,STOP,STOP,STOP,TARGET,TARGET,TARGET,TARGET,TARGET,TARGET
46031,2026-09-08 11:49:00.632,-1,7680.0,PIN,6,1,True,TARGET,TARGET,TARGET,TARGET,TARGET,TARGET,TARGET,TARGET,TARGET,TARGET
46043,2026-09-08 11:49:23.908,-1,7682.25,EMA24,6,489,False,TARGET,TARGET,TARGET,TARGET,TARGET,TARGET,TARGET,TARGET,TARGET,TARGET
46049,2026-09-08 11:49:46.620,-1,7684.25,EMA50,6,4450,False,STOP,STOP,STOP,STOP,STOP,TARGET,TARGET,TARGET,TARGET,TARGET
46083,2026-09-08 11:56:56.552,1,7690.25,EMA8,6,3629,False,STOP,STOP,TARGET,TARGET,TARGET,TARGET,TARGET,TARGET,TARGET,TARGET
46143,2026-09-08 12:38:18.196,1,7689.75,EMA50,6,5665,False,STOP,TARGET,TARGET,TARGET,TARGET,TARGET,TARGET,TARGET,TARGET,TARGET
46160,2026-09-08 12:49:20.008,-1,7685.5,EMA8,6,2753,False,STOP,STOP,STOP,STOP,STOP,STOP,STOP,TARGET,TARGET,TARGET
46178,2026-09-08 12:50:37.784,-1,7682.5,EMA24,6,5995,False,STOP,STOP,STOP,STOP,STOP,TARGET,TARGET,TARGET,TARGET,TARGET
46210,2026-09-08 12:57:11.856,-1,7680.0,EMA50,6,457,False,TARGET,TARGET,TARGET,TARGET,TARGET,TARGET,TARGET,TARGET,TARGET,TARGET
46226,2026-09-08 12:59:42.000,-1,7678.5,EMA50,6,4495,False,STOP,STOP,STOP,STOP,STOP,STOP,STOP,STOP,STOP,STOP
46270,2026-09-08 13:42:40.472,-1,7676.5,EMA24,6,6340,False,STOP,STOP,STOP,STOP,STOP,STOP,STOP,STOP,STOP,STOP
46370,2026-09-08 18:06:31.928,1,7682.75,EMA8,6,822,False,TARGET,TARGET,TARGET,TARGET,TARGET,TARGET,TARGET,TARGET,TARGET,TARGET
46378,2026-09-08 18:33:25.552,1,7686.0,EMA8,6,486,False,TARGET,TARGET,TARGET,TARGET,TARGET,TARGET,TARGET,TARGET,TARGET,TARGET
46386,2026-09-08 18:54:12.196,1,7685.0,EMA24,6,6257,False,STOP,STOP,STOP,TARGET,TARGET,TARGET,TARGET,TARGET,TARGET,TARGET
46394,2026-09-08 19:19:04.144,1,7684.25,EMA50,6,3289,False,STOP,TARGET,TARGET,TARGET,TARGET,TARGET,TARGET,TARGET,TARGET,TARGET
46469,2026-09-08 23:11:01.940,1,7689.0,EMA24,6,3055,False,STOP,TARGET,TARGET,TARGET,TARGET,TARGET,TARGET,TARGET,TARGET,TARGET
46582,2026-09-09 01:42:50.440,-1,7681.25,EMA8,6,2699,False,STOP,STOP,STOP,STOP,STOP,STOP,STOP,TARGET,TARGET,TARGET
46590,2026-09-09 01:48:35.632,-1,7679.25,EMA8,6,4069,False,STOP,STOP,STOP,STOP,STOP,STOP,STOP,STOP,STOP,STOP
46594,2026-09-09 01:52:33.524,-1,7682.0,EMA50,6,10051,False,STOP,STOP,STOP,STOP,STOP,STOP,TARGET,TARGET,TARGET,TARGET
46613,2026-09-09 02:15:35.036,-1,7680.5,EMA50,6,5032,False,STOP,STOP,STOP,STOP,TARGET,TARGET,TARGET,TARGET,TARGET,TARGET
46632,2026-09-09 02:35:36.900,-1,7673.75,PIN,6,1398,False,TARGET,TARGET,TARGET,TARGET,TARGET,TARGET,TARGET,TARGET,TARGET,TARGET
46646,2026-09-09 02:47:34.020,-1,7670.5,EMA8,6,840,False,TARGET,TARGET,TARGET,TARGET,TARGET,TARGET,TARGET,TARGET,TARGET,TARGET
46659,2026-09-09 02:55:17.316,-1,7662.0,PIN,6,2123,False,STOP,TARGET,TARGET,TARGET,TARGET,TARGET,TARGET,TARGET,TARGET,TARGET
46686,2026-09-09 03:02:17.304,-1,7658.75,EMA24,6,2521,False,STOP,STOP,STOP,STOP,STOP,STOP,STOP,STOP,STOP,STOP
46718,2026-09-09 03:14:37.356,-1,7660.75,EMA50,6,1694,False,STOP,STOP,STOP,STOP,TARGET,TARGET,TARGET,TARGET,TARGET,TARGET
46720,2026-09-09 03:14:57.860,-1,7660.5,EMA50,6,1652,False,STOP,TARGET,TARGET,TARGET,TARGET,TARGET,TARGET,TARGET,TARGET,TARGET
46726,2026-09-09 03:16:47.896,-1,7660.5,EMA50,6,4334,False,STOP,STOP,STOP,STOP,STOP,STOP,STOP,STOP,STOP,STOP
46735,2026-09-09 03:21:54.868,1,7664.25,EMA8,6,2103,False,STOP,STOP,STOP,STOP,STOP,STOP,STOP,STOP,STOP,STOP
46774,2026-09-09 03:49:05.216,-1,7653.25,EMA8,6,1,False,TARGET,TARGET,TARGET,TARGET,TARGET,TARGET,TARGET,TARGET,TARGET,TARGET
46781,2026-09-09 03:50:27.116,-1,7653.0,EMA8,6,1108,False,TARGET,TARGET,TARGET,TARGET,TARGET,TARGET,TARGET,TARGET,TARGET,TARGET
46784,2026-09-09 03:51:19.188,-1,7651.75,EMA8,6,1831,False,STOP,TARGET,TARGET,TARGET,TARGET,TARGET,TARGET,TARGET,TARGET,TARGET
46795,2026-09-09 03:56:11.916,-1,7651.5,EMA24,6,329,False,TARGET,TARGET,TARGET,TARGET,TARGET,TARGET,TARGET,TARGET,TARGET,TARGET
46801,2026-09-09 03:59:54.008,-1,7650.5,EMA24,6,1367,False,STOP,STOP,TARGET,TARGET,TARGET,TARGET,TARGET,TARGET,TARGET,TARGET
46811,2026-09-09 04:02:37.028,-1,7651.25,EMA50,6,351,False,TARGET,TARGET,TARGET,TARGET,TARGET,TARGET,TARGET,TARGET,TARGET,TARGET
46889,2026-09-09 04:49:05.652,1,7658.25,EMA8,6,110,False,TARGET,TARGET,TARGET,TARGET,TARGET,TARGET,TARGET,TARGET,TARGET,TARGET
46894,2026-09-09 04:49:43.496,1,7657.25,EMA24,6,8,False,TARGET,TARGET,TARGET,TARGET,TARGET,TARGET,TARGET,TARGET,TARGET,TARGET
46917,2026-09-09 04:51:30.520,1,7659.5,EMA50,6,4246,False,STOP,STOP,STOP,STOP,STOP,STOP,STOP,STOP,STOP,STOP
46940,2026-09-09 05:04:56.740,-1,7650.25,EMA8,6,2300,False,STOP,STOP,STOP,STOP,STOP,TARGET,TARGET,TARGET,TARGET,TARGET
46988,2026-09-09 05:42:22.532,1,7652.5,EMA8,6,5819,False,STOP,STOP,STOP,STOP,STOP,STOP,STOP,TARGET,TARGET,TARGET
46990,2026-09-09 05:43:50.436,1,7652.0,EMA50,6,1992,False,TARGET,TARGET,TARGET,TARGET,TARGET,TARGET,TARGET,TARGET,TARGET,TARGET
46999,2026-09-09 05:55:57.324,1,7655.0,EMA8,6,1075,False,TARGET,TARGET,TARGET,TARGET,TARGET,TARGET,TARGET,TARGET,TARGET,TARGET
47013,2026-09-09 06:09:30.760,1,7656.75,EMA24,6,26962,False,STOP,STOP,STOP,STOP,STOP,STOP,STOP,TARGET,TARGET,TARGET
47015,2026-09-09 06:11:31.372,1,7656.5,EMA24,6,20122,False,STOP,STOP,STOP,STOP,STOP,STOP,TARGET,TARGET,TARGET,TARGET
47038,2026-09-09 06:30:04.576,1,7659.5,EMA24,6,4498,False,STOP,STOP,STOP,STOP,STOP,STOP,STOP,STOP,STOP,STOP
47095,2026-09-09 06:35:30.800,1,7660.0,EMA24,6,1124,False,TARGET,TARGET,TARGET,TARGET,TARGET,TARGET,TARGET,TARGET,TARGET,TARGET
47278,2026-09-09 07:17:40.312,-1,7652.0,EMA8,6,5628,False,STOP,STOP,STOP,STOP,TARGET,TARGET,TARGET,TARGET,TARGET,TARGET
47280,2026-09-09 07:18:01.908,-1,7651.75,EMA8,6,2129,False,TARGET,TARGET,TARGET,TARGET,TARGET,TARGET,TARGET,TARGET,TARGET,TARGET
47314,2026-09-09 07:24:52.240,-1,7647.0,EMA8,6,156,False,TARGET,TARGET,TARGET,TARGET,TARGET,TARGET,TARGET,TARGET,TARGET,TARGET
47317,2026-09-09 07:24:58.740,-1,7646.25,EMA8,6,418,False,TARGET,TARGET,TARGET,TARGET,TARGET,TARGET,TARGET,TARGET,TARGET,TARGET
47320,2026-09-09 07:25:07.004,-1,7645.75,EMA8,6,5310,False,STOP,STOP,STOP,STOP,STOP,STOP,STOP,STOP,STOP,STOP
47344,2026-09-09 07:29:14.564,1,7659.5,PIN,6,573,False,TARGET,TARGET,TARGET,TARGET,TARGET,TARGET,TARGET,TARGET,TARGET,TARGET
47358,2026-09-09 07:32:32.248,1,7657.25,EMA24,6,11767,False,STOP,STOP,STOP,STOP,STOP,STOP,STOP,STOP,STOP,STOP
47362,2026-09-09 07:33:37.800,1,7656.0,EMA50,6,20613,False,STOP,STOP,STOP,STOP,STOP,STOP,STOP,STOP,TARGET,TARGET
47427,2026-09-09 07:55:02.740,1,7657.5,EMA50,6,1066,False,TARGET,TARGET,TARGET,TARGET,TARGET,TARGET,TARGET,TARGET,TARGET,TARGET
47447,2026-09-09 08:00:54.660,1,7664.0,PIN,6,1503,False,STOP,STOP,STOP,STOP,STOP,STOP,STOP,STOP,STOP,STOP
47474,2026-09-09 08:01:48.604,-1,7652.75,EMA8,6,1317,False,TARGET,TARGET,TARGET,TARGET,TARGET,TARGET,TARGET,TARGET,TARGET,TARGET
47482,2026-09-09 08:02:26.496,-1,7654.5,EMA24,6,1057,False,STOP,TARGET,TARGET,TARGET,TARGET,TARGET,TARGET,TARGET,TARGET,TARGET
47488,2026-09-09 08:03:10.312,-1,7648.5,PIN,6,26111,False,STOP,STOP,STOP,STOP,STOP,STOP,STOP,STOP,STOP,TARGET
47498,2026-09-09 08:04:25.228,-1,7648.0,EMA8,6,12474,False,STOP,STOP,STOP,STOP,STOP,STOP,STOP,STOP,STOP,STOP
47520,2026-09-09 08:08:26.468,-1,7647.25,EMA24,6,2473,False,STOP,STOP,TARGET,TARGET,TARGET,TARGET,TARGET,TARGET,TARGET,TARGET
47527,2026-09-09 08:09:42.232,-1,7642.25,PIN,6,11779,False,STOP,STOP,TARGET,TARGET,TARGET,TARGET,TARGET,TARGET,TARGET,TARGET
47528,2026-09-09 08:10:33.416,-1,7641.5,PIN,6,26,False,TARGET,TARGET,TARGET,TARGET,TARGET,TARGET,TARGET,TARGET,TARGET,TARGET
47553,2026-09-09 08:14:37.404,-1,7636.75,EMA24,6,503,False,TARGET,TARGET,TARGET,TARGET,TARGET,TARGET,TARGET,TARGET,TARGET,TARGET
47596,2026-09-09 08:25:28.112,-1,7630.5,EMA8,6,7472,False,STOP,STOP,STOP,STOP,STOP,STOP,STOP,STOP,STOP,STOP
47603,2026-09-09 08:27:04.568,-1,7633.0,EMA24,6,841,False,TARGET,TARGET,TARGET,TARGET,TARGET,TARGET,TARGET,TARGET,TARGET,TARGET
47643,2026-09-09 08:36:05.944,1,7641.25,EMA8,6,3679,False,TARGET,TARGET,TARGET,TARGET,TARGET,TARGET,TARGET,TARGET,TARGET,TARGET
47737,2026-09-09 09:13:25.836,-1,7637.5,EMA24,6,6265,False,STOP,STOP,STOP,TARGET,TARGET,TARGET,TARGET,TARGET,TARGET,TARGET
47771,2026-09-09 09:36:32.504,1,7640.75,EMA8,6,14297,False,STOP,STOP,STOP,STOP,STOP,STOP,STOP,TARGET,TARGET,TARGET
47773,2026-09-09 09:38:19.532,1,7640.25,EMA8,6,2296,False,STOP,TARGET,TARGET,TARGET,TARGET,TARGET,TARGET,TARGET,TARGET,TARGET
47797,2026-09-09 09:54:30.684,1,7647.5,EMA8,6,5333,False,STOP,STOP,STOP,STOP,STOP,STOP,STOP,STOP,STOP,STOP
47799,2026-09-09 09:55:17.816,1,7647.25,EMA8,6,19823,False,STOP,STOP,STOP,STOP,STOP,STOP,STOP,STOP,STOP,STOP
47801,2026-09-09 09:56:01.592,1,7646.25,EMA24,6,3978,False,STOP,STOP,TARGET,TARGET,TARGET,TARGET,TARGET,TARGET,TARGET,TARGET
47815,2026-09-09 10:02:16.080,1,7649.25,EMA8,6,3728,False,STOP,STOP,STOP,STOP,STOP,STOP,STOP,STOP,STOP,STOP
47819,2026-09-09 10:02:51.856,1,7648.0,EMA24,6,8646,False,STOP,STOP,STOP,STOP,STOP,STOP,STOP,STOP,STOP,STOP
47924,2026-09-09 11:50:52.012,1,7650.75,EMA24,6,4857,False,STOP,STOP,TARGET,TARGET,TARGET,TARGET,TARGET,TARGET,TARGET,TARGET
47965,2026-09-09 12:45:27.720,-1,7648.0,EMA8,6,1018,False,TARGET,TARGET,TARGET,TARGET,TARGET,TARGET,TARGET,TARGET,TARGET,TARGET
47987,2026-09-09 12:56:49.956,-1,7644.5,EMA24,6,3309,False,STOP,TARGET,TARGET,TARGET,TARGET,TARGET,TARGET,TARGET,TARGET,TARGET
47992,2026-09-09 12:59:01.940,-1,7644.0,EMA24,6,2856,False,STOP,TARGET,TARGET,TARGET,TARGET,TARGET,TARGET,TARGET,TARGET,TARGET
48004,2026-09-09 13:02:05.988,-1,7644.5,EMA50,6,1315,False,TARGET,TARGET,TARGET,TARGET,TARGET,TARGET,TARGET,TARGET,TARGET,TARGET
48029,2026-09-09 15:03:48.724,1,7648.25,EMA24,6,5032,False,STOP,STOP,STOP,STOP,STOP,STOP,STOP,STOP,STOP,STOP
48033,2026-09-09 15:10:27.612,1,7647.75,EMA50,6,17385,False,STOP,STOP,STOP,STOP,STOP,STOP,STOP,STOP,NONE,NONE
48038,2026-09-09 15:35:36.964,1,7647.5,EMA50,6,12275,False,STOP,STOP,STOP,STOP,STOP,STOP,STOP,TARGET,TARGET,TARGET
48058,2026-09-09 17:04:21.904,1,7652.0,EMA8,6,1059,False,TARGET,TARGET,TARGET,TARGET,TARGET,TARGET,TARGET,TARGET,TARGET,TARGET
48066,2026-09-09 17:15:28.192,1,7652.25,EMA24,6,359,False,TARGET,TARGET,TARGET,TARGET,TARGET,TARGET,TARGET,TARGET,TARGET,TARGET
48073,2026-09-09 17:26:35.784,1,7654.5,EMA8,6,1391,False,STOP,TARGET,TARGET,TARGET,TARGET,TARGET,TARGET,TARGET,TARGET,TARGET
48098,2026-09-09 18:10:00.616,-1,7649.0,EMA50,6,5719,False,STOP,STOP,TARGET,TARGET,TARGET,TARGET,TARGET,TARGET,TARGET,TARGET
48107,2026-09-09 18:20:17.100,-1,7649.25,EMA50,6,1074,False,TARGET,TARGET,TARGET,TARGET,TARGET,TARGET,TARGET,TARGET,TARGET,TARGET
48157,2026-09-09 20:00:36.368,1,7655.0,EMA8,6,2353,False,STOP,TARGET,TARGET,TARGET,TARGET,TARGET,TARGET,TARGET,TARGET,TARGET
48162,2026-09-09 20:20:30.500,1,7655.75,EMA8,6,2891,False,STOP,STOP,STOP,STOP,STOP,STOP,STOP,STOP,STOP,STOP
48166,2026-09-09 20:29:03.156,1,7653.25,EMA50,6,875,False,TARGET,TARGET,TARGET,TARGET,TARGET,TARGET,TARGET,TARGET,TARGET,TARGET
48190,2026-09-09 22:14:47.772,1,7659.25,EMA8,6,4684,False,TARGET,TARGET,TARGET,TARGET,TARGET,TARGET,TARGET,TARGET,TARGET,TARGET
48199,2026-09-09 22:41:46.844,1,7664.0,EMA8,6,3292,False,STOP,STOP,STOP,STOP,STOP,TARGET,TARGET,TARGET,TARGET,TARGET
48201,2026-09-09 22:45:24.868,1,7664.0,EMA8,6,743,False,TARGET,TARGET,TARGET,TARGET,TARGET,TARGET,TARGET,TARGET,TARGET,TARGET
48210,2026-09-09 23:00:25.276,1,7663.75,EMA8,6,7228,False,STOP,STOP,STOP,STOP,STOP,STOP,STOP,STOP,STOP,STOP
48253,2026-09-10 00:33:37.540,-1,7658.0,EMA8,6,546,False,TARGET,TARGET,TARGET,TARGET,TARGET,TARGET,TARGET,TARGET,TARGET,TARGET
48259,2026-09-10 00:39:21.140,-1,7659.0,EMA24,6,546,False,STOP,TARGET,TARGET,TARGET,TARGET,TARGET,TARGET,TARGET,TARGET,TARGET
48267,2026-09-10 00:49:18.816,-1,7660.0,EMA50,6,647,False,STOP,TARGET,TARGET,TARGET,TARGET,TARGET,TARGET,TARGET,TARGET,TARGET
48300,2026-09-10 01:27:43.792,-1,7658.75,EMA50,6,5111,False,STOP,STOP,STOP,STOP,STOP,STOP,STOP,STOP,STOP,STOP
48321,2026-09-10 01:48:50.020,-1,7654.25,EMA8,6,109,False,TARGET,TARGET,TARGET,TARGET,TARGET,TARGET,TARGET,TARGET,TARGET,TARGET
48331,2026-09-10 02:05:49.636,-1,7654.25,EMA24,6,4111,False,STOP,STOP,STOP,TARGET,TARGET,TARGET,TARGET,TARGET,TARGET,TARGET
48333,2026-09-10 02:08:32.380,-1,7653.75,EMA24,6,1004,False,STOP,STOP,TARGET,TARGET,TARGET,TARGET,TARGET,TARGET,TARGET,TARGET
48361,2026-09-10 02:50:05.512,-1,7651.25,EMA50,6,5089,False,STOP,STOP,STOP,STOP,STOP,STOP,STOP,STOP,STOP,STOP
48449,2026-09-10 04:05:55.724,-1,7646.5,EMA8,6,501,False,TARGET,TARGET,TARGET,TARGET,TARGET,TARGET,TARGET,TARGET,TARGET,TARGET
48456,2026-09-10 04:10:53.924,-1,7644.75,EMA8,6,1236,False,TARGET,TARGET,TARGET,TARGET,TARGET,TARGET,TARGET,TARGET,TARGET,TARGET
48464,2026-09-10 04:18:43.288,-1,7644.5,EMA8,6,4506,False,STOP,STOP,TARGET,TARGET,TARGET,TARGET,TARGET,TARGET,TARGET,TARGET
48488,2026-09-10 04:52:59.916,-1,7638.25,PIN,6,1982,False,STOP,STOP,TARGET,TARGET,TARGET,TARGET,TARGET,TARGET,TARGET,TARGET
48489,2026-09-10 04:53:46.212,-1,7637.5,PIN,6,3810,False,STOP,STOP,STOP,STOP,TARGET,TARGET,TARGET,TARGET,TARGET,TARGET
48493,2026-09-10 04:55:33.692,-1,7635.5,PIN,6,2772,False,STOP,STOP,STOP,TARGET,TARGET,TARGET,TARGET,TARGET,TARGET,TARGET
48494,2026-09-10 04:55:39.196,-1,7635.0,PIN,6,5371,False,STOP,STOP,STOP,STOP,STOP,STOP,TARGET,TARGET,TARGET,TARGET
48497,2026-09-10 04:56:46.396,-1,7635.25,EMA8,6,382,False,TARGET,TARGET,TARGET,TARGET,TARGET,TARGET,TARGET,TARGET,TARGET,TARGET
48507,2026-09-10 05:00:11.664,-1,7633.25,EMA8,6,4938,False,STOP,STOP,STOP,STOP,STOP,STOP,STOP,TARGET,TARGET,TARGET
48519,2026-09-10 05:03:17.968,-1,7633.0,EMA24,6,2235,False,STOP,STOP,TARGET,TARGET,TARGET,TARGET,TARGET,TARGET,TARGET,TARGET
48529,2026-09-10 05:07:38.780,-1,7630.25,EMA8,6,7395,False,STOP,STOP,STOP,STOP,STOP,TARGET,TARGET,TARGET,TARGET,TARGET
48534,2026-09-10 05:11:08.444,-1,7629.5,EMA8,6,2323,False,STOP,STOP,STOP,STOP,STOP,STOP,STOP,STOP,STOP,STOP
48537,2026-09-10 05:12:52.004,-1,7630.25,EMA24,6,498,False,STOP,STOP,STOP,STOP,STOP,STOP,STOP,STOP,STOP,STOP
48541,2026-09-10 05:15:01.228,-1,7633.0,EMA50,6,437,False,STOP,STOP,STOP,TARGET,TARGET,TARGET,TARGET,TARGET,TARGET,TARGET
48638,2026-09-10 05:30:41.792,-1,7622.0,EMA8,6,2573,False,STOP,STOP,STOP,TARGET,TARGET,TARGET,TARGET,TARGET,TARGET,TARGET
48641,2026-09-10 05:31:00.232,-1,7621.25,EMA8,6,1631,False,STOP,STOP,TARGET,TARGET,TARGET,TARGET,TARGET,TARGET,TARGET,TARGET
48645,2026-09-10 05:31:40.660,-1,7620.75,EMA8,6,254,False,TARGET,TARGET,TARGET,TARGET,TARGET,TARGET,TARGET,TARGET,TARGET,TARGET
48655,2026-09-10 05:32:31.436,-1,7616.75,EMA8,6,1283,False,STOP,STOP,TARGET,TARGET,TARGET,TARGET,TARGET,TARGET,TARGET,TARGET
48671,2026-09-10 05:34:56.776,-1,7606.0,PIN,6,3876,False,STOP,STOP,STOP,STOP,STOP,STOP,STOP,STOP,STOP,STOP
48717,2026-09-10 05:41:26.072,-1,7607.0,EMA24,6,156,False,TARGET,TARGET,TARGET,TARGET,TARGET,TARGET,TARGET,TARGET,TARGET,TARGET
48734,2026-09-10 05:43:48.016,-1,7600.75,EMA8,6,2019,False,STOP,STOP,TARGET,TARGET,TARGET,TARGET,TARGET,TARGET,TARGET,TARGET
48737,2026-09-10 05:44:12.572,-1,7599.75,EMA8,6,3769,False,STOP,STOP,STOP,STOP,STOP,STOP,STOP,STOP,STOP,STOP
48741,2026-09-10 05:45:12.188,-1,7602.25,EMA24,6,1031,False,STOP,TARGET,TARGET,TARGET,TARGET,TARGET,TARGET,TARGET,TARGET,TARGET
48810,2026-09-10 05:58:57.632,-1,7601.5,EMA50,6,7721,False,STOP,STOP,STOP,STOP,STOP,STOP,STOP,STOP,STOP,STOP
48841,2026-09-10 06:06:17.336,1,7606.5,EMA24,6,13246,False,STOP,STOP,STOP,STOP,STOP,STOP,STOP,STOP,STOP,STOP
48871,2026-09-10 06:15:56.716,-1,7602.25,EMA24,6,2257,False,STOP,STOP,TARGET,TARGET,TARGET,TARGET,TARGET,TARGET,TARGET,TARGET
48881,2026-09-10 06:19:38.280,-1,7600.75,EMA24,6,8861,False,STOP,STOP,STOP,STOP,STOP,STOP,STOP,STOP,TARGET,TARGET
48883,2026-09-10 06:20:16.476,-1,7601.5,EMA50,6,5013,False,STOP,STOP,STOP,STOP,TARGET,TARGET,TARGET,TARGET,TARGET,TARGET
48885,2026-09-10 06:20:40.972,-1,7601.25,EMA50,6,3439,False,STOP,TARGET,TARGET,TARGET,TARGET,TARGET,TARGET,TARGET,TARGET,TARGET
48902,2026-09-10 06:28:00.120,-1,7598.5,EMA24,6,1,True,TARGET,TARGET,TARGET,TARGET,TARGET,TARGET,TARGET,TARGET,TARGET,TARGET
48906,2026-09-10 06:28:45.292,-1,7598.0,EMA24,6,5559,False,STOP,STOP,STOP,STOP,STOP,STOP,STOP,STOP,STOP,STOP
48913,2026-09-10 06:29:56.640,-1,7599.0,EMA50,6,5366,False,STOP,STOP,STOP,STOP,STOP,STOP,STOP,STOP,STOP,STOP
49153,2026-09-10 06:52:34.576,-1,7592.75,EMA8,6,9715,False,STOP,STOP,STOP,STOP,STOP,STOP,STOP,STOP,STOP,STOP
49155,2026-09-10 06:52:46.128,-1,7593.25,EMA8,6,29567,False,STOP,STOP,STOP,STOP,STOP,STOP,STOP,STOP,STOP,STOP
49177,2026-09-10 06:56:00.596,-1,7588.75,PIN,6,5414,False,TARGET,TARGET,TARGET,TARGET,TARGET,TARGET,TARGET,TARGET,TARGET,TARGET
49181,2026-09-10 06:56:35.136,-1,7588.75,EMA8,6,22457,True,STOP,STOP,STOP,STOP,STOP,STOP,STOP,STOP,STOP,STOP
49183,2026-09-10 06:56:41.960,-1,7588.75,EMA8,6,19337,False,STOP,STOP,STOP,STOP,STOP,STOP,STOP,STOP,STOP,STOP
49225,2026-09-10 07:03:22.308,1,7593.75,EMA24,6,3934,False,STOP,STOP,STOP,STOP,TARGET,TARGET,TARGET,TARGET,TARGET,TARGET
49284,2026-09-10 07:15:00.524,1,7593.5,EMA24,6,6248,False,STOP,STOP,STOP,STOP,STOP,STOP,STOP,STOP,STOP,STOP
49301,2026-09-10 07:17:40.148,1,7593.75,EMA50,6,16505,False,STOP,STOP,STOP,STOP,STOP,STOP,STOP,TARGET,TARGET,TARGET
49330,2026-09-10 07:22:38.468,1,7602.75,EMA8,6,739,False,TARGET,TARGET,TARGET,TARGET,TARGET,TARGET,TARGET,TARGET,TARGET,TARGET
49348,2026-09-10 07:24:40.464,1,7612.5,PIN,6,1,True,TARGET,TARGET,TARGET,TARGET,TARGET,TARGET,TARGET,TARGET,TARGET,TARGET
49366,2026-09-10 07:24:50.576,1,7613.25,EMA24,6,12052,False,STOP,STOP,STOP,STOP,STOP,STOP,STOP,STOP,TARGET,TARGET
49391,2026-09-10 07:25:35.384,1,7616.5,EMA24,6,9602,False,STOP,STOP,STOP,STOP,STOP,STOP,STOP,STOP,STOP,STOP
49399,2026-09-10 07:26:02.740,1,7615.0,EMA50,6,5361,False,STOP,STOP,STOP,STOP,STOP,STOP,STOP,STOP,STOP,STOP
49419,2026-09-10 07:27:47.396,-1,7609.0,EMA8,6,794,False,TARGET,TARGET,TARGET,TARGET,TARGET,TARGET,TARGET,TARGET,TARGET,TARGET
49446,2026-09-10 07:33:01.672,-1,7608.25,EMA50,6,16070,False,STOP,STOP,STOP,STOP,STOP,STOP,STOP,STOP,STOP,STOP
49462,2026-09-10 07:36:31.752,1,7612.25,EMA8,6,1906,False,STOP,TARGET,TARGET,TARGET,TARGET,TARGET,TARGET,TARGET,TARGET,TARGET
49466,2026-09-10 07:37:39.740,1,7613.25,EMA8,6,1009,False,TARGET,TARGET,TARGET,TARGET,TARGET,TARGET,TARGET,TARGET,TARGET,TARGET
49470,2026-09-10 07:38:48.388,1,7614.75,EMA8,6,9346,False,STOP,STOP,STOP,STOP,STOP,STOP,STOP,STOP,STOP,STOP
49479,2026-09-10 07:41:08.528,1,7612.5,EMA50,6,12739,False,STOP,STOP,STOP,STOP,TARGET,TARGET,TARGET,TARGET,TARGET,TARGET
49481,2026-09-10 07:41:46.768,1,7612.75,EMA50,6,11419,False,STOP,STOP,STOP,STOP,STOP,STOP,STOP,STOP,STOP,STOP
49497,2026-09-10 07:45:49.448,-1,7606.5,EMA8,6,1503,False,STOP,TARGET,TARGET,TARGET,TARGET,TARGET,TARGET,TARGET,TARGET,TARGET
49502,2026-09-10 07:46:30.040,-1,7608.5,EMA24,6,7202,False,STOP,STOP,STOP,STOP,TARGET,TARGET,TARGET,TARGET,TARGET,TARGET
49504,2026-09-10 07:47:03.364,-1,7608.25,EMA50,6,1093,False,TARGET,TARGET,TARGET,TARGET,TARGET,TARGET,TARGET,TARGET,TARGET,TARGET
49517,2026-09-10 07:49:49.124,-1,7607.25,EMA50,6,6655,False,STOP,STOP,STOP,TARGET,TARGET,TARGET,TARGET,TARGET,TARGET,TARGET
49546,2026-09-10 07:56:08.248,1,7609.5,EMA50,6,470,False,TARGET,TARGET,TARGET,TARGET,TARGET,TARGET,TARGET,TARGET,TARGET,TARGET
49557,2026-09-10 07:58:52.388,1,7613.25,EMA8,6,19113,False,STOP,STOP,STOP,STOP,STOP,STOP,STOP,STOP,STOP,STOP
49708,2026-09-10 08:50:00.140,-1,7610.5,EMA24,6,744,False,TARGET,TARGET,TARGET,TARGET,TARGET,TARGET,TARGET,TARGET,TARGET,TARGET
49711,2026-09-10 08:50:59.048,-1,7608.75,EMA8,6,14014,False,STOP,STOP,STOP,STOP,STOP,STOP,STOP,STOP,STOP,STOP
49758,2026-09-10 09:04:46.076,-1,7605.75,EMA50,6,2041,False,TARGET,TARGET,TARGET,TARGET,TARGET,TARGET,TARGET,TARGET,TARGET,TARGET
49774,2026-09-10 09:10:50.532,-1,7600.0,EMA8,6,1915,False,TARGET,TARGET,TARGET,TARGET,TARGET,TARGET,TARGET,TARGET,TARGET,TARGET
49786,2026-09-10 09:16:21.956,-1,7602.5,EMA50,6,1830,False,TARGET,TARGET,TARGET,TARGET,TARGET,TARGET,TARGET,TARGET,TARGET,TARGET
49807,2026-09-10 09:29:29.612,-1,7599.0,EMA24,6,5546,False,STOP,STOP,STOP,STOP,STOP,STOP,STOP,STOP,STOP,STOP
49812,2026-09-10 09:32:01.956,-1,7600.75,EMA50,6,3204,False,STOP,STOP,STOP,STOP,STOP,STOP,STOP,STOP,STOP,STOP
49823,2026-09-10 09:34:16.312,-1,7598.5,EMA24,6,1,True,TARGET,TARGET,TARGET,TARGET,TARGET,TARGET,TARGET,TARGET,TARGET,TARGET
49859,2026-09-10 09:40:50.168,1,7601.75,EMA8,6,1503,False,TARGET,TARGET,TARGET,TARGET,TARGET,TARGET,TARGET,TARGET,TARGET,TARGET
49871,2026-09-10 09:45:16.856,1,7608.5,PIN,6,1467,False,TARGET,TARGET,TARGET,TARGET,TARGET,TARGET,TARGET,TARGET,TARGET,TARGET
49873,2026-09-10 09:46:20.364,1,7610.5,PIN,6,4028,False,STOP,STOP,STOP,STOP,TARGET,TARGET,TARGET,TARGET,TARGET,TARGET
49978,2026-09-10 10:27:39.044,-1,7605.5,EMA8,6,11089,False,STOP,STOP,STOP,STOP,TARGET,TARGET,TARGET,TARGET,TARGET,TARGET
50006,2026-09-10 10:44:38.392,-1,7602.75,EMA24,6,9447,False,STOP,STOP,STOP,STOP,STOP,STOP,STOP,TARGET,TARGET,TARGET
50008,2026-09-10 10:45:12.468,-1,7603.25,EMA24,6,5710,False,STOP,TARGET,TARGET,TARGET,TARGET,TARGET,TARGET,TARGET,TARGET,TARGET
50016,2026-09-10 10:52:55.548,-1,7603.75,EMA50,6,2110,False,STOP,TARGET,TARGET,TARGET,TARGET,TARGET,TARGET,TARGET,TARGET,TARGET
50042,2026-09-10 11:04:50.848,-1,7599.0,EMA8,6,1740,False,STOP,STOP,TARGET,TARGET,TARGET,TARGET,TARGET,TARGET,TARGET,TARGET
50059,2026-09-10 11:14:45.524,-1,7597.25,EMA24,6,1281,False,STOP,TARGET,TARGET,TARGET,TARGET,TARGET,TARGET,TARGET,TARGET,TARGET
50127,2026-09-10 11:51:44.700,1,7602.0,EMA8,6,582,False,STOP,TARGET,TARGET,TARGET,TARGET,TARGET,TARGET,TARGET,TARGET,TARGET
50133,2026-09-10 11:52:44.916,1,7601.0,EMA24,6,846,False,TARGET,TARGET,TARGET,TARGET,TARGET,TARGET,TARGET,TARGET,TARGET,TARGET
50153,2026-09-10 12:00:30.600,-1,7596.0,EMA8,6,2927,False,STOP,STOP,STOP,TARGET,TARGET,TARGET,TARGET,TARGET,TARGET,TARGET
50166,2026-09-10 12:07:50.900,-1,7595.0,EMA24,6,1331,False,TARGET,TARGET,TARGET,TARGET,TARGET,TARGET,TARGET,TARGET,TARGET,TARGET
50194,2026-09-10 12:19:04.476,-1,7594.5,EMA8,6,16306,False,STOP,STOP,STOP,STOP,STOP,STOP,STOP,STOP,STOP,TARGET
50198,2026-09-10 12:20:45.504,-1,7595.5,EMA24+EMA50,6,885,False,TARGET,TARGET,TARGET,TARGET,TARGET,TARGET,TARGET,TARGET,TARGET,TARGET
50206,2026-09-10 12:28:11.124,-1,7595.5,EMA50,6,12278,False,STOP,STOP,STOP,STOP,TARGET,TARGET,TARGET,TARGET,TARGET,TARGET
50231,2026-09-10 12:42:01.420,1,7600.75,EMA8,6,4920,False,STOP,TARGET,TARGET,TARGET,TARGET,TARGET,TARGET,TARGET,TARGET,TARGET
50240,2026-09-10 12:47:16.960,1,7599.25,EMA50,6,1173,False,TARGET,TARGET,TARGET,TARGET,TARGET,TARGET,TARGET,TARGET,TARGET,TARGET
50319,2026-09-10 13:12:46.556,1,7606.0,PIN,6,10855,False,STOP,STOP,STOP,STOP,STOP,STOP,STOP,STOP,STOP,STOP
50324,2026-09-10 13:19:00.608,1,7605.0,EMA8,6,16827,False,STOP,STOP,STOP,STOP,STOP,STOP,STOP,STOP,STOP,STOP
50402,2026-09-10 17:01:09.112,-1,7598.0,EMA24,6,5405,False,STOP,STOP,STOP,STOP,STOP,STOP,STOP,STOP,STOP,STOP
50418,2026-09-10 17:10:14.068,1,7604.5,EMA8,6,5559,False,STOP,STOP,STOP,STOP,TARGET,TARGET,TARGET,TARGET,TARGET,TARGET
50425,2026-09-10 17:17:07.060,1,7605.5,EMA8,6,4877,False,STOP,STOP,STOP,STOP,STOP,STOP,STOP,STOP,STOP,STOP
50440,2026-09-10 17:34:35.000,1,7606.5,EMA24,6,1552,False,TARGET,TARGET,TARGET,TARGET,TARGET,TARGET,TARGET,TARGET,TARGET,TARGET
50445,2026-09-10 17:38:59.548,1,7612.25,PIN,6,3346,False,STOP,STOP,STOP,STOP,STOP,STOP,STOP,STOP,STOP,STOP
50450,2026-09-10 17:42:53.204,1,7608.5,EMA24,6,13599,False,STOP,STOP,STOP,STOP,STOP,STOP,STOP,STOP,TARGET,TARGET
50465,2026-09-10 18:09:40.608,1,7614.5,EMA8,6,4874,False,STOP,STOP,STOP,TARGET,TARGET,TARGET,TARGET,TARGET,TARGET,TARGET
50552,2026-09-10 20:40:01.144,-1,7600.5,EMA24,6,2031,False,STOP,STOP,STOP,STOP,STOP,STOP,STOP,STOP,STOP,STOP
50568,2026-09-10 20:59:25.408,-1,7601.75,EMA50,6,1378,False,TARGET,TARGET,TARGET,TARGET,TARGET,TARGET,TARGET,TARGET,TARGET,TARGET
50572,2026-09-10 21:01:31.532,-1,7601.25,EMA50,6,408,False,TARGET,TARGET,TARGET,TARGET,TARGET,TARGET,TARGET,TARGET,TARGET,TARGET
50598,2026-09-10 21:24:08.136,1,7606.75,EMA8,6,399,False,STOP,TARGET,TARGET,TARGET,TARGET,TARGET,TARGET,TARGET,TARGET,TARGET
50603,2026-09-10 21:31:44.184,1,7612.0,PIN,6,23375,False,STOP,STOP,STOP,STOP,STOP,STOP,STOP,TARGET,TARGET,TARGET
50621,2026-09-10 22:14:40.832,1,7615.0,EMA8,6,404,False,STOP,TARGET,TARGET,TARGET,TARGET,TARGET,TARGET,TARGET,TARGET,TARGET
50627,2026-09-10 22:22:48.964,1,7614.25,EMA24,6,7824,False,STOP,STOP,STOP,STOP,STOP,STOP,STOP,STOP,STOP,STOP
50641,2026-09-10 22:46:01.688,1,7619.0,EMA8,6,764,False,TARGET,TARGET,TARGET,TARGET,TARGET,TARGET,TARGET,TARGET,TARGET,TARGET
50658,2026-09-10 23:01:36.016,1,7626.0,EMA8,6,3936,False,STOP,STOP,STOP,STOP,STOP,STOP,STOP,STOP,STOP,STOP
50663,2026-09-10 23:06:16.812,1,7623.75,EMA24,6,456,False,STOP,TARGET,TARGET,TARGET,TARGET,TARGET,TARGET,TARGET,TARGET,TARGET
50677,2026-09-10 23:14:47.304,1,7628.25,EMA8,6,17099,False,STOP,STOP,STOP,STOP,STOP,STOP,STOP,STOP,STOP,STOP
50682,2026-09-10 23:19:50.188,1,7627.75,EMA24,6,18598,False,STOP,STOP,STOP,STOP,STOP,STOP,STOP,STOP,STOP,TARGET
50715,2026-09-10 23:52:22.464,1,7630.75,EMA8,6,7176,False,STOP,STOP,STOP,STOP,TARGET,TARGET,TARGET,TARGET,TARGET,TARGET
50717,2026-09-10 23:57:35.452,1,7631.0,EMA8,6,1933,False,STOP,TARGET,TARGET,TARGET,TARGET,TARGET,TARGET,TARGET,TARGET,TARGET
50720,2026-09-11 00:00:11.092,1,7631.5,EMA8,6,8978,False,STOP,STOP,STOP,STOP,TARGET,TARGET,TARGET,TARGET,TARGET,TARGET
50723,2026-09-11 00:04:02.380,1,7631.75,EMA8,6,1746,False,STOP,STOP,STOP,STOP,TARGET,TARGET,TARGET,TARGET,TARGET,TARGET
50730,2026-09-11 00:10:12.044,1,7631.75,EMA24,6,523,False,TARGET,TARGET,TARGET,TARGET,TARGET,TARGET,TARGET,TARGET,TARGET,TARGET
50765,2026-09-11 00:45:00.956,-1,7626.25,EMA8,6,4993,False,STOP,STOP,TARGET,TARGET,TARGET,TARGET,TARGET,TARGET,TARGET,TARGET
50769,2026-09-11 00:57:21.728,-1,7626.25,EMA24,6,3706,False,STOP,STOP,STOP,STOP,STOP,STOP,STOP,STOP,STOP,STOP
50895,2026-09-11 02:01:23.008,1,7645.5,EMA8,6,119,False,TARGET,TARGET,TARGET,TARGET,TARGET,TARGET,TARGET,TARGET,TARGET,TARGET
50951,2026-09-11 03:08:26.620,1,7644.25,EMA8,6,4018,False,STOP,STOP,STOP,STOP,STOP,STOP,STOP,STOP,STOP,STOP
50954,2026-09-11 03:13:39.444,1,7642.75,EMA24,6,12423,False,STOP,STOP,STOP,STOP,STOP,STOP,STOP,STOP,STOP,STOP
50986,2026-09-11 04:20:41.336,-1,7637.75,EMA24,6,2129,False,STOP,STOP,STOP,STOP,TARGET,TARGET,TARGET,TARGET,TARGET,TARGET
51052,2026-09-11 05:23:31.396,1,7645.75,EMA8,6,2993,False,STOP,STOP,STOP,STOP,STOP,STOP,STOP,STOP,STOP,STOP
51056,2026-09-11 05:25:34.296,1,7644.0,EMA24,6,852,False,STOP,STOP,TARGET,TARGET,TARGET,TARGET,TARGET,TARGET,TARGET,TARGET
51067,2026-09-11 05:27:16.416,1,7649.0,EMA8,6,2941,False,STOP,STOP,STOP,TARGET,TARGET,TARGET,TARGET,TARGET,TARGET,TARGET
51075,2026-09-11 05:28:55.692,1,7650.75,EMA8,6,631,False,STOP,STOP,STOP,STOP,STOP,STOP,TARGET,TARGET,TARGET,TARGET
51077,2026-09-11 05:29:24.448,1,7650.5,EMA8,6,130,False,TARGET,TARGET,TARGET,TARGET,TARGET,TARGET,TARGET,TARGET,TARGET,TARGET
51092,2026-09-11 05:29:46.724,1,7653.75,EMA24,6,151,False,STOP,TARGET,TARGET,TARGET,TARGET,TARGET,TARGET,TARGET,TARGET,TARGET
51196,2026-09-11 05:30:01.496,-1,7636.0,EMA8,6,0,True,NONE,NONE,NONE,NONE,NONE,NONE,NONE,NONE,NONE,NONE
51204,2026-09-11 05:30:01.552,-1,7632.75,EMA8,6,0,True,NONE,NONE,NONE,NONE,NONE,NONE,NONE,NONE,NONE,NONE
51239,2026-09-11 05:30:02.528,1,7639.0,EMA8,6,153,True,STOP,STOP,STOP,STOP,STOP,STOP,STOP,STOP,STOP,STOP
51270,2026-09-11 05:30:06.444,-1,7626.0,PIN,6,41,False,STOP,STOP,TARGET,TARGET,TARGET,TARGET,TARGET,TARGET,TARGET,TARGET
51283,2026-09-11 05:30:08.824,-1,7626.0,EMA24,6,0,True,NONE,NONE,NONE,NONE,NONE,NONE,NONE,NONE,NONE,NONE
51287,2026-09-11 05:30:08.828,-1,7625.5,EMA24,6,7,True,STOP,STOP,STOP,STOP,STOP,STOP,STOP,STOP,STOP,STOP
51367,2026-09-11 05:30:38.524,1,7632.5,EMA50,6,348,False,STOP,TARGET,TARGET,TARGET,TARGET,TARGET,TARGET,TARGET,TARGET,TARGET
51384,2026-09-11 05:30:59.192,-1,7627.75,EMA8,6,752,False,STOP,STOP,STOP,STOP,STOP,STOP,STOP,STOP,STOP,STOP
51401,2026-09-11 05:31:26.012,-1,7629.0,EMA50,6,2333,False,STOP,STOP,STOP,STOP,STOP,STOP,STOP,STOP,STOP,STOP
51433,2026-09-11 05:32:27.824,1,7637.0,EMA8,6,1271,False,STOP,STOP,STOP,STOP,STOP,TARGET,TARGET,TARGET,TARGET,TARGET
51447,2026-09-11 05:33:05.168,1,7638.25,EMA24,6,82,False,TARGET,TARGET,TARGET,TARGET,TARGET,TARGET,TARGET,TARGET,TARGET,TARGET
51457,2026-09-11 05:33:45.376,1,7641.0,EMA8,6,133,False,STOP,TARGET,TARGET,TARGET,TARGET,TARGET,TARGET,TARGET,TARGET,TARGET
51461,2026-09-11 05:33:54.556,1,7644.75,PIN,6,1371,False,STOP,STOP,STOP,STOP,STOP,STOP,STOP,STOP,STOP,STOP
51496,2026-09-11 05:37:00.240,1,7646.0,EMA24,6,54,False,TARGET,TARGET,TARGET,TARGET,TARGET,TARGET,TARGET,TARGET,TARGET,TARGET
51572,2026-09-11 05:53:34.144,1,7665.75,EMA8,6,2122,False,STOP,TARGET,TARGET,TARGET,TARGET,TARGET,TARGET,TARGET,TARGET,TARGET
51579,2026-09-11 05:56:17.732,1,7671.25,PIN,6,8491,False,STOP,STOP,STOP,STOP,STOP,STOP,STOP,TARGET,TARGET,TARGET
51584,2026-09-11 05:57:43.920,1,7671.25,EMA8,6,612,False,TARGET,TARGET,TARGET,TARGET,TARGET,TARGET,TARGET,TARGET,TARGET,TARGET
51593,2026-09-11 05:59:43.500,1,7677.25,PIN,6,4033,False,STOP,STOP,STOP,STOP,STOP,TARGET,TARGET,TARGET,TARGET,TARGET
51599,2026-09-11 06:00:20.680,1,7681.5,PIN,6,2054,False,STOP,STOP,STOP,TARGET,TARGET,TARGET,TARGET,TARGET,TARGET,TARGET
51600,2026-09-11 06:00:28.924,1,7682.0,PIN,6,1530,False,TARGET,TARGET,TARGET,TARGET,TARGET,TARGET,TARGET,TARGET,TARGET,TARGET
51648,2026-09-11 06:13:59.656,-1,7667.0,PIN,6,2517,False,STOP,TARGET,TARGET,TARGET,TARGET,TARGET,TARGET,TARGET,TARGET,TARGET
51664,2026-09-11 06:19:04.568,-1,7667.75,EMA24,6,1833,False,STOP,STOP,TARGET,TARGET,TARGET,TARGET,TARGET,TARGET,TARGET,TARGET
51721,2026-09-11 06:30:36.532,-1,7662.0,EMA8,6,17242,False,STOP,STOP,STOP,STOP,STOP,STOP,STOP,STOP,STOP,TARGET
51771,2026-09-11 06:33:40.784,1,7668.5,EMA8,6,3125,False,STOP,TARGET,TARGET,TARGET,TARGET,TARGET,TARGET,TARGET,TARGET,TARGET
51779,2026-09-11 06:34:07.060,1,7672.25,EMA8,6,5415,False,STOP,STOP,STOP,STOP,TARGET,TARGET,TARGET,TARGET,TARGET,TARGET
51783,2026-09-11 06:34:39.740,1,7673.5,EMA8,6,123,False,TARGET,TARGET,TARGET,TARGET,TARGET,TARGET,TARGET,TARGET,TARGET,TARGET
51794,2026-09-11 06:35:38.752,1,7677.5,EMA8,6,20675,False,STOP,STOP,STOP,STOP,STOP,STOP,STOP,STOP,STOP,STOP
51846,2026-09-11 06:40:26.424,-1,7665.5,PIN,6,209,False,TARGET,TARGET,TARGET,TARGET,TARGET,TARGET,TARGET,TARGET,TARGET,TARGET
51874,2026-09-11 06:41:06.428,-1,7671.5,EMA50,6,6749,False,STOP,STOP,STOP,STOP,STOP,STOP,STOP,STOP,STOP,STOP
51890,2026-09-11 06:42:18.132,-1,7669.5,EMA8,6,21942,False,STOP,STOP,STOP,STOP,STOP,STOP,STOP,STOP,NONE,NONE
51897,2026-09-11 06:42:42.156,-1,7670.25,EMA50,6,9154,False,STOP,STOP,STOP,STOP,TARGET,TARGET,TARGET,TARGET,TARGET,TARGET
51899,2026-09-11 06:42:52.004,-1,7670.0,EMA50,6,6346,False,STOP,STOP,STOP,STOP,STOP,TARGET,TARGET,TARGET,TARGET,TARGET
51901,2026-09-11 06:43:05.684,-1,7670.0,EMA50,6,1097,False,TARGET,TARGET,TARGET,TARGET,TARGET,TARGET,TARGET,TARGET,TARGET,TARGET
51995,2026-09-11 06:50:25.616,-1,7668.5,EMA50,6,252,False,TARGET,TARGET,TARGET,TARGET,TARGET,TARGET,TARGET,TARGET,TARGET,TARGET
52011,2026-09-11 06:52:35.016,-1,7668.25,EMA50,6,4409,False,STOP,STOP,STOP,STOP,STOP,STOP,STOP,TARGET,TARGET,TARGET
52046,2026-09-11 06:57:21.136,1,7674.5,EMA8,6,5081,False,STOP,STOP,STOP,STOP,STOP,TARGET,TARGET,TARGET,TARGET,TARGET
52048,2026-09-11 06:57:37.092,1,7674.5,EMA8,6,1951,False,TARGET,TARGET,TARGET,TARGET,TARGET,TARGET,TARGET,TARGET,TARGET,TARGET
52052,2026-09-11 06:58:41.644,1,7675.5,EMA8,6,1392,False,STOP,TARGET,TARGET,TARGET,TARGET,TARGET,TARGET,TARGET,TARGET,TARGET
52067,2026-09-11 07:00:05.908,1,7678.0,EMA24,6,2560,False,STOP,STOP,STOP,STOP,TARGET,TARGET,TARGET,TARGET,TARGET,TARGET
52124,2026-09-11 07:06:34.668,-1,7670.0,EMA24,6,3352,False,STOP,TARGET,TARGET,TARGET,TARGET,TARGET,TARGET,TARGET,TARGET,TARGET
52166,2026-09-11 07:12:04.140,-1,7669.0,EMA8,6,675,False,STOP,TARGET,TARGET,TARGET,TARGET,TARGET,TARGET,TARGET,TARGET,TARGET
52181,2026-09-11 07:14:18.628,-1,7669.0,EMA50,6,10393,False,STOP,STOP,STOP,STOP,STOP,STOP,STOP,TARGET,TARGET,TARGET
52188,2026-09-11 07:15:14.528,-1,7667.0,EMA8,6,13011,False,STOP,STOP,STOP,STOP,STOP,STOP,STOP,STOP,STOP,TARGET
52194,2026-09-11 07:15:52.332,-1,7667.25,EMA24,6,2701,False,STOP,STOP,STOP,TARGET,TARGET,TARGET,TARGET,TARGET,TARGET,TARGET
52224,2026-09-11 07:21:45.028,1,7676.0,EMA8,6,1613,False,TARGET,TARGET,TARGET,TARGET,TARGET,TARGET,TARGET,TARGET,TARGET,TARGET
52268,2026-09-11 07:33:06.528,-1,7669.25,EMA8,6,988,False,TARGET,TARGET,TARGET,TARGET,TARGET,TARGET,TARGET,TARGET,TARGET,TARGET
52278,2026-09-11 07:35:16.320,-1,7663.75,PIN,6,10823,False,STOP,STOP,STOP,STOP,STOP,STOP,TARGET,TARGET,TARGET,TARGET
52283,2026-09-11 07:35:54.928,-1,7663.75,EMA8,6,1949,False,TARGET,TARGET,TARGET,TARGET,TARGET,TARGET,TARGET,TARGET,TARGET,TARGET
52286,2026-09-11 07:36:45.208,-1,7663.0,EMA8,6,3757,False,STOP,TARGET,TARGET,TARGET,TARGET,TARGET,TARGET,TARGET,TARGET,TARGET
52295,2026-09-11 07:38:23.652,-1,7662.75,EMA8,6,451,False,TARGET,TARGET,TARGET,TARGET,TARGET,TARGET,TARGET,TARGET,TARGET,TARGET
52333,2026-09-11 07:46:07.640,-1,7658.0,EMA24,6,1677,False,STOP,STOP,TARGET,TARGET,TARGET,TARGET,TARGET,TARGET,TARGET,TARGET
52387,2026-09-11 07:50:39.012,1,7662.25,EMA50,6,2457,False,STOP,STOP,STOP,STOP,TARGET,TARGET,TARGET,TARGET,TARGET,TARGET
52389,2026-09-11 07:50:44.208,1,7662.5,EMA50,6,743,False,STOP,TARGET,TARGET,TARGET,TARGET,TARGET,TARGET,TARGET,TARGET,TARGET
52422,2026-09-11 07:58:20.800,-1,7657.5,EMA24,6,8416,False,STOP,STOP,STOP,STOP,STOP,STOP,STOP,STOP,STOP,TARGET
52424,2026-09-11 07:58:36.104,-1,7658.5,EMA50,6,790,False,TARGET,TARGET,TARGET,TARGET,TARGET,TARGET,TARGET,TARGET,TARGET,TARGET
52459,2026-09-11 08:06:17.844,1,7668.25,PIN,6,4615,False,STOP,STOP,STOP,TARGET,TARGET,TARGET,TARGET,TARGET,TARGET,TARGET
52460,2026-09-11 08:06:35.472,1,7668.75,PIN,6,2615,False,STOP,STOP,TARGET,TARGET,TARGET,TARGET,TARGET,TARGET,TARGET,TARGET
52461,2026-09-11 08:06:50.496,1,7669.5,PIN,6,17699,False,STOP,STOP,STOP,STOP,STOP,STOP,STOP,STOP,STOP,STOP
52467,2026-09-11 08:08:21.468,1,7669.25,EMA8,6,3991,False,STOP,STOP,STOP,STOP,STOP,STOP,STOP,STOP,STOP,STOP
52505,2026-09-11 08:16:46.148,1,7670.5,PIN,6,2285,False,STOP,TARGET,TARGET,TARGET,TARGET,TARGET,TARGET,TARGET,TARGET,TARGET
52514,2026-09-11 08:21:31.024,1,7672.25,EMA8,6,1702,False,TARGET,TARGET,TARGET,TARGET,TARGET,TARGET,TARGET,TARGET,TARGET,TARGET
52517,2026-09-11 08:22:28.524,1,7673.25,EMA8,6,8485,False,STOP,STOP,STOP,STOP,STOP,STOP,TARGET,TARGET,TARGET,TARGET
52523,2026-09-11 08:24:28.116,1,7674.25,EMA8,6,2742,False,STOP,STOP,TARGET,TARGET,TARGET,TARGET,TARGET,TARGET,TARGET,TARGET
52528,2026-09-11 08:26:12.836,1,7675.75,EMA8,6,3483,False,STOP,STOP,STOP,TARGET,TARGET,TARGET,TARGET,TARGET,TARGET,TARGET
52540,2026-09-11 08:31:56.692,1,7676.5,EMA24,6,1610,False,STOP,STOP,TARGET,TARGET,TARGET,TARGET,TARGET,TARGET,TARGET,TARGET
52613,2026-09-11 09:21:33.940,-1,7672.25,EMA8,6,2690,False,STOP,STOP,TARGET,TARGET,TARGET,TARGET,TARGET,TARGET,TARGET,TARGET
52618,2026-09-11 09:25:58.236,-1,7671.5,EMA8,6,338,False,TARGET,TARGET,TARGET,TARGET,TARGET,TARGET,TARGET,TARGET,TARGET,TARGET
52622,2026-09-11 09:27:42.312,-1,7672.75,EMA24,6,7361,False,STOP,STOP,TARGET,TARGET,TARGET,TARGET,TARGET,TARGET,TARGET,TARGET
52638,2026-09-11 09:29:53.964,-1,7667.25,EMA8,6,3964,False,STOP,STOP,TARGET,TARGET,TARGET,TARGET,TARGET,TARGET,TARGET,TARGET
52701,2026-09-11 10:07:10.220,1,7675.0,EMA8,6,1,True,TARGET,TARGET,TARGET,TARGET,TARGET,TARGET,TARGET,TARGET,TARGET,TARGET
52737,2026-09-11 10:30:34.308,1,7678.25,EMA24,6,1776,False,STOP,STOP,TARGET,TARGET,TARGET,TARGET,TARGET,TARGET,TARGET,TARGET
52745,2026-09-11 10:40:15.676,1,7677.0,EMA50,6,46705,False,STOP,STOP,STOP,STOP,STOP,STOP,STOP,STOP,NONE,NONE
52788,2026-09-11 11:21:27.724,-1,7670.0,EMA8,6,31823,False,STOP,STOP,STOP,STOP,STOP,STOP,STOP,STOP,STOP,STOP
52861,2026-09-11 12:54:29.248,-1,7664.0,EMA24,6,3577,False,STOP,STOP,STOP,STOP,STOP,STOP,STOP,TARGET,TARGET,TARGET
