bar,time,direction,tail,body_ticks,distance8,close_extension,slope8,slope24,slope50,gap824,gap2450,body_depth,close_depth,strong_fan,moderate_fan,segment,outcome
985,2026-08-03 06:31:05.924,-1,3.0,2.0,-1.5480400000014924,1.0,53.732044,29.493803,17.536389,2.239208000002691,1.4361639999988256,0,0,False,False,DEV,TARGET
989,2026-08-03 06:31:14.652,-1,2.0,3.0,0.24815600000147242,4.0,39.084673,26.518248,17.324486,3.490780000000086,2.1730919999972684,1,2,False,False,DEV,NONE
991,2026-08-03 06:31:19.488,-1,0.0,0.0,1.187155999999959,-1.0,40.480467,29.755284,19.992234,3.5966799999987416,2.482132000001002,0,0,False,False,DEV,TARGET
998,2026-08-03 06:31:28.404,-1,2.0,3.0,-0.6958679999988817,4.0,24.612951,18.617129,14.669993,2.7236559999983,2.7044040000000678,1,6,False,False,DEV,STOP
1020,2026-08-03 06:32:35.808,1,2.0,3.0,1.3142159999988507,2.0,62.648807,42.658283,24.095998,4.688959999999497,0.825328000002628,0,0,False,False,DEV,TARGET
1021,2026-08-03 06:32:38.928,1,1.0,4.0,3.7999479999998584,5.0,63.686398,45.968145,27.528631,5.9229720000003,1.4456439999994473,1,10,False,False,DEV,NONE
1023,2026-08-03 06:32:45.956,1,2.0,3.0,1.274040000000241,2.0,63.58759,49.784671,32.411965,7.181039999999484,2.4686880000008387,0,0,False,True,DEV,STOP
1025,2026-08-03 06:32:55.424,1,3.0,2.0,-1.6366920000000391,1.0,50.989594,45.090645,30.396067,7.25227200000154,3.1983239999972284,0,0,False,True,DEV,TARGET
1032,2026-08-03 06:33:19.428,1,2.0,3.0,-1.7036520000001474,4.0,4.577784,20.757915,18.194108,4.176400000000285,3.8329999999987194,1,3,False,False,DEV,TARGET
1033,2026-08-03 06:33:22.224,1,3.0,2.0,-0.10283999999955995,3.0,38.765012,31.606846,24.060728,4.7377679999990505,4.109811999998783,6,8,False,False,DEV,TARGET
1034,2026-08-03 06:33:27.268,1,1.0,4.0,2.69778800000131,5.0,56.545701,41.545415,30.364001,5.766343999999663,4.545519999999669,9,10,False,True,DEV,TARGET
1035,2026-08-03 06:33:28.280,1,3.0,2.0,3.320503999999346,3.0,63.342379,47.947845,35.247645,6.826499999999214,5.038739999999962,10,10,False,True,DEV,TARGET
1036,2026-08-03 06:33:31.456,1,1.0,4.0,5.360391999998683,5.0,68.295038,53.804695,40.327616,8.1748520000001,5.662824000002729,10,10,True,True,DEV,TARGET
1038,2026-08-03 06:33:41.112,1,1.0,4.0,1.1809759999996459,3.0,63.95815,53.702465,41.545473,8.881652000000031,6.464692000001378,0,0,True,True,DEV,TARGET
1040,2026-08-03 06:33:49.164,1,2.0,3.0,-0.31027199999880395,2.0,54.828365,50.426652,40.203549,9.052879999999277,7.127863999998226,0,0,False,True,DEV,TARGET
1042,2026-08-03 06:33:56.740,1,2.0,3.0,-1.817323999999644,2.0,43.500814,46.475862,38.441421,8.596268000001146,7.562079999999696,0,0,False,False,DEV,TARGET
1043,2026-08-03 06:34:01.108,1,2.0,3.0,0.5865239999984624,4.0,45.968755,47.078715,39.177535,8.930104000002757,7.909059999998135,1,10,False,True,DEV,TARGET
1044,2026-08-03 06:34:02.156,1,0.0,5.0,4.011740000001737,6.0,59.437302,52.62862,43.223427,9.86355999999796,8.435656000001472,10,10,False,True,DEV,TARGET
1045,2026-08-03 06:34:04.996,1,1.0,4.0,5.8980200000005425,5.0,67.616927,58.067802,47.701787,11.067255999998451,9.078584000002593,10,10,True,True,DEV,TARGET
1046,2026-08-03 06:34:06.032,1,0.0,5.0,8.142904000000271,6.0,72.376258,62.604002,51.961634,12.585147999998298,9.863108000001375,10,10,True,True,DEV,TARGET
1047,2026-08-03 06:34:11.036,1,3.0,2.0,7.555592000000615,3.0,73.991151,65.040766,54.675263,13.87421600000016,10.647971999998845,10,10,True,True,DEV,STOP
1061,2026-08-03 06:35:08.932,1,1.0,4.0,-0.24993199999880744,5.0,22.180839,19.435212,27.754204,3.0848799999985204,8.771735999998782,1,7,False,False,DEV,TARGET
1062,2026-08-03 06:35:16.396,1,2.0,3.0,1.805607999998756,4.0,50.334689,32.806589,33.522316,4.08254400000078,8.910427999999229,8,9,False,True,DEV,TARGET
1064,2026-08-03 06:35:31.372,1,1.0,4.0,0.24042800000097486,3.0,56.366483,40.386883,37.408124,5.04250399999728,9.029404000000795,0,0,False,True,DEV,TARGET
1067,2026-08-03 06:35:37.224,1,2.0,3.0,1.1144959999983257,4.0,46.17769,37.774351,36.206196,5.843548000000737,9.158124000001408,1,10,False,True,DEV,TARGET
1068,2026-08-03 06:35:37.732,1,1.0,4.0,3.644607999998698,5.0,60.58171,46.658418,41.130129,6.95679200000086,9.490608000000066,10,10,True,True,DEV,TARGET
1069,2026-08-03 06:35:44.004,1,3.0,2.0,4.056916000001365,3.0,66.208291,52.321695,44.882257,8.0563719999991,9.877071999999316,10,10,True,True,DEV,TARGET
1073,2026-08-03 06:36:10.576,1,2.0,3.0,0.499415999998746,4.0,39.050615,42.188216,39.919946,7.845700000001671,10.233496000000741,1,2,False,False,DEV,TARGET
1075,2026-08-03 06:36:20.456,1,1.0,4.0,-0.5497360000008484,3.0,50.353671,46.334017,42.399146,7.912240000001475,10.439203999998426,0,0,False,True,DEV,TARGET
1079,2026-08-03 06:36:34.412,1,1.0,4.0,-0.54304399999819,5.0,16.580893,32.341023,35.380429,6.337019999999029,10.139963999998145,1,2,False,False,DEV,TARGET
1080,2026-08-03 06:36:45.672,1,3.0,2.0,0.7998520000001008,3.0,46.298846,41.213677,39.559803,6.890608000001521,10.304895999997825,5,10,False,True,DEV,TARGET
1081,2026-08-03 06:36:52.268,1,3.0,2.0,1.844332000000577,3.0,58.450318,47.703498,43.151964,7.590887999998813,10.54070800000045,10,10,False,True,DEV,TARGET
1083,2026-08-03 06:36:58.132,1,1.0,4.0,0.26385600000139675,3.0,56.520317,48.620494,44.066199,8.021315999998478,10.806412000001728,0,0,False,True,DEV,TARGET
1084,2026-08-03 06:37:09.768,1,1.0,4.0,2.9829959999988205,5.0,58.320655,50.294905,45.239569,8.839360000001761,11.128379999998288,1,10,False,True,DEV,TARGET
1085,2026-08-03 06:37:22.084,1,2.0,3.0,4.320107999999891,4.0,65.048291,54.996171,48.384547,9.836459999998624,11.541196000001946,10,10,True,True,DEV,STOP
1103,2026-08-03 06:38:55.400,1,4.0,1.0,-0.37004000000160886,2.0,45.446496,16.715757,21.186109,0.7349240000003192,6.020712000001367,10,10,False,False,DEV,TARGET
1106,2026-08-03 06:39:22.868,1,2.0,3.0,0.6928320000006352,4.0,44.393249,23.495824,24.003436,2.3678760000002512,5.988983999999618,1,10,False,False,DEV,TARGET
1108,2026-08-03 06:39:51.832,1,4.0,1.0,-1.5561879999986559,0.0,52.257092,32.876681,28.866292,3.378767999998672,6.14678400000048,0,0,False,True,DEV,TARGET
1109,2026-08-03 06:39:56.208,1,1.0,4.0,1.5674120000003313,5.0,53.975425,36.053758,30.7528,4.309364000000642,6.387903999999253,1,1,False,True,DEV,STOP
1111,2026-08-03 06:40:05.352,1,0.0,0.0,0.7753479999992123,-1.0,41.652732,32.647406,29.327757,4.12515600000188,6.38342399999965,0,0,False,False,DEV,STOP
1127,2026-08-03 06:41:05.012,1,1.0,4.0,3.0835320000005595,5.0,58.906688,26.157598,16.047294,1.2111999999979162,1.6989560000001802,1,10,False,False,DEV,STOP
1148,2026-08-03 06:42:27.084,-1,2.0,3.0,0.4739679999984219,2.0,61.059922,38.153673,20.012272,3.48372400000153,0.2773320000014792,0,0,False,False,DEV,TARGET
1152,2026-08-03 06:42:47.524,-1,1.0,4.0,-0.4842239999998128,3.0,48.64666,36.063054,21.31603,4.780623999999079,1.5234960000016144,0,0,False,True,DEV,TARGET
1155,2026-08-03 06:43:01.660,-1,1.0,4.0,0.8119479999986652,5.0,42.02756,35.000593,22.363028,5.383784000001469,2.3899160000000848,1,10,False,False,DEV,STOP
1168,2026-08-03 06:43:52.160,-1,3.0,2.0,-1.3091679999997723,3.0,19.315387,14.330439,12.770411,2.145096000000194,2.7365239999999176,1,7,False,False,DEV,STOP
1315,2026-08-03 07:00:00.304,1,2.0,3.0,0.6509200000000419,2.0,60.667942,53.449875,47.638569,9.559064000000944,11.576259999998001,0,0,True,True,DEV,STOP
1317,2026-08-03 07:00:01.372,1,0.0,5.0,0.9246319999983825,4.0,55.351227,51.89432,47.140579,9.782700000003388,11.939251999996486,0,0,False,True,DEV,STOP
1333,2026-08-03 07:02:07.568,1,2.0,3.0,-1.2302920000001905,4.0,9.224137,7.9639,20.550507,1.4848999999994703,7.458644000002096,1,2,False,False,DEV,TARGET
1335,2026-08-03 07:02:14.248,1,0.0,5.0,0.39155200000095647,4.0,49.033755,27.834502,28.859709,2.735947999997734,7.4513240000014775,0,0,False,False,DEV,TARGET
1337,2026-08-03 07:02:21.004,1,2.0,3.0,-1.9977040000012494,2.0,44.320734,28.874143,29.271088,3.1776200000022072,7.353243999998085,0,0,False,False,DEV,TARGET
1340,2026-08-03 07:02:55.292,1,2.0,3.0,1.0024520000006305,4.0,44.99851,31.791538,30.523111,4.3179999999993015,7.443943999998737,1,10,False,False,DEV,TARGET
1341,2026-08-03 07:03:06.748,1,1.0,4.0,3.557464000001346,5.0,60.123432,42.517796,36.368005,5.537351999999373,7.776859999998123,10,10,False,True,DEV,TARGET
1342,2026-08-03 07:03:19.096,1,2.0,3.0,4.766916000000492,4.0,66.6539,49.963601,41.265596,6.88031200000114,8.20987199999945,10,10,True,True,DEV,STOP
1364,2026-08-03 07:06:02.236,1,4.0,1.0,-0.1531119999999646,2.0,47.650587,15.549563,12.151542,0.28516400000080466,2.2005319999989297,7,7,False,False,DEV,NONE
1367,2026-08-03 07:06:34.428,1,4.0,1.0,-1.365591999998287,2.0,36.408543,17.380966,13.535576,1.5585959999989427,2.4173759999976028,1,1,False,False,DEV,STOP
1376,2026-08-03 07:07:41.732,1,4.0,1.0,-3.1733039999999164,2.0,-2.053463,3.561758,6.860196,1.0252399999990303,2.245284000000538,1,1,False,False,DEV,STOP
1384,2026-08-03 07:09:10.280,1,0.0,5.0,0.377916000001278,4.0,48.907463,17.568011,10.942708,0.5180839999993623,1.2656959999985702,0,0,False,False,DEV,TARGET
1387,2026-08-03 07:10:17.404,1,4.0,1.0,-0.5108040000013716,2.0,43.917377,22.810323,14.570168,2.1450839999997697,1.747644000002765,1,1,False,False,DEV,TARGET
1388,2026-08-03 07:10:19.368,1,1.0,4.0,2.380487999998877,5.0,56.126904,33.168394,20.829337,3.323051999999734,2.153600000001461,10,10,False,True,DEV,TARGET
1389,2026-08-03 07:10:26.840,1,3.0,2.0,3.073712000001251,3.0,62.23364,40.957107,26.392894,4.533543999998074,2.6280360000018845,10,10,False,True,DEV,TARGET
1390,2026-08-03 07:10:29.316,1,1.0,4.0,5.168443999998999,5.0,67.716485,48.872267,32.891702,6.030232000000979,3.243075999998837,10,10,False,True,DEV,STOP
1396,2026-08-03 07:11:31.500,1,2.0,3.0,-1.475139999998646,4.0,19.609203,30.338171,24.184663,5.512759999997797,4.46118800000113,1,1,False,False,DEV,TARGET
1397,2026-08-03 07:12:16.724,1,4.0,1.0,-0.7028839999984484,2.0,38.506231,35.945634,27.609017,5.8574959999969,4.736400000001595,5,5,False,False,DEV,STOP
1399,2026-08-03 07:12:51.456,1,4.0,1.0,-3.0054479999998875,0.0,40.145521,37.34554,29.189545,5.753912000000128,5.074420000000828,0,0,False,False,DEV,STOP
1407,2026-08-03 07:14:52.108,1,2.0,3.0,-0.3019400000011956,4.0,22.558218,11.336723,14.114227,1.502039999999397,3.929040000002715,4,4,False,False,DEV,TARGET
1408,2026-08-03 07:15:07.836,1,4.0,1.0,0.20960399999967194,2.0,48.690791,25.537573,21.075507,2.3344880000004196,4.109391999998479,7,7,False,False,DEV,TARGET
1409,2026-08-03 07:15:32.676,1,4.0,1.0,0.6074679999983346,2.0,55.911481,33.140183,25.400199,3.1730999999999767,4.337488000001031,8,10,False,True,DEV,TARGET
1410,2026-08-03 07:16:00.104,1,4.0,1.0,0.9169199999996636,2.0,57.893152,37.258807,28.131161,4.001199999998789,4.607072000002518,10,10,False,True,DEV,TARGET
1411,2026-08-03 07:16:05.296,1,2.0,3.0,2.713159999999334,4.0,61.373953,42.400479,31.726758,5.091511999999057,4.994040000001405,10,10,False,True,DEV,TARGET
1412,2026-08-03 07:16:16.588,1,2.0,3.0,4.110236000000441,4.0,65.215576,47.900883,35.932026,6.350060000000667,5.483563999998296,10,10,False,True,DEV,TARGET
1413,2026-08-03 07:16:53.480,1,3.0,2.0,4.419072000000597,3.0,68.19292,52.676031,40.033668,7.564399999999296,6.021412000001874,10,10,True,True,DEV,TARGET
1415,2026-08-03 07:17:33.200,1,0.0,5.0,2.5991920000014943,4.0,65.261847,53.79537,42.102827,8.76281999999992,6.870871999999508,0,0,True,True,DEV,TARGET
1416,2026-08-03 07:18:42.072,1,1.0,4.0,4.799372000001313,5.0,65.620314,55.286826,43.822649,9.853680000000168,7.4726599999994505,1,10,True,True,DEV,STOP
1424,2026-08-03 07:21:53.416,1,3.0,2.0,-0.9735159999981988,3.0,25.473473,36.344601,34.313553,6.879363999996713,8.39121200000227,1,5,False,False,DEV,TARGET
1427,2026-08-03 07:23:30.312,1,1.0,4.0,2.2621199999994133,5.0,51.447017,44.859961,39.349946,7.6583559999999125,8.916740000000573,1,10,False,True,DEV,TARGET
1428,2026-08-03 07:23:56.052,1,5.0,0.0,1.4260920000015176,1.0,59.778466,49.7723,42.56783,8.22074799999973,9.216367999997601,10,10,False,True,DEV,TARGET
1429,2026-08-03 07:24:10.516,1,1.0,4.0,3.8869599999998172,5.0,65.056261,54.090019,45.743123,9.188131999999314,9.656227999999828,10,10,True,True,DEV,STOP
1431,2026-08-03 07:25:04.584,1,2.0,3.0,-0.4881359999999404,2.0,58.597087,52.386499,45.333285,9.241291999998793,10.074948000001314,0,0,False,True,DEV,STOP
1444,2026-08-03 07:31:12.984,1,5.0,0.0,-3.9909520000001066,1.0,-1.698166,9.140924,21.091871,1.9398399999990943,7.418888000000152,1,1,False,False,DEV,TARGET
1453,2026-08-03 07:36:51.584,1,1.0,4.0,1.6867400000010093,5.0,43.341282,18.688323,20.827258,1.6060919999981706,5.5236040000017965,7,10,False,False,DEV,TARGET
1454,2026-08-03 07:39:07.628,1,2.0,3.0,3.3119079999996757,4.0,60.549142,34.392701,28.744654,2.9975000000013097,5.808343999997305,10,10,False,True,DEV,TARGET
1455,2026-08-03 07:39:16.148,1,1.0,4.0,5.353707999998733,5.0,67.502486,45.088624,35.374532,4.650944000000891,6.245736000000761,10,10,False,True,DEV,TARGET
1457,2026-08-03 07:40:11.312,1,1.0,4.0,1.1769319999984873,3.0,63.941387,47.159077,37.613685,5.897408000000723,6.731960000000981,0,0,False,True,DEV,TARGET
1458,2026-08-03 07:40:50.284,1,1.0,4.0,3.693171999999322,5.0,62.077074,47.693987,38.398821,7.015220000001136,7.164327999998932,1,10,False,True,DEV,TARGET
1459,2026-08-03 07:41:03.880,1,2.0,3.0,4.872464000000036,4.0,67.005097,53.078895,42.562465,8.259256000001187,7.6871680000003835,10,10,True,True,DEV,STOP
1477,2026-08-03 07:51:38.272,1,3.0,2.0,-1.302800000001298,3.0,24.138311,17.361721,21.57874,2.436388000001898,6.0911919999998645,1,10,False,False,DEV,TARGET
1478,2026-08-03 07:52:16.004,1,0.0,0.0,3.6533799999997427,1.0,40.927239,25.375094,25.24352,2.9095200000010664,6.143260000000737,10,10,False,False,DEV,TARGET
1485,2026-08-03 07:55:36.664,1,3.0,2.0,-1.9686320000000705,3.0,25.830242,23.694255,24.279592,3.5164799999984098,6.024500000003172,1,1,False,False,DEV,TARGET
1486,2026-08-03 07:56:03.660,1,2.0,3.0,0.46884399999908055,4.0,41.829102,30.557959,27.695075,4.235176000001957,6.218431999997847,2,10,False,False,DEV,TARGET
1487,2026-08-03 07:56:20.072,1,1.0,4.0,3.1424320000005537,5.0,57.751788,40.799963,33.471898,5.385264000000461,6.574268000000302,10,10,False,True,DEV,TARGET
1489,2026-08-03 07:58:58.816,1,4.0,1.0,-0.6792679999998654,0.0,59.76902,45.944509,37.347315,6.282712000000174,7.029704000000493,0,0,False,True,DEV,TARGET
1490,2026-08-03 07:59:47.844,1,4.0,1.0,-0.08387600000060047,2.0,54.631371,44.348407,36.732069,6.679044000000431,7.268051999999443,1,1,False,True,DEV,STOP
1694,2026-08-03 11:00:29.428,1,0.0,5.0,0.9900640000014391,4.0,55.800665,56.431676,51.534462,12.164467999999033,13.751975999999559,0,0,False,True,DEV,TARGET
1699,2026-08-03 11:03:34.252,1,2.0,3.0,0.9636920000011742,4.0,44.57891,50.981934,49.109588,10.840799999998126,14.257964000000356,1,10,False,False,DEV,TARGET
1700,2026-08-03 11:04:03.352,1,3.0,2.0,1.9717600000003586,3.0,57.690178,55.010526,51.414432,11.248371999998199,14.506540000002133,10,10,False,True,DEV,TARGET
1701,2026-08-03 11:04:12.700,1,1.0,4.0,4.311367999998765,5.0,64.733742,58.539972,53.694043,12.051152000000002,14.884676000001491,10,10,True,True,DEV,TARGET
1702,2026-08-03 11:05:08.452,1,3.0,2.0,4.575508000001719,3.0,67.900198,60.904677,55.434568,12.838011999996525,15.294568000001163,10,10,True,True,DEV,TARGET
1704,2026-08-03 11:07:02.908,1,0.0,5.0,3.903704000000289,4.0,67.952748,62.289929,56.862855,13.7471000000005,16.00091600000087,0,0,True,True,DEV,STOP
1706,2026-08-03 11:08:59.860,1,2.0,3.0,-0.4780079999982263,2.0,58.656088,59.007902,55.225553,13.10404799999742,16.282756000000518,0,0,False,True,DEV,TARGET
1715,2026-08-03 11:15:20.356,1,4.0,1.0,-2.798532000000705,2.0,11.308123,29.259597,39.942829,5.6011839999991935,13.845264000003226,1,1,False,False,DEV,TARGET
1716,2026-08-03 11:16:07.624,1,1.0,4.0,0.6011399999988498,5.0,39.426929,37.068392,42.682512,6.177299999999377,13.824460000003455,2,8,False,False,DEV,STOP
1717,2026-08-03 11:17:18.116,1,5.0,0.0,0.13421999999991385,1.0,50.935961,42.249696,44.729978,6.621943999998621,13.803484000000026,9,9,False,True,DEV,STOP
1724,2026-08-03 11:21:59.240,1,5.0,0.0,-3.9861759999985225,1.0,-12.316247,2.793669,25.107353,1.3636079999996582,10.580551999999443,3,3,False,False,DEV,TARGET
1753,2026-08-03 11:42:06.040,1,1.0,4.0,1.9409359999990556,5.0,50.878237,18.576111,8.921279,0.7169600000015635,0.2617360000003828,3,10,False,False,DEV,TARGET
1754,2026-08-03 11:43:46.756,1,2.0,3.0,3.509620000000723,4.0,61.544693,32.177579,17.10225,2.215643999999884,0.7269319999977597,10,10,False,False,DEV,TARGET
1755,2026-08-03 11:44:47.192,1,2.0,3.0,4.72970400000122,4.0,67.36419,42.784844,24.964417,3.817540000000008,1.29898399999729,10,10,False,False,DEV,STOP
1762,2026-08-03 11:49:18.996,1,2.0,3.0,-0.6182279999993625,4.0,25.976903,23.91086,16.750515,3.7701359999991837,2.5023000000001048,1,4,False,False,DEV,TARGET
1763,2026-08-03 11:50:01.068,1,2.0,3.0,1.5191559999984747,4.0,50.04779,35.039285,23.410851,4.660600000002887,2.899779999999737,5,6,False,True,DEV,TARGET
1767,2026-08-03 11:53:25.816,1,1.0,4.0,0.21406800000113435,5.0,30.189077,28.93839,21.516125,4.732592000000295,3.554892000000109,1,2,False,False,DEV,TARGET
1775,2026-08-03 12:01:09.308,1,1.0,4.0,1.9335879999998724,5.0,46.021588,33.345302,25.666151,4.734432000001107,4.504167999999481,3,10,False,True,DEV,TARGET
1776,2026-08-03 12:01:20.468,1,0.0,5.0,5.059455999999045,6.0,63.333812,45.903207,33.855515,6.1951200000003155,5.048116000001755,10,10,False,True,DEV,TARGET
1777,2026-08-03 12:02:15.008,1,3.0,2.0,5.157355999999709,3.0,68.856786,52.911859,39.609272,7.556855999999243,5.635432000002766,10,10,True,True,DEV,TARGET
1778,2026-08-03 12:02:35.060,1,3.0,2.0,5.2334999999984575,3.0,70.974573,56.95093,43.590006,8.823576000002504,6.259247999998479,10,10,True,True,DEV,STOP
1790,2026-08-03 12:11:46.600,1,2.0,3.0,-1.034668000000238,4.0,8.000066,10.025142,17.580489,1.9845319999985804,5.717856000002939,3,4,False,False,DEV,STOP
1795,2026-08-03 12:16:28.060,1,2.0,3.0,-0.9726799999989453,4.0,19.507824,10.769657,16.188515,1.4524119999987306,4.923539999999775,3,3,False,False,DEV,TARGET
1800,2026-08-03 12:24:08.528,1,3.0,2.0,-1.8971160000000964,3.0,22.570658,15.624143,17.79343,2.070579999999609,4.656976000002032,1,1,False,False,DEV,TARGET
1801,2026-08-03 12:26:25.024,1,3.0,2.0,-0.25331200000073295,3.0,40.090972,23.938982,21.794289,2.772899999999936,4.807695999999851,2,10,False,False,DEV,STOP
1802,2026-08-03 12:28:02.888,1,4.0,1.0,0.2474240000010468,2.0,51.280479,31.872122,26.04709,3.5105960000000778,5.0074079999976675,10,10,False,True,DEV,STOP
1814,2026-08-03 12:36:16.896,1,4.0,1.0,-2.2282999999988533,2.0,12.592977,7.407687,12.262252,1.1015320000005886,3.8270319999974163,3,3,False,False,DEV,STOP
1825,2026-08-03 12:43:00.372,-1,0.0,0.0,1.8242199999986042,1.0,15.436976,27.715175,14.678884,4.971556000000419,0.6604880000013509,1,1,False,False,DEV,STOP
1826,2026-08-03 12:44:05.544,-1,0.0,0.0,0.6410600000017439,-1.0,19.947047,28.220454,15.526485,4.691051999998308,0.8709679999992659,0,0,False,False,DEV,NONE
1831,2026-08-03 12:46:47.032,-1,3.0,2.0,-1.6211919999987003,3.0,13.140368,19.002161,11.996478,3.3955839999980526,1.4649439999993774,1,4,False,False,DEV,STOP
1843,2026-08-03 12:50:49.144,-1,2.0,3.0,0.8919080000014219,4.0,40.802139,12.508072,7.00641,0.5336199999983364,0.6792920000007143,5,10,False,False,DEV,STOP
1851,2026-08-03 12:53:40.088,-1,0.0,5.0,1.1098280000005616,6.0,34.995521,7.666866,3.614653,0.06010799999785377,0.19602800000211573,5,6,False,False,DEV,TARGET
1854,2026-08-03 12:54:00.076,-1,2.0,3.0,1.5235560000000987,4.0,50.086749,25.245951,13.712458,2.2317479999983334,0.8786440000003495,1,10,False,False,DEV,TARGET
1855,2026-08-03 12:54:10.012,-1,1.0,4.0,3.962763999999879,5.0,62.150928,37.971588,22.016928,3.69211599999835,1.405188000000635,10,10,False,False,DEV,TARGET
1856,2026-08-03 12:54:30.020,-1,1.0,4.0,5.859928000001673,5.0,68.270803,47.501914,29.74878,5.382559999998193,2.070127999999386,10,10,False,True,DEV,TARGET
1858,2026-08-03 12:55:00.036,-1,3.0,2.0,0.532547999999224,1.0,64.98872,49.611617,33.212903,6.595892000001186,2.9675199999983306,0,0,False,True,DEV,TARGET
1860,2026-08-03 12:55:01.324,-1,1.0,4.0,-0.5296920000000682,3.0,50.52841,43.534972,30.125205,6.862403999999515,3.6386080000011134,0,0,False,True,DEV,TARGET
1863,2026-08-03 12:55:06.928,-1,2.0,3.0,0.6177160000006552,4.0,43.557196,41.185162,30.134088,7.0900679999977,4.522108000001026,1,10,False,False,DEV,TARGET
1865,2026-08-03 12:55:46.176,-1,0.0,0.0,1.4107159999985015,-1.0,43.147928,41.666315,31.454475,6.73235200000272,4.954959999999119,0,0,False,False,DEV,TARGET
1883,2026-08-03 12:59:45.012,-1,1.0,4.0,1.021732000001066,5.0,41.500205,20.031231,17.090949,1.9371519999986049,3.501295999998547,1,10,False,False,DEV,TARGET
1889,2026-08-03 12:59:59.176,-1,0.0,0.0,2.240303999999014,1.0,23.375121,18.85292,17.205951,2.6144039999999222,3.7241160000012314,1,1,False,False,DEV,TARGET
2586,2026-08-04 06:31:32.632,1,1.0,4.0,-0.2631279999986873,5.0,26.472888,36.931425,32.018835,7.002007999999478,6.879379999998491,1,9,False,False,DEV,TARGET
2587,2026-08-04 06:32:26.700,1,3.0,2.0,1.0175679999993008,3.0,48.443905,43.777488,36.186324,7.542199999999866,7.210716000001412,10,10,False,True,DEV,TARGET
2588,2026-08-04 06:32:26.700,1,0.0,5.0,4.3469960000002175,6.0,62.419651,51.449224,41.535879,8.64799199999834,7.725672000000486,10,10,True,True,DEV,TARGET
2590,2026-08-04 06:32:56.664,1,0.0,5.0,3.7654680000014196,4.0,67.526428,57.164786,46.708216,10.145487999998295,8.675092000001314,0,0,True,True,DEV,TARGET
2592,2026-08-04 06:33:31.144,1,1.0,4.0,1.426024000000325,3.0,62.825892,56.203591,46.945783,10.64741199999844,9.42756400000144,0,0,True,True,DEV,TARGET
2596,2026-08-04 06:35:01.444,1,1.0,4.0,0.3069480000012845,5.0,35.444721,46.052761,41.69924,9.44829199999731,10.112103999999817,1,2,False,False,DEV,TARGET
2598,2026-08-04 06:35:59.548,1,1.0,4.0,0.543708000001061,3.0,54.968969,51.632478,45.424423,9.705124000000069,10.58872799999881,0,0,False,True,DEV,TARGET
2599,2026-08-04 06:36:01.640,1,0.0,5.0,3.9784399999989546,6.0,60.620077,54.503003,47.538245,10.570488000001205,11.040099999998347,1,10,True,True,DEV,STOP
2600,2026-08-04 06:36:28.908,1,3.0,2.0,4.316564000000653,3.0,66.228428,58.15381,50.353129,11.428447999998752,11.52679999999964,10,10,True,True,DEV,STOP
2608,2026-08-04 06:38:00.500,1,3.0,2.0,-2.9607120000000577,3.0,-15.057923,12.99678,27.077075,3.5364079999999376,9.69173199999932,3,3,False,False,DEV,TARGET
2609,2026-08-04 06:38:10.900,1,1.0,4.0,0.4749999999985448,5.0,34.201634,28.02835,32.944687,4.254640000002837,9.74298799999815,4,6,False,False,DEV,STOP
2615,2026-08-04 06:39:54.008,1,3.0,2.0,-2.1079680000002554,3.0,-7.948656,3.112004,19.414682,1.4331559999991441,7.846916000002238,3,3,False,False,DEV,TARGET
2616,2026-08-04 06:40:01.812,1,2.0,3.0,0.36046799999894574,4.0,40.509387,21.637505,26.95593,2.2987040000007255,7.878732000001037,4,5,False,False,DEV,STOP
2618,2026-08-04 06:40:33.376,1,0.0,0.0,0.6501600000010512,-1.0,36.770402,23.455437,27.460419,2.3733639999991283,7.589511999998649,0,0,False,False,DEV,TARGET
2623,2026-08-04 06:41:07.024,1,1.0,4.0,2.1633599999986473,5.0,45.770566,24.688574,26.03593,2.717427999999927,6.798976000001858,4,10,False,False,DEV,TARGET
2624,2026-08-04 06:41:15.464,1,3.0,2.0,2.9048360000015236,3.0,61.424822,38.529041,33.118758,3.9454879999975674,7.057683999999426,10,10,False,True,DEV,STOP
2628,2026-08-04 06:42:38.056,1,3.0,2.0,-1.4393359999994573,3.0,26.203816,26.283929,27.354601,4.179987999999867,7.030692000000272,1,1,False,False,DEV,STOP
2698,2026-08-04 07:00:01.304,1,0.0,0.0,5.272924000000785,1.0,52.090317,35.469063,34.539367,4.41596799999752,8.758048000003328,10,10,False,True,DEV,TARGET
2700,2026-08-04 07:00:09.944,1,0.0,5.0,0.09102799999891431,4.0,50.876783,37.996075,35.935373,5.096848000001046,8.83753599999909,0,0,False,True,DEV,STOP
2706,2026-08-04 07:01:01.444,1,2.0,3.0,1.9080480000011448,4.0,48.970671,35.567514,34.035349,5.029736000000412,8.485807999997633,4,10,False,True,DEV,TARGET
2707,2026-08-04 07:01:01.464,1,0.0,5.0,5.039592000000994,6.0,64.312334,47.322222,40.631915,6.463167999998404,8.884612000001653,10,10,True,True,DEV,TARGET
2709,2026-08-04 07:01:06.620,1,2.0,3.0,0.20913600000130828,2.0,62.236947,49.523336,42.605786,7.213199999998324,9.242055999999138,0,0,True,True,DEV,TARGET
2712,2026-08-04 07:01:25.264,1,2.0,3.0,0.494832000000315,4.0,42.13777,41.399018,38.487924,7.282739999998739,9.501544000002468,1,3,False,False,DEV,TARGET
2713,2026-08-04 07:01:37.220,1,4.0,1.0,0.8293159999993804,2.0,53.880745,46.426081,41.398073,7.766051999999036,9.73162400000001,10,10,False,True,DEV,TARGET
2714,2026-08-04 07:02:00.032,1,2.0,3.0,2.6450240000012855,4.0,61.034168,50.97152,44.354177,8.542711999998573,10.0676080000012,10,10,True,True,DEV,TARGET
2715,2026-08-04 07:02:09.032,1,3.0,2.0,3.2794639999992796,3.0,64.234591,53.971664,46.587612,9.373255999998946,10.455356000002212,10,10,True,True,DEV,TARGET
2716,2026-08-04 07:02:24.164,1,3.0,2.0,3.7729160000017146,3.0,66.967424,56.859375,48.898971,10.227583999996568,10.887652000001253,10,10,True,True,DEV,TARGET
2717,2026-08-04 07:02:24.268,1,1.0,4.0,5.7122679999993125,5.0,69.284444,59.570143,51.230788,11.368192000001727,11.439532000000327,10,10,True,True,DEV,STOP
2725,2026-08-04 07:03:57.024,1,1.0,4.0,0.9374319999988074,5.0,37.157433,43.753599,43.138595,8.584979999999632,12.069788000000699,3,6,False,False,DEV,STOP
2731,2026-08-04 07:05:18.772,1,1.0,4.0,1.1928159999988566,5.0,40.486404,39.164982,40.447926,6.821748000002117,11.588747999998304,3,4,False,False,DEV,TARGET
2732,2026-08-04 07:05:19.428,1,1.0,4.0,3.705524000000878,5.0,59.54922,48.309019,45.059664,7.867876000000251,11.868995999997423,10,10,False,True,DEV,TARGET
2734,2026-08-04 07:05:28.380,1,2.0,3.0,0.6119839999992109,2.0,61.73956,51.998654,47.488391,8.562939999999799,12.155792000001384,0,0,True,True,DEV,TARGET
2737,2026-08-04 07:06:08.092,1,3.0,2.0,0.5115360000017972,3.0,45.943315,45.996699,44.525192,8.55715599999894,12.3113400000002,1,3,False,True,DEV,TARGET
2738,2026-08-04 07:06:28.284,1,2.0,3.0,2.3978600000009465,4.0,58.292029,51.248591,47.433839,9.225335999999515,12.565459999997984,10,10,False,True,DEV,TARGET
2740,2026-08-04 07:06:55.488,1,1.0,4.0,-0.6111679999994521,3.0,53.957469,50.384795,47.254252,9.05544000000009,12.689895999999862,0,0,False,True,DEV,TARGET
2741,2026-08-04 07:07:18.384,1,4.0,1.0,-0.030908000000636093,2.0,48.815735,48.696975,46.467868,9.239639999999781,12.822132000001147,1,1,False,True,DEV,TARGET
2744,2026-08-04 07:08:46.024,1,3.0,2.0,-1.135256000001391,3.0,35.047698,43.773426,44.149984,8.469759999999951,12.784080000001268,1,1,False,False,DEV,TARGET
2752,2026-08-04 07:12:30.564,1,3.0,2.0,-1.2644360000012966,3.0,29.150741,31.104627,36.740265,5.160572000000684,11.265751999999338,1,1,False,False,DEV,TARGET
2753,2026-08-04 07:13:04.536,1,1.0,4.0,1.7943279999999504,5.0,49.589237,39.41157,40.295158,5.990116000000853,11.39070399999764,7,10,False,True,DEV,TARGET
2754,2026-08-04 07:14:06.004,1,2.0,3.0,3.3955879999994067,4.0,60.978158,47.096801,44.172601,7.046099999999569,11.628552000001946,10,10,True,True,DEV,TARGET
2755,2026-08-04 07:14:56.764,1,4.0,1.0,3.0854599999984202,2.0,65.718887,52.071959,47.128952,7.9608920000027865,11.883875999999873,10,10,True,True,DEV,TARGET
2756,2026-08-04 07:15:13.168,1,1.0,4.0,5.17757999999958,5.0,68.502069,55.844797,49.690571,9.185064000001148,12.27620399999796,10,10,True,True,DEV,TARGET
2757,2026-08-04 07:15:26.488,1,2.0,3.0,6.027003999999579,4.0,70.278075,58.771614,51.921448,10.466628000001947,12.747611999999208,10,10,True,True,DEV,STOP
2763,2026-08-04 07:17:25.836,1,1.0,4.0,2.208520000000135,5.0,50.995139,50.490729,47.931984,10.008559999998397,13.396224000000075,1,10,False,True,DEV,TARGET
2764,2026-08-04 07:17:42.084,1,2.0,3.0,3.7177359999986948,4.0,62.527947,55.63444,50.989844,10.801976000002469,13.736207999998442,10,10,True,True,DEV,TARGET
2766,2026-08-04 07:18:34.692,1,1.0,4.0,2.607027999998536,3.0,65.560929,58.707529,53.350328,11.674456000000646,14.299623999999312,0,0,True,True,DEV,TARGET
2768,2026-08-04 07:19:08.560,1,0.0,5.0,0.8980760000013106,4.0,58.431197,56.295158,52.281869,11.562571999998909,14.612108000001172,0,0,False,True,DEV,TARGET
2769,2026-08-04 07:19:23.068,1,0.0,0.0,5.365172000001621,1.0,54.730608,55.083042,51.748831,11.618623999998817,14.791991999998572,1,1,False,True,DEV,STOP
2798,2026-08-04 07:24:30.400,-1,2.0,3.0,-0.22690000000147847,4.0,28.315421,30.755055,15.990483,5.285944000002928,0.5762359999971522,3,4,False,False,DEV,TARGET
2799,2026-08-04 07:24:36.316,-1,3.0,2.0,1.0457439999991038,3.0,50.976796,40.056644,22.739465,5.968575999999302,1.0862440000018978,5,5,False,False,DEV,STOP
2807,2026-08-04 07:27:02.292,1,3.0,2.0,-1.7092679999987013,1.0,54.417564,30.509795,15.750007,2.344067999998515,0.37329200000021956,0,0,False,False,DEV,TARGET
2809,2026-08-04 07:27:43.808,1,3.0,2.0,-2.8364680000013323,1.0,34.572192,23.136822,12.580976,2.679363999999623,0.7408920000016224,0,0,False,False,DEV,TARGET
2810,2026-08-04 07:28:01.116,1,4.0,1.0,-1.7616999999991094,2.0,34.377754,24.058163,13.526588,3.0571639999980107,0.9909200000001874,1,1,False,False,DEV,STOP
2819,2026-08-04 07:30:11.740,-1,4.0,1.0,0.3588159999999334,2.0,47.69107,24.824912,12.168754,2.330915999998979,0.29042800000024727,3,3,False,False,DEV,TARGET
2820,2026-08-04 07:30:31.720,-1,2.0,3.0,2.279075999998895,4.0,59.076345,35.713057,19.339613,3.4754759999996168,0.7558000000026368,10,10,False,False,DEV,TARGET
2822,2026-08-04 07:30:48.180,-1,3.0,2.0,-1.028708000001643,1.0,55.637337,38.189509,22.461999,4.35856000000058,1.4099999999998545,0,0,False,False,DEV,TARGET
2823,2026-08-04 07:30:57.348,-1,3.0,2.0,0.4221160000015516,3.0,52.123701,37.848251,22.946211,5.001347999997961,1.8167839999987336,1,1,False,True,DEV,TARGET
2824,2026-08-04 07:30:58.148,-1,2.0,3.0,2.3283120000014605,4.0,57.874234,42.867481,27.08247,5.9412759999977425,2.333787999999913,2,10,False,True,DEV,STOP
2826,2026-08-04 07:31:06.100,-1,1.0,4.0,-0.6532440000009956,3.0,53.642052,43.205059,28.763028,6.259024000002682,2.987723999998707,0,0,False,True,DEV,STOP
2839,2026-08-04 07:33:59.400,1,3.0,2.0,0.8551279999992403,3.0,49.294252,42.288688,25.507635,6.885236000001896,1.7252279999993334,1,2,False,True,DEV,TARGET
2840,2026-08-04 07:34:49.544,1,2.0,3.0,2.665099999998347,4.0,59.810281,48.496039,31.057134,7.736036000002059,2.3403159999979835,3,10,False,True,DEV,TARGET
2842,2026-08-04 07:35:03.484,1,0.0,5.0,0.32827199999883305,4.0,56.467119,48.663497,32.8575,8.001648000001296,3.1980399999993097,0,0,False,True,DEV,TARGET
2844,2026-08-04 07:36:49.644,1,4.0,1.0,-1.7767239999993762,0.0,50.407619,46.906506,32.963454,8.059167999999772,3.9746239999985846,0,0,False,True,DEV,STOP
2849,2026-08-04 07:37:55.576,1,1.0,4.0,1.4311080000006768,5.0,40.291993,38.028187,28.833266,6.546519999999873,4.840744000000996,3,5,False,False,DEV,TARGET
2851,2026-08-04 07:38:19.736,1,1.0,4.0,-0.5910560000011174,3.0,52.142889,44.039372,33.482828,6.796120000002702,5.356223999999202,0,0,False,True,DEV,TARGET
2852,2026-08-04 07:38:19.736,1,0.0,5.0,3.095843999999488,6.0,55.316797,46.387811,35.524811,7.73281599999973,5.8478720000020985,1,10,False,True,DEV,TARGET
2853,2026-08-04 07:38:19.736,1,0.0,5.0,5.9634359999981825,6.0,65.895612,53.787145,41.413168,9.118932000001223,6.508808000002318,10,10,True,True,DEV,TARGET
2854,2026-08-04 07:38:19.736,1,0.0,5.0,8.193783999999141,6.0,71.967315,60.062595,47.274753,10.80199200000061,7.317316000000574,10,10,True,True,DEV,TARGET
2856,2026-08-04 07:38:19.756,1,4.0,1.0,1.771548000000621,0.0,69.886462,61.236132,49.656762,11.845676000000822,8.441879999998491,0,0,True,True,DEV,TARGET
2857,2026-08-04 07:38:19.840,1,0.0,0.0,6.044536000001244,1.0,63.993884,58.77097,48.191734,12.003311999997095,8.910900000002584,1,1,True,True,DEV,TARGET
2858,2026-08-04 07:38:20.032,1,1.0,4.0,2.034640000001673,3.0,62.123489,58.377252,48.40574,12.329379999999219,9.419875999999931,0,0,True,True,DEV,TARGET
2859,2026-08-04 07:38:20.468,1,5.0,0.0,1.2491640000007465,1.0,61.487256,58.430895,48.93498,12.485735999998724,9.881000000001222,1,1,True,True,DEV,STOP
2864,2026-08-04 07:38:21.252,1,0.0,5.0,0.21141200000056415,6.0,14.994054,42.149101,40.239207,9.397624000001088,10.499987999999576,1,2,False,False,DEV,STOP
2889,2026-08-04 07:42:25.084,1,2.0,3.0,0.6805359999998473,4.0,46.927891,17.245396,14.64036,0.7621040000012727,2.9564639999989595,4,10,False,False,DEV,TARGET
2890,2026-08-04 07:42:47.812,1,3.0,2.0,1.7515280000006896,3.0,56.285756,27.725811,20.235676,1.935699999998178,3.225636000002851,10,10,False,False,DEV,TARGET
2891,2026-08-04 07:43:36.808,1,4.0,1.0,1.8067440000013448,2.0,61.37553,35.887228,25.259168,3.0255039999974542,3.535012000000279,10,10,False,True,DEV,TARGET
2892,2026-08-04 07:43:46.500,1,2.0,3.0,3.405244000001403,4.0,64.449145,42.165765,29.725084,4.320423999997729,3.9605240000018966,10,10,False,True,DEV,TARGET
2893,2026-08-04 07:44:23.800,1,2.0,3.0,4.6485240000001795,4.0,67.102918,47.722956,34.1882,5.7390919999998005,4.487352000000101,10,10,False,True,DEV,TARGET
2894,2026-08-04 07:44:59.916,1,3.0,2.0,4.83773999999903,3.0,69.37072,52.542191,38.535568,7.0788680000005115,5.061303999998927,10,10,False,True,DEV,NONE
2898,2026-08-04 07:46:18.956,1,5.0,0.0,-1.9962799999993877,1.0,31.937724,39.279289,31.947203,7.1858959999990475,6.094863999998779,1,1,False,False,DEV,TARGET
2902,2026-08-04 07:48:03.000,1,2.0,3.0,-0.40878800000064075,4.0,25.199853,33.099427,29.273884,6.067603999999847,6.42297999999937,1,6,False,False,DEV,TARGET
2905,2026-08-04 07:48:59.752,1,4.0,1.0,-1.956399999999121,2.0,27.287846,32.901193,29.707468,5.6743399999977555,6.652168000000529,1,1,False,False,DEV,TARGET
2906,2026-08-04 07:49:50.956,1,2.0,3.0,0.4783559999996214,4.0,44.822544,38.956759,33.135009,6.222148000000743,6.909992000000784,2,10,False,False,DEV,TARGET
2907,2026-08-04 07:50:15.316,1,1.0,4.0,3.149831999999151,5.0,57.797015,46.045731,37.630611,7.214631999999256,7.32013200000074,10,10,False,True,DEV,STOP
2921,2026-08-04 07:56:10.472,1,2.0,3.0,0.3693999999995867,4.0,37.324654,27.75582,27.097807,3.9634040000019013,6.59860800000024,1,10,False,False,DEV,TARGET
2923,2026-08-04 07:57:09.244,1,1.0,4.0,-0.6283880000009958,3.0,49.655397,35.977987,31.510296,4.5948759999992035,6.776044000002003,0,0,False,True,DEV,TARGET
2924,2026-08-04 07:57:39.788,1,2.0,3.0,1.5112520000002405,4.0,52.132231,38.702146,33.199386,5.417915999998513,7.039144000002125,1,10,False,True,DEV,TARGET
2926,2026-08-04 07:58:03.960,1,2.0,3.0,-1.9252919999998994,2.0,47.699531,38.836834,33.73783,5.476539999999659,7.187667999998666,0,0,False,True,DEV,TARGET
2927,2026-08-04 07:58:18.860,1,2.0,3.0,0.5025520000017423,4.0,45.082978,38.449808,33.735958,6.0445959999997285,7.417691999999079,1,10,False,True,DEV,TARGET
2928,2026-08-04 07:59:01.968,1,3.0,2.0,1.6130960000009509,3.0,55.346684,44.141889,37.208751,6.770280000000639,7.720099999998638,10,10,False,True,DEV,TARGET
2929,2026-08-04 07:59:12.488,1,2.0,3.0,3.2546279999987746,4.0,62.730845,49.867705,41.13062,7.738076000001456,8.126319999999396,10,10,True,True,DEV,TARGET
3275,2026-08-04 11:00:00.292,-1,1.0,4.0,4.731776000000536,5.0,63.328383,39.399903,21.547391,3.9669399999984307,0.7779440000012983,10,10,False,False,DEV,TARGET
3277,2026-08-04 11:00:16.216,-1,2.0,3.0,0.6278639999982261,2.0,62.986565,44.947576,27.35096,5.267528000000311,1.6203560000030848,0,0,False,True,DEV,TARGET
3278,2026-08-04 11:00:24.200,-1,2.0,3.0,2.48833999999988,4.0,60.224239,44.951773,28.200037,6.215420000000449,2.164312000000791,1,10,False,True,DEV,TARGET
3279,2026-08-04 11:00:32.004,-1,1.0,4.0,4.713152000000264,5.0,65.300687,50.469586,33.383271,7.494308000001183,2.8422559999999066,10,10,False,True,DEV,TARGET
3280,2026-08-04 11:00:38.120,-1,1.0,4.0,6.443564000001061,5.0,69.869317,56.100345,39.218732,8.987300000000687,3.6365119999973103,10,10,True,True,DEV,TARGET
3281,2026-08-04 11:00:49.780,-1,3.0,2.0,6.233884000001126,3.0,72.038958,59.765415,43.653055,10.322511999998824,4.449511999999231,10,10,True,True,DEV,STOP
3284,2026-08-04 11:01:08.712,-1,3.0,2.0,-2.902303999999276,1.0,46.271399,50.505978,38.304815,9.818631999998615,5.719916000001831,0,0,False,True,DEV,STOP
3301,2026-08-04 11:04:17.500,-1,2.0,3.0,0.21132399999987683,4.0,38.604444,10.37662,9.283583,0.19347600000037346,2.014176000000589,1,10,False,False,DEV,TARGET
3302,2026-08-04 11:04:26.876,-1,3.0,2.0,1.386583999999857,3.0,53.707957,23.515314,16.054271,1.3458319999990636,2.2779719999998633,10,10,False,False,DEV,TARGET
3303,2026-08-04 11:04:30.536,-1,1.0,4.0,3.856231999998272,5.0,62.826597,35.765953,23.429418,2.857588000002579,2.7079239999984566,10,10,False,True,DEV,STOP
3304,2026-08-04 11:04:45.436,-1,4.0,1.0,3.4437360000010813,2.0,66.092793,42.903184,28.681891,4.17297999999937,3.1610399999990477,10,10,False,True,DEV,STOP
3326,2026-08-04 11:10:17.400,1,3.0,2.0,0.3253519999998389,3.0,46.63807,32.75679,18.440755,4.299387999999453,1.1401399999995192,1,10,False,False,DEV,STOP
3338,2026-08-04 11:13:43.660,1,3.0,2.0,-2.314620000001014,3.0,-1.527682,2.696651,4.457274,0.951176000002306,1.4374839999982214,1,3,False,False,DEV,TARGET
3339,2026-08-04 11:14:07.836,1,3.0,2.0,-0.5780359999989741,3.0,35.753807,17.223377,11.618853,1.6836679999978514,1.6517760000024282,6,8,False,False,DEV,TARGET
3342,2026-08-04 11:14:32.040,1,1.0,4.0,1.5071800000005169,5.0,44.174584,26.264822,17.198899,3.1180480000002717,2.203588000000309,1,10,False,False,DEV,TARGET
3343,2026-08-04 11:14:56.184,1,2.0,3.0,3.1722520000002987,4.0,59.806896,38.682732,25.047947,4.362959999998566,2.672868000001472,10,10,False,True,DEV,TARGET
3344,2026-08-04 11:15:10.536,1,2.0,3.0,4.467304000001604,4.0,66.498601,47.288954,31.754813,5.745087999999669,3.2424279999977443,10,10,False,True,DEV,STOP
3347,2026-08-04 11:17:06.472,1,4.0,1.0,-3.301392000001215,0.0,42.703884,39.388976,28.520498,6.050524000002042,4.075431999997818,0,0,False,False,DEV,TARGET
3355,2026-08-04 11:20:59.904,1,0.0,5.0,1.0181239999983518,6.0,33.651364,26.212658,21.621845,3.927724000001035,4.259143999999651,1,8,False,False,DEV,STOP
3360,2026-08-04 11:22:37.928,1,1.0,4.0,-0.8653039999990142,5.0,10.029806,16.759093,17.319859,3.154451999998855,4.274040000000241,1,2,False,False,DEV,TARGET
3361,2026-08-04 11:22:44.472,1,1.0,4.0,2.1047639999997045,5.0,47.739877,31.952387,25.152449,4.201251999998931,4.607636000000639,4,10,False,True,DEV,STOP
3363,2026-08-04 11:23:11.112,1,3.0,2.0,-1.7390919999998005,1.0,52.244528,37.941592,29.273951,4.689303999999538,4.931248000000778,0,0,False,True,DEV,STOP
3373,2026-08-04 11:29:16.692,1,1.0,4.0,-0.8604080000004615,5.0,15.319702,5.182755,10.179552,0.6223439999994298,3.3689240000021528,2,5,False,False,DEV,TARGET
3374,2026-08-04 11:30:03.036,1,2.0,3.0,1.3307959999983723,4.0,45.787623,20.645441,17.552646,1.7301840000000084,3.5941600000005565,8,9,False,False,DEV,STOP
3376,2026-08-04 11:32:13.224,1,3.0,2.0,-1.6023600000007718,1.0,51.280129,29.710832,22.739422,2.652376000001823,3.8234919999995327,0,0,False,False,DEV,STOP
3391,2026-08-04 11:40:16.704,-1,5.0,0.0,2.0796960000006948,1.0,64.074699,46.353805,25.652845,5.849163999999291,0.3035280000003695,10,10,False,False,DEV,TARGET
3392,2026-08-04 11:40:25.776,-1,0.0,5.0,5.173095999998623,6.0,67.504806,51.515489,31.182813,7.241455999999744,1.0636240000021644,10,10,False,False,DEV,STOP
3395,2026-08-04 11:41:26.052,-1,1.0,4.0,0.43946800000048825,3.0,57.634978,49.923147,32.896578,8.409543999998277,2.6886320000012347,0,0,False,True,DEV,STOP
3400,2026-08-04 11:42:58.348,-1,2.0,3.0,1.6509039999982633,4.0,46.47119,42.156795,29.810555,7.295588000000862,4.066640000000916,3,6,False,True,DEV,TARGET
3401,2026-08-04 11:43:31.520,-1,3.0,2.0,2.506256000000576,3.0,60.696785,49.710758,35.769584,8.084515999998985,4.598315999999613,10,10,False,True,DEV,STOP
3417,2026-08-04 11:50:12.044,1,5.0,0.0,-3.054471999999805,-1.0,46.198468,37.56522,19.38254,5.228640000001178,0.1294839999973192,0,0,False,False,DEV,TARGET
3418,2026-08-04 11:51:04.072,1,1.0,4.0,0.40207599999848753,5.0,45.936549,38.224185,20.66809,5.798160000002099,0.6209200000012061,1,1,False,False,DEV,STOP
3438,2026-08-04 12:00:01.004,1,2.0,3.0,-1.6827400000001944,4.0,10.378746,2.939053,3.327293,0.390663999998651,0.9130240000013146,1,10,False,False,DEV,TARGET
3439,2026-08-04 12:00:05.960,1,2.0,3.0,0.6912039999988338,4.0,41.450667,17.427103,10.568539,1.4000880000021425,1.191579999998794,10,10,False,False,DEV,TARGET
3443,2026-08-04 12:00:34.316,1,1.0,4.0,0.41145999999935157,5.0,29.273524,17.782218,11.773919,2.3903600000012375,1.6485759999995935,1,2,False,False,DEV,TARGET
3444,2026-08-04 12:00:42.352,1,2.0,3.0,2.320024000000558,4.0,54.442163,32.689564,20.314379,3.5376519999990705,2.065252000000328,10,10,False,True,DEV,TARGET
3445,2026-08-04 12:01:00.936,1,1.0,4.0,4.582239999999729,5.0,64.800084,43.941758,28.310706,5.006819999998697,2.6310080000002927,10,10,False,True,DEV,TARGET
3446,2026-08-04 12:01:05.044,1,1.0,4.0,6.341744000001199,5.0,69.606864,51.561845,35.013825,6.680191999999806,3.326755999998568,10,10,False,True,DEV,TARGET
3447,2026-08-04 12:01:33.108,1,2.0,3.0,6.932467999999062,4.0,72.277577,56.874369,40.566849,8.327712000002066,4.094447999999829,10,10,True,True,DEV,TARGET
3448,2026-08-04 12:02:06.900,1,2.0,3.0,7.391919999998208,4.0,73.59573,60.347444,44.783253,9.927448000002187,4.923311999998987,10,10,True,True,DEV,TARGET
3450,2026-08-04 12:02:52.448,1,1.0,4.0,2.4099239999995916,3.0,68.257815,59.009272,45.16002,10.855588000002172,6.0723119999966,0,0,True,True,DEV,TARGET
3451,2026-08-04 12:03:42.048,1,3.0,2.0,3.096607999999833,3.0,64.520085,57.752085,44.778845,11.467663999999786,6.701479999999719,1,10,True,True,DEV,STOP
3453,2026-08-04 12:05:07.060,1,3.0,2.0,-0.5341520000001765,1.0,58.751177,56.186794,44.781116,11.320552000001044,7.5742559999998775,0,0,False,True,DEV,STOP
3462,2026-08-04 12:08:59.644,1,2.0,3.0,-1.5409440000003087,4.0,8.031634,27.586692,29.28019,5.528064000001905,7.777991999999358,1,2,False,False,DEV,TARGET
3463,2026-08-04 12:09:37.528,1,2.0,3.0,0.8014880000009725,4.0,42.755307,37.74079,34.314363,6.146663999999873,8.002639999998792,3,8,False,False,DEV,STOP
3469,2026-08-04 12:15:08.280,1,1.0,4.0,-0.45791599999938626,5.0,13.194427,23.440154,27.221623,4.45090799999889,7.6558919999988575,1,3,False,False,DEV,TARGET
3473,2026-08-04 12:16:45.496,1,1.0,4.0,-0.2480519999990065,5.0,22.215534,25.007087,27.566248,4.282231999997748,7.474124000000302,1,2,False,False,DEV,STOP
3477,2026-08-04 12:21:56.160,1,0.0,0.0,2.1881480000010924,1.0,17.610454,23.574411,26.672947,3.9742239999977755,7.269911999999749,1,1,False,False,DEV,STOP
3495,2026-08-04 12:29:43.980,-1,0.0,5.0,3.301744000000326,4.0,65.97512,54.077159,33.673189,8.821983999998338,1.1636920000019018,0,0,False,False,DEV,STOP
3497,2026-08-04 12:30:10.224,-1,2.0,3.0,-0.8421559999987949,2.0,56.40271,50.696483,32.666182,8.790079999998852,2.162452000000485,0,0,False,True,DEV,STOP
3513,2026-08-04 12:35:42.600,-1,4.0,1.0,-1.4449119999990216,2.0,22.880994,9.890086,8.804109,1.0920879999976023,1.9036159999996016,7,7,False,False,DEV,STOP
3522,2026-08-04 12:39:32.584,1,0.0,5.0,1.6866079999999783,4.0,62.527763,43.052554,23.810556,4.810900000000402,0.5368759999983013,0,0,False,False,DEV,TARGET
3525,2026-08-04 12:41:03.680,1,3.0,2.0,0.41221999999834225,3.0,47.504061,38.191993,22.733139,5.725200000000768,1.639999999999418,1,10,False,True,DEV,TARGET
3526,2026-08-04 12:41:24.380,1,2.0,3.0,2.320616000000882,4.0,57.827377,44.72444,28.069967,6.605808000000252,2.1930560000000696,10,10,False,True,DEV,TARGET
3528,2026-08-04 12:42:56.860,1,1.0,4.0,-0.05296000000089407,3.0,56.104212,46.208429,30.744012,7.061088000002201,2.9849039999971865,0,0,False,True,DEV,TARGET
3530,2026-08-04 12:43:46.932,1,4.0,1.0,-3.8221640000010666,0.0,36.037635,38.982475,27.084395,6.446643999999651,3.4463640000030864,0,0,False,False,DEV,TARGET
3531,2026-08-04 12:43:52.392,1,1.0,4.0,-0.19501600000148755,5.0,35.527509,38.585276,27.360291,6.809536000000662,3.826096000000689,1,1,False,False,DEV,TARGET
3532,2026-08-04 12:43:59.292,1,1.0,4.0,2.6261000000013155,5.0,52.347923,45.020218,32.124619,7.659260000000359,4.353663999998389,10,10,False,True,DEV,TARGET
3533,2026-08-04 12:44:14.112,1,2.0,3.0,4.042519999999058,4.0,63.942645,52.302872,38.177292,8.700007999999798,4.969476000002032,10,10,False,True,DEV,TARGET
3537,2026-08-04 12:46:02.296,1,2.0,3.0,0.01617199999964214,4.0,39.367125,44.491741,35.104843,8.519712000001164,6.255067999998573,1,2,False,False,DEV,TARGET
3538,2026-08-04 12:46:23.004,1,2.0,3.0,2.0125760000009905,4.0,54.049146,49.491249,38.871968,9.12043999999878,6.724959999999555,3,10,False,True,DEV,STOP
3558,2026-08-04 12:50:16.416,-1,0.0,5.0,1.748115999998845,4.0,61.621109,46.860516,25.625634,6.458356000002823,0.05136399999901187,0,0,False,False,DEV,TARGET
3559,2026-08-04 12:50:21.256,-1,4.0,1.0,1.8040919999984908,2.0,60.056954,47.42496,27.164488,7.185864000002766,0.6695359999976063,1,10,False,False,DEV,TARGET
3560,2026-08-04 12:50:30.808,-1,5.0,0.0,1.0698479999991832,1.0,61.848222,49.911792,30.307431,7.720907999999326,1.254636000001483,10,10,False,False,DEV,TARGET
3562,2026-08-04 12:50:46.480,-1,1.0,4.0,-0.8096000000005006,3.0,50.301331,45.908295,28.927339,7.702895999998873,2.1082360000000335,0,0,False,True,DEV,TARGET
3563,2026-08-04 12:51:05.924,-1,2.0,3.0,1.3703119999991031,4.0,50.960967,46.568544,30.253615,8.25152000000162,2.6737599999978556,1,10,False,True,DEV,TARGET
3568,2026-08-04 12:52:17.360,-1,5.0,0.0,-0.970976000000519,1.0,42.387766,43.553907,31.447257,7.869032000002335,4.4229359999990265,1,1,False,False,DEV,STOP
3572,2026-08-04 12:53:20.104,-1,3.0,2.0,-2.827816000000894,3.0,-7.065399,25.110092,22.298546,5.608080000001792,4.788035999998101,1,2,False,False,DEV,TARGET
3573,2026-08-04 12:53:33.180,-1,2.0,3.0,-0.1994120000017574,4.0,32.795317,34.908251,27.687651,6.037256000003254,5.080719999998109,3,3,False,False,DEV,TARGET
3574,2026-08-04 12:53:50.684,-1,2.0,3.0,1.8449000000000524,4.0,52.76892,43.086182,32.94121,6.805916000001162,5.4866279999987455,10,10,False,True,DEV,TARGET
3575,2026-08-04 12:54:08.616,-1,3.0,2.0,2.6571440000006987,3.0,61.455255,49.085417,37.464058,7.661607999998523,5.950555999999779,10,10,False,True,DEV,TARGET
3576,2026-08-04 12:54:16.924,-1,3.0,2.0,3.2888920000004873,3.0,65.264028,53.02391,40.925209,8.564360000000306,6.464319999999134,10,10,True,True,DEV,TARGET
3578,2026-08-04 12:54:40.120,-1,1.0,4.0,2.3476000000009662,3.0,64.570307,55.060952,43.654966,9.67699200000061,7.382359999999608,0,0,True,True,DEV,TARGET
3579,2026-08-04 12:55:17.188,-1,1.0,4.0,4.603687999999238,5.0,65.831728,56.835162,45.603099,10.658935999999812,7.991116000001057,1,10,True,True,DEV,TARGET
3580,2026-08-04 12:55:17.188,-1,0.0,5.0,7.136203999998543,6.0,70.151436,60.688284,49.339586,12.025412000002689,8.7488400000002,10,10,True,True,DEV,TARGET
3582,2026-08-04 12:55:37.664,-1,0.0,5.0,5.45276400000148,4.0,71.849008,63.931282,53.340467,13.67762799999764,10.092599999999948,0,0,True,True,DEV,TARGET
3583,2026-08-04 12:55:46.456,-1,2.0,3.0,6.241040000000794,4.0,71.362708,64.47174,54.374409,14.638919999997597,10.844092000003002,1,10,True,True,DEV,TARGET
3585,2026-08-04 12:56:05.004,-1,0.0,5.0,3.096431999998458,4.0,67.813783,63.75521,54.775827,14.949164000001474,11.928432000000612,0,0,True,True,DEV,TARGET
3586,2026-08-04 12:56:12.568,-1,2.0,3.0,4.408336000000418,4.0,66.295411,63.427344,54.962092,15.473611999997956,12.563688000002003,1,10,True,True,DEV,TARGET
3588,2026-08-04 12:56:29.584,-1,3.0,2.0,0.8643000000010943,1.0,64.294934,63.094495,55.5307,15.269383999999263,13.470303999998578,0,0,True,True,DEV,TARGET
3589,2026-08-04 12:56:39.696,-1,4.0,1.0,1.116679999999178,2.0,60.449788,61.816989,54.953795,15.166307999999844,13.885548000002018,1,1,True,True,DEV,STOP
3591,2026-08-04 12:57:11.356,-1,1.0,4.0,-0.7812679999988177,3.0,50.548468,58.517752,53.312549,14.015987999999197,14.342619999999442,0,0,False,True,DEV,STOP
3615,2026-08-04 12:59:41.672,-1,2.0,3.0,1.8249920000016573,4.0,56.291879,20.108298,16.605331,0.2055079999990994,3.238652000000002,1,10,False,False,DEV,TARGET
3616,2026-08-04 12:59:44.036,-1,3.0,2.0,2.6416600000011385,3.0,61.379078,29.97735,22.006916,1.5864000000001397,3.520731999997224,10,10,False,False,DEV,TARGET
3618,2026-08-04 12:59:48.284,-1,0.0,5.0,2.1289040000010573,4.0,62.225236,38.499555,27.783663,3.515323999999964,4.044296000000031,0,0,False,True,DEV,TARGET
3619,2026-08-04 12:59:50.640,-1,2.0,3.0,3.6558159999985946,4.0,63.380777,42.566108,30.867492,4.816876000000775,4.482948000000761,1,10,False,True,DEV,TARGET
3620,2026-08-04 12:59:51.712,-1,1.0,4.0,5.621188000000984,5.0,68.315339,49.997458,36.657068,6.3736879999996745,5.060543999999936,10,10,False,True,DEV,TARGET
3621,2026-08-04 12:59:52.636,-1,2.0,3.0,6.372036000000662,4.0,71.089145,55.277664,41.507605,7.943247999999585,5.718356000001222,10,10,True,True,DEV,TARGET
3622,2026-08-04 12:59:55.168,-1,2.0,3.0,6.956028000000515,4.0,72.813939,59.15026,45.572662,9.494036000000051,6.444999999999709,10,10,True,True,DEV,TARGET
3624,2026-08-04 12:59:58.820,-1,4.0,1.0,2.232660000001488,-0.0,69.767195,59.82625,47.583532,10.922671999996965,7.5947840000008,0,0,True,True,DEV,TARGET
3625,2026-08-04 12:59:59.248,-1,2.0,3.0,3.736511999999493,4.0,67.435144,59.372428,47.826541,11.646396000000095,8.200536000000284,1,1,True,True,DEV,STOP
4488,2026-08-05 06:31:01.016,1,1.0,4.0,-0.13190799999938463,5.0,32.718823,30.557035,32.472072,4.862303999998403,8.827948000001925,2,5,False,False,DEV,TARGET
4489,2026-08-05 06:31:02.272,1,1.0,4.0,2.6751839999997173,5.0,52.738103,39.912112,37.060824,5.876779999998689,9.082519999999931,6,10,False,True,DEV,TARGET
4490,2026-08-05 06:31:06.756,1,4.0,1.0,2.5251439999992726,2.0,62.380979,47.454495,41.427309,6.78266000000076,9.360624000000826,10,10,True,True,DEV,TARGET
4491,2026-08-05 06:31:15.872,1,1.0,4.0,4.741775999998936,5.0,67.170128,52.903488,45.134965,8.021404000002804,9.780995999997685,10,10,True,True,DEV,TARGET
4492,2026-08-05 06:31:19.900,1,1.0,4.0,6.465828000000329,5.0,69.925842,56.944631,48.295151,9.476299999998446,10.325804000000062,10,10,True,True,DEV,STOP
4507,2026-08-05 06:32:55.532,-1,4.0,1.0,-2.6891280000018014,-0.0,53.32954,55.361968,34.944092,11.438736000000063,1.089296000001923,0,0,False,False,DEV,STOP
4515,2026-08-05 06:33:33.032,-1,1.0,4.0,0.2548080000015034,5.0,17.292784,14.96312,9.292413,2.594595999999001,1.186811999999918,4,5,False,False,DEV,STOP
4527,2026-08-05 06:34:54.128,1,1.0,4.0,1.4935719999994035,5.0,49.162206,28.21192,13.757813,2.9735880000007455,0.1995920000008482,1,10,False,False,DEV,TARGET
4528,2026-08-05 06:35:55.316,1,1.0,4.0,3.9394480000009935,5.0,60.792677,39.129945,21.410346,4.370339999997668,0.7817960000029416,10,10,False,False,DEV,TARGET
4529,2026-08-05 06:35:55.316,1,0.0,5.0,6.619567999998253,6.0,68.787129,49.603203,30.365087,6.145436000002519,1.5386760000001232,10,10,False,True,DEV,STOP
4540,2026-08-05 06:36:31.080,-1,3.0,2.0,5.8537040000010165,3.0,71.228075,49.610141,28.378024,4.998788000000786,0.4168599999975413,10,10,False,False,DEV,TARGET
4541,2026-08-05 06:36:35.616,-1,3.0,2.0,5.775104000000283,3.0,72.138552,53.967025,33.536769,6.569188000001304,1.1693999999988591,10,10,False,False,DEV,STOP
4542,2026-08-05 06:36:37.384,-1,3.0,2.0,5.713968000000023,3.0,72.014109,56.393314,37.033217,8.002779999998893,1.9532680000011169,10,10,False,True,DEV,STOP
4547,2026-08-05 06:37:01.844,-1,2.0,3.0,-1.9047439999994822,4.0,5.703326,29.822091,21.352507,6.12134800000058,3.234071999999287,1,2,False,False,DEV,STOP
4558,2026-08-05 06:37:46.324,-1,2.0,3.0,-1.486032000000705,4.0,3.802501,1.663758,5.6219,0.5705359999992652,2.124732000000222,1,4,False,False,DEV,TARGET
4559,2026-08-05 06:37:52.368,-1,2.0,3.0,0.8441959999981918,4.0,43.246257,19.122584,14.11383,1.5935480000007374,2.371132000000216,5,10,False,False,DEV,STOP
4573,2026-08-05 06:39:51.408,1,4.0,1.0,-3.57935599999837,0.0,35.881605,24.488711,13.447099,2.775359999999637,0.789096000000427,0,0,False,False,DEV,TARGET
4574,2026-08-05 06:39:51.908,1,3.0,2.0,-1.5617200000015146,3.0,32.485349,24.023294,13.647208,3.182044000001042,1.0516360000001441,1,1,False,False,DEV,TARGET
4575,2026-08-05 06:39:52.380,1,0.0,5.0,2.340884000001097,6.0,49.282426,33.02623,19.337164,4.2698119999986375,1.5251080000016373,2,8,False,False,DEV,TARGET
4576,2026-08-05 06:39:52.540,1,1.0,4.0,4.598463999998785,5.0,62.739261,44.168468,27.482017,5.683376000000862,2.1427560000011,10,10,False,True,DEV,TARGET
4577,2026-08-05 06:39:52.740,1,2.0,3.0,5.576583999998547,4.0,69.11329,52.296304,34.832045,7.162712000001193,2.8451200000017707,10,10,False,True,DEV,TARGET
4578,2026-08-05 06:39:52.952,1,3.0,2.0,5.559563999999227,3.0,71.13807,56.488599,39.537031,8.520587999999407,3.579384000000573,10,10,True,True,DEV,TARGET
4579,2026-08-05 06:39:53.032,1,1.0,4.0,7.1018839999997,5.0,72.468508,59.671868,43.528661,10.051856000001862,4.42110799999864,10,10,True,True,DEV,TARGET
4580,2026-08-05 06:39:53.220,1,5.0,0.0,5.190355999999156,1.0,72.275228,61.114999,45.855324,11.111084000000119,5.192043999999441,10,10,True,True,DEV,TARGET
4581,2026-08-05 06:39:53.476,1,4.0,1.0,4.481388000000152,2.0,71.713203,62.002723,47.582859,11.955935999998474,5.938767999999982,10,10,True,True,DEV,TARGET
4583,2026-08-05 06:39:54.536,1,4.0,1.0,0.13071599999966566,0.0,63.660954,59.052859,46.356652,12.167435999999725,7.049788000000262,0,0,True,True,DEV,TARGET
4584,2026-08-05 06:39:54.732,1,0.0,5.0,3.6572239999986778,6.0,62.747211,59.05153,47.010296,12.777076000002126,7.723527999998623,1,10,True,True,DEV,STOP
4593,2026-08-05 06:40:19.400,1,1.0,4.0,-0.9196159999992233,5.0,-1.94653,19.089409,24.99202,4.2949919999991835,7.457984000000579,3,4,False,False,DEV,TARGET
4594,2026-08-05 06:40:22.032,1,2.0,3.0,1.2847440000005008,4.0,45.302153,34.672441,32.246381,5.1005999999979394,7.670236000001751,5,6,False,True,DEV,TARGET
4595,2026-08-05 06:40:23.392,1,1.0,4.0,3.7770239999990736,5.0,61.254008,45.277025,38.278082,6.297492000001512,8.037707999999839,7,8,False,True,DEV,STOP
4597,2026-08-05 06:40:30.100,1,3.0,2.0,-0.7274800000013784,1.0,59.097927,47.250808,40.131682,6.8673520000011194,8.386635999999271,0,0,False,True,DEV,STOP
4627,2026-08-05 06:44:23.164,-1,2.0,3.0,0.49566799999956856,4.0,35.549782,27.299989,14.778691,4.03630400000111,0.888119999999617,3,4,False,False,DEV,TARGET
4628,2026-08-05 06:44:30.000,-1,4.0,1.0,0.8299640000004729,2.0,53.885599,37.530768,21.665885,4.779451999998855,1.3236120000001392,5,5,False,False,DEV,STOP
4828,2026-08-05 07:00:02.580,1,3.0,2.0,-0.7805039999984729,3.0,28.758404,12.337501,20.667177,1.2286039999999048,6.666588000000047,1,9,False,False,DEV,STOP
4851,2026-08-05 07:01:28.120,-1,3.0,2.0,-1.834844000000885,3.0,13.957588,19.395033,10.463372,3.384432000002562,0.7152759999989939,1,2,False,False,DEV,TARGET
4852,2026-08-05 07:01:31.136,-1,0.0,5.0,2.1284520000008342,6.0,47.260699,32.777222,18.484697,4.417167999999947,1.199055999997654,3,10,False,False,DEV,TARGET
4853,2026-08-05 07:01:32.604,-1,1.0,4.0,4.433239999998477,5.0,61.97499,44.000788,26.75702,5.788732000000891,1.8268319999988307,10,10,False,True,DEV,TARGET
4857,2026-08-05 07:02:02.356,-1,4.0,1.0,-0.896020000000135,2.0,39.296984,38.775301,26.373525,6.570299999999406,3.2576760000010836,1,1,False,False,DEV,TARGET
4858,2026-08-05 07:02:05.052,-1,0.0,0.0,3.9697640000013052,1.0,47.228499,41.957007,29.022197,6.770571999997628,3.606052000002819,3,3,False,True,DEV,TARGET
4859,2026-08-05 07:02:06.592,-1,0.0,5.0,1.1987039999985427,4.0,53.658704,45.392321,31.987309,7.362408000000869,4.065807999999379,0,0,False,True,DEV,TARGET
4860,2026-08-05 07:02:09.804,-1,3.0,2.0,2.154547999998613,3.0,58.778685,48.892519,35.170208,8.081672000000253,4.581804000001284,1,10,False,True,DEV,TARGET
4861,2026-08-05 07:02:12.736,-1,1.0,4.0,4.453536000000895,5.0,65.279166,53.959498,39.823835,9.163787999998021,5.227444000000105,10,10,True,True,DEV,TARGET
4862,2026-08-05 07:02:17.160,-1,1.0,4.0,6.241640000000189,5.0,69.342379,58.171699,44.160213,10.486300000000483,5.985659999998461,10,10,True,True,DEV,TARGET
4863,2026-08-05 07:02:23.244,-1,5.0,0.0,4.521275999999489,1.0,70.838028,60.610934,47.118243,11.388428000002023,6.677872000000207,10,10,True,True,DEV,TARGET
4865,2026-08-05 07:02:27.968,-1,3.0,2.0,-0.8821920000009413,1.0,59.651054,56.283855,44.798478,11.114563999999518,7.502255999999761,0,0,False,True,DEV,TARGET
4866,2026-08-05 07:02:31.824,-1,2.0,3.0,1.313851999999315,4.0,54.51017,54.564786,44.04244,11.379931999999826,7.992428000001382,1,1,False,True,DEV,TARGET
4872,2026-08-05 07:02:50.108,-1,4.0,1.0,-3.798448000001372,2.0,-15.128851,28.990547,31.061169,6.842104000003019,8.393559999996796,1,1,False,False,DEV,STOP
4897,2026-08-05 07:05:06.736,1,0.0,5.0,1.1292480000010983,4.0,59.742005,46.118072,26.371781,6.482695999999123,0.7050679999993008,0,0,False,False,DEV,TARGET
4898,2026-08-05 07:05:12.064,1,2.0,3.0,2.8783040000016626,4.0,59.587696,47.464672,28.444729,7.40468399999736,1.3549239999993006,1,10,False,False,DEV,TARGET
4899,2026-08-05 07:05:16.744,1,3.0,2.0,3.460903999999573,3.0,64.952289,52.348079,33.594288,8.359444000001531,2.0474519999988843,10,10,False,True,DEV,TARGET
4901,2026-08-05 07:05:21.264,1,0.0,5.0,0.8096839999998338,4.0,59.379692,51.353937,34.608445,8.721460000000661,3.036555999999109,0,0,False,True,DEV,TARGET
4902,2026-08-05 07:05:24.756,1,2.0,3.0,2.6297520000007353,4.0,58.160955,51.501335,35.576039,9.418900000000576,3.6732559999982186,1,10,False,True,DEV,TARGET
4903,2026-08-05 07:05:26.148,1,0.0,5.0,5.6009200000007695,6.0,66.405949,56.831359,41.031518,10.603839999999764,4.469227999998111,10,10,True,True,DEV,TARGET
4904,2026-08-05 07:05:29.060,1,1.0,4.0,7.134047999999893,5.0,70.924817,61.047607,45.907876,11.974332000001596,5.362707999996928,10,10,True,True,DEV,STOP
4907,2026-08-05 07:05:44.528,1,0.0,0.0,2.0411239999993995,-1.0,53.759624,55.83253,43.762328,11.647492000000057,6.90936000000147,0,0,False,True,DEV,STOP
4935,2026-08-05 07:08:15.368,1,3.0,2.0,1.0764799999997194,3.0,51.237211,22.084257,14.800288,1.345683999999892,2.0340759999999136,1,10,False,False,DEV,STOP
4944,2026-08-05 07:09:16.228,1,3.0,2.0,-0.3492359999982,3.0,31.606038,14.127762,10.924836,1.4513839999999618,1.9991439999976137,4,6,False,False,DEV,TARGET
4945,2026-08-05 07:09:18.256,1,2.0,3.0,1.7283720000014,4.0,53.823315,28.879459,18.896721,2.565603999999439,2.332751999998436,8,10,False,False,DEV,STOP
4947,2026-08-05 07:09:23.968,1,0.0,5.0,0.9714840000015101,4.0,57.335077,36.851879,24.570766,3.8821360000001732,2.8760159999983443,0,0,False,True,DEV,STOP
4972,2026-08-05 07:12:26.116,1,1.0,4.0,-0.8266560000010941,3.0,45.219388,13.881712,6.866284,0.04490799999985029,0.25438800000119954,0,0,False,False,DEV,STOP
4977,2026-08-05 07:12:54.000,-1,2.0,3.0,-0.9374639999987266,4.0,24.830904,10.405618,4.809862,1.041827999997622,0.12846800000261283,1,7,False,False,DEV,STOP
4978,2026-08-05 07:13:05.692,-1,4.0,1.0,-0.284695999998803,2.0,43.605963,20.920765,10.504541,1.8207079999992857,0.41317999999955646,8,8,False,False,DEV,STOP
4983,2026-08-05 07:13:42.228,1,1.0,4.0,2.8601119999984803,5.0,54.147736,21.322221,9.605624,0.9824160000025586,0.0057679999990796205,9,10,False,False,DEV,TARGET
4987,2026-08-05 07:14:13.044,1,4.0,1.0,-0.7920840000006137,2.0,40.609491,24.509119,13.466706,2.7994519999992917,0.8931919999995444,1,1,False,False,DEV,TARGET
4988,2026-08-05 07:14:16.188,1,1.0,4.0,2.161712000000989,5.0,54.608914,34.454473,19.839062,3.885067999999592,1.3478759999998147,3,10,False,False,DEV,TARGET
4989,2026-08-05 07:14:24.052,1,2.0,3.0,3.6813320000001113,4.0,62.36049,42.755115,26.12493,5.161703999998281,1.9086920000008831,10,10,False,True,DEV,STOP
4994,2026-08-05 07:15:08.804,1,1.0,4.0,-0.8673960000014631,5.0,4.621786,20.571605,15.553166,4.245412000000215,2.7166160000015225,1,2,False,False,DEV,STOP
4996,2026-08-05 07:15:19.252,1,4.0,1.0,-3.1049679999996442,0.0,38.872473,31.823554,22.278154,4.349719999998342,3.0736680000009073,0,0,False,False,DEV,STOP
5001,2026-08-05 07:16:09.076,1,3.0,2.0,-2.601116000001639,3.0,-2.227794,12.101929,12.562171,2.6978240000025835,3.0658279999988736,1,3,False,False,DEV,STOP
5023,2026-08-05 07:19:26.548,1,2.0,3.0,-0.7393960000008519,4.0,28.23668,10.752855,5.957825,0.909960000000865,0.5378479999999399,1,2,False,False,DEV,STOP
5027,2026-08-05 07:19:51.824,-1,1.0,4.0,3.0953039999985776,5.0,57.461071,28.976406,14.402235,2.1664640000017243,0.32642399999895133,10,10,False,False,DEV,TARGET
5028,2026-08-05 07:19:58.048,-1,1.0,4.0,5.185236000001169,5.0,66.094796,41.438146,23.254839,3.8555879999985336,0.936067999999068,10,10,False,False,DEV,TARGET
5029,2026-08-05 07:20:02.020,-1,1.0,4.0,6.810740000000806,5.0,70.764164,50.478694,31.339746,5.706819999999425,1.6759239999992133,10,10,False,True,DEV,TARGET
5030,2026-08-05 07:20:05.860,-1,3.0,2.0,6.51946400000088,3.0,72.604829,55.625725,37.053313,7.356691999997565,2.4469960000024003,10,10,False,True,DEV,TARGET
5031,2026-08-05 07:20:11.260,-1,2.0,3.0,7.070695999998861,4.0,73.479504,59.009748,41.420938,8.975367999999435,3.2840200000027835,10,10,True,True,DEV,STOP
5039,2026-08-05 07:20:49.280,-1,2.0,3.0,-0.6189799999992829,4.0,25.963892,36.135407,28.931802,6.79814400000032,5.398551999998745,1,6,False,False,DEV,STOP
5041,2026-08-05 07:21:06.552,-1,4.0,1.0,-3.5596279999990657,-0.0,36.158973,38.449823,30.929663,6.328871999998228,5.6875400000026275,0,0,False,False,DEV,STOP
5046,2026-08-05 07:21:49.884,-1,0.0,5.0,2.0449679999983346,6.0,37.422053,30.054321,26.189085,4.729476000000432,5.636564000000362,3,10,False,False,DEV,TARGET
5050,2026-08-05 07:22:12.684,-1,3.0,2.0,0.41929199999867706,3.0,47.573341,39.259458,32.420161,6.041268000000855,6.401539999998931,1,2,False,True,DEV,TARGET
5051,2026-08-05 07:22:13.296,-1,1.0,4.0,3.1038919999991776,5.0,59.023013,46.267653,37.016201,7.0398239999994985,6.82183200000145,3,10,False,True,DEV,NONE
5053,2026-08-05 07:22:26.564,-1,4.0,1.0,-2.5174000000006345,-0.0,52.690362,45.27105,37.210454,6.9494400000003225,7.152072000000771,0,0,False,True,DEV,TARGET
5054,2026-08-05 07:22:32.204,-1,3.0,2.0,-0.7357559999982186,3.0,43.42709,42.052965,35.620819,7.17323199999737,7.378631999999925,1,1,False,False,DEV,TARGET
5055,2026-08-05 07:22:37.004,-1,2.0,3.0,1.427747999998246,4.0,51.445559,45.471056,37.950151,7.774732000001677,7.718880000000354,2,10,False,True,DEV,STOP
5057,2026-08-05 07:22:53.764,-1,5.0,0.0,-4.309140000001207,-1.0,40.622847,42.219542,36.668541,7.024520000002667,7.867159999997966,0,0,False,False,DEV,TARGET
5058,2026-08-05 07:23:02.440,-1,4.0,1.0,-2.9071079999994254,2.0,23.986774,37.044666,34.063042,6.845256000000518,7.954879999997502,1,1,False,False,DEV,TARGET
5059,2026-08-05 07:23:06.176,-1,5.0,0.0,-2.5944200000012643,1.0,26.299596,36.786501,34.048477,6.737516000001051,8.048244000001432,2,2,False,False,DEV,TARGET
5064,2026-08-05 07:23:20.532,-1,1.0,4.0,0.7212240000008023,5.0,34.088828,34.918837,33.257582,6.06399600000077,8.190583999999944,1,10,False,False,DEV,TARGET
5065,2026-08-05 07:23:22.464,-1,0.0,5.0,4.116507999999158,6.0,58.587898,46.185182,39.56277,7.245896000000357,8.594740000000456,10,10,False,True,DEV,STOP
5066,2026-08-05 07:23:32.376,-1,4.0,1.0,3.6461720000006608,2.0,65.909879,52.549034,43.941381,8.247240000000602,9.006588000000193,10,10,True,True,DEV,STOP
5082,2026-08-05 07:25:31.036,1,3.0,2.0,4.464624000000185,3.0,69.047869,58.528896,36.246497,10.6133719999998,0.09026799999992363,10,10,False,False,DEV,TARGET
5083,2026-08-05 07:25:33.744,1,3.0,2.0,4.694707999999082,3.0,69.662463,60.156159,39.421331,11.53704800000196,1.0279479999990144,10,10,False,False,DEV,TARGET
5085,2026-08-05 07:25:42.900,1,0.0,5.0,2.160995999998704,4.0,64.549459,58.866746,40.324242,11.950360000002547,2.5105399999993097,0,0,False,True,DEV,TARGET
5105,2026-08-05 07:27:23.804,-1,4.0,1.0,-0.9733720000003814,2.0,44.417271,27.046021,12.952766,2.9453600000015285,0.0657279999977618,1,1,False,False,DEV,TARGET
5111,2026-08-05 07:28:04.700,-1,1.0,4.0,-0.47261599999910686,5.0,12.894571,14.640129,8.495024,2.646443999998155,0.8867600000012317,1,3,False,False,DEV,TARGET
5114,2026-08-05 07:28:22.888,-1,3.0,2.0,-1.208652000001166,3.0,30.057043,22.613462,13.688103,3.132875999999669,1.4057040000006964,1,1,False,False,DEV,TARGET
5115,2026-08-05 07:28:28.280,-1,5.0,0.0,-1.2733960000005027,1.0,41.813514,28.51137,17.35058,3.5636799999992945,1.6737640000028478,8,8,False,False,DEV,TARGET
5116,2026-08-05 07:28:55.144,-1,2.0,3.0,1.0095800000017334,4.0,52.181571,35.49225,22.035978,4.377483999996912,2.0685880000019097,10,10,False,True,DEV,TARGET
5117,2026-08-05 07:29:07.060,-1,0.0,0.0,5.451895999998669,1.0,55.342669,39.215886,25.047409,5.024199999999837,2.4518840000018827,10,10,False,True,DEV,TARGET
5118,2026-08-05 07:29:09.956,-1,2.0,3.0,0.7959200000004785,2.0,58.682214,43.150109,28.390893,5.682087999997748,2.864560000001802,0,0,False,True,DEV,TARGET
5120,2026-08-05 07:29:32.148,-1,1.0,4.0,0.23456799999985378,3.0,54.57382,43.506193,29.956496,6.394019999999728,3.570375999999669,0,0,False,True,DEV,TARGET
5121,2026-08-05 07:29:38.172,-1,2.0,3.0,2.1824439999982133,4.0,56.965309,45.936505,32.299773,7.195856000002095,4.067763999999443,1,10,False,True,DEV,TARGET
5122,2026-08-05 07:29:47.872,-1,2.0,3.0,3.6974560000016936,4.0,63.559328,51.203637,36.912709,8.210579999999027,4.657791999998153,10,10,False,True,DEV,TARGET
5123,2026-08-05 07:29:53.036,-1,3.0,2.0,4.09802000000127,3.0,67.199512,55.179832,40.876235,9.217371999999159,5.2870679999978165,10,10,True,True,DEV,TARGET
5125,2026-08-05 07:30:00.028,-1,0.0,5.0,2.404976000001625,4.0,64.51008,55.826058,42.833778,10.08437199999753,6.295163999999204,0,0,True,True,DEV,TARGET
5127,2026-08-05 07:30:01.412,-1,1.0,4.0,0.6030079999982263,3.0,58.614944,54.071346,42.650555,10.2671760000012,7.121591999999509,0,0,False,True,DEV,TARGET
5128,2026-08-05 07:30:02.720,-1,4.0,1.0,0.9134520000006887,2.0,56.260054,53.46288,42.746215,10.527119999998831,7.571136000002298,1,1,False,True,DEV,TARGET
5129,2026-08-05 07:30:09.948,-1,4.0,1.0,1.1549080000004324,2.0,59.282003,55.002717,44.407402,10.81041600000026,8.026315999999497,10,10,False,True,DEV,TARGET
5131,2026-08-05 07:30:19.320,-1,3.0,2.0,-2.3136999999987893,1.0,47.089074,50.966907,42.513527,10.05395199999839,8.521155999998882,0,0,False,True,DEV,TARGET
5132,2026-08-05 07:30:22.172,-1,1.0,4.0,0.9782359999990149,5.0,46.638394,50.538627,42.614977,10.342796000000817,8.91052000000127,1,10,False,True,DEV,TARGET
5133,2026-08-05 07:30:43.668,-1,1.0,4.0,3.5386279999984254,5.0,58.602077,54.672549,45.783798,11.076720000000932,9.4306519999991,10,10,False,True,DEV,STOP
5140,2026-08-05 07:31:10.240,-1,1.0,4.0,0.16810800000166637,5.0,20.507943,29.523245,32.017376,5.5319559999989,8.877631999999721,3,4,False,False,DEV,TARGET
5141,2026-08-05 07:31:14.804,-1,1.0,4.0,2.908527999999933,5.0,54.501641,42.645189,38.549531,6.5355320000016945,9.169807999998739,5,6,False,True,DEV,TARGET
5142,2026-08-05 07:31:25.308,-1,4.0,1.0,2.706632000001264,2.0,63.196455,49.414639,42.690365,7.421903999998904,9.48086400000102,7,7,True,True,DEV,TARGET
5143,2026-08-05 07:31:28.472,-1,2.0,3.0,4.1051599999991595,4.0,66.986557,53.818862,45.848842,8.493092000000615,9.889212000001862,10,10,True,True,DEV,STOP
5145,2026-08-05 07:31:53.628,-1,2.0,3.0,0.24880000000121072,2.0,61.203784,52.661473,45.784474,8.947159999999712,10.330143999999564,0,0,True,True,DEV,STOP
5152,2026-08-05 07:32:30.488,-1,2.0,3.0,1.1007600000011735,4.0,43.276792,36.848603,36.659288,5.8936199999989185,9.729299999999057,4,5,False,False,DEV,STOP
5177,2026-08-05 07:34:52.044,-1,1.0,4.0,1.9532599999984086,5.0,50.983439,20.65303,13.135541,1.1359240000019781,1.6275319999986095,2,10,False,False,DEV,STOP
5181,2026-08-05 07:35:17.992,-1,1.0,4.0,-0.9713799999990442,5.0,22.917991,14.752292,11.145698,1.943463999999949,1.9293839999991178,1,1,False,False,DEV,STOP
5187,2026-08-05 07:36:09.296,-1,1.0,4.0,1.4173239999981888,5.0,36.774859,21.393448,15.11803,2.746288000002096,2.3790880000015022,3,10,False,False,DEV,TARGET
5188,2026-08-05 07:36:22.976,-1,4.0,1.0,1.546807999999146,2.0,57.074936,35.263724,23.243451,3.7237160000004224,2.7410879999988538,10,10,False,True,DEV,TARGET
5189,2026-08-05 07:36:36.600,-1,0.0,5.0,4.7586279999995895,6.0,65.198726,44.919354,30.224654,5.210252000000764,3.29718000000139,10,10,False,True,DEV,TARGET
5191,2026-08-05 07:36:44.216,-1,2.0,3.0,1.24904400000014,2.0,64.528746,49.021009,34.666947,6.567815999998857,4.120011999999406,0,0,False,True,DEV,TARGET
5192,2026-08-05 07:36:55.152,-1,0.0,0.0,5.638147999998182,1.0,59.634707,47.35528,34.11885,7.073364000003494,4.521955999996862,1,1,False,True,DEV,STOP
5198,2026-08-05 07:37:13.628,-1,1.0,4.0,1.7760320000015781,5.0,44.3396,35.929711,28.249765,5.5956200000000536,5.136239999999816,4,5,False,False,DEV,TARGET
5200,2026-08-05 07:37:31.208,-1,1.0,4.0,0.222539999998844,3.0,56.24815,44.116537,34.015558,6.316028000001097,5.659220000001369,0,0,False,True,DEV,TARGET
5201,2026-08-05 07:37:38.116,-1,2.0,3.0,2.173083999998198,4.0,56.905447,45.718225,35.519107,7.122396000002482,6.071024000000762,1,10,False,True,DEV,TARGET
5203,2026-08-05 07:37:47.816,-1,4.0,1.0,-3.0804800000005343,-0.0,47.752374,43.273833,34.860601,6.794576000000234,6.393928000001324,0,0,False,True,DEV,TARGET
5204,2026-08-05 07:37:58.864,-1,1.0,4.0,0.38184800000090036,5.0,42.935478,41.759685,34.307383,7.235119999997551,6.702508000002126,1,1,False,False,DEV,TARGET
5205,2026-08-05 07:38:11.572,-1,5.0,0.0,-0.03633999999874504,1.0,49.433418,44.462479,36.279243,7.563952000000427,6.995019999998476,10,10,False,True,DEV,STOP
5217,2026-08-05 07:39:42.032,-1,0.0,5.0,0.46552800000063144,6.0,14.998649,3.094319,11.740327,0.46599199999764096,4.477820000000065,3,8,False,False,DEV,TARGET
5218,2026-08-05 07:39:47.880,-1,1.0,4.0,3.1398560000016005,5.0,54.337488,25.473158,22.235948,1.9171399999977439,4.748056000000361,9,10,False,False,DEV,TARGET
5219,2026-08-05 07:40:03.340,-1,3.0,2.0,3.664332000000286,3.0,64.756481,39.06354,29.933283,3.3481040000006033,5.094379999998637,10,10,False,True,DEV,STOP
5226,2026-08-05 07:40:40.856,-1,4.0,1.0,-0.8540519999987737,2.0,39.833034,32.217629,27.657185,4.700667999997677,5.749503999999433,1,1,False,False,DEV,TARGET
5227,2026-08-05 07:40:57.348,-1,2.0,3.0,1.3357360000009066,4.0,52.757976,39.343198,31.846674,5.483147999999346,6.047975999998016,6,10,False,True,DEV,TARGET
5230,2026-08-05 07:41:25.208,-1,3.0,2.0,0.8520680000001448,3.0,49.266251,40.748332,33.603727,6.382003999999142,6.639311999999336,1,10,False,True,DEV,STOP
5243,2026-08-05 07:42:17.540,-1,1.0,4.0,0.5787679999993998,5.0,35.699756,7.955199,12.908495,0.006767999999283347,4.032964000001812,5,7,False,False,DEV,STOP
5259,2026-08-05 07:44:27.856,-1,1.0,4.0,3.1849120000006224,5.0,56.410347,23.869851,14.026483,1.2083920000004582,1.3507879999997385,10,10,False,False,DEV,STOP
5265,2026-08-05 07:45:05.572,-1,1.0,4.0,-0.8241799999996147,5.0,5.543305,5.424987,5.760592,1.2430400000012014,1.5011359999989509,1,3,False,False,DEV,STOP
5276,2026-08-05 07:46:36.688,1,0.0,5.0,5.468079999998736,6.0,63.988399,39.992374,21.345784,4.053520000001299,0.512748000001011,10,10,False,False,DEV,TARGET
5277,2026-08-05 07:46:42.004,1,3.0,2.0,5.475171999998565,3.0,69.711176,49.522065,29.750441,5.644700000000739,1.207248000002437,10,10,False,False,DEV,STOP
5279,2026-08-05 07:46:52.168,1,1.0,4.0,1.8553519999986747,3.0,65.597604,50.635989,32.707748,7.009308000000601,2.2431480000013835,0,0,False,True,DEV,STOP
5284,2026-08-05 07:47:33.140,1,4.0,1.0,-2.7570359999990615,2.0,6.859507,27.602264,20.416536,5.470772000000579,3.310244000000239,1,1,False,False,DEV,STOP
5293,2026-08-05 07:49:32.768,1,4.0,1.0,-3.5710880000006,2.0,-5.133356,6.71645,10.037456,1.7031040000001667,2.978903999999602,1,1,False,False,DEV,TARGET
5294,2026-08-05 07:49:38.772,1,0.0,5.0,0.778043999998772,6.0,33.856455,20.556529,16.740176,2.623407999999472,3.2345280000008643,2,10,False,False,DEV,TARGET
5295,2026-08-05 07:49:48.132,1,1.0,4.0,3.382924000001367,5.0,56.039186,34.670661,24.651254,3.9464119999975082,3.6542560000016238,10,10,False,True,DEV,TARGET
5297,2026-08-05 07:50:10.408,1,0.0,5.0,2.5773240000016813,4.0,64.181616,46.235947,33.176591,5.691827999999077,4.405436000000918,0,0,False,True,DEV,STOP
5313,2026-08-05 07:51:40.212,-1,1.0,4.0,4.62287600000127,5.0,65.900662,49.941324,28.519732,7.0410439999977825,0.34701200000199606,1,10,False,False,DEV,TARGET
5315,2026-08-05 07:52:04.368,-1,1.0,4.0,3.154579999998532,3.0,67.430006,54.773607,35.247587,8.709764000002906,1.7209119999970426,0,0,False,True,DEV,TARGET
5317,2026-08-05 07:52:11.412,-1,2.0,3.0,-0.9311799999995856,2.0,55.80768,50.213422,33.13817,8.659560000000056,2.6569319999980507,0,0,False,True,DEV,TARGET
5318,2026-08-05 07:52:22.708,-1,0.0,5.0,2.8313039999993634,6.0,55.242507,50.460886,34.197184,9.398804000000382,3.3165640000006533,1,10,False,True,DEV,TARGET
5319,2026-08-05 07:52:26.776,-1,0.0,5.0,5.7576799999988,6.0,65.136215,56.094199,39.891773,10.614020000000892,4.133927999999287,10,10,True,True,DEV,TARGET
5320,2026-08-05 07:52:31.212,-1,3.0,2.0,5.700420000001031,3.0,70.277678,60.518204,44.976627,11.721543999999994,4.9657960000004095,10,10,True,True,DEV,TARGET
5324,2026-08-05 07:53:40.916,-1,0.0,5.0,3.492868000001181,6.0,56.288451,55.621466,43.566607,11.990427999997337,7.094552000002295,1,10,False,True,DEV,TARGET
5325,2026-08-05 07:53:42.084,-1,1.0,4.0,5.494451999999001,5.0,66.288581,60.180291,47.983096,12.950179999999818,7.85565200000201,10,10,True,True,DEV,TARGET
5326,2026-08-05 07:53:42.092,-1,0.0,5.0,7.829020000001037,6.0,71.736122,64.089552,52.188292,14.260039999997389,8.748468000001594,10,10,True,True,DEV,TARGET
5327,2026-08-05 07:53:42.116,-1,0.0,5.0,9.644791999999143,6.0,74.54139,66.923371,55.597663,15.797144000000117,9.754904000001261,10,10,True,True,DEV,TARGET
5329,2026-08-05 07:53:42.180,-1,2.0,3.0,3.5999359999987064,2.0,71.99276,66.867043,56.770392,16.466920000002574,11.19135599999936,0,0,True,True,DEV,TARGET
5330,2026-08-05 07:53:42.204,-1,0.0,5.0,6.3555039999992005,6.0,70.104155,66.380703,56.864772,17.226000000002387,12.019523999999365,1,10,True,True,DEV,TARGET
5332,2026-08-05 07:53:43.740,-1,3.0,2.0,1.4372799999982817,1.0,67.274158,65.712944,57.253054,16.981308000002173,13.17505600000004,0,0,True,True,DEV,TARGET
5334,2026-08-05 07:53:46.804,-1,0.0,5.0,2.0052680000007967,4.0,60.354648,63.2562,56.098951,16.49622399999862,14.121476000000257,0,0,True,True,DEV,NONE
5336,2026-08-05 07:53:49.628,-1,1.0,4.0,-0.8486640000010084,3.0,52.112746,60.391061,54.710292,15.114728000000468,14.65386800000124,0,0,False,True,DEV,TARGET
5337,2026-08-05 07:53:53.032,-1,2.0,3.0,1.3399280000012368,4.0,50.700441,59.518315,54.398288,15.064847999998165,15.02809999999954,1,10,False,True,DEV,STOP
5342,2026-08-05 07:54:14.440,-1,3.0,2.0,-2.4562279999991006,3.0,-4.561981,41.307629,45.353219,9.871359999997367,14.643512000002374,1,2,False,False,DEV,STOP
5351,2026-08-05 07:55:10.680,-1,1.0,4.0,-0.2718520000016724,5.0,16.921974,17.142179,31.618591,2.9440880000001926,11.358584000001429,4,4,False,False,DEV,TARGET
5352,2026-08-05 07:55:17.828,-1,1.0,4.0,2.5663359999998647,5.0,51.863378,33.309069,37.758312,4.0921200000011595,11.429975999999442,6,10,False,True,DEV,STOP
5361,2026-08-05 07:56:25.764,-1,0.0,0.0,2.0265440000002855,1.0,14.402286,10.156194,23.692184,1.4207559999995283,8.489872000001924,1,1,False,False,DEV,STOP
5381,2026-08-05 07:59:22.468,1,2.0,3.0,-0.6760399999984656,4.0,10.194734,10.740259,4.95102,2.0680319999992207,0.1795879999990575,4,5,False,False,DEV,TARGET
5382,2026-08-05 07:59:30.140,1,2.0,3.0,1.4741920000014943,4.0,49.645962,28.715635,14.908415,3.086439999999129,0.5963759999976901,6,7,False,False,DEV,TARGET
6242,2026-08-05 11:02:14.244,1,0.0,5.0,0.4378199999991921,6.0,24.132667,5.2001,3.315934,0.27181600000039907,0.5332159999998112,1,10,False,False,DEV,TARGET
6243,2026-08-05 11:03:24.612,1,5.0,0.0,0.007192000000941334,1.0,47.444537,19.310198,10.557956,1.1656719999991765,0.7859559999997145,10,10,False,False,DEV,TARGET
6244,2026-08-05 11:04:36.164,1,1.0,4.0,2.783372000001691,5.0,60.056993,32.715199,18.569209,2.4956639999982144,1.2108120000011695,10,10,False,False,DEV,TARGET
6245,2026-08-05 11:04:53.156,1,1.0,4.0,4.942623999999341,5.0,65.208739,41.486572,25.011677,4.114088000002084,1.786471999999776,10,10,False,True,DEV,TARGET
6247,2026-08-05 11:05:23.884,1,1.0,4.0,2.7430679999997665,3.0,66.920275,49.137134,32.424423,6.0681320000003325,2.7729919999983395,0,0,False,True,DEV,TARGET
6248,2026-08-05 11:06:00.376,1,2.0,3.0,4.1334959999985585,4.0,66.222419,50.73922,34.556673,7.252808000001096,3.390668000000005,1,10,False,True,DEV,STOP
6261,2026-08-05 11:10:01.112,1,2.0,3.0,-0.7690880000009201,4.0,18.54174,6.951025,8.740518,0.8338920000023791,2.4456559999998717,1,9,False,False,DEV,STOP
6264,2026-08-05 11:11:42.288,1,2.0,3.0,0.03457200000048033,4.0,36.208364,18.717304,14.655664,2.013780000001134,2.677555999998731,1,10,False,False,DEV,STOP
6271,2026-08-05 11:15:54.356,1,1.0,4.0,0.3768479999998817,5.0,24.339389,7.417883,7.867311,0.7198080000016489,2.020943999999872,3,4,False,False,DEV,STOP
6272,2026-08-05 11:17:21.160,1,5.0,0.0,-0.04022800000166171,1.0,49.39803,22.446131,15.458891,1.569152000000031,2.2311200000003737,6,6,False,False,DEV,STOP
6285,2026-08-05 11:25:44.256,1,3.0,2.0,-1.7662159999999858,3.0,10.151178,3.297809,5.172938,0.5138240000014775,1.6223839999984193,1,5,False,False,DEV,STOP
6293,2026-08-05 11:30:58.212,-1,1.0,4.0,4.162420000000566,5.0,63.05918,39.905588,20.904223,4.0815440000005765,0.2885759999990114,10,10,False,False,DEV,TARGET
6294,2026-08-05 11:31:20.128,-1,2.0,3.0,5.237435999999434,4.0,68.145864,48.139331,28.231513,5.627007999999478,0.980544000001828,10,10,False,False,DEV,TARGET
6295,2026-08-05 11:31:33.984,-1,3.0,2.0,5.295784000001731,3.0,70.527054,53.405554,33.929169,7.059503999997105,1.7114680000013323,10,10,False,True,DEV,TARGET
6296,2026-08-05 11:32:08.340,-1,2.0,3.0,6.1189440000016475,4.0,71.647723,56.872099,38.313016,8.527923999998166,2.5153080000018235,10,10,False,True,DEV,STOP
6298,2026-08-05 11:32:47.568,-1,2.0,3.0,2.0719519999984186,2.0,67.447273,56.768487,40.179423,9.704356000002008,3.7570960000011837,0,0,True,True,DEV,STOP
6300,2026-08-05 11:34:03.400,-1,1.0,4.0,-0.8083240000014484,3.0,52.437342,50.669076,36.588426,9.382192000000941,4.570576000001893,0,0,False,True,DEV,STOP
6339,2026-08-05 11:57:17.108,-1,3.0,2.0,3.3961400000007416,3.0,63.665934,35.145078,18.111513,2.4801640000005136,0.37881999999808613,10,10,False,False,DEV,STOP
6341,2026-08-05 11:57:43.964,-1,4.0,1.0,-2.3406040000008943,-0.0,54.042839,33.716052,18.731192,3.160707999999431,0.877148000003217,0,0,False,False,DEV,TARGET
6344,2026-08-05 11:59:30.528,-1,2.0,3.0,-1.3097759999982372,4.0,17.903425,18.949238,11.59781,3.099867999997514,1.2914679999994405,1,3,False,False,DEV,TARGET
6355,2026-08-05 12:03:28.540,-1,4.0,1.0,-2.8066279999984545,2.0,0.369768,6.515637,7.600687,1.5130639999988489,2.0198319999981322,1,4,False,False,DEV,STOP
6370,2026-08-05 12:13:00.796,1,3.0,2.0,-2.3895440000014787,3.0,2.317093,6.236228,2.959695,1.3764240000018617,0.14951600000131293,1,3,False,False,DEV,TARGET
6375,2026-08-05 12:15:35.324,1,5.0,0.0,-1.6751839999997173,1.0,32.966221,19.523599,10.748316,2.2803319999984524,0.7944200000019919,1,1,False,False,DEV,TARGET
6376,2026-08-05 12:16:03.528,1,3.0,2.0,-0.08069999999861466,3.0,47.649346,28.349033,16.011176,2.9974359999978333,1.1142240000008314,10,10,False,False,DEV,TARGET
6381,2026-08-05 12:20:39.976,1,2.0,3.0,0.6290479999988747,4.0,43.68483,31.936563,20.421126,4.4224840000024415,2.281087999999727,1,10,False,False,DEV,STOP
6387,2026-08-05 12:22:28.248,1,5.0,0.0,-3.842499999998836,1.0,1.491594,10.024668,9.756604,1.9588439999970433,2.2224960000021383,3,3,False,False,DEV,TARGET
6393,2026-08-05 12:26:33.256,1,4.0,1.0,-2.0613999999986845,2.0,20.869058,14.487719,11.947645,1.9837399999996705,2.322707999999693,1,1,False,False,DEV,STOP
6402,2026-08-05 12:33:45.412,-1,1.0,4.0,4.190888000000996,5.0,63.184246,40.825509,21.082295,4.345023999998375,0.0805160000018077,10,10,False,False,DEV,TARGET
6404,2026-08-05 12:35:01.624,-1,3.0,2.0,-1.0820559999992838,1.0,58.517491,42.215909,23.979959,5.07325199999832,0.8465720000021975,0,0,False,False,DEV,TARGET
6405,2026-08-05 12:35:25.928,-1,1.0,4.0,1.9361800000006042,5.0,54.812293,41.605205,24.394763,5.935719999997673,1.3839960000004794,1,10,False,False,DEV,NONE
6406,2026-08-05 12:36:12.052,-1,3.0,2.0,2.7281399999992573,3.0,60.531164,46.586292,28.958925,6.874008000002505,1.977047999997012,10,10,False,True,DEV,STOP
6413,2026-08-05 12:39:13.208,-1,2.0,3.0,-0.33877600000050734,4.0,26.419283,31.088867,22.543195,5.481383999998798,3.51658800000223,1,5,False,False,DEV,STOP
6424,2026-08-05 12:46:07.944,-1,3.0,2.0,-2.7717479999992065,3.0,5.004405,2.225421,6.727297,0.4034560000000056,2.4232320000010077,3,3,False,False,DEV,TARGET
6425,2026-08-05 12:46:20.060,-1,3.0,2.0,-0.9335800000008021,3.0,30.396973,12.539513,11.575975,1.1147520000013174,2.557887999999366,4,9,False,False,DEV,TARGET
6426,2026-08-05 12:46:37.852,-1,2.0,3.0,1.273880000000645,4.0,50.123998,25.234103,18.134648,2.1727959999989253,2.8320280000007187,10,10,False,False,DEV,STOP
6431,2026-08-05 12:48:47.320,-1,1.0,4.0,0.22484800000165706,5.0,26.130971,18.135943,15.215252,2.648983999999473,3.071539999997185,1,3,False,False,DEV,STOP
6460,2026-08-05 12:56:06.192,-1,1.0,4.0,0.8118519999989076,5.0,38.868863,13.487195,7.736738,0.8302800000019488,0.7806639999980689,1,10,False,False,DEV,TARGET
6461,2026-08-05 12:56:23.544,-1,4.0,1.0,1.075887999999395,2.0,53.826045,25.980978,14.641252,1.8748720000003232,1.1025120000012976,10,10,False,False,DEV,TARGET
6462,2026-08-05 12:56:31.292,-1,1.0,4.0,3.614580000001297,5.0,62.881325,37.536368,22.188933,3.300119999999879,1.5874640000001818,10,10,False,True,DEV,TARGET
6464,2026-08-05 12:57:10.508,-1,0.0,5.0,0.9026440000016009,4.0,59.890239,40.604928,25.619679,4.476355999999214,2.2356479999980365,0,0,False,True,DEV,TARGET
6465,2026-08-05 12:57:32.752,-1,5.0,0.0,0.3687239999999292,1.0,54.756053,39.191714,25.351988,5.099956000001839,2.612059999999474,1,1,False,True,DEV,TARGET
6466,2026-08-05 12:57:39.020,-1,1.0,4.0,3.064564000000246,5.0,61.496695,45.476668,30.368027,6.16662400000132,3.140503999999055,10,10,False,True,DEV,TARGET
6468,2026-08-05 12:58:10.128,-1,2.0,3.0,-0.9856360000012501,2.0,55.434527,44.702484,31.183391,6.485312000000704,3.7653879999998026,0,0,False,True,DEV,TARGET
6469,2026-08-05 12:58:23.416,-1,2.0,3.0,1.2333959999996296,4.0,51.937245,43.944785,31.284324,7.106308000002173,4.209083999998256,1,10,False,True,DEV,TARGET
6470,2026-08-05 12:59:00.100,-1,3.0,2.0,2.1815280000009807,3.0,58.933805,48.409969,35.047859,7.8509999999987485,4.710424000000785,10,10,False,True,DEV,TARGET
6471,2026-08-05 12:59:02.948,-1,3.0,2.0,2.918968000001769,3.0,63.794761,52.50054,38.822384,8.670955999998114,5.261148000001413,10,10,False,True,DEV,TARGET
6473,2026-08-05 12:59:05.024,-1,0.0,5.0,2.2966599999999744,4.0,62.988339,54.184388,41.477273,9.578652000000147,6.2155840000013995,0,0,True,True,DEV,TARGET
6474,2026-08-05 12:59:07.256,-1,1.0,4.0,4.564067999999679,5.0,64.729095,56.100988,43.649208,10.561219999999594,6.864003999999113,1,10,True,True,DEV,STOP
6478,2026-08-05 12:59:31.104,-1,1.0,4.0,0.6188599999986764,5.0,39.653393,47.802085,39.852157,9.827624000001379,8.097915999998804,1,2,False,False,DEV,TARGET
6479,2026-08-05 12:59:32.856,-1,0.0,5.0,4.036887999998726,6.0,58.116812,53.700491,44.183956,10.693876000001183,8.655031999998755,3,10,False,True,DEV,TARGET
6481,2026-08-05 12:59:39.264,-1,3.0,2.0,1.244539999999688,1.0,64.796521,58.135497,48.412807,11.3755799999999,9.543775999998616,0,0,True,True,DEV,TARGET
6482,2026-08-05 12:59:40.056,-1,1.0,4.0,3.7457519999989017,5.0,64.505333,58.628314,49.262667,12.064755999999761,10.092060000002675,1,10,True,True,DEV,TARGET
6483,2026-08-05 12:59:41.384,-1,0.0,5.0,6.468919999999343,6.0,68.354977,61.330899,51.835756,13.196748000002117,10.789740000000165,10,10,True,True,DEV,TARGET
6484,2026-08-05 12:59:44.020,-1,3.0,2.0,6.25360400000136,3.0,71.547723,64.061495,54.568791,14.198811999998725,11.494935999999143,10,10,True,True,DEV,TARGET
6485,2026-08-05 12:59:44.976,-1,0.0,5.0,8.419468000000052,6.0,73.80032,66.423117,57.112003,15.516751999999542,12.326924000000872,10,10,True,True,DEV,TARGET
6486,2026-08-05 12:59:45.048,-1,1.0,4.0,9.32625199999893,5.0,74.931263,68.051034,59.069104,16.895071999999345,13.22758000000249,10,10,True,True,DEV,TARGET
6488,2026-08-05 12:59:47.584,-1,3.0,2.0,2.0245240000003832,1.0,70.335249,66.730355,58.851818,16.93560399999842,14.33929999999964,0,0,True,True,DEV,TARGET
6489,2026-08-05 12:59:50.044,-1,1.0,4.0,4.352407999998832,5.0,66.723656,65.483918,58.24759,17.29091200000039,14.958092000000761,1,10,True,True,DEV,TARGET
6491,2026-08-05 12:59:52.576,-1,1.0,4.0,2.386023999999452,3.0,65.681345,65.210175,58.718112,17.078480000000127,15.897275999999692,0,0,True,True,DEV,TARGET
6492,2026-08-05 12:59:54.988,-1,1.0,4.0,4.6335760000001756,5.0,65.938946,65.344965,59.129643,17.473767999999836,16.47554400000081,1,10,True,True,DEV,STOP
7359,2026-08-06 06:31:29.880,-1,3.0,2.0,-1.0102680000018154,1.0,53.956478,33.949138,17.856697,3.4489960000028077,0.47369999999864376,0,0,False,False,DEV,TARGET
7360,2026-08-06 06:31:32.332,-1,3.0,2.0,0.43646000000080676,3.0,52.23959,34.967413,19.225648,4.167167999999947,0.8808639999988372,1,1,False,False,DEV,STOP
7364,2026-08-06 06:31:45.852,-1,3.0,2.0,-2.8131480000010924,3.0,-1.329145,14.982941,9.901327,3.1655960000025516,1.3540919999977632,1,1,False,False,DEV,TARGET
7365,2026-08-06 06:31:51.044,-1,5.0,0.0,-2.521336000001611,1.0,23.09332,22.107958,13.827796,3.365588000000571,1.5600720000002184,3,3,False,False,DEV,TARGET
7366,2026-08-06 06:31:57.644,-1,4.0,1.0,-1.5165960000013001,2.0,37.814596,28.089827,17.480097,3.7333080000025802,1.8188159999990603,4,4,False,False,DEV,TARGET
7367,2026-08-06 06:32:04.772,-1,2.0,3.0,0.820424000001367,4.0,48.294087,34.125141,21.507937,4.4989519999980985,2.2049560000014026,5,10,False,True,DEV,TARGET
7368,2026-08-06 06:32:09.320,-1,1.0,4.0,3.4158879999995406,5.0,59.350703,42.514881,27.582909,5.677936000000045,2.7432760000010603,10,10,False,True,DEV,TARGET
7371,2026-08-06 06:32:27.360,-1,0.0,0.0,0.1572679999990214,-1.0,36.975087,37.127332,26.266153,5.665424000002531,3.5339199999980337,0,0,False,False,DEV,TARGET
7373,2026-08-06 06:32:40.548,-1,2.0,3.0,0.6260040000015579,4.0,40.653794,37.895843,27.561589,6.367923999998311,4.178788000001077,1,3,False,False,DEV,TARGET
7374,2026-08-06 06:32:44.888,-1,1.0,4.0,3.2646679999998014,5.0,58.484589,46.742699,33.877439,7.369743999999628,4.708000000002357,4,10,False,True,DEV,TARGET
7375,2026-08-06 06:32:49.480,-1,1.0,4.0,5.316964000001462,5.0,66.551334,53.492904,39.627401,8.666696000000229,5.36493199999677,10,10,True,True,DEV,TARGET
7376,2026-08-06 06:33:01.268,-1,1.0,4.0,6.913196000001335,5.0,71.000355,58.673313,44.76073,10.151771999997436,6.1327000000019325,10,10,True,True,DEV,TARGET
7377,2026-08-06 06:33:03.564,-1,2.0,3.0,7.376928000001499,4.0,73.121885,62.052375,48.638115,11.60283999999956,6.955244000000675,10,10,True,True,DEV,TARGET
7378,2026-08-06 06:33:07.792,-1,2.0,3.0,7.737612000000809,4.0,74.16819,64.331328,51.589101,13.003775999997742,7.823624000000564,10,10,True,True,DEV,TARGET
7379,2026-08-06 06:33:16.124,-1,4.0,1.0,6.4625879999985045,2.0,73.983099,65.36793,53.317398,14.059488000002602,8.648227999998198,10,10,True,True,DEV,STOP
7419,2026-08-06 06:36:00.160,1,4.0,1.0,-0.8023719999982859,0.0,59.084595,38.615175,20.936948,3.9273559999965073,0.556272000001627,0,0,False,False,DEV,TARGET
7420,2026-08-06 06:36:02.536,1,1.0,4.0,2.1537119999993593,5.0,57.915187,40.080345,22.77683,4.92127199999959,1.0697519999994256,1,1,False,False,DEV,TARGET
7422,2026-08-06 06:36:08.432,1,2.0,3.0,-0.9317039999987173,2.0,54.001248,40.957073,24.938672,5.452771999996912,1.7651720000030764,0,0,False,True,DEV,TARGET
7423,2026-08-06 06:36:12.500,1,5.0,0.0,-1.057991999998194,1.0,46.951977,38.60857,24.073644,5.737375999997312,2.1250440000003437,1,1,False,True,DEV,TARGET
7424,2026-08-06 06:36:13.292,1,2.0,3.0,1.1771159999989322,4.0,53.49514,42.654939,27.508363,6.407916000000114,2.599612000001798,2,10,False,True,DEV,TARGET
7425,2026-08-06 06:36:17.032,1,2.0,3.0,2.9155360000004293,4.0,59.79151,47.403177,31.715151,7.342691999998351,3.1740800000006857,10,10,False,True,DEV,TARGET
7426,2026-08-06 06:36:26.952,1,4.0,1.0,2.7120839999988675,2.0,64.287009,51.723117,35.92192,8.16548800000237,3.753467999998975,10,10,False,True,DEV,TARGET
7427,2026-08-06 06:36:28.084,1,1.0,4.0,4.887176000000181,5.0,67.631562,55.577292,40.024986,9.320188000001508,4.457751999998436,10,10,True,True,DEV,TARGET
7429,2026-08-06 06:37:27.452,1,0.0,5.0,1.6724880000001576,4.0,63.585392,55.25977,41.292898,9.87902799999938,5.444620000002033,0,0,True,True,DEV,TARGET
7430,2026-08-06 06:37:31.216,1,3.0,2.0,2.5230479999991076,3.0,60.782994,54.590784,41.446897,10.464343999999983,6.028500000000349,1,10,True,True,DEV,TARGET
7431,2026-08-06 06:37:33.180,1,1.0,4.0,4.740148000000772,5.0,66.314112,58.220512,45.151624,11.408251999997447,6.729616000000533,10,10,True,True,DEV,TARGET
7432,2026-08-06 06:37:35.864,1,1.0,4.0,6.464560000000347,5.0,69.922631,61.367561,48.638564,12.591968000000634,7.532151999999769,10,10,True,True,DEV,STOP
7440,2026-08-06 06:38:17.660,1,1.0,4.0,0.05101999999897089,5.0,23.042911,34.698107,33.202286,6.6738800000021,8.218451999997342,3,5,False,False,DEV,STOP
7460,2026-08-06 06:39:35.764,-1,2.0,3.0,-1.6135959999992338,2.0,50.564681,45.642844,25.704752,7.461887999997998,0.5028600000005099,0,0,False,False,DEV,TARGET
7461,2026-08-06 06:39:43.980,-1,4.0,1.0,-0.8105759999998554,2.0,43.40121,43.25527,24.820183,7.6310039999989385,1.0071480000005977,1,1,False,False,DEV,TARGET
7463,2026-08-06 06:39:54.100,-1,2.0,3.0,-1.5150399999984074,2.0,44.04322,43.530006,26.740028,7.5134519999992335,1.8412680000001274,0,0,False,False,DEV,TARGET
7464,2026-08-06 06:39:57.376,-1,2.0,3.0,0.8216360000005807,4.0,48.3056,45.208279,28.785492,7.9768999999978405,2.3807680000027176,1,10,False,True,DEV,TARGET
7465,2026-08-06 06:40:02.208,-1,1.0,4.0,3.41682800000126,5.0,59.355961,50.660552,33.888062,8.877827999996953,3.0540840000030585,10,10,False,True,DEV,TARGET
7466,2026-08-06 06:40:04.648,-1,2.0,3.0,4.657532000001083,4.0,66.279115,55.757488,39.189135,9.933551999998599,3.802803999999014,10,10,True,True,DEV,STOP
7488,2026-08-06 06:41:47.524,1,1.0,4.0,0.23155599999881815,5.0,26.247067,24.833193,14.160347,4.069628000001103,1.1812480000007781,1,6,False,False,DEV,TARGET
7491,2026-08-06 06:41:56.428,1,2.0,3.0,1.5808279999982915,4.0,50.588216,37.822522,23.599767,5.391428000002634,2.1995239999996556,1,10,False,True,DEV,STOP
7507,2026-08-06 06:43:07.968,1,4.0,1.0,-2.6000999999996566,2.0,4.79741,4.63866,8.299023,0.9574119999997492,2.6613040000011097,1,5,False,False,DEV,TARGET
7508,2026-08-06 06:43:17.140,1,0.0,5.0,1.5332559999988007,6.0,43.656381,21.536485,16.541909,2.0754720000004454,2.9385680000013963,6,8,False,False,DEV,TARGET
7509,2026-08-06 06:43:23.676,1,4.0,1.0,1.6369760000015958,2.0,56.005524,32.200312,22.591258,3.1230559999967227,3.255995999999868,10,10,False,True,DEV,TARGET
7511,2026-08-06 06:43:28.288,1,1.0,4.0,-0.46652000000176486,3.0,53.128557,35.337135,25.315416,3.948208000001614,3.646528000001126,0,0,False,True,DEV,TARGET
7512,2026-08-06 06:43:30.344,1,2.0,3.0,1.6371519999993325,4.0,53.1289,37.196993,26.874276,4.846003999999084,4.012580000002345,1,10,False,True,DEV,TARGET
7514,2026-08-06 06:43:44.188,1,0.0,5.0,0.31136400000104913,4.0,54.604526,41.14856,30.25904,5.548775999999634,4.517891999999847,0,0,False,True,DEV,TARGET
7519,2026-08-06 06:44:18.812,1,3.0,2.0,-1.8901240000013786,3.0,12.833304,23.779814,21.750111,4.374652000002243,4.82172399999763,1,3,False,False,DEV,TARGET
7520,2026-08-06 06:44:19.772,1,0.0,5.0,2.0854599999984202,6.0,46.831645,35.956427,28.376985,5.320308000002115,5.182592000001023,4,10,False,True,DEV,STOP
7656,2026-08-06 07:00:44.328,-1,1.0,4.0,4.578824000000168,5.0,63.758927,31.017847,16.513117,1.490431999998691,0.7722040000007837,10,10,False,False,DEV,STOP
7658,2026-08-06 07:00:53.764,-1,0.0,0.0,2.59706400000141,-1.0,57.552341,33.269975,19.240118,2.4663559999971767,1.214296000001923,0,0,False,False,DEV,STOP
7666,2026-08-06 07:01:33.868,-1,4.0,1.0,-1.0599959999999555,2.0,29.527859,9.199335,5.660761,0.5763159999987693,0.7226279999995313,6,6,False,False,DEV,TARGET
7667,2026-08-06 07:01:34.112,-1,1.0,4.0,1.9533359999986715,5.0,53.049517,25.126414,14.149283,1.8016800000004878,1.082404000000679,7,8,False,False,DEV,STOP
7669,2026-08-06 07:02:05.444,-1,0.0,0.0,2.2186839999994845,-1.0,51.125421,29.810926,17.830531,2.5787600000003295,1.476544000001013,0,0,False,False,DEV,STOP
7674,2026-08-06 07:02:52.228,1,4.0,1.0,2.2472799999995914,2.0,62.269813,36.517518,18.595579,3.069260000000213,0.18589200000133133,1,10,False,False,DEV,TARGET
7675,2026-08-06 07:02:56.152,1,1.0,4.0,4.525659999999334,5.0,66.450032,44.261053,25.034831,4.565556000001379,0.803275999998732,10,10,False,False,DEV,STOP
7693,2026-08-06 07:05:06.400,1,1.0,4.0,4.510387999998784,5.0,63.468427,33.310507,16.817477,2.1484479999999166,0.31879599999956554,10,10,False,False,DEV,STOP
7704,2026-08-06 07:06:53.656,1,1.0,4.0,-0.6906559999988531,5.0,18.655518,8.343858,5.264943,1.0433039999988978,0.7217479999999341,1,8,False,False,DEV,TARGET
7705,2026-08-06 07:07:01.652,1,1.0,4.0,2.2406000000009954,5.0,49.02738,24.462345,13.787871,2.2838359999987006,1.115671999999904,9,10,False,False,DEV,TARGET
7706,2026-08-06 07:07:08.216,1,2.0,3.0,3.7426919999998063,4.0,62.641641,38.374699,22.723066,3.6997880000017176,1.6235039999992296,10,10,False,True,DEV,TARGET
7707,2026-08-06 07:07:14.376,1,1.0,4.0,5.6887600000009115,5.0,68.511903,47.774362,30.343249,5.358324000000721,2.2712159999973665,10,10,False,True,DEV,STOP
7709,2026-08-06 07:07:48.944,1,5.0,0.0,-1.7314919999989797,-1.0,61.276063,46.540603,31.096338,6.008143999999447,2.979879999998957,0,0,False,True,DEV,TARGET
7714,2026-08-06 07:08:57.956,1,3.0,2.0,-1.2160599999988335,3.0,21.077822,27.62162,21.155739,4.878811999999016,3.6818400000011025,1,3,False,False,DEV,TARGET
7718,2026-08-06 07:10:01.376,1,1.0,4.0,-0.5329600000004575,5.0,26.197579,28.861527,23.026105,4.849232000000484,4.269179999999324,1,2,False,False,DEV,TARGET
7719,2026-08-06 07:10:16.920,1,4.0,1.0,0.029920000000856817,2.0,44.282584,35.768786,27.154223,5.381052000000636,4.56328399999984,3,3,False,False,DEV,TARGET
7720,2026-08-06 07:10:17.056,1,1.0,4.0,2.801048000001174,5.0,58.74198,44.501925,33.010527,6.377043999997113,5.012860000002547,10,10,False,True,DEV,TARGET
7724,2026-08-06 07:11:07.208,1,5.0,0.0,-1.822995999998966,1.0,30.673136,35.027834,28.92998,6.084043999999267,5.67604399999982,1,1,False,False,DEV,TARGET
7725,2026-08-06 07:11:15.700,1,0.0,5.0,2.137667999999394,6.0,51.91712,43.17344,34.012595,6.902495999998791,6.075864000002184,3,10,False,True,DEV,STOP
7727,2026-08-06 07:12:00.300,1,2.0,3.0,-1.5463479999998526,2.0,51.140713,44.255711,35.485218,6.8843439999982365,6.460384000001795,0,0,False,True,DEV,STOP
7752,2026-08-06 07:17:29.736,1,1.0,4.0,3.136507999999594,5.0,57.715489,19.941147,12.963616,0.10954000000128872,1.7163679999976011,10,10,False,False,DEV,TARGET
7756,2026-08-06 07:18:34.612,1,1.0,4.0,1.0374559999982012,5.0,44.592277,23.952519,16.351781,2.4562000000005355,2.315520000000106,1,2,False,False,DEV,TARGET
7758,2026-08-06 07:19:16.076,1,0.0,5.0,1.7633999999998196,4.0,59.031413,38.228733,25.473272,4.105631999998877,2.952128000000812,0,0,False,True,DEV,STOP
7760,2026-08-06 07:19:55.456,1,2.0,3.0,-1.1678199999987555,2.0,52.171591,37.641997,26.176225,4.668168000000151,3.410303999997268,0,0,False,True,DEV,STOP
7776,2026-08-06 07:25:14.392,-1,1.0,4.0,5.700003999998444,5.0,69.915292,51.64411,29.668518,6.443348000000697,0.16530400000192458,10,10,False,False,DEV,TARGET
7777,2026-08-06 07:25:25.052,-1,1.0,4.0,7.211115999998583,5.0,71.656431,56.000496,35.152631,8.160768000001553,1.0619240000014543,10,10,False,False,DEV,TARGET
7778,2026-08-06 07:25:29.532,-1,2.0,3.0,7.608643999999913,4.0,73.53179,60.075231,40.681577,9.81348799999978,2.0142720000003465,10,10,False,True,DEV,STOP
7779,2026-08-06 07:25:32.048,-1,5.0,0.0,5.584500000000844,1.0,73.480988,61.800054,43.728907,10.96385999999984,2.890535999998974,10,10,False,True,DEV,STOP
7784,2026-08-06 07:26:09.016,-1,2.0,3.0,-0.9176000000006752,4.0,15.626079,40.066884,29.702918,8.573660000001837,4.65824799999973,1,2,False,False,DEV,TARGET
7785,2026-08-06 07:26:16.640,-1,1.0,4.0,2.064087999999174,5.0,49.732206,48.251648,35.679148,9.179488000001584,5.195659999997588,4,4,False,True,DEV,TARGET
7786,2026-08-06 07:26:24.292,-1,1.0,4.0,4.383180000000721,5.0,62.912307,54.542802,41.116733,10.160907999998017,5.8583160000016505,5,10,True,True,DEV,TARGET
7787,2026-08-06 07:26:24.348,-1,0.0,5.0,6.964695999999094,6.0,69.717574,59.804744,46.336893,11.535868000002665,6.67037199999686,10,10,True,True,DEV,TARGET
7788,2026-08-06 07:26:24.348,-1,0.0,5.0,8.972539999998844,6.0,73.44392,63.82326,50.86403,13.167976000000635,7.611951999999292,10,10,True,True,DEV,STOP
7791,2026-08-06 07:26:31.688,-1,3.0,2.0,-2.2186800000017683,1.0,54.405608,57.572862,47.569895,12.636900000001333,9.052296000001661,0,0,False,True,DEV,TARGET
7792,2026-08-06 07:26:32.696,-1,1.0,4.0,1.052135999998427,5.0,47.376925,55.373913,46.42669,12.732624000000214,9.530048000000534,1,2,False,True,DEV,STOP
7803,2026-08-06 07:27:27.176,-1,4.0,1.0,-3.4974120000006224,-0.0,33.38052,40.908415,39.58907,7.337648000000627,10.29506400000173,0,0,False,False,DEV,STOP
7807,2026-08-06 07:28:07.012,-1,3.0,2.0,-1.6313520000003336,3.0,12.933135,28.34826,33.113856,5.465776000000915,9.750624000000244,1,4,False,False,DEV,STOP
7816,2026-08-06 07:28:50.344,-1,4.0,1.0,-1.0128960000001825,2.0,26.051478,16.783444,24.210829,2.3092519999991055,7.509328000000096,7,7,False,False,DEV,TARGET
7817,2026-08-06 07:29:09.228,-1,1.0,4.0,1.9899680000016815,5.0,53.332165,31.969977,31.045692,3.4026799999992363,7.675555999998323,8,10,False,True,DEV,TARGET
7819,2026-08-06 07:29:19.620,-1,3.0,2.0,-1.8085360000004584,1.0,51.677844,35.237623,32.826609,3.9856719999988854,7.693208000000595,0,0,False,True,DEV,TARGET
7820,2026-08-06 07:29:22.952,-1,2.0,3.0,0.5933599999989383,4.0,48.54797,35.115926,32.860792,4.689604000002873,7.847363999997469,1,1,False,True,DEV,TARGET
7838,2026-08-06 07:31:21.656,-1,1.0,4.0,0.18599600000015926,3.0,56.004158,23.897514,17.837906,0.7946640000009211,2.9096559999998135,0,0,False,False,DEV,TARGET
7841,2026-08-06 07:31:52.296,-1,4.0,1.0,-0.6011040000012144,2.0,42.893086,23.113691,18.008822,2.3013080000018817,3.2148400000005495,1,1,False,False,DEV,TARGET
7843,2026-08-06 07:32:05.508,-1,5.0,0.0,-4.326592000001256,-1.0,33.455641,22.204919,17.988539,2.3848440000001574,3.287395999999717,0,0,False,False,DEV,TARGET
7844,2026-08-06 07:32:09.020,-1,2.0,3.0,-1.3651280000012775,4.0,30.455887,21.910182,18.006088,2.858720000000176,3.4463439999999537,1,1,False,False,DEV,TARGET
7850,2026-08-06 07:33:05.968,-1,5.0,0.0,-4.699616000001697,1.0,-16.461476,2.06028,8.292079,1.3297760000023118,3.0921159999998054,1,1,False,False,DEV,STOP
7864,2026-08-06 07:35:11.988,1,0.0,0.0,3.7582079999992857,-1.0,58.431363,40.175221,21.126557,4.515559999999823,0.16370000000097207,0,0,False,False,DEV,TARGET
7865,2026-08-06 07:35:29.868,1,0.0,5.0,1.034164000000601,4.0,56.097808,40.589258,22.316347,5.2576999999982945,0.6578599999993457,0,0,False,False,DEV,TARGET
7868,2026-08-06 07:36:00.548,1,1.0,4.0,2.2657319999998435,5.0,51.477157,41.220277,25.059484,6.397956000000704,1.883320000000822,1,10,False,True,DEV,STOP
7879,2026-08-06 07:37:28.884,-1,4.0,1.0,2.4461039999987406,2.0,64.238001,42.724364,23.409093,4.497476000000461,0.5085160000016913,10,10,False,False,DEV,TARGET
7883,2026-08-06 07:38:32.344,-1,2.0,3.0,0.14145600000119884,4.0,37.675618,32.860304,19.719614,5.148799999999028,1.7158520000011777,1,2,False,False,DEV,TARGET
7884,2026-08-06 07:38:48.968,-1,2.0,3.0,2.110020000000077,4.0,54.758663,41.592397,26.02036,6.0370159999984025,2.2313840000024356,3,10,False,True,DEV,TARGET
7885,2026-08-06 07:38:59.048,-1,4.0,1.0,2.0855719999999565,2.0,61.498083,47.288745,30.953117,6.8496999999988475,2.761640000000625,10,10,False,True,DEV,TARGET
7889,2026-08-06 07:39:29.120,-1,4.0,1.0,-0.20919599999979255,2.0,44.444841,42.44995,30.289632,7.365467999999964,4.172743999999511,1,2,False,False,DEV,TARGET
7890,2026-08-06 07:39:33.212,-1,1.0,4.0,2.6150679999991553,5.0,57.631501,48.615115,35.183633,8.168703999999707,4.708812000000762,3,10,False,True,DEV,TARGET
7891,2026-08-06 07:39:58.200,-1,2.0,3.0,4.033943999998883,4.0,63.90702,53.214305,39.390741,9.167123999999603,5.331024000002799,10,10,True,True,DEV,TARGET
7892,2026-08-06 07:40:01.456,-1,1.0,4.0,5.915288000000146,5.0,69.146787,58.055078,44.184865,10.42969599999924,6.068200000001525,10,10,True,True,DEV,STOP
7917,2026-08-06 07:43:50.848,1,3.0,2.0,1.5553399999989779,3.0,58.242521,47.359388,26.502227,7.434860000001208,0.3408239999989746,1,1,False,False,DEV,TARGET
7918,2026-08-06 07:44:05.524,1,2.0,3.0,3.2097079999985,4.0,62.526764,51.094501,30.825503,8.341276000002836,1.06117599999925,10,10,False,False,DEV,STOP
7927,2026-08-06 07:45:25.372,-1,1.0,4.0,5.772504000000481,5.0,68.010322,42.156602,22.770674,3.5064839999977266,0.46322800000052666,10,10,False,False,DEV,TARGET
7934,2026-08-06 07:46:51.032,-1,1.0,4.0,1.9113719999986643,5.0,48.321313,36.997524,23.858114,5.458496000002924,2.581739999997808,1,5,False,True,DEV,TARGET
7936,2026-08-06 07:47:24.664,-1,4.0,1.0,-2.0289239999983693,-0.0,52.537457,41.652585,28.164062,5.805979999997362,3.1786560000000463,0,0,False,True,DEV,TARGET
7939,2026-08-06 07:48:27.872,-1,2.0,3.0,-0.827052000000549,4.0,30.937468,33.337503,24.381382,5.630664000000252,3.7924160000002303,1,1,False,False,DEV,TARGET
7943,2026-08-06 07:50:00.072,-1,1.0,4.0,1.2673759999997856,5.0,41.400668,35.984044,27.201793,5.813595999999961,4.557616000001872,1,10,False,False,DEV,TARGET
7949,2026-08-06 07:51:47.084,-1,3.0,2.0,-2.9031680000007327,3.0,-8.654498,14.826683,17.454181,3.53074800000104,4.689679999999498,1,2,False,False,DEV,STOP
7968,2026-08-06 07:54:59.132,1,3.0,2.0,6.070532000001549,3.0,71.145247,52.676143,30.615125,6.52491199999713,0.2068520000029821,10,10,False,False,DEV,TARGET
7970,2026-08-06 07:55:14.244,1,1.0,4.0,3.425383999998303,3.0,68.98255,55.216569,35.454146,8.381000000001222,1.5862799999995332,0,0,False,True,DEV,TARGET
7976,2026-08-06 07:55:51.976,1,4.0,1.0,-1.9220639999984996,2.0,23.437307,36.191533,25.358054,6.840055999997276,3.4989520000017365,1,1,False,False,DEV,TARGET
7977,2026-08-06 07:56:04.060,1,3.0,2.0,-0.27271599999949103,3.0,42.915713,41.555794,29.24566,7.157267999999021,3.888591999999335,5,5,False,False,DEV,TARGET
7978,2026-08-06 07:56:14.760,1,4.0,1.0,0.23233199999958742,2.0,51.15322,45.063311,32.189296,7.541455999999016,4.30236800000057,8,10,False,True,DEV,TARGET
7980,2026-08-06 07:56:32.088,1,3.0,2.0,-2.8718000000008033,1.0,40.904385,41.902875,31.223779,7.064332000001741,4.76204399999915,0,0,False,False,DEV,TARGET
7981,2026-08-06 07:56:46.216,1,3.0,2.0,-1.011399999999412,3.0,36.793201,40.43826,30.773321,7.228532000000996,5.072559999996884,1,1,False,False,DEV,TARGET
7982,2026-08-06 07:56:57.072,1,2.0,3.0,1.2133560000002035,4.0,49.583261,44.92469,34.086659,7.7864039999985835,5.494256000001769,2,10,False,True,DEV,TARGET
7984,2026-08-06 07:57:34.372,1,2.0,3.0,0.3142520000001241,2.0,57.307624,49.622016,38.344805,8.375144000001455,6.227227999999741,0,0,False,True,DEV,TARGET
7985,2026-08-06 07:57:41.688,1,0.0,5.0,3.7999759999984235,6.0,61.00556,52.328326,40.845959,9.314268000001903,6.786039999999048,1,10,True,True,DEV,TARGET
7986,2026-08-06 07:57:48.404,1,2.0,3.0,4.9555360000013025,4.0,66.431631,56.51261,44.640679,10.38956799999869,7.421836000001349,10,10,True,True,DEV,STOP
7989,2026-08-06 07:58:17.552,1,4.0,1.0,-2.9372440000006463,0.0,43.957611,49.652026,41.425174,9.750867999999173,8.306115999999747,0,0,False,False,DEV,STOP
7996,2026-08-06 07:59:48.784,1,3.0,2.0,-0.1362440000011702,3.0,34.80888,34.575412,33.053407,5.8566720000017085,8.149355999998079,5,7,False,False,DEV,TARGET
8666,2026-08-06 11:00:04.228,1,2.0,3.0,2.9204639999989013,4.0,59.818296,45.067603,31.517645,6.437904000002163,3.9621039999983623,1,10,False,True,DEV,STOP
8670,2026-08-06 11:00:45.072,1,3.0,2.0,-1.4037439999992785,3.0,22.306234,32.441177,25.758264,5.946560000000318,4.729291999999987,1,2,False,False,DEV,TARGET
8672,2026-08-06 11:02:34.844,1,0.0,0.0,0.1878599999981816,-1.0,25.577308,32.461613,26.365542,5.276380000002973,4.903439999998227,0,0,False,False,DEV,TARGET
8674,2026-08-06 11:03:44.964,1,3.0,2.0,-1.3431479999999283,3.0,27.844199,31.821783,26.439808,5.420880000001489,5.2213080000001355,1,1,False,False,DEV,TARGET
8675,2026-08-06 11:03:59.588,1,4.0,1.0,-0.6002240000016172,2.0,42.903196,37.146666,29.651694,5.791736000002857,5.468347999998514,3,7,False,False,DEV,TARGET
8676,2026-08-06 11:04:27.252,1,2.0,3.0,1.533156000001327,4.0,54.258127,43.136198,33.607841,6.523035999998683,5.832691999999952,10,10,False,True,DEV,NONE
8677,2026-08-06 11:05:36.956,1,4.0,1.0,1.636900000001333,2.0,59.136816,47.079198,36.616346,7.214796000000206,6.218015999998897,10,10,False,True,DEV,STOP
8687,2026-08-06 11:12:23.752,1,4.0,1.0,-1.6478080000015325,2.0,28.208718,27.001983,26.427593,4.221488000002864,6.385947999999189,1,1,False,False,DEV,TARGET
8690,2026-08-06 11:14:15.764,1,1.0,4.0,1.003843999998935,5.0,38.053238,31.038098,28.517063,4.764536000002408,6.56122399999731,1,10,False,False,DEV,TARGET
8691,2026-08-06 11:14:19.524,1,1.0,4.0,3.5585439999995288,5.0,58.717887,42.829224,35.185382,5.94836800000121,6.947019999999611,10,10,False,True,DEV,TARGET
8700,2026-08-06 11:16:16.748,1,1.0,4.0,1.0568879999991623,5.0,31.475148,15.102137,19.201607,1.819972000001144,5.503504000000248,5,6,False,False,DEV,TARGET
8701,2026-08-06 11:16:21.144,1,3.0,2.0,2.0442440000006172,3.0,56.54116,31.865299,27.366863,2.962467999997898,5.731288000002678,7,7,False,True,DEV,TARGET
8702,2026-08-06 11:16:42.048,1,3.0,2.0,2.8121920000012324,3.0,63.34004,40.866691,32.664313,4.1539840000004915,6.036999999996624,8,9,False,True,DEV,TARGET
8703,2026-08-06 11:16:53.984,1,1.0,4.0,4.965036000001419,5.0,67.070626,47.448121,37.226069,5.643843999998353,6.492207999999664,10,10,False,True,DEV,TARGET
8704,2026-08-06 11:16:57.160,1,1.0,4.0,6.639471999998932,5.0,70.35648,53.44773,41.984011,7.320700000000215,7.078128000001016,10,10,True,True,DEV,TARGET
8705,2026-08-06 11:16:59.028,1,1.0,4.0,7.941812000000937,5.0,73.09389,58.641577,46.686871,9.101543999997375,7.777756000003137,10,10,True,True,DEV,TARGET
8706,2026-08-06 11:17:00.712,1,2.0,3.0,8.176963999998407,4.0,74.459553,62.028653,50.243646,10.782924000002822,8.534907999997813,10,10,True,True,DEV,STOP
8707,2026-08-06 11:17:02.220,1,5.0,0.0,6.026527999998507,1.0,74.2158,63.423765,52.124189,11.936568000000989,9.218176000002131,10,10,True,True,DEV,STOP
8709,2026-08-06 11:17:03.384,1,1.0,4.0,1.5839479999995092,3.0,65.533185,59.775853,50.179751,12.226416000001336,10.086307999998098,0,0,True,True,DEV,STOP
8717,2026-08-06 11:20:30.944,1,4.0,1.0,-3.71846000000005,2.0,-18.551389,18.931409,28.646309,4.839756000001216,9.317391999997199,1,3,False,False,DEV,TARGET
8718,2026-08-06 11:21:02.788,1,3.0,2.0,-1.6699120000012044,3.0,22.079931,29.054359,32.7204,5.06150400000115,9.324007999999594,5,5,False,False,DEV,STOP
8722,2026-08-06 11:25:26.360,1,4.0,1.0,-1.1130120000016177,2.0,32.691001,31.477141,33.373076,5.076520000002347,9.120463999999629,1,2,False,False,DEV,STOP
8729,2026-08-06 11:28:46.612,1,5.0,0.0,-2.68272799999977,1.0,9.947449,8.02963,19.730119,1.3400839999994787,7.034063999999489,3,3,False,False,DEV,STOP
8746,2026-08-06 11:41:32.996,-1,0.0,5.0,0.3689960000010615,4.0,51.081955,45.233658,25.38307,7.521091999999044,0.5655679999981658,0,0,False,False,DEV,TARGET
8747,2026-08-06 11:41:55.020,-1,1.0,4.0,3.064775999999256,5.0,57.270246,48.764601,29.268068,8.394108000000415,1.2730200000005425,1,10,False,False,DEV,TARGET
8748,2026-08-06 11:42:00.300,-1,1.0,4.0,5.161491999999271,5.0,66.010715,54.901433,35.809306,9.58067999999912,2.098288000001048,10,10,False,True,DEV,STOP
8760,2026-08-06 11:49:23.924,-1,4.0,1.0,-2.461960000000545,2.0,7.730491,5.140074,7.856469,0.9123240000008082,2.382868000000599,4,5,False,False,DEV,TARGET
8763,2026-08-06 11:52:59.688,-1,2.0,3.0,-0.8963680000015302,4.0,25.554153,13.619751,11.879362,1.619860000002518,2.478667999999743,1,9,False,False,DEV,STOP
8775,2026-08-06 12:02:34.760,1,0.0,5.0,6.7334479999990435,6.0,69.10302,49.05284,28.409513,5.792836000000534,0.7195160000010219,10,10,False,False,DEV,TARGET
8778,2026-08-06 12:04:18.336,1,0.0,5.0,0.27102000000013504,4.0,56.087866,46.322164,29.344508,7.113511999999901,2.1746800000000803,0,0,False,True,DEV,TARGET
8779,2026-08-06 12:04:50.840,1,1.0,4.0,2.988571999998385,5.0,56.785157,47.643327,31.195253,8.005196000001888,2.7984160000014526,1,2,False,True,DEV,STOP
8786,2026-08-06 12:09:32.320,1,1.0,4.0,1.860051999999996,5.0,45.248909,40.21334,29.551863,6.786651999998867,4.558852000001934,5,10,False,True,DEV,TARGET
8787,2026-08-06 12:10:21.648,1,2.0,3.0,3.4467079999994894,4.0,61.234653,49.019535,36.04491,7.7882600000011735,5.099783999998181,10,10,False,True,DEV,STOP
8788,2026-08-06 12:12:07.476,1,5.0,0.0,2.34744000000137,1.0,65.132734,52.972795,39.68999,8.508731999998417,5.602707999998529,10,10,True,True,DEV,STOP
8805,2026-08-06 12:25:01.404,-1,1.0,4.0,5.541880000000674,5.0,67.293881,48.832237,26.981888,6.251675999999861,0.05119600000034552,10,10,False,False,DEV,TARGET
8806,2026-08-06 12:25:03.360,-1,1.0,4.0,7.088127999999415,5.0,71.390968,55.44648,34.420501,7.961943999998766,0.9380240000027698,10,10,False,False,DEV,TARGET
8807,2026-08-06 12:25:06.468,-1,2.0,3.0,7.512987999998586,4.0,73.364945,59.670392,40.076397,9.61308000000281,1.8820999999988999,10,10,False,True,DEV,STOP
8816,2026-08-06 12:26:50.820,-1,5.0,0.0,-1.6683279999997467,1.0,29.069877,33.833672,25.522976,5.911928000001353,4.24332399999912,3,3,False,False,DEV,TARGET
8819,2026-08-06 12:28:01.304,-1,4.0,1.0,-2.078512000000046,2.0,25.176436,31.646683,25.30204,5.473128000001452,4.674083999998402,1,1,False,False,DEV,TARGET
8824,2026-08-06 12:29:27.896,-1,1.0,4.0,-0.8878320000003441,5.0,14.769987,23.003987,21.382861,4.17376399999921,4.832360000000335,1,10,False,False,DEV,TARGET
8827,2026-08-06 12:30:08.256,-1,1.0,4.0,1.2269879999985278,5.0,43.88231,34.093288,27.640673,5.028304000003118,5.291927999998734,1,10,False,False,DEV,STOP
8841,2026-08-06 12:38:40.928,-1,3.0,2.0,0.1493880000016361,3.0,47.416202,18.124166,15.403066,0.8330879999994067,3.0991199999989476,5,10,False,False,DEV,TARGET
8842,2026-08-06 12:39:00.620,-1,3.0,2.0,1.3384159999986878,3.0,55.201648,27.224245,20.267906,1.92546399999992,3.3439280000020517,10,10,False,False,DEV,TARGET
8843,2026-08-06 12:40:00.680,-1,4.0,1.0,1.4854320000013104,2.0,59.706445,34.475103,24.672554,2.9573359999994864,3.6313999999983935,10,10,False,True,DEV,TARGET
8844,2026-08-06 12:40:34.152,-1,4.0,1.0,1.5997800000004645,2.0,61.605289,39.296095,28.051244,3.9275679999991553,3.9556760000014037,10,10,False,True,DEV,TARGET
8845,2026-08-06 12:41:21.528,-1,3.0,2.0,2.466496000000916,3.0,62.937222,43.215546,31.109474,4.978663999998389,4.352256000001944,10,10,False,True,DEV,TARGET
8846,2026-08-06 12:41:42.324,-1,1.0,4.0,4.696164000000863,5.0,66.160622,48.519606,35.394472,6.3533839999981865,4.893068000001222,10,10,False,True,DEV,TARGET
8847,2026-08-06 12:42:01.880,-1,4.0,1.0,4.097015999999712,2.0,68.205872,52.585391,39.123986,7.508568000001105,5.437320000000909,10,10,True,True,DEV,TARGET
8849,2026-08-06 12:42:45.120,-1,0.0,5.0,2.404367999999522,4.0,64.507662,53.180793,40.889751,8.63779599999907,6.3027080000028946,0,0,True,True,DEV,STOP
8851,2026-08-06 12:44:02.604,-1,1.0,4.0,1.2075799999984156,3.0,60.545501,52.75173,41.679363,9.284107999999833,7.094256000000314,0,0,True,True,DEV,STOP
8860,2026-08-06 12:46:39.400,-1,3.0,2.0,-0.10380000000077416,3.0,35.276283,31.094611,29.378713,4.915288000000146,6.9937840000020515,6,7,False,False,DEV,TARGET
8862,2026-08-06 12:47:48.152,-1,2.0,3.0,-0.48254399999859743,2.0,51.545422,40.032696,34.431639,5.626987999999983,7.290179999999964,0,0,False,True,DEV,TARGET
8863,2026-08-06 12:48:00.740,-1,1.0,4.0,2.402463999998872,5.0,56.273085,43.816945,36.875236,6.530424000000494,7.621947999999975,1,10,False,True,DEV,STOP
8870,2026-08-06 12:50:00.132,-1,0.0,5.0,0.3275119999998424,6.0,12.196922,17.257279,22.83291,3.3124360000001616,6.785587999998825,3,4,False,False,DEV,TARGET
8871,2026-08-06 12:50:01.272,-1,3.0,2.0,1.4769559999986086,3.0,50.315167,33.390038,30.435624,4.231796000000031,6.994212000001426,5,6,False,True,DEV,TARGET
8873,2026-08-06 12:50:04.116,-1,1.0,4.0,0.0416159999986121,3.0,55.009135,39.905296,34.31579,5.08947199999966,7.246772000002238,0,0,False,True,DEV,TARGET
8874,2026-08-06 12:50:09.072,-1,1.0,4.0,2.810143999999127,5.0,57.265573,42.903891,36.286936,6.110459999999875,7.579696000000695,1,10,False,True,DEV,STOP
8879,2026-08-06 12:50:42.396,-1,1.0,4.0,-0.517891999999847,5.0,17.076223,28.300759,29.374099,5.312104000000545,7.67487600000095,1,2,False,False,DEV,TARGET
8880,2026-08-06 12:50:45.492,-1,2.0,3.0,1.597195999998803,4.0,48.437457,39.193276,34.902125,6.093479999999545,7.93648800000301,4,4,False,True,DEV,STOP
8882,2026-08-06 12:51:15.004,-1,0.0,0.0,0.79336400000102,-1.0,41.86822,38.172361,34.750723,5.642423999997845,7.952068000002328,0,0,False,False,DEV,TARGET
8902,2026-08-06 12:54:12.812,1,2.0,3.0,2.2781399999985297,4.0,57.566686,48.570429,27.533702,8.15425200000027,0.4056640000017069,3,10,False,False,DEV,TARGET
8903,2026-08-06 12:54:15.900,1,1.0,4.0,4.549663999998302,5.0,64.672562,53.722379,33.334276,9.248136000001978,1.2230759999984002,10,10,False,False,DEV,STOP
8921,2026-08-06 12:57:30.900,1,0.0,5.0,0.9572279999993043,6.0,28.705524,18.328215,16.52536,2.5943919999990612,3.6284640000012587,1,7,False,False,DEV,TARGET
8923,2026-08-06 12:58:23.624,1,3.0,2.0,-1.2234040000003006,1.0,52.308226,33.47198,24.954721,3.535092000001896,3.9695039999969595,0,0,False,True,DEV,TARGET
8924,2026-08-06 12:58:50.408,1,1.0,4.0,1.8262399999985064,5.0,54.01215,36.561416,27.133167,4.5005160000000615,4.3159599999999045,1,10,False,True,DEV,STOP
8941,2026-08-06 12:59:58.500,1,2.0,3.0,3.1290719999997236,4.0,58.110332,24.816362,14.866783,1.1417440000004717,1.5080720000005385,10,10,False,False,DEV,TARGET
9970,2026-08-07 06:32:01.000,1,2.0,3.0,2.2868080000007467,4.0,55.985253,37.015086,19.233005,4.449615999998059,0.36497199999939767,10,10,False,False,DEV,TARGET
9971,2026-08-07 06:32:08.032,1,2.0,3.0,3.778628000000026,4.0,63.901086,45.388375,26.200136,5.698879999999917,0.9924639999990177,10,10,False,False,DEV,STOP
9985,2026-08-07 06:33:06.996,1,1.0,4.0,1.5756880000008096,5.0,47.531974,32.610427,22.683192,4.288027999999031,3.1960959999996703,1,10,False,True,DEV,TARGET
9986,2026-08-07 06:33:17.020,1,3.0,2.0,2.447756000001391,3.0,59.004291,41.410161,28.606483,5.306859999996959,3.636184000002686,10,10,False,True,DEV,STOP
9995,2026-08-07 06:33:40.808,1,1.0,4.0,0.4247560000003432,5.0,20.560008,11.253213,12.330908,1.7038240000001679,3.2011319999983243,3,4,False,False,DEV,STOP
9998,2026-08-07 06:34:04.644,1,4.0,1.0,-2.7740840000005846,2.0,21.782349,15.861478,14.829421,2.0502720000004047,3.2592440000007628,1,1,False,False,DEV,TARGET
10006,2026-08-07 06:34:56.016,1,1.0,4.0,-0.7320160000017495,5.0,7.498407,5.720498,8.850566,1.2058360000009998,2.7361559999990277,1,9,False,False,DEV,STOP
10007,2026-08-07 06:35:05.008,1,4.0,1.0,-0.12490400000024238,2.0,42.526712,21.08135,16.351504,2.000820000001113,2.9336719999992056,10,10,False,False,DEV,STOP
10025,2026-08-07 06:36:14.044,-1,3.0,2.0,-0.35783599999922444,3.0,38.750533,23.650502,11.937348,2.8139439999977185,0.4377679999997781,1,10,False,False,DEV,TARGET
10026,2026-08-07 06:36:18.620,-1,0.0,5.0,3.2772399999994377,6.0,56.540072,35.863323,19.798163,4.102380000000267,0.9693960000004154,10,10,False,False,DEV,TARGET
10028,2026-08-07 06:36:23.060,-1,2.0,3.0,-0.25203999999939697,2.0,58.49296,41.745704,25.315108,5.03095200000098,1.695899999998801,0,0,False,True,DEV,TARGET
10029,2026-08-07 06:36:24.992,-1,1.0,4.0,2.581748000000516,5.0,57.425061,42.851284,26.873988,6.014847999998892,2.2321479999991425,1,10,False,True,DEV,TARGET
10031,2026-08-07 06:36:31.456,-1,0.0,5.0,1.4877239999987069,4.0,60.303172,47.583765,31.88539,7.007636000002094,3.113180000000284,0,0,False,True,DEV,STOP
10033,2026-08-07 06:36:39.064,-1,2.0,3.0,-1.9395240000012564,2.0,47.560585,42.943269,29.911039,6.816396000001987,3.6837200000009034,0,0,False,True,DEV,TARGET
10034,2026-08-07 06:36:44.000,-1,2.0,3.0,0.49148000000059255,4.0,44.9641,42.287953,30.065075,7.275244000000384,4.105219999997644,1,10,False,False,DEV,STOP
10036,2026-08-07 06:36:59.036,-1,0.0,0.0,0.12447600000086823,-1.0,32.835485,38.387655,28.652248,6.375679999997374,4.4212320000006,0,0,False,False,DEV,TARGET
10038,2026-08-07 06:37:10.592,-1,3.0,2.0,-2.591368000001239,3.0,14.061526,31.015049,25.06709,5.853100000000268,4.702228000001924,1,1,False,False,DEV,STOP
10052,2026-08-07 06:38:47.900,1,4.0,1.0,1.2394400000011956,2.0,56.732211,43.430352,23.957584,6.253887999999279,0.5474119999998948,2,10,False,False,DEV,STOP
10054,2026-08-07 06:38:59.096,1,1.0,4.0,-0.7070039999998698,3.0,51.184208,42.866975,25.36079,6.502155999998649,1.3558720000000903,0,0,False,False,DEV,STOP
10059,2026-08-07 06:39:29.440,1,3.0,2.0,-2.2837079999990237,3.0,-0.863609,19.41796,13.491101,4.144000000000233,2.024195999998483,1,2,False,False,DEV,STOP
10079,2026-08-07 06:40:44.344,1,4.0,1.0,-0.9018040000009933,2.0,39.222436,11.617225,5.39464,0.2667600000022503,0.12351199999829987,5,6,False,False,DEV,TARGET
10082,2026-08-07 06:40:56.572,1,0.0,5.0,1.9981919999991078,6.0,45.93923,22.503918,11.938615,2.123884000000544,0.7320800000015879,1,10,False,False,DEV,TARGET
10088,2026-08-07 06:41:38.228,1,2.0,3.0,0.7189240000006976,4.0,41.783681,28.008171,17.371927,3.6733839999978954,1.861192000000301,1,10,False,False,DEV,TARGET
10089,2026-08-07 06:41:42.132,1,2.0,3.0,2.559163999998418,4.0,57.733676,38.984665,24.581128,4.761760000001232,2.3343999999997322,10,10,False,True,DEV,STOP
10104,2026-08-07 06:42:35.032,-1,5.0,0.0,-2.3618199999982608,1.0,30.176911,26.311706,13.324044,3.8318039999976463,0.39533600000140723,1,1,False,False,DEV,STOP
10111,2026-08-07 06:43:08.104,1,2.0,3.0,-0.508163999998942,2.0,56.922671,26.69354,13.152481,1.1747159999977157,0.177216000000044,0,0,False,False,DEV,TARGET
10112,2026-08-07 06:43:15.536,1,5.0,0.0,-0.7285719999999856,1.0,50.056457,24.824404,12.653627,1.861799999998766,0.44215600000097766,1,1,False,False,DEV,TARGET
10113,2026-08-07 06:43:19.464,1,1.0,4.0,2.211112000000867,5.0,56.682974,32.57486,17.759238,3.0314560000006168,0.8788800000002084,2,10,False,False,DEV,TARGET
10114,2026-08-07 06:43:30.996,1,5.0,0.0,1.3864199999989069,1.0,59.561029,37.756442,21.763048,3.9567440000028,1.302931999998691,10,10,False,False,DEV,TARGET
10115,2026-08-07 06:43:45.948,1,4.0,1.0,1.5227720000002591,2.0,62.441702,42.794718,26.018988,4.832940000000235,1.7552439999999478,10,10,False,True,DEV,TARGET
10116,2026-08-07 06:43:51.608,1,2.0,3.0,3.184376000001066,4.0,63.536701,46.080288,29.270774,5.942875999997341,2.312688000001799,10,10,False,True,DEV,TARGET
10117,2026-08-07 06:43:55.176,1,1.0,4.0,5.254516000000876,5.0,67.186185,51.311033,34.306251,7.342555999999604,3.0020839999997406,10,10,False,True,DEV,TARGET
10118,2026-08-07 06:43:57.212,1,1.0,4.0,6.8646240000016405,5.0,70.889083,56.696197,39.981944,8.924683999997796,3.8059600000015053,10,10,True,True,DEV,TARGET
10119,2026-08-07 06:44:04.288,1,4.0,1.0,5.7835960000011255,2.0,72.300952,59.831742,43.90652,10.182568000000174,4.586151999999856,10,10,True,True,DEV,TARGET
10123,2026-08-07 06:44:46.140,1,5.0,0.0,-1.441028000001097,1.0,39.748448,47.843483,37.089605,9.656308000001445,6.184603999998217,1,1,False,False,DEV,TARGET
10124,2026-08-07 06:44:52.352,1,1.0,4.0,1.6569799999997485,5.0,52.717127,51.477676,40.164652,10.101080000000366,6.6849680000013905,2,3,False,True,DEV,TARGET
10307,2026-08-07 07:00:44.268,1,3.0,2.0,-0.1419480000004114,1.0,62.12151,47.823805,28.162743,6.513439999998809,0.9166800000020885,0,0,False,False,DEV,TARGET
10308,2026-08-07 07:00:45.268,1,0.0,5.0,3.4451520000002347,6.0,60.487539,48.293849,29.538125,7.536619999998948,1.589216000000306,1,10,False,True,DEV,TARGET
10310,2026-08-07 07:01:00.092,1,3.0,2.0,0.8865719999994326,1.0,63.325592,52.604808,35.087959,8.560400000002119,2.733703999998397,0,0,False,True,DEV,STOP
10329,2026-08-07 07:02:19.992,-1,2.0,3.0,-1.7437400000017078,2.0,44.321604,34.797986,19.4555,4.74459200000274,0.9761279999984254,0,0,False,False,DEV,STOP
10338,2026-08-07 07:02:59.808,1,1.0,4.0,1.656063999998878,5.0,52.709925,25.928246,12.21415,1.9744080000018585,0.04857600000104867,2,10,False,False,DEV,STOP
10340,2026-08-07 07:03:12.124,1,2.0,3.0,-1.8376879999996163,2.0,48.538575,28.394423,14.79701,2.5969199999999546,0.48159600000144565,0,0,False,False,DEV,STOP
10345,2026-08-07 07:03:36.320,1,4.0,1.0,-2.112855999999738,2.0,24.5689,20.739401,12.51814,2.9987079999991693,1.2843720000018948,1,1,False,False,DEV,STOP
10350,2026-08-07 07:04:01.160,-1,3.0,2.0,3.781620000001567,3.0,66.133171,38.711344,19.966519,2.8177679999971588,0.18815200000244658,10,10,False,False,DEV,TARGET
10351,2026-08-07 07:04:07.676,-1,5.0,0.0,2.6079239999999118,1.0,66.953045,43.552015,24.400773,3.983511999998882,0.6946320000024571,10,10,False,False,DEV,TARGET
10352,2026-08-07 07:04:11.728,-1,0.0,5.0,5.583940000000439,6.0,68.730472,48.775427,29.534402,5.600180000001274,1.3848479999978736,10,10,False,False,DEV,TARGET
10355,2026-08-07 07:04:27.660,-1,0.0,5.0,1.2761199999986275,4.0,60.524706,48.916301,32.525967,7.467060000002675,2.912663999999495,0,0,False,True,DEV,TARGET
10357,2026-08-07 07:04:37.168,-1,2.0,3.0,-0.2527159999990545,2.0,55.234687,47.833353,33.185951,7.878543999999238,3.747751999999309,0,0,False,True,DEV,TARGET
10361,2026-08-07 07:04:58.072,-1,1.0,4.0,0.16312000000107219,5.0,33.340334,38.985203,29.328622,7.1845719999982975,4.77672800000073,1,2,False,False,DEV,TARGET
10403,2026-08-07 07:08:25.016,-1,1.0,4.0,1.7963200000012876,5.0,47.204111,14.971463,7.653297,0.44281599999885657,0.4688639999985753,5,6,False,False,DEV,STOP
10408,2026-08-07 07:08:47.088,1,3.0,2.0,1.3146919999999227,3.0,55.034903,25.843734,12.191049,1.6314200000015262,0.05669599999964703,6,7,False,False,DEV,STOP
10412,2026-08-07 07:09:13.664,-1,4.0,1.0,-0.012127999998483574,2.0,43.81574,11.681913,5.094481,0.001419999996869592,0.015068000000610482,6,6,False,False,DEV,TARGET
10415,2026-08-07 07:09:26.940,-1,1.0,4.0,1.7734439999985625,5.0,46.976203,22.348259,11.626163,1.982508000000962,0.6311679999998887,1,10,False,False,DEV,TARGET
10416,2026-08-07 07:09:46.176,-1,5.0,0.0,1.046011999998882,1.0,57.573054,32.817635,18.18002,2.929464000000735,1.0043079999995825,10,10,False,False,DEV,TARGET
10417,2026-08-07 07:09:49.892,-1,2.0,3.0,2.813564000000042,4.0,63.028772,40.694446,24.048223,4.123872000000119,1.4941199999993842,10,10,False,False,DEV,STOP
10419,2026-08-07 07:10:02.712,-1,0.0,5.0,1.0230200000005425,4.0,59.152082,42.310847,26.675081,5.221627999999328,2.2279280000002473,0,0,False,True,DEV,STOP
10427,2026-08-07 07:10:41.436,-1,3.0,2.0,0.1936520000017481,3.0,39.31741,29.529232,21.331811,4.230831999997463,3.323420000000624,3,10,False,False,DEV,STOP
10435,2026-08-07 07:11:22.120,-1,1.0,4.0,1.9195599999984552,5.0,45.87586,22.954655,17.274555,2.2735200000024633,2.9898839999987104,5,6,False,False,DEV,TARGET
10436,2026-08-07 07:11:37.476,-1,4.0,1.0,1.9374360000001616,2.0,59.398653,35.361715,24.496179,3.3601999999991676,3.3291319999989355,7,7,False,True,DEV,TARGET
10437,2026-08-07 07:11:51.784,-1,3.0,2.0,2.729115999998612,3.0,64.06061,42.600147,29.618066,4.504708000000392,3.7409160000024713,8,10,False,True,DEV,TARGET
10438,2026-08-07 07:12:00.224,-1,1.0,4.0,4.900423999999475,5.0,66.857993,48.052328,34.094904,5.954691999999341,4.297084000001632,10,10,False,True,DEV,TARGET
10439,2026-08-07 07:12:03.380,-1,2.0,3.0,5.811440000001312,4.0,69.736583,53.341687,38.911787,7.455267999997886,4.938347999999678,10,10,False,True,DEV,TARGET
10440,2026-08-07 07:12:06.156,-1,1.0,4.0,7.297787999999855,5.0,72.354718,58.146607,43.788734,9.107584000001225,5.69360400000005,10,10,True,True,DEV,TARGET
10441,2026-08-07 07:12:10.260,-1,1.0,4.0,8.453836000000592,5.0,73.977255,61.659473,47.829885,10.839108000000124,6.547247999998945,10,10,True,True,DEV,TARGET
10442,2026-08-07 07:12:12.380,-1,2.0,3.0,8.575204000000667,4.0,75.051111,64.313147,51.199238,12.454303999998956,7.444400000000314,10,10,True,True,DEV,STOP
10444,2026-08-07 07:12:43.112,-1,0.0,0.0,5.014631999998528,-1.0,68.037312,61.680942,50.142857,12.711144000000786,8.520995999999286,0,0,True,True,DEV,STOP
10445,2026-08-07 07:12:49.064,-1,4.0,1.0,-1.0997319999987667,-0.0,57.310904,57.570094,47.346974,12.407444000000396,8.909775999996782,0,0,False,True,DEV,STOP
10459,2026-08-07 07:14:23.012,-1,1.0,4.0,-0.741332000001421,5.0,17.672169,11.12135,20.070414,1.620840000003227,6.622667999999976,4,5,False,False,DEV,TARGET
10462,2026-08-07 07:14:33.456,-1,3.0,2.0,-0.12520800000129384,3.0,38.471536,22.950352,24.808962,2.734360000002198,6.506259999998292,1,9,False,False,DEV,TARGET
10468,2026-08-07 07:15:02.076,-1,1.0,4.0,0.13125600000057602,5.0,28.841325,21.960144,23.671667,3.2353839999996126,6.173471999998583,1,10,False,False,DEV,STOP
10485,2026-08-07 07:16:41.248,1,0.0,5.0,1.882716000000073,4.0,62.261111,51.493511,31.37032,8.326475999998365,1.1076240000002144,0,0,False,False,DEV,TARGET
10486,2026-08-07 07:16:43.352,1,1.0,4.0,4.242111999999906,5.0,63.406581,53.328495,34.109219,9.350343999998586,1.8884080000025278,1,10,False,True,DEV,TARGET
10487,2026-08-07 07:17:08.388,1,3.0,2.0,4.521644000000379,3.0,67.735166,57.264792,38.923931,10.343415999999706,2.6949840000015683,10,10,False,True,DEV,TARGET
10489,2026-08-07 07:17:19.868,1,0.0,0.0,2.562475999999151,-1.0,57.337067,53.701769,37.581274,9.945707999999286,3.663932000003115,0,0,False,True,DEV,TARGET
10490,2026-08-07 07:17:27.848,1,0.0,5.0,0.1041479999985313,4.0,48.722177,50.793624,35.992086,10.083384000001388,4.193520000000717,0,0,False,True,DEV,TARGET
10493,2026-08-07 07:17:34.628,1,1.0,4.0,2.298660000000382,5.0,51.750046,51.05255,38.146647,10.177223999999114,5.54892000000109,1,10,False,True,DEV,TARGET
10494,2026-08-07 07:17:34.668,1,0.0,5.0,5.343400000001566,6.0,64.512478,56.972334,43.552078,11.25441199999841,6.2887640000008105,10,10,True,True,DEV,STOP
10503,2026-08-07 07:18:16.844,1,5.0,0.0,-4.8333720000009635,1.0,-19.0681,28.126562,30.129616,6.726220000000467,8.054759999999078,1,1,False,False,DEV,TARGET
10504,2026-08-07 07:18:24.216,1,3.0,2.0,-2.5370680000014545,3.0,9.959576,33.095605,32.458085,6.638488000000507,8.142360000001645,2,3,False,False,DEV,TARGET
10507,2026-08-07 07:18:43.664,1,2.0,3.0,-1.0661360000012792,4.0,27.007484,34.283945,33.127566,6.122328000001289,8.229856000001746,1,1,False,False,DEV,TARGET
10508,2026-08-07 07:18:45.692,1,3.0,2.0,0.39300400000138325,3.0,44.683659,40.048297,36.187765,6.61869200000001,8.439603999999235,7,10,False,False,DEV,TARGET
10509,2026-08-07 07:18:54.516,1,2.0,3.0,2.3056719999985944,4.0,57.736079,46.846559,40.253376,7.42508799999996,8.761668000002828,10,10,False,True,DEV,TARGET
10510,2026-08-07 07:18:57.784,1,1.0,4.0,4.5710760000001756,5.0,64.756517,52.459022,44.137103,8.581224000001384,9.222775999998703,10,10,True,True,DEV,TARGET
10511,2026-08-07 07:19:11.600,1,1.0,4.0,6.333060000000842,5.0,69.58418,57.513909,48.119421,9.967055999997683,9.80535200000304,10,10,True,True,DEV,TARGET
10512,2026-08-07 07:19:15.240,1,2.0,3.0,6.925712000000203,4.0,72.264118,61.189688,51.441671,11.350395999998,10.452672000003076,10,10,True,True,DEV,TARGET
10514,2026-08-07 07:19:53.872,1,1.0,4.0,2.1278999999994994,3.0,67.394702,60.136309,51.564781,11.947395999999571,11.249888000002102,0,0,True,True,DEV,TARGET
10515,2026-08-07 07:19:57.472,1,0.0,5.0,5.210588000001735,6.0,65.927165,60.05092,51.915064,12.858683999998902,11.831395999997767,1,10,True,True,DEV,TARGET
10516,2026-08-07 07:20:00.788,1,0.0,5.0,7.6082360000000335,6.0,70.678179,63.397799,54.885213,14.135495999998966,12.55298799999946,10,10,True,True,DEV,STOP
10521,2026-08-07 07:20:40.628,1,0.0,5.0,1.0563040000015462,6.0,34.216193,51.136243,48.382899,11.791231999999582,13.515007999998488,1,3,False,False,DEV,TARGET
10522,2026-08-07 07:20:43.292,1,1.0,4.0,3.599347999999736,5.0,57.437868,56.572185,51.662422,12.420384000000922,13.916827999997622,4,10,False,True,DEV,STOP
10530,2026-08-07 07:21:44.152,1,1.0,4.0,-0.6883119999984046,5.0,8.419768,33.075708,40.062437,6.979419999999664,13.040428000000247,1,5,False,False,DEV,STOP
10541,2026-08-07 07:23:16.224,1,3.0,2.0,-0.40996000000086497,3.0,30.64972,21.50168,30.701909,3.013591999999335,9.926731999999902,3,8,False,False,DEV,TARGET
10542,2026-08-07 07:23:37.936,1,4.0,1.0,0.12558400000125403,2.0,50.232643,32.173812,35.039453,3.709759999997914,9.929120000000694,10,10,False,True,DEV,TARGET
10543,2026-08-07 07:23:47.480,1,1.0,4.0,2.875456000001577,5.0,59.167299,40.212331,38.81507,4.85305999999764,10.104008000002068,10,10,False,True,DEV,TARGET
10544,2026-08-07 07:23:56.392,1,4.0,1.0,2.6809079999984533,2.0,63.083593,45.505414,41.686779,5.869324000002962,10.308467999999266,10,10,True,True,DEV,TARGET
10545,2026-08-07 07:23:57.888,1,1.0,4.0,4.8629279999986466,5.0,67.555848,51.482307,45.355664,7.203288000000612,10.66077199999927,10,10,True,True,DEV,TARGET
10551,2026-08-07 07:25:03.312,1,4.0,1.0,-2.009328000000096,2.0,26.382103,36.82381,38.399608,6.801663999998709,10.801080000001093,1,1,False,False,DEV,TARGET
10552,2026-08-07 07:25:07.860,1,1.0,4.0,1.2149680000002263,5.0,46.464032,42.887301,41.320145,7.393983999998454,10.980800000001182,2,5,False,True,DEV,TARGET
10553,2026-08-07 07:25:14.564,1,4.0,1.0,1.389419999999518,2.0,56.048004,47.584289,43.899819,7.970816000000923,11.186779999999999,6,10,False,True,DEV,TARGET
10554,2026-08-07 07:25:25.212,1,0.0,5.0,4.636215999998967,6.0,64.727557,53.544918,47.583647,9.09519999999975,11.578464000001986,10,10,True,True,DEV,TARGET
10555,2026-08-07 07:25:38.068,1,3.0,2.0,4.828168000000005,3.0,67.896461,56.979895,50.08572,10.164735999998811,12.01070400000026,10,10,True,True,DEV,TARGET
10556,2026-08-07 07:25:52.604,1,2.0,3.0,5.755239999998594,4.0,70.839892,60.427046,52.820654,11.31822800000009,12.518235999999888,10,10,True,True,DEV,TARGET
10557,2026-08-07 07:26:01.148,1,1.0,4.0,7.254076000001078,5.0,72.267983,62.745848,54.914036,12.65351599999849,13.131496000001789,10,10,True,True,DEV,TARGET
10560,2026-08-07 07:26:48.688,1,1.0,4.0,1.4185839999991003,3.0,62.792508,60.131658,54.155166,13.265171999999438,14.202580000001035,0,0,True,True,DEV,TARGET
10564,2026-08-07 07:27:15.012,1,0.0,0.0,0.7794560000002093,-1.0,35.01334,50.899026,49.453512,10.958227999999508,14.469855999999709,0,0,False,False,DEV,TARGET
10566,2026-08-07 07:27:37.604,1,3.0,2.0,-1.5902040000000852,3.0,27.958833,47.000624,47.547902,10.131379999998899,14.456636000002618,1,1,False,False,DEV,TARGET
10567,2026-08-07 07:27:46.528,1,1.0,4.0,1.540951999999379,5.0,47.189421,50.810975,49.429116,10.516928000000917,14.645899999999529,2,10,False,True,DEV,TARGET
10569,2026-08-07 07:28:15.872,1,3.0,2.0,-1.4752279999993334,1.0,52.324809,52.261672,50.329264,10.140220000001136,14.715543999998772,0,0,False,True,DEV,TARGET
10572,2026-08-07 07:28:36.548,1,3.0,2.0,0.47050400000080117,3.0,45.513577,48.875541,48.648922,9.758483999998134,14.742851999999402,1,10,False,True,DEV,TARGET
10573,2026-08-07 07:28:43.944,1,3.0,2.0,1.5881679999984044,3.0,56.875917,52.861128,50.714505,10.18250000000262,14.908159999999043,10,10,False,True,DEV,TARGET
10574,2026-08-07 07:28:48.560,1,0.0,5.0,4.790799999998853,6.0,64.332885,56.912764,53.088499,11.158215999999811,15.252212000003055,10,10,True,True,DEV,STOP
10579,2026-08-07 07:29:46.768,1,2.0,3.0,-0.2315359999993234,4.0,28.238114,44.883565,47.348634,9.522151999997732,15.141795999999886,1,2,False,False,DEV,TARGET
10623,2026-08-07 07:35:47.084,-1,1.0,4.0,2.232344000000012,5.0,53.243741,28.443205,14.137815,2.595764000001509,0.3243959999999788,8,10,False,False,DEV,TARGET
10624,2026-08-07 07:35:50.008,-1,0.0,5.0,5.291819999998552,6.0,64.305645,41.077764,23.026128,4.270040000003064,0.9572119999975257,10,10,False,False,DEV,TARGET
10627,2026-08-07 07:36:09.288,-1,2.0,3.0,-1.9628320000010717,2.0,47.331477,37.783922,23.425154,5.199004000001878,1.9831200000007811,0,0,False,True,DEV,TARGET
10628,2026-08-07 07:36:10.424,-1,2.0,3.0,0.4733520000008866,4.0,44.768382,37.471792,23.86523,5.783923999999388,2.404395999998087,1,2,False,False,DEV,TARGET
10633,2026-08-07 07:36:40.240,-1,2.0,3.0,-1.603132000000187,4.0,21.973567,30.906435,22.655255,5.476171999998769,3.5597800000032294,1,1,False,False,DEV,TARGET
10634,2026-08-07 07:36:47.352,-1,1.0,4.0,1.5308960000002116,5.0,44.435649,38.335149,27.414439,6.232299999999668,3.985983999999007,2,10,False,False,DEV,STOP
10655,2026-08-07 07:39:03.868,-1,1.0,4.0,5.134124000000156,5.0,65.913111,32.158316,17.84974,1.2247080000015558,1.0839719999967201,10,10,False,False,DEV,TARGET
10656,2026-08-07 07:39:04.900,-1,1.0,4.0,6.770983999998862,5.0,70.670987,44.375077,26.815359,3.2791400000023714,1.7086479999998119,10,10,False,True,DEV,TARGET
10658,2026-08-07 07:39:18.720,-1,1.0,4.0,2.639235999999073,3.0,68.185109,48.573036,31.793932,5.3199879999992845,2.623944000002666,0,0,False,True,DEV,TARGET
10659,2026-08-07 07:39:30.180,-1,1.0,4.0,4.830516000001808,5.0,66.6237,49.621243,33.461917,6.691971999996895,3.253496000001178,1,10,False,True,DEV,TARGET
10660,2026-08-07 07:39:43.032,-1,1.0,4.0,6.534847999999329,5.0,70.099161,55.00617,38.832185,8.265840000000026,4.003688000000693,10,10,False,True,DEV,STOP
10663,2026-08-07 07:40:06.464,-1,1.0,4.0,-0.46577199999956065,3.0,53.134356,49.377616,36.745161,8.769067999997787,5.261268000002019,0,0,False,True,DEV,STOP
10693,2026-08-07 07:43:15.464,-1,3.0,2.0,-0.6185079999995651,3.0,31.365551,13.920806,10.175906,1.3741919999993115,1.7073200000013458,1,2,False,False,DEV,TARGET
10694,2026-08-07 07:43:34.160,-1,4.0,1.0,-0.036619999998947605,2.0,48.76248,25.081077,16.177569,2.1718479999981355,1.9566760000016075,3,3,False,False,DEV,TARGET
10695,2026-08-07 07:43:47.252,-1,4.0,1.0,0.4159639999998035,2.0,54.574166,31.685195,20.316017,2.988448000000062,2.252516000000469,10,10,False,True,DEV,TARGET
10697,2026-08-07 07:44:03.060,-1,2.0,3.0,-1.377995999999257,2.0,48.081461,31.999006,21.455978,3.6386879999990924,2.65214399999968,0,0,False,True,DEV,TARGET
10701,2026-08-07 07:44:40.596,-1,3.0,2.0,-1.0648639999999432,3.0,23.852162,22.808021,17.497254,3.643123999998352,3.0785280000018247,1,2,False,False,DEV,TARGET
10702,2026-08-07 07:44:53.560,-1,0.0,5.0,2.7273280000008526,6.0,52.576828,36.261932,25.305634,4.764671999997518,3.511583999999857,3,10,False,True,DEV,STOP
10712,2026-08-07 07:45:56.028,1,2.0,3.0,3.4320200000001932,4.0,63.510033,45.305132,24.560984,5.708483999998862,0.18472800000017742,3,10,False,False,DEV,STOP
10714,2026-08-07 07:46:07.560,1,4.0,1.0,-1.7139639999986684,0.0,56.631189,44.428973,25.881735,6.143287999999302,1.025072000000364,0,0,False,False,DEV,TARGET
10719,2026-08-07 07:46:27.972,1,3.0,2.0,-1.966208000001643,3.0,5.938959,21.632805,14.131975,4.291816000000836,1.837944000002608,1,3,False,False,DEV,TARGET
10720,2026-08-07 07:46:36.252,1,1.0,4.0,1.2485039999992296,5.0,44.121607,34.40581,21.740392,5.091056000001117,2.26855599999908,4,6,False,False,DEV,TARGET
10722,2026-08-07 07:47:27.080,1,1.0,4.0,-0.701519999998709,3.0,51.230475,39.884433,26.393299,5.520123999998759,2.8561719999997877,0,0,False,True,DEV,TARGET
10724,2026-08-07 07:47:41.680,1,3.0,2.0,-2.2268479999984265,1.0,42.546352,37.335529,25.862062,5.6109120000000985,3.3537799999976414,0,0,False,False,DEV,TARGET
10725,2026-08-07 07:47:47.508,1,4.0,1.0,-1.2875480000002426,2.0,40.76162,37.055998,26.192096,5.840887999998813,3.6457640000007814,1,1,False,False,DEV,TARGET
10726,2026-08-07 07:48:00.552,1,3.0,2.0,0.22079600000142818,3.0,48.109641,40.519866,28.856138,6.328276000000187,4.0147759999999835,2,10,False,True,DEV,STOP
10751,2026-08-07 07:51:53.532,-1,2.0,3.0,4.18176400000084,4.0,64.508426,42.167794,21.921879,4.4624559999974736,0.037312000000383705,10,10,False,False,DEV,STOP
10756,2026-08-07 07:52:22.944,-1,1.0,4.0,-0.15072399999917252,5.0,23.985131,27.507456,16.210781,4.757795999998052,1.4593600000007427,1,2,False,False,DEV,TARGET
10778,2026-08-07 07:55:52.804,1,2.0,3.0,-0.1685040000011213,4.0,36.912923,19.413685,8.786051,2.054516000000149,0.003408000000490574,2,10,False,False,DEV,TARGET
10779,2026-08-07 07:56:03.424,1,0.0,5.0,3.4245000000009895,6.0,55.830388,32.790856,16.980602,3.430631999999605,0.5288199999995413,10,10,False,False,DEV,TARGET
10785,2026-08-07 07:57:26.408,1,2.0,3.0,0.5009199999985867,4.0,39.07011,31.388419,19.715798,4.717176000001928,2.106336000000738,1,4,False,False,DEV,TARGET
10786,2026-08-07 07:57:40.432,1,3.0,2.0,1.611823999999615,3.0,55.337858,40.518807,26.017019,5.548824000001332,2.562824000000546,5,10,False,True,DEV,TARGET
10787,2026-08-07 07:58:15.320,1,4.0,1.0,1.6980880000010075,2.0,60.830223,45.742967,30.396151,6.329707999997481,3.0398560000030557,10,10,False,True,DEV,TARGET
10789,2026-08-07 07:58:43.756,1,0.0,0.0,2.669212000000698,-1.0,52.731887,44.032153,30.614377,6.591115999999602,3.6879359999984445,0,0,False,True,DEV,TARGET
10790,2026-08-07 07:58:48.436,1,0.0,5.0,0.18716399999902933,4.0,49.486885,43.31253,30.738912,7.012335999999777,4.084124000000884,0,0,False,True,DEV,TARGET
10791,2026-08-07 07:58:53.592,1,1.0,4.0,2.923352000001614,5.0,56.359783,47.220508,34.055943,7.900187999999616,4.62543199999709,1,10,False,True,DEV,STOP
11240,2026-08-07 11:06:26.044,-1,3.0,2.0,1.4657320000005711,3.0,56.073296,30.551691,14.780946,2.5982120000007853,0.06370799999785959,10,10,False,False,DEV,TARGET
11247,2026-08-07 11:11:06.032,-1,5.0,0.0,-3.484548000000359,1.0,-1.727566,10.455536,7.075588,2.2947759999988193,1.043604000002233,1,1,False,False,DEV,TARGET
11248,2026-08-07 11:12:13.964,-1,2.0,3.0,-0.7102039999990666,4.0,32.749458,22.28252,13.327855,2.8956120000002556,1.3212119999989227,3,4,False,False,DEV,TARGET
11249,2026-08-07 11:12:50.400,-1,1.0,4.0,2.2253960000016377,5.0,51.138383,32.767696,19.714227,3.985179999999673,1.7663759999995818,5,10,False,False,DEV,TARGET
11250,2026-08-07 11:13:32.356,-1,3.0,2.0,2.953087999998388,3.0,61.660289,42.369997,26.617396,5.120644000002358,2.2766719999999623,10,10,False,True,DEV,TARGET
11251,2026-08-07 11:14:15.600,-1,2.0,3.0,4.296844000000419,4.0,66.780501,49.21666,32.552232,6.410987999999634,2.8837319999984175,10,10,False,True,DEV,TARGET
11252,2026-08-07 11:14:36.620,-1,4.0,1.0,3.7864359999985027,2.0,68.036663,52.568511,36.165543,7.504768000002514,3.492847999998048,10,10,False,True,DEV,STOP
11254,2026-08-07 11:15:19.036,-1,1.0,4.0,2.0436440000012226,3.0,64.370431,53.166894,38.303218,8.658831999997346,4.519556000002922,0,0,False,True,DEV,STOP
11256,2026-08-07 11:17:21.284,-1,2.0,3.0,-1.6032279999999446,2.0,50.654437,47.923744,35.642912,8.348204000001715,5.151255999997375,0,0,False,True,DEV,STOP
11266,2026-08-07 11:24:12.220,-1,4.0,1.0,-2.4327479999992647,2.0,23.384565,23.207637,21.993179,3.541511999999784,5.019948000001023,1,1,False,False,DEV,TARGET
11272,2026-08-07 11:28:32.420,-1,2.0,3.0,-1.3069120000000112,4.0,7.612811,13.873258,17.109117,2.691820000000007,4.750284000001557,1,2,False,False,DEV,TARGET
11273,2026-08-07 11:30:05.140,-1,2.0,3.0,0.983511999998882,4.0,44.794249,28.68842,24.351791,3.5706040000004577,4.9875400000019,3,10,False,False,DEV,TARGET
11274,2026-08-07 11:31:12.824,-1,3.0,2.0,1.9871759999987262,3.0,57.784594,38.54703,30.055715,4.562608000000182,5.303964000002452,10,10,False,True,DEV,STOP
11279,2026-08-07 11:34:40.276,-1,1.0,4.0,-0.7006800000017392,5.0,18.46186,22.99301,22.594386,3.984224000003451,5.413367999997718,1,3,False,False,DEV,TARGET
11282,2026-08-07 11:35:53.512,-1,1.0,4.0,1.315043999999034,5.0,44.849451,34.086369,28.612658,4.9383880000023055,5.806967999997141,1,10,False,False,DEV,TARGET
11284,2026-08-07 11:39:12.824,-1,3.0,2.0,-1.0069479999983741,1.0,53.98115,41.277597,33.298228,5.605455999997503,6.187735999999859,0,0,False,True,DEV,TARGET
11287,2026-08-07 11:44:00.140,-1,4.0,1.0,-1.2968240000009246,2.0,37.354171,35.613275,30.84222,5.7464880000006815,6.545224000001326,1,1,False,False,DEV,TARGET
11288,2026-08-07 11:44:29.024,-1,1.0,4.0,1.7691400000003341,5.0,51.57017,41.954837,34.658022,6.524551999998948,6.87786799999958,2,10,False,True,DEV,TARGET
11289,2026-08-07 11:44:37.752,-1,1.0,4.0,4.153775999999198,5.0,61.853123,48.918267,39.389433,7.67641999999978,7.354244000001927,10,10,True,True,DEV,STOP
11292,2026-08-07 11:46:10.012,-1,0.0,5.0,0.1327080000010028,4.0,53.274452,48.261823,40.344545,8.334876000000804,8.168655999998009,0,0,False,True,DEV,STOP
11293,2026-08-07 11:46:36.952,-1,5.0,0.0,-0.23011599999881582,1.0,49.97378,47.322254,40.105195,8.540291999997862,8.438367999999173,1,1,False,True,DEV,STOP
11302,2026-08-07 11:56:36.828,-1,5.0,0.0,-3.5665399999998044,1.0,1.965637,3.351809,15.335199,0.7411360000005516,5.890628000001016,4,4,False,False,DEV,STOP
11315,2026-08-07 12:00:37.692,1,3.0,2.0,-0.7245040000016161,3.0,37.245447,40.692131,23.411756,7.328636000002007,1.1824159999996482,1,1,False,False,DEV,TARGET
11316,2026-08-07 12:00:52.196,1,1.0,4.0,2.214272000001074,5.0,53.104218,46.60815,28.666377,8.061531999999715,1.8132320000004256,3,10,False,True,DEV,TARGET
11317,2026-08-07 12:01:23.260,1,4.0,1.0,2.1666560000012396,2.0,60.628807,51.111363,33.264891,8.727083999998285,2.4467079999994894,10,10,False,True,DEV,TARGET
11318,2026-08-07 12:01:26.472,1,1.0,4.0,4.462955999999394,5.0,66.233012,55.603074,38.207616,9.759283999999752,3.202896000002511,10,10,False,True,DEV,TARGET
11319,2026-08-07 12:01:27.460,1,0.0,5.0,7.026743999998871,6.0,69.876617,59.393166,42.805983,11.177716000001965,4.105963999998494,10,10,True,True,DEV,TARGET
11320,2026-08-07 12:01:29.072,1,1.0,4.0,8.243023999999423,5.0,73.179482,63.225774,47.701222,12.705079999999725,5.095244000000093,10,10,True,True,DEV,STOP
11329,2026-08-07 12:06:03.296,1,1.0,4.0,1.8648800000009942,5.0,45.300295,43.097415,35.650513,7.734291999997367,7.14234000000215,5,7,False,True,DEV,TARGET
11330,2026-08-07 12:06:15.804,1,1.0,4.0,4.228240000000369,5.0,62.205184,51.581355,41.515718,8.802999999999884,7.661587999999028,8,8,True,True,DEV,TARGET
11331,2026-08-07 12:07:24.296,1,3.0,2.0,4.510851999999431,3.0,67.701827,56.426672,45.579473,9.83788800000184,8.218875999999,10,10,True,True,DEV,TARGET
11333,2026-08-07 12:09:36.416,1,1.0,4.0,0.6670599999997648,3.0,61.655187,54.972471,45.52092,10.084116000001814,8.886595999996644,0,0,True,True,DEV,TARGET
11334,2026-08-07 12:09:53.056,1,1.0,4.0,3.29660000000149,5.0,60.08619,54.831004,45.866215,10.794479999996838,9.384428000001208,1,10,True,True,DEV,TARGET
11335,2026-08-07 12:10:03.748,1,1.0,4.0,5.341799999998329,5.0,66.635575,58.817718,49.24172,11.821992000001046,9.998952000001736,10,10,True,True,DEV,TARGET
11336,2026-08-07 12:10:08.428,1,1.0,4.0,6.932511999999406,5.0,71.044263,62.489969,52.660199,13.058179999999993,10.714688000000024,10,10,True,True,DEV,TARGET
11337,2026-08-07 12:10:41.348,1,5.0,0.0,5.058619999999792,1.0,72.008987,64.10506,54.523875,13.852815999998711,11.354520000000775,10,10,True,True,DEV,TARGET
11338,2026-08-07 12:10:55.948,1,1.0,4.0,6.712260000000242,5.0,72.69603,65.441982,56.167464,14.88625999999931,12.088375999999698,10,10,True,True,DEV,TARGET
11340,2026-08-07 12:11:26.992,1,1.0,4.0,1.9987760000003618,3.0,66.977494,63.52651,55.4931,14.88861199999883,13.014664000002085,0,0,True,True,DEV,TARGET
11342,2026-08-07 12:13:23.056,1,2.0,3.0,-1.6303719999996247,2.0,50.41876,58.052216,52.283035,13.610255999999936,13.467572000001383,0,0,False,True,DEV,TARGET
11345,2026-08-07 12:15:35.936,1,2.0,3.0,0.7047759999986738,4.0,41.614169,53.323912,49.947164,12.246792000001733,13.927316000001156,1,10,False,False,DEV,TARGET
11346,2026-08-07 12:15:52.064,1,2.0,3.0,2.548159999998461,4.0,57.666149,57.261335,52.425846,12.6472840000024,14.276423999999679,10,10,False,True,DEV,TARGET
11348,2026-08-07 12:16:47.640,1,4.0,1.0,-0.43382800000108546,0.0,59.722939,58.303858,53.523032,12.527251999999862,14.727780000001076,0,0,False,True,DEV,TARGET
11349,2026-08-07 12:16:54.088,1,1.0,4.0,2.4403559999991558,5.0,59.572732,58.363589,53.771009,12.885592000002362,15.051287999998749,1,1,False,True,DEV,TARGET
11350,2026-08-07 12:16:59.584,1,4.0,1.0,2.342499999998836,2.0,61.512953,59.236953,54.517527,13.19737200000236,15.371587999998155,10,10,True,True,DEV,TARGET
11372,2026-08-07 12:29:56.860,1,1.0,4.0,-0.8273000000008324,5.0,10.819913,3.937159,19.830188,0.6642480000009527,7.873680000000604,1,4,False,False,DEV,STOP
11390,2026-08-07 12:39:40.588,1,4.0,1.0,-1.9193120000018098,0.0,53.392011,24.278414,18.135668,1.0686120000027586,2.916431999998167,0,0,False,False,DEV,STOP
11408,2026-08-07 12:50:00.120,1,2.0,3.0,-1.471904000001814,2.0,41.607951,13.782653,6.985633,0.3382400000009511,0.3228799999997136,0,0,False,False,DEV,TARGET
11411,2026-08-07 12:50:43.768,1,3.0,2.0,-0.6033800000004703,3.0,35.39346,16.568276,9.14279,1.57718400000158,0.7325920000002952,1,3,False,False,DEV,STOP
11418,2026-08-07 12:53:40.024,1,1.0,4.0,-0.644004000001587,5.0,9.349282,0.485842,0.708206,0.14993600000161678,0.3314800000007381,1,5,False,False,DEV,TARGET
11419,2026-08-07 12:54:00.016,1,1.0,4.0,2.2768839999989723,5.0,49.360417,20.86358,11.027747,1.4685759999993024,0.7061680000006163,6,10,False,False,DEV,STOP
11421,2026-08-07 12:54:40.080,1,3.0,2.0,-2.2399079999995593,1.0,50.162348,27.615224,15.71645,2.1764640000001236,1.0566639999997278,0,0,False,False,DEV,TARGET
11425,2026-08-07 12:55:02.024,1,2.0,3.0,1.152563999999984,4.0,43.861272,26.565074,16.189856,3.2090680000001157,1.6824159999996482,4,10,False,False,DEV,TARGET
11426,2026-08-07 12:55:07.396,1,1.0,4.0,3.674215999999433,5.0,60.73452,39.805587,24.794847,4.538484000000608,2.2021720000011555,10,10,False,True,DEV,STOP
11435,2026-08-07 12:57:11.940,1,1.0,4.0,-0.058007999999972526,5.0,25.626953,13.700614,11.150957,1.741755999999441,2.18023600000015,4,5,False,False,DEV,TARGET
11437,2026-08-07 12:58:08.200,1,0.0,5.0,0.4957719999983965,4.0,52.132753,30.60034,20.528367,2.9949520000009215,2.6117080000003625,0,0,False,True,DEV,TARGET
11438,2026-08-07 12:58:23.160,1,1.0,4.0,3.16338000000178,5.0,57.879516,37.141278,24.907326,4.248087999996642,3.0594960000016727,1,10,False,True,DEV,TARGET
11439,2026-08-07 12:58:29.788,1,1.0,4.0,5.238184000001638,5.0,66.280299,46.941243,32.175521,5.780363999998372,3.6496320000005653,10,10,False,True,DEV,TARGET
11440,2026-08-07 12:58:59.036,1,5.0,0.0,3.740807999998651,1.0,68.851088,51.955321,36.805889,6.9162560000004305,4.200600000000122,10,10,False,True,DEV,TARGET
11441,2026-08-07 12:59:00.868,1,0.0,5.0,6.465076000000408,6.0,70.970954,56.233187,41.211074,8.459424000000581,4.919139999998151,10,10,True,True,DEV,TARGET
11443,2026-08-07 12:59:02.660,1,1.0,4.0,3.0591200000017125,3.0,68.667415,57.591909,43.912253,9.872175999997125,6.03816800000277,0,0,True,True,DEV,TARGET
11444,2026-08-07 12:59:07.024,1,5.0,0.0,2.0459799999989627,1.0,64.950694,56.355168,43.565001,10.370812000001024,6.573476000001392,1,1,True,True,DEV,TARGET
11445,2026-08-07 12:59:14.972,1,4.0,1.0,2.0357640000001993,2.0,64.627997,57.042415,44.777274,10.827683999999863,7.107596000001649,2,10,True,True,DEV,STOP
11990,2026-08-10 06:31:14.984,1,2.0,3.0,-0.712203999999474,2.0,53.744348,44.036391,30.496203,6.583643999998458,3.6510359999992943,0,0,False,True,DEV,TARGET
11991,2026-08-10 06:31:27.164,1,4.0,1.0,-0.10949199999959092,2.0,50.397472,43.316523,30.62567,6.9512160000012955,4.032811999997648,1,1,False,True,DEV,TARGET
11992,2026-08-10 06:31:35.164,1,3.0,2.0,1.137060000000929,3.0,55.566005,46.509547,33.436411,7.517324000000372,4.47997199999736,2,10,False,True,DEV,STOP
11997,2026-08-10 06:32:01.156,1,2.0,3.0,-0.01680800000031013,4.0,31.699567,35.211277,28.22047,6.243927999999869,5.291936000001442,3,3,False,False,DEV,TARGET
12000,2026-08-10 06:32:41.936,1,1.0,4.0,1.1663039999984903,5.0,43.196978,39.354591,31.558055,6.600568000001658,5.909599999999045,1,10,False,False,DEV,STOP
12004,2026-08-10 06:33:19.172,1,4.0,1.0,-2.2185199999985343,2.0,12.793036,28.905196,26.929381,5.547599999998056,6.20870400000058,1,2,False,False,DEV,TARGET
12017,2026-08-10 06:35:00.164,-1,2.0,3.0,6.181572000001324,4.0,70.649533,58.203399,36.920522,9.928863999997702,0.7805000000007567,10,10,False,False,DEV,STOP
12022,2026-08-10 06:35:25.900,-1,3.0,2.0,-2.339488000001438,3.0,3.390258,35.907432,23.755769,7.815927999999985,2.798376000002463,1,2,False,False,DEV,TARGET
12023,2026-08-10 06:35:29.260,-1,1.0,4.0,0.9581760000000941,5.0,40.724852,43.815476,29.53856,8.280151999999362,3.3198320000010426,3,4,False,False,DEV,STOP
12040,2026-08-10 06:37:00.212,-1,1.0,4.0,0.1829360000010638,5.0,25.40036,4.649621,6.143545,0.09196800000063377,1.8040519999995013,1,8,False,False,DEV,TARGET
12041,2026-08-10 06:37:03.428,-1,2.0,3.0,2.142284000001382,4.0,53.108468,22.854941,15.288401,1.3906279999973776,2.1115720000016154,9,10,False,False,DEV,STOP
12049,2026-08-10 06:37:57.512,-1,4.0,1.0,-3.241195999999036,2.0,1.942402,4.433172,6.45357,0.948499999998603,1.9005839999990712,1,1,False,False,DEV,TARGET
12050,2026-08-10 06:38:18.028,-1,2.0,3.0,-0.5209319999994477,4.0,31.756281,15.889496,12.038232,1.6916519999977027,2.099604000002728,2,7,False,False,DEV,TARGET
12051,2026-08-10 06:38:21.040,-1,2.0,3.0,1.5948319999988598,4.0,50.709213,27.858835,18.552275,2.7622320000009495,2.432071999999607,8,10,False,False,DEV,TARGET
12055,2026-08-10 06:39:14.672,-1,1.0,4.0,0.6077120000009018,5.0,36.107873,26.430541,19.162231,3.749579999999696,3.0446759999977075,1,2,False,False,DEV,STOP
12056,2026-08-10 06:39:22.584,-1,4.0,1.0,0.9171080000014626,2.0,52.602622,35.903412,24.919085,4.531599999998434,3.3884760000000824,10,10,False,True,DEV,STOP
12068,2026-08-10 06:41:20.900,-1,5.0,0.0,-4.646848000000318,-1.0,19.298351,14.622127,13.907562,1.7621880000006058,3.0569680000007793,0,0,False,False,DEV,STOP
12069,2026-08-10 06:41:32.304,-1,5.0,0.0,-3.947548000000097,1.0,15.234932,13.496897,13.382164,1.813664000001154,3.064143999999942,1,1,False,False,DEV,STOP
12080,2026-08-10 06:43:07.480,1,3.0,2.0,-2.0916680000009364,1.0,41.130418,30.497052,15.472255,3.9471360000025015,0.3100319999975909,0,0,False,False,DEV,STOP
12088,2026-08-10 06:43:57.296,1,5.0,0.0,-3.104859999999462,1.0,11.722886,9.478378,5.345655,1.4235440000011295,0.49624799999946845,1,1,False,False,DEV,STOP
12185,2026-08-10 07:00:00.472,1,2.0,3.0,0.557595999998739,4.0,42.870888,36.318802,27.846934,5.6734920000017155,4.771012000001065,2,10,False,False,DEV,TARGET
12187,2026-08-10 07:00:12.236,1,0.0,5.0,0.2632359999988694,4.0,52.304977,42.139961,32.165514,6.229956000002858,5.275372000000061,0,0,False,True,DEV,TARGET
12188,2026-08-10 07:00:27.148,1,5.0,0.0,-0.1285920000009355,1.0,50.859628,42.37889,32.759115,6.622328000001289,5.57802399999855,1,1,False,True,DEV,TARGET
12197,2026-08-10 07:01:48.068,1,1.0,4.0,0.30479600000035134,5.0,27.499448,25.368605,24.140705,4.116676000001462,5.6691719999980705,1,7,False,False,DEV,TARGET
12203,2026-08-10 07:04:25.432,1,1.0,4.0,0.39020000000164146,5.0,36.614856,32.389386,28.684692,5.11030799999935,6.278207999999722,1,4,False,False,DEV,TARGET
12211,2026-08-10 07:06:26.412,1,2.0,3.0,-0.29648399999859976,4.0,27.143698,25.24691,25.234342,4.052003999997396,6.225864000000001,1,6,False,False,DEV,TARGET
12218,2026-08-10 07:09:51.432,1,1.0,4.0,1.0074879999992845,5.0,41.328025,34.293516,30.457121,5.301719999999477,6.751852000001236,1,10,False,False,DEV,TARGET
12219,2026-08-10 07:10:20.160,1,1.0,4.0,3.5613799999991897,5.0,58.734308,44.248198,36.312604,6.443092000001343,7.152235999998084,10,10,False,True,DEV,STOP
12220,2026-08-10 07:10:41.420,1,3.0,2.0,3.992183999998815,3.0,65.979824,51.179417,41.219214,7.571928000001208,7.606056000000535,10,10,True,True,DEV,STOP
12224,2026-08-10 07:12:47.032,1,3.0,2.0,-2.5873759999994945,3.0,8.907408,31.594038,31.254069,6.301179999998567,7.844639999999345,1,1,False,False,DEV,TARGET
12225,2026-08-10 07:13:39.640,1,1.0,4.0,0.7653759999993781,5.0,38.258127,38.863806,35.021183,6.851323999999295,8.096316000002844,2,3,False,False,DEV,TARGET
12227,2026-08-10 07:15:00.740,1,1.0,4.0,-0.38884799999868846,3.0,51.720632,44.691137,38.682925,7.1348199999993085,8.410487999997713,0,0,False,True,DEV,TARGET
12234,2026-08-10 07:19:31.920,1,3.0,2.0,-1.7906479999983276,3.0,9.641556,22.211185,27.106259,4.240067999999155,7.833127999998396,1,4,False,False,DEV,TARGET
12235,2026-08-10 07:20:06.612,1,1.0,4.0,1.3850520000014512,5.0,45.595907,34.824582,32.969594,5.068415999998251,8.033684000001813,5,6,False,True,DEV,STOP
12237,2026-08-10 07:21:16.988,1,0.0,5.0,0.15885999999954947,4.0,53.474487,41.071131,36.501584,5.676156000001356,8.227520000000368,0,0,False,True,DEV,STOP
12253,2026-08-10 07:27:01.424,1,4.0,1.0,-2.0276039999989734,0.0,52.547945,22.237052,19.552297,0.7312839999976859,4.011539999999513,0,0,False,False,DEV,TARGET
12254,2026-08-10 07:27:31.536,1,2.0,3.0,0.42297600000165403,4.0,49.322375,23.242197,20.171445,1.6644079999969108,4.168416000000434,1,1,False,False,DEV,TARGET
12257,2026-08-10 07:28:58.888,1,4.0,1.0,-1.5650480000003881,2.0,33.531406,20.98141,19.337744,2.501956000000064,4.266088000000309,1,1,False,False,DEV,TARGET
12258,2026-08-10 07:29:21.308,1,4.0,1.0,-0.7728160000006028,2.0,43.826616,27.149317,22.567964,3.074771999999939,4.422492000001512,2,10,False,False,DEV,TARGET
12259,2026-08-10 07:29:36.656,1,0.0,0.0,4.0655880000012985,1.0,48.161463,31.179005,24.922656,3.5722119999991264,4.587651999998343,10,10,False,True,DEV,TARGET
12260,2026-08-10 07:30:11.996,1,1.0,4.0,0.49545600000055856,3.0,52.71004,35.629591,27.693833,4.291320000000269,4.84159599999839,0,0,False,True,DEV,TARGET
12263,2026-08-10 07:31:07.312,1,2.0,3.0,0.6295519999985117,4.0,43.690469,34.495333,27.91682,5.09574000000066,5.313536000001477,1,10,False,False,DEV,TARGET
12264,2026-08-10 07:31:12.940,1,2.0,3.0,2.4896520000002056,4.0,57.302806,42.784923,33.138958,6.057615999998234,5.7057240000031015,10,10,False,True,DEV,STOP
12266,2026-08-10 07:31:39.304,1,0.0,5.0,0.2221319999989646,4.0,55.75802,44.658833,35.190917,6.538676000000123,6.162464000000909,0,0,False,True,DEV,STOP
12268,2026-08-10 07:33:24.256,1,0.0,0.0,1.7763520000007702,-1.0,44.400025,40.865697,33.605842,6.411595999998099,6.473251999999775,0,0,False,False,DEV,STOP
12273,2026-08-10 07:35:38.144,1,1.0,4.0,-0.6909840000007534,5.0,18.649197,23.805203,24.435151,4.152180000000953,6.134792000000743,2,4,False,False,DEV,STOP
12282,2026-08-10 07:40:15.356,1,4.0,1.0,-3.971828000001551,2.0,-13.504489,-3.965358,8.59087,0.12908000000243192,4.343659999998636,2,3,False,False,DEV,TARGET
12283,2026-08-10 07:40:29.456,1,1.0,4.0,-0.3114239999995334,5.0,25.635152,9.994404,14.724139,0.9760959999985062,4.424440000002505,4,6,False,False,DEV,TARGET
12288,2026-08-10 07:42:56.624,1,1.0,4.0,-0.489423999999417,5.0,22.445607,13.939081,15.98092,1.9138039999998,4.2197159999996074,1,10,False,False,DEV,TARGET
12293,2026-08-10 07:45:35.124,1,1.0,4.0,0.9013080000004265,5.0,40.015375,26.034331,22.06009,3.3652640000000247,4.494036000000051,1,10,False,False,DEV,TARGET
12294,2026-08-10 07:45:48.472,1,0.0,5.0,4.256571999998414,6.0,59.386903,39.445153,29.785148,4.788676000000123,4.940432000003057,10,10,False,True,DEV,TARGET
12296,2026-08-10 07:46:54.036,1,0.0,5.0,2.5008879999986675,4.0,64.886601,48.504969,36.721428,6.37420800000109,5.647632000000158,0,0,False,True,DEV,TARGET
12297,2026-08-10 07:47:17.196,1,2.0,3.0,3.945135999998456,4.0,64.576966,50.195663,38.489511,7.49995200000194,6.155179999997927,1,10,False,True,DEV,STOP
12299,2026-08-10 07:48:42.576,1,0.0,0.0,2.8186639999985346,-1.0,57.351467,48.702871,38.547576,7.6412600000003295,6.672428000001673,0,0,False,True,DEV,STOP
12300,2026-08-10 07:50:17.424,1,0.0,0.0,1.4145160000007309,-1.0,40.148977,42.426891,34.999183,7.288612000000285,6.7965839999997115,0,0,False,False,DEV,STOP
12312,2026-08-10 07:54:28.716,-1,0.0,0.0,6.334603999999672,-1.0,70.244623,60.213005,40.015269,10.855648000000656,1.2682199999981094,0,0,False,False,DEV,TARGET
12313,2026-08-10 07:54:59.256,-1,2.0,3.0,1.4824679999983346,2.0,64.447161,57.679476,38.434049,11.17256400000042,2.0011480000030133,0,0,False,True,DEV,TARGET
12315,2026-08-10 07:55:21.152,-1,1.0,4.0,0.04495200000019395,3.0,55.032702,54.331788,37.205595,10.96546799999851,3.1704680000002554,0,0,False,True,DEV,STOP
12319,2026-08-10 07:55:51.924,-1,3.0,2.0,-0.7831240000014077,3.0,32.743669,45.875306,33.485407,9.499620000002324,4.76685599999837,1,2,False,False,DEV,STOP
12329,2026-08-10 07:59:25.072,-1,3.0,2.0,-0.007052000000840053,3.0,43.051159,36.947356,30.117424,5.779443999999785,5.795108000002074,1,10,False,False,DEV,TARGET
12332,2026-08-10 07:59:52.052,-1,1.0,4.0,2.716843999998673,5.0,54.947507,44.575141,35.642363,7.09971200000291,6.599799999999959,1,10,False,True,DEV,TARGET
12707,2026-08-10 11:20:34.496,-1,1.0,4.0,2.741731999998592,5.0,55.123173,28.490026,15.73474,2.403496000002633,1.0298079999993206,1,10,False,False,DEV,TARGET
12711,2026-08-10 11:24:11.420,-1,5.0,0.0,-2.3152120000013383,1.0,22.21916,19.466188,12.663017,2.9084600000023784,1.6263679999974556,1,1,False,False,DEV,TARGET
12714,2026-08-10 11:30:02.064,-1,3.0,2.0,-0.395223999999871,3.0,34.735011,25.459377,16.741871,3.5601519999981974,2.1522560000012163,1,5,False,False,DEV,TARGET
12715,2026-08-10 11:30:56.704,-1,0.0,0.0,4.359272000001511,1.0,48.539227,33.078226,21.484091,4.072463999997126,2.441635999999562,10,10,False,True,DEV,TARGET
12720,2026-08-10 11:37:00.580,-1,2.0,3.0,-1.7036479999987932,4.0,9.943358,18.103059,14.812412,3.320339999998396,2.8579400000016904,1,3,False,False,DEV,TARGET
12721,2026-08-10 11:39:19.024,-1,0.0,0.0,3.341607999998814,1.0,33.219548,25.985686,19.063927,3.6657479999994393,3.056504000000132,4,4,False,False,DEV,STOP
12732,2026-08-10 11:51:04.120,1,1.0,4.0,0.9727600000005623,5.0,43.87851,31.930168,16.501038,4.409700000000157,0.49333199999819044,1,10,False,False,DEV,TARGET
12734,2026-08-10 11:53:42.480,1,2.0,3.0,0.168708000001061,2.0,56.371869,41.536324,24.364486,5.459004000000277,1.3333679999996093,0,0,False,False,DEV,TARGET
12736,2026-08-10 11:56:59.224,1,0.0,5.0,0.6329200000000128,4.0,53.216279,42.228621,26.379973,6.195975999999064,2.1324879999992845,0,0,False,True,DEV,TARGET
12737,2026-08-10 11:57:43.980,1,1.0,4.0,3.2700519999998505,5.0,58.516166,46.352894,30.16062,7.212532000001374,2.7352159999973082,1,10,False,True,DEV,TARGET
12742,2026-08-10 12:03:39.052,1,3.0,2.0,-0.4198240000005171,3.0,34.376354,37.987236,27.630823,6.802304000000731,4.17318399999931,1,2,False,False,DEV,TARGET
12744,2026-08-10 12:06:15.528,1,2.0,3.0,-1.8836000000010245,2.0,42.741992,40.815309,30.337577,6.664931999999681,4.653556000001117,0,0,False,False,DEV,TARGET
12745,2026-08-10 12:08:54.372,1,2.0,3.0,0.5349800000003597,4.0,45.428349,42.025758,31.573645,7.143843999998353,5.033128000002762,1,10,False,True,DEV,TARGET
12753,2026-08-10 12:24:21.896,1,5.0,0.0,-3.2436559999987367,1.0,8.835428,27.892663,26.275645,5.3871799999978975,6.085156000001007,1,1,False,False,DEV,STOP
12780,2026-08-10 12:50:31.428,-1,2.0,3.0,1.781247999999323,4.0,52.262313,30.120038,14.566006,3.120416000001569,0.10501599999770406,1,10,False,False,DEV,TARGET
12781,2026-08-10 12:50:54.008,-1,1.0,4.0,4.163191999999981,5.0,63.062601,41.360755,22.762511,4.546335999999428,0.7086559999988822,10,10,False,False,DEV,TARGET
12782,2026-08-10 12:51:49.560,-1,3.0,2.0,4.460259999999835,3.0,67.544238,48.491834,29.248815,5.912508000001253,1.3623479999987467,10,10,False,False,DEV,TARGET
12784,2026-08-10 12:52:40.052,-1,2.0,3.0,1.6734920000017155,2.0,65.190276,50.997942,33.310592,7.331619999997201,2.4416440000022703,0,0,False,True,DEV,TARGET
12788,2026-08-10 12:54:58.324,-1,0.0,5.0,0.36123199999929057,6.0,31.372889,38.40948,27.079181,7.1448920000002545,3.7618599999987055,1,2,False,False,DEV,STOP
12795,2026-08-10 12:56:18.756,-1,1.0,4.0,0.18765200000052573,5.0,25.483006,23.695668,19.804591,3.861371999999392,3.9698199999984354,1,5,False,False,DEV,TARGET
12796,2026-08-10 12:57:20.016,-1,3.0,2.0,1.3681719999985944,3.0,51.553546,35.895847,26.69569,4.716932000002998,4.305547999996634,6,10,False,True,DEV,STOP
12813,2026-08-10 12:59:59.820,1,0.0,5.0,0.21206399999937275,4.0,51.889928,41.705935,23.481481,6.136688000002323,0.8446960000001127,0,0,False,False,DEV,STOP
13312,2026-08-11 06:31:00.340,-1,2.0,3.0,-1.7359360000009474,2.0,44.407323,40.086587,26.753769,6.285412000001088,2.9771919999984675,0,0,False,False,DEV,TARGET
13313,2026-08-11 06:31:05.016,-1,4.0,1.0,-0.9057280000015453,2.0,42.302169,39.613784,27.04423,6.531248000002961,3.33147199999803,1,1,False,False,DEV,TARGET
13314,2026-08-11 06:31:09.704,-1,4.0,1.0,-0.26001199999882374,2.0,49.045659,42.659423,29.635982,6.875491999999213,3.7157479999987117,2,10,False,True,DEV,TARGET
13315,2026-08-11 06:31:16.208,-1,2.0,3.0,1.7977680000003602,4.0,56.110833,46.697443,33.071169,7.568471999999019,4.206900000001042,10,10,False,True,DEV,TARGET
13316,2026-08-11 06:31:19.388,-1,1.0,4.0,4.17604399999982,5.0,63.119168,51.77266,37.575748,8.640896000000794,4.831763999998657,10,10,False,True,DEV,TARGET
13320,2026-08-11 06:31:46.352,-1,2.0,3.0,1.0359199999984412,4.0,47.926234,47.895138,37.325381,9.116064000001643,6.360263999999006,1,2,False,True,DEV,TARGET
13325,2026-08-11 06:32:17.744,-1,0.0,5.0,2.352227999999741,6.0,46.960935,46.21726,38.164977,8.7165559999994,7.621440000002622,1,10,False,True,DEV,TARGET
13327,2026-08-11 06:32:30.156,-1,0.0,5.0,1.3488800000013725,4.0,59.554014,52.276447,42.939696,9.23893599999792,8.27770800000144,0,0,False,True,DEV,STOP
13329,2026-08-11 06:32:42.888,-1,3.0,2.0,-2.196356000000378,1.0,48.232935,48.31542,41.10732,8.770683999999164,8.647555999999895,0,0,False,True,DEV,TARGET
13333,2026-08-11 06:33:56.908,-1,0.0,5.0,1.0436760000011418,6.0,34.030183,39.613273,36.607717,7.441719999998895,8.871712000000116,2,10,False,False,DEV,STOP
13339,2026-08-11 06:35:02.724,-1,0.0,5.0,0.20271599999978207,6.0,24.468018,31.096922,32.40476,5.60703999999896,8.683120000001509,1,4,False,False,DEV,TARGET
13341,2026-08-11 06:35:10.428,-1,3.0,2.0,-2.889716000001499,1.0,40.683695,36.495978,35.030945,5.41989200000171,8.655287999998109,0,0,False,False,DEV,TARGET
13342,2026-08-11 06:35:18.080,-1,4.0,1.0,-1.8031120000014198,2.0,33.767061,34.241719,33.961135,5.57087600000159,8.704544000000169,1,1,False,False,DEV,TARGET
13343,2026-08-11 06:35:25.284,-1,2.0,3.0,0.5975800000014715,4.0,46.08331,39.106894,36.450045,6.148763999997755,8.883912000001146,2,10,False,True,DEV,TARGET
13344,2026-08-11 06:35:35.276,-1,3.0,2.0,1.6870080000007874,3.0,55.853706,44.649734,39.600768,6.879627999998775,9.136944000001677,10,10,False,True,DEV,TARGET
13345,2026-08-11 06:35:49.752,-1,4.0,1.0,1.7565600000016275,2.0,61.126017,48.961779,42.380409,7.564743999999337,9.413507999997819,10,10,True,True,DEV,STOP
13346,2026-08-11 06:36:02.564,-1,3.0,2.0,2.5884359999981825,3.0,63.469834,51.788475,44.45894,8.347164000002522,9.750787999997556,10,10,True,True,DEV,STOP
13358,2026-08-11 06:38:11.792,-1,1.0,4.0,0.43635599999834085,5.0,25.392217,8.737468,18.866311,0.9083160000009229,6.561540000002424,4,5,False,False,DEV,TARGET
13359,2026-08-11 06:38:20.120,-1,2.0,3.0,2.3393880000003264,4.0,54.582437,27.236189,27.08182,2.1777079999992566,6.726124000000709,6,10,False,False,DEV,TARGET
13360,2026-08-11 06:38:29.784,-1,1.0,4.0,4.597303999998985,5.0,64.858646,40.260726,33.991003,3.75842399999965,7.054424000001745,10,10,False,True,DEV,STOP
13364,2026-08-11 06:39:16.376,-1,3.0,2.0,0.04635200000120676,3.0,43.65802,35.345007,32.298019,5.273259999998118,7.472200000000157,1,2,False,False,DEV,STOP
13389,2026-08-11 06:44:24.384,-1,3.0,2.0,1.8327199999985169,3.0,55.107154,18.193325,8.994944,0.08174000000144588,0.3698599999988801,10,10,False,False,DEV,STOP
13463,2026-08-11 07:00:16.440,1,0.0,5.0,1.9458039999990433,4.0,61.345821,51.1308,36.608681,8.39832000000024,4.426744000000326,0,0,False,True,DEV,TARGET
13465,2026-08-11 07:00:27.804,1,1.0,4.0,0.32523999999830266,3.0,56.91759,50.380994,37.368797,8.729224000002432,5.232292000000598,0,0,False,True,DEV,TARGET
13466,2026-08-11 07:00:40.844,1,4.0,1.0,0.6974079999999958,2.0,54.772216,49.990164,37.702661,9.072700000000623,5.681872000001022,1,1,False,True,DEV,TARGET
13467,2026-08-11 07:00:42.656,1,1.0,4.0,3.320208000001003,5.0,61.505293,53.727348,41.132947,9.868291999999201,6.265363999998954,10,10,True,True,DEV,TARGET
13468,2026-08-11 07:00:50.196,1,2.0,3.0,4.582384000001184,4.0,66.014988,57.121129,44.506195,10.831035999999585,6.924607999997534,10,10,True,True,DEV,TARGET
13470,2026-08-11 07:01:32.740,1,1.0,4.0,3.130084000000352,3.0,67.352198,59.780974,48.032166,11.907835999998497,8.080344000001787,0,0,True,True,DEV,STOP
13476,2026-08-11 07:03:55.048,1,2.0,3.0,-1.307064000000537,4.0,12.889486,39.380856,36.82717,8.443512000001647,9.054407999999967,1,2,False,False,DEV,STOP
13496,2026-08-11 07:10:06.284,1,2.0,3.0,-0.6112680000005639,4.0,34.228301,15.254779,18.535167,1.3500160000003234,5.082300000001851,1,1,False,False,DEV,STOP
13497,2026-08-11 07:10:20.292,1,4.0,1.0,-0.03098400000089896,2.0,46.333272,23.632739,22.471606,2.150632000000769,5.198612000000139,10,10,False,False,DEV,STOP
13507,2026-08-11 07:15:00.284,1,4.0,1.0,-3.200595999998768,2.0,2.813534,1.226132,8.832125,0.31547199999840814,3.4874239999990095,1,1,False,False,DEV,TARGET
13510,2026-08-11 07:15:41.420,1,2.0,3.0,-1.3783320000002277,4.0,21.433926,9.444176,12.063656,0.9941839999992226,3.3452959999995073,1,1,False,False,DEV,STOP
13529,2026-08-11 07:21:26.032,1,0.0,0.0,1.2246479999994335,-1.0,40.943417,16.236709,9.599818,0.5989159999990079,0.8621680000032939,0,0,False,False,DEV,STOP
13539,2026-08-11 07:24:18.636,-1,3.0,2.0,-0.8473720000001776,3.0,35.534517,19.646162,9.644399,2.1430839999993623,0.3022000000019034,1,1,False,False,DEV,TARGET
13540,2026-08-11 07:24:51.168,-1,2.0,3.0,1.3409319999991567,4.0,50.709104,29.615317,15.690981,3.131120000001829,0.7102559999984805,10,10,False,False,DEV,STOP
13542,2026-08-11 07:25:49.496,-1,0.0,0.0,1.2432799999987765,-1.0,44.121121,30.081773,17.200112,3.314668000002712,1.1113039999981993,0,0,False,False,DEV,STOP
13545,2026-08-11 07:26:39.012,-1,4.0,1.0,-2.7922560000006342,2.0,0.678667,12.708888,8.749054,2.673635999999533,1.326176000002306,1,2,False,False,DEV,STOP
13561,2026-08-11 07:31:36.624,-1,2.0,3.0,0.14360799999849405,4.0,40.966281,14.274278,7.231162,0.707908000000316,0.3867600000012317,1,9,False,False,DEV,STOP
13565,2026-08-11 07:34:32.188,-1,3.0,2.0,-2.3153759999986505,3.0,3.906321,3.672083,2.655869,0.8262359999971522,0.5004800000024261,1,2,False,False,DEV,STOP
13570,2026-08-11 07:37:49.428,-1,1.0,4.0,-0.9029719999998633,5.0,14.465319,4.309398,2.63693,0.5028999999994994,0.3900199999989127,2,3,False,False,DEV,TARGET
13571,2026-08-11 07:38:15.148,-1,1.0,4.0,2.0754679999990913,5.0,47.453546,21.272302,11.371197,1.7564640000018699,0.7662519999976212,8,10,False,False,DEV,TARGET
13572,2026-08-11 07:38:17.684,-1,0.0,5.0,5.1698079999987385,6.0,63.803707,38.126504,21.918663,3.475568000001658,1.3411159999996016,10,10,False,False,DEV,STOP
13587,2026-08-11 07:44:27.516,-1,3.0,2.0,-0.4877200000009907,3.0,33.370493,16.385807,11.932605,1.7309239999995043,1.9687279999998282,5,5,False,False,DEV,STOP
13594,2026-08-11 07:48:15.904,1,1.0,4.0,3.2848919999996724,5.0,61.331581,39.160705,20.147911,4.116448000000673,0.13692399999854388,1,10,False,False,DEV,STOP
13596,2026-08-11 07:49:20.092,1,1.0,4.0,1.1353039999994508,3.0,61.462504,44.186748,25.636921,5.428388000000268,1.0466000000014901,0,0,False,False,DEV,STOP
13602,2026-08-11 07:51:41.876,1,2.0,3.0,-1.778812000000471,4.0,-2.483002,9.547005,7.14179,2.33201199999894,1.2879760000032547,3,3,False,False,DEV,TARGET
13603,2026-08-11 07:52:32.524,1,0.0,5.0,2.1720359999999346,6.0,45.094659,27.836945,16.877286,3.4569080000001122,1.7086559999988822,4,5,False,False,DEV,STOP
13607,2026-08-11 07:54:44.284,1,5.0,0.0,-4.316100000000006,1.0,2.225273,17.292419,13.236784,3.2407679999996617,2.262643999998545,1,1,False,False,DEV,TARGET
13608,2026-08-11 07:55:07.256,1,0.0,5.0,0.19858799999929033,6.0,28.755396,25.317952,17.614854,3.9321039999995264,2.5786880000014207,2,3,False,False,DEV,STOP
13890,2026-08-11 11:09:54.400,-1,3.0,2.0,1.84595199999967,3.0,58.459854,38.230782,19.408911,4.303044000000227,0.06017200000133016,1,10,False,False,DEV,STOP
13896,2026-08-11 11:17:09.592,-1,2.0,3.0,-1.0007839999998396,4.0,18.969308,21.681348,12.686166,3.6693080000004556,1.200727999999799,1,4,False,False,DEV,TARGET
13899,2026-08-11 11:20:42.252,-1,2.0,3.0,0.3960640000004787,4.0,40.948726,31.159954,19.312483,4.458459999998013,1.9634080000032554,1,10,False,False,DEV,TARGET
13900,2026-08-11 11:21:03.388,-1,1.0,4.0,3.08582799999931,5.0,57.402051,41.227867,26.269087,5.580332000001363,2.4922440000009374,10,10,False,True,DEV,TARGET
13901,2026-08-11 11:21:07.264,-1,2.0,3.0,4.4000879999985045,4.0,65.350727,49.061284,32.787164,6.852780000001076,3.115012000002025,10,10,False,True,DEV,TARGET
13902,2026-08-11 11:23:31.400,-1,4.0,1.0,3.866735999999946,2.0,68.275591,53.551406,37.331661,7.9259039999997185,3.7372839999989083,10,10,False,True,DEV,TARGET
13906,2026-08-11 11:27:32.036,-1,0.0,5.0,1.507396000000881,6.0,43.364066,44.165278,33.025796,8.187991999999213,5.157727999998315,1,2,False,False,DEV,TARGET
13907,2026-08-11 11:27:41.012,-1,1.0,4.0,3.950196000001597,5.0,59.498292,51.120999,38.466806,9.16956399999981,5.758723999999347,3,10,False,True,DEV,TARGET
13908,2026-08-11 11:28:07.120,-1,1.0,4.0,5.8501519999990705,5.0,68.241973,57.466972,44.200788,10.42002400000274,6.475819999999658,10,10,True,True,DEV,TARGET
13909,2026-08-11 11:28:34.428,-1,2.0,3.0,6.550119999999879,4.0,71.483107,61.154929,48.172368,11.698444000001473,7.252487999998266,10,10,True,True,DEV,TARGET
13910,2026-08-11 11:29:04.884,-1,3.0,2.0,6.316760000001523,3.0,72.702612,63.324055,50.897707,12.831919999996899,8.038608000002569,10,10,True,True,DEV,TARGET
13912,2026-08-11 11:29:49.056,-1,0.0,5.0,3.7471760000007635,4.0,68.969732,62.738232,51.649888,13.679464000000735,9.282575999997789,0,0,True,True,DEV,TARGET
13913,2026-08-11 11:29:54.168,-1,1.0,4.0,5.692247999999381,5.0,68.52196,63.111119,52.556337,14.540263999999297,10.037127999999939,1,10,True,True,DEV,TARGET
13914,2026-08-11 11:29:54.304,-1,1.0,4.0,7.205079999999725,5.0,71.643579,65.434066,55.178827,15.608828000000358,10.876531999998406,10,10,True,True,DEV,TARGET
13915,2026-08-11 11:29:54.840,-1,2.0,3.0,7.6039520000013,4.0,73.523681,67.26044,57.410776,16.664843999998993,11.74750800000038,10,10,True,True,DEV,STOP
13916,2026-08-11 11:29:56.236,-1,4.0,1.0,6.358628000001772,2.0,73.811217,68.106595,58.731504,17.40866399999868,12.562099999999191,10,10,True,True,DEV,STOP
13933,2026-08-11 11:41:35.200,-1,1.0,4.0,0.5657959999989544,5.0,31.735235,11.06067,23.121549,0.914016000002448,8.112212,1,8,False,False,DEV,TARGET
13934,2026-08-11 11:41:58.100,-1,1.0,4.0,3.217843999998877,5.0,56.625744,28.950246,30.678237,2.3435840000020107,8.262284000000363,10,10,False,False,DEV,STOP
13962,2026-08-11 12:07:18.968,-1,1.0,4.0,0.4020799999998417,5.0,29.119958,14.913832,10.825595,1.8256839999994554,1.8176720000010391,1,6,False,False,DEV,STOP
13971,2026-08-11 12:21:24.916,1,1.0,4.0,3.3633520000003045,5.0,60.439164,39.979121,21.574058,4.59769999999844,0.5679960000015853,10,10,False,False,DEV,TARGET
13972,2026-08-11 12:23:11.516,1,4.0,1.0,3.06038400000034,2.0,64.663772,46.070051,27.04964,5.703784000001178,1.1558960000002116,10,10,False,False,DEV,TARGET
13973,2026-08-11 12:24:15.940,1,2.0,3.0,4.380300000000716,4.0,67.85795,51.303385,32.390384,6.962735999997676,1.8350680000003194,10,10,False,True,DEV,TARGET
13975,2026-08-11 12:27:11.208,1,0.0,0.0,2.476972000000387,-1.0,56.79389,47.176344,30.864673,7.050171999999293,2.5999719999999797,0,0,False,True,DEV,TARGET
13976,2026-08-11 12:28:44.692,1,2.0,3.0,-1.5179119999993418,2.0,44.011307,42.386303,28.146673,7.12288400000034,2.968135999999504,0,0,False,False,DEV,TARGET
13977,2026-08-11 12:30:14.688,1,1.0,4.0,1.5971800000006624,5.0,50.096365,44.990608,30.644564,7.7593959999976505,3.488176000002568,1,10,False,True,DEV,TARGET
13979,2026-08-11 12:31:20.100,1,0.0,5.0,2.101996000001236,4.0,60.855464,51.515173,36.959821,8.729407999999239,4.484339999999065,0,0,False,True,DEV,TARGET
13983,2026-08-11 12:35:09.932,1,1.0,4.0,0.6588760000013281,5.0,40.159514,43.802425,33.75856,8.268875999998272,5.7037600000003295,1,2,False,False,DEV,TARGET
13986,2026-08-11 12:37:06.724,1,1.0,4.0,2.0891559999981837,5.0,49.956248,46.950426,37.131534,8.627064000000246,6.643812000002072,1,10,False,True,DEV,TARGET
13987,2026-08-11 12:38:21.000,1,3.0,2.0,2.84711999999854,3.0,61.138431,52.534881,41.487288,9.371804000002157,7.146595999998681,10,10,True,True,DEV,STOP
14006,2026-08-11 12:50:05.604,-1,2.0,3.0,4.321719999999914,4.0,68.439369,53.978872,32.051448,8.055484000000433,0.2863519999991695,10,10,False,False,DEV,STOP
14013,2026-08-11 12:52:55.060,-1,2.0,3.0,-0.6720559999994293,4.0,25.03458,34.790827,22.93342,6.477780000001076,2.7217599999967206,1,2,False,False,DEV,TARGET
14014,2026-08-11 12:53:05.060,-1,0.0,5.0,3.0328479999989213,6.0,52.982843,44.592184,29.961144,7.428416000002471,3.300435999997717,6,10,False,True,DEV,STOP
14016,2026-08-11 12:54:00.112,-1,2.0,3.0,-0.39988399999856483,2.0,57.603206,48.730595,34.426575,7.787099999997736,4.08408000000054,0,0,False,True,DEV,STOP
14031,2026-08-11 12:57:10.548,-1,4.0,1.0,-0.05010799999945448,2.0,48.636199,19.046173,13.453843,0.8890959999989718,2.0559880000000703,10,10,False,False,DEV,TARGET
14039,2026-08-11 12:59:21.404,-1,1.0,4.0,-0.9723039999989851,5.0,7.785511,1.558208,4.45666,0.3699080000005779,1.662583999997878,3,3,False,False,DEV,TARGET
14042,2026-08-11 12:59:33.032,-1,1.0,4.0,2.2626879999988887,5.0,51.451771,27.248753,17.793759,2.5899000000026717,2.2447639999991225,1,10,False,False,DEV,TARGET
14043,2026-08-11 12:59:39.544,-1,3.0,2.0,2.9820919999983744,3.0,61.800125,38.44275,24.948857,3.842287999999826,2.6809200000025157,10,10,False,True,DEV,STOP
14762,2026-08-12 06:31:06.000,-1,0.0,5.0,4.21468399999867,6.0,61.797406,53.025307,31.696368,9.554836000002979,0.6385319999972126,2,10,False,False,DEV,TARGET
14763,2026-08-12 06:31:12.356,-1,1.0,4.0,6.055864000001748,5.0,68.098809,57.919415,37.822722,10.812095999997837,1.5829159999993863,10,10,False,True,DEV,TARGET
14764,2026-08-12 06:31:13.972,-1,1.0,4.0,7.487895999998727,5.0,72.227889,62.17141,43.682049,12.230628000001161,2.616627999999764,10,10,False,True,DEV,TARGET
14765,2026-08-12 06:31:20.752,-1,3.0,2.0,7.046139999998559,3.0,73.562491,64.424927,47.400328,13.454900000000634,3.6445000000021537,10,10,True,True,DEV,TARGET
14766,2026-08-12 06:31:26.692,-1,3.0,2.0,6.702556000000186,3.0,73.840401,65.708853,49.926367,14.518400000000838,4.6639759999998205,10,10,True,True,DEV,TARGET
14767,2026-08-12 06:31:32.164,-1,2.0,3.0,7.213095999999496,4.0,73.723434,66.547627,51.843342,15.59018400000059,5.713611999999557,10,10,True,True,DEV,TARGET
14769,2026-08-12 06:31:57.264,-1,0.0,0.0,6.610391999998683,-1.0,69.65879,65.583032,52.474336,16.00230400000146,7.366183999998611,0,0,True,True,DEV,TARGET
14770,2026-08-12 06:31:59.784,-1,1.0,4.0,2.4747480000005453,3.0,66.000751,64.321749,51.938239,16.08893199999875,8.121908000000985,0,0,True,True,DEV,TARGET
14771,2026-08-12 06:32:04.152,-1,2.0,3.0,3.924803999998403,4.0,65.47163,64.25284,52.547199,16.433784000000742,8.92756400000144,1,10,True,True,DEV,TARGET
14773,2026-08-12 06:32:17.184,-1,1.0,4.0,0.31253600000127335,3.0,59.837154,62.347858,52.043866,15.525372000000061,10.001791999999114,0,0,False,True,DEV,TARGET
14777,2026-08-12 06:32:47.184,-1,0.0,5.0,0.4382560000012745,6.0,32.564183,53.190533,46.983502,12.803815999999642,11.21219199999905,1,2,False,False,DEV,TARGET
14778,2026-08-12 06:32:58.308,-1,5.0,0.0,0.0075319999996281695,1.0,47.44788,55.272421,48.600457,12.695176000001084,11.557271999998193,3,3,False,True,DEV,TARGET
14779,2026-08-12 06:32:59.960,-1,0.0,5.0,3.561416000000463,6.0,61.082768,59.146351,51.557119,13.245075999999244,12.070744000000559,10,10,True,True,DEV,STOP
14783,2026-08-12 06:33:21.676,-1,5.0,0.0,-2.1272720000015397,1.0,33.800646,51.252825,47.838634,11.53094400000191,12.871235999999044,1,1,False,False,DEV,STOP
14789,2026-08-12 06:34:00.196,-1,4.0,1.0,-3.364743999998609,2.0,-11.469979,22.254793,33.448365,5.1850199999971665,11.30806400000074,3,3,False,False,DEV,STOP
14799,2026-08-12 06:35:00.168,-1,3.0,2.0,-1.949616000001697,3.0,6.291484,6.197425,21.426254,1.2352200000023004,8.18693599999824,3,3,False,False,DEV,TARGET
14800,2026-08-12 06:35:01.044,-1,0.0,0.0,3.1502959999997984,1.0,34.150734,17.392408,25.715949,1.7124599999988277,8.081448000000819,4,4,False,False,DEV,STOP
14805,2026-08-12 06:35:24.284,-1,2.0,3.0,0.18528800000058254,4.0,30.886768,15.709741,22.748953,1.8675359999979264,7.025656000001618,3,4,False,False,DEV,STOP
14830,2026-08-12 06:38:27.976,-1,0.0,5.0,1.1166640000010375,6.0,31.275228,11.06341,8.352663,1.0021919999999227,1.5352399999974295,1,3,False,False,DEV,TARGET
14831,2026-08-12 06:38:44.284,-1,3.0,2.0,2.0907399999996414,3.0,55.136211,27.769202,17.27569,2.2186079999992216,1.887724000000162,10,10,False,False,DEV,TARGET
14833,2026-08-12 06:39:11.060,-1,3.0,2.0,-2.3525159999990137,1.0,49.148142,29.611366,19.284044,2.766347999997379,2.1906159999998636,0,0,False,False,DEV,TARGET
14834,2026-08-12 06:39:27.228,-1,4.0,1.0,-1.3852919999990263,2.0,39.534326,26.390952,17.905107,3.2060160000000906,2.4070799999972223,1,1,False,False,DEV,TARGET
14835,2026-08-12 06:39:40.624,-1,1.0,4.0,1.70032799999899,5.0,50.991579,33.815925,22.538187,4.174740000002203,2.7947839999978896,2,10,False,True,DEV,TARGET
14836,2026-08-12 06:40:03.360,-1,3.0,2.0,2.5446999999985565,3.0,59.548114,41.442037,27.898502,5.2203640000007,3.2510680000013963,10,10,False,True,DEV,TARGET
14837,2026-08-12 06:40:08.752,-1,1.0,4.0,4.756988000001002,5.0,66.372394,49.210884,34.16127,6.586867999998503,3.8481119999996736,10,10,False,True,DEV,TARGET
14838,2026-08-12 06:40:14.168,-1,1.0,4.0,6.477660000000469,5.0,69.955758,54.710629,39.417948,8.158687999999529,4.567699999999604,10,10,True,True,DEV,STOP
14839,2026-08-12 06:40:23.876,-1,5.0,0.0,4.704843999999866,1.0,71.254223,57.884956,43.029929,9.280596000000514,5.230215999999928,10,10,True,True,DEV,STOP
14866,2026-08-12 06:44:24.288,-1,4.0,1.0,-1.1935000000012224,2.0,31.44884,10.474121,9.859869,0.6457880000016303,2.22364799999923,1,5,False,False,DEV,TARGET
14867,2026-08-12 06:44:33.660,-1,1.0,4.0,1.849500000000262,5.0,52.227762,24.863736,17.264262,1.8466039999984787,2.521952000002784,6,10,False,False,DEV,STOP
14961,2026-08-12 07:00:15.176,-1,2.0,3.0,1.5207719999998517,4.0,47.704076,17.251211,17.678016,0.8409119999996619,4.3501240000005055,8,8,False,False,DEV,STOP
14963,2026-08-12 07:00:24.172,-1,1.0,4.0,-0.536815999999817,3.0,52.577649,27.32542,22.872637,1.988548000001174,4.472547999997914,0,0,False,False,DEV,STOP
14974,2026-08-12 07:02:14.196,-1,2.0,3.0,1.1269040000006498,4.0,43.573155,11.859406,11.118922,0.17354799999884563,2.5368039999993925,7,8,False,False,DEV,TARGET
14975,2026-08-12 07:02:32.248,-1,3.0,2.0,2.098703999999998,3.0,58.453174,27.166611,19.06979,1.4577119999994466,2.816632000001846,9,10,False,False,DEV,TARGET
14977,2026-08-12 07:03:14.432,-1,0.0,5.0,1.1955119999984163,4.0,58.685863,34.619926,24.097304,3.0338400000000547,3.2661079999998037,0,0,False,True,DEV,TARGET
14978,2026-08-12 07:03:30.560,-1,5.0,0.0,0.5965079999987211,1.0,56.322818,35.569993,25.123807,3.8144960000026913,3.5552239999997255,1,1,False,True,DEV,TARGET
14981,2026-08-12 07:04:09.440,-1,2.0,3.0,1.7525400000013178,4.0,52.029969,38.111012,27.946766,5.305231999998796,4.316900000001624,1,10,False,True,DEV,TARGET
14982,2026-08-12 07:04:32.876,-1,2.0,3.0,3.3630879999982426,4.0,62.059823,46.168894,33.686485,6.410060000001977,4.802515999999741,10,10,False,True,DEV,TARGET
14984,2026-08-12 07:04:57.132,-1,2.0,3.0,-0.20010800000090967,2.0,58.795181,47.316757,35.653123,7.004899999999907,5.417880000000878,0,0,False,True,DEV,TARGET
14985,2026-08-12 07:05:02.224,-1,0.0,0.0,4.511028000000806,1.0,52.088397,44.93058,34.574701,7.269379999997909,5.727648000000045,1,1,False,True,DEV,STOP
15012,2026-08-12 07:13:42.764,-1,4.0,1.0,-1.6221440000008442,-0.0,57.218887,27.083496,14.820635,1.1019720000003872,0.7849759999990056,0,0,False,False,DEV,STOP
15020,2026-08-12 07:16:09.928,1,4.0,1.0,0.9337720000003173,2.0,54.646514,27.603725,13.391667,2.0862640000013926,0.16804399999818997,10,10,False,False,DEV,TARGET
15027,2026-08-12 07:17:52.604,1,1.0,4.0,0.06273199999850476,5.0,27.699049,21.451166,12.983302,3.1952799999999115,1.3928280000000086,1,10,False,False,DEV,TARGET
15028,2026-08-12 07:18:18.288,1,3.0,2.0,1.271015999998781,3.0,50.731688,33.2178,20.067778,4.08635200000208,1.7973600000004808,10,10,False,True,DEV,TARGET
15029,2026-08-12 07:18:23.192,1,0.0,0.0,5.655235999998695,1.0,58.281962,40.112108,25.109274,4.793544000000111,2.190076000002591,10,10,False,True,DEV,TARGET
15030,2026-08-12 07:18:48.900,1,2.0,3.0,0.9540720000004512,2.0,59.576934,43.077413,27.86475,5.498803999998927,2.611907999998948,0,0,False,True,DEV,TARGET
15031,2026-08-12 07:18:56.428,1,0.0,5.0,4.29761199999848,6.0,63.333,47.732551,32.030081,6.759036000003107,3.2212799999979325,1,10,False,True,DEV,STOP
15049,2026-08-12 07:23:22.700,1,1.0,4.0,1.575091999999131,5.0,47.526141,25.35332,15.142269,2.536972000001697,1.4810440000001108,1,2,False,False,DEV,TARGET
15052,2026-08-12 07:24:22.220,1,1.0,4.0,2.5202439999993658,5.0,53.503936,35.574388,22.608339,4.446060000002035,2.3775119999991148,1,10,False,True,DEV,TARGET
15055,2026-08-12 07:25:41.840,1,4.0,1.0,-2.671544000000722,0.0,46.774146,37.967131,26.080347,5.296760000001086,3.2501919999995152,0,0,False,True,DEV,TARGET
15058,2026-08-12 07:26:27.368,1,1.0,4.0,0.3877360000005865,5.0,32.899068,32.134519,23.708172,5.353063999998994,3.817188000000897,1,3,False,False,DEV,TARGET
15059,2026-08-12 07:26:39.364,1,1.0,4.0,3.079352000000654,5.0,55.703036,42.755059,30.619292,6.40218399999867,4.309472000000824,5,10,False,True,DEV,TARGET
15060,2026-08-12 07:26:45.944,1,2.0,3.0,4.3950519999998505,4.0,65.331881,50.749641,36.930337,7.607960000001185,4.894231999998738,10,10,False,True,DEV,STOP
15062,2026-08-12 07:28:06.980,1,2.0,3.0,1.6340439999985392,2.0,65.040146,53.784043,40.685195,8.7509080000018,5.827000000001135,0,0,True,True,DEV,STOP
15064,2026-08-12 07:28:20.144,1,2.0,3.0,-0.6411359999983688,2.0,54.271863,49.829658,38.909305,8.810159999997268,6.487220000002708,0,0,False,True,DEV,STOP
15083,2026-08-12 07:31:09.712,-1,0.0,5.0,7.4677559999981895,6.0,70.342107,52.632182,30.54611,7.021240000001853,0.2348039999997127,10,10,False,False,DEV,TARGET
15084,2026-08-12 07:31:09.712,-1,0.0,5.0,9.363811999999598,6.0,74.100411,59.307763,38.739421,9.086063999999169,1.2651480000022275,10,10,False,False,DEV,TARGET
15086,2026-08-12 07:31:09.832,-1,2.0,3.0,4.639835999998468,2.0,73.025045,62.022045,44.134815,11.201740000000427,2.97148400000151,0,0,False,True,DEV,TARGET
15088,2026-08-12 07:31:09.840,-1,2.0,3.0,1.782124000001204,2.0,65.595073,59.136939,43.071669,11.851783999998588,4.346543999999994,0,0,True,True,DEV,TARGET
15089,2026-08-12 07:31:09.848,-1,1.0,4.0,4.163872000000993,5.0,65.143994,59.526492,44.322519,12.57932399999845,5.139984000001277,1,10,True,True,DEV,TARGET
15090,2026-08-12 07:31:09.848,-1,0.0,5.0,6.794124000000011,6.0,69.267687,62.367323,47.939639,13.729616000000533,6.069903999999951,10,10,True,True,DEV,TARGET
15092,2026-08-12 07:31:10.132,-1,5.0,0.0,0.14706400000068243,-1.0,66.851129,62.458226,49.607153,13.84342800000013,7.366807999998855,0,0,True,True,DEV,TARGET
15099,2026-08-12 07:31:10.372,-1,0.0,5.0,1.8414879999982077,6.0,44.261609,50.199842,43.071985,10.576560000001336,9.455996000000596,1,10,False,False,DEV,TARGET
15101,2026-08-12 07:31:10.412,-1,1.0,4.0,0.2621319999998377,3.0,56.50906,53.958254,46.189276,10.547704000000522,10.033908000001247,0,0,False,True,DEV,TARGET
15103,2026-08-12 07:31:10.712,-1,0.0,5.0,0.08450000000084401,4.0,50.820868,51.826566,45.427815,10.284147999998822,10.484803999999713,0,0,False,True,DEV,TARGET
15104,2026-08-12 07:31:10.836,-1,1.0,4.0,2.8434999999990396,5.0,55.825732,53.610635,46.849675,10.8956560000006,10.904355999999098,1,10,False,True,DEV,TARGET
15106,2026-08-12 07:31:11.160,-1,0.0,5.0,0.43619200000102865,4.0,57.161964,54.548765,48.057947,10.719027999999525,11.359612000000197,0,0,False,True,DEV,TARGET
15107,2026-08-12 07:31:11.280,-1,1.0,4.0,3.1170359999996435,5.0,57.595717,54.94909,48.607864,11.345767999999225,11.776936000002024,1,10,False,True,DEV,TARGET
15108,2026-08-12 07:31:11.376,-1,1.0,4.0,5.202140000001236,5.0,66.154316,59.3083,51.851011,12.303639999998268,12.312792000000627,10,10,True,True,DEV,STOP
15132,2026-08-12 07:31:19.276,1,0.0,5.0,7.032235999999102,6.0,69.22512,60.070796,38.898901,11.969607999999425,0.8210560000006808,3,10,False,False,DEV,STOP
15145,2026-08-12 07:31:40.852,1,2.0,3.0,-0.8936480000011215,4.0,16.102394,24.720413,20.449658,4.53110800000286,4.028591999998753,1,7,False,False,DEV,TARGET
15146,2026-08-12 07:31:46.028,1,3.0,2.0,0.5271639999991748,3.0,46.105242,35.636104,26.659009,5.179299999999785,4.345236000001023,9,9,False,True,DEV,STOP
15148,2026-08-12 07:32:03.888,1,3.0,2.0,-2.0885080000007292,1.0,46.801642,38.052772,28.915697,5.377660000001924,4.719740000000456,0,0,False,True,DEV,STOP
15174,2026-08-12 07:37:17.104,1,2.0,3.0,1.990615999999136,4.0,51.900963,18.680314,10.269306,0.6620519999996759,0.8232720000014524,10,10,False,False,DEV,TARGET
15175,2026-08-12 07:37:31.176,1,3.0,2.0,2.7704799999992247,3.0,62.001686,32.253997,18.311197,2.029976000001625,1.2254479999974137,10,10,False,False,DEV,TARGET
15176,2026-08-12 07:37:45.168,1,2.0,3.0,4.154815999998391,4.0,66.296689,41.150205,24.785046,3.5416040000018256,1.7402320000001055,10,10,False,True,DEV,TARGET
15177,2026-08-12 07:38:09.784,1,4.0,1.0,3.675967999999557,2.0,67.699701,46.232849,29.304952,4.844735999999102,2.2713720000028843,10,10,False,True,DEV,STOP
15179,2026-08-12 07:38:18.148,1,0.0,5.0,2.1496599999991304,4.0,63.454633,47.424651,31.825922,6.281463999999687,3.1435679999995045,0,0,False,True,DEV,STOP
15183,2026-08-12 07:39:46.416,1,5.0,0.0,-4.615556000000652,1.0,1.246791,25.0799,20.17812,4.888171999999031,3.7064680000003136,1,1,False,False,DEV,TARGET
15184,2026-08-12 07:39:58.128,1,2.0,3.0,-1.5898759999981849,4.0,17.391803,28.246144,22.0662,5.120683999997709,3.9392919999991136,2,2,False,False,DEV,TARGET
15185,2026-08-12 07:40:21.496,1,1.0,4.0,1.5412079999987327,5.0,44.548405,37.268258,27.483132,5.907136000001628,4.336651999998139,3,10,False,False,DEV,TARGET
15189,2026-08-12 07:41:14.064,1,1.0,4.0,2.0294839999987744,5.0,49.419458,41.978052,32.128597,6.883860000001732,5.4078640000007,1,10,False,True,DEV,STOP
15194,2026-08-12 07:43:19.196,1,1.0,4.0,-0.8446440000006987,5.0,10.459777,28.017742,25.899668,5.571776000000682,5.92313600000125,1,2,False,False,DEV,TARGET
15197,2026-08-12 07:44:24.672,1,0.0,0.0,3.1361959999994724,1.0,33.942641,34.0796,29.546914,5.5613400000002,6.252167999999074,1,1,False,False,DEV,TARGET
15198,2026-08-12 07:44:58.512,1,1.0,4.0,-0.2274040000011155,3.0,46.178411,38.975487,32.461577,5.989140000001498,6.484059999998863,0,0,False,True,DEV,TARGET
15201,2026-08-12 07:46:21.364,1,2.0,3.0,1.8353920000008657,4.0,52.69398,43.765959,36.112509,7.0528639999974985,7.168900000000576,1,10,False,True,DEV,STOP
15217,2026-08-12 07:51:05.828,-1,4.0,1.0,0.6657440000017232,2.0,56.300966,45.38077,24.960914,6.919971999999689,0.31208799999876646,1,1,False,False,DEV,TARGET
15218,2026-08-12 07:51:23.408,-1,3.0,2.0,1.7400239999988116,3.0,59.308925,48.213681,28.31253,7.598831999999675,0.9355040000009467,2,10,False,False,DEV,STOP
15227,2026-08-12 07:53:27.472,-1,0.0,0.0,0.7875759999988077,1.0,-11.74807,16.217126,13.504273,3.838900000002468,2.6371519999993325,1,1,False,False,DEV,TARGET
15233,2026-08-12 07:54:31.752,-1,2.0,3.0,-0.3197040000013658,4.0,26.747145,18.627276,14.635769,2.655532000000676,2.701444000002084,4,5,False,False,DEV,TARGET
15234,2026-08-12 07:54:39.544,-1,0.0,5.0,3.3068959999982326,6.0,55.016443,34.350076,23.456635,3.9620640000030107,3.1394000000000233,6,10,False,True,DEV,TARGET
15235,2026-08-12 07:55:17.308,-1,2.0,3.0,4.572032000000036,4.0,65.040776,45.059918,30.959673,5.39541200000167,3.6798039999994216,10,10,False,True,DEV,TARGET
15236,2026-08-12 07:55:56.424,-1,4.0,1.0,4.000467999998364,2.0,68.662705,51.158954,36.250367,6.609580000000278,4.227504000002227,10,10,False,True,DEV,TARGET
15500,2026-08-12 11:11:26.396,1,3.0,2.0,-0.654207999999926,3.0,34.660957,16.616619,10.889858,1.6377079999983835,1.4627120000004652,1,10,False,False,DEV,TARGET
15501,2026-08-12 11:11:37.628,1,1.0,4.0,2.268951999998535,5.0,53.523654,29.591716,18.192197,2.8358680000019376,1.8533079999979236,10,10,False,False,DEV,TARGET
15507,2026-08-12 11:24:43.952,1,2.0,3.0,-0.3141920000016398,4.0,34.858097,28.257511,19.995537,4.153656000002229,2.974631999997655,1,4,False,False,DEV,TARGET
15511,2026-08-12 11:31:51.564,1,3.0,2.0,-0.5485999999982596,3.0,36.168287,31.475535,23.312027,4.844263999999384,3.7623839999978372,1,2,False,False,DEV,TARGET
15512,2026-08-12 11:32:08.664,1,1.0,4.0,2.351087999999436,5.0,54.138487,40.582363,29.153174,5.800923999999213,4.1978760000019975,3,10,False,True,DEV,TARGET
15513,2026-08-12 11:36:03.720,1,3.0,2.0,3.0508479999989504,3.0,62.126601,47.239007,34.204928,6.80900400000246,4.691999999999098,10,10,False,True,DEV,TARGET
15514,2026-08-12 11:40:25.116,1,4.0,1.0,2.817323999999644,2.0,65.667002,51.596641,38.088926,7.693739999998797,5.195620000002236,10,10,False,True,DEV,TARGET
15515,2026-08-12 11:41:22.128,1,2.0,3.0,4.1912520000005316,4.0,67.266118,54.474152,41.046037,8.758923999997933,5.787616000001435,10,10,True,True,DEV,STOP
15519,2026-08-12 11:52:13.072,1,2.0,3.0,0.5485760000010487,4.0,39.682114,43.925194,35.712923,8.39607999999862,6.862359999999171,1,2,False,False,DEV,STOP
15527,2026-08-12 12:06:00.100,1,2.0,3.0,-1.9278479999993579,4.0,-11.007082,-0.847552,11.184396,0.8555559999986144,4.937475999999151,3,4,False,False,DEV,STOP
15547,2026-08-12 12:40:24.484,-1,2.0,3.0,-0.8251359999994747,4.0,30.967733,28.951021,16.86959,4.524403999999777,1.3681160000014643,1,1,False,False,DEV,TARGET
15548,2026-08-12 12:42:11.932,-1,3.0,2.0,0.5804480000006151,3.0,46.650327,35.839454,21.599942,5.1828759999989416,1.79161600000225,10,10,False,True,DEV,TARGET
15549,2026-08-12 12:42:27.264,-1,1.0,4.0,3.2292400000005728,5.0,59.722145,44.552162,28.247495,6.2730200000005425,2.3642479999980424,10,10,False,True,DEV,STOP
15559,2026-08-12 12:50:00.132,-1,1.0,4.0,-0.3344360000010056,5.0,25.231769,19.115344,15.275799,2.7972919999992882,2.8690440000027593,3,3,False,False,DEV,TARGET
15560,2026-08-12 12:50:07.172,-1,2.0,3.0,1.7398839999987104,4.0,49.752115,31.474461,22.106771,3.8059439999997267,3.2240360000032524,9,9,False,True,DEV,TARGET
15561,2026-08-12 12:51:09.924,-1,1.0,4.0,4.131020000000717,5.0,62.919994,43.123289,29.824477,5.171139999998559,3.731631999999081,10,10,False,True,DEV,TARGET
15563,2026-08-12 12:53:13.860,-1,0.0,5.0,3.6348160000015923,4.0,67.108886,51.418152,37.2302,7.150531999999657,4.7048999999969965,0,0,False,True,DEV,TARGET
15565,2026-08-12 12:54:19.360,-1,1.0,4.0,0.742048000000068,3.0,60.76354,50.009529,37.462585,7.83947199999966,5.446191999999428,0,0,False,True,DEV,TARGET
15566,2026-08-12 12:54:23.144,-1,1.0,4.0,3.3549280000006547,5.0,60.395028,50.891277,38.715624,8.740067999999155,5.99045599999954,1,10,False,True,DEV,TARGET
15567,2026-08-12 12:54:35.500,-1,4.0,1.0,3.053832000001421,2.0,64.637955,54.43083,42.015139,9.513563999997132,6.5343119999997725,10,10,True,True,DEV,TARGET
15571,2026-08-12 12:55:00.208,-1,3.0,2.0,-0.3093640000006417,3.0,39.378536,45.195982,37.55267,8.770776000001206,7.5456279999998515,1,2,False,False,DEV,TARGET
15572,2026-08-12 12:55:03.460,-1,2.0,3.0,1.759384000000864,4.0,54.054264,50.029064,41.002355,9.305115999999543,7.9618719999998575,3,10,False,True,DEV,STOP
15573,2026-08-12 12:55:17.252,-1,3.0,2.0,2.5906319999994594,3.0,61.125379,53.757656,44.008792,9.948707999999897,8.4271719999997,10,10,True,True,DEV,STOP
15997,2026-08-13 06:31:29.912,1,1.0,4.0,2.6623839999992924,5.0,56.313024,22.268902,13.539077,0.7705280000009225,1.4588159999984782,10,10,False,False,DEV,STOP
16001,2026-08-13 06:32:27.576,1,1.0,4.0,-0.04719200000181445,5.0,25.81564,15.690306,11.414595,2.1227560000006633,1.9009839999998803,1,2,False,False,DEV,TARGET
16002,2026-08-13 06:32:35.720,1,3.0,2.0,1.1855199999990873,3.0,49.983794,28.888408,18.663613,3.084000000002561,2.237359999999171,3,3,False,False,DEV,STOP
16006,2026-08-13 06:32:56.280,1,3.0,2.0,-2.6435879999989993,3.0,2.31372,13.444408,11.865481,2.69438799999989,2.4921639999993204,1,1,False,False,DEV,TARGET
16007,2026-08-13 06:33:06.036,1,2.0,3.0,-0.05612399999881745,4.0,34.918585,24.699053,17.719284,3.3828599999978906,2.7635640000007697,3,3,False,False,DEV,TARGET
16008,2026-08-13 06:33:23.260,1,3.0,2.0,1.1785720000007132,3.0,52.081499,34.597949,23.639028,4.242023999999219,3.1171439999998256,4,10,False,True,DEV,TARGET
16009,2026-08-13 06:33:26.552,1,1.0,4.0,3.694444000000658,5.0,62.083077,43.669922,30.002081,5.492503999998007,3.6238200000007055,10,10,False,True,DEV,TARGET
16010,2026-08-13 06:33:32.992,1,2.0,3.0,4.87345600000117,4.0,67.008347,50.153242,35.436353,6.858535999999731,4.22345199999836,10,10,False,True,DEV,TARGET
16014,2026-08-13 06:34:06.844,1,2.0,3.0,1.2687360000018089,4.0,47.722069,43.659296,33.258359,7.581911999997828,5.472364000001107,1,2,False,True,DEV,TARGET
16017,2026-08-13 06:34:27.844,1,1.0,4.0,2.3761000000013155,5.0,52.379063,46.798127,36.705627,8.280080000000453,6.43024399999922,1,10,False,True,DEV,TARGET
16018,2026-08-13 06:34:33.096,1,1.0,4.0,4.625855999998748,5.0,63.955172,53.531342,41.965043,9.37782800000059,7.0205280000009225,10,10,True,True,DEV,TARGET
16019,2026-08-13 06:34:41.936,1,2.0,3.0,5.597888000000239,4.0,69.171334,58.283023,46.316392,10.565503999998327,7.683400000001711,10,10,True,True,DEV,TARGET
16021,2026-08-13 06:35:02.756,1,1.0,4.0,1.9295840000013413,3.0,65.86711,58.367256,47.574788,11.203911999997217,8.608196000001044,0,0,True,True,DEV,TARGET
16022,2026-08-13 06:35:08.200,1,0.0,0.0,6.16745599999922,1.0,61.081882,56.662618,46.785061,11.435359999999491,9.050967999999557,1,1,True,True,DEV,TARGET
16023,2026-08-13 06:35:15.592,1,2.0,3.0,1.3524639999995998,2.0,61.63719,57.315323,47.752957,11.682123999999021,9.49551600000268,0,0,True,True,DEV,TARGET
16024,2026-08-13 06:35:25.888,1,1.0,4.0,3.8296960000006948,5.0,63.811482,58.738816,49.295581,12.362128000000666,10.062591999998403,1,10,True,True,DEV,TARGET
16025,2026-08-13 06:35:33.216,1,2.0,3.0,4.978652000001603,4.0,67.348461,61.063592,51.576675,13.197823999998946,10.695412000000942,10,10,True,True,DEV,TARGET
16026,2026-08-13 06:35:48.232,1,5.0,0.0,3.5389519999989716,1.0,68.995699,62.618773,53.306362,13.703408000001218,11.26200400000016,10,10,True,True,DEV,TARGET
16028,2026-08-13 06:36:01.932,1,0.0,5.0,1.4618359999985842,4.0,61.463014,60.06477,52.217201,13.50489600000219,12.035179999998945,0,0,True,True,DEV,TARGET
16029,2026-08-13 06:36:21.984,1,4.0,1.0,1.581428000001324,2.0,58.820159,59.202093,51.971269,13.627963999999338,12.45911200000046,1,10,False,True,DEV,TARGET
16030,2026-08-13 06:36:43.512,1,4.0,1.0,1.6744440000002214,2.0,61.96397,60.350405,53.124314,13.758200000000215,12.876312000000325,10,10,True,True,DEV,TARGET
16031,2026-08-13 06:36:59.040,1,0.0,5.0,4.857899999999063,6.0,65.568906,62.027429,54.683625,14.460132000000158,13.449395999999979,10,10,True,True,DEV,TARGET
16032,2026-08-13 06:37:05.244,1,1.0,4.0,6.556143999998312,5.0,69.503321,64.311724,56.764179,15.41644400000223,14.117687999998452,10,10,True,True,DEV,TARGET
16033,2026-08-13 06:37:35.892,1,5.0,0.0,4.76589199999944,1.0,71.388789,65.872192,58.362469,15.968887999999424,14.704896000002918,10,10,True,True,DEV,TARGET
16035,2026-08-13 06:38:32.492,1,2.0,3.0,0.6484999999993306,2.0,63.077778,63.00802,56.933617,15.434219999999186,15.399656000001414,0,0,True,True,DEV,TARGET
16038,2026-08-13 06:39:32.096,1,3.0,2.0,0.9992280000005849,3.0,50.577024,58.294244,54.538759,14.227167999997619,16.044112000003224,1,10,False,True,DEV,TARGET
16039,2026-08-13 06:39:40.380,1,1.0,4.0,3.5549519999985932,5.0,61.411386,61.070202,56.411242,14.653332000001683,16.443771999998717,10,10,True,True,DEV,STOP
16040,2026-08-13 06:39:57.076,1,4.0,1.0,3.2094079999988026,2.0,65.237875,62.624268,57.627673,14.982212000002619,16.827023999998346,10,10,True,True,DEV,STOP
16101,2026-08-13 07:00:29.752,1,0.0,5.0,4.254452000001038,4.0,69.64941,61.36029,54.881482,12.321983999998338,14.16852800000197,0,0,True,True,DEV,TARGET
16102,2026-08-13 07:00:40.676,1,0.0,5.0,6.864571999998589,6.0,70.107377,62.544378,56.02158,13.505748000003223,14.737583999998606,1,10,True,True,DEV,TARGET
16103,2026-08-13 07:00:49.140,1,1.0,4.0,8.116888000000472,5.0,72.94946,65.264885,58.339817,14.823808000001009,15.398271999998542,10,10,True,True,DEV,TARGET
16104,2026-08-13 07:01:09.296,1,3.0,2.0,7.535360000001674,3.0,74.364424,67.126002,60.128684,15.93007999999827,16.056312000000617,10,10,True,True,DEV,TARGET
16106,2026-08-13 07:01:58.908,1,1.0,4.0,2.4966999999996915,3.0,68.510892,65.134489,59.290764,15.970848000000842,16.820700000000215,0,0,True,True,DEV,TARGET
16107,2026-08-13 07:02:13.592,1,1.0,4.0,4.719656000001123,5.0,66.242829,64.449161,59.084286,16.470487999999023,17.32209199999852,1,10,True,True,DEV,TARGET
16108,2026-08-13 07:02:51.080,1,2.0,3.0,5.670844000000216,4.0,69.367797,65.984702,60.412566,17.104088000000047,17.874080000001413,10,10,True,True,DEV,STOP
16112,2026-08-13 07:04:55.620,1,0.0,5.0,1.831532000000152,6.0,44.151688,58.318298,56.486915,15.020519999998214,18.55497600000308,1,2,False,False,DEV,TARGET
16113,2026-08-13 07:05:27.604,1,1.0,4.0,4.2023039999985485,5.0,60.838527,61.787364,58.531593,15.501584000001458,18.92247199999838,3,10,True,True,DEV,STOP
16124,2026-08-13 07:11:20.248,1,3.0,2.0,-0.3126120000015362,3.0,32.173493,34.642311,44.308442,6.051236000002973,15.787043999996968,5,7,False,False,DEV,TARGET
16125,2026-08-13 07:11:28.984,1,2.0,3.0,1.7568559999999707,4.0,54.035549,43.701436,47.589305,6.802675999999337,15.769051999999647,8,9,False,True,DEV,TARGET
16126,2026-08-13 07:11:48.480,1,1.0,4.0,4.144219999998313,5.0,62.978676,50.175994,50.396953,7.930548000000272,15.907596000000922,10,10,True,True,DEV,STOP
16127,2026-08-13 07:12:43.788,1,4.0,1.0,3.667728000000352,2.0,66.859532,54.396624,52.53879,8.881059999999707,16.061720000001515,10,10,True,True,DEV,STOP
16129,2026-08-13 07:14:31.152,1,0.0,0.0,2.650848000001133,-1.0,56.270954,50.817632,50.861163,8.743247999998857,15.901880000001256,0,0,False,True,DEV,TARGET
16130,2026-08-13 07:14:56.024,1,0.0,5.0,0.17287999999825843,4.0,49.356983,48.460879,49.734714,8.989688000001479,15.906112000000576,0,0,False,True,DEV,STOP
16141,2026-08-13 07:17:59.960,1,3.0,2.0,-2.5204479999993055,3.0,-11.261328,2.302568,26.522082,1.3902199999974982,11.431704000002355,3,3,False,False,DEV,TARGET
16142,2026-08-13 07:18:32.076,1,2.0,3.0,0.039651999999477994,4.0,36.279391,19.646174,32.470822,2.200536000000284,11.304368000000977,5,5,False,False,DEV,TARGET
16143,2026-08-13 07:18:45.900,1,1.0,4.0,2.8086199999997916,5.0,55.587738,32.960703,37.533712,3.4523560000016005,11.360263999999006,6,9,False,True,DEV,TARGET
16147,2026-08-13 07:21:18.876,1,2.0,3.0,0.5355119999985618,4.0,42.614888,33.488072,37.289323,4.919824000000517,11.033508000000438,1,2,False,False,DEV,TARGET
16148,2026-08-13 07:21:34.188,1,1.0,4.0,3.194287999998778,5.0,58.066339,42.881608,41.621134,6.024624000001495,11.231152000000293,3,10,False,True,DEV,TARGET
16149,2026-08-13 07:22:16.768,1,0.0,5.0,6.040000000000873,6.0,67.027752,51.437618,46.390002,7.5613999999986845,11.615332000001217,10,10,True,True,DEV,TARGET
16150,2026-08-13 07:22:57.564,1,2.0,3.0,6.697779999998602,4.0,71.250036,57.238982,50.303344,9.095508000002155,12.081608000000415,10,10,True,True,DEV,TARGET
16151,2026-08-13 07:23:16.268,1,2.0,3.0,7.209384000001592,4.0,73.276917,60.986277,53.275663,10.600439999998343,12.618999999998778,10,10,True,True,DEV,TARGET
16152,2026-08-13 07:23:31.728,1,2.0,3.0,7.607299999999668,4.0,73.957024,63.189785,55.309809,12.05773599999884,13.217560000000958,10,10,True,True,DEV,STOP
16154,2026-08-13 07:24:15.696,1,1.0,4.0,2.5402160000012373,3.0,68.635714,61.645521,54.904158,12.71067199999743,13.908708000002662,0,0,True,True,DEV,STOP
16156,2026-08-13 07:25:26.124,1,4.0,1.0,-2.8583880000005593,0.0,49.823315,54.827345,51.065371,11.613140000001295,14.085768000000826,0,0,False,True,DEV,TARGET
16157,2026-08-13 07:25:49.752,1,4.0,1.0,-1.7787439999992785,2.0,37.703579,51.388708,49.311949,11.2731160000003,14.175931999998284,1,1,False,False,DEV,TARGET
16163,2026-08-13 07:28:38.988,1,2.0,3.0,-1.464828000000125,4.0,4.255968,33.656131,40.677545,7.270724000001792,13.30753999999797,1,2,False,False,DEV,TARGET
16167,2026-08-13 07:31:48.324,1,1.0,4.0,-0.3551359999983106,5.0,20.215627,33.082852,39.595565,6.342163999997865,12.69935600000099,1,2,False,False,DEV,TARGET
16168,2026-08-13 07:32:27.944,1,2.0,3.0,1.723784000001615,4.0,49.607225,42.593823,43.578366,7.064279999998689,12.812579999997979,3,10,False,True,DEV,STOP
16174,2026-08-13 07:36:06.736,1,0.0,0.0,2.6742640000011306,1.0,22.02505,30.524391,37.326219,5.411815999999817,11.7870640000001,1,1,False,False,DEV,STOP
16196,2026-08-13 07:47:44.800,-1,0.0,5.0,2.651239999999234,6.0,51.964489,52.929781,34.740089,11.069739999999001,2.4737680000034743,1,2,False,True,DEV,TARGET
16197,2026-08-13 07:48:14.984,-1,4.0,1.0,2.506519999999,2.0,61.067278,56.504735,39.009704,11.556784000000334,3.221848000001046,3,10,True,True,DEV,TARGET
16198,2026-08-13 07:48:27.376,-1,1.0,4.0,4.727291999999579,5.0,67.123172,60.069095,43.477904,12.41094399999929,4.076908000002732,10,10,True,True,DEV,TARGET
16199,2026-08-13 07:48:43.560,-1,2.0,3.0,5.676783999999316,4.0,69.38364,62.132531,46.528683,13.370396000002074,4.983055999997305,10,10,True,True,DEV,TARGET
16200,2026-08-13 07:49:10.108,-1,3.0,2.0,5.637500000000728,3.0,71.311583,64.10598,49.487532,14.245903999999427,5.890744000000268,10,10,True,True,DEV,TARGET
16201,2026-08-13 07:49:13.060,-1,0.0,5.0,7.940276000001177,6.0,72.958203,65.960113,52.311228,15.47245599999951,6.919296000000031,10,10,True,True,DEV,TARGET
16202,2026-08-13 07:49:21.080,-1,3.0,2.0,7.3979919999983395,3.0,73.729422,67.230784,54.471534,16.501720000000205,7.929095999999845,10,10,True,True,DEV,STOP
16203,2026-08-13 07:49:29.872,-1,5.0,0.0,5.420659999999771,1.0,73.636023,67.866319,55.887038,17.087075999999797,8.837591999999859,10,10,True,True,DEV,STOP
16211,2026-08-13 07:50:53.680,-1,4.0,1.0,-1.1149199999999837,2.0,28.626249,47.504686,43.462884,10.442967999999382,10.875920000002225,3,3,False,False,DEV,STOP
16219,2026-08-13 07:53:08.948,-1,4.0,1.0,-3.806504000000132,2.0,0.706567,26.362626,32.896581,5.31477200000154,10.01631599999746,1,1,False,False,DEV,TARGET
16226,2026-08-13 07:55:38.852,-1,1.0,4.0,1.9028639999996813,5.0,45.701375,34.054004,34.640913,4.953796000001603,9.264788000000408,5,10,False,True,DEV,TARGET
16528,2026-08-13 11:05:02.288,1,4.0,1.0,-1.6902919999993173,2.0,35.410202,10.292343,6.282276,0.19009599999844795,0.7167800000024727,2,4,False,False,DEV,STOP
16534,2026-08-13 11:11:58.000,1,2.0,3.0,-0.9626600000010512,4.0,19.698875,5.264416,3.592774,0.407204000002821,0.6059079999977257,2,4,False,False,DEV,TARGET
16535,2026-08-13 11:12:40.380,1,1.0,4.0,2.0290400000012596,5.0,49.415438,22.036604,12.253679,1.6599399999977322,0.9673360000015236,5,10,False,False,DEV,STOP
16537,2026-08-13 11:15:10.212,1,0.0,5.0,0.5484319999995932,4.0,56.244628,33.015689,19.50797,2.946719999999914,1.492472000001726,0,0,False,False,DEV,STOP
16547,2026-08-13 11:30:21.864,1,1.0,4.0,0.3229879999998957,5.0,35.672874,12.595391,8.225047,0.8400719999990542,1.1440959999999905,4,7,False,False,DEV,TARGET
16548,2026-08-13 11:33:49.884,1,1.0,4.0,3.0289879999982077,5.0,55.356318,27.724919,16.475195,2.2410280000003695,1.5545039999997243,9,10,False,False,DEV,TARGET
16549,2026-08-13 11:35:43.984,1,3.0,2.0,3.5781040000001667,3.0,64.415161,39.69905,24.421827,3.6303079999997863,2.0347560000009253,10,10,False,True,DEV,TARGET
16550,2026-08-13 11:40:00.516,1,1.0,4.0,5.560747999999876,5.0,68.869162,47.995564,31.224542,5.27099200000157,2.6567959999993036,10,10,False,True,DEV,TARGET
16551,2026-08-13 11:41:33.092,1,3.0,2.0,5.547247999998945,3.0,70.521266,52.747292,35.988096,6.777952000000369,3.3206480000008014,10,10,False,True,DEV,TARGET
16552,2026-08-13 11:41:51.624,1,0.0,5.0,7.870080000000598,6.0,72.827659,57.720152,41.372059,8.58910399999877,4.141728000002331,10,10,True,True,DEV,TARGET
16554,2026-08-13 11:45:06.220,1,1.0,4.0,4.513999999999214,3.0,71.628339,60.248286,45.513229,10.562652000000526,5.5149640000017826,0,0,True,True,DEV,TARGET
16555,2026-08-13 11:47:15.388,1,4.0,1.0,3.9553320000013628,2.0,69.241327,59.771691,45.858917,11.355187999997725,6.199068000001716,1,1,True,True,DEV,TARGET
16556,2026-08-13 11:50:33.608,1,4.0,1.0,3.5208160000001953,2.0,68.74243,60.473526,47.243145,12.004863999998634,6.865888000000268,10,10,True,True,DEV,TARGET
16558,2026-08-13 11:52:50.032,1,3.0,2.0,-0.2775320000000647,1.0,60.174366,57.507328,46.028503,11.877668000000995,7.799768000000768,0,0,True,True,DEV,TARGET
16559,2026-08-13 11:53:28.436,1,2.0,3.0,1.784139999999752,4.0,57.651631,56.737335,45.988874,12.167983999999706,8.334060000001045,1,1,False,True,DEV,TARGET
16561,2026-08-13 12:00:25.748,1,4.0,1.0,-2.105887999998231,0.0,51.916833,54.794199,45.549148,11.45416799999657,8.993560000002617,0,0,False,True,DEV,TARGET
16562,2026-08-13 12:02:51.284,1,1.0,4.0,1.1398640000006708,5.0,50.538505,54.148348,45.527812,11.660551999997551,9.429980000000796,1,1,False,True,DEV,TARGET
16565,2026-08-13 12:06:07.548,1,1.0,4.0,2.315463999999338,5.0,51.888056,53.596614,46.222809,11.416356000001542,10.367707999997947,1,10,False,True,DEV,TARGET
16566,2026-08-13 12:06:22.388,1,2.0,3.0,3.800916000000143,4.0,62.903598,57.903775,49.542989,12.112356000001455,10.88823599999887,10,10,True,True,DEV,TARGET
16567,2026-08-13 12:07:08.992,1,4.0,1.0,3.400711999998748,2.0,66.815874,60.397698,51.792593,12.679500000002008,11.395747999999003,10,10,True,True,DEV,TARGET
16568,2026-08-13 12:08:40.384,1,3.0,2.0,3.8672200000000885,3.0,68.061432,61.727532,53.231511,13.286575999998604,11.93094800000108,10,10,True,True,DEV,TARGET
16569,2026-08-13 12:09:15.352,1,1.0,4.0,5.785616000001028,5.0,69.47992,63.171986,54.779222,14.195875999997952,12.570520000001125,10,10,True,True,DEV,STOP
16579,2026-08-13 12:19:53.160,1,3.0,2.0,-0.5130600000011327,3.0,28.98188,28.956079,35.017481,4.798851999999897,10.758648000002722,6,6,False,False,DEV,TARGET
16580,2026-08-13 12:20:55.096,1,1.0,4.0,2.378732000001037,5.0,54.341388,40.553917,40.134908,5.764196000000084,10.91937599999801,7,8,False,True,DEV,TARGET
16581,2026-08-13 12:22:47.596,1,5.0,0.0,1.5167919999985315,1.0,60.265137,45.77019,42.85219,6.494704000000638,11.067972000000736,9,9,True,True,DEV,STOP
16582,2026-08-13 12:25:08.080,1,3.0,2.0,2.4019479999988107,3.0,63.755951,49.841315,45.255825,7.3286280000029365,11.286951999998564,10,10,True,True,DEV,STOP
16617,2026-08-13 12:55:10.412,-1,3.0,2.0,-0.3647799999998824,3.0,35.174563,31.132106,18.927597,4.879735999998957,1.7927840000011201,5,5,False,False,DEV,STOP
16619,2026-08-13 12:55:40.548,-1,0.0,0.0,0.2114320000000589,-1.0,30.229933,30.229137,19.479299,4.382828000001609,2.1138839999985066,0,0,False,False,DEV,STOP
16885,2026-08-14 06:31:24.252,-1,4.0,1.0,-3.045912000001408,-0.0,39.633549,41.866044,30.903649,7.1995999999999185,4.608672000002116,0,0,False,False,DEV,TARGET
16895,2026-08-14 06:33:08.584,-1,1.0,4.0,0.0760359999985667,5.0,27.922712,10.749641,11.972874,1.0383920000022044,3.1011799999978393,1,7,False,False,DEV,TARGET
16903,2026-08-14 06:36:04.092,-1,4.0,1.0,-3.2328960000013467,2.0,2.120556,10.003418,12.204532,1.98372400000153,3.2844399999994494,1,1,False,False,DEV,TARGET
16904,2026-08-14 06:36:19.436,-1,5.0,0.0,-2.847807999998622,1.0,21.760382,16.468246,15.278617,2.218568000000232,3.349395999997796,2,2,False,False,DEV,TARGET
16905,2026-08-14 06:36:25.752,-1,1.0,4.0,0.5628160000014759,5.0,42.083862,25.887077,20.154684,3.058283999998821,3.6002279999993334,5,10,False,False,DEV,TARGET
16906,2026-08-14 06:36:37.064,-1,2.0,3.0,2.437743999998929,4.0,55.280227,35.494121,25.79709,4.173667999999452,3.973784000001615,10,10,False,True,DEV,TARGET
16907,2026-08-14 06:37:03.744,-1,2.0,3.0,3.896024000001489,4.0,64.381031,45.078784,32.388416,5.466475999997783,4.454652000000351,10,10,False,True,DEV,STOP
16909,2026-08-14 06:37:33.096,-1,2.0,3.0,0.7272239999983867,2.0,62.284982,47.793567,35.496566,6.576396000000386,5.141967999999906,0,0,False,True,DEV,STOP
16977,2026-08-14 07:00:03.312,1,1.0,4.0,-0.9080360000007204,5.0,9.136892,3.218917,3.968713,0.612144000002445,1.154631999997946,1,2,False,False,DEV,NONE
16980,2026-08-14 07:00:27.884,1,4.0,1.0,-2.7962359999983164,2.0,16.492288,8.893298,6.94699,1.0309159999997064,1.2585199999994074,1,1,False,False,DEV,TARGET
16986,2026-08-14 07:02:25.512,1,4.0,1.0,-3.313404000000446,2.0,-10.406292,0.129932,3.023835,0.8382080000010319,1.3048439999984112,1,2,False,False,DEV,TARGET
16993,2026-08-14 07:04:29.244,1,1.0,4.0,0.688003999999637,5.0,33.596291,18.168958,12.230498,2.192564000000857,1.7657799999979034,1,10,False,False,DEV,TARGET
16994,2026-08-14 07:04:42.404,1,2.0,3.0,2.535115999999107,4.0,55.947681,32.967243,20.716566,3.395007999999507,2.1810720000030415,10,10,False,True,DEV,TARGET
16996,2026-08-14 07:05:20.036,1,2.0,3.0,-0.7009800000014366,2.0,55.646247,37.817572,24.876647,4.2530360000018845,2.7032240000007732,0,0,False,True,DEV,TARGET
16997,2026-08-14 07:08:25.024,1,1.0,4.0,2.2325720000008005,5.0,55.113404,39.377227,26.463797,5.235319999999774,3.1499279999989085,1,10,False,True,DEV,STOP
16999,2026-08-14 07:09:12.716,1,4.0,1.0,-2.4395560000011756,0.0,51.254888,40.236038,28.186713,5.45318000000043,3.6339680000019143,0,0,False,True,DEV,STOP
17010,2026-08-14 07:13:42.508,1,3.0,2.0,-2.7879680000005465,1.0,31.470523,13.780573,12.528656,1.015375999999378,2.653920000000653,0,0,False,False,DEV,STOP
17021,2026-08-14 07:18:08.176,-1,3.0,2.0,-0.6621440000017174,3.0,34.545381,32.250363,18.716909,5.1557080000020505,1.3975239999999758,1,2,False,False,DEV,TARGET
17022,2026-08-14 07:18:27.736,-1,0.0,5.0,3.040555999999924,6.0,54.928248,42.002559,25.752027,6.213520000001154,1.9746159999995143,3,10,False,True,DEV,TARGET
17024,2026-08-14 07:19:08.380,-1,1.0,4.0,0.38255999999819323,3.0,58.808761,46.919978,30.925024,6.902892000001884,2.808391999999003,0,0,False,True,DEV,TARGET
17025,2026-08-14 07:19:30.928,-1,2.0,3.0,2.2975440000009257,4.0,57.686249,47.47852,32.123692,7.685072000000218,3.3624479999998584,1,10,False,True,DEV,TARGET
17027,2026-08-14 07:20:03.588,-1,1.0,4.0,0.5380199999999604,3.0,58.231963,49.695902,35.289009,8.210463999999774,4.2221040000003995,0,0,False,True,DEV,TARGET
17028,2026-08-14 07:20:13.696,-1,5.0,0.0,0.08512799999880372,1.0,54.542287,48.693178,35.227458,8.4834800000026,4.658035999997082,1,1,False,True,DEV,TARGET
17029,2026-08-14 07:20:25.612,-1,5.0,0.0,-0.26712400000178604,1.0,55.636825,49.727223,36.642167,8.670244000000821,5.069540000000416,2,2,False,True,DEV,TARGET
17033,2026-08-14 07:21:14.612,-1,1.0,4.0,0.7926599999991595,5.0,35.128807,41.503625,33.021637,7.963696000002528,6.081263999996736,1,2,False,False,DEV,TARGET
17034,2026-08-14 07:21:22.956,-1,2.0,3.0,2.6165120000005118,4.0,56.488539,49.253919,38.463321,8.719335999998293,6.566964000001462,10,10,False,True,DEV,TARGET
17035,2026-08-14 07:21:34.048,-1,2.0,3.0,4.035063999999693,4.0,64.92858,54.741594,43.020165,9.673915999999736,7.138820000000123,10,10,True,True,DEV,STOP
17039,2026-08-14 07:22:12.156,-1,1.0,4.0,0.4551439999995637,5.0,33.908662,44.372461,37.947909,8.982124000001932,8.135855999997148,1,2,False,False,DEV,STOP
17051,2026-08-14 07:26:25.008,-1,1.0,4.0,-0.17162399999870104,5.0,23.609107,28.84244,30.402773,5.095227999998315,8.10743999999977,1,10,False,False,DEV,TARGET
17059,2026-08-14 07:29:04.548,-1,1.0,4.0,0.29251600000134204,3.0,53.108279,43.132909,38.179549,6.512103999997635,8.65518399999928,0,0,False,True,DEV,STOP
17065,2026-08-14 07:30:28.244,-1,2.0,3.0,1.4866640000000189,4.0,44.744172,34.705868,33.282403,5.213747999998304,8.276904000002105,4,10,False,False,DEV,TARGET
17066,2026-08-14 07:30:44.692,-1,3.0,2.0,2.3785160000006726,3.0,60.025408,44.533414,38.681799,6.145863999998255,8.551864000000933,10,10,False,True,DEV,TARGET
17067,2026-08-14 07:30:57.944,-1,4.0,1.0,2.294399999998859,2.0,63.608052,48.870647,41.56916,6.988027999999758,8.849652000000788,10,10,True,True,DEV,TARGET
17069,2026-08-14 07:31:38.368,-1,5.0,0.0,-1.365116000000853,-1.0,57.689637,48.203511,41.814302,7.533763999999792,9.223939999999857,0,0,False,True,DEV,TARGET
17072,2026-08-14 07:32:39.084,-1,4.0,1.0,-1.80141999999978,2.0,25.583603,36.34449,35.791745,6.762760000001435,9.268235999999888,1,1,False,False,DEV,TARGET
17073,2026-08-14 07:32:52.448,-1,1.0,4.0,1.376671999998507,5.0,48.064137,43.337061,39.469682,7.387760000001435,9.514964000001783,4,4,False,True,DEV,STOP
17113,2026-08-14 07:54:42.636,-1,0.0,5.0,1.9228479999983392,6.0,39.166115,11.985999,8.680204,0.6790040000014415,1.5098440000001574,4,10,False,False,DEV,TARGET
17115,2026-08-14 07:56:15.272,-1,1.0,4.0,-0.2935880000004545,3.0,54.426092,28.189456,17.736059,1.9485960000019986,1.8690919999971811,0,0,False,False,DEV,TARGET
17116,2026-08-14 07:57:08.856,-1,2.0,3.0,1.771656000000803,4.0,54.144964,30.953155,19.777538,3.0309520000009798,2.2303519999986747,1,10,False,False,DEV,TARGET
17118,2026-08-14 07:58:06.872,-1,1.0,4.0,-0.9899880000011763,3.0,50.937201,33.473755,22.2359,3.661316000001534,2.626299999999901,0,0,False,True,DEV,TARGET
17119,2026-08-14 07:59:25.764,-1,2.0,3.0,1.230011999999988,4.0,49.733262,34.540759,23.364679,4.507607999999891,2.9993199999989884,1,10,False,True,DEV,TARGET
17120,2026-08-14 07:59:59.528,-1,2.0,3.0,2.9566760000016075,4.0,60.013862,42.818062,29.198919,5.601935999999114,3.4827599999989616,10,10,False,True,DEV,STOP
17325,2026-08-14 11:08:56.436,1,2.0,3.0,0.691687999998976,4.0,47.039431,38.101066,19.885633,5.751208000001498,0.32013200000073994,1,10,False,False,DEV,TARGET
17326,2026-08-14 11:10:46.004,1,5.0,0.0,0.2046440000012808,1.0,53.546823,42.241536,23.702909,6.242819999999483,0.8150519999981043,10,10,False,False,DEV,TARGET
17327,2026-08-14 11:13:15.740,1,2.0,3.0,2.159167999998317,4.0,59.820276,47.081222,28.345089,7.052500000001601,1.4131039999992936,10,10,False,False,DEV,STOP
17329,2026-08-14 11:15:49.244,1,1.0,4.0,-0.1506279999994149,3.0,55.440136,46.828926,29.915486,7.400183999998262,2.2868039999993925,0,0,False,True,DEV,STOP
17343,2026-08-14 11:41:08.436,1,1.0,4.0,-0.19105599999966216,5.0,23.257456,5.777319,6.926785,0.36949599999934435,1.9062640000011015,3,7,False,False,DEV,TARGET
17344,2026-08-14 11:43:01.040,1,3.0,2.0,1.0736240000005637,3.0,48.968563,21.12731,14.601813,1.450539999998,2.1650600000029954,8,9,False,False,DEV,TARGET
17348,2026-08-14 11:50:00.856,1,2.0,3.0,0.24413600000116276,4.0,35.583221,21.663231,15.854509,2.7264799999975367,2.6042880000022706,1,2,False,False,DEV,TARGET
17349,2026-08-14 11:50:32.152,1,1.0,4.0,2.967659999998432,5.0,56.649818,35.454493,23.883605,3.965304000001197,3.0311599999986356,10,10,False,True,DEV,STOP
17370,2026-08-14 12:26:02.088,1,1.0,4.0,2.1260799999981828,5.0,47.946247,15.181228,8.921033,0.4604600000020582,0.9731719999981578,8,10,False,False,DEV,STOP
17372,2026-08-14 12:28:37.060,1,0.0,5.0,0.0021960000012768432,4.0,54.201979,27.030555,15.940238,1.7134519999999611,1.3365879999983008,0,0,False,False,DEV,STOP
17374,2026-08-14 12:34:24.832,1,3.0,2.0,-2.4060800000006566,1.0,43.405189,24.833019,15.522739,2.317404000001261,1.636319999997795,0,0,False,False,DEV,STOP
17379,2026-08-14 12:40:44.760,1,2.0,3.0,-1.8907839999992575,4.0,-4.879362,3.59915,5.136722,1.3326319999978296,1.5663999999997031,1,2,False,False,DEV,STOP
17385,2026-08-14 12:50:00.072,1,1.0,4.0,0.04309600000124192,5.0,27.367168,10.74254,7.974368,1.06997599999886,1.4091560000015306,3,4,False,False,DEV,NONE
17408,2026-08-14 12:59:51.640,1,0.0,5.0,1.1105999999999767,6.0,38.506439,11.835279,6.340429,0.5443799999993644,0.5188520000010612,1,10,False,False,DEV,STOP
17717,2026-08-17 06:31:15.976,1,1.0,4.0,2.8412239999997837,5.0,52.034851,26.078224,12.102871,2.353240000000369,0.03722399999969639,5,6,False,False,DEV,STOP
17724,2026-08-17 06:32:07.184,-1,1.0,4.0,3.2868239999988873,5.0,57.069127,24.437647,11.671393,1.2321200000005774,0.2076280000001134,8,9,False,False,DEV,TARGET
17726,2026-08-17 06:32:35.224,-1,1.0,4.0,-0.07340399999884539,3.0,57.603549,32.557479,17.65777,2.504639999999199,0.7373520000001008,0,0,False,False,DEV,TARGET
17727,2026-08-17 06:32:40.288,-1,1.0,4.0,2.720688000001246,5.0,56.694667,34.763341,19.704115,3.716047999998409,1.2154399999999441,1,10,False,False,DEV,TARGET
17728,2026-08-17 06:32:50.512,-1,3.0,2.0,3.33831199999986,3.0,63.41922,42.980451,26.00679,4.943483999999444,1.7565680000006978,10,10,False,True,DEV,TARGET
17729,2026-08-17 06:33:01.284,-1,3.0,2.0,3.8186879999993835,3.0,67.117095,49.007204,31.489037,6.16056799999933,2.3517200000023877,10,10,False,True,DEV,STOP
17732,2026-08-17 06:33:39.700,-1,5.0,0.0,-4.249919999998383,-1.0,34.587625,37.040062,25.450421,5.965219999998226,3.1879359999984445,0,0,False,False,DEV,TARGET
17733,2026-08-17 06:33:55.568,-1,2.0,3.0,-1.3054919999995036,4.0,31.39902,35.789549,25.188652,6.163567999999941,3.4999360000001616,1,1,False,False,DEV,TARGET
17734,2026-08-17 06:34:04.948,-1,1.0,4.0,1.7623959999982617,5.0,46.865434,41.237908,29.093905,6.907036000000517,3.9686560000009194,2,10,False,True,DEV,TARGET
17735,2026-08-17 06:34:11.060,-1,3.0,2.0,2.592975999999908,3.0,59.81252,48.403733,34.663648,7.7429000000011,4.492876000000251,10,10,False,True,DEV,TARGET
17737,2026-08-17 06:34:28.160,-1,0.0,5.0,2.099451999998564,4.0,62.087147,52.113512,38.82257,8.714436000002024,5.41019199999937,0,0,False,True,DEV,TARGET
17738,2026-08-17 06:34:34.920,-1,4.0,1.0,2.0773520000002463,2.0,61.457801,52.7633,39.978932,9.311423999999533,5.924556000001758,1,10,True,True,DEV,TARGET
17739,2026-08-17 06:34:48.320,-1,0.0,5.0,5.171276000000944,6.0,66.672097,56.8392,43.903961,10.426395999998931,6.60533199999918,10,10,True,True,DEV,TARGET
17740,2026-08-17 06:35:00.192,-1,2.0,3.0,6.022103999999672,4.0,69.624556,59.942003,47.244196,11.607756000001245,7.349500000000262,10,10,True,True,DEV,TARGET
17742,2026-08-17 06:35:12.736,-1,5.0,0.0,0.8899119999987306,-1.0,67.607805,60.781317,49.314839,12.34400000000096,8.479444000000512,0,0,True,True,DEV,STOP
17751,2026-08-17 06:37:48.580,-1,3.0,2.0,-2.9586119999985385,3.0,-9.815408,16.87961,24.627054,3.9949519999972836,7.668460000000778,1,3,False,False,DEV,TARGET
17752,2026-08-17 06:37:57.236,-1,1.0,4.0,0.4766359999994165,5.0,34.225647,29.79084,30.294375,4.67679599999974,7.81784400000106,6,7,False,False,DEV,TARGET
17757,2026-08-17 06:39:32.252,-1,1.0,4.0,0.6833599999990838,5.0,33.526989,29.635876,29.993505,4.738184000001638,7.704620000000432,1,10,False,False,DEV,TARGET
17759,2026-08-17 06:40:05.788,-1,0.0,5.0,0.9442559999988589,4.0,55.487106,41.704978,36.42234,5.710136000001512,7.998016000001371,0,0,False,True,DEV,STOP
17765,2026-08-17 06:41:24.100,-1,2.0,3.0,-0.5440119999984745,4.0,27.251797,27.099075,28.722669,4.417279999997845,7.592560000000958,1,4,False,False,DEV,STOP
17824,2026-08-17 07:00:19.988,-1,1.0,4.0,0.8548080000000482,5.0,39.424142,37.905559,27.37694,6.47455600000103,4.0801919999976235,1,10,False,False,DEV,TARGET
17825,2026-08-17 07:00:20.040,-1,0.0,5.0,4.2204080000010435,6.0,59.184134,47.457304,34.236827,7.64260799999829,4.667735999999422,10,10,False,True,DEV,TARGET
17826,2026-08-17 07:00:20.040,-1,0.0,0.0,7.949204000000464,1.0,65.485236,52.905544,39.032175,8.48476799999844,5.213220000001456,10,10,True,True,DEV,STOP
17831,2026-08-17 07:01:11.608,-1,3.0,2.0,-2.3060440000008384,3.0,-1.343542,26.815289,24.845042,5.7809440000019094,5.658496000000014,1,2,False,False,DEV,STOP
17838,2026-08-17 07:02:47.972,-1,1.0,4.0,-0.9151879999990342,5.0,-1.851467,0.806203,9.876659,0.7861080000002403,4.091947999997501,3,4,False,False,DEV,TARGET
17839,2026-08-17 07:03:02.484,-1,1.0,4.0,2.0659640000012587,5.0,47.359997,22.437986,19.969062,2.0152799999996205,4.334059999997407,5,6,False,False,DEV,STOP
17840,2026-08-17 07:03:12.332,-1,5.0,0.0,1.2735280000015337,1.0,58.926556,33.950164,26.238703,3.00121599999693,4.575256000000081,7,7,False,True,DEV,STOP
17856,2026-08-17 07:08:23.264,-1,4.0,1.0,-1.5867839999991702,2.0,24.893399,5.572112,7.085031,0.11744399999952293,1.9803560000000289,3,3,False,False,DEV,TARGET
17866,2026-08-17 07:12:42.316,1,1.0,4.0,-0.7332040000001143,5.0,27.118429,24.997355,13.098196,3.847327999999834,0.6261520000007295,1,1,False,False,DEV,TARGET
17867,2026-08-17 07:14:14.588,1,3.0,2.0,0.6519520000001648,3.0,44.738615,32.712012,18.165946,4.573044000000664,1.0548759999983304,4,10,False,False,DEV,STOP
17879,2026-08-17 07:20:40.136,-1,3.0,2.0,-0.763252000000648,3.0,33.044819,18.359857,8.566752,2.099824000000808,0.12754800000038813,1,3,False,False,DEV,TARGET
17880,2026-08-17 07:21:00.244,-1,1.0,4.0,2.1841400000012072,5.0,52.8695,30.907306,16.094204,3.2455079999999725,0.5848999999980151,10,10,False,False,DEV,NONE
17881,2026-08-17 07:22:17.260,-1,5.0,0.0,1.3654400000013993,1.0,59.444903,38.335819,21.546977,4.149835999996867,1.0281119999999646,10,10,False,False,DEV,NONE
17885,2026-08-17 07:24:24.940,-1,2.0,3.0,-0.25401200000123936,4.0,31.958359,28.767182,18.031373,4.52103999999963,1.9647519999998622,1,2,False,False,DEV,STOP
17889,2026-08-17 07:25:54.792,-1,4.0,1.0,-2.738283999999112,2.0,1.838081,17.464456,13.405244,3.5600959999974293,2.372160000002623,1,2,False,False,DEV,TARGET
17893,2026-08-17 07:28:53.812,-1,3.0,2.0,-1.1967120000008435,3.0,21.439032,21.342562,16.130354,3.460559999999532,2.78038000000015,1,2,False,False,DEV,STOP
17902,2026-08-17 07:33:12.612,1,2.0,3.0,-1.3887519999989308,2.0,52.436412,35.121837,17.607766,3.866519999999582,0.014967999999498716,0,0,False,False,DEV,STOP
17903,2026-08-17 07:34:54.368,1,5.0,0.0,-1.4134720000001835,1.0,43.143844,31.81729,16.269895,4.213019999999233,0.36014000000068336,1,1,False,False,DEV,STOP
17908,2026-08-17 07:37:05.388,-1,5.0,0.0,0.11509600000135833,1.0,54.757888,19.902399,9.396474,0.26283999999941443,0.12890799999877345,10,10,False,False,DEV,TARGET
17909,2026-08-17 07:37:39.784,-1,1.0,4.0,2.8672960000003513,5.0,60.500337,29.816113,15.46374,1.6804080000001704,0.5471079999988433,10,10,False,False,DEV,TARGET
17910,2026-08-17 07:38:39.176,-1,4.0,1.0,2.674564000000828,2.0,63.055616,36.522388,20.323095,2.949319999999716,0.9966199999980745,10,10,False,False,DEV,STOP
17927,2026-08-17 07:53:15.532,-1,1.0,4.0,0.33252400000128546,5.0,23.543644,5.629877,4.668587,0.430395999999746,1.0250239999986661,4,7,False,False,DEV,TARGET
17928,2026-08-17 07:54:16.632,-1,0.0,5.0,3.8141839999989315,6.0,56.72973,27.355139,16.045811,2.0077000000019325,1.4645720000007714,10,10,False,False,DEV,STOP
18109,2026-08-17 11:01:00.172,-1,2.0,3.0,-1.6079759999993257,4.0,11.925411,11.661417,17.399196,1.952499999999418,5.281087999999727,1,3,False,False,DEV,STOP
18116,2026-08-17 11:05:36.956,-1,4.0,1.0,-3.117343999998411,2.0,15.154973,15.878262,18.58623,2.396871999997529,4.938268000001699,1,1,False,False,DEV,STOP
18148,2026-08-17 11:31:35.312,-1,2.0,3.0,0.11806000000069616,4.0,37.35926,15.693366,8.256431,1.3195959999975457,0.5495000000009895,1,10,False,False,DEV,TARGET
18149,2026-08-17 11:32:07.864,-1,1.0,4.0,2.8696039999995264,5.0,56.001937,30.048755,16.5035,2.6530359999997017,0.9944319999995059,10,10,False,False,DEV,STOP
18151,2026-08-17 11:33:47.120,-1,1.0,4.0,0.27914400000008754,3.0,58.202192,37.602147,22.499975,3.84802000000127,1.6173519999974815,0,0,False,True,DEV,STOP
18167,2026-08-17 12:07:25.868,-1,1.0,4.0,2.9641039999987697,5.0,58.208306,24.28309,13.185777,0.9086160000006203,0.8657520000015211,8,10,False,False,DEV,TARGET
18169,2026-08-17 12:12:49.372,-1,1.0,4.0,0.3363119999994524,3.0,58.540091,32.532319,19.005079,2.3943600000020524,1.3720079999984591,0,0,False,False,DEV,TARGET
18170,2026-08-17 12:13:13.596,-1,1.0,4.0,3.0393519999997807,5.0,58.651577,35.760219,21.617399,3.672864000000118,1.837415999998484,1,10,False,True,DEV,STOP
18175,2026-08-17 12:21:29.416,-1,4.0,1.0,-3.5867599999983213,2.0,-15.970588,6.008401,7.356111,2.1986239999969257,2.012248000002728,1,2,False,False,DEV,TARGET
18178,2026-08-17 12:29:50.568,-1,1.0,4.0,1.0325679999987187,5.0,38.434027,24.562368,16.935786,3.208172000002378,2.4698559999997087,1,6,False,False,DEV,TARGET
18179,2026-08-17 12:30:21.404,-1,1.0,4.0,3.5808839999990596,5.0,58.846867,38.442951,25.434394,4.520596000002115,2.953795999997965,7,10,False,True,DEV,TARGET
18180,2026-08-17 12:30:57.112,-1,2.0,3.0,4.7851320000008855,4.0,66.715237,47.820508,32.616294,5.948227999997471,3.535436000001937,10,10,False,True,DEV,TARGET
18181,2026-08-17 12:32:01.096,-1,5.0,0.0,3.388436000001093,1.0,68.572078,52.044992,36.706415,7.006256000000576,4.079247999998188,10,10,False,True,DEV,TARGET
18182,2026-08-17 12:32:50.860,-1,3.0,2.0,3.8576719999982743,3.0,68.771868,54.322235,39.382199,8.065444000003481,4.669491999997263,10,10,True,True,DEV,TARGET
18191,2026-08-17 12:41:29.628,-1,4.0,1.0,-3.15596000000005,2.0,-1.681127,21.484843,22.374882,4.505575999999564,5.602075999999215,1,1,False,False,DEV,TARGET
18192,2026-08-17 12:43:26.600,-1,0.0,0.0,2.2120319999994535,1.0,22.861113,27.569805,25.358398,4.549616000000242,5.6821320000017295,3,3,False,False,DEV,STOP
18201,2026-08-17 12:51:47.164,-1,1.0,4.0,2.815596000000369,5.0,53.816882,23.104445,19.228949,1.410068000001047,3.8472039999978733,6,8,False,False,DEV,TARGET
18202,2026-08-17 12:52:51.016,-1,4.0,1.0,2.634352000000945,2.0,62.877074,35.469782,26.196617,2.6932600000000093,4.154159999998228,9,9,False,True,DEV,TARGET
18203,2026-08-17 12:53:10.012,-1,2.0,3.0,4.048940000000584,4.0,66.800467,43.495977,31.653204,4.1324600000007194,4.575600000000122,10,10,False,True,DEV,STOP
18206,2026-08-17 12:54:40.660,-1,4.0,1.0,-3.632664000000659,-0.0,41.792534,34.754077,27.886866,4.732576000002155,5.069547999999486,0,0,False,False,DEV,TARGET
18209,2026-08-17 12:55:23.124,-1,3.0,2.0,-0.6790199999995821,3.0,34.298582,31.375834,26.541059,4.949459999999817,5.4005919999981415,1,3,False,False,DEV,TARGET
18210,2026-08-17 12:56:00.912,-1,1.0,4.0,2.249651999998605,5.0,53.376554,40.509625,31.950974,5.879152000001341,5.770811999998841,5,10,False,True,DEV,STOP
18222,2026-08-17 12:59:45.592,-1,3.0,2.0,-1.426791999998386,3.0,21.880947,10.662716,15.032219,1.2475959999974293,4.417339999999967,4,5,False,False,DEV,TARGET
18224,2026-08-17 12:59:51.696,-1,0.0,5.0,0.2726799999982177,4.0,47.910958,26.253678,22.526766,2.487648000002082,4.610599999999977,0,0,False,False,DEV,TARGET
18972,2026-08-18 06:31:08.720,1,1.0,4.0,2.300308000001678,5.0,55.584048,47.710535,27.304093,8.108855999998923,0.6423919999979262,1,10,False,False,DEV,TARGET
18973,2026-08-18 06:31:12.552,1,0.0,0.0,6.455795999998372,1.0,59.939434,50.769139,30.987336,8.640636000000086,1.2864360000021406,10,10,False,False,DEV,TARGET
18974,2026-08-18 06:31:18.308,1,2.0,3.0,1.576732000001357,2.0,62.687895,53.269737,34.277702,9.151984000000084,1.9332560000002559,0,0,False,True,DEV,TARGET
18975,2026-08-18 06:31:22.644,1,3.0,2.0,2.4485679999997956,3.0,62.857242,54.324721,36.252083,9.781852000000072,2.6212799999993877,1,1,False,True,DEV,TARGET
18979,2026-08-18 06:31:33.832,1,1.0,4.0,1.2114040000014938,5.0,40.716694,46.800782,33.453402,9.445819999997184,4.4338280000010855,1,2,False,False,DEV,TARGET
18981,2026-08-18 06:31:45.184,1,0.0,5.0,0.6587480000016512,4.0,55.267721,51.557142,38.28509,9.58072799999718,5.303628000001481,0,0,False,True,DEV,TARGET
18982,2026-08-18 06:31:49.232,1,1.0,4.0,3.2901400000009744,5.0,58.633536,53.382369,40.360515,10.330175999999483,5.921095999998215,1,10,False,True,DEV,STOP
19002,2026-08-18 06:33:00.008,-1,2.0,3.0,2.9583800000000338,4.0,60.023009,46.360066,25.6616,6.888459999998304,0.3497120000029099,1,10,False,False,DEV,TARGET
19003,2026-08-18 06:33:04.772,-1,4.0,1.0,2.7454079999988608,2.0,64.42117,50.920839,30.639124,7.753683999999339,1.023084000000381,10,10,False,False,DEV,TARGET
19005,2026-08-18 06:33:08.792,-1,0.0,5.0,0.9817880000009609,4.0,58.917487,50.097234,31.950483,8.277443999999377,2.06631600000037,0,0,False,True,DEV,TARGET
19007,2026-08-18 06:33:15.336,-1,0.0,0.0,0.42108400000142865,-1.0,37.111018,42.362221,27.697791,7.342327999998815,2.653596000000107,0,0,False,False,DEV,TARGET
19009,2026-08-18 06:33:19.116,-1,1.0,4.0,0.3534959999997227,5.0,36.103236,40.637731,27.715187,7.510256000001391,3.4023919999999634,1,10,False,False,DEV,TARGET
19010,2026-08-18 06:33:21.996,-1,2.0,3.0,2.274939999999333,4.0,54.111848,47.279718,32.964974,8.239712000002328,3.956739999997808,10,10,False,True,DEV,TARGET
19011,2026-08-18 06:33:28.284,-1,3.0,2.0,2.991620000000694,3.0,63.014213,52.775592,37.953114,9.041859999997541,4.556680000001506,10,10,False,True,DEV,STOP
19013,2026-08-18 06:33:37.880,-1,3.0,2.0,-1.8075400000016089,1.0,53.689779,49.903965,37.150188,8.759079999999813,5.246836000002077,0,0,False,True,DEV,TARGET
19018,2026-08-18 06:34:03.556,-1,1.0,4.0,0.4224079999985406,5.0,29.452266,36.852347,30.395049,6.905608000000939,6.018855999998777,1,5,False,False,DEV,TARGET
19019,2026-08-18 06:34:06.476,-1,2.0,3.0,2.328539999998611,4.0,54.503964,46.01924,36.260488,7.693236000002798,6.448747999998886,10,10,False,True,DEV,STOP
19038,2026-08-18 06:35:29.784,1,3.0,2.0,5.173739999998361,3.0,68.902509,52.296248,30.183274,7.232964000002539,0.15723199999774806,10,10,False,False,DEV,TARGET
19039,2026-08-18 06:35:33.360,1,2.0,3.0,6.024020000000746,4.0,71.443294,56.948628,36.082659,8.670148000001063,1.0241239999995742,10,10,False,False,DEV,STOP
19041,2026-08-18 06:35:38.640,1,1.0,4.0,2.187367999998969,3.0,66.760948,56.408173,37.78419,9.70257599999968,2.3482760000006238,0,0,False,True,DEV,STOP
19056,2026-08-18 06:36:30.116,1,1.0,4.0,1.632023999998637,5.0,45.523075,24.762077,17.40271,2.6532640000004903,2.63533599999937,1,10,False,False,DEV,STOP
19071,2026-08-18 06:37:41.468,-1,3.0,2.0,-1.3775679999998829,1.0,51.034148,32.76958,16.625249,3.50477200000023,0.2308439999978873,0,0,False,False,DEV,TARGET
19072,2026-08-18 06:37:48.748,-1,1.0,4.0,1.7063359999992826,5.0,53.102939,35.962454,19.404446,4.450692000002164,0.71639199999845,1,10,False,False,DEV,STOP
19081,2026-08-18 06:38:42.972,1,1.0,4.0,6.161992000001192,5.0,69.798594,42.689466,22.341378,2.991195999999036,0.0622479999983625,10,10,False,False,DEV,STOP
19083,2026-08-18 06:39:07.900,1,2.0,3.0,1.493055999999342,2.0,66.373481,45.974655,26.885728,4.787004000001616,0.9945520000001125,0,0,False,False,DEV,STOP
19085,2026-08-18 06:39:20.696,1,4.0,1.0,-3.4918560000005527,0.0,43.431349,34.980379,20.761188,4.653699999998935,1.4765040000020235,0,0,False,False,DEV,TARGET
19089,2026-08-18 06:39:38.024,1,1.0,4.0,-0.9923720000006142,5.0,7.36173,18.889912,13.056079,3.7147279999990133,1.9599640000014915,1,2,False,False,DEV,TARGET
19090,2026-08-18 06:39:41.180,1,2.0,3.0,1.2281560000010359,4.0,44.694033,32.407602,20.790168,4.55641199999809,2.361192000000301,3,7,False,False,DEV,TARGET
19091,2026-08-18 06:39:48.152,1,1.0,4.0,3.733012000000599,5.0,61.033688,43.751871,28.713293,5.788787999998021,2.9123600000020815,10,10,False,True,DEV,TARGET
19096,2026-08-18 06:40:28.348,1,0.0,5.0,1.7838880000017525,6.0,40.619911,36.463242,26.596075,6.0712599999969825,4.1239520000017365,1,3,False,False,DEV,TARGET
19097,2026-08-18 06:40:29.136,1,1.0,4.0,4.165243999999802,5.0,60.648284,47.198663,34.102756,7.261492000001454,4.690439999998489,10,10,False,True,DEV,STOP
19104,2026-08-18 06:41:34.968,1,3.0,2.0,-1.3647920000003069,3.0,18.243858,28.939338,25.621033,5.34059999999954,5.547004000000015,1,2,False,False,DEV,TARGET
19105,2026-08-18 06:41:39.612,1,0.0,5.0,2.4940519999981916,6.0,50.644354,40.542303,32.239593,6.283692000000883,5.940252000000328,6,10,False,True,DEV,TARGET
19108,2026-08-18 06:42:18.460,1,1.0,4.0,-0.350536000001739,3.0,52.034449,44.827404,36.177285,7.146300000000338,6.728388000003179,0,0,False,True,DEV,STOP
19112,2026-08-18 06:42:47.140,1,1.0,4.0,-0.9406559999988531,5.0,8.452187,27.516875,27.362462,5.549935999999434,6.7927400000007765,1,2,False,False,DEV,STOP
19228,2026-08-18 07:00:03.696,-1,2.0,3.0,2.07400399999824,4.0,57.871653,28.525562,13.996781,1.8292680000013206,0.2143480000013369,1,10,False,False,DEV,TARGET
19230,2026-08-18 07:00:09.476,-1,1.0,4.0,-0.8070840000000317,3.0,52.447244,30.50291,16.406298,2.717211999999563,0.6963319999995292,0,0,False,False,DEV,TARGET
19235,2026-08-18 07:00:33.332,-1,0.0,5.0,1.611904000001232,6.0,41.618865,28.632034,17.362859,3.8997999999992317,1.7241079999985232,1,10,False,False,DEV,STOP
19250,2026-08-18 07:02:16.856,1,2.0,3.0,4.7425399999992806,4.0,68.184144,47.252494,26.802181,5.149308000000019,0.5667040000007546,10,10,False,False,DEV,TARGET
19251,2026-08-18 07:02:20.880,1,5.0,0.0,3.355307999998331,1.0,68.476643,50.397167,30.538401,6.265192000002571,1.1926199999979872,10,10,False,False,DEV,TARGET
19252,2026-08-18 07:02:26.380,1,2.0,3.0,4.609683999999106,4.0,69.245379,53.511239,34.390079,7.521176000002015,1.9052759999976843,10,10,False,True,DEV,TARGET
19254,2026-08-18 07:02:47.776,1,3.0,2.0,-0.8287080000009155,1.0,59.94196,50.088841,33.323345,7.862668000001577,2.80677999999898,0,0,False,True,DEV,TARGET
19255,2026-08-18 07:02:58.104,1,5.0,0.0,-0.9778839999999036,1.0,50.096933,46.302699,31.196334,7.969128000000637,3.228287999998429,1,1,False,True,DEV,TARGET
19256,2026-08-18 07:03:20.460,1,2.0,3.0,1.239423999999417,4.0,53.963805,48.311165,33.433551,8.47251999999935,3.7538800000002084,2,10,False,True,DEV,TARGET
19257,2026-08-18 07:03:26.812,1,1.0,4.0,3.7417720000012196,5.0,61.0778,52.424106,37.417688,9.393216000000393,4.410607999998319,10,10,False,True,DEV,STOP
19279,2026-08-18 07:07:28.024,1,1.0,4.0,4.128327999998874,5.0,62.908001,26.375189,15.820492,0.5222080000021379,1.5625199999994948,10,10,False,False,DEV,TARGET
19280,2026-08-18 07:07:45.552,1,4.0,1.0,3.6553679999997257,2.0,66.818432,36.852617,22.589098,2.0631240000002435,1.976407999998628,10,10,False,True,DEV,TARGET
19281,2026-08-18 07:07:46.668,1,1.0,4.0,5.620839999999589,5.0,69.7127,45.272754,29.09962,3.84017600000152,2.5399639999995998,10,10,False,True,DEV,STOP
19282,2026-08-18 07:07:52.256,1,4.0,1.0,4.816208000000188,2.0,70.154534,49.450448,33.120606,5.327924000001076,3.1117119999980787,10,10,False,True,DEV,STOP
19296,2026-08-18 07:10:26.656,-1,2.0,3.0,7.0945839999985765,4.0,72.092969,54.611433,33.164601,7.15458000000217,0.65903199999957,10,10,False,False,DEV,TARGET
19297,2026-08-18 07:10:37.536,-1,5.0,0.0,5.1846760000007635,1.0,72.756673,57.807699,37.656042,8.444555999998556,1.4590320000024803,10,10,False,False,DEV,TARGET
19299,2026-08-18 07:11:02.036,-1,0.0,5.0,1.8524599999982456,4.0,64.330802,54.378161,36.42578,9.209720000002562,2.6321399999978894,0,0,False,True,DEV,TARGET
19300,2026-08-18 07:11:06.484,-1,3.0,2.0,2.6630240000013146,3.0,61.484078,53.75361,36.805102,9.874184000000241,3.306351999999606,1,10,False,True,DEV,TARGET
19301,2026-08-18 07:11:12.076,-1,2.0,3.0,4.071240000001126,4.0,66.003011,57.141473,40.783775,10.74298799999815,4.055076000000554,10,10,True,True,DEV,TARGET
19302,2026-08-18 07:11:35.256,-1,3.0,2.0,4.3887439999998605,3.0,68.102608,59.401813,43.818068,11.60034799999994,4.826516000000993,10,10,True,True,DEV,TARGET
19304,2026-08-18 07:11:56.704,-1,0.0,5.0,1.3709679999992659,4.0,62.242589,57.749731,43.910656,11.688600000001315,5.92169599999761,0,0,True,True,DEV,TARGET
19305,2026-08-18 07:11:58.900,-1,2.0,3.0,3.0663080000012997,4.0,60.592137,57.418399,44.339771,12.228491999998369,6.589159999999538,1,10,True,True,DEV,TARGET
19306,2026-08-18 07:11:58.900,-1,0.0,5.0,5.940460000001622,6.0,67.522749,61.118973,48.287933,13.250755999997637,7.403175999999803,10,10,True,True,DEV,STOP
19308,2026-08-18 07:12:24.392,-1,4.0,1.0,-0.801447999998345,-0.0,62.920766,60.041977,48.671434,12.891295999997965,8.382716000000073,0,0,True,True,DEV,STOP
19313,2026-08-18 07:13:15.116,-1,0.0,0.0,3.644059999998717,1.0,33.943996,46.094853,40.491707,9.491084000001138,9.206335999999283,3,3,False,False,DEV,STOP
19338,2026-08-18 07:17:00.528,1,1.0,4.0,-0.32092800000100397,5.0,20.860355,32.822318,18.173716,6.239788000002591,1.0308599999989383,1,5,False,False,DEV,STOP
19347,2026-08-18 07:18:29.628,1,5.0,0.0,-1.2829080000010435,1.0,35.010607,22.00946,14.233611,2.7179480000013427,1.7865080000010494,4,4,False,False,DEV,TARGET
19348,2026-08-18 07:18:37.696,1,3.0,2.0,0.2244040000005043,3.0,50.462651,31.461665,19.867963,3.4558319999996456,2.101252000000386,7,8,False,False,DEV,TARGET
19349,2026-08-18 07:18:42.392,1,4.0,1.0,0.6189799999992829,2.0,54.20349,35.864309,23.055717,4.20683999999892,2.454432000002271,9,9,False,True,DEV,TARGET
19350,2026-08-18 07:18:55.752,1,2.0,3.0,2.4814320000004955,4.0,60.187573,42.148117,27.770345,5.238320000000385,2.9220600000007835,10,10,False,True,DEV,STOP
19357,2026-08-18 07:20:11.816,1,2.0,3.0,-1.4418159999986528,4.0,4.747527,16.738973,15.452818,3.3943599999984144,3.4444640000001527,1,2,False,False,DEV,TARGET
19358,2026-08-18 07:21:03.244,1,3.0,2.0,0.10080799999923329,3.0,41.3287,29.684387,22.263608,4.055532000002131,3.7152959999984887,5,6,False,False,DEV,STOP
19375,2026-08-18 07:24:33.368,1,1.0,4.0,2.721592000001692,5.0,53.100714,21.119889,11.305378,1.0780399999966903,0.7704400000002352,10,10,False,False,DEV,TARGET
19376,2026-08-18 07:24:34.292,1,1.0,4.0,4.894572000001062,5.0,65.025904,37.066137,21.214015,2.8010880000001634,1.303035999997519,10,10,False,False,DEV,TARGET
19377,2026-08-18 07:24:40.540,1,1.0,4.0,6.58466799999951,5.0,70.222491,47.594696,29.640417,4.695340000002034,1.9736400000001595,10,10,False,True,DEV,STOP
19386,2026-08-18 07:25:58.620,1,1.0,4.0,0.4590040000002773,5.0,30.045149,29.973424,22.693887,5.045127999997931,3.8809280000023136,1,2,False,False,DEV,STOP
19390,2026-08-18 07:26:43.324,1,1.0,4.0,-0.9132639999988896,5.0,19.256782,25.567438,21.392128,4.461803999998665,4.254052000000229,1,2,False,False,DEV,TARGET
19409,2026-08-18 07:30:40.296,1,1.0,4.0,1.2128359999987879,5.0,40.734383,11.409805,9.374018,0.33383600000161096,1.883775999998761,6,10,False,False,DEV,TARGET
19410,2026-08-18 07:30:40.744,1,0.0,5.0,4.498872000000119,6.0,60.685434,30.356157,19.528967,2.0440679999992426,2.3216080000020156,10,10,False,False,DEV,STOP
19412,2026-08-18 07:30:55.148,1,0.0,5.0,2.6474640000014915,4.0,65.442299,42.918003,28.591404,4.109679999997752,3.0382360000003246,0,0,False,True,DEV,STOP
19417,2026-08-18 07:31:51.536,1,5.0,0.0,-4.00557199999821,1.0,-12.713552,8.819779,11.148721,2.5057319999978063,3.06997599999886,1,1,False,False,DEV,TARGET
19420,2026-08-18 07:32:28.208,1,1.0,4.0,-0.23993200000040815,5.0,22.364894,17.943537,15.4742,2.7685999999994237,3.2109479999999166,1,6,False,False,DEV,TARGET
19421,2026-08-18 07:32:33.548,1,1.0,4.0,2.5911640000012994,5.0,52.065941,32.805454,23.553247,3.9352120000003197,3.59599999999773,7,10,False,True,DEV,STOP
19423,2026-08-18 07:33:41.296,1,3.0,2.0,-0.8399119999994582,1.0,56.888547,40.315103,29.037299,4.8230359999979555,4.091012000000774,0,0,False,True,DEV,STOP
19435,2026-08-18 07:36:15.976,1,4.0,1.0,-1.1312480000015057,2.0,39.536344,18.917758,15.88268,1.6378199999999197,3.1341600000014296,1,1,False,False,DEV,NONE
19443,2026-08-18 07:38:33.256,1,2.0,3.0,-1.730255999998917,4.0,9.387591,7.553263,9.709578,1.2958919999982754,2.7130639999995765,1,3,False,False,DEV,TARGET
19448,2026-08-18 07:39:45.008,1,5.0,0.0,-3.7653879999998026,1.0,-2.306174,3.21893,7.16501,0.9154239999988931,2.4209960000007413,1,1,False,False,DEV,TARGET
19449,2026-08-18 07:40:03.528,1,1.0,4.0,-0.1508560000002035,5.0,32.429589,16.264124,13.410446,1.7288880000014615,2.6176639999976032,2,10,False,False,DEV,STOP
19459,2026-08-18 07:42:45.396,-1,1.0,4.0,0.3032920000005106,3.0,59.786906,40.142342,20.867884,4.290351999999984,0.05458399999770336,0,0,False,False,DEV,TARGET
19460,2026-08-18 07:43:01.252,-1,0.0,5.0,3.7914479999999458,6.0,59.622952,42.277362,23.346495,5.554707999999664,0.6884160000008706,1,10,False,False,DEV,TARGET
19462,2026-08-18 07:44:01.464,-1,2.0,3.0,-0.5459159999991243,2.0,58.256654,44.968097,27.181621,6.142899999998917,1.5106679999989865,0,0,False,True,DEV,TARGET
19463,2026-08-18 07:44:10.308,-1,1.0,4.0,2.3531760000005306,5.0,55.943704,44.97065,28.039864,6.996051999998599,2.0875359999990906,1,10,False,True,DEV,TARGET
19465,2026-08-18 07:44:59.696,-1,1.0,4.0,1.1766119999992952,3.0,60.383762,49.705763,33.365202,7.882172000001447,3.0733479999980773,0,0,False,True,DEV,TARGET
19466,2026-08-18 07:45:14.696,-1,4.0,1.0,1.3595879999993485,2.0,59.003804,49.999078,34.410021,8.414496000001236,3.607767999998032,1,1,False,True,DEV,TARGET
19468,2026-08-18 07:45:56.644,-1,2.0,3.0,-0.8071640000016487,2.0,53.018266,48.633136,34.842664,8.459148000001733,4.391779999998107,0,0,False,True,DEV,TARGET
19469,2026-08-18 07:46:13.416,-1,1.0,4.0,2.1499839999996766,5.0,54.524194,49.674252,36.285502,9.08984000000055,4.9394759999995586,1,10,False,True,DEV,STOP
19498,2026-08-18 07:53:02.872,-1,1.0,4.0,3.5686160000004747,5.0,58.776155,22.866037,14.574945,0.6052239999989979,1.8100960000010673,10,10,False,False,DEV,TARGET
19499,2026-08-18 07:53:22.356,-1,3.0,2.0,3.9978120000014314,3.0,65.999854,36.302767,22.770307,2.2021199999981036,2.2356160000017553,10,10,False,True,DEV,TARGET
19500,2026-08-18 07:53:23.376,-1,2.0,3.0,5.109412000001612,4.0,69.223642,44.8816,29.255521,3.874523999998928,2.767863999997644,10,10,False,True,DEV,TARGET
19501,2026-08-18 07:53:24.428,-1,5.0,0.0,3.6406519999982265,1.0,69.27299,48.480987,32.731363,5.144572000001062,3.2704279999998107,10,10,False,True,DEV,TARGET
19502,2026-08-18 07:53:24.860,-1,2.0,3.0,4.831620000000839,4.0,69.828275,51.983361,36.323421,6.530783999998675,3.8675360000015644,10,10,False,True,DEV,TARGET
19503,2026-08-18 07:53:26.076,-1,1.0,4.0,6.535704000001715,5.0,70.714702,55.287462,39.932366,8.117707999997947,4.587115999998787,10,10,True,True,DEV,STOP
19506,2026-08-18 07:53:29.412,-1,0.0,0.0,0.9530120000017632,-1.0,40.725058,44.259967,33.942937,7.776911999997537,5.4914239999998244,0,0,False,False,DEV,TARGET
19513,2026-08-18 07:55:00.040,-1,0.0,5.0,0.9318160000002536,6.0,32.34669,31.313823,27.204763,5.238519999998971,5.80294800000047,1,7,False,False,DEV,TARGET
19517,2026-08-18 07:56:05.088,-1,3.0,2.0,-1.3995880000002217,3.0,22.38263,29.030156,26.846939,5.091304000001401,6.13666799999919,1,2,False,False,DEV,TARGET
19518,2026-08-18 07:56:13.104,-1,2.0,3.0,0.9114320000007865,4.0,46.696431,37.856644,31.676014,5.764948000000004,6.413635999997496,3,3,False,True,DEV,STOP
19520,2026-08-18 07:56:35.024,-1,0.0,5.0,1.0822240000015881,4.0,56.41651,44.762477,36.369691,6.6342639999966195,6.902556000000914,0,0,False,True,DEV,STOP
19528,2026-08-18 07:58:53.136,-1,3.0,2.0,0.16819200000099954,3.0,42.135201,32.851102,29.750534,4.78709600000002,6.731700000000274,1,6,False,False,DEV,STOP
19827,2026-08-18 11:00:01.928,-1,2.0,3.0,4.9768839999997,4.0,67.342819,52.363855,39.448212,7.795731999998679,5.799016000000847,10,10,True,True,DEV,TARGET
19829,2026-08-18 11:02:05.308,-1,0.0,0.0,4.047743999999511,-1.0,62.567971,52.346893,40.713205,8.382200000000012,6.522187999999005,0,0,True,True,DEV,TARGET
19830,2026-08-18 11:02:56.520,-1,2.0,3.0,-0.29620000000068103,2.0,54.928482,49.37499,39.135881,8.571748000002117,6.854931999998371,0,0,False,True,DEV,TARGET
19833,2026-08-18 11:06:01.024,-1,2.0,3.0,0.12264000000141095,4.0,40.708286,44.041831,36.845443,8.251603999997315,7.508236000001489,1,3,False,False,DEV,STOP
19835,2026-08-18 11:08:07.328,-1,0.0,0.0,0.5062880000004952,-1.0,34.734372,41.737876,36.106722,7.3544719999990775,7.685887999999977,0,0,False,False,DEV,TARGET
19851,2026-08-18 11:21:48.388,1,1.0,4.0,-0.8422879999998258,3.0,47.650023,44.915415,24.427001,7.670335999999224,0.17704800000137766,0,0,False,False,DEV,TARGET
19852,2026-08-18 11:22:04.932,1,1.0,4.0,2.122663999998622,5.0,52.382678,47.130766,27.239796,8.35914000000048,0.8564240000014252,1,10,False,False,DEV,STOP
19878,2026-08-18 11:54:47.008,-1,3.0,2.0,2.056988000000274,3.0,60.995187,39.502343,20.42962,4.1725120000010065,0.13375599999926635,10,10,False,False,DEV,TARGET
19879,2026-08-18 11:55:47.360,-1,1.0,4.0,4.37765600000057,5.0,64.990829,45.710653,26.039993,5.553484000000026,0.790420000001177,10,10,False,False,DEV,TARGET
19881,2026-08-18 11:57:00.004,-1,3.0,2.0,-0.9690719999998691,1.0,59.167485,45.54276,27.807518,6.141188000001421,1.6089159999974072,0,0,False,True,DEV,TARGET
19882,2026-08-18 11:59:24.356,-1,2.0,3.0,1.2462760000016715,4.0,54.014735,43.957732,27.465281,6.792071999996551,2.1238200000007055,1,1,False,True,DEV,STOP
19883,2026-08-18 12:00:01.880,-1,4.0,1.0,1.4137719999998808,2.0,57.826726,47.037841,30.579528,7.421507999999449,2.653860000002169,10,10,False,True,DEV,STOP
19891,2026-08-18 12:12:22.304,-1,1.0,4.0,-0.5665120000012394,5.0,21.016027,27.469245,21.608368,4.858680000001186,3.9330840000002354,2,3,False,False,DEV,STOP
19912,2026-08-18 12:48:29.796,-1,0.0,5.0,1.3545440000016242,6.0,34.863054,14.144896,8.744322,1.3605599999973492,1.1034480000016629,1,10,False,False,DEV,STOP
19918,2026-08-18 12:50:20.024,-1,4.0,1.0,-2.489391999999498,2.0,7.150798,7.142856,6.111946,1.3130400000009104,1.282444000000396,1,3,False,False,DEV,TARGET
19921,2026-08-18 12:53:00.028,-1,2.0,3.0,0.16617200000109733,4.0,38.006891,21.54402,13.835156,2.4730799999997544,1.7280160000009346,1,7,False,False,DEV,TARGET
19922,2026-08-18 12:54:23.024,-1,1.0,4.0,2.907024000000092,5.0,56.251775,34.341452,21.478605,3.721087999998417,2.175736000001052,10,10,False,True,DEV,TARGET
19923,2026-08-18 12:54:33.980,-1,1.0,4.0,5.03879600000073,5.0,65.567243,45.05411,29.29483,5.259067999999388,2.768575999998575,10,10,False,True,DEV,TARGET
19925,2026-08-18 12:54:50.012,-1,3.0,2.0,1.8506280000001425,1.0,66.967405,51.414606,35.82694,7.017483999999968,3.7699199999988195,0,0,False,True,DEV,TARGET
19927,2026-08-18 12:55:02.208,-1,1.0,4.0,-0.9422120000017458,3.0,51.341412,44.631574,32.159531,7.054579999999987,4.359340000002703,0,0,False,True,DEV,TARGET
19932,2026-08-18 12:58:01.924,-1,2.0,3.0,1.1746559999992314,4.0,46.790694,41.521541,32.00453,6.949064000000362,5.473303999999189,1,10,False,True,DEV,STOP
19942,2026-08-18 12:59:44.476,-1,1.0,4.0,1.331396000001405,5.0,35.571535,19.200917,19.170265,2.372955999999249,4.661587999999028,6,7,False,False,DEV,TARGET
19945,2026-08-18 12:59:48.292,-1,1.0,4.0,2.4055799999987357,5.0,52.613927,34.418025,27.517735,4.243244000001141,5.154232000000775,1,10,False,True,DEV,TARGET
19946,2026-08-18 12:59:50.564,-1,1.0,4.0,4.648784000000887,5.0,64.049865,45.105679,34.35406,5.668131999998877,5.631120000001829,10,10,False,True,DEV,STOP
20727,2026-08-19 06:31:57.024,-1,3.0,2.0,-0.010515999998460757,3.0,39.951191,19.485699,14.803028,1.8848440000001574,2.583115999997972,1,10,False,False,DEV,STOP
20736,2026-08-19 06:32:44.140,-1,2.0,3.0,0.6645319999988715,4.0,41.127061,13.928725,9.98733,0.7312200000014855,1.6406160000005912,6,7,False,False,DEV,STOP
20741,2026-08-19 06:33:09.084,-1,2.0,3.0,-1.0109919999995327,4.0,13.747986,6.298804,6.349641,0.9540159999996831,1.5683239999998477,1,3,False,False,DEV,TARGET
20742,2026-08-19 06:33:20.220,-1,2.0,3.0,1.2136720000016794,4.0,47.180927,22.857832,14.776731,2.013911999998527,1.871555999998236,4,10,False,False,DEV,TARGET
20743,2026-08-19 06:33:21.336,-1,2.0,3.0,2.943967999999586,4.0,59.945494,35.291835,22.308123,3.3054080000001704,2.296856000000844,10,10,False,True,DEV,TARGET
20744,2026-08-19 06:33:26.880,-1,2.0,3.0,4.28975200000059,4.0,65.876638,44.162931,28.857764,4.7396719999997,2.82872000000134,10,10,False,True,DEV,STOP
20748,2026-08-19 06:33:48.856,-1,2.0,3.0,1.0551279999999679,4.0,45.559061,37.626541,26.90483,5.859415999999328,3.9170560000020487,1,2,False,True,DEV,STOP
20750,2026-08-19 06:34:04.296,-1,1.0,4.0,-0.21356400000149733,3.0,53.121362,43.014058,31.346915,6.36523600000146,4.498719999999594,0,0,False,True,DEV,STOP
20761,2026-08-19 06:35:27.208,-1,3.0,2.0,-1.9243920000008075,3.0,6.826543,11.94567,14.728134,2.296964000001026,4.051984000001539,1,2,False,False,DEV,TARGET
20762,2026-08-19 06:35:29.624,-1,1.0,4.0,1.2810280000012426,5.0,44.479632,27.232182,22.265375,3.261739999998099,4.316116000001784,4,10,False,False,DEV,STOP
20769,2026-08-19 06:36:05.104,-1,1.0,4.0,0.6868439999998373,5.0,29.623912,14.99474,15.238681,1.8628439999993134,3.7261080000025686,3,5,False,False,DEV,TARGET
20770,2026-08-19 06:36:15.388,-1,1.0,4.0,3.3119880000012927,5.0,57.228285,32.879546,24.598988,3.233723999997892,4.091816000000108,6,10,False,True,DEV,STOP
20786,2026-08-19 06:37:55.124,-1,1.0,4.0,-0.7901679999995395,3.0,42.803941,17.487281,14.084725,1.0312919999996666,2.6214360000012675,0,0,False,False,DEV,TARGET
20792,2026-08-19 06:38:51.784,-1,1.0,4.0,0.6761159999987285,5.0,33.418663,20.076495,15.939541,2.598172000001796,2.9916080000002694,1,10,False,False,DEV,TARGET
20793,2026-08-19 06:38:58.704,-1,2.0,3.0,2.525868000000628,4.0,55.885275,34.329597,23.957408,3.7664799999984098,3.3748880000021018,10,10,False,True,DEV,TARGET
20795,2026-08-19 06:39:14.620,-1,1.0,4.0,1.8860200000017358,3.0,62.610154,44.581071,31.579385,5.43181999999797,4.103932000001805,0,0,False,True,DEV,STOP
20799,2026-08-19 06:39:45.704,-1,3.0,2.0,-1.543312000001606,3.0,14.717121,25.662906,21.95742,4.754316000002291,4.514156000001094,1,2,False,False,DEV,TARGET
20800,2026-08-19 06:39:54.160,-1,1.0,4.0,1.577423999999155,5.0,47.548988,37.308588,28.555672,5.576700000001438,4.875927999997657,3,10,False,True,DEV,TARGET
20801,2026-08-19 06:40:02.232,-1,2.0,3.0,3.2268839999997,4.0,60.101273,45.5973,34.205337,6.634907999999996,5.3435520000020915,10,10,False,True,DEV,TARGET
20803,2026-08-19 06:40:10.452,-1,1.0,4.0,0.49527600000146776,3.0,59.446579,48.191377,37.056872,7.304543999998714,5.964899999999034,0,0,False,True,DEV,TARGET
20805,2026-08-19 06:40:27.852,-1,2.0,3.0,-1.934956000000966,2.0,45.002976,42.802572,34.431193,7.069524000002275,6.339516000000003,0,0,False,True,DEV,TARGET
20806,2026-08-19 06:40:30.548,-1,1.0,4.0,1.2728119999992487,5.0,47.047558,43.791259,35.409741,7.650991999998951,6.7081600000019534,1,10,False,True,DEV,STOP
20808,2026-08-19 06:40:56.512,-1,3.0,2.0,-1.6374360000008892,1.0,50.983256,46.144046,37.644361,7.6497440000021015,7.147763999997551,0,0,False,True,DEV,STOP
20818,2026-08-19 06:41:53.872,-1,1.0,4.0,0.4125800000001618,5.0,33.273892,22.185651,23.265616,3.002435999998852,5.926935999999841,7,8,False,False,DEV,STOP
20832,2026-08-19 06:44:03.548,1,0.0,5.0,0.849687999998423,4.0,56.55641,50.75864,31.251833,9.015768000001117,1.3847080000014103,0,0,False,False,DEV,TARGET
20833,2026-08-19 06:44:18.352,1,3.0,2.0,1.8830920000000333,3.0,57.137443,51.556137,32.960173,9.55312799999956,2.0590359999987413,1,2,False,True,DEV,STOP
21036,2026-08-19 07:03:20.332,-1,2.0,3.0,-1.720656000001327,2.0,38.476891,23.25643,12.785925,2.534107999999833,0.832088000002841,0,0,False,False,DEV,TARGET
21041,2026-08-19 07:03:50.980,-1,1.0,4.0,0.6255479999999807,5.0,39.738503,25.859581,15.70193,3.2952519999998913,1.5995159999984025,1,10,False,False,DEV,STOP
21042,2026-08-19 07:03:58.088,-1,5.0,0.0,0.1532039999983681,1.0,51.097424,33.39525,20.539687,3.9739320000007865,1.9413999999997031,10,10,False,True,DEV,STOP
21051,2026-08-19 07:04:59.968,-1,2.0,3.0,-1.1569720000006782,4.0,20.825712,11.560255,9.17356,1.4820719999988796,1.7274120000001858,1,6,False,False,DEV,STOP
21065,2026-08-19 07:06:46.168,-1,1.0,4.0,0.04005999999935739,3.0,53.119339,23.773499,12.930069,1.21925199999896,0.7816560000028403,0,0,False,False,DEV,TARGET
21069,2026-08-19 07:07:21.496,-1,5.0,0.0,-3.147052000000258,1.0,5.508609,8.294539,6.175966,1.5482560000018566,1.0782319999998435,1,1,False,False,DEV,TARGET
21070,2026-08-19 07:07:30.976,-1,2.0,3.0,-0.44770799999969313,4.0,36.563444,20.512026,12.495588,2.256816000000981,1.3378039999988687,3,3,False,False,DEV,STOP
21072,2026-08-19 07:07:48.124,-1,0.0,0.0,1.3711399999992864,-1.0,39.599902,25.085477,15.692925,2.625688000000082,1.6397480000014184,0,0,False,False,DEV,TARGET
21073,2026-08-19 07:08:04.288,-1,4.0,1.0,-3.9335600000013073,-0.0,26.348449,20.673589,13.701015,2.6106440000003204,1.7384480000000622,0,0,False,False,DEV,TARGET
21074,2026-08-19 07:08:09.264,-1,3.0,2.0,-1.8372119999985443,3.0,28.074057,21.8255,14.594382,2.9801279999992403,1.9425960000007763,1,1,False,False,DEV,STOP
21082,2026-08-19 07:09:05.400,-1,2.0,3.0,-0.34518000000025495,4.0,21.761137,8.8633,7.559348,1.0750680000019202,1.6056879999996454,3,6,False,False,DEV,STOP
21085,2026-08-19 07:09:36.620,-1,3.0,2.0,-0.5437520000014047,3.0,36.236137,19.86048,13.596106,2.189996000000974,1.9637719999991532,1,9,False,False,DEV,STOP
21093,2026-08-19 07:10:58.684,-1,3.0,2.0,0.7293160000008356,3.0,45.565506,15.302906,9.5275,0.6042679999991378,1.1752320000014151,5,6,False,False,DEV,TARGET
21094,2026-08-19 07:11:00.596,-1,1.0,4.0,3.345023999998375,5.0,60.342995,30.896316,18.324297,2.081872000002477,1.5913760000003094,7,10,False,False,DEV,TARGET
21095,2026-08-19 07:11:11.092,-1,3.0,2.0,3.8239079999984824,3.0,65.366156,40.159736,24.796557,3.52883600000132,2.076575999999477,10,10,False,True,DEV,TARGET
21096,2026-08-19 07:11:29.300,-1,3.0,2.0,4.196371999998519,3.0,68.285045,46.928413,30.441283,4.928152000000409,2.6212960000011662,10,10,False,True,DEV,TARGET
21097,2026-08-19 07:11:34.792,-1,3.0,2.0,4.48606799999834,3.0,69.106639,50.753951,34.304421,6.268496000000596,3.2169080000021495,10,10,False,True,DEV,TARGET
21098,2026-08-19 07:11:53.988,-1,3.0,2.0,4.711383999998361,3.0,69.70567,53.797113,37.709701,7.542816000001039,3.8556439999993017,10,10,False,True,DEV,STOP
21099,2026-08-19 07:12:07.208,-1,5.0,0.0,3.331075999998575,1.0,69.122025,55.288316,39.839649,8.462788000000728,4.448928000001615,10,10,True,True,DEV,STOP
21101,2026-08-19 07:12:18.104,-1,3.0,2.0,-1.6021880000007513,1.0,55.182193,49.442937,36.650811,8.3509120000017,5.128995999999461,0,0,False,True,DEV,TARGET
21104,2026-08-19 07:12:29.468,-1,1.0,4.0,1.0253080000002228,5.0,38.338172,42.294733,33.158486,7.994131999999809,5.898236000000907,1,10,False,False,DEV,STOP
21119,2026-08-19 07:14:11.432,-1,1.0,4.0,1.0979520000000775,5.0,35.86119,12.556188,14.481826,0.9753960000016377,3.869783999998617,3,10,False,False,DEV,TARGET
21121,2026-08-19 07:14:29.092,-1,3.0,2.0,-1.1382760000014969,1.0,52.981776,28.486325,22.626966,2.198760000002949,4.078871999998228,0,0,False,False,DEV,TARGET
21122,2026-08-19 07:14:41.624,-1,3.0,2.0,0.3368960000007064,3.0,51.422448,30.080923,23.73424,2.9987479999981588,4.288440000000264,1,1,False,True,DEV,TARGET
21123,2026-08-19 07:14:47.568,-1,2.0,3.0,2.262031999998726,4.0,57.466817,36.731386,27.789902,4.086760000001959,4.623368000000482,2,10,False,True,DEV,TARGET
21124,2026-08-19 07:14:51.328,-1,2.0,3.0,3.759355999998661,4.0,63.820693,44.417314,33.029448,5.361532000002626,5.0680519999987155,10,10,False,True,DEV,TARGET
21125,2026-08-19 07:14:59.716,-1,1.0,4.0,5.701723999998649,5.0,68.549227,51.29861,38.469866,6.889492000002065,5.649135999999999,10,10,False,True,DEV,STOP
21143,2026-08-19 07:17:23.944,1,2.0,3.0,-1.0107680000000983,2.0,51.37479,47.844609,29.262289,8.335244000001694,1.5240279999998165,0,0,False,True,DEV,TARGET
21148,2026-08-19 07:17:59.052,1,2.0,3.0,-1.5168760000015027,4.0,3.142048,27.712987,18.978087,5.839608000002045,2.6614320000007865,1,2,False,False,DEV,TARGET
21150,2026-08-19 07:18:07.496,1,3.0,2.0,-2.1151480000007723,1.0,40.842866,37.747563,25.794007,5.925908000001073,3.212683999998262,0,0,False,False,DEV,TARGET
21151,2026-08-19 07:18:18.388,1,1.0,4.0,1.1326640000006591,5.0,48.158761,41.097459,28.491724,6.573236000000179,3.6499559999974736,1,10,False,True,DEV,TARGET
21152,2026-08-19 07:18:21.224,1,1.0,4.0,3.658739999998943,5.0,59.288958,47.617941,33.634809,7.630688000001101,4.228943999998592,10,10,False,True,DEV,TARGET
21154,2026-08-19 07:18:39.324,1,2.0,3.0,-0.6261960000010731,2.0,57.772536,49.106822,36.080469,7.867968000002293,4.928015999998024,0,0,False,True,DEV,TARGET
21155,2026-08-19 07:18:48.132,1,2.0,3.0,1.512960000000021,4.0,54.109465,48.129312,35.989336,8.429467999998451,5.3971720000008645,1,10,False,True,DEV,STOP
21157,2026-08-19 07:19:16.664,1,0.0,5.0,0.2362360000006447,4.0,54.055513,49.021312,37.720194,8.55183599999873,6.061359999999695,0,0,False,True,DEV,STOP
21167,2026-08-19 07:20:17.164,1,1.0,4.0,0.7918600000011793,5.0,31.30068,19.104511,20.040432,2.5866319999986445,5.070004000001063,4,8,False,False,DEV,TARGET
21169,2026-08-19 07:20:30.400,1,0.0,5.0,1.6148280000015802,4.0,58.164669,37.900766,30.112059,4.156727999998111,5.485975999999937,0,0,False,True,DEV,STOP
21200,2026-08-19 07:25:24.876,-1,2.0,3.0,0.6167999999997846,4.0,40.539767,20.799086,11.033725,2.1705800000017916,0.6934599999985949,1,10,False,False,DEV,TARGET
21201,2026-08-19 07:25:28.792,-1,2.0,3.0,2.4797319999997853,4.0,57.240505,33.800664,18.993835,3.364659999999276,1.1470040000021982,10,10,False,False,DEV,TARGET
21202,2026-08-19 07:25:34.408,-1,1.0,4.0,4.706460000001243,5.0,65.275543,43.907344,26.594543,4.870380000000296,1.7482279999967432,10,10,False,True,DEV,STOP
21221,2026-08-19 07:29:10.892,1,2.0,3.0,0.31394400000135647,2.0,58.831373,40.972098,22.185178,4.823892000000342,0.4425199999968754,0,0,False,False,DEV,TARGET
21222,2026-08-19 07:29:18.280,1,1.0,4.0,3.0219560000005004,5.0,59.974855,43.799762,25.18433,5.904856000001018,1.0425479999976233,1,10,False,False,DEV,TARGET
21226,2026-08-19 07:30:29.500,1,2.0,3.0,0.4866199999996752,4.0,38.88439,37.161248,23.631576,6.292116000000533,2.4085999999988417,1,2,False,False,DEV,TARGET
21228,2026-08-19 07:30:58.048,1,4.0,1.0,-3.4957480000011856,0.0,40.364254,38.339911,25.630273,5.926072000002023,2.8967799999991257,0,0,False,False,DEV,TARGET
21233,2026-08-19 07:31:48.928,1,2.0,3.0,-0.19858000000022002,4.0,36.497395,35.873565,26.322032,5.998075999999855,4.092531999998755,1,10,False,False,DEV,TARGET
21234,2026-08-19 07:31:55.456,1,2.0,3.0,1.8455480000011448,4.0,52.774013,42.983871,31.217034,6.769988000000012,4.535627999997814,10,10,False,True,DEV,TARGET
21235,2026-08-19 07:32:21.424,1,0.0,0.0,6.102092000000994,1.0,59.392262,47.659592,34.988528,7.344203999997262,4.9538400000019465,10,10,False,True,DEV,TARGET
21240,2026-08-19 07:33:44.784,1,1.0,4.0,1.959235999998782,5.0,48.772142,44.366253,35.022073,7.781748000001244,6.29266799999823,1,10,False,True,DEV,STOP
21247,2026-08-19 07:35:27.380,1,1.0,4.0,1.243003999999928,5.0,37.856445,31.474126,28.339721,4.941256000001886,6.3712759999980335,4,5,False,False,DEV,TARGET
21248,2026-08-19 07:35:52.060,1,2.0,3.0,2.9667799999988347,4.0,58.651382,43.123063,35.03795,6.002739999999903,6.740700000002107,6,10,False,True,DEV,TARGET
21250,2026-08-19 07:36:32.632,1,1.0,4.0,0.9428679999982705,3.0,60.489132,47.667992,38.679092,6.948132000001351,7.262876000000688,0,0,False,True,DEV,TARGET
21253,2026-08-19 07:37:12.476,1,2.0,3.0,0.8400599999986298,4.0,45.965109,42.494725,36.432839,7.302456000001257,7.796915999999328,1,10,False,True,DEV,TARGET
21254,2026-08-19 07:37:13.856,1,0.0,5.0,4.208935999999085,6.0,60.498618,49.947434,41.319876,8.402180000000953,8.271867999999813,10,10,True,True,DEV,TARGET
21255,2026-08-19 07:37:32.544,1,3.0,2.0,4.495839999999589,3.0,66.839313,55.241534,45.41508,9.46638399999938,8.788092000002507,10,10,True,True,DEV,TARGET
21256,2026-08-19 07:38:00.032,1,4.0,1.0,3.941208000000188,2.0,69.203121,58.299234,48.204039,10.34403999999995,9.298392000000604,10,10,True,True,DEV,TARGET
21257,2026-08-19 07:38:03.384,1,1.0,4.0,5.843160000000353,5.0,70.271963,60.342735,50.322067,11.499267999999574,9.924203999999008,10,10,True,True,DEV,TARGET
21258,2026-08-19 07:38:25.120,1,2.0,3.0,6.544679999999062,4.0,71.471311,62.353693,52.473296,12.69035200000144,10.609379999998055,10,10,True,True,DEV,TARGET
21259,2026-08-19 07:39:03.460,1,1.0,4.0,7.868084000001545,5.0,73.415297,64.847324,55.108458,14.0281479999976,11.385652000000846,10,10,True,True,DEV,TARGET
21261,2026-08-19 07:40:05.636,1,3.0,2.0,2.9572359999983746,1.0,70.743279,64.872993,56.123782,14.881336000002193,12.537363999999798,0,0,True,True,DEV,TARGET
21263,2026-08-19 07:40:45.828,1,1.0,4.0,1.5420320000011998,3.0,62.194576,61.737567,54.493584,14.702131999998528,13.370839999999589,0,0,True,True,DEV,STOP
21277,2026-08-19 07:45:38.996,1,5.0,0.0,-3.281355999999505,1.0,2.637229,21.176058,32.721864,4.232847999999649,11.09864799999923,1,1,False,False,DEV,TARGET
21301,2026-08-19 07:52:53.964,1,4.0,1.0,-2.8394640000005893,2.0,10.459795,3.389827,10.776797,0.3536520000016026,3.9105639999979758,1,1,False,False,DEV,TARGET
21302,2026-08-19 07:53:01.656,1,3.0,2.0,-0.9862480000010692,3.0,33.508808,13.558605,15.343191,1.0593000000008033,3.9821000000010827,2,5,False,False,DEV,TARGET
21303,2026-08-19 07:53:17.108,1,1.0,4.0,2.0106960000011895,5.0,51.467566,26.037111,21.521224,2.2565119999999297,4.236763999997493,6,10,False,False,DEV,TARGET
21304,2026-08-19 07:53:44.304,1,1.0,4.0,4.341651999999158,5.0,62.726057,38.523946,28.758369,3.7841800000023795,4.652491999997437,10,10,False,True,DEV,TARGET
21306,2026-08-19 07:55:15.692,1,0.0,5.0,3.1572960000012245,4.0,66.359131,47.932071,35.912718,5.7860079999991285,5.388011999999435,0,0,False,True,DEV,TARGET
21307,2026-08-19 07:55:31.492,1,4.0,1.0,2.9001199999984237,2.0,65.027303,49.056546,37.277534,6.7677199999998265,5.826956000000791,1,10,False,True,DEV,TARGET
21308,2026-08-19 07:56:09.676,1,4.0,1.0,2.700091999999131,2.0,66.156221,51.865876,39.892301,7.634320000001026,6.278235999998287,10,10,True,True,DEV,TARGET
21309,2026-08-19 07:56:12.928,1,3.0,2.0,3.3222959999984596,3.0,66.302501,53.643961,41.816589,8.545364000001427,6.779783999998472,10,10,True,True,DEV,TARGET
21310,2026-08-19 07:56:23.180,1,0.0,5.0,6.1395640000009735,6.0,68.864983,57.056554,45.095292,9.898683999999776,7.4465519999976095,10,10,True,True,DEV,TARGET
21311,2026-08-19 07:56:46.280,1,4.0,1.0,5.219659999998839,2.0,70.518485,59.725943,47.92714,10.975528000002669,8.094127999997,10,10,True,True,DEV,TARGET
21314,2026-08-19 07:58:13.264,1,1.0,4.0,-0.14356400000178837,3.0,55.488934,54.773749,45.812474,11.090112000001682,9.256455999999162,0,0,False,True,DEV,TARGET
21315,2026-08-19 07:58:31.408,1,3.0,2.0,1.1105639999987034,3.0,53.540614,54.12893,45.78105,11.320260000000417,9.666180000000168,1,2,False,True,DEV,TARGET
21316,2026-08-19 07:58:45.800,1,1.0,4.0,3.6415479999996023,5.0,61.831809,57.432553,48.5211,11.99481200000082,10.201939999999013,3,10,True,True,DEV,TARGET
21317,2026-08-19 07:59:11.240,1,1.0,4.0,5.610091999998986,5.0,67.510354,60.7692,51.489732,12.975360000000364,10.847423999999592,10,10,True,True,DEV,TARGET
21318,2026-08-19 07:59:27.248,1,0.0,5.0,7.9189599999990605,6.0,71.924098,64.22318,54.780709,14.299655999999231,11.628656000000774,10,10,True,True,DEV,TARGET
21697,2026-08-19 11:00:31.960,1,4.0,1.0,-0.6622800000004645,2.0,35.587773,9.857505,5.503084,0.30327200000101584,0.5325919999995676,3,9,False,False,DEV,TARGET
21698,2026-08-19 11:00:47.348,1,1.0,4.0,2.262672000000748,5.0,55.323914,25.634611,14.005391,1.6070399999989604,0.9049080000004324,10,10,False,False,DEV,TARGET
21699,2026-08-19 11:01:08.112,1,2.0,3.0,3.759856000000582,4.0,62.719348,36.308706,20.978687,3.080279999998311,1.3943040000012843,10,10,False,False,DEV,TARGET
21700,2026-08-19 11:01:15.076,1,4.0,1.0,3.368775999999343,2.0,66.709024,44.108519,27.121134,4.364148000000569,1.9040840000016033,10,10,False,True,DEV,TARGET
21701,2026-08-19 11:01:40.212,1,0.0,0.0,7.286823999998887,1.0,66.729614,47.162208,30.268209,5.347467999999935,2.389500000001135,10,10,False,True,DEV,TARGET
21702,2026-08-19 11:01:59.404,1,0.0,5.0,3.7786440000018047,4.0,66.745605,49.692885,33.113411,6.52490399999806,2.9742159999987052,0,0,False,True,DEV,TARGET
21703,2026-08-19 11:02:06.176,1,2.0,3.0,4.9389440000013565,4.0,68.012245,52.948244,36.660125,7.820319999998901,3.6448600000003353,1,10,False,True,DEV,TARGET
21704,2026-08-19 11:02:09.744,1,2.0,3.0,5.841400000001158,4.0,70.443847,56.978308,41.087441,9.177123999998003,4.389360000001034,10,10,True,True,DEV,TARGET
21705,2026-08-19 11:02:13.204,1,1.0,4.0,7.3210880000006,5.0,72.400619,60.425849,45.22001,10.695951999998215,5.237596000002668,10,10,True,True,DEV,TARGET
21707,2026-08-19 11:02:21.908,1,1.0,4.0,4.181892000000516,3.0,70.891866,61.920318,48.295567,12.213331999999355,6.646059999999125,0,0,True,True,DEV,STOP
21709,2026-08-19 11:03:23.528,1,2.0,3.0,0.9001559999996971,2.0,63.06795,59.034022,47.073388,12.355960000000778,7.704327999999805,0,0,True,True,DEV,STOP
21728,2026-08-19 11:07:30.892,-1,0.0,5.0,2.164415999999619,4.0,65.533753,53.827335,31.685506,8.602571999999782,0.08777600000030361,0,0,False,False,DEV,TARGET
21729,2026-08-19 11:07:33.632,-1,1.0,4.0,4.461211999998341,5.0,64.320126,54.299333,33.361557,9.64441600000282,0.9313039999979082,1,10,False,False,DEV,TARGET
21730,2026-08-19 11:07:35.792,-1,1.0,4.0,6.247608000001492,5.0,69.358333,58.837185,39.200772,10.929571999997279,1.8779119999999239,10,10,False,True,DEV,TARGET
21732,2026-08-19 11:08:19.256,-1,3.0,2.0,1.3720119999998133,1.0,67.062946,59.572046,42.165555,11.625951999998506,3.322016000001895,0,0,True,True,DEV,TARGET
21733,2026-08-19 11:08:23.764,-1,2.0,3.0,3.0671199999997043,4.0,64.108136,58.725336,42.281809,12.171008000001166,4.0889119999992545,1,1,True,True,DEV,TARGET
21734,2026-08-19 11:08:32.724,-1,4.0,1.0,2.8299799999986135,2.0,64.755882,59.553728,43.985276,12.629096000000573,4.835532000000967,10,10,True,True,DEV,STOP
21759,2026-08-19 11:16:18.652,-1,2.0,3.0,0.8412639999987732,4.0,48.491552,18.177438,15.247909,0.7906040000016219,3.034479999998439,1,10,False,False,DEV,TARGET
21760,2026-08-19 11:17:58.420,-1,1.0,4.0,3.432091999999102,5.0,59.440985,30.7701,22.082053,2.2692239999996673,3.3898800000024494,10,10,False,True,DEV,STOP
21778,2026-08-19 11:27:23.444,-1,5.0,0.0,-4.523216000001412,1.0,-12.915312,-3.350169,3.167399,0.15574800000104005,1.962812000001577,1,1,False,False,DEV,STOP
21785,2026-08-19 11:30:18.532,1,1.0,4.0,4.116655999998329,5.0,60.395399,37.488937,18.766873,4.007984000003489,0.0560879999975441,10,10,False,False,DEV,TARGET
21786,2026-08-19 11:30:38.336,1,1.0,4.0,5.979619999998249,5.0,68.618037,48.551039,28.173868,5.695048000001407,0.7930919999998878,10,10,False,False,DEV,TARGET
21789,2026-08-19 11:33:14.872,1,3.0,2.0,-0.8710439999995288,1.0,58.264365,47.808317,30.738957,7.236207999998442,2.3185640000010608,0,0,False,True,DEV,TARGET
21792,2026-08-19 11:34:32.212,1,1.0,4.0,1.3693160000002536,5.0,42.610332,41.395095,28.054965,7.351448000001255,3.3641439999992144,1,4,False,False,DEV,STOP
21800,2026-08-19 11:41:40.152,1,3.0,2.0,-0.49895200000173645,3.0,33.201798,32.178096,25.400306,5.279872000002797,4.630615999998554,3,6,False,False,DEV,TARGET
21826,2026-08-19 12:00:30.620,-1,4.0,1.0,-0.7182439999996859,2.0,38.303498,26.064564,12.525906,3.3821160000006785,0.1498799999972107,1,10,False,False,DEV,STOP
21836,2026-08-19 12:08:22.356,1,2.0,3.0,1.355307999998331,4.0,48.550685,19.852809,9.632654,1.2338159999999334,0.2972520000002987,5,10,False,False,DEV,TARGET
21837,2026-08-19 12:09:37.936,1,3.0,2.0,2.276347999999416,3.0,59.468063,32.026469,17.059084,2.465643999999884,0.7174679999989166,10,10,False,False,DEV,STOP
21839,2026-08-19 12:12:21.716,1,1.0,4.0,-0.07974000000103842,3.0,55.924381,35.28195,20.441228,3.5461639999994077,1.3018040000024484,0,0,False,False,DEV,STOP
21848,2026-08-19 12:19:22.276,1,0.0,5.0,0.43245999999999185,6.0,19.328688,11.457365,8.403417,1.7618519999996352,1.48107600000003,1,7,False,False,DEV,TARGET
21852,2026-08-19 12:24:15.720,1,2.0,3.0,-1.2750599999999395,4.0,13.541371,13.389747,10.259065,2.2596919999996317,1.8467840000012075,1,2,False,False,DEV,TARGET
21854,2026-08-19 12:26:33.308,1,1.0,4.0,-0.4133079999992333,3.0,46.870085,29.24363,19.110886,3.2386999999980617,2.2861919999995735,0,0,False,False,DEV,STOP
21861,2026-08-19 12:30:55.460,1,1.0,4.0,0.5295399999995425,5.0,22.508385,8.783819,7.96828,1.1298280000009981,1.820584000000963,3,5,False,False,DEV,TARGET
21862,2026-08-19 12:32:33.500,1,2.0,3.0,2.411864000001515,4.0,55.098953,28.464667,18.292103,2.3947559999978694,2.183919999999489,6,10,False,False,DEV,TARGET
21863,2026-08-19 12:32:55.388,1,1.0,4.0,4.65367200000037,5.0,65.075564,41.092276,26.592944,3.9684200000010605,2.702151999998023,10,10,False,True,DEV,TARGET
21864,2026-08-19 12:33:13.924,1,0.0,5.0,7.175080000000889,6.0,70.247315,50.249519,34.100177,5.877243999999337,3.3964599999999336,10,10,False,True,DEV,STOP
21876,2026-08-19 12:37:51.480,-1,3.0,2.0,6.428004000001238,3.0,71.916006,54.183897,32.181763,6.950224000000162,0.3071280000003753,10,10,False,False,DEV,TARGET
21879,2026-08-19 12:39:28.208,-1,2.0,3.0,-0.8233120000004419,2.0,54.790771,47.932024,30.0388,7.877644000000146,1.8962639999990643,0,0,False,True,DEV,TARGET
21880,2026-08-19 12:39:53.012,-1,1.0,4.0,2.1374240000004647,5.0,54.433065,48.391625,31.293933,8.552560000000085,2.5174520000000484,1,2,False,True,DEV,TARGET
21882,2026-08-19 12:40:34.820,-1,4.0,1.0,-1.2872360000001208,-0.0,56.096759,50.356123,34.557784,8.720840000001772,3.4506919999985257,0,0,False,True,DEV,TARGET
21883,2026-08-19 12:41:02.840,-1,3.0,2.0,0.22103599999900325,3.0,52.547444,49.326363,34.524091,8.977880000002187,3.944820000000618,1,1,False,True,DEV,TARGET
21885,2026-08-19 12:43:02.208,-1,0.0,5.0,0.0596399999994901,4.0,50.606639,48.812998,35.485979,8.945520000001125,4.7403640000011364,0,0,False,True,DEV,TARGET
21886,2026-08-19 12:43:20.124,-1,2.0,3.0,2.046387999998842,4.0,54.298109,50.460365,37.358023,9.518360000001849,5.28879600000073,1,10,False,True,DEV,TARGET
21888,2026-08-19 12:44:21.860,-1,2.0,3.0,-0.39169200000105775,2.0,56.021781,51.983585,39.771979,9.55929599999945,6.080900000000838,0,0,False,True,DEV,TARGET
21889,2026-08-19 12:44:57.968,-1,3.0,2.0,0.9175719999984722,3.0,53.99781,51.492869,39.993801,9.876624000000447,6.542600000000675,1,1,False,True,DEV,TARGET
21891,2026-08-19 12:45:17.936,-1,2.0,3.0,-1.0745559999995749,2.0,50.8343,50.599513,40.407806,9.589963999998872,7.179191999999603,0,0,False,True,DEV,TARGET
21894,2026-08-19 12:45:59.864,-1,1.0,4.0,1.273563999999169,5.0,41.475416,46.125813,38.563105,9.121568000002299,7.907759999998234,1,10,False,False,DEV,TARGET
21895,2026-08-19 12:46:16.508,-1,2.0,3.0,2.9905480000015814,4.0,58.789105,52.506904,43.103751,9.852975999998307,8.388664000001882,10,10,False,True,DEV,TARGET
21897,2026-08-19 12:46:57.492,-1,1.0,4.0,0.35230800000135787,3.0,58.633494,53.616636,44.757892,9.971247999998013,9.004580000000715,0,0,False,True,DEV,TARGET
21898,2026-08-19 12:47:17.032,-1,2.0,3.0,2.274015999999392,4.0,57.541171,53.578121,45.142491,10.503656000000774,9.439559999998892,1,10,False,True,DEV,TARGET
21899,2026-08-19 12:47:22.944,-1,1.0,4.0,4.546456000000035,5.0,64.659938,57.453212,48.301582,11.409004000001005,9.99834799999735,10,10,True,True,DEV,STOP
21901,2026-08-19 12:47:35.512,-1,0.0,0.0,2.5774879999989935,-1.0,57.430803,55.386599,47.698451,10.853612000002613,10.48935199999687,0,0,False,True,DEV,STOP
21909,2026-08-19 12:50:00.100,-1,1.0,4.0,1.3089680000011867,5.0,44.783728,37.514579,36.701873,5.9053079999976035,9.549660000000586,1,7,False,False,DEV,TARGET
21910,2026-08-19 12:50:00.176,-1,1.0,4.0,3.7958639999997104,5.0,60.040634,46.478255,41.545118,7.041268000000855,9.877236000000266,8,10,True,True,DEV,STOP
21914,2026-08-19 12:50:10.340,-1,1.0,4.0,0.10621199999877717,5.0,28.426712,35.808734,36.510638,6.619588000001386,9.91628000000128,1,2,False,False,DEV,TARGET
21915,2026-08-19 12:50:21.408,-1,1.0,4.0,2.8603880000009667,5.0,54.149757,45.296531,41.38501,7.52734799999962,10.209555999997974,3,10,False,True,DEV,STOP
21921,2026-08-19 12:52:11.340,-1,4.0,1.0,-1.4641440000013972,2.0,27.023776,34.887308,36.471869,6.325172000000748,10.11677200000122,1,4,False,False,DEV,STOP
21935,2026-08-19 12:55:14.016,-1,2.0,3.0,-0.9878439999993134,2.0,49.356033,20.372824,22.336435,0.8787919999995211,5.761923999998544,0,0,False,False,DEV,TARGET
21936,2026-08-19 12:55:21.808,-1,2.0,3.0,1.2316759999994247,4.0,51.923198,25.406859,24.708093,1.947995999998966,5.8985760000032315,1,10,False,False,DEV,TARGET
21937,2026-08-19 12:55:28.748,-1,1.0,4.0,3.7357479999991483,5.0,61.047485,36.14127,30.364617,3.389547999999195,6.204788000002736,10,10,False,True,DEV,STOP
21957,2026-08-19 12:59:56.464,1,1.0,4.0,1.4396960000012768,5.0,46.165081,28.059893,13.682548,3.2974039999971865,0.21699200000148267,6,6,False,False,DEV,TARGET
21958,2026-08-19 12:59:57.512,1,3.0,2.0,2.3419880000001285,3.0,58.39069,38.087229,20.69129,4.376144000001659,0.7279599999965285,7,10,False,False,DEV,TARGET
21960,2026-08-19 12:59:59.444,1,2.0,3.0,-1.4227480000008654,2.0,52.163158,38.243686,22.389775,4.795376000001852,1.345579999997426,0,0,False,False,DEV,TARGET
22988,2026-08-20 06:31:12.764,1,2.0,3.0,0.22028800000043702,4.0,35.24277,13.030169,13.200559,1.0004079999998794,3.191023999999743,1,9,False,False,DEV,TARGET
22989,2026-08-20 06:31:16.112,1,3.0,2.0,1.39355599999908,3.0,53.76039,26.850466,20.261659,2.089484000000084,3.4419440000019677,10,10,False,False,DEV,TARGET
22990,2026-08-20 06:31:21.396,1,0.0,0.0,5.7505439999986265,1.0,58.839237,34.179498,24.666922,2.9738520000028075,3.693727999998373,10,10,False,True,DEV,TARGET
22991,2026-08-20 06:31:29.144,1,1.0,4.0,1.805980000001,3.0,61.009715,39.056458,28.04614,3.980464000000211,4.0270479999999225,0,0,False,True,DEV,TARGET
22992,2026-08-20 06:31:33.008,1,0.0,5.0,4.960203999999067,6.0,64.99942,45.374825,32.72358,5.483324000000721,4.55374799999845,1,10,False,True,DEV,TARGET
22993,2026-08-20 06:31:37.696,1,0.0,5.0,7.413491999999678,6.0,70.209266,53.10499,39.126614,7.314556000001176,5.249727999998868,10,10,True,True,DEV,STOP
23010,2026-08-20 06:33:51.824,1,3.0,2.0,-0.9196999999985565,3.0,26.408754,23.108776,23.606823,3.5633119999984046,5.878371999999217,1,3,False,False,DEV,TARGET
23011,2026-08-20 06:33:56.560,1,1.0,4.0,2.0624559999996563,5.0,51.895244,35.472906,29.974429,4.569663999998738,6.163512000002811,10,10,False,True,DEV,TARGET
23012,2026-08-20 06:34:04.844,1,1.0,4.0,4.381912000000739,5.0,62.906643,45.064103,35.90725,5.919640000000072,6.600131999999576,10,10,False,True,DEV,TARGET
23018,2026-08-20 06:34:41.092,1,0.0,5.0,2.7389320000002044,6.0,50.566379,43.082371,36.517189,7.187608000000182,7.693039999998291,1,10,False,True,DEV,STOP
23020,2026-08-20 06:34:51.572,1,2.0,3.0,0.6321920000009413,2.0,60.571067,50.171534,41.605981,7.995231999997486,8.251320000003034,0,0,True,True,DEV,STOP
23026,2026-08-20 06:35:16.864,1,2.0,3.0,0.09289599999829079,4.0,25.092621,27.734505,29.205133,4.8468120000034105,7.745195999999851,3,4,False,False,DEV,TARGET
23027,2026-08-20 06:35:16.928,1,2.0,3.0,2.072252000001754,4.0,54.486555,40.598265,35.757046,5.752275999999256,8.009987999997975,5,7,False,True,DEV,TARGET
23028,2026-08-20 06:35:16.936,1,2.0,3.0,3.611752000000706,4.0,63.18938,47.945417,40.321529,6.866815999997925,8.38204400000177,10,10,True,True,DEV,TARGET
23029,2026-08-20 06:35:17.016,1,2.0,3.0,4.809140000001207,4.0,67.614438,53.263239,44.195007,8.111139999997249,8.847760000000562,10,10,True,True,DEV,TARGET
23031,2026-08-20 06:35:19.600,1,1.0,4.0,1.4524439999986498,3.0,64.030784,53.740361,45.358961,8.936084000000847,9.43425600000046,0,0,True,True,DEV,TARGET
23032,2026-08-20 06:35:25.020,1,3.0,2.0,2.3519000000014785,3.0,61.201153,53.149602,45.34497,9.565543999997317,9.814252000000124,1,10,True,True,DEV,TARGET
23033,2026-08-20 06:35:29.792,1,3.0,2.0,3.051476000000548,3.0,64.339382,55.728938,47.46762,10.272571999998036,10.241696000000957,10,10,True,True,DEV,TARGET
23034,2026-08-20 06:35:35.292,1,0.0,5.0,5.928928000001179,6.0,68.26037,59.088748,50.292521,11.449195999997755,10.832104000000982,10,10,True,True,DEV,STOP
23036,2026-08-20 06:35:49.224,1,1.0,4.0,2.1298439999991388,3.0,66.566946,59.838074,51.681489,12.031800000000658,11.607963999998901,0,0,True,True,DEV,STOP
23038,2026-08-20 06:36:00.808,1,1.0,4.0,-0.16836400000102003,3.0,55.317066,55.644263,49.470203,11.60757999999987,12.077444000002288,0,0,False,True,DEV,STOP
23040,2026-08-20 06:36:35.940,1,1.0,4.0,-0.3487639999984822,3.0,49.886139,53.409891,48.554962,11.176515999999538,12.455407999997988,0,0,False,True,DEV,STOP
23061,2026-08-20 06:39:36.900,1,4.0,1.0,0.8714199999994889,2.0,55.979331,21.769714,21.108835,0.5389280000017607,4.938767999999982,10,10,False,False,DEV,STOP
23074,2026-08-20 06:40:40.752,-1,2.0,3.0,1.5743079999992915,4.0,50.531644,45.486623,26.557471,7.939959999999701,1.138520000000426,1,2,False,False,DEV,STOP
23090,2026-08-20 06:42:35.528,1,3.0,2.0,-0.689964000001055,3.0,34.137716,27.595768,15.463786,4.040696000000025,1.0777880000023288,1,2,False,False,DEV,TARGET
23091,2026-08-20 06:42:38.760,1,3.0,2.0,0.6855839999989257,3.0,50.053329,35.786999,20.978935,4.757088000002113,1.4984559999975318,3,3,False,False,DEV,TARGET
23092,2026-08-20 06:42:39.916,1,0.0,5.0,4.088788000000932,6.0,61.180962,44.514872,27.711512,6.0384720000001835,2.1102959999989253,10,10,False,True,DEV,TARGET
23094,2026-08-20 06:42:57.464,1,2.0,3.0,0.8438360000000102,2.0,62.817469,49.33197,33.073166,7.107076000000234,3.0365400000009686,0,0,False,True,DEV,TARGET
23099,2026-08-20 06:43:49.220,1,2.0,3.0,0.31713200000012876,4.0,39.966635,40.629262,29.9084,7.211351999998442,4.577796000001399,1,10,False,False,DEV,STOP
23100,2026-08-20 06:44:03.852,1,3.0,2.0,1.468880000000354,3.0,54.318626,46.560672,34.347994,7.817323999999644,5.031591999999364,10,10,False,True,DEV,STOP
23255,2026-08-20 07:02:53.648,-1,3.0,2.0,-1.3600159999987227,3.0,31.68025,15.925404,10.446724,1.5934119999983523,1.3842199999999139,1,1,False,False,DEV,TARGET
23256,2026-08-20 07:02:55.056,-1,1.0,4.0,1.7199880000007397,5.0,48.908422,26.679983,16.425201,2.694735999997647,1.7473000000027241,2,10,False,False,DEV,TARGET
23257,2026-08-20 07:02:58.360,-1,1.0,4.0,4.115544000000227,5.0,61.669184,38.972022,24.378517,4.1460039999983564,2.266668000000209,10,10,False,True,DEV,TARGET
23259,2026-08-20 07:03:12.608,-1,0.0,5.0,3.020516000000498,4.0,65.877332,48.210468,32.453547,6.037656000000425,3.196056000000681,0,0,False,True,DEV,STOP
23260,2026-08-20 07:03:21.956,-1,4.0,1.0,2.793731999998272,2.0,64.613438,49.301669,34.072535,6.979788000000553,3.725640000000567,1,10,False,True,DEV,STOP
23270,2026-08-20 07:04:25.780,-1,1.0,4.0,-0.5117720000016561,5.0,26.563104,28.221785,23.968781,4.675316000000748,4.882168000000092,1,8,False,False,DEV,TARGET
23274,2026-08-20 07:04:59.704,-1,1.0,4.0,1.0168000000012398,5.0,38.225519,31.583505,26.291101,4.889240000000427,5.263607999997475,1,10,False,False,DEV,TARGET
23275,2026-08-20 07:05:05.376,-1,3.0,2.0,2.013068000000203,3.0,56.336372,41.528831,32.273486,5.780488000000332,5.624339999998483,10,10,False,True,DEV,TARGET
23276,2026-08-20 07:05:07.420,-1,1.0,4.0,4.343496000001323,5.0,64.85896,49.271535,37.836314,7.026576000000205,6.129475999998249,10,10,False,True,DEV,STOP
23303,2026-08-20 07:08:17.040,-1,1.0,4.0,0.9882599999982631,5.0,34.282212,6.893074,6.320024,0.010188000000198372,1.4739280000030703,3,5,False,False,DEV,TARGET
23304,2026-08-20 07:08:20.316,-1,2.0,3.0,2.7686480000011215,4.0,57.459624,25.852635,16.141395,1.4299240000000282,1.8239039999971283,6,10,False,False,DEV,STOP
23305,2026-08-20 07:08:35.256,-1,3.0,2.0,3.375611999999819,3.0,64.619634,37.444478,23.505717,2.8470720000004803,2.249891999999818,10,10,False,True,DEV,STOP
23314,2026-08-20 07:09:51.876,1,3.0,2.0,3.3468079999984184,3.0,66.387316,45.138839,24.589372,4.787468000002264,0.23171200000069803,10,10,False,False,DEV,TARGET
23315,2026-08-20 07:09:58.196,1,4.0,1.0,3.0475159999987227,2.0,66.480537,48.01343,27.97586,5.8760199999996985,0.8398640000013984,10,10,False,False,DEV,STOP
23316,2026-08-20 07:10:07.588,1,5.0,0.0,2.0369559999999183,1.0,65.861946,49.77385,30.488314,6.692696000001888,1.4155759999994189,10,10,False,False,DEV,STOP
23318,2026-08-20 07:10:28.672,1,4.0,1.0,-1.952951999999641,0.0,53.133321,44.957543,28.501301,6.880927999998676,2.2064720000016678,0,0,False,True,DEV,STOP
23323,2026-08-20 07:11:02.284,1,3.0,2.0,-1.4658039999994799,3.0,21.155306,28.206573,19.951898,4.9606160000003,2.9658439999984694,2,3,False,False,DEV,STOP
23348,2026-08-20 07:14:30.024,-1,2.0,3.0,-1.2110199999988254,2.0,44.59474,24.113324,13.163844,2.2127199999995355,0.8072599999977683,0,0,False,False,DEV,TARGET
23349,2026-08-20 07:14:40.304,-1,4.0,1.0,-0.4974599999986822,2.0,46.753153,27.404903,15.482622,2.8590239999975893,1.1019479999995383,1,1,False,False,DEV,TARGET
23350,2026-08-20 07:14:46.596,-1,1.0,4.0,2.3908640000008745,5.0,56.19606,35.639864,20.99592,3.9817719999991823,1.562895999999455,2,10,False,True,DEV,TARGET
23352,2026-08-20 07:15:11.660,-1,0.0,5.0,1.9771880000007513,4.0,61.500161,44.050318,28.111256,5.482211999998981,2.401504000001296,0,0,False,True,DEV,STOP
23356,2026-08-20 07:15:41.820,-1,3.0,2.0,-2.1223559999998542,3.0,18.323178,28.633946,20.800359,5.1070440000003146,3.2322519999979704,1,1,False,False,DEV,TARGET
23357,2026-08-20 07:15:46.988,-1,1.0,4.0,1.1270560000011756,5.0,42.745386,36.58678,25.762964,5.81885599999805,3.635067999999592,2,3,False,False,DEV,TARGET
23358,2026-08-20 07:15:51.120,-1,1.0,4.0,3.6543759999985923,5.0,59.264498,45.835264,32.359573,6.935864000002766,4.1836439999970025,10,10,False,True,DEV,TARGET
23360,2026-08-20 07:16:40.084,-1,3.0,2.0,1.013144000000466,1.0,63.863555,51.931189,38.27104,8.102436000001035,5.098603999998886,0,0,False,True,DEV,TARGET
23361,2026-08-20 07:16:52.512,-1,1.0,4.0,3.5657759999994596,5.0,63.769423,53.156951,39.90995,9.020555999999488,5.67827600000237,1,10,True,True,DEV,TARGET
23363,2026-08-20 07:17:43.660,-1,0.0,5.0,2.6879399999997986,4.0,64.625338,55.694369,43.212733,10.030731999999261,6.677072000002227,0,0,True,True,DEV,TARGET
23366,2026-08-20 07:18:03.704,-1,3.0,2.0,-2.4198040000010224,1.0,46.010615,49.724566,40.55847,9.597920000000158,7.650084000000788,0,0,False,True,DEV,STOP
23375,2026-08-20 07:19:05.608,-1,4.0,1.0,-1.7541759999985516,2.0,21.863205,24.231417,26.418289,4.0058439999993425,7.0232839999989665,3,5,False,False,DEV,TARGET
23379,2026-08-20 07:19:37.820,-1,3.0,2.0,-2.1435400000009395,3.0,2.147885,15.236176,21.694854,3.1579560000027413,6.585635999999795,1,2,False,False,DEV,TARGET
23380,2026-08-20 07:19:58.708,-1,2.0,3.0,0.3328000000001339,4.0,40.163883,28.542462,27.74587,3.880464000001666,6.735803999999916,3,10,False,False,DEV,TARGET
23396,2026-08-20 07:21:26.572,1,1.0,4.0,-0.9304880000017874,5.0,8.665883,28.19372,15.387528,5.699288000003435,0.932515999997122,1,3,False,False,DEV,STOP
23407,2026-08-20 07:22:43.964,1,2.0,3.0,-1.196059999998397,4.0,9.939539,4.040964,4.016632,0.7196640000001935,1.0217519999969227,1,5,False,False,DEV,TARGET
23408,2026-08-20 07:22:47.012,1,0.0,5.0,2.625287999999273,6.0,49.55997,23.669137,14.061661,2.056427999999869,1.4108799999994517,7,8,False,False,DEV,TARGET
23409,2026-08-20 07:22:51.568,1,1.0,4.0,4.819668000000092,5.0,63.704027,38.77355,23.592213,3.6875120000004245,1.954332000001159,9,10,False,True,DEV,TARGET
23410,2026-08-20 07:22:59.736,1,3.0,2.0,4.970851999998558,3.0,69.043624,48.044107,31.073477,5.215752000000066,2.5509280000005674,10,10,False,True,DEV,TARGET
23412,2026-08-20 07:23:20.948,1,0.0,5.0,1.7231079999983194,4.0,63.799085,48.229844,32.851284,6.425236000002769,3.3760000000002037,0,0,False,True,DEV,TARGET
23414,2026-08-20 07:23:30.852,1,1.0,4.0,-0.4144159999996191,3.0,53.527992,44.441915,31.411636,6.763972000000649,4.017203999999765,0,0,False,True,DEV,TARGET
23415,2026-08-20 07:23:39.080,1,1.0,4.0,2.4554559999996854,5.0,54.894227,46.001465,33.108072,7.586136000001716,4.526471999997739,1,10,False,True,DEV,TARGET
23416,2026-08-20 07:23:44.936,1,3.0,2.0,3.132020000000921,3.0,62.503195,51.25215,37.607462,8.466243999999278,5.084780000001047,10,10,False,True,DEV,TARGET
23417,2026-08-20 07:23:52.256,1,2.0,3.0,4.436015999999654,4.0,67.236799,55.707989,41.891014,9.514387999999599,5.725460000001476,10,10,True,True,DEV,TARGET
23418,2026-08-20 07:23:59.040,1,2.0,3.0,5.4502360000005865,4.0,69.456239,58.664332,45.159449,10.664135999999417,6.436947999998665,10,10,True,True,DEV,STOP
23421,2026-08-20 07:24:18.808,1,1.0,4.0,0.09935599999880651,3.0,55.413119,54.22245,43.566866,10.851976000001741,7.7464360000012675,0,0,False,True,DEV,STOP
23422,2026-08-20 07:24:39.732,1,5.0,0.0,-0.2560559999983525,1.0,51.917585,53.061214,43.229364,10.851279999998951,8.13400399999955,1,1,False,True,DEV,STOP
23424,2026-08-20 07:24:51.928,1,4.0,1.0,-3.9450199999992037,0.0,34.272835,47.646104,40.502657,9.605619999998453,8.474684000000707,0,0,False,False,DEV,STOP
23425,2026-08-20 07:25:05.220,1,5.0,0.0,-3.4016840000003867,1.0,20.900642,43.70611,38.467865,9.12943599999926,8.617912000001525,1,1,False,False,DEV,STOP
23454,2026-08-20 07:28:52.372,-1,1.0,4.0,0.061236000001372304,5.0,23.228541,16.933917,8.049653,2.5690279999980703,0.24358000000211177,4,5,False,False,DEV,TARGET
23455,2026-08-20 07:28:59.284,-1,2.0,3.0,2.047628000000259,4.0,52.362667,32.078623,17.004326,3.652215999998589,0.708360000000539,6,6,False,False,DEV,STOP
23456,2026-08-20 07:29:16.044,-1,4.0,1.0,2.0370440000006056,2.0,61.258751,41.022292,23.634736,4.646811999999045,1.1985359999998764,9,9,False,False,DEV,STOP
23463,2026-08-20 07:30:11.460,-1,2.0,3.0,-0.9241320000000997,4.0,25.066507,21.388792,14.395675,3.2244080000018585,1.9916159999993397,1,4,False,False,DEV,STOP
23471,2026-08-20 07:31:25.116,-1,2.0,3.0,-1.726544000001013,4.0,4.088639,5.494338,6.588082,1.213820000000851,1.8031479999990552,1,5,False,False,DEV,STOP
23478,2026-08-20 07:32:02.392,1,1.0,4.0,0.290155999999115,5.0,38.686975,24.871962,11.741709,3.101832000000286,0.08433599999989383,1,2,False,False,DEV,STOP
23479,2026-08-20 07:32:08.332,1,4.0,1.0,0.6701199999988603,2.0,50.553786,32.612578,16.923618,3.890508000000409,0.5048600000009174,3,3,False,False,DEV,STOP
23487,2026-08-20 07:33:14.944,1,3.0,2.0,-1.105223999998998,3.0,23.122543,12.762254,7.550578,1.6354559999999765,0.8283439999977418,3,3,False,False,DEV,TARGET
23488,2026-08-20 07:33:32.992,1,3.0,2.0,0.3626040000017383,3.0,47.012899,25.409974,14.470672,2.485207999998238,1.1437599999990198,7,7,False,False,DEV,TARGET
23489,2026-08-20 07:33:41.024,1,3.0,2.0,1.5042480000010983,3.0,56.329452,34.099745,20.082319,3.4757399999980407,1.5413279999993392,8,10,False,True,DEV,TARGET
23490,2026-08-20 07:34:10.376,1,4.0,1.0,1.6144160000003467,2.0,60.397239,39.902846,24.505213,4.407171999999264,1.9694799999997485,10,10,False,True,DEV,TARGET
23491,2026-08-20 07:34:12.612,1,1.0,4.0,4.0334360000015295,5.0,64.639248,46.012533,29.625987,5.70642399999997,2.5456759999979113,10,10,False,True,DEV,STOP
23501,2026-08-20 07:35:22.736,-1,1.0,4.0,4.508915999998862,5.0,64.511335,44.855086,24.691836,5.409772000002704,0.4448999999985972,1,10,False,False,DEV,STOP
23513,2026-08-20 07:36:49.964,1,0.0,5.0,0.5633159999997588,6.0,30.554239,15.714451,7.456287,1.8496120000017982,0.2258159999983036,1,2,False,False,DEV,TARGET
23515,2026-08-20 07:37:21.672,1,0.0,5.0,0.8716359999998531,4.0,54.979604,33.018873,18.075379,3.2362639999992098,0.8635040000008303,0,0,False,False,DEV,TARGET
23516,2026-08-20 07:37:26.328,1,2.0,3.0,2.6779400000013993,4.0,58.446854,38.11605,22.05184,4.381327999999485,1.364239999998972,1,10,False,False,DEV,TARGET
23517,2026-08-20 07:37:35.788,1,3.0,2.0,3.3050640000001295,3.0,64.338173,45.429946,28.056923,5.549463999999716,1.9249200000012934,10,10,False,True,DEV,STOP
23522,2026-08-20 07:38:48.968,1,0.0,5.0,0.26632400000016787,6.0,25.590359,30.266696,21.252714,5.336628000000928,3.107007999999041,1,3,False,False,DEV,TARGET
23523,2026-08-20 07:39:15.084,1,4.0,1.0,0.651583999999275,2.0,48.067022,38.783762,26.766374,5.9431320000003325,3.4991680000021006,4,4,False,True,DEV,TARGET
23524,2026-08-20 07:39:16.688,1,1.0,4.0,3.284567999999126,5.0,61.329965,47.359139,33.20692,6.9825720000008005,4.038747999999032,5,10,False,True,DEV,TARGET
23525,2026-08-20 07:39:28.848,1,1.0,4.0,5.332439999998314,5.0,66.603894,52.833698,38.158426,8.313328000000183,4.70694800000274,10,10,False,True,DEV,STOP
23532,2026-08-20 07:40:57.772,1,5.0,0.0,-4.8242280000013125,1.0,-18.892335,24.308695,24.572462,5.842592000000877,6.032736000001023,1,1,False,False,DEV,STOP
23543,2026-08-20 07:42:42.200,1,0.0,5.0,1.3301319999991392,6.0,38.05144,18.196636,17.971151,1.888648000000103,4.292152000001806,1,10,False,False,DEV,TARGET
23544,2026-08-20 07:43:04.608,1,1.0,4.0,3.8123279999999795,5.0,58.717279,34.049022,26.319279,3.3489520000002813,4.662948000001052,10,10,False,True,DEV,TARGET
23545,2026-08-20 07:43:34.956,1,1.0,4.0,5.742920000000595,5.0,67.920835,46.352464,34.38781,5.045455999999831,5.180000000000291,10,10,False,True,DEV,TARGET
23547,2026-08-20 07:44:21.796,1,1.0,4.0,1.4123839999992924,3.0,64.884967,48.772843,37.213727,6.325295999999071,5.808292000001529,0,0,False,True,DEV,TARGET
23549,2026-08-20 07:44:57.112,1,0.0,0.0,1.8914440000007744,-1.0,48.180768,41.742876,33.558179,6.276927999999316,6.144535999999789,0,0,False,True,DEV,TARGET
23553,2026-08-20 07:45:33.732,1,1.0,4.0,1.5825880000011239,5.0,44.996618,40.987578,34.230515,7.005595999999059,6.96543599999859,1,10,False,False,DEV,STOP
23559,2026-08-20 07:47:00.028,1,1.0,4.0,1.9173399999999674,5.0,45.852718,39.063638,34.066018,6.372168000001693,7.485583999998198,3,10,False,True,DEV,STOP
23584,2026-08-20 07:53:26.556,1,0.0,5.0,0.9338400000015099,4.0,53.575694,21.4752,10.239806,0.7728919999972277,0.15624400000160676,0,0,False,False,DEV,TARGET
23585,2026-08-20 07:53:33.164,1,2.0,3.0,2.7263200000015786,4.0,58.729314,29.910571,15.543204,2.1238720000001194,0.5867839999991702,1,10,False,False,DEV,STOP
23597,2026-08-20 07:56:11.396,-1,1.0,4.0,0.44922800000131247,5.0,33.821013,18.403787,9.257665,2.173371999997471,0.4386960000010731,1,4,False,False,DEV,TARGET
23598,2026-08-20 07:56:24.256,-1,1.0,4.0,3.127176000001782,5.0,56.026713,33.135598,18.083944,3.4856159999981173,0.9362959999998566,5,10,False,False,DEV,STOP
23619,2026-08-20 07:59:57.992,1,3.0,2.0,3.868819999999687,3.0,66.436323,46.531478,26.113042,5.406011999999464,0.4975040000026638,1,10,False,False,DEV,TARGET
24131,2026-08-20 11:00:12.492,-1,1.0,4.0,3.392520000001241,5.0,57.728519,25.404856,18.486039,1.3430919999991602,2.996608000001288,10,10,False,False,DEV,TARGET
24132,2026-08-20 11:00:41.480,-1,1.0,4.0,5.416403999999602,5.0,66.885206,39.927434,27.352167,3.1403559999998834,3.4800800000011805,10,10,False,True,DEV,TARGET
24134,2026-08-20 11:01:41.128,-1,1.0,4.0,3.634615999999369,3.0,68.858396,49.408146,35.286415,5.599828000002162,4.374727999998868,0,0,False,True,DEV,TARGET
24135,2026-08-20 11:02:51.420,-1,3.0,2.0,4.049144000000524,3.0,67.843499,50.972622,37.17532,6.806543999999121,4.906063999998878,1,10,False,True,DEV,TARGET
24136,2026-08-20 11:02:55.104,-1,1.0,4.0,5.927112000001216,5.0,69.847198,55.003418,41.101892,8.260119999999006,5.564256000001478,10,10,True,True,DEV,TARGET
24138,2026-08-20 11:03:51.656,-1,0.0,5.0,2.3015879999984463,4.0,66.029816,55.22971,42.64282,9.232884000000922,6.464500000001863,0,0,True,True,DEV,TARGET
24139,2026-08-20 11:05:41.992,-1,5.0,0.0,1.4567879999995057,1.0,61.259033,53.508441,41.920175,9.674928000000364,6.926120000000083,1,1,True,True,DEV,TARGET
24140,2026-08-20 11:05:44.656,-1,0.0,5.0,4.688615999999456,6.0,65.876274,56.951673,45.184588,10.67256400000042,7.5571320000017295,10,10,True,True,DEV,TARGET
24141,2026-08-20 11:05:47.428,-1,2.0,3.0,5.646700000001147,4.0,68.599463,59.643046,48.004446,11.765584000000672,8.254327999999077,10,10,True,True,DEV,TARGET
24145,2026-08-20 11:07:10.568,-1,2.0,3.0,1.447147999999288,4.0,49.401027,53.141305,45.174032,11.410523999998986,9.705696000000898,1,2,False,True,DEV,TARGET
24147,2026-08-20 11:08:04.172,-1,1.0,4.0,1.233459999999468,3.0,59.31569,56.519038,48.257708,11.641272000000754,10.451543999999558,0,0,False,True,DEV,TARGET
24149,2026-08-20 11:08:49.304,-1,0.0,5.0,1.2770320000017819,4.0,57.655696,56.110767,48.695192,11.685743999998522,11.105424000001221,0,0,False,True,DEV,TARGET
24152,2026-08-20 11:10:37.184,-1,1.0,4.0,1.7750640000012936,5.0,49.41461,52.790053,47.394228,11.236779999999271,11.79453999999896,1,10,False,True,DEV,TARGET
24153,2026-08-20 11:10:49.040,-1,1.0,4.0,4.1583839999984775,5.0,61.875151,57.310448,50.534087,12.012512000001152,12.270531999998639,10,10,True,True,DEV,STOP
24164,2026-08-20 11:16:13.744,-1,1.0,4.0,1.5123559999992722,5.0,44.231769,40.431655,40.974685,6.897584000002098,11.569827999999688,1,9,False,False,DEV,TARGET
24165,2026-08-20 11:16:28.556,-1,1.0,4.0,3.9540559999986726,5.0,60.867266,49.167698,45.495811,7.983088000000862,11.86694400000124,10,10,True,True,DEV,STOP
24166,2026-08-20 11:16:50.604,-1,3.0,2.0,4.297600000001694,3.0,67.022938,54.679561,48.928986,9.04457199999888,12.214700000000448,10,10,True,True,DEV,STOP
24187,2026-08-20 11:30:00.688,-1,3.0,2.0,-1.5235399999983201,3.0,20.068201,9.740397,15.778351,1.168920000000071,4.9224039999971865,1,2,False,False,DEV,TARGET
24192,2026-08-20 11:33:33.316,-1,2.0,3.0,0.03249599999981001,4.0,36.179299,22.182581,21.211176,2.7433400000008987,4.928091999998287,1,10,False,False,DEV,TARGET
24193,2026-08-20 11:34:36.680,-1,1.0,4.0,2.8030519999992975,5.0,55.549489,34.80389,27.912049,3.9507159999993746,5.255887999999686,10,10,False,True,DEV,STOP
24195,2026-08-20 11:36:04.648,-1,3.0,2.0,-1.9216119999982766,1.0,52.812228,37.392436,30.025699,4.404399999999441,5.487295999999333,0,0,False,True,DEV,STOP
24201,2026-08-20 11:40:48.064,-1,2.0,3.0,1.076995999999781,4.0,43.004851,27.830175,24.356951,3.579271999999037,5.208032000002277,4,6,False,False,DEV,STOP
24210,2026-08-20 11:46:33.416,-1,4.0,1.0,-3.2642520000008517,2.0,-4.002598,-1.332335,7.694263,0.2136640000026091,3.4958839999999327,1,1,False,False,DEV,STOP
24225,2026-08-20 11:59:38.528,-1,1.0,4.0,0.4874200000012934,3.0,54.566359,25.866327,15.449141,1.545959999999468,1.4283959999993385,0,0,False,False,DEV,TARGET
24226,2026-08-20 11:59:59.820,-1,1.0,4.0,3.156883999999991,5.0,59.322096,33.400593,20.309816,2.913828000000649,1.863151999998081,1,10,False,True,DEV,STOP
24228,2026-08-20 12:01:54.872,-1,3.0,2.0,-0.4976879999994708,1.0,58.960798,39.075811,25.140218,4.095135999999911,2.456455999999889,0,0,False,True,DEV,STOP
24230,2026-08-20 12:04:02.464,-1,4.0,1.0,-2.8813159999990603,-0.0,41.669129,32.545646,22.199711,4.3117959999981395,2.8503440000022238,0,0,False,False,DEV,STOP
24246,2026-08-20 12:15:40.676,1,2.0,3.0,0.2377039999992121,4.0,35.491677,21.120859,9.695327,2.617656000002171,0.057499999998981366,1,7,False,False,DEV,STOP
24250,2026-08-20 12:19:55.776,-1,1.0,4.0,3.0812799999985145,5.0,55.716198,19.838896,9.527927,0.4494200000008277,0.2847880000008445,7,10,False,False,DEV,STOP
24251,2026-08-20 12:20:26.560,-1,5.0,0.0,2.063215999998647,1.0,62.918011,32.016069,16.964456,1.7050280000003113,0.662319999999454,10,10,False,False,DEV,STOP
24258,2026-08-20 12:26:04.448,1,0.0,0.0,2.4286600000014005,-1.0,48.460599,23.898444,11.534709,1.6100399999995716,0.1094520000006014,0,0,False,False,DEV,STOP
24259,2026-08-20 12:26:39.628,1,3.0,2.0,-2.3332640000007814,1.0,41.279917,22.178659,11.093808,1.9688679999999295,0.3106599999991886,0,0,False,False,DEV,STOP
24263,2026-08-20 12:31:33.508,-1,2.0,3.0,2.0344719999993686,4.0,55.995662,24.239372,11.912356,1.1900400000013178,0.3118880000001809,9,10,False,False,DEV,TARGET
24265,2026-08-20 12:33:30.848,-1,0.0,5.0,0.5517160000017611,4.0,56.266417,31.489687,17.24087,2.55030799999804,0.8518000000003667,0,0,False,False,DEV,TARGET
24266,2026-08-20 12:34:23.340,-1,2.0,3.0,2.4291120000016235,4.0,56.91917,34.871958,19.977373,3.704751999997825,1.311968000001798,1,10,False,False,DEV,TARGET
24279,2026-08-20 12:42:42.820,-1,1.0,4.0,1.606392000001506,5.0,45.251344,16.700998,10.438711,0.9770439999992959,1.2975399999995716,7,7,False,False,DEV,TARGET
24280,2026-08-20 12:43:56.612,-1,3.0,2.0,2.471639999999752,3.0,59.139881,30.79624,18.462657,2.2651200000000244,1.6782960000018647,10,10,False,False,DEV,TARGET
24281,2026-08-20 12:44:17.012,-1,1.0,4.0,4.700164000001678,5.0,66.174657,41.829017,26.13776,3.8576560000001336,2.2135079999970912,10,10,False,True,DEV,TARGET
24283,2026-08-20 12:45:13.440,-1,0.0,5.0,2.1642959999990126,4.0,64.562552,46.129008,30.719101,5.451843999999255,3.0162920000002487,0,0,False,True,DEV,TARGET
24284,2026-08-20 12:45:34.080,-1,1.0,4.0,4.461119999999937,5.0,64.319757,48.163104,32.997142,6.745728000001691,3.6164719999978843,1,10,False,True,DEV,STOP
24286,2026-08-20 12:46:19.492,-1,2.0,3.0,0.46413599999868893,2.0,62.242133,50.177695,36.01903,7.554140000000189,4.4330079999999725,0,0,False,True,DEV,STOP
24301,2026-08-20 12:50:47.800,-1,3.0,2.0,-1.1997279999995953,3.0,25.956248,8.844122,9.936638,0.6755640000010317,2.5657399999981862,1,2,False,False,DEV,STOP
24311,2026-08-20 12:54:30.028,-1,1.0,4.0,0.3552640000016254,5.0,32.404333,10.466655,8.216367,0.7051999999966938,1.5631440000033763,1,8,False,False,DEV,TARGET
24314,2026-08-20 12:54:47.060,-1,2.0,3.0,1.0340959999994084,4.0,47.908613,25.921571,16.882071,2.568252000000939,2.110816000000341,1,10,False,False,DEV,TARGET
24315,2026-08-20 12:54:49.996,-1,2.0,3.0,2.8042959999984305,4.0,59.175091,36.519557,23.526916,3.789864000002126,2.542015999999421,10,10,False,True,DEV,TARGET
24316,2026-08-20 12:54:57.388,-1,0.0,0.0,6.847787999999127,1.0,63.088322,42.65283,28.18885,4.738840000001801,2.955971999999747,10,10,False,True,DEV,TARGET
24319,2026-08-20 12:55:00.144,-1,1.0,4.0,2.178039999998873,5.0,50.734172,39.489656,27.817041,5.936487999999372,3.845212000000174,1,2,False,True,DEV,TARGET
24320,2026-08-20 12:55:01.468,-1,4.0,1.0,2.1384760000000824,2.0,60.482439,46.4365,33.052866,6.766887999998289,4.310856000000058,3,10,False,True,DEV,TARGET
24322,2026-08-20 12:55:25.872,-1,3.0,2.0,-2.3236399999987043,1.0,49.412274,43.133338,32.017328,6.62753999999768,4.779968000002555,0,0,False,True,DEV,TARGET
24323,2026-08-20 12:55:30.392,-1,2.0,3.0,0.1927240000004531,4.0,44.477234,41.624038,31.543295,7.046863999999914,5.1351119999999355,1,1,False,False,DEV,TARGET
24324,2026-08-20 12:55:38.184,-1,2.0,3.0,2.1498959999989893,4.0,55.042019,46.600929,35.276182,7.790528000001359,5.596052000000782,10,10,False,True,DEV,TARGET
24325,2026-08-20 12:55:41.108,-1,2.0,3.0,3.6721440000001166,4.0,63.451055,52.279754,39.913713,8.753044000000955,6.14907200000016,10,10,True,True,DEV,TARGET
24326,2026-08-20 12:55:55.900,-1,2.0,3.0,4.856112000001303,4.0,67.759957,56.476191,43.848564,9.855059999998048,6.78174399999989,10,10,True,True,DEV,TARGET
24328,2026-08-20 12:56:06.680,-1,1.0,4.0,0.8759199999985867,3.0,62.634894,55.513623,44.309511,10.182016000002477,7.587776000000304,0,0,True,True,DEV,TARGET
24331,2026-08-20 12:57:13.532,-1,3.0,2.0,1.1062280000005558,3.0,51.486482,51.297506,42.615318,10.207431999999244,8.571928000001208,1,10,False,True,DEV,TARGET
24332,2026-08-20 12:57:26.816,-1,3.0,2.0,2.082620000001043,3.0,59.798492,54.748944,45.417468,10.685947999998461,9.023467999999411,10,10,False,True,DEV,STOP
24334,2026-08-20 12:58:06.760,-1,3.0,2.0,-1.7524879999982659,1.0,52.136338,52.385527,44.636958,10.17260399999941,9.50325199999861,0,0,False,True,DEV,STOP
24335,2026-08-20 12:58:34.604,-1,5.0,0.0,-1.696380000001227,1.0,42.809981,49.41537,43.094802,9.962884000000486,9.718692000002193,1,1,False,False,DEV,STOP
24347,2026-08-20 12:59:41.696,-1,1.0,4.0,0.5946279999989201,5.0,28.103986,12.03376,20.081661,1.3779040000008536,6.495151999999507,6,9,False,False,DEV,TARGET
24348,2026-08-20 12:59:44.016,-1,1.0,4.0,3.240268000001379,5.0,56.771034,30.79996,28.693073,2.774459999996907,6.72873200000322,10,10,False,True,DEV,TARGET
24349,2026-08-20 12:59:48.192,-1,2.0,3.0,4.52020800000173,4.0,65.792244,42.668701,35.331669,4.293339999996533,7.077228000001924,10,10,False,True,DEV,STOP
24356,2026-08-20 12:59:57.528,-1,5.0,0.0,-4.208944000001793,1.0,-6.357735,13.802021,21.355997,3.052456000001257,6.649076000001514,1,1,False,False,DEV,STOP
25004,2026-08-21 06:31:14.072,-1,3.0,2.0,1.0969240000013087,3.0,51.408826,40.041186,28.769019,5.912535999999818,4.147971999998845,1,10,False,True,DEV,STOP
25009,2026-08-21 06:31:55.220,-1,3.0,2.0,-2.3453240000017104,3.0,-2.186902,19.221438,18.786148,4.164964000003238,4.423243999997794,1,2,False,False,DEV,STOP
25015,2026-08-21 06:32:20.832,-1,1.0,4.0,1.5641240000004473,5.0,41.914883,24.508104,20.47909,2.9704920000003767,4.118544000000838,4,9,False,False,DEV,TARGET
25016,2026-08-21 06:32:30.156,-1,2.0,3.0,3.2165400000012596,4.0,60.045932,38.405926,28.45014,4.235303999997996,4.509032000001753,10,10,False,True,DEV,TARGET
25018,2026-08-21 06:33:01.124,-1,3.0,2.0,-0.46159999999872525,1.0,59.165792,42.698478,32.099921,5.2280439999995,5.004823999999644,0,0,False,True,DEV,TARGET
25019,2026-08-21 06:33:06.208,-1,2.0,3.0,1.640980000000127,4.0,56.748859,42.889205,32.696921,6.024148000000423,5.370011999999406,1,1,False,True,DEV,TARGET
25020,2026-08-21 06:33:13.568,-1,2.0,3.0,3.276315999999497,4.0,61.644809,47.585774,36.293066,7.055599999999686,5.839100000001054,10,10,False,True,DEV,STOP
25025,2026-08-21 06:33:48.388,-1,3.0,2.0,-1.8876520000012533,3.0,7.603748,28.601421,27.102728,5.782436000001326,6.385932000001048,1,2,False,False,DEV,TARGET
25031,2026-08-21 06:34:56.160,-1,3.0,2.0,-1.9409679999989748,3.0,11.790264,22.477133,24.154704,4.141703999997844,6.270228000001225,1,4,False,False,DEV,TARGET
25032,2026-08-21 06:34:57.576,-1,1.0,4.0,1.2681359999987762,5.0,44.338245,33.979171,29.884768,4.95654000000286,6.521935999997368,5,10,False,False,DEV,TARGET
25033,2026-08-21 06:35:00.272,-1,2.0,3.0,2.986327999999048,4.0,58.76473,43.230396,35.336579,6.020376000000397,6.8870999999999185,10,10,False,True,DEV,TARGET
25035,2026-08-21 06:35:03.316,-1,0.0,5.0,1.1275319999986095,4.0,59.732638,47.10194,38.491584,6.868540000003122,7.364951999999903,0,0,False,True,DEV,TARGET
25036,2026-08-21 06:35:20.056,-1,4.0,1.0,1.3214120000011462,2.0,57.254987,46.939609,38.772394,7.474975999997696,7.687732000002143,1,10,False,True,DEV,STOP
25038,2026-08-21 06:35:35.072,-1,3.0,2.0,-2.212972000001173,1.0,48.074002,44.401891,37.923671,7.271036000001914,7.965531999998348,0,0,False,True,DEV,TARGET
25040,2026-08-21 06:35:48.368,-1,3.0,2.0,-2.5362439999989874,1.0,35.242023,39.800301,35.763574,6.969387999997707,8.16533999999956,0,0,False,False,DEV,STOP
25062,2026-08-21 06:39:19.540,-1,0.0,5.0,1.2074399999983143,6.0,39.758632,12.071124,14.009533,0.4929360000023735,3.729295999997703,3,10,False,False,DEV,TARGET
25077,2026-08-21 06:41:38.124,1,3.0,2.0,-1.293603999998595,3.0,28.670347,22.994049,10.92096,3.300336000000243,0.1326359999984561,1,1,False,False,DEV,STOP
25083,2026-08-21 06:42:46.084,1,4.0,1.0,-1.8211279999995895,2.0,25.238003,20.287476,11.600037,2.918023999998695,0.9992160000001604,1,1,False,False,DEV,STOP
25088,2026-08-21 06:43:39.956,-1,5.0,0.0,2.143027999998594,1.0,64.332475,36.314599,18.764881,2.477264000001014,0.3063560000009602,10,10,False,False,DEV,STOP
25092,2026-08-21 06:44:29.092,-1,4.0,1.0,-1.8909600000006321,2.0,23.997637,20.156421,11.563364,2.9604360000012093,1.010943999997835,1,1,False,False,DEV,STOP
25182,2026-08-21 07:01:22.096,1,2.0,3.0,-1.4757239999999001,2.0,51.730585,36.319915,18.396731,4.28838800000085,0.03825599999981932,0,0,False,False,DEV,STOP
25184,2026-08-21 07:01:51.804,1,2.0,3.0,-1.9174119999988761,2.0,39.221621,32.15329,17.147926,4.523647999998502,0.6394600000021455,0,0,False,False,DEV,STOP
25191,2026-08-21 07:03:36.032,1,3.0,2.0,-1.81271199999901,3.0,14.404779,11.101586,6.785408,1.7173559999973804,0.8146760000017821,3,4,False,False,DEV,TARGET
25194,2026-08-21 07:04:34.464,1,2.0,3.0,-1.1958279999998922,4.0,24.751576,16.613712,10.227914,2.2053520000008575,1.1684999999997672,1,1,False,False,DEV,TARGET
25195,2026-08-21 07:04:44.068,1,3.0,2.0,0.29213199999867356,3.0,43.566685,26.004833,15.532251,2.9966280000007828,1.4901280000012775,9,10,False,False,DEV,TARGET
25198,2026-08-21 07:05:08.424,1,1.0,4.0,1.9166000000004715,5.0,48.370949,33.205475,21.093429,4.408607999997912,2.296468000000459,1,10,False,True,DEV,TARGET
25199,2026-08-21 07:05:21.960,1,0.0,5.0,5.046244000001025,6.0,63.276505,45.061718,29.539693,5.892948000000615,2.913007999999536,10,10,False,True,DEV,TARGET
25200,2026-08-21 07:05:52.364,1,4.0,1.0,4.369299999998475,2.0,68.260252,51.753445,35.541985,7.134756000003108,3.5304120000000694,10,10,False,True,DEV,TARGET
25202,2026-08-21 07:06:18.984,1,0.0,5.0,2.5690839999988384,4.0,65.148037,53.012611,38.20663,8.387148000001616,4.534639999998035,0,0,False,True,DEV,TARGET
25203,2026-08-21 07:06:34.452,1,4.0,1.0,2.442620000001625,2.0,63.152128,53.022034,38.95659,9.07711599999675,5.089140000000043,1,10,False,True,DEV,TARGET
25204,2026-08-21 07:06:43.960,1,0.0,5.0,5.455372000000352,6.0,67.593791,57.033853,43.035863,10.262783999998646,5.808020000000397,10,10,True,True,DEV,STOP
25210,2026-08-21 07:08:53.732,1,4.0,1.0,-3.587048000001232,2.0,-10.816586,29.012179,27.922745,6.635916000002908,6.6865839999991294,1,1,False,False,DEV,TARGET
25217,2026-08-21 07:10:44.704,1,1.0,4.0,0.15714400000069872,5.0,29.26653,26.015551,25.794211,4.105144000001019,6.334515999998985,4,5,False,False,DEV,STOP
25242,2026-08-21 07:16:26.088,-1,1.0,4.0,-0.7588480000013078,5.0,12.232302,19.79668,13.799699,3.6688480000011623,2.095076000001427,1,4,False,False,DEV,STOP
25247,2026-08-21 07:17:28.228,-1,2.0,3.0,-1.5961999999999534,4.0,1.440012,8.440583,8.33267,1.9404519999989134,1.9949680000027001,2,3,False,False,DEV,TARGET
25253,2026-08-21 07:19:48.028,-1,4.0,1.0,-0.8772119999994175,2.0,36.137665,21.690419,15.382139,2.5765879999999015,2.3599119999998948,1,9,False,False,DEV,TARGET
25255,2026-08-21 07:20:19.584,-1,0.0,5.0,0.00020399999993969686,4.0,47.730827,30.653507,20.912465,3.5037479999991774,2.7787680000001274,0,0,False,True,DEV,TARGET
25258,2026-08-21 07:21:39.092,-1,1.0,4.0,1.0398759999989124,5.0,44.618646,32.690868,23.212705,4.538784000000305,3.4174679999996442,1,10,False,False,DEV,STOP
25270,2026-08-21 07:24:02.832,1,3.0,2.0,0.7278359999982058,3.0,45.549903,31.748506,15.907143,4.249084000002767,0.28818799999862676,3,4,False,False,DEV,STOP
25292,2026-08-21 07:31:50.204,-1,4.0,1.0,-2.390447999998287,2.0,24.146092,19.518216,11.079379,2.7151279999998224,0.9088599999995495,1,1,False,False,DEV,TARGET
25295,2026-08-21 07:32:05.812,-1,3.0,2.0,-2.111003999998502,3.0,13.505833,15.648756,9.908331,2.595315999999002,1.22519199999806,1,1,False,False,DEV,TARGET
25301,2026-08-21 07:33:59.168,-1,2.0,3.0,-0.9912560000011581,4.0,19.152265,16.801415,11.771949,2.65038800000184,1.8170800000007148,1,4,False,False,DEV,TARGET
25304,2026-08-21 07:34:53.032,-1,4.0,1.0,-1.6255160000000615,2.0,28.57947,21.954335,15.204654,3.075351999999839,2.21103199999925,1,1,False,False,DEV,TARGET
25305,2026-08-21 07:35:02.212,-1,1.0,4.0,1.5134880000005069,5.0,49.344552,32.518249,21.397336,4.020359999998618,2.5913000000000466,8,10,False,True,DEV,TARGET
25306,2026-08-21 07:35:51.960,-1,3.0,2.0,2.399379999998928,3.0,58.72632,40.470259,26.893881,5.051760000002105,3.0416519999998854,10,10,False,True,DEV,TARGET
25307,2026-08-21 07:36:01.700,-1,1.0,4.0,4.643960000001243,5.0,65.976003,48.532707,33.314491,6.4110879999971075,3.6341040000006615,10,10,False,True,DEV,STOP
25309,2026-08-21 07:36:26.120,-1,1.0,4.0,0.7475799999992887,3.0,62.040433,49.299392,35.345279,7.215815999999904,4.401716000000306,0,0,False,True,DEV,STOP
25311,2026-08-21 07:36:54.256,-1,4.0,1.0,-3.9428200000002107,-0.0,37.865885,39.850953,30.063263,6.529436000000715,4.750803999999334,0,0,False,False,DEV,TARGET
25312,2026-08-21 07:37:53.644,-1,0.0,0.0,1.6000280000007479,1.0,20.932745,34.524169,27.334838,6.299660000000586,4.914695999999822,1,1,False,False,DEV,STOP
25324,2026-08-21 07:41:32.684,-1,2.0,3.0,-1.477576000001136,4.0,14.580228,13.830889,16.152877,2.242288000001281,4.302604000000429,2,3,False,False,DEV,TARGET
25325,2026-08-21 07:42:06.172,-1,1.0,4.0,1.628551999998308,5.0,45.486395,27.466898,22.883043,3.2749840000033146,4.5729039999969245,4,10,False,False,DEV,STOP
25342,2026-08-21 07:46:35.620,1,1.0,4.0,0.22776800000065123,3.0,52.600853,36.151823,18.860733,4.39964400000099,0.3692959999971208,0,0,False,False,DEV,TARGET
25348,2026-08-21 07:48:49.044,1,3.0,2.0,-0.413167999999132,3.0,30.598716,26.500241,16.098578,4.1213559999996505,1.641992000000755,3,3,False,False,DEV,TARGET
25349,2026-08-21 07:49:32.636,1,4.0,1.0,0.123092000001634,2.0,50.210713,35.955877,22.195914,4.728443999996671,2.0143240000033984,4,5,False,True,DEV,TARGET
25351,2026-08-21 07:49:54.128,1,0.0,5.0,0.6053280000014638,4.0,53.002569,40.211745,26.207913,5.566611999998713,2.701543999999558,0,0,False,True,DEV,TARGET
25352,2026-08-21 07:50:32.984,1,2.0,3.0,2.470811999999569,4.0,57.184265,43.963258,29.441799,6.487371999999596,3.214380000001256,1,10,False,True,DEV,STOP
25354,2026-08-21 07:51:14.888,1,3.0,2.0,-2.1225960000010673,1.0,51.175064,43.262297,30.299469,6.471204000001308,3.7718559999993886,0,0,False,True,DEV,TARGET
25359,2026-08-21 07:52:34.780,1,2.0,3.0,-0.9387879999994766,4.0,15.202844,25.923752,21.496726,4.847588000000542,4.250391999998101,1,5,False,False,DEV,TARGET
25360,2026-08-21 07:52:46.236,1,1.0,4.0,2.047608000000764,5.0,49.583772,38.444868,28.737467,5.748487999997451,4.650972000003094,6,10,False,True,DEV,STOP
25362,2026-08-21 07:53:16.356,1,0.0,5.0,0.559664000000339,4.0,56.319023,44.395785,33.423131,6.411751999999979,5.207903999998962,0,0,False,True,DEV,STOP
25368,2026-08-21 07:55:50.124,1,1.0,4.0,-0.756892000001244,5.0,12.272411,19.835829,20.376656,3.6750400000019,5.046932000001107,3,3,False,False,DEV,TARGET
25369,2026-08-21 07:55:56.028,1,0.0,5.0,2.9668600000004517,6.0,50.340221,35.191633,28.363434,4.837835999998788,5.41665600000124,5,10,False,True,DEV,TARGET
25371,2026-08-21 07:56:36.728,1,0.0,5.0,1.7206919999989623,4.0,61.487387,45.874955,35.601502,6.104404000001523,5.992075999998633,0,0,False,True,DEV,TARGET
25372,2026-08-21 07:56:45.404,1,2.0,3.0,3.338316000001214,4.0,61.942494,47.946684,37.463794,7.140771999998833,6.4432919999999285,1,10,False,True,DEV,TARGET
25374,2026-08-21 07:57:50.216,1,0.0,5.0,3.1552799999990384,4.0,65.44245,53.427764,42.378811,8.626220000001922,7.2983319999984815,0,0,True,True,DEV,TARGET
25376,2026-08-21 07:58:43.080,1,2.0,3.0,0.8840559999989637,2.0,61.826948,53.425755,43.390033,9.313404000000446,8.02925200000027,0,0,True,True,DEV,TARGET
25377,2026-08-21 07:59:19.392,1,1.0,4.0,3.4653760000001057,5.0,62.19956,54.461259,44.615956,10.116288000001077,8.538115999999718,1,10,True,True,DEV,TARGET
25694,2026-08-21 11:06:57.812,-1,1.0,4.0,-0.1386960000018007,5.0,24.200558,16.151466,18.252881,2.3061320000015257,4.818308000001707,3,6,False,False,DEV,TARGET
25695,2026-08-21 11:07:20.392,-1,1.0,4.0,2.669903999998496,5.0,52.696457,31.512732,25.95716,3.5241400000013527,5.125592000000324,7,10,False,True,DEV,STOP
25697,2026-08-21 11:10:00.120,-1,0.0,5.0,0.3311759999996866,4.0,56.486159,38.641171,30.544436,4.43786000000182,5.446439999999711,0,0,False,True,DEV,STOP
25701,2026-08-21 11:14:49.608,-1,3.0,2.0,-2.149647999998706,3.0,17.792918,23.896532,23.359044,4.047963999997592,5.5424480000001495,1,1,False,False,DEV,STOP
25707,2026-08-21 11:24:01.028,-1,5.0,0.0,-4.8235920000006445,1.0,-18.880134,1.271406,11.389077,1.3082920000015292,4.547867999997834,1,1,False,False,DEV,TARGET
25708,2026-08-21 11:25:47.252,-1,4.0,1.0,-3.3072399999982736,2.0,5.958885,8.740875,14.515003,1.5131639999999607,4.511639999996987,2,2,False,False,DEV,TARGET
25709,2026-08-21 11:28:45.928,-1,1.0,4.0,0.20548000000053435,5.0,33.971147,19.533916,19.459299,2.3439719999987574,4.6693840000007185,6,10,False,False,DEV,TARGET
25710,2026-08-21 11:30:21.212,-1,4.0,1.0,0.6042640000014217,2.0,49.975394,29.527307,24.565648,3.1812319999989995,4.875739999999496,10,10,False,False,DEV,TARGET
25711,2026-08-21 11:31:19.496,-1,1.0,4.0,3.2477599999983795,5.0,61.146814,40.066853,30.796952,4.434896000002482,5.246768000000884,10,10,False,True,DEV,STOP
25712,2026-08-21 11:33:05.704,-1,5.0,0.0,2.1927040000009583,1.0,63.483676,44.629095,34.107755,5.395339999999123,5.599048000000039,10,10,False,True,DEV,STOP
25728,2026-08-21 11:57:28.280,1,2.0,3.0,0.6719080000002577,2.0,60.775835,49.243118,28.433211,7.546487999999954,0.5064559999991616,0,0,False,False,DEV,TARGET
25729,2026-08-21 11:58:49.536,1,2.0,3.0,2.5225959999988845,4.0,60.404812,50.212892,30.352112,8.318328000001202,1.1888360000011744,1,10,False,False,DEV,TARGET
25730,2026-08-21 11:59:46.500,1,2.0,3.0,3.962019999999029,4.0,64.643676,53.900955,34.734686,9.291628000002675,1.951415999999881,10,10,False,True,DEV,TARGET
25731,2026-08-21 11:59:56.200,1,2.0,3.0,5.0815719999991416,4.0,68.434121,57.697309,39.454457,10.391783999999461,2.7824880000007397,10,10,False,True,DEV,TARGET
25732,2026-08-21 12:00:09.788,1,2.0,3.0,5.952332000000752,4.0,70.707524,60.605946,43.458544,11.563156000000163,3.6715000000003783,10,10,True,True,DEV,STOP
25734,2026-08-21 12:01:31.120,1,0.0,5.0,2.316844000000856,4.0,66.083821,59.641379,44.340835,12.034663999998884,4.9725800000014715,0,0,True,True,DEV,STOP
25753,2026-08-21 12:28:45.576,1,4.0,1.0,-3.2636319999983243,2.0,-3.989291,5.97467,13.23976,1.5632559999976365,4.502496000000974,1,1,False,False,DEV,TARGET
25756,2026-08-21 12:30:35.732,1,1.0,4.0,1.655107999999018,5.0,45.765562,26.92046,22.991995,3.121180000001914,4.752904000000854,1,10,False,False,DEV,STOP
25763,2026-08-21 12:37:47.556,1,3.0,2.0,-2.6336320000009437,3.0,-2.925305,5.298336,11.797907,1.4459600000009232,4.021759999999631,1,3,False,False,DEV,TARGET
25764,2026-08-21 12:38:21.536,1,1.0,4.0,0.7293959999988147,5.0,37.778186,20.739282,19.007422,2.377943999999843,4.223452000001998,5,6,False,False,DEV,STOP
25768,2026-08-21 12:43:55.052,1,2.0,3.0,-1.2933559999983117,4.0,7.898819,12.159772,14.926889,2.3456919999989623,4.112795999997616,1,2,False,False,DEV,TARGET
25769,2026-08-21 12:44:13.180,1,1.0,4.0,1.7718319999985397,5.0,46.960089,28.586041,23.077033,3.396316000002116,4.402271999999357,3,10,False,False,DEV,TARGET
25770,2026-08-21 12:45:08.000,1,3.0,2.0,2.6003160000000207,3.0,59.852362,39.396588,29.519271,4.5143800000005285,4.766687999999704,10,10,False,True,DEV,TARGET
25774,2026-08-21 12:47:50.580,1,1.0,4.0,2.3125079999990703,5.0,51.863829,41.061233,32.211228,6.299520000000484,5.756536000000779,1,10,False,True,DEV,TARGET
25775,2026-08-21 12:48:03.632,1,1.0,4.0,4.576391999999032,5.0,63.74872,49.595401,38.248985,7.546672000000399,6.289872000001196,10,10,False,True,DEV,STOP
25776,2026-08-21 12:49:23.516,1,5.0,0.0,3.2260840000017197,1.0,67.311312,53.955849,42.024687,8.447135999998864,6.782343999999284,10,10,True,True,DEV,STOP
25794,2026-08-21 12:55:00.568,-1,1.0,4.0,5.392855999998574,5.0,67.625048,54.548474,32.638812,8.84838000000309,0.3737519999995129,10,10,False,False,DEV,TARGET
25795,2026-08-21 12:55:02.984,-1,2.0,3.0,6.194444000000658,4.0,70.679861,58.607884,38.142521,10.187495999998646,1.3069680000007793,10,10,False,False,DEV,STOP
25807,2026-08-21 12:59:33.080,-1,0.0,5.0,0.7956999999987602,6.0,21.394172,6.219392,5.73344,0.7155120000024908,1.3708599999990838,5,7,False,False,DEV,TARGET
25808,2026-08-21 12:59:40.164,-1,4.0,1.0,1.063320000001113,2.0,51.732107,24.081095,14.917154,1.7669959999984712,1.6642240000001038,8,8,False,False,DEV,TARGET
25809,2026-08-21 12:59:41.320,-1,1.0,4.0,3.604803999998694,5.0,62.837618,37.156244,23.068554,3.199088000001211,2.1222359999992477,9,10,False,True,DEV,TARGET
25810,2026-08-21 12:59:45.032,-1,0.0,5.0,6.359292000001005,6.0,68.029832,46.229835,30.076024,5.020287999999709,2.765132000000449,10,10,False,True,DEV,TARGET
25811,2026-08-21 12:59:50.032,-1,2.0,3.0,6.946115999999165,4.0,71.786301,53.680566,36.961044,6.803095999999641,3.487864000002446,10,10,False,True,DEV,STOP
25815,2026-08-21 12:59:58.960,-1,3.0,2.0,-2.3673799999996845,1.0,43.841051,44.460615,33.249306,7.752615999997943,5.0521760000010545,0,0,False,False,DEV,TARGET
26822,2026-08-24 06:31:00.224,-1,1.0,4.0,4.697931999999128,5.0,64.25067,53.951235,37.925914,9.526907999999821,3.973948000002565,10,10,False,True,HOLD,TARGET
26823,2026-08-24 06:31:01.644,-1,3.0,2.0,4.87616799999887,3.0,68.780183,58.165591,42.570053,10.570687999999791,4.724528000002465,10,10,True,True,HOLD,TARGET
26824,2026-08-24 06:31:03.340,-1,0.0,0.0,8.45924400000149,1.0,69.466363,59.852808,45.005934,11.271859999997105,5.41395200000261,10,10,True,True,HOLD,STOP
26828,2026-08-24 06:31:18.440,-1,2.0,3.0,-0.6901919999982056,4.0,24.713705,43.978671,35.299816,9.347899999997026,6.573240000001533,1,2,False,False,HOLD,STOP
26840,2026-08-24 06:32:22.920,-1,3.0,2.0,-1.1117799999992712,3.0,23.00323,5.638385,12.187262,0.293283999999403,4.139768000000913,5,5,False,False,HOLD,TARGET
26845,2026-08-24 06:32:56.204,-1,1.0,4.0,2.5547479999986535,5.0,53.764671,31.366957,24.7138,3.2964439999996102,4.523324000001594,1,10,False,True,HOLD,TARGET
26846,2026-08-24 06:33:02.956,-1,2.0,3.0,3.9870279999995546,4.0,63.710587,42.224027,31.471903,4.676068000000669,4.951635999997961,10,10,False,True,HOLD,TARGET
26847,2026-08-24 06:33:09.204,-1,2.0,3.0,5.101019999998243,4.0,68.490461,49.757828,37.16417,6.1490280000034545,5.477831999996852,10,10,False,True,HOLD,TARGET
26848,2026-08-24 06:33:11.540,-1,1.0,4.0,6.745240000000194,5.0,71.194182,55.104675,41.932183,7.804803999999422,6.129683999999543,10,10,True,True,HOLD,TARGET
26849,2026-08-24 06:33:28.132,-1,2.0,3.0,7.246296000001166,4.0,72.881946,59.02135,45.929169,9.4197439999989,6.84977599999911,10,10,True,True,HOLD,STOP
26854,2026-08-24 06:34:03.504,-1,5.0,0.0,-2.621104000001651,1.0,16.369412,39.505733,35.236546,8.186528000002,7.986904000001232,1,1,False,False,HOLD,TARGET
26859,2026-08-24 06:35:00.772,-1,1.0,4.0,-0.048144000000320375,5.0,25.799019,34.201684,32.793084,6.33259199999884,8.099936000002344,1,7,False,False,HOLD,TARGET
26860,2026-08-24 06:35:10.788,-1,4.0,1.0,0.4069999999992433,2.0,48.156121,41.730969,36.860292,6.814691999999923,8.324088000001211,8,9,False,True,HOLD,STOP
26882,2026-08-24 06:38:26.696,-1,0.0,5.0,1.9872560000003432,6.0,48.353089,17.683805,15.191344,0.8211840000003576,3.1394560000007914,2,10,False,False,HOLD,TARGET
26883,2026-08-24 06:38:26.700,-1,0.0,5.0,5.101200000000972,6.0,62.385264,33.689655,23.935956,2.6025640000007115,3.5795079999988957,10,10,False,True,HOLD,TARGET
26884,2026-08-24 06:38:26.960,-1,3.0,2.0,5.1898199999995995,3.0,68.947204,45.379167,31.904782,4.257644000001164,4.079600000000937,10,10,False,True,HOLD,STOP
26885,2026-08-24 06:38:27.664,-1,4.0,1.0,4.480972000001202,2.0,70.573251,50.787868,36.573112,5.6506960000006075,4.590415999999095,10,10,False,True,HOLD,STOP
26903,2026-08-24 06:40:19.080,-1,1.0,4.0,1.1572239999986778,5.0,36.689076,16.944026,16.649501,1.7810320000025968,3.964167999998608,6,8,False,False,HOLD,STOP
26919,2026-08-24 06:42:22.564,-1,4.0,1.0,-0.7632640000010724,2.0,37.702755,10.350506,6.75348,0.19200800000180607,0.9441239999978279,1,10,False,False,HOLD,TARGET
26920,2026-08-24 06:42:30.656,-1,4.0,1.0,-0.14920400000119116,2.0,50.048097,20.875029,12.31725,1.0636479999993753,1.169292000002315,10,10,False,False,HOLD,TARGET
26921,2026-08-24 06:42:34.284,-1,2.0,3.0,1.8839520000001357,4.0,56.678215,29.431162,17.451221,2.2373359999983222,1.5277920000007725,10,10,False,False,HOLD,TARGET
26922,2026-08-24 06:42:37.128,-1,1.0,4.0,4.243072000001121,5.0,63.410724,39.089928,24.028552,3.748515999999654,2.0438040000008186,10,10,False,True,HOLD,TARGET
26923,2026-08-24 06:42:49.544,-1,3.0,2.0,4.522391999998945,3.0,67.737474,46.86713,30.336397,5.189868000001297,2.615859999998065,10,10,False,True,HOLD,TARGET
26924,2026-08-24 06:43:02.584,-1,2.0,3.0,5.517415999998775,4.0,70.273624,52.474043,35.720623,6.697864000001573,3.2764439999991737,10,10,False,True,HOLD,TARGET
26926,2026-08-24 06:43:15.128,-1,1.0,4.0,2.485843999998906,3.0,66.909244,53.633242,38.378488,8.152368000002753,4.3139719999999215,0,0,False,True,HOLD,TARGET
26928,2026-08-24 06:43:33.004,-1,2.0,3.0,0.4790920000014012,2.0,59.75669,51.475985,38.074035,8.750691999997798,5.186668000002101,0,0,False,True,HOLD,TARGET
26933,2026-08-24 06:44:22.368,-1,0.0,5.0,2.8443159999987984,6.0,51.462771,48.141562,38.097151,8.992136000000755,6.808759999999893,1,10,False,True,HOLD,TARGET
26934,2026-08-24 06:44:22.568,-1,1.0,4.0,4.990023999998812,5.0,64.404789,54.975599,43.51169,10.099512000000686,7.432332000000315,10,10,True,True,HOLD,TARGET
26936,2026-08-24 06:44:33.928,-1,0.0,5.0,2.33964399999968,4.0,65.240522,57.404984,46.540118,10.804936000000453,8.33485600000131,0,0,True,True,HOLD,TARGET
26937,2026-08-24 06:44:49.988,-1,4.0,1.0,2.2641680000015185,2.0,62.3482,56.639199,46.48131,11.268847999999707,8.829576000000088,1,10,True,True,HOLD,TARGET
26938,2026-08-24 06:44:57.220,-1,1.0,4.0,4.53879600000073,5.0,66.495021,59.396409,49.128315,12.111575999999332,9.443100000000413,10,10,True,True,HOLD,TARGET
26939,2026-08-24 06:44:59.932,-1,2.0,3.0,5.5301760000002105,4.0,68.985768,61.590724,51.430765,13.068168000001606,10.11891199999809,10,10,True,True,HOLD,STOP
27049,2026-08-24 07:01:27.184,1,1.0,4.0,1.7519959999990533,5.0,46.760748,24.341509,17.950688,2.4396400000005087,2.976856000001135,1,10,False,False,HOLD,TARGET
27050,2026-08-24 07:01:35.740,1,1.0,4.0,4.1404399999992165,5.0,61.789222,38.292219,26.301822,3.9158640000023297,3.4389119999977993,10,10,False,True,HOLD,TARGET
27051,2026-08-24 07:01:46.520,1,2.0,3.0,5.220344000001205,4.0,68.094844,47.718602,33.340667,5.471455999999307,3.999683999998524,10,10,False,True,HOLD,STOP
27064,2026-08-24 07:02:54.632,-1,0.0,5.0,1.8600919999989856,4.0,60.916428,47.175619,26.584252,6.777232000000367,0.42875999999887426,0,0,False,False,HOLD,TARGET
27066,2026-08-24 07:02:54.988,-1,0.0,0.0,0.9524039999996603,-1.0,43.708542,40.76295,23.572068,6.284628000001248,1.0942479999976058,0,0,False,False,HOLD,TARGET
27072,2026-08-24 07:03:45.004,-1,1.0,4.0,1.888016000000789,5.0,48.098367,42.268394,28.473667,7.122559999999794,3.295955999998114,1,10,False,True,HOLD,NONE
27074,2026-08-24 07:04:07.488,-1,1.0,4.0,-0.9195959999997285,3.0,51.530308,44.961156,31.622298,7.152547999998205,3.9327480000029027,0,0,False,True,HOLD,STOP
27075,2026-08-24 07:04:15.620,-1,3.0,2.0,0.5069799999982934,3.0,48.417272,44.18908,31.705192,7.587336000000505,4.3590040000017325,1,10,False,True,HOLD,STOP
27090,2026-08-24 07:06:56.752,-1,1.0,4.0,-0.6017040000006091,3.0,44.90917,24.669234,20.500823,2.3653960000010557,3.9926919999998063,0,0,False,False,HOLD,TARGET
27091,2026-08-24 07:07:35.572,-1,5.0,0.0,-0.8013240000000224,1.0,46.979826,27.888734,22.368433,2.943920000001526,4.152751999998145,1,1,False,False,HOLD,TARGET
27092,2026-08-24 07:07:56.772,-1,5.0,0.0,-0.956583999999566,1.0,50.284578,31.807879,24.737748,3.4477719999995315,4.321987999999692,2,2,False,True,HOLD,TARGET
27093,2026-08-24 07:08:16.504,-1,5.0,0.0,-1.077344000001176,1.0,49.200881,33.048001,25.729149,3.889236000002711,4.498808000000281,10,10,False,True,HOLD,TARGET
27094,2026-08-24 07:08:26.160,-1,5.0,0.0,-1.1712679999982356,1.0,48.323799,34.158908,26.666357,4.278207999999722,4.68177199999991,10,10,False,True,HOLD,TARGET
27095,2026-08-24 07:08:47.896,-1,4.0,1.0,-0.4665400000012596,2.0,49.479105,36.164337,28.138098,4.764928000000509,4.910375999999815,10,10,False,True,HOLD,TARGET
27096,2026-08-24 07:09:01.424,-1,5.0,0.0,-0.6961999999984982,1.0,50.341555,37.923079,29.515065,5.170715999996901,5.137824000001274,10,10,False,True,HOLD,STOP
27097,2026-08-24 07:09:28.340,-1,3.0,2.0,0.6807359999984328,3.0,54.124024,41.244149,31.896091,5.795820000003005,5.445103999998537,10,10,False,True,HOLD,STOP
27108,2026-08-24 07:11:56.668,-1,2.0,3.0,-0.9992239999992307,4.0,23.728028,20.019114,20.366424,3.011099999999715,4.975087999999232,1,9,False,False,HOLD,TARGET
27109,2026-08-24 07:12:49.108,-1,4.0,1.0,-0.33272800000122515,2.0,43.059762,28.746246,24.761366,3.6236559999997553,5.14752800000133,10,10,False,False,HOLD,STOP
27110,2026-08-24 07:13:01.032,-1,3.0,2.0,0.9634320000004664,3.0,54.335617,36.673245,29.283962,4.424220000000787,5.4061559999972815,10,10,False,True,HOLD,STOP
27115,2026-08-24 07:14:07.692,-1,5.0,0.0,-4.589452000000165,1.0,-23.971571,3.647653,12.971357,2.124712000000727,4.817520000000513,1,1,False,False,HOLD,STOP
27143,2026-08-24 07:21:30.748,1,1.0,4.0,1.4987320000000182,5.0,44.081065,28.643607,14.881394,3.683175999998639,0.6164680000001681,1,10,False,False,HOLD,TARGET
27144,2026-08-24 07:21:45.312,1,2.0,3.0,3.165679999998247,4.0,59.771151,40.337106,23.037406,4.88167600000088,1.1706919999996899,10,10,False,False,HOLD,TARGET
27145,2026-08-24 07:22:02.856,1,2.0,3.0,4.462196000000404,4.0,66.481128,48.439903,30.049547,6.221371999999974,1.8200440000000526,10,10,False,True,HOLD,STOP
27147,2026-08-24 07:22:37.304,1,3.0,2.0,0.2919479999982286,1.0,62.944407,49.764679,32.967119,7.20982400000139,2.7704999999987194,0,0,False,True,HOLD,TARGET
27160,2026-08-24 07:27:40.860,-1,5.0,0.0,-1.121080000000802,1.0,43.58129,33.271308,17.098215,4.603588000001764,0.36795599999823025,1,1,False,False,HOLD,STOP
27166,2026-08-24 07:30:01.184,-1,3.0,2.0,-1.6547199999986333,3.0,7.16078,8.689814,4.84477,1.7133639999992738,0.49565199999778997,3,3,False,False,HOLD,STOP
27170,2026-08-24 07:30:46.168,1,2.0,3.0,1.5471719999986817,4.0,54.360639,23.663116,11.283708,1.2442680000021937,0.1558599999989383,5,10,False,False,HOLD,TARGET
27171,2026-08-24 07:30:53.244,1,1.0,4.0,3.981132000000798,5.0,62.236836,34.856399,18.546109,2.7869919999975536,0.6714400000018941,10,10,False,False,HOLD,TARGET
27173,2026-08-24 07:31:23.784,1,0.0,5.0,3.5441439999995055,4.0,66.810382,46.405349,28.385629,5.096396000000823,1.6856399999996938,0,0,False,True,HOLD,TARGET
27174,2026-08-24 07:31:45.828,1,0.0,0.0,7.423220000000583,1.0,65.417671,47.716175,30.308089,6.0460800000000745,2.2166360000010172,1,1,False,True,HOLD,TARGET
27175,2026-08-24 07:32:38.440,1,1.0,4.0,3.106951999998273,3.0,66.435601,50.773724,33.671321,7.044804000001022,2.801400000000285,0,0,False,True,HOLD,TARGET
27176,2026-08-24 07:33:05.040,1,3.0,2.0,3.6387399999985064,3.0,66.517829,52.720081,36.188164,8.060872000001837,3.431851999997889,1,10,False,True,HOLD,TARGET
27177,2026-08-24 07:33:34.588,1,3.0,2.0,4.052351999998791,3.0,67.853301,55.380935,39.36991,9.07129200000054,4.100704000000405,10,10,True,True,HOLD,TARGET
27180,2026-08-24 07:34:50.664,1,0.0,5.0,1.160435999998299,4.0,58.481025,53.292982,39.991164,9.939428000001499,5.60797200000161,0,0,False,True,HOLD,TARGET
27181,2026-08-24 07:35:12.712,1,5.0,0.0,0.5692280000002938,1.0,56.141666,52.726738,40.203057,10.162648000001354,6.085455999997066,1,1,False,True,HOLD,TARGET
27183,2026-08-24 07:36:09.316,1,3.0,2.0,-2.6680000000014843,1.0,43.313918,48.606457,38.386848,9.364260000002105,6.634927999999491,0,0,False,False,HOLD,TARGET
27188,2026-08-24 07:36:59.080,1,1.0,4.0,0.634728000000905,5.0,39.854969,43.820961,36.979601,8.299579999998969,7.687588000000687,1,10,False,False,HOLD,STOP
27190,2026-08-24 07:38:34.228,1,3.0,2.0,-2.6283760000005714,1.0,43.761441,44.723551,38.115896,7.803176000001258,7.9759759999979,0,0,False,False,HOLD,TARGET
27196,2026-08-24 07:41:20.088,1,2.0,3.0,-1.77444000000105,4.0,3.063195,23.780391,27.46807,4.897616000002017,7.680627999998251,1,3,False,False,HOLD,TARGET
27197,2026-08-24 07:41:26.992,1,1.0,4.0,1.3976560000010068,5.0,42.938514,35.956842,33.278295,5.6756639999985055,7.914648000001762,5,10,False,False,HOLD,TARGET
27198,2026-08-24 07:41:55.664,1,1.0,4.0,3.864843999999721,5.0,60.406279,46.142405,39.131905,6.842612000000372,8.300591999999597,10,10,True,True,HOLD,STOP
27218,2026-08-24 07:49:27.272,1,4.0,1.0,-1.7976479999997537,2.0,29.916985,11.016738,14.042353,0.7415880000007746,3.887063999998645,1,1,False,False,HOLD,TARGET
27219,2026-08-24 07:50:03.048,1,2.0,3.0,0.6018279999989318,4.0,46.127198,21.427135,19.028295,1.7065959999999905,4.058619999999792,2,10,False,False,HOLD,STOP
27232,2026-08-24 07:57:25.076,1,1.0,4.0,3.7397759999985283,5.0,58.291694,25.377781,16.027003,1.2956800000029034,1.909483999999793,10,10,False,False,HOLD,STOP
27558,2026-08-24 11:11:21.396,1,1.0,4.0,1.9344119999987015,3.0,63.924033,51.998051,29.832323,8.184696000000258,0.01202000000193948,0,0,False,False,HOLD,TARGET
27560,2026-08-24 11:13:02.088,1,1.0,4.0,-0.28659200000038254,3.0,54.476909,48.711408,29.074772,8.304204000000027,1.0630640000017593,0,0,False,False,HOLD,TARGET
27561,2026-08-24 11:13:57.000,1,2.0,3.0,1.7770960000016203,4.0,54.185042,49.0968,30.391594,8.879107999997359,1.7154240000018035,1,10,False,True,HOLD,TARGET
27562,2026-08-24 11:14:21.836,1,3.0,2.0,2.604407999999239,3.0,61.194278,53.032743,34.769089,9.559300000000803,2.40903199999957,10,10,False,True,HOLD,TARGET
27563,2026-08-24 11:14:55.008,1,1.0,4.0,4.803427999999258,5.0,66.531701,57.041915,39.483635,10.58718399999998,3.2184919999999693,10,10,True,True,HOLD,TARGET
27564,2026-08-24 11:15:47.272,1,2.0,3.0,5.736000000000786,4.0,69.540286,60.09849,43.48332,11.70335999999952,4.087036000000808,10,10,True,True,HOLD,TARGET
27566,2026-08-24 11:16:22.292,1,1.0,4.0,2.0131360000013956,3.0,66.163814,59.908948,45.08947,12.200339999999414,5.386243999997532,0,0,True,True,HOLD,TARGET
27567,2026-08-24 11:16:25.240,1,1.0,4.0,4.343548000000737,5.0,64.859163,59.840775,45.823008,12.932848000000376,6.162551999997959,1,10,True,True,HOLD,STOP
27572,2026-08-24 11:20:16.648,1,1.0,4.0,-0.8822160000017902,5.0,4.305195,40.193618,34.467662,9.216736000002129,7.361959999998362,1,2,False,False,HOLD,TARGET
27573,2026-08-24 11:21:29.136,1,4.0,1.0,-0.24172399999952177,2.0,41.132895,46.953303,38.775662,9.349480000000767,7.698663999999553,4,4,False,False,HOLD,TARGET
27574,2026-08-24 11:22:00.632,1,2.0,3.0,1.8119919999990088,4.0,56.205641,51.96436,42.477518,9.847143999999389,8.135268000001815,5,10,False,True,HOLD,TARGET
27575,2026-08-24 11:22:07.436,1,1.0,4.0,4.187104000000545,5.0,63.167692,55.762234,45.665213,10.73930399999881,8.699587999999494,10,10,True,True,HOLD,TARGET
27579,2026-08-24 11:26:58.968,1,3.0,2.0,0.6057360000013432,3.0,46.905228,50.480739,43.735568,10.329759999996895,9.81513200000336,1,2,False,True,HOLD,TARGET
27580,2026-08-24 11:27:11.736,1,4.0,1.0,0.9155720000017027,2.0,56.274114,53.578161,46.038789,10.58508399999846,10.161712000000989,3,10,False,True,HOLD,TARGET
27581,2026-08-24 11:28:57.680,1,5.0,0.0,0.3787799999990966,1.0,58.147378,54.594725,47.062097,10.721824000000197,10.476964000001317,10,10,False,True,HOLD,TARGET
27582,2026-08-24 11:30:01.540,1,2.0,3.0,2.294608000000153,4.0,60.540004,55.971655,48.342669,11.197948000000906,10.885891999998421,10,10,True,True,HOLD,TARGET
27583,2026-08-24 11:30:16.920,1,2.0,3.0,3.784692000001087,4.0,63.926286,58.034834,50.138617,11.908455999997386,11.376340000002529,10,10,True,True,HOLD,TARGET
27584,2026-08-24 11:30:21.356,1,1.0,4.0,5.721428000000742,5.0,68.605727,61.22624,52.865738,12.916268000000855,11.978087999999843,10,10,True,True,HOLD,STOP
27613,2026-08-24 12:03:23.764,-1,3.0,2.0,-0.0526480000007723,1.0,58.598559,44.89584,24.947937,6.208384000001388,0.4421599999986938,0,0,False,False,HOLD,TARGET
27617,2026-08-24 12:09:42.176,-1,3.0,2.0,-0.9233959999983199,3.0,30.55954,34.824251,21.076076,6.099731999998767,1.8105719999985013,1,2,False,False,HOLD,STOP
27629,2026-08-24 12:24:14.008,-1,4.0,1.0,-3.5594160000000556,2.0,-15.425918,-0.52354,3.896668,0.9638279999999213,1.7849559999995108,1,2,False,False,HOLD,TARGET
27638,2026-08-24 12:32:54.296,-1,3.0,2.0,-1.7538639999984298,3.0,15.584861,5.83579,5.973298,0.6661480000002484,1.4693919999990612,3,3,False,False,HOLD,TARGET
27639,2026-08-24 12:34:25.128,-1,2.0,3.0,0.6358839999993506,4.0,43.761566,19.834247,13.0207,1.6434159999989788,1.73446800000238,4,10,False,False,HOLD,TARGET
27640,2026-08-24 12:34:59.836,-1,2.0,3.0,2.4945760000009614,4.0,57.33368,32.012594,20.101162,2.8823799999991024,2.1264679999985674,10,10,False,True,HOLD,TARGET
27642,2026-08-24 12:39:47.568,-1,2.0,3.0,0.4843719999989844,2.0,59.785471,39.835365,26.155868,4.292283999999199,2.7638000000006286,0,0,False,True,HOLD,TARGET
27643,2026-08-24 12:41:43.288,-1,1.0,4.0,3.1545120000009774,5.0,60.673114,42.845232,28.822977,5.440011999999115,3.2580679999991844,1,10,False,True,HOLD,TARGET
27645,2026-08-24 12:44:53.244,-1,2.0,3.0,-0.32628399999885005,2.0,58.051693,44.70679,31.403604,6.133487999999488,3.9017839999978605,0,0,False,True,HOLD,TARGET
27646,2026-08-24 12:46:01.368,-1,4.0,1.0,0.19066799999927753,2.0,52.880064,43.146241,30.947749,6.5919600000015635,4.271103999999468,1,1,False,True,HOLD,STOP
27648,2026-08-24 12:48:07.176,-1,3.0,2.0,-1.687128000001394,1.0,48.246846,42.622206,31.688478,6.733544000002439,4.810567999997147,0,0,False,True,HOLD,STOP
27658,2026-08-24 12:51:13.668,-1,2.0,3.0,0.06584400000065216,4.0,32.967688,16.424707,15.955705,1.8236680000009073,3.7303199999987555,6,7,False,False,HOLD,TARGET
27659,2026-08-24 12:52:00.084,-1,3.0,2.0,1.2734359999994922,3.0,52.838396,29.446257,22.708708,2.8249160000013944,3.9873679999982414,8,9,False,False,HOLD,TARGET
27660,2026-08-24 12:52:14.084,-1,0.0,5.0,4.546003999999812,6.0,63.309202,40.893841,29.770032,4.3444799999997485,4.446776000000682,10,10,False,True,HOLD,STOP
27662,2026-08-24 12:53:22.964,-1,1.0,4.0,1.2932599999985541,3.0,63.359011,46.129232,34.286717,5.684444000002259,5.062571999998909,0,0,False,True,HOLD,STOP
27685,2026-08-24 12:59:34.072,-1,2.0,3.0,-1.0777280000002065,2.0,46.01172,21.932807,15.806698,1.6050839999988966,2.4394800000009127,0,0,False,False,HOLD,TARGET
27689,2026-08-24 12:59:56.436,-1,1.0,4.0,-0.7437319999989995,5.0,22.43789,15.45027,13.045842,2.1597279999987222,2.62171600000147,1,2,False,False,HOLD,TARGET
27690,2026-08-24 12:59:58.656,-1,5.0,0.0,-0.9117919999989681,1.0,40.020088,23.794866,17.438946,2.7345079999977315,2.8213600000017323,3,3,False,False,HOLD,STOP
28421,2026-08-25 06:31:21.776,-1,2.0,3.0,-0.7273439999989932,4.0,14.349964,1.374964,6.992021,0.06456400000024587,2.761603999999352,3,4,False,False,HOLD,TARGET
28422,2026-08-25 06:31:23.148,-1,1.0,4.0,2.2120639999993728,5.0,51.025297,21.574606,16.7434,1.378179999999702,3.034116000002541,5,10,False,False,HOLD,STOP
28424,2026-08-25 06:31:45.332,-1,0.0,5.0,1.8690280000009807,4.0,60.961728,36.659558,25.769247,3.2353519999996934,3.546171999998478,0,0,False,True,HOLD,STOP
28439,2026-08-25 06:33:39.380,-1,2.0,3.0,-1.6540039999999863,2.0,45.292328,14.829956,8.650251,0.11392400000113412,0.7855719999970461,0,0,False,False,HOLD,STOP
28445,2026-08-25 06:34:44.360,1,0.0,5.0,0.01427999999941676,4.0,50.210674,31.980421,17.38596,3.518692000001465,0.8063120000006165,0,0,False,False,HOLD,TARGET
28446,2026-08-25 06:34:49.996,1,2.0,3.0,2.011107999998785,4.0,54.038251,36.295152,20.769953,4.519228000001021,1.285835999999108,1,10,False,False,HOLD,STOP
28453,2026-08-25 06:36:13.612,1,4.0,1.0,-3.5154440000005707,2.0,-14.544023,6.164621,6.884761,2.1564160000016273,1.7865719999972498,1,2,False,False,HOLD,STOP
28462,2026-08-25 06:37:48.824,1,4.0,1.0,-1.5480199999983597,2.0,33.784927,9.00486,6.062202,0.10971999999674154,0.8835520000029646,4,4,False,False,HOLD,STOP
28463,2026-08-25 06:37:54.456,1,3.0,2.0,0.0182039999999688,3.0,46.092984,18.38992,10.953626,1.0185600000004342,1.116515999998228,8,8,False,False,HOLD,STOP
28472,2026-08-25 06:39:50.728,-1,2.0,3.0,-0.5737760000010894,4.0,26.743927,18.504877,9.602786,2.5785520000026736,0.5488959999966028,1,3,False,False,HOLD,TARGET
28474,2026-08-25 06:40:17.536,-1,2.0,3.0,-1.976728000001458,2.0,41.643358,27.140355,15.176942,3.052772000002733,0.9721559999998135,0,0,False,False,HOLD,TARGET
28475,2026-08-25 06:40:22.484,-1,4.0,1.0,-1.0930120000011811,2.0,40.021686,27.696736,16.001195,3.5229720000024827,1.2634079999988899,1,1,False,False,HOLD,STOP
28488,2026-08-25 06:42:47.912,-1,2.0,3.0,-1.7525480000003881,4.0,14.154958,3.133351,2.15746,0.19041199999992386,0.381519999999,1,1,False,False,HOLD,TARGET
28489,2026-08-25 06:43:11.308,-1,1.0,4.0,1.4146839999993972,5.0,43.134037,17.590135,9.47612,1.348152000002301,0.710691999996925,10,10,False,False,HOLD,TARGET
28490,2026-08-25 06:43:28.436,-1,1.0,4.0,3.8780880000012985,5.0,60.475553,33.623914,18.951193,2.8637199999975564,1.2033440000013798,10,10,False,False,HOLD,TARGET
28491,2026-08-25 06:43:31.792,-1,1.0,4.0,5.794067999999243,5.0,68.075128,45.336063,27.743823,4.60839599999963,1.8389600000009523,10,10,False,True,HOLD,STOP
28493,2026-08-25 06:43:48.676,-1,0.0,0.0,3.33221599999888,-1.0,61.589152,45.102595,29.287997,5.398828000001231,2.5314160000016273,0,0,False,True,HOLD,STOP
28556,2026-08-25 07:00:40.736,-1,2.0,3.0,-1.5989399999998568,4.0,17.214274,31.858542,30.619747,6.018616000001202,7.437975999997434,1,1,False,False,HOLD,STOP
28565,2026-08-25 07:02:50.596,-1,1.0,4.0,1.4444519999997283,5.0,40.458408,26.915115,26.774736,3.636556000001292,6.656832000000577,3,7,False,False,HOLD,TARGET
28569,2026-08-25 07:03:56.960,-1,2.0,3.0,-0.8001640000002226,4.0,22.733012,23.742934,25.383857,3.915100000001985,6.621479999997973,1,2,False,False,HOLD,TARGET
28570,2026-08-25 07:04:06.600,-1,2.0,3.0,1.377651999999216,4.0,48.760249,34.915334,30.949982,4.768088000000716,6.855916000000434,3,10,False,True,HOLD,STOP
28577,2026-08-25 07:06:57.856,-1,1.0,4.0,0.6853999999984808,5.0,37.182693,28.668112,27.65775,4.1964160000025,6.6743399999977555,1,5,False,False,HOLD,TARGET
28580,2026-08-25 07:07:41.488,-1,1.0,4.0,1.9672040000004927,5.0,51.10191,38.470986,33.156257,5.530783999998675,7.098292000002402,1,10,False,True,HOLD,STOP
28582,2026-08-25 07:08:25.876,-1,3.0,2.0,-2.427247999999963,1.0,48.451295,39.489345,34.193709,5.539944000000105,7.245115999998234,0,0,False,True,HOLD,STOP
28583,2026-08-25 07:08:42.296,-1,4.0,1.0,-1.4434159999982512,2.0,38.783249,36.183063,32.607952,5.747095999999146,7.373432000000321,1,1,False,False,HOLD,STOP
28589,2026-08-25 07:11:47.528,-1,4.0,1.0,-2.336879999998928,2.0,10.351938,14.703242,20.880971,2.6075759999985166,6.291167999999743,3,4,False,False,HOLD,TARGET
28595,2026-08-25 07:13:38.016,-1,1.0,4.0,-0.15873999999894295,5.0,19.120024,16.13633,20.321567,2.629111999998713,5.789068000001862,1,4,False,False,HOLD,STOP
28598,2026-08-25 07:15:27.588,-1,0.0,5.0,0.6674239999993006,6.0,35.92753,25.042533,24.376428,3.4013120000017807,5.8313319999979285,1,10,False,False,HOLD,STOP
28613,2026-08-25 07:21:44.852,-1,0.0,5.0,2.1879679999983637,6.0,47.843328,14.367413,12.583685,0.2648200000003271,2.6787600000025122,7,10,False,False,HOLD,TARGET
28614,2026-08-25 07:22:41.676,-1,3.0,2.0,2.9239720000005036,3.0,60.226363,29.059097,20.371787,1.6925919999994221,3.0000199999994948,10,10,False,False,HOLD,TARGET
28615,2026-08-25 07:22:58.988,-1,4.0,1.0,2.718647999998211,2.0,65.301856,38.818029,26.590938,2.968592000001081,3.3561440000012226,10,10,False,True,HOLD,TARGET
28616,2026-08-25 07:23:21.644,-1,3.0,2.0,3.336724000000686,3.0,66.352501,43.636694,30.349402,4.255536000000575,3.782756000000518,10,10,False,True,HOLD,TARGET
28618,2026-08-25 07:23:54.608,-1,0.0,5.0,1.3394999999982247,4.0,60.851183,43.913738,31.711681,5.459388000002946,4.390815999999177,0,0,False,True,HOLD,STOP
28622,2026-08-25 07:26:09.696,-1,3.0,2.0,-2.594703999999183,3.0,13.993988,27.376353,23.681705,4.976200000000972,4.896767999998701,1,1,False,False,HOLD,TARGET
28628,2026-08-25 07:28:55.988,-1,3.0,2.0,-1.3660520000012184,3.0,18.219376,21.206578,20.628487,3.6010520000018005,4.861543999999412,1,4,False,False,HOLD,TARGET
28629,2026-08-25 07:29:29.556,-1,1.0,4.0,1.7152920000007725,5.0,48.864796,34.096664,27.408686,4.540907999999035,5.16989200000171,9,10,False,True,HOLD,TARGET
28630,2026-08-25 07:30:00.552,-1,1.0,4.0,4.1118920000008075,5.0,61.6515,44.112052,33.748578,5.843811999999161,5.63014800000019,10,10,False,True,HOLD,TARGET
28631,2026-08-25 07:30:27.824,-1,1.0,4.0,5.975915999999415,5.0,68.607453,52.258577,39.963664,7.383332000001246,6.22323999999935,10,10,True,True,HOLD,TARGET
28632,2026-08-25 07:30:27.824,-1,0.0,5.0,8.203492000000551,6.0,72.494846,58.238075,45.406928,9.207016000000294,6.972664000000805,10,10,True,True,HOLD,TARGET
28633,2026-08-25 07:30:28.000,-1,0.0,5.0,9.936047999999573,6.0,74.973976,62.722654,50.118033,11.20161999999982,7.857931999998982,10,10,True,True,HOLD,TARGET
28634,2026-08-25 07:30:28.124,-1,0.0,5.0,11.283591999999771,6.0,76.701446,66.170989,54.172148,13.28306000000157,8.860491999999795,10,10,True,True,HOLD,TARGET
28635,2026-08-25 07:30:28.156,-1,0.0,0.0,13.442795999999362,1.0,76.770188,67.629474,56.322814,14.678523999999015,9.75966000000335,10,10,True,True,HOLD,TARGET
28637,2026-08-25 07:30:28.188,-1,0.0,5.0,2.61354399999982,4.0,68.637957,64.044908,54.166401,14.78993999999875,10.86919200000193,0,0,True,True,HOLD,TARGET
28638,2026-08-25 07:30:28.188,-1,0.0,5.0,5.58831199999986,6.0,66.362462,63.397136,54.126713,15.542895999999018,11.601364000001922,1,2,True,True,HOLD,TARGET
28639,2026-08-25 07:30:28.276,-1,5.0,0.0,4.013132000000041,1.0,68.902544,64.853836,55.816478,15.947580000000016,12.252936000000773,3,3,True,True,HOLD,TARGET
28640,2026-08-25 07:30:28.284,-1,0.0,5.0,6.676879999999073,6.0,71.443316,66.560902,57.744398,16.806972000002133,13.035143999997672,10,10,True,True,HOLD,TARGET
28641,2026-08-25 07:30:28.312,-1,0.0,0.0,9.859796000000642,1.0,71.032101,66.819361,58.423887,17.265348000000813,13.726439999998547,10,10,True,True,HOLD,TARGET
28643,2026-08-25 07:30:28.400,-1,0.0,5.0,0.4460480000016105,4.0,60.164751,63.139851,56.334214,16.114275999996607,14.454536000001099,0,0,True,True,HOLD,TARGET
28646,2026-08-25 07:30:28.804,-1,4.0,1.0,0.12619199999971897,2.0,47.897339,58.429298,53.938109,14.552107999999862,15.216779999998835,1,4,False,True,HOLD,TARGET
28647,2026-08-25 07:30:28.804,-1,0.0,5.0,3.653704000000289,6.0,60.249367,61.175517,55.88695,14.97033200000078,15.667315999999119,5,10,True,True,HOLD,TARGET
28648,2026-08-25 07:30:29.008,-1,1.0,4.0,5.619547999998758,5.0,66.715972,63.644796,57.8055,15.714564000001701,16.220323999998072,10,10,True,True,HOLD,TARGET
28649,2026-08-25 07:30:29.008,-1,0.0,5.0,7.926316000000952,6.0,71.939303,66.594954,60.230372,16.821067999997467,16.902956000001723,10,10,True,True,HOLD,TARGET
28651,2026-08-25 07:30:29.104,-1,4.0,1.0,0.39987200000177836,-0.0,67.435603,65.363408,59.9401,16.392715999998472,17.57821999999942,0,0,True,True,HOLD,TARGET
28652,2026-08-25 07:30:29.164,-1,0.0,5.0,3.8665639999999257,6.0,63.661373,64.099814,59.330864,16.70261599999867,18.02238000000216,1,10,True,True,HOLD,TARGET
28653,2026-08-25 07:30:29.288,-1,2.0,3.0,5.0073279999996885,4.0,66.608342,65.170915,60.267124,17.19631600000139,18.52158000000054,10,10,True,True,HOLD,TARGET
28654,2026-08-25 07:30:29.320,-1,1.0,4.0,6.672367999999551,5.0,71.030057,67.281504,61.968937,17.954983999999968,19.108648000001267,10,10,True,True,HOLD,STOP
28657,2026-08-25 07:30:30.032,-1,1.0,4.0,-0.8715760000013688,3.0,49.751584,61.172766,58.762752,16.048087999999552,19.61316000000079,0,0,False,True,HOLD,STOP
28688,2026-08-25 07:30:44.148,1,0.0,5.0,3.377440000000206,6.0,55.508704,44.159335,23.639196,6.92773600000146,0.19238399999812827,7,10,False,False,HOLD,STOP
28693,2026-08-25 07:30:50.332,1,3.0,2.0,-1.911975999999413,3.0,12.385991,29.75144,18.151282,5.778736000000208,1.7662639999980456,1,2,False,False,HOLD,TARGET
28694,2026-08-25 07:30:50.368,1,0.0,5.0,2.068459999998595,6.0,46.660109,40.226345,25.260167,6.608960000001389,2.303328000001784,3,4,False,True,HOLD,TARGET
28696,2026-08-25 07:30:50.380,1,0.0,5.0,0.572280000000319,4.0,56.402222,46.391662,31.065787,7.145088000001124,3.108379999997851,0,0,False,True,HOLD,TARGET
28700,2026-08-25 07:31:08.000,1,4.0,1.0,-2.6002079999998386,2.0,15.342346,30.956643,23.283846,5.820692000001145,3.850507999999536,1,1,False,False,HOLD,TARGET
28705,2026-08-25 07:31:52.284,1,0.0,5.0,1.2127279999986058,6.0,32.759358,31.162122,24.50856,5.2253360000031535,4.4877399999968475,1,10,False,False,HOLD,TARGET
28706,2026-08-25 07:32:14.608,1,5.0,0.0,0.6098999999994703,1.0,52.754432,40.353697,30.191652,5.833119999999326,4.819028000001708,10,10,False,True,HOLD,TARGET
28707,2026-08-25 07:32:23.944,1,1.0,4.0,3.252143999998225,5.0,62.388426,47.770354,35.597557,6.875432000000728,5.300664000002143,10,10,False,True,HOLD,TARGET
28708,2026-08-25 07:32:44.192,1,2.0,3.0,4.529443999999785,4.0,65.825583,52.006281,39.300702,8.067928000000393,5.872899999998481,10,10,True,True,HOLD,STOP
28713,2026-08-25 07:33:33.120,1,5.0,0.0,-3.10396000000037,1.0,6.424818,30.442394,28.154543,6.1696999999985565,6.458732000002783,1,1,False,False,HOLD,STOP
28725,2026-08-25 07:36:20.336,1,2.0,3.0,-1.6132199999992736,4.0,16.933753,7.307408,13.31533,0.8268360000001849,4.287575999998808,1,1,False,False,HOLD,TARGET
28726,2026-08-25 07:36:39.388,1,2.0,3.0,0.7452720000001136,4.0,42.096999,19.696129,19.036395,1.811256000000867,4.454419999998208,8,9,False,False,HOLD,TARGET
28731,2026-08-25 07:39:06.428,1,2.0,3.0,1.184452000001329,4.0,46.889225,30.523605,25.025501,3.8169920000000275,4.875315999997838,1,10,False,True,HOLD,TARGET
28732,2026-08-25 07:39:23.412,1,1.0,4.0,3.6990200000000186,5.0,60.86141,41.640255,31.735815,5.102308000001358,5.295952000000398,10,10,False,True,HOLD,STOP
28755,2026-08-25 07:46:57.128,-1,5.0,0.0,-3.0341240000016114,1.0,7.902364,15.31069,10.431506,2.7862520000016957,1.512803999998141,3,3,False,False,HOLD,TARGET
28762,2026-08-25 07:50:37.960,-1,2.0,3.0,0.3690840000017488,4.0,37.320395,24.215373,16.181297,3.156067999996594,2.194996000001993,1,10,False,False,HOLD,STOP
28770,2026-08-25 07:55:42.200,1,2.0,3.0,2.58201199999894,2.0,66.624366,45.941944,25.493633,4.90940799999953,0.35359600000083447,0,0,False,False,HOLD,STOP
28774,2026-08-25 07:57:42.616,1,1.0,4.0,-0.3379959999983839,5.0,20.539369,26.307066,15.32969,4.666947999998229,1.346824000000197,1,2,False,False,HOLD,TARGET
28776,2026-08-25 07:58:47.472,1,0.0,5.0,0.9313360000014654,4.0,53.556698,40.520958,25.228351,5.644688000000315,2.1219919999966805,0,0,False,True,HOLD,STOP
29008,2026-08-25 11:07:56.352,-1,4.0,1.0,-3.819360000001325,-0.0,28.285655,14.509479,16.569353,1.2451120000005176,4.254059999999299,0,0,False,False,HOLD,TARGET
29012,2026-08-25 11:14:40.140,-1,2.0,3.0,-1.889999999999418,4.0,0.582427,3.544843,10.431891,1.0158439999977418,3.7789000000011583,1,2,False,False,HOLD,TARGET
29013,2026-08-25 11:16:40.276,-1,1.0,4.0,1.307779999999184,5.0,41.885611,20.656061,18.456561,2.087996000002022,4.002899999999499,3,10,False,False,HOLD,STOP
29017,2026-08-25 11:25:58.232,-1,4.0,1.0,-2.6671280000009574,2.0,8.756012,11.870082,14.383105,2.080680000002758,3.8864399999984016,1,1,False,False,HOLD,STOP
29026,2026-08-25 11:41:59.936,1,5.0,0.0,0.3681480000013835,1.0,56.490759,44.003241,24.129621,6.382747999999992,0.4012079999993148,1,1,False,False,HOLD,TARGET
29027,2026-08-25 11:42:51.352,1,3.0,2.0,1.508559999998397,3.0,59.434013,47.075371,27.559115,7.062264000000141,0.9870800000026065,2,10,False,False,HOLD,TARGET
29028,2026-08-25 11:43:47.416,1,2.0,3.0,3.173323999999411,4.0,62.359399,50.253488,31.215378,7.991836000001058,1.6649839999990945,10,10,False,True,HOLD,TARGET
29029,2026-08-25 11:45:29.616,1,3.0,2.0,3.690363999998226,3.0,65.807962,53.932617,35.486709,8.941580000002432,2.381332000000839,10,10,False,True,HOLD,TARGET
29030,2026-08-25 11:45:57.400,1,1.0,4.0,5.648059999999532,5.0,69.110387,57.721274,40.092259,10.173328000000765,3.2109720000007655,10,10,True,True,HOLD,TARGET
29032,2026-08-25 11:50:29.092,1,0.0,0.0,5.66363999999885,-1.0,66.880346,58.67208,42.91903,11.039584000001923,4.52042000000074,0,0,True,True,HOLD,TARGET
29033,2026-08-25 11:52:53.408,1,3.0,2.0,0.1828319999985979,1.0,61.236518,56.511155,41.777944,11.104136000001745,5.065159999998286,0,0,True,True,HOLD,STOP
29036,2026-08-25 12:00:17.028,1,3.0,2.0,-2.110135999999329,3.0,23.315516,44.608241,34.735692,9.437847999997757,5.9443520000022545,1,1,False,False,HOLD,TARGET
29058,2026-08-25 12:41:17.232,1,1.0,4.0,1.9793400000016845,5.0,48.95914,15.178819,7.146809,0.3007679999973334,0.21640800000022864,1,10,False,False,HOLD,TARGET
29059,2026-08-25 12:42:06.392,1,2.0,3.0,3.539487999998528,4.0,61.689756,30.805931,16.193501,1.838212000002386,0.6679719999992813,10,10,False,False,HOLD,STOP
29064,2026-08-25 12:48:35.096,1,5.0,0.0,-3.6529279999995197,1.0,-5.331651,6.850581,5.624871,1.7834000000002561,1.120255999998335,1,1,False,False,HOLD,TARGET
29069,2026-08-25 12:52:43.708,1,5.0,0.0,-1.3369039999997767,1.0,34.224665,19.503988,12.389232,2.2439439999980095,1.5146960000020044,3,3,False,False,HOLD,TARGET
29070,2026-08-25 12:53:04.060,1,2.0,3.0,0.960188000000926,4.0,51.778829,30.647921,18.868982,3.154287999997905,1.8593480000017735,4,9,False,False,HOLD,TARGET
29071,2026-08-25 12:53:27.728,1,1.0,4.0,3.5245880000002217,5.0,59.947176,39.069425,24.659285,4.460727999998198,2.3620840000003227,10,10,False,True,HOLD,TARGET
29072,2026-08-25 12:53:48.736,1,0.0,5.0,6.296903999998904,6.0,67.840606,48.913054,32.503776,6.169588000000658,3.043755999999121,10,10,False,True,HOLD,TARGET
29073,2026-08-25 12:54:05.128,1,1.0,4.0,7.675368000000162,5.0,72.093934,55.985781,39.397167,7.993804000001546,3.840675999999803,10,10,True,True,HOLD,TARGET
29075,2026-08-25 12:54:30.048,1,1.0,4.0,5.001147999999375,3.0,72.113657,60.07599,45.025742,10.253240000001824,5.253163999997923,0,0,True,True,HOLD,TARGET
29076,2026-08-25 12:55:00.028,1,2.0,3.0,5.889783999999054,4.0,71.146586,60.742021,46.482923,11.424252000000706,6.036356000000524,1,10,True,True,HOLD,STOP
29734,2026-08-26 06:31:25.504,1,3.0,2.0,-1.8004560000008496,3.0,9.436566,0.972585,1.341773,0.11904000000140513,0.4725719999987632,1,3,False,False,HOLD,TARGET
29735,2026-08-26 06:31:31.176,1,2.0,3.0,0.5996479999994335,4.0,43.35254,17.168621,9.441599,1.1334480000004987,0.7525280000008934,4,10,False,False,HOLD,TARGET
29740,2026-08-26 06:31:50.912,1,1.0,4.0,0.659456000001228,5.0,36.827121,23.197568,14.370953,2.974583999999595,1.6203719999975874,1,10,False,False,HOLD,TARGET
29741,2026-08-26 06:31:53.164,1,1.0,4.0,3.290688000000955,5.0,57.093657,36.535965,22.592341,4.252627999998367,2.112884000001941,10,10,False,True,HOLD,TARGET
29742,2026-08-26 06:31:56.224,1,1.0,4.0,5.337203999999474,5.0,66.62002,47.24642,30.789178,5.802648000000772,2.745515999999043,10,10,False,True,HOLD,TARGET
29743,2026-08-26 06:32:07.184,1,1.0,4.0,6.928936000000249,5.0,71.036147,54.367753,37.544976,7.519727999999304,3.500024000000849,10,10,False,True,HOLD,STOP
29745,2026-08-26 06:32:24.184,1,1.0,4.0,2.129848000000493,3.0,67.40089,55.123143,39.933365,8.705900000000838,4.5382599999975355,0,0,True,True,HOLD,STOP
29752,2026-08-26 06:33:19.284,1,5.0,0.0,-4.555363999999827,1.0,-18.60371,18.344779,19.964496,4.611816000000545,5.103564000000915,1,1,False,False,HOLD,TARGET
29755,2026-08-26 06:33:30.412,1,4.0,1.0,-3.9073959999986982,2.0,-12.188106,13.152228,17.203882,3.2628399999994144,4.875695999999152,1,1,False,False,HOLD,TARGET
29758,2026-08-26 06:33:54.268,1,4.0,1.0,-3.7369480000015756,2.0,-3.251756,11.559031,15.996323,2.4788160000025528,4.629243999999744,1,1,False,False,HOLD,TARGET
29759,2026-08-26 06:33:58.016,1,1.0,4.0,-0.1287400000001071,5.0,28.740507,21.8753,20.807237,3.1712599999991653,4.804235999999946,2,9,False,False,HOLD,TARGET
29760,2026-08-26 06:34:08.404,1,4.0,1.0,0.34431599999879836,2.0,47.549484,31.357169,25.769097,3.894803999999567,5.025408000001335,10,10,False,True,HOLD,TARGET
29761,2026-08-26 06:34:20.020,1,3.0,2.0,1.4900239999988116,3.0,57.849332,39.600734,30.733223,4.769964000002801,5.327499999999418,10,10,False,True,HOLD,TARGET
29762,2026-08-26 06:34:24.420,1,1.0,4.0,3.936684000000241,5.0,63.182856,45.784795,35.066733,6.022504000000481,5.781731999999465,10,10,False,True,HOLD,TARGET
29764,2026-08-26 06:34:43.184,1,4.0,1.0,-1.4086720000013884,0.0,58.516364,46.285501,36.386868,6.530932000001485,6.254499999999098,0,0,False,True,HOLD,TARGET
29765,2026-08-26 06:34:51.556,1,1.0,4.0,1.682143999998516,5.0,54.811226,45.442613,36.284449,7.230332000002818,6.625979999997071,1,1,False,True,HOLD,STOP
29767,2026-08-26 06:35:01.308,1,4.0,1.0,-2.167592000001605,0.0,51.406574,45.375075,37.038094,7.250312000000122,7.030248000002757,0,0,False,True,HOLD,STOP
29783,2026-08-26 06:36:22.296,-1,4.0,1.0,-1.6389080000008107,2.0,28.357046,33.479025,18.482513,5.814812000000529,0.9547879999990982,1,1,False,False,HOLD,STOP
29791,2026-08-26 06:37:17.844,1,1.0,4.0,0.3805160000010801,3.0,60.201985,33.932767,17.598418,2.4129959999991115,0.3482479999984207,0,0,False,False,HOLD,TARGET
29792,2026-08-26 06:37:32.020,1,3.0,2.0,1.51817999999912,3.0,56.421269,33.913402,18.309035,3.4118520000010903,0.7747960000015155,1,10,False,False,HOLD,TARGET
29794,2026-08-26 06:37:56.008,1,3.0,2.0,-2.093939999998838,1.0,49.191226,33.794841,19.605874,3.8795199999985925,1.2875800000001618,0,0,False,False,HOLD,TARGET
29795,2026-08-26 06:37:58.972,1,0.0,5.0,1.9269359999998414,6.0,50.125802,35.845591,21.53015,4.835795999999391,1.7585400000025402,1,10,False,True,HOLD,TARGET
29797,2026-08-26 06:38:29.132,1,0.0,5.0,2.3014799999982642,4.0,61.840904,46.393565,30.234335,6.334496000003128,2.6887360000000626,0,0,False,True,HOLD,TARGET
29798,2026-08-26 06:38:38.468,1,3.0,2.0,3.0122599999995145,3.0,63.105279,49.053609,33.082801,7.292840000001888,3.2617799999970885,1,10,False,True,HOLD,STOP
29812,2026-08-26 06:40:53.032,1,1.0,4.0,2.5546079999985523,5.0,49.576776,32.791582,25.187831,4.2741080000014335,4.422763999999006,10,10,False,True,HOLD,STOP
29825,2026-08-26 06:42:57.424,1,1.0,4.0,1.560779999999795,5.0,41.875069,20.350798,17.967529,2.0768520000019635,3.858591999996861,5,10,False,False,HOLD,TARGET
29826,2026-08-26 06:43:30.880,1,3.0,2.0,2.4361639999988256,3.0,58.938075,34.524572,25.711304,3.2704560000020138,4.181907999998657,10,10,False,True,HOLD,TARGET
29827,2026-08-26 06:43:34.524,1,2.0,3.0,3.8947919999991427,4.0,65.359983,43.617796,31.777821,4.635300000001735,4.617707999997947,10,10,False,True,HOLD,TARGET
29828,2026-08-26 06:43:34.524,1,0.0,5.0,6.584839999999531,6.0,69.387155,50.735706,37.420737,6.38284399999975,5.23314400000163,10,10,False,True,HOLD,TARGET
29829,2026-08-26 06:43:34.524,1,0.0,5.0,8.677095999999437,6.0,72.912232,57.207077,43.358338,8.373171999999613,6.005428000000393,10,10,True,True,HOLD,TARGET
29830,2026-08-26 06:43:34.524,1,0.0,5.0,10.304407999999967,6.0,75.488311,62.339918,48.8062,10.501840000000811,6.913931999999477,10,10,True,True,HOLD,TARGET
29831,2026-08-26 06:43:34.616,1,4.0,1.0,8.458984000000783,2.0,76.103765,64.836691,52.017359,12.122763999999734,7.776856000000407,10,10,True,True,HOLD,STOP
29833,2026-08-26 06:43:35.636,1,3.0,2.0,1.4998799999993935,1.0,68.97363,61.904049,50.646256,12.68691200000103,8.875111999997898,0,0,True,True,HOLD,TARGET
29835,2026-08-26 06:43:43.896,1,2.0,3.0,-1.3272319999996398,2.0,50.844648,55.189257,46.40547,11.867731999998796,9.515876000001299,0,0,False,True,HOLD,TARGET
29838,2026-08-26 06:44:08.452,1,2.0,3.0,-0.8329799999992247,4.0,26.652757,46.679588,41.902626,10.192227999999886,10.005131999998412,1,3,False,False,HOLD,TARGET
29839,2026-08-26 06:44:24.848,1,3.0,2.0,0.5743519999996352,3.0,46.588491,50.557576,44.415107,10.396155999998882,10.320760000002338,4,6,False,True,HOLD,STOP
29901,2026-08-26 07:00:29.820,1,2.0,3.0,-1.4842239999998128,4.0,3.841195,22.585678,25.628952,4.652876000000106,7.011404000000766,1,2,False,False,HOLD,TARGET
29907,2026-08-26 07:04:52.948,1,3.0,2.0,0.02991200000178651,3.0,40.458022,30.649658,28.890592,4.364347999999154,6.828215999998065,1,10,False,False,HOLD,STOP
29929,2026-08-26 07:13:22.948,-1,2.0,3.0,3.1607199999998556,4.0,63.435375,49.205801,28.34876,7.2364679999991495,0.549620000001596,1,10,False,False,HOLD,STOP
29933,2026-08-26 07:14:54.580,-1,2.0,3.0,-0.6724759999997332,4.0,29.341344,37.066263,22.864473,6.811779999999999,2.0347279999987222,1,2,False,False,HOLD,TARGET
29936,2026-08-26 07:16:10.640,-1,1.0,4.0,1.9332519999989017,5.0,48.528405,43.185163,28.873395,7.390328000001318,3.1961799999990035,1,10,False,True,HOLD,STOP
29945,2026-08-26 07:19:47.776,-1,1.0,4.0,1.5179080000016256,5.0,46.95968,35.571728,26.519614,5.141695999998774,4.3069199999990815,1,7,False,True,HOLD,TARGET
29946,2026-08-26 07:20:58.876,-1,5.0,0.0,0.8472599999986414,1.0,56.302092,41.922853,30.840884,5.799576000001252,4.654332000001887,10,10,False,True,HOLD,TARGET
29947,2026-08-26 07:21:05.428,-1,1.0,4.0,3.43675599999915,5.0,63.217137,48.226093,35.658035,6.878336000001582,5.150735999999597,10,10,False,True,HOLD,TARGET
29949,2026-08-26 07:21:53.088,-1,0.0,5.0,0.7950759999985166,4.0,59.298051,48.490453,36.971433,7.462016000001313,5.785759999998845,0,0,False,True,HOLD,TARGET
29950,2026-08-26 07:22:16.216,-1,3.0,2.0,1.8406160000013188,3.0,56.866666,48.227543,37.324355,8.115907999999763,6.22190000000046,1,10,False,True,HOLD,TARGET
29951,2026-08-26 07:22:19.328,-1,1.0,4.0,4.209367999999813,5.0,64.328364,53.470333,41.65085,9.150635999998485,6.791816000000836,10,10,True,True,HOLD,TARGET
29955,2026-08-26 07:24:11.004,-1,0.0,5.0,1.976328000000649,6.0,45.711058,46.853521,38.950028,9.03421199999866,7.886775999999372,1,10,False,True,HOLD,TARGET
29956,2026-08-26 07:24:20.104,-1,1.0,4.0,4.314920000000711,5.0,61.403067,53.569766,43.820358,10.014775999999983,8.434391999999207,10,10,True,True,HOLD,TARGET
29957,2026-08-26 07:25:01.820,-1,4.0,1.0,3.800495999999839,2.0,67.29243,57.883977,47.51675,10.822823999998946,8.973548000001756,10,10,True,True,HOLD,TARGET
29958,2026-08-26 07:25:46.456,-1,5.0,0.0,2.6226080000014917,1.0,67.806666,59.222709,49.082095,11.350847999998223,9.462748000001739,10,10,True,True,HOLD,TARGET
29959,2026-08-26 07:25:55.736,-1,2.0,3.0,4.039804000000004,4.0,67.590486,59.990284,50.193557,12.095775999998295,10.02861600000324,10,10,True,True,HOLD,TARGET
29960,2026-08-26 07:26:00.040,-1,2.0,3.0,5.142071999998734,4.0,68.608454,61.383358,51.795162,12.982660000001488,10.660476000000926,10,10,True,True,HOLD,TARGET
29961,2026-08-26 07:26:18.648,-1,1.0,4.0,6.777168000000529,5.0,71.265234,63.807059,54.280761,14.097588000000542,11.389463999999862,10,10,True,True,HOLD,TARGET
29962,2026-08-26 07:27:01.112,-1,4.0,1.0,5.715572000000975,2.0,72.164819,65.193986,55.952567,14.929204000000027,12.079671999999846,10,10,True,True,HOLD,TARGET
29964,2026-08-26 07:27:33.420,-1,2.0,3.0,2.4328759999989416,2.0,67.780933,64.089653,55.966487,15.266460000002553,13.122808000000077,0,0,True,True,HOLD,TARGET
29965,2026-08-26 07:27:57.020,-1,3.0,2.0,3.1144600000006903,3.0,65.559685,63.440235,55.862495,15.528932000001078,13.656315999996878,1,1,True,True,HOLD,STOP
29967,2026-08-26 07:28:26.072,-1,3.0,2.0,-0.523352000000159,1.0,58.813526,61.215028,54.946691,14.762316000000283,14.307207999998354,0,0,False,True,HOLD,STOP
29977,2026-08-26 07:31:44.040,-1,2.0,3.0,-0.23327200000130688,4.0,28.209198,36.240775,41.053831,6.748196000000462,12.868679999999586,2,8,False,False,HOLD,STOP
30010,2026-08-26 07:48:30.908,-1,5.0,0.0,-4.141835999998875,1.0,-4.929447,-1.431838,5.570372,0.12842799999998533,2.6013639999982843,1,1,False,False,HOLD,STOP
30016,2026-08-26 07:52:18.816,1,4.0,1.0,4.312848000001395,2.0,68.827922,50.78474,29.479604,6.429291999997076,0.4644960000005085,10,10,False,False,HOLD,TARGET
30023,2026-08-26 07:56:05.824,1,1.0,4.0,-0.7696639999994659,5.0,17.117669,29.253053,19.650787,5.486291999997775,2.590760000002774,1,4,False,False,HOLD,TARGET
30024,2026-08-26 07:58:00.068,1,3.0,2.0,0.6235919999999169,3.0,44.429428,38.023837,25.351538,6.07570399999895,3.0077999999994063,5,6,False,False,HOLD,TARGET
30280,2026-08-26 11:07:41.860,1,3.0,2.0,-2.8445040000005974,3.0,3.449224,10.864143,20.794944,2.091844000002311,6.967055999997683,2,3,False,False,HOLD,TARGET
30281,2026-08-26 11:09:01.580,1,3.0,2.0,-0.9901720000016212,3.0,29.483715,19.962728,24.530722,2.6577240000005986,6.989416000000347,4,4,False,False,HOLD,STOP
30289,2026-08-26 11:20:17.976,1,2.0,3.0,1.3066480000015872,4.0,42.72503,14.483257,17.697456,0.8097280000001774,4.924319999998261,5,6,False,False,HOLD,TARGET
30290,2026-08-26 11:20:48.584,1,1.0,4.0,3.7940600000001723,5.0,61.33848,32.52327,26.686701,2.35300400000051,5.225367999999435,7,10,False,True,HOLD,STOP
30308,2026-08-26 11:45:13.680,1,0.0,5.0,2.8770519999998214,6.0,51.734238,29.942,22.605725,3.2578880000000936,3.8608639999984007,1,10,False,False,HOLD,TARGET
30309,2026-08-26 11:45:33.756,1,2.0,3.0,4.237708000000566,4.0,63.697066,42.09007,30.24454,4.686435999999958,4.326723999998649,10,10,False,True,HOLD,TARGET
30310,2026-08-26 11:46:43.044,1,2.0,3.0,5.295996000000741,4.0,69.040095,50.295832,36.61961,6.194215999999869,4.888075999999273,10,10,False,True,HOLD,TARGET
30311,2026-08-26 11:47:01.720,1,2.0,3.0,6.11910799999896,4.0,71.091304,54.996858,41.053079,7.731888000002073,5.532063999999082,10,10,True,True,HOLD,TARGET
30312,2026-08-26 11:47:47.612,1,2.0,3.0,6.759303999999247,4.0,72.436949,58.529556,44.816749,9.263612000002468,6.247083999998722,10,10,True,True,HOLD,TARGET
30314,2026-08-26 11:50:26.544,1,3.0,2.0,1.0766159999984666,1.0,66.926689,57.319051,45.175947,10.09798000000228,7.189979999999196,0,0,True,True,HOLD,TARGET
30317,2026-08-26 11:53:15.572,1,2.0,3.0,0.9029880000016419,4.0,46.610961,49.197153,40.668689,9.796424000000115,8.087607999998,1,3,False,True,HOLD,TARGET
30318,2026-08-26 11:53:33.060,1,1.0,4.0,3.4801039999983914,5.0,59.705631,54.184094,44.490009,10.563356000002386,8.614659999999276,4,10,False,True,HOLD,TARGET
30322,2026-08-26 11:57:41.724,1,2.0,3.0,0.15390000000115833,4.0,37.842755,46.666703,41.12012,9.506263999999646,9.451263999999355,1,2,False,False,HOLD,TARGET
30323,2026-08-26 11:58:42.396,1,5.0,0.0,-0.21363600000040606,1.0,50.119852,49.922321,43.329202,9.62098799999876,9.719312000001082,3,3,False,True,HOLD,TARGET
30325,2026-08-26 12:00:32.056,1,1.0,4.0,-0.9810880000004545,3.0,46.260456,48.564479,43.063886,9.242672000000312,10.04603599999973,0,0,False,True,HOLD,TARGET
30326,2026-08-26 12:00:54.440,1,1.0,4.0,2.014707999998791,5.0,51.501028,50.246781,44.315347,9.785948000000644,10.396864000002097,1,10,False,True,HOLD,TARGET
30327,2026-08-26 12:00:56.524,1,1.0,4.0,4.34477600000173,5.0,62.740143,55.45788,47.933596,10.711827999999514,10.87826800000039,10,10,True,True,HOLD,TARGET
30328,2026-08-26 12:00:59.196,1,2.0,3.0,5.379268000000593,4.0,68.560636,59.678706,51.286059,11.752808000001096,11.432799999998679,10,10,True,True,HOLD,TARGET
30331,2026-08-26 12:02:03.048,1,0.0,5.0,0.5748840000014752,4.0,58.018134,56.909698,50.54613,11.953495999998268,12.39122800000041,0,0,False,True,HOLD,TARGET
30332,2026-08-26 12:02:20.300,1,0.0,5.0,4.002688000000489,6.0,59.386907,57.534931,51.247655,12.64342399999805,12.864884000002348,1,10,False,True,HOLD,TARGET
30333,2026-08-26 12:02:29.032,1,2.0,3.0,5.113199999999779,4.0,66.961884,61.205259,54.071864,13.481220000001485,13.406339999997726,10,10,True,True,HOLD,TARGET
30335,2026-08-26 12:04:24.280,1,2.0,3.0,0.25366399999984424,2.0,62.44319,60.120073,53.980624,13.171055999999226,13.96006800000032,0,0,True,True,HOLD,TARGET
30336,2026-08-26 12:04:56.904,1,1.0,4.0,2.9750720000010915,5.0,59.720616,59.255661,53.686879,13.575667999997677,14.367976000001363,1,10,False,True,HOLD,STOP
30349,2026-08-26 12:19:03.784,1,3.0,2.0,-0.8313119999984337,3.0,27.912468,29.826239,37.068428,5.022323999997752,11.821796000000177,1,10,False,False,HOLD,STOP
30376,2026-08-26 12:49:03.520,1,1.0,4.0,0.8526319999982661,5.0,42.506368,14.218859,13.145677,0.6265360000033979,2.9218439999967813,1,10,False,False,HOLD,TARGET
30377,2026-08-26 12:49:58.044,1,2.0,3.0,2.6631559999987076,4.0,56.791678,27.764623,20.212695,1.9776760000022477,3.234651999999187,10,10,False,False,HOLD,TARGET
30389,2026-08-26 12:54:40.012,-1,0.0,5.0,3.501408000000083,4.0,66.667126,51.120074,30.467252,7.143656000000192,0.8080760000011651,0,0,False,False,HOLD,TARGET
30390,2026-08-26 12:54:42.056,-1,0.0,5.0,6.278871999998955,6.0,68.540134,54.609923,34.835011,8.634588000000804,1.659168000001955,1,10,False,True,HOLD,TARGET
30391,2026-08-26 12:54:45.628,-1,1.0,4.0,7.661344000000099,5.0,72.065396,59.461251,40.850365,10.259035999999469,2.610184000001027,10,10,False,True,HOLD,TARGET
30394,2026-08-26 12:55:00.044,-1,0.0,0.0,2.4236520000013115,-1.0,54.704094,53.734287,38.557923,10.407599999998638,4.308047999998962,0,0,False,True,HOLD,TARGET
30396,2026-08-26 12:55:10.284,-1,1.0,4.0,2.7747999999992317,5.0,55.354213,53.813724,40.042758,11.071171999999933,5.471772000000783,1,3,False,True,HOLD,STOP
30403,2026-08-26 12:58:07.116,-1,0.0,5.0,0.3385119999984454,6.0,17.511337,30.892005,27.622093,6.031784000002517,6.140540000000328,3,4,False,False,HOLD,TARGET
30404,2026-08-26 12:58:32.832,-1,1.0,4.0,3.0410679999986314,5.0,53.60294,43.544276,34.947242,7.019604000000982,6.567384000001766,5,6,False,True,HOLD,TARGET
30405,2026-08-26 12:59:00.164,-1,4.0,1.0,2.809720000001107,2.0,63.640059,50.684019,40.076098,7.886095999998361,7.005651999999827,10,10,True,True,HOLD,TARGET
30406,2026-08-26 12:59:08.340,-1,2.0,3.0,4.185335999998642,4.0,67.247113,54.783314,43.596227,8.934816000000865,7.534200000001874,10,10,True,True,HOLD,TARGET
30408,2026-08-26 12:59:21.920,-1,0.0,5.0,1.2479200000016135,4.0,61.657849,53.569174,43.721911,9.383375999997952,8.20111199999883,0,0,True,True,HOLD,TARGET
30409,2026-08-26 12:59:30.660,-1,2.0,3.0,2.970603999998275,4.0,60.088475,53.534379,44.161065,10.090188000001945,8.680152000000817,1,10,True,True,HOLD,TARGET
30410,2026-08-26 12:59:32.256,-1,1.0,4.0,5.088248000000021,5.0,66.636699,57.857888,47.803638,11.127680000001419,9.280271999999968,10,10,True,True,HOLD,STOP
30412,2026-08-26 12:59:45.064,-1,0.0,5.0,3.608939999998256,4.0,67.828291,60.349015,50.733595,12.181824000002962,10.280507999999827,0,0,True,True,HOLD,STOP
31379,2026-08-27 06:31:03.000,1,1.0,4.0,0.05516400000124122,3.0,55.104684,38.111931,24.076593,4.528615999999602,2.2482319999980973,0,0,False,True,HOLD,TARGET
31381,2026-08-27 06:31:15.736,1,3.0,2.0,-1.7690959999999905,1.0,47.453502,36.647294,24.308156,4.954408000001422,2.774571999998443,0,0,False,True,HOLD,TARGET
31382,2026-08-27 06:31:19.440,1,2.0,3.0,0.6240360000010696,4.0,48.835257,38.347449,25.93194,5.586451999999554,3.1627320000006875,1,1,False,True,HOLD,STOP
31391,2026-08-27 06:31:42.704,-1,2.0,3.0,0.9287839999997232,2.0,65.254261,48.308374,27.879131,5.975171999998565,0.5679320000017469,0,0,False,False,HOLD,TARGET
31392,2026-08-27 06:31:43.252,-1,1.0,4.0,3.50016400000095,5.0,62.361323,48.05834,28.699683,7.051476000000548,1.235075999997207,1,10,False,False,HOLD,TARGET
31393,2026-08-27 06:31:44.104,-1,1.0,4.0,5.500127999999677,5.0,67.159421,53.3461,34.327992,8.407380000000558,2.0248280000014347,10,10,False,True,HOLD,TARGET
31394,2026-08-27 06:31:50.468,-1,1.0,4.0,7.055656000000454,5.0,71.319631,58.570214,40.436611,9.939252000000124,2.9204719999979716,10,10,False,True,HOLD,TARGET
31395,2026-08-27 06:31:55.168,-1,2.0,3.0,7.487732000001415,4.0,73.320339,61.975335,45.050297,11.427583999997296,3.8661280000014813,10,10,True,True,HOLD,TARGET
31396,2026-08-27 06:31:59.912,-1,3.0,2.0,7.046011999998882,3.0,73.988196,63.979826,48.222804,12.716080000001966,4.812235999997938,10,10,True,True,HOLD,TARGET
31397,2026-08-27 06:32:02.392,-1,1.0,4.0,8.258011999998416,5.0,74.472666,65.601049,50.941051,14.123112000001129,5.8373480000009295,10,10,True,True,HOLD,TARGET
31398,2026-08-27 06:32:18.356,-1,5.0,0.0,6.089564000001701,1.0,73.906495,66.208618,52.465973,15.021067999998195,6.765940000001137,10,10,True,True,HOLD,TARGET
31400,2026-08-27 06:32:21.316,-1,1.0,4.0,4.04183600000033,3.0,69.941174,65.295381,53.044281,15.818203999999241,8.370888000001287,0,0,True,True,HOLD,TARGET
31401,2026-08-27 06:32:25.892,-1,0.0,0.0,7.810315999999148,1.0,67.601947,64.604958,53.047653,15.980920000001788,9.097303999998985,1,1,True,True,HOLD,STOP
31421,2026-08-27 06:34:05.388,-1,2.0,3.0,-0.42378000000098837,4.0,33.241369,7.753706,12.234995,0.027012000002287095,3.751619999999093,1,10,False,False,HOLD,TARGET
31422,2026-08-27 06:34:13.212,-1,1.0,4.0,2.4481679999989865,5.0,52.948807,22.714208,19.398905,1.3868040000015753,3.9961640000001353,10,10,False,False,HOLD,TARGET
31423,2026-08-27 06:34:17.652,-1,1.0,4.0,4.681907999998657,5.0,64.185527,37.178344,27.534448,3.0462680000018736,4.403699999998935,10,10,False,True,HOLD,TARGET
31424,2026-08-27 06:34:24.792,-1,4.0,1.0,4.085928000000422,2.0,68.172979,45.504579,33.334912,4.4639920000008715,4.83168399999704,10,10,False,True,HOLD,TARGET
31426,2026-08-27 06:34:32.436,-1,2.0,3.0,1.44704400000046,2.0,64.304763,47.430139,35.819659,6.015208000000712,5.504387999997562,0,0,False,True,HOLD,TARGET
31427,2026-08-27 06:34:54.392,-1,0.0,0.0,5.792143999999098,1.0,60.459672,46.529917,35.738207,6.5931280000004335,5.837579999999434,1,1,False,True,HOLD,TARGET
31428,2026-08-27 06:35:00.164,-1,4.0,1.0,-0.49499999999898137,-0.0,57.908869,46.410587,36.151163,6.889451999999437,6.1137759999983246,0,0,False,True,HOLD,TARGET
31429,2026-08-27 06:35:06.440,-1,2.0,3.0,1.6150000000016007,4.0,58.165696,47.720763,37.498683,7.547896000000037,6.501871999997093,1,1,False,True,HOLD,TARGET
31430,2026-08-27 06:35:16.656,-1,2.0,3.0,3.2561119999991206,4.0,61.546547,50.777453,40.089861,8.45375200000126,6.987659999998868,2,10,True,True,HOLD,STOP
31432,2026-08-27 06:35:24.180,-1,2.0,3.0,0.3401159999993979,2.0,60.371687,52.235055,42.13539,8.95031200000085,7.6602639999982785,0,0,True,True,HOLD,STOP
31450,2026-08-27 06:37:16.468,-1,1.0,4.0,2.055744000001141,5.0,47.259015,13.068009,12.594708,0.11677599999893573,2.9507159999993746,10,10,False,False,HOLD,TARGET
31452,2026-08-27 06:37:25.292,-1,1.0,4.0,1.601623999998992,3.0,61.25782,33.230091,23.57728,2.229196000000229,3.3963560000011057,0,0,False,True,HOLD,STOP
31469,2026-08-27 06:39:45.088,1,1.0,4.0,0.9668359999996028,5.0,46.522672,30.724036,15.160087,3.8051200000008976,0.18882400000074995,1,10,False,False,HOLD,TARGET
31470,2026-08-27 06:39:51.820,1,1.0,4.0,3.529763999998977,5.0,58.55029,40.034004,22.004206,5.060435999999754,0.7838840000003984,10,10,False,False,HOLD,TARGET
31471,2026-08-27 06:39:55.444,1,0.0,5.0,6.300928000000567,6.0,67.852903,50.184312,30.854704,6.722055999998702,1.5521159999989322,10,10,False,True,HOLD,TARGET
31472,2026-08-27 06:40:09.052,1,3.0,2.0,6.122943999998824,3.0,71.262187,55.898977,37.125464,8.21820000000298,2.3486559999983,10,10,False,True,HOLD,TARGET
31477,2026-08-27 06:41:05.392,1,0.0,5.0,0.3177399999985937,4.0,50.643099,47.851376,34.386965,8.592500000002474,4.483835999999428,0,0,False,True,HOLD,TARGET
31478,2026-08-27 06:41:07.732,1,1.0,4.0,3.0249079999994137,5.0,57.018063,50.883639,37.311638,9.372512000001734,5.079239999999118,1,10,False,True,HOLD,TARGET
31479,2026-08-27 06:41:18.100,1,2.0,3.0,4.352707999998529,4.0,65.172395,55.919302,42.05566,10.332916000003024,5.752735999998549,10,10,True,True,HOLD,TARGET
31480,2026-08-27 06:41:20.536,1,2.0,3.0,5.385439999998198,4.0,69.28336,59.62974,46.03288,11.405336000003444,6.493139999998675,10,10,True,True,HOLD,TARGET
31491,2026-08-27 06:42:42.132,1,1.0,4.0,-0.7574319999985164,5.0,1.538132,6.634954,15.71612,1.7076559999986785,5.536648000001151,5,5,False,False,HOLD,TARGET
31492,2026-08-27 06:42:45.488,1,1.0,4.0,2.188664000001154,5.0,48.542769,26.885758,25.005965,2.885544000000664,5.76611999999659,7,7,False,False,HOLD,TARGET
31493,2026-08-27 06:43:05.520,1,2.0,3.0,3.702292000001762,4.0,62.457136,40.023153,32.258048,4.24597999999969,6.114003999999113,9,9,False,True,HOLD,TARGET
31495,2026-08-27 06:43:18.596,1,0.0,5.0,0.9557080000013229,4.0,60.174788,43.232493,34.903561,5.298107999999047,6.493407999998453,0,0,False,True,HOLD,TARGET
31497,2026-08-27 06:43:34.728,1,2.0,3.0,-1.6564240000006976,2.0,47.844975,38.734016,32.84593,5.482452000000194,6.708800000000338,0,0,False,True,HOLD,TARGET
31502,2026-08-27 06:44:04.728,1,0.0,5.0,2.125295999998343,6.0,47.229405,38.721983,33.467381,6.086912000002485,7.220244000000093,1,10,False,True,HOLD,TARGET
31503,2026-08-27 06:44:04.728,1,0.0,5.0,5.208564000000479,6.0,62.872967,48.684086,39.734084,7.4666680000009364,7.720655999997689,10,10,True,True,HOLD,TARGET
31504,2026-08-27 06:44:04.728,1,0.0,5.0,7.606660000001284,6.0,70.674468,56.773654,45.955403,9.174552000000403,8.38346399999864,10,10,True,True,HOLD,TARGET
31506,2026-08-27 06:44:05.420,1,2.0,3.0,2.971927999999025,2.0,69.987034,59.497163,49.198285,10.610892000000604,9.337744000000384,0,0,True,True,HOLD,TARGET
31508,2026-08-27 06:44:51.420,1,3.0,2.0,-0.004636000001482898,1.0,60.275129,55.692616,47.280477,10.80673200000092,10.009236000001692,0,0,True,True,HOLD,TARGET
31509,2026-08-27 06:44:53.716,1,2.0,3.0,1.99639599999864,4.0,58.912113,55.499152,47.538139,11.22153199999957,10.424332000002323,1,1,False,True,HOLD,TARGET
31666,2026-08-27 07:00:42.208,1,3.0,2.0,-1.6054159999985131,3.0,23.260168,22.057972,10.357315,3.4100239999970654,0.09514800000033574,4,4,False,False,HOLD,TARGET
31669,2026-08-27 07:00:55.024,1,5.0,0.0,-2.0873199999987264,1.0,26.287932,23.670943,12.675547,3.576836000000185,0.7355040000002191,1,1,False,False,HOLD,TARGET
31673,2026-08-27 07:01:15.852,1,0.0,5.0,0.19484000000011292,6.0,19.639402,21.065871,12.872334,3.619964000001346,1.441315999996732,1,2,False,False,HOLD,TARGET
31674,2026-08-27 07:01:29.612,1,4.0,1.0,0.5959880000009434,2.0,47.527793,32.931224,19.968697,4.35363199999847,1.8258679999999003,3,10,False,False,HOLD,TARGET
31675,2026-08-27 07:01:36.896,1,0.0,0.0,5.130212000000029,1.0,56.594958,39.891783,25.020796,4.943436000001384,2.2008399999976973,10,10,False,True,HOLD,STOP
31686,2026-08-27 07:02:41.352,1,4.0,1.0,-3.6096599999982573,2.0,-16.424456,4.938194,8.909903,2.0225439999994705,2.8623159999988275,1,2,False,False,HOLD,TARGET
31687,2026-08-27 07:02:50.924,1,1.0,4.0,-0.029736000000411877,5.0,30.350747,20.446611,16.405261,2.769587999999203,3.0931799999998475,3,6,False,False,HOLD,STOP
31691,2026-08-27 07:03:33.368,1,4.0,1.0,-3.8660879999988538,2.0,-11.337203,6.196284,9.794194,1.9010439999983646,2.9730239999989863,1,1,False,False,HOLD,TARGET
31692,2026-08-27 07:03:45.068,1,2.0,3.0,-1.0069560000010824,4.0,23.588584,17.39144,15.132598,2.47911600000225,3.1433479999977862,2,3,False,False,HOLD,TARGET
31695,2026-08-27 07:03:57.016,1,3.0,2.0,0.22032000000035623,3.0,42.745379,28.410889,21.362023,3.629007999999885,3.5927879999981087,1,10,False,False,HOLD,TARGET
31696,2026-08-27 07:03:59.188,1,2.0,3.0,2.171360000000277,4.0,56.894394,38.344048,27.455651,4.650023999998666,3.9759440000016184,10,10,False,True,HOLD,STOP
31703,2026-08-27 07:05:12.848,1,2.0,3.0,-0.5861040000017965,4.0,22.001023,23.680938,21.049323,3.993372000000818,4.540364000000409,1,4,False,False,HOLD,TARGET
31704,2026-08-27 07:05:19.988,1,1.0,4.0,2.3219199999984994,5.0,51.940853,36.875523,28.355491,5.012768000000506,4.909116000002541,5,10,False,True,HOLD,STOP
31706,2026-08-27 07:05:40.492,1,2.0,3.0,-1.4348879999997735,2.0,52.06477,39.949424,30.972498,5.329367999998794,5.252528000000893,0,0,False,True,HOLD,STOP
31718,2026-08-27 07:07:02.832,-1,1.0,4.0,6.3342999999986205,5.0,70.231151,55.051562,33.039357,8.185887999999977,0.32778400000097463,10,10,False,False,HOLD,STOP
31730,2026-08-27 07:08:27.948,-1,1.0,4.0,0.6347080000014103,5.0,32.794209,19.613946,13.104581,2.5432639999999083,1.8454319999982545,1,6,False,False,HOLD,STOP
31746,2026-08-27 07:10:32.112,1,1.0,4.0,2.793151999998372,5.0,57.158476,36.223157,18.412511,4.049344000002748,0.21599199999764096,1,10,False,False,HOLD,TARGET
31747,2026-08-27 07:10:57.824,1,2.0,3.0,4.172451999998884,4.0,64.471313,44.824985,25.487426,5.402644000001601,0.8536480000002484,10,10,False,False,HOLD,STOP
31754,2026-08-27 07:12:10.092,1,5.0,0.0,-2.9345959999991464,1.0,9.989524,26.035263,18.280704,4.953259999998409,2.6868560000002617,1,1,False,False,HOLD,TARGET
31762,2026-08-27 07:14:01.400,1,1.0,4.0,0.4149279999983264,5.0,33.309138,25.084726,19.04573,3.6366800000032526,3.296783999998297,2,10,False,False,HOLD,STOP
31769,2026-08-27 07:15:29.352,1,1.0,4.0,0.2711200000012468,5.0,26.927019,12.19621,11.59321,1.4267599999984668,2.6751399999993737,4,5,False,False,HOLD,TARGET
31770,2026-08-27 07:15:53.252,1,2.0,3.0,2.210871999999654,4.0,53.633193,28.613085,20.154989,2.631175999998959,3.0065400000021327,6,10,False,False,HOLD,STOP
31776,2026-08-27 07:17:32.532,1,2.0,3.0,-0.7442640000008396,4.0,19.01996,16.742892,15.000902,2.697596000001795,3.2443639999983134,1,4,False,False,HOLD,TARGET
31777,2026-08-27 07:17:52.828,1,2.0,3.0,1.4211280000017723,4.0,49.163063,30.827236,22.505222,3.655935999999201,3.5638599999983853,5,10,False,True,HOLD,TARGET
31778,2026-08-27 07:18:28.068,1,4.0,1.0,1.5497680000007676,2.0,58.636798,39.203769,27.869503,4.561131999998906,3.9166519999998854,10,10,False,True,HOLD,TARGET
31779,2026-08-27 07:18:38.056,1,0.0,5.0,4.760927999999694,6.0,65.20743,46.948404,33.620619,5.981100000000879,4.460915999999997,10,10,False,True,HOLD,TARGET
31781,2026-08-27 07:19:40.668,1,0.0,0.0,3.3121680000003835,-1.0,60.196716,47.255856,35.096848,6.552683999998408,5.054512000002433,0,0,False,True,HOLD,TARGET
31784,2026-08-27 07:20:37.488,1,1.0,4.0,0.8505799999984447,5.0,39.369865,38.427007,30.608059,6.634196000002703,5.65982399999848,1,2,False,False,HOLD,TARGET
31785,2026-08-27 07:20:50.028,1,3.0,2.0,1.8837840000014694,3.0,55.463108,45.657616,35.457691,7.3622119999999995,6.0694039999980305,4,10,False,True,HOLD,STOP
31786,2026-08-27 07:21:01.624,1,3.0,2.0,2.687387999998464,3.0,62.789694,50.995485,39.626176,8.178928000001179,6.534756000000925,10,10,True,True,HOLD,STOP
31795,2026-08-27 07:23:20.936,1,0.0,5.0,1.5207159999990836,6.0,37.197996,26.851,25.591479,3.8780079999996815,6.068903999999748,3,7,False,False,HOLD,TARGET
31796,2026-08-27 07:23:31.880,1,2.0,3.0,3.182779999999184,4.0,58.429594,39.999579,32.747566,5.064044000002468,6.418151999998372,8,10,False,True,HOLD,STOP
31806,2026-08-27 07:25:23.848,1,3.0,2.0,-2.785380000001169,1.0,35.310042,24.070833,23.794738,2.8332080000000133,5.659240000000864,0,0,False,False,HOLD,TARGET
31807,2026-08-27 07:25:52.044,1,4.0,1.0,-1.7219640000002983,2.0,34.95548,24.905786,24.217966,3.2059680000020307,5.724747999996907,1,1,False,False,HOLD,TARGET
31811,2026-08-27 07:27:01.804,1,0.0,5.0,0.4608399999997346,4.0,49.66571,35.224927,29.80563,4.546220000000176,6.0828440000004775,0,0,False,True,HOLD,TARGET
31812,2026-08-27 07:27:02.132,1,0.0,5.0,3.913988000000245,6.0,58.885226,42.497624,34.258413,5.81250799999907,6.497136000001774,1,10,False,True,HOLD,TARGET
31813,2026-08-27 07:27:29.704,1,2.0,3.0,5.044212000000698,4.0,66.732664,50.573853,39.942395,7.184163999998418,7.006091999999626,10,10,True,True,HOLD,STOP
31815,2026-08-27 07:28:20.504,1,2.0,3.0,0.8168680000017048,2.0,63.801164,52.027298,41.991287,8.06602799999746,7.640348000000813,0,0,True,True,HOLD,STOP
31840,2026-08-27 07:35:22.668,1,3.0,2.0,-0.7386919999989914,3.0,29.444498,8.925908,7.979575,0.5359199999984412,1.7407800000000861,1,2,False,False,HOLD,TARGET
31841,2026-08-27 07:35:41.924,1,1.0,4.0,2.203239999998914,5.0,53.018575,24.914604,16.25367,1.8102080000026035,2.0720879999971658,3,10,False,False,HOLD,TARGET
31842,2026-08-27 07:35:49.512,1,2.0,3.0,3.713631999999052,4.0,62.50915,36.772043,23.60401,3.2587400000011257,2.52157200000147,10,10,False,True,HOLD,TARGET
31843,2026-08-27 07:36:50.584,1,4.0,1.0,3.332824000000983,2.0,66.587623,44.447023,29.406794,4.521759999999631,2.9925399999992806,10,10,False,True,HOLD,TARGET
31844,2026-08-27 07:37:07.932,1,4.0,1.0,3.0366399999984424,2.0,67.285395,48.13131,32.866479,5.629576000002999,3.481019999999262,10,10,False,True,HOLD,TARGET
31845,2026-08-27 07:37:17.724,1,0.0,5.0,5.917388000001665,6.0,68.95324,52.28505,36.924171,7.1755319999974745,4.146584000001894,10,10,False,True,HOLD,STOP
31873,2026-08-27 07:46:01.372,1,1.0,4.0,-0.37916799999948125,5.0,19.759501,6.162529,5.829101,0.629347999998572,1.3781479999997828,1,6,False,False,HOLD,STOP
31875,2026-08-27 07:46:59.356,1,1.0,4.0,-0.4762880000016594,3.0,48.721028,24.217664,15.304722,1.8336400000007416,1.7205480000011448,0,0,False,False,HOLD,STOP
31883,2026-08-27 07:48:42.724,1,1.0,4.0,1.3354240000007849,5.0,42.213232,13.648034,8.381103,0.6440199999997276,1.0333360000004177,5,6,False,False,HOLD,TARGET
31884,2026-08-27 07:48:56.212,1,1.0,4.0,3.8164399999986927,5.0,60.150564,30.82543,17.981308,2.204648000002635,1.4813880000001518,7,10,False,False,HOLD,TARGET
31885,2026-08-27 07:49:15.000,1,2.0,3.0,4.968344000000798,4.0,67.31555,42.685871,26.327944,3.8510559999995166,2.035919999998441,10,10,False,True,HOLD,TARGET
31886,2026-08-27 07:49:28.504,1,1.0,4.0,6.642044000000169,5.0,70.960947,50.702383,33.362463,5.67180400000143,2.7236159999993106,10,10,False,True,HOLD,TARGET
31887,2026-08-27 07:49:33.604,1,2.0,3.0,7.166035999998712,4.0,72.731215,55.787815,38.74887,7.442704000000958,3.486079999998765,10,10,False,True,HOLD,TARGET
31888,2026-08-27 07:49:51.540,1,3.0,2.0,6.795804000001226,3.0,73.568597,59.133838,42.859548,9.00423999999839,4.271447999999509,10,10,True,True,HOLD,TARGET
31890,2026-08-27 07:50:35.264,1,2.0,3.0,1.8764760000012757,2.0,67.630508,57.465392,43.013958,10.02947999999742,5.389952000001358,0,0,True,True,HOLD,TARGET
31895,2026-08-27 07:52:38.636,1,0.0,5.0,1.4587680000004184,6.0,36.343719,43.375523,35.116446,8.569499999997788,6.716480000002775,1,3,False,False,HOLD,TARGET
31896,2026-08-27 07:52:45.448,1,2.0,3.0,3.134600000001228,4.0,58.143445,51.173906,40.651669,9.371407999999064,7.229139999999461,4,10,False,True,HOLD,STOP
31918,2026-08-27 07:58:42.932,1,3.0,2.0,-0.4497880000017176,3.0,40.805532,14.434046,13.304369,0.6941440000009607,2.918924000001425,1,1,False,False,HOLD,TARGET
31919,2026-08-27 07:59:01.384,1,1.0,4.0,2.4279439999991155,5.0,54.697722,26.72367,19.693106,1.9968640000006417,3.2222680000013497,10,10,False,False,HOLD,TARGET
31920,2026-08-27 07:59:16.644,1,1.0,4.0,4.666180000000168,5.0,64.121263,39.002448,27.19477,3.604643999999098,3.6842080000024,10,10,False,True,HOLD,TARGET
31921,2026-08-27 07:59:29.788,1,5.0,0.0,3.2959159999991243,1.0,67.532557,46.07922,32.51572,4.8332399999999325,4.12175600000046,10,10,False,True,HOLD,TARGET
31923,2026-08-27 07:59:58.008,1,1.0,4.0,-0.06790399999954388,3.0,57.637453,42.860338,31.531546,5.554823999998916,4.627435999998852,0,0,False,True,HOLD,TARGET
32184,2026-08-27 11:01:14.168,-1,1.0,4.0,0.5698120000015479,5.0,31.797581,34.071247,28.522166,5.985515999997006,5.776988000001438,1,4,False,False,HOLD,TARGET
32185,2026-08-27 11:01:20.224,-1,1.0,4.0,3.2209640000000945,5.0,56.646034,44.872148,35.189625,7.009939999999915,6.225635999999213,10,10,False,True,HOLD,TARGET
32186,2026-08-27 11:01:52.068,-1,3.0,2.0,3.72741600000154,3.0,65.000846,51.619533,40.279038,8.045016000000032,6.72502799999711,10,10,True,True,HOLD,TARGET
32187,2026-08-27 11:01:53.084,-1,0.0,5.0,6.454656000001705,6.0,69.711717,56.915386,44.919868,9.49597999999969,7.390059999997902,10,10,True,True,HOLD,TARGET
32189,2026-08-27 11:02:07.912,-1,0.0,5.0,5.040472000000591,4.0,70.947861,60.76334,49.340732,11.37214799999856,8.592000000000553,0,0,True,True,HOLD,TARGET
32190,2026-08-27 11:02:18.828,-1,4.0,1.0,4.364811999999802,2.0,69.653444,60.99499,50.125145,12.174795999999333,9.209928000000218,1,10,True,True,HOLD,STOP
32192,2026-08-27 11:03:29.028,-1,4.0,1.0,-1.7546199999997043,-0.0,57.968267,56.700172,47.829365,11.600144,9.847148000000743,0,0,False,True,HOLD,TARGET
32195,2026-08-27 11:04:24.704,-1,1.0,4.0,0.3486479999992298,5.0,32.302855,47.387479,42.686076,10.23583200000212,10.34121999999843,1,3,False,False,HOLD,TARGET
32196,2026-08-27 11:04:45.500,-1,3.0,2.0,1.4933920000003127,3.0,52.570686,52.290105,45.845142,10.60432800000126,10.693639999997686,4,10,False,True,HOLD,TARGET
32200,2026-08-27 11:07:37.540,-1,3.0,2.0,-1.0895239999990736,3.0,27.839804,43.925671,41.970412,9.089872000000469,11.081175999999687,1,2,False,False,HOLD,TARGET
32202,2026-08-27 11:08:49.220,-1,0.0,0.0,0.9828799999995681,-1.0,34.279319,43.966901,42.182062,8.254216000001179,11.108823999999004,0,0,False,False,HOLD,TARGET
32205,2026-08-27 11:10:35.520,-1,3.0,2.0,-1.8777399999999034,1.0,43.637623,45.090843,42.949311,8.105307999998331,11.325764000001072,0,0,False,False,HOLD,TARGET
32206,2026-08-27 11:10:46.468,-1,0.0,5.0,2.0950919999995676,6.0,51.566258,47.973721,44.592079,8.754272000001947,11.584231999997428,1,10,False,True,HOLD,TARGET
32208,2026-08-27 11:12:07.420,-1,4.0,1.0,-1.9177840000011201,-0.0,53.403676,49.442891,45.711201,8.639884000000166,11.755816000000777,0,0,False,True,HOLD,TARGET
32209,2026-08-27 11:12:39.540,-1,2.0,3.0,0.5083919999997306,4.0,50.090111,48.450871,45.3157,8.955939999999828,11.936020000001008,1,1,False,True,HOLD,TARGET
32211,2026-08-27 11:13:17.364,-1,3.0,2.0,-2.7047999999995227,1.0,42.892261,45.927084,44.187664,8.328212000000349,11.938387999998668,0,0,False,False,HOLD,TARGET
32212,2026-08-27 11:13:29.772,-1,2.0,3.0,-0.10373600000093575,4.0,41.046354,45.102893,43.832748,8.55727200000183,12.066623999999138,1,1,False,False,HOLD,TARGET
32213,2026-08-27 11:13:57.080,-1,4.0,1.0,0.3637640000015381,2.0,50.09409,47.98369,45.395932,8.853491999998369,12.223684000000503,10,10,False,True,HOLD,TARGET
32214,2026-08-27 11:14:08.348,-1,1.0,4.0,3.0607039999995322,5.0,60.182064,52.738353,48.187455,9.619171999998798,12.5280840000014,10,10,True,True,HOLD,STOP
32219,2026-08-27 11:16:07.152,-1,4.0,1.0,-3.011428000001615,2.0,-4.025271,31.07943,37.89695,6.874628000001394,12.036651999998867,1,2,False,False,HOLD,TARGET
32233,2026-08-27 11:23:32.768,-1,2.0,3.0,-0.9669240000002901,4.0,19.61765,9.923018,22.037777,1.2854760000009264,7.778143999999884,1,8,False,False,HOLD,TARGET
32234,2026-08-27 11:23:57.732,-1,2.0,3.0,1.2479480000001786,4.0,47.519097,24.431345,28.044674,2.325120000001334,7.853167999997822,10,10,False,False,HOLD,TARGET
32235,2026-08-27 11:25:21.844,-1,2.0,3.0,2.970627999999124,4.0,60.088596,36.425008,33.76994,3.5965959999994084,8.057984000002762,10,10,False,True,HOLD,TARGET
32236,2026-08-27 11:25:33.220,-1,2.0,3.0,4.310487999999168,4.0,65.950866,44.968542,38.636116,5.0113559999990684,8.376884000001155,10,10,False,True,HOLD,TARGET
32237,2026-08-27 11:26:33.700,-1,5.0,0.0,3.019268000000011,1.0,67.46089,49.211719,41.528845,6.076828000001115,8.673271999999997,10,10,True,True,HOLD,TARGET
32238,2026-08-27 11:27:01.020,-1,3.0,2.0,3.5705400000006193,3.0,67.932329,51.992676,43.695425,7.157867999998416,9.030396000001929,10,10,True,True,HOLD,TARGET
32239,2026-08-27 11:27:15.312,-1,1.0,4.0,5.554864000001544,5.0,68.852723,54.793254,46.003191,8.515271999996912,9.521656000000803,10,10,True,True,HOLD,TARGET
32240,2026-08-27 11:27:54.748,-1,2.0,3.0,6.320451999999932,4.0,70.971992,58.374503,49.037617,9.904075999998895,10.089152000000468,10,10,True,True,HOLD,TARGET
32241,2026-08-27 11:28:08.756,-1,1.0,4.0,7.693684000001667,5.0,73.104348,61.829269,52.211552,11.432879999996658,10.763052000002062,10,10,True,True,HOLD,TARGET
32242,2026-08-27 11:28:12.620,-1,1.0,4.0,8.761755999999878,5.0,74.466459,64.443486,54.886772,13.034683999998379,11.52887600000031,10,10,True,True,HOLD,STOP
32245,2026-08-27 11:29:02.884,-1,2.0,3.0,-1.2712199999987206,2.0,53.355616,56.835726,50.604437,12.47693199999776,12.466768000002048,0,0,False,True,HOLD,TARGET
32246,2026-08-27 11:29:21.392,-1,2.0,3.0,1.0112760000010894,4.0,50.04683,55.612663,50.100468,12.577979999998206,12.80195200000162,1,2,False,True,HOLD,TARGET
32247,2026-08-27 11:29:48.352,-1,2.0,3.0,2.786548000000039,4.0,59.074627,58.169668,51.997428,12.995567999998457,13.221199999999953,3,10,False,True,HOLD,STOP
32262,2026-08-27 11:34:16.096,-1,0.0,5.0,2.6835439999995288,6.0,45.134663,16.87857,25.986624,1.186015999999654,8.438384000000951,6,8,False,False,HOLD,STOP
32264,2026-08-27 11:35:34.928,-1,3.0,2.0,-1.388967999999295,1.0,54.895212,30.296757,31.603296,2.2769640000005893,8.280543999997462,0,0,False,True,HOLD,STOP
32287,2026-08-27 11:49:46.440,-1,3.0,2.0,1.237703999999212,3.0,52.55635,17.421945,11.105782,0.2140240000007907,1.4065880000016477,10,10,False,False,HOLD,TARGET
32288,2026-08-27 11:49:58.436,-1,1.0,4.0,3.740436000000045,5.0,62.298218,31.328772,19.058077,1.7951519999987795,1.8184800000017276,10,10,False,False,HOLD,TARGET
32289,2026-08-27 11:50:04.824,-1,1.0,4.0,5.687003999999433,5.0,67.749785,42.197603,26.649738,3.6057399999990594,2.3807720000004338,10,10,False,True,HOLD,TARGET
32291,2026-08-27 11:51:19.440,-1,0.0,0.0,5.082264000000578,-1.0,65.744908,46.888785,31.612678,5.248712000000523,3.1765639999975974,0,0,False,True,HOLD,TARGET
32292,2026-08-27 11:53:45.028,-1,4.0,1.0,-1.047127999998338,-0.0,57.637747,42.904831,29.476339,5.551627999997436,3.473332000001392,0,0,False,True,HOLD,TARGET
32293,2026-08-27 11:54:01.688,-1,2.0,3.0,1.185568000000785,4.0,55.400146,43.077934,30.211287,6.238571999998385,3.8878960000001825,1,1,False,True,HOLD,TARGET
32294,2026-08-27 11:55:11.240,-1,1.0,4.0,3.699884000001475,5.0,60.86582,47.732958,34.101547,7.3303239999986545,4.446059999998397,2,10,False,True,HOLD,STOP
32314,2026-08-27 12:05:12.636,1,3.0,2.0,4.0005439999986265,3.0,67.693979,49.633697,28.132236,6.250372000002244,0.24817999999868334,10,10,False,False,HOLD,STOP
32321,2026-08-27 12:07:05.224,1,3.0,2.0,-0.7838359999987006,3.0,24.338289,21.931609,13.075938,3.479239999996935,1.329200000000128,4,4,False,False,HOLD,TARGET
32325,2026-08-27 12:09:05.256,1,0.0,5.0,0.5075480000014068,6.0,33.609535,27.387277,17.709031,4.098015999999916,2.1464079999968817,1,2,False,False,HOLD,TARGET
32326,2026-08-27 12:10:35.448,1,2.0,3.0,2.3947599999992235,4.0,53.097537,37.59472,24.255522,5.122360000001208,2.617124000000331,10,10,False,True,HOLD,STOP
32330,2026-08-27 12:13:31.956,1,5.0,0.0,-2.442188000000897,1.0,19.842045,27.22276,20.207777,4.7346400000024005,3.3009079999974347,1,1,False,False,HOLD,STOP
32338,2026-08-27 12:19:27.984,1,4.0,1.0,-3.2684320000007574,2.0,-4.091987,10.778806,12.614847,2.4728680000007444,3.3275639999992563,1,1,False,False,HOLD,TARGET
32356,2026-08-27 12:31:18.384,1,5.0,0.0,-1.005271999998513,1.0,41.983061,13.032078,9.278727,0.3107799999997951,1.471771999997145,10,10,False,False,HOLD,TARGET
32357,2026-08-27 12:31:47.080,1,1.0,4.0,1.9959000000017113,5.0,55.234072,25.622749,16.049847,1.5651679999973567,1.7935720000023139,10,10,False,False,HOLD,TARGET
32358,2026-08-27 12:32:15.592,1,1.0,4.0,4.330143999999564,5.0,62.674029,36.299987,22.791959,3.14603999999963,2.2763120000017807,10,10,False,True,HOLD,TARGET
32359,2026-08-27 12:33:42.088,1,5.0,0.0,3.0345559999987017,1.0,66.682805,44.102151,28.70109,4.363532000003033,2.736664000000019,10,10,False,True,HOLD,TARGET
32360,2026-08-27 12:34:39.128,1,4.0,1.0,2.80465600000025,2.0,67.355373,47.85413,32.236062,5.441584000000148,3.2165600000007544,10,10,False,True,HOLD,TARGET
32361,2026-08-27 12:35:20.536,1,2.0,3.0,4.181400000001304,4.0,67.234446,50.269771,34.891391,6.685139999997773,3.7937999999994645,10,10,False,True,HOLD,TARGET
32363,2026-08-27 12:37:42.572,1,2.0,3.0,0.8998600000013539,2.0,63.066629,50.733047,36.733483,7.676779999997962,4.6473040000018955,0,0,False,True,HOLD,TARGET
32365,2026-08-27 12:39:16.136,1,2.0,3.0,-0.48033199999917997,2.0,53.578223,47.486258,35.585931,7.965199999998731,5.336232000001473,0,0,False,True,HOLD,TARGET
32366,2026-08-27 12:41:32.856,1,2.0,3.0,1.6264080000000831,4.0,54.930805,48.664477,36.974507,8.539671999998973,5.799291999999696,1,10,False,True,HOLD,STOP
32370,2026-08-27 12:44:58.308,1,2.0,3.0,-0.8605400000014924,4.0,16.757056,35.009094,30.148068,7.032000000002881,6.386199999997189,1,2,False,False,HOLD,TARGET
32371,2026-08-27 12:45:09.204,1,4.0,1.0,-0.22486399999979767,2.0,44.272712,42.335876,34.556878,7.342607999999018,6.672947999999451,3,3,False,False,HOLD,TARGET
32372,2026-08-27 12:46:01.012,1,5.0,0.0,-0.5082279999987804,1.0,51.931607,45.703293,36.988422,7.576551999998628,6.946263999998337,10,10,False,True,HOLD,TARGET
32374,2026-08-27 12:48:11.252,1,2.0,3.0,-1.3321360000009008,2.0,46.006294,44.122761,36.744303,7.540364000000409,7.342724000001908,0,0,False,True,HOLD,STOP
32382,2026-08-27 12:52:18.808,1,1.0,4.0,1.7539959999994608,5.0,41.143859,29.641188,28.202128,4.28075600000011,6.7680360000013025,5,6,False,False,HOLD,TARGET
32383,2026-08-27 12:52:55.744,1,2.0,3.0,3.3642199999994773,4.0,60.818668,42.722719,35.423953,5.467752000000473,7.115804000000935,7,10,False,True,HOLD,TARGET
32384,2026-08-27 12:53:04.120,1,0.0,5.0,6.1721680000009655,6.0,68.228944,51.331856,41.330885,7.0732480000006035,7.645583999998053,10,10,True,True,HOLD,TARGET
32388,2026-08-27 12:54:10.044,1,4.0,1.0,0.18844399999943562,2.0,48.491842,45.104191,38.954059,7.906407999998919,8.512303999999858,1,2,False,True,HOLD,TARGET
32389,2026-08-27 12:54:37.356,1,3.0,2.0,1.3687879999997676,3.0,57.096072,49.31814,41.809453,8.438475999999355,8.834908000000723,3,10,False,True,HOLD,TARGET
32390,2026-08-27 12:54:42.844,1,0.0,5.0,4.620168000001286,6.0,63.627257,53.745779,45.089141,9.522511999999551,9.337051999998948,10,10,True,True,HOLD,STOP
32405,2026-08-27 12:59:05.744,1,3.0,2.0,-1.750395999999455,3.0,15.653953,22.470677,28.386387,3.94974000000002,8.43426399999953,1,2,False,False,HOLD,TARGET
32406,2026-08-27 12:59:09.224,1,4.0,1.0,-0.9169760000004317,2.0,39.02621,30.70431,31.954856,4.380371999999625,8.478696000001946,3,10,False,False,HOLD,STOP
32410,2026-08-27 12:59:46.280,1,3.0,2.0,-2.949956000000384,3.0,6.614165,20.06327,26.726976,3.7206159999986994,8.035640000001877,1,1,False,False,HOLD,TARGET
32421,2026-08-27 12:59:59.500,1,3.0,2.0,-1.6148560000001453,3.0,23.088683,8.824159,16.505265,0.7809679999991204,5.405076000002737,1,1,False,False,HOLD,STOP
32860,2026-08-28 06:31:31.728,-1,1.0,4.0,1.3194799999982934,5.0,42.024693,10.735844,5.156423,0.09827200000290759,0.25189599999794154,1,10,False,False,HOLD,STOP
32871,2026-08-28 06:33:16.716,-1,3.0,2.0,-2.678016000001662,3.0,-9.257065,-3.744056,-0.723417,0.12665600000036648,0.49439600000187056,1,2,False,False,HOLD,TARGET
32872,2026-08-28 06:33:22.104,-1,1.0,4.0,0.6948760000013863,5.0,37.311797,14.56326,8.235305,1.1578719999997702,0.7788000000000466,3,6,False,False,HOLD,STOP
32880,2026-08-28 06:34:54.920,1,1.0,4.0,-0.8280960000010964,3.0,45.204056,22.400766,10.517718,1.7885360000000219,0.04714400000011665,0,0,False,False,HOLD,TARGET
32881,2026-08-28 06:35:00.988,1,1.0,4.0,2.1337039999998524,5.0,52.470908,29.504554,15.103244,2.949899999999616,0.4923080000007758,1,10,False,False,HOLD,STOP
32886,2026-08-28 06:36:08.052,1,3.0,2.0,-2.3945999999996275,3.0,7.62111,12.566467,7.869371,2.2750280000000203,0.971268000001146,2,2,False,False,HOLD,TARGET
32887,2026-08-28 06:36:22.200,1,4.0,1.0,-1.4180239999986952,2.0,31.905894,21.392552,12.642184,2.748015999997733,1.213796000000002,4,4,False,False,HOLD,TARGET
32888,2026-08-28 06:36:39.876,1,2.0,3.0,0.8970919999992475,4.0,49.013148,30.980862,18.425528,3.606500000001688,1.587496000000101,5,10,False,False,HOLD,TARGET
32890,2026-08-28 06:37:04.868,1,0.0,5.0,0.4686120000005758,4.0,53.89561,37.463562,23.566925,4.562428000001091,2.204139999998006,0,0,False,True,HOLD,TARGET
32891,2026-08-28 06:37:11.368,1,3.0,2.0,1.586699999999837,3.0,55.162395,39.974619,25.848123,5.401856000000407,2.649167999999918,1,10,False,True,HOLD,TARGET
32892,2026-08-28 06:37:20.920,1,2.0,3.0,3.23410000000149,4.0,62.63792,46.792452,31.351783,6.475371999997151,3.197360000001936,10,10,False,True,HOLD,STOP
32905,2026-08-28 06:40:23.432,1,0.0,5.0,2.1401799999985087,6.0,47.376535,32.531207,25.078617,4.341503999999986,4.408056000000215,1,10,False,True,HOLD,TARGET
32906,2026-08-28 06:40:36.384,1,1.0,4.0,4.4423639999986335,5.0,62.018207,43.835115,32.318821,5.720784000001004,4.907384000001912,10,10,False,True,HOLD,TARGET
32908,2026-08-28 06:40:53.840,1,0.0,5.0,2.008344000001671,4.0,63.92982,49.453602,37.339784,6.966543999998976,5.62616799999887,0,0,False,True,HOLD,TARGET
32909,2026-08-28 06:41:13.940,1,1.0,4.0,4.339823999998771,5.0,63.821336,51.011791,39.056142,8.117072000000917,6.179415999999037,1,10,True,True,HOLD,TARGET
32911,2026-08-28 06:41:55.040,1,0.0,5.0,3.1561880000008387,4.0,66.355306,55.504555,43.653376,9.452932000000146,7.129743999998027,0,0,True,True,HOLD,STOP
32916,2026-08-28 06:43:12.196,1,3.0,2.0,-1.2654560000009951,3.0,20.147779,37.687487,34.079953,7.559396000000561,7.862907999999152,1,2,False,False,HOLD,STOP
32997,2026-08-28 07:00:00.236,-1,0.0,5.0,2.1255119999987073,6.0,44.591978,30.700642,20.133724,4.197004000001471,2.5025639999985287,1,10,False,False,HOLD,TARGET
32998,2026-08-28 07:00:00.236,-1,0.0,5.0,5.208731999999145,6.0,62.873725,44.214106,29.309368,5.727984000001015,3.1109120000000985,10,10,False,True,HOLD,TARGET
32999,2026-08-28 07:00:00.236,-1,0.0,5.0,7.606791999998677,6.0,70.674779,53.974642,37.763788,7.574984000002587,3.883591999998316,10,10,False,True,HOLD,STOP
33001,2026-08-28 07:00:00.244,-1,2.0,3.0,1.7621319999998377,2.0,68.057048,55.7159,40.953489,8.774123999999574,4.907783999999083,0,0,True,True,HOLD,TARGET
33003,2026-08-28 07:00:00.264,-1,3.0,2.0,-0.7364879999986442,1.0,55.898061,50.688229,38.294464,8.959975999998278,5.6862160000018775,0,0,False,True,HOLD,TARGET
33005,2026-08-28 07:00:00.264,-1,1.0,4.0,-0.08750399999917136,3.0,49.95184,48.75126,37.995827,9.039863999998488,6.38566400000127,0,0,False,True,HOLD,STOP
33038,2026-08-28 07:00:01.640,-1,0.0,5.0,2.2999000000017986,6.0,46.431879,12.330218,6.379506,0.06235199999719043,0.46800400000211084,1,10,False,False,HOLD,TARGET
33039,2026-08-28 07:00:01.640,-1,0.0,5.0,5.344364000000496,6.0,63.467488,32.119264,17.566308,1.9489079999984824,0.9946240000026592,10,10,False,False,HOLD,STOP
33055,2026-08-28 07:00:01.708,-1,0.0,5.0,1.8794879999986733,6.0,35.110747,18.451418,12.239481,2.3092520000027434,1.7548959999985527,3,3,False,False,HOLD,TARGET
33056,2026-08-28 07:00:01.708,-1,0.0,5.0,5.01738000000114,6.0,61.993131,38.201349,23.927634,3.95625999999902,2.3055400000012014,10,10,False,True,HOLD,STOP
33063,2026-08-28 07:00:01.732,-1,0.0,5.0,0.9826800000009825,6.0,20.136993,9.250003,8.572168,1.403255999997782,2.0004680000020016,3,4,False,False,HOLD,TARGET
33064,2026-08-28 07:00:01.732,-1,0.0,5.0,4.319859999999608,6.0,58.290365,32.204018,20.812886,2.995200000001205,2.467956000000413,5,6,False,True,HOLD,TARGET
33077,2026-08-28 07:00:01.888,-1,0.0,5.0,5.073432000001048,6.0,62.25649,28.839346,16.750598,1.4058199999999488,1.4417599999978847,10,10,False,False,HOLD,STOP
33096,2026-08-28 07:00:01.984,1,2.0,3.0,-1.203192000000854,4.0,28.965219,17.50045,9.693941,2.085504000002402,0.7495999999991909,1,1,False,False,HOLD,TARGET
33098,2026-08-28 07:00:02.392,1,4.0,1.0,-2.703163999998651,0.0,40.747919,25.252137,14.585683,2.6819519999990007,1.1431720000000496,0,0,False,False,HOLD,TARGET
33105,2026-08-28 07:00:02.756,1,4.0,1.0,-2.09955600000103,2.0,24.804922,22.086411,15.159887,3.2717480000028445,2.148851999998442,1,1,False,False,HOLD,TARGET
33110,2026-08-28 07:00:03.816,1,2.0,3.0,0.5548080000007758,4.0,39.761359,29.23577,20.393361,4.131031999997504,2.9538920000013604,1,10,False,False,HOLD,TARGET
33111,2026-08-28 07:00:04.460,1,2.0,3.0,2.4315160000005562,4.0,56.93455,39.859337,27.205363,5.159456000001228,3.3962199999987206,10,10,False,True,HOLD,STOP
33113,2026-08-28 07:00:04.988,1,1.0,4.0,1.2240039999996952,3.0,60.630627,46.079601,32.654502,6.346595999999408,4.146528000001126,0,0,False,True,HOLD,STOP
33128,2026-08-28 07:00:13.536,1,1.0,4.0,0.8459440000005998,5.0,32.141674,8.066859,9.641552,0.3724839999995311,2.64504400000078,4,5,False,False,HOLD,TARGET
33129,2026-08-28 07:00:13.820,1,0.0,5.0,4.213511999998445,6.0,59.145191,29.120395,20.423903,2.0274400000016612,3.0396399999990535,10,10,False,False,HOLD,TARGET
33131,2026-08-28 07:00:14.728,1,2.0,3.0,0.9192839999996067,2.0,63.15204,40.440785,28.155845,3.742259999999078,3.59632000000056,0,0,False,True,HOLD,TARGET
33132,2026-08-28 07:00:15.480,1,1.0,4.0,3.4927759999991395,5.0,62.327114,42.534659,30.095491,4.995844000000943,4.053248000000167,1,10,False,True,HOLD,TARGET
33133,2026-08-28 07:00:15.744,1,3.0,2.0,3.938827999998466,3.0,65.788375,48.002648,34.511057,6.23070000000007,4.566775999999663,10,10,False,True,HOLD,TARGET
33134,2026-08-28 07:00:15.980,1,1.0,4.0,5.841307999999117,5.0,69.626,53.84389,39.710867,7.714660000001459,5.210284000000684,10,10,True,True,HOLD,TARGET
33135,2026-08-28 07:00:16.108,1,2.0,3.0,6.543239999999059,4.0,71.468184,57.654127,43.676283,9.208252000000357,5.925888000001578,10,10,True,True,HOLD,TARGET
33138,2026-08-28 07:00:17.860,1,0.0,5.0,0.9208919999982754,4.0,57.015584,52.723517,41.784396,9.889180000001943,7.186467999999877,0,0,False,True,HOLD,TARGET
33139,2026-08-28 07:00:18.900,1,2.0,3.0,2.7162519999983488,4.0,58.670897,53.847407,43.137168,10.509015999999974,7.712584000000788,1,10,False,True,HOLD,TARGET
33140,2026-08-28 07:00:19.516,1,3.0,2.0,3.3348599999990256,3.0,64.45776,57.214158,46.234462,11.192384000001766,8.275792000000365,10,10,True,True,HOLD,TARGET
33146,2026-08-28 07:00:22.260,1,0.0,5.0,3.5114040000007662,6.0,56.410782,53.071274,45.412249,10.587508000000525,9.968603999997868,1,10,False,True,HOLD,TARGET
33149,2026-08-28 07:00:23.412,1,2.0,3.0,-1.2545800000007148,2.0,51.45901,52.615363,46.261547,10.427471999999398,10.759519999999611,0,0,False,True,HOLD,STOP
33166,2026-08-28 07:00:38.880,1,1.0,4.0,0.2821960000001127,5.0,35.09009,17.1138,21.749936,1.772400000001653,6.23797199999899,1,10,False,False,HOLD,TARGET
33167,2026-08-28 07:00:39.456,1,3.0,2.0,1.4417079999984708,3.0,52.156457,28.808075,27.204605,2.808520000002318,6.403416000001016,10,10,False,False,HOLD,TARGET
33168,2026-08-28 07:00:39.704,1,3.0,2.0,2.3435519999984535,3.0,61.159453,38.634522,32.524213,3.926660000000993,6.6519159999988915,10,10,False,True,HOLD,TARGET
33170,2026-08-28 07:00:42.924,1,0.0,5.0,1.3436279999987164,4.0,59.525018,42.23864,35.154311,5.18268000000171,7.014651999998023,0,0,False,True,HOLD,TARGET
33172,2026-08-28 07:00:44.812,1,4.0,1.0,-1.1624960000008286,0.0,55.213409,42.745435,36.035303,5.91836400000102,7.359412000001612,0,0,False,True,HOLD,STOP
33190,2026-08-28 07:01:32.328,-1,3.0,2.0,0.4787319999995816,3.0,48.148429,40.025328,20.696751,6.219788000002154,0.10995199999888428,1,10,False,False,HOLD,TARGET
33193,2026-08-28 07:01:38.164,-1,5.0,0.0,-1.106712000000698,1.0,40.755284,38.638547,22.291651,6.407056000000011,1.2782480000023497,1,1,False,False,HOLD,TARGET
33194,2026-08-28 07:01:39.960,-1,1.0,4.0,1.9170000000012806,5.0,54.674946,45.060296,27.681583,7.159315999997489,1.8521360000013374,10,10,False,True,HOLD,TARGET
33195,2026-08-28 07:01:41.784,-1,2.0,3.0,3.4910000000018044,4.0,61.45358,49.925349,32.405261,8.139211999998224,2.5167320000000473,10,10,False,True,HOLD,STOP
33211,2026-08-28 07:02:23.224,-1,4.0,1.0,0.011955999998463085,2.0,46.769754,33.11793,26.099756,4.374680000000808,4.725688000002265,1,7,False,True,HOLD,TARGET
33212,2026-08-28 07:02:28.228,-1,1.0,4.0,2.787076000000525,5.0,58.660945,41.780282,31.569442,5.44862799999828,5.12711599999966,10,10,False,True,HOLD,TARGET
33213,2026-08-28 07:02:34.996,-1,1.0,4.0,4.945503999999346,5.0,65.219625,48.792904,36.768375,6.831344000001991,5.66978399999789,10,10,False,True,HOLD,STOP
33230,2026-08-28 07:03:32.260,-1,0.0,5.0,0.36017599999831873,6.0,27.208552,22.358943,21.69906,3.4246800000000803,5.136752000002161,1,10,False,False,HOLD,TARGET
33231,2026-08-28 07:03:36.176,-1,1.0,4.0,3.057916000001569,5.0,53.730063,35.945577,28.910065,4.624151999996684,5.497516000003088,10,10,False,True,HOLD,TARGET
33233,2026-08-28 07:03:46.212,-1,0.0,5.0,0.5659000000014203,4.0,57.963891,42.576323,33.54709,5.462604000000283,5.90389999999752,0,0,False,True,HOLD,TARGET
33236,2026-08-28 07:03:55.460,-1,3.0,2.0,0.35542400000122143,3.0,46.941041,39.552211,32.673344,6.195475999997143,6.457508000003145,1,10,False,True,HOLD,TARGET
33237,2026-08-28 07:03:58.040,-1,2.0,3.0,2.2764400000014575,4.0,57.556166,45.748229,36.756072,7.0303879999992205,6.838503999999375,10,10,False,True,HOLD,TARGET
33238,2026-08-28 07:04:02.984,-1,2.0,3.0,3.770563999998558,4.0,63.867498,51.063092,40.741647,8.071716000002198,7.316960000000108,10,10,True,True,HOLD,TARGET
33239,2026-08-28 07:04:06.452,-1,4.0,1.0,3.3771039999992354,2.0,66.736983,54.565301,43.781313,8.957796000002418,7.798487999996723,10,10,True,True,HOLD,STOP
33243,2026-08-28 07:04:19.184,-1,2.0,3.0,0.512031999998726,4.0,39.213767,44.519828,38.806382,8.645940000002156,8.655611999998655,1,2,False,False,HOLD,STOP
33247,2026-08-28 07:04:27.352,-1,3.0,2.0,-1.8444759999983944,3.0,18.786607,35.914697,34.857294,7.016999999999825,8.813767999999982,1,1,False,False,HOLD,STOP
33259,2026-08-28 07:05:05.056,-1,2.0,3.0,-0.004452000001037959,4.0,27.789154,6.229794,15.164618,0.24056800000107614,5.353775999999925,5,5,False,False,HOLD,TARGET
33262,2026-08-28 07:05:21.424,-1,2.0,3.0,-0.21059999999852153,4.0,36.330108,16.712681,19.390802,1.5459479999990435,5.1986199999992095,1,10,False,False,HOLD,STOP
33268,2026-08-28 07:05:48.668,-1,1.0,4.0,1.2181320000017877,5.0,40.799677,22.129813,20.99891,2.4908479999976407,4.868140000002313,3,4,False,False,HOLD,TARGET
33269,2026-08-28 07:05:52.540,-1,2.0,3.0,2.947435999998561,4.0,58.53849,35.783976,28.312422,3.7448240000012447,5.195560000000114,10,10,False,True,HOLD,TARGET
33270,2026-08-28 07:05:57.764,-1,2.0,3.0,4.292452000001504,4.0,65.886321,45.279393,34.509784,5.144427999999607,5.631811999999627,10,10,False,True,HOLD,TARGET
33272,2026-08-28 07:06:07.836,-1,0.0,0.0,3.0287680000001274,-1.0,58.620107,44.344068,34.894309,5.731407999999647,6.035260000000562,0,0,False,True,HOLD,TARGET
33273,2026-08-28 07:06:09.816,-1,0.0,5.0,0.4668200000014622,4.0,51.89702,41.961019,33.826457,6.272539999998116,6.318999999999505,0,0,False,True,HOLD,TARGET
33274,2026-08-28 07:06:13.596,-1,2.0,3.0,2.3630799999991723,4.0,56.491513,45.395613,36.328345,7.117131999999401,6.713112000001274,1,10,False,True,HOLD,TARGET
33276,2026-08-28 07:06:19.028,-1,0.0,5.0,1.3554440000007162,4.0,59.590206,49.367215,39.780072,7.887807999999495,7.317367999999988,0,0,False,True,HOLD,TARGET
33278,2026-08-28 07:06:24.292,-1,0.0,5.0,0.14094800000020768,4.0,53.337679,47.600762,39.398306,8.055339999998978,7.780279999999038,0,0,False,True,HOLD,TARGET
33279,2026-08-28 07:06:27.616,-1,1.0,4.0,2.88740400000097,5.0,56.121194,49.420264,40.944284,8.853179999998247,8.217296000002534,1,10,False,True,HOLD,TARGET
33280,2026-08-28 07:06:31.036,-1,3.0,2.0,3.467980000001262,3.0,63.966553,54.348792,44.72426,9.693359999997483,8.700152000001253,10,10,True,True,HOLD,STOP
33282,2026-08-28 07:06:43.096,-1,0.0,5.0,2.6287799999990966,4.0,64.389806,56.515835,47.218733,10.576575999999477,9.510691999999835,0,0,True,True,HOLD,STOP
33284,2026-08-28 07:06:52.520,-1,5.0,0.0,-3.58259199999884,-1.0,48.501149,50.850708,44.1832,9.68600399999923,9.828239999998914,0,0,False,True,HOLD,TARGET
33288,2026-08-28 07:07:04.160,-1,1.0,4.0,-0.24139600000125938,5.0,22.337997,37.561545,37.071418,7.469432000001689,9.773099999998522,2,4,False,False,HOLD,STOP
33303,2026-08-28 07:08:20.948,-1,1.0,4.0,-0.8635119999999006,5.0,10.067155,3.632167,15.815548,0.6440279999987979,6.110255999999936,1,7,False,False,HOLD,TARGET
33306,2026-08-28 07:08:32.368,-1,2.0,3.0,1.0655919999990147,4.0,45.669085,23.884552,24.336193,2.386475999999675,6.081872000002477,1,10,False,False,HOLD,STOP
33319,2026-08-28 07:09:33.128,1,1.0,4.0,1.8463400000000547,5.0,52.202262,43.888825,24.201646,7.11201599999913,0.5221720000008645,3,4,False,False,HOLD,STOP
33329,2026-08-28 07:10:21.116,-1,4.0,1.0,1.403812000000471,2.0,59.254045,32.674265,16.707204,2.560932000000321,0.3635839999988093,1,1,False,False,HOLD,TARGET
33333,2026-08-28 07:10:40.188,-1,3.0,2.0,-1.3836999999984982,3.0,22.674038,19.251254,11.089678,2.903543999997055,1.0115120000009483,1,2,False,False,HOLD,TARGET
33334,2026-08-28 07:10:43.496,-1,1.0,4.0,1.7015680000004068,5.0,48.736816,31.576311,18.371816,3.8966880000007222,1.4416759999985516,3,10,False,False,HOLD,TARGET
33335,2026-08-28 07:10:46.692,-1,4.0,1.0,1.7678840000007767,2.0,58.427319,39.764865,24.218431,4.822511999998824,1.8989480000018375,10,10,False,True,HOLD,TARGET
33336,2026-08-28 07:11:16.484,-1,3.0,2.0,2.597244000000501,3.0,63.507555,45.908504,29.374468,5.825919999999314,2.4195399999989604,10,10,False,True,HOLD,TARGET
33338,2026-08-28 07:11:31.348,-1,3.0,2.0,-1.4411719999989145,1.0,54.520689,43.51342,29.152446,6.183335999998235,3.0738039999996545,0,0,False,True,HOLD,TARGET
33339,2026-08-28 07:11:32.152,-1,1.0,4.0,1.6568640000004962,5.0,52.716239,43.635132,29.904666,6.905928000000131,3.5545119999987946,1,10,False,True,HOLD,TARGET
33340,2026-08-28 07:11:36.020,-1,1.0,4.0,4.066451999999117,5.0,61.429707,49.491885,34.852214,8.011316000000079,4.17218800000046,10,10,False,True,HOLD,TARGET
33341,2026-08-28 07:11:46.592,-1,4.0,1.0,3.607240000001184,2.0,66.657092,54.401698,39.554137,8.944307999998273,4.786648000001151,10,10,True,True,HOLD,STOP
33342,2026-08-28 07:11:52.832,-1,4.0,1.0,3.250076000000263,2.0,67.950391,56.74775,42.339232,9.737347999998747,5.396332000000257,10,10,True,True,HOLD,STOP
33346,2026-08-28 07:12:21.612,-1,3.0,2.0,-2.2540120000012394,3.0,10.566613,37.338536,31.134483,7.833864000000176,6.231576000001951,1,1,False,False,HOLD,TARGET
33347,2026-08-28 07:12:22.992,-1,1.0,4.0,1.0246560000014142,5.0,41.535449,44.083147,35.416254,8.308807999997953,6.622616000000562,3,3,False,False,HOLD,STOP
33354,2026-08-28 07:13:04.144,-1,1.0,4.0,-0.7617639999989478,5.0,6.869089,20.885582,23.450242,4.2059079999999085,6.3078480000003765,1,4,False,False,HOLD,TARGET
33355,2026-08-28 07:13:16.524,-1,1.0,4.0,2.185295999999653,5.0,48.511026,35.918893,30.954305,5.18331599999874,6.6087920000027225,6,10,False,True,HOLD,TARGET
33356,2026-08-28 07:13:18.972,-1,1.0,4.0,4.477451999999175,5.0,63.326479,46.841303,37.680111,6.501672000002145,7.057991999998194,10,10,False,True,HOLD,TARGET
33357,2026-08-28 07:13:24.124,-1,1.0,4.0,6.260239999999612,5.0,69.39202,54.093519,43.171423,8.040555999999924,7.63682400000107,10,10,True,True,HOLD,TARGET
33358,2026-08-28 07:13:33.236,-1,3.0,2.0,6.091300000000047,3.0,71.7429,58.270806,46.970698,9.425432,8.246864000000642,10,10,True,True,HOLD,TARGET
33359,2026-08-28 07:13:45.600,-1,2.0,3.0,6.737676000000647,4.0,72.880367,61.051936,49.866311,10.817715999997745,8.923356000002968,10,10,True,True,HOLD,STOP
33363,2026-08-28 07:14:06.996,-1,4.0,1.0,-0.4186599999993632,2.0,44.927428,50.960416,44.487114,10.630160000000615,10.164451999997254,1,1,False,False,HOLD,STOP
33394,2026-08-28 07:17:06.768,1,5.0,0.0,0.31137999999918975,1.0,54.341446,39.745024,20.844982,5.32835200000045,0.25196000000141794,3,3,False,False,HOLD,TARGET
33395,2026-08-28 07:17:20.940,1,0.0,0.0,4.908852000000479,1.0,56.805676,42.769467,23.953783,5.799704000000929,0.7167959999969753,10,10,False,False,HOLD,TARGET
33396,2026-08-28 07:17:27.664,1,4.0,1.0,-1.1820039999984147,0.0,53.20507,42.124692,24.369777,6.03387599999769,1.1254279999993742,0,0,False,False,HOLD,TARGET
33397,2026-08-28 07:17:30.360,1,0.0,5.0,2.6362200000003213,6.0,57.312158,45.52992,27.776826,6.947499999998399,1.7278000000005704,1,10,False,True,HOLD,TARGET
33398,2026-08-28 07:17:33.952,1,2.0,3.0,4.050392000001011,4.0,62.883921,50.284521,32.488436,8.046631999997771,2.417968000001565,10,10,False,True,HOLD,TARGET
33399,2026-08-28 07:17:46.304,1,4.0,1.0,3.5947479999995267,2.0,67.445631,54.988468,37.548663,8.974512000000686,3.1020079999980226,10,10,False,True,HOLD,TARGET
33400,2026-08-28 07:18:00.624,1,1.0,4.0,5.573695999999472,5.0,69.590175,58.101594,41.42273,10.19002399999954,3.9008280000016384,10,10,True,True,HOLD,TARGET
33401,2026-08-28 07:18:10.060,1,4.0,1.0,4.7795399999995425,2.0,70.063301,59.799441,43.990549,11.163083999999799,4.676256000002468,10,10,True,True,HOLD,TARGET
33402,2026-08-28 07:18:17.220,1,2.0,3.0,5.717420000000857,4.0,71.32786,61.915024,46.97159,12.22979199999827,5.510143999999855,10,10,True,True,HOLD,TARGET
33406,2026-08-28 07:18:40.004,1,0.0,5.0,2.558076000001165,6.0,48.944519,53.465954,42.44357,11.744127999998454,7.4132600000011735,1,2,False,True,HOLD,TARGET
33407,2026-08-28 07:18:43.252,1,3.0,2.0,3.211835999998584,3.0,61.683824,57.807456,46.358785,12.30619200000001,8.032124000001204,10,10,True,True,HOLD,TARGET
33409,2026-08-28 07:19:06.972,1,1.0,4.0,-0.11876800000027288,3.0,57.321505,56.667052,46.584629,11.859624000000622,8.80390400000033,0,0,False,True,HOLD,TARGET
33410,2026-08-28 07:19:18.036,1,2.0,3.0,1.907628000000841,4.0,55.123806,55.932725,46.524169,12.17396000000008,9.304551999997784,1,10,False,True,HOLD,TARGET
33411,2026-08-28 07:19:24.168,1,5.0,0.0,1.1503760000014154,1.0,59.659169,57.568602,48.185924,12.324687999996968,9.758680000002641,10,10,False,True,HOLD,TARGET
33412,2026-08-28 07:19:24.772,1,0.0,5.0,4.450292000001355,6.0,64.991199,60.131486,50.60966,13.066763999999239,10.374187999997957,10,10,True,True,HOLD,STOP
33418,2026-08-28 07:20:14.916,1,4.0,1.0,-3.387355999999272,2.0,9.623696,42.378708,41.455182,9.295719999998255,11.179975999999442,1,1,False,False,HOLD,TARGET
33419,2026-08-28 07:20:18.052,1,3.0,2.0,-1.4123880000006466,3.0,26.668206,44.209555,42.428896,9.20808400000169,11.308787999998458,2,2,False,False,HOLD,TARGET
33420,2026-08-28 07:20:21.976,1,2.0,3.0,0.9014759999990929,4.0,46.595595,48.617087,44.880941,9.550564000001032,11.550308000001678,6,6,False,True,HOLD,TARGET
33421,2026-08-28 07:20:27.204,1,1.0,4.0,3.478923999999097,5.0,59.699187,53.756706,48.078121,10.336952000001475,11.931475999997929,10,10,False,True,HOLD,STOP
33427,2026-08-28 07:21:21.788,1,5.0,0.0,-3.5362480000003416,1.0,8.021399,35.286919,39.132582,7.256792000000132,11.714707999999519,1,1,False,False,HOLD,TARGET
33428,2026-08-28 07:21:32.200,1,4.0,1.0,-2.3059719999982917,2.0,25.639895,38.111146,40.267113,7.168871999998373,11.692540000000008,2,2,False,False,HOLD,TARGET
33429,2026-08-28 07:21:40.936,1,4.0,1.0,-1.3490879999990284,2.0,36.637634,40.530262,41.322458,7.262955999998667,11.717828000000736,6,6,False,False,HOLD,TARGET
33430,2026-08-28 07:21:44.644,1,1.0,4.0,1.7284880000006524,5.0,51.230109,45.751849,43.901864,7.912271999997756,11.907340000001568,7,10,False,True,HOLD,TARGET
33432,2026-08-28 07:21:57.308,1,0.0,0.0,1.4777280000016617,-1.0,46.606979,44.819237,43.582115,7.455011999998533,11.843880000000354,0,0,False,True,HOLD,TARGET
33436,2026-08-28 07:22:30.348,1,2.0,3.0,-1.2883680000013555,4.0,18.319121,33.263999,37.872836,6.378552000001946,11.46008399999846,1,3,False,False,HOLD,TARGET
33437,2026-08-28 07:22:30.864,1,1.0,4.0,1.7757160000001022,5.0,46.99892,41.88681,41.701349,7.107252000001608,11.626111999998102,4,10,False,True,HOLD,TARGET
33438,2026-08-28 07:22:42.748,1,1.0,4.0,4.1588880000017525,5.0,61.877567,50.157296,46.097823,8.213443999997253,11.94031200000245,10,10,True,True,HOLD,STOP
33469,2026-08-28 07:25:54.760,-1,3.0,2.0,-2.4682800000009593,3.0,6.060132,5.609556,2.611237,1.0325080000002345,0.10865600000033737,2,3,False,False,HOLD,TARGET
33470,2026-08-28 07:25:58.660,-1,2.0,3.0,0.08022799999889685,4.0,36.842011,18.281577,9.172092,1.8788600000007136,0.41289600000163773,4,10,False,False,HOLD,TARGET
33471,2026-08-28 07:26:03.588,-1,2.0,3.0,2.0623999999988882,4.0,54.414977,30.84844,16.642654,3.019964000002801,0.8436599999986356,10,10,False,False,HOLD,TARGET
33472,2026-08-28 07:26:09.456,-1,3.0,2.0,2.826312000001053,3.0,62.263858,40.124797,23.31566,4.2094599999982165,1.3441359999997076,10,10,False,False,HOLD,TARGET
33473,2026-08-28 07:26:14.476,-1,2.0,3.0,4.198240000001533,4.0,66.446617,46.902748,29.15633,5.554671999998391,1.9454279999990831,10,10,False,True,HOLD,STOP
33475,2026-08-28 07:26:25.544,-1,3.0,2.0,0.7372079999986454,1.0,63.771296,49.198171,32.725897,6.823255999999674,2.8915600000000268,0,0,False,True,HOLD,STOP
33485,2026-08-28 07:27:36.680,-1,2.0,3.0,-0.8497840000018186,4.0,26.363539,20.956161,17.255767,3.0584000000017113,3.352367999999842,1,7,False,False,HOLD,TARGET
33486,2026-08-28 07:27:38.228,-1,1.0,4.0,2.116836000001058,5.0,50.201246,32.849556,23.856373,4.11508799999865,3.71882800000094,9,10,False,True,HOLD,TARGET
33487,2026-08-28 07:27:42.952,-1,3.0,2.0,2.8686520000010205,3.0,61.245873,42.428135,30.188653,5.224719999998342,4.1534280000014405,10,10,False,True,HOLD,TARGET
33489,2026-08-28 07:27:48.520,-1,0.0,5.0,0.4514039999994566,4.0,57.257868,43.584315,32.065863,5.925224000002345,4.694715999998152,0,0,False,True,HOLD,TARGET
33490,2026-08-28 07:27:48.720,-1,1.0,4.0,3.128872000001138,5.0,57.668608,45.255464,33.713634,6.937627999999677,5.178515999999945,1,10,False,True,HOLD,TARGET
33492,2026-08-28 07:28:26.296,-1,0.0,0.0,4.139687999999296,-1.0,60.542717,49.754795,37.999584,7.692596000000776,5.89524000000165,0,0,False,True,HOLD,STOP
33528,2026-08-28 07:31:11.224,1,5.0,0.0,-2.0996440000017174,1.0,30.309871,13.337249,6.05407,1.1585000000013679,0.049864000000525266,5,5,False,False,HOLD,TARGET
33531,2026-08-28 07:31:19.736,-1,1.0,4.0,0.5489400000005844,5.0,27.334501,5.137574,2.211958,0.12247600000046077,0.10398799999893527,3,10,False,False,HOLD,STOP
33534,2026-08-28 07:31:27.192,1,1.0,4.0,0.24377599999934318,5.0,21.921202,6.757499,2.930436,0.7293360000003304,0.09791200000108802,3,4,False,False,HOLD,TARGET
33535,2026-08-28 07:31:30.872,1,3.0,2.0,1.4118280000002414,3.0,51.913406,24.497708,12.359185,1.8434359999992012,0.4600319999990461,5,5,False,False,HOLD,TARGET
33536,2026-08-28 07:31:35.132,1,3.0,2.0,2.3203079999984766,3.0,61.042793,35.47204,19.510029,3.034536000002845,0.901028000000224,10,10,False,False,HOLD,STOP
33543,2026-08-28 07:32:06.936,1,2.0,3.0,-0.45575599999938277,4.0,24.367814,15.824172,10.311284,2.2253839999975753,1.404024000003119,1,4,False,False,HOLD,TARGET
33544,2026-08-28 07:32:09.844,1,1.0,4.0,2.4232999999985623,5.0,52.753886,31.275319,19.020825,3.4047600000012608,1.8289799999984098,6,6,False,False,HOLD,STOP
33552,2026-08-28 07:32:41.568,1,1.0,4.0,0.7519160000010743,5.0,34.538826,21.600293,15.203371,2.843799999998737,2.34441599999991,1,6,False,False,HOLD,TARGET
33557,2026-08-28 07:33:28.060,1,1.0,4.0,0.2912079999987327,5.0,27.269175,21.696315,16.426734,3.324984000002587,2.8666039999989152,1,10,False,False,HOLD,TARGET
33558,2026-08-28 07:33:31.520,1,1.0,4.0,3.004271999998309,5.0,55.183886,36.478379,24.99813,4.5226240000010876,3.3095160000011674,10,10,False,True,HOLD,TARGET
33559,2026-08-28 07:33:42.908,1,3.0,2.0,3.5588759999991453,3.0,64.337883,45.760182,31.712647,5.7258680000013555,3.8129879999978584,10,10,False,True,HOLD,TARGET
33560,2026-08-28 07:33:53.056,1,2.0,3.0,4.768016000001808,4.0,68.259518,51.667461,36.889996,7.053947999997035,4.40918800000145,10,10,False,True,HOLD,TARGET
33561,2026-08-28 07:34:08.016,1,2.0,3.0,5.708456000000297,4.0,70.118584,55.534658,40.856719,8.447752000000037,5.085488000000623,10,10,True,True,HOLD,TARGET
33562,2026-08-28 07:34:09.292,1,1.0,4.0,7.217688000000635,5.0,72.19515,59.342051,45.026418,10.006023999998433,5.871252000000823,10,10,True,True,HOLD,TARGET
33564,2026-08-28 07:34:15.684,1,1.0,4.0,2.9094680000016524,3.0,68.960005,59.658012,46.794131,11.121479999997973,7.016727999998693,0,0,True,True,HOLD,TARGET
33566,2026-08-28 07:34:31.848,1,4.0,1.0,-1.4251360000016575,0.0,56.857008,54.914208,44.149974,10.840132000001176,7.7835679999989225,0,0,False,True,HOLD,TARGET
33569,2026-08-28 07:34:59.088,1,3.0,2.0,-0.5813759999982722,3.0,35.706528,47.088413,40.025394,9.769295999998576,8.491079999999783,1,3,False,False,HOLD,TARGET
33570,2026-08-28 07:35:08.256,1,3.0,2.0,0.7700399999994261,3.0,50.790155,50.880319,42.755444,10.042848000000959,8.859091999998782,4,10,False,True,HOLD,TARGET
33571,2026-08-28 07:35:25.568,1,5.0,0.0,0.2655879999983881,1.0,55.80685,52.810069,44.415793,10.202268000000913,9.19738000000143,10,10,False,True,HOLD,TARGET
33575,2026-08-28 07:35:59.288,1,2.0,3.0,-1.2315679999992426,4.0,14.421527,38.850172,37.2935,8.205603999998857,9.517515999999887,1,2,False,False,HOLD,TARGET
33576,2026-08-28 07:36:10.744,1,3.0,2.0,0.26433600000018487,3.0,43.251386,45.219543,40.776726,8.511775999999372,9.754988000000594,3,3,False,False,HOLD,TARGET
33577,2026-08-28 07:36:15.276,1,3.0,2.0,1.4278159999994386,3.0,55.817753,50.047079,43.811918,9.006207999998878,10.056640000002517,10,10,False,True,HOLD,TARGET
33578,2026-08-28 07:36:21.504,1,2.0,3.0,3.110523999999714,4.0,62.066061,53.771694,46.464183,9.768779999998515,10.454864000002999,10,10,True,True,HOLD,STOP
33584,2026-08-28 07:37:25.016,1,2.0,3.0,-0.1391360000015993,4.0,29.757218,36.519607,37.276746,6.733312000000296,10.206600000001345,3,4,False,False,HOLD,TARGET
33587,2026-08-28 07:37:50.808,1,1.0,4.0,0.5038080000012997,5.0,38.156203,38.518409,38.226587,6.702483999997639,10.231464000000415,1,7,False,False,HOLD,TARGET
33590,2026-08-28 07:38:14.768,1,1.0,4.0,1.4112559999994119,5.0,45.870312,41.743075,39.940043,7.118084000001545,10.396459999999934,1,10,False,True,HOLD,TARGET
33591,2026-08-28 07:38:19.524,1,1.0,4.0,3.875424000001658,5.0,60.461632,49.421302,44.257634,8.171571999999287,10.744459999998071,10,10,True,True,HOLD,STOP
33600,2026-08-28 07:40:45.828,1,0.0,5.0,1.637935999999172,6.0,38.762991,30.708967,33.652259,4.686656000001676,9.53727599999911,4,7,False,False,HOLD,TARGET
33601,2026-08-28 07:40:54.776,1,2.0,3.0,3.2739519999995537,4.0,58.958614,42.607356,39.441194,5.824671999998827,9.788268000000244,8,10,False,True,HOLD,TARGET
33602,2026-08-28 07:41:07.548,1,2.0,3.0,4.546407999998337,4.0,66.766044,50.648766,44.2266,7.104323999999906,10.142556000002514,10,10,True,True,HOLD,STOP
33607,2026-08-28 07:42:35.604,1,4.0,1.0,-1.7238839999990887,2.0,26.923897,35.510111,36.810829,6.450787999998283,10.14698800000042,1,1,False,False,HOLD,TARGET
33608,2026-08-28 07:42:41.132,1,1.0,4.0,1.4369799999985844,5.0,48.636571,42.711381,40.356576,7.111772000000201,10.349696000001131,3,10,False,True,HOLD,TARGET
33612,2026-08-28 07:43:10.520,1,1.0,4.0,-0.3633320000008098,3.0,47.367463,43.51241,41.121694,7.300052000002324,10.56232799999998,0,0,False,True,HOLD,TARGET
33613,2026-08-28 07:43:15.640,1,1.0,4.0,2.4951880000007804,5.0,55.174691,47.380769,43.330612,8.086596000001009,10.83886799999891,1,10,False,True,HOLD,TARGET
33617,2026-08-28 07:44:03.236,1,1.0,4.0,1.0417520000009972,5.0,41.740678,42.782293,41.313,7.837179999998625,11.025708000001032,1,10,False,False,HOLD,TARGET
33618,2026-08-28 07:44:07.992,1,1.0,4.0,3.5880319999996573,5.0,58.887918,50.149019,45.409308,8.78058400000009,11.363295999999536,10,10,False,True,HOLD,TARGET
33619,2026-08-28 07:44:14.432,1,1.0,4.0,5.568468000001303,5.0,67.378724,56.349075,49.496119,10.010659999999916,11.829964000000473,10,10,True,True,HOLD,TARGET
33620,2026-08-28 07:44:33.828,1,4.0,1.0,4.775475999998889,2.0,70.053139,59.564546,52.036905,10.997323999999935,12.286916000000929,10,10,True,True,HOLD,TARGET
33621,2026-08-28 07:44:42.492,1,3.0,2.0,4.9364800000003015,3.0,70.875567,61.379217,53.715373,11.934495999998035,12.774632000000565,10,10,True,True,HOLD,STOP
33623,2026-08-28 07:45:00.864,1,2.0,3.0,0.7517000000007101,2.0,63.525483,58.834902,52.614385,12.060691999999108,13.321444000001065,0,0,True,True,HOLD,STOP
33625,2026-08-28 07:45:08.040,1,2.0,3.0,-1.1749000000017986,2.0,49.95797,54.056284,50.111337,11.398508000002039,13.591592000000674,0,0,False,True,HOLD,STOP
33634,2026-08-28 07:46:39.456,1,1.0,4.0,0.27179199999955017,5.0,31.107318,33.506959,38.898126,5.82706799999869,12.109996000002866,4,5,False,False,HOLD,TARGET
33635,2026-08-28 07:46:47.060,1,3.0,2.0,1.4336159999984375,3.0,52.090903,42.064003,42.582828,6.537336000001233,12.210107999999309,6,10,False,True,HOLD,TARGET
33638,2026-08-28 07:47:19.808,1,4.0,1.0,-0.48459599999841885,2.0,44.208229,40.98171,42.035264,6.849367999999231,12.111727999999857,1,1,False,False,HOLD,TARGET
33642,2026-08-28 07:48:14.104,1,4.0,1.0,-3.4350720000002184,2.0,3.229523,27.153177,35.567515,5.4319719999984954,11.452952000003279,1,1,False,False,HOLD,TARGET
33643,2026-08-28 07:48:47.116,1,1.0,4.0,0.10605600000053528,5.0,32.475903,34.418907,38.365333,5.931091999998898,11.493099999999686,2,3,False,False,HOLD,TARGET
33646,2026-08-28 07:49:52.716,1,3.0,2.0,1.214508000000933,3.0,52.371304,43.575627,42.479964,6.968207999998413,11.600468000000546,1,10,False,True,HOLD,TARGET
33647,2026-08-28 07:50:20.836,1,3.0,2.0,2.1668400000016845,3.0,60.250324,48.793389,45.299163,7.721259999998438,11.805548000000272,10,10,True,True,HOLD,TARGET
33648,2026-08-28 07:50:25.360,1,3.0,2.0,2.907544000001508,3.0,63.746794,52.231631,47.426908,8.54950800000006,12.072140000000218,10,10,True,True,HOLD,TARGET
33649,2026-08-28 07:50:37.992,1,2.0,3.0,4.261419999998907,4.0,66.661587,55.482852,49.637357,9.559068000002299,12.433047999998962,10,10,True,True,HOLD,STOP
33652,2026-08-28 07:51:32.292,1,2.0,3.0,-1.3722000000016124,2.0,50.456136,50.52932,47.459099,9.549600000002101,12.806899999999587,0,0,False,True,HOLD,TARGET
33658,2026-08-28 07:52:35.524,1,4.0,1.0,0.25215599999864935,2.0,49.086207,46.421624,45.202763,8.341484000000492,12.686988000001293,1,7,False,True,HOLD,TARGET
33659,2026-08-28 07:53:01.616,1,4.0,1.0,0.6405679999988934,2.0,56.13366,49.723942,46.995073,8.705580000001646,12.825435999999172,10,10,False,True,HOLD,TARGET
33662,2026-08-28 07:53:34.976,1,1.0,4.0,1.4756039999992936,5.0,46.532769,46.401965,45.44833,8.720015999999305,12.928640000001906,1,10,False,True,HOLD,TARGET
33663,2026-08-28 07:53:47.076,1,1.0,4.0,3.925468000001274,5.0,60.720982,52.702957,48.888912,9.65450399999827,13.245299999998679,10,10,True,True,HOLD,TARGET
33664,2026-08-28 07:53:57.196,1,2.0,3.0,5.053144000001339,4.0,67.583589,57.688409,52.086754,10.7204279999969,13.646788000001834,10,10,True,True,HOLD,TARGET
33665,2026-08-28 07:54:02.320,1,3.0,2.0,5.152443999999377,3.0,70.178804,60.599038,54.276747,11.71924399999989,14.08120400000189,10,10,True,True,HOLD,TARGET
33667,2026-08-28 07:54:31.400,1,0.0,5.0,3.042836000000534,4.0,66.831913,60.368387,54.68745,12.456559999998717,14.685875999999553,0,0,True,True,HOLD,TARGET
33671,2026-08-28 07:56:06.660,1,1.0,4.0,1.3765959999982442,5.0,42.69496,51.039041,49.823081,11.092992000001686,14.93981200000053,1,10,False,False,HOLD,TARGET
33672,2026-08-28 07:56:25.168,1,3.0,2.0,2.292907999999443,3.0,58.098523,55.549211,52.318806,11.539112000002206,15.188775999999052,10,10,False,True,HOLD,TARGET
33674,2026-08-28 07:56:48.956,1,1.0,4.0,-0.6746600000005856,3.0,53.479648,54.174908,51.817049,10.988484000001336,15.28092000000106,0,0,False,True,HOLD,TARGET
33677,2026-08-28 07:58:24.956,1,3.0,2.0,0.8471759999993083,3.0,49.221436,51.716499,50.652636,10.665735999999015,15.422724000000017,1,10,False,True,HOLD,TARGET
33678,2026-08-28 07:59:12.924,1,5.0,0.0,0.3255800000006275,1.0,56.209865,54.050681,51.923964,10.786299999999756,15.532164000000193,10,10,False,True,HOLD,TARGET
33680,2026-08-28 07:59:58.612,1,3.0,2.0,-1.0005759999985457,1.0,52.0573,52.824169,51.444525,10.557671999999002,15.61450799999875,0,0,False,True,HOLD,TARGET
34523,2026-08-28 11:00:22.164,1,1.0,4.0,3.2955159999983152,5.0,57.124244,23.943895,16.949502,1.114108000001579,2.6272160000007716,10,10,False,False,HOLD,STOP
34529,2026-08-28 11:02:38.372,1,3.0,2.0,-1.426500000001397,3.0,17.039432,13.436064,12.67868,2.0875880000021425,2.8717759999999544,1,3,False,False,HOLD,TARGET
34530,2026-08-28 11:02:45.996,1,2.0,3.0,0.8905000000013388,4.0,46.483996,27.163279,19.795696,2.9977039999976114,3.153175999999803,5,5,False,False,HOLD,TARGET
34532,2026-08-28 11:03:17.860,1,1.0,4.0,0.8967239999983576,3.0,57.321159,38.404039,27.097856,4.3862520000002405,3.714852000000974,0,0,False,True,HOLD,STOP
34533,2026-08-28 11:03:58.704,1,5.0,0.0,0.36411600000064936,1.0,56.464346,39.894115,28.541787,5.016219999997702,4.029344000002311,1,1,False,True,HOLD,STOP
34549,2026-08-28 11:09:25.572,1,1.0,4.0,-0.6230959999993502,5.0,9.786271,3.429014,8.189056,0.6719999999986612,2.883347999999387,2,3,False,False,HOLD,STOP
34554,2026-08-28 11:11:08.704,1,3.0,2.0,-0.24419199999829289,3.0,36.869593,19.003265,15.488114,2.0188079999970796,2.9847520000002987,1,10,False,False,HOLD,STOP
34568,2026-08-28 11:17:18.884,-1,0.0,5.0,2.078583999998955,6.0,46.76238,30.4135,14.986827,3.8666360000024724,0.2326839999986987,3,4,False,False,HOLD,STOP
34579,2026-08-28 11:22:30.900,-1,5.0,0.0,-3.801876000001357,1.0,2.363763,3.564252,2.801483,0.7097960000028252,0.536763999996765,1,1,False,False,HOLD,TARGET
34582,2026-08-28 11:23:20.584,-1,1.0,4.0,-0.1440919999986363,5.0,24.104007,11.660425,6.917246,1.4328999999997905,0.7919199999996636,1,10,False,False,HOLD,TARGET
34583,2026-08-28 11:23:23.896,-1,2.0,3.0,1.8879280000001017,4.0,51.044746,27.015226,15.292261,2.5777759999982663,1.1804840000004333,10,10,False,False,HOLD,TARGET
34584,2026-08-28 11:23:37.924,-1,0.0,5.0,5.023944000000483,6.0,64.248998,40.992972,24.644701,4.2045040000011795,1.764948000000004,10,10,False,True,HOLD,TARGET
34586,2026-08-28 11:25:20.280,-1,3.0,2.0,1.2367080000003625,1.0,65.722483,48.147584,31.590162,5.879851999998209,2.6847280000001774,0,0,False,True,HOLD,TARGET
34587,2026-08-28 11:25:28.424,-1,3.0,2.0,2.184103999999934,3.0,62.809853,47.909,32.213665,6.723131999999168,3.195960000000923,1,1,False,True,HOLD,STOP
34595,2026-08-28 11:28:25.180,-1,5.0,0.0,-3.4279119999991963,1.0,4.933732,14.687288,14.607438,2.7509879999997793,3.421940000000177,3,3,False,False,HOLD,TARGET
34601,2026-08-28 11:31:01.004,-1,4.0,1.0,-1.6501360000002023,2.0,28.16982,21.535863,18.167492,3.0106120000018564,3.626671999998507,1,1,False,False,HOLD,STOP
34605,2026-08-28 11:32:10.360,-1,5.0,0.0,-4.863431999998284,1.0,-28.696732,-2.916937,6.065546,1.1879319999970903,3.109076000000641,1,1,False,False,HOLD,STOP
34608,2026-08-28 11:33:01.156,-1,3.0,2.0,-2.0646879999985686,3.0,3.837945,4.996471,8.983277,1.126907999998366,2.8971000000019558,1,5,False,False,HOLD,STOP
34627,2026-08-28 11:43:40.784,-1,0.0,5.0,0.12374800000179675,4.0,46.432023,20.516304,11.463664,1.380299999997078,0.879956000000675,0,0,False,False,HOLD,STOP
34636,2026-08-28 11:48:34.092,-1,4.0,1.0,-0.6921599999986938,2.0,38.6471,23.780538,14.948789,2.844283999998879,1.7161479999995208,1,10,False,False,HOLD,TARGET
34637,2026-08-28 11:48:51.460,-1,1.0,4.0,2.2394319999984873,5.0,55.16157,34.943095,21.81682,3.94052400000146,2.1444640000008803,10,10,False,True,HOLD,TARGET
34639,2026-08-28 11:49:34.008,-1,0.0,5.0,1.8855799999982992,4.0,61.045338,43.58948,28.787098,5.410736000001634,2.9235719999996945,0,0,False,True,HOLD,TARGET
34640,2026-08-28 11:50:04.756,-1,3.0,2.0,2.6887840000017604,3.0,61.609765,46.006961,31.230331,6.383823999996821,3.4327760000014678,1,10,False,True,HOLD,TARGET
34641,2026-08-28 11:50:22.768,-1,2.0,3.0,4.091275999999198,4.0,66.074042,51.256255,35.993076,7.535523999998986,4.035236000003351,10,10,False,True,HOLD,TARGET
34642,2026-08-28 11:50:26.972,-1,2.0,3.0,5.182103999999526,4.0,68.722342,55.220043,40.086116,8.794551999999385,4.71824000000197,10,10,True,True,HOLD,TARGET
34643,2026-08-28 11:51:04.068,-1,3.0,2.0,5.252747999998974,3.0,70.423738,58.282438,43.60485,9.965776000000915,5.429511999998795,10,10,True,True,HOLD,TARGET
34645,2026-08-28 11:52:29.564,-1,2.0,3.0,0.9430199999987963,2.0,64.3199,56.676004,43.699148,10.47074000000066,6.414359999998851,0,0,True,True,HOLD,TARGET
34646,2026-08-28 11:52:44.692,-1,4.0,1.0,1.177904000000126,2.0,59.41049,54.958626,42.959364,10.762756000000081,6.913808000001154,1,1,False,True,HOLD,STOP
34648,2026-08-28 11:53:29.720,-1,0.0,5.0,0.6384839999991527,4.0,55.125839,53.726628,43.136946,10.68728800000099,7.691367999999784,0,0,False,True,HOLD,STOP
34681,2026-08-28 12:09:30.408,1,1.0,4.0,2.57342399999834,5.0,57.373127,41.701238,22.673928,5.636124000000564,0.5257039999996778,10,10,False,False,HOLD,TARGET
34682,2026-08-28 12:09:37.244,1,1.0,4.0,4.7793280000005325,5.0,64.576949,48.736155,29.172611,6.9734559999997145,1.2477519999993092,10,10,False,False,HOLD,STOP
34700,2026-08-28 12:20:25.040,1,2.0,3.0,0.33188000000154716,4.0,36.811264,24.40915,19.743878,3.2362560000001395,3.7693079999990005,3,10,False,False,HOLD,TARGET
34701,2026-08-28 12:20:47.800,1,2.0,3.0,2.2581280000013066,4.0,55.791385,36.40906,26.643089,4.304555999999138,4.134075999998458,10,10,False,True,HOLD,TARGET
34702,2026-08-28 12:21:21.152,1,2.0,3.0,3.7563240000017686,4.0,63.807991,44.957199,32.574174,5.5613479999992705,4.606668000000354,10,10,False,True,HOLD,STOP
34704,2026-08-28 12:22:03.272,1,4.0,1.0,-2.12271999999939,0.0,55.596697,43.327827,32.619334,5.855595999997604,5.0438800000010815,0,0,False,True,HOLD,STOP
34710,2026-08-28 12:25:56.560,1,3.0,2.0,-1.517147999998997,3.0,15.241838,19.72081,19.868885,3.440284000000247,4.819051999998919,1,4,False,False,HOLD,TARGET
34711,2026-08-28 12:27:02.120,1,2.0,3.0,0.8199959999983548,4.0,45.755959,31.927779,26.151033,4.229291999999987,5.075556000003417,5,7,False,True,HOLD,STOP
34713,2026-08-28 12:29:38.960,1,2.0,3.0,-1.1335839999992459,2.0,50.322714,37.116267,29.610831,4.786499999998341,5.384283999999752,0,0,False,True,HOLD,STOP
34732,2026-08-28 12:39:40.992,1,3.0,2.0,0.012008000001515029,3.0,43.269162,15.693152,13.541344,0.7870839999995951,2.7871279999999388,7,8,False,False,HOLD,TARGET
34733,2026-08-28 12:40:07.988,1,1.0,4.0,2.7871200000008685,5.0,57.12029,28.890574,20.565495,2.1480439999977534,3.118264000000636,9,10,False,False,HOLD,TARGET
34734,2026-08-28 12:40:36.892,1,1.0,4.0,4.945535999999265,5.0,65.219744,40.508473,27.941905,3.794816000001447,3.605100000000675,10,10,False,True,HOLD,STOP
34736,2026-08-28 12:41:56.952,1,3.0,2.0,-0.020599999999831198,1.0,62.68121,44.270185,31.66442,5.031232000001182,4.1925319999973,0,0,False,True,HOLD,TARGET
34737,2026-08-28 12:43:41.632,1,4.0,1.0,0.42842000000018743,2.0,56.410246,41.887541,30.64965,5.621363999998721,4.51796000000104,1,1,False,True,HOLD,STOP
34754,2026-08-28 12:50:00.172,1,2.0,3.0,2.1548560000010184,4.0,53.205628,16.431542,10.572552,0.041983999999501975,1.4078279999994265,10,10,False,False,HOLD,TARGET
34756,2026-08-28 12:50:07.628,1,0.0,5.0,1.834419999999227,4.0,60.785509,32.31535,20.01539,2.0905840000013995,1.9380519999976968,0,0,False,True,HOLD,TARGET
34757,2026-08-28 12:50:09.876,1,1.0,4.0,4.204548000001523,5.0,63.243873,38.494466,24.444852,3.6064559999977064,2.429972000001726,1,10,False,True,HOLD,STOP
34759,2026-08-28 12:50:25.512,1,4.0,1.0,-1.851567999998224,0.0,57.372368,39.435821,26.357475,4.3091999999996915,2.9189879999976256,0,0,False,True,HOLD,STOP
34779,2026-08-28 12:55:10.828,1,1.0,4.0,-0.6352120000010473,3.0,49.593861,20.973264,10.764501,0.9850920000026235,0.44252399999822956,0,0,False,False,HOLD,TARGET
34783,2026-08-28 12:55:48.536,1,1.0,4.0,0.030611999998654937,5.0,22.670468,11.773943,6.826419,1.5859680000030494,0.7463999999999942,1,4,False,False,HOLD,TARGET
34784,2026-08-28 12:56:09.452,1,1.0,4.0,2.8015879999984463,5.0,53.711695,29.470562,16.595239,2.8856640000012703,1.1909080000004906,10,10,False,False,HOLD,TARGET
34785,2026-08-28 12:56:40.660,1,4.0,1.0,2.6234560000011697,2.0,62.828328,40.026468,23.902828,4.048815999998624,1.6616439999997965,10,10,False,True,HOLD,TARGET
34786,2026-08-28 12:57:14.780,1,4.0,1.0,2.4849119999998948,2.0,65.377257,45.36142,28.522523,5.093580000000657,2.1540959999983897,10,10,False,True,HOLD,STOP
34798,2026-08-28 12:59:27.928,1,0.0,5.0,2.4003720000000612,6.0,47.4386,15.99827,10.449544,0.6809759999996459,1.4574759999995877,5,8,False,False,HOLD,STOP
34800,2026-08-28 12:59:35.176,1,2.0,3.0,-1.3874280000018189,2.0,52.446971,26.406251,16.588278,1.681880000000092,1.7400400000005902,0,0,False,False,HOLD,STOP
34808,2026-08-28 12:59:51.044,-1,2.0,3.0,-1.6817919999994047,2.0,44.995239,29.380555,14.63111,3.2899279999983264,0.2000560000014957,0,0,False,False,HOLD,TARGET
34809,2026-08-28 12:59:51.868,-1,2.0,3.0,0.6919400000006135,4.0,47.041969,31.990908,16.862597,4.0675479999990785,0.6248520000008284,1,2,False,False,HOLD,TARGET
34810,2026-08-28 12:59:53.992,-1,2.0,3.0,2.5381759999982023,4.0,57.60466,40.075361,22.876952,5.120552000000316,1.1615200000014738,3,10,False,False,HOLD,STOP
35859,2026-08-31 06:31:05.296,1,4.0,1.0,-1.6368599999987055,2.0,24.001483,11.952798,14.674151,1.3722879999986617,4.012188000000606,4,4,False,False,HOLD,TARGET
35861,2026-08-31 06:31:11.896,1,4.0,1.0,-3.5704440000008617,0.0,32.272187,18.186,17.619622,1.732108000000153,3.9902120000006107,0,0,False,False,HOLD,TARGET
35862,2026-08-31 06:31:14.048,1,1.0,4.0,0.0007640000003448222,5.0,38.218972,22.239565,19.668338,2.5079679999980726,4.1666000000004715,1,1,False,False,HOLD,STOP
35872,2026-08-31 06:31:47.572,1,3.0,2.0,-1.5761119999988296,3.0,19.065104,4.987562,8.518177,0.3307199999981094,2.689116000001377,1,7,False,False,HOLD,STOP
35885,2026-08-31 06:32:57.084,-1,1.0,4.0,3.561996000000363,5.0,57.203848,36.164953,18.670625,4.181907999998657,0.3927640000001702,5,10,False,False,HOLD,TARGET
35886,2026-08-31 06:32:59.336,-1,1.0,4.0,5.548220000000583,5.0,67.314165,47.704033,28.093699,5.776171999998041,1.1010360000000219,10,10,False,False,HOLD,TARGET
35888,2026-08-31 06:33:10.080,-1,0.0,5.0,2.677319999998872,4.0,66.454827,51.607964,33.389228,7.280443999999989,2.201580000000831,0,0,False,True,HOLD,TARGET
35890,2026-08-31 06:33:22.624,-1,0.0,5.0,2.7554159999999683,4.0,63.869142,52.560163,35.963214,8.584836000001815,3.3427879999981087,0,0,False,True,HOLD,TARGET
35891,2026-08-31 06:33:24.232,-1,1.0,4.0,4.920880000001489,5.0,66.057783,55.251557,39.171622,9.71215200000006,4.082043999998859,1,10,True,True,HOLD,TARGET
35892,2026-08-31 06:33:26.868,-1,4.0,1.0,4.271796000000904,2.0,68.712219,58.307067,42.818045,10.630591999997705,4.804252000001725,10,10,True,True,HOLD,TARGET
35893,2026-08-31 06:33:30.488,-1,4.0,1.0,3.7669520000017656,2.0,69.416757,59.970857,45.225578,11.383247999998275,5.509124000000156,10,10,True,True,HOLD,STOP
35899,2026-08-31 06:34:00.820,-1,4.0,1.0,-2.042008000000351,2.0,21.232032,40.680389,34.26006,8.309816000000865,7.0237359999991895,2,3,False,False,HOLD,TARGET
35900,2026-08-31 06:34:12.032,-1,3.0,2.0,-0.36600800000087474,3.0,41.821322,45.117515,37.198383,8.492392000000109,7.330200000000332,4,4,False,False,HOLD,TARGET
35902,2026-08-31 06:34:25.472,-1,3.0,2.0,-2.628820000001724,1.0,40.770216,44.327964,37.39634,7.9661920000035025,7.660803999999189,0,0,False,False,HOLD,TARGET
35903,2026-08-31 06:34:43.572,-1,2.0,3.0,-0.044635999998718034,4.0,41.760925,44.382302,37.728888,8.235015999998723,7.94512400000167,1,1,False,False,HOLD,TARGET
35906,2026-08-31 06:35:00.408,-1,2.0,3.0,0.24100000000180444,4.0,42.1384,43.855239,38.210551,8.066927999996551,8.4659120000033,1,10,False,False,HOLD,TARGET
35907,2026-08-31 06:35:02.668,-1,1.0,4.0,2.96522399999958,5.0,56.633979,49.655048,41.991646,8.878068000001804,8.88059599999906,10,10,False,True,HOLD,TARGET
35908,2026-08-31 06:35:05.308,-1,1.0,4.0,5.084063999998762,5.0,65.732637,55.526218,46.338446,10.011768000000302,9.423195999999734,10,10,True,True,HOLD,TARGET
35909,2026-08-31 06:35:09.624,-1,2.0,3.0,5.954271999999037,4.0,70.098499,59.728559,49.952794,11.21389199999976,10.036392000001797,10,10,True,True,HOLD,TARGET
35910,2026-08-31 06:35:13.620,-1,1.0,4.0,7.408876000001328,5.0,72.571491,62.844682,52.980607,12.58583599999838,10.750840000000608,10,10,True,True,HOLD,STOP
35912,2026-08-31 06:35:21.432,-1,0.0,5.0,3.197963999999047,4.0,68.854429,62.316839,53.517727,13.251960000001418,11.697739999999612,0,0,True,True,HOLD,STOP
35916,2026-08-31 06:36:07.728,-1,2.0,3.0,-1.6297359999989567,4.0,16.608389,46.317848,44.504245,10.542387999998027,12.143436000002112,1,1,False,False,HOLD,TARGET
35925,2026-08-31 06:37:04.612,-1,5.0,0.0,-4.010920000000624,1.0,-2.126846,9.375853,24.897923,2.004240000002028,9.219783999997162,4,4,False,False,HOLD,STOP
35957,2026-08-31 06:40:55.844,-1,1.0,4.0,2.226008000001457,5.0,55.067194,19.55454,12.019501,0.32771999999749823,1.361800000002404,7,10,False,False,HOLD,NONE
35959,2026-08-31 06:41:12.668,-1,3.0,2.0,-1.0608119999997143,1.0,55.41627,27.922083,17.308323,1.6814879999983532,1.7238760000000184,0,0,False,False,HOLD,NONE
35965,2026-08-31 06:41:53.360,-1,3.0,2.0,-2.2481599999991886,3.0,15.853184,12.044262,9.860916,1.7218439999996917,1.89567199999874,1,1,False,False,HOLD,TARGET
35976,2026-08-31 06:43:28.084,-1,1.0,4.0,-0.23909199999980046,5.0,22.380381,10.512825,8.849871,1.3083560000013676,1.8203319999993255,1,4,False,False,HOLD,TARGET
35977,2026-08-31 06:43:33.096,-1,0.0,5.0,3.369596000000456,6.0,53.618864,28.548767,18.397138,2.734128000000055,2.2411800000008952,10,10,False,False,HOLD,TARGET
35979,2026-08-31 06:43:55.208,-1,4.0,1.0,-1.146787999998196,-0.0,58.563194,38.236611,25.283543,3.852179999998043,2.7671640000007756,0,0,False,True,HOLD,TARGET
35980,2026-08-31 06:44:02.028,-1,1.0,4.0,1.8858319999999367,5.0,56.214285,38.831318,26.245084,4.80312799999956,3.1768279999996594,1,1,False,True,HOLD,STOP
35984,2026-08-31 06:44:56.220,-1,1.0,4.0,-0.6002320000006875,5.0,25.021956,28.680016,22.106609,4.872984000001452,3.8699200000010023,1,2,False,False,HOLD,STOP
36100,2026-08-31 07:00:22.308,-1,0.0,0.0,0.5821279999981925,-1.0,32.068458,26.457735,12.891855,3.420508000002883,0.08873999999923399,0,0,False,False,HOLD,TARGET
36103,2026-08-31 07:00:52.520,-1,2.0,3.0,-1.8166400000009162,4.0,7.57151,15.803206,8.233136,2.970180000000255,0.5037599999996019,1,2,False,False,HOLD,TARGET
36104,2026-08-31 07:01:18.296,-1,3.0,2.0,-0.1907199999986915,3.0,37.598098,26.582895,14.395112,3.611979999997857,0.8573240000005171,3,4,False,False,HOLD,TARGET
36107,2026-08-31 07:02:12.720,-1,2.0,3.0,0.9116360000007262,4.0,44.005705,32.522637,19.483974,4.59674399999858,1.7087920000012673,1,10,False,False,HOLD,TARGET
36110,2026-08-31 07:02:40.344,-1,1.0,4.0,0.3932679999998072,5.0,40.012003,33.610434,21.838982,5.121132000000216,2.5004880000014964,1,10,False,False,HOLD,TARGET
36112,2026-08-31 07:03:20.560,-1,3.0,2.0,-1.5645680000016,1.0,49.388731,39.302693,26.477933,5.537556000002951,3.0788159999974596,0,0,False,True,HOLD,TARGET
36115,2026-08-31 07:04:01.508,-1,1.0,4.0,1.0430080000005546,5.0,38.571474,35.183602,25.24015,5.814996000000974,3.7795399999995425,1,10,False,False,HOLD,STOP
36126,2026-08-31 07:06:34.832,-1,3.0,2.0,-2.0634639999989304,3.0,9.245642,12.74112,14.733483,2.2836439999991853,3.886632000001555,3,3,False,False,HOLD,TARGET
36127,2026-08-31 07:06:49.452,-1,1.0,4.0,1.1728599999987637,5.0,43.271792,26.627273,21.625757,3.2297080000025744,4.151035999999294,4,5,False,False,HOLD,TARGET
36128,2026-08-31 07:06:55.700,-1,2.0,3.0,2.9122239999996964,4.0,58.331123,37.998716,28.269758,4.418136000000231,4.5348679999988235,10,10,False,True,HOLD,TARGET
36129,2026-08-31 07:06:57.300,-1,1.0,4.0,5.042843999999604,5.0,66.482273,47.520244,34.979776,5.901087999998708,5.063836000001174,10,10,False,True,HOLD,STOP
36135,2026-08-31 07:08:02.008,-1,3.0,2.0,-2.078799999999319,3.0,3.535918,24.571588,24.077121,5.044551999999385,5.7870640000001,1,2,False,False,HOLD,STOP
36141,2026-08-31 07:09:29.688,-1,3.0,2.0,0.06305200000133482,3.0,37.596554,27.021203,24.724764,3.7655199999971956,5.565000000002328,4,4,False,False,HOLD,TARGET
36144,2026-08-31 07:10:07.720,-1,5.0,0.0,-1.302296000001661,1.0,38.25398,30.441635,26.903808,4.367848000001686,5.8057799999987765,1,1,False,False,HOLD,TARGET
36145,2026-08-31 07:10:24.104,-1,2.0,3.0,0.9871039999998175,4.0,51.999201,37.977728,31.180693,5.113204000001133,6.07018799999787,10,10,False,True,HOLD,STOP
36152,2026-08-31 07:12:30.560,-1,2.0,3.0,-1.2315039999994042,4.0,3.81623,7.044908,14.481116,1.6198199999998906,4.901259999998729,3,3,False,False,HOLD,STOP
36176,2026-08-31 07:19:48.808,1,1.0,4.0,-0.7573400000001129,5.0,12.263199,14.713599,7.057202,2.6396759999988717,0.25672400000257767,2,3,False,False,HOLD,STOP
36182,2026-08-31 07:21:36.988,1,4.0,1.0,-2.807548000000679,2.0,11.121721,8.319196,4.629362,1.2399960000002466,0.4192719999991823,2,3,False,False,HOLD,STOP
36183,2026-08-31 07:21:50.516,1,3.0,2.0,-0.9614240000009886,3.0,33.878149,17.806756,9.609155,1.8792759999996633,0.6651720000008936,5,5,False,False,HOLD,STOP
36187,2026-08-31 07:23:00.780,-1,1.0,4.0,3.0421239999996033,5.0,58.667698,27.727486,13.343217,1.6165800000017043,0.14800800000011805,10,10,False,False,HOLD,TARGET
36188,2026-08-31 07:23:17.748,-1,1.0,4.0,5.143875999998272,5.0,65.947977,39.700835,21.69364,3.342132000001584,0.7400479999996605,10,10,False,False,HOLD,TARGET
36189,2026-08-31 07:23:32.408,-1,1.0,4.0,6.778568000001542,5.0,70.688833,49.329563,30.040684,5.228559999999561,1.4649639999988722,10,10,False,False,HOLD,TARGET
36191,2026-08-31 07:24:17.576,-1,0.0,5.0,4.0265440000002855,4.0,69.71672,53.83325,35.972428,7.35548800000106,2.6666000000004715,0,0,False,True,HOLD,TARGET
36192,2026-08-31 07:24:49.788,-1,3.0,2.0,4.353975999998511,3.0,67.998209,54.304652,37.33291,8.477492000001803,3.3525120000012976,1,10,False,True,HOLD,TARGET
36193,2026-08-31 07:24:58.300,-1,2.0,3.0,5.386428000001615,4.0,69.947804,57.569053,41.237315,9.698523999999452,4.111419999997452,10,10,True,True,HOLD,TARGET
36194,2026-08-31 07:25:02.524,-1,0.0,5.0,7.744999999998981,6.0,72.088021,60.872602,45.345786,11.253156000002491,5.014047999997274,10,10,True,True,HOLD,TARGET
36195,2026-08-31 07:25:13.844,-1,3.0,2.0,7.246107999999367,3.0,73.469189,63.408822,48.802376,12.592196000001422,5.918515999997908,10,10,True,True,HOLD,TARGET
36197,2026-08-31 07:25:47.940,-1,0.0,5.0,3.704435999999987,4.0,69.539039,62.787413,49.772469,13.45950399999856,7.3016999999999825,0,0,True,True,HOLD,STOP
36202,2026-08-31 07:27:03.904,-1,0.0,5.0,0.7222399999991467,4.0,51.909575,55.439799,46.363977,12.155699999999342,9.40939200000139,0,0,False,True,HOLD,STOP
36210,2026-08-31 07:30:02.196,-1,5.0,0.0,-3.1888599999983853,1.0,20.126516,34.518516,35.153842,6.392971999997826,9.337092000001576,1,1,False,False,HOLD,STOP
36234,2026-08-31 07:37:34.712,1,0.0,5.0,6.6492760000001,6.0,69.557453,57.955241,36.180756,10.26871200000096,0.48863599999822327,1,10,False,False,HOLD,STOP
36238,2026-08-31 07:38:26.204,1,3.0,2.0,-1.1445039999998698,3.0,34.914286,46.456888,30.145241,9.47247200000129,2.6146200000002864,1,1,False,False,HOLD,TARGET
36241,2026-08-31 07:39:58.772,1,3.0,2.0,-2.734656000000541,3.0,11.128996,37.528961,26.078349,7.758232000000135,3.450732000001153,1,1,False,False,HOLD,TARGET
36242,2026-08-31 07:40:19.448,1,4.0,1.0,-1.6825119999994058,2.0,27.626351,40.030705,28.173178,7.744203999998717,3.8057840000001306,2,2,False,False,HOLD,TARGET
36243,2026-08-31 07:40:34.128,1,2.0,3.0,0.6913800000002084,4.0,47.036377,45.364701,32.302554,8.165376000000833,4.270816000000195,7,7,False,True,HOLD,TARGET
36246,2026-08-31 07:41:27.740,1,1.0,4.0,1.970020000000659,5.0,51.125753,47.409227,35.471051,8.623203999999532,5.396755999998277,1,10,False,True,HOLD,TARGET
36247,2026-08-31 07:41:45.384,1,4.0,1.0,1.9766799999997602,2.0,59.615832,51.727779,39.190622,9.20908799999961,5.902644000001601,10,10,False,True,HOLD,TARGET
36249,2026-08-31 07:42:27.436,1,2.0,3.0,-1.6437360000018089,2.0,50.301849,48.901875,38.31909,8.79776800000036,6.465068000001338,0,0,False,True,HOLD,TARGET
36250,2026-08-31 07:42:50.764,1,1.0,4.0,1.4993160000012722,5.0,49.214929,48.610224,38.607971,9.282395999998698,6.91114799999923,1,10,False,True,HOLD,STOP
36285,2026-08-31 07:54:46.244,1,2.0,3.0,-0.14105600000038976,4.0,33.672826,9.278266,5.793453,0.3374279999989085,0.7639200000012352,4,10,False,False,HOLD,TARGET
36286,2026-08-31 07:54:57.016,1,1.0,4.0,2.668067999999039,5.0,54.598706,25.187482,14.270295,1.7125919999998587,1.1498160000010103,10,10,False,False,HOLD,TARGET
36287,2026-08-31 07:55:27.204,1,4.0,1.0,2.519607999998698,2.0,62.355397,35.979912,21.214285,2.9506000000001222,1.5688760000011825,10,10,False,True,HOLD,TARGET
36289,2026-08-31 07:56:03.404,1,2.0,3.0,-1.3152999999983876,2.0,53.015436,34.531561,21.603171,3.63168399999995,2.0261159999972733,0,0,False,True,HOLD,TARGET
36290,2026-08-31 07:56:17.204,1,1.0,4.0,1.754767999998876,5.0,51.450536,35.490576,22.766751,4.576304000001983,2.448975999999675,1,10,False,True,HOLD,TARGET
36291,2026-08-31 07:56:25.456,1,2.0,3.0,3.364819999998872,4.0,60.821741,43.511155,28.679166,5.739767999999458,2.9782040000027337,10,10,False,True,HOLD,TARGET
36292,2026-08-31 07:56:43.872,1,3.0,2.0,3.8393040000009933,3.0,66.334532,50.038658,34.310519,6.896915999997873,3.5590120000015304,10,10,False,True,HOLD,TARGET
36293,2026-08-31 07:57:14.292,1,3.0,2.0,4.2083480000001146,3.0,68.320226,53.765132,38.180805,8.028976000001421,4.183583999998518,10,10,False,True,HOLD,TARGET
36294,2026-08-31 07:57:44.916,1,2.0,3.0,5.273160000000644,4.0,69.657633,56.695319,41.549307,9.265176000000793,4.885675999998057,10,10,True,True,HOLD,STOP
36620,2026-08-31 11:02:33.364,1,4.0,1.0,-2.4600199999986216,2.0,13.045927,11.003712,21.289318,1.7074240000001737,7.186971999999514,6,6,False,False,HOLD,TARGET
36623,2026-08-31 11:03:38.012,1,2.0,3.0,-0.8954559999983758,4.0,25.570109,16.756451,22.855826,2.2395959999994375,6.825708000000304,1,10,False,False,HOLD,TARGET
36627,2026-08-31 11:06:34.636,1,3.0,2.0,-0.5223279999991064,3.0,32.848619,23.083194,25.146925,3.1603680000007444,6.64625999999771,1,2,False,False,HOLD,TARGET
36633,2026-08-31 11:14:35.948,1,4.0,1.0,-3.0094439999993483,2.0,-3.982874,11.41237,19.188004,2.6410519999990356,6.142576000002009,1,2,False,False,HOLD,TARGET
36637,2026-08-31 11:20:02.508,1,2.0,3.0,-1.7749839999996766,2.0,37.754138,27.258303,26.186848,3.4904119999991963,6.160911999999371,0,0,False,False,HOLD,TARGET
36638,2026-08-31 11:20:36.312,1,1.0,4.0,1.3972319999993488,5.0,48.260742,33.451403,29.422731,4.380960000002233,6.397111999998742,1,10,False,True,HOLD,STOP
36654,2026-08-31 11:35:47.336,-1,1.0,4.0,6.341312000000471,5.0,69.60574,55.147167,33.39358,8.538636000001134,0.49593199999799253,10,10,False,False,HOLD,TARGET
36655,2026-08-31 11:35:58.760,-1,2.0,3.0,6.9321320000017295,4.0,72.27691,59.452344,39.227259,10.037419999996928,1.450408000000607,10,10,False,False,HOLD,TARGET
36657,2026-08-31 11:36:42.264,-1,0.0,5.0,4.724375999998301,4.0,70.804356,61.174888,43.397681,11.70425200000318,3.1105199999983597,0,0,True,True,HOLD,TARGET
36658,2026-08-31 11:38:07.212,-1,4.0,1.0,4.118959999999788,2.0,68.994861,61.013775,44.241106,12.43537600000127,3.9440639999993437,1,10,True,True,HOLD,TARGET
36659,2026-08-31 11:38:18.976,-1,1.0,4.0,5.981412000001001,5.0,70.605045,62.897948,47.188176,13.44858000000022,4.87239199999749,10,10,True,True,HOLD,TARGET
36660,2026-08-31 11:38:44.440,-1,2.0,3.0,6.6522079999995185,4.0,71.70189,64.441134,49.74202,14.503383999999642,5.840815999999904,10,10,True,True,HOLD,TARGET
36661,2026-08-31 11:38:49.160,-1,1.0,4.0,7.9517200000009325,5.0,73.560498,66.474666,52.803329,15.71142399999735,6.882424000003084,10,10,True,True,HOLD,STOP
36663,2026-08-31 11:40:12.864,-1,4.0,1.0,0.415236000000732,-0.0,67.484136,64.468373,52.263847,15.459648000000016,8.245036000000255,0,0,True,True,HOLD,TARGET
36667,2026-08-31 11:41:53.824,-1,1.0,4.0,0.31046799999967334,5.0,27.595307,51.478435,43.924477,12.36582400000043,9.52987999999823,1,2,False,False,HOLD,TARGET
36669,2026-08-31 11:43:04.428,-1,3.0,2.0,-1.0097160000004806,1.0,51.982887,55.297503,47.217138,11.890928000000713,10.193768000001,0,0,False,True,HOLD,TARGET
36670,2026-08-31 11:43:29.980,-1,1.0,4.0,1.992443999999523,5.0,55.209898,56.106559,48.153316,12.218272000001889,10.645635999997467,1,10,False,True,HOLD,TARGET
36671,2026-08-31 11:44:03.600,-1,0.0,0.0,6.21634400000039,1.0,58.596014,57.274056,49.341732,12.377511999999115,11.052444000000833,10,10,False,True,HOLD,STOP
36701,2026-08-31 12:10:01.120,1,4.0,1.0,0.7058880000004137,2.0,52.938284,36.254665,18.156267,4.535931999998866,0.06031599999914761,10,10,False,False,HOLD,TARGET
36707,2026-08-31 12:14:13.364,1,2.0,3.0,0.20159599999897182,4.0,38.47654,34.996463,21.708304,5.660439999999653,2.0775680000006105,1,4,False,False,HOLD,TARGET
36709,2026-08-31 12:16:13.312,1,2.0,3.0,-1.5076760000010836,2.0,46.806863,39.417166,25.761381,5.848504000001412,2.6791599999996834,0,0,False,True,HOLD,TARGET
36715,2026-08-31 12:22:55.528,1,1.0,4.0,-0.15072800000052666,5.0,19.273639,23.0255,17.90598,4.053252000001521,3.2456879999990633,1,4,False,False,HOLD,TARGET
36716,2026-08-31 12:23:20.184,1,2.0,3.0,1.882767999999487,4.0,51.000863,36.414965,25.658245,4.9875560000000405,3.6446240000004764,7,10,False,True,HOLD,TARGET
36717,2026-08-31 12:23:32.500,1,1.0,4.0,4.242151999998896,5.0,63.406757,46.451271,32.803349,6.278544000000693,4.189743999999337,10,10,False,True,HOLD,TARGET
36719,2026-08-31 12:24:40.400,1,2.0,3.0,0.3316720000002533,2.0,61.611709,48.849111,35.852671,7.105847999999241,4.90956400000141,0,0,False,True,HOLD,TARGET
36722,2026-08-31 12:27:33.500,1,2.0,3.0,-0.05245199999990291,4.0,38.474434,39.743794,31.245491,6.995448000001488,5.583967999999004,1,3,False,False,HOLD,TARGET
36723,2026-08-31 12:28:00.024,1,1.0,4.0,2.736983999999211,5.0,55.089764,46.622991,36.006116,7.850571999999374,6.055996000002779,4,10,False,True,HOLD,TARGET
36724,2026-08-31 12:28:12.464,1,1.0,4.0,4.906544000001304,5.0,65.071687,53.409921,41.386951,9.034007999998721,6.658156000001327,10,10,True,True,HOLD,STOP
36726,2026-08-31 12:29:56.944,1,3.0,2.0,-0.6491280000009283,1.0,60.882715,53.279964,42.45707,9.21480800000063,7.333011999999144,0,0,True,True,HOLD,STOP
36736,2026-08-31 12:36:19.564,1,3.0,2.0,0.35947999999916647,3.0,41.38666,24.601546,24.305233,2.9189040000019304,5.907091999997647,7,8,False,False,HOLD,TARGET
36737,2026-08-31 12:37:49.276,1,3.0,2.0,1.5018200000013167,3.0,56.313395,35.548547,30.015337,3.8742920000004233,6.135424000000057,9,9,False,True,HOLD,TARGET
36738,2026-08-31 12:40:13.636,1,4.0,1.0,1.6125240000001213,2.0,60.387325,41.047386,33.409931,4.773499999999331,6.399568000000727,10,10,False,True,HOLD,TARGET
36739,2026-08-31 12:41:30.284,1,5.0,0.0,0.9208519999992859,1.0,61.118445,43.863064,35.458122,5.474291999998968,6.653756000003341,10,10,False,True,HOLD,TARGET
36740,2026-08-31 12:42:08.024,1,2.0,3.0,2.7162199999984296,4.0,62.59196,46.959786,37.803061,6.447312000000238,7.020708000000013,10,10,False,True,HOLD,TARGET
36741,2026-08-31 12:42:44.644,1,0.0,5.0,5.668172000001505,6.0,66.635388,51.96922,41.641376,7.8822760000002745,7.567743999999948,10,10,True,True,HOLD,TARGET
36742,2026-08-31 12:43:37.704,1,4.0,1.0,4.853019999998651,2.0,69.602494,56.243588,45.317041,9.053392000001622,8.109103999999206,10,10,True,True,HOLD,TARGET
36743,2026-08-31 12:43:55.068,1,1.0,4.0,6.552351999998791,5.0,71.872969,59.872885,48.778121,10.441548000002513,8.76610399999845,10,10,True,True,HOLD,STOP
36747,2026-08-31 12:46:07.892,1,1.0,4.0,1.846851999998762,5.0,50.059058,51.893433,44.869022,10.722396000001027,10.076600000000326,1,2,False,True,HOLD,STOP
36756,2026-08-31 12:50:00.048,1,0.0,5.0,0.6587519999993674,6.0,13.775381,16.540249,25.351522,3.142864000001282,8.185303999998723,4,5,False,False,HOLD,TARGET
36757,2026-08-31 12:50:00.236,1,0.0,5.0,4.067915999999968,6.0,56.728734,36.987774,34.625554,4.549571999999898,8.467983999998978,7,8,False,True,HOLD,TARGET
36758,2026-08-31 12:50:01.360,1,1.0,4.0,5.941711999999825,5.0,67.752318,48.899351,41.529885,6.186376000001474,8.895207999998092,9,10,True,True,HOLD,TARGET
36759,2026-08-31 12:50:02.636,1,1.0,4.0,7.39911199999915,5.0,72.048367,55.976648,46.670342,7.958728000001429,9.448855999999068,10,10,True,True,HOLD,TARGET
36761,2026-08-31 12:50:04.660,1,1.0,4.0,4.229092000001401,3.0,70.999978,58.95319,49.794222,9.915383999999904,10.329523999997036,0,0,True,True,HOLD,TARGET
36762,2026-08-31 12:50:06.416,1,1.0,4.0,6.0670720000016445,5.0,70.198288,59.753574,50.847656,11.14584399999876,10.909164000000601,1,10,True,True,HOLD,STOP
36771,2026-08-31 12:51:50.520,1,3.0,2.0,-1.5272399999994377,3.0,4.472374,17.074309,27.849447,3.5206639999996696,9.317019999998593,4,4,False,False,HOLD,TARGET
36772,2026-08-31 12:52:07.932,1,2.0,3.0,0.8121439999995346,4.0,45.673717,32.179914,34.119953,4.301808000000165,9.400003999999171,5,6,False,True,HOLD,STOP
36775,2026-08-31 12:52:39.548,1,1.0,4.0,0.9513919999990321,5.0,43.638943,34.479859,35.048343,5.102268000002368,9.355899999998655,1,10,False,False,HOLD,STOP
36783,2026-08-31 12:54:48.000,1,2.0,3.0,-1.4712040000013076,4.0,4.119686,-0.500799,14.949848,0.15684800000235555,6.489588000000367,3,4,False,False,HOLD,STOP
36784,2026-08-31 12:54:50.456,1,5.0,0.0,-1.477603999999701,1.0,35.855153,13.059292,20.51521,0.7883959999999206,6.4261960000003455,6,6,False,False,HOLD,STOP
36793,2026-08-31 12:57:18.040,1,2.0,3.0,-0.31340800000180025,4.0,34.869461,9.101782,14.018405,0.17045600000346894,4.270003999998153,5,5,False,False,HOLD,TARGET
36801,2026-08-31 12:59:02.896,1,2.0,3.0,1.1313200000004144,4.0,43.622957,21.395171,18.51634,2.088179999998829,3.8733119999997143,3,10,False,False,HOLD,TARGET
36802,2026-08-31 12:59:06.024,1,5.0,0.0,0.5465839999997115,1.0,55.99,32.0927,24.346637,2.935356000001775,4.097427999997308,10,10,False,True,HOLD,TARGET
36803,2026-08-31 12:59:10.108,1,2.0,3.0,2.425119999999879,4.0,61.204552,39.247159,28.916245,4.05826800000068,4.445808000000397,10,10,False,True,HOLD,TARGET
36804,2026-08-31 12:59:14.320,1,2.0,3.0,3.8862039999985427,4.0,64.341518,44.758213,32.958729,5.35851200000252,4.90294399999766,10,10,False,True,HOLD,TARGET
36805,2026-08-31 12:59:15.480,1,1.0,4.0,5.800380000000587,5.0,68.829283,51.539093,38.41061,6.904759999997623,5.495552000000316,10,10,False,True,HOLD,TARGET
36806,2026-08-31 12:59:19.088,1,0.0,5.0,8.066964000001462,6.0,72.225399,57.309356,43.767475,8.741763999998511,6.246839999999793,10,10,True,True,HOLD,STOP
36807,2026-08-31 12:59:21.176,1,4.0,1.0,6.718747999999323,2.0,73.560827,60.675965,47.472233,10.185280000001512,6.972888000000239,10,10,True,True,HOLD,STOP
36827,2026-08-31 12:59:56.460,-1,3.0,2.0,3.47841999999946,3.0,65.958466,51.729042,30.170328,7.7345600000007835,0.38356800000110525,10,10,False,False,HOLD,TARGET
36829,2026-08-31 12:59:57.388,-1,0.0,5.0,2.6350920000004407,4.0,64.415144,53.582753,34.131333,8.921171999998478,1.6841480000002775,0,0,False,True,HOLD,TARGET
36830,2026-08-31 12:59:58.792,-1,1.0,4.0,4.827295999999478,5.0,65.722173,55.598934,37.083505,10.004467999999179,2.4972600000000966,1,10,False,True,HOLD,STOP
36834,2026-08-31 12:59:59.584,-1,1.0,4.0,0.6106279999985418,5.0,39.548389,47.125901,33.601682,9.563280000002123,4.364575999999943,1,2,False,False,HOLD,STOP
37770,2026-09-01 06:31:00.560,-1,3.0,2.0,-2.1619079999982205,3.0,1.75363,29.515722,25.012754,6.277147999997396,5.1019000000014785,1,2,False,False,HOLD,STOP
37801,2026-09-01 06:33:35.512,1,5.0,0.0,-2.625683999998728,1.0,21.169207,13.210362,6.457121,1.6598639999974694,0.24202800000057323,1,1,False,False,HOLD,TARGET
37802,2026-09-01 06:33:42.368,1,1.0,4.0,0.735580000000482,5.0,44.064479,24.511069,12.755963,2.5758679999999003,0.6009879999983241,2,10,False,False,HOLD,TARGET
37803,2026-09-01 06:33:51.668,1,0.0,0.0,5.238784000001033,1.0,51.811607,31.222127,17.171759,3.3277479999997013,0.9571799999976065,10,10,False,False,HOLD,STOP
37808,2026-09-01 06:34:29.064,1,3.0,2.0,-2.8003480000006675,3.0,-1.054162,10.413636,7.677521,2.2677199999998265,1.3040800000017043,1,1,False,False,HOLD,TARGET
37809,2026-09-01 06:34:33.976,1,1.0,4.0,0.5997280000010505,5.0,35.995747,23.544904,14.587003,3.1102519999985816,1.6390600000013364,4,5,False,False,HOLD,TARGET
37813,2026-09-01 06:35:10.268,1,1.0,4.0,-0.5705000000016298,5.0,20.941302,21.313183,14.9359,3.493236000002071,2.2594239999998535,1,2,False,False,HOLD,TARGET
37814,2026-09-01 06:35:15.788,1,1.0,4.0,2.3340559999996913,5.0,49.876163,34.174029,22.448085,4.55486000000019,2.697867999999289,3,10,False,True,HOLD,TARGET
37815,2026-09-01 06:35:25.428,1,1.0,4.0,4.593155999998999,5.0,63.819019,45.696754,30.669161,5.944648000000598,3.2808680000016466,10,10,False,True,HOLD,STOP
37819,2026-09-01 06:35:56.376,1,3.0,2.0,-1.1650399999998626,3.0,34.616389,37.049692,27.619476,6.355075999999826,4.399420000001555,1,1,False,False,HOLD,STOP
37829,2026-09-01 06:37:41.296,1,0.0,5.0,0.057304000001749955,6.0,11.861357,11.224056,13.749752,2.092295999998896,3.807067999998253,1,4,False,False,HOLD,STOP
37843,2026-09-01 06:39:03.244,-1,4.0,1.0,-3.1913319999985106,-0.0,43.955366,35.254264,18.22789,4.734543999999005,0.24438000000009197,0,0,False,False,HOLD,TARGET
37846,2026-09-01 06:39:30.880,-1,2.0,3.0,-0.5001760000013746,4.0,23.570712,26.52292,14.56878,4.546143999999913,0.9619280000006256,1,3,False,False,HOLD,STOP
37858,2026-09-01 06:41:05.692,-1,3.0,2.0,-0.37518400000044494,3.0,35.024832,24.351456,16.592389,3.291988000000856,2.333495999999286,1,10,False,False,HOLD,TARGET
37859,2026-09-01 06:41:10.672,-1,1.0,4.0,2.4859680000008666,5.0,55.109955,36.367597,23.900336,4.397492000000057,2.768791999998939,10,10,False,True,HOLD,STOP
37861,2026-09-01 06:41:36.676,-1,4.0,1.0,-2.2862679999998363,-0.0,52.509944,38.634692,26.473816,4.80522800000108,3.237307999999757,0,0,False,True,HOLD,STOP
37871,2026-09-01 06:43:23.204,-1,3.0,2.0,-2.630484000001161,3.0,-2.857784,-1.089462,4.382452,0.26318000000173924,2.0903440000001865,1,5,False,False,HOLD,STOP
37964,2026-09-01 07:00:56.712,1,4.0,1.0,-2.1883039999993343,2.0,13.40905,5.837507,3.357548,0.7683440000000701,0.38706399999864516,4,4,False,False,HOLD,TARGET
37965,2026-09-01 07:01:01.408,1,1.0,4.0,1.0757640000010724,5.0,45.006802,21.175971,11.318615,1.8178719999996247,0.7218159999974887,7,10,False,False,HOLD,TARGET
37966,2026-09-01 07:01:08.680,1,1.0,4.0,3.614480000000185,5.0,59.039044,34.074447,19.247722,3.247667999999976,1.2193640000004962,10,10,False,False,HOLD,TARGET
37967,2026-09-01 07:01:25.276,1,1.0,4.0,5.589039999998931,5.0,67.443964,45.631459,27.993167,4.924136000001454,1.8592600000010862,10,10,False,True,HOLD,TARGET
37968,2026-09-01 07:01:42.028,1,3.0,2.0,5.569255999998859,3.0,70.573724,52.156479,34.240995,6.462864000000991,2.541396000000532,10,10,False,True,HOLD,STOP
37980,2026-09-01 07:03:40.688,1,2.0,3.0,-1.796699999998964,4.0,-2.866614,1.469186,6.621863,0.8453320000007807,2.575939999998809,1,5,False,False,HOLD,TARGET
37981,2026-09-01 07:03:56.040,1,3.0,2.0,-0.1752119999982824,3.0,37.806765,17.584932,14.323246,1.6599519999981567,2.762399999999616,6,7,False,False,HOLD,TARGET
37982,2026-09-01 07:04:26.172,1,3.0,2.0,1.0859479999999166,3.0,53.35296,29.172072,20.608017,2.6400119999998424,3.040899999999965,8,8,False,False,HOLD,TARGET
37988,2026-09-01 07:06:01.388,1,4.0,1.0,-0.0975639999996929,2.0,45.642475,31.104511,23.076202,3.9670640000003914,3.740780000000086,1,10,False,True,HOLD,TARGET
37989,2026-09-01 07:06:21.028,1,1.0,4.0,2.701892000000953,5.0,58.158573,40.311661,28.948232,5.058047999998962,4.159739999999147,10,10,False,True,HOLD,TARGET
37991,2026-09-01 07:06:55.364,1,0.0,5.0,2.165344000000914,4.0,62.394345,47.166312,34.626138,6.468268000000535,4.905083999998169,0,0,False,True,HOLD,TARGET
37992,2026-09-01 07:07:08.908,1,1.0,4.0,4.461931999998342,5.0,64.323041,50.327246,37.52509,7.6809920000014245,5.472688000001654,1,10,False,True,HOLD,TARGET
37993,2026-09-01 07:07:20.044,1,2.0,3.0,5.470391999999265,4.0,68.819288,55.516092,42.234394,8.981100000000879,6.120372000001225,10,10,True,True,HOLD,STOP
38000,2026-09-01 07:09:31.680,1,2.0,3.0,-1.3657359999997425,4.0,11.685616,35.121616,32.306759,7.262183999999252,7.553631999999197,1,2,False,False,HOLD,TARGET
38001,2026-09-01 07:09:40.948,1,5.0,0.0,-1.3955720000012661,1.0,36.996527,40.709981,35.455293,7.340304000001197,7.742600000001403,3,3,False,False,HOLD,TARGET
38002,2026-09-01 07:10:00.252,1,2.0,3.0,0.9145559999997204,4.0,51.400267,45.891224,38.723942,7.834596000000602,8.048480000001291,4,7,False,True,HOLD,STOP
38005,2026-09-01 07:10:47.032,1,3.0,2.0,-0.5559759999996459,3.0,39.471828,42.037866,37.286072,7.600323999999091,8.46904799999902,1,1,False,False,HOLD,STOP
38018,2026-09-01 07:14:05.392,1,1.0,4.0,0.07022800000049756,5.0,27.825183,6.463854,14.890619,0.23614399999860325,5.175967999999557,6,8,False,False,HOLD,TARGET
38019,2026-09-01 07:14:28.956,1,4.0,1.0,0.49906800000098883,2.0,49.021816,20.349794,21.116334,1.2227959999981977,5.270972000002075,9,9,False,False,HOLD,TARGET
38020,2026-09-01 07:14:33.040,1,1.0,4.0,3.1659399999989546,5.0,60.731929,33.473777,27.830169,2.6181759999999485,5.542336000002251,10,10,False,True,HOLD,TARGET
38021,2026-09-01 07:15:11.596,1,2.0,3.0,4.462400000000343,4.0,65.581627,42.039802,33.064194,4.138984000001074,5.927951999998186,10,10,False,True,HOLD,TARGET
38022,2026-09-01 07:15:24.808,1,3.0,2.0,4.692975999998453,3.0,68.977468,48.979308,38.037313,5.5803000000014435,6.37255599999844,10,10,False,True,HOLD,TARGET
38023,2026-09-01 07:15:52.244,1,0.0,0.0,8.316760000001523,1.0,69.082871,51.80279,40.571139,6.654651999997441,6.786348000001453,10,10,True,True,HOLD,TARGET
38024,2026-09-01 07:16:01.932,1,0.0,5.0,4.579699999998411,4.0,69.164155,54.121976,42.837536,7.873999999999796,7.29395199999999,0,0,True,True,HOLD,TARGET
38025,2026-09-01 07:16:17.176,1,4.0,1.0,4.006435999999667,2.0,68.679669,55.56633,44.490436,8.890967999999702,7.801320000002306,1,10,True,True,HOLD,TARGET
38026,2026-09-01 07:16:21.944,1,2.0,3.0,5.116116000001057,4.0,69.90622,58.132501,47.058436,10.029495999999199,8.388456000000588,10,10,True,True,HOLD,STOP
38028,2026-09-01 07:16:51.024,1,1.0,4.0,1.0332039999993867,3.0,63.332324,56.143246,46.567543,10.392439999999624,9.104268000002776,0,0,True,True,HOLD,TARGET
38037,2026-09-01 07:19:59.700,1,4.0,1.0,-2.3792600000015227,2.0,9.468041,23.596983,29.099709,4.491060000000289,8.569672000001447,3,3,False,False,HOLD,TARGET
38038,2026-09-01 07:20:07.260,1,1.0,4.0,0.9272439999986091,5.0,43.365839,34.807558,34.15886,5.215611999999965,8.727576000001136,5,7,False,False,HOLD,TARGET
38039,2026-09-01 07:20:26.060,1,4.0,1.0,1.165632000000187,2.0,54.487405,41.334751,37.581427,5.925795999999536,8.921340000000782,9,9,False,True,HOLD,TARGET
38040,2026-09-01 07:21:08.968,1,3.0,2.0,2.1288239999994403,3.0,61.354091,47.093825,41.027393,6.7552880000002915,9.186979999998584,10,10,True,True,HOLD,TARGET
38041,2026-09-01 07:21:40.928,1,5.0,0.0,1.3224200000004203,1.0,61.841934,48.986569,42.440895,7.370963999997912,9.433744000001752,10,10,True,True,HOLD,TARGET
38044,2026-09-01 07:22:25.896,1,0.0,5.0,2.5741960000013933,6.0,51.326938,45.810159,41.230605,8.033127999999124,9.890671999997721,1,10,False,True,HOLD,TARGET
38045,2026-09-01 07:22:30.224,1,1.0,4.0,4.779932000001281,5.0,63.535417,52.847583,45.707782,9.178803999999218,10.343259999997827,10,10,True,True,HOLD,TARGET
38047,2026-09-01 07:22:50.704,1,0.0,5.0,2.212552000000869,4.0,64.752558,55.833049,48.369116,9.974923999998282,10.93520400000125,0,0,True,True,HOLD,TARGET
38048,2026-09-01 07:22:53.104,1,1.0,4.0,4.498651999998401,5.0,64.47041,56.579855,49.222091,10.913824000002933,11.411275999998907,1,10,True,True,HOLD,STOP
38057,2026-09-01 07:25:24.604,1,3.0,2.0,-2.7600119999988237,3.0,5.254616,28.460755,34.851732,5.70335200000045,10.719467999999324,1,1,False,False,HOLD,TARGET
38058,2026-09-01 07:25:47.808,1,2.0,3.0,-0.1466760000002978,4.0,33.589072,35.452271,37.726432,6.134548000001814,10.786199999998644,2,8,False,False,HOLD,STOP
38067,2026-09-01 07:30:21.812,1,1.0,4.0,0.4768159999985073,5.0,30.331172,24.477638,30.458696,3.7450640000024578,9.160143999997672,3,7,False,False,HOLD,TARGET
38068,2026-09-01 07:30:39.436,1,2.0,3.0,2.3708560000013676,4.0,54.808319,37.434101,36.313926,4.793271999998979,9.340167999998812,8,10,False,True,HOLD,TARGET
38069,2026-09-01 07:30:57.336,1,2.0,3.0,3.8440000000009604,4.0,64.17038,46.422454,41.220321,6.026999999998225,9.633128000001307,10,10,True,True,HOLD,TARGET
38070,2026-09-01 07:31:24.240,1,4.0,1.0,3.4342199999991863,2.0,66.926991,50.968735,44.199017,7.087100000000646,9.943427999998676,10,10,True,True,HOLD,TARGET
38071,2026-09-01 07:31:28.056,1,1.0,4.0,5.448840000000928,5.0,69.258752,55.000452,47.151789,8.430775999997422,10.3904360000015,10,10,True,True,HOLD,TARGET
38073,2026-09-01 07:32:58.080,1,1.0,4.0,1.2344840000005206,3.0,64.178061,54.249683,47.338419,9.119619999997667,10.855200000001787,0,0,True,True,HOLD,TARGET
38074,2026-09-01 07:33:36.132,1,2.0,3.0,2.9601519999996526,4.0,61.339912,53.631829,47.250413,9.845624000001408,11.218848000000435,1,10,True,True,HOLD,TARGET
38075,2026-09-01 07:35:07.340,1,2.0,3.0,4.302339999998367,4.0,65.921757,57.047162,49.796092,10.758976000000985,11.668224000000919,10,10,True,True,HOLD,STOP
38082,2026-09-01 07:38:14.072,1,3.0,2.0,-1.4226520000011078,3.0,17.115019,36.362327,39.280056,7.333536000001914,11.57189599999765,1,4,False,False,HOLD,STOP
38115,2026-09-01 07:52:32.064,-1,1.0,4.0,1.2352439999995113,3.0,64.181167,49.255165,28.201212,6.7090080000016314,0.3506519999973534,0,0,False,False,HOLD,TARGET
38119,2026-09-01 07:53:53.428,-1,4.0,1.0,-0.9908839999989141,2.0,34.511623,37.728947,22.937735,6.658508000000438,1.8755479999999807,1,2,False,False,HOLD,TARGET
38120,2026-09-01 07:54:37.116,-1,1.0,4.0,2.0070919999998296,5.0,53.463003,45.146669,28.827856,7.407124000001204,2.4409879999984696,3,10,False,True,HOLD,TARGET
38122,2026-09-01 07:55:35.264,-1,1.0,4.0,-0.8475599999983388,3.0,52.121682,45.874771,30.880777,7.422151999999187,3.174483999999211,0,0,False,True,HOLD,TARGET
38126,2026-09-01 07:57:53.420,-1,1.0,4.0,0.18442399999912595,5.0,29.710767,35.804459,26.2158,6.540176000002248,4.086515999999392,1,10,False,False,HOLD,TARGET
38130,2026-09-01 07:59:37.044,-1,2.0,3.0,-1.3679599999995844,2.0,45.632321,41.648169,31.60471,6.7265559999977995,5.104172000003018,0,0,False,True,HOLD,STOP
38556,2026-09-01 11:03:23.336,1,2.0,3.0,-1.3966279999986,4.0,11.047476,5.613348,2.777091,0.9060399999980291,0.2050600000002305,1,3,False,False,HOLD,STOP
38559,2026-09-01 11:04:13.904,-1,2.0,3.0,-0.3579680000002554,4.0,30.32183,8.470041,3.693261,0.4018079999987094,0.048040000001492444,3,10,False,False,HOLD,TARGET
38560,2026-09-01 11:05:21.024,-1,1.0,4.0,2.499360000001616,5.0,53.344568,24.560551,12.346218,1.7409719999996014,0.455787999999302,10,10,False,False,HOLD,TARGET
38562,2026-09-01 11:06:05.536,-1,1.0,4.0,0.6601080000000366,3.0,58.944634,35.698788,20.223606,3.228112000000692,1.0984719999978552,0,0,False,False,HOLD,TARGET
38563,2026-09-01 11:06:49.172,-1,4.0,1.0,0.9578599999986182,2.0,56.552253,36.540574,21.463014,4.059300000000803,1.4994640000004438,1,1,False,False,HOLD,STOP
38571,2026-09-01 11:13:00.136,-1,5.0,0.0,-2.979304000000411,1.0,14.28433,16.326401,12.404972,2.627628000002005,2.1400079999984882,1,1,False,False,HOLD,TARGET
38572,2026-09-01 11:13:29.364,-1,1.0,4.0,0.4605440000013914,5.0,40.84975,26.998253,18.209995,3.4159120000003895,2.449587999999494,2,10,False,False,HOLD,TARGET
38573,2026-09-01 11:14:09.016,-1,3.0,2.0,1.580419999998412,3.0,53.250891,35.326272,23.447468,4.345920000003389,2.837895999997272,10,10,False,True,HOLD,STOP
38574,2026-09-01 11:15:17.068,-1,5.0,0.0,0.8958840000013879,1.0,59.655843,41.733914,28.118306,5.0763479999986885,3.2130160000015167,10,10,False,True,HOLD,STOP
38586,2026-09-01 11:25:05.204,-1,0.0,5.0,0.8676799999993818,6.0,35.164463,11.319638,9.107339,0.6883159999997588,1.7751160000007076,1,9,False,False,HOLD,TARGET
38590,2026-09-01 11:27:37.072,-1,1.0,4.0,0.6030040000005101,5.0,36.041765,20.250559,14.41261,2.401719999998022,2.26792000000205,1,2,False,False,HOLD,TARGET
38591,2026-09-01 11:27:59.644,-1,1.0,4.0,3.2467800000013085,5.0,56.813019,34.453348,22.628694,3.7175639999986743,2.709372000001167,3,10,False,True,HOLD,TARGET
38592,2026-09-01 11:28:09.568,-1,1.0,4.0,5.3030519999992975,5.0,66.503892,45.879909,30.819415,5.304147999999259,3.2949960000005376,10,10,False,True,HOLD,TARGET
38594,2026-09-01 11:30:48.904,-1,2.0,3.0,0.9734519999983604,2.0,64.442174,49.020609,34.640922,6.5372800000004645,4.090260000000853,0,0,False,True,HOLD,TARGET
38595,2026-09-01 11:31:38.008,-1,1.0,4.0,3.534904000000097,5.0,62.521153,49.377052,35.60651,7.574968000000808,4.644019999999728,1,10,False,True,HOLD,TARGET
38597,2026-09-01 11:33:15.204,-1,4.0,1.0,0.16309199999886914,-0.0,62.691825,52.255594,39.156353,8.472304000002623,5.522655999997369,0,0,True,True,HOLD,TARGET
38598,2026-09-01 11:33:24.120,-1,1.0,4.0,2.90462800000023,5.0,61.949826,52.890251,40.289213,9.239935999998124,6.066116000001784,1,1,True,True,HOLD,TARGET
38599,2026-09-01 11:34:03.368,-1,3.0,2.0,3.4813759999997274,3.0,64.021903,55.022856,42.58514,10.05162399999972,6.64980800000194,10,10,True,True,HOLD,TARGET
38600,2026-09-01 11:34:30.856,-1,3.0,2.0,3.9299600000013015,3.0,67.473375,58.128433,45.758056,10.88039999999819,7.267240000001038,10,10,True,True,HOLD,TARGET
38604,2026-09-01 11:37:10.972,-1,2.0,3.0,1.0504240000009304,4.0,48.065817,51.289296,42.749899,10.591927999998006,8.67865200000233,1,2,False,True,HOLD,TARGET
38606,2026-09-01 11:38:44.920,-1,0.0,5.0,0.5613679999987653,4.0,54.576523,53.241378,44.843028,10.511920000000828,9.297620000001189,0,0,False,True,HOLD,TARGET
38607,2026-09-01 11:39:10.020,-1,3.0,2.0,1.6588400000000547,3.0,55.662039,53.77299,45.59235,10.888584000000264,9.710899999998219,1,10,False,True,HOLD,TARGET
38609,2026-09-01 11:41:31.864,-1,0.0,5.0,0.9294240000017453,4.0,57.069835,54.680191,46.951473,10.909915999996883,10.31992000000173,0,0,False,True,HOLD,TARGET
38610,2026-09-01 11:41:54.976,-1,1.0,4.0,3.500663999999233,5.0,59.817694,56.045029,48.241488,11.591528000000835,10.805919999998878,1,10,False,True,HOLD,TARGET
38611,2026-09-01 11:42:36.480,-1,0.0,5.0,6.278291999999055,6.0,67.783561,60.483,51.831774,12.726524000001518,11.446312000000034,10,10,True,True,HOLD,TARGET
38612,2026-09-01 11:42:45.456,-1,2.0,3.0,6.883116000000882,4.0,71.653082,63.718245,54.815631,13.88131599999906,12.139591999999539,10,10,True,True,HOLD,TARGET
38613,2026-09-01 11:42:52.120,-1,4.0,1.0,5.79797999999937,2.0,72.818765,65.387905,56.653242,14.745296000000963,12.795883999999205,10,10,True,True,HOLD,TARGET
38615,2026-09-01 11:43:35.216,-1,1.0,4.0,3.8654439999991155,3.0,69.485486,64.832083,57.061921,15.514384000001883,13.893651999998838,0,0,True,True,HOLD,TARGET
38616,2026-09-01 11:43:55.600,-1,1.0,4.0,5.78423599999951,5.0,69.47627,65.271175,57.793271,16.245208000000275,14.547035999999935,1,10,True,True,HOLD,TARGET
38617,2026-09-01 11:44:25.032,-1,4.0,1.0,4.9432919999999285,2.0,70.464604,66.171406,58.874028,16.763795999999274,15.1605120000022,10,10,True,True,HOLD,TARGET
38619,2026-09-01 11:44:51.352,-1,0.0,5.0,2.3113760000014736,4.0,65.133518,64.479218,58.284153,16.43430399999852,15.976392000000487,0,0,True,True,HOLD,TARGET
38621,2026-09-01 11:45:11.352,-1,0.0,5.0,2.5340399999986403,4.0,62.914988,63.557335,58.168344,16.24430399999983,16.732496000000538,0,0,True,True,HOLD,TARGET
38623,2026-09-01 11:45:23.824,-1,0.0,5.0,1.458864000000176,4.0,60.150231,62.376881,57.841605,15.654323999999178,17.27955600000132,0,0,True,True,HOLD,TARGET
38624,2026-09-01 11:45:50.128,-1,2.0,3.0,3.134672000000137,4.0,60.942554,62.464377,58.100377,15.889463999999862,17.666932000000088,1,10,True,True,HOLD,STOP
38661,2026-09-01 11:58:14.736,1,2.0,3.0,1.012672000000748,4.0,45.108122,45.723474,27.189651,8.590752000000066,1.3756159999975353,1,2,False,False,HOLD,TARGET
38662,2026-09-01 11:58:19.736,1,1.0,4.0,3.565411999999924,5.0,60.165766,52.221653,33.56393,9.469735999999102,2.12118399999963,3,10,False,True,HOLD,STOP
38667,2026-09-01 12:00:12.944,1,1.0,4.0,-0.14027599999826634,5.0,24.172321,38.876832,27.426938,7.7609319999974105,3.8149479999992764,1,2,False,False,HOLD,TARGET
38668,2026-09-01 12:00:26.068,1,2.0,3.0,1.8908960000007937,4.0,51.069952,46.715038,33.243209,8.400107999998,4.343204000000696,4,10,False,True,HOLD,STOP
38675,2026-09-01 12:03:57.896,1,1.0,4.0,-0.48400000000037835,5.0,17.739413,29.03107,24.995417,5.45297600000049,5.225900000001275,1,4,False,False,HOLD,TARGET
38676,2026-09-01 12:04:15.364,1,1.0,4.0,2.4013320000012754,5.0,50.469291,40.605936,31.71035,6.370123999997304,5.63146400000187,6,10,False,True,HOLD,TARGET
38677,2026-09-01 12:04:28.624,1,1.0,4.0,4.645479999999225,5.0,64.03626,49.92762,38.298528,7.624260000000504,6.176203999999416,10,10,False,True,HOLD,STOP
38681,2026-09-01 12:05:40.584,1,3.0,2.0,-1.8777919999993173,3.0,22.923872,36.379875,31.731769,6.875787999997556,6.830224000001181,1,1,False,False,HOLD,TARGET
38690,2026-09-01 12:10:06.112,1,2.0,3.0,1.1025880000015604,4.0,43.297579,31.903579,29.144643,4.5524239999977,6.677220000001398,5,10,False,False,HOLD,TARGET
38692,2026-09-01 12:11:02.768,1,2.0,3.0,-1.5675719999999274,2.0,48.69106,37.020347,32.182547,4.886775999999372,6.832539999999426,0,0,False,True,HOLD,TARGET
38693,2026-09-01 12:11:23.820,1,1.0,4.0,1.5585559999999532,5.0,49.752294,38.675483,33.301597,5.695112000001245,7.1078119999983755,1,10,False,True,HOLD,TARGET
38694,2026-09-01 12:11:32.136,1,1.0,4.0,3.9899880000011763,5.0,61.049265,46.571381,38.238761,6.883383999997022,7.532756000000518,10,10,False,True,HOLD,STOP
38698,2026-09-01 12:12:45.408,1,2.0,3.0,-1.3398919999999634,4.0,22.146239,33.767406,32.211283,6.2575399999986985,7.8374280000025465,1,1,False,False,HOLD,TARGET
38701,2026-09-01 12:14:34.228,1,4.0,1.0,-0.7141080000001239,2.0,38.358244,37.540582,34.407406,6.32640000000174,8.088071999998647,1,5,False,False,HOLD,TARGET
38702,2026-09-01 12:15:01.528,1,2.0,3.0,1.4445840000007593,4.0,53.598193,44.2349,38.26511,6.998724000000948,8.366847999997844,6,10,False,True,HOLD,STOP
38704,2026-09-01 12:15:23.184,1,1.0,4.0,-0.5829039999989618,3.0,52.208773,45.124587,39.285868,7.182119999997667,8.646912000000157,0,0,False,True,HOLD,STOP
38705,2026-09-01 12:16:00.024,1,4.0,1.0,-0.00892799999928684,2.0,49.019768,44.343518,39.081466,7.520204000000376,8.862455999998929,1,1,False,True,HOLD,STOP
38707,2026-09-01 12:17:24.136,1,4.0,1.0,-3.7955240000010235,0.0,36.410231,40.352,37.297948,6.845868000000337,8.91056799999933,0,0,False,False,HOLD,STOP
38745,2026-09-01 12:36:22.816,-1,1.0,4.0,-0.31982000000061817,5.0,10.813797,11.070917,5.843591,2.1075520000013057,0.48678799999834155,3,4,False,False,HOLD,TARGET
38746,2026-09-01 12:39:55.756,-1,2.0,3.0,1.7512519999982032,4.0,49.853887,28.95774,15.713311,3.1734600000017963,0.9076720000011846,5,6,False,False,HOLD,TARGET
38747,2026-09-01 12:40:14.860,-1,2.0,3.0,3.3620840000003227,4.0,62.055085,40.555069,23.761004,4.448651999999129,1.4399840000005497,7,8,False,False,HOLD,STOP
38754,2026-09-01 12:42:55.220,-1,0.0,5.0,0.6109959999994317,6.0,17.874112,12.173696,9.015309,2.0270200000013574,1.6146159999989322,3,4,False,False,HOLD,STOP
38765,2026-09-01 12:48:04.344,1,2.0,3.0,1.8780039999983273,4.0,54.914559,32.396894,16.639584,3.291880000000674,0.43467600000076345,4,10,False,False,HOLD,STOP
38776,2026-09-01 12:50:49.864,1,3.0,2.0,-2.311831999999413,3.0,-1.467853,0.052244,1.314731,0.4608440000010887,0.6310359999988577,1,5,False,False,HOLD,STOP
38782,2026-09-01 12:53:00.052,-1,3.0,2.0,1.6221799999984796,3.0,55.409724,27.666466,13.267968,2.051104000001942,0.11439999999856809,10,10,False,False,HOLD,TARGET
38783,2026-09-01 12:53:19.124,-1,1.0,4.0,4.039476000001741,5.0,63.625628,38.740913,20.977596,3.539943999996467,0.667568000000756,10,10,False,False,HOLD,TARGET
38784,2026-09-01 12:53:40.044,-1,3.0,2.0,4.364035999999032,3.0,67.238598,45.887555,27.120181,4.96903200000088,1.2767840000014985,10,10,False,False,HOLD,STOP
38788,2026-09-01 12:54:40.036,-1,5.0,0.0,-1.0941840000014054,1.0,40.909437,37.506793,24.525769,6.0580600000030245,2.7042320000000473,1,1,False,False,HOLD,STOP
38796,2026-09-01 12:56:01.508,-1,2.0,3.0,-1.3248480000002019,4.0,7.233762,8.197341,8.860104,1.623328000001493,2.2622639999972307,1,5,False,False,HOLD,TARGET
38797,2026-09-01 12:56:05.712,-1,1.0,4.0,1.7473400000017136,5.0,46.713756,25.603606,17.729291,2.72725999999966,2.593563999998878,6,7,False,False,HOLD,STOP
38798,2026-09-01 12:56:19.160,-1,3.0,2.0,2.581264000000374,3.0,59.74877,37.266103,24.892688,3.8953680000013264,3.0006239999966056,8,10,False,True,HOLD,STOP
38800,2026-09-01 12:57:23.848,-1,4.0,1.0,-2.8335560000014084,-0.0,50.044432,35.582193,24.962627,4.161780000002182,3.343399999997928,0,0,False,True,HOLD,STOP
38814,2026-09-01 12:59:30.060,1,2.0,3.0,1.6452800000006391,4.0,46.4138,36.576151,21.644441,5.576947999998083,1.6472800000010466,3,4,False,True,HOLD,TARGET
38816,2026-09-01 12:59:35.136,1,0.0,5.0,0.9212200000001758,4.0,57.017651,44.547038,28.600003,6.4108759999980975,2.4678640000020096,0,0,False,True,HOLD,TARGET
38817,2026-09-01 12:59:38.396,1,3.0,2.0,1.9387239999996382,3.0,57.486195,46.093027,30.506429,7.166804000000411,2.996392000000924,1,10,False,True,HOLD,TARGET
38821,2026-09-01 12:59:50.544,1,1.0,4.0,0.3974799999996321,5.0,29.04445,35.866974,26.112248,6.65060000000085,4.030343999998877,1,2,False,False,HOLD,TARGET
38822,2026-09-01 12:59:54.676,1,3.0,2.0,1.5313759999989998,3.0,52.870173,44.571727,32.120636,7.31286000000182,4.486015999998926,3,10,False,True,HOLD,TARGET
38824,2026-09-01 12:59:58.424,1,1.0,4.0,0.0745360000000801,3.0,55.240469,47.405648,35.266814,7.710424000000785,5.171952000000601,0,0,False,True,HOLD,TARGET
38825,2026-09-01 12:59:59.712,1,1.0,4.0,2.835748000001331,5.0,57.425793,49.253255,37.157376,8.52641599999697,5.694480000001931,1,10,False,True,HOLD,TARGET
39663,2026-09-02 06:31:12.184,-1,3.0,2.0,-2.5307399999983318,3.0,4.729604,24.030988,15.783798,4.764675999998872,2.016171999999642,1,1,False,False,HOLD,STOP
39671,2026-09-02 06:31:46.860,-1,1.0,4.0,0.6828679999998712,5.0,29.559311,16.317226,12.100799,2.129612000000634,2.098227999998926,3,6,False,False,HOLD,TARGET
39672,2026-09-02 06:31:51.976,-1,1.0,4.0,3.30889599999864,5.0,57.208805,33.795468,21.90342,3.47858400000041,2.5384919999996782,7,10,False,True,HOLD,STOP
39692,2026-09-02 06:34:30.068,1,0.0,0.0,1.7304000000003725,1.0,18.581869,19.511779,11.475329,2.9544239999995625,1.064515999998548,1,1,False,False,HOLD,STOP
39703,2026-09-02 06:36:57.536,-1,1.0,4.0,1.715383999999176,5.0,48.865659,27.043748,13.252491,2.7835479999994277,0.26844400000118185,2,10,False,False,HOLD,TARGET
39704,2026-09-02 06:37:05.884,-1,1.0,4.0,4.11196800000107,5.0,61.65185,39.225286,21.614135,4.22704800000065,0.8492479999986244,10,10,False,False,HOLD,STOP
39724,2026-09-02 06:39:56.280,1,1.0,4.0,-0.05625599999984843,5.0,21.062528,14.786839,7.796285,2.2589760000009846,0.565071999997599,1,6,False,False,HOLD,TARGET
39725,2026-09-02 06:40:00.048,1,0.0,5.0,3.511800000000221,6.0,54.667366,32.734873,18.140143,3.634704000000056,1.0813759999982722,7,10,False,False,HOLD,TARGET
39727,2026-09-02 06:40:24.652,1,4.0,1.0,-2.2706399999988207,0.0,54.554913,37.566533,22.611358,4.165839999997843,1.623116000002483,0,0,False,True,HOLD,TARGET
39728,2026-09-02 06:40:27.984,1,2.0,3.0,0.23394800000096438,4.0,47.534216,35.28474,21.809282,4.789635999997699,2.00381600000037,1,1,False,True,HOLD,TARGET
39729,2026-09-02 06:40:31.764,1,1.0,4.0,2.959736000000703,5.0,56.598279,41.701949,26.661864,5.861963999999716,2.537959999997838,2,10,False,True,HOLD,NONE
39731,2026-09-02 06:41:11.004,1,4.0,1.0,-1.9996639999990293,0.0,54.678055,43.672409,29.466624,6.159147999998822,3.1729039999991073,0,0,False,True,HOLD,TARGET
39734,2026-09-02 06:41:18.316,1,2.0,3.0,-0.6788559999986319,4.0,29.237041,33.562523,24.482694,5.847971999999572,3.7971880000004603,1,3,False,False,HOLD,NONE
39735,2026-09-02 06:41:28.944,1,5.0,0.0,-0.8613320000004023,1.0,43.647342,38.556464,27.879175,6.136920000000828,4.103800000000774,4,4,False,False,HOLD,NONE
39740,2026-09-02 06:42:24.024,1,5.0,0.0,-2.3438720000012836,1.0,21.689227,30.491514,25.081324,5.421792000001005,4.867032000001927,1,1,False,False,HOLD,STOP
39748,2026-09-02 06:44:39.076,1,2.0,3.0,0.5827400000016496,4.0,36.769568,26.243438,22.796685,3.7050279999966733,4.813767999999982,6,10,False,False,HOLD,TARGET
39820,2026-09-02 07:00:13.616,1,3.0,2.0,0.6830760000011651,1.0,64.585637,52.629821,38.439912,8.164483999997174,4.839208000001236,0,0,False,True,HOLD,TARGET
39821,2026-09-02 07:00:23.032,1,0.0,5.0,4.086835999998584,6.0,63.518441,53.224958,39.623331,9.172920000000886,5.4589039999991655,1,10,True,True,HOLD,TARGET
39823,2026-09-02 07:00:39.992,1,4.0,1.0,-0.7128999999986263,0.0,60.927267,53.708686,41.327668,9.475156000000425,6.286379999997735,0,0,True,True,HOLD,TARGET
39824,2026-09-02 07:00:59.472,1,3.0,2.0,0.6677439999984927,3.0,55.828506,51.990253,40.628403,9.753532000002451,6.72349199999735,1,1,False,True,HOLD,TARGET
39825,2026-09-02 07:01:00.240,1,0.0,5.0,4.07491200000004,6.0,61.111514,54.7913,43.288254,10.632659999999305,7.3334800000011455,2,10,True,True,HOLD,TARGET
39826,2026-09-02 07:01:09.408,1,3.0,2.0,4.391599999999016,3.0,66.487767,58.373016,46.719236,11.499368000000686,7.972003999999288,10,10,True,True,HOLD,TARGET
39827,2026-09-02 07:01:15.160,1,4.0,1.0,3.860132000001613,2.0,68.981207,60.771416,49.334796,12.199559999997291,8.592963999999483,10,10,True,True,HOLD,TARGET
39828,2026-09-02 07:01:24.208,1,1.0,4.0,5.780104000001302,5.0,70.116363,62.376155,51.320214,13.19481199999791,9.318812000001344,10,10,True,True,HOLD,STOP
39830,2026-09-02 07:01:37.812,1,0.0,5.0,2.212655999999697,4.0,65.71039,61.270507,51.47609,13.374112000001332,10.297599999998056,0,0,True,True,HOLD,STOP
39832,2026-09-02 07:02:16.096,1,5.0,0.0,-3.229380000000674,-1.0,49.421302,55.782587,48.286233,12.194820000000618,10.81402000000162,0,0,False,True,HOLD,STOP
39844,2026-09-02 07:04:11.080,1,4.0,1.0,-1.3615759999993315,2.0,36.464416,31.218815,33.22118,4.647919999999431,9.068171999999322,1,1,False,False,HOLD,TARGET
39845,2026-09-02 07:04:14.336,1,3.0,2.0,0.16321999999854597,3.0,47.55194,36.658521,35.781434,5.220216000001528,9.172864000000118,2,10,False,True,HOLD,TARGET
39849,2026-09-02 07:04:51.128,1,1.0,4.0,0.8455839999987802,5.0,35.882614,33.979717,34.516897,5.685196000002179,9.195459999999002,1,2,False,False,HOLD,TARGET
39850,2026-09-02 07:05:00.172,1,1.0,4.0,3.435455999999249,5.0,57.989702,44.810513,40.156085,6.772864000002301,9.509047999999893,3,10,False,True,HOLD,TARGET
39851,2026-09-02 07:05:39.660,1,1.0,4.0,5.449799999998504,5.0,66.995325,52.726226,45.192513,8.141852000000654,9.960328000001027,10,10,True,True,HOLD,TARGET
39853,2026-09-02 07:06:31.052,1,0.0,0.0,3.1239520000017365,-1.0,60.541723,51.547513,45.133939,8.306423999998515,10.272931999999855,0,0,True,True,HOLD,TARGET
39854,2026-09-02 07:06:37.212,1,1.0,4.0,-0.23692799999844283,3.0,50.863702,47.861704,43.202453,8.512871999999334,10.458608000000822,0,0,False,True,HOLD,TARGET
39855,2026-09-02 07:06:49.176,1,1.0,4.0,2.5934999999990396,5.0,55.852077,50.276094,44.822327,9.220368000002054,10.7938359999971,1,10,False,True,HOLD,TARGET
39856,2026-09-02 07:07:15.132,1,1.0,4.0,4.794944000001124,5.0,64.638671,55.479083,48.360861,10.273815999997169,11.260212000001047,10,10,True,True,HOLD,STOP
39858,2026-09-02 07:08:14.032,1,1.0,4.0,2.048795999999129,3.0,65.373958,57.781291,50.59483,11.004604000001564,11.90271600000051,0,0,True,True,HOLD,STOP
39860,2026-09-02 07:09:01.324,1,3.0,2.0,-2.377887999999075,1.0,48.913705,51.771809,47.358804,10.192683999997826,12.10624800000005,0,0,False,True,HOLD,STOP
39869,2026-09-02 07:10:28.944,1,2.0,3.0,0.13996799999949872,4.0,30.164016,23.643666,31.232137,3.565072000001237,9.774696000000404,4,5,False,False,HOLD,STOP
39881,2026-09-02 07:13:59.996,1,1.0,4.0,1.9798640000008163,5.0,48.963972,25.56588,26.898478,2.486195999998017,7.015504000002693,1,10,False,False,HOLD,TARGET
39882,2026-09-02 07:14:36.864,1,1.0,4.0,4.317672000001039,5.0,62.617427,39.126632,33.838222,3.9910999999992782,7.330379999999423,10,10,False,True,HOLD,TARGET
39883,2026-09-02 07:15:01.688,1,1.0,4.0,6.135967999998684,5.0,69.055966,48.950768,40.036845,5.708104000001185,7.789624000000913,10,10,True,True,HOLD,STOP
39887,2026-09-02 07:16:04.424,1,1.0,4.0,1.567512000001443,5.0,44.834153,40.06365,36.007332,6.7260519999981625,8.350752000002103,1,2,False,False,HOLD,TARGET
39888,2026-09-02 07:16:59.008,1,4.0,1.0,1.663619999999355,2.0,57.802112,46.857836,40.098364,7.406456000000617,8.647012000001268,3,10,False,True,HOLD,TARGET
39889,2026-09-02 07:17:19.568,1,4.0,1.0,1.7383719999997993,2.0,62.264532,50.698233,42.819906,8.04609999999957,8.963316000001214,10,10,True,True,HOLD,TARGET
39891,2026-09-02 07:17:51.244,1,0.0,5.0,2.1874119999993127,4.0,61.285013,52.263935,44.539995,9.006164000002173,9.57129999999961,0,0,True,True,HOLD,TARGET
39893,2026-09-02 07:18:30.564,1,1.0,4.0,-0.1335399999989022,3.0,55.557945,50.771809,44.223286,9.060583999998926,9.969715999999607,0,0,False,True,HOLD,TARGET
39894,2026-09-02 07:18:56.832,1,1.0,4.0,2.6739119999983814,5.0,56.389092,51.567841,45.012644,9.738968000001478,10.350672000000486,1,10,False,True,HOLD,TARGET
39895,2026-09-02 07:19:03.848,1,1.0,4.0,4.857488000001467,5.0,64.883058,56.416826,48.521342,10.762359999996988,10.858860000000277,10,10,True,True,HOLD,TARGET
39896,2026-09-02 07:19:20.648,1,1.0,4.0,6.55582399999912,5.0,70.151267,60.749527,52.063354,12.014436000001297,11.477908000000753,10,10,True,True,HOLD,TARGET
39898,2026-09-02 07:20:27.120,1,3.0,2.0,1.5584600000001956,1.0,67.656664,61.136934,53.205207,12.618608000000677,12.290696000000025,0,0,True,True,HOLD,TARGET
39900,2026-09-02 07:21:06.976,1,1.0,4.0,0.09091999999873224,3.0,55.354614,56.57817,50.720229,12.207752000002074,12.785563999997976,0,0,False,True,HOLD,TARGET
39901,2026-09-02 07:21:16.132,1,1.0,4.0,2.848492000000988,5.0,57.505018,57.240323,51.409989,12.666283999998996,13.193608000001404,1,10,False,True,HOLD,TARGET
39902,2026-09-02 07:21:37.324,1,3.0,2.0,3.437716000000364,3.0,63.840695,59.87133,53.42593,13.195879999999306,13.635244000000966,10,10,True,True,HOLD,TARGET
39903,2026-09-02 07:21:49.608,1,1.0,4.0,5.4515600000013364,5.0,68.559919,62.633037,55.680167,14.051347999997233,14.186764000001858,10,10,True,True,HOLD,TARGET
39904,2026-09-02 07:22:21.820,1,2.0,3.0,6.2400999999990745,4.0,70.786703,64.508746,57.410254,14.982576000002155,14.792887999999948,10,10,True,True,HOLD,STOP
39907,2026-09-02 07:23:03.048,1,0.0,0.0,1.418868000000657,-1.0,43.24103,56.490917,53.083482,13.272863999998663,15.330608000000211,0,0,False,False,HOLD,TARGET
39910,2026-09-02 07:23:57.708,1,2.0,3.0,-0.2130719999986468,4.0,28.54528,49.575376,49.563924,11.38288399999874,15.332031999998435,1,2,False,False,HOLD,TARGET
39914,2026-09-02 07:26:12.556,1,1.0,4.0,-0.6588279999996303,5.0,19.267309,42.24709,46.008909,9.050323999999819,14.885072000000946,1,2,False,False,HOLD,TARGET
39915,2026-09-02 07:26:16.708,1,0.0,5.0,3.0431319999988773,6.0,50.998675,49.773976,49.362252,9.797044000002643,15.092211999999563,3,10,False,True,HOLD,TARGET
39916,2026-09-02 07:26:37.156,1,1.0,4.0,5.14466000000175,5.0,65.011338,56.561026,53.032727,10.868299999998271,15.431884000001446,10,10,True,True,HOLD,STOP
39928,2026-09-02 07:31:58.932,1,4.0,1.0,-3.172896000000037,2.0,-2.044724,11.281173,30.208114,2.4733999999989464,11.663564000002225,3,3,False,False,HOLD,STOP
39935,2026-09-02 07:34:22.772,1,1.0,4.0,0.6236439999993308,5.0,24.21275,5.319582,21.681595,0.3875399999997171,8.529236000002129,3,5,False,False,HOLD,TARGET
39936,2026-09-02 07:34:41.576,1,2.0,3.0,2.48505600000135,4.0,55.607372,25.904129,30.030639,1.7252359999984037,8.60305199999857,6,10,False,False,HOLD,TARGET
39937,2026-09-02 07:34:52.240,1,1.0,4.0,4.7105999999985215,5.0,65.291098,39.35666,36.442192,3.3628680000001623,8.845236000001023,10,10,False,True,HOLD,TARGET
39938,2026-09-02 07:35:08.412,1,2.0,3.0,5.663799999998446,4.0,69.348985,47.757364,41.327706,5.043788000002678,9.194695999998657,10,10,True,True,HOLD,TARGET
39939,2026-09-02 07:35:13.772,1,3.0,2.0,5.6274000000012165,3.0,71.289271,53.125342,45.050259,6.5835839999999735,9.597091999999975,10,10,True,True,HOLD,TARGET
39940,2026-09-02 07:35:35.976,1,5.0,0.0,4.043531999999686,1.0,70.907324,55.218211,46.857789,7.7105719999999565,9.963459999999031,10,10,True,True,HOLD,STOP
39942,2026-09-02 07:36:20.628,1,4.0,1.0,-1.9489719999983208,0.0,56.753518,48.708989,43.403899,7.744043999999121,10.175655999999435,0,0,False,True,HOLD,TARGET
39943,2026-09-02 07:37:06.836,1,1.0,4.0,1.2619080000004033,5.0,51.574679,47.04908,42.668756,8.269560000000638,10.420799999999872,1,1,False,True,HOLD,STOP
39950,2026-09-02 07:39:52.836,1,1.0,4.0,-0.5764840000010736,5.0,10.756223,25.920012,31.941299,5.122952000001533,9.667723999998998,1,4,False,False,HOLD,TARGET
39951,2026-09-02 07:39:58.228,1,1.0,4.0,2.3294040000000678,5.0,49.834589,39.367457,38.025528,6.053348000001279,9.881863999999041,5,10,False,True,HOLD,TARGET
39952,2026-09-02 07:40:21.972,1,4.0,1.0,2.256199999999808,2.0,61.085213,47.065294,42.245708,6.895931999999448,10.121712000000116,10,10,True,True,HOLD,TARGET
39954,2026-09-02 07:40:51.564,1,1.0,4.0,1.7228880000002391,3.0,61.84913,50.539349,44.759473,8.01547600000049,10.551331999999093,0,0,True,True,HOLD,TARGET
39956,2026-09-02 07:42:11.476,1,1.0,4.0,0.7953280000001541,3.0,58.252324,50.442119,45.167571,8.592823999999382,10.916180000000168,0,0,False,True,HOLD,TARGET
39957,2026-09-02 07:42:26.836,1,1.0,4.0,3.396364000000176,5.0,60.610949,52.440387,46.612268,9.44073600000047,11.278824000000895,1,10,True,True,HOLD,STOP
39961,2026-09-02 07:44:01.392,1,1.0,4.0,0.3259680000010121,5.0,31.953241,42.770656,41.976795,8.54898399999729,11.517808000000514,1,2,False,False,HOLD,TARGET
39962,2026-09-02 07:44:08.736,1,1.0,4.0,3.031308000001445,5.0,55.372412,50.140859,45.966638,9.333647999999812,11.835928000000422,3,10,False,True,HOLD,STOP
39963,2026-09-02 07:44:26.996,1,4.0,1.0,2.8021279999993567,2.0,63.607864,54.881947,49.006336,10.013632000001962,12.161560000000463,10,10,True,True,HOLD,STOP
39991,2026-09-02 07:56:15.260,-1,4.0,1.0,-2.0765360000004875,2.0,15.659682,24.491101,12.133017,4.385851999999431,0.33539999999993597,1,2,False,False,HOLD,TARGET
39999,2026-09-02 07:58:32.536,-1,5.0,0.0,-4.4932799999987765,1.0,-22.222831,4.893726,5.242769,2.2593919999999343,1.3263000000006286,1,1,False,False,HOLD,TARGET
40000,2026-09-02 07:58:39.496,-1,1.0,4.0,-0.7169959999991988,5.0,22.927094,19.056807,12.346215,2.8618199999982608,1.5910240000011981,3,3,False,False,HOLD,TARGET
40001,2026-09-02 07:59:19.564,-1,2.0,3.0,1.4423360000000685,4.0,46.929332,30.30495,18.830186,3.8109000000004016,1.9831640000011248,8,10,False,False,HOLD,TARGET
40301,2026-09-02 11:03:24.936,1,2.0,3.0,0.7257720000015979,4.0,44.752473,14.762393,10.17874,0.5276559999983874,1.5439320000004955,5,6,False,False,HOLD,TARGET
40302,2026-09-02 11:03:51.156,1,0.0,5.0,4.120043999999325,6.0,60.028602,30.502137,18.903204,2.1531080000022484,1.9831359999989218,8,9,False,False,HOLD,TARGET
40303,2026-09-02 11:05:28.732,1,3.0,2.0,4.4266999999999825,3.0,66.607267,41.62539,26.516658,3.704600000000937,2.487483999997494,10,10,False,True,HOLD,STOP
40313,2026-09-02 11:18:45.404,1,1.0,4.0,1.119567999998253,5.0,39.563298,29.064933,21.964376,4.163528000000952,3.7518760000020848,1,8,False,False,HOLD,TARGET
40314,2026-09-02 11:18:45.680,1,1.0,4.0,3.6485519999987446,5.0,59.231764,41.497951,29.704494,5.411896000001434,4.22805199999857,9,10,False,True,HOLD,TARGET
40315,2026-09-02 11:18:45.756,1,0.0,5.0,6.393319999999221,6.0,68.131741,51.128037,37.135624,7.062292000002344,4.88039999999819,10,10,False,True,HOLD,TARGET
40316,2026-09-02 11:18:46.612,1,5.0,0.0,4.6392479999994976,1.0,70.518245,55.615496,41.490757,8.259915999999066,5.482496000000538,10,10,True,True,HOLD,TARGET
40317,2026-09-02 11:18:47.812,1,1.0,4.0,6.38608000000022,5.0,72.053501,59.001922,45.188927,9.68115200000102,6.201419999997597,10,10,True,True,HOLD,TARGET
40318,2026-09-02 11:18:48.348,1,1.0,4.0,7.744731999999203,5.0,72.728156,61.274206,48.008203,11.237120000001596,7.021364000000176,10,10,True,True,HOLD,TARGET
40320,2026-09-02 11:18:49.304,1,2.0,3.0,1.84557599999971,2.0,68.304796,60.55598,48.744985,11.907063999999082,8.09577200000058,0,0,True,True,HOLD,TARGET
40321,2026-09-02 11:18:50.012,1,3.0,2.0,2.6576720000011846,3.0,63.76367,58.880966,47.944285,12.354756000000634,8.665455999998812,1,1,True,True,HOLD,TARGET
40352,2026-09-02 11:39:51.116,-1,3.0,2.0,5.306447999999364,3.0,69.928986,54.542043,33.398253,7.960188000000926,0.805503999999928,10,10,False,False,HOLD,TARGET
40353,2026-09-02 11:41:01.280,-1,0.0,5.0,7.682791999999608,6.0,72.469673,59.012918,39.231124,9.64251200000217,1.7636119999988296,10,10,False,True,HOLD,TARGET
40355,2026-09-02 11:42:49.756,-1,1.0,4.0,4.400699999998324,3.0,71.383327,61.199636,43.793626,11.409036000000924,3.3861480000014126,0,0,True,True,HOLD,STOP
40359,2026-09-02 11:46:51.116,-1,1.0,4.0,1.768951999998535,5.0,46.931216,51.379956,38.12476,10.86066800000117,5.380656000001181,1,2,False,True,HOLD,STOP
40396,2026-09-02 12:27:10.684,1,1.0,4.0,-0.3493720000005851,5.0,29.287049,25.153121,15.641174,3.8044320000008156,1.7182519999987562,1,7,False,False,HOLD,STOP
40397,2026-09-02 12:29:11.244,1,5.0,0.0,-0.605068000000756,1.0,43.674089,31.743701,19.82441,4.303724000001239,2.0364879999979166,10,10,False,False,HOLD,STOP
40401,2026-09-02 12:33:20.980,1,4.0,1.0,-2.5008039999993343,2.0,6.909186,18.978668,14.389552,3.631836000000476,2.4918719999986934,1,2,False,False,HOLD,STOP
40414,2026-09-02 12:45:06.152,1,1.0,4.0,1.1946160000006785,5.0,37.202431,8.407424,5.9584,0.08786799999870709,1.0396839999993972,4,10,False,False,HOLD,STOP
40416,2026-09-02 12:46:39.796,1,4.0,1.0,-2.462515999999596,0.0,48.801252,21.86876,13.280719,1.0872119999985443,1.2882320000026084,0,0,False,False,HOLD,STOP
40434,2026-09-02 12:55:25.724,-1,1.0,4.0,1.5907960000004095,5.0,39.093362,23.833484,12.475552,3.100456000000122,0.7007279999997991,3,10,False,False,HOLD,TARGET
40435,2026-09-02 12:56:06.532,-1,2.0,3.0,3.2372880000002624,4.0,60.156725,38.883078,22.227336,4.358663999999408,1.2316360000004352,10,10,False,False,HOLD,STOP
40442,2026-09-02 12:59:40.008,-1,0.0,5.0,1.8446560000011232,6.0,41.364007,32.024697,21.341674,4.812439999997878,2.7351240000025427,2,10,False,False,HOLD,STOP
41493,2026-09-03 06:32:18.792,1,2.0,3.0,-1.9344640000017534,4.0,5.070246,14.122142,25.22654,2.7561560000031022,8.515595999997458,1,3,False,False,HOLD,TARGET
41497,2026-09-03 06:32:49.960,1,1.0,4.0,-0.9996400000018184,3.0,43.313502,30.253182,31.434417,3.765824000001885,8.25360400000136,0,0,False,False,HOLD,TARGET
41501,2026-09-03 06:33:02.692,1,1.0,4.0,0.05408800000077463,5.0,23.098666,23.19486,27.627779,3.8853199999975914,7.921156000000337,1,2,False,False,HOLD,TARGET
41502,2026-09-03 06:33:08.800,1,3.0,2.0,1.264287999998487,3.0,50.673703,35.534988,33.41451,4.719968000001245,8.097463999998581,3,10,False,True,HOLD,TARGET
41503,2026-09-03 06:33:15.320,1,5.0,0.0,0.6500039999991714,1.0,58.250858,41.89457,36.925476,5.375512000002345,8.268683999998757,10,10,False,True,HOLD,TARGET
41504,2026-09-03 06:33:24.108,1,3.0,2.0,1.7277800000010757,3.0,60.609957,45.3411,39.130036,6.1756920000007085,8.516443999997136,10,10,True,True,HOLD,TARGET
41505,2026-09-03 06:33:29.536,1,2.0,3.0,3.34382800000094,4.0,63.127877,48.851216,41.548006,7.207367999999406,8.871859999999288,10,10,True,True,HOLD,TARGET
41506,2026-09-03 06:33:33.316,1,1.0,4.0,5.378531999998813,5.0,67.580358,53.929072,45.23762,8.528568000001542,9.362111999998888,10,10,True,True,HOLD,TARGET
41508,2026-09-03 06:33:46.012,1,3.0,2.0,1.4512119999999413,1.0,66.478998,56.16024,47.638763,9.625356000000465,10.056604000001244,0,0,True,True,HOLD,TARGET
41509,2026-09-03 06:33:54.168,1,4.0,1.0,1.5731640000012703,2.0,62.671751,54.951007,47.196449,10.057279999997263,10.399464000001899,1,1,True,True,HOLD,STOP
41510,2026-09-03 06:33:56.672,1,4.0,1.0,1.668015999999625,2.0,61.933425,55.312211,47.798367,10.471991999998863,10.751476000001276,2,2,True,True,HOLD,STOP
41512,2026-09-03 06:34:16.084,1,2.0,3.0,-1.2255199999999604,2.0,51.700194,51.873072,46.222694,10.03362399999969,11.090951999998651,0,0,False,True,HOLD,STOP
41513,2026-09-03 06:34:26.288,1,4.0,1.0,-0.5087400000011257,2.0,46.63914,50.167437,45.448042,10.05219600000055,11.300736000001052,1,1,False,True,HOLD,STOP
41520,2026-09-03 06:35:11.136,1,2.0,3.0,-1.6742960000010498,4.0,-5.676341,13.980729,26.728507,3.3861759999999776,9.348907999999938,3,4,False,False,HOLD,STOP
41523,2026-09-03 06:35:32.200,1,5.0,0.0,-3.3296080000000075,1.0,12.32196,18.217611,27.429349,3.0541159999993397,8.779276000001119,1,1,False,False,HOLD,STOP
41538,2026-09-03 06:37:27.872,1,0.0,5.0,1.5487839999987045,4.0,57.765291,25.083948,21.171049,0.9462560000029043,4.229663999998593,0,0,False,False,HOLD,TARGET
41539,2026-09-03 06:37:46.984,1,5.0,0.0,0.8712760000016715,1.0,58.055716,29.422066,23.627683,1.9441599999991013,4.410260000000562,1,1,False,False,HOLD,TARGET
41540,2026-09-03 06:37:50.760,1,2.0,3.0,2.6776600000011967,4.0,62.415307,37.193418,28.278311,3.1925439999977243,4.7191880000027595,10,10,False,True,HOLD,TARGET
41541,2026-09-03 06:37:58.096,1,1.0,4.0,4.860403999999107,5.0,65.841909,43.974176,32.926244,4.7401800000006915,5.181380000001809,10,10,False,True,HOLD,TARGET
41542,2026-09-03 06:38:14.776,1,2.0,3.0,5.780311999998958,4.0,69.656027,50.98643,38.383391,6.332227999999304,5.736800000002404,10,10,False,True,HOLD,TARGET
41543,2026-09-03 06:38:32.784,1,3.0,2.0,5.7180200000002515,3.0,71.487655,55.51004,42.549371,7.785515999999916,6.332104000000982,10,10,True,True,HOLD,TARGET
41546,2026-09-03 06:38:59.332,1,0.0,5.0,1.003128000000288,4.0,57.532144,50.699592,40.757438,8.835176000000502,7.411691999997856,0,0,False,True,HOLD,TARGET
41550,2026-09-03 06:39:49.768,1,1.0,4.0,0.3143600000003062,3.0,53.276788,49.685069,41.580526,9.041271999998571,8.477760000001581,0,0,False,True,HOLD,TARGET
41551,2026-09-03 06:39:55.556,1,1.0,4.0,3.0222800000010466,5.0,58.551981,52.379956,43.741743,9.784899999998743,8.934708000000683,1,10,False,True,HOLD,STOP
41556,2026-09-03 06:40:36.012,1,2.0,3.0,-1.929015999998228,4.0,15.70828,38.83233,37.380911,7.9797639999997045,9.537311999996746,1,1,False,False,HOLD,STOP
41562,2026-09-03 06:41:23.024,1,4.0,1.0,-2.375503999999637,2.0,14.757385,23.861976,29.147909,4.239600000000792,8.523219999999128,3,3,False,False,HOLD,TARGET
41565,2026-09-03 06:41:40.616,1,4.0,1.0,-1.6718760000003385,2.0,23.370326,25.146282,29.159183,4.127712000001338,8.25763999999981,1,7,False,False,HOLD,TARGET
41566,2026-09-03 06:41:50.648,1,2.0,3.0,0.6996519999993325,4.0,47.118815,34.935559,33.694772,4.839719999999943,8.401028000000224,8,10,False,True,HOLD,TARGET
41567,2026-09-03 06:42:00.788,1,2.0,3.0,2.5441720000017085,4.0,57.641618,42.280774,37.645006,5.8320479999965755,8.664556000003358,10,10,False,True,HOLD,STOP
41577,2026-09-03 06:44:59.308,1,1.0,4.0,1.8572600000006787,5.0,45.219171,23.767578,25.428484,2.5135320000008505,6.681507999997848,6,8,False,False,HOLD,TARGET
41644,2026-09-03 07:00:00.052,-1,0.0,5.0,0.29774800000086543,6.0,16.711018,6.964495,8.301837,1.0466119999982766,2.2884200000007695,1,6,False,False,HOLD,TARGET
41646,2026-09-03 07:00:01.272,-1,0.0,5.0,0.10604400000011083,4.0,51.004941,27.157483,18.764999,2.2510240000010526,2.608831999998074,0,0,False,False,HOLD,TARGET
41648,2026-09-03 07:00:03.600,-1,1.0,4.0,-0.7877000000007683,3.0,48.177069,29.576218,20.755778,3.0819200000005367,2.941503999998531,0,0,False,False,HOLD,TARGET
41649,2026-09-03 07:00:06.152,-1,2.0,3.0,1.3873439999988477,4.0,51.105727,33.243282,23.242502,4.003340000002936,3.2867799999985436,1,10,False,True,HOLD,TARGET
41650,2026-09-03 07:00:14.124,-1,2.0,3.0,3.079043999998248,4.0,60.658004,41.871701,29.092763,5.160384000002523,3.744800000000396,10,10,False,True,HOLD,STOP
41656,2026-09-03 07:00:53.908,-1,1.0,4.0,0.3121920000012324,5.0,27.624421,27.839642,22.818137,4.678867999999056,4.453996000000188,1,4,False,False,HOLD,TARGET
41657,2026-09-03 07:00:59.220,-1,1.0,4.0,3.020595999998477,5.0,55.297925,40.669438,30.423202,5.771176000002015,4.8907319999998435,5,10,False,True,HOLD,TARGET
41658,2026-09-03 07:00:59.392,-1,1.0,4.0,5.127128000000084,5.0,65.888052,49.969628,37.245378,7.16130400000111,5.465347999997903,10,10,False,True,HOLD,TARGET
41659,2026-09-03 07:01:04.028,-1,2.0,3.0,5.9877679999990505,4.0,70.181588,55.747647,42.411124,8.597588000000542,6.119256000001769,10,10,True,True,HOLD,TARGET
41660,2026-09-03 07:01:08.032,-1,4.0,1.0,5.101596000000427,2.0,71.409086,58.695421,45.607944,9.756932000000234,6.759627999999793,10,10,True,True,HOLD,TARGET
41661,2026-09-03 07:01:40.268,-1,0.0,0.0,8.63457600000038,1.0,70.544201,59.527509,47.01405,10.555272000001423,7.345243999996455,10,10,True,True,HOLD,TARGET
41662,2026-09-03 07:01:45.804,-1,0.0,5.0,4.826892000000953,4.0,69.816188,60.258403,48.298721,11.507767999999487,8.002975999999762,0,0,True,True,HOLD,TARGET
41663,2026-09-03 07:01:56.496,-1,2.0,3.0,5.754248000001098,4.0,70.231786,61.609756,50.099356,12.553639999998268,8.722391999999672,1,10,True,True,HOLD,TARGET
41665,2026-09-03 07:02:07.448,-1,0.0,5.0,3.4068919999990612,4.0,67.985894,61.904928,51.513595,13.30810399999973,9.849288000001252,0,0,True,True,HOLD,TARGET
41666,2026-09-03 07:02:15.888,-1,2.0,3.0,4.649804000000586,4.0,67.107083,62.033266,52.15042,14.007991999998922,10.511807999999291,1,10,True,True,HOLD,TARGET
41669,2026-09-03 07:02:37.500,-1,0.0,0.0,0.8722679999991669,-1.0,42.794927,55.222429,48.613807,12.465484000000288,11.42736800000057,0,0,False,False,HOLD,TARGET
41671,2026-09-03 07:02:46.496,-1,2.0,3.0,0.4535920000016631,4.0,41.646618,53.056295,47.749126,12.054683999998815,11.965024000000994,1,3,False,False,HOLD,TARGET
41680,2026-09-03 07:03:39.324,-1,2.0,3.0,0.4355519999990065,4.0,34.685293,36.195808,38.658886,6.372600000002421,11.225995999997394,6,6,False,False,HOLD,STOP
41686,2026-09-03 07:04:20.272,-1,3.0,2.0,-1.3514240000004065,3.0,13.463603,18.930555,29.199529,3.4170200000007753,9.642948000000615,3,3,False,False,HOLD,TARGET
41687,2026-09-03 07:04:35.404,-1,1.0,4.0,1.7266679999993357,5.0,48.970389,33.512578,35.256051,4.373680000000604,9.756883999998536,5,10,False,True,HOLD,TARGET
41688,2026-09-03 07:05:05.144,-1,1.0,4.0,4.120743999999831,5.0,61.694321,43.708118,40.334653,5.691576000001078,10.030899999997928,10,10,False,True,HOLD,TARGET
41690,2026-09-03 07:05:33.584,-1,2.0,3.0,-0.34671199999866076,2.0,59.403253,46.020357,41.935982,6.338260000000446,10.170531999996456,0,0,False,True,HOLD,TARGET
41691,2026-09-03 07:05:34.372,-1,1.0,4.0,2.508111999999528,5.0,56.960496,45.940083,42.06208,7.204111999999441,10.423892000002525,1,10,False,True,HOLD,STOP
41698,2026-09-03 07:06:37.080,-1,1.0,4.0,-0.7233400000004622,5.0,7.681632,21.11154,29.418775,4.215243999999075,9.321444000001065,1,4,False,False,HOLD,TARGET
41706,2026-09-03 07:07:47.136,-1,3.0,2.0,-0.031163999999989755,3.0,39.689409,29.248888,31.024214,4.081659999999829,8.339388000000326,1,10,False,False,HOLD,TARGET
41707,2026-09-03 07:07:51.224,-1,1.0,4.0,2.7535400000015215,5.0,56.906367,39.868677,36.305208,5.172915999999532,8.585391999997228,10,10,False,True,HOLD,TARGET
41708,2026-09-03 07:07:58.344,-1,2.0,3.0,4.141640000001644,4.0,64.347769,47.423441,40.786424,6.4306999999971595,8.939044000002468,10,10,True,True,HOLD,TARGET
41711,2026-09-03 07:08:21.068,-1,0.0,5.0,0.5975079999989248,4.0,56.567536,47.774191,41.968918,7.669283999999607,9.546324000002642,0,0,False,True,HOLD,TARGET
41713,2026-09-03 07:08:49.208,-1,2.0,3.0,-0.058295999999245396,2.0,54.814733,48.166856,42.652918,8.12731200000053,9.911487999997917,0,0,False,True,HOLD,TARGET
41715,2026-09-03 07:09:08.676,-1,0.0,0.0,1.0017719999996189,-1.0,38.094633,42.579246,39.940882,7.447039999999106,9.957644000001892,0,0,False,False,HOLD,TARGET
41722,2026-09-03 07:10:23.568,-1,0.0,5.0,0.6332399999992049,6.0,31.655932,30.744904,33.193067,5.088395999999193,9.229376000002958,1,7,False,False,HOLD,TARGET
41724,2026-09-03 07:10:38.004,-1,2.0,3.0,-0.03668399999878602,2.0,54.968401,42.397741,38.971259,5.951475999998365,9.42368400000123,0,0,False,True,HOLD,STOP
41749,2026-09-03 07:15:02.856,1,5.0,0.0,1.22725999999966,1.0,58.659594,43.192692,23.661896,5.850807999999233,0.4844599999996717,10,10,False,False,HOLD,TARGET
41750,2026-09-03 07:15:15.928,1,4.0,1.0,1.3989800000017567,2.0,61.861167,47.124465,27.724985,6.552843999998004,1.039624000000913,10,10,False,False,HOLD,TARGET
41751,2026-09-03 07:15:24.624,1,3.0,2.0,2.3103159999991476,3.0,62.225538,49.012762,30.258816,7.365359999999782,1.64944000000105,10,10,False,True,HOLD,TARGET
41752,2026-09-03 07:15:46.568,1,2.0,3.0,3.796912000001612,4.0,64.989165,52.406157,34.143474,8.384711999999126,2.346428000000742,10,10,False,True,HOLD,STOP
41754,2026-09-03 07:16:12.228,1,2.0,3.0,0.6672680000010587,2.0,62.003659,53.033294,36.541998,9.022455999998783,3.41210399999909,0,0,False,True,HOLD,STOP
41761,2026-09-03 07:17:57.908,1,5.0,0.0,-3.15023199999996,1.0,5.440928,21.067261,18.362935,4.078688000001421,3.8145320000003267,3,3,False,False,HOLD,TARGET
41765,2026-09-03 07:19:06.600,1,4.0,1.0,-3.223092000000179,2.0,-8.517881,9.520133,12.603098,2.4941599999983737,3.5759560000005877,1,2,False,False,HOLD,TARGET
41766,2026-09-03 07:19:21.376,1,2.0,3.0,-0.5068480000009004,4.0,31.974592,22.828864,19.061783,3.116232000000309,3.7730479999991076,3,9,False,False,HOLD,TARGET
41767,2026-09-03 07:19:33.000,1,4.0,1.0,0.050228000000061,2.0,47.1529,30.989499,23.58411,3.7904039999993984,4.016999999999825,10,10,False,True,HOLD,TARGET
41768,2026-09-03 07:19:44.188,1,0.0,5.0,3.594624000001204,6.0,59.933661,41.106725,29.954926,5.058759999999893,4.464732000000367,10,10,False,True,HOLD,TARGET
41769,2026-09-03 07:19:56.072,1,1.0,4.0,5.573595999998361,5.0,66.560671,48.976699,35.890867,6.587516000003234,5.050411999996868,10,10,False,True,HOLD,TARGET
41770,2026-09-03 07:20:45.632,1,4.0,1.0,4.77946399999928,2.0,70.063108,54.542239,40.866134,7.848760000000766,5.633827999998175,10,10,True,True,HOLD,STOP
41780,2026-09-03 07:23:05.764,1,2.0,3.0,0.4527520000010554,4.0,41.636512,32.794174,28.470825,4.820247999999992,6.05868399999963,1,7,False,False,HOLD,TARGET
41781,2026-09-03 07:23:24.540,1,2.0,3.0,2.3521399999990535,4.0,56.419713,41.544168,33.61679,5.779020000001765,6.403203999998368,8,9,False,True,HOLD,STOP
41783,2026-09-03 07:24:07.528,1,0.0,5.0,0.13894799999980023,4.0,55.183623,43.675274,35.611191,6.26966800000082,6.774396000000706,0,0,False,True,HOLD,STOP
41791,2026-09-03 07:26:09.456,1,2.0,3.0,-1.45356399999946,4.0,15.062569,11.480624,17.547319,1.763383999998041,5.38263999999981,4,5,False,False,HOLD,TARGET
41795,2026-09-03 07:28:01.168,1,3.0,2.0,-0.8311240000002726,3.0,27.915592,19.294619,20.717873,2.6658879999995406,5.303712000000814,1,2,False,False,HOLD,STOP
41806,2026-09-03 07:30:47.824,1,3.0,2.0,-0.11253199999919161,3.0,38.638176,16.337101,15.915575,1.3459919999986596,3.715304000001197,1,9,False,False,HOLD,STOP
41816,2026-09-03 07:32:35.492,-1,1.0,4.0,2.698975999999675,5.0,56.553447,40.502523,20.894276,5.427564000001439,0.08122799999910058,3,10,False,False,HOLD,STOP
41823,2026-09-03 07:33:46.880,-1,1.0,4.0,-0.991888000000472,5.0,1.955413,13.268384,8.23222,2.8973839999998745,1.044848000001366,1,4,False,False,HOLD,TARGET
41824,2026-09-03 07:33:55.168,-1,1.0,4.0,2.006312000001344,5.0,46.765068,30.552341,17.849038,3.9467439999971248,1.4894320000021253,5,6,False,False,HOLD,TARGET
41825,2026-09-03 07:34:25.448,-1,2.0,3.0,3.560463999998319,4.0,61.790822,42.501751,26.215079,5.196348000001308,2.0408720000014,7,10,False,True,HOLD,TARGET
41826,2026-09-03 07:34:34.384,-1,1.0,4.0,5.547028000000864,5.0,68.09562,50.57667,33.268286,6.709240000000136,2.7258199999996577,10,10,False,True,HOLD,TARGET
41827,2026-09-03 07:34:55.140,-1,3.0,2.0,5.536575999998604,3.0,70.495732,55.205328,38.210496,8.09918800000014,3.4450639999995474,10,10,False,True,HOLD,TARGET
41836,2026-09-03 07:36:41.164,-1,3.0,2.0,-2.7420400000009977,3.0,-5.24311,14.044065,15.800683,3.2158799999997427,4.103848000002472,2,4,False,False,HOLD,STOP
41839,2026-09-03 07:37:23.040,-1,4.0,1.0,-3.188640000000305,2.0,8.467289,16.015082,16.685583,2.801392000001215,4.065715999997337,1,1,False,False,HOLD,STOP
41852,2026-09-03 07:39:40.304,-1,4.0,1.0,-1.0847040000007837,2.0,36.782621,18.807828,15.217137,1.8746160000009695,2.8764640000008512,1,1,False,False,HOLD,TARGET
41858,2026-09-03 07:40:50.152,-1,3.0,2.0,-2.6069559999996272,3.0,3.099273,9.53318,11.168306,1.907100000000355,2.944655999999668,1,1,False,False,HOLD,TARGET
41860,2026-09-03 07:41:26.660,-1,0.0,0.0,0.6698680000008608,-1.0,25.125102,17.64809,15.173082,2.049775999999838,3.0072959999997693,0,0,False,False,HOLD,STOP
41871,2026-09-03 07:43:27.328,-1,1.0,4.0,3.5319320000016887,5.0,59.986717,21.428814,10.938435,0.027283999999781372,0.5342679999994289,9,10,False,False,HOLD,NONE
41873,2026-09-03 07:43:51.544,-1,0.0,5.0,0.8526520000013988,4.0,59.617605,30.463687,17.043466,1.6862679999976535,1.006044000001566,0,0,False,False,HOLD,STOP
41880,2026-09-03 07:45:31.752,-1,3.0,2.0,-1.3622160000013537,3.0,23.066018,17.982973,12.33454,2.621876000001066,1.8048520000011194,1,5,False,False,HOLD,STOP
41894,2026-09-03 07:48:26.252,1,4.0,1.0,-0.8736559999997553,0.0,58.675361,38.805972,21.256763,4.056368000001385,0.649411999998847,0,0,False,False,HOLD,TARGET
41895,2026-09-03 07:48:34.012,1,1.0,4.0,2.0982680000015534,5.0,57.575799,40.2487,23.076271,5.029827999998815,1.1615920000003825,1,1,False,False,HOLD,TARGET
41899,2026-09-03 07:49:29.200,1,1.0,4.0,0.3491759999997157,3.0,53.542672,42.822151,27.765724,6.348487999999634,2.648295999999391,0,0,False,True,HOLD,STOP
41902,2026-09-03 07:50:03.020,1,1.0,4.0,0.12862400000085472,5.0,36.508244,36.957621,25.688103,6.311851999998908,3.4624480000020412,1,3,False,False,HOLD,STOP
41921,2026-09-03 07:55:05.200,1,0.0,5.0,3.617795999998634,6.0,55.415236,19.479407,10.201929,0.4767439999995986,0.659324000000197,10,10,False,False,HOLD,TARGET
41923,2026-09-03 07:55:54.624,1,0.0,5.0,1.5095320000000356,4.0,61.695226,34.306382,19.702578,2.3288880000000063,1.2392519999993965,0,0,False,False,HOLD,TARGET
41924,2026-09-03 07:56:13.100,1,1.0,4.0,3.9518559999996796,5.0,62.099685,38.228622,22.903608,3.7794880000001285,1.7550479999990785,1,10,False,True,HOLD,STOP
41932,2026-09-03 07:56:21.724,-1,1.0,4.0,6.34272399999827,5.0,68.925769,47.09686,26.727737,5.043464000002132,0.6475399999981164,10,10,False,False,HOLD,TARGET
41933,2026-09-03 07:56:21.752,-1,1.0,4.0,7.711007999998401,5.0,72.664032,54.781056,34.720311,6.9642840000014985,1.4943679999996675,10,10,False,False,HOLD,TARGET
41935,2026-09-03 07:56:21.772,-1,5.0,0.0,0.7017200000009325,-1.0,68.564104,55.381963,37.462638,8.33864800000083,2.6944839999996475,0,0,False,True,HOLD,TARGET
41936,2026-09-03 07:56:22.032,-1,0.0,5.0,4.101335999999719,6.0,65.587627,54.707029,37.792022,9.3358040000021,3.4061519999995653,1,1,False,True,HOLD,TARGET
41937,2026-09-03 07:56:22.164,-1,0.0,5.0,6.745483999999124,6.0,68.421107,57.882152,41.631888,10.736683999999514,4.269228000001021,10,10,True,True,HOLD,TARGET
41938,2026-09-03 07:56:22.816,-1,4.0,1.0,5.6909320000013395,2.0,71.585631,61.462826,46.040258,11.832660000000033,5.100299999998242,10,10,True,True,HOLD,TARGET
41939,2026-09-03 07:56:23.040,-1,1.0,4.0,7.204060000000027,5.0,73.13723,63.869175,49.388736,13.117647999999463,6.022816000000603,10,10,True,True,HOLD,STOP
41961,2026-09-03 07:57:12.380,1,2.0,3.0,-0.7874239999982819,4.0,18.186764,26.025274,13.666742,4.719367999998212,0.682120000001305,1,2,False,False,HOLD,STOP
41966,2026-09-03 07:57:54.108,1,4.0,1.0,-0.6787279999989551,2.0,35.353308,28.826481,17.409386,4.294856000000436,1.667859999997745,3,3,False,False,HOLD,TARGET
41967,2026-09-03 07:58:01.788,1,0.0,5.0,3.0276559999983874,6.0,56.568163,40.464006,25.229769,5.419180000000779,2.1985640000020794,4,10,False,True,HOLD,TARGET
41968,2026-09-03 07:58:12.480,1,3.0,2.0,3.5770640000009735,3.0,63.353953,47.151997,30.816563,6.554027999998652,2.7831159999986994,10,10,False,True,HOLD,TARGET
41969,2026-09-03 07:58:18.556,1,0.0,5.0,6.337715999998181,6.0,69.405161,54.303789,37.567388,8.102888000001258,3.5357919999987644,10,10,False,True,HOLD,TARGET
41971,2026-09-03 07:58:31.992,1,0.0,5.0,2.5499759999984235,4.0,66.881426,55.60472,40.407046,9.198952000002464,4.611443999998301,0,0,True,True,HOLD,TARGET
41972,2026-09-03 07:59:09.640,1,3.0,2.0,3.2055360000013025,3.0,63.931082,54.919077,40.600242,9.963475999997172,5.2360520000002,1,10,True,True,HOLD,TARGET
41973,2026-09-03 07:59:34.956,1,2.0,3.0,4.493195999999443,4.0,67.419391,58.047454,44.047424,10.902296000000206,5.9348639999989246,10,10,True,True,HOLD,TARGET
41974,2026-09-03 07:59:39.148,1,1.0,4.0,6.272484000000986,5.0,70.078033,60.878023,47.366578,12.091367999997601,6.737860000001092,10,10,True,True,HOLD,TARGET
41975,2026-09-03 07:59:49.772,1,3.0,2.0,6.100824000001012,3.0,71.76297,63.103696,50.205823,13.153920000000653,7.548863999996684,10,10,True,True,HOLD,TARGET
42242,2026-09-03 11:00:02.304,1,0.0,5.0,0.6392559999985679,6.0,35.528586,41.020897,33.954801,7.6803560000007565,6.761900000001333,1,2,False,False,HOLD,TARGET
42243,2026-09-03 11:00:49.348,1,2.0,3.0,2.4972000000016124,4.0,53.876948,47.56159,38.335039,8.436843999999837,7.203095999997458,10,10,False,True,HOLD,TARGET
42244,2026-09-03 11:00:50.528,1,0.0,5.0,5.497823999998218,6.0,66.045861,55.088244,44.094655,9.681496000001061,7.815188000000489,10,10,True,True,HOLD,TARGET
42245,2026-09-03 11:01:14.944,1,2.0,3.0,6.276084000000992,4.0,70.266303,59.409474,48.084134,10.968887999999424,8.494847999998456,10,10,True,True,HOLD,TARGET
42247,2026-09-03 11:02:12.840,1,1.0,4.0,4.154667999999219,3.0,70.222621,61.783773,51.235806,12.433476000001974,9.670335999999224,0,0,True,True,HOLD,STOP
42253,2026-09-03 11:06:35.628,1,4.0,1.0,-1.254428000000189,2.0,30.486118,45.183877,41.918486,9.378788000001805,10.58546799999749,1,4,False,False,HOLD,TARGET
42257,2026-09-03 11:11:12.932,1,3.0,2.0,-1.9905319999998028,3.0,10.765751,34.969647,36.984006,7.206687999998394,10.42217200000232,1,2,False,False,HOLD,TARGET
42260,2026-09-03 11:13:57.116,1,4.0,1.0,-2.2301120000010997,2.0,22.450111,34.530849,36.58777,6.382047999999486,10.259388000002218,1,1,False,False,HOLD,TARGET
42261,2026-09-03 11:15:41.392,1,4.0,1.0,-1.2900880000015604,2.0,37.445521,38.415404,38.367062,6.549868000001879,10.311883999998827,2,10,False,False,HOLD,STOP
42298,2026-09-03 12:15:33.976,-1,5.0,0.0,0.9190679999992426,1.0,56.77132,37.375318,18.916663,4.312340000000404,0.08491200000207755,10,10,False,False,HOLD,STOP
42304,2026-09-03 12:23:44.356,-1,2.0,3.0,-0.8234320000010484,4.0,26.81644,23.852467,13.773582,3.656516000002739,1.1872839999996359,1,4,False,False,HOLD,TARGET
42305,2026-09-03 12:24:39.500,-1,1.0,4.0,2.1373319999984233,5.0,50.381053,34.99619,20.772359,4.669104000000516,1.6641120000022056,5,10,False,True,HOLD,STOP
42312,2026-09-03 12:36:13.932,-1,0.0,0.0,1.0525119999983872,1.0,-11.52023,6.914477,7.720342,2.0899000000026717,1.9806319999988773,1,1,False,False,HOLD,TARGET
42317,2026-09-03 12:41:54.120,-1,2.0,3.0,-1.0922519999985525,4.0,12.088918,9.449895,8.629379,1.6270599999988917,1.9289519999983895,1,4,False,False,HOLD,TARGET
42318,2026-09-03 12:42:22.056,-1,3.0,2.0,0.3726920000008249,3.0,44.462122,24.058927,16.151005,2.4793319999989762,2.201391999999032,5,10,False,False,HOLD,TARGET
42324,2026-09-03 12:48:29.296,-1,1.0,4.0,0.5675999999984924,5.0,31.763217,24.113056,17.881489,3.5734279999996943,2.996076000003086,1,10,False,False,HOLD,TARGET
42328,2026-09-03 12:51:17.744,-1,2.0,3.0,-0.4414279999982682,4.0,28.967,24.780018,19.21384,3.7862479999967036,3.4276600000011967,1,2,False,False,HOLD,TARGET
42331,2026-09-03 12:54:00.720,-1,2.0,3.0,-0.5506280000008701,4.0,35.109822,28.905615,22.226054,4.238976000000548,3.8582639999985986,1,1,False,False,HOLD,TARGET
42335,2026-09-03 12:55:05.988,-1,1.0,4.0,0.3976440000005823,5.0,33.048924,27.984216,22.494918,4.321567999999388,4.2499080000015965,1,10,False,False,HOLD,TARGET
42336,2026-09-03 12:55:10.328,-1,1.0,4.0,3.0870560000003024,5.0,55.755549,39.879239,29.588114,5.454615999999078,4.6835639999990235,10,10,False,True,HOLD,TARGET
42337,2026-09-03 12:56:16.900,-1,5.0,0.0,2.0677120000000286,1.0,62.93801,46.722419,34.57961,6.310627999999269,5.092963999999483,10,10,False,True,HOLD,TARGET
42341,2026-09-03 12:58:33.060,-1,1.0,4.0,1.4902560000009544,5.0,43.986894,39.593833,31.65934,6.656543999997666,5.907104000001709,1,10,False,False,HOLD,STOP
42345,2026-09-03 12:59:30.020,-1,3.0,2.0,-0.4857320000010077,3.0,33.400255,36.731761,31.326103,6.5020680000016,6.542883999998594,1,2,False,False,HOLD,STOP
43214,2026-09-04 06:31:24.612,1,2.0,3.0,-1.9932880000014848,4.0,14.420289,25.481276,24.823574,4.5778600000012375,5.9110079999991285,1,1,False,False,HOLD,TARGET
43215,2026-09-04 06:31:30.132,1,2.0,3.0,0.4496639999997569,4.0,38.399837,33.095578,28.76677,5.208139999998821,6.151671999999962,2,3,False,False,HOLD,TARGET
43218,2026-09-04 06:31:39.528,1,1.0,4.0,-0.4290320000000065,5.0,32.056138,31.984119,28.733761,5.213383999998769,6.380376000000979,1,1,False,False,HOLD,TARGET
43223,2026-09-04 06:31:47.516,1,4.0,1.0,-0.9957800000011048,2.0,34.440099,33.350444,30.151316,5.443640000001324,6.8050919999986945,1,10,False,False,HOLD,TARGET
43227,2026-09-04 06:32:16.740,1,1.0,4.0,-0.5718439999982365,5.0,10.852435,22.430426,24.74446,4.345499999999447,6.616119999998773,1,2,False,False,HOLD,TARGET
43228,2026-09-04 06:32:40.612,1,2.0,3.0,1.5552319999987958,4.0,48.037358,35.995966,31.49787,5.196532000001753,6.877627999998367,10,10,False,True,HOLD,TARGET
43229,2026-09-04 06:33:16.972,1,3.0,2.0,2.4318480000001728,3.0,60.309076,44.663436,36.707585,6.1397759999999835,7.209556000001612,10,10,False,True,HOLD,TARGET
43231,2026-09-04 06:33:34.420,1,1.0,4.0,0.6192640000008396,3.0,58.70945,46.825647,38.776182,6.934959999998682,7.665160000000469,0,0,False,True,HOLD,TARGET
43233,2026-09-04 06:33:52.528,1,4.0,1.0,-3.41550400000051,0.0,41.350751,40.46639,35.619574,6.502196000001277,7.808632000000216,0,0,False,False,HOLD,TARGET
43234,2026-09-04 06:34:01.908,1,5.0,0.0,-2.9898360000006505,1.0,28.207682,36.185023,33.512797,6.34959600000002,7.873004000000947,1,1,False,False,HOLD,TARGET
43238,2026-09-04 06:35:33.008,1,2.0,3.0,-0.8844080000017129,4.0,25.763001,32.165536,31.63713,5.688704000000143,7.94359600000098,1,2,False,False,HOLD,STOP
43268,2026-09-04 06:41:14.984,-1,3.0,2.0,2.409560000000056,3.0,58.78519,39.010887,20.651915,4.586800000000949,0.4312599999975646,10,10,False,False,HOLD,STOP
43274,2026-09-04 06:42:32.248,-1,5.0,0.0,-2.55083999999988,1.0,17.749482,20.282735,12.448981,3.3141800000012154,1.3640319999976782,3,3,False,False,HOLD,TARGET
43276,2026-09-04 06:43:00.216,-1,0.0,0.0,0.7038119999997434,-1.0,25.720214,23.531662,14.926885,3.2542800000010175,1.6604440000010072,0,0,False,False,HOLD,STOP
43284,2026-09-04 06:44:34.252,-1,0.0,5.0,2.1093240000009246,6.0,38.284328,14.966697,9.846342,1.3793039999982284,1.4347520000010263,4,7,False,False,HOLD,TARGET
43285,2026-09-04 06:44:34.252,-1,0.0,5.0,5.196140000000014,6.0,62.817352,35.977406,21.902632,3.133399999998801,1.9693960000004154,9,10,False,True,HOLD,STOP
43288,2026-09-04 06:44:48.508,-1,0.0,0.0,1.86869200000001,-1.0,47.96244,35.249648,23.60571,4.340683999998873,2.7785360000016226,0,0,False,True,HOLD,TARGET
43338,2026-09-04 07:01:23.140,-1,2.0,3.0,-1.5299479999994219,4.0,13.521025,10.688439,5.398296,1.6882200000000012,0.3181120000008377,1,2,False,False,HOLD,TARGET
43339,2026-09-04 07:01:44.120,-1,2.0,3.0,0.8100400000002992,4.0,42.854253,23.764384,12.489968,2.6155719999987923,0.6791479999992589,3,10,False,False,HOLD,TARGET
43342,2026-09-04 07:02:47.216,-1,1.0,4.0,2.6307879999985744,5.0,54.328023,36.441577,21.703592,4.579671999999846,1.7002400000019406,1,10,False,True,HOLD,TARGET
43343,2026-09-04 07:02:56.308,-1,3.0,2.0,3.268392000001768,3.0,63.115138,44.980328,28.336877,5.725227999999333,2.2539159999978438,10,10,False,True,HOLD,STOP
43350,2026-09-04 07:04:45.128,-1,4.0,1.0,-2.5083679999988817,2.0,12.055866,20.299072,16.190181,3.607691999997769,2.998196000000462,1,1,False,False,HOLD,NONE
43357,2026-09-04 07:06:45.752,-1,4.0,1.0,-2.5197320000006584,2.0,6.507936,11.345822,11.939311,2.1385799999989104,2.9427120000000286,1,3,False,False,HOLD,TARGET
43360,2026-09-04 07:07:17.156,-1,1.0,4.0,-0.7507079999995767,5.0,22.309644,16.907013,14.732531,2.4576879999985977,3.0657240000000456,1,10,False,False,HOLD,TARGET
43363,2026-09-04 07:08:07.584,-1,1.0,4.0,1.4259359999996377,5.0,43.262532,28.27265,21.081807,3.6675560000003316,3.5227039999990666,1,10,False,False,HOLD,TARGET
43366,2026-09-04 07:09:38.480,-1,3.0,2.0,0.2895680000001448,3.0,46.273052,34.337801,25.576698,4.75456000000122,4.136207999999897,1,10,False,True,HOLD,TARGET
43367,2026-09-04 07:09:41.692,-1,1.0,4.0,3.002995999999257,5.0,58.438813,42.670005,31.116912,5.837604000000283,4.58756799999901,10,10,False,True,HOLD,TARGET
43368,2026-09-04 07:10:01.684,-1,3.0,2.0,3.557887999999366,3.0,64.33389,48.777686,35.89551,6.935464000001957,5.094495999997889,10,10,False,True,HOLD,TARGET
43370,2026-09-04 07:10:27.960,-1,1.0,4.0,0.0905720000009751,3.0,58.587736,48.177158,36.667253,7.397399999998015,5.706728000001021,0,0,False,True,HOLD,TARGET
43371,2026-09-04 07:10:41.656,-1,1.0,4.0,2.84822400000121,5.0,57.503344,48.61323,37.509133,8.240711999998894,6.196167999998579,1,10,False,True,HOLD,TARGET
43372,2026-09-04 07:11:03.124,-1,1.0,4.0,4.993063999998412,5.0,65.397988,54.28127,42.221032,9.408756000000722,6.813280000002123,10,10,True,True,HOLD,TARGET
43374,2026-09-04 07:11:30.688,-1,1.0,4.0,1.5637040000001434,3.0,64.481894,55.992541,44.738516,10.078796000001603,7.669863999999507,0,0,True,True,HOLD,TARGET
43375,2026-09-04 07:12:00.564,-1,1.0,4.0,3.9939919999997073,5.0,63.431398,56.255318,45.494556,10.917108000001463,8.251759999999194,1,10,True,True,HOLD,TARGET
43376,2026-09-04 07:12:21.040,-1,2.0,3.0,5.106439999999566,4.0,67.748997,59.492484,48.602526,11.891771999999037,8.903360000000248,10,10,True,True,HOLD,TARGET
43377,2026-09-04 07:12:40.320,-1,3.0,2.0,5.193896000000677,3.0,70.280738,62.008272,51.267532,12.80445999999938,9.573739999999816,10,10,True,True,HOLD,TARGET
43397,2026-09-04 07:18:17.972,-1,1.0,4.0,1.1141119999992952,5.0,39.493515,23.856375,25.188542,2.970263999999588,6.527280000002065,1,10,False,False,HOLD,TARGET
43400,2026-09-04 07:19:37.432,-1,1.0,4.0,1.0934720000004745,5.0,45.196421,31.417056,29.002104,4.158471999999165,6.696640000001935,1,10,False,True,HOLD,TARGET
43402,2026-09-04 07:20:12.008,-1,0.0,5.0,1.192348000000493,4.0,57.127149,41.267728,34.670113,5.318495999999868,7.0545359999996435,0,0,False,True,HOLD,TARGET
43403,2026-09-04 07:20:26.580,-1,2.0,3.0,2.927380000000994,4.0,59.855837,44.827271,37.090764,6.3425959999985935,7.410488000001351,1,10,False,True,HOLD,STOP
43405,2026-09-04 07:20:52.524,-1,0.0,5.0,0.48693199999979697,4.0,57.479896,46.291024,38.674854,6.885576000000583,7.791580000000977,0,0,False,True,HOLD,STOP
43417,2026-09-04 07:26:13.552,-1,3.0,2.0,-2.259620000000723,3.0,-0.346002,8.700289,17.458261,2.014284000000771,5.8845279999986815,1,2,False,False,HOLD,TARGET
43418,2026-09-04 07:26:36.288,-1,2.0,3.0,0.24251599999843165,4.0,39.01155,23.466526,24.034752,2.8117760000022827,6.010812000000442,3,10,False,False,HOLD,TARGET
43419,2026-09-04 07:26:45.648,-1,1.0,4.0,2.9664000000011583,5.0,56.64164,35.730804,30.341716,4.043547999997827,6.30750800000169,10,10,False,True,HOLD,STOP
43421,2026-09-04 07:28:02.648,-1,3.0,2.0,-1.8227960000003804,1.0,53.574491,38.128027,32.180649,4.522415999999794,6.477699999999459,0,0,False,True,HOLD,STOP
43430,2026-09-04 07:30:59.900,-1,2.0,3.0,0.9205159999983152,4.0,46.788136,18.432112,18.451982,1.0693600000013248,4.433376000000862,6,6,False,False,HOLD,TARGET
43431,2026-09-04 07:31:41.084,-1,3.0,2.0,1.9381800000010116,3.0,57.482802,29.824902,24.289551,2.2525079999977606,4.6669440000005125,8,8,False,False,HOLD,STOP
43439,2026-09-04 07:34:55.516,-1,2.0,3.0,0.7816679999996268,4.0,39.416419,21.058242,19.299946,2.3663960000012594,4.304267999999865,5,6,False,False,HOLD,STOP
43446,2026-09-04 07:37:18.732,-1,2.0,3.0,-0.9976080000014917,4.0,19.030397,12.835353,14.642346,1.8745640000015555,3.8431080000009388,1,5,False,False,HOLD,STOP
43458,2026-09-04 07:42:16.120,-1,4.0,1.0,-0.5128159999985655,2.0,40.922407,15.137934,12.085312,0.8692799999989802,2.26776400000017,1,10,False,False,HOLD,TARGET
43459,2026-09-04 07:42:24.320,-1,1.0,4.0,2.378919999999198,5.0,56.116438,28.467521,19.264906,2.1490279999998165,2.6012120000013965,10,10,False,False,HOLD,TARGET
43460,2026-09-04 07:42:38.992,-1,2.0,3.0,3.850271999999677,4.0,63.122035,38.385474,25.622014,3.5954400000009628,3.0509319999982836,10,10,False,True,HOLD,TARGET
43461,2026-09-04 07:42:47.744,-1,1.0,4.0,5.772432000001572,5.0,68.750658,47.781647,32.773079,5.277623999998468,3.6427960000000894,10,10,False,True,HOLD,TARGET
43463,2026-09-04 07:43:27.768,-1,0.0,5.0,4.022828000001027,4.0,69.029819,53.317296,38.636645,7.395539999997709,4.680264000002353,0,0,False,True,HOLD,TARGET
43464,2026-09-04 07:43:55.960,-1,1.0,4.0,5.906643999998778,5.0,69.123221,55.377881,41.106838,8.798252000000502,5.370259999999689,1,10,True,True,HOLD,TARGET
43466,2026-09-04 07:44:50.356,-1,0.0,0.0,4.005256000000372,-1.0,63.501924,54.458073,41.793488,9.213768000001437,6.197911999999633,0,0,True,True,HOLD,TARGET
43467,2026-09-04 07:45:03.896,-1,0.0,0.0,2.337419999999838,-1.0,49.952325,49.100815,38.43145,8.904084000001603,6.453199999999924,0,0,False,True,HOLD,TARGET
43468,2026-09-04 07:45:32.396,-1,3.0,2.0,-2.4042279999994207,1.0,40.407106,45.997528,36.844053,8.666411999998672,6.699392000002263,0,0,False,False,HOLD,TARGET
43469,2026-09-04 07:45:55.524,-1,3.0,2.0,-0.6477320000012696,3.0,41.487273,45.91902,37.203114,8.768940000001749,7.018347999997786,1,1,False,False,HOLD,TARGET
43470,2026-09-04 07:46:42.112,-1,4.0,1.0,-0.05934799999886309,2.0,48.549303,47.98421,38.930885,8.970859999997629,7.359824000002845,2,3,False,True,HOLD,TARGET
43473,2026-09-04 07:47:14.224,-1,1.0,4.0,2.692240000000311,5.0,54.772312,50.586921,41.808603,9.568712000000232,8.327263999999559,1,10,False,True,HOLD,TARGET
43480,2026-09-04 07:49:25.856,-1,1.0,4.0,-0.894535999999789,3.0,44.486215,45.509289,40.572536,8.248999999999796,9.430420000000595,0,0,False,False,HOLD,TARGET
43481,2026-09-04 07:49:35.404,-1,0.0,5.0,2.8598039999997127,6.0,53.60359,48.986862,42.838786,9.026303999999072,9.809172000001126,1,10,False,True,HOLD,TARGET
43482,2026-09-04 07:49:49.640,-1,1.0,4.0,5.002071999999316,5.0,64.453024,55.057114,47.041082,10.133148000000801,10.31710799999928,10,10,True,True,HOLD,STOP
43484,2026-09-04 07:50:49.160,-1,3.0,2.0,-0.5913399999990361,1.0,61.174116,55.155308,47.865762,10.168187999999645,10.80225199999768,0,0,True,True,HOLD,STOP
43496,2026-09-04 07:53:36.492,-1,1.0,4.0,-0.7171439999983704,5.0,7.812418,18.555244,27.708761,3.6767199999994773,8.943380000000616,1,3,False,False,HOLD,TARGET
43497,2026-09-04 07:54:33.788,-1,1.0,4.0,2.220000000001164,5.0,48.836275,34.299764,34.513075,4.7028079999981856,9.121212000001833,6,10,False,True,HOLD,TARGET
43498,2026-09-04 07:54:51.016,-1,2.0,3.0,3.7266679999993357,4.0,62.568729,45.026036,40.152926,5.922316000000137,9.412916000001132,10,10,True,True,HOLD,TARGET
43499,2026-09-04 07:55:01.824,-1,1.0,4.0,5.676296000001457,5.0,68.475903,52.306877,44.815491,7.400767999999516,9.845151999998052,10,10,True,True,HOLD,STOP
43503,2026-09-04 07:56:32.388,-1,0.0,5.0,2.042644000001019,6.0,46.397461,44.242856,41.055396,7.986515999997209,10.341976000003342,1,2,False,True,HOLD,TARGET
43504,2026-09-04 07:56:50.116,-1,4.0,1.0,2.0331680000017514,2.0,58.494333,49.942655,44.439394,8.633655999998155,10.63093200000003,10,10,False,True,HOLD,TARGET
43505,2026-09-04 07:56:57.068,-1,1.0,4.0,4.359132000001409,5.0,65.865287,55.238083,48.038108,9.654348000000027,11.056912000000011,10,10,True,True,HOLD,STOP
43511,2026-09-04 07:59:17.452,-1,4.0,1.0,-3.648831999998947,2.0,-17.195948,23.510805,32.477958,5.741739999997662,10.469364000000496,1,2,False,False,HOLD,TARGET
43512,2026-09-04 07:59:29.900,-1,2.0,3.0,-0.8379800000002433,4.0,26.566819,33.699336,36.586003,6.0434559999994235,10.511216000002605,3,4,False,False,HOLD,TARGET
43513,2026-09-04 07:59:37.400,-1,2.0,3.0,1.3482360000016342,4.0,48.484027,41.354719,40.160894,6.720799999999144,10.678375999999844,5,6,False,True,HOLD,STOP
43763,2026-09-04 11:01:45.456,-1,1.0,4.0,0.724367999999231,5.0,30.229693,16.41296,23.207336,2.107267999999749,7.122156000001269,3,10,False,False,HOLD,STOP
43782,2026-09-04 11:25:30.908,1,0.0,5.0,1.0542759999989357,4.0,59.327796,47.507063,26.722029,7.104112000000896,0.3383399999984249,0,0,False,False,HOLD,NONE
43784,2026-09-04 11:27:31.416,1,4.0,1.0,-3.757291999998415,0.0,40.268585,40.374918,23.124477,6.508952000000136,1.0148319999971136,0,0,False,False,HOLD,TARGET
43795,2026-09-04 11:43:46.736,1,1.0,4.0,-0.20221200000014505,5.0,27.512359,26.535155,19.208788,4.2776039999989734,3.027916000002733,1,5,False,False,HOLD,TARGET
43796,2026-09-04 11:44:16.744,1,1.0,4.0,2.620500000000902,5.0,52.302974,37.932855,26.179123,5.328859999997803,3.4832320000023174,10,10,False,True,HOLD,TARGET
43797,2026-09-04 11:47:10.868,1,4.0,1.0,2.48261199999979,2.0,62.183228,46.041932,32.177794,6.270799999998417,3.9563320000015665,10,10,False,True,HOLD,TARGET
43798,2026-09-04 11:52:30.856,1,3.0,2.0,3.153143999999884,3.0,65.701231,50.676765,36.324709,7.259991999999329,4.484464000001026,10,10,False,True,HOLD,TARGET
43800,2026-09-04 11:55:43.688,1,0.0,5.0,0.6235039999992296,4.0,58.30892,48.687538,36.147277,7.716576000002533,5.178231999998388,0,0,False,True,HOLD,TARGET
43801,2026-09-04 11:58:00.016,1,3.0,2.0,1.7071719999985362,3.0,55.989775,48.410798,36.540174,8.325700000001234,5.641584000000876,1,10,False,True,HOLD,STOP
43821,2026-09-04 12:19:21.332,-1,2.0,3.0,-1.7406999999984691,2.0,49.436185,40.754697,21.543973,5.890639999997802,0.16445200000089244,0,0,False,False,HOLD,STOP
43831,2026-09-04 12:33:44.864,1,5.0,0.0,-2.2150199999996403,1.0,28.426862,13.0669,6.725325,1.2213320000009844,0.3814959999981511,1,1,False,False,HOLD,STOP
43839,2026-09-04 12:45:04.268,1,2.0,3.0,-0.5284199999987322,4.0,27.516028,8.719978,4.34693,0.6193599999969592,0.27067600000009406,1,5,False,False,HOLD,TARGET
43842,2026-09-04 12:47:15.924,1,3.0,2.0,-0.0250320000013744,3.0,39.767351,20.066198,10.927665,2.0201320000014675,0.7873040000013134,1,9,False,False,HOLD,TARGET
43843,2026-09-04 12:50:00.008,1,1.0,4.0,2.7583080000003974,5.0,56.936897,33.267153,18.899245,3.2771839999986696,1.2456400000010035,10,10,False,False,HOLD,TARGET
43844,2026-09-04 12:50:00.048,1,3.0,2.0,3.3675719999991998,3.0,63.544589,41.88911,25.301352,4.545079999999871,1.7692200000019511,10,10,False,True,HOLD,TARGET
43848,2026-09-04 12:51:07.640,1,0.0,5.0,0.9811840000002121,6.0,40.107761,35.705395,24.101073,5.742308000000776,3.0405879999998433,1,2,False,False,HOLD,TARGET
43852,2026-09-04 12:54:40.012,1,2.0,3.0,-0.9696960000001127,4.0,19.564745,28.869585,21.949486,5.2612999999983,3.7629240000023856,1,2,False,False,HOLD,TARGET
43853,2026-09-04 12:55:00.024,1,1.0,4.0,2.023568000000523,5.0,49.365615,39.598582,28.548835,6.124707999999373,4.198228000001109,3,10,False,True,HOLD,STOP
43855,2026-09-04 12:55:08.732,1,4.0,1.0,-3.1709279999995488,0.0,46.858602,40.347935,30.031924,5.9140279999992345,4.577148000000307,0,0,False,True,HOLD,STOP
44288,2026-09-07 06:31:41.232,1,4.0,1.0,-0.5277920000007725,2.0,40.738134,41.705683,33.386055,7.435167999999976,6.184240000002319,1,4,False,False,HOLD,TARGET
44289,2026-09-07 06:31:57.396,1,1.0,4.0,2.3672719999995024,5.0,56.038471,48.065963,37.846346,8.187512000000424,6.631280000001425,5,10,False,True,HOLD,STOP
44291,2026-09-07 06:33:49.640,1,2.0,3.0,-1.4074519999994664,2.0,52.28652,47.617236,38.453968,8.027419999998529,7.089272000001074,0,0,False,True,HOLD,STOP
44310,2026-09-07 07:00:58.940,1,3.0,2.0,-2.9756000000015774,3.0,-4.809647,-2.295809,7.140777,0.07989200000156416,3.443036000000575,1,1,False,False,HOLD,TARGET
44311,2026-09-07 07:00:59.928,1,2.0,3.0,-0.31435599999895203,4.0,31.015251,11.481517,13.388067,0.9303039999977045,3.5569720000021334,3,10,False,False,HOLD,STOP
44324,2026-09-07 07:18:07.988,-1,1.0,4.0,-0.9268520000005083,3.0,49.250508,35.638902,18.697598,4.492396000001463,0.3961600000002363,0,0,False,False,HOLD,TARGET
44325,2026-09-07 07:31:43.664,-1,1.0,4.0,2.0568920000005164,5.0,51.849658,38.412092,21.331746,5.423407999998744,0.9338840000018536,1,10,False,False,HOLD,TARGET
44326,2026-09-07 07:34:48.056,-1,0.0,5.0,5.155360000000655,6.0,63.743066,47.799643,29.17087,6.846515999997791,1.6509680000017397,10,10,False,True,HOLD,STOP
44335,2026-09-07 07:53:33.088,-1,3.0,2.0,-0.7434040000007371,3.0,25.055552,22.792398,17.0336,3.624232000001939,2.887275999997655,3,3,False,False,HOLD,TARGET
44336,2026-09-07 07:56:13.868,-1,4.0,1.0,-0.1337600000006205,2.0,47.838662,33.154795,23.0292,4.224124000000302,3.177028000001883,7,7,False,True,HOLD,TARGET
44337,2026-09-07 07:57:37.212,-1,1.0,4.0,2.673743999999715,5.0,57.989372,40.946923,28.330248,5.28939199999877,3.6271040000028734,8,9,False,True,HOLD,TARGET
44338,2026-09-07 07:58:20.160,-1,4.0,1.0,2.5240239999984624,2.0,62.375804,46.075057,32.441287,6.242060000000492,4.095128000000841,10,10,False,True,HOLD,TARGET
44339,2026-09-07 07:59:50.012,-1,1.0,4.0,4.740907999999763,5.0,67.167308,51.896543,37.508641,7.523887999999715,4.6998960000019,10,10,False,True,HOLD,STOP
44384,2026-09-07 11:12:38.980,-1,0.0,5.0,10.334623999999167,6.0,75.528977,60.181945,43.912009,8.749760000002425,4.405351999997947,10,10,True,True,HOLD,STOP
45311,2026-09-08 06:31:55.728,-1,1.0,4.0,-0.2363279999990482,3.0,54.838391,41.818773,22.283405,5.677967999999964,0.19885599999906844,0,0,False,False,HOLD,TARGET
45320,2026-09-08 06:32:48.392,-1,4.0,1.0,-3.0422079999989364,2.0,-4.683044,10.28686,7.798043,2.458839999999327,1.3921559999980673,1,4,False,False,HOLD,TARGET
45321,2026-09-08 06:32:59.344,-1,0.0,5.0,1.1893920000002254,6.0,39.528619,25.964896,16.089698,3.3939079999981914,1.7624000000032538,5,8,False,False,HOLD,TARGET
45322,2026-09-08 06:33:05.644,-1,3.0,2.0,2.1473039999982575,3.0,55.529555,36.55138,22.827192,4.429332000003342,2.2064879999998084,9,10,False,True,HOLD,TARGET
45324,2026-09-08 06:33:20.328,-1,1.0,4.0,1.0520719999985886,3.0,59.716689,43.743622,29.003439,5.659992000000784,2.970472000000882,0,0,False,True,HOLD,STOP
45326,2026-09-08 06:33:39.872,-1,2.0,3.0,-0.993188000000373,2.0,51.521533,41.671359,28.853639,6.053479999998672,3.5686080000014044,0,0,False,True,HOLD,STOP
45335,2026-09-08 06:35:13.732,-1,1.0,4.0,0.6887879999994766,5.0,37.228905,27.594746,21.840469,3.938743999999133,4.02824800000235,1,9,False,False,HOLD,TARGET
45336,2026-09-08 06:35:24.440,-1,3.0,2.0,1.7579440000008617,3.0,54.574264,37.746689,27.872777,4.859383999999409,4.385283999999956,10,10,False,True,HOLD,TARGET
45338,2026-09-08 06:35:46.384,-1,1.0,4.0,0.2115960000010091,3.0,56.175422,42.275271,31.626487,5.688512000000628,4.9081439999972645,0,0,False,True,HOLD,TARGET
45339,2026-09-08 06:35:52.024,-1,3.0,2.0,1.386795999998867,3.0,55.53747,43.321974,32.780663,6.401300000001356,5.282579999999143,1,10,False,True,HOLD,TARGET
45340,2026-09-08 06:36:13.868,-1,4.0,1.0,1.5230640000008862,2.0,59.910988,47.228078,35.8782,7.081984000000375,5.678539999997156,10,10,False,True,HOLD,TARGET
45342,2026-09-08 06:36:26.332,-1,0.0,5.0,0.2423479999997653,4.0,54.100737,46.233032,36.204753,7.413767999998527,6.218508000001748,0,0,False,True,HOLD,TARGET
45343,2026-09-08 06:37:12.244,-1,1.0,4.0,2.9662720000014815,5.0,56.640789,48.251768,38.016219,8.277351999997336,6.694740000002639,1,10,False,True,HOLD,TARGET
45344,2026-09-08 06:37:14.200,-1,1.0,4.0,5.084876000000804,5.0,65.735595,54.542886,43.048276,9.459259999999631,7.298608000000968,10,10,True,True,HOLD,STOP
45352,2026-09-08 06:39:30.012,-1,2.0,3.0,-1.3310319999982312,4.0,1.682262,16.822035,22.508126,3.606227999996918,6.687216000002081,3,4,False,False,HOLD,TARGET
45353,2026-09-08 06:39:41.692,-1,1.0,4.0,1.742527999998856,5.0,46.665098,33.083593,30.162417,4.550652000001719,6.925607999997737,5,7,False,True,HOLD,TARGET
45354,2026-09-08 06:39:56.100,-1,1.0,4.0,4.133079999999609,5.0,61.75382,44.207095,36.551499,5.8566439999995055,7.318520000000717,8,8,False,True,HOLD,TARGET
45355,2026-09-08 06:40:10.064,-1,2.0,3.0,5.214616000001115,4.0,68.077701,51.743893,41.837667,7.25593200000003,7.806003999998211,10,10,True,True,HOLD,TARGET
45356,2026-09-08 06:40:27.020,-1,1.0,4.0,6.833591999999044,5.0,71.38954,57.003858,46.210805,8.839312000000064,8.416332000000693,10,10,True,True,HOLD,TARGET
45357,2026-09-08 06:40:41.196,-1,4.0,1.0,5.759460000001127,2.0,72.252878,59.684286,48.893666,10.09961199999816,9.010976000001392,10,10,True,True,HOLD,TARGET
45358,2026-09-08 06:40:49.060,-1,3.0,2.0,5.7017999999989115,3.0,72.496598,61.477759,50.930546,11.248544000001857,9.630683999999746,10,10,True,True,HOLD,TARGET
45359,2026-09-08 06:40:59.176,-1,2.0,3.0,6.434735999999248,4.0,72.297552,62.644421,52.456538,12.439580000002024,10.311375999997836,10,10,True,True,HOLD,TARGET
45360,2026-09-08 06:41:15.832,-1,2.0,3.0,7.004791999999725,4.0,72.904974,64.232163,54.344775,13.639579999999114,11.043843999999808,10,10,True,True,HOLD,TARGET
45361,2026-09-08 06:41:47.320,-1,3.0,2.0,6.670396000001347,3.0,73.35014,65.547941,56.009136,14.682428000000073,11.778991999999562,10,10,True,True,HOLD,TARGET
45362,2026-09-08 06:41:59.712,-1,5.0,0.0,4.85475199999928,1.0,72.611899,65.909985,56.822772,15.30984399999943,12.432636000001366,10,10,True,True,HOLD,TARGET
45363,2026-09-08 06:42:02.388,-1,2.0,3.0,5.775920000000042,4.0,71.992383,66.234267,57.572573,16.055508000001282,13.134539999999106,10,10,True,True,HOLD,TARGET
45364,2026-09-08 06:42:12.336,-1,1.0,4.0,7.270160000000033,5.0,72.29999,67.001022,58.674637,17.01475600000049,13.917679999998654,10,10,True,True,HOLD,TARGET
45365,2026-09-08 06:42:23.288,-1,1.0,4.0,8.43234400000074,5.0,73.941991,68.516743,60.418527,18.10977599999751,14.770180000003165,10,10,True,True,HOLD,STOP
45369,2026-09-08 06:42:59.520,-1,4.0,1.0,-0.6349560000016936,2.0,42.500081,59.555577,55.326335,15.789404000002833,16.12252399999852,1,1,False,False,HOLD,TARGET
45370,2026-09-08 06:43:09.720,-1,3.0,2.0,0.7283680000000459,3.0,52.543936,60.654301,56.194774,15.573724000001675,16.434603999998217,3,3,False,True,HOLD,STOP
45378,2026-09-08 06:44:55.804,-1,5.0,0.0,-2.0669400000006135,1.0,26.638993,41.120261,45.882452,8.144032000000152,15.119276000001264,5,5,False,False,HOLD,STOP
45465,2026-09-08 07:01:37.812,-1,1.0,4.0,0.9816160000009404,5.0,43.977232,33.20574,17.822381,4.731747999998333,0.7567720000006375,1,10,False,False,HOLD,TARGET
45466,2026-09-08 07:01:45.168,-1,0.0,5.0,4.319036000000779,6.0,59.731506,43.495926,25.586161,6.057256000000052,1.408739999998943,10,10,False,False,HOLD,TARGET
45467,2026-09-08 07:01:50.544,-1,1.0,4.0,6.13702800000101,5.0,68.338982,52.422668,33.790269,7.6091639999976906,2.1845240000002377,10,10,False,True,HOLD,TARGET
45468,2026-09-08 07:02:00.204,-1,3.0,2.0,5.995463999999629,3.0,71.538564,57.487927,39.55532,9.01103200000216,2.985763999997289,10,10,False,True,HOLD,TARGET
45469,2026-09-08 07:02:08.708,-1,1.0,4.0,7.440915999999561,5.0,73.10638,60.811134,43.935137,10.565060000000813,3.888547999998991,10,10,True,True,HOLD,TARGET
45470,2026-09-08 07:02:12.656,-1,1.0,4.0,8.565159999998286,5.0,74.157545,63.361011,47.613383,12.200336000001698,4.878260000001319,10,10,True,True,HOLD,STOP
45472,2026-09-08 07:02:44.556,-1,0.0,5.0,3.8974400000006426,4.0,70.651524,63.062168,49.043159,13.204875999999786,6.335847999998805,0,0,True,True,HOLD,STOP
45474,2026-09-08 07:03:06.468,-1,5.0,0.0,-2.210188000000926,-1.0,57.170096,57.865703,45.731106,12.458388000002742,7.273147999996581,0,0,False,True,HOLD,TARGET
45479,2026-09-08 07:03:40.028,-1,3.0,2.0,-2.2418800000014016,3.0,5.475373,38.042788,34.362876,8.334892000002583,7.913659999998345,1,3,False,False,HOLD,TARGET
45486,2026-09-08 07:04:15.048,-1,0.0,5.0,1.1029679999992368,6.0,31.059706,34.484341,32.984636,6.202339999999822,8.163956000000326,1,10,False,False,HOLD,STOP
45500,2026-09-08 07:06:19.720,-1,0.0,5.0,0.9990599999982805,6.0,33.366505,12.781479,17.358166,1.1444960000007995,5.090144000001601,2,10,False,False,HOLD,TARGET
45502,2026-09-08 07:06:42.404,-1,0.0,0.0,1.641407999999501,-1.0,45.676302,23.928919,22.571416,1.7920960000010382,5.052503999999317,0,0,False,False,HOLD,TARGET
45503,2026-09-08 07:06:53.492,-1,3.0,2.0,-2.9455720000005385,1.0,32.951756,19.540294,20.467076,2.0243960000007064,5.035184000000299,0,0,False,False,HOLD,TARGET
45504,2026-09-08 07:07:04.792,-1,1.0,4.0,0.4867760000015551,5.0,41.170818,24.695371,22.974656,2.865743999998813,5.207999999998719,1,2,False,False,HOLD,TARGET
45508,2026-09-08 07:08:10.140,-1,1.0,4.0,-0.006895999998960178,5.0,26.513266,22.640443,22.229832,3.5199479999973846,5.328796000001603,1,2,False,False,HOLD,TARGET
45513,2026-09-08 07:09:56.056,-1,1.0,4.0,1.6369479999993928,5.0,48.125376,34.95488,29.063561,4.852195999999822,5.8125399999989895,1,10,False,True,HOLD,TARGET
45514,2026-09-08 07:10:00.740,-1,3.0,2.0,2.4954040000011446,3.0,59.273742,43.120206,34.127711,5.834607999997388,6.175527999999758,10,10,False,True,HOLD,TARGET
45515,2026-09-08 07:10:04.004,-1,2.0,3.0,3.940868000001501,4.0,65.530998,49.75674,38.939617,7.0027439999976195,6.640144000000873,10,10,False,True,HOLD,TARGET
45516,2026-09-08 07:10:23.292,-1,2.0,3.0,5.065119999999297,4.0,68.386253,54.078214,42.61851,8.283004000000801,7.1931320000003325,10,10,True,True,HOLD,STOP
45519,2026-09-08 07:10:55.004,-1,3.0,2.0,-2.242335999999341,1.0,47.790678,47.178218,39.476054,8.35322399999859,7.959463999999571,0,0,False,True,HOLD,TARGET
45522,2026-09-08 07:11:37.740,-1,2.0,3.0,-1.2635399999999208,4.0,18.798648,36.26532,33.888104,7.173503999998502,8.145376000000397,1,3,False,False,HOLD,TARGET
45525,2026-09-08 07:11:58.604,-1,0.0,5.0,1.9624199999998382,6.0,42.758914,41.171401,36.815257,7.3238840000012715,8.52349999999933,1,10,False,False,HOLD,STOP
45552,2026-09-08 07:18:19.868,-1,2.0,3.0,1.7990439999994123,4.0,52.405139,24.929945,16.410508,1.8852800000022398,2.137983999997232,1,10,False,False,HOLD,TARGET
45553,2026-09-08 07:18:27.312,-1,1.0,4.0,4.177036000000953,5.0,63.123528,37.750655,24.365787,3.4125439999988885,2.612248000001273,10,10,False,True,HOLD,STOP
45563,2026-09-08 07:20:33.496,-1,5.0,0.0,-3.047104000001127,1.0,2.216033,1.938502,5.829258,0.5726720000020578,2.1300200000005134,3,3,False,False,HOLD,STOP
45572,2026-09-08 07:22:33.288,1,5.0,0.0,-1.7253320000017993,1.0,35.941989,31.488661,17.381645,4.7472840000009455,0.9560999999994237,1,1,False,False,HOLD,TARGET
45577,2026-09-08 07:23:47.984,1,2.0,3.0,-0.5759399999988091,4.0,22.188551,24.759381,15.811414,4.2221040000003995,1.9096199999985402,1,3,False,False,HOLD,TARGET
45578,2026-09-08 07:24:00.568,1,1.0,4.0,2.3298240000003716,5.0,52.005326,37.631329,23.846193,5.2246479999994335,2.391279999999824,4,10,False,True,HOLD,TARGET
45580,2026-09-08 07:24:33.872,1,0.0,5.0,1.9402640000007523,4.0,61.318417,46.726373,31.511509,6.519440000000031,3.2568480000009004,0,0,False,True,HOLD,TARGET
45581,2026-09-08 07:24:46.816,1,4.0,1.0,1.9535399999986112,2.0,60.838218,47.997483,33.20051,7.2693880000006175,3.759644000001572,1,10,False,True,HOLD,STOP
45599,2026-09-08 07:30:05.516,1,1.0,4.0,3.399620000000141,5.0,57.771987,20.827647,11.363674,0.33826000000044587,0.8570919999983744,10,10,False,False,HOLD,STOP
45601,2026-09-08 07:30:16.300,1,0.0,0.0,1.883720000001631,-1.0,52.543242,25.135248,14.621304,1.2064199999986158,1.1138319999990927,0,0,False,False,HOLD,STOP
45609,2026-09-08 07:32:44.492,1,1.0,4.0,-0.8812639999996463,5.0,19.867451,3.522166,2.338611,0.02952000000004773,0.3988759999992908,1,6,False,False,HOLD,STOP
45616,2026-09-08 07:34:13.556,1,2.0,3.0,1.3061679999991611,4.0,42.719442,14.637105,7.198535,0.8404599999994389,0.3584000000009837,5,10,False,False,HOLD,TARGET
45617,2026-09-08 07:34:58.488,1,2.0,3.0,3.015908000001218,4.0,60.328834,31.533766,16.927987,2.2389919999986887,0.7989479999996547,10,10,False,False,HOLD,TARGET
45632,2026-09-08 07:38:53.288,1,1.0,4.0,-0.44290800000089803,5.0,13.499785,9.549913,8.545568,1.635175999999774,1.8895400000001246,1,9,False,False,HOLD,TARGET
45633,2026-09-08 07:38:58.928,1,1.0,4.0,2.4332920000015292,5.0,50.74594,27.839096,18.127308,2.8635959999992338,2.2719079999988026,10,10,False,False,HOLD,STOP
45640,2026-09-08 07:41:14.436,1,2.0,3.0,-1.6048599999994622,4.0,1.253925,9.399527,9.986226,2.1301319999984116,2.510627999999997,1,2,False,False,HOLD,TARGET
45641,2026-09-08 07:41:33.568,1,1.0,4.0,1.529551999999967,5.0,44.420907,26.517539,18.732244,3.153699999998935,2.8414360000024317,3,10,False,False,HOLD,TARGET
45643,2026-09-08 07:42:25.856,1,0.0,5.0,0.8512120000013965,4.0,56.566339,37.979978,26.218015,4.331891999998334,3.3754440000011527,0,0,False,True,HOLD,STOP
45648,2026-09-08 07:44:32.828,1,2.0,3.0,-1.329620000000432,4.0,7.132793,17.962586,16.575529,3.529603999999381,3.6960280000021157,1,2,False,False,HOLD,STOP
45658,2026-09-08 07:46:32.024,1,2.0,3.0,-0.2160440000006929,4.0,32.542053,8.485138,8.716354,0.2627280000015162,2.133531999999832,1,6,False,False,HOLD,TARGET
45663,2026-09-08 07:48:07.496,1,0.0,0.0,3.0256719999997586,1.0,28.20713,15.306265,12.429827,1.7255799999984447,2.367872000002535,1,1,False,False,HOLD,TARGET
45666,2026-09-08 07:49:12.032,1,3.0,2.0,-0.2348359999996319,3.0,36.998114,22.48912,16.542614,2.74411599999803,2.718776000001526,1,2,False,False,HOLD,TARGET
45669,2026-09-08 07:50:01.384,1,2.0,3.0,1.3613880000011704,4.0,48.607898,32.786364,23.136769,4.215535999999702,3.369243999997707,1,10,False,True,HOLD,TARGET
45672,2026-09-08 07:50:37.896,1,1.0,4.0,2.419691999999486,5.0,52.72546,39.465216,28.494616,5.68728000000192,4.210695999998279,1,10,False,True,HOLD,TARGET
45673,2026-09-08 07:50:55.056,1,3.0,2.0,3.1042039999992994,3.0,62.375215,47.135121,34.153329,6.714208000001236,4.702484000001277,10,10,False,True,HOLD,TARGET
45674,2026-09-08 07:51:30.352,1,1.0,4.0,5.192159999998694,5.0,67.789552,53.22455,39.411298,8.040780000002997,5.326352000000043,10,10,True,True,HOLD,STOP
45679,2026-09-08 07:52:50.764,1,3.0,2.0,-2.783744000000297,3.0,-6.130677,28.082088,26.351394,6.2490600000019185,6.108563999998296,1,2,False,False,HOLD,TARGET
45680,2026-09-08 07:53:05.416,1,1.0,4.0,0.6126440000007278,5.0,36.177002,38.103473,31.787026,6.77544399999897,6.4181920000009995,3,4,False,False,HOLD,TARGET
45683,2026-09-08 07:55:17.000,1,0.0,5.0,3.3156879999987723,6.0,55.078455,46.597167,37.84077,7.900304000002507,7.259827999998379,1,10,False,True,HOLD,TARGET
45684,2026-09-08 07:55:57.064,1,1.0,4.0,5.35664800000086,5.0,65.800342,53.928505,43.302501,9.1620640000001,7.840408000000025,10,10,True,True,HOLD,STOP
45972,2026-09-08 11:05:40.592,1,4.0,1.0,-2.2601360000007844,2.0,26.435138,7.259248,4.83394,0.1876960000008694,0.6886479999993753,3,7,False,False,HOLD,TARGET
45973,2026-09-08 11:06:57.148,1,2.0,3.0,0.24211600000126055,4.0,42.151567,16.901737,9.801433,1.1312399999987974,0.9441760000008799,8,9,False,False,HOLD,TARGET
45977,2026-09-08 11:15:02.048,1,2.0,3.0,-1.951787999998487,2.0,41.941336,25.405954,15.751228,2.6303879999977653,1.6234600000025239,0,0,False,False,HOLD,STOP
45978,2026-09-08 11:16:22.408,1,3.0,2.0,-0.2958360000011453,3.0,42.648043,27.337394,17.234262,3.2801480000016454,1.913747999999032,1,1,False,False,HOLD,STOP
45993,2026-09-08 11:36:02.300,-1,2.0,3.0,3.885156000000279,4.0,63.274481,39.283796,20.256699,3.8333199999979115,0.17753200000151992,10,10,False,False,HOLD,TARGET
45995,2026-09-08 11:38:27.872,-1,0.0,0.0,2.1774399999994785,-1.0,54.759101,38.251212,21.325626,4.281876000000921,0.7918639999988955,0,0,False,False,HOLD,TARGET
45997,2026-09-08 11:39:33.788,-1,1.0,4.0,2.6258600000001024,5.0,54.291971,40.566071,24.341796,5.826907999999094,1.7371879999991506,1,10,False,True,HOLD,TARGET
45998,2026-09-08 11:41:45.556,-1,3.0,2.0,3.264555999998265,3.0,63.098282,47.922367,30.605058,6.871988000002602,2.3400799999981245,10,10,False,True,HOLD,STOP
46005,2026-09-08 11:47:45.556,-1,3.0,2.0,-1.246635999999853,3.0,10.396843,16.712525,13.821684,3.1672599999983504,2.747804000002361,3,4,False,False,HOLD,TARGET
46006,2026-09-08 11:47:48.892,-1,5.0,0.0,-1.3029400000013993,1.0,41.458839,28.497496,20.157975,3.5899160000008123,2.963080000001355,5,5,False,False,HOLD,TARGET
46007,2026-09-08 11:47:53.132,-1,5.0,0.0,-1.3467320000017935,1.0,46.600654,32.32565,22.687823,3.9707480000033684,3.1848639999989246,6,6,False,True,HOLD,TARGET
46008,2026-09-08 11:47:54.052,-1,1.0,4.0,1.7303199999987555,5.0,53.287951,37.554637,26.251048,4.883776000002399,3.574827999997069,7,8,False,True,HOLD,TARGET
46009,2026-09-08 11:47:59.508,-1,3.0,2.0,2.5680280000015046,3.0,59.676398,43.450854,30.603266,5.876939999998285,4.030664000001707,9,10,False,True,HOLD,TARGET
46010,2026-09-08 11:48:01.284,-1,4.0,1.0,2.4418000000005122,2.0,64.220506,48.698487,34.953515,6.767572000000655,4.502507999997761,10,10,False,True,HOLD,TARGET
46011,2026-09-08 11:48:02.136,-1,2.0,3.0,3.899175999998988,4.0,66.290594,52.156179,38.281718,7.853444000000309,5.068600000002334,10,10,False,True,HOLD,TARGET
46012,2026-09-08 11:48:03.552,-1,1.0,4.0,5.8104720000010275,5.0,68.85753,55.909454,42.052827,9.201939999999013,5.756996000000072,10,10,True,True,HOLD,TARGET
46015,2026-09-08 11:48:15.808,-1,3.0,2.0,-1.4211360000008426,1.0,54.665248,51.906056,41.0211,9.606672000001709,6.974072000000888,0,0,False,True,HOLD,TARGET
46024,2026-09-08 11:48:44.784,-1,3.0,2.0,0.4114880000015546,3.0,44.883804,44.66829,38.902515,8.161903999996866,8.652040000000852,1,10,False,False,HOLD,TARGET
46025,2026-09-08 11:48:47.388,-1,0.0,5.0,3.875604000000749,6.0,60.079188,51.47563,43.388095,9.131915999998455,9.111032000000705,10,10,True,True,HOLD,TARGET
46026,2026-09-08 11:48:54.112,-1,3.0,2.0,4.236580000000686,3.0,65.94598,55.874689,46.804333,10.090339999998832,9.61051199999929,10,10,True,True,HOLD,TARGET
46027,2026-09-08 11:48:56.640,-1,5.0,0.0,2.96178399999917,1.0,68.065328,58.380042,49.08953,10.738980000001902,10.062652000000526,10,10,True,True,HOLD,TARGET
46028,2026-09-08 11:48:57.152,-1,2.0,3.0,4.303611999999703,4.0,68.386683,59.646104,50.505295,11.581092000000353,10.593872000001284,10,10,True,True,HOLD,TARGET
46029,2026-09-08 11:48:58.044,-1,2.0,3.0,5.347251999999571,4.0,69.180166,61.093309,52.074788,12.546676000001753,11.193327999997564,10,10,True,True,HOLD,TARGET
46030,2026-09-08 11:48:58.580,-1,1.0,4.0,6.936752000001434,5.0,71.612741,63.580696,54.520246,13.725660000000062,11.89201200000025,10,10,True,True,HOLD,TARGET
46031,2026-09-08 11:49:00.632,-1,3.0,2.0,6.617472000001726,3.0,72.791148,65.27602,56.395068,14.751947999997356,12.594636000001628,10,10,True,True,HOLD,TARGET
46032,2026-09-08 11:49:00.784,-1,1.0,4.0,7.924699999999575,5.0,73.942202,66.901938,58.246498,15.935167999999976,13.3801080000012,10,10,True,True,HOLD,TARGET
46034,2026-09-08 11:49:03.056,-1,2.0,3.0,3.1643240000012156,2.0,70.46036,66.179203,58.505992,16.409867999998824,14.49315999999817,0,0,True,True,HOLD,TARGET
46035,2026-09-08 11:49:04.424,-1,0.0,5.0,6.016695999998774,6.0,69.225134,65.979448,58.730066,17.11156000000119,15.171748000000662,1,10,True,True,HOLD,STOP
46037,2026-09-08 11:49:06.816,-1,0.0,0.0,3.466892000000371,-1.0,62.230827,63.707484,57.724608,16.03526399999828,15.8151480000015,0,0,True,True,HOLD,STOP
46070,2026-09-08 11:52:53.496,-1,1.0,4.0,2.5958559999999125,5.0,59.021496,27.292977,16.424492,1.3491719999983616,1.576496000001498,1,10,False,False,HOLD,STOP
46077,2026-09-08 11:54:17.116,1,1.0,4.0,6.519316000001709,5.0,70.676213,49.187414,28.216103,5.120371999997587,0.5303080000012415,10,10,False,False,HOLD,NONE
46079,2026-09-08 11:54:56.068,1,2.0,3.0,1.7092159999992873,2.0,67.098091,50.979523,31.920539,6.67541600000186,1.6173519999974815,0,0,False,True,HOLD,TARGET
46081,2026-09-08 11:55:52.000,1,1.0,4.0,0.78705600000103,3.0,58.203045,47.779495,31.056833,7.455296000000089,2.5653239999992365,0,0,False,True,HOLD,STOP
46084,2026-09-08 11:57:09.352,1,3.0,2.0,-0.6159679999982473,3.0,38.695,40.834051,28.173625,7.265675999999075,3.551155999997718,1,1,False,False,HOLD,STOP
46088,2026-09-08 11:58:59.684,1,5.0,0.0,-4.25345599999855,1.0,-12.590765,21.725331,18.951749,5.015808000000106,3.929892000000109,1,1,False,False,HOLD,STOP
46107,2026-09-08 12:07:58.188,1,0.0,5.0,1.4955440000012459,6.0,43.229137,14.352056,9.647133,0.648271999998542,1.4149880000004487,1,10,False,False,HOLD,TARGET
46110,2026-09-08 12:10:40.496,1,2.0,3.0,1.1000999999996566,4.0,48.538237,26.20586,16.753821,2.5671519999996235,1.9884400000009919,1,10,False,False,HOLD,STOP
46114,2026-09-08 12:16:36.912,1,4.0,1.0,-2.280087999999523,2.0,26.090292,22.268696,16.166054,3.185483999997814,2.5412000000033004,1,1,False,False,HOLD,STOP
46130,2026-09-08 12:29:16.556,1,2.0,3.0,0.28138400000170805,4.0,42.612073,15.32043,8.455474,0.776319999997213,0.6928560000014841,1,10,False,False,HOLD,TARGET
46134,2026-09-08 12:31:53.468,1,4.0,1.0,-2.6543799999999464,2.0,14.253977,11.200272,7.599461,1.6334360000000743,1.1065200000011828,1,1,False,False,HOLD,TARGET
46135,2026-09-08 12:32:20.196,1,2.0,3.0,-0.06451999999990221,4.0,38.315101,21.578935,13.102971,2.4052520000004733,1.3885479999989911,2,3,False,False,HOLD,TARGET
46137,2026-09-08 12:33:40.316,1,1.0,4.0,-0.2859439999992901,3.0,50.440201,31.692021,19.600398,3.412739999999758,1.890503999999055,0,0,False,False,HOLD,STOP
46138,2026-09-08 12:34:35.512,1,4.0,1.0,0.22204399999827729,2.0,51.066057,34.007275,21.52502,4.094608000003063,2.229379999997036,1,1,False,True,HOLD,STOP
46155,2026-09-08 12:45:55.004,-1,1.0,4.0,2.4358959999990475,5.0,48.48003,30.737776,15.748462,3.86927199999991,0.5161320000006526,3,10,False,False,HOLD,TARGET
46157,2026-09-08 12:48:04.880,-1,0.0,5.0,2.004432000001543,4.0,61.632903,43.889759,26.127216,5.397863999998663,1.430051999999705,0,0,False,False,HOLD,TARGET
46163,2026-09-08 12:50:00.112,-1,0.0,5.0,0.16673599999921862,6.0,28.226629,30.928718,21.282397,5.294875999999931,2.942291999999725,1,4,False,False,HOLD,TARGET
46165,2026-09-08 12:50:01.248,-1,3.0,2.0,-1.70160400000168,1.0,48.108492,39.157177,27.174355,5.629912000000331,3.4826000000030035,0,0,False,True,HOLD,TARGET
46166,2026-09-08 12:50:03.020,-1,1.0,4.0,1.4543080000003101,5.0,51.058453,41.429135,29.187378,6.35973599999852,3.9140840000000026,1,10,False,True,HOLD,TARGET
46168,2026-09-08 12:50:11.136,-1,0.0,5.0,2.0155679999988934,4.0,60.408723,48.597241,35.323013,7.510239999999612,4.759172000001854,0,0,False,True,HOLD,TARGET
46169,2026-09-08 12:50:11.180,-1,2.0,3.0,3.567663999998331,4.0,62.995323,51.491004,38.147079,8.47607600000265,5.328104000000167,1,10,False,True,HOLD,TARGET
46171,2026-09-08 12:50:11.936,-1,2.0,3.0,-0.6812879999997676,2.0,57.43262,50.548572,38.709191,8.56151200000022,6.0005160000000615,0,0,False,True,HOLD,TARGET
46172,2026-09-08 12:50:11.972,-1,2.0,3.0,1.4701080000013462,4.0,53.790514,49.511178,38.524357,9.059696000000258,6.453652000000147,1,10,False,True,HOLD,TARGET
46173,2026-09-08 12:50:13.136,-1,1.0,4.0,3.921195999999327,5.0,61.954697,53.892008,42.261433,9.966223999999784,7.037860000000364,10,10,True,True,HOLD,STOP
46188,2026-09-08 12:52:18.288,-1,1.0,4.0,-0.8713480000005802,5.0,9.903815,17.486042,22.000194,3.3071320000017295,6.296199999997043,1,2,False,False,HOLD,TARGET
46189,2026-09-08 12:53:10.068,-1,1.0,4.0,2.1000639999983832,5.0,47.694151,32.476556,29.166781,4.340860000000248,6.556472000000213,3,10,False,True,HOLD,TARGET
46190,2026-09-08 12:53:18.064,-1,3.0,2.0,2.8556040000003122,3.0,61.180854,42.991636,35.228517,5.430044000000635,6.8883199999982025,10,10,False,True,HOLD,TARGET
46192,2026-09-08 12:54:00.676,-1,0.0,5.0,1.048451999999088,4.0,59.295196,45.521827,37.486484,6.337320000002364,7.310767999999371,0,0,False,True,HOLD,TARGET
46193,2026-09-08 12:54:10.056,-1,1.0,4.0,3.5932399999983318,5.0,60.313141,47.646142,39.190604,7.401671999999962,7.73313600000256,1,10,True,True,HOLD,TARGET
46195,2026-09-08 12:54:35.268,-1,0.0,5.0,1.4946759999984351,4.0,61.623278,51.016549,42.189233,8.18421600000147,8.298439999998664,0,0,True,True,HOLD,STOP
46197,2026-09-08 12:54:52.268,-1,0.0,0.0,2.5461639999994077,-1.0,51.740146,47.704727,40.789254,8.111651999999594,8.668820000002597,0,0,False,True,HOLD,STOP
46212,2026-09-08 12:58:01.048,-1,2.0,3.0,0.7686519999988377,4.0,39.249027,18.297427,20.834559,1.8055920000006154,5.592376000000513,5,6,False,False,HOLD,TARGET
46213,2026-09-08 12:58:42.044,-1,1.0,4.0,3.3756160000011732,5.0,59.124278,34.119541,28.750826,3.1926879999991797,5.885900000001129,7,10,False,True,HOLD,TARGET
46214,2026-09-08 12:58:54.060,-1,0.0,5.0,6.181036000001768,6.0,67.480854,45.661026,35.874483,4.9818039999991015,6.371591999999509,10,10,False,True,HOLD,TARGET
46215,2026-09-08 12:59:04.256,-1,2.0,3.0,6.807472000000416,4.0,71.490619,53.297423,41.698432,6.742340000000695,6.944051999998919,10,10,True,True,HOLD,TARGET
46216,2026-09-08 12:59:08.852,-1,1.0,4.0,8.072479999998905,5.0,73.765845,58.536051,46.45323,8.593348000002152,7.632200000000012,10,10,True,True,HOLD,STOP
47060,2026-09-09 06:31:24.088,1,3.0,2.0,-1.8350680000003194,3.0,8.711109,1.345192,3.481591,0.22232400000211783,1.2842119999986608,3,3,False,False,HOLD,STOP
47061,2026-09-09 06:31:26.924,1,5.0,0.0,-1.7606080000005022,1.0,35.441879,13.221136,9.259436,0.7968839999994088,1.4127800000023853,4,4,False,False,HOLD,STOP
47069,2026-09-09 06:32:08.316,1,2.0,3.0,-1.4458679999988817,2.0,38.751185,12.109823,7.156954,0.2936639999970794,0.7329400000016904,0,0,False,False,HOLD,STOP
47072,2026-09-09 06:32:24.204,1,2.0,3.0,-1.0232279999981984,4.0,27.734782,12.429781,7.829594,1.2097959999991872,0.9816399999981513,1,1,False,False,HOLD,STOP
47078,2026-09-09 06:32:56.500,-1,3.0,2.0,2.7737919999999576,3.0,60.7669,32.686221,15.893271,2.444491999998718,0.040668000001460314,10,10,False,False,HOLD,STOP
47080,2026-09-09 06:33:12.716,-1,2.0,3.0,-0.5565959999985353,2.0,56.610018,35.7196,19.380686,3.50615199999811,0.6727959999989253,0,0,False,False,HOLD,STOP
47085,2026-09-09 06:34:14.872,1,1.0,4.0,3.765663999998651,5.0,63.540865,32.169165,16.123394,1.6780840000028547,0.26369599999816273,9,10,False,False,HOLD,TARGET
47086,2026-09-09 06:34:18.568,1,1.0,4.0,5.70662799999991,5.0,67.810097,41.944883,23.489954,3.501619999999093,0.883216000001994,10,10,False,False,HOLD,TARGET
47087,2026-09-09 06:34:25.904,1,3.0,2.0,5.660712000000785,3.0,70.788845,49.562455,30.434034,5.170876000000135,1.5504079999991518,10,10,False,True,HOLD,TARGET
47088,2026-09-09 06:34:32.036,1,1.0,4.0,7.180552000001626,5.0,72.620642,54.963793,36.29322,6.9845079999977315,2.3392080000012356,10,10,False,True,HOLD,STOP
47096,2026-09-09 06:35:33.960,1,1.0,4.0,-0.9343560000015714,5.0,8.584608,22.47222,18.699262,4.411072000002605,3.712783999999374,1,4,False,False,HOLD,STOP
47118,2026-09-09 06:39:06.424,-1,2.0,3.0,0.0016639999994367827,4.0,35.745179,21.714961,9.931553,2.674031999998988,0.016972000001260312,3,3,False,False,HOLD,STOP
47124,2026-09-09 06:40:15.540,-1,5.0,0.0,-4.456232000000455,1.0,-16.668864,3.982427,3.181807,1.747483999999531,0.630116000000271,1,1,False,False,HOLD,STOP
47131,2026-09-09 06:41:23.132,-1,4.0,1.0,-0.5214400000004389,2.0,40.816427,18.253084,9.839867,1.5036280000022089,0.6852879999969446,1,9,False,False,HOLD,STOP
47142,2026-09-09 06:43:16.268,-1,3.0,2.0,-1.5614559999994526,3.0,19.345956,7.519343,4.205442,0.7881720000004862,0.4232319999973697,1,3,False,False,HOLD,TARGET
47143,2026-09-09 06:43:25.872,-1,1.0,4.0,1.5633119999984046,5.0,47.410431,22.527189,12.103109,1.9252680000026885,0.7829359999996086,4,10,False,False,HOLD,TARGET
47144,2026-09-09 06:43:39.772,-1,1.0,4.0,3.993687999998656,5.0,61.06788,36.064156,20.604427,3.4158040000002075,1.3023600000014994,10,10,False,False,HOLD,STOP
47221,2026-09-09 07:00:07.324,1,0.0,0.0,2.6429519999983313,-1.0,56.218549,39.256746,24.908945,4.426956000002974,2.241751999998087,0,0,False,True,HOLD,STOP
47222,2026-09-09 07:00:14.240,1,0.0,0.0,1.2778519999992568,-1.0,38.388878,31.737572,20.847037,4.306459999999788,2.401400000002468,0,0,False,False,HOLD,STOP
47230,2026-09-09 07:03:10.848,-1,0.0,5.0,2.851328000000649,4.0,65.255253,46.208067,26.364292,5.407091999997647,0.6949400000012247,0,0,False,False,HOLD,STOP
47239,2026-09-09 07:05:47.092,1,2.0,3.0,0.9346880000011879,4.0,53.582114,26.415528,12.653725,1.8627639999976964,0.09753199999977369,1,1,False,False,HOLD,STOP
47241,2026-09-09 07:06:22.908,1,4.0,1.0,-3.8296320000008564,0.0,39.351146,22.803957,11.708664,2.0437960000017483,0.38132000000041444,0,0,False,False,HOLD,TARGET
47246,2026-09-09 07:07:46.560,1,2.0,3.0,-1.5947720000003756,4.0,12.196845,11.271604,6.75334,1.864528000001883,0.7693639999997686,1,3,False,False,HOLD,TARGET
47249,2026-09-09 07:08:42.396,1,2.0,3.0,0.7215279999982158,4.0,41.81477,25.59013,15.076502,3.111504000000423,1.3979480000016338,1,10,False,False,HOLD,STOP
47268,2026-09-09 07:15:38.376,-1,3.0,2.0,-0.27199599999948987,3.0,39.855156,18.430815,8.860505,1.6230880000002799,0.23648400000092806,5,5,False,False,HOLD,TARGET
47269,2026-09-09 07:15:56.420,-1,2.0,3.0,1.7884479999993346,4.0,54.268428,29.823904,15.668559,2.7345559999994293,0.6493719999998575,8,10,False,False,HOLD,TARGET
47270,2026-09-09 07:16:09.040,-1,4.0,1.0,1.8354599999984202,2.0,60.22408,37.50259,21.163541,3.7657040000012785,1.0938639999985753,10,10,False,False,HOLD,TARGET
47271,2026-09-09 07:16:22.284,-1,2.0,3.0,3.4275799999995797,4.0,64.538156,44.206362,26.687736,5.005492000000231,1.6464640000012878,10,10,False,True,HOLD,TARGET
47272,2026-09-09 07:16:38.940,-1,1.0,4.0,5.443672000001243,5.0,67.782263,49.915562,32.077732,6.514751999999135,2.333679999999731,10,10,False,True,HOLD,TARGET
47273,2026-09-09 07:16:50.300,-1,1.0,4.0,7.011743999999453,5.0,71.222332,55.709563,38.138478,8.190008000001399,3.137719999998808,10,10,False,True,HOLD,TARGET
47276,2026-09-09 07:17:25.036,-1,0.0,5.0,1.141328000001522,4.0,58.368439,51.854231,37.51637,9.24066799999855,4.654131999999663,0,0,False,True,HOLD,TARGET
47281,2026-09-09 07:18:12.332,-1,1.0,4.0,1.9704039999996894,5.0,48.876183,47.699944,37.151683,9.046367999999347,6.35627999999997,1,10,False,True,HOLD,TARGET
47282,2026-09-09 07:18:26.740,-1,2.0,3.0,3.5325359999987995,4.0,61.656115,53.627513,41.921728,9.882896000002802,6.923383999997895,10,10,True,True,HOLD,TARGET
47286,2026-09-09 07:19:24.076,-1,2.0,3.0,1.4053679999997257,4.0,49.017797,50.155701,41.526881,10.021772000000055,8.300527999999758,1,2,False,True,HOLD,STOP
47287,2026-09-09 07:19:30.904,-1,3.0,2.0,2.315288000001601,3.0,59.68267,54.381197,44.845601,10.557679999998072,8.767339999998512,3,10,False,True,HOLD,STOP
47301,2026-09-09 07:21:45.288,-1,1.0,4.0,-0.8762600000009115,5.0,19.962549,23.310498,27.262698,3.923032000002422,7.663175999998202,1,2,False,False,HOLD,TARGET
47312,2026-09-09 07:24:41.768,-1,0.0,5.0,1.0176959999989776,6.0,33.644967,27.980324,28.568303,4.339116000002832,7.333211999997729,1,10,False,False,HOLD,TARGET
47314,2026-09-09 07:24:52.240,-1,4.0,1.0,-1.9646040000006906,-0.0,50.976918,37.928078,33.761356,4.884207999999489,7.487064000000828,0,0,False,True,HOLD,TARGET
47315,2026-09-09 07:24:53.748,-1,1.0,4.0,1.2497519999997166,5.0,51.473535,39.474579,34.781472,5.63628400000016,7.72037199999977,1,1,False,True,HOLD,TARGET
47318,2026-09-09 07:24:59.688,-1,0.0,5.0,1.9350679999988643,6.0,47.852899,40.169657,35.679209,6.418492000000697,8.09878000000026,1,10,False,True,HOLD,STOP
47320,2026-09-09 07:25:07.004,-1,4.0,1.0,-3.2244639999989886,-0.0,46.315137,40.891322,36.47153,6.141319999998814,8.193512000001647,0,0,False,True,HOLD,STOP
47337,2026-09-09 07:27:51.160,1,1.0,4.0,2.032179999998334,5.0,49.44398,41.054355,21.357091,6.577616000002308,0.13647599999967497,1,10,False,False,HOLD,TARGET
47338,2026-09-09 07:28:16.044,1,0.0,5.0,5.136139999998704,6.0,63.661985,50.224405,29.759881,7.904872000002797,0.9308959999980289,10,10,False,False,HOLD,TARGET
47340,2026-09-09 07:28:33.184,1,0.0,5.0,3.032972000000882,4.0,66.799058,55.424224,36.701533,9.224139999998442,2.2529040000008536,0,0,False,True,HOLD,TARGET
47341,2026-09-09 07:28:49.244,1,3.0,2.0,3.5812000000005355,3.0,65.407842,55.740189,38.009264,10.055344000000332,2.990728000000672,1,10,False,True,HOLD,TARGET
47342,2026-09-09 07:28:55.384,1,1.0,4.0,5.563156000000163,5.0,68.875892,59.097363,42.231908,11.182464000001346,3.837443999997049,10,10,True,True,HOLD,TARGET
47343,2026-09-09 07:29:02.220,1,1.0,4.0,7.104675999999017,5.0,71.427118,62.037682,46.180938,12.501296000002185,4.777755999999499,10,10,True,True,HOLD,TARGET
47344,2026-09-09 07:29:14.564,1,4.0,1.0,5.970303999998578,2.0,72.664472,64.029841,49.189753,13.507188000003225,5.675503999998909,10,10,True,True,HOLD,TARGET
47346,2026-09-09 07:29:50.384,1,3.0,2.0,2.4141359999994165,1.0,68.689765,63.313045,50.104398,14.22361599999931,7.1574560000008205,0,0,True,True,HOLD,STOP
47348,2026-09-09 07:30:15.528,1,1.0,4.0,-0.6013239999992948,3.0,54.030589,58.158572,46.84361,13.289915999997902,8.08237999999983,0,0,False,True,HOLD,STOP
47387,2026-09-09 07:40:29.008,1,2.0,3.0,1.0242680000010296,4.0,45.232013,17.805414,11.249323,1.1437479999985953,1.4047879999998258,1,10,False,False,HOLD,STOP
47397,2026-09-09 07:43:48.260,1,2.0,3.0,-1.9618479999990086,4.0,-6.391894,3.150631,5.263495,1.3207760000004782,1.7018040000002657,1,2,False,False,HOLD,TARGET
47398,2026-09-09 07:44:30.368,1,4.0,1.0,-1.0814360000003944,2.0,33.169048,17.604623,12.365377,1.9316519999993034,1.8944080000001122,3,3,False,False,HOLD,TARGET
47399,2026-09-09 07:44:32.216,1,1.0,4.0,1.9366599999993923,5.0,52.919618,30.33857,19.515569,3.045536000001448,2.262640000000829,10,10,False,False,HOLD,STOP
47413,2026-09-09 07:50:33.288,1,1.0,4.0,0.5059919999985141,5.0,30.796146,10.260984,7.280776,0.8212720000010449,1.2251440000000002,1,10,False,False,HOLD,TARGET
47415,2026-09-09 07:51:21.160,1,2.0,3.0,-1.9284719999996014,2.0,45.072552,22.150663,13.797706,1.5846679999995104,1.4677279999996244,0,0,False,False,HOLD,TARGET
47420,2026-09-09 07:52:40.756,1,1.0,4.0,0.14899599999989732,5.0,29.133103,17.258615,11.957794,2.2407879999991565,1.8193559999999707,1,10,False,False,HOLD,STOP
47428,2026-09-09 07:55:22.312,1,0.0,0.0,2.0817519999982323,1.0,10.329955,7.99116,7.726664,1.2624160000013944,1.7815200000004552,1,1,False,False,HOLD,STOP
47438,2026-09-09 07:58:45.024,1,1.0,4.0,0.7301599999991595,5.0,44.004248,15.007777,8.742528,0.5982719999992696,0.875848000003316,4,9,False,False,HOLD,TARGET
47896,2026-09-09 11:14:59.392,-1,3.0,2.0,4.609400000001187,3.0,68.743853,51.208465,29.902257,6.662383999999292,0.4979800000000978,10,10,False,False,HOLD,TARGET
47897,2026-09-09 11:15:41.076,-1,0.0,5.0,7.140643999999156,6.0,71.347046,56.155265,35.846623,8.349396000001434,1.3867920000011509,10,10,False,False,HOLD,STOP
47911,2026-09-09 11:32:07.228,-1,2.0,3.0,-0.12905600000158302,4.0,37.451086,11.253471,8.238687,0.39533600000140723,1.3933480000014242,6,7,False,False,HOLD,STOP
47919,2026-09-09 11:41:45.584,1,1.0,4.0,4.891459999998915,5.0,65.953229,43.598819,24.078326,4.57644000000073,0.592000000000553,10,10,False,False,HOLD,STOP
47920,2026-09-09 11:42:46.360,1,3.0,2.0,5.026691999999457,3.0,69.196076,50.101919,30.379098,6.043776000002254,1.2811999999976251,10,10,False,False,HOLD,STOP
47925,2026-09-09 11:51:51.612,1,3.0,2.0,-2.855736000001343,3.0,3.208637,24.700295,17.104267,4.932316000002174,2.442911999998614,1,1,False,False,HOLD,TARGET
47926,2026-09-09 11:52:31.984,1,3.0,2.0,-0.9989080000013928,3.0,29.34124,31.375888,21.164283,5.269360000002052,2.758079999999609,2,3,False,False,HOLD,TARGET
47927,2026-09-09 11:53:33.576,1,4.0,1.0,-0.33248399999865796,2.0,45.841045,37.753214,25.480133,5.701299999996991,3.1095800000002782,4,5,False,True,HOLD,TARGET
47928,2026-09-09 11:55:05.112,1,2.0,3.0,1.7414040000003297,4.0,55.730455,43.604072,29.920805,6.4779080000007525,3.573656000000483,6,10,False,True,HOLD,STOP
47945,2026-09-09 12:18:16.344,1,1.0,4.0,1.8943160000017087,5.0,50.47587,22.730579,13.742776,1.6382439999979397,1.4477360000018962,1,10,False,False,HOLD,TARGET
47949,2026-09-09 12:25:17.960,1,2.0,3.0,1.6423199999990175,4.0,51.114957,33.792461,21.959319,4.199884000001475,2.537108000000444,1,2,False,True,HOLD,STOP
47966,2026-09-09 12:46:03.240,-1,1.0,4.0,0.6580360000007204,5.0,33.147086,30.020045,17.178037,4.857547999999952,1.3038479999995616,1,3,False,False,HOLD,STOP
47968,2026-09-09 12:47:20.888,-1,0.0,0.0,0.22523200000068755,-1.0,34.338113,31.455411,19.195963,4.369559999999183,1.6625920000005863,0,0,False,False,HOLD,TARGET
47972,2026-09-09 12:50:02.248,-1,3.0,2.0,-2.7784199999987322,3.0,-11.345817,9.415297,8.258764,2.668155999999726,1.7652439999983471,1,2,False,False,HOLD,TARGET
47973,2026-09-09 12:50:05.056,-1,0.0,5.0,1.394560000000638,6.0,38.900085,26.529473,17.191638,3.6239999999997963,2.1401440000008733,3,10,False,False,HOLD,TARGET
47974,2026-09-09 12:50:17.404,-1,3.0,2.0,2.306880000000092,3.0,56.598242,37.928792,24.423821,4.670195999999123,2.587171999999555,10,10,False,True,HOLD,TARGET
47975,2026-09-09 12:50:57.004,-1,3.0,2.0,3.016464000000269,3.0,64.197533,46.039037,30.675383,5.7624439999999595,3.0965439999999944,10,10,False,True,HOLD,TARGET
47976,2026-09-09 12:51:21.040,-1,0.0,5.0,5.901691999999457,6.0,68.179788,51.870324,36.008774,7.294904000002134,3.781779999997525,10,10,False,True,HOLD,STOP
47981,2026-09-09 12:55:00.076,-1,2.0,3.0,-1.356739999999263,4.0,11.870858,32.261943,26.153097,6.491803999997501,4.990832000003138,1,2,False,False,HOLD,TARGET
47982,2026-09-09 12:55:00.200,-1,1.0,4.0,1.7225360000011278,5.0,46.461942,42.010785,32.15555,7.201723999998649,5.412388000000647,3,4,False,True,HOLD,TARGET
47983,2026-09-09 12:55:08.856,-1,1.0,4.0,4.117527999998856,5.0,61.678772,50.241784,38.202896,8.29279200000019,5.971948000002158,5,10,False,True,HOLD,STOP
47989,2026-09-09 12:58:35.052,-1,4.0,1.0,-1.9190359999993234,2.0,18.747698,30.409459,28.004336,5.615136000000348,6.402387999998609,3,3,False,False,HOLD,TARGET
47993,2026-09-09 12:59:20.936,-1,2.0,3.0,-1.7920440000016242,4.0,-2.766819,18.221646,22.024547,4.044848000001366,6.15766000000076,1,2,False,False,HOLD,TARGET
47994,2026-09-09 12:59:41.564,-1,3.0,2.0,-0.17159199999878183,3.0,37.855302,30.803361,28.03315,4.60417199999938,6.334335999999894,3,9,False,False,HOLD,STOP
47996,2026-09-09 12:59:49.860,-1,5.0,0.0,-4.671704000000318,-1.0,32.069313,29.945798,27.864285,4.196240000001126,6.299903999999515,0,0,False,False,HOLD,STOP
48936,2026-09-10 06:31:08.892,-1,5.0,0.0,-1.2224959999985003,1.0,42.415499,26.839458,17.791737,3.119991999999911,2.2658639999972365,1,1,False,False,HOLD,TARGET
48937,2026-09-10 06:31:12.476,-1,0.0,5.0,2.604724000000715,6.0,55.432357,36.211127,23.703406,4.260972000000038,2.7030239999985497,2,10,False,True,HOLD,STOP
48951,2026-09-10 06:32:04.264,-1,1.0,4.0,-0.16818399999829126,5.0,23.671092,16.348582,14.953083,2.3750199999994948,3.3029719999976805,1,7,False,False,HOLD,STOP
48967,2026-09-10 06:33:12.008,-1,1.0,4.0,-0.505539999998291,3.0,45.927393,18.636387,12.518663,0.980887999998231,1.7081680000010238,0,0,False,False,HOLD,STOP
48973,2026-09-10 06:33:38.508,-1,2.0,3.0,-1.8395439999985683,4.0,1.666437,0.063668,3.04604,0.3232239999997546,1.3415160000004107,2,3,False,False,HOLD,STOP
48982,2026-09-10 06:34:13.852,1,2.0,3.0,-1.4986559999997553,2.0,51.540712,32.216022,16.72563,3.2031559999995807,0.39143999999942025,0,0,False,False,HOLD,STOP
48990,2026-09-10 06:35:00.152,-1,1.0,4.0,0.49724399999831803,3.0,57.987351,29.712614,14.947414,1.8302440000006754,0.27288400000179536,0,0,False,False,HOLD,TARGET
48991,2026-09-10 06:35:00.312,-1,0.0,5.0,3.942299999998795,6.0,60.43203,35.439225,19.187885,3.3189880000027188,0.8057359999984328,1,10,False,False,HOLD,STOP
48993,2026-09-10 06:35:02.712,-1,0.0,0.0,3.421883999999409,-1.0,59.413033,40.501005,24.150102,4.343272000001889,1.4900999999990745,0,0,False,False,HOLD,STOP
49000,2026-09-10 06:35:25.240,1,2.0,3.0,-1.091208000001643,2.0,54.690433,31.216643,15.722128,2.5412600000017846,0.19892800000161515,0,0,False,False,HOLD,TARGET
49002,2026-09-10 06:35:33.388,1,1.0,4.0,-0.9070240000000922,3.0,44.349269,28.634576,15.34791,3.279947999999422,0.7240400000009686,0,0,False,False,HOLD,TARGET
49005,2026-09-10 06:35:42.344,1,3.0,2.0,-0.20316800000000512,3.0,37.429752,28.085404,16.498625,3.9752240000016172,1.4363479999992705,1,10,False,False,HOLD,STOP
49012,2026-09-10 06:36:10.660,1,1.0,4.0,2.2994480000015756,5.0,47.158035,30.255412,19.449902,3.886027999997168,2.3093840000001364,5,10,False,False,HOLD,TARGET
49014,2026-09-10 06:36:29.232,1,1.0,4.0,1.749048000001494,3.0,61.973785,44.330914,29.627246,5.478339999997843,3.1121559999992314,0,0,False,True,HOLD,TARGET
49015,2026-09-10 06:36:33.452,1,4.0,1.0,1.804815999999846,2.0,61.36602,45.90481,31.456853,6.284380000000965,3.570368000000599,1,1,False,True,HOLD,STOP
49035,2026-09-10 06:38:24.280,1,2.0,3.0,1.1231039999984205,4.0,46.266271,19.921018,13.030365,1.480228000000352,1.734707999999955,1,10,False,False,HOLD,STOP
49039,2026-09-10 06:38:56.736,1,1.0,4.0,-0.26694399999905727,5.0,17.018457,12.070044,9.800338,1.9405079999996815,1.9369320000005246,1,2,False,False,HOLD,STOP
49040,2026-09-10 06:39:09.896,1,5.0,0.0,-0.5409560000007332,1.0,44.386336,24.862748,16.524626,2.6006320000014966,2.1739400000005844,3,3,False,False,HOLD,STOP
49046,2026-09-10 06:39:55.132,1,4.0,1.0,-1.119276000001264,2.0,32.595518,18.16266,13.423003,2.0830040000000736,2.2379519999994955,4,4,False,False,HOLD,TARGET
49047,2026-09-10 06:39:57.932,1,2.0,3.0,1.129452000001038,4.0,51.071765,29.617496,19.799775,3.0371759999979986,2.5565520000018296,5,10,False,False,HOLD,TARGET
49051,2026-09-10 06:40:23.492,1,3.0,2.0,-1.8276440000008733,3.0,19.110214,20.491184,16.270191,3.2998120000011113,2.994144000000233,1,1,False,False,HOLD,TARGET
49054,2026-09-10 06:40:31.640,1,4.0,1.0,-0.47308799999882467,2.0,41.40632,30.457584,22.300149,4.181111999998393,3.5278920000018843,1,5,False,False,HOLD,TARGET
49056,2026-09-10 06:40:40.540,1,3.0,2.0,-2.69359600000098,1.0,39.962004,31.903258,23.840892,4.291268000000855,3.8119520000000193,0,0,False,False,HOLD,TARGET
49057,2026-09-10 06:40:45.724,1,2.0,3.0,-0.09502000000065891,4.0,41.152705,33.133374,24.881466,4.844880000000558,4.094679999998334,1,1,False,False,HOLD,STOP
49062,2026-09-10 06:41:12.064,1,1.0,4.0,1.0608639999991283,5.0,38.805292,31.753185,25.242184,4.888328000000911,4.689372000000731,3,3,False,False,HOLD,STOP
49064,2026-09-10 06:41:26.920,1,5.0,0.0,-3.9261440000009316,-1.0,42.183749,34.90348,27.638303,4.734340000002703,4.897759999999835,0,0,False,False,HOLD,TARGET
49071,2026-09-10 06:42:09.144,1,1.0,4.0,0.2713079999994079,5.0,22.428659,10.365749,13.331507,1.3818559999999707,3.788648000001558,4,5,False,False,HOLD,STOP
49082,2026-09-10 06:43:40.332,1,1.0,4.0,3.0875640000012936,5.0,57.412893,25.553957,16.919951,1.375796000000264,2.2401279999976396,8,9,False,False,HOLD,STOP
49206,2026-09-10 07:00:37.236,-1,4.0,1.0,-3.783424000001105,2.0,-24.47504,-3.864724,13.514502,0.8771760000017821,6.467743999997765,3,3,False,False,HOLD,TARGET
49207,2026-09-10 07:00:41.184,-1,2.0,3.0,-0.9426600000006147,4.0,24.738841,13.017127,20.541576,1.5489120000020193,6.462636000000202,4,5,False,False,HOLD,STOP
49228,2026-09-10 07:03:37.256,1,2.0,3.0,-1.213980000000447,4.0,14.775552,21.578211,14.347854,3.8605119999992894,1.9445279999999912,1,4,False,False,HOLD,STOP
49243,2026-09-10 07:07:09.176,-1,0.0,5.0,2.2122720000006666,6.0,45.522377,29.517835,15.145962,3.8190399999984947,0.5367599999990489,1,10,False,False,HOLD,STOP
49249,2026-09-10 07:07:56.152,-1,1.0,4.0,1.609651999999187,5.0,39.336607,25.251195,14.768097,3.397263999999268,1.3818600000013248,3,4,False,False,HOLD,TARGET
49250,2026-09-10 07:08:00.188,-1,1.0,4.0,4.029728000001342,5.0,61.248142,40.714967,24.817155,4.776635999998689,1.9397160000007716,5,10,False,True,HOLD,TARGET
49251,2026-09-10 07:08:39.504,-1,3.0,2.0,4.356456000001344,3.0,67.214185,48.703335,31.55943,6.1054000000003725,2.5490799999970477,10,10,False,True,HOLD,TARGET
49253,2026-09-10 07:09:06.664,-1,2.0,3.0,1.0057559999986552,2.0,63.526221,49.97623,34.277153,7.228355999999621,3.4672559999999066,0,0,False,True,HOLD,TARGET
49254,2026-09-10 07:09:20.208,-1,1.0,4.0,3.560032000001229,5.0,62.635695,50.861764,35.761465,8.215351999999257,4.07495199999903,1,10,False,True,HOLD,STOP
49256,2026-09-10 07:09:47.328,-1,2.0,3.0,-0.08096799999839277,2.0,59.469151,51.225337,37.500713,8.580451999998331,4.899843999999575,0,0,False,True,HOLD,STOP
49274,2026-09-10 07:12:55.268,1,2.0,3.0,2.498827999999776,2.0,68.724212,54.18321,32.119513,7.792856000000029,0.1440440000005765,0,0,False,False,HOLD,TARGET
49275,2026-09-10 07:13:01.556,1,3.0,2.0,3.1657559999985097,3.0,65.747051,53.568843,32.715497,8.662592000000586,0.8844080000017129,1,1,False,False,HOLD,TARGET
49276,2026-09-10 07:13:12.616,1,1.0,4.0,5.24003200000152,5.0,67.935654,56.539571,36.792762,9.842047999998613,1.739979999998468,10,10,False,True,HOLD,STOP
49289,2026-09-10 07:15:46.016,1,3.0,2.0,-2.0201559999986785,3.0,-0.655922,6.434484,9.655804,1.6559239999987767,2.9272359999995388,3,3,False,False,HOLD,TARGET
49292,2026-09-10 07:16:27.644,1,1.0,4.0,-0.04514800000106334,5.0,34.019251,20.755494,16.736257,2.5439880000012636,3.1620479999983218,1,9,False,False,HOLD,TARGET
49293,2026-09-10 07:16:34.300,1,3.0,2.0,1.1871079999982612,3.0,49.997896,30.483522,22.124643,3.471828000001551,3.466231999998854,10,10,False,True,HOLD,TARGET
49295,2026-09-10 07:16:53.940,1,1.0,4.0,-0.13372399999934714,3.0,53.730578,36.947065,26.699674,4.376248000000487,3.9095439999982773,0,0,False,True,HOLD,STOP
49297,2026-09-10 07:17:15.840,1,4.0,1.0,-2.6611440000015136,0.0,44.204009,34.602427,26.123859,4.63761599999998,4.241180000000895,0,0,False,False,HOLD,STOP
49309,2026-09-10 07:18:57.428,1,4.0,1.0,-0.07231200000023819,2.0,43.134584,15.730375,12.588191,0.8522000000011758,2.380799999998999,10,10,False,False,HOLD,TARGET
49310,2026-09-10 07:19:10.484,1,3.0,2.0,1.165980000001582,3.0,55.763728,27.735095,19.048349,1.9115160000001197,2.64551599999686,10,10,False,False,HOLD,TARGET
49311,2026-09-10 07:19:17.424,1,2.0,3.0,2.9068719999995665,4.0,61.074259,35.894383,24.198139,3.2044239999995625,3.0343439999996917,10,10,False,True,HOLD,TARGET
49313,2026-09-10 07:19:35.004,1,1.0,4.0,0.3016879999995581,3.0,58.336225,39.261361,27.354747,4.323712000001251,3.545564000000013,0,0,False,True,HOLD,TARGET
49314,2026-09-10 07:19:44.808,1,3.0,2.0,1.4568680000011227,3.0,56.013854,39.759636,28.203619,5.15849999999773,3.9214439999996102,1,10,False,True,HOLD,TARGET
49315,2026-09-10 07:19:46.184,1,3.0,2.0,2.3553439999996044,3.0,61.218314,45.154786,32.329443,6.0907960000004095,4.363735999999335,10,10,False,True,HOLD,TARGET
49316,2026-09-10 07:19:52.532,1,2.0,3.0,3.831932000000961,4.0,65.123031,49.99757,36.456724,7.218516000000818,4.904139999998733,10,10,False,True,HOLD,TARGET
49317,2026-09-10 07:19:56.224,1,5.0,0.0,2.6470599999993283,1.0,66.224544,52.636041,39.159224,8.03935199999978,5.407212000001891,10,10,True,True,HOLD,TARGET
49319,2026-09-10 07:20:05.964,1,0.0,5.0,0.3173559999995632,4.0,56.395398,49.228813,37.861679,8.254024000001664,6.050992000000406,0,0,False,True,HOLD,TARGET
49321,2026-09-10 07:20:12.072,1,0.0,5.0,1.3277840000009746,4.0,56.361679,50.074244,39.427142,8.839031999999861,6.789860000000772,0,0,False,True,HOLD,TARGET
49322,2026-09-10 07:20:34.740,1,5.0,0.0,0.6993880000009085,1.0,56.990788,50.948643,40.541004,9.174083999998402,7.182944000000134,1,1,False,True,HOLD,TARGET
49324,2026-09-10 07:21:27.000,1,0.0,0.0,2.6699999999982538,-1.0,50.642467,49.381797,40.442516,8.998904000000039,7.730731999999989,0,0,False,True,HOLD,TARGET
49325,2026-09-10 07:21:35.648,1,4.0,1.0,-2.9233319999984815,0.0,41.161262,46.288665,38.863596,8.658723999997164,7.903472000001784,0,0,False,False,HOLD,TARGET
49326,2026-09-10 07:21:45.376,1,2.0,3.0,-0.2737039999992703,4.0,42.056363,46.187739,39.127095,8.83026400000017,8.194508000000496,1,1,False,False,HOLD,TARGET
49327,2026-09-10 07:22:00.424,1,1.0,4.0,2.5648959999998624,5.0,53.840748,50.169908,41.962196,9.507140000001527,8.629967999997461,2,10,False,True,HOLD,TARGET
49331,2026-09-10 07:22:43.264,1,1.0,4.0,1.8290359999991779,5.0,47.526727,48.589138,42.358198,9.555704000002152,9.61319199999707,1,2,False,True,HOLD,TARGET
49332,2026-09-10 07:22:53.740,1,1.0,4.0,4.200364000000263,5.0,62.074342,54.778655,46.642385,10.47360000000117,10.10836399999971,10,10,True,True,HOLD,STOP
49343,2026-09-10 07:24:38.172,1,0.0,5.0,2.9388599999983853,6.0,52.238075,43.416555,40.372502,7.103728000001865,10.16055200000119,1,10,False,True,HOLD,TARGET
49344,2026-09-10 07:24:38.268,1,0.0,5.0,5.84133600000132,6.0,65.450321,52.371071,45.736561,8.51784399999815,10.620304000000033,10,10,True,True,HOLD,TARGET
49345,2026-09-10 07:24:38.824,1,0.0,5.0,8.098816000001534,6.0,71.769654,59.138023,50.68489,10.231627999997727,11.238079999999172,10,10,True,True,HOLD,TARGET
49346,2026-09-10 07:24:39.872,1,0.0,5.0,9.854636000000028,6.0,74.855457,63.656961,54.626421,12.129371999999421,11.993596000000252,10,10,True,True,HOLD,TARGET
49347,2026-09-10 07:24:40.216,1,2.0,3.0,9.664715999999316,4.0,76.159468,66.36064,57.379531,13.840572000000975,12.786919999998645,10,10,True,True,HOLD,TARGET
49348,2026-09-10 07:24:40.464,1,3.0,2.0,8.739224000000831,3.0,76.356653,67.784459,59.10319,15.245639999997366,13.570392000001448,10,10,True,True,HOLD,TARGET
49349,2026-09-10 07:24:40.616,1,0.0,5.0,10.352728000001662,6.0,76.506249,68.957401,60.610725,16.833348000000115,14.46505199999956,10,10,True,True,HOLD,TARGET
49350,2026-09-10 07:24:40.760,1,1.0,4.0,10.829900000000634,5.0,76.843924,70.114792,62.102499,18.38129199999821,15.414404000002833,10,10,True,True,HOLD,TARGET
49352,2026-09-10 07:24:40.936,1,1.0,4.0,5.699567999999999,3.0,74.272431,69.819937,62.671395,19.323983999998745,16.822296000002098,0,0,True,True,HOLD,TARGET
49353,2026-09-10 07:24:40.936,1,0.0,5.0,7.988556000000244,6.0,73.046874,69.606417,62.858795,20.153111999999965,17.631796000001486,1,10,True,True,HOLD,TARGET
49354,2026-09-10 07:24:41.024,1,0.0,5.0,9.768875999998272,6.0,74.72862,70.81885,64.218344,21.24145600000338,18.53672000000006,10,10,True,True,HOLD,TARGET
49355,2026-09-10 07:24:41.052,1,2.0,3.0,9.598015999999916,4.0,76.076947,71.965272,65.538896,22.211491999998543,19.441584000000148,10,10,True,True,HOLD,STOP
49373,2026-09-10 07:25:01.324,1,4.0,1.0,-2.283471999999165,2.0,11.458669,7.287323,30.469591,1.1341599999977916,12.577616000002308,3,3,False,False,HOLD,TARGET
49374,2026-09-10 07:25:01.624,1,1.0,4.0,1.0017440000010538,5.0,44.200406,22.341739,35.338525,2.1408879999980854,12.445348000001104,4,10,False,False,HOLD,TARGET
49379,2026-09-10 07:25:06.776,1,3.0,2.0,-1.4139719999984663,3.0,17.285207,16.722043,30.972747,2.7245960000000196,11.05049599999984,1,2,False,False,HOLD,TARGET
49384,2026-09-10 07:25:14.720,1,2.0,3.0,-0.13962399999945774,4.0,33.694123,24.451522,32.043348,3.4112199999981385,10.02751200000057,1,8,False,False,HOLD,TARGET
49385,2026-09-10 07:25:19.952,1,3.0,2.0,1.1136240000014368,3.0,51.548053,34.410953,36.207665,4.256244000000152,10.093979999997828,9,10,False,True,HOLD,TARGET
49388,2026-09-10 07:25:25.984,1,2.0,3.0,1.525340000000142,4.0,50.102554,38.00322,37.79233,5.500400000000809,10.111715999999433,1,10,False,True,HOLD,STOP
49413,2026-09-10 07:27:14.928,-1,2.0,3.0,0.3054120000015246,2.0,61.483603,50.399091,30.324043,7.812780000000203,0.9891479999969306,0,0,False,False,HOLD,TARGET
49415,2026-09-10 07:27:26.608,-1,1.0,4.0,-0.6670960000010382,3.0,49.304219,45.832458,28.434548,7.837532000001374,1.888279999999213,0,0,False,True,HOLD,TARGET
49421,2026-09-10 07:28:41.096,-1,4.0,1.0,-3.966572000001179,-0.0,21.189401,33.38284,23.79706,5.922124000000622,3.419499999999971,0,0,False,False,HOLD,TARGET
49422,2026-09-10 07:28:46.952,-1,0.0,5.0,0.4704439999986789,6.0,36.721431,37.460526,26.662548,6.448663999999553,3.8137840000017604,1,10,False,False,HOLD,TARGET
49423,2026-09-10 07:29:06.552,-1,4.0,1.0,0.8103479999990668,2.0,49.546679,42.560254,30.413475,6.99522799999977,4.231912000002922,10,10,False,True,HOLD,TARGET
49424,2026-09-10 07:29:19.148,-1,1.0,4.0,3.408048000001145,5.0,61.929131,49.993355,36.275959,7.9730839999974705,4.792140000001382,10,10,False,True,HOLD,STOP
49426,2026-09-10 07:29:43.356,-1,3.0,2.0,0.25918799999999464,1.0,61.611978,52.195776,39.290309,8.679400000000896,5.644271999997727,0,0,True,True,HOLD,STOP
49433,2026-09-10 07:30:31.196,-1,3.0,2.0,-2.90866399999868,3.0,-3.378398,16.100033,19.389212,3.4828399999969406,5.305812000002334,3,3,False,False,HOLD,TARGET
49434,2026-09-10 07:30:44.796,-1,0.0,0.0,2.404372000000876,1.0,21.728775,23.051932,22.615322,3.643867999999202,5.365863999999419,4,4,False,False,HOLD,STOP
49435,2026-09-10 07:31:12.092,-1,4.0,1.0,-3.129931999999826,-0.0,31.226935,26.481017,24.347939,3.694311999999627,5.402111999999761,0,0,False,False,HOLD,STOP
49444,2026-09-10 07:32:49.412,-1,3.0,2.0,-0.18493600000147126,3.0,37.676067,11.224167,13.138961,0.419000000001688,3.4977319999998144,5,5,False,False,HOLD,STOP
49460,2026-09-10 07:35:54.716,1,0.0,5.0,1.7816679999996268,4.0,57.636409,39.492475,21.152709,4.7773400000005495,0.4771279999986291,0,0,False,False,HOLD,TARGET
49462,2026-09-10 07:36:31.752,1,3.0,2.0,-1.9345439999997325,1.0,50.612116,38.65742,22.216847,5.098888000000443,1.1377560000000813,0,0,False,False,HOLD,TARGET
49463,2026-09-10 07:36:41.812,1,2.0,3.0,0.49535200000173063,4.0,47.607786,38.282989,22.712343,5.695843999998033,1.5892520000015793,1,1,False,True,HOLD,TARGET
49467,2026-09-10 07:37:44.904,1,0.0,5.0,2.215415999999095,6.0,45.555543,39.667317,26.24637,6.5927279999996244,2.9919079999999667,1,10,False,True,HOLD,STOP
49468,2026-09-10 07:38:18.000,1,4.0,1.0,2.167543999999907,2.0,59.265701,47.279518,32.235263,7.37594800000079,3.5193039999976463,10,10,False,True,HOLD,STOP
49470,2026-09-10 07:38:48.388,1,2.0,3.0,-1.5282760000009148,2.0,51.293119,45.418343,32.306887,7.292288000000553,4.139016000000993,0,0,False,True,HOLD,STOP
49490,2026-09-10 07:44:07.516,-1,0.0,5.0,6.191444000000047,6.0,69.009014,48.629259,26.759194,5.5427679999993416,0.008688000001711771,10,10,False,False,HOLD,TARGET
49491,2026-09-10 07:44:29.196,-1,3.0,2.0,6.037791999999172,3.0,71.071472,53.765663,32.673322,7.117684000000736,0.8131920000014361,10,10,False,False,HOLD,STOP
49494,2026-09-10 07:45:00.868,-1,1.0,4.0,-0.5652079999999842,3.0,50.217901,45.619414,28.909278,7.655107999999018,2.2220440000019153,0,0,False,True,HOLD,TARGET
49495,2026-09-10 07:45:06.776,-1,3.0,2.0,0.7826160000004165,3.0,50.897897,46.309202,30.236713,8.100092000000586,2.7503359999973327,1,2,False,True,HOLD,STOP
49497,2026-09-10 07:45:49.448,-1,3.0,2.0,-1.933971999998903,1.0,48.31384,46.05326,31.567973,7.911496000000625,3.491119999998773,0,0,False,True,HOLD,TARGET
49498,2026-09-10 07:45:55.948,-1,2.0,3.0,0.49580000000059954,4.0,47.612131,45.970443,32.192634,8.283520000000863,3.965063999999984,1,1,False,True,HOLD,STOP
49507,2026-09-10 07:47:43.760,-1,2.0,3.0,-0.6079480000007607,4.0,26.155181,20.503327,18.004683,3.02714399999968,3.80046399999992,1,6,False,False,HOLD,TARGET
49508,2026-09-10 07:47:57.644,-1,0.0,5.0,3.0827040000003763,6.0,53.367805,34.632894,25.743328,4.262955999998667,4.198720000000321,8,10,False,True,HOLD,TARGET
49519,2026-09-10 07:50:25.380,-1,4.0,1.0,-2.9943200000016077,2.0,7.210932,11.189728,14.442181,1.9713560000018333,4.028723999999784,2,2,False,False,HOLD,TARGET
49522,2026-09-10 07:50:44.400,-1,0.0,5.0,0.5431400000015856,6.0,25.989866,17.323012,17.031591,2.4981799999986833,4.045439999998052,1,10,False,False,HOLD,STOP
49537,2026-09-10 07:53:31.416,1,1.0,4.0,-0.43850400000155787,5.0,23.374204,26.508621,13.234114,4.50778800000262,0.3700399999979709,1,2,False,False,HOLD,TARGET
49541,2026-09-10 07:54:52.560,1,2.0,3.0,-0.41378400000030524,4.0,25.111877,26.389198,15.2947,4.429016000001866,1.311943999997311,1,2,False,False,HOLD,STOP
49542,2026-09-10 07:55:00.276,1,4.0,1.0,0.12261199999920791,2.0,47.862713,35.872289,21.477865,5.011404000000766,1.709739999998419,3,10,False,True,HOLD,STOP
49550,2026-09-10 07:56:42.212,1,0.0,5.0,1.4149319999996806,6.0,35.7276,24.173122,16.394086,3.3779040000008536,2.328639999999723,1,10,False,False,HOLD,TARGET
49551,2026-09-10 07:57:13.440,1,4.0,1.0,1.5449479999988398,2.0,55.377165,36.239394,23.72689,4.304459999999381,2.7182840000023134,10,10,False,True,HOLD,TARGET
49553,2026-09-10 07:57:45.024,1,3.0,2.0,-1.4728119999999763,1.0,52.344201,38.457725,26.29673,4.882951999999932,3.2288560000015423,0,0,False,True,HOLD,TARGET
49554,2026-09-10 07:57:46.668,1,1.0,4.0,1.632259999998496,5.0,52.521305,39.941461,27.792304,5.705068000002939,3.6491559999994934,1,10,False,True,HOLD,NONE
49562,2026-09-10 07:59:54.476,1,2.0,3.0,-1.9608200000002398,4.0,15.072866,25.719233,22.490625,4.599291999998968,4.715068000001338,1,1,False,False,HOLD,STOP
50036,2026-09-10 11:01:54.172,-1,2.0,3.0,1.1311319999986154,4.0,43.620849,16.947221,14.39861,1.1692480000019714,2.9530720000002475,4,10,False,False,HOLD,TARGET
50037,2026-09-10 11:02:19.680,-1,3.0,2.0,2.101991999999882,3.0,58.472524,30.978322,21.975327,2.374360000001616,3.2573559999982535,10,10,False,True,HOLD,TARGET
50038,2026-09-10 11:02:33.128,-1,0.0,5.0,5.190439999998489,6.0,65.854905,41.95506,29.145589,4.0478040000016335,3.7608079999990878,10,10,False,True,HOLD,TARGET
50039,2026-09-10 11:03:16.004,-1,5.0,0.0,3.7036760000009963,1.0,68.005891,47.563318,33.682916,5.3155079999996815,4.234808000001067,10,10,False,True,HOLD,TARGET
50040,2026-09-10 11:03:31.984,-1,3.0,2.0,4.102859999999055,3.0,69.441918,51.846567,37.63469,6.554788000001281,4.762851999999839,10,10,False,True,HOLD,STOP
50042,2026-09-10 11:04:50.848,-1,4.0,1.0,-1.9130839999997988,-0.0,56.983936,46.4167,34.942253,6.780115999998088,5.290840000001481,0,0,False,True,HOLD,TARGET
50043,2026-09-10 11:05:11.648,-1,3.0,2.0,-0.26573199999984354,3.0,48.312382,43.228303,33.354288,7.103404000001319,5.6081279999998515,1,1,False,True,HOLD,TARGET
50050,2026-09-10 11:09:20.360,-1,0.0,5.0,1.1221680000016931,6.0,31.361548,29.630687,26.65351,4.936627999999473,5.949816000000283,3,5,False,False,HOLD,TARGET
50051,2026-09-10 11:09:56.004,-1,2.0,3.0,2.872795999999653,4.0,56.504245,41.879976,33.634009,5.981296000001748,6.330651999996917,6,10,False,True,HOLD,TARGET
50052,2026-09-10 11:10:09.944,-1,3.0,2.0,3.4566200000008394,3.0,64.935778,49.517048,38.976341,7.049144000000524,6.769771999999648,10,10,False,True,HOLD,TARGET
50053,2026-09-10 11:10:17.876,-1,2.0,3.0,4.688483999998425,4.0,68.022558,53.896457,42.650092,8.256820000002335,7.299820000000182,10,10,True,True,HOLD,STOP
50055,2026-09-10 11:12:05.764,-1,3.0,2.0,-0.17610399999830406,1.0,61.960144,52.685949,42.821626,8.74580799999967,7.925699999999779,0,0,True,True,HOLD,STOP
50061,2026-09-10 11:15:05.312,-1,1.0,4.0,0.3357399999986228,5.0,28.020272,32.376734,31.482846,5.773412000002281,7.844912000000477,3,4,False,False,HOLD,STOP
50065,2026-09-10 11:17:09.532,-1,1.0,4.0,0.042388000001665205,5.0,27.355182,31.386529,31.196172,5.507791999996698,7.922428000001673,1,2,False,False,HOLD,STOP
50066,2026-09-10 11:18:47.532,-1,5.0,0.0,-0.30036399999880814,1.0,46.911594,38.704274,34.970134,5.926531999997678,8.082808000002842,3,3,False,True,HOLD,STOP
50082,2026-09-10 11:30:06.236,-1,1.0,4.0,1.8319919999994454,5.0,44.948409,19.386446,18.144415,1.6047719999987748,4.139812000001257,3,10,False,False,HOLD,TARGET
50083,2026-09-10 11:32:37.156,-1,4.0,1.0,1.869328000000678,2.0,59.015006,32.770945,25.254191,2.7324919999991835,4.403124000000389,10,10,False,True,HOLD,TARGET
50084,2026-09-10 11:33:53.240,-1,1.0,4.0,4.231700000000274,5.0,65.39908,42.372304,31.386697,4.201976000000286,4.825976000000082,10,10,False,True,HOLD,TARGET
50105,2026-09-10 11:48:07.220,-1,4.0,1.0,-1.3364719999990484,2.0,29.158986,8.175383,8.32896,0.35378399999899557,2.0138560000013968,1,10,False,False,HOLD,TARGET
50106,2026-09-10 11:48:20.204,-1,0.0,5.0,2.5160800000012387,6.0,52.912647,24.331083,16.568901,1.6998480000002019,2.343431999997847,10,10,False,False,HOLD,STOP
50120,2026-09-10 11:51:17.548,1,0.0,5.0,1.4094880000011472,4.0,56.893021,32.358531,16.063977,2.832615999999689,0.14548400000057882,0,0,False,False,HOLD,TARGET
50121,2026-09-10 11:51:21.044,1,1.0,4.0,3.874048000001494,5.0,61.729027,39.451516,21.51976,4.228687999999238,0.720632000000478,1,10,False,False,HOLD,TARGET
50122,2026-09-10 11:51:26.412,1,5.0,0.0,2.679815999999846,1.0,65.427734,45.672358,27.001789,5.2946999999985565,1.2675440000020899,10,10,False,False,HOLD,TARGET
50123,2026-09-10 11:51:27.792,1,3.0,2.0,3.3065239999996265,3.0,67.10281,49.764392,31.267334,6.390031999999337,1.8693440000024566,10,10,False,True,HOLD,TARGET
50125,2026-09-10 11:51:32.408,1,0.0,5.0,0.7162920000009763,4.0,58.850839,47.210993,30.953334,7.01727199999732,2.70923600000242,0,0,False,True,HOLD,TARGET
50128,2026-09-10 11:51:46.356,1,2.0,3.0,1.8088999999999942,4.0,52.483824,45.833277,31.959212,7.836112000000867,3.9261479999986477,1,10,False,True,HOLD,STOP
50150,2026-09-10 12:00:06.352,-1,1.0,4.0,3.040312000000995,5.0,60.073329,44.194575,23.825684,6.027051999997639,0.2281440000006114,3,10,False,False,HOLD,TARGET
50154,2026-09-10 12:00:55.656,-1,4.0,1.0,-1.331079999999929,2.0,36.886043,37.210243,22.348971,6.235088000001269,1.7151519999970333,1,1,False,False,HOLD,TARGET
50158,2026-09-10 12:01:56.400,-1,1.0,4.0,-0.0970759999981965,5.0,24.940407,31.050398,20.684584,5.562587999997049,2.643744000000879,1,2,False,False,HOLD,TARGET
50159,2026-09-10 12:03:06.548,-1,4.0,1.0,0.36894000000029337,2.0,47.789495,39.370947,26.265128,6.0993280000002414,3.0484680000008666,10,10,False,True,HOLD,TARGET
50161,2026-09-10 12:04:29.880,-1,2.0,3.0,-0.8015039999991131,2.0,50.998009,42.667456,29.687469,6.501847999999882,3.6986120000001392,0,0,False,True,HOLD,TARGET
50162,2026-09-10 12:04:52.776,-1,2.0,3.0,1.3766079999986687,4.0,53.077324,44.459767,31.512575,7.147708000000421,4.153111999999965,1,10,False,True,HOLD,STOP
50191,2026-09-10 12:17:47.384,-1,0.0,5.0,2.844487999998819,6.0,51.464201,20.22555,10.430273,1.0994800000007672,0.586672000001272,1,10,False,False,HOLD,TARGET
50192,2026-09-10 12:18:09.280,-1,1.0,4.0,4.990155999999843,5.0,64.405324,36.462918,20.452504,2.838292000000365,1.1323640000009618,10,10,False,False,HOLD,STOP
50194,2026-09-10 12:19:04.476,-1,4.0,1.0,-1.37632400000075,-0.0,60.117327,39.483599,24.001032,3.8487239999994927,1.7224920000007842,0,0,False,True,HOLD,TARGET
50209,2026-09-10 12:31:01.144,-1,3.0,2.0,-1.256863999999041,3.0,24.955124,11.852285,9.576095,1.3055119999989984,1.8405039999997825,1,6,False,False,HOLD,STOP
50216,2026-09-10 12:34:39.476,1,1.0,4.0,2.400839999998425,5.0,54.502238,32.746776,15.968829,3.498328000001493,0.05964799999856041,1,10,False,False,HOLD,STOP
50218,2026-09-10 12:35:27.332,1,3.0,2.0,-0.955047999999806,1.0,56.135268,38.597641,21.395064,4.407304000000295,0.77846800000043,0,0,False,False,HOLD,STOP
50223,2026-09-10 12:38:46.456,1,5.0,0.0,-4.993608000000677,1.0,-12.149698,12.034595,8.696778,2.8824359999998705,1.3631480000003648,1,1,False,False,HOLD,TARGET
50225,2026-09-10 12:39:32.124,1,0.0,5.0,3.3001640000002226,6.0,51.025435,34.94747,21.754548,4.743340000000899,2.1848680000002787,7,10,False,True,HOLD,TARGET
50227,2026-09-10 12:40:09.820,1,1.0,4.0,-0.06533199999830686,3.0,57.653268,42.64817,28.111166,5.47975199999928,2.8329159999993863,0,0,False,True,HOLD,TARGET
50232,2026-09-10 12:43:37.316,1,2.0,3.0,-0.07607199999984005,4.0,38.161898,35.836192,26.194119,5.86508799999865,4.0377040000021225,1,10,False,False,HOLD,STOP
50236,2026-09-10 12:46:00.876,1,2.0,3.0,-0.9906479999990552,4.0,19.163917,29.064613,23.820947,5.32919199999742,4.621484000002965,1,2,False,False,HOLD,STOP
50245,2026-09-10 12:50:00.044,1,1.0,4.0,0.5829760000015085,5.0,32.001501,11.666398,12.454685,1.0129399999968882,3.146896000002016,3,7,False,False,HOLD,TARGET
50246,2026-09-10 12:50:00.128,1,0.0,5.0,4.008979999998701,6.0,57.948672,30.538914,22.209315,2.5792600000022503,3.537207999997918,8,10,False,True,HOLD,STOP
50248,2026-09-10 12:50:01.768,1,2.0,3.0,-0.41431999999986147,2.0,59.022563,37.873718,27.343048,3.67700799999875,3.9288520000009157,0,0,False,True,HOLD,STOP
50274,2026-09-10 12:58:49.364,1,1.0,4.0,-0.6721040000011271,5.0,19.012689,6.066465,2.563535,0.5984280000011495,0.033424000001105014,1,6,False,False,HOLD,STOP
50281,2026-09-10 12:59:40.580,-1,3.0,2.0,-2.306292000001122,1.0,38.406701,19.892071,10.921978,1.7642040000027919,0.7352159999973082,0,0,False,False,HOLD,STOP
50290,2026-09-10 12:59:58.084,1,1.0,4.0,-0.26101199999902747,5.0,26.50934,12.488289,5.761285,1.4033639999979641,0.1377520000023651,1,10,False,False,HOLD,STOP
51728,2026-09-11 06:31:06.772,-1,1.0,4.0,-0.19461199999932433,5.0,18.428895,25.851534,26.157861,4.7254959999991115,6.570780000001832,1,5,False,False,HOLD,TARGET
51731,2026-09-11 06:31:19.256,-1,1.0,4.0,1.5531520000004093,5.0,47.310239,37.550235,32.462821,5.671567999997933,6.968468000002758,1,10,False,True,HOLD,STOP
51733,2026-09-11 06:31:29.680,-1,2.0,3.0,-0.6900679999998829,2.0,53.910093,42.959018,36.05301,6.1842719999986,7.298507999999856,0,0,False,True,HOLD,STOP
51742,2026-09-11 06:31:54.884,-1,1.0,4.0,0.4890239999986079,5.0,34.407276,8.691747,14.455687,0.2351120000021183,4.567367999999988,5,6,False,False,HOLD,STOP
51759,2026-09-11 06:32:48.692,-1,2.0,3.0,2.8177120000000286,4.0,61.881355,24.066805,11.664821,0.0626559999982419,0.2298720000035246,10,10,False,False,HOLD,STOP
51763,2026-09-11 06:33:09.540,1,1.0,4.0,1.3230719999992289,5.0,42.067264,16.493418,7.525581,1.218724000002112,0.11282799999753479,6,6,False,False,HOLD,TARGET
51765,2026-09-11 06:33:12.712,1,0.0,5.0,1.331239999999525,4.0,57.986151,33.433166,18.107638,2.885736000000179,0.7690880000009201,0,0,False,False,HOLD,TARGET
51767,2026-09-11 06:33:20.948,1,2.0,3.0,-0.8243120000006456,2.0,52.884475,34.605722,20.138026,3.7727599999998347,1.3451080000013462,0,0,False,False,HOLD,TARGET
51768,2026-09-11 06:33:22.604,1,3.0,2.0,0.5810920000003534,3.0,51.341305,35.557226,21.382133,4.4914800000005926,1.7388839999985066,1,1,False,True,HOLD,TARGET
51769,2026-09-11 06:33:32.216,1,4.0,1.0,0.8964039999991655,2.0,56.146685,40.173856,25.064784,5.210364000002301,2.163064000000304,10,10,False,True,HOLD,TARGET
51771,2026-09-11 06:33:40.784,1,3.0,2.0,-2.470076000001427,1.0,45.484472,37.367828,24.55289,5.251643999999942,2.6593640000028245,0,0,False,True,HOLD,TARGET
51772,2026-09-11 06:33:47.108,1,2.0,3.0,0.07882800000152201,4.0,43.203931,37.085935,24.941725,5.760211999997409,3.0355799999997544,1,1,False,False,HOLD,TARGET
51773,2026-09-11 06:33:49.032,1,1.0,4.0,2.839088000000629,5.0,55.795796,43.893477,30.008621,6.73283199999787,3.5625200000031327,10,10,False,True,HOLD,TARGET
51774,2026-09-11 06:33:54.692,1,5.0,0.0,1.8748479999994743,1.0,62.054191,49.035297,34.435346,7.451315999998769,4.057904000001145,10,10,False,True,HOLD,TARGET
51775,2026-09-11 06:33:57.116,1,1.0,4.0,4.2359920000017155,5.0,66.326651,53.531754,38.747899,8.544079999999667,4.68697599999723,10,10,False,True,HOLD,TARGET
51777,2026-09-11 06:34:02.664,1,0.0,5.0,2.488440000000992,4.0,64.838319,55.034329,41.430206,9.547812000000704,5.700147999999899,0,0,True,True,HOLD,TARGET
51779,2026-09-11 06:34:07.060,1,3.0,2.0,-1.5069919999987178,1.0,54.038509,51.095789,39.634195,9.307275999999547,6.379300000000512,0,0,False,True,HOLD,TARGET
51780,2026-09-11 06:34:18.548,1,5.0,0.0,-1.5054400000008172,1.0,44.941489,48.069628,38.051151,9.201700000001438,6.691967999999179,1,1,False,False,HOLD,TARGET
51781,2026-09-11 06:34:22.072,1,4.0,1.0,-0.7264519999989716,2.0,47.003156,48.516001,38.810306,9.247011999999813,7.028915999999299,2,2,False,True,HOLD,TARGET
51785,2026-09-11 06:34:45.112,1,1.0,4.0,0.0473679999995511,3.0,51.12262,49.162313,40.75678,9.08063200000106,8.108459999999468,0,0,False,True,HOLD,TARGET
51786,2026-09-11 06:34:52.252,1,1.0,4.0,2.814620000001014,5.0,57.29368,51.952295,43.003767,9.783139999999548,8.570604000000458,1,10,False,True,HOLD,TARGET
51788,2026-09-11 06:35:01.028,1,1.0,4.0,1.4557559999993828,3.0,61.785641,55.220031,46.132725,10.35258800000156,9.307087999997748,0,0,True,True,HOLD,TARGET
51790,2026-09-11 06:35:13.824,1,2.0,3.0,0.46089199999914854,2.0,58.204586,54.48397,46.419649,10.605692000001,9.962311999999656,0,0,False,True,HOLD,TARGET
51792,2026-09-11 06:35:27.696,1,1.0,4.0,0.6368360000014945,3.0,55.617795,53.839541,46.681858,10.721919999999955,10.551039999998466,0,0,False,True,HOLD,NONE
51801,2026-09-11 06:36:14.932,1,4.0,1.0,-2.9270199999991746,2.0,13.874742,33.955211,36.97182,6.617807999999059,10.646272000001773,1,1,False,False,HOLD,STOP
51812,2026-09-11 06:37:07.712,1,2.0,3.0,0.09226399999897694,4.0,29.391633,7.455696,18.317461,0.3729559999992489,6.536872000000585,4,7,False,False,HOLD,STOP
51816,2026-09-11 06:37:38.864,1,5.0,0.0,-3.99427999999898,1.0,-7.189005,-1.218755,12.818158,0.3261079999974754,5.6346599999997125,1,1,False,False,HOLD,TARGET
51817,2026-09-11 06:37:41.752,1,0.0,0.0,1.5600039999990258,1.0,15.230507,6.490112,15.852667,0.5852760000016133,5.508795999998256,2,2,False,False,HOLD,TARGET
51818,2026-09-11 06:37:44.916,1,4.0,1.0,-3.7866639999992913,0.0,19.794334,8.978135,16.645217,0.7603239999989455,5.380256000000372,0,0,False,False,HOLD,TARGET
51819,2026-09-11 06:37:48.924,1,2.0,3.0,-0.9451840000001539,4.0,33.035978,15.57247,19.423035,1.4409520000008342,5.412895999998,1,1,False,False,HOLD,STOP
51841,2026-09-11 06:40:07.860,-1,1.0,4.0,-0.14924800000153482,5.0,32.454232,27.582519,13.195079,4.161996000002546,0.08957200000077137,1,3,False,False,HOLD,TARGET
51842,2026-09-11 06:40:14.720,-1,1.0,4.0,2.6616959999992105,5.0,52.631581,37.737734,20.256769,5.230031999999483,0.6575599999996484,10,10,False,False,HOLD,TARGET
51843,2026-09-11 06:40:16.088,-1,0.0,5.0,5.625764000000345,6.0,65.591701,48.710372,29.411319,6.754627999998775,1.4022560000012163,10,10,False,False,HOLD,TARGET
51844,2026-09-11 06:40:18.456,-1,1.0,4.0,7.153372000000672,5.0,70.969076,55.85076,36.89829,8.436588000000484,2.2600359999996726,10,10,False,True,HOLD,TARGET
51845,2026-09-11 06:40:20.932,-1,1.0,4.0,8.341511999999057,5.0,73.79125,60.713849,42.937653,10.201252000002569,3.2150759999967704,10,10,True,True,HOLD,TARGET
51846,2026-09-11 06:40:26.424,-1,3.0,2.0,7.710063999998965,3.0,74.632617,63.28539,46.774106,11.70927600000141,4.171524000001227,10,10,True,True,HOLD,TARGET
51863,2026-09-11 06:40:41.300,1,2.0,3.0,-0.7807800000009593,4.0,27.541842,28.140898,14.164087,4.592584000001807,0.3788359999998647,3,3,False,False,HOLD,STOP
51868,2026-09-11 06:40:49.620,-1,2.0,3.0,4.045819999999367,4.0,65.912322,33.743658,17.647869,1.47741600000154,0.5347559999972873,10,10,False,False,HOLD,STOP
51870,2026-09-11 06:40:53.744,-1,0.0,5.0,1.7684599999993225,4.0,62.897488,38.550555,22.257924,3.27920400000221,1.233860000000277,0,0,False,False,HOLD,STOP
51882,2026-09-11 06:41:39.652,1,2.0,3.0,-0.20238400000016554,2.0,55.583336,31.69861,15.607483,2.6923360000000685,0.06852399999843328,0,0,False,False,HOLD,STOP
51887,2026-09-11 06:42:12.164,-1,2.0,3.0,3.161739999999554,4.0,61.079187,28.398542,14.492185,1.3231679999989865,0.48942400000305497,10,10,False,False,HOLD,TARGET
51888,2026-09-11 06:42:13.928,-1,1.0,4.0,5.236907999998948,5.0,67.129154,40.166994,22.698122,3.0892080000012356,1.060988000001089,10,10,False,False,HOLD,STOP
51890,2026-09-11 06:42:18.132,-1,4.0,1.0,-1.2270559999997204,-0.0,60.894841,40.819188,24.795829,4.120679999999993,1.6947799999979907,0,0,False,True,HOLD,NONE
51891,2026-09-11 06:42:20.516,-1,3.0,2.0,0.2678440000017872,3.0,52.916332,37.524041,23.305793,4.754291999997804,2.072604000000865,1,1,False,True,HOLD,STOP
51902,2026-09-11 06:43:08.836,-1,1.0,4.0,-0.0743560000009893,5.0,20.722956,14.918525,12.404355,2.3030440000002272,2.492452000002231,1,9,False,False,HOLD,STOP
51913,2026-09-11 06:44:12.508,-1,3.0,2.0,-1.878867999999784,3.0,13.0631,2.101516,4.555498,0.09963200000129291,1.5737679999983811,1,4,False,False,HOLD,TARGET
51914,2026-09-11 06:44:17.476,-1,2.0,3.0,0.5386599999983446,4.0,42.651499,16.72163,11.70993,1.1044400000027963,1.8065480000004754,6,6,False,False,HOLD,TARGET
51915,2026-09-11 06:44:21.804,-1,2.0,3.0,2.4189560000013444,4.0,56.854022,29.671254,18.928553,2.372695999998541,2.169772000001103,10,10,False,False,HOLD,STOP
52062,2026-09-11 07:00:02.152,1,1.0,4.0,0.09440000000176951,3.0,55.378758,57.024683,49.245162,12.478663999998389,11.045868000001065,0,0,False,True,HOLD,STOP
52081,2026-09-11 07:01:31.104,1,1.0,4.0,-0.0774520000013581,5.0,25.286232,6.074201,16.626263,0.3111720000015339,6.01813200000106,3,9,False,False,HOLD,STOP
52097,2026-09-11 07:03:22.632,-1,3.0,2.0,-0.021568000000115717,3.0,36.437172,28.715068,13.854313,4.249500000001717,0.1346159999993688,3,10,False,False,HOLD,NONE
52109,2026-09-11 07:04:47.272,-1,3.0,2.0,-0.8428080000012415,3.0,27.719193,22.865379,15.137882,3.4335080000018934,2.014071999998123,1,10,False,False,HOLD,TARGET
52111,2026-09-11 07:05:16.008,-1,3.0,2.0,-2.91725199999928,1.0,37.018932,28.054529,18.70961,3.5692199999975855,2.328832000002876,0,0,False,False,HOLD,TARGET
52112,2026-09-11 07:05:43.700,-1,3.0,2.0,-1.0467519999983779,3.0,36.302819,28.529816,19.368153,4.006563999999344,2.5903679999973974,1,1,False,False,HOLD,TARGET
52115,2026-09-11 07:05:57.560,-1,0.0,5.0,2.0644240000001446,6.0,43.918445,33.301629,23.165316,4.9246319999983825,3.2774720000015805,1,10,False,False,HOLD,TARGET
52116,2026-09-11 07:05:59.728,-1,1.0,4.0,4.383440000001428,5.0,61.736841,45.124761,31.265406,6.246491999998398,3.8418280000005325,10,10,False,True,HOLD,TARGET
52117,2026-09-11 07:06:04.188,-1,4.0,1.0,3.8537880000003497,2.0,67.461906,51.797999,36.990949,7.365751999997883,4.410192000003008,10,10,False,True,HOLD,TARGET
52119,2026-09-11 07:06:12.884,-1,1.0,4.0,1.4794519999995828,3.0,63.063462,51.961533,38.568651,8.315964000001259,5.284164000000601,0,0,False,True,HOLD,TARGET
52120,2026-09-11 07:06:19.020,-1,3.0,2.0,2.372908000001189,3.0,61.305583,52.057329,39.297282,8.998875999997836,5.802712000000611,1,10,True,True,HOLD,STOP
52126,2026-09-11 07:06:48.756,-1,2.0,3.0,-0.3424440000017057,4.0,26.356078,32.998458,28.98217,5.974784000001819,6.292480000000069,3,4,False,False,HOLD,STOP
52131,2026-09-11 07:07:30.028,-1,3.0,2.0,-2.843799999998737,3.0,-1.987352,20.019154,22.992331,4.217163999997865,6.209316000000399,1,1,False,False,HOLD,TARGET
52132,2026-09-11 07:07:35.680,-1,0.0,0.0,2.4548240000003716,1.0,22.658377,26.344658,25.924774,4.328671999999642,6.266528000000108,3,3,False,False,HOLD,STOP
52135,2026-09-11 07:07:52.108,-1,5.0,0.0,-2.9999920000009297,1.0,8.620728,19.952739,22.73689,3.6943800000008196,6.098440000001574,1,1,False,False,HOLD,STOP
52147,2026-09-11 07:09:26.204,-1,0.0,0.0,0.11339999999836436,-1.0,24.261213,7.386419,11.963635,0.004544000003079418,3.5737719999997353,0,0,False,False,HOLD,STOP
52157,2026-09-11 07:10:44.624,1,0.0,0.0,2.832856000000902,-1.0,55.788637,42.661658,23.486489,5.643995999998879,0.45280800000182353,0,0,False,False,HOLD,STOP
52164,2026-09-11 07:11:32.816,-1,1.0,4.0,4.9006159999989904,5.0,65.985855,33.927011,17.040606,1.6160520000012184,0.24098400000002584,10,10,False,False,HOLD,TARGET
52166,2026-09-11 07:12:04.140,-1,4.0,1.0,-0.8255559999997786,-0.0,61.628194,37.591591,21.028603,3.034063999999489,0.8757360000017798,0,0,False,False,HOLD,TARGET
52167,2026-09-11 07:12:06.920,-1,2.0,3.0,1.357904000000417,4.0,56.55929,36.313914,20.928496,3.9539240000012796,1.2985239999979967,1,1,False,False,HOLD,TARGET
52168,2026-09-11 07:12:17.352,-1,3.0,2.0,2.2783679999993183,3.0,59.479259,40.788212,24.652224,4.968511999999464,1.7905200000022887,2,10,False,True,HOLD,TARGET
52169,2026-09-11 07:12:26.092,-1,2.0,3.0,3.7720640000006824,4.0,64.893356,47.390389,30.316193,6.175068000000465,2.3829159999986587,10,10,False,True,HOLD,STOP
52170,2026-09-11 07:12:35.096,-1,4.0,1.0,3.3782720000017434,2.0,66.740893,51.119019,34.194085,7.213087999996787,2.980648000000656,10,10,False,True,HOLD,STOP
52184,2026-09-11 07:14:44.740,-1,1.0,4.0,-0.9418560000012803,5.0,13.679036,4.982169,6.732101,0.6665439999997034,1.958836000001611,1,9,False,False,HOLD,TARGET
52185,2026-09-11 07:14:52.576,-1,3.0,2.0,0.4896679999983462,3.0,42.924087,19.13001,13.719317,1.617048000000068,2.197063999999955,10,10,False,False,HOLD,TARGET
52186,2026-09-11 07:14:56.672,-1,2.0,3.0,2.380851999998413,4.0,58.190758,32.583391,21.376365,2.8373240000000806,2.563884000002872,10,10,False,True,HOLD,STOP
52188,2026-09-11 07:15:14.528,-1,4.0,1.0,-1.7449159999996482,-0.0,54.684259,35.638621,24.240248,3.700779999999213,2.9971279999990657,0,0,False,True,HOLD,TARGET
52195,2026-09-11 07:16:02.828,-1,4.0,1.0,-2.5312840000005963,2.0,16.710734,19.100706,16.500215,3.0755600000011327,3.3714079999990645,1,1,False,False,HOLD,STOP
52202,2026-09-11 07:16:54.576,-1,2.0,3.0,-0.26698400000168476,4.0,27.643533,16.89453,15.116171,2.2508040000029723,3.264631999998528,3,5,False,False,HOLD,TARGET
52203,2026-09-11 07:17:03.764,-1,2.0,3.0,1.7923440000013215,4.0,52.351476,30.939376,22.606512,3.312767999999778,3.584575999997469,6,10,False,True,HOLD,STOP
52215,2026-09-11 07:19:19.228,1,4.0,1.0,4.366271999999299,2.0,70.898845,53.777472,31.694366,6.933084000000235,0.17448399999921094,10,10,False,False,HOLD,TARGET
52216,2026-09-11 07:19:30.628,1,2.0,3.0,5.395988000000216,4.0,70.59292,55.761262,34.908766,8.279419999998936,0.9955360000021756,10,10,False,False,HOLD,TARGET
52217,2026-09-11 07:19:55.464,1,0.0,5.0,7.752435999998852,6.0,72.103129,59.1135,39.602101,9.94894000000204,1.962863999997353,10,10,False,True,HOLD,TARGET
52219,2026-09-11 07:20:48.360,1,2.0,3.0,1.8502399999997579,2.0,68.318479,59.069394,41.712545,10.81860400000005,3.3280200000008335,0,0,True,True,HOLD,TARGET
52220,2026-09-11 07:20:53.760,1,0.0,5.0,4.9946320000017295,6.0,66.062077,58.658224,42.261192,11.780703999997058,4.162828000000445,1,10,True,True,HOLD,TARGET
52222,2026-09-11 07:21:32.924,1,3.0,2.0,0.6140359999990324,1.0,64.309564,59.091759,44.407686,12.043808000002173,5.400416000000405,0,0,True,True,HOLD,TARGET
52226,2026-09-11 07:22:36.120,1,1.0,4.0,-0.19398000000001048,3.0,48.985491,52.474541,41.357117,10.853115999998408,7.010872000002564,0,0,False,True,HOLD,TARGET
52227,2026-09-11 07:22:49.852,1,4.0,1.0,0.2935719999986759,2.0,51.665293,53.086018,42.337516,10.952832000002672,7.456151999998838,1,1,False,True,HOLD,TARGET
52228,2026-09-11 07:22:51.604,1,1.0,4.0,3.0061119999991206,5.0,59.889363,56.157165,45.174678,11.540580000000773,8.030276000001322,10,10,False,True,HOLD,STOP
52243,2026-09-11 07:26:41.576,1,1.0,4.0,0.8894360000012966,5.0,36.496471,19.296753,22.722438,2.222807999998622,6.2865920000003825,6,9,False,False,HOLD,TARGET
52246,2026-09-11 07:27:21.300,1,3.0,2.0,-1.172736000000441,3.0,34.504242,23.487989,24.553831,2.981292000000394,6.219696000000113,1,1,False,False,HOLD,TARGET
52248,2026-09-11 07:27:40.520,1,2.0,3.0,-1.1291840000012598,2.0,45.473082,30.933452,28.250396,3.731948000000557,6.345268000000942,0,0,False,True,HOLD,TARGET
52263,2026-09-11 07:31:50.220,-1,1.0,4.0,5.559416000000056,5.0,67.349911,52.727151,30.59834,8.03269999999975,0.1872800000019197,10,10,False,False,HOLD,TARGET
52264,2026-09-11 07:32:02.024,-1,3.0,2.0,5.5462120000011055,3.0,70.518795,57.264299,36.431159,9.318535999998858,1.0605519999990065,10,10,False,False,HOLD,TARGET
52266,2026-09-11 07:32:32.816,-1,2.0,3.0,1.120547999998962,2.0,65.01823,56.178996,37.606634,9.993775999999343,2.3542080000006536,0,0,False,True,HOLD,TARGET
52268,2026-09-11 07:33:06.528,-1,3.0,2.0,-2.9394199999987904,1.0,43.113722,48.0868,32.423294,9.112983999999415,3.1432160000003933,0,0,False,False,HOLD,TARGET
52269,2026-09-11 07:33:12.904,-1,0.0,5.0,1.2693399999989197,6.0,43.543342,47.852564,33.003563,9.530335999999807,3.720368000002054,1,3,False,False,HOLD,TARGET
52270,2026-09-11 07:33:26.876,-1,2.0,3.0,2.9872639999994135,4.0,57.238984,52.639675,37.517646,10.228439999998955,4.3819840000032855,10,10,False,True,HOLD,TARGET
52275,2026-09-11 07:34:20.356,-1,0.0,5.0,0.752595999998448,6.0,25.213254,41.142191,32.494128,8.524216000001616,5.907776000000013,1,3,False,False,HOLD,TARGET
52276,2026-09-11 07:34:51.112,-1,3.0,2.0,1.807572000001528,3.0,53.044204,49.00146,38.021259,9.087095999999292,6.380719999997382,4,4,False,True,HOLD,TARGET
52277,2026-09-11 07:35:00.296,-1,1.0,4.0,4.183668000001489,5.0,64.224314,55.067345,43.052442,10.03942399999869,6.982671999998274,5,10,True,True,HOLD,TARGET
52278,2026-09-11 07:35:16.320,-1,3.0,2.0,4.476188000000548,3.0,67.59407,58.163163,46.161322,10.969059999999445,7.615192000001116,10,10,True,True,HOLD,TARGET
52280,2026-09-11 07:35:28.492,-1,1.0,4.0,0.6460880000013276,3.0,61.553252,56.565814,46.05958,11.033167999998113,8.413447999999335,0,0,True,True,HOLD,TARGET
52281,2026-09-11 07:35:42.872,-1,3.0,2.0,1.7247360000001208,3.0,57.732257,55.348096,45.655238,11.38018000000011,8.88611200000014,1,10,False,True,HOLD,TARGET
52283,2026-09-11 07:35:54.928,-1,2.0,3.0,-1.796148000001267,2.0,48.926985,52.437482,44.498784,10.574548000000505,9.366335999999137,0,0,False,True,HOLD,TARGET
52284,2026-09-11 07:36:03.212,-1,1.0,4.0,1.3807720000004338,5.0,48.103463,51.919953,44.518604,10.895356000000902,9.764891999999236,1,10,False,True,HOLD,STOP
52287,2026-09-11 07:37:01.580,-1,2.0,3.0,0.4411599999984901,4.0,44.417515,49.921797,44.190897,10.269604000000982,10.41381199999887,1,10,False,False,HOLD,STOP
52296,2026-09-11 07:38:26.352,-1,1.0,4.0,0.27718000000095344,5.0,31.192134,34.843717,36.211814,6.181519999998272,9.994168000001082,1,10,False,False,HOLD,TARGET
52297,2026-09-11 07:38:35.752,-1,3.0,2.0,1.4378079999987676,3.0,52.124877,43.039095,40.274038,6.864196000002266,10.191928000000189,10,10,False,True,HOLD,TARGET
52298,2026-09-11 07:38:37.992,-1,0.0,5.0,4.673847999998543,6.0,63.853103,50.943758,44.915729,8.083996000001207,10.579463999998552,10,10,True,True,HOLD,TARGET
52300,2026-09-11 07:38:47.428,-1,0.0,5.0,2.148379999998724,4.0,64.499284,54.012,47.393755,9.022660000002361,11.061131999998906,0,0,True,True,HOLD,STOP
52314,2026-09-11 07:41:44.040,-1,3.0,2.0,-1.4671439999983704,3.0,16.237486,6.540708,19.445499,0.8167799999973795,7.196515999999974,1,6,False,False,HOLD,TARGET
52317,2026-09-11 07:42:38.172,-1,2.0,3.0,-0.5627319999985048,4.0,34.935406,18.324911,23.643267,1.9187639999981911,6.876756000001478,1,1,False,False,HOLD,TARGET
52319,2026-09-11 07:43:10.436,-1,3.0,2.0,-2.747823999998218,1.0,39.270411,23.457388,25.688449,2.3547679999974207,6.722900000000664,0,0,False,False,HOLD,TARGET
52320,2026-09-11 07:43:24.432,-1,3.0,2.0,-0.9149760000000242,3.0,38.099335,24.349006,26.026235,2.9133680000013555,6.769495999997162,1,1,False,False,HOLD,TARGET
52321,2026-09-11 07:43:28.672,-1,2.0,3.0,1.288351999999577,4.0,50.251508,32.197675,29.844001,3.8301680000004126,6.952588000000105,2,10,False,True,HOLD,TARGET
52322,2026-09-11 07:43:39.636,-1,1.0,4.0,3.7798320000001695,5.0,61.267961,41.965134,35.301905,5.129204000000755,7.296539999999368,10,10,False,True,HOLD,TARGET
52323,2026-09-11 07:44:01.332,-1,2.0,3.0,4.939868000001297,4.0,67.22418,49.576624,40.373045,6.536447999998927,7.740804000000935,10,10,True,True,HOLD,STOP
52326,2026-09-11 07:45:05.100,-1,1.0,4.0,-0.6112839999987045,3.0,49.808992,44.179355,38.23085,7.172327999996924,8.292692000002717,0,0,False,True,HOLD,STOP
52327,2026-09-11 07:45:24.536,-1,3.0,2.0,0.7467800000013085,3.0,50.589498,45.019555,38.97938,7.649379999998928,8.561352000000625,1,2,False,True,HOLD,STOP
52334,2026-09-11 07:46:15.148,-1,3.0,2.0,-1.976623999998992,3.0,5.717371,21.419655,26.862563,4.2568519999986165,7.876307999998971,1,2,False,False,HOLD,STOP
52339,2026-09-11 07:46:48.064,-1,2.0,3.0,0.014731999999639811,4.0,32.187655,24.455436,26.947303,3.563691999999719,7.275111999999353,3,10,False,False,HOLD,TARGET
52341,2026-09-11 07:47:13.988,-1,0.0,0.0,1.6508880000001227,-1.0,42.990596,31.383133,30.256552,3.8434919999999693,7.256231999999727,0,0,False,False,HOLD,TARGET
52342,2026-09-11 07:47:30.788,-1,3.0,2.0,-2.9382000000005064,1.0,33.063195,28.125932,28.695776,3.9130279999990307,7.23654400000305,0,0,False,False,HOLD,TARGET
52343,2026-09-11 07:47:40.916,-1,1.0,4.0,0.4925120000007155,5.0,41.240581,32.009619,30.595038,4.604327999997622,7.400360000003275,1,2,False,False,HOLD,TARGET
52344,2026-09-11 07:47:42.628,-1,0.0,5.0,3.9386200000008103,6.0,57.517689,41.831552,35.940486,5.870476000000053,7.766648000000714,10,10,False,True,HOLD,STOP
52346,2026-09-11 07:48:34.236,-1,3.0,2.0,-0.6297239999985322,1.0,59.643271,46.682941,39.419316,6.5449399999997695,8.116063999998005,0,0,False,True,HOLD,STOP
52360,2026-09-11 07:48:45.028,1,3.0,2.0,-1.2051559999999881,1.0,50.331174,47.81285,26.598545,8.490043999998306,0.14888800000335323,0,0,False,False,HOLD,TARGET
52361,2026-09-11 07:48:45.596,1,0.0,5.0,2.618212000001222,6.0,55.525445,50.235316,29.795353,9.203883999998652,0.88878399999885,1,4,False,False,HOLD,TARGET
52362,2026-09-11 07:48:45.880,1,4.0,1.0,2.480832000001101,2.0,60.937525,53.381705,33.734601,9.835495999999694,1.6215759999977308,5,10,False,True,HOLD,STOP
52364,2026-09-11 07:48:47.348,1,3.0,2.0,-0.9066559999992023,1.0,56.455519,52.702055,35.178814,9.790396000000328,2.7125359999990906,0,0,False,True,HOLD,STOP
52379,2026-09-11 07:49:52.184,1,1.0,4.0,1.4546440000012808,5.0,43.587992,13.137239,8.203163,0.42536399999880814,1.0581559999991441,9,10,False,False,HOLD,TARGET
52380,2026-09-11 07:49:55.460,1,1.0,4.0,3.909167999998317,5.0,60.636961,30.457847,17.823212,2.020436000002519,1.5011799999992945,10,10,False,False,HOLD,TARGET
52390,2026-09-11 07:50:46.796,1,2.0,3.0,-0.9361600000011094,4.0,15.255453,11.673018,10.283718,1.894828000000416,2.203292000001966,1,5,False,False,HOLD,STOP
52406,2026-09-11 07:54:09.572,-1,1.0,4.0,3.2429080000001704,5.0,56.788078,32.930706,16.012508,3.3161760000002687,0.05932000000029802,10,10,False,False,HOLD,TARGET
52408,2026-09-11 07:54:25.468,-1,0.0,5.0,1.8876840000011725,4.0,62.284237,42.95776,24.555285,4.8831239999999525,0.9511399999973946,0,0,False,False,HOLD,TARGET
52409,2026-09-11 07:54:44.864,-1,5.0,0.0,1.1348680000010063,1.0,59.573894,43.126358,25.55668,5.614276000000245,1.43468799999755,1,1,False,False,HOLD,TARGET
52411,2026-09-11 07:54:53.880,-1,1.0,4.0,-0.7702639999988605,3.0,50.643755,40.974677,25.622894,5.935539999998582,2.117839999998978,0,0,False,True,HOLD,TARGET
52412,2026-09-11 07:55:02.924,-1,5.0,0.0,-0.9324280000000726,1.0,45.635473,39.546381,25.355091,6.204480000000331,2.4901559999998426,1,1,False,True,HOLD,TARGET
52413,2026-09-11 07:55:10.676,-1,2.0,3.0,1.2747759999983828,4.0,54.225142,44.215219,29.243007,6.855512000001909,2.974579999998241,2,10,False,True,HOLD,TARGET
52414,2026-09-11 07:55:20.704,-1,1.0,4.0,3.769272000001365,5.0,61.215431,49.280401,33.767874,7.910595999997895,3.597359999999753,10,10,False,True,HOLD,STOP
52426,2026-09-11 07:59:01.476,-1,3.0,2.0,-1.038911999999982,3.0,14.64931,16.089923,17.379513,2.834896000000299,4.447872000000643,5,5,False,False,HOLD,TARGET
52427,2026-09-11 07:59:08.108,-1,3.0,2.0,0.4141799999997602,3.0,47.523297,30.343386,24.587746,3.598128000001452,4.672963999997592,6,7,False,True,HOLD,STOP
52768,2026-09-11 11:07:45.136,-1,5.0,0.0,-1.9145600000010745,1.0,24.869481,13.017403,5.880468,1.5231760000024224,0.06821999999738182,3,3,False,False,HOLD,TARGET
52769,2026-09-11 11:08:22.940,-1,2.0,3.0,0.5108959999997751,4.0,47.759209,25.611184,12.935096,2.40903199999957,0.416639999999461,6,7,False,False,HOLD,TARGET
52772,2026-09-11 11:13:01.592,-1,3.0,2.0,0.4639759999990929,3.0,45.444592,29.854776,16.973238,3.7340240000012273,1.2229079999997339,1,10,False,False,HOLD,TARGET
52776,2026-09-11 11:20:07.972,-1,2.0,3.0,0.12559200000032433,4.0,33.86235,27.325784,17.326825,4.10644400000092,2.001135999998951,1,10,False,False,HOLD,TARGET
52777,2026-09-11 11:20:09.964,-1,2.0,3.0,2.0976840000002994,4.0,54.670164,38.497751,24.541784,5.075787999998283,2.4623200000023644,10,10,False,True,HOLD,TARGET
52778,2026-09-11 11:20:10.240,-1,0.0,5.0,5.1870879999987665,6.0,64.895345,47.857563,31.869532,6.5325080000002345,3.106952000001911,10,10,False,True,HOLD,TARGET
52779,2026-09-11 11:20:10.872,-1,3.0,2.0,5.256624000001466,3.0,69.130934,53.740144,37.497641,7.8854039999969245,3.789360000002489,10,10,False,True,HOLD,STOP
52781,2026-09-11 11:20:13.980,-1,3.0,2.0,0.16758800000025076,1.0,63.509239,53.015547,38.544041,8.568623999999545,4.700260000001435,0,0,False,True,HOLD,STOP
52785,2026-09-11 11:20:52.660,-1,4.0,1.0,-3.7938759999997274,2.0,-9.837694,27.272739,24.13328,6.12458400000105,5.156355999999505,1,1,False,False,HOLD,TARGET
52786,2026-09-11 11:21:20.132,-1,4.0,1.0,-2.5063479999989795,2.0,17.201055,32.386679,26.970673,6.090595999998186,5.334696000001713,2,3,False,False,HOLD,NONE
52795,2026-09-11 11:27:44.072,-1,5.0,0.0,-3.3207880000009027,1.0,1.791011,16.051943,19.335838,3.2202440000000934,5.289596000002348,1,1,False,False,HOLD,STOP
52803,2026-09-11 11:31:57.032,-1,3.0,2.0,-1.0448959999994258,3.0,19.513954,7.269685,12.306775,0.8367560000006051,3.9008880000001227,3,6,False,False,HOLD,TARGET
52811,2026-09-11 11:43:13.232,-1,1.0,4.0,1.314804000001459,5.0,41.9692,20.699203,17.375396,2.0900519999995595,3.5034519999971963,1,6,False,False,HOLD,TARGET
52812,2026-09-11 11:45:57.820,-1,4.0,1.0,1.4670719999994617,2.0,56.561638,32.658155,23.961767,3.1053959999990184,3.790415999999823,10,10,False,True,HOLD,STOP
52816,2026-09-11 11:48:46.144,-1,1.0,4.0,-0.14107199999853037,5.0,19.458367,19.161214,17.667418,3.2253079999973124,3.9559360000021115,1,2,False,False,HOLD,TARGET
52818,2026-09-11 11:55:02.184,-1,2.0,3.0,-0.5050919999994221,2.0,51.357231,35.052426,26.498975,4.1875919999984035,4.353428000002168,0,0,False,True,HOLD,TARGET
52821,2026-09-11 11:59:21.012,-1,3.0,2.0,-1.8288719999982277,3.0,23.809924,25.483919,22.071696,4.081475999999384,4.566875999997137,1,1,False,False,HOLD,TARGET
52825,2026-09-11 12:06:50.112,-1,4.0,1.0,-2.112195999998221,2.0,14.946613,21.176808,20.292061,3.702367999998387,4.6957560000009835,1,2,False,False,HOLD,TARGET
52826,2026-09-11 12:07:48.788,-1,1.0,4.0,1.1349599999994098,5.0,45.635789,33.013775,26.521234,4.527996000000712,4.984307999999146,3,10,False,True,HOLD,TARGET
52827,2026-09-11 12:08:36.048,-1,2.0,3.0,2.882743999998638,4.0,58.155612,41.704323,31.933839,5.6071760000013455,5.3868599999987055,10,10,False,True,HOLD,TARGET
52828,2026-09-11 12:09:52.700,-1,5.0,0.0,1.9088039999987814,1.0,63.354517,47.373459,36.112325,6.421924000002036,5.766572000000451,10,10,False,True,HOLD,TARGET
52829,2026-09-11 12:10:25.092,-1,2.0,3.0,3.484624000000622,4.0,65.719621,51.10563,39.303059,7.4596439999986615,6.2472560000023805,10,10,True,True,HOLD,TARGET
52830,2026-09-11 12:11:02.664,-1,2.0,3.0,4.710264000001189,4.0,67.302138,54.079343,42.11754,8.638463999999658,6.815675999998348,10,10,True,True,HOLD,STOP
52843,2026-09-11 12:35:38.884,-1,2.0,3.0,-0.2656600000009348,4.0,31.777773,8.993299,14.151293,0.40817600000082166,4.362624000001233,4,7,False,False,HOLD,TARGET
52848,2026-09-11 12:46:31.520,-1,3.0,2.0,-1.4270160000014585,3.0,21.876784,12.049647,14.871706,1.513652000001457,4.080895999999484,1,3,False,False,HOLD,TARGET
52849,2026-09-11 12:47:25.404,-1,1.0,4.0,1.6678759999995236,5.0,48.419852,26.091857,21.748432,2.611828000000969,4.332239999999729,10,10,False,False,HOLD,TARGET
52850,2026-09-11 12:50:00.028,-1,5.0,0.0,0.9639040000001842,1.0,57.058467,34.626678,26.607693,3.493424000000232,4.581600000001345,10,10,False,True,HOLD,TARGET
52851,2026-09-11 12:50:00.092,-1,0.0,5.0,4.305255999999645,6.0,64.422237,43.690331,32.543945,4.9154879999987315,5.032340000001568,10,10,False,True,HOLD,TARGET
52853,2026-09-11 12:51:05.940,-1,1.0,4.0,2.3574999999982538,3.0,65.576962,49.457622,37.560656,6.592536000000109,5.78186000000278,0,0,False,True,HOLD,STOP
52855,2026-09-11 12:52:50.096,-1,0.0,5.0,1.3520680000001448,4.0,59.57161,48.31222,37.7842,7.4424440000002505,6.4170520000006945,0,0,False,True,HOLD,STOP
52866,2026-09-11 12:55:45.500,-1,0.0,0.0,0.6568560000014259,-1.0,29.219397,24.257653,24.211022,3.1552799999990384,5.793268000001262,0,0,False,False,HOLD,TARGET
52868,2026-09-11 12:58:03.360,-1,4.0,1.0,-0.6273360000013781,2.0,39.486956,29.414799,26.81897,4.079528000002028,6.028615999999602,1,2,False,False,HOLD,TARGET
52871,2026-09-11 12:58:59.800,-1,2.0,3.0,-1.7135479999997187,4.0,19.903841,23.514235,24.103369,3.8604159999995318,5.991760000000795,1,1,False,False,HOLD,TARGET
52873,2026-09-11 12:59:07.988,-1,3.0,2.0,-2.839059999998426,1.0,34.534437,28.746615,26.700385,3.9617679999973916,6.0433240000020305,0,0,False,False,HOLD,TARGET
52874,2026-09-11 12:59:12.732,-1,1.0,4.0,0.5696199999983946,5.0,42.164328,32.537546,28.748809,4.663272000001598,6.259964000000764,1,10,False,False,HOLD,TARGET
52875,2026-09-11 12:59:30.308,-1,2.0,3.0,2.443039999998291,4.0,55.317099,40.484709,33.33681,5.651220000003377,6.594951999999466,10,10,False,True,HOLD,TARGET
52876,2026-09-11 12:59:31.364,-1,1.0,4.0,4.677919999998267,5.0,65.167794,49.203715,39.180304,6.968800000002375,7.074287999999797,10,10,True,True,HOLD,STOP
52878,2026-09-11 12:59:41.980,-1,3.0,2.0,1.0273840000008931,1.0,64.938919,52.649545,42.557301,8.135999999998603,7.771312000000762,0,0,True,True,HOLD,STOP
52883,2026-09-11 12:59:57.300,-1,2.0,3.0,-0.4828479999996489,4.0,19.164457,30.542693,30.423115,5.794988000001467,7.717071999999462,3,3,False,False,HOLD,STOP
52885,2026-09-11 12:59:59.680,-1,1.0,4.0,-0.5390079999997397,3.0,48.127397,40.553083,35.791213,6.180803999999625,7.960331999998743,0,0,False,True,HOLD,STOP
