profile,time,direction,period,entry,entry_key,end_key,result,result_key,result_price,ticks_seen
ordered_doji_expand,2026-08-05 07:47:32.000,1,development,7796.75,63921599253,63921599388,STOP,63921599287,7794.25,8467
ordered_doji_expand,2026-08-05 09:10:26.000,1,development,7755.0,63921604227,63921604355,STOP,63921604251,7752.5,4192
ordered_doji_expand,2026-08-05 10:53:28.000,-1,development,7768.75,63921610409,63921610764,TARGET,63921610503,7767.5,6577
ordered_doji_expand,2026-08-05 11:01:44.000,1,development,7768.25,63921610905,63921611211,TARGET,63921610928,7769.5,2323
ordered_doji_expand,2026-08-05 11:13:50.000,-1,development,7770.75,63921611631,63921612075,TARGET,63921611676,7769.5,2902
ordered_doji_expand,2026-08-05 11:39:58.000,-1,development,7766.75,63921613199,63921613696,STOP,63921613525,7769.25,21034
ordered_doji_expand,2026-08-05 12:09:42.000,-1,development,7768.0,63921614983,63921615537,TARGET,63921615070,7766.75,5382
ordered_doji_expand,2026-08-05 13:34:42.000,1,development,7760.5,63921620083,63921621499,TARGET,63921620709,7761.75,5574
ordered_doji_expand,2026-08-05 15:02:34.000,1,development,7760.5,63921625355,63921625874,STOP,63921625517,7758.0,816
ordered_doji_expand,2026-08-05 15:39:18.000,-1,development,7769.5,63921627559,63921629147,TARGET,63921628151,7768.25,4013
ordered_doji_expand,2026-08-05 16:30:40.000,-1,development,7765.5,63921630641,63921631640,TARGET,63921630770,7764.25,1283
ordered_doji_expand,2026-08-05 16:56:08.000,-1,development,7760.75,63921632169,63921632610,TARGET,63921632421,7759.5,7004
ordered_doji_expand,2026-08-05 17:48:06.000,-1,development,7759.25,63921635287,63921636707,TARGET,63921635560,7758.0,7326
ordered_doji_expand,2026-08-05 18:16:26.000,-1,development,7752.25,63921636987,63921638013,TARGET,63921637236,7751.0,6574
ordered_doji_expand,2026-08-05 18:35:34.000,-1,development,7751.75,63921638135,63921639208,TARGET,63921638658,7750.5,15143
ordered_doji_expand,2026-08-05 19:03:10.000,1,development,7757.25,63921639791,63921640493,TARGET,63921639889,7758.5,2714
ordered_doji_expand,2026-08-05 19:42:34.000,1,development,7764.25,63921642155,63921643826,TARGET,63921642209,7765.5,1147
ordered_doji_expand,2026-08-05 20:28:06.000,-1,development,7760.25,63921644887,63921646652,STOP,63921645461,7762.75,13656
ordered_doji_expand,2026-08-05 21:21:56.000,1,development,7763.25,63921648117,63921649929,TARGET,63921648207,7764.5,1360
ordered_doji_expand,2026-08-05 21:56:38.000,1,development,7763.0,63921650199,63921651519,TARGET,63921650569,7764.25,9074
ordered_doji_expand,2026-08-05 22:45:32.000,1,development,7764.0,63921653133,63921654099,STOP,63921653294,7761.5,2654
ordered_doji_expand,2026-08-05 23:12:44.000,-1,development,7759.5,63921654765,63921655672,TARGET,63921654770,7758.25,172
ordered_doji_expand,2026-08-06 00:10:14.000,1,development,7762.5,63921658215,63921659254,TARGET,63921658348,7763.75,2676
ordered_doji_expand,2026-08-06 00:31:12.000,-1,development,7759.5,63921659474,63921660981,TARGET,63921659792,7758.25,4616
ordered_doji_expand,2026-08-06 01:01:44.000,-1,development,7755.5,63921661305,63921661561,TARGET,63921661348,7754.25,1449
ordered_doji_expand,2026-08-06 01:32:46.000,1,development,7761.75,63921663167,63921664310,TARGET,63921663254,7763.0,1642
ordered_doji_expand,2026-08-06 02:06:34.000,-1,development,7759.25,63921665195,63921666235,TARGET,63921665247,7758.0,851
ordered_doji_expand,2026-08-06 03:14:12.000,-1,development,7763.25,63921669253,63921671044,STOP,63921669918,7765.75,8028
ordered_doji_expand,2026-08-06 04:10:22.000,1,development,7756.5,63921672623,63921673596,TARGET,63921672958,7757.75,9145
ordered_doji_expand,2026-08-06 04:35:40.000,-1,development,7763.75,63921674141,63921674913,TARGET,63921674526,7762.5,7600
ordered_doji_expand,2026-08-06 05:06:10.000,1,development,7757.75,63921675971,63921676810,STOP,63921676127,7755.25,5094
ordered_doji_expand,2026-08-06 05:49:10.000,-1,development,7757.5,63921678551,63921679217,TARGET,63921678677,7756.25,3011
ordered_doji_expand,2026-08-06 06:14:52.000,-1,development,7749.5,63921680093,63921680583,TARGET,63921680215,7748.25,6109
ordered_doji_expand,2026-08-06 10:47:04.000,1,development,7733.0,63921696425,63921696948,STOP,63921696495,7730.5,5236
ordered_doji_expand,2026-08-06 11:38:30.000,-1,development,7739.0,63921699511,63921700084,TARGET,63921699534,7737.75,2069
ordered_doji_expand,2026-08-06 11:52:26.000,-1,development,7738.25,63921700347,63921700954,STOP,63921700590,7740.75,14046
ordered_doji_expand,2026-08-06 12:27:12.000,-1,development,7737.25,63921702433,63921702625,TARGET,63921702592,7736.0,13778
ordered_doji_expand,2026-08-06 12:34:54.000,1,development,7739.5,63921702895,63921703340,STOP,63921703086,7737.0,14729
ordered_doji_expand,2026-08-06 13:05:50.000,-1,development,7739.5,63921704751,63921705436,TARGET,63921705105,7738.25,7585
ordered_doji_expand,2026-08-06 13:18:38.000,-1,development,7736.25,63921705519,63921705901,TARGET,63921705540,7735.0,593
ordered_doji_expand,2026-08-06 13:28:00.000,-1,development,7729.5,63921706081,63921707789,STOP,63921706480,7732.0,6634
ordered_doji_expand,2026-08-06 15:00:16.000,1,development,7735.0,63921711617,63921711926,STOP,63921711620,7732.5,32
ordered_doji_expand,2026-08-06 15:25:40.000,1,development,7739.0,63921713141,63921716326,STOP,63921713317,7736.5,1283
ordered_doji_expand,2026-08-06 16:21:20.000,1,development,7738.75,63921716481,63921718040,TARGET,63921716709,7740.0,1826
ordered_doji_expand,2026-08-06 16:54:46.000,-1,development,7739.25,63921718487,63921719197,TARGET,63921718822,7738.0,7679
ordered_doji_expand,2026-08-06 17:19:40.000,-1,development,7732.0,63921719981,63921720591,TARGET,63921720014,7730.75,1822
ordered_doji_expand,2026-08-06 17:44:00.000,1,development,7734.75,63921721441,63921721901,TARGET,63921721518,7736.0,3577
ordered_doji_expand,2026-08-06 18:17:04.000,-1,development,7730.75,63921723425,63921724036,TARGET,63921723561,7729.5,4419
ordered_doji_expand,2026-08-06 18:36:48.000,-1,development,7732.5,63921724609,63921725244,TARGET,63921724754,7731.25,6361
ordered_doji_expand,2026-08-06 19:00:58.000,1,development,7733.25,63921726059,63921726884,TARGET,63921726224,7734.5,6071
ordered_doji_expand,2026-08-06 19:22:14.000,-1,development,7732.25,63921727335,63921728452,TARGET,63921727900,7731.0,11231
ordered_doji_expand,2026-08-06 19:43:40.000,1,development,7729.25,63921728621,63921731093,TARGET,63921728800,7730.5,3871
ordered_doji_expand,2026-08-06 20:28:10.000,1,development,7731.5,63921731292,63921733937,STOP,63921732395,7729.0,20345
ordered_doji_expand,2026-08-06 21:13:42.000,-1,development,7728.75,63921734023,63921735016,TARGET,63921734163,7727.5,2116
ordered_doji_expand,2026-08-06 21:44:08.000,-1,development,7729.75,63921735852,63921737689,STOP,63921736612,7732.25,9243
ordered_doji_expand,2026-08-06 22:32:58.000,-1,development,7733.75,63921738779,63921741881,TARGET,63921739208,7732.5,5347
ordered_doji_expand,2026-08-06 23:30:52.000,-1,development,7737.75,63921742253,63921744103,TARGET,63921742796,7736.5,5062
ordered_doji_expand,2026-08-07 00:06:54.000,1,development,7739.25,63921744415,63921746553,TARGET,63921744480,7740.5,865
ordered_doji_expand,2026-08-07 00:44:46.000,-1,development,7740.75,63921746687,63921747944,TARGET,63921746774,7739.5,1008
ordered_doji_expand,2026-08-07 01:17:20.000,-1,development,7744.75,63921748641,63921749810,TARGET,63921748699,7743.5,1129
ordered_doji_expand,2026-08-07 02:19:04.000,-1,development,7745.5,63921752347,63921754343,STOP,63921752639,7748.0,3327
ordered_doji_expand,2026-08-07 04:55:42.000,-1,development,7752.0,63921761743,63921762315,TARGET,63921761838,7750.75,1896
ordered_doji_expand,2026-08-07 05:12:52.000,1,development,7753.5,63921762773,63921763786,TARGET,63921762965,7754.75,3221
ordered_doji_expand,2026-08-07 06:07:54.000,-1,development,7765.5,63921766075,63921766434,TARGET,63921766153,7764.25,3799
ordered_doji_expand,2026-08-07 06:25:56.000,-1,development,7758.75,63921767157,63921767348,STOP,63921767222,7761.25,3256
ordered_doji_expand,2026-08-07 08:02:34.000,-1,development,7772.75,63921772955,63921773143,TARGET,63921772958,7771.5,1224
ordered_doji_expand,2026-08-07 08:15:00.000,1,development,7778.75,63921773701,63921773993,STOP,63921773851,7776.25,21434
ordered_doji_expand,2026-08-07 08:34:00.000,-1,development,7783.0,63921774841,63921775095,TARGET,63921774844,7781.75,726
ordered_doji_expand,2026-08-07 11:25:46.000,-1,development,7763.25,63921785147,63921785742,TARGET,63921785381,7762.0,14373
ordered_doji_expand,2026-08-07 12:27:38.000,-1,development,7776.75,63921788859,63921789295,TARGET,63921789014,7775.5,10017
ordered_doji_expand,2026-08-07 13:34:40.000,1,development,7775.25,63921792881,63921970801,TARGET,63921792963,7776.5,722
ordered_doji_expand,2026-08-09 15:44:56.000,-1,development,7768.75,63921973498,63921976309,TARGET,63921974506,7767.5,5079
ordered_doji_expand,2026-08-09 17:19:16.000,-1,development,7774.75,63921979157,63921980211,TARGET,63921979300,7773.5,4196
ordered_doji_expand,2026-08-09 18:11:58.000,1,development,7775.5,63921982319,63921983503,TARGET,63921982488,7776.75,3574
ordered_doji_expand,2026-08-09 19:36:48.000,1,development,7780.0,63921987409,63921992112,TARGET,63921987567,7781.25,1170
ordered_doji_expand,2026-08-09 20:55:42.000,-1,development,7783.25,63921992143,63921994454,STOP,63921992994,7785.75,6642
ordered_doji_expand,2026-08-09 21:43:36.000,1,development,7786.0,63921995017,63921998151,TARGET,63921995122,7787.25,1130
ordered_doji_expand,2026-08-09 22:40:28.000,-1,development,7789.25,63921998430,63922001494,STOP,63921999691,7791.75,9075
ordered_doji_expand,2026-08-09 23:46:28.000,1,development,7786.25,63922002389,63922003837,TARGET,63922002643,7787.5,1529
ordered_doji_expand,2026-08-10 00:17:12.000,1,development,7786.5,63922004233,63922005915,TARGET,63922004399,7787.75,1901
ordered_doji_expand,2026-08-10 00:52:20.000,1,development,7791.25,63922006341,63922008039,TARGET,63922006536,7792.5,1443
ordered_doji_expand,2026-08-10 02:22:08.000,-1,development,7790.75,63922011729,63922014237,STOP,63922011908,7793.25,1249
ordered_doji_expand,2026-08-10 03:13:18.000,-1,development,7787.5,63922014800,63922017249,STOP,63922015248,7790.0,3093
ordered_doji_expand,2026-08-10 04:03:04.000,-1,development,7783.25,63922017785,63922019270,TARGET,63922017809,7782.0,832
ordered_doji_expand,2026-08-10 04:47:28.000,1,development,7785.0,63922020449,63922021200,STOP,63922020508,7782.5,1411
ordered_doji_expand,2026-08-10 05:22:28.000,-1,development,7779.0,63922022550,63922023542,TARGET,63922022609,7777.75,1345
ordered_doji_expand,2026-08-10 07:11:56.000,-1,development,7786.25,63922029117,63922029606,STOP,63922029219,7788.75,8649
ordered_doji_expand,2026-08-10 07:34:20.000,-1,development,7790.25,63922030461,63922030829,STOP,63922030538,7792.75,9861
ordered_doji_expand,2026-08-10 08:10:12.000,-1,development,7782.25,63922032613,63922032921,TARGET,63922032617,7781.0,805
ordered_doji_expand,2026-08-10 08:29:40.000,1,development,7784.75,63922033781,63922034123,STOP,63922033888,7782.25,13672
ordered_doji_expand,2026-08-10 09:03:22.000,-1,development,7788.75,63922035803,63922036531,TARGET,63922035867,7787.5,3815
ordered_doji_expand,2026-08-10 09:20:40.000,1,development,7784.75,63922036841,63922037384,STOP,63922036883,7782.25,3230
ordered_doji_expand,2026-08-10 09:41:46.000,-1,development,7769.25,63922038107,63922038370,STOP,63922038165,7771.75,7531
ordered_doji_expand,2026-08-10 10:02:36.000,-1,development,7774.25,63922039357,63922040008,TARGET,63922039396,7773.0,3565
ordered_doji_expand,2026-08-10 10:33:54.000,-1,development,7778.25,63922041235,63922042138,TARGET,63922041326,7777.0,3128
ordered_doji_expand,2026-08-10 11:06:56.000,1,development,7775.0,63922043217,63922044149,TARGET,63922043288,7776.25,2322
ordered_doji_expand,2026-08-10 11:41:06.000,1,development,7773.25,63922045267,63922046159,TARGET,63922045349,7774.5,3188
ordered_doji_expand,2026-08-10 12:26:54.000,-1,development,7778.0,63922048015,63922048813,TARGET,63922048077,7776.75,2500
ordered_doji_expand,2026-08-10 13:08:32.000,-1,development,7775.5,63922050514,63922052620,TARGET,63922051047,7774.25,6595
ordered_doji_expand,2026-08-10 15:10:08.000,-1,development,7777.75,63922057809,63922060906,TARGET,63922058342,7776.5,2646
ordered_doji_expand,2026-08-10 16:04:48.000,-1,development,7772.5,63922061089,63922064282,TARGET,63922062050,7771.25,2349
ordered_doji_expand,2026-08-10 18:25:44.000,-1,development,7785.0,63922069545,63922071612,TARGET,63922069590,7783.75,732
ordered_doji_expand,2026-08-10 19:01:42.000,-1,development,7782.75,63922071703,63922076875,STOP,63922073411,7785.25,19503
ordered_doji_expand,2026-08-10 21:34:38.000,-1,development,7788.25,63922080880,63922085249,TARGET,63922081483,7787.0,4540
ordered_doji_expand,2026-08-10 22:47:44.000,-1,development,7784.25,63922085268,63922087518,TARGET,63922085313,7783.0,440
ordered_doji_expand,2026-08-10 23:29:20.000,-1,development,7775.75,63922087763,63922088329,TARGET,63922087934,7774.5,3164
ordered_doji_expand,2026-08-10 23:49:10.000,-1,development,7776.0,63922088951,63922089868,TARGET,63922089011,7774.75,725
ordered_doji_expand,2026-08-11 00:25:26.000,1,development,7772.75,63922091127,63922092692,TARGET,63922091196,7774.0,1478
ordered_doji_expand,2026-08-11 01:14:36.000,-1,development,7771.25,63922094077,63922095268,TARGET,63922094605,7770.0,9902
ordered_doji_expand,2026-08-11 01:35:24.000,1,development,7772.75,63922095325,63922097108,TARGET,63922095637,7774.0,5336
ordered_doji_expand,2026-08-11 02:06:54.000,1,development,7776.0,63922097215,63922098321,STOP,63922097374,7773.5,2498
ordered_doji_expand,2026-08-11 03:15:12.000,-1,development,7776.25,63922101313,63922102103,STOP,63922101642,7778.75,2903
ordered_doji_expand,2026-08-11 04:49:00.000,-1,development,7787.25,63922106941,63922108555,STOP,63922107181,7789.75,2988
ordered_doji_expand,2026-08-11 05:27:32.000,1,development,7788.0,63922109253,63922111300,TARGET,63922109737,7789.25,9258
ordered_doji_expand,2026-08-11 08:58:34.000,1,development,7765.0,63922121915,63922122344,TARGET,63922121945,7766.25,1997
ordered_doji_expand,2026-08-11 09:06:20.000,1,development,7769.25,63922122381,63922123120,STOP,63922122702,7766.75,17165
ordered_doji_expand,2026-08-11 09:35:50.000,1,development,7763.0,63922124151,63922124965,TARGET,63922124188,7764.25,1438
ordered_doji_expand,2026-08-11 10:20:10.000,1,development,7753.25,63922126811,63922127136,TARGET,63922126900,7754.5,6794
ordered_doji_expand,2026-08-11 10:26:34.000,-1,development,7752.5,63922127195,63922127830,STOP,63922127326,7755.0,6931
ordered_doji_expand,2026-08-11 11:45:28.000,1,development,7744.5,63922131929,63922132714,TARGET,63922131999,7745.75,3687
ordered_doji_expand,2026-08-11 12:37:44.000,1,development,7756.0,63922135065,63922135688,STOP,63922135375,7753.5,13747
ordered_doji_expand,2026-08-11 13:49:38.000,-1,development,7754.75,63922139381,63922143670,TARGET,63922139495,7753.5,706
ordered_doji_expand,2026-08-11 15:01:38.000,-1,development,7753.5,63922143699,63922146134,TARGET,63922143846,7752.25,419
ordered_doji_expand,2026-08-11 15:53:38.000,1,development,7753.0,63922146820,63922150837,TARGET,63922148949,7754.25,7046
ordered_doji_expand,2026-08-11 17:16:22.000,1,development,7752.0,63922151783,63922153329,TARGET,63922151800,7753.25,590
ordered_doji_expand,2026-08-11 17:50:32.000,-1,development,7752.0,63922153833,63922155610,TARGET,63922155406,7750.75,28869
ordered_doji_expand,2026-08-11 18:23:16.000,-1,development,7749.25,63922155797,63922158063,STOP,63922156103,7751.75,4253
ordered_doji_expand,2026-08-11 19:42:52.000,1,development,7754.25,63922160575,63922167372,TARGET,63922161352,7755.5,5311
ordered_doji_expand,2026-08-11 23:16:10.000,-1,development,7754.5,63922173371,63922176717,STOP,63922174305,7757.0,8391
ordered_doji_expand,2026-08-12 00:12:16.000,1,development,7761.5,63922176737,63922179590,STOP,63922177353,7759.0,5050
ordered_doji_expand,2026-08-12 01:30:14.000,-1,development,7761.5,63922181415,63922184620,TARGET,63922181531,7760.25,1467
ordered_doji_expand,2026-08-12 02:29:52.000,-1,development,7768.25,63922184993,63922186499,STOP,63922185151,7770.75,2711
ordered_doji_expand,2026-08-12 03:59:44.000,1,development,7766.5,63922190385,63922192448,TARGET,63922190408,7767.75,723
ordered_doji_expand,2026-08-12 04:37:08.000,-1,development,7766.0,63922192629,63922194403,STOP,63922192744,7768.5,1133
ordered_doji_expand,2026-08-12 05:15:56.000,1,development,7770.75,63922194959,63922195762,TARGET,63922195476,7772.0,9375
ordered_doji_expand,2026-08-12 05:46:52.000,-1,development,7780.75,63922196813,63922197390,TARGET,63922196848,7779.5,1187
ordered_doji_expand,2026-08-12 06:09:36.000,-1,development,7785.0,63922198177,63922199109,STOP,63922198575,7787.5,10301
ordered_doji_expand,2026-08-12 06:37:58.000,-1,development,7775.75,63922199879,63922200014,TARGET,63922199921,7774.5,9600
ordered_doji_expand,2026-08-12 08:46:38.000,-1,development,7762.75,63922207599,63922208167,STOP,63922207682,7765.25,6954
ordered_doji_expand,2026-08-12 09:01:26.000,1,development,7768.0,63922208487,63922209327,STOP,63922208863,7765.5,20650
ordered_doji_expand,2026-08-12 10:19:20.000,-1,development,7771.25,63922213161,63922213829,STOP,63922213557,7773.75,14818
ordered_doji_expand,2026-08-12 12:53:24.000,-1,development,7768.5,63922222405,63922222635,TARGET,63922222462,7767.25,5297
ordered_doji_expand,2026-08-12 13:55:36.000,-1,development,7767.75,63922226138,63922230358,TARGET,63922226381,7766.5,2071
ordered_doji_expand,2026-08-12 15:14:06.000,-1,development,7768.5,63922230847,63922235552,TARGET,63922231878,7767.25,6393
ordered_doji_expand,2026-08-12 16:51:06.000,1,development,7768.75,63922236667,63922238001,TARGET,63922237261,7770.0,8501
ordered_doji_expand,2026-08-12 17:16:20.000,-1,development,7770.0,63922238181,63922239657,STOP,63922238675,7772.5,8937
ordered_doji_expand,2026-08-12 17:44:30.000,1,development,7769.5,63922239871,63922242096,TARGET,63922240786,7770.75,13777
ordered_doji_expand,2026-08-12 18:28:10.000,-1,development,7765.75,63922242492,63922246102,TARGET,63922242550,7764.5,1120
ordered_doji_expand,2026-08-12 20:00:42.000,-1,development,7772.5,63922248043,63922253779,STOP,63922250746,7775.0,17567
ordered_doji_expand,2026-08-12 21:38:44.000,-1,development,7775.5,63922253926,63922257836,STOP,63922255439,7778.0,12238
ordered_doji_expand,2026-08-12 23:31:26.000,-1,development,7777.25,63922260687,63922262984,TARGET,63922261260,7776.0,5432
ordered_doji_expand,2026-08-13 01:00:38.000,-1,development,7777.25,63922266039,63922266709,TARGET,63922266150,7776.0,2623
ordered_doji_expand,2026-08-13 01:33:46.000,-1,development,7780.75,63922268027,63922270733,STOP,63922269108,7783.25,10072
ordered_doji_expand,2026-08-13 02:28:28.000,-1,development,7780.25,63922271309,63922276827,STOP,63922271613,7782.75,1876
ordered_doji_expand,2026-08-13 04:31:14.000,1,development,7784.25,63922278675,63922280429,TARGET,63922278827,7785.5,1106
ordered_doji_expand,2026-08-13 05:00:50.000,-1,development,7783.25,63922280451,63922281750,TARGET,63922280619,7782.0,2701
ordered_doji_expand,2026-08-13 06:44:30.000,-1,development,7800.25,63922286671,63922286789,STOP,63922286708,7802.75,8093
ordered_doji_expand,2026-08-13 09:25:56.000,1,development,7807.75,63922296357,63922297134,TARGET,63922296448,7809.0,4360
ordered_doji_expand,2026-08-13 10:12:26.000,-1,development,7816.25,63922299147,63922300154,STOP,63922299603,7818.75,13701
ordered_doji_expand,2026-08-13 10:29:38.000,-1,development,7815.5,63922300179,63922301067,TARGET,63922300410,7814.25,8955
ordered_doji_expand,2026-08-13 11:19:10.000,-1,development,7813.75,63922303151,63922304602,TARGET,63922303422,7812.5,10135
ordered_doji_expand,2026-08-13 12:18:04.000,1,development,7824.25,63922306685,63922307520,TARGET,63922306736,7825.5,1808
ordered_doji_expand,2026-08-13 12:36:16.000,-1,development,7823.0,63922307777,63922308600,TARGET,63922308286,7821.75,18263
ordered_doji_expand,2026-08-13 13:26:22.000,1,development,7820.75,63922310783,63922316456,TARGET,63922311092,7822.0,2152
ordered_doji_expand,2026-08-13 15:01:20.000,1,development,7826.25,63922316481,63922320427,TARGET,63922316717,7827.5,1106
ordered_doji_expand,2026-08-13 16:30:04.000,-1,development,7825.75,63922321805,63922324209,STOP,63922323738,7828.25,18750
ordered_doji_expand,2026-08-13 17:25:32.000,-1,development,7824.5,63922325134,63922328939,TARGET,63922326505,7823.25,13459
ordered_doji_expand,2026-08-13 18:50:56.000,-1,development,7824.0,63922330257,63922338010,STOP,63922331754,7826.5,13227
ordered_doji_expand,2026-08-13 21:29:26.000,-1,development,7824.5,63922339767,63922345332,TARGET,63922340090,7823.25,1828
ordered_doji_expand,2026-08-14 00:12:16.000,-1,development,7821.75,63922349537,63922352718,TARGET,63922349579,7820.5,394
ordered_doji_expand,2026-08-14 01:47:14.000,1,development,7828.25,63922355235,63922359555,STOP,63922356010,7825.75,4630
ordered_doji_expand,2026-08-14 05:23:36.000,-1,development,7826.0,63922368217,63922368870,STOP,63922368579,7828.5,4138
ordered_doji_expand,2026-08-14 05:37:24.000,-1,development,7829.75,63922369045,63922370877,TARGET,63922369198,7828.5,2606
ordered_doji_expand,2026-08-14 06:15:08.000,-1,development,7826.25,63922371309,63922372140,STOP,63922371449,7828.75,2888
ordered_doji_expand,2026-08-14 06:56:22.000,-1,development,7825.25,63922373783,63922373999,TARGET,63922373878,7824.0,12041
ordered_doji_expand,2026-08-14 08:09:54.000,-1,development,7808.75,63922378195,63922378687,TARGET,63922378465,7807.5,21735
ordered_doji_expand,2026-08-14 08:47:56.000,-1,development,7803.75,63922380477,63922381139,TARGET,63922380516,7802.5,3300
ordered_doji_expand,2026-08-14 09:23:44.000,-1,development,7807.75,63922382625,63922383502,STOP,63922382795,7810.25,4642
ordered_doji_expand,2026-08-14 09:45:10.000,-1,development,7803.5,63922383911,63922384815,TARGET,63922383993,7802.25,4718
ordered_doji_expand,2026-08-14 10:18:56.000,1,development,7802.25,63922385937,63922386766,TARGET,63922386148,7803.5,7619
ordered_doji_expand,2026-08-14 11:13:24.000,1,development,7805.25,63922389205,63922390465,STOP,63922390082,7802.75,25552
ordered_doji_expand,2026-08-14 11:37:58.000,1,development,7802.0,63922390679,63922392045,TARGET,63922390853,7803.25,4686
ordered_doji_expand,2026-08-14 12:37:16.000,-1,development,7803.5,63922394237,63922395064,TARGET,63922394818,7802.25,18942
ordered_doji_expand,2026-08-14 13:10:18.000,1,development,7801.75,63922396219,63922575644,TARGET,63922397640,7803.0,9129
ordered_doji_expand,2026-08-16 15:09:56.000,1,development,7809.75,63922576197,63922582205,TARGET,63922576314,7811.0,829
ordered_doji_expand,2026-08-16 17:05:02.000,-1,development,7812.75,63922583103,63922587019,TARGET,63922583768,7811.5,7214
ordered_doji_expand,2026-08-16 18:41:32.000,-1,development,7810.75,63922588893,63922596380,TARGET,63922588916,7809.5,454
ordered_doji_expand,2026-08-16 22:27:40.000,1,development,7813.25,63922602461,63922608066,TARGET,63922602603,7814.5,663
ordered_doji_expand,2026-08-17 00:12:58.000,-1,development,7817.5,63922608779,63922611207,TARGET,63922608834,7816.25,805
ordered_doji_expand,2026-08-17 01:03:24.000,-1,development,7818.25,63922611805,63922614896,TARGET,63922611854,7817.0,793
ordered_doji_expand,2026-08-17 01:58:22.000,1,development,7816.5,63922615103,63922619899,TARGET,63922615794,7817.75,6237
ordered_doji_expand,2026-08-17 03:35:24.000,-1,development,7815.5,63922620925,63922623746,STOP,63922622964,7818.0,22274
ordered_doji_expand,2026-08-17 05:10:10.000,1,development,7813.5,63922626611,63922627599,TARGET,63922627247,7814.75,9593
ordered_doji_expand,2026-08-17 05:28:50.000,-1,development,7809.25,63922627731,63922628133,TARGET,63922627754,7808.0,765
ordered_doji_expand,2026-08-17 05:48:28.000,-1,development,7802.75,63922628909,63922629780,TARGET,63922628951,7801.5,1339
ordered_doji_expand,2026-08-17 06:03:12.000,-1,development,7803.75,63922629793,63922631339,STOP,63922630135,7806.25,6931
ordered_doji_expand,2026-08-17 06:46:02.000,-1,development,7796.25,63922632363,63922632552,TARGET,63922632395,7795.0,6500
ordered_doji_expand,2026-08-17 08:32:50.000,-1,development,7795.25,63922638771,63922639343,TARGET,63922638818,7794.0,3494
ordered_doji_expand,2026-08-17 08:42:36.000,1,development,7791.0,63922639357,63922640294,TARGET,63922639489,7792.25,8162
ordered_doji_expand,2026-08-17 09:08:32.000,1,development,7793.75,63922640913,63922642093,TARGET,63922641182,7795.0,12270
ordered_doji_expand,2026-08-17 09:44:46.000,-1,development,7791.0,63922643087,63922644000,TARGET,63922643609,7789.75,18423
ordered_doji_expand,2026-08-17 11:20:26.000,-1,development,7776.0,63922648827,63922649495,STOP,63922649078,7778.5,9662
ordered_doji_expand,2026-08-17 11:50:18.000,1,development,7778.5,63922650619,63922652405,STOP,63922651081,7776.0,14776
ordered_doji_expand,2026-08-17 13:07:34.000,1,development,7767.5,63922655255,63922662000,STOP,63922655823,7765.0,5940
ordered_doji_expand,2026-08-17 15:00:24.000,1,development,7768.0,63922662025,63922663487,STOP,63922662901,7765.5,5377
ordered_doji_expand,2026-08-17 16:00:18.000,-1,development,7765.25,63922665619,63922668614,TARGET,63922665673,7764.0,283
ordered_doji_expand,2026-08-17 17:36:16.000,1,development,7768.5,63922671377,63922674381,STOP,63922673113,7766.0,16764
ordered_doji_expand,2026-08-17 18:39:50.000,-1,development,7765.5,63922675191,63922676003,TARGET,63922675254,7764.25,615
ordered_doji_expand,2026-08-17 20:23:12.000,-1,development,7742.75,63922681393,63922682762,STOP,63922681737,7745.25,4216
ordered_doji_expand,2026-08-17 20:52:36.000,1,development,7746.25,63922683157,63922684347,STOP,63922683381,7743.75,3065
ordered_doji_expand,2026-08-17 21:18:36.000,1,development,7743.5,63922684717,63922686030,STOP,63922684883,7741.0,2103
ordered_doji_expand,2026-08-17 22:02:24.000,-1,development,7740.5,63922687345,63922689039,TARGET,63922687388,7739.25,704
ordered_doji_expand,2026-08-17 22:37:00.000,1,development,7738.0,63922689422,63922690849,STOP,63922690762,7735.5,13173
ordered_doji_expand,2026-08-17 23:22:46.000,-1,development,7735.25,63922692167,63922693153,TARGET,63922692328,7734.0,2213
ordered_doji_expand,2026-08-17 23:59:42.000,1,development,7741.75,63922694383,63922694872,STOP,63922694415,7739.25,2708
ordered_doji_expand,2026-08-18 00:28:54.000,-1,development,7736.0,63922696135,63922696806,TARGET,63922696367,7734.75,4084
ordered_doji_expand,2026-08-18 01:01:58.000,1,development,7726.25,63922698119,63922698428,STOP,63922698176,7723.75,2467
ordered_doji_expand,2026-08-18 01:16:00.000,1,development,7726.75,63922698961,63922699642,TARGET,63922699130,7728.0,4597
ordered_doji_expand,2026-08-18 02:32:18.000,-1,development,7726.0,63922703539,63922704103,STOP,63922703641,7728.5,3225
ordered_doji_expand,2026-08-18 03:17:44.000,-1,development,7730.0,63922706265,63922707745,TARGET,63922706401,7728.75,2752
ordered_doji_expand,2026-08-18 04:31:18.000,-1,development,7734.75,63922710679,63922711533,TARGET,63922710780,7733.5,1641
ordered_doji_expand,2026-08-18 05:09:22.000,-1,development,7734.75,63922712963,63922713884,TARGET,63922713046,7733.5,3018
ordered_doji_expand,2026-08-18 05:30:48.000,-1,development,7732.25,63922714249,63922715166,TARGET,63922714265,7731.0,773
ordered_doji_expand,2026-08-18 06:03:24.000,-1,development,7734.75,63922716205,63922717323,TARGET,63922716239,7733.5,1072
ordered_doji_expand,2026-08-18 07:59:10.000,-1,development,7718.0,63922723151,63922723357,STOP,63922723207,7720.5,8685
ordered_doji_expand,2026-08-18 10:23:28.000,-1,development,7723.5,63922731809,63922732579,TARGET,63922731908,7722.25,3401
ordered_doji_expand,2026-08-18 10:57:46.000,-1,development,7718.5,63922733867,63922734673,TARGET,63922733940,7717.25,3221
ordered_doji_expand,2026-08-18 11:40:48.000,-1,development,7722.5,63922736449,63922737370,TARGET,63922736665,7721.25,6971
ordered_doji_expand,2026-08-18 11:56:34.000,1,development,7719.25,63922737395,63922738578,STOP,63922737601,7716.75,9598
ordered_doji_expand,2026-08-18 12:17:28.000,1,development,7718.25,63922738649,63922739958,TARGET,63922738948,7719.5,9347
ordered_doji_expand,2026-08-18 13:23:42.000,-1,development,7713.5,63922742623,63922748400,STOP,63922743550,7716.0,6778
ordered_doji_expand,2026-08-18 15:06:40.000,1,development,7715.0,63922748802,63922750770,TARGET,63922749607,7716.25,4037
ordered_doji_expand,2026-08-18 16:25:52.000,-1,development,7712.25,63922753553,63922755674,TARGET,63922753924,7711.0,2216
ordered_doji_expand,2026-08-18 17:17:44.000,1,development,7705.25,63922756665,63922757420,TARGET,63922756709,7706.5,1471
ordered_doji_expand,2026-08-18 17:34:56.000,-1,development,7712.0,63922757697,63922759317,STOP,63922757807,7714.5,2544
ordered_doji_expand,2026-08-18 18:12:20.000,-1,development,7714.25,63922759941,63922761029,TARGET,63922760208,7713.0,6004
ordered_doji_expand,2026-08-18 18:32:42.000,-1,development,7713.25,63922761163,63922762583,TARGET,63922761295,7712.0,3351
ordered_doji_expand,2026-08-18 19:01:44.000,-1,development,7710.0,63922762905,63922764149,TARGET,63922763215,7708.75,4899
ordered_doji_expand,2026-08-18 19:27:10.000,-1,development,7709.5,63922764431,63922765941,TARGET,63922764685,7708.25,5275
ordered_doji_expand,2026-08-18 19:52:28.000,-1,development,7708.25,63922765949,63922768606,STOP,63922766467,7710.75,7176
ordered_doji_expand,2026-08-18 21:20:58.000,1,development,7706.5,63922771259,63922772380,TARGET,63922771299,7707.75,479
ordered_doji_expand,2026-08-18 21:40:44.000,-1,development,7704.5,63922772445,63922773792,TARGET,63922772898,7703.25,4739
ordered_doji_expand,2026-08-18 22:11:44.000,-1,development,7703.5,63922774305,63922775737,TARGET,63922774427,7702.25,2063
ordered_doji_expand,2026-08-18 22:53:10.000,-1,development,7699.5,63922776791,63922777781,TARGET,63922776943,7698.25,1503
ordered_doji_expand,2026-08-18 23:13:12.000,-1,development,7698.5,63922777993,63922778734,STOP,63922778147,7701.0,1573
ordered_doji_expand,2026-08-18 23:27:40.000,-1,development,7705.5,63922778861,63922779940,TARGET,63922779751,7704.25,14803
ordered_doji_expand,2026-08-19 00:03:36.000,-1,development,7712.0,63922781017,63922781804,TARGET,63922781081,7710.75,1205
ordered_doji_expand,2026-08-19 00:20:50.000,1,development,7713.75,63922782051,63922783165,TARGET,63922782227,7715.0,2635
ordered_doji_expand,2026-08-19 00:39:40.000,-1,development,7716.5,63922783181,63922784434,TARGET,63922783237,7715.25,707
ordered_doji_expand,2026-08-19 01:12:48.000,-1,development,7719.75,63922785169,63922786612,TARGET,63922785306,7718.5,2553
ordered_doji_expand,2026-08-19 02:01:46.000,1,development,7719.25,63922788108,63922789943,TARGET,63922788280,7720.5,2672
ordered_doji_expand,2026-08-19 02:42:46.000,-1,development,7714.5,63922790567,63922792615,TARGET,63922791031,7713.25,6070
ordered_doji_expand,2026-08-19 03:36:16.000,1,development,7713.5,63922793778,63922795285,TARGET,63922793860,7714.75,1247
ordered_doji_expand,2026-08-19 04:02:08.000,1,development,7717.75,63922795329,63922797029,TARGET,63922795688,7719.0,5977
ordered_doji_expand,2026-08-19 04:32:40.000,-1,development,7717.0,63922797161,63922798499,TARGET,63922797275,7715.75,2349
ordered_doji_expand,2026-08-19 05:20:48.000,1,development,7719.25,63922800049,63922800784,TARGET,63922800393,7720.5,10013
ordered_doji_expand,2026-08-19 05:36:02.000,1,development,7725.75,63922800963,63922801085,TARGET,63922800987,7727.0,1674
ordered_doji_expand,2026-08-19 05:55:30.000,-1,development,7752.25,63922802131,63922802338,TARGET,63922802139,7751.0,529
ordered_doji_expand,2026-08-19 08:23:56.000,1,development,7754.75,63922811037,63922811316,STOP,63922811088,7752.25,4112
ordered_doji_expand,2026-08-19 08:36:46.000,-1,development,7746.25,63922811807,63922812058,TARGET,63922811817,7745.0,1220
ordered_doji_expand,2026-08-19 09:26:28.000,-1,development,7751.75,63922814789,63922815052,TARGET,63922814846,7750.5,4318
ordered_doji_expand,2026-08-19 10:13:30.000,1,development,7739.5,63922817611,63922818069,STOP,63922817768,7737.0,10345
ordered_doji_expand,2026-08-19 10:38:08.000,-1,development,7732.0,63922819089,63922819530,STOP,63922819320,7734.5,12902
ordered_doji_expand,2026-08-19 10:48:22.000,-1,development,7735.0,63922819703,63922820310,STOP,63922819995,7737.5,14868
ordered_doji_expand,2026-08-19 11:21:26.000,1,development,7733.5,63922821687,63922822104,TARGET,63922822082,7734.75,24653
ordered_doji_expand,2026-08-19 12:41:10.000,-1,development,7731.5,63922826471,63922826803,TARGET,63922826595,7730.25,8335
ordered_doji_expand,2026-08-19 13:18:00.000,-1,development,7727.0,63922828683,63922834808,STOP,63922829297,7729.5,4666
ordered_doji_expand,2026-08-19 15:18:02.000,1,development,7740.5,63922835883,63922838342,STOP,63922836685,7738.0,5840
ordered_doji_expand,2026-08-19 16:04:18.000,-1,development,7741.0,63922838659,63922841113,STOP,63922838832,7743.5,2095
ordered_doji_expand,2026-08-19 18:14:08.000,1,development,7741.0,63922846449,63922847255,TARGET,63922846518,7742.25,1593
ordered_doji_expand,2026-08-19 18:29:56.000,1,development,7740.0,63922847397,63922848356,TARGET,63922847444,7741.25,3347
ordered_doji_expand,2026-08-19 18:50:42.000,1,development,7741.75,63922848643,63922849428,STOP,63922848855,7739.25,4006
ordered_doji_expand,2026-08-19 19:51:50.000,-1,development,7736.75,63922852311,63922853601,STOP,63922852917,7739.25,9080
ordered_doji_expand,2026-08-19 20:27:16.000,-1,development,7740.0,63922854437,63922856272,TARGET,63922854639,7738.75,2529
ordered_doji_expand,2026-08-19 21:22:10.000,-1,development,7742.0,63922857732,63922860776,TARGET,63922858222,7740.75,4517
ordered_doji_expand,2026-08-19 22:18:28.000,1,development,7738.75,63922861110,63922862695,TARGET,63922861450,7740.0,3421
ordered_doji_expand,2026-08-19 22:46:12.000,-1,development,7735.75,63922862773,63922864365,TARGET,63922863244,7734.5,5674
ordered_doji_expand,2026-08-19 23:13:34.000,-1,development,7741.75,63922864415,63922865922,TARGET,63922864535,7740.5,2099
ordered_doji_expand,2026-08-19 23:39:10.000,-1,development,7742.0,63922865951,63922867317,STOP,63922866346,7744.5,3581
ordered_doji_expand,2026-08-20 00:38:22.000,-1,development,7733.5,63922869503,63922870595,TARGET,63922869835,7732.25,5001
ordered_doji_expand,2026-08-20 01:50:46.000,1,development,7719.0,63922873847,63922874373,TARGET,63922873862,7720.25,439
ordered_doji_expand,2026-08-20 02:25:06.000,1,development,7725.75,63922875907,63922876969,STOP,63922876374,7723.25,7136
ordered_doji_expand,2026-08-20 02:58:22.000,-1,development,7724.25,63922877903,63922878500,TARGET,63922878015,7723.0,2157
ordered_doji_expand,2026-08-20 03:12:02.000,1,development,7727.75,63922878723,63922880082,TARGET,63922878851,7729.0,1921
ordered_doji_expand,2026-08-20 03:51:36.000,-1,development,7728.5,63922881097,63922881620,STOP,63922881600,7731.0,6758
ordered_doji_expand,2026-08-20 04:10:38.000,-1,development,7723.75,63922882239,63922882702,TARGET,63922882291,7722.5,948
ordered_doji_expand,2026-08-20 04:46:18.000,-1,development,7713.0,63922884379,63922884562,TARGET,63922884379,7711.75,6
ordered_doji_expand,2026-08-20 04:59:38.000,-1,development,7704.0,63922885179,63922885394,TARGET,63922885237,7702.75,4069
ordered_doji_expand,2026-08-20 06:07:54.000,-1,development,7699.5,63922889275,63922889837,TARGET,63922889294,7698.25,601
ordered_doji_expand,2026-08-20 09:46:36.000,1,development,7703.25,63922902397,63922902964,TARGET,63922902433,7704.5,2259
ordered_doji_expand,2026-08-20 10:28:02.000,-1,development,7685.75,63922904883,63922905289,TARGET,63922905009,7684.5,8555
ordered_doji_expand,2026-08-20 10:45:34.000,1,development,7683.25,63922905935,63922906390,TARGET,63922905953,7684.5,1571
ordered_doji_expand,2026-08-20 10:59:28.000,-1,development,7684.5,63922906769,63922907153,TARGET,63922906794,7683.25,1661
ordered_doji_expand,2026-08-20 11:18:44.000,1,development,7673.25,63922907925,63922908463,TARGET,63922907950,7674.5,1294
ordered_doji_expand,2026-08-20 12:11:04.000,-1,development,7673.0,63922911065,63922911721,STOP,63922911314,7675.5,12628
ordered_doji_expand,2026-08-20 13:04:44.000,-1,development,7666.0,63922914285,63922914888,TARGET,63922914335,7664.75,1168
ordered_doji_expand,2026-08-20 13:36:20.000,1,development,7666.25,63922916181,63922921266,TARGET,63922916289,7667.5,1249
ordered_doji_expand,2026-08-20 15:07:16.000,1,development,7665.25,63922921637,63922923579,TARGET,63922921856,7666.5,1339
ordered_doji_expand,2026-08-20 16:41:12.000,1,development,7668.25,63922927273,63922928355,STOP,63922927633,7665.75,5322
ordered_doji_expand,2026-08-20 17:54:30.000,-1,development,7665.25,63922931671,63922932624,TARGET,63922932002,7664.0,6965
ordered_doji_expand,2026-08-20 19:48:24.000,1,development,7671.5,63922938505,63922941363,TARGET,63922938770,7672.75,2821
ordered_doji_expand,2026-08-20 20:58:52.000,1,development,7669.0,63922942734,63922945583,TARGET,63922943225,7670.25,5857
ordered_doji_expand,2026-08-20 21:48:08.000,1,development,7667.75,63922945689,63922948474,TARGET,63922945794,7669.0,1018
ordered_doji_expand,2026-08-20 22:58:18.000,1,development,7668.25,63922949899,63922951509,TARGET,63922950655,7669.5,8709
ordered_doji_expand,2026-08-20 23:47:02.000,-1,development,7669.25,63922952823,63922953977,STOP,63922952986,7671.75,1421
ordered_doji_expand,2026-08-21 00:44:50.000,-1,development,7679.0,63922956291,63922957534,STOP,63922956462,7681.5,2480
ordered_doji_expand,2026-08-21 01:12:34.000,1,development,7680.75,63922957955,63922958809,TARGET,63922958328,7682.0,5628
ordered_doji_expand,2026-08-21 01:58:34.000,1,development,7688.75,63922960715,63922961611,STOP,63922960924,7686.25,2895
ordered_doji_expand,2026-08-21 02:15:44.000,1,development,7686.25,63922961745,63922963891,TARGET,63922963012,7687.5,12434
ordered_doji_expand,2026-08-21 03:58:28.000,-1,development,7687.75,63922967909,63922969095,TARGET,63922968015,7686.5,2241
ordered_doji_expand,2026-08-21 05:14:56.000,-1,development,7694.25,63922972497,63922973372,STOP,63922972662,7696.75,2979
ordered_doji_expand,2026-08-21 06:04:24.000,-1,development,7700.0,63922975465,63922976269,TARGET,63922975553,7698.75,1710
ordered_doji_expand,2026-08-21 07:29:58.000,-1,development,7681.75,63922980599,63922980794,STOP,63922980674,7684.25,12988
ordered_doji_expand,2026-08-21 07:41:56.000,-1,development,7677.5,63922981317,63922981534,STOP,63922981398,7680.0,9928
ordered_doji_expand,2026-08-21 08:14:58.000,-1,development,7692.5,63922983299,63922983686,STOP,63922983320,7695.0,3154
ordered_doji_expand,2026-08-21 08:36:06.000,1,development,7700.75,63922984567,63922984814,TARGET,63922984598,7702.0,2888
ordered_doji_expand,2026-08-21 08:59:20.000,-1,development,7707.5,63922985961,63922986285,TARGET,63922985982,7706.25,1503
ordered_doji_expand,2026-08-21 09:26:24.000,-1,development,7697.0,63922987585,63922988050,STOP,63922987672,7699.5,8405
ordered_doji_expand,2026-08-21 09:47:32.000,-1,development,7697.0,63922988853,63922989478,TARGET,63922989005,7695.75,6190
ordered_doji_expand,2026-08-21 10:18:36.000,-1,development,7696.5,63922990717,63922991402,TARGET,63922990826,7695.25,5002
ordered_doji_expand,2026-08-21 10:40:56.000,-1,development,7690.5,63922992057,63922992691,STOP,63922992301,7693.0,7818
ordered_doji_expand,2026-08-21 11:00:56.000,1,development,7691.25,63922993257,63922994089,TARGET,63922993394,7692.5,6112
ordered_doji_expand,2026-08-21 11:28:58.000,-1,development,7688.25,63922994939,63922996205,TARGET,63922995024,7687.0,2923
ordered_doji_expand,2026-08-21 11:58:08.000,1,development,7695.0,63922996689,63922997400,TARGET,63922996783,7696.25,2923
ordered_doji_expand,2026-08-21 13:17:42.000,-1,development,7690.0,63923001463,63923180411,TARGET,63923001758,7688.75,1461
ordered_doji_expand,2026-08-23 15:13:38.000,-1,development,7683.75,63923181220,63923182891,TARGET,63923181468,7682.5,1631
ordered_doji_expand,2026-08-23 16:10:22.000,1,development,7690.5,63923184623,63923186778,TARGET,63923185119,7691.75,2036
ordered_doji_expand,2026-08-23 17:26:02.000,-1,development,7688.5,63923189163,63923189730,TARGET,63923189193,7687.25,1963
ordered_doji_expand,2026-08-23 17:48:54.000,1,development,7690.0,63923190535,63923191243,TARGET,63923190591,7691.25,1169
ordered_doji_expand,2026-08-23 18:08:42.000,-1,development,7698.75,63923191723,63923192725,STOP,63923191905,7701.25,5957
ordered_doji_expand,2026-08-23 18:44:38.000,-1,development,7696.75,63923193879,63923194457,TARGET,63923193923,7695.5,1524
ordered_doji_expand,2026-08-23 20:07:46.000,-1,development,7691.75,63923198867,63923200314,TARGET,63923199001,7690.5,2069
ordered_doji_expand,2026-08-23 21:09:52.000,-1,development,7682.0,63923202593,63923203617,STOP,63923202793,7684.5,3323
ordered_doji_expand,2026-08-23 21:47:42.000,-1,development,7682.0,63923204865,63923206215,TARGET,63923205259,7680.75,7669
ordered_doji_expand,2026-08-23 22:30:00.000,-1,development,7680.5,63923207401,63923208040,TARGET,63923207456,7679.25,1426
ordered_doji_expand,2026-08-23 23:00:36.000,1,development,7678.5,63923209237,63923209706,STOP,63923209273,7676.0,1404
ordered_doji_expand,2026-08-23 23:32:34.000,-1,development,7672.25,63923211155,63923212352,STOP,63923211340,7674.75,2804
ordered_doji_expand,2026-08-24 00:05:54.000,1,holdout,7674.75,63923213155,63923214251,TARGET,63923213173,7676.0,563
ordered_doji_expand,2026-08-24 00:41:26.000,-1,holdout,7675.0,63923215287,63923216086,TARGET,63923215297,7673.75,296
ordered_doji_expand,2026-08-24 01:15:30.000,1,holdout,7676.5,63923217331,63923218129,TARGET,63923217524,7677.75,4753
ordered_doji_expand,2026-08-24 01:52:04.000,1,holdout,7682.75,63923219526,63923220616,TARGET,63923219550,7684.0,352
ordered_doji_expand,2026-08-24 02:25:50.000,-1,holdout,7678.75,63923221551,63923223086,STOP,63923222178,7681.25,7035
ordered_doji_expand,2026-08-24 03:04:28.000,1,holdout,7681.75,63923223870,63923225264,STOP,63923224319,7679.25,4706
ordered_doji_expand,2026-08-24 03:47:12.000,-1,holdout,7673.0,63923226433,63923227273,TARGET,63923226641,7671.75,2527
ordered_doji_expand,2026-08-24 04:05:22.000,-1,holdout,7666.25,63923227523,63923228247,TARGET,63923227678,7665.0,3858
ordered_doji_expand,2026-08-24 04:29:32.000,-1,holdout,7669.75,63923228976,63923229298,STOP,63923229027,7672.25,1152
ordered_doji_expand,2026-08-24 04:55:12.000,1,holdout,7680.0,63923230513,63923231454,STOP,63923230946,7677.5,9560
ordered_doji_expand,2026-08-24 06:47:32.000,1,holdout,7667.0,63923237253,63923237364,TARGET,63923237260,7668.25,2069
ordered_doji_expand,2026-08-24 06:58:06.000,-1,holdout,7668.25,63923237887,63923238012,TARGET,63923237894,7667.0,1634
ordered_doji_expand,2026-08-24 07:05:52.000,1,holdout,7666.25,63923238353,63923238584,STOP,63923238383,7663.75,6822
ordered_doji_expand,2026-08-24 09:39:10.000,-1,holdout,7678.25,63923247551,63923248489,TARGET,63923247632,7677.0,3266
ordered_doji_expand,2026-08-24 10:02:30.000,-1,holdout,7674.0,63923248951,63923249446,TARGET,63923249047,7672.75,6332
ordered_doji_expand,2026-08-24 10:45:12.000,-1,holdout,7665.25,63923251513,63923252408,STOP,63923251834,7667.75,19453
ordered_doji_expand,2026-08-24 11:09:32.000,1,holdout,7672.75,63923252973,63923253413,TARGET,63923252982,7674.0,673
ordered_doji_expand,2026-08-24 11:27:10.000,1,holdout,7681.0,63923254031,63923254727,TARGET,63923254139,7682.25,5600
ordered_doji_expand,2026-08-24 12:18:30.000,1,holdout,7675.75,63923257111,63923257892,TARGET,63923257859,7677.0,22826
ordered_doji_expand,2026-08-24 12:33:16.000,-1,holdout,7673.75,63923257997,63923259000,TARGET,63923258091,7672.5,3413
ordered_doji_expand,2026-08-24 15:26:24.000,-1,holdout,7674.0,63923268386,63923272919,TARGET,63923272093,7672.75,11017
ordered_doji_expand,2026-08-24 16:59:14.000,1,holdout,7670.5,63923273955,63923274637,STOP,63923274229,7668.0,13212
ordered_doji_expand,2026-08-24 17:59:58.000,-1,holdout,7673.75,63923277599,63923278614,TARGET,63923277662,7672.5,1716
ordered_doji_expand,2026-08-24 18:21:30.000,-1,holdout,7672.5,63923278891,63923279662,TARGET,63923279077,7671.25,3500
ordered_doji_expand,2026-08-24 18:35:58.000,1,holdout,7674.0,63923279759,63923281582,TARGET,63923279805,7675.25,1283
ordered_doji_expand,2026-08-24 19:20:06.000,1,holdout,7671.25,63923282407,63923283154,TARGET,63923282704,7672.5,6392
ordered_doji_expand,2026-08-24 19:37:36.000,-1,holdout,7673.0,63923283457,63923284220,TARGET,63923283494,7671.75,598
ordered_doji_expand,2026-08-24 19:51:48.000,-1,holdout,7668.5,63923284309,63923285343,TARGET,63923284605,7667.25,4930
ordered_doji_expand,2026-08-24 20:11:58.000,-1,holdout,7674.5,63923285519,63923287923,STOP,63923285767,7677.0,5021
ordered_doji_expand,2026-08-24 20:52:54.000,1,holdout,7674.75,63923287975,63923290850,TARGET,63923288489,7676.0,5914
ordered_doji_expand,2026-08-24 21:44:06.000,-1,holdout,7678.25,63923291047,63923293938,TARGET,63923291438,7677.0,5024
ordered_doji_expand,2026-08-24 22:36:34.000,1,holdout,7680.25,63923294195,63923296142,STOP,63923294605,7677.75,4634
ordered_doji_expand,2026-08-24 23:14:20.000,-1,holdout,7681.5,63923296461,63923297325,STOP,63923297017,7684.0,5995
ordered_doji_expand,2026-08-24 23:45:12.000,1,holdout,7688.0,63923298314,63923300010,STOP,63923298603,7685.5,2320
ordered_doji_expand,2026-08-25 00:25:12.000,-1,holdout,7685.25,63923300713,63923302153,TARGET,63923300795,7684.0,1277
ordered_doji_expand,2026-08-25 00:52:20.000,-1,holdout,7682.75,63923302342,63923303325,STOP,63923302851,7685.25,6911
ordered_doji_expand,2026-08-25 01:34:10.000,-1,holdout,7690.25,63923304851,63923305207,STOP,63923304873,7692.75,955
ordered_doji_expand,2026-08-25 01:43:26.000,1,holdout,7691.25,63923305407,63923306367,TARGET,63923305483,7692.5,1057
ordered_doji_expand,2026-08-25 02:16:02.000,-1,holdout,7699.0,63923307364,63923308450,TARGET,63923307978,7697.75,8720
ordered_doji_expand,2026-08-25 02:38:32.000,-1,holdout,7704.0,63923308713,63923309164,STOP,63923308851,7706.5,3473
ordered_doji_expand,2026-08-25 02:57:14.000,-1,holdout,7710.5,63923309835,63923310359,STOP,63923309863,7713.0,560
ordered_doji_expand,2026-08-25 03:06:16.000,1,holdout,7707.75,63923310378,63923312423,TARGET,63923310552,7709.0,2943
ordered_doji_expand,2026-08-25 03:57:36.000,1,holdout,7702.5,63923313458,63923314188,STOP,63923313687,7700.0,3680
ordered_doji_expand,2026-08-25 04:19:38.000,1,holdout,7698.25,63923314779,63923315661,TARGET,63923314837,7699.5,736
ordered_doji_expand,2026-08-25 04:38:34.000,1,holdout,7701.0,63923315915,63923317080,TARGET,63923316007,7702.25,1093
ordered_doji_expand,2026-08-25 05:31:58.000,-1,holdout,7701.75,63923319119,63923320200,TARGET,63923319144,7700.5,681
ordered_doji_expand,2026-08-25 05:57:58.000,-1,holdout,7698.25,63923320679,63923321420,TARGET,63923320923,7697.0,7443
ordered_doji_expand,2026-08-25 07:58:44.000,1,holdout,7681.25,63923327925,63923328228,STOP,63923328034,7678.75,11436
ordered_doji_expand,2026-08-25 09:27:50.000,1,holdout,7690.25,63923333271,63923334257,TARGET,63923333296,7692.0,908
ordered_doji_expand,2026-08-25 10:27:46.000,-1,holdout,7681.0,63923336867,63923337852,TARGET,63923336884,7679.75,920
ordered_doji_expand,2026-08-25 11:08:10.000,-1,holdout,7682.0,63923339291,63923340689,TARGET,63923339777,7680.75,12773
ordered_doji_expand,2026-08-25 11:57:32.000,-1,holdout,7688.75,63923342253,63923343607,STOP,63923342429,7691.25,5436
ordered_doji_expand,2026-08-25 12:32:38.000,-1,holdout,7684.0,63923344359,63923345400,STOP,63923344702,7686.5,10752
ordered_doji_expand,2026-08-25 13:28:18.000,-1,holdout,7694.25,63923347700,63923353325,TARGET,63923348395,7693.0,4536
ordered_doji_expand,2026-08-25 15:21:02.000,-1,holdout,7691.25,63923354463,63923359328,TARGET,63923358099,7690.0,9001
ordered_doji_expand,2026-08-25 16:44:50.000,-1,holdout,7685.0,63923359491,63923360443,TARGET,63923359548,7683.75,1359
ordered_doji_expand,2026-08-25 17:14:42.000,-1,holdout,7681.75,63923361283,63923362105,STOP,63923361464,7684.25,5477
ordered_doji_expand,2026-08-25 18:04:04.000,1,holdout,7677.0,63923364245,63923365985,TARGET,63923364652,7678.25,9841
ordered_doji_expand,2026-08-25 18:43:54.000,-1,holdout,7672.75,63923366635,63923368381,STOP,63923367604,7675.25,13788
ordered_doji_expand,2026-08-25 19:37:54.000,-1,holdout,7679.5,63923369875,63923372060,STOP,63923370010,7682.0,1758
ordered_doji_expand,2026-08-25 20:24:18.000,-1,holdout,7685.75,63923372659,63923375421,TARGET,63923373020,7684.5,2994
ordered_doji_expand,2026-08-25 21:22:20.000,1,holdout,7691.0,63923376141,63923378555,STOP,63923377163,7688.5,9013
ordered_doji_expand,2026-08-25 22:20:20.000,-1,holdout,7685.0,63923379622,63923381844,STOP,63923380248,7687.5,8421
ordered_doji_expand,2026-08-25 23:00:40.000,1,holdout,7686.25,63923382041,63923383505,STOP,63923382192,7683.75,2256
ordered_doji_expand,2026-08-25 23:37:20.000,1,holdout,7686.5,63923384241,63923385508,TARGET,63923384575,7687.75,2937
ordered_doji_expand,2026-08-26 00:09:42.000,-1,holdout,7683.75,63923386183,63923387029,TARGET,63923386303,7682.5,2415
ordered_doji_expand,2026-08-26 00:35:52.000,1,holdout,7684.0,63923387753,63923389275,TARGET,63923388496,7685.25,11081
ordered_doji_expand,2026-08-26 01:01:52.000,1,holdout,7686.5,63923389313,63923390066,TARGET,63923389476,7687.75,3959
ordered_doji_expand,2026-08-26 01:19:32.000,-1,holdout,7684.5,63923390373,63923391279,TARGET,63923390577,7683.25,3298
ordered_doji_expand,2026-08-26 01:37:26.000,1,holdout,7689.25,63923391447,63923393104,TARGET,63923391770,7690.5,2917
ordered_doji_expand,2026-08-26 02:24:22.000,-1,holdout,7684.25,63923394263,63923396095,STOP,63923394813,7686.75,6997
ordered_doji_expand,2026-08-26 03:02:44.000,-1,holdout,7687.75,63923396565,63923398506,TARGET,63923396588,7686.5,233
ordered_doji_expand,2026-08-26 03:43:20.000,-1,holdout,7687.75,63923399001,63923400369,TARGET,63923399437,7686.5,4226
ordered_doji_expand,2026-08-26 04:14:40.000,1,holdout,7690.25,63923400881,63923402028,TARGET,63923400944,7691.5,1340
ordered_doji_expand,2026-08-26 04:38:04.000,-1,holdout,7686.5,63923402285,63923403083,TARGET,63923402295,7685.25,418
ordered_doji_expand,2026-08-26 04:52:06.000,1,holdout,7687.5,63923403127,63923403944,NONE,,,18166
ordered_doji_expand,2026-08-26 05:07:30.000,-1,holdout,7685.75,63923404051,63923405253,STOP,63923404460,7688.25,8891
ordered_doji_expand,2026-08-26 05:53:54.000,-1,holdout,7680.25,63923406835,63923406959,TARGET,63923406845,7679.0,377
ordered_doji_expand,2026-08-26 06:17:02.000,1,holdout,7682.0,63923408223,63923408898,STOP,63923408700,7679.5,14095
ordered_doji_expand,2026-08-26 08:33:32.000,-1,holdout,7686.5,63923416413,63923416761,TARGET,63923416477,7685.25,4797
ordered_doji_expand,2026-08-26 09:16:26.000,-1,holdout,7682.25,63923418987,63923420002,TARGET,63923419013,7681.0,1311
ordered_doji_expand,2026-08-26 10:24:46.000,1,holdout,7688.75,63923423087,63923424146,TARGET,63923423444,7690.0,14146
ordered_doji_expand,2026-08-26 10:44:18.000,1,holdout,7689.5,63923424259,63923425283,STOP,63923424443,7687.0,7208
ordered_doji_expand,2026-08-26 11:02:24.000,-1,holdout,7687.5,63923425345,63923426448,STOP,63923425727,7690.0,12350
ordered_doji_expand,2026-08-26 11:23:04.000,-1,holdout,7689.75,63923426586,63923427711,TARGET,63923426627,7688.5,1432
ordered_doji_expand,2026-08-26 11:53:28.000,1,holdout,7696.75,63923428409,63923428893,TARGET,63923428413,7698.0,697
ordered_doji_expand,2026-08-26 12:12:12.000,1,holdout,7703.25,63923429533,63923430239,TARGET,63923429945,7704.5,20171
ordered_doji_expand,2026-08-26 13:09:40.000,-1,holdout,7701.75,63923432981,63923433514,STOP,63923433311,7704.5,3765
ordered_doji_expand,2026-08-26 13:37:36.000,1,holdout,7697.0,63923434657,63923435393,TARGET,63923434700,7698.25,719
ordered_doji_expand,2026-08-26 15:21:20.000,1,holdout,7736.75,63923440881,63923441990,TARGET,63923440920,7738.0,635
ordered_doji_expand,2026-08-26 15:53:46.000,-1,holdout,7737.0,63923442827,63923445992,TARGET,63923443022,7735.75,1083
ordered_doji_expand,2026-08-26 16:58:04.000,1,holdout,7739.0,63923446685,63923447423,STOP,63923446875,7736.5,7269
ordered_doji_expand,2026-08-26 17:26:14.000,-1,holdout,7731.5,63923448376,63923449547,TARGET,63923448641,7730.25,4958
ordered_doji_expand,2026-08-26 18:23:26.000,1,holdout,7721.75,63923451807,63923453147,TARGET,63923451978,7723.0,3250
ordered_doji_expand,2026-08-26 18:50:12.000,1,holdout,7725.75,63923453414,63923455667,TARGET,63923453704,7727.0,6871
ordered_doji_expand,2026-08-26 20:07:50.000,-1,holdout,7726.5,63923458071,63923461081,STOP,63923458815,7729.0,6670
ordered_doji_expand,2026-08-26 21:22:06.000,-1,holdout,7726.25,63923462527,63923464828,TARGET,63923462926,7725.0,4171
ordered_doji_expand,2026-08-26 22:08:26.000,-1,holdout,7716.25,63923465308,63923466572,TARGET,63923465830,7715.0,8035
ordered_doji_expand,2026-08-26 22:34:36.000,-1,holdout,7712.5,63923466877,63923468447,TARGET,63923467348,7711.25,7855
ordered_doji_expand,2026-08-26 23:48:26.000,-1,holdout,7716.0,63923471307,63923472344,TARGET,63923472016,7714.75,7460
ordered_doji_expand,2026-08-27 01:20:44.000,-1,holdout,7727.75,63923476845,63923477902,STOP,63923477094,7730.25,6268
ordered_doji_expand,2026-08-27 01:55:30.000,-1,holdout,7728.25,63923478931,63923479397,TARGET,63923479207,7727.0,5153
ordered_doji_expand,2026-08-27 02:30:24.000,1,holdout,7726.25,63923481025,63923482550,TARGET,63923481060,7727.5,691
ordered_doji_expand,2026-08-27 03:03:18.000,-1,holdout,7721.75,63923482999,63923484464,STOP,63923483442,7724.25,7791
ordered_doji_expand,2026-08-27 03:35:42.000,-1,holdout,7719.5,63923484943,63923486088,TARGET,63923485038,7718.25,1892
ordered_doji_expand,2026-08-27 04:10:20.000,1,holdout,7727.25,63923487021,63923488176,TARGET,63923487207,7728.5,3359
ordered_doji_expand,2026-08-27 04:30:48.000,-1,holdout,7721.0,63923488249,63923488357,STOP,63923488301,7723.5,1739
ordered_doji_expand,2026-08-27 04:36:28.000,-1,holdout,7720.25,63923488589,63923489283,TARGET,63923488600,7719.0,406
ordered_doji_expand,2026-08-27 05:17:06.000,-1,holdout,7723.75,63923491027,63923491631,TARGET,63923491299,7722.5,8300
ordered_doji_expand,2026-08-27 05:39:00.000,-1,holdout,7714.75,63923492341,63923493090,TARGET,63923492405,7713.5,2086
ordered_doji_expand,2026-08-27 05:53:16.000,-1,holdout,7711.5,63923493197,63923493777,STOP,63923493428,7714.0,4961
ordered_doji_expand,2026-08-27 06:52:22.000,1,holdout,7721.0,63923496743,63923496828,TARGET,63923496748,7722.25,1589
ordered_doji_expand,2026-08-27 07:36:58.000,1,holdout,7729.75,63923499419,63923499604,TARGET,63923499428,7731.0,1070
ordered_doji_expand,2026-08-27 08:19:40.000,-1,holdout,7741.0,63923501981,63923502471,TARGET,63923502106,7739.75,9128
ordered_doji_expand,2026-08-27 09:52:44.000,1,holdout,7750.5,63923507565,63923508484,TARGET,63923507645,7751.75,4056
ordered_doji_expand,2026-08-27 10:09:40.000,1,holdout,7754.5,63923508581,63923509574,TARGET,63923508636,7755.75,3159
ordered_doji_expand,2026-08-27 10:45:16.000,-1,holdout,7748.0,63923510717,63923511400,TARGET,63923510734,7746.75,2153
ordered_doji_expand,2026-08-27 11:20:06.000,-1,holdout,7734.5,63923512807,63923513274,TARGET,63923513012,7733.25,13406
ordered_doji_expand,2026-08-27 11:49:22.000,-1,holdout,7729.5,63923514563,63923515027,TARGET,63923514586,7728.25,1895
ordered_doji_expand,2026-08-27 12:47:42.000,1,holdout,7739.25,63923518063,63923518395,STOP,63923518200,7736.75,8605
ordered_doji_expand,2026-08-27 12:54:00.000,1,holdout,7741.25,63923518441,63923518682,TARGET,63923518470,7742.5,2398
ordered_doji_expand,2026-08-27 13:03:22.000,-1,holdout,7738.5,63923519003,63923520248,TARGET,63923519100,7737.25,1578
ordered_doji_expand,2026-08-27 15:07:32.000,1,holdout,7732.5,63923526454,63923527988,TARGET,63923527348,7733.75,4819
ordered_doji_expand,2026-08-27 15:54:40.000,-1,holdout,7732.0,63923529281,63923533248,TARGET,63923530259,7730.75,4132
ordered_doji_expand,2026-08-27 17:06:04.000,-1,holdout,7729.5,63923533565,63923534335,STOP,63923533789,7732.0,5611
ordered_doji_expand,2026-08-27 17:55:00.000,-1,holdout,7735.75,63923536501,63923539610,STOP,63923537391,7738.25,14742
ordered_doji_expand,2026-08-27 19:05:28.000,1,holdout,7745.0,63923540729,63923543542,TARGET,63923540852,7746.25,1368
ordered_doji_expand,2026-08-27 19:56:02.000,1,holdout,7740.75,63923543763,63923546641,TARGET,63923544195,7742.0,3238
ordered_doji_expand,2026-08-27 21:00:28.000,-1,holdout,7741.25,63923547629,63923552734,TARGET,63923547705,7740.0,806
ordered_doji_expand,2026-08-27 22:36:22.000,-1,holdout,7734.5,63923553383,63923555435,TARGET,63923553416,7733.25,504
ordered_doji_expand,2026-08-27 23:10:48.000,1,holdout,7734.75,63923555449,63923556848,TARGET,63923555872,7736.0,4087
ordered_doji_expand,2026-08-27 23:35:20.000,1,holdout,7737.5,63923556921,63923558520,TARGET,63923557477,7738.75,5676
ordered_doji_expand,2026-08-28 00:12:06.000,1,holdout,7740.25,63923559128,63923560753,TARGET,63923559239,7741.5,1815
ordered_doji_expand,2026-08-28 00:47:02.000,1,holdout,7740.5,63923561223,63923562222,TARGET,63923561321,7741.75,1216
ordered_doji_expand,2026-08-28 01:08:18.000,-1,holdout,7736.75,63923562499,63923563962,STOP,63923562750,7739.25,4158
ordered_doji_expand,2026-08-28 01:34:06.000,1,holdout,7744.0,63923564048,63923565623,TARGET,63923564201,7745.25,2225
ordered_doji_expand,2026-08-28 02:05:14.000,-1,holdout,7738.25,63923565915,63923567638,TARGET,63923566853,7737.0,11686
ordered_doji_expand,2026-08-28 02:36:42.000,-1,holdout,7738.75,63923567803,63923570380,TARGET,63923567908,7737.5,1122
ordered_doji_expand,2026-08-28 03:39:38.000,1,holdout,7740.25,63923571579,63923573156,STOP,63923571839,7737.75,2961
ordered_doji_expand,2026-08-28 04:10:04.000,-1,holdout,7738.0,63923573405,63923575440,STOP,63923573731,7740.5,4595
ordered_doji_expand,2026-08-28 05:04:40.000,1,holdout,7742.5,63923576681,63923577717,TARGET,63923576780,7743.75,1122
ordered_doji_expand,2026-08-28 05:31:08.000,-1,holdout,7747.5,63923578269,63923579439,TARGET,63923578298,7746.25,698
ordered_doji_expand,2026-08-28 05:57:22.000,-1,holdout,7749.5,63923579843,63923580468,STOP,63923580092,7752.0,6707
ordered_doji_expand,2026-08-28 06:27:58.000,-1,holdout,7743.25,63923581679,63923581807,STOP,63923581684,7745.75,1272
ordered_doji_expand,2026-08-28 07:58:14.000,1,holdout,7777.75,63923587095,63923587370,TARGET,63923587152,7779.0,8380
ordered_doji_expand,2026-08-28 10:01:14.000,-1,holdout,7717.0,63923594475,63923594566,TARGET,63923594528,7715.75,16727
ordered_doji_expand,2026-08-28 10:52:18.000,1,holdout,7724.75,63923597539,63923597851,TARGET,63923597558,7726.0,1483
ordered_doji_expand,2026-08-28 10:58:52.000,1,holdout,7723.75,63923597933,63923598256,TARGET,63923597969,7725.0,2354
ordered_doji_expand,2026-08-28 11:50:48.000,-1,holdout,7714.0,63923601049,63923601402,TARGET,63923601165,7712.75,12011
ordered_doji_expand,2026-08-28 13:01:06.000,-1,holdout,7722.25,63923605267,63923607850,TARGET,63923605521,7721.0,6999
ordered_doji_expand,2026-08-28 13:46:06.000,1,holdout,7725.5,63923607967,63923785201,STOP,63923608388,7723.0,2823
ordered_doji_expand,2026-08-30 15:11:06.000,-1,holdout,7707.25,63923785867,63923786875,STOP,63923785948,7709.75,1089
ordered_doji_expand,2026-08-30 15:35:34.000,-1,holdout,7709.5,63923787335,63923787960,TARGET,63923787396,7708.25,707
ordered_doji_expand,2026-08-30 15:47:42.000,1,holdout,7708.0,63923788063,63923790147,TARGET,63923788617,7709.25,3086
ordered_doji_expand,2026-08-30 16:52:44.000,1,holdout,7693.5,63923791965,63923792399,STOP,63923792144,7691.0,5209
ordered_doji_expand,2026-08-30 17:08:20.000,1,holdout,7688.0,63923792901,63923793420,TARGET,63923792981,7689.25,2567
ordered_doji_expand,2026-08-30 17:20:46.000,1,holdout,7697.25,63923793647,63923794704,TARGET,63923793772,7698.5,2875
ordered_doji_expand,2026-08-30 17:41:22.000,-1,holdout,7701.5,63923794883,63923795784,TARGET,63923795203,7700.25,6136
ordered_doji_expand,2026-08-30 18:10:24.000,-1,holdout,7690.5,63923796625,63923796936,TARGET,63923796651,7689.25,919
ordered_doji_expand,2026-08-30 18:36:30.000,-1,holdout,7688.25,63923798191,63923798708,STOP,63923798365,7690.75,4936
ordered_doji_expand,2026-08-30 18:59:02.000,-1,holdout,7688.75,63923799543,63923799958,TARGET,63923799553,7687.5,192
ordered_doji_expand,2026-08-30 19:16:28.000,-1,holdout,7694.25,63923800589,63923800810,TARGET,63923800705,7693.0,1925
ordered_doji_expand,2026-08-30 19:28:58.000,1,holdout,7691.0,63923801339,63923801824,STOP,63923801510,7688.5,4793
ordered_doji_expand,2026-08-30 19:51:28.000,-1,holdout,7685.25,63923802689,63923803783,STOP,63923802868,7687.75,2968
ordered_doji_expand,2026-08-30 20:33:38.000,-1,holdout,7692.75,63923805219,63923807662,TARGET,63923805377,7691.5,1924
ordered_doji_expand,2026-08-30 21:26:00.000,1,holdout,7692.75,63923808361,63923809908,TARGET,63923808975,7694.0,4758
ordered_doji_expand,2026-08-30 22:00:40.000,-1,holdout,7699.75,63923810441,63923811589,STOP,63923810656,7702.25,3329
ordered_doji_expand,2026-08-30 23:21:30.000,1,holdout,7709.25,63923815291,63923817324,TARGET,63923816299,7710.5,11513
ordered_doji_expand,2026-08-31 00:59:58.000,1,holdout,7709.75,63923821199,63923821278,TARGET,63923821233,7711.0,1719
ordered_doji_expand,2026-08-31 01:03:22.000,-1,holdout,7710.25,63923821403,63923822101,STOP,63923821671,7712.75,6226
ordered_doji_expand,2026-08-31 01:15:26.000,-1,holdout,7710.25,63923822127,63923822802,STOP,63923822223,7712.75,1236
ordered_doji_expand,2026-08-31 01:53:50.000,1,holdout,7713.75,63923824431,63923825521,STOP,63923824981,7711.25,6514
ordered_doji_expand,2026-08-31 02:37:16.000,1,holdout,7713.0,63923827037,63923828702,STOP,63923827211,7710.5,1600
ordered_doji_expand,2026-08-31 03:17:44.000,-1,holdout,7707.25,63923829465,63923830784,STOP,63923830071,7709.75,8024
ordered_doji_expand,2026-08-31 04:29:34.000,1,holdout,7711.0,63923833775,63923834729,STOP,63923833963,7708.5,3396
ordered_doji_expand,2026-08-31 05:21:22.000,-1,holdout,7707.0,63923836883,63923837152,TARGET,63923836896,7705.75,417
ordered_doji_expand,2026-08-31 05:35:10.000,1,holdout,7699.25,63923837711,63923837942,TARGET,63923837724,7700.5,426
ordered_doji_expand,2026-08-31 05:56:46.000,1,holdout,7694.0,63923839007,63923839618,TARGET,63923839128,7695.25,3126
ordered_doji_expand,2026-08-31 06:09:50.000,1,holdout,7696.0,63923839791,63923840730,TARGET,63923839937,7697.25,3312
ordered_doji_expand,2026-08-31 07:30:56.000,1,holdout,7678.75,63923844657,63923844921,STOP,63923844709,7676.25,7510
ordered_doji_expand,2026-08-31 08:10:42.000,1,holdout,7687.0,63923847043,63923847316,STOP,63923847081,7684.5,4275
ordered_doji_expand,2026-08-31 08:28:22.000,1,holdout,7688.5,63923848103,63923848335,TARGET,63923848120,7689.75,1748
ordered_doji_expand,2026-08-31 08:54:54.000,-1,holdout,7688.75,63923849695,63923850018,TARGET,63923849750,7687.5,4429
ordered_doji_expand,2026-08-31 09:25:42.000,1,holdout,7683.25,63923851543,63923851921,TARGET,63923851613,7684.5,4124
ordered_doji_expand,2026-08-31 09:53:34.000,1,holdout,7687.5,63923853215,63923853913,STOP,63923853673,7685.0,23297
ordered_doji_expand,2026-08-31 11:37:04.000,-1,holdout,7684.75,63923859425,63923859809,TARGET,63923859492,7683.5,4154
ordered_doji_expand,2026-08-31 11:57:28.000,1,holdout,7685.5,63923860649,63923861158,TARGET,63923860755,7686.75,5685
ordered_doji_expand,2026-08-31 13:14:04.000,-1,holdout,7701.5,63923865245,63923871635,NONE,,,16487
ordered_doji_expand,2026-08-31 15:02:00.000,1,holdout,7702.5,63923871721,63923875630,NONE,,,13794
ordered_doji_expand,2026-08-31 16:39:16.000,-1,holdout,7703.0,63923877557,63923878815,NONE,,,14551
ordered_doji_expand,2026-08-31 17:05:14.000,1,holdout,7705.75,63923879115,63923879856,TARGET,63923879124,7707.0,402
ordered_doji_expand,2026-08-31 17:19:46.000,1,holdout,7707.0,63923879987,63923881303,TARGET,63923880068,7708.25,1692
ordered_doji_expand,2026-08-31 18:08:52.000,1,holdout,7704.25,63923882933,63923884367,STOP,63923883923,7701.75,19037
ordered_doji_expand,2026-08-31 18:55:30.000,-1,holdout,7702.5,63923885731,63923887847,TARGET,63923886360,7701.25,10679
ordered_doji_expand,2026-08-31 19:35:04.000,-1,holdout,7697.25,63923888105,63923891165,TARGET,63923888150,7696.0,728
ordered_doji_expand,2026-08-31 20:32:12.000,1,holdout,7696.75,63923891533,63923895580,TARGET,63923892109,7698.0,6042
ordered_doji_expand,2026-08-31 21:55:08.000,-1,holdout,7693.5,63923896509,63923898650,TARGET,63923896704,7692.25,2151
ordered_doji_expand,2026-08-31 22:37:40.000,1,holdout,7697.75,63923899061,63923900132,TARGET,63923899089,7699.0,633
ordered_doji_expand,2026-08-31 23:04:22.000,-1,holdout,7702.75,63923900663,63923901951,TARGET,63923900714,7701.5,1062
ordered_doji_expand,2026-08-31 23:28:56.000,-1,holdout,7698.0,63923902137,63923903811,TARGET,63923902174,7696.75,527
ordered_doji_expand,2026-09-01 00:35:20.000,-1,holdout,7698.25,63923906121,63923906715,TARGET,63923906138,7697.0,848
ordered_doji_expand,2026-09-01 00:48:06.000,1,holdout,7691.5,63923906887,63923907600,TARGET,63923906900,7692.75,402
ordered_doji_expand,2026-09-01 01:52:42.000,1,holdout,7662.25,63923910763,63923911060,TARGET,63923910785,7663.5,622
ordered_doji_expand,2026-09-01 02:20:50.000,-1,holdout,7650.5,63923912451,63923912999,TARGET,63923912826,7649.25,12433
ordered_doji_expand,2026-09-01 02:37:24.000,-1,holdout,7651.75,63923913445,63923914413,TARGET,63923913453,7650.5,416
ordered_doji_expand,2026-09-01 03:09:56.000,-1,holdout,7653.25,63923915397,63923916063,STOP,63923915525,7655.75,2732
ordered_doji_expand,2026-09-01 03:21:22.000,1,holdout,7657.0,63923916083,63923917219,TARGET,63923916092,7658.25,224
ordered_doji_expand,2026-09-01 03:42:58.000,-1,holdout,7661.0,63923917379,63923917736,TARGET,63923917485,7659.75,2700
ordered_doji_expand,2026-09-01 04:03:06.000,1,holdout,7655.75,63923918587,63923918944,STOP,63923918732,7653.25,3676
ordered_doji_expand,2026-09-01 04:44:46.000,-1,holdout,7661.25,63923921087,63923921716,TARGET,63923921117,7660.0,804
ordered_doji_expand,2026-09-01 05:19:06.000,-1,holdout,7652.25,63923923147,63923923571,TARGET,63923923175,7651.0,1058
ordered_doji_expand,2026-09-01 05:27:54.000,1,holdout,7653.75,63923923675,63923924141,STOP,63923923848,7651.25,4734
ordered_doji_expand,2026-09-01 06:22:44.000,1,holdout,7646.75,63923926965,63923927402,TARGET,63923927078,7648.0,3135
ordered_doji_expand,2026-09-01 08:26:48.000,1,holdout,7661.5,63923934409,63923934707,STOP,63923934514,7659.0,7995
ordered_doji_expand,2026-09-01 09:50:32.000,-1,holdout,7645.0,63923939433,63923939799,STOP,63923939458,7647.5,1880
ordered_doji_expand,2026-09-01 10:11:18.000,1,holdout,7644.5,63923940679,63923941091,TARGET,63923940708,7645.75,2642
ordered_doji_expand,2026-09-01 10:39:34.000,1,holdout,7647.0,63923942375,63923942811,TARGET,63923942503,7648.25,9426
ordered_doji_expand,2026-09-01 10:53:34.000,-1,holdout,7643.25,63923943215,63923943755,TARGET,63923943238,7642.0,1565
ordered_doji_expand,2026-09-01 11:06:30.000,-1,holdout,7642.0,63923943991,63923944545,TARGET,63923944409,7640.75,24014
ordered_doji_expand,2026-09-01 11:18:12.000,1,holdout,7644.75,63923944693,63923945279,STOP,63923944998,7642.25,14463
ordered_doji_expand,2026-09-01 11:31:52.000,-1,holdout,7636.5,63923945513,63923945973,TARGET,63923945631,7635.25,8995
ordered_doji_expand,2026-09-01 12:33:34.000,-1,holdout,7635.0,63923949215,63923949660,STOP,63923949287,7637.5,5714
ordered_doji_expand,2026-09-01 13:07:14.000,1,holdout,7643.75,63923951235,63923953362,TARGET,63923951246,7645.0,215
ordered_doji_expand,2026-09-01 13:54:12.000,-1,holdout,7647.25,63923954053,63923958231,TARGET,63923958024,7646.0,3560
ordered_doji_expand,2026-09-01 15:05:18.000,-1,holdout,7642.75,63923958319,63923960125,TARGET,63923958448,7641.5,459
ordered_doji_expand,2026-09-01 16:52:12.000,-1,holdout,7646.0,63923964733,63923965658,TARGET,63923965367,7644.75,11575
ordered_doji_expand,2026-09-01 17:29:42.000,-1,holdout,7644.5,63923966983,63923967653,TARGET,63923967062,7643.25,2701
ordered_doji_expand,2026-09-01 17:46:42.000,1,holdout,7646.25,63923968003,63923969023,STOP,63923968233,7643.75,4319
ordered_doji_expand,2026-09-01 18:06:20.000,-1,holdout,7640.0,63923969181,63923970213,TARGET,63923969588,7638.75,7508
ordered_doji_expand,2026-09-01 18:28:22.000,-1,holdout,7641.0,63923970503,63923971630,TARGET,63923970613,7639.75,2314
ordered_doji_expand,2026-09-01 18:59:54.000,1,holdout,7637.25,63923972395,63923973845,STOP,63923972592,7634.75,4965
ordered_doji_expand,2026-09-01 20:02:58.000,-1,holdout,7640.25,63923976179,63923978238,TARGET,63923976328,7639.0,1873
ordered_doji_expand,2026-09-01 21:38:54.000,-1,holdout,7634.75,63923981935,63923984025,TARGET,63923983371,7633.5,15856
ordered_doji_expand,2026-09-01 22:43:20.000,1,holdout,7640.5,63923985802,63923987066,TARGET,63923985873,7641.75,1769
ordered_doji_expand,2026-09-01 23:36:04.000,1,holdout,7635.5,63923988965,63923989508,TARGET,63923989153,7636.75,4486
ordered_doji_expand,2026-09-01 23:53:34.000,-1,holdout,7637.5,63923990015,63923990780,STOP,63923990297,7640.0,4229
ordered_doji_expand,2026-09-02 00:20:34.000,-1,holdout,7644.75,63923991635,63923992289,TARGET,63923991761,7643.5,2774
ordered_doji_expand,2026-09-02 00:40:04.000,-1,holdout,7639.75,63923992805,63923993468,TARGET,63923993117,7638.5,7817
ordered_doji_expand,2026-09-02 01:13:48.000,1,holdout,7641.0,63923994829,63923995449,STOP,63923995191,7638.5,9157
ordered_doji_expand,2026-09-02 01:25:28.000,-1,holdout,7636.5,63923995529,63923996031,STOP,63923995888,7639.0,8499
ordered_doji_expand,2026-09-02 01:47:26.000,-1,holdout,7633.25,63923996847,63923997362,TARGET,63923997029,7632.0,2826
ordered_doji_expand,2026-09-02 02:22:02.000,-1,holdout,7625.75,63923998923,63923999904,TARGET,63923998999,7624.5,1952
ordered_doji_expand,2026-09-02 03:00:34.000,1,holdout,7626.0,63924001235,63924002209,STOP,63924001361,7623.5,3060
ordered_doji_expand,2026-09-02 03:23:54.000,-1,holdout,7625.0,63924002636,63924003532,STOP,63924002792,7627.5,2690
ordered_doji_expand,2026-09-02 03:43:36.000,-1,holdout,7623.0,63924003817,63924005000,STOP,63924004779,7625.5,16182
ordered_doji_expand,2026-09-02 04:41:56.000,-1,holdout,7638.25,63924007317,63924008200,TARGET,63924007400,7637.0,2026
ordered_doji_expand,2026-09-02 05:19:44.000,-1,holdout,7649.75,63924009585,63924009657,STOP,63924009642,7652.25,1642
ordered_doji_expand,2026-09-02 05:27:50.000,-1,holdout,7650.5,63924010071,63924010816,TARGET,63924010252,7649.25,4630
ordered_doji_expand,2026-09-02 06:19:48.000,1,holdout,7646.0,63924013189,63924013635,TARGET,63924013340,7647.25,5005
ordered_doji_expand,2026-09-02 07:12:38.000,-1,holdout,7663.75,63924016359,63924016619,STOP,63924016413,7666.25,10190
ordered_doji_expand,2026-09-02 08:34:26.000,-1,holdout,7688.25,63924021267,63924021700,TARGET,63924021293,7687.0,2713
ordered_doji_expand,2026-09-02 08:55:42.000,-1,holdout,7678.75,63924022543,63924023057,STOP,63924022690,7681.25,11345
ordered_doji_expand,2026-09-02 09:06:04.000,1,holdout,7684.5,63924023165,63924023750,STOP,63924023722,7682.0,35483
ordered_doji_expand,2026-09-02 09:31:50.000,1,holdout,7677.0,63924024711,63924025205,TARGET,63924024740,7678.25,2408
ordered_doji_expand,2026-09-02 09:44:54.000,-1,holdout,7673.75,63924025495,63924026044,STOP,63924025586,7676.25,6130
ordered_doji_expand,2026-09-02 09:57:40.000,-1,holdout,7676.5,63924026261,63924026916,TARGET,63924026346,7675.25,3710
ordered_doji_expand,2026-09-02 10:41:24.000,-1,holdout,7670.5,63924028885,63924029179,STOP,63924028951,7673.0,2058
ordered_doji_expand,2026-09-02 11:03:18.000,1,holdout,7676.75,63924030199,63924031125,TARGET,63924030204,7678.0,430
ordered_doji_expand,2026-09-02 12:00:26.000,1,holdout,7674.75,63924033627,63924034564,TARGET,63924033788,7676.0,6312
ordered_doji_expand,2026-09-02 13:06:26.000,1,holdout,7681.25,63924037587,63924038105,TARGET,63924037621,7682.5,581
ordered_doji_expand,2026-09-02 13:38:40.000,-1,holdout,7671.0,63924039522,63924044407,TARGET,63924039898,7669.75,3540
ordered_doji_expand,2026-09-02 15:01:18.000,1,holdout,7674.5,63924044479,63924045799,STOP,63924044514,7672.0,381
ordered_doji_expand,2026-09-02 15:29:38.000,-1,holdout,7678.0,63924046179,63924050702,TARGET,63924047230,7676.75,5159
ordered_doji_expand,2026-09-02 16:53:44.000,-1,holdout,7680.25,63924051226,63924052334,TARGET,63924051601,7679.0,3934
ordered_doji_expand,2026-09-02 17:15:38.000,-1,holdout,7673.5,63924052539,63924055540,TARGET,63924052936,7672.25,8642
ordered_doji_expand,2026-09-02 18:29:08.000,1,holdout,7675.75,63924056949,63924058247,TARGET,63924057060,7677.0,3486
ordered_doji_expand,2026-09-02 18:54:44.000,-1,holdout,7674.0,63924058485,63924060219,TARGET,63924058664,7672.75,3733
ordered_doji_expand,2026-09-02 20:04:04.000,1,holdout,7679.5,63924062645,63924065375,TARGET,63924063312,7680.75,6191
ordered_doji_expand,2026-09-02 20:50:24.000,1,holdout,7682.75,63924065426,63924068911,TARGET,63924066517,7684.0,10525
ordered_doji_expand,2026-09-02 22:04:30.000,-1,holdout,7676.5,63924069871,63924070665,TARGET,63924069969,7675.25,2010
ordered_doji_expand,2026-09-02 22:50:38.000,1,holdout,7675.75,63924072639,63924073467,TARGET,63924072717,7677.0,2438
ordered_doji_expand,2026-09-02 23:27:26.000,1,holdout,7676.5,63924074848,63924075580,TARGET,63924075109,7677.75,6360
ordered_doji_expand,2026-09-02 23:57:48.000,-1,holdout,7673.0,63924076670,63924076944,STOP,63924076829,7675.5,5263
ordered_doji_expand,2026-09-03 00:08:32.000,-1,holdout,7678.75,63924077313,63924077790,TARGET,63924077402,7677.5,3700
ordered_doji_expand,2026-09-03 00:28:04.000,1,holdout,7678.25,63924078485,63924078968,TARGET,63924078526,7679.5,1333
ordered_doji_expand,2026-09-03 00:41:50.000,1,holdout,7685.25,63924079311,63924079890,STOP,63924079558,7682.75,5809
ordered_doji_expand,2026-09-03 00:53:36.000,1,holdout,7681.75,63924080017,63924080557,TARGET,63924080070,7683.0,947
ordered_doji_expand,2026-09-03 01:28:58.000,-1,holdout,7687.25,63924082139,63924082730,STOP,63924082189,7689.75,1622
ordered_doji_expand,2026-09-03 02:56:36.000,-1,holdout,7674.5,63924087397,63924087941,TARGET,63924087511,7673.25,2306
ordered_doji_expand,2026-09-03 03:24:58.000,-1,holdout,7671.0,63924089099,63924090091,STOP,63924089633,7673.5,10569
ordered_doji_expand,2026-09-03 03:52:12.000,1,holdout,7671.0,63924090733,63924091298,TARGET,63924090786,7672.25,571
ordered_doji_expand,2026-09-03 04:18:12.000,-1,holdout,7682.0,63924092293,63924092980,STOP,63924092307,7684.5,304
ordered_doji_expand,2026-09-03 04:58:14.000,1,holdout,7675.0,63924094695,63924095102,TARGET,63924094874,7676.25,5206
ordered_doji_expand,2026-09-03 05:12:52.000,-1,holdout,7678.5,63924095573,63924096096,TARGET,63924095606,7677.25,1003
ordered_doji_expand,2026-09-03 08:14:10.000,1,holdout,7740.0,63924106451,63924106759,TARGET,63924106499,7741.25,4983
ordered_doji_expand,2026-09-03 08:47:20.000,-1,holdout,7753.0,63924108441,63924109054,STOP,63924108518,7755.5,6356
ordered_doji_expand,2026-09-03 09:26:46.000,-1,holdout,7748.75,63924110807,63924111489,STOP,63924111062,7751.25,19531
ordered_doji_expand,2026-09-03 10:05:20.000,1,holdout,7754.5,63924113121,63924114015,STOP,63924113235,7752.0,4718
ordered_doji_expand,2026-09-03 10:22:20.000,-1,holdout,7747.75,63924114141,63924114976,STOP,63924114359,7750.25,12616
ordered_doji_expand,2026-09-03 10:51:06.000,1,holdout,7756.5,63924115867,63924116474,TARGET,63924115877,7757.75,566
ordered_doji_expand,2026-09-03 11:05:54.000,1,holdout,7764.25,63924116755,63924117626,TARGET,63924117338,7765.5,27028
ordered_doji_expand,2026-09-03 11:23:38.000,-1,holdout,7762.0,63924117819,63924119187,STOP,63924117984,7764.5,6894
ordered_doji_expand,2026-09-03 12:12:14.000,-1,holdout,7761.0,63924120735,63924121803,TARGET,63924120852,7759.75,4113
ordered_doji_expand,2026-09-03 12:36:32.000,1,holdout,7759.75,63924122193,63924122939,TARGET,63924122270,7761.0,4090
ordered_doji_expand,2026-09-03 12:50:44.000,-1,holdout,7757.0,63924123045,63924123510,TARGET,63924123300,7755.75,20143
ordered_doji_expand,2026-09-03 13:20:58.000,-1,holdout,7750.5,63924124859,63924130800,TARGET,63924126575,7749.25,12258
ordered_doji_expand,2026-09-03 15:06:26.000,-1,holdout,7749.75,63924131188,63924137427,TARGET,63924131387,7748.5,377
ordered_doji_expand,2026-09-03 16:52:46.000,-1,holdout,7753.0,63924137567,63924139016,TARGET,63924138001,7751.75,3759
ordered_doji_expand,2026-09-03 18:17:54.000,1,holdout,7754.5,63924142675,63924145927,TARGET,63924142854,7755.75,1637
ordered_doji_expand,2026-09-03 19:30:54.000,1,holdout,7758.75,63924147055,63924153209,STOP,63924147307,7756.25,2080
ordered_doji_expand,2026-09-03 21:18:46.000,-1,holdout,7757.75,63924153528,63924158929,STOP,63924154066,7760.25,2742
ordered_doji_expand,2026-09-03 22:50:26.000,-1,holdout,7760.5,63924159027,63924161608,STOP,63924160292,7763.0,15234
ordered_doji_expand,2026-09-03 23:44:50.000,-1,holdout,7759.5,63924162291,63924164206,TARGET,63924162422,7758.25,1290
ordered_doji_expand,2026-09-04 00:36:36.000,-1,holdout,7760.5,63924165397,63924167022,TARGET,63924165439,7759.25,713
ordered_doji_expand,2026-09-04 01:27:34.000,1,holdout,7760.75,63924168455,63924170536,TARGET,63924168571,7762.0,2116
ordered_doji_expand,2026-09-04 02:05:02.000,-1,holdout,7761.75,63924170703,63924173974,TARGET,63924170820,7760.5,1326
ordered_doji_expand,2026-09-04 04:11:46.000,-1,holdout,7757.25,63924178307,63924181354,STOP,63924179127,7759.75,8588
ordered_doji_expand,2026-09-04 05:05:20.000,-1,holdout,7754.75,63924181521,63924181902,TARGET,63924181541,7753.5,686
ordered_doji_expand,2026-09-04 06:07:52.000,-1,holdout,7736.0,63924185273,63924185782,STOP,63924185589,7738.5,16692
ordered_doji_expand,2026-09-04 06:16:54.000,1,holdout,7741.25,63924185815,63924186460,STOP,63924185866,7738.75,2517
ordered_doji_expand,2026-09-04 07:58:20.000,1,holdout,7718.0,63924191901,63924192118,STOP,63924191975,7715.5,11104
ordered_doji_expand,2026-09-04 09:07:46.000,1,holdout,7724.25,63924196067,63924196998,TARGET,63924196092,7725.5,1465
ordered_doji_expand,2026-09-04 10:01:20.000,-1,holdout,7729.75,63924199281,63924199919,TARGET,63924199335,7728.5,3251
ordered_doji_expand,2026-09-04 10:42:06.000,-1,holdout,7716.25,63924201727,63924202278,TARGET,63924201750,7715.0,1489
ordered_doji_expand,2026-09-04 10:58:54.000,1,holdout,7717.0,63924202735,63924203471,STOP,63924202899,7714.5,12017
ordered_doji_expand,2026-09-04 11:24:10.000,-1,holdout,7720.5,63924204251,63924205290,TARGET,63924204428,7719.25,7322
ordered_doji_expand,2026-09-04 12:40:22.000,-1,holdout,7718.75,63924208823,63924209437,STOP,63924208888,7721.25,3174
ordered_doji_expand,2026-09-04 13:24:08.000,-1,holdout,7716.75,63924211449,63924390015,TARGET,63924211860,7715.5,3062
ordered_doji_expand,2026-09-06 15:01:24.000,1,holdout,7720.75,63924390085,63924394194,TARGET,63924390090,7722.0,113
ordered_doji_expand,2026-09-06 16:37:28.000,1,holdout,7721.75,63924395849,63924397534,STOP,63924397025,7719.25,14297
ordered_doji_expand,2026-09-06 17:18:04.000,-1,holdout,7721.25,63924398285,63924400632,TARGET,63924398331,7720.0,855
ordered_doji_expand,2026-09-06 17:59:22.000,-1,holdout,7716.75,63924400763,63924402018,STOP,63924400985,7719.25,6547
ordered_doji_expand,2026-09-06 18:22:10.000,1,holdout,7716.25,63924402131,63924404157,TARGET,63924402311,7717.5,2711
ordered_doji_expand,2026-09-06 19:56:18.000,-1,holdout,7717.5,63924407779,63924410274,TARGET,63924407848,7716.25,973
ordered_doji_expand,2026-09-06 20:48:04.000,1,holdout,7716.5,63924410885,63924414925,STOP,63924411637,7714.0,6809
ordered_doji_expand,2026-09-06 22:03:56.000,-1,holdout,7713.0,63924415438,63924417931,TARGET,63924415937,7711.75,5768
ordered_doji_expand,2026-09-06 23:52:54.000,1,holdout,7721.5,63924421975,63924423086,TARGET,63924422166,7722.75,1384
ordered_doji_expand,2026-09-07 00:27:10.000,-1,holdout,7723.75,63924424031,63924425020,TARGET,63924424071,7722.5,565
ordered_doji_expand,2026-09-07 01:16:26.000,1,holdout,7723.0,63924426987,63924429262,STOP,63924428722,7720.5,33218
ordered_doji_expand,2026-09-07 01:56:44.000,-1,holdout,7721.25,63924429405,63924432040,TARGET,63924430096,7720.0,7559
ordered_doji_expand,2026-09-07 02:59:00.000,-1,holdout,7717.0,63924433141,63924435970,STOP,63924434444,7719.5,13830
ordered_doji_expand,2026-09-07 04:00:58.000,-1,holdout,7711.5,63924436859,63924437273,TARGET,63924436867,7710.25,349
ordered_doji_expand,2026-09-07 04:23:16.000,-1,holdout,7706.0,63924438197,63924439870,STOP,63924438643,7708.5,7315
ordered_doji_expand,2026-09-07 05:09:16.000,-1,holdout,7707.0,63924440957,63924442939,TARGET,63924441092,7705.75,2033
ordered_doji_expand,2026-09-07 05:42:32.000,-1,holdout,7706.25,63924442953,63924444049,STOP,63924443415,7708.75,5482
ordered_doji_expand,2026-09-07 06:11:00.000,1,holdout,7711.75,63924444661,63924445847,TARGET,63924444748,7713.0,1084
ordered_doji_expand,2026-09-07 06:36:42.000,-1,holdout,7713.25,63924446203,63924447498,TARGET,63924446419,7712.0,5673
ordered_doji_expand,2026-09-07 07:26:16.000,-1,holdout,7709.0,63924449177,63924451057,TARGET,63924449544,7707.75,5755
ordered_doji_expand,2026-09-07 08:03:26.000,1,holdout,7707.5,63924451407,63924453274,STOP,63924451904,7705.0,9687
ordered_doji_expand,2026-09-07 09:46:36.000,-1,holdout,7709.25,63924457597,63924476410,TARGET,63924460896,7705.5,3551
ordered_doji_expand,2026-09-07 15:35:40.000,-1,holdout,7703.5,63924478541,63924481005,TARGET,63924481005,7702.0,13958
ordered_doji_expand,2026-09-07 16:17:32.000,-1,holdout,7701.5,63924481053,63924482244,TARGET,63924481122,7700.25,1009
ordered_doji_expand,2026-09-07 17:04:20.000,-1,holdout,7712.5,63924483861,63924484581,TARGET,63924484019,7711.25,5272
ordered_doji_expand,2026-09-07 17:25:44.000,1,holdout,7706.75,63924485145,63924486243,TARGET,63924485202,7708.0,2276
ordered_doji_expand,2026-09-07 17:58:42.000,-1,holdout,7711.75,63924487123,63924487685,TARGET,63924487211,7710.5,1778
ordered_doji_expand,2026-09-07 18:10:24.000,1,holdout,7711.25,63924487825,63924489337,TARGET,63924488430,7712.5,13547
ordered_doji_expand,2026-09-07 19:02:30.000,-1,holdout,7720.0,63924490951,63924493328,TARGET,63924491074,7718.75,1790
ordered_doji_expand,2026-09-07 20:58:02.000,1,holdout,7721.5,63924497883,63924500768,TARGET,63924497966,7722.75,1110
ordered_doji_expand,2026-09-07 22:08:06.000,-1,holdout,7720.5,63924502087,63924502654,TARGET,63924502125,7719.25,831
ordered_doji_expand,2026-09-07 22:20:52.000,1,holdout,7721.5,63924502853,63924503579,TARGET,63924502941,7722.75,1857
ordered_doji_expand,2026-09-07 22:42:20.000,-1,holdout,7712.75,63924504141,63924504949,TARGET,63924504195,7711.5,1907
ordered_doji_expand,2026-09-07 22:57:32.000,1,holdout,7706.75,63924505053,63924505511,STOP,63924505319,7704.25,7818
ordered_doji_expand,2026-09-08 00:53:16.000,-1,holdout,7691.5,63924511997,63924512411,TARGET,63924512083,7690.25,2934
ordered_doji_expand,2026-09-08 01:13:36.000,1,holdout,7691.75,63924513217,63924513513,TARGET,63924513290,7693.0,3806
ordered_doji_expand,2026-09-08 01:19:16.000,-1,holdout,7692.5,63924513557,63924513951,TARGET,63924513698,7691.25,6645
ordered_doji_expand,2026-09-08 03:52:42.000,-1,holdout,7697.5,63924522763,63924523488,TARGET,63924522815,7696.25,1913
ordered_doji_expand,2026-09-08 04:12:06.000,-1,holdout,7694.25,63924523927,63924524660,STOP,63924524116,7696.75,4695
ordered_doji_expand,2026-09-08 04:37:50.000,1,holdout,7700.5,63924525471,63924526138,STOP,63924525617,7698.0,2786
ordered_doji_expand,2026-09-08 04:50:04.000,1,holdout,7697.75,63924526205,63924526761,TARGET,63924526217,7699.0,526
ordered_doji_expand,2026-09-08 05:06:24.000,-1,holdout,7703.25,63924527185,63924527673,TARGET,63924527248,7702.0,2044
ordered_doji_expand,2026-09-08 05:58:18.000,1,holdout,7714.0,63924530299,63924530887,STOP,63924530538,7711.5,11640
ordered_doji_expand,2026-09-08 07:49:46.000,1,holdout,7693.5,63924536987,63924537273,TARGET,63924537037,7694.75,7343
ordered_doji_expand,2026-09-08 08:13:40.000,1,holdout,7703.25,63924538421,63924538895,STOP,63924538491,7700.75,6439
ordered_doji_expand,2026-09-08 08:44:12.000,1,holdout,7700.0,63924540253,63924540831,STOP,63924540447,7697.5,14805
ordered_doji_expand,2026-09-08 09:38:34.000,-1,holdout,7690.75,63924543515,63924544120,TARGET,63924543696,7689.5,11470
ordered_doji_expand,2026-09-08 10:26:24.000,-1,holdout,7693.5,63924546385,63924547078,STOP,63924546600,7696.0,10825
ordered_doji_expand,2026-09-08 10:44:14.000,-1,holdout,7694.75,63924547455,63924548029,STOP,63924547921,7697.25,21562
ordered_doji_expand,2026-09-08 10:57:18.000,-1,holdout,7695.5,63924548239,63924549382,STOP,63924548759,7698.0,26245
ordered_doji_expand,2026-09-08 13:31:08.000,-1,holdout,7674.5,63924557469,63924562812,STOP,63924557823,7677.0,3470
ordered_doji_expand,2026-09-08 15:08:40.000,-1,holdout,7679.5,63924563321,63924566222,TARGET,63924563705,7678.25,1640
ordered_doji_expand,2026-09-08 17:07:06.000,1,holdout,7684.25,63924570427,63924571093,STOP,63924570566,7681.75,4074
ordered_doji_expand,2026-09-08 18:01:16.000,1,holdout,7683.0,63924573677,63924575718,TARGET,63924574209,7684.25,13443
ordered_doji_expand,2026-09-08 19:01:54.000,1,holdout,7686.5,63924577315,63924580362,STOP,63924578051,7684.0,9642
ordered_doji_expand,2026-09-08 20:02:28.000,-1,holdout,7684.75,63924580949,63924583716,TARGET,63924581301,7683.5,4191
ordered_doji_expand,2026-09-08 20:53:48.000,-1,holdout,7683.0,63924584029,63924586249,TARGET,63924585047,7681.75,16975
ordered_doji_expand,2026-09-08 22:10:12.000,1,holdout,7689.0,63924588613,63924589994,STOP,63924589084,7686.5,4406
ordered_doji_expand,2026-09-08 23:00:16.000,1,holdout,7691.0,63924591617,63924593362,STOP,63924592108,7688.5,7013
ordered_doji_expand,2026-09-08 23:51:10.000,1,holdout,7687.75,63924594671,63924595999,STOP,63924594880,7685.25,3225
ordered_doji_expand,2026-09-09 00:35:48.000,1,holdout,7689.75,63924597349,63924598725,STOP,63924597581,7687.25,5337
ordered_doji_expand,2026-09-09 00:58:54.000,-1,holdout,7684.25,63924598735,63924599155,STOP,63924598905,7686.75,6205
ordered_doji_expand,2026-09-09 01:16:54.000,-1,holdout,7684.25,63924599815,63924601039,TARGET,63924600222,7683.0,7666
ordered_doji_expand,2026-09-09 01:44:20.000,-1,holdout,7679.0,63924601461,63924602459,STOP,63924601886,7681.5,11249
ordered_doji_expand,2026-09-09 02:06:56.000,-1,holdout,7679.5,63924602817,63924603827,TARGET,63924603042,7678.25,4150
ordered_doji_expand,2026-09-09 02:33:38.000,-1,holdout,7675.0,63924604419,63924605195,TARGET,63924604522,7673.75,2987
ordered_doji_expand,2026-09-09 02:49:36.000,-1,holdout,7668.25,63924605377,63924605765,TARGET,63924605508,7667.0,4941
ordered_doji_expand,2026-09-09 03:31:30.000,-1,holdout,7659.5,63924607891,63924608391,TARGET,63924608201,7658.25,12545
ordered_doji_expand,2026-09-09 04:07:28.000,1,holdout,7653.5,63924610049,63924610609,TARGET,63924610090,7654.75,1445
ordered_doji_expand,2026-09-09 04:23:08.000,1,holdout,7654.5,63924610989,63924611614,TARGET,63924611034,7655.75,1084
ordered_doji_expand,2026-09-09 04:53:00.000,-1,holdout,7656.75,63924612781,63924613297,TARGET,63924612917,7655.5,5677
ordered_doji_expand,2026-09-09 05:07:00.000,-1,holdout,7648.5,63924613621,63924614312,TARGET,63924613957,7647.25,14638
ordered_doji_expand,2026-09-09 05:27:02.000,-1,holdout,7647.5,63924614823,63924615357,TARGET,63924615003,7646.25,5919
ordered_doji_expand,2026-09-09 06:19:38.000,1,holdout,7657.0,63924617979,63924618600,TARGET,63924618301,7658.25,10727
ordered_doji_expand,2026-09-09 07:57:08.000,-1,holdout,7655.75,63924623829,63924624052,TARGET,63924623842,7654.5,1565
ordered_doji_expand,2026-09-09 08:59:14.000,1,holdout,7641.0,63924627555,63924627967,TARGET,63924627574,7642.25,2160
ordered_doji_expand,2026-09-09 09:55:56.000,-1,holdout,7645.75,63924630957,63924631326,TARGET,63924631232,7644.5,16891
ordered_doji_expand,2026-09-09 10:19:26.000,-1,holdout,7648.75,63924632367,63924632941,STOP,63924632557,7651.25,12982
ordered_doji_expand,2026-09-09 10:38:14.000,-1,holdout,7646.25,63924633495,63924634190,TARGET,63924633511,7645.0,1437
ordered_doji_expand,2026-09-09 10:52:48.000,1,holdout,7650.5,63924634369,63924635247,TARGET,63924634388,7651.75,967
ordered_doji_expand,2026-09-09 11:21:24.000,1,holdout,7647.75,63924636085,63924637119,TARGET,63924636164,7649.0,4048
ordered_doji_expand,2026-09-09 11:42:28.000,1,holdout,7652.5,63924637349,63924638295,STOP,63924637755,7650.0,17473
ordered_doji_expand,2026-09-09 13:02:36.000,-1,holdout,7644.0,63924642157,63924643829,TARGET,63924642212,7642.75,1267
ordered_doji_expand,2026-09-09 16:50:56.000,1,holdout,7649.0,63924655857,63924656808,TARGET,63924655946,7650.25,967
ordered_doji_expand,2026-09-09 17:20:46.000,-1,holdout,7653.75,63924657647,63924659321,STOP,63924658111,7656.25,10072
ordered_doji_expand,2026-09-09 18:05:12.000,1,holdout,7649.0,63924660313,63924661217,TARGET,63924660332,7650.25,984
ordered_doji_expand,2026-09-09 18:34:14.000,-1,holdout,7644.5,63924662055,63924663308,STOP,63924662406,7647.0,8778
ordered_doji_expand,2026-09-09 18:59:52.000,1,holdout,7651.75,63924663593,63924664836,STOP,63924664277,7649.25,17084
ordered_doji_expand,2026-09-09 19:39:06.000,1,holdout,7653.5,63924665947,63924668467,TARGET,63924666148,7654.75,3108
ordered_doji_expand,2026-09-09 21:30:14.000,-1,holdout,7656.25,63924672616,63924676120,STOP,63924673814,7658.75,10463
ordered_doji_expand,2026-09-09 22:50:44.000,-1,holdout,7663.0,63924677445,63924679341,TARGET,63924677701,7661.75,3306
ordered_doji_expand,2026-09-09 23:37:54.000,-1,holdout,7663.5,63924680275,63924682067,STOP,63924680398,7666.0,1740
ordered_doji_expand,2026-09-10 00:29:26.000,-1,holdout,7659.25,63924683367,63924684120,TARGET,63924683387,7658.0,497
ordered_doji_expand,2026-09-10 00:55:28.000,1,holdout,7660.75,63924684929,63924685721,TARGET,63924685254,7662.0,6785
ordered_doji_expand,2026-09-10 01:47:02.000,1,holdout,7655.25,63924688023,63924689312,STOP,63924688152,7652.75,2437
ordered_doji_expand,2026-09-10 02:47:10.000,1,holdout,7651.75,63924691631,63924692963,TARGET,63924691917,7653.0,5729
ordered_doji_expand,2026-09-10 03:32:18.000,-1,holdout,7648.75,63924694339,63924695220,TARGET,63924694466,7647.5,2844
ordered_doji_expand,2026-09-10 03:54:44.000,-1,holdout,7647.5,63924695685,63924695799,TARGET,63924695708,7646.25,402
ordered_doji_expand,2026-09-10 04:06:32.000,-1,holdout,7645.0,63924696393,63924697038,TARGET,63924696421,7643.75,771
ordered_doji_expand,2026-09-10 04:26:50.000,-1,holdout,7643.5,63924697611,63924698640,STOP,63924698027,7646.0,7636
ordered_doji_expand,2026-09-10 05:03:08.000,1,holdout,7633.5,63924699789,63924700077,STOP,63924699829,7631.0,3484
ordered_doji_expand,2026-09-10 05:17:56.000,-1,holdout,7629.5,63924700677,63924700975,TARGET,63924700798,7628.25,6713
ordered_doji_expand,2026-09-10 05:27:52.000,-1,holdout,7625.0,63924701273,63924701399,TARGET,63924701324,7623.75,1334
ordered_doji_expand,2026-09-10 06:22:22.000,1,holdout,7602.0,63924704543,63924704878,TARGET,63924704573,7603.25,2674
ordered_doji_expand,2026-09-10 08:56:46.000,-1,holdout,7601.75,63924713807,63924714015,STOP,63924713913,7604.25,14385
ordered_doji_expand,2026-09-10 09:13:46.000,1,holdout,7601.0,63924714827,63924715129,TARGET,63924714835,7602.25,1480
ordered_doji_expand,2026-09-10 09:41:14.000,1,holdout,7603.25,63924716475,63924716780,TARGET,63924716513,7604.5,4643
ordered_doji_expand,2026-09-10 10:09:06.000,-1,holdout,7608.75,63924718147,63924718438,STOP,63924718207,7611.25,4218
ordered_doji_expand,2026-09-10 10:14:06.000,-1,holdout,7610.5,63924718447,63924718920,TARGET,63924718501,7609.25,3531
ordered_doji_expand,2026-09-10 11:13:36.000,1,holdout,7597.0,63924722017,63924722417,TARGET,63924722050,7598.25,3294
ordered_doji_expand,2026-09-10 12:29:44.000,1,holdout,7596.25,63924726585,63924727007,TARGET,63924726772,7597.5,15876
ordered_doji_expand,2026-09-10 13:29:18.000,-1,holdout,7603.75,63924730159,63924735603,TARGET,63924731912,7602.5,11949
ordered_doji_expand,2026-09-10 15:01:36.000,1,holdout,7603.0,63924735698,63924736796,STOP,63924736027,7600.5,1394
ordered_doji_expand,2026-09-10 15:28:08.000,-1,holdout,7602.0,63924737289,63924738853,TARGET,63924737522,7600.75,2897
ordered_doji_expand,2026-09-10 16:42:06.000,-1,holdout,7600.5,63924741727,63924742844,TARGET,63924742195,7599.25,7115
ordered_doji_expand,2026-09-10 17:27:42.000,1,holdout,7608.25,63924744463,63924745265,STOP,63924744713,7605.75,7128
ordered_doji_expand,2026-09-10 18:31:52.000,1,holdout,7610.75,63924748313,63924749869,STOP,63924748745,7608.25,10619
ordered_doji_expand,2026-09-10 19:03:16.000,-1,holdout,7609.0,63924750197,63924751715,TARGET,63924751065,7607.75,12898
ordered_doji_expand,2026-09-10 19:32:26.000,-1,holdout,7604.0,63924751947,63924752938,STOP,63924752409,7606.5,7877
ordered_doji_expand,2026-09-10 19:53:40.000,-1,holdout,7605.0,63924753221,63924754631,TARGET,63924753273,7603.75,1098
ordered_doji_expand,2026-09-10 20:31:14.000,-1,holdout,7600.5,63924755475,63924756463,TARGET,63924755553,7599.25,2076
ordered_doji_expand,2026-09-10 20:50:42.000,-1,holdout,7599.5,63924756643,63924757307,STOP,63924756828,7602.0,3395
ordered_doji_expand,2026-09-10 21:02:54.000,-1,holdout,7599.0,63924757375,63924757863,STOP,63924757439,7601.5,2206
ordered_doji_expand,2026-09-10 21:17:58.000,-1,holdout,7605.0,63924758279,63924759759,STOP,63924758460,7607.5,4005
ordered_doji_expand,2026-09-10 22:21:32.000,-1,holdout,7613.0,63924762093,63924763512,TARGET,63924762586,7611.75,9178
ordered_doji_expand,2026-09-10 23:57:46.000,1,holdout,7631.25,63924767867,63924768612,TARGET,63924768053,7632.5,6605
ordered_doji_expand,2026-09-11 00:44:34.000,-1,holdout,7626.5,63924770675,63924771822,TARGET,63924770951,7625.25,5173
ordered_doji_expand,2026-09-11 01:03:56.000,-1,holdout,7626.5,63924771837,63924772391,TARGET,63924771868,7625.25,1073
ordered_doji_expand,2026-09-11 01:13:54.000,1,holdout,7627.5,63924772435,63924773052,TARGET,63924772443,7628.75,265
ordered_doji_expand,2026-09-11 01:36:16.000,-1,holdout,7635.75,63924773777,63924774668,TARGET,63924773997,7634.5,5972
ordered_doji_expand,2026-09-11 02:01:50.000,1,holdout,7647.0,63924775311,63924776028,STOP,63924775349,7644.5,1117
ordered_doji_expand,2026-09-11 03:15:50.000,-1,holdout,7641.5,63924779751,63924780979,TARGET,63924780453,7640.25,10559
ordered_doji_expand,2026-09-11 03:37:46.000,-1,holdout,7641.75,63924781067,63924782896,TARGET,63924781127,7640.5,1043
ordered_doji_expand,2026-09-11 04:15:26.000,-1,holdout,7635.75,63924783327,63924784139,STOP,63924783501,7638.25,3180
ordered_doji_expand,2026-09-11 04:34:42.000,-1,holdout,7637.25,63924784483,63924785587,TARGET,63924784525,7636.0,848
ordered_doji_expand,2026-09-11 05:14:48.000,1,holdout,7642.0,63924786889,63924787469,TARGET,63924786995,7643.25,2982
ordered_doji_expand,2026-09-11 08:06:16.000,1,holdout,7668.0,63924797177,63924797373,TARGET,63924797202,7669.25,4559
ordered_doji_expand,2026-09-11 08:29:08.000,-1,holdout,7677.25,63924798549,63924798944,TARGET,63924798624,7676.0,10542
ordered_doji_expand,2026-09-11 09:13:52.000,-1,holdout,7673.75,63924801233,63924801869,TARGET,63924801380,7672.5,9403
ordered_doji_expand,2026-09-11 09:38:54.000,-1,holdout,7668.75,63924802735,63924803075,TARGET,63924802793,7667.5,5326
ordered_doji_expand,2026-09-11 11:13:00.000,-1,holdout,7673.25,63924808381,63924808825,TARGET,63924808808,7672.0,20027
ordered_doji_expand,2026-09-11 11:39:30.000,-1,holdout,7670.75,63924809971,63924811161,TARGET,63924810191,7669.5,7068
ordered_doji_expand,2026-09-11 12:36:12.000,-1,holdout,7666.5,63924813373,63924814390,TARGET,63924814017,7665.25,23899
very_strong_compact_expand,2026-08-05 18:16:42.000,-1,development,7752.0,63921637003,63921638013,TARGET,63921637236,7750.75,6228
very_strong_compact_expand,2026-08-06 10:48:22.000,-1,development,7731.0,63921696503,63921696979,TARGET,63921696597,7729.75,6101
very_strong_compact_expand,2026-08-06 11:38:30.000,-1,development,7739.0,63921699511,63921700084,TARGET,63921699534,7737.75,2069
very_strong_compact_expand,2026-08-06 12:27:12.000,-1,development,7737.25,63921702433,63921702625,TARGET,63921702592,7736.0,13778
very_strong_compact_expand,2026-08-06 21:13:42.000,-1,development,7728.75,63921734023,63921735016,TARGET,63921734163,7727.5,2116
very_strong_compact_expand,2026-08-07 04:58:48.000,-1,development,7749.0,63921761929,63921762633,TARGET,63921762005,7747.75,2011
very_strong_compact_expand,2026-08-07 06:07:54.000,-1,development,7765.5,63921766075,63921766434,TARGET,63921766153,7764.25,3799
very_strong_compact_expand,2026-08-07 08:02:34.000,-1,development,7772.75,63921772955,63921773143,TARGET,63921772958,7771.5,1224
very_strong_compact_expand,2026-08-07 08:15:00.000,1,development,7778.75,63921773701,63921773993,STOP,63921773851,7776.25,21434
very_strong_compact_expand,2026-08-07 08:34:00.000,-1,development,7783.0,63921774841,63921775095,TARGET,63921774844,7781.75,726
very_strong_compact_expand,2026-08-09 21:43:36.000,1,development,7786.0,63921995017,63921998151,TARGET,63921995122,7787.25,1130
very_strong_compact_expand,2026-08-10 00:29:04.000,1,development,7792.5,63922004945,63922006316,TARGET,63922005488,7793.75,5028
very_strong_compact_expand,2026-08-10 01:20:34.000,-1,development,7790.75,63922008035,63922010416,TARGET,63922008070,7789.5,720
very_strong_compact_expand,2026-08-10 02:25:08.000,1,development,7793.25,63922011909,63922014512,STOP,63922012577,7790.75,4733
very_strong_compact_expand,2026-08-10 03:40:30.000,-1,development,7785.25,63922016431,63922017831,STOP,63922017130,7787.75,6258
very_strong_compact_expand,2026-08-10 04:21:54.000,1,development,7783.0,63922018915,63922020453,TARGET,63922019270,7784.25,4667
very_strong_compact_expand,2026-08-10 08:10:12.000,-1,development,7782.25,63922032613,63922032921,TARGET,63922032617,7781.0,805
very_strong_compact_expand,2026-08-10 09:41:46.000,-1,development,7769.25,63922038107,63922038370,STOP,63922038165,7771.75,7531
very_strong_compact_expand,2026-08-10 23:33:40.000,-1,development,7772.0,63922088021,63922089029,TARGET,63922088053,7770.75,984
very_strong_compact_expand,2026-08-11 09:35:50.000,1,development,7763.0,63922124151,63922124965,TARGET,63922124188,7764.25,1438
very_strong_compact_expand,2026-08-11 17:16:22.000,1,development,7752.0,63922151783,63922153329,TARGET,63922151800,7753.25,590
very_strong_compact_expand,2026-08-11 18:56:42.000,-1,development,7749.25,63922157803,63922163611,STOP,63922158141,7751.75,4654
very_strong_compact_expand,2026-08-12 02:52:24.000,-1,development,7767.25,63922186345,63922189739,TARGET,63922186359,7766.0,485
very_strong_compact_expand,2026-08-12 05:46:52.000,-1,development,7780.75,63922196813,63922197390,TARGET,63922196848,7779.5,1187
very_strong_compact_expand,2026-08-12 10:25:56.000,1,development,7773.5,63922213557,63922214437,TARGET,63922213617,7774.75,2343
very_strong_compact_expand,2026-08-12 15:14:06.000,-1,development,7768.5,63922230847,63922235552,TARGET,63922231878,7767.25,6393
very_strong_compact_expand,2026-08-13 06:44:30.000,-1,development,7800.25,63922286671,63922286789,STOP,63922286708,7802.75,8093
very_strong_compact_expand,2026-08-13 09:25:56.000,1,development,7807.75,63922296357,63922297134,TARGET,63922296448,7809.0,4360
very_strong_compact_expand,2026-08-13 09:40:50.000,-1,development,7806.25,63922297251,63922298303,STOP,63922297365,7808.75,5857
very_strong_compact_expand,2026-08-13 12:19:10.000,1,development,7825.5,63922306751,63922307574,TARGET,63922306801,7826.75,1983
very_strong_compact_expand,2026-08-13 12:36:16.000,-1,development,7823.0,63922307777,63922308600,TARGET,63922308286,7821.75,18263
very_strong_compact_expand,2026-08-14 01:02:30.000,-1,development,7822.75,63922352551,63922354217,STOP,63922352724,7825.25,2191
very_strong_compact_expand,2026-08-14 09:45:10.000,-1,development,7803.5,63922383911,63922384815,TARGET,63922383993,7802.25,4718
very_strong_compact_expand,2026-08-17 15:00:24.000,1,development,7768.0,63922662025,63922663487,STOP,63922662901,7765.5,5377
very_strong_compact_expand,2026-08-17 17:50:52.000,1,development,7769.0,63922672253,63922675064,STOP,63922672492,7766.5,2453
very_strong_compact_expand,2026-08-17 20:56:34.000,-1,development,7743.5,63922683395,63922684883,TARGET,63922683649,7742.25,3546
very_strong_compact_expand,2026-08-17 22:10:32.000,-1,development,7739.0,63922687834,63922690403,TARGET,63922687851,7737.75,360
very_strong_compact_expand,2026-08-17 23:26:14.000,-1,development,7734.0,63922692375,63922694297,STOP,63922692458,7736.5,1570
very_strong_compact_expand,2026-08-18 00:28:54.000,-1,development,7736.0,63922696135,63922696806,TARGET,63922696367,7734.75,4084
very_strong_compact_expand,2026-08-18 07:59:10.000,-1,development,7718.0,63922723151,63922723357,STOP,63922723207,7720.5,8685
very_strong_compact_expand,2026-08-18 11:40:48.000,-1,development,7722.5,63922736449,63922737370,TARGET,63922736665,7721.25,6971
very_strong_compact_expand,2026-08-18 17:17:44.000,1,development,7705.25,63922756665,63922757420,TARGET,63922756709,7706.5,1471
very_strong_compact_expand,2026-08-18 18:32:42.000,-1,development,7713.25,63922761163,63922762583,TARGET,63922761295,7712.0,3351
very_strong_compact_expand,2026-08-18 19:27:10.000,-1,development,7709.5,63922764431,63922765941,TARGET,63922764685,7708.25,5275
very_strong_compact_expand,2026-08-18 19:52:28.000,-1,development,7708.25,63922765949,63922768606,STOP,63922766467,7710.75,7176
very_strong_compact_expand,2026-08-19 00:21:00.000,1,development,7714.0,63922782061,63922783165,TARGET,63922782245,7715.25,2714
very_strong_compact_expand,2026-08-19 04:02:08.000,1,development,7717.75,63922795329,63922797029,TARGET,63922795688,7719.0,5977
very_strong_compact_expand,2026-08-19 05:36:02.000,1,development,7725.75,63922800963,63922801085,TARGET,63922800987,7727.0,1674
very_strong_compact_expand,2026-08-19 05:55:30.000,-1,development,7752.25,63922802131,63922802338,TARGET,63922802139,7751.0,529
very_strong_compact_expand,2026-08-19 12:41:10.000,-1,development,7731.5,63922826471,63922826803,TARGET,63922826595,7730.25,8335
very_strong_compact_expand,2026-08-19 23:05:00.000,1,development,7739.25,63922863901,63922865404,TARGET,63922863912,7740.5,356
very_strong_compact_expand,2026-08-20 01:50:46.000,1,development,7719.0,63922873847,63922874373,TARGET,63922873862,7720.25,439
very_strong_compact_expand,2026-08-20 04:46:18.000,-1,development,7713.0,63922884379,63922884562,TARGET,63922884379,7711.75,6
very_strong_compact_expand,2026-08-20 10:28:02.000,-1,development,7685.75,63922904883,63922905289,TARGET,63922905009,7684.5,8555
very_strong_compact_expand,2026-08-20 11:18:44.000,1,development,7673.25,63922907925,63922908463,TARGET,63922907950,7674.5,1294
very_strong_compact_expand,2026-08-20 12:11:04.000,-1,development,7673.0,63922911065,63922911721,STOP,63922911314,7675.5,12628
very_strong_compact_expand,2026-08-20 13:36:20.000,1,development,7666.25,63922916181,63922921266,TARGET,63922916289,7667.5,1249
very_strong_compact_expand,2026-08-20 17:54:30.000,-1,development,7665.25,63922931671,63922932624,TARGET,63922932002,7664.0,6965
very_strong_compact_expand,2026-08-20 21:22:16.000,-1,development,7666.75,63922944137,63922947120,TARGET,63922944621,7665.5,4807
very_strong_compact_expand,2026-08-21 07:29:58.000,-1,development,7681.75,63922980599,63922980794,STOP,63922980674,7684.25,12988
very_strong_compact_expand,2026-08-21 07:41:56.000,-1,development,7677.5,63922981317,63922981534,STOP,63922981398,7680.0,9928
very_strong_compact_expand,2026-08-23 16:25:36.000,1,development,7694.0,63923185538,63923187051,TARGET,63923185595,7695.25,549
very_strong_compact_expand,2026-08-23 23:42:20.000,-1,development,7671.75,63923211741,63923212852,STOP,63923212244,7674.25,6274
very_strong_compact_expand,2026-08-24 00:41:26.000,-1,holdout,7675.0,63923215287,63923216086,TARGET,63923215297,7673.75,296
very_strong_compact_expand,2026-08-24 01:19:24.000,1,holdout,7678.75,63923217565,63923218391,STOP,63923217822,7676.25,4802
very_strong_compact_expand,2026-08-24 06:47:32.000,1,holdout,7667.0,63923237253,63923237364,TARGET,63923237260,7668.25,2069
very_strong_compact_expand,2026-08-24 10:02:30.000,-1,holdout,7674.0,63923248951,63923249446,TARGET,63923249047,7672.75,6332
very_strong_compact_expand,2026-08-24 18:09:48.000,1,holdout,7675.25,63923278189,63923279416,STOP,63923278522,7672.75,10638
very_strong_compact_expand,2026-08-24 23:45:12.000,1,holdout,7688.0,63923298314,63923300010,STOP,63923298603,7685.5,2320
very_strong_compact_expand,2026-08-25 02:38:32.000,-1,holdout,7704.0,63923308713,63923309164,STOP,63923308851,7706.5,3473
very_strong_compact_expand,2026-08-25 05:31:58.000,-1,holdout,7701.75,63923319119,63923320200,TARGET,63923319144,7700.5,681
very_strong_compact_expand,2026-08-25 16:22:08.000,-1,holdout,7689.5,63923358129,63923360067,TARGET,63923358418,7688.25,1631
very_strong_compact_expand,2026-08-26 00:35:52.000,1,holdout,7684.0,63923387753,63923389275,TARGET,63923388496,7685.25,11081
very_strong_compact_expand,2026-08-26 01:19:32.000,-1,holdout,7684.5,63923390373,63923391279,TARGET,63923390577,7683.25,3298
very_strong_compact_expand,2026-08-26 04:38:04.000,-1,holdout,7686.5,63923402285,63923403083,TARGET,63923402295,7685.25,418
very_strong_compact_expand,2026-08-26 04:52:06.000,1,holdout,7687.5,63923403127,63923403944,NONE,,,18166
very_strong_compact_expand,2026-08-26 05:21:38.000,1,holdout,7690.0,63923404899,63923405403,TARGET,63923405004,7691.25,2379
very_strong_compact_expand,2026-08-26 11:53:28.000,1,holdout,7696.75,63923428409,63923428893,TARGET,63923428413,7698.0,697
very_strong_compact_expand,2026-08-26 15:53:46.000,-1,holdout,7737.0,63923442827,63923445992,TARGET,63923443022,7735.75,1083
very_strong_compact_expand,2026-08-26 17:33:04.000,-1,holdout,7728.25,63923448785,63923449802,TARGET,63923448990,7727.0,4147
very_strong_compact_expand,2026-08-26 18:42:18.000,-1,holdout,7722.75,63923452939,63923453927,TARGET,63923453060,7721.5,3289
very_strong_compact_expand,2026-08-27 02:30:24.000,1,holdout,7726.25,63923481025,63923482550,TARGET,63923481060,7727.5,691
very_strong_compact_expand,2026-08-27 03:03:18.000,-1,holdout,7721.75,63923482999,63923484464,STOP,63923483442,7724.25,7791
very_strong_compact_expand,2026-08-27 04:30:48.000,-1,holdout,7721.0,63923488249,63923488357,STOP,63923488301,7723.5,1739
very_strong_compact_expand,2026-08-27 05:39:00.000,-1,holdout,7714.75,63923492341,63923493090,TARGET,63923492405,7713.5,2086
very_strong_compact_expand,2026-08-27 11:01:32.000,-1,holdout,7741.5,63923511693,63923511967,TARGET,63923511712,7740.25,1139
very_strong_compact_expand,2026-08-27 11:49:22.000,-1,holdout,7729.5,63923514563,63923515027,TARGET,63923514586,7728.25,1895
very_strong_compact_expand,2026-08-27 15:11:18.000,-1,holdout,7730.75,63923526679,63923528380,STOP,63923527197,7733.25,2115
very_strong_compact_expand,2026-08-28 05:31:46.000,-1,holdout,7746.5,63923578307,63923579607,TARGET,63923578514,7745.25,3976
very_strong_compact_expand,2026-08-28 06:27:58.000,-1,holdout,7743.25,63923581679,63923581807,STOP,63923581684,7745.75,1272
very_strong_compact_expand,2026-08-28 10:01:14.000,-1,holdout,7717.0,63923594475,63923594566,TARGET,63923594528,7715.75,16727
very_strong_compact_expand,2026-08-28 10:58:52.000,1,holdout,7723.75,63923597933,63923598256,TARGET,63923597969,7725.0,2354
very_strong_compact_expand,2026-08-28 11:50:48.000,-1,holdout,7714.0,63923601049,63923601402,TARGET,63923601165,7712.75,12011
very_strong_compact_expand,2026-08-28 13:06:46.000,-1,holdout,7720.0,63923605607,63923608477,STOP,63923607753,7722.5,17479
very_strong_compact_expand,2026-08-30 15:35:34.000,-1,holdout,7709.5,63923787335,63923787960,TARGET,63923787396,7708.25,707
very_strong_compact_expand,2026-08-31 01:03:22.000,-1,holdout,7710.25,63923821403,63923822101,STOP,63923821671,7712.75,6226
very_strong_compact_expand,2026-08-31 03:30:28.000,-1,holdout,7708.0,63923830229,63923832014,STOP,63923831542,7710.5,10812
very_strong_compact_expand,2026-08-31 05:35:10.000,1,holdout,7699.25,63923837711,63923837942,TARGET,63923837724,7700.5,426
very_strong_compact_expand,2026-08-31 08:10:42.000,1,holdout,7687.0,63923847043,63923847316,STOP,63923847081,7684.5,4275
very_strong_compact_expand,2026-08-31 17:05:14.000,1,holdout,7705.75,63923879115,63923879856,TARGET,63923879124,7707.0,402
very_strong_compact_expand,2026-09-01 00:35:20.000,-1,holdout,7698.25,63923906121,63923906715,TARGET,63923906138,7697.0,848
very_strong_compact_expand,2026-09-01 00:48:06.000,1,holdout,7691.5,63923906887,63923907600,TARGET,63923906900,7692.75,402
very_strong_compact_expand,2026-09-01 02:20:50.000,-1,holdout,7650.5,63923912451,63923912999,TARGET,63923912826,7649.25,12433
very_strong_compact_expand,2026-09-01 03:21:22.000,1,holdout,7657.0,63923916083,63923917219,TARGET,63923916092,7658.25,224
very_strong_compact_expand,2026-09-01 06:22:44.000,1,holdout,7646.75,63923926965,63923927402,TARGET,63923927078,7648.0,3135
very_strong_compact_expand,2026-09-01 15:05:18.000,-1,holdout,7642.75,63923958319,63923960125,TARGET,63923958448,7641.5,459
very_strong_compact_expand,2026-09-01 18:38:36.000,-1,holdout,7638.0,63923971117,63923972053,TARGET,63923971284,7636.75,4651
very_strong_compact_expand,2026-09-01 20:11:22.000,1,holdout,7641.75,63923976683,63923979123,STOP,63923977348,7639.25,8029
very_strong_compact_expand,2026-09-02 11:03:18.000,1,holdout,7676.75,63924030199,63924031125,TARGET,63924030204,7678.0,430
very_strong_compact_expand,2026-09-02 12:03:22.000,1,holdout,7676.0,63924033803,63924034814,TARGET,63924033973,7677.25,5850
very_strong_compact_expand,2026-09-02 13:06:26.000,1,holdout,7681.25,63924037587,63924038105,TARGET,63924037621,7682.5,581
very_strong_compact_expand,2026-09-02 15:01:18.000,1,holdout,7674.5,63924044479,63924045799,STOP,63924044514,7672.0,381
very_strong_compact_expand,2026-09-02 17:15:38.000,-1,holdout,7673.5,63924052539,63924055540,TARGET,63924052936,7672.25,8642
very_strong_compact_expand,2026-09-02 18:29:08.000,1,holdout,7675.75,63924056949,63924058247,TARGET,63924057060,7677.0,3486
very_strong_compact_expand,2026-09-02 22:50:38.000,1,holdout,7675.75,63924072639,63924073467,TARGET,63924072717,7677.0,2438
very_strong_compact_expand,2026-09-03 00:09:08.000,-1,holdout,7678.25,63924077349,63924077799,TARGET,63924077430,7677.0,3463
very_strong_compact_expand,2026-09-03 00:28:04.000,1,holdout,7678.25,63924078485,63924078968,TARGET,63924078526,7679.5,1333
very_strong_compact_expand,2026-09-03 00:50:30.000,-1,holdout,7678.0,63924079831,63924080456,TARGET,63924079862,7676.75,835
very_strong_compact_expand,2026-09-03 01:28:58.000,-1,holdout,7687.25,63924082139,63924082730,STOP,63924082189,7689.75,1622
very_strong_compact_expand,2026-09-03 11:34:42.000,1,holdout,7764.5,63924118483,63924119980,STOP,63924118934,7762.0,13340
very_strong_compact_expand,2026-09-03 23:17:50.000,-1,holdout,7761.0,63924160671,63924163455,STOP,63924160916,7763.5,2674
very_strong_compact_expand,2026-09-04 05:05:20.000,-1,holdout,7754.75,63924181521,63924181902,TARGET,63924181541,7753.5,686
very_strong_compact_expand,2026-09-04 06:16:54.000,1,holdout,7741.25,63924185815,63924186460,STOP,63924185866,7738.75,2517
very_strong_compact_expand,2026-09-04 10:04:00.000,-1,holdout,7726.5,63924199441,63924200178,TARGET,63924199761,7725.25,23752
very_strong_compact_expand,2026-09-04 11:36:40.000,-1,holdout,7720.0,63924205001,63924206335,STOP,63924205426,7722.5,20111
very_strong_compact_expand,2026-09-06 16:37:28.000,1,holdout,7721.75,63924395849,63924397534,STOP,63924397025,7719.25,14297
very_strong_compact_expand,2026-09-06 17:19:08.000,-1,holdout,7720.0,63924398349,63924400838,TARGET,63924398447,7718.75,1807
very_strong_compact_expand,2026-09-07 00:02:22.000,1,holdout,7725.5,63924422543,63924423875,TARGET,63924422674,7726.75,2688
very_strong_compact_expand,2026-09-07 00:41:34.000,-1,holdout,7718.5,63924424895,63924425661,TARGET,63924425015,7717.25,2669
very_strong_compact_expand,2026-09-07 01:16:26.000,1,holdout,7723.0,63924426987,63924429262,STOP,63924428722,7720.5,33218
very_strong_compact_expand,2026-09-07 02:23:28.000,-1,holdout,7716.75,63924431010,63924433500,TARGET,63924431713,7715.5,7709
very_strong_compact_expand,2026-09-07 06:21:22.000,1,holdout,7714.0,63924445283,63924446109,TARGET,63924445470,7715.25,1663
very_strong_compact_expand,2026-09-07 08:03:26.000,1,holdout,7707.5,63924451407,63924453274,STOP,63924451904,7705.0,9687
very_strong_compact_expand,2026-09-07 18:10:24.000,1,holdout,7711.25,63924487825,63924489337,TARGET,63924488430,7712.5,13547
very_strong_compact_expand,2026-09-08 01:22:44.000,-1,holdout,7691.0,63924513765,63924514148,STOP,63924513885,7693.5,5303
very_strong_compact_expand,2026-09-08 03:52:42.000,-1,holdout,7697.5,63924522763,63924523488,TARGET,63924522815,7696.25,1913
very_strong_compact_expand,2026-09-08 04:12:06.000,-1,holdout,7694.25,63924523927,63924524660,STOP,63924524116,7696.75,4695
very_strong_compact_expand,2026-09-08 05:58:18.000,1,holdout,7714.0,63924530299,63924530887,STOP,63924530538,7711.5,11640
very_strong_compact_expand,2026-09-08 07:49:46.000,1,holdout,7693.5,63924536987,63924537273,TARGET,63924537037,7694.75,7343
very_strong_compact_expand,2026-09-08 08:13:40.000,1,holdout,7703.25,63924538421,63924538895,STOP,63924538491,7700.75,6439
very_strong_compact_expand,2026-09-08 09:38:34.000,-1,holdout,7690.75,63924543515,63924544120,TARGET,63924543696,7689.5,11470
very_strong_compact_expand,2026-09-08 10:26:24.000,-1,holdout,7693.5,63924546385,63924547078,STOP,63924546600,7696.0,10825
very_strong_compact_expand,2026-09-08 20:02:28.000,-1,holdout,7684.75,63924580949,63924583716,TARGET,63924581301,7683.5,4191
very_strong_compact_expand,2026-09-09 00:50:58.000,-1,holdout,7681.75,63924598259,63924599061,STOP,63924598511,7684.25,5631
very_strong_compact_expand,2026-09-09 04:23:08.000,1,holdout,7654.5,63924610989,63924611614,TARGET,63924611034,7655.75,1084
very_strong_compact_expand,2026-09-09 09:55:56.000,-1,holdout,7645.75,63924630957,63924631326,TARGET,63924631232,7644.5,16891
very_strong_compact_expand,2026-09-09 10:38:14.000,-1,holdout,7646.25,63924633495,63924634190,TARGET,63924633511,7645.0,1437
very_strong_compact_expand,2026-09-09 11:21:24.000,1,holdout,7647.75,63924636085,63924637119,TARGET,63924636164,7649.0,4048
very_strong_compact_expand,2026-09-09 13:06:02.000,1,holdout,7644.5,63924642363,63924645301,TARGET,63924642499,7645.75,2039
very_strong_compact_expand,2026-09-10 08:56:46.000,-1,holdout,7601.75,63924713807,63924714015,STOP,63924713913,7604.25,14385
very_strong_compact_expand,2026-09-10 09:13:46.000,1,holdout,7601.0,63924714827,63924715129,TARGET,63924714835,7602.25,1480
very_strong_compact_expand,2026-09-10 09:41:14.000,1,holdout,7603.25,63924716475,63924716780,TARGET,63924716513,7604.5,4643
very_strong_compact_expand,2026-09-10 13:29:18.000,-1,holdout,7603.75,63924730159,63924735603,TARGET,63924731912,7602.5,11949
very_strong_compact_expand,2026-09-10 17:27:42.000,1,holdout,7608.25,63924744463,63924745265,STOP,63924744713,7605.75,7128
very_strong_compact_expand,2026-09-10 20:53:26.000,1,holdout,7601.25,63924756808,63924757367,TARGET,63924757002,7602.5,3707
very_strong_compact_expand,2026-09-10 21:02:54.000,-1,holdout,7599.0,63924757375,63924757863,STOP,63924757439,7601.5,2206
very_strong_compact_expand,2026-09-10 22:21:32.000,-1,holdout,7613.0,63924762093,63924763512,TARGET,63924762586,7611.75,9178
very_strong_compact_expand,2026-09-11 01:13:54.000,1,holdout,7627.5,63924772435,63924773052,TARGET,63924772443,7628.75,265
very_strong_compact_expand,2026-09-11 02:01:50.000,1,holdout,7647.0,63924775311,63924776028,STOP,63924775349,7644.5,1117
very_strong_compact_expand,2026-09-11 04:34:42.000,-1,holdout,7637.25,63924784483,63924785587,TARGET,63924784525,7636.0,848
very_strong_compact_expand,2026-09-11 09:14:06.000,-1,holdout,7673.25,63924801247,63924801869,TARGET,63924801400,7672.0,9658
very_strong_doji_expand,2026-08-05 16:30:40.000,-1,development,7765.5,63921630641,63921631640,TARGET,63921630770,7764.25,1283
very_strong_doji_expand,2026-08-05 18:16:42.000,-1,development,7752.0,63921637003,63921638013,TARGET,63921637236,7750.75,6228
very_strong_doji_expand,2026-08-06 10:48:22.000,-1,development,7731.0,63921696503,63921696979,TARGET,63921696597,7729.75,6101
very_strong_doji_expand,2026-08-06 11:38:30.000,-1,development,7739.0,63921699511,63921700084,TARGET,63921699534,7737.75,2069
very_strong_doji_expand,2026-08-06 12:27:12.000,-1,development,7737.25,63921702433,63921702625,TARGET,63921702592,7736.0,13778
very_strong_doji_expand,2026-08-06 12:40:00.000,-1,development,7734.75,63921703201,63921703521,TARGET,63921703290,7733.5,7231
very_strong_doji_expand,2026-08-06 15:00:16.000,1,development,7735.0,63921711617,63921711926,STOP,63921711620,7732.5,32
very_strong_doji_expand,2026-08-06 19:24:10.000,1,development,7734.0,63921727451,63921728459,STOP,63921727844,7731.5,8302
very_strong_doji_expand,2026-08-06 21:13:42.000,-1,development,7728.75,63921734023,63921735016,TARGET,63921734163,7727.5,2116
very_strong_doji_expand,2026-08-07 01:18:02.000,-1,development,7744.0,63921748683,63921749943,TARGET,63921748797,7742.75,1814
very_strong_doji_expand,2026-08-07 04:58:48.000,-1,development,7749.0,63921761929,63921762633,TARGET,63921762005,7747.75,2011
very_strong_doji_expand,2026-08-07 06:07:54.000,-1,development,7765.5,63921766075,63921766434,TARGET,63921766153,7764.25,3799
very_strong_doji_expand,2026-08-07 08:02:34.000,-1,development,7772.75,63921772955,63921773143,TARGET,63921772958,7771.5,1224
very_strong_doji_expand,2026-08-07 08:15:00.000,1,development,7778.75,63921773701,63921773993,STOP,63921773851,7776.25,21434
very_strong_doji_expand,2026-08-07 08:34:00.000,-1,development,7783.0,63921774841,63921775095,TARGET,63921774844,7781.75,726
very_strong_doji_expand,2026-08-09 21:43:36.000,1,development,7786.0,63921995017,63921998151,TARGET,63921995122,7787.25,1130
very_strong_doji_expand,2026-08-10 00:29:04.000,1,development,7792.5,63922004945,63922006316,TARGET,63922005488,7793.75,5028
very_strong_doji_expand,2026-08-10 01:20:34.000,-1,development,7790.75,63922008035,63922010416,TARGET,63922008070,7789.5,720
very_strong_doji_expand,2026-08-10 02:25:08.000,1,development,7793.25,63922011909,63922014512,STOP,63922012577,7790.75,4733
very_strong_doji_expand,2026-08-10 03:40:30.000,-1,development,7785.25,63922016431,63922017831,STOP,63922017130,7787.75,6258
very_strong_doji_expand,2026-08-10 04:21:54.000,1,development,7783.0,63922018915,63922020453,TARGET,63922019270,7784.25,4667
very_strong_doji_expand,2026-08-10 08:10:12.000,-1,development,7782.25,63922032613,63922032921,TARGET,63922032617,7781.0,805
very_strong_doji_expand,2026-08-10 09:41:46.000,-1,development,7769.25,63922038107,63922038370,STOP,63922038165,7771.75,7531
very_strong_doji_expand,2026-08-10 12:26:54.000,-1,development,7778.0,63922048015,63922048813,TARGET,63922048077,7776.75,2500
very_strong_doji_expand,2026-08-10 23:33:40.000,-1,development,7772.0,63922088021,63922089029,TARGET,63922088053,7770.75,984
very_strong_doji_expand,2026-08-11 00:00:08.000,1,development,7775.5,63922089609,63922090573,TARGET,63922089628,7776.75,1051
very_strong_doji_expand,2026-08-11 09:35:50.000,1,development,7763.0,63922124151,63922124965,TARGET,63922124188,7764.25,1438
very_strong_doji_expand,2026-08-11 17:16:22.000,1,development,7752.0,63922151783,63922153329,TARGET,63922151800,7753.25,590
very_strong_doji_expand,2026-08-11 18:56:42.000,-1,development,7749.25,63922157803,63922163611,STOP,63922158141,7751.75,4654
very_strong_doji_expand,2026-08-12 02:52:24.000,-1,development,7767.25,63922186345,63922189739,TARGET,63922186359,7766.0,485
very_strong_doji_expand,2026-08-12 05:46:52.000,-1,development,7780.75,63922196813,63922197390,TARGET,63922196848,7779.5,1187
very_strong_doji_expand,2026-08-12 10:25:56.000,1,development,7773.5,63922213557,63922214437,TARGET,63922213617,7774.75,2343
very_strong_doji_expand,2026-08-12 15:14:06.000,-1,development,7768.5,63922230847,63922235552,TARGET,63922231878,7767.25,6393
very_strong_doji_expand,2026-08-13 06:44:30.000,-1,development,7800.25,63922286671,63922286789,STOP,63922286708,7802.75,8093
very_strong_doji_expand,2026-08-13 09:25:56.000,1,development,7807.75,63922296357,63922297134,TARGET,63922296448,7809.0,4360
very_strong_doji_expand,2026-08-13 12:19:10.000,1,development,7825.5,63922306751,63922307574,TARGET,63922306801,7826.75,1983
very_strong_doji_expand,2026-08-13 12:36:16.000,-1,development,7823.0,63922307777,63922308600,TARGET,63922308286,7821.75,18263
very_strong_doji_expand,2026-08-14 01:02:30.000,-1,development,7822.75,63922352551,63922354217,STOP,63922352724,7825.25,2191
very_strong_doji_expand,2026-08-14 09:45:10.000,-1,development,7803.5,63922383911,63922384815,TARGET,63922383993,7802.25,4718
very_strong_doji_expand,2026-08-17 01:12:14.000,-1,development,7815.5,63922612335,63922617246,TARGET,63922614293,7814.25,17587
very_strong_doji_expand,2026-08-17 15:00:24.000,1,development,7768.0,63922662025,63922663487,STOP,63922662901,7765.5,5377
very_strong_doji_expand,2026-08-17 17:50:52.000,1,development,7769.0,63922672253,63922675064,STOP,63922672492,7766.5,2453
very_strong_doji_expand,2026-08-17 20:56:34.000,-1,development,7743.5,63922683395,63922684883,TARGET,63922683649,7742.25,3546
very_strong_doji_expand,2026-08-17 22:10:32.000,-1,development,7739.0,63922687834,63922690403,TARGET,63922687851,7737.75,360
very_strong_doji_expand,2026-08-17 23:26:14.000,-1,development,7734.0,63922692375,63922694297,STOP,63922692458,7736.5,1570
very_strong_doji_expand,2026-08-18 00:28:54.000,-1,development,7736.0,63922696135,63922696806,TARGET,63922696367,7734.75,4084
very_strong_doji_expand,2026-08-18 07:59:10.000,-1,development,7718.0,63922723151,63922723357,STOP,63922723207,7720.5,8685
very_strong_doji_expand,2026-08-18 11:40:48.000,-1,development,7722.5,63922736449,63922737370,TARGET,63922736665,7721.25,6971
very_strong_doji_expand,2026-08-18 17:17:44.000,1,development,7705.25,63922756665,63922757420,TARGET,63922756709,7706.5,1471
very_strong_doji_expand,2026-08-18 18:32:42.000,-1,development,7713.25,63922761163,63922762583,TARGET,63922761295,7712.0,3351
very_strong_doji_expand,2026-08-18 19:27:10.000,-1,development,7709.5,63922764431,63922765941,TARGET,63922764685,7708.25,5275
very_strong_doji_expand,2026-08-18 19:52:28.000,-1,development,7708.25,63922765949,63922768606,STOP,63922766467,7710.75,7176
very_strong_doji_expand,2026-08-19 00:30:46.000,1,development,7717.0,63922782647,63922783484,TARGET,63922782821,7718.25,2692
very_strong_doji_expand,2026-08-19 04:02:08.000,1,development,7717.75,63922795329,63922797029,TARGET,63922795688,7719.0,5977
very_strong_doji_expand,2026-08-19 05:36:02.000,1,development,7725.75,63922800963,63922801085,TARGET,63922800987,7727.0,1674
very_strong_doji_expand,2026-08-19 05:55:30.000,-1,development,7752.25,63922802131,63922802338,TARGET,63922802139,7751.0,529
very_strong_doji_expand,2026-08-19 08:36:46.000,-1,development,7746.25,63922811807,63922812058,TARGET,63922811817,7745.0,1220
very_strong_doji_expand,2026-08-19 10:19:38.000,-1,development,7734.25,63922817979,63922818337,TARGET,63922818012,7733.0,2481
very_strong_doji_expand,2026-08-19 12:41:10.000,-1,development,7731.5,63922826471,63922826803,TARGET,63922826595,7730.25,8335
very_strong_doji_expand,2026-08-19 23:05:00.000,1,development,7739.25,63922863901,63922865404,TARGET,63922863912,7740.5,356
very_strong_doji_expand,2026-08-20 01:50:46.000,1,development,7719.0,63922873847,63922874373,TARGET,63922873862,7720.25,439
very_strong_doji_expand,2026-08-20 04:46:18.000,-1,development,7713.0,63922884379,63922884562,TARGET,63922884379,7711.75,6
very_strong_doji_expand,2026-08-20 10:28:02.000,-1,development,7685.75,63922904883,63922905289,TARGET,63922905009,7684.5,8555
very_strong_doji_expand,2026-08-20 11:18:44.000,1,development,7673.25,63922907925,63922908463,TARGET,63922907950,7674.5,1294
very_strong_doji_expand,2026-08-20 12:11:04.000,-1,development,7673.0,63922911065,63922911721,STOP,63922911314,7675.5,12628
very_strong_doji_expand,2026-08-20 13:36:20.000,1,development,7666.25,63922916181,63922921266,TARGET,63922916289,7667.5,1249
very_strong_doji_expand,2026-08-20 17:54:30.000,-1,development,7665.25,63922931671,63922932624,TARGET,63922932002,7664.0,6965
very_strong_doji_expand,2026-08-20 21:22:16.000,-1,development,7666.75,63922944137,63922947120,TARGET,63922944621,7665.5,4807
very_strong_doji_expand,2026-08-21 07:29:58.000,-1,development,7681.75,63922980599,63922980794,STOP,63922980674,7684.25,12988
very_strong_doji_expand,2026-08-21 07:41:56.000,-1,development,7677.5,63922981317,63922981534,STOP,63922981398,7680.0,9928
very_strong_doji_expand,2026-08-23 16:25:36.000,1,development,7694.0,63923185538,63923187051,TARGET,63923185595,7695.25,549
very_strong_doji_expand,2026-08-23 18:23:34.000,-1,development,7698.25,63923192617,63923193348,TARGET,63923192994,7697.0,10578
very_strong_doji_expand,2026-08-23 18:45:38.000,-1,development,7695.5,63923193939,63923194516,STOP,63923194238,7698.0,9509
very_strong_doji_expand,2026-08-23 23:42:20.000,-1,development,7671.75,63923211741,63923212852,STOP,63923212244,7674.25,6274
very_strong_doji_expand,2026-08-24 00:41:26.000,-1,holdout,7675.0,63923215287,63923216086,TARGET,63923215297,7673.75,296
very_strong_doji_expand,2026-08-24 01:19:24.000,1,holdout,7678.75,63923217565,63923218391,STOP,63923217822,7676.25,4802
very_strong_doji_expand,2026-08-24 06:47:32.000,1,holdout,7667.0,63923237253,63923237364,TARGET,63923237260,7668.25,2069
very_strong_doji_expand,2026-08-24 10:02:30.000,-1,holdout,7674.0,63923248951,63923249446,TARGET,63923249047,7672.75,6332
very_strong_doji_expand,2026-08-24 18:09:48.000,1,holdout,7675.25,63923278189,63923279416,STOP,63923278522,7672.75,10638
very_strong_doji_expand,2026-08-24 23:45:12.000,1,holdout,7688.0,63923298314,63923300010,STOP,63923298603,7685.5,2320
very_strong_doji_expand,2026-08-25 02:38:32.000,-1,holdout,7704.0,63923308713,63923309164,STOP,63923308851,7706.5,3473
very_strong_doji_expand,2026-08-25 05:31:58.000,-1,holdout,7701.75,63923319119,63923320200,TARGET,63923319144,7700.5,681
very_strong_doji_expand,2026-08-25 16:22:08.000,-1,holdout,7689.5,63923358129,63923360067,TARGET,63923358418,7688.25,1631
very_strong_doji_expand,2026-08-26 00:35:52.000,1,holdout,7684.0,63923387753,63923389275,TARGET,63923388496,7685.25,11081
very_strong_doji_expand,2026-08-26 01:19:32.000,-1,holdout,7684.5,63923390373,63923391279,TARGET,63923390577,7683.25,3298
very_strong_doji_expand,2026-08-26 04:38:04.000,-1,holdout,7686.5,63923402285,63923403083,TARGET,63923402295,7685.25,418
very_strong_doji_expand,2026-08-26 04:52:06.000,1,holdout,7687.5,63923403127,63923403944,NONE,,,18166
very_strong_doji_expand,2026-08-26 05:21:38.000,1,holdout,7690.0,63923404899,63923405403,TARGET,63923405004,7691.25,2379
very_strong_doji_expand,2026-08-26 11:53:28.000,1,holdout,7696.75,63923428409,63923428893,TARGET,63923428413,7698.0,697
very_strong_doji_expand,2026-08-26 15:53:46.000,-1,holdout,7737.0,63923442827,63923445992,TARGET,63923443022,7735.75,1083
very_strong_doji_expand,2026-08-26 17:33:04.000,-1,holdout,7728.25,63923448785,63923449802,TARGET,63923448990,7727.0,4147
very_strong_doji_expand,2026-08-26 18:42:18.000,-1,holdout,7722.75,63923452939,63923453927,TARGET,63923453060,7721.5,3289
very_strong_doji_expand,2026-08-27 02:30:24.000,1,holdout,7726.25,63923481025,63923482550,TARGET,63923481060,7727.5,691
very_strong_doji_expand,2026-08-27 03:03:18.000,-1,holdout,7721.75,63923482999,63923484464,STOP,63923483442,7724.25,7791
very_strong_doji_expand,2026-08-27 04:30:48.000,-1,holdout,7721.0,63923488249,63923488357,STOP,63923488301,7723.5,1739
very_strong_doji_expand,2026-08-27 05:39:00.000,-1,holdout,7714.75,63923492341,63923493090,TARGET,63923492405,7713.5,2086
very_strong_doji_expand,2026-08-27 10:09:40.000,1,holdout,7754.5,63923508581,63923509574,TARGET,63923508636,7755.75,3159
very_strong_doji_expand,2026-08-27 11:49:22.000,-1,holdout,7729.5,63923514563,63923515027,TARGET,63923514586,7728.25,1895
very_strong_doji_expand,2026-08-27 15:11:18.000,-1,holdout,7730.75,63923526679,63923528380,STOP,63923527197,7733.25,2115
very_strong_doji_expand,2026-08-28 05:31:46.000,-1,holdout,7746.5,63923578307,63923579607,TARGET,63923578514,7745.25,3976
very_strong_doji_expand,2026-08-28 06:27:58.000,-1,holdout,7743.25,63923581679,63923581807,STOP,63923581684,7745.75,1272
very_strong_doji_expand,2026-08-28 10:01:14.000,-1,holdout,7717.0,63923594475,63923594566,TARGET,63923594528,7715.75,16727
very_strong_doji_expand,2026-08-28 10:58:52.000,1,holdout,7723.75,63923597933,63923598256,TARGET,63923597969,7725.0,2354
very_strong_doji_expand,2026-08-28 11:50:48.000,-1,holdout,7714.0,63923601049,63923601402,TARGET,63923601165,7712.75,12011
very_strong_doji_expand,2026-08-28 13:06:46.000,-1,holdout,7720.0,63923605607,63923608477,STOP,63923607753,7722.5,17479
very_strong_doji_expand,2026-08-30 15:35:34.000,-1,holdout,7709.5,63923787335,63923787960,TARGET,63923787396,7708.25,707
very_strong_doji_expand,2026-08-30 17:08:20.000,1,holdout,7688.0,63923792901,63923793420,TARGET,63923792981,7689.25,2567
very_strong_doji_expand,2026-08-30 19:16:28.000,-1,holdout,7694.25,63923800589,63923800810,TARGET,63923800705,7693.0,1925
very_strong_doji_expand,2026-08-31 01:03:22.000,-1,holdout,7710.25,63923821403,63923822101,STOP,63923821671,7712.75,6226
very_strong_doji_expand,2026-08-31 03:30:28.000,-1,holdout,7708.0,63923830229,63923832014,STOP,63923831542,7710.5,10812
very_strong_doji_expand,2026-08-31 05:35:10.000,1,holdout,7699.25,63923837711,63923837942,TARGET,63923837724,7700.5,426
very_strong_doji_expand,2026-08-31 08:10:42.000,1,holdout,7687.0,63923847043,63923847316,STOP,63923847081,7684.5,4275
very_strong_doji_expand,2026-08-31 17:05:14.000,1,holdout,7705.75,63923879115,63923879856,TARGET,63923879124,7707.0,402
very_strong_doji_expand,2026-09-01 00:35:20.000,-1,holdout,7698.25,63923906121,63923906715,TARGET,63923906138,7697.0,848
very_strong_doji_expand,2026-09-01 00:48:06.000,1,holdout,7691.5,63923906887,63923907600,TARGET,63923906900,7692.75,402
very_strong_doji_expand,2026-09-01 02:20:50.000,-1,holdout,7650.5,63923912451,63923912999,TARGET,63923912826,7649.25,12433
very_strong_doji_expand,2026-09-01 03:21:22.000,1,holdout,7657.0,63923916083,63923917219,TARGET,63923916092,7658.25,224
very_strong_doji_expand,2026-09-01 06:22:44.000,1,holdout,7646.75,63923926965,63923927402,TARGET,63923927078,7648.0,3135
very_strong_doji_expand,2026-09-01 11:18:12.000,1,holdout,7644.75,63923944693,63923945279,STOP,63923944998,7642.25,14463
very_strong_doji_expand,2026-09-01 11:31:52.000,-1,holdout,7636.5,63923945513,63923945973,TARGET,63923945631,7635.25,8995
very_strong_doji_expand,2026-09-01 15:05:18.000,-1,holdout,7642.75,63923958319,63923960125,TARGET,63923958448,7641.5,459
very_strong_doji_expand,2026-09-01 18:38:36.000,-1,holdout,7638.0,63923971117,63923972053,TARGET,63923971284,7636.75,4651
very_strong_doji_expand,2026-09-01 20:11:22.000,1,holdout,7641.75,63923976683,63923979123,STOP,63923977348,7639.25,8029
very_strong_doji_expand,2026-09-02 09:31:50.000,1,holdout,7677.0,63924024711,63924025205,TARGET,63924024740,7678.25,2408
very_strong_doji_expand,2026-09-02 11:03:18.000,1,holdout,7676.75,63924030199,63924031125,TARGET,63924030204,7678.0,430
very_strong_doji_expand,2026-09-02 12:03:22.000,1,holdout,7676.0,63924033803,63924034814,TARGET,63924033973,7677.25,5850
very_strong_doji_expand,2026-09-02 13:06:26.000,1,holdout,7681.25,63924037587,63924038105,TARGET,63924037621,7682.5,581
very_strong_doji_expand,2026-09-02 15:01:18.000,1,holdout,7674.5,63924044479,63924045799,STOP,63924044514,7672.0,381
very_strong_doji_expand,2026-09-02 17:15:38.000,-1,holdout,7673.5,63924052539,63924055540,TARGET,63924052936,7672.25,8642
very_strong_doji_expand,2026-09-02 18:29:08.000,1,holdout,7675.75,63924056949,63924058247,TARGET,63924057060,7677.0,3486
very_strong_doji_expand,2026-09-02 22:50:38.000,1,holdout,7675.75,63924072639,63924073467,TARGET,63924072717,7677.0,2438
very_strong_doji_expand,2026-09-03 00:09:08.000,-1,holdout,7678.25,63924077349,63924077799,TARGET,63924077430,7677.0,3463
very_strong_doji_expand,2026-09-03 00:28:04.000,1,holdout,7678.25,63924078485,63924078968,TARGET,63924078526,7679.5,1333
very_strong_doji_expand,2026-09-03 00:50:30.000,-1,holdout,7678.0,63924079831,63924080456,TARGET,63924079862,7676.75,835
very_strong_doji_expand,2026-09-03 01:28:58.000,-1,holdout,7687.25,63924082139,63924082730,STOP,63924082189,7689.75,1622
very_strong_doji_expand,2026-09-03 11:34:42.000,1,holdout,7764.5,63924118483,63924119980,STOP,63924118934,7762.0,13340
very_strong_doji_expand,2026-09-03 23:17:50.000,-1,holdout,7761.0,63924160671,63924163455,STOP,63924160916,7763.5,2674
very_strong_doji_expand,2026-09-04 05:05:20.000,-1,holdout,7754.75,63924181521,63924181902,TARGET,63924181541,7753.5,686
very_strong_doji_expand,2026-09-04 06:16:54.000,1,holdout,7741.25,63924185815,63924186460,STOP,63924185866,7738.75,2517
very_strong_doji_expand,2026-09-04 10:04:00.000,-1,holdout,7726.5,63924199441,63924200178,TARGET,63924199761,7725.25,23752
very_strong_doji_expand,2026-09-04 10:58:54.000,1,holdout,7717.0,63924202735,63924203471,STOP,63924202899,7714.5,12017
very_strong_doji_expand,2026-09-04 11:36:40.000,-1,holdout,7720.0,63924205001,63924206335,STOP,63924205426,7722.5,20111
very_strong_doji_expand,2026-09-06 16:37:28.000,1,holdout,7721.75,63924395849,63924397534,STOP,63924397025,7719.25,14297
very_strong_doji_expand,2026-09-07 00:02:22.000,1,holdout,7725.5,63924422543,63924423875,TARGET,63924422674,7726.75,2688
very_strong_doji_expand,2026-09-07 00:41:34.000,-1,holdout,7718.5,63924424895,63924425661,TARGET,63924425015,7717.25,2669
very_strong_doji_expand,2026-09-07 01:16:26.000,1,holdout,7723.0,63924426987,63924429262,STOP,63924428722,7720.5,33218
very_strong_doji_expand,2026-09-07 02:23:28.000,-1,holdout,7716.75,63924431010,63924433500,TARGET,63924431713,7715.5,7709
very_strong_doji_expand,2026-09-07 06:21:22.000,1,holdout,7714.0,63924445283,63924446109,TARGET,63924445470,7715.25,1663
very_strong_doji_expand,2026-09-07 08:03:26.000,1,holdout,7707.5,63924451407,63924453274,STOP,63924451904,7705.0,9687
very_strong_doji_expand,2026-09-07 18:10:24.000,1,holdout,7711.25,63924487825,63924489337,TARGET,63924488430,7712.5,13547
very_strong_doji_expand,2026-09-08 01:22:44.000,-1,holdout,7691.0,63924513765,63924514148,STOP,63924513885,7693.5,5303
very_strong_doji_expand,2026-09-08 03:52:42.000,-1,holdout,7697.5,63924522763,63924523488,TARGET,63924522815,7696.25,1913
very_strong_doji_expand,2026-09-08 04:12:06.000,-1,holdout,7694.25,63924523927,63924524660,STOP,63924524116,7696.75,4695
very_strong_doji_expand,2026-09-08 05:58:18.000,1,holdout,7714.0,63924530299,63924530887,STOP,63924530538,7711.5,11640
very_strong_doji_expand,2026-09-08 07:49:46.000,1,holdout,7693.5,63924536987,63924537273,TARGET,63924537037,7694.75,7343
very_strong_doji_expand,2026-09-08 08:13:40.000,1,holdout,7703.25,63924538421,63924538895,STOP,63924538491,7700.75,6439
very_strong_doji_expand,2026-09-08 09:38:34.000,-1,holdout,7690.75,63924543515,63924544120,TARGET,63924543696,7689.5,11470
very_strong_doji_expand,2026-09-08 10:26:24.000,-1,holdout,7693.5,63924546385,63924547078,STOP,63924546600,7696.0,10825
very_strong_doji_expand,2026-09-08 10:57:18.000,-1,holdout,7695.5,63924548239,63924549382,STOP,63924548759,7698.0,26245
very_strong_doji_expand,2026-09-08 20:02:28.000,-1,holdout,7684.75,63924580949,63924583716,TARGET,63924581301,7683.5,4191
very_strong_doji_expand,2026-09-09 00:50:58.000,-1,holdout,7681.75,63924598259,63924599061,STOP,63924598511,7684.25,5631
very_strong_doji_expand,2026-09-09 04:07:28.000,1,holdout,7653.5,63924610049,63924610609,TARGET,63924610090,7654.75,1445
very_strong_doji_expand,2026-09-09 04:23:08.000,1,holdout,7654.5,63924610989,63924611614,TARGET,63924611034,7655.75,1084
very_strong_doji_expand,2026-09-09 05:07:00.000,-1,holdout,7648.5,63924613621,63924614312,TARGET,63924613957,7647.25,14638
very_strong_doji_expand,2026-09-09 09:55:56.000,-1,holdout,7645.75,63924630957,63924631326,TARGET,63924631232,7644.5,16891
very_strong_doji_expand,2026-09-09 10:38:14.000,-1,holdout,7646.25,63924633495,63924634190,TARGET,63924633511,7645.0,1437
very_strong_doji_expand,2026-09-09 11:21:24.000,1,holdout,7647.75,63924636085,63924637119,TARGET,63924636164,7649.0,4048
very_strong_doji_expand,2026-09-09 13:06:02.000,1,holdout,7644.5,63924642363,63924645301,TARGET,63924642499,7645.75,2039
very_strong_doji_expand,2026-09-10 04:06:32.000,-1,holdout,7645.0,63924696393,63924697038,TARGET,63924696421,7643.75,771
very_strong_doji_expand,2026-09-10 08:56:46.000,-1,holdout,7601.75,63924713807,63924714015,STOP,63924713913,7604.25,14385
very_strong_doji_expand,2026-09-10 09:13:46.000,1,holdout,7601.0,63924714827,63924715129,TARGET,63924714835,7602.25,1480
very_strong_doji_expand,2026-09-10 09:41:14.000,1,holdout,7603.25,63924716475,63924716780,TARGET,63924716513,7604.5,4643
very_strong_doji_expand,2026-09-10 10:14:06.000,-1,holdout,7610.5,63924718447,63924718920,TARGET,63924718501,7609.25,3531
very_strong_doji_expand,2026-09-10 13:29:18.000,-1,holdout,7603.75,63924730159,63924735603,TARGET,63924731912,7602.5,11949
very_strong_doji_expand,2026-09-10 17:27:42.000,1,holdout,7608.25,63924744463,63924745265,STOP,63924744713,7605.75,7128
very_strong_doji_expand,2026-09-10 20:53:26.000,1,holdout,7601.25,63924756808,63924757367,TARGET,63924757002,7602.5,3707
very_strong_doji_expand,2026-09-10 21:02:54.000,-1,holdout,7599.0,63924757375,63924757863,STOP,63924757439,7601.5,2206
very_strong_doji_expand,2026-09-10 22:21:32.000,-1,holdout,7613.0,63924762093,63924763512,TARGET,63924762586,7611.75,9178
very_strong_doji_expand,2026-09-11 01:13:54.000,1,holdout,7627.5,63924772435,63924773052,TARGET,63924772443,7628.75,265
very_strong_doji_expand,2026-09-11 02:01:50.000,1,holdout,7647.0,63924775311,63924776028,STOP,63924775349,7644.5,1117
very_strong_doji_expand,2026-09-11 04:34:42.000,-1,holdout,7637.25,63924784483,63924785587,TARGET,63924784525,7636.0,848
very_strong_doji_expand,2026-09-11 08:06:16.000,1,holdout,7668.0,63924797177,63924797373,TARGET,63924797202,7669.25,4559
very_strong_doji_expand,2026-09-11 09:14:06.000,-1,holdout,7673.25,63924801247,63924801869,TARGET,63924801400,7672.0,9658
very_strong_doji_expand,2026-09-11 09:38:54.000,-1,holdout,7668.75,63924802735,63924803075,TARGET,63924802793,7667.5,5326
very_strong_doji_clear,2026-08-11 00:00:08.000,1,development,7775.5,63922089609,63922090573,TARGET,63922089628,7776.75,1051
very_strong_doji_clear,2026-08-18 18:32:42.000,-1,development,7713.25,63922761163,63922762583,TARGET,63922761295,7712.0,3351
very_strong_doji_clear,2026-08-19 05:36:02.000,1,development,7725.75,63922800963,63922801085,TARGET,63922800987,7727.0,1674
very_strong_doji_clear,2026-08-19 05:55:30.000,-1,development,7752.25,63922802131,63922802338,TARGET,63922802139,7751.0,529
very_strong_doji_clear,2026-08-21 07:41:56.000,-1,development,7677.5,63922981317,63922981534,STOP,63922981398,7680.0,9928
very_strong_doji_clear,2026-08-24 06:47:32.000,1,holdout,7667.0,63923237253,63923237364,TARGET,63923237260,7668.25,2069
very_strong_doji_clear,2026-08-25 05:31:58.000,-1,holdout,7701.75,63923319119,63923320200,TARGET,63923319144,7700.5,681
very_strong_doji_clear,2026-08-26 18:42:18.000,-1,holdout,7722.75,63923452939,63923453927,TARGET,63923453060,7721.5,3289
very_strong_doji_clear,2026-09-01 00:35:20.000,-1,holdout,7698.25,63923906121,63923906715,TARGET,63923906138,7697.0,848
very_strong_doji_clear,2026-09-01 15:05:18.000,-1,holdout,7642.75,63923958319,63923960125,TARGET,63923958448,7641.5,459
very_strong_doji_clear,2026-09-02 15:01:18.000,1,holdout,7674.5,63924044479,63924045799,STOP,63924044514,7672.0,381
very_strong_doji_clear,2026-09-02 17:15:38.000,-1,holdout,7673.5,63924052539,63924055540,TARGET,63924052936,7672.25,8642
very_strong_doji_clear,2026-09-08 10:57:18.000,-1,holdout,7695.5,63924548239,63924549382,STOP,63924548759,7698.0,26245
very_strong_doji_clear,2026-09-11 04:34:42.000,-1,holdout,7637.25,63924784483,63924785587,TARGET,63924784525,7636.0,848
very_strong_doji_clear,2026-09-11 08:06:16.000,1,holdout,7668.0,63924797177,63924797373,TARGET,63924797202,7669.25,4559
