Configuration,BarNumber,Time,Direction,Families,Segment,Outcome,TicksSeen
R4_TAIL3_4,965,2026-08-04 06:32:26.700,1,PIN7,DEV,TARGET,1
R4_TAIL3_4,983,2026-08-04 06:36:27.832,1,PIN,DEV,STOP,3867
R4_TAIL3_4,1007,2026-08-04 06:40:04.384,1,PIN7,DEV,STOP,7636
R4_TAIL3_4,1022,2026-08-04 06:42:10.128,1,EMA24,DEV,TARGET,1877
R4_TAIL3_4,1129,2026-08-04 07:00:09.816,1,EMA8,DEV,STOP,2311
R4_TAIL3_4,1139,2026-08-04 07:00:58.692,1,PIN7,DEV,TARGET,290
R4_TAIL3_4,1144,2026-08-04 07:01:12.780,1,EMA8,DEV,TARGET,2376
R4_TAIL3_4,1149,2026-08-04 07:02:01.136,1,PIN7,DEV,TARGET,2378
R4_TAIL3_4,1180,2026-08-04 07:05:50.528,1,EMA8,DEV,TARGET,2867
R4_TAIL3_4,1185,2026-08-04 07:06:46.656,1,EMA8,DEV,TARGET,3809
R4_TAIL3_4,1195,2026-08-04 07:09:40.780,1,EMA24,DEV,TARGET,8485
R4_TAIL3_4,1205,2026-08-04 07:13:04.536,1,PIN7,DEV,TARGET,4805
R4_TAIL3_4,1207,2026-08-04 07:14:54.380,1,PIN7,DEV,TARGET,698
R4_TAIL3_4,1219,2026-08-04 07:17:08.876,1,EMA8,DEV,TARGET,1237
R4_TAIL3_4,1307,2026-08-04 07:30:32.580,-1,PIN7,DEV,TARGET,5034
R4_TAIL3_4,1322,2026-08-04 07:32:31.272,-1,EMA50,DEV,STOP,1169
R4_TAIL3_4,1331,2026-08-04 07:33:42.756,1,EMA8,DEV,TARGET,1434
R4_TAIL3_4,1334,2026-08-04 07:34:32.920,1,PIN7,DEV,TARGET,4088
R4_TAIL3_4,1341,2026-08-04 07:36:47.736,1,EMA8,DEV,STOP,4305
R4_TAIL3_4,1362,2026-08-04 07:38:20.464,1,EMA8,DEV,STOP,1
R4_TAIL3_4,1403,2026-08-04 07:43:34.808,1,PIN7,DEV,TARGET,1399
R4_TAIL3_4,1410,2026-08-04 07:45:15.860,1,EMA8,DEV,TARGET,8277
R4_TAIL3_4,1412,2026-08-04 07:45:47.364,1,EMA8,DEV,TARGET,13184
R4_TAIL3_4,1414,2026-08-04 07:46:09.768,1,EMA8,DEV,TARGET,10353
R4_TAIL3_4,1435,2026-08-04 07:51:06.012,1,EMA24,DEV,TARGET,8767
R4_TAIL3_4,1455,2026-08-04 07:58:03.656,1,EMA8,DEV,TARGET,951
R4_TAIL3_4,1976,2026-08-04 11:00:45.720,-1,PIN,DEV,TARGET,897
R4_TAIL3_4,1977,2026-08-04 11:00:49.792,-1,PIN,DEV,STOP,3468
R4_TAIL3_4,2039,2026-08-04 11:10:47.528,1,EMA24,DEV,TARGET,1557
R4_TAIL3_4,2047,2026-08-04 11:12:37.256,1,EMA50,DEV,STOP,1293
R4_TAIL3_4,2066,2026-08-04 11:18:12.848,1,EMA24,DEV,TARGET,719
R4_TAIL3_4,2088,2026-08-04 11:24:32.172,1,EMA24,DEV,STOP,6810
R4_TAIL3_4,2113,2026-08-04 11:33:59.564,1,EMA50,DEV,STOP,13171
R4_TAIL3_4,2132,2026-08-04 11:40:05.264,-1,EMA8,DEV,TARGET,909
R4_TAIL3_4,2138,2026-08-04 11:41:23.896,-1,EMA8,DEV,STOP,2616
R4_TAIL3_4,2142,2026-08-04 11:42:01.404,-1,EMA24,DEV,TARGET,297
R4_TAIL3_4,2151,2026-08-04 11:44:40.196,-1,EMA24,DEV,STOP,3532
R4_TAIL3_4,2171,2026-08-04 11:51:52.052,1,EMA8,DEV,STOP,6753
R4_TAIL3_4,2206,2026-08-04 12:01:16.660,1,PIN,DEV,TARGET,1968
R4_TAIL3_4,2207,2026-08-04 12:01:36.432,1,PIN,DEV,TARGET,3812
R4_TAIL3_4,2271,2026-08-04 12:27:03.024,-1,EMA8,DEV,TARGET,4911
R4_TAIL3_4,2274,2026-08-04 12:27:50.868,-1,EMA8,DEV,TARGET,1221
R4_TAIL3_4,2284,2026-08-04 12:30:05.516,-1,EMA8,DEV,TARGET,1290
R4_TAIL3_4,2289,2026-08-04 12:31:06.220,-1,EMA24,DEV,STOP,3973
R4_TAIL3_4,2323,2026-08-04 12:40:12.608,1,EMA8,DEV,TARGET,1568
R4_TAIL3_4,2335,2026-08-04 12:44:12.788,1,PIN,DEV,TARGET,360
R4_TAIL3_4,2338,2026-08-04 12:44:56.620,1,EMA8,DEV,TARGET,4933
R4_TAIL3_4,2380,2026-08-04 12:51:49.892,-1,EMA8,DEV,TARGET,861
R4_TAIL3_4,2383,2026-08-04 12:52:04.340,-1,EMA8,DEV,TARGET,2450
R4_TAIL3_4,2385,2026-08-04 12:52:15.552,-1,EMA8,DEV,STOP,2848
R4_TAIL3_4,2389,2026-08-04 12:52:38.816,-1,EMA24,DEV,TARGET,1281
R4_TAIL3_4,2400,2026-08-04 12:54:30.048,-1,PIN7,DEV,TARGET,2596
R4_TAIL3_4,2402,2026-08-04 12:54:40.032,-1,EMA8,DEV,TARGET,2
R4_TAIL3_4,2405,2026-08-04 12:55:17.188,-1,PIN7,DEV,TARGET,1
R4_TAIL3_4,2411,2026-08-04 12:55:52.904,-1,PIN,DEV,TARGET,2930
R4_TAIL3_4,2418,2026-08-04 12:56:29.140,-1,EMA8,DEV,TARGET,1084
R4_TAIL3_4,2427,2026-08-04 12:57:46.784,-1,EMA24,DEV,STOP,5795
R4_TAIL3_4,2429,2026-08-04 12:58:04.764,-1,EMA24,DEV,TARGET,1256
R4_TAIL3_4,2463,2026-08-04 12:59:50.532,-1,PIN7,DEV,TARGET,181
R4_TAIL3_4,2471,2026-08-04 12:59:58.816,-1,EMA8,DEV,TARGET,1
R4_TAIL3_4,3751,2026-08-05 06:31:18.760,1,PIN,DEV,STOP,1955
R4_TAIL3_4,3873,2026-08-05 06:39:53.452,1,PIN,DEV,TARGET,937
R4_TAIL3_4,3891,2026-08-05 06:40:13.804,1,EMA50,DEV,TARGET,296
R4_TAIL3_4,3894,2026-08-05 06:40:18.912,1,PIN7,DEV,TARGET,708
R4_TAIL3_4,3901,2026-08-05 06:40:33.352,1,EMA8,DEV,STOP,4566
R4_TAIL3_4,3935,2026-08-05 06:43:36.480,-1,PIN7,DEV,TARGET,646
R4_TAIL3_4,3942,2026-08-05 06:43:58.292,-1,EMA24,DEV,TARGET,1029
R4_TAIL3_4,3947,2026-08-05 06:44:29.976,-1,PIN7,DEV,TARGET,521
R4_TAIL3_4,4256,2026-08-05 07:00:49.248,-1,EMA8,DEV,STOP,1054
R4_TAIL3_4,4268,2026-08-05 07:01:18.816,-1,EMA50,DEV,TARGET,1829
R4_TAIL3_4,4275,2026-08-05 07:01:35.448,-1,PIN,DEV,STOP,2526
R4_TAIL3_4,4280,2026-08-05 07:01:46.844,-1,EMA24,DEV,TARGET,3719
R4_TAIL3_4,4286,2026-08-05 07:02:06.544,-1,EMA8,DEV,TARGET,931
R4_TAIL3_4,4294,2026-08-05 07:02:27.336,-1,EMA8,DEV,TARGET,970
R4_TAIL3_4,4302,2026-08-05 07:02:43.576,-1,EMA24,DEV,TARGET,2169
R4_TAIL3_4,4304,2026-08-05 07:02:50.056,-1,EMA24,DEV,TARGET,20
R4_TAIL3_4,4339,2026-08-05 07:05:01.808,1,PIN7,DEV,TARGET,2422
R4_TAIL3_4,4343,2026-08-05 07:05:16.132,1,PIN7,DEV,TARGET,2206
R4_TAIL3_4,4353,2026-08-05 07:05:38.452,1,EMA8,DEV,STOP,2718
R4_TAIL3_4,4361,2026-08-05 07:05:55.576,1,EMA24,DEV,STOP,962
R4_TAIL3_4,4414,2026-08-05 07:08:43.936,1,EMA50,DEV,STOP,4076
R4_TAIL3_4,4491,2026-08-05 07:14:58.104,1,EMA24,DEV,TARGET,2717
R4_TAIL3_4,4498,2026-08-05 07:15:18.072,1,EMA24,DEV,STOP,14858
R4_TAIL3_4,4547,2026-08-05 07:20:05.660,-1,PIN,DEV,TARGET,663
R4_TAIL3_4,4566,2026-08-05 07:21:22.660,-1,EMA50,DEV,TARGET,1
R4_TAIL3_4,4573,2026-08-05 07:22:10.732,-1,EMA8,DEV,TARGET,359
R4_TAIL3_4,4581,2026-08-05 07:22:32.152,-1,EMA8,DEV,TARGET,891
R4_TAIL3_4,4619,2026-08-05 07:25:25.100,1,PIN7,DEV,TARGET,1994
R4_TAIL3_4,4677,2026-08-05 07:29:32.112,-1,EMA8,DEV,TARGET,917
R4_TAIL3_4,4710,2026-08-05 07:31:24.040,-1,PIN,DEV,TARGET,896
R4_TAIL3_4,4727,2026-08-05 07:32:40.352,-1,EMA24,DEV,STOP,2679
R4_TAIL3_4,4746,2026-08-05 07:33:48.836,1,EMA8,DEV,TARGET,386
R4_TAIL3_4,4754,2026-08-05 07:34:22.024,1,EMA24+EMA50,DEV,STOP,1232
R4_TAIL3_4,4776,2026-08-05 07:36:07.164,-1,PIN7,DEV,TARGET,3626
R4_TAIL3_4,4777,2026-08-05 07:36:16.068,-1,PIN7,DEV,TARGET,1676
R4_TAIL3_4,4778,2026-08-05 07:36:23.008,-1,PIN7,DEV,TARGET,203
R4_TAIL3_4,4783,2026-08-05 07:36:43.504,-1,EMA8,DEV,TARGET,296
R4_TAIL3_4,4785,2026-08-05 07:36:52.320,-1,PIN7,DEV,STOP,1201
R4_TAIL3_4,4792,2026-08-05 07:37:09.272,-1,EMA50,DEV,TARGET,62
R4_TAIL3_4,4804,2026-08-05 07:38:06.964,-1,EMA8,DEV,TARGET,1652
R4_TAIL3_4,4841,2026-08-05 07:41:25.548,-1,PIN7,DEV,STOP,2921
R4_TAIL3_4,4846,2026-08-05 07:41:42.848,-1,EMA24,DEV,STOP,2104
R4_TAIL3_4,4859,2026-08-05 07:42:23.452,-1,PIN7,DEV,STOP,1183
R4_TAIL3_4,4869,2026-08-05 07:43:15.788,1,EMA8,DEV,STOP,3066
R4_TAIL3_4,4885,2026-08-05 07:44:27.236,-1,PIN7,DEV,TARGET,891
R4_TAIL3_4,4941,2026-08-05 07:50:21.932,1,EMA8,DEV,STOP,1197
R4_TAIL3_4,4945,2026-08-05 07:50:31.540,1,EMA50,DEV,TARGET,327
R4_TAIL3_4,4976,2026-08-05 07:53:05.520,-1,EMA8,DEV,TARGET,2054
R4_TAIL3_4,4978,2026-08-05 07:53:13.036,-1,EMA8,DEV,TARGET,1
R4_TAIL3_4,4995,2026-08-05 07:53:48.172,-1,EMA8,DEV,TARGET,1572
R4_TAIL3_4,5005,2026-08-05 07:54:14.428,-1,EMA8,DEV,STOP,7174
R4_TAIL3_4,5022,2026-08-05 07:55:17.004,-1,PIN7,DEV,STOP,3685
R4_TAIL3_4,5063,2026-08-05 07:59:25.864,1,PIN7,DEV,TARGET,768
R4_TAIL3_4,6325,2026-08-05 11:04:36.164,1,PIN7,DEV,TARGET,838
R4_TAIL3_4,6337,2026-08-05 11:06:53.748,1,EMA50,DEV,STOP,2769
R4_TAIL3_4,6405,2026-08-05 11:32:09.460,-1,PIN,DEV,STOP,13796
R4_TAIL3_4,6415,2026-08-05 11:34:42.440,-1,EMA24,DEV,TARGET,279
R4_TAIL3_4,6461,2026-08-05 11:52:08.208,1,EMA24+EMA50,DEV,TARGET,7107
R4_TAIL3_4,6464,2026-08-05 11:53:21.124,1,EMA50,DEV,STOP,8525
R4_TAIL3_4,6472,2026-08-05 11:57:12.864,-1,PIN7,DEV,STOP,1676
R4_TAIL3_4,6489,2026-08-05 12:02:01.396,-1,EMA50,DEV,TARGET,5264
R4_TAIL3_4,6491,2026-08-05 12:02:26.104,-1,EMA50,DEV,TARGET,2669
R4_TAIL3_4,6495,2026-08-05 12:03:26.324,-1,EMA50,DEV,TARGET,1207
R4_TAIL3_4,6539,2026-08-05 12:22:13.172,1,EMA50,DEV,TARGET,3848
R4_TAIL3_4,6541,2026-08-05 12:22:26.556,1,EMA50,DEV,TARGET,3398
R4_TAIL3_4,6566,2026-08-05 12:35:01.444,-1,EMA8,DEV,TARGET,571
R4_TAIL3_4,6587,2026-08-05 12:43:49.232,-1,EMA50,DEV,TARGET,2355
R4_TAIL3_4,6652,2026-08-05 12:58:04.048,-1,EMA8,DEV,TARGET,1622
R4_TAIL3_4,6656,2026-08-05 12:59:03.100,-1,PIN,DEV,TARGET,317
R4_TAIL3_4,6669,2026-08-05 12:59:39.008,-1,EMA8,DEV,TARGET,3
R4_TAIL3_4,6673,2026-08-05 12:59:43.020,-1,PIN,DEV,TARGET,45
R4_TAIL3_4,6685,2026-08-05 12:59:55.068,-1,PIN7,DEV,STOP,1484
R4_TAIL3_4,7966,2026-08-06 06:31:29.824,-1,EMA8,DEV,TARGET,675
R4_TAIL3_4,7972,2026-08-06 06:31:40.116,-1,EMA24,DEV,TARGET,1555
R4_TAIL3_4,7979,2026-08-06 06:32:05.992,-1,PIN7,DEV,TARGET,1084
R4_TAIL3_4,8006,2026-08-06 06:33:56.268,-1,EMA24,DEV,TARGET,8687
R4_TAIL3_4,8038,2026-08-06 06:35:19.952,1,EMA24,DEV,STOP,10782
R4_TAIL3_4,8093,2026-08-06 06:38:39.704,1,EMA50,DEV,TARGET,802
R4_TAIL3_4,8110,2026-08-06 06:39:35.712,-1,EMA8,DEV,TARGET,2812
R4_TAIL3_4,8114,2026-08-06 06:39:52.340,-1,EMA8,DEV,TARGET,1312
R4_TAIL3_4,8156,2026-08-06 06:42:10.300,1,EMA24,DEV,TARGET,269
R4_TAIL3_4,8188,2026-08-06 06:43:58.852,1,EMA24,DEV,TARGET,244
R4_TAIL3_4,8454,2026-08-06 07:07:07.108,1,PIN7,DEV,TARGET,46
R4_TAIL3_4,8462,2026-08-06 07:08:11.956,1,EMA24,DEV,TARGET,7602
R4_TAIL3_4,8470,2026-08-06 07:09:51.256,1,EMA24,DEV,TARGET,907
R4_TAIL3_4,8477,2026-08-06 07:10:37.680,1,EMA8,DEV,TARGET,5281
R4_TAIL3_4,8484,2026-08-06 07:11:57.032,1,EMA8,DEV,STOP,7721
R4_TAIL3_4,8488,2026-08-06 07:12:37.192,1,EMA24,DEV,STOP,2523
R4_TAIL3_4,8504,2026-08-06 07:15:00.052,1,EMA50,DEV,STOP,1427
R4_TAIL3_4,8534,2026-08-06 07:19:54.964,1,EMA8,DEV,STOP,8859
R4_TAIL3_4,8540,2026-08-06 07:20:56.604,1,EMA50,DEV,TARGET,12777
R4_TAIL3_4,8544,2026-08-06 07:21:43.568,1,EMA50,DEV,TARGET,4495
R4_TAIL3_4,8546,2026-08-06 07:22:12.648,1,EMA50,DEV,TARGET,186
R4_TAIL3_4,8552,2026-08-06 07:23:29.168,1,EMA50,DEV,STOP,3319
R4_TAIL3_4,8579,2026-08-06 07:26:16.640,-1,PIN7,DEV,TARGET,1113
R4_TAIL3_4,8587,2026-08-06 07:26:25.464,-1,EMA8,DEV,TARGET,2335
R4_TAIL3_4,8592,2026-08-06 07:26:46.488,-1,EMA8,DEV,STOP,1782
R4_TAIL3_4,8596,2026-08-06 07:26:59.852,-1,EMA24,DEV,TARGET,631
R4_TAIL3_4,8602,2026-08-06 07:27:17.072,-1,EMA8,DEV,TARGET,1
R4_TAIL3_4,8606,2026-08-06 07:27:26.228,-1,EMA24,DEV,TARGET,13022
R4_TAIL3_4,8629,2026-08-06 07:29:09.228,-1,PIN7,DEV,TARGET,4455
R4_TAIL3_4,8680,2026-08-06 07:33:05.392,-1,EMA50,DEV,TARGET,519
R4_TAIL3_4,8702,2026-08-06 07:35:25.256,1,EMA8,DEV,TARGET,7028
R4_TAIL3_4,8741,2026-08-06 07:39:33.204,-1,PIN7,DEV,TARGET,594
R4_TAIL3_4,8750,2026-08-06 07:40:23.296,-1,EMA24,DEV,TARGET,2659
R4_TAIL3_4,8781,2026-08-06 07:44:05.524,1,PIN7,DEV,STOP,3260
R4_TAIL3_4,8820,2026-08-06 07:50:00.072,-1,PIN7,DEV,TARGET,54
R4_TAIL3_4,8831,2026-08-06 07:51:18.680,-1,EMA50,DEV,TARGET,4518
R4_TAIL3_4,8875,2026-08-06 07:56:32.008,1,EMA8,DEV,TARGET,2
R4_TAIL3_4,8881,2026-08-06 07:57:21.844,1,EMA8,DEV,TARGET,2438
R4_TAIL3_4,9927,2026-08-06 11:05:36.944,1,PIN7,DEV,STOP,16182
R4_TAIL3_4,9931,2026-08-06 11:07:46.108,1,EMA8,DEV,TARGET,148
R4_TAIL3_4,9979,2026-08-06 11:18:20.376,1,EMA24,DEV,TARGET,10336
R4_TAIL3_4,9986,2026-08-06 11:22:50.504,1,EMA8,DEV,STOP,11662
R4_TAIL3_4,10028,2026-08-06 11:41:31.400,-1,EMA8,DEV,TARGET,392
R4_TAIL3_4,10084,2026-08-06 12:09:30.604,1,PIN7,DEV,TARGET,883
R4_TAIL3_4,10112,2026-08-06 12:24:47.184,-1,PIN7,DEV,TARGET,665
R4_TAIL3_4,10129,2026-08-06 12:27:31.320,-1,EMA8,DEV,TARGET,2667
R4_TAIL3_4,10133,2026-08-06 12:28:27.396,-1,EMA24,DEV,TARGET,3707
R4_TAIL3_4,10145,2026-08-06 12:31:21.052,-1,EMA24,DEV,STOP,5596
R4_TAIL3_4,10164,2026-08-06 12:39:47.836,-1,PIN7,DEV,TARGET,3652
R4_TAIL3_4,10177,2026-08-06 12:44:01.496,-1,EMA8,DEV,STOP,7288
R4_TAIL3_4,10192,2026-08-06 12:47:47.444,-1,EMA8,DEV,TARGET,547
R4_TAIL3_4,10210,2026-08-06 12:50:34.596,-1,EMA24,DEV,TARGET,565
R4_TAIL3_4,10216,2026-08-06 12:51:25.924,-1,EMA8,DEV,TARGET,11557
R4_TAIL3_4,10242,2026-08-06 12:54:06.020,1,EMA8,DEV,TARGET,641
R4_TAIL3_4,10258,2026-08-06 12:55:05.124,1,EMA8,DEV,STOP,1389
R4_TAIL3_4,10276,2026-08-06 12:58:50.408,1,PIN7,DEV,STOP,8009
R4_TAIL3_4,10278,2026-08-06 12:59:08.932,1,EMA8,DEV,TARGET,707
R4_TAIL3_4,11799,2026-08-07 06:32:00.356,1,PIN7,DEV,TARGET,1286
R4_TAIL3_4,11801,2026-08-07 06:32:07.536,1,PIN7,DEV,STOP,2369
R4_TAIL3_4,11805,2026-08-07 06:32:16.816,1,EMA24,DEV,TARGET,118
R4_TAIL3_4,11823,2026-08-07 06:33:06.996,1,PIN7,DEV,TARGET,3154
R4_TAIL3_4,11824,2026-08-07 06:33:13.588,1,PIN7,DEV,STOP,2248
R4_TAIL3_4,11827,2026-08-07 06:33:25.376,1,EMA24,DEV,STOP,2766
R4_TAIL3_4,11881,2026-08-07 06:36:23.004,-1,EMA8,DEV,TARGET,1
R4_TAIL3_4,11889,2026-08-07 06:36:38.916,-1,EMA8,DEV,TARGET,118
R4_TAIL3_4,11892,2026-08-07 06:36:51.952,-1,EMA8,DEV,STOP,3651
R4_TAIL3_4,11919,2026-08-07 06:38:05.220,1,PIN7,DEV,TARGET,1135
R4_TAIL3_4,11965,2026-08-07 06:40:48.420,1,PIN7,DEV,TARGET,2141
R4_TAIL3_4,11994,2026-08-07 06:42:17.012,-1,PIN7,DEV,STOP,3393
R4_TAIL3_4,11996,2026-08-07 06:42:21.532,-1,EMA8,DEV,STOP,13833
R4_TAIL3_4,12014,2026-08-07 06:43:19.172,1,PIN7,DEV,TARGET,8148
R4_TAIL3_4,12022,2026-08-07 06:44:01.240,1,PIN,DEV,STOP,8191
R4_TAIL3_4,12023,2026-08-07 06:44:10.852,1,PIN,DEV,STOP,2101
R4_TAIL3_4,12030,2026-08-07 06:44:44.828,1,EMA8,DEV,TARGET,426
R4_TAIL3_4,12283,2026-08-07 07:00:29.788,1,PIN7,DEV,TARGET,1850
R4_TAIL3_4,12289,2026-08-07 07:00:44.048,1,EMA8,DEV,TARGET,1
R4_TAIL3_4,12298,2026-08-07 07:01:08.768,1,EMA24,DEV,STOP,9566
R4_TAIL3_4,12356,2026-08-07 07:04:26.756,-1,EMA8,DEV,TARGET,547
R4_TAIL3_4,12359,2026-08-07 07:04:37.128,-1,EMA8,DEV,TARGET,830
R4_TAIL3_4,12364,2026-08-07 07:04:54.636,-1,EMA24,DEV,TARGET,436
R4_TAIL3_4,12441,2026-08-07 07:09:26.940,-1,PIN7,DEV,TARGET,6298
R4_TAIL3_4,12451,2026-08-07 07:10:21.828,-1,EMA8,DEV,STOP,922
R4_TAIL3_4,12456,2026-08-07 07:10:31.240,-1,EMA50,DEV,TARGET,302
R4_TAIL3_4,12474,2026-08-07 07:11:46.104,-1,PIN7,DEV,TARGET,1822
R4_TAIL3_4,12492,2026-08-07 07:13:02.988,-1,EMA24,DEV,TARGET,319
R4_TAIL3_4,12520,2026-08-07 07:14:33.456,-1,PIN7,DEV,TARGET,10801
R4_TAIL3_4,12550,2026-08-07 07:16:23.480,1,EMA8,DEV,TARGET,595
R4_TAIL3_4,12562,2026-08-07 07:17:25.736,1,EMA8,DEV,TARGET,2618
R4_TAIL3_4,12565,2026-08-07 07:17:33.540,1,EMA8,DEV,TARGET,26
R4_TAIL3_4,12573,2026-08-07 07:17:50.988,1,EMA8,DEV,TARGET,459
R4_TAIL3_4,12578,2026-08-07 07:18:02.916,1,EMA24,DEV,TARGET,5992
R4_TAIL3_4,12580,2026-08-07 07:18:16.740,1,EMA24,DEV,TARGET,17
R4_TAIL3_4,12590,2026-08-07 07:18:45.600,1,PIN7,DEV,TARGET,1027
R4_TAIL3_4,12592,2026-08-07 07:18:55.128,1,PIN7,DEV,TARGET,182
R4_TAIL3_4,12600,2026-08-07 07:19:51.900,1,EMA8,DEV,TARGET,543
R4_TAIL3_4,12618,2026-08-07 07:21:10.544,1,EMA8,DEV,STOP,1975
R4_TAIL3_4,12647,2026-08-07 07:23:55.384,1,PIN7,DEV,TARGET,323
R4_TAIL3_4,12653,2026-08-07 07:24:15.120,1,EMA8,DEV,TARGET,11285
R4_TAIL3_4,12657,2026-08-07 07:25:01.560,1,EMA8,DEV,TARGET,1035
R4_TAIL3_4,12670,2026-08-07 07:26:48.160,1,EMA8,DEV,TARGET,2397
R4_TAIL3_4,12672,2026-08-07 07:27:00.676,1,EMA8,DEV,TARGET,116
R4_TAIL3_4,12674,2026-08-07 07:27:07.228,1,EMA8,DEV,STOP,3249
R4_TAIL3_4,12683,2026-08-07 07:28:13.356,1,EMA8,DEV,TARGET,979
R4_TAIL3_4,12686,2026-08-07 07:28:27.920,1,EMA8,DEV,TARGET,1274
R4_TAIL3_4,12699,2026-08-07 07:30:03.204,1,EMA8,DEV,TARGET,17
R4_TAIL3_4,12762,2026-08-07 07:35:47.084,-1,PIN7,DEV,TARGET,28
R4_TAIL3_4,12774,2026-08-07 07:36:33.840,-1,EMA24,DEV,TARGET,1580
R4_TAIL3_4,12819,2026-08-07 07:40:04.708,-1,EMA8,DEV,STOP,4890
R4_TAIL3_4,12823,2026-08-07 07:40:17.728,-1,EMA24,DEV,STOP,9956
R4_TAIL3_4,12827,2026-08-07 07:40:36.032,-1,EMA50,DEV,STOP,6856
R4_TAIL3_4,12889,2026-08-07 07:45:43.064,1,EMA8,DEV,TARGET,2132
R4_TAIL3_4,12898,2026-08-07 07:46:23.264,1,EMA24,DEV,TARGET,694
R4_TAIL3_4,12905,2026-08-07 07:47:26.588,1,EMA8,DEV,TARGET,189
R4_TAIL3_4,12912,2026-08-07 07:48:00.756,1,PIN7,DEV,STOP,2313
R4_TAIL3_4,12968,2026-08-07 07:53:28.052,-1,EMA50,DEV,TARGET,23163
R4_TAIL3_4,12999,2026-08-07 07:58:06.120,1,PIN7,DEV,TARGET,1508
R4_TAIL3_4,13000,2026-08-07 07:58:15.528,1,PIN7,DEV,TARGET,4563
R4_TAIL3_4,13004,2026-08-07 07:58:46.592,1,EMA8,DEV,TARGET,261
R4_TAIL3_4,13694,2026-08-07 11:11:00.920,-1,EMA50,DEV,TARGET,608
R4_TAIL3_4,13698,2026-08-07 11:12:50.400,-1,PIN7,DEV,TARGET,2057
R4_TAIL3_4,13702,2026-08-07 11:14:35.388,-1,PIN,DEV,TARGET,732
R4_TAIL3_4,13745,2026-08-07 11:38:25.692,-1,EMA8,DEV,TARGET,1531
R4_TAIL3_4,13756,2026-08-07 11:46:09.368,-1,EMA8,DEV,TARGET,1974
R4_TAIL3_4,13758,2026-08-07 11:46:35.596,-1,EMA8,DEV,STOP,4811
R4_TAIL3_4,13793,2026-08-07 12:01:33.008,1,PIN,DEV,STOP,1883
R4_TAIL3_4,13822,2026-08-07 12:13:22.120,1,EMA8,DEV,TARGET,7038
R4_TAIL3_4,13831,2026-08-07 12:16:17.184,1,EMA8,DEV,TARGET,2820
R4_TAIL3_4,13833,2026-08-07 12:16:47.012,1,EMA8,DEV,TARGET,355
R4_TAIL3_4,13909,2026-08-07 12:43:12.808,-1,EMA24,DEV,TARGET,2471
R4_TAIL3_4,13920,2026-08-07 12:47:05.548,-1,EMA50,DEV,STOP,5617
R4_TAIL3_4,13964,2026-08-07 12:56:03.436,1,EMA50,DEV,TARGET,5651
R4_TAIL3_4,14789,2026-08-10 06:31:10.920,1,EMA8,DEV,TARGET,4797
R4_TAIL3_4,14794,2026-08-10 06:31:38.280,1,PIN7,DEV,STOP,1998
R4_TAIL3_4,14827,2026-08-10 06:34:48.600,-1,PIN7,DEV,TARGET,2397
R4_TAIL3_4,14829,2026-08-10 06:35:00.164,-1,PIN7,DEV,STOP,6278
R4_TAIL3_4,14838,2026-08-10 06:35:29.188,-1,EMA8,DEV,STOP,2855
R4_TAIL3_4,14843,2026-08-10 06:35:41.944,-1,EMA24,DEV,STOP,12847
R4_TAIL3_4,14845,2026-08-10 06:35:55.460,-1,EMA50,DEV,STOP,7778
R4_TAIL3_4,14872,2026-08-10 06:38:20.768,-1,PIN7,DEV,TARGET,14672
R4_TAIL3_4,14886,2026-08-10 06:39:57.820,-1,EMA50,DEV,TARGET,3101
R4_TAIL3_4,14904,2026-08-10 06:41:32.076,-1,EMA50,DEV,STOP,3656
R4_TAIL3_4,14921,2026-08-10 06:43:02.040,1,EMA24,DEV,STOP,7179
R4_TAIL3_4,15091,2026-08-10 07:01:05.984,1,EMA50,DEV,TARGET,8952
R4_TAIL3_4,15139,2026-08-10 07:16:45.780,1,EMA8,DEV,STOP,7103
R4_TAIL3_4,15148,2026-08-10 07:20:06.612,1,PIN7,DEV,STOP,13288
R4_TAIL3_4,15187,2026-08-10 07:30:35.224,1,EMA8,DEV,TARGET,2454
R4_TAIL3_4,15232,2026-08-10 07:45:35.580,1,PIN7,DEV,TARGET,1285
R4_TAIL3_4,15260,2026-08-10 07:54:58.204,-1,EMA8,DEV,TARGET,578
R4_TAIL3_4,15264,2026-08-10 07:55:17.964,-1,EMA8,DEV,TARGET,739
R4_TAIL3_4,15287,2026-08-10 07:59:40.176,-1,EMA8,DEV,TARGET,699
R4_TAIL3_4,15852,2026-08-10 11:20:25.288,-1,PIN7,DEV,STOP,3494
R4_TAIL3_4,15868,2026-08-10 11:33:38.444,-1,EMA50,DEV,TARGET,6579
R4_TAIL3_4,15883,2026-08-10 11:45:56.644,1,EMA8,DEV,TARGET,8268
R4_TAIL3_4,15886,2026-08-10 11:50:00.164,1,EMA8,DEV,TARGET,834
R4_TAIL3_4,15890,2026-08-10 11:52:49.700,1,EMA8,DEV,TARGET,1519
R4_TAIL3_4,15901,2026-08-10 12:03:31.532,1,EMA8,DEV,TARGET,522
R4_TAIL3_4,15967,2026-08-10 12:54:25.264,-1,EMA24,DEV,TARGET,850
R4_TAIL3_4,15996,2026-08-10 12:59:50.628,1,PIN7,DEV,TARGET,498
R4_TAIL3_4,16755,2026-08-11 06:31:54.596,-1,EMA8,DEV,TARGET,6375
R4_TAIL3_4,16758,2026-08-11 06:32:14.844,-1,EMA8,DEV,TARGET,338
R4_TAIL3_4,16769,2026-08-11 06:33:22.752,-1,EMA24,DEV,TARGET,4193
R4_TAIL3_4,16772,2026-08-11 06:33:56.908,-1,PIN7,DEV,STOP,4167
R4_TAIL3_4,16776,2026-08-11 06:34:22.084,-1,EMA24,DEV,TARGET,4123
R4_TAIL3_4,16787,2026-08-11 06:35:49.660,-1,PIN7,DEV,TARGET,2744
R4_TAIL3_4,16956,2026-08-11 07:00:25.564,1,EMA8,DEV,TARGET,3669
R4_TAIL3_4,16958,2026-08-11 07:00:40.200,1,EMA8,DEV,TARGET,507
R4_TAIL3_4,16977,2026-08-11 07:05:31.840,1,EMA24,DEV,TARGET,4022
R4_TAIL3_4,17009,2026-08-11 07:13:19.452,1,EMA50,DEV,TARGET,11548
R4_TAIL3_4,17035,2026-08-11 07:18:14.104,-1,EMA8,DEV,TARGET,940
R4_TAIL3_4,17068,2026-08-11 07:26:04.688,-1,EMA24,DEV,TARGET,11643
R4_TAIL3_4,17152,2026-08-11 07:49:58.136,1,EMA8,DEV,STOP,2703
R4_TAIL3_4,17164,2026-08-11 07:52:24.020,1,PIN7,DEV,TARGET,2046
R4_TAIL3_4,17165,2026-08-11 07:52:38.140,1,PIN7,DEV,STOP,8042
R4_TAIL3_4,17172,2026-08-11 07:54:44.260,1,EMA50,DEV,TARGET,1
R4_TAIL3_4,17180,2026-08-11 07:58:16.600,1,EMA50,DEV,STOP,5799
R4_TAIL3_4,17598,2026-08-11 11:15:54.868,-1,EMA50,DEV,TARGET,1765
R4_TAIL3_4,17618,2026-08-11 11:27:41.012,-1,PIN7,DEV,TARGET,523
R4_TAIL3_4,17632,2026-08-11 11:29:56.152,-1,PIN,DEV,STOP,4397
R4_TAIL3_4,17660,2026-08-11 11:41:35.488,-1,PIN7,DEV,TARGET,213
R4_TAIL3_4,17664,2026-08-11 11:44:49.520,-1,EMA24,DEV,STOP,5880
R4_TAIL3_4,17678,2026-08-11 11:54:16.060,1,EMA8,DEV,STOP,6040
R4_TAIL3_4,17725,2026-08-11 12:28:40.188,1,EMA8,DEV,TARGET,538
R4_TAIL3_4,17728,2026-08-11 12:30:00.320,1,EMA8,DEV,TARGET,1999
R4_TAIL3_4,17730,2026-08-11 12:30:12.344,1,EMA8,DEV,TARGET,718
R4_TAIL3_4,17740,2026-08-11 12:36:19.488,1,EMA8,DEV,TARGET,902
R4_TAIL3_4,17750,2026-08-11 12:43:14.556,1,EMA24,DEV,STOP,4689
R4_TAIL3_4,17784,2026-08-11 12:54:00.088,-1,EMA8,DEV,STOP,2165
R4_TAIL3_4,17834,2026-08-11 12:59:58.156,1,EMA8,DEV,TARGET,93
R4_TAIL3_4,17837,2026-08-11 12:59:59.644,1,EMA8,DEV,TARGET,152
R4_TAIL3_4,18871,2026-08-12 06:31:05.496,-1,PIN7,DEV,TARGET,430
R4_TAIL3_4,18885,2026-08-12 06:31:59.004,-1,EMA8,DEV,TARGET,268
R4_TAIL3_4,18888,2026-08-12 06:32:15.184,-1,EMA8,DEV,TARGET,1260
R4_TAIL3_4,18891,2026-08-12 06:32:31.460,-1,EMA8,DEV,STOP,2097
R4_TAIL3_4,18897,2026-08-12 06:32:56.216,-1,EMA8,DEV,TARGET,571
R4_TAIL3_4,18904,2026-08-12 06:33:12.548,-1,EMA8,DEV,STOP,6734
R4_TAIL3_4,18906,2026-08-12 06:33:20.708,-1,EMA8,DEV,STOP,3853
R4_TAIL3_4,18981,2026-08-12 06:39:40.624,-1,PIN7,DEV,TARGET,5838
R4_TAIL3_4,18982,2026-08-12 06:40:02.892,-1,PIN7,DEV,TARGET,1287
R4_TAIL3_4,18992,2026-08-12 06:41:17.100,-1,EMA24,DEV,STOP,3612
R4_TAIL3_4,19024,2026-08-12 06:44:33.660,-1,PIN7,DEV,STOP,7032
R4_TAIL3_4,19154,2026-08-12 07:00:16.212,-1,PIN7,DEV,STOP,6227
R4_TAIL3_4,19195,2026-08-12 07:06:04.364,-1,EMA50,DEV,TARGET,18242
R4_TAIL3_4,19255,2026-08-12 07:18:18.288,1,PIN7,DEV,TARGET,329
R4_TAIL3_4,19258,2026-08-12 07:18:46.384,1,EMA8,DEV,TARGET,303
R4_TAIL3_4,19301,2026-08-12 07:25:38.408,1,EMA24,DEV,TARGET,5897
R4_TAIL3_4,19303,2026-08-12 07:26:17.468,1,EMA24,DEV,TARGET,684
R4_TAIL3_4,19315,2026-08-12 07:29:06.732,1,EMA24,DEV,STOP,2896
R4_TAIL3_4,19356,2026-08-12 07:31:10.232,-1,EMA8,DEV,TARGET,1
R4_TAIL3_4,19400,2026-08-12 07:31:19.276,1,EMA8,DEV,NONE,1232
R4_TAIL3_4,19427,2026-08-12 07:32:09.424,1,EMA24,DEV,STOP,2338
R4_TAIL3_4,19478,2026-08-12 07:39:17.464,1,EMA24,DEV,TARGET,3853
R4_TAIL3_4,19483,2026-08-12 07:40:21.496,1,PIN7,DEV,TARGET,5802
R4_TAIL3_4,19484,2026-08-12 07:40:27.712,1,PIN7,DEV,TARGET,5976
R4_TAIL3_4,19491,2026-08-12 07:41:52.320,1,EMA8,DEV,STOP,5827
R4_TAIL3_4,19494,2026-08-12 07:42:41.236,1,EMA24,DEV,TARGET,4652
R4_TAIL3_4,19496,2026-08-12 07:42:53.308,1,EMA24,DEV,TARGET,637
R4_TAIL3_4,19504,2026-08-12 07:44:58.192,1,EMA8,DEV,TARGET,956
R4_TAIL3_4,19506,2026-08-12 07:45:28.500,1,EMA8,DEV,TARGET,800
R4_TAIL3_4,19511,2026-08-12 07:47:17.772,1,EMA24,DEV,STOP,2674
R4_TAIL3_4,19541,2026-08-12 07:53:05.920,-1,EMA24,DEV,TARGET,340
R4_TAIL3_4,19573,2026-08-12 07:58:24.972,-1,EMA50,DEV,TARGET,20994
R4_TAIL3_4,19988,2026-08-12 12:32:37.472,-1,EMA24,DEV,TARGET,1780
R4_TAIL3_4,20008,2026-08-12 12:49:50.232,-1,EMA50,DEV,TARGET,477
R4_TAIL3_4,20011,2026-08-12 12:50:00.040,-1,EMA50,DEV,TARGET,1
R4_TAIL3_4,20017,2026-08-12 12:51:07.032,-1,PIN7,DEV,TARGET,451
R4_TAIL3_4,20033,2026-08-12 12:55:00.088,-1,EMA8,DEV,TARGET,479
R4_TAIL3_4,20035,2026-08-12 12:55:02.876,-1,PIN7,DEV,TARGET,779
R4_TAIL3_4,20674,2026-08-13 06:33:23.260,1,PIN7,DEV,TARGET,524
R4_TAIL3_4,20679,2026-08-13 06:33:59.840,1,EMA8,DEV,TARGET,1698
R4_TAIL3_4,20713,2026-08-13 06:39:18.288,1,EMA8,DEV,TARGET,1240
R4_TAIL3_4,20717,2026-08-13 06:39:53.944,1,PIN7,DEV,STOP,9013
R4_TAIL3_4,20847,2026-08-13 07:14:55.648,1,EMA8,DEV,STOP,7840
R4_TAIL3_4,20862,2026-08-13 07:18:31.988,1,PIN7,DEV,TARGET,796
R4_TAIL3_4,20871,2026-08-13 07:22:16.768,1,PIN,DEV,TARGET,2578
R4_TAIL3_4,20883,2026-08-13 07:26:59.220,1,EMA8,DEV,TARGET,1205
R4_TAIL3_4,20894,2026-08-13 07:31:24.448,1,EMA24,DEV,TARGET,348
R4_TAIL3_4,20899,2026-08-13 07:34:09.412,1,EMA24,DEV,TARGET,1816
R4_TAIL3_4,20946,2026-08-13 07:49:48.352,-1,EMA8,DEV,STOP,3798
R4_TAIL3_4,20954,2026-08-13 07:50:31.716,-1,EMA24,DEV,TARGET,1504
R4_TAIL3_4,20987,2026-08-13 07:56:58.052,-1,EMA24,DEV,STOP,6283
R4_TAIL3_4,21437,2026-08-13 11:17:22.644,1,EMA24,DEV,STOP,13817
R4_TAIL3_4,21452,2026-08-13 11:30:21.864,1,PIN7,DEV,TARGET,1062
R4_TAIL3_4,21457,2026-08-13 11:35:45.776,1,PIN7,DEV,TARGET,6968
R4_TAIL3_4,21459,2026-08-13 11:40:00.516,1,PIN7,DEV,TARGET,3343
R4_TAIL3_4,21460,2026-08-13 11:41:32.852,1,PIN7,DEV,TARGET,146
R4_TAIL3_4,21469,2026-08-13 11:50:37.508,1,PIN7,DEV,TARGET,7054
R4_TAIL3_4,21541,2026-08-13 12:50:03.776,-1,EMA8,DEV,TARGET,692
R4_TAIL3_4,21543,2026-08-13 12:50:11.008,-1,PIN7,DEV,TARGET,4850
R4_TAIL3_4,21544,2026-08-13 12:51:02.012,-1,PIN7,DEV,TARGET,608
R4_TAIL3_4,21548,2026-08-13 12:53:10.080,-1,EMA8,DEV,STOP,2546
R4_TAIL3_4,21552,2026-08-13 12:54:20.052,-1,EMA24,DEV,TARGET,2753
R4_TAIL3_4,21554,2026-08-13 12:54:40.016,-1,EMA50,DEV,TARGET,37
R4_TAIL3_4,21961,2026-08-14 06:33:17.236,-1,PIN7,DEV,STOP,15753
R4_TAIL3_4,21972,2026-08-14 06:35:55.832,-1,EMA50,DEV,TARGET,4716
R4_TAIL3_4,21974,2026-08-14 06:36:16.036,-1,EMA50,DEV,TARGET,621
R4_TAIL3_4,22090,2026-08-14 07:01:29.644,1,EMA50,DEV,STOP,4966
R4_TAIL3_4,22115,2026-08-14 07:10:06.288,1,EMA24,DEV,TARGET,615
R4_TAIL3_4,22129,2026-08-14 07:14:19.416,1,EMA50,DEV,STOP,1974
R4_TAIL3_4,22148,2026-08-14 07:18:30.136,-1,PIN7,DEV,TARGET,7484
R4_TAIL3_4,22150,2026-08-14 07:19:08.164,-1,EMA8,DEV,TARGET,2357
R4_TAIL3_4,22155,2026-08-14 07:20:13.184,-1,EMA8,DEV,TARGET,2623
R4_TAIL3_4,22157,2026-08-14 07:20:25.508,-1,EMA8,DEV,TARGET,313
R4_TAIL3_4,22165,2026-08-14 07:21:32.048,-1,PIN7,DEV,TARGET,1020
R4_TAIL3_4,22197,2026-08-14 07:28:05.524,-1,EMA8,DEV,TARGET,2242
R4_TAIL3_4,22200,2026-08-14 07:29:03.072,-1,EMA8,DEV,STOP,3891
R4_TAIL3_4,22204,2026-08-14 07:29:43.532,-1,EMA24,DEV,TARGET,6977
R4_TAIL3_4,22216,2026-08-14 07:31:00.064,-1,PIN7,DEV,TARGET,1017
R4_TAIL3_4,22233,2026-08-14 07:36:05.412,-1,EMA24,DEV,STOP,1804
R4_TAIL3_4,22251,2026-08-14 07:41:51.476,-1,PIN7,DEV,STOP,5274
R4_TAIL3_4,22587,2026-08-14 11:07:43.720,1,EMA8,DEV,TARGET,1299
R4_TAIL3_4,22603,2026-08-14 11:26:05.184,1,EMA8,DEV,STOP,4091
R4_TAIL3_4,23160,2026-08-17 06:31:03.728,1,PIN7,DEV,TARGET,5246
R4_TAIL3_4,23161,2026-08-17 06:31:16.036,1,PIN7,DEV,STOP,6479
R4_TAIL3_4,23183,2026-08-17 06:33:23.064,-1,EMA8,DEV,STOP,2132
R4_TAIL3_4,23187,2026-08-17 06:33:38.996,-1,EMA24,DEV,TARGET,825
R4_TAIL3_4,23200,2026-08-17 06:35:00.184,-1,PIN,DEV,TARGET,320
R4_TAIL3_4,23205,2026-08-17 06:35:12.352,-1,EMA8,DEV,STOP,4563
R4_TAIL3_4,23209,2026-08-17 06:35:56.168,-1,EMA24,DEV,TARGET,22669
R4_TAIL3_4,23217,2026-08-17 06:37:27.432,-1,EMA50,DEV,TARGET,1648
R4_TAIL3_4,23254,2026-08-17 06:44:20.104,-1,PIN7,DEV,STOP,2844
R4_TAIL3_4,23331,2026-08-17 07:00:43.576,-1,EMA24,DEV,TARGET,2628
R4_TAIL3_4,23417,2026-08-17 07:25:27.376,-1,EMA24,DEV,TARGET,3191
R4_TAIL3_4,23422,2026-08-17 07:27:22.084,-1,EMA24,DEV,TARGET,4682
R4_TAIL3_4,23437,2026-08-17 07:33:09.360,1,EMA8,DEV,STOP,12287
R4_TAIL3_4,23447,2026-08-17 07:37:36.428,-1,PIN7,DEV,TARGET,3970
R4_TAIL3_4,23452,2026-08-17 07:40:00.112,-1,EMA8,DEV,STOP,5442
R4_TAIL3_4,23486,2026-08-17 07:56:27.136,-1,EMA8,DEV,STOP,5041
R4_TAIL3_4,23490,2026-08-17 07:59:22.844,-1,EMA50,DEV,STOP,6943
R4_TAIL3_4,23808,2026-08-17 11:25:07.676,1,PIN7,DEV,STOP,4032
R4_TAIL3_4,23863,2026-08-17 12:29:30.724,-1,PIN7,DEV,TARGET,1680
R4_TAIL3_4,23898,2026-08-17 12:52:40.048,-1,PIN7,DEV,TARGET,2207
R4_TAIL3_4,23904,2026-08-17 12:54:40.048,-1,EMA24,DEV,TARGET,664
R4_TAIL3_4,23920,2026-08-17 12:59:20.984,-1,EMA50,DEV,TARGET,6763
R4_TAIL3_4,23926,2026-08-17 12:59:50.124,-1,PIN7,DEV,STOP,3238
R4_TAIL3_4,24969,2026-08-18 06:31:00.764,1,EMA8,DEV,TARGET,140
R4_TAIL3_4,24975,2026-08-18 06:31:06.240,1,EMA8,DEV,TARGET,270
R4_TAIL3_4,24983,2026-08-18 06:31:21.616,1,EMA8,DEV,TARGET,532
R4_TAIL3_4,24985,2026-08-18 06:31:26.088,1,PIN7,DEV,STOP,1659
R4_TAIL3_4,24995,2026-08-18 06:31:48.672,1,PIN7,DEV,TARGET,511
R4_TAIL3_4,25019,2026-08-18 06:33:01.964,-1,PIN7,DEV,TARGET,7630
R4_TAIL3_4,25025,2026-08-18 06:33:11.148,-1,EMA8,DEV,TARGET,2821
R4_TAIL3_4,25044,2026-08-18 06:34:05.868,-1,PIN7,DEV,STOP,3079
R4_TAIL3_4,25077,2026-08-18 06:35:41.460,1,EMA8,DEV,STOP,5377
R4_TAIL3_4,25093,2026-08-18 06:36:29.424,1,PIN7,DEV,TARGET,118
R4_TAIL3_4,25096,2026-08-18 06:36:41.616,1,EMA24,DEV,STOP,3270
R4_TAIL3_4,25145,2026-08-18 06:39:40.480,1,PIN7,DEV,TARGET,96
R4_TAIL3_4,25154,2026-08-18 06:40:23.540,1,EMA24,DEV,TARGET,1
R4_TAIL3_4,25165,2026-08-18 06:41:10.088,1,EMA24,DEV,TARGET,5946
R4_TAIL3_4,25187,2026-08-18 06:43:08.488,1,EMA50,DEV,STOP,4195
R4_TAIL3_4,25189,2026-08-18 06:43:15.772,1,EMA50,DEV,STOP,2750
R4_TAIL3_4,25378,2026-08-18 07:02:43.044,1,EMA8,DEV,TARGET,4754
R4_TAIL3_4,25380,2026-08-18 07:02:58.084,1,EMA8,DEV,TARGET,4488
R4_TAIL3_4,25384,2026-08-18 07:03:33.004,1,PIN,DEV,STOP,2411
R4_TAIL3_4,25412,2026-08-18 07:06:23.188,-1,EMA8,DEV,STOP,5250
R4_TAIL3_4,25462,2026-08-18 07:12:23.260,-1,EMA8,DEV,TARGET,182
R4_TAIL3_4,25471,2026-08-18 07:13:47.340,-1,EMA24,DEV,TARGET,6384
R4_TAIL3_4,25495,2026-08-18 07:16:19.016,1,EMA8,DEV,TARGET,8114
R4_TAIL3_4,25497,2026-08-18 07:16:33.060,1,EMA8,DEV,TARGET,2990
R4_TAIL3_4,25507,2026-08-18 07:17:36.212,1,EMA24,DEV,STOP,1099
R4_TAIL3_4,25517,2026-08-18 07:18:41.932,1,PIN7,DEV,TARGET,533
R4_TAIL3_4,25524,2026-08-18 07:19:38.348,1,EMA24,DEV,TARGET,1221
R4_TAIL3_4,25570,2026-08-18 07:25:50.416,1,EMA24,DEV,TARGET,950
R4_TAIL3_4,25585,2026-08-18 07:27:32.904,1,EMA50,DEV,TARGET,4375
R4_TAIL3_4,25618,2026-08-18 07:31:44.748,1,EMA50,DEV,TARGET,7915
R4_TAIL3_4,25628,2026-08-18 07:33:34.800,1,EMA8,DEV,STOP,13123
R4_TAIL3_4,25632,2026-08-18 07:34:37.732,1,EMA24,DEV,STOP,3259
R4_TAIL3_4,25657,2026-08-18 07:39:42.908,1,EMA50,DEV,TARGET,384
R4_TAIL3_4,25689,2026-08-18 07:45:51.536,-1,EMA8,DEV,TARGET,574
R4_TAIL3_4,25706,2026-08-18 07:49:02.176,-1,EMA50,DEV,TARGET,513
R4_TAIL3_4,25728,2026-08-18 07:52:47.912,-1,PIN7,DEV,TARGET,2100
R4_TAIL3_4,25736,2026-08-18 07:53:26.076,-1,PIN,DEV,STOP,896
R4_TAIL3_4,25739,2026-08-18 07:53:28.768,-1,EMA8,DEV,STOP,1905
R4_TAIL3_4,25743,2026-08-18 07:53:44.580,-1,EMA24,DEV,TARGET,630
R4_TAIL3_4,25749,2026-08-18 07:54:55.620,-1,PIN7,DEV,TARGET,1360
R4_TAIL3_4,25754,2026-08-18 07:55:31.948,-1,EMA24,DEV,TARGET,1416
R4_TAIL3_4,26218,2026-08-18 11:02:47.104,-1,EMA8,DEV,TARGET,8623
R4_TAIL3_4,26223,2026-08-18 11:07:27.056,-1,EMA8,DEV,TARGET,5358
R4_TAIL3_4,26225,2026-08-18 11:08:52.824,-1,EMA8,DEV,TARGET,1702
R4_TAIL3_4,26245,2026-08-18 11:21:45.604,1,EMA8,DEV,TARGET,448
R4_TAIL3_4,26266,2026-08-18 11:37:15.568,1,PIN7,DEV,STOP,4786
R4_TAIL3_4,26298,2026-08-18 12:07:40.016,-1,EMA8,DEV,STOP,2561
R4_TAIL3_4,26359,2026-08-18 12:54:50.008,-1,EMA8,DEV,TARGET,16013
R4_TAIL3_4,26361,2026-08-18 12:55:00.156,-1,EMA8,DEV,TARGET,11395
R4_TAIL3_4,27519,2026-08-19 06:31:07.292,-1,EMA50,DEV,TARGET,205
R4_TAIL3_4,27561,2026-08-19 06:33:20.108,-1,PIN7,DEV,TARGET,1
R4_TAIL3_4,27568,2026-08-19 06:33:38.140,-1,EMA8,DEV,TARGET,1091
R4_TAIL3_4,27572,2026-08-19 06:34:04.220,-1,EMA8,DEV,STOP,4772
R4_TAIL3_4,27587,2026-08-19 06:35:23.256,-1,EMA50,DEV,TARGET,1317
R4_TAIL3_4,27600,2026-08-19 06:36:15.388,-1,PIN7,DEV,STOP,6914
R4_TAIL3_4,27635,2026-08-19 06:39:30.348,-1,EMA24,DEV,TARGET,3304
R4_TAIL3_4,27654,2026-08-19 06:41:07.756,-1,EMA24,DEV,NONE,15196
R4_TAIL3_4,27664,2026-08-19 06:41:41.800,-1,EMA50,DEV,TARGET,788
R4_TAIL3_4,27684,2026-08-19 06:43:25.532,1,PIN7,DEV,TARGET,1898
R4_TAIL3_4,27686,2026-08-19 06:43:47.132,1,PIN,DEV,STOP,17619
R4_TAIL3_4,27690,2026-08-19 06:44:03.340,1,EMA8,DEV,TARGET,3561
R4_TAIL3_4,27971,2026-08-19 07:02:08.488,-1,EMA50,DEV,TARGET,13712
R4_TAIL3_4,28043,2026-08-19 07:08:04.144,-1,EMA50,DEV,TARGET,838
R4_TAIL3_4,28072,2026-08-19 07:10:47.152,-1,PIN7,DEV,TARGET,2188
R4_TAIL3_4,28073,2026-08-19 07:10:58.684,-1,PIN7,DEV,TARGET,46
R4_TAIL3_4,28124,2026-08-19 07:15:46.012,-1,EMA24,DEV,STOP,1917
R4_TAIL3_4,28146,2026-08-19 07:17:23.876,1,EMA8,DEV,TARGET,160
R4_TAIL3_4,28163,2026-08-19 07:18:30.952,1,EMA8,DEV,TARGET,3502
R4_TAIL3_4,28177,2026-08-19 07:20:03.524,1,EMA50,DEV,TARGET,3327
R4_TAIL3_4,28274,2026-08-19 07:31:15.152,1,EMA8,DEV,TARGET,6127
R4_TAIL3_4,28276,2026-08-19 07:31:27.444,1,EMA8,DEV,TARGET,2883
R4_TAIL3_4,28283,2026-08-19 07:32:52.028,1,EMA8,DEV,TARGET,5249
R4_TAIL3_4,28285,2026-08-19 07:33:25.864,1,EMA8,DEV,TARGET,609
R4_TAIL3_4,28303,2026-08-19 07:36:53.916,1,EMA8,DEV,TARGET,294
R4_TAIL3_4,28311,2026-08-19 07:38:23.256,1,PIN,DEV,TARGET,730
R4_TAIL3_4,28313,2026-08-19 07:39:00.740,1,PIN,DEV,TARGET,770
R4_TAIL3_4,28400,2026-08-19 07:59:13.696,1,PIN,DEV,TARGET,1254
R4_TAIL3_4,28950,2026-08-19 11:01:03.776,1,PIN7,DEV,TARGET,893
R4_TAIL3_4,28951,2026-08-19 11:01:15.076,1,PIN7,DEV,TARGET,1
R4_TAIL3_4,29005,2026-08-19 11:09:47.092,-1,EMA8,DEV,STOP,11769
R4_TAIL3_4,29047,2026-08-19 11:20:37.636,-1,EMA50,DEV,STOP,2120
R4_TAIL3_4,29098,2026-08-19 11:39:03.200,1,EMA50,DEV,TARGET,847
R4_TAIL3_4,29113,2026-08-19 11:45:27.624,1,EMA50,DEV,STOP,4224
R4_TAIL3_4,29173,2026-08-19 12:22:28.916,1,EMA50,DEV,TARGET,2200
R4_TAIL3_4,29228,2026-08-19 12:45:14.668,-1,EMA8,DEV,TARGET,3514
R4_TAIL3_4,29230,2026-08-19 12:45:35.104,-1,EMA8,DEV,TARGET,1209
R4_TAIL3_4,29234,2026-08-19 12:46:16.732,-1,PIN7,DEV,TARGET,5256
R4_TAIL3_4,29270,2026-08-19 12:52:10.084,-1,EMA8,DEV,TARGET,137
R4_TAIL3_4,29307,2026-08-19 12:59:03.000,1,EMA8,DEV,TARGET,462
R4_TAIL3_4,29312,2026-08-19 12:59:38.084,1,EMA8,DEV,STOP,841
R4_TAIL3_4,29320,2026-08-19 12:59:53.368,1,EMA50,DEV,TARGET,120
R4_TAIL3_4,29323,2026-08-19 12:59:56.464,1,PIN7,DEV,TARGET,479
R4_TAIL3_4,29324,2026-08-19 12:59:57.400,1,PIN7,DEV,TARGET,1798
R4_TAIL3_4,29326,2026-08-19 12:59:59.392,1,EMA8,DEV,TARGET,1
R4_TAIL3_4,30849,2026-08-20 06:34:23.036,1,EMA8,DEV,TARGET,444
R4_TAIL3_4,30851,2026-08-20 06:34:34.340,1,EMA8,DEV,TARGET,608
R4_TAIL3_4,30856,2026-08-20 06:34:47.524,1,EMA8,DEV,STOP,3825
R4_TAIL3_4,30863,2026-08-20 06:35:15.608,1,EMA50,DEV,TARGET,1
R4_TAIL3_4,30878,2026-08-20 06:35:35.292,1,PIN,DEV,TARGET,8515
R4_TAIL3_4,30885,2026-08-20 06:36:15.252,1,EMA8,DEV,STOP,7541
R4_TAIL3_4,30887,2026-08-20 06:36:35.376,1,EMA8,DEV,STOP,3503
R4_TAIL3_4,30890,2026-08-20 06:36:56.128,1,EMA24,DEV,STOP,12108
R4_TAIL3_4,30927,2026-08-20 06:40:13.024,-1,PIN7,DEV,TARGET,19
R4_TAIL3_4,30955,2026-08-20 06:42:17.416,1,EMA8,DEV,TARGET,5728
R4_TAIL3_4,30957,2026-08-20 06:42:26.684,1,EMA50,DEV,TARGET,2461
R4_TAIL3_4,30967,2026-08-20 06:43:41.752,1,EMA8,DEV,TARGET,612
R4_TAIL3_4,31167,2026-08-20 07:00:27.872,1,PIN7,DEV,STOP,7003
R4_TAIL3_4,31168,2026-08-20 07:00:34.016,1,PIN7,DEV,STOP,1430
R4_TAIL3_4,31243,2026-08-20 07:06:00.240,-1,EMA24,DEV,TARGET,549
R4_TAIL3_4,31293,2026-08-20 07:09:48.400,1,PIN7,DEV,TARGET,784
R4_TAIL3_4,31303,2026-08-20 07:10:28.656,1,EMA8,DEV,STOP,5253
R4_TAIL3_4,31356,2026-08-20 07:15:29.092,-1,EMA24,DEV,TARGET,2590
R4_TAIL3_4,31366,2026-08-20 07:16:31.088,-1,EMA8,DEV,TARGET,1675
R4_TAIL3_4,31372,2026-08-20 07:17:35.248,-1,EMA8,DEV,TARGET,1420
R4_TAIL3_4,31386,2026-08-20 07:18:49.200,-1,EMA50,DEV,TARGET,882
R4_TAIL3_4,31411,2026-08-20 07:20:58.440,1,EMA8,DEV,STOP,4066
R4_TAIL3_4,31416,2026-08-20 07:21:22.704,1,EMA24,DEV,TARGET,1356
R4_TAIL3_4,31420,2026-08-20 07:21:33.532,1,EMA8,DEV,STOP,5540
R4_TAIL3_4,31446,2026-08-20 07:23:39.080,1,PIN7,DEV,TARGET,1879
R4_TAIL3_4,31447,2026-08-20 07:23:40.788,1,PIN7,DEV,TARGET,2269
R4_TAIL3_4,31448,2026-08-20 07:23:46.940,1,PIN7,DEV,TARGET,2192
R4_TAIL3_4,31455,2026-08-20 07:24:39.700,1,EMA8,DEV,STOP,9999
R4_TAIL3_4,31488,2026-08-20 07:27:35.700,-1,PIN7,DEV,TARGET,1333
R4_TAIL3_4,31552,2026-08-20 07:33:46.308,1,PIN7,DEV,TARGET,4229
R4_TAIL3_4,31595,2026-08-20 07:38:46.112,1,EMA24,DEV,TARGET,1
R4_TAIL3_4,31604,2026-08-20 07:40:15.580,1,EMA8,DEV,STOP,3723
R4_TAIL3_4,31609,2026-08-20 07:40:47.596,1,EMA24,DEV,TARGET,1609
R4_TAIL3_4,31611,2026-08-20 07:40:56.840,1,EMA24,DEV,STOP,6615
R4_TAIL3_4,31625,2026-08-20 07:42:35.152,1,EMA50,DEV,TARGET,143
R4_TAIL3_4,31637,2026-08-20 07:45:02.044,1,EMA8,DEV,TARGET,5152
R4_TAIL3_4,31668,2026-08-20 07:50:13.048,-1,EMA8,DEV,TARGET,1971
R4_TAIL3_4,31676,2026-08-20 07:51:21.436,-1,EMA24,DEV,TARGET,1279
R4_TAIL3_4,31712,2026-08-20 07:57:00.248,-1,EMA24,DEV,TARGET,4238
R4_TAIL3_4,32479,2026-08-20 11:05:41.124,-1,EMA8,DEV,TARGET,413
R4_TAIL3_4,32489,2026-08-20 11:07:58.164,-1,EMA8,DEV,TARGET,645
R4_TAIL3_4,32494,2026-08-20 11:10:02.448,-1,EMA8,DEV,TARGET,1003
R4_TAIL3_4,32498,2026-08-20 11:11:02.532,-1,PIN7,DEV,STOP,2916
R4_TAIL3_4,32504,2026-08-20 11:12:44.148,-1,EMA24,DEV,TARGET,636
R4_TAIL3_4,32514,2026-08-20 11:16:13.020,-1,PIN7,DEV,TARGET,123
R4_TAIL3_4,32557,2026-08-20 11:35:42.172,-1,EMA8,DEV,STOP,4715
R4_TAIL3_4,32562,2026-08-20 11:38:26.692,-1,EMA50,DEV,TARGET,4103
R4_TAIL3_4,32564,2026-08-20 11:39:51.972,-1,EMA50,DEV,TARGET,788
R4_TAIL3_4,32607,2026-08-20 12:01:49.448,-1,EMA8,DEV,TARGET,364
R4_TAIL3_4,32611,2026-08-20 12:03:53.524,-1,EMA24,DEV,STOP,5643
R4_TAIL3_4,32635,2026-08-20 12:15:40.676,1,PIN7,DEV,STOP,4889
R4_TAIL3_4,32755,2026-08-20 12:58:06.076,-1,EMA8,DEV,TARGET,3422
R4_TAIL3_4,32757,2026-08-20 12:58:30.080,-1,EMA8,DEV,STOP,1966
R4_TAIL3_4,33735,2026-08-21 06:31:46.760,-1,EMA24,DEV,TARGET,2120
R4_TAIL3_4,33749,2026-08-21 06:33:01.072,-1,EMA8,DEV,TARGET,578
R4_TAIL3_4,33756,2026-08-21 06:33:38.976,-1,EMA24,DEV,TARGET,1946
R4_TAIL3_4,33782,2026-08-21 06:36:06.492,-1,EMA24,DEV,TARGET,3475
R4_TAIL3_4,33814,2026-08-21 06:39:50.524,-1,EMA24,DEV,STOP,1038
R4_TAIL3_4,33829,2026-08-21 06:41:06.248,1,EMA24,DEV,TARGET,333
R4_TAIL3_4,33856,2026-08-21 06:44:17.952,-1,EMA50,DEV,TARGET,657
R4_TAIL3_4,33996,2026-08-21 07:02:52.940,1,EMA50,DEV,TARGET,8976
R4_TAIL3_4,34021,2026-08-21 07:06:43.948,1,PIN7,DEV,STOP,1952
R4_TAIL3_4,34028,2026-08-21 07:08:07.520,1,EMA24,DEV,TARGET,7141
R4_TAIL3_4,34059,2026-08-21 07:14:36.228,-1,EMA8,DEV,TARGET,254
R4_TAIL3_4,34066,2026-08-21 07:16:01.528,-1,EMA24,DEV,TARGET,1438
R4_TAIL3_4,34101,2026-08-21 07:22:12.424,-1,EMA50,DEV,STOP,2731
R4_TAIL3_4,34132,2026-08-21 07:28:22.624,1,EMA50,DEV,TARGET,593
R4_TAIL3_4,34172,2026-08-21 07:35:49.216,-1,EMA8,DEV,TARGET,1746
R4_TAIL3_4,34176,2026-08-21 07:36:21.044,-1,EMA8,DEV,STOP,3749
R4_TAIL3_4,34179,2026-08-21 07:36:50.164,-1,EMA24,DEV,TARGET,739
R4_TAIL3_4,34182,2026-08-21 07:37:58.024,-1,EMA8,DEV,STOP,8476
R4_TAIL3_4,34204,2026-08-21 07:41:56.216,-1,PIN7,DEV,STOP,6826
R4_TAIL3_4,34207,2026-08-21 07:42:56.636,-1,EMA24,DEV,STOP,3695
R4_TAIL3_4,34227,2026-08-21 07:46:32.744,1,EMA8,DEV,TARGET,660
R4_TAIL3_4,34238,2026-08-21 07:49:29.820,1,PIN7,DEV,TARGET,1089
R4_TAIL3_4,34243,2026-08-21 07:50:32.984,1,PIN7,DEV,STOP,1328
R4_TAIL3_4,34248,2026-08-21 07:51:45.780,1,EMA24,DEV,TARGET,4987
R4_TAIL3_4,34250,2026-08-21 07:52:10.352,1,EMA24,DEV,TARGET,825
R4_TAIL3_4,34260,2026-08-21 07:54:47.096,1,EMA50,DEV,TARGET,1234
R4_TAIL3_4,34278,2026-08-21 07:59:10.148,1,PIN7,DEV,TARGET,772
R4_TAIL3_4,34721,2026-08-21 11:01:56.276,-1,EMA24,DEV,STOP,4120
R4_TAIL3_4,34733,2026-08-21 11:13:39.240,-1,EMA24,DEV,TARGET,1775
R4_TAIL3_4,34739,2026-08-21 11:22:27.924,-1,EMA50,DEV,TARGET,2553
R4_TAIL3_4,34741,2026-08-21 11:24:00.576,-1,EMA50,DEV,TARGET,2958
R4_TAIL3_4,34745,2026-08-21 11:28:45.928,-1,PIN7,DEV,TARGET,3155
R4_TAIL3_4,34779,2026-08-21 11:56:07.056,1,EMA8,DEV,TARGET,2929
R4_TAIL3_4,34815,2026-08-21 12:28:44.344,1,EMA50,DEV,TARGET,389
R4_TAIL3_4,34825,2026-08-21 12:33:25.732,1,EMA50,DEV,TARGET,10000
R4_TAIL3_4,34835,2026-08-21 12:42:30.004,1,EMA50,DEV,TARGET,451
R4_TAIL3_4,34843,2026-08-21 12:45:48.548,1,EMA8,DEV,TARGET,4486
R4_TAIL3_4,34845,2026-08-21 12:46:47.976,1,EMA8,DEV,TARGET,708
R4_TAIL3_4,34904,2026-08-21 12:59:50.592,-1,PIN,DEV,STOP,4138
R4_TAIL3_4,36375,2026-08-24 06:31:01.220,-1,PIN,HOLD,TARGET,1
R4_TAIL3_4,36386,2026-08-24 06:31:30.052,-1,EMA24,HOLD,STOP,2799
R4_TAIL3_4,36406,2026-08-24 06:33:02.916,-1,PIN7,HOLD,TARGET,1308
R4_TAIL3_4,36410,2026-08-24 06:33:28.304,-1,PIN,HOLD,STOP,3286
R4_TAIL3_4,36417,2026-08-24 06:34:02.052,-1,EMA8,HOLD,TARGET,14249
R4_TAIL3_4,36420,2026-08-24 06:34:42.624,-1,EMA24,HOLD,TARGET,588
R4_TAIL3_4,36517,2026-08-24 06:43:02.584,-1,PIN,HOLD,TARGET,4593
R4_TAIL3_4,36524,2026-08-24 06:43:32.888,-1,EMA8,HOLD,TARGET,2827
R4_TAIL3_4,36526,2026-08-24 06:43:42.084,-1,EMA8,HOLD,TARGET,8522
R4_TAIL3_4,36528,2026-08-24 06:43:59.548,-1,EMA8,HOLD,TARGET,5238
R4_TAIL3_4,36723,2026-08-24 07:02:55.976,-1,EMA8,HOLD,TARGET,2471
R4_TAIL3_4,36726,2026-08-24 07:03:32.312,-1,EMA8,HOLD,TARGET,1426
R4_TAIL3_4,36728,2026-08-24 07:03:39.644,-1,EMA8,HOLD,TARGET,83
R4_TAIL3_4,36770,2026-08-24 07:10:05.124,-1,EMA24,HOLD,TARGET,1418
R4_TAIL3_4,36782,2026-08-24 07:12:13.832,-1,PIN7,HOLD,TARGET,6586
R4_TAIL3_4,36783,2026-08-24 07:12:49.108,-1,PIN7,HOLD,TARGET,1750
R4_TAIL3_4,36784,2026-08-24 07:12:59.188,-1,PIN7,HOLD,STOP,6644
R4_TAIL3_4,36788,2026-08-24 07:13:53.564,-1,EMA50,HOLD,TARGET,2627
R4_TAIL3_4,36790,2026-08-24 07:14:06.472,-1,EMA50,HOLD,STOP,3446
R4_TAIL3_4,36839,2026-08-24 07:22:33.024,1,EMA8,HOLD,TARGET,895
R4_TAIL3_4,36860,2026-08-24 07:27:35.920,-1,EMA8,HOLD,STOP,10505
R4_TAIL3_4,36886,2026-08-24 07:32:20.372,1,EMA8,HOLD,TARGET,3129
R4_TAIL3_4,36889,2026-08-24 07:33:02.136,1,EMA8,HOLD,TARGET,4595
R4_TAIL3_4,36894,2026-08-24 07:34:50.636,1,EMA8,HOLD,TARGET,3101
R4_TAIL3_4,36896,2026-08-24 07:35:11.420,1,EMA8,HOLD,TARGET,12149
R4_TAIL3_4,36902,2026-08-24 07:36:25.560,1,EMA8,HOLD,TARGET,293
R4_TAIL3_4,36917,2026-08-24 07:38:58.140,1,EMA24,HOLD,STOP,10721
R4_TAIL3_4,36925,2026-08-24 07:40:36.860,1,EMA50,HOLD,TARGET,772
R4_TAIL3_4,36931,2026-08-24 07:41:55.644,1,PIN7,HOLD,STOP,4290
R4_TAIL3_4,36935,2026-08-24 07:43:21.972,1,EMA24,HOLD,STOP,3031
R4_TAIL3_4,36963,2026-08-24 07:50:03.048,1,PIN7,HOLD,STOP,2048
R4_TAIL3_4,37487,2026-08-24 11:15:47.272,1,PIN,HOLD,TARGET,2540
R4_TAIL3_4,37511,2026-08-24 11:30:01.540,1,PIN7,HOLD,TARGET,1697
R4_TAIL3_4,37516,2026-08-24 11:30:55.968,1,EMA8,HOLD,STOP,4047
R4_TAIL3_4,37558,2026-08-24 12:03:08.216,-1,EMA8,HOLD,TARGET,676
R4_TAIL3_4,37594,2026-08-24 12:34:42.380,-1,PIN7,HOLD,TARGET,913
R4_TAIL3_4,37602,2026-08-24 12:44:49.404,-1,EMA8,HOLD,TARGET,5508
R4_TAIL3_4,37639,2026-08-24 12:55:47.452,-1,EMA50,HOLD,STOP,2634
R4_TAIL3_4,38741,2026-08-25 06:31:53.524,-1,EMA24,HOLD,STOP,3066
R4_TAIL3_4,38784,2026-08-25 06:36:09.888,1,EMA50,HOLD,STOP,3844
R4_TAIL3_4,38806,2026-08-25 06:38:55.572,-1,PIN7,HOLD,TARGET,2458
R4_TAIL3_4,38841,2026-08-25 06:43:28.436,-1,PIN7,HOLD,TARGET,910
R4_TAIL3_4,38849,2026-08-25 06:44:36.380,-1,EMA24,HOLD,STOP,5669
R4_TAIL3_4,38851,2026-08-25 06:44:54.416,-1,EMA24+EMA50,HOLD,STOP,3728
R4_TAIL3_4,39014,2026-08-25 07:15:27.088,-1,PIN7,HOLD,STOP,3138
R4_TAIL3_4,39048,2026-08-25 07:25:39.280,-1,EMA24,HOLD,TARGET,2511
R4_TAIL3_4,39052,2026-08-25 07:27:16.812,-1,EMA24,HOLD,TARGET,9916
R4_TAIL3_4,39076,2026-08-25 07:30:28.400,-1,EMA8,HOLD,TARGET,1
R4_TAIL3_4,39078,2026-08-25 07:30:28.516,-1,EMA8,HOLD,TARGET,1
R4_TAIL3_4,39087,2026-08-25 07:30:29.104,-1,EMA8,HOLD,TARGET,1
R4_TAIL3_4,39094,2026-08-25 07:30:29.916,-1,EMA8,HOLD,STOP,449
R4_TAIL3_4,39133,2026-08-25 07:30:38.196,1,EMA24,HOLD,TARGET,831
R4_TAIL3_4,39144,2026-08-25 07:30:46.996,1,EMA24,HOLD,TARGET,1154
R4_TAIL3_4,39159,2026-08-25 07:31:52.284,1,PIN7,HOLD,TARGET,3920
R4_TAIL3_4,39170,2026-08-25 07:33:23.188,1,EMA24,HOLD,TARGET,1685
R4_TAIL3_4,39172,2026-08-25 07:33:32.780,1,EMA24,HOLD,TARGET,1367
R4_TAIL3_4,39214,2026-08-25 07:45:01.616,-1,EMA8,HOLD,TARGET,683
R4_TAIL3_4,39216,2026-08-25 07:45:13.736,-1,EMA8,HOLD,STOP,11222
R4_TAIL3_4,39218,2026-08-25 07:45:41.228,-1,EMA8,HOLD,STOP,7186
R4_TAIL3_4,39220,2026-08-25 07:46:02.124,-1,EMA8,HOLD,STOP,4677
R4_TAIL3_4,39224,2026-08-25 07:46:38.044,-1,EMA50,HOLD,TARGET,530
R4_TAIL3_4,39600,2026-08-25 11:07:42.020,-1,EMA50,HOLD,TARGET,1573
R4_TAIL3_4,39608,2026-08-25 11:16:39.816,-1,PIN7,HOLD,STOP,7722
R4_TAIL3_4,39612,2026-08-25 11:23:13.512,-1,EMA50,HOLD,TARGET,2985
R4_TAIL3_4,39627,2026-08-25 11:41:28.040,1,EMA8,HOLD,TARGET,2007
R4_TAIL3_4,39631,2026-08-25 11:45:29.836,1,PIN,HOLD,TARGET,240
R4_TAIL3_4,39639,2026-08-25 11:52:10.996,1,EMA8,HOLD,STOP,7974
R4_TAIL3_4,39710,2026-08-25 12:56:38.320,1,EMA24,HOLD,TARGET,491
R4_TAIL3_4,39715,2026-08-25 12:58:00.072,1,EMA8,HOLD,STOP,8490
R4_TAIL3_4,40700,2026-08-26 06:31:31.176,1,PIN7,HOLD,TARGET,6763
R4_TAIL3_4,40710,2026-08-26 06:32:06.848,1,PIN,HOLD,STOP,7539
R4_TAIL3_4,40732,2026-08-26 06:34:06.808,1,PIN7,HOLD,TARGET,3355
R4_TAIL3_4,40737,2026-08-26 06:34:39.980,1,EMA8,HOLD,TARGET,1537
R4_TAIL3_4,40758,2026-08-26 06:36:02.508,-1,EMA8,HOLD,TARGET,7388
R4_TAIL3_4,40771,2026-08-26 06:36:40.796,-1,EMA50,HOLD,STOP,3481
R4_TAIL3_4,40781,2026-08-26 06:37:32.940,1,PIN7,HOLD,STOP,2693
R4_TAIL3_4,40795,2026-08-26 06:39:25.244,1,EMA24,HOLD,TARGET,2588
R4_TAIL3_4,40840,2026-08-26 06:43:35.632,1,EMA8,HOLD,TARGET,9832
R4_TAIL3_4,40987,2026-08-26 07:15:26.416,-1,EMA8,HOLD,TARGET,370
R4_TAIL3_4,40989,2026-08-26 07:16:09.796,-1,PIN7,HOLD,STOP,11015
R4_TAIL3_4,41039,2026-08-26 07:29:42.916,-1,EMA24,HOLD,TARGET,2406
R4_TAIL3_4,41049,2026-08-26 07:32:17.072,-1,EMA24,HOLD,STOP,14727
R4_TAIL3_4,41100,2026-08-26 07:49:49.832,1,PIN7,HOLD,TARGET,1024
R4_TAIL3_4,41115,2026-08-26 07:55:45.556,1,EMA24,HOLD,TARGET,674
R4_TAIL3_4,41492,2026-08-26 11:05:23.532,1,EMA50,HOLD,TARGET,4267
R4_TAIL3_4,41540,2026-08-26 11:52:15.044,1,EMA8,HOLD,TARGET,1358
R4_TAIL3_4,41551,2026-08-26 12:00:31.376,1,EMA8,HOLD,TARGET,396
R4_TAIL3_4,41558,2026-08-26 12:02:02.552,1,EMA8,HOLD,TARGET,235
R4_TAIL3_4,41565,2026-08-26 12:04:56.364,1,PIN7,HOLD,STOP,5724
R4_TAIL3_4,41598,2026-08-26 12:29:39.560,1,EMA50,HOLD,STOP,14470
R4_TAIL3_4,41650,2026-08-26 12:55:00.120,-1,EMA8,HOLD,TARGET,1774
R4_TAIL3_4,41652,2026-08-26 12:55:05.364,-1,EMA8,HOLD,TARGET,291
R4_TAIL3_4,41667,2026-08-26 12:58:45.512,-1,PIN,HOLD,TARGET,1628
R4_TAIL3_4,41671,2026-08-26 12:59:08.340,-1,PIN7,HOLD,TARGET,3519
R4_TAIL3_4,43121,2026-08-27 06:31:41.968,-1,EMA8,HOLD,TARGET,516
R4_TAIL3_4,43172,2026-08-27 06:34:13.212,-1,PIN7,HOLD,TARGET,740
R4_TAIL3_4,43174,2026-08-27 06:34:23.472,-1,PIN7,HOLD,TARGET,446
R4_TAIL3_4,43178,2026-08-27 06:34:32.404,-1,EMA8,HOLD,TARGET,69
R4_TAIL3_4,43180,2026-08-27 06:34:49.428,-1,PIN7,HOLD,STOP,2599
R4_TAIL3_4,43189,2026-08-27 06:35:24.176,-1,EMA8,HOLD,STOP,4506
R4_TAIL3_4,43252,2026-08-27 06:40:21.108,1,EMA8,HOLD,TARGET,3690
R4_TAIL3_4,43254,2026-08-27 06:40:31.812,1,EMA8,HOLD,TARGET,626
R4_TAIL3_4,43257,2026-08-27 06:40:57.380,1,EMA8,HOLD,TARGET,2056
R4_TAIL3_4,43259,2026-08-27 06:41:05.276,1,EMA8,HOLD,TARGET,19
R4_TAIL3_4,43261,2026-08-27 06:41:07.696,1,PIN7,HOLD,TARGET,1327
R4_TAIL3_4,43526,2026-08-27 07:00:08.268,1,EMA8,HOLD,TARGET,1376
R4_TAIL3_4,43533,2026-08-27 07:00:27.048,1,EMA50,HOLD,TARGET,1797
R4_TAIL3_4,43548,2026-08-27 07:01:29.612,1,PIN7,HOLD,TARGET,119
R4_TAIL3_4,43555,2026-08-27 07:01:53.256,1,EMA24,HOLD,TARGET,634
R4_TAIL3_4,43567,2026-08-27 07:02:37.956,1,EMA50,HOLD,TARGET,1412
R4_TAIL3_4,43569,2026-08-27 07:02:41.148,1,EMA50,HOLD,TARGET,71
R4_TAIL3_4,43576,2026-08-27 07:03:21.268,1,EMA50,HOLD,TARGET,2937
R4_TAIL3_4,43578,2026-08-27 07:03:30.188,1,EMA50,HOLD,TARGET,733
R4_TAIL3_4,43584,2026-08-27 07:03:57.584,1,PIN7,HOLD,TARGET,246
R4_TAIL3_4,43591,2026-08-27 07:04:47.756,1,EMA24,HOLD,TARGET,4472
R4_TAIL3_4,43600,2026-08-27 07:05:51.280,1,EMA8,HOLD,STOP,4322
R4_TAIL3_4,43614,2026-08-27 07:06:52.708,-1,PIN7,HOLD,TARGET,1485
R4_TAIL3_4,43615,2026-08-27 07:06:56.912,-1,PIN7,HOLD,TARGET,1016
R4_TAIL3_4,43664,2026-08-27 07:11:32.128,1,EMA8,HOLD,TARGET,46
R4_TAIL3_4,43669,2026-08-27 07:12:02.796,1,EMA8,HOLD,TARGET,1336
R4_TAIL3_4,43739,2026-08-27 07:24:48.248,1,EMA50,HOLD,TARGET,338
R4_TAIL3_4,43762,2026-08-27 07:29:11.616,1,EMA24,HOLD,TARGET,5041
R4_TAIL3_4,43909,2026-08-27 07:59:56.632,1,EMA8,HOLD,TARGET,965
R4_TAIL3_4,44280,2026-08-27 11:00:34.008,-1,EMA24,HOLD,TARGET,1355
R4_TAIL3_4,44295,2026-08-27 11:03:29.000,-1,EMA8,HOLD,TARGET,3514
R4_TAIL3_4,44300,2026-08-27 11:04:44.752,-1,PIN7,HOLD,TARGET,1840
R4_TAIL3_4,44310,2026-08-27 11:09:01.308,-1,EMA8,HOLD,TARGET,298
R4_TAIL3_4,44360,2026-08-27 11:25:21.844,-1,PIN7,HOLD,TARGET,746
R4_TAIL3_4,44367,2026-08-27 11:27:52.584,-1,PIN,HOLD,TARGET,496
R4_TAIL3_4,44377,2026-08-27 11:29:48.384,-1,PIN7,HOLD,STOP,1270
R4_TAIL3_4,44384,2026-08-27 11:30:30.372,-1,EMA24,HOLD,STOP,5131
R4_TAIL3_4,44399,2026-08-27 11:34:16.356,-1,PIN7,HOLD,STOP,4387
R4_TAIL3_4,44402,2026-08-27 11:35:21.592,-1,EMA24,HOLD,TARGET,2328
R4_TAIL3_4,44441,2026-08-27 11:52:33.372,-1,EMA8,HOLD,TARGET,5849
R4_TAIL3_4,44443,2026-08-27 11:53:30.560,-1,EMA8,HOLD,TARGET,1786
R4_TAIL3_4,44475,2026-08-27 12:05:14.160,1,PIN,HOLD,STOP,1573
R4_TAIL3_4,44491,2026-08-27 12:10:24.380,1,PIN7,HOLD,STOP,5275
R4_TAIL3_4,44535,2026-08-27 12:31:47.080,1,PIN7,HOLD,TARGET,861
R4_TAIL3_4,44546,2026-08-27 12:39:16.088,1,EMA8,HOLD,TARGET,2259
R4_TAIL3_4,44554,2026-08-27 12:45:56.308,1,EMA8,HOLD,TARGET,756
R4_TAIL3_4,44557,2026-08-27 12:47:37.344,1,EMA8,HOLD,STOP,8895
R4_TAIL3_4,44559,2026-08-27 12:48:10.648,1,EMA8,HOLD,TARGET,1178
R4_TAIL3_4,44566,2026-08-27 12:50:24.284,1,EMA50,HOLD,TARGET,3265
R4_TAIL3_4,44579,2026-08-27 12:53:47.852,1,EMA8,HOLD,TARGET,1606
R4_TAIL3_4,44581,2026-08-27 12:54:10.012,1,EMA8,HOLD,TARGET,1362
R4_TAIL3_4,45251,2026-08-28 06:31:30.636,-1,PIN7,HOLD,TARGET,12165
R4_TAIL3_4,45310,2026-08-28 06:38:05.156,1,EMA24,HOLD,TARGET,18701
R4_TAIL3_4,45312,2026-08-28 06:38:16.532,1,EMA24,HOLD,TARGET,13170
R4_TAIL3_4,45318,2026-08-28 06:39:12.764,1,EMA50,HOLD,TARGET,971
R4_TAIL3_4,45332,2026-08-28 06:41:35.128,1,PIN,HOLD,STOP,3143
R4_TAIL3_4,45470,2026-08-28 07:00:00.264,-1,EMA8,HOLD,NONE,0
R4_TAIL3_4,45475,2026-08-28 07:00:00.456,-1,EMA24,HOLD,NONE,0
R4_TAIL3_4,45477,2026-08-28 07:00:00.488,-1,EMA24,HOLD,NONE,0
R4_TAIL3_4,45610,2026-08-28 07:00:05.608,1,EMA24,HOLD,STOP,988
R4_TAIL3_4,45615,2026-08-28 07:00:08.136,1,EMA50,HOLD,STOP,564
R4_TAIL3_4,45635,2026-08-28 07:00:16.320,1,PIN,HOLD,TARGET,950
R4_TAIL3_4,45650,2026-08-28 07:00:22.028,1,EMA8,HOLD,TARGET,89
R4_TAIL3_4,45665,2026-08-28 07:00:29.052,1,EMA50,HOLD,TARGET,1673
R4_TAIL3_4,45688,2026-08-28 07:00:50.764,1,EMA50,HOLD,TARGET,802
R4_TAIL3_4,45703,2026-08-28 07:01:20.612,-1,EMA8,HOLD,TARGET,131
R4_TAIL3_4,45708,2026-08-28 07:01:30.748,-1,EMA8,HOLD,TARGET,251
R4_TAIL3_4,45711,2026-08-28 07:01:33.380,-1,EMA8,HOLD,TARGET,2199
R4_TAIL3_4,45715,2026-08-28 07:01:39.960,-1,PIN7,HOLD,TARGET,1231
R4_TAIL3_4,45719,2026-08-28 07:01:47.636,-1,EMA8,HOLD,TARGET,5024
R4_TAIL3_4,45722,2026-08-28 07:01:51.760,-1,EMA8,HOLD,TARGET,1341
R4_TAIL3_4,45731,2026-08-28 07:02:14.176,-1,EMA50,HOLD,TARGET,426
R4_TAIL3_4,45737,2026-08-28 07:02:23.372,-1,PIN7,HOLD,TARGET,354
R4_TAIL3_4,45739,2026-08-28 07:02:28.228,-1,PIN7,HOLD,TARGET,1
R4_TAIL3_4,45779,2026-08-28 07:03:51.080,-1,EMA8,HOLD,TARGET,1224
R4_TAIL3_4,45788,2026-08-28 07:04:17.176,-1,EMA8,HOLD,TARGET,195
R4_TAIL3_4,45801,2026-08-28 07:04:38.628,-1,EMA50,HOLD,TARGET,875
R4_TAIL3_4,45815,2026-08-28 07:05:21.524,-1,PIN7,HOLD,STOP,3960
R4_TAIL3_4,45816,2026-08-28 07:05:23.772,-1,PIN7,HOLD,STOP,1993
R4_TAIL3_4,45848,2026-08-28 07:07:01.396,-1,EMA24,HOLD,TARGET,805
R4_TAIL3_4,45854,2026-08-28 07:07:12.536,-1,EMA8,HOLD,TARGET,685
R4_TAIL3_4,45913,2026-08-28 07:10:27.596,-1,EMA8,HOLD,TARGET,6005
R4_TAIL3_4,45915,2026-08-28 07:10:38.328,-1,EMA50,HOLD,TARGET,420
R4_TAIL3_4,45927,2026-08-28 07:11:36.308,-1,PIN7,HOLD,TARGET,5612
R4_TAIL3_4,45937,2026-08-28 07:12:14.536,-1,EMA8,HOLD,TARGET,1981
R4_TAIL3_4,45949,2026-08-28 07:13:08.652,-1,PIN7,HOLD,TARGET,2995
R4_TAIL3_4,45950,2026-08-28 07:13:17.536,-1,PIN7,HOLD,TARGET,253
R4_TAIL3_4,45959,2026-08-28 07:14:03.664,-1,EMA8,HOLD,TARGET,1492
R4_TAIL3_4,45967,2026-08-28 07:14:34.004,-1,EMA50,HOLD,TARGET,2830
R4_TAIL3_4,45998,2026-08-28 07:16:23.452,1,PIN7,HOLD,TARGET,103
R4_TAIL3_4,46002,2026-08-28 07:16:36.620,1,EMA8,HOLD,TARGET,7602
R4_TAIL3_4,46019,2026-08-28 07:17:42.728,1,PIN7,HOLD,TARGET,1141
R4_TAIL3_4,46020,2026-08-28 07:17:47.872,1,PIN7,HOLD,TARGET,3498
R4_TAIL3_4,46022,2026-08-28 07:18:09.800,1,PIN,HOLD,TARGET,1156
R4_TAIL3_4,46026,2026-08-28 07:18:28.956,1,EMA8,HOLD,TARGET,1128
R4_TAIL3_4,46041,2026-08-28 07:19:41.572,1,EMA8,HOLD,TARGET,10784
R4_TAIL3_4,46047,2026-08-28 07:20:05.040,1,EMA24,HOLD,TARGET,3174
R4_TAIL3_4,46056,2026-08-28 07:20:43.908,1,EMA8,HOLD,TARGET,15056
R4_TAIL3_4,46068,2026-08-28 07:21:44.644,1,PIN7,HOLD,STOP,9372
R4_TAIL3_4,46129,2026-08-28 07:26:09.412,-1,PIN7,HOLD,TARGET,451
R4_TAIL3_4,46134,2026-08-28 07:26:25.052,-1,EMA8,HOLD,STOP,4730
R4_TAIL3_4,46167,2026-08-28 07:28:56.840,-1,EMA50,HOLD,TARGET,63
R4_TAIL3_4,46220,2026-08-28 07:31:30.848,1,PIN7,HOLD,TARGET,1441
R4_TAIL3_4,46253,2026-08-28 07:33:53.056,1,PIN,HOLD,TARGET,1745
R4_TAIL3_4,46266,2026-08-28 07:35:07.824,1,EMA8,HOLD,TARGET,5425
R4_TAIL3_4,46268,2026-08-28 07:35:21.168,1,EMA8,HOLD,TARGET,2568
R4_TAIL3_4,46276,2026-08-28 07:36:10.340,1,EMA8,HOLD,TARGET,1184
R4_TAIL3_4,46284,2026-08-28 07:36:42.840,1,EMA24,HOLD,TARGET,1367
R4_TAIL3_4,46301,2026-08-28 07:38:49.068,1,EMA24,HOLD,TARGET,197
R4_TAIL3_4,46312,2026-08-28 07:40:11.892,1,EMA50,HOLD,TARGET,2877
R4_TAIL3_4,46322,2026-08-28 07:41:41.332,1,EMA8,HOLD,TARGET,9624
R4_TAIL3_4,46326,2026-08-28 07:42:16.748,1,EMA24,HOLD,TARGET,3108
R4_TAIL3_4,46339,2026-08-28 07:43:52.820,1,EMA8,HOLD,TARGET,795
R4_TAIL3_4,46364,2026-08-28 07:46:37.404,1,PIN7,HOLD,TARGET,2221
R4_TAIL3_4,46368,2026-08-28 07:47:08.900,1,EMA8,HOLD,TARGET,2257
R4_TAIL3_4,46378,2026-08-28 07:47:59.528,1,EMA24,HOLD,TARGET,3219
R4_TAIL3_4,46391,2026-08-28 07:50:12.440,1,PIN7,HOLD,TARGET,2939
R4_TAIL3_4,46392,2026-08-28 07:50:25.312,1,PIN7,HOLD,TARGET,416
R4_TAIL3_4,46394,2026-08-28 07:50:38.600,1,PIN,HOLD,STOP,9391
R4_TAIL3_4,46395,2026-08-28 07:50:45.104,1,PIN,HOLD,STOP,7359
R4_TAIL3_4,46401,2026-08-28 07:51:46.404,1,EMA24,HOLD,TARGET,1765
R4_TAIL3_4,46410,2026-08-28 07:53:12.188,1,EMA8,HOLD,TARGET,387
R4_TAIL3_4,46413,2026-08-28 07:53:46.544,1,PIN7,HOLD,TARGET,1340
R4_TAIL3_4,46419,2026-08-28 07:55:08.600,1,EMA8,HOLD,TARGET,8543
R4_TAIL3_4,46421,2026-08-28 07:55:37.956,1,EMA8,HOLD,TARGET,2892
R4_TAIL3_4,46423,2026-08-28 07:55:46.180,1,EMA8,HOLD,TARGET,762
R4_TAIL3_4,46430,2026-08-28 07:56:48.556,1,EMA8,HOLD,TARGET,737
R4_TAIL3_4,46437,2026-08-28 07:58:24.828,1,EMA8,HOLD,TARGET,7059
R4_TAIL3_4,46439,2026-08-28 07:59:00.792,1,EMA8,HOLD,TARGET,2533
R4_TAIL3_4,46441,2026-08-28 07:59:09.824,1,EMA8,HOLD,TARGET,1044
R4_TAIL3_4,47693,2026-08-28 11:00:22.164,1,PIN7,HOLD,STOP,5388
R4_TAIL3_4,47694,2026-08-28 11:00:43.096,1,PIN7,HOLD,STOP,1618
R4_TAIL3_4,47810,2026-08-28 11:32:10.076,-1,EMA50,HOLD,TARGET,2627
R4_TAIL3_4,47927,2026-08-28 12:11:36.884,1,EMA8,HOLD,STOP,13154
R4_TAIL3_4,47933,2026-08-28 12:14:26.780,1,EMA50,HOLD,TARGET,738
R4_TAIL3_4,47949,2026-08-28 12:22:02.844,1,EMA8,HOLD,STOP,7093
R4_TAIL3_4,47998,2026-08-28 12:41:48.396,1,EMA8,HOLD,TARGET,6748
R4_TAIL3_4,48000,2026-08-28 12:42:19.484,1,EMA8,HOLD,TARGET,4974
R4_TAIL3_4,48002,2026-08-28 12:43:27.180,1,EMA8,HOLD,TARGET,1455
R4_TAIL3_4,48019,2026-08-28 12:48:15.304,-1,PIN7,HOLD,STOP,7150
R4_TAIL3_4,48026,2026-08-28 12:50:00.044,-1,EMA50,HOLD,STOP,1
R4_TAIL3_4,48028,2026-08-28 12:50:00.044,-1,EMA50,HOLD,STOP,1
R4_TAIL3_4,48030,2026-08-28 12:50:00.048,-1,EMA50,HOLD,STOP,1
R4_TAIL3_4,48032,2026-08-28 12:50:00.048,-1,EMA50,HOLD,STOP,1
R4_TAIL3_4,48082,2026-08-28 12:56:40.012,1,PIN7,HOLD,TARGET,2690
R4_TAIL3_4,48083,2026-08-28 12:57:14.248,1,PIN7,HOLD,TARGET,160
R4_TAIL3_4,48120,2026-08-28 12:59:58.060,-1,EMA8,HOLD,STOP,1688
R4_TAIL3_4,49677,2026-08-31 06:34:54.836,-1,EMA8,HOLD,TARGET,1371
R4_TAIL3_4,49688,2026-08-31 06:35:30.924,-1,EMA8,HOLD,STOP,3934
R4_TAIL3_4,49697,2026-08-31 06:36:15.636,-1,EMA8,HOLD,STOP,4655
R4_TAIL3_4,49751,2026-08-31 06:40:21.344,1,PIN7,HOLD,TARGET,55
R4_TAIL3_4,49796,2026-08-31 06:44:32.760,-1,EMA8,HOLD,STOP,2976
R4_TAIL3_4,49968,2026-08-31 07:00:32.228,-1,EMA50,HOLD,TARGET,3981
R4_TAIL3_4,49978,2026-08-31 07:02:12.516,-1,PIN7,HOLD,TARGET,5661
R4_TAIL3_4,49981,2026-08-31 07:02:25.992,-1,EMA24,HOLD,TARGET,376
R4_TAIL3_4,49985,2026-08-31 07:03:19.204,-1,EMA8,HOLD,TARGET,4750
R4_TAIL3_4,50010,2026-08-31 07:06:49.416,-1,PIN7,HOLD,TARGET,517
R4_TAIL3_4,50026,2026-08-31 07:09:06.748,-1,EMA50,HOLD,TARGET,364
R4_TAIL3_4,50050,2026-08-31 07:13:26.836,-1,EMA50,HOLD,TARGET,1004
R4_TAIL3_4,50109,2026-08-31 07:25:07.028,-1,PIN,HOLD,TARGET,8618
R4_TAIL3_4,50118,2026-08-31 07:26:57.972,-1,EMA8,HOLD,STOP,15907
R4_TAIL3_4,50185,2026-08-31 07:41:11.028,1,EMA8,HOLD,TARGET,973
R4_TAIL3_4,50190,2026-08-31 07:42:26.996,1,EMA8,HOLD,TARGET,381
R4_TAIL3_4,50192,2026-08-31 07:42:50.764,1,PIN7,HOLD,STOP,5931
R4_TAIL3_4,50763,2026-08-31 11:33:55.184,-1,PIN7,HOLD,TARGET,1988
R4_TAIL3_4,50776,2026-08-31 11:38:43.524,-1,PIN,HOLD,TARGET,207
R4_TAIL3_4,50780,2026-08-31 11:40:09.864,-1,EMA8,HOLD,TARGET,8021
R4_TAIL3_4,50798,2026-08-31 11:45:09.236,-1,EMA24,HOLD,TARGET,3884
R4_TAIL3_4,50843,2026-08-31 12:12:01.472,1,EMA8,HOLD,TARGET,4464
R4_TAIL3_4,50845,2026-08-31 12:13:43.040,1,EMA8,HOLD,TARGET,775
R4_TAIL3_4,50849,2026-08-31 12:16:11.772,1,EMA8,HOLD,TARGET,15700
R4_TAIL3_4,50852,2026-08-31 12:18:55.180,1,EMA24,HOLD,TARGET,7495
R4_TAIL3_4,50876,2026-08-31 12:30:46.656,1,EMA24,HOLD,STOP,9652
R4_TAIL3_4,50897,2026-08-31 12:43:39.508,1,PIN,HOLD,TARGET,876
R4_TAIL3_4,50921,2026-08-31 12:50:01.252,1,PIN,HOLD,TARGET,27
R4_TAIL3_4,50989,2026-08-31 12:59:21.024,1,PIN,HOLD,STOP,3816
R4_TAIL3_4,51024,2026-08-31 12:59:58.792,-1,PIN7,HOLD,STOP,756
R4_TAIL3_4,52429,2026-09-01 06:34:59.360,1,EMA24,HOLD,TARGET,2188
R4_TAIL3_4,52431,2026-09-01 06:35:02.400,1,EMA50,HOLD,TARGET,990
R4_TAIL3_4,52453,2026-09-01 06:37:09.096,1,EMA50,HOLD,TARGET,4845
R4_TAIL3_4,52481,2026-09-01 06:39:51.436,-1,EMA50,HOLD,TARGET,1875
R4_TAIL3_4,52487,2026-09-01 06:40:20.200,-1,EMA50,HOLD,TARGET,982
R4_TAIL3_4,52506,2026-09-01 06:42:03.320,-1,EMA24,HOLD,STOP,6235
R4_TAIL3_4,52664,2026-09-01 07:01:38.968,1,PIN,HOLD,TARGET,382
R4_TAIL3_4,52703,2026-09-01 07:07:56.152,1,EMA8,HOLD,TARGET,194
R4_TAIL3_4,52712,2026-09-01 07:09:40.940,1,EMA8,HOLD,TARGET,846
R4_TAIL3_4,52719,2026-09-01 07:11:04.044,1,EMA8,HOLD,STOP,4919
R4_TAIL3_4,52768,2026-09-01 07:22:20.512,1,EMA8,HOLD,TARGET,241
R4_TAIL3_4,52802,2026-09-01 07:29:51.588,1,EMA50,HOLD,TARGET,1440
R4_TAIL3_4,52805,2026-09-01 07:30:20.184,1,PIN7,HOLD,TARGET,1403
R4_TAIL3_4,52815,2026-09-01 07:33:36.132,1,PIN7,HOLD,TARGET,3512
R4_TAIL3_4,52861,2026-09-01 07:47:54.652,1,PIN7,HOLD,TARGET,4291
R4_TAIL3_4,52884,2026-09-01 07:53:51.600,-1,EMA8,HOLD,TARGET,665
R4_TAIL3_4,52896,2026-09-01 07:59:32.044,-1,EMA8,HOLD,STOP,7389
R4_TAIL3_4,53538,2026-09-01 11:05:16.024,-1,PIN7,HOLD,TARGET,494
R4_TAIL3_4,53547,2026-09-01 11:10:04.320,-1,EMA50,HOLD,TARGET,2461
R4_TAIL3_4,53549,2026-09-01 11:10:35.396,-1,EMA50,HOLD,TARGET,333
R4_TAIL3_4,53553,2026-09-01 11:12:59.448,-1,EMA50,HOLD,TARGET,693
R4_TAIL3_4,53578,2026-09-01 11:25:46.520,-1,EMA8,HOLD,TARGET,4729
R4_TAIL3_4,53580,2026-09-01 11:26:44.444,-1,EMA50,HOLD,TARGET,1176
R4_TAIL3_4,53589,2026-09-01 11:31:36.172,-1,PIN7,HOLD,TARGET,368
R4_TAIL3_4,53591,2026-09-01 11:31:57.192,-1,PIN7,HOLD,STOP,2933
R4_TAIL3_4,53602,2026-09-01 11:36:57.100,-1,EMA8,HOLD,TARGET,596
R4_TAIL3_4,53610,2026-09-01 11:41:00.256,-1,EMA8,HOLD,TARGET,2693
R4_TAIL3_4,53615,2026-09-01 11:42:52.112,-1,PIN,HOLD,TARGET,865
R4_TAIL3_4,53682,2026-09-01 11:57:58.700,1,EMA8,HOLD,TARGET,1478
R4_TAIL3_4,53691,2026-09-01 12:00:28.164,1,PIN7,HOLD,STOP,5566
R4_TAIL3_4,53697,2026-09-01 12:01:53.960,1,EMA24,HOLD,TARGET,1286
R4_TAIL3_4,53699,2026-09-01 12:03:00.472,1,EMA24,HOLD,TARGET,2177
R4_TAIL3_4,53733,2026-09-01 12:12:23.568,1,EMA24,HOLD,TARGET,921
R4_TAIL3_4,53736,2026-09-01 12:13:38.732,1,EMA8,HOLD,TARGET,2892
R4_TAIL3_4,53803,2026-09-01 12:36:32.744,-1,PIN7,HOLD,TARGET,10953
R4_TAIL3_4,53836,2026-09-01 12:49:52.212,1,EMA24,HOLD,STOP,767
R4_TAIL3_4,53856,2026-09-01 12:53:01.056,-1,PIN7,HOLD,TARGET,1990
R4_TAIL3_4,53865,2026-09-01 12:54:40.016,-1,EMA8,HOLD,TARGET,840
R4_TAIL3_4,53886,2026-09-01 12:58:02.048,-1,EMA50,HOLD,STOP,4860
R4_TAIL3_4,53912,2026-09-01 12:59:50.476,1,EMA8,HOLD,TARGET,554
R4_TAIL3_4,53917,2026-09-01 12:59:57.908,1,EMA8,HOLD,TARGET,1036
R4_TAIL3_4,55215,2026-09-02 06:34:46.304,1,EMA50,HOLD,TARGET,523
R4_TAIL3_4,55239,2026-09-02 06:36:57.332,-1,PIN7,HOLD,TARGET,67
R4_TAIL3_4,55245,2026-09-02 06:37:31.124,-1,EMA24,HOLD,STOP,3352
R4_TAIL3_4,55280,2026-09-02 06:41:24.140,1,EMA8,HOLD,TARGET,1601
R4_TAIL3_4,55283,2026-09-02 06:41:42.072,1,EMA8,HOLD,TARGET,8681
R4_TAIL3_4,55415,2026-09-02 07:00:38.972,1,EMA8,HOLD,TARGET,3062
R4_TAIL3_4,55432,2026-09-02 07:02:37.172,1,EMA24,HOLD,TARGET,1
R4_TAIL3_4,55452,2026-09-02 07:04:36.212,1,EMA24,HOLD,TARGET,685
R4_TAIL3_4,55457,2026-09-02 07:05:38.932,1,PIN7,HOLD,TARGET,11204
R4_TAIL3_4,55461,2026-09-02 07:06:32.676,1,EMA8,HOLD,TARGET,962
R4_TAIL3_4,55509,2026-09-02 07:16:59.008,1,PIN7,HOLD,TARGET,2688
R4_TAIL3_4,55510,2026-09-02 07:17:18.524,1,PIN7,HOLD,TARGET,250
R4_TAIL3_4,55522,2026-09-02 07:19:24.944,1,PIN,HOLD,TARGET,15342
R4_TAIL3_4,55525,2026-09-02 07:20:25.100,1,EMA8,HOLD,TARGET,251
R4_TAIL3_4,55529,2026-09-02 07:21:05.772,1,EMA8,HOLD,TARGET,302
R4_TAIL3_4,55536,2026-09-02 07:22:21.324,1,PIN,HOLD,STOP,8711
R4_TAIL3_4,55539,2026-09-02 07:23:00.560,1,EMA8,HOLD,STOP,4022
R4_TAIL3_4,55554,2026-09-02 07:27:35.008,1,EMA8,HOLD,STOP,14735
R4_TAIL3_4,55585,2026-09-02 07:34:40.684,1,PIN7,HOLD,TARGET,1245
R4_TAIL3_4,55599,2026-09-02 07:37:57.496,1,EMA8,HOLD,STOP,2651
R4_TAIL3_4,55603,2026-09-02 07:39:03.052,1,EMA24,HOLD,TARGET,4201
R4_TAIL3_4,55616,2026-09-02 07:42:05.240,1,EMA8,HOLD,TARGET,818
R4_TAIL3_4,55625,2026-09-02 07:44:25.308,1,PIN7,HOLD,STOP,6834
R4_TAIL3_4,55633,2026-09-02 07:47:59.028,1,EMA50,HOLD,STOP,6689
R4_TAIL3_4,55677,2026-09-02 07:58:26.612,-1,EMA50,HOLD,TARGET,952
R4_TAIL3_4,56130,2026-09-02 11:08:23.744,1,EMA24,HOLD,TARGET,15508
R4_TAIL3_4,56132,2026-09-02 11:10:35.752,1,EMA24,HOLD,TARGET,8798
R4_TAIL3_4,56160,2026-09-02 11:18:57.400,1,EMA24,HOLD,STOP,3491
R4_TAIL3_4,56192,2026-09-02 11:36:35.336,-1,PIN7,HOLD,TARGET,1642
R4_TAIL3_4,56197,2026-09-02 11:41:01.264,-1,PIN,HOLD,TARGET,1355
R4_TAIL3_4,56211,2026-09-02 11:49:58.332,-1,EMA24,HOLD,TARGET,3514
R4_TAIL3_4,56231,2026-09-02 12:04:07.156,-1,EMA50,HOLD,STOP,4509
R4_TAIL3_4,56242,2026-09-02 12:13:38.084,1,PIN7,HOLD,STOP,6530
R4_TAIL3_4,56246,2026-09-02 12:17:06.680,1,EMA8,HOLD,TARGET,4945
R4_TAIL3_4,56253,2026-09-02 12:21:13.876,1,EMA50,HOLD,TARGET,273
R4_TAIL3_4,56323,2026-09-02 12:56:24.640,-1,EMA8,HOLD,STOP,10858
R4_TAIL3_4,56326,2026-09-02 12:57:15.596,-1,EMA24,HOLD,TARGET,10919
R4_TAIL3_4,56333,2026-09-02 12:59:15.032,-1,EMA50,HOLD,TARGET,1041
R4_TAIL3_4,57821,2026-09-03 06:31:08.660,1,EMA24,HOLD,STOP,1635
R4_TAIL3_4,57829,2026-09-03 06:31:31.384,1,PIN7,HOLD,STOP,5426
R4_TAIL3_4,57850,2026-09-03 06:32:58.904,1,EMA24,HOLD,TARGET,337
R4_TAIL3_4,57856,2026-09-03 06:33:27.860,1,PIN7,HOLD,TARGET,460
R4_TAIL3_4,57866,2026-09-03 06:34:15.688,1,EMA8,HOLD,TARGET,2023
R4_TAIL3_4,57868,2026-09-03 06:34:21.168,1,EMA8,HOLD,STOP,7852
R4_TAIL3_4,57913,2026-09-03 06:38:15.124,1,PIN,HOLD,TARGET,3748
R4_TAIL3_4,57919,2026-09-03 06:38:58.784,1,EMA8,HOLD,TARGET,4442
R4_TAIL3_4,57921,2026-09-03 06:39:14.552,1,EMA8,HOLD,TARGET,175
R4_TAIL3_4,57924,2026-09-03 06:39:41.600,1,EMA8,HOLD,TARGET,1883
R4_TAIL3_4,57932,2026-09-03 06:40:27.880,1,EMA24,HOLD,TARGET,742
R4_TAIL3_4,57950,2026-09-03 06:42:37.212,1,EMA24,HOLD,STOP,6125
R4_TAIL3_4,57957,2026-09-03 06:44:15.216,1,EMA50,HOLD,TARGET,2935
R4_TAIL3_4,58069,2026-09-03 07:00:21.620,-1,EMA8,HOLD,STOP,3063
R4_TAIL3_4,58105,2026-09-03 07:03:12.132,-1,EMA24,HOLD,STOP,5152
R4_TAIL3_4,58125,2026-09-03 07:05:22.888,-1,EMA8,HOLD,TARGET,3234
R4_TAIL3_4,58153,2026-09-03 07:08:21.068,-1,EMA8,HOLD,TARGET,1
R4_TAIL3_4,58161,2026-09-03 07:09:01.432,-1,EMA8,HOLD,STOP,2410
R4_TAIL3_4,58206,2026-09-03 07:13:46.292,1,PIN7,HOLD,STOP,4047
R4_TAIL3_4,58223,2026-09-03 07:15:47.264,1,PIN7,HOLD,STOP,9318
R4_TAIL3_4,58225,2026-09-03 07:16:11.004,1,EMA8,HOLD,STOP,5147
R4_TAIL3_4,58230,2026-09-03 07:16:48.320,1,EMA24,HOLD,STOP,9627
R4_TAIL3_4,58246,2026-09-03 07:19:21.376,1,PIN7,HOLD,TARGET,2450
R4_TAIL3_4,58247,2026-09-03 07:19:31.948,1,PIN7,HOLD,TARGET,552
R4_TAIL3_4,58251,2026-09-03 07:20:15.052,1,PIN,HOLD,TARGET,5652
R4_TAIL3_4,58317,2026-09-03 07:33:20.444,-1,EMA24,HOLD,TARGET,6514
R4_TAIL3_4,58327,2026-09-03 07:34:55.352,-1,PIN,HOLD,TARGET,230
R4_TAIL3_4,58416,2026-09-03 07:48:26.052,1,EMA8,HOLD,TARGET,72
R4_TAIL3_4,58422,2026-09-03 07:49:17.260,1,EMA8,HOLD,TARGET,7639
R4_TAIL3_4,58456,2026-09-03 07:56:11.128,1,PIN7,HOLD,STOP,1462
R4_TAIL3_4,58483,2026-09-03 07:56:23.768,-1,EMA24,HOLD,STOP,1082
R4_TAIL3_4,58501,2026-09-03 07:56:44.900,1,EMA8,HOLD,TARGET,6992
R4_TAIL3_4,58503,2026-09-03 07:56:48.456,1,EMA8,HOLD,TARGET,1731
R4_TAIL3_4,58512,2026-09-03 07:57:37.284,1,EMA50,HOLD,TARGET,785
R4_TAIL3_4,58518,2026-09-03 07:58:12.116,1,PIN7,HOLD,TARGET,30
R4_TAIL3_4,58523,2026-09-03 07:59:09.700,1,PIN,HOLD,TARGET,2843
R4_TAIL3_4,58934,2026-09-03 11:00:49.348,1,PIN7,HOLD,TARGET,6
R4_TAIL3_4,58978,2026-09-03 11:35:03.244,1,PIN7,HOLD,STOP,8899
R4_TAIL3_4,59071,2026-09-03 12:55:05.988,-1,PIN7,HOLD,TARGET,1170
R4_TAIL3_4,59081,2026-09-03 12:59:03.160,-1,EMA8,HOLD,TARGET,1914
R4_TAIL3_4,60330,2026-09-04 06:31:10.056,1,EMA24,HOLD,TARGET,2482
R4_TAIL3_4,60339,2026-09-04 06:31:38.104,1,EMA24,HOLD,TARGET,148
R4_TAIL3_4,60361,2026-09-04 06:34:01.056,1,EMA8,HOLD,TARGET,755
R4_TAIL3_4,60412,2026-09-04 06:41:31.132,-1,EMA24,HOLD,TARGET,14699
R4_TAIL3_4,60443,2026-09-04 06:44:41.892,-1,EMA8,HOLD,STOP,3021
R4_TAIL3_4,60528,2026-09-04 07:01:44.120,-1,PIN7,HOLD,TARGET,8162
R4_TAIL3_4,60538,2026-09-04 07:03:27.368,-1,EMA24,HOLD,TARGET,1738
R4_TAIL3_4,60540,2026-09-04 07:04:25.480,-1,EMA24,HOLD,TARGET,2336
R4_TAIL3_4,60571,2026-09-04 07:10:58.800,-1,PIN,HOLD,TARGET,7411
R4_TAIL3_4,60576,2026-09-04 07:12:21.488,-1,PIN,HOLD,TARGET,3892
R4_TAIL3_4,60607,2026-09-04 07:18:17.972,-1,PIN7,HOLD,TARGET,10030
R4_TAIL3_4,60610,2026-09-04 07:19:01.168,-1,EMA24,HOLD,TARGET,1385
R4_TAIL3_4,60612,2026-09-04 07:19:37.432,-1,PIN7,HOLD,TARGET,2056
R4_TAIL3_4,60717,2026-09-04 07:45:55.476,-1,EMA8,HOLD,TARGET,8492
R4_TAIL3_4,60721,2026-09-04 07:47:05.688,-1,EMA8,HOLD,TARGET,1149
R4_TAIL3_4,60726,2026-09-04 07:47:40.440,-1,EMA8,HOLD,TARGET,1050
R4_TAIL3_4,60733,2026-09-04 07:49:21.724,-1,EMA8,HOLD,TARGET,693
R4_TAIL3_4,60737,2026-09-04 07:49:49.640,-1,PIN7,HOLD,STOP,9419
R4_TAIL3_4,60762,2026-09-04 07:54:33.788,-1,PIN7,HOLD,TARGET,2676
R4_TAIL3_4,60773,2026-09-04 07:56:49.788,-1,PIN7,HOLD,TARGET,897
R4_TAIL3_4,61186,2026-09-04 11:16:14.352,1,EMA8,HOLD,TARGET,5056
R4_TAIL3_4,61200,2026-09-04 11:33:16.240,1,EMA8,HOLD,TARGET,1328
R4_TAIL3_4,61203,2026-09-04 11:40:22.352,1,EMA24,HOLD,TARGET,283
R4_TAIL3_4,61212,2026-09-04 11:46:30.688,1,PIN7,HOLD,TARGET,11825
R4_TAIL3_4,61213,2026-09-04 11:48:03.376,1,PIN7,HOLD,TARGET,18797
R4_TAIL3_4,61214,2026-09-04 11:52:30.748,1,PIN7,HOLD,TARGET,11014
R4_TAIL3_4,61224,2026-09-04 12:01:00.048,1,EMA24,HOLD,STOP,5926
R4_TAIL3_4,61226,2026-09-04 12:01:51.008,1,EMA24,HOLD,STOP,2768
R4_TAIL3_4,61243,2026-09-04 12:17:59.568,-1,EMA8,HOLD,STOP,18462
R4_TAIL3_4,61247,2026-09-04 12:22:35.724,-1,EMA24,HOLD,TARGET,450
R4_TAIL3_4,61276,2026-09-04 12:49:17.024,1,PIN7,HOLD,TARGET,1887
R4_TAIL3_4,61277,2026-09-04 12:50:00.016,1,PIN7,HOLD,TARGET,1
R4_TAIL3_4,61278,2026-09-04 12:50:00.048,1,PIN7,HOLD,TARGET,3
R4_TAIL3_4,61285,2026-09-04 12:50:29.588,1,EMA24,HOLD,TARGET,837
R4_TAIL3_4,61298,2026-09-04 12:55:05.476,1,EMA24,HOLD,TARGET,1015
R4_TAIL3_4,61322,2026-09-04 12:59:46.992,-1,EMA24,HOLD,STOP,1560
R4_TAIL3_4,61928,2026-09-07 06:31:37.976,1,EMA8,HOLD,TARGET,359
R4_TAIL3_4,61932,2026-09-07 06:33:48.920,1,EMA8,HOLD,STOP,2677
R4_TAIL3_4,61939,2026-09-07 06:37:38.320,1,EMA50,HOLD,TARGET,7785
R4_TAIL3_4,61987,2026-09-07 07:35:07.616,-1,PIN7,HOLD,STOP,2290
R4_TAIL3_4,62003,2026-09-07 07:58:19.540,-1,PIN7,HOLD,TARGET,411
R4_TAIL3_4,63386,2026-09-08 06:31:14.496,-1,PIN7,HOLD,TARGET,181
R4_TAIL3_4,63392,2026-09-08 06:31:40.196,-1,EMA8,HOLD,TARGET,5096
R4_TAIL3_4,63399,2026-09-08 06:32:18.884,-1,EMA24,HOLD,TARGET,508
R4_TAIL3_4,63403,2026-09-08 06:32:35.876,-1,EMA50,HOLD,TARGET,4218
R4_TAIL3_4,63409,2026-09-08 06:33:03.152,-1,PIN7,HOLD,TARGET,657
R4_TAIL3_4,63410,2026-09-08 06:33:05.812,-1,PIN7,HOLD,TARGET,4899
R4_TAIL3_4,63416,2026-09-08 06:33:48.992,-1,EMA8,HOLD,STOP,1582
R4_TAIL3_4,63431,2026-09-08 06:35:10.372,-1,PIN7,HOLD,TARGET,1242
R4_TAIL3_4,63437,2026-09-08 06:35:44.868,-1,EMA8,HOLD,TARGET,1526
R4_TAIL3_4,63456,2026-09-08 06:38:33.112,-1,EMA50,HOLD,TARGET,11341
R4_TAIL3_4,63458,2026-09-08 06:38:39.444,-1,EMA50,HOLD,TARGET,10297
R4_TAIL3_4,63472,2026-09-08 06:40:47.968,-1,PIN,HOLD,TARGET,2186
R4_TAIL3_4,63491,2026-09-08 06:42:55.136,-1,EMA8,HOLD,TARGET,1846
R4_TAIL3_4,63500,2026-09-08 06:44:10.344,-1,EMA24,HOLD,TARGET,1771
R4_TAIL3_4,63657,2026-09-08 07:02:08.636,-1,PIN,HOLD,TARGET,809
R4_TAIL3_4,63673,2026-09-08 07:03:53.564,-1,EMA8,HOLD,TARGET,5561
R4_TAIL3_4,63681,2026-09-08 07:04:26.564,-1,EMA8,HOLD,STOP,4903
R4_TAIL3_4,63687,2026-09-08 07:05:02.244,-1,EMA50,HOLD,TARGET,1666
R4_TAIL3_4,63774,2026-09-08 07:19:04.524,-1,EMA8,HOLD,STOP,3851
R4_TAIL3_4,63793,2026-09-08 07:21:54.196,1,EMA8,HOLD,TARGET,6547
R4_TAIL3_4,63795,2026-09-08 07:22:20.844,1,EMA8,HOLD,TARGET,2421
R4_TAIL3_4,63805,2026-09-08 07:23:58.324,1,PIN7,HOLD,TARGET,2839
R4_TAIL3_4,63866,2026-09-08 07:34:13.348,1,PIN7,HOLD,TARGET,41
R4_TAIL3_4,63875,2026-09-08 07:35:49.580,1,EMA24,HOLD,TARGET,1096
R4_TAIL3_4,63914,2026-09-08 07:43:51.392,1,EMA50,HOLD,TARGET,4232
R4_TAIL3_4,63916,2026-09-08 07:44:10.292,1,EMA50,HOLD,TARGET,1845
R4_TAIL3_4,63961,2026-09-08 07:54:51.440,1,EMA8,HOLD,TARGET,832
R4_TAIL3_4,63974,2026-09-08 07:59:10.904,1,EMA50,HOLD,TARGET,3226
R4_TAIL3_4,64404,2026-09-08 11:07:00.016,1,PIN7,HOLD,TARGET,22792
R4_TAIL3_4,64412,2026-09-08 11:19:58.172,1,EMA24,HOLD,TARGET,470
R4_TAIL3_4,64429,2026-09-08 11:36:00.192,-1,PIN7,HOLD,TARGET,11702
R4_TAIL3_4,64433,2026-09-08 11:39:04.388,-1,EMA8,HOLD,TARGET,525
R4_TAIL3_4,64436,2026-09-08 11:41:45.556,-1,PIN7,HOLD,STOP,4653
R4_TAIL3_4,64468,2026-09-08 11:48:35.576,-1,EMA8,HOLD,TARGET,2891
R4_TAIL3_4,64470,2026-09-08 11:48:41.672,-1,EMA8,HOLD,TARGET,1009
R4_TAIL3_4,64474,2026-09-08 11:48:54.040,-1,PIN,HOLD,TARGET,1216
R4_TAIL3_4,64525,2026-09-08 11:50:57.796,1,EMA8,HOLD,TARGET,164
R4_TAIL3_4,64530,2026-09-08 11:51:29.932,1,EMA8,HOLD,TARGET,1872
R4_TAIL3_4,64690,2026-09-08 12:50:11.936,-1,EMA8,HOLD,TARGET,1
R4_TAIL3_4,64709,2026-09-08 12:51:21.372,-1,PIN7,HOLD,STOP,2571
R4_TAIL3_4,64724,2026-09-08 12:53:50.380,-1,EMA8,HOLD,TARGET,902
R4_TAIL3_4,64730,2026-09-08 12:54:40.096,-1,PIN7,HOLD,STOP,3557
R4_TAIL3_4,64732,2026-09-08 12:54:50.020,-1,EMA8,HOLD,STOP,1464
R4_TAIL3_4,64736,2026-09-08 12:55:00.088,-1,EMA24,HOLD,STOP,1
R4_TAIL3_4,64755,2026-09-08 12:58:01.020,-1,PIN7,HOLD,TARGET,694
R4_TAIL3_4,64778,2026-09-08 12:59:53.048,1,PIN7,HOLD,STOP,9232
R4_TAIL3_4,66031,2026-09-09 06:32:00.932,1,PIN7,HOLD,STOP,6775
R4_TAIL3_4,66044,2026-09-09 06:32:54.536,-1,PIN7,HOLD,STOP,21749
R4_TAIL3_4,66066,2026-09-09 06:35:17.304,1,EMA24,HOLD,TARGET,6138
R4_TAIL3_4,66245,2026-09-09 07:00:10.904,1,EMA8,HOLD,STOP,7243
R4_TAIL3_4,66313,2026-09-09 07:15:56.420,-1,PIN7,HOLD,TARGET,2614
R4_TAIL3_4,66314,2026-09-09 07:16:07.588,-1,PIN7,HOLD,TARGET,1834
R4_TAIL3_4,66322,2026-09-09 07:17:24.628,-1,EMA8,HOLD,TARGET,7278
R4_TAIL3_4,66324,2026-09-09 07:17:40.256,-1,EMA8,HOLD,TARGET,3869
R4_TAIL3_4,66333,2026-09-09 07:19:05.988,-1,EMA8,HOLD,TARGET,284
R4_TAIL3_4,66342,2026-09-09 07:20:21.216,-1,EMA24,HOLD,TARGET,2396
R4_TAIL3_4,66344,2026-09-09 07:20:29.836,-1,EMA24,HOLD,TARGET,402
R4_TAIL3_4,66397,2026-09-09 07:27:25.388,1,EMA8,HOLD,TARGET,804
R4_TAIL3_4,66400,2026-09-09 07:27:43.520,1,EMA8,HOLD,TARGET,596
R4_TAIL3_4,66410,2026-09-09 07:29:14.148,1,PIN,HOLD,TARGET,120
R4_TAIL3_4,66416,2026-09-09 07:29:59.616,1,EMA8,HOLD,STOP,16214
R4_TAIL3_4,66418,2026-09-09 07:30:15.004,1,EMA8,HOLD,TARGET,1036
R4_TAIL3_4,66423,2026-09-09 07:31:23.140,1,EMA24,HOLD,TARGET,6219
R4_TAIL3_4,66506,2026-09-09 07:50:33.288,1,PIN7,HOLD,STOP,8749
R4_TAIL3_4,67213,2026-09-09 11:00:13.504,1,EMA24,HOLD,TARGET,518
R4_TAIL3_4,67230,2026-09-09 11:15:36.056,-1,PIN,HOLD,STOP,9049
R4_TAIL3_4,67231,2026-09-09 11:16:06.676,-1,PIN,HOLD,STOP,5656
R4_TAIL3_4,67241,2026-09-09 11:22:11.416,-1,EMA50,HOLD,STOP,2257
R4_TAIL3_4,67276,2026-09-09 11:55:05.032,1,PIN7,HOLD,STOP,6661
R4_TAIL3_4,67305,2026-09-09 12:18:07.752,1,PIN7,HOLD,TARGET,487
R4_TAIL3_4,67308,2026-09-09 12:21:40.288,1,EMA8,HOLD,TARGET,5061
R4_TAIL3_4,67310,2026-09-09 12:23:34.232,1,EMA8,HOLD,TARGET,685
R4_TAIL3_4,67316,2026-09-09 12:30:34.684,1,EMA24,HOLD,STOP,4377
R4_TAIL3_4,67326,2026-09-09 12:42:35.748,-1,PIN7,HOLD,TARGET,1521
R4_TAIL3_4,67337,2026-09-09 12:49:40.024,-1,EMA24+EMA50,HOLD,TARGET,1493
R4_TAIL3_4,67352,2026-09-09 12:54:47.588,-1,EMA24,HOLD,TARGET,161
R4_TAIL3_4,67356,2026-09-09 12:55:01.588,-1,PIN7,HOLD,STOP,5406
R4_TAIL3_4,68808,2026-09-10 06:34:26.772,1,EMA24,HOLD,TARGET,255
R4_TAIL3_4,68853,2026-09-10 06:36:27.596,1,EMA8,HOLD,TARGET,3225
R4_TAIL3_4,68918,2026-09-10 06:41:01.528,1,EMA24,HOLD,TARGET,2903
R4_TAIL3_4,68924,2026-09-10 06:41:23.492,1,EMA24,HOLD,TARGET,1532
R4_TAIL3_4,69157,2026-09-10 07:01:48.432,1,PIN7,HOLD,TARGET,338
R4_TAIL3_4,69215,2026-09-10 07:09:02.268,-1,EMA8,HOLD,TARGET,1643
R4_TAIL3_4,69220,2026-09-10 07:09:45.176,-1,EMA8,HOLD,STOP,3658
R4_TAIL3_4,69223,2026-09-10 07:10:04.432,-1,EMA24,HOLD,STOP,10768
R4_TAIL3_4,69254,2026-09-10 07:12:55.148,1,EMA8,HOLD,TARGET,1222
R4_TAIL3_4,69262,2026-09-10 07:13:57.920,1,EMA8,HOLD,STOP,11165
R4_TAIL3_4,69310,2026-09-10 07:19:08.432,1,PIN7,HOLD,TARGET,1628
R4_TAIL3_4,69317,2026-09-10 07:19:50.388,1,PIN7,HOLD,TARGET,4943
R4_TAIL3_4,69326,2026-09-10 07:20:31.268,1,EMA8,HOLD,TARGET,1064
R4_TAIL3_4,69328,2026-09-10 07:20:38.384,1,PIN7,HOLD,STOP,11419
R4_TAIL3_4,69330,2026-09-10 07:20:44.528,1,EMA8,HOLD,STOP,9574
R4_TAIL3_4,69332,2026-09-10 07:21:20.744,1,EMA8,HOLD,STOP,1539
R4_TAIL3_4,69335,2026-09-10 07:21:30.844,1,EMA24,HOLD,TARGET,3064
R4_TAIL3_4,69421,2026-09-10 07:25:15.316,1,PIN7,HOLD,TARGET,5650
R4_TAIL3_4,69422,2026-09-10 07:25:19.900,1,PIN7,HOLD,TARGET,3195
R4_TAIL3_4,69461,2026-09-10 07:27:25.880,-1,EMA8,HOLD,TARGET,322
R4_TAIL3_4,69477,2026-09-10 07:29:19.148,-1,PIN7,HOLD,TARGET,330
R4_TAIL3_4,69480,2026-09-10 07:29:42.740,-1,EMA8,HOLD,TARGET,904
R4_TAIL3_4,69541,2026-09-10 07:37:56.888,1,PIN7,HOLD,STOP,17161
R4_TAIL3_4,69543,2026-09-10 07:38:42.464,1,EMA8,HOLD,TARGET,1132
R4_TAIL3_4,69546,2026-09-10 07:39:13.848,1,EMA8,HOLD,STOP,4401
R4_TAIL3_4,69570,2026-09-10 07:43:14.304,-1,PIN7,HOLD,TARGET,3027
R4_TAIL3_4,69571,2026-09-10 07:43:30.820,-1,PIN7,HOLD,TARGET,63
R4_TAIL3_4,69574,2026-09-10 07:44:28.824,-1,PIN,HOLD,TARGET,8384
R4_TAIL3_4,69578,2026-09-10 07:45:00.828,-1,EMA8,HOLD,TARGET,1095
R4_TAIL3_4,69588,2026-09-10 07:46:09.836,-1,EMA24,HOLD,STOP,3713
R4_TAIL3_4,69601,2026-09-10 07:47:57.784,-1,PIN7,HOLD,TARGET,1492
R4_TAIL3_4,69605,2026-09-10 07:48:34.056,-1,EMA24,HOLD,STOP,9880
R4_TAIL3_4,69620,2026-09-10 07:50:40.028,-1,EMA50,HOLD,TARGET,352
R4_TAIL3_4,69625,2026-09-10 07:51:24.592,-1,EMA24,HOLD,STOP,3430
R4_TAIL3_4,69655,2026-09-10 07:56:07.684,1,EMA50,HOLD,TARGET,324
R4_TAIL3_4,70388,2026-09-10 11:06:00.060,-1,EMA8,HOLD,STOP,4454
R4_TAIL3_4,70456,2026-09-10 11:38:11.048,-1,EMA50,HOLD,STOP,4236
R4_TAIL3_4,70496,2026-09-10 11:51:19.324,1,PIN7,HOLD,TARGET,2938
R4_TAIL3_4,70505,2026-09-10 11:51:48.656,1,PIN7,HOLD,STOP,2152
R4_TAIL3_4,70539,2026-09-10 11:59:34.532,-1,EMA8,HOLD,TARGET,2651
R4_TAIL3_4,70556,2026-09-10 12:04:29.852,-1,EMA8,HOLD,TARGET,1004
R4_TAIL3_4,70642,2026-09-10 12:35:23.816,1,EMA8,HOLD,STOP,7507
R4_TAIL3_4,70644,2026-09-10 12:36:20.156,1,EMA8,HOLD,STOP,4398
R4_TAIL3_4,70651,2026-09-10 12:38:46.444,1,EMA50,HOLD,TARGET,1
R4_TAIL3_4,70660,2026-09-10 12:41:59.872,1,EMA8,HOLD,TARGET,552
R4_TAIL3_4,70668,2026-09-10 12:45:03.772,1,EMA24,HOLD,TARGET,919
R4_TAIL3_4,70701,2026-09-10 12:53:42.544,-1,EMA8,HOLD,STOP,4765
R4_TAIL3_4,72909,2026-09-11 06:32:40.044,1,EMA24,HOLD,STOP,872
R4_TAIL3_4,72938,2026-09-11 06:34:06.800,1,EMA8,HOLD,TARGET,5686
R4_TAIL3_4,72940,2026-09-11 06:34:18.308,1,EMA8,HOLD,TARGET,1395
R4_TAIL3_4,72945,2026-09-11 06:34:37.676,1,EMA8,HOLD,TARGET,1094
R4_TAIL3_4,72950,2026-09-11 06:34:52.252,1,PIN7,HOLD,TARGET,12
R4_TAIL3_4,72959,2026-09-11 06:35:20.884,1,EMA8,HOLD,NONE,14198
R4_TAIL3_4,72962,2026-09-11 06:35:31.652,1,EMA8,HOLD,STOP,4913
R4_TAIL3_4,72964,2026-09-11 06:35:34.724,1,EMA8,HOLD,STOP,3699
R4_TAIL3_4,72966,2026-09-11 06:35:38.556,1,EMA8,HOLD,STOP,1972
R4_TAIL3_4,72969,2026-09-11 06:35:47.700,1,EMA24,HOLD,TARGET,704
R4_TAIL3_4,73069,2026-09-11 06:40:38.424,1,EMA8,HOLD,STOP,281
R4_TAIL3_4,73096,2026-09-11 06:41:21.668,1,PIN7,HOLD,TARGET,900
R4_TAIL3_4,73105,2026-09-11 06:41:58.700,1,EMA50,HOLD,STOP,2093
R4_TAIL3_4,73157,2026-09-11 06:44:33.328,-1,EMA50,HOLD,STOP,7804
R4_TAIL3_4,73410,2026-09-11 07:02:28.448,-1,EMA8,HOLD,STOP,8505
R4_TAIL3_4,73412,2026-09-11 07:02:34.992,-1,EMA8,HOLD,STOP,6928
R4_TAIL3_4,73414,2026-09-11 07:02:44.196,-1,EMA8,HOLD,STOP,3788
R4_TAIL3_4,73418,2026-09-11 07:03:08.188,-1,EMA50,HOLD,TARGET,1
R4_TAIL3_4,73425,2026-09-11 07:03:47.504,-1,EMA24,HOLD,TARGET,6606
R4_TAIL3_4,73459,2026-09-11 07:06:45.524,-1,EMA8,HOLD,TARGET,699
R4_TAIL3_4,73463,2026-09-11 07:06:56.580,-1,EMA8,HOLD,STOP,5787
R4_TAIL3_4,73517,2026-09-11 07:10:55.140,1,EMA24,HOLD,STOP,5651
R4_TAIL3_4,73532,2026-09-11 07:12:17.428,-1,PIN7,HOLD,TARGET,1987
R4_TAIL3_4,73533,2026-09-11 07:12:25.604,-1,PIN7,HOLD,TARGET,2802
R4_TAIL3_4,73534,2026-09-11 07:12:35.096,-1,PIN7,HOLD,STOP,6500
R4_TAIL3_4,73540,2026-09-11 07:13:13.276,-1,EMA24,HOLD,STOP,8118
R4_TAIL3_4,73542,2026-09-11 07:13:25.588,-1,EMA24,HOLD,STOP,4742
R4_TAIL3_4,73564,2026-09-11 07:15:14.088,-1,EMA8,HOLD,STOP,711
R4_TAIL3_4,73584,2026-09-11 07:16:49.192,-1,EMA50,HOLD,TARGET,1085
R4_TAIL3_4,73590,2026-09-11 07:17:35.224,-1,EMA8,HOLD,TARGET,750
R4_TAIL3_4,73594,2026-09-11 07:18:01.240,-1,EMA24,HOLD,STOP,6059
R4_TAIL3_4,73607,2026-09-11 07:19:55.464,1,PIN,HOLD,TARGET,11726
R4_TAIL3_4,73615,2026-09-11 07:21:32.168,1,EMA8,HOLD,TARGET,3679
R4_TAIL3_4,73621,2026-09-11 07:22:36.088,1,EMA8,HOLD,TARGET,2608
R4_TAIL3_4,73664,2026-09-11 07:30:08.032,1,EMA50,HOLD,STOP,3660
R4_TAIL3_4,73701,2026-09-11 07:34:50.524,-1,EMA8,HOLD,TARGET,260
R4_TAIL3_4,73703,2026-09-11 07:35:00.296,-1,PIN7,HOLD,TARGET,3379
R4_TAIL3_4,73707,2026-09-11 07:35:22.928,-1,EMA8,HOLD,TARGET,4327
R4_TAIL3_4,73720,2026-09-11 07:36:54.264,-1,EMA8,HOLD,STOP,5854
R4_TAIL3_4,73723,2026-09-11 07:37:10.688,-1,EMA8,HOLD,STOP,10222
R4_TAIL3_4,73779,2026-09-11 07:44:42.580,-1,EMA8,HOLD,TARGET,7795
R4_TAIL3_4,73781,2026-09-11 07:45:03.912,-1,EMA8,HOLD,TARGET,2506
R4_TAIL3_4,73800,2026-09-11 07:46:48.184,-1,PIN7,HOLD,TARGET,11566
R4_TAIL3_4,73814,2026-09-11 07:48:31.528,-1,EMA8,HOLD,STOP,2041
R4_TAIL3_4,73831,2026-09-11 07:48:44.992,1,EMA8,HOLD,TARGET,123
R4_TAIL3_4,73834,2026-09-11 07:48:45.668,1,PIN7,HOLD,TARGET,134
R4_TAIL3_4,73843,2026-09-11 07:48:48.460,1,EMA24,HOLD,STOP,349
R4_TAIL3_4,73907,2026-09-11 07:53:19.524,-1,PIN7,HOLD,TARGET,304
R4_TAIL3_4,73909,2026-09-11 07:54:09.572,-1,PIN7,HOLD,TARGET,7347
R4_TAIL3_4,73913,2026-09-11 07:54:44.232,-1,EMA8,HOLD,TARGET,4678
R4_TAIL3_4,73917,2026-09-11 07:55:02.836,-1,EMA8,HOLD,TARGET,669
R4_TAIL3_4,73921,2026-09-11 07:55:54.756,-1,PIN,HOLD,STOP,7162
R4_TAIL3_4,73929,2026-09-11 07:57:38.676,-1,EMA24,HOLD,STOP,2375
R4_TAIL3_4,74457,2026-09-11 11:20:09.968,-1,PIN7,HOLD,TARGET,231
R4_TAIL3_4,74466,2026-09-11 11:20:25.088,-1,EMA24,HOLD,TARGET,3217
R4_TAIL3_4,74469,2026-09-11 11:21:20.124,-1,EMA8,HOLD,TARGET,1362
R4_TAIL3_4,74474,2026-09-11 11:23:52.472,-1,EMA24,HOLD,TARGET,13272
R4_TAIL3_4,74521,2026-09-11 12:05:31.488,-1,EMA24,HOLD,TARGET,2958
R4_TAIL3_4,74524,2026-09-11 12:07:55.060,-1,PIN7,HOLD,TARGET,2460
R4_TAIL3_4,74525,2026-09-11 12:08:35.664,-1,PIN7,HOLD,TARGET,3585
R4_TAIL3_4,74570,2026-09-11 12:51:03.304,-1,EMA8,HOLD,TARGET,718
R4_TAIL3_4,74583,2026-09-11 12:54:51.340,-1,EMA50,HOLD,TARGET,602
R4_TAIL3_4,74599,2026-09-11 12:59:07.044,-1,EMA24,HOLD,TARGET,703
R4_TAIL3_4,74602,2026-09-11 12:59:30.068,-1,PIN7,HOLD,TARGET,3
R4_TAIL3_4,74607,2026-09-11 12:59:41.896,-1,EMA8,HOLD,STOP,2404
R4_TAIL3_4,74618,2026-09-11 12:59:59.576,-1,EMA8,HOLD,NONE,815
R4_TAIL2_4,965,2026-08-04 06:32:26.700,1,PIN7,DEV,TARGET,1
R4_TAIL2_4,983,2026-08-04 06:36:27.832,1,PIN,DEV,STOP,3867
R4_TAIL2_4,1007,2026-08-04 06:40:04.384,1,PIN7,DEV,STOP,7636
R4_TAIL2_4,1019,2026-08-04 06:41:15.020,1,PIN7,DEV,STOP,6540
R4_TAIL2_4,1022,2026-08-04 06:42:10.128,1,EMA24,DEV,TARGET,1877
R4_TAIL2_4,1129,2026-08-04 07:00:09.816,1,EMA8,DEV,STOP,2311
R4_TAIL2_4,1139,2026-08-04 07:00:58.692,1,PIN7,DEV,TARGET,290
R4_TAIL2_4,1144,2026-08-04 07:01:12.780,1,EMA8,DEV,TARGET,2376
R4_TAIL2_4,1149,2026-08-04 07:02:01.136,1,PIN7,DEV,TARGET,2378
R4_TAIL2_4,1180,2026-08-04 07:05:50.528,1,EMA8,DEV,TARGET,2867
R4_TAIL2_4,1185,2026-08-04 07:06:46.656,1,EMA8,DEV,TARGET,3809
R4_TAIL2_4,1195,2026-08-04 07:09:40.780,1,EMA24,DEV,TARGET,8485
R4_TAIL2_4,1205,2026-08-04 07:13:04.536,1,PIN7,DEV,TARGET,4805
R4_TAIL2_4,1206,2026-08-04 07:14:01.864,1,PIN7,DEV,TARGET,4532
R4_TAIL2_4,1207,2026-08-04 07:14:54.380,1,PIN7,DEV,TARGET,698
R4_TAIL2_4,1209,2026-08-04 07:15:15.912,1,PIN,DEV,TARGET,1375
R4_TAIL2_4,1210,2026-08-04 07:15:26.488,1,PIN,DEV,STOP,8690
R4_TAIL2_4,1219,2026-08-04 07:17:08.876,1,EMA8,DEV,TARGET,1237
R4_TAIL2_4,1221,2026-08-04 07:17:25.648,1,PIN7,DEV,TARGET,1979
R4_TAIL2_4,1307,2026-08-04 07:30:32.580,-1,PIN7,DEV,TARGET,5034
R4_TAIL2_4,1322,2026-08-04 07:32:31.272,-1,EMA50,DEV,STOP,1169
R4_TAIL2_4,1331,2026-08-04 07:33:42.756,1,EMA8,DEV,TARGET,1434
R4_TAIL2_4,1334,2026-08-04 07:34:32.920,1,PIN7,DEV,TARGET,4088
R4_TAIL2_4,1341,2026-08-04 07:36:47.736,1,EMA8,DEV,STOP,4305
R4_TAIL2_4,1362,2026-08-04 07:38:20.464,1,EMA8,DEV,STOP,1
R4_TAIL2_4,1402,2026-08-04 07:42:45.932,1,PIN7,DEV,TARGET,5537
R4_TAIL2_4,1403,2026-08-04 07:43:34.808,1,PIN7,DEV,TARGET,1399
R4_TAIL2_4,1404,2026-08-04 07:43:43.876,1,PIN7,DEV,TARGET,748
R4_TAIL2_4,1407,2026-08-04 07:44:59.916,1,PIN,DEV,STOP,2347
R4_TAIL2_4,1410,2026-08-04 07:45:15.860,1,EMA8,DEV,TARGET,8277
R4_TAIL2_4,1412,2026-08-04 07:45:47.364,1,EMA8,DEV,TARGET,13184
R4_TAIL2_4,1414,2026-08-04 07:46:09.768,1,EMA8,DEV,TARGET,10353
R4_TAIL2_4,1435,2026-08-04 07:51:06.012,1,EMA24,DEV,TARGET,8767
R4_TAIL2_4,1450,2026-08-04 07:56:38.196,1,PIN7,DEV,TARGET,5010
R4_TAIL2_4,1455,2026-08-04 07:58:03.656,1,EMA8,DEV,TARGET,951
R4_TAIL2_4,1457,2026-08-04 07:59:01.856,1,PIN7,DEV,TARGET,659
R4_TAIL2_4,1974,2026-08-04 11:00:32.116,-1,PIN,DEV,TARGET,1179
R4_TAIL2_4,1976,2026-08-04 11:00:45.720,-1,PIN,DEV,TARGET,897
R4_TAIL2_4,1977,2026-08-04 11:00:49.792,-1,PIN,DEV,STOP,3468
R4_TAIL2_4,2006,2026-08-04 11:04:24.920,-1,PIN7,DEV,TARGET,657
R4_TAIL2_4,2039,2026-08-04 11:10:47.528,1,EMA24,DEV,TARGET,1557
R4_TAIL2_4,2047,2026-08-04 11:12:37.256,1,EMA50,DEV,STOP,1293
R4_TAIL2_4,2066,2026-08-04 11:18:12.848,1,EMA24,DEV,TARGET,719
R4_TAIL2_4,2088,2026-08-04 11:24:32.172,1,EMA24,DEV,STOP,6810
R4_TAIL2_4,2113,2026-08-04 11:33:59.564,1,EMA50,DEV,STOP,13171
R4_TAIL2_4,2132,2026-08-04 11:40:05.264,-1,EMA8,DEV,TARGET,909
R4_TAIL2_4,2138,2026-08-04 11:41:23.896,-1,EMA8,DEV,STOP,2616
R4_TAIL2_4,2142,2026-08-04 11:42:01.404,-1,EMA24,DEV,TARGET,297
R4_TAIL2_4,2151,2026-08-04 11:44:40.196,-1,EMA24,DEV,STOP,3532
R4_TAIL2_4,2171,2026-08-04 11:51:52.052,1,EMA8,DEV,STOP,6753
R4_TAIL2_4,2206,2026-08-04 12:01:16.660,1,PIN,DEV,TARGET,1968
R4_TAIL2_4,2207,2026-08-04 12:01:36.432,1,PIN,DEV,TARGET,3812
R4_TAIL2_4,2213,2026-08-04 12:03:50.588,1,PIN7,DEV,STOP,3960
R4_TAIL2_4,2271,2026-08-04 12:27:03.024,-1,EMA8,DEV,TARGET,4911
R4_TAIL2_4,2274,2026-08-04 12:27:50.868,-1,EMA8,DEV,TARGET,1221
R4_TAIL2_4,2284,2026-08-04 12:30:05.516,-1,EMA8,DEV,TARGET,1290
R4_TAIL2_4,2289,2026-08-04 12:31:06.220,-1,EMA24,DEV,STOP,3973
R4_TAIL2_4,2323,2026-08-04 12:40:12.608,1,EMA8,DEV,TARGET,1568
R4_TAIL2_4,2325,2026-08-04 12:41:22.252,1,PIN7,DEV,TARGET,484
R4_TAIL2_4,2335,2026-08-04 12:44:12.788,1,PIN,DEV,TARGET,360
R4_TAIL2_4,2338,2026-08-04 12:44:56.620,1,EMA8,DEV,TARGET,4933
R4_TAIL2_4,2380,2026-08-04 12:51:49.892,-1,EMA8,DEV,TARGET,861
R4_TAIL2_4,2383,2026-08-04 12:52:04.340,-1,EMA8,DEV,TARGET,2450
R4_TAIL2_4,2385,2026-08-04 12:52:15.552,-1,EMA8,DEV,STOP,2848
R4_TAIL2_4,2389,2026-08-04 12:52:38.816,-1,EMA24,DEV,TARGET,1281
R4_TAIL2_4,2400,2026-08-04 12:54:30.048,-1,PIN7,DEV,TARGET,2596
R4_TAIL2_4,2402,2026-08-04 12:54:40.032,-1,EMA8,DEV,TARGET,2
R4_TAIL2_4,2405,2026-08-04 12:55:17.188,-1,PIN7,DEV,TARGET,1
R4_TAIL2_4,2411,2026-08-04 12:55:52.904,-1,PIN,DEV,TARGET,2930
R4_TAIL2_4,2418,2026-08-04 12:56:29.140,-1,EMA8,DEV,TARGET,1084
R4_TAIL2_4,2427,2026-08-04 12:57:46.784,-1,EMA24,DEV,STOP,5795
R4_TAIL2_4,2429,2026-08-04 12:58:04.764,-1,EMA24,DEV,TARGET,1256
R4_TAIL2_4,2463,2026-08-04 12:59:50.532,-1,PIN7,DEV,TARGET,181
R4_TAIL2_4,2467,2026-08-04 12:59:55.300,-1,PIN,DEV,TARGET,541
R4_TAIL2_4,2471,2026-08-04 12:59:58.816,-1,EMA8,DEV,TARGET,1
R4_TAIL2_4,3750,2026-08-05 06:31:16.836,1,PIN,DEV,TARGET,970
R4_TAIL2_4,3751,2026-08-05 06:31:18.760,1,PIN,DEV,STOP,1955
R4_TAIL2_4,3783,2026-08-05 06:33:32.604,-1,PIN7,DEV,STOP,5156
R4_TAIL2_4,3820,2026-08-05 06:36:37.180,-1,PIN,DEV,STOP,2262
R4_TAIL2_4,3873,2026-08-05 06:39:53.452,1,PIN,DEV,TARGET,937
R4_TAIL2_4,3891,2026-08-05 06:40:13.804,1,EMA50,DEV,TARGET,296
R4_TAIL2_4,3894,2026-08-05 06:40:18.912,1,PIN7,DEV,TARGET,708
R4_TAIL2_4,3901,2026-08-05 06:40:33.352,1,EMA8,DEV,STOP,4566
R4_TAIL2_4,3935,2026-08-05 06:43:36.480,-1,PIN7,DEV,TARGET,646
R4_TAIL2_4,3942,2026-08-05 06:43:58.292,-1,EMA24,DEV,TARGET,1029
R4_TAIL2_4,3947,2026-08-05 06:44:29.976,-1,PIN7,DEV,TARGET,521
R4_TAIL2_4,3948,2026-08-05 06:44:33.892,-1,PIN7,DEV,STOP,432
R4_TAIL2_4,4248,2026-08-05 07:00:23.868,-1,PIN7,DEV,TARGET,1556
R4_TAIL2_4,4256,2026-08-05 07:00:49.248,-1,EMA8,DEV,STOP,1054
R4_TAIL2_4,4268,2026-08-05 07:01:18.816,-1,EMA50,DEV,TARGET,1829
R4_TAIL2_4,4273,2026-08-05 07:01:32.092,-1,PIN7,DEV,TARGET,1
R4_TAIL2_4,4275,2026-08-05 07:01:35.448,-1,PIN,DEV,STOP,2526
R4_TAIL2_4,4280,2026-08-05 07:01:46.844,-1,EMA24,DEV,TARGET,3719
R4_TAIL2_4,4286,2026-08-05 07:02:06.544,-1,EMA8,DEV,TARGET,931
R4_TAIL2_4,4294,2026-08-05 07:02:27.336,-1,EMA8,DEV,TARGET,970
R4_TAIL2_4,4302,2026-08-05 07:02:43.576,-1,EMA24,DEV,TARGET,2169
R4_TAIL2_4,4304,2026-08-05 07:02:50.056,-1,EMA24,DEV,TARGET,20
R4_TAIL2_4,4334,2026-08-05 07:04:48.456,1,PIN7,DEV,TARGET,2923
R4_TAIL2_4,4339,2026-08-05 07:05:01.808,1,PIN7,DEV,TARGET,2422
R4_TAIL2_4,4343,2026-08-05 07:05:16.132,1,PIN7,DEV,TARGET,2206
R4_TAIL2_4,4349,2026-08-05 07:05:28.724,1,PIN,DEV,TARGET,911
R4_TAIL2_4,4353,2026-08-05 07:05:38.452,1,EMA8,DEV,STOP,2718
R4_TAIL2_4,4361,2026-08-05 07:05:55.576,1,EMA24,DEV,STOP,962
R4_TAIL2_4,4408,2026-08-05 07:08:16.928,1,PIN7,DEV,STOP,6370
R4_TAIL2_4,4414,2026-08-05 07:08:43.936,1,EMA50,DEV,STOP,4076
R4_TAIL2_4,4486,2026-08-05 07:14:17.944,1,PIN7,DEV,TARGET,1817
R4_TAIL2_4,4491,2026-08-05 07:14:58.104,1,EMA24,DEV,TARGET,2717
R4_TAIL2_4,4498,2026-08-05 07:15:18.072,1,EMA24,DEV,STOP,14858
R4_TAIL2_4,4542,2026-08-05 07:19:49.560,-1,PIN7,DEV,TARGET,429
R4_TAIL2_4,4543,2026-08-05 07:19:51.824,-1,PIN7,DEV,TARGET,355
R4_TAIL2_4,4547,2026-08-05 07:20:05.660,-1,PIN,DEV,TARGET,663
R4_TAIL2_4,4566,2026-08-05 07:21:22.660,-1,EMA50,DEV,TARGET,1
R4_TAIL2_4,4573,2026-08-05 07:22:10.732,-1,EMA8,DEV,TARGET,359
R4_TAIL2_4,4581,2026-08-05 07:22:32.152,-1,EMA8,DEV,TARGET,891
R4_TAIL2_4,4619,2026-08-05 07:25:25.100,1,PIN7,DEV,TARGET,1994
R4_TAIL2_4,4677,2026-08-05 07:29:32.112,-1,EMA8,DEV,TARGET,917
R4_TAIL2_4,4708,2026-08-05 07:31:10.240,-1,PIN7,DEV,TARGET,427
R4_TAIL2_4,4710,2026-08-05 07:31:24.040,-1,PIN,DEV,TARGET,896
R4_TAIL2_4,4727,2026-08-05 07:32:40.352,-1,EMA24,DEV,STOP,2679
R4_TAIL2_4,4746,2026-08-05 07:33:48.836,1,EMA8,DEV,TARGET,386
R4_TAIL2_4,4754,2026-08-05 07:34:22.024,1,EMA24+EMA50,DEV,STOP,1232
R4_TAIL2_4,4776,2026-08-05 07:36:07.164,-1,PIN7,DEV,TARGET,3626
R4_TAIL2_4,4777,2026-08-05 07:36:16.068,-1,PIN7,DEV,TARGET,1676
R4_TAIL2_4,4778,2026-08-05 07:36:23.008,-1,PIN7,DEV,TARGET,203
R4_TAIL2_4,4783,2026-08-05 07:36:43.504,-1,EMA8,DEV,TARGET,296
R4_TAIL2_4,4785,2026-08-05 07:36:52.320,-1,PIN7,DEV,STOP,1201
R4_TAIL2_4,4792,2026-08-05 07:37:09.272,-1,EMA50,DEV,TARGET,62
R4_TAIL2_4,4804,2026-08-05 07:38:06.964,-1,EMA8,DEV,TARGET,1652
R4_TAIL2_4,4841,2026-08-05 07:41:25.548,-1,PIN7,DEV,STOP,2921
R4_TAIL2_4,4846,2026-08-05 07:41:42.848,-1,EMA24,DEV,STOP,2104
R4_TAIL2_4,4859,2026-08-05 07:42:23.452,-1,PIN7,DEV,STOP,1183
R4_TAIL2_4,4869,2026-08-05 07:43:15.788,1,EMA8,DEV,STOP,3066
R4_TAIL2_4,4885,2026-08-05 07:44:27.236,-1,PIN7,DEV,TARGET,891
R4_TAIL2_4,4941,2026-08-05 07:50:21.932,1,EMA8,DEV,STOP,1197
R4_TAIL2_4,4945,2026-08-05 07:50:31.540,1,EMA50,DEV,TARGET,327
R4_TAIL2_4,4971,2026-08-05 07:52:27.720,-1,PIN,DEV,TARGET,13064
R4_TAIL2_4,4976,2026-08-05 07:53:05.520,-1,EMA8,DEV,TARGET,2054
R4_TAIL2_4,4978,2026-08-05 07:53:13.036,-1,EMA8,DEV,TARGET,1
R4_TAIL2_4,4981,2026-08-05 07:53:42.084,-1,PIN,DEV,TARGET,1
R4_TAIL2_4,4995,2026-08-05 07:53:48.172,-1,EMA8,DEV,TARGET,1572
R4_TAIL2_4,5005,2026-08-05 07:54:14.428,-1,EMA8,DEV,STOP,7174
R4_TAIL2_4,5022,2026-08-05 07:55:17.004,-1,PIN7,DEV,STOP,3685
R4_TAIL2_4,5063,2026-08-05 07:59:25.864,1,PIN7,DEV,TARGET,768
R4_TAIL2_4,6325,2026-08-05 11:04:36.164,1,PIN7,DEV,TARGET,838
R4_TAIL2_4,6337,2026-08-05 11:06:53.748,1,EMA50,DEV,STOP,2769
R4_TAIL2_4,6400,2026-08-05 11:30:26.092,-1,PIN7,DEV,TARGET,2905
R4_TAIL2_4,6403,2026-08-05 11:31:32.868,-1,PIN,DEV,TARGET,1737
R4_TAIL2_4,6405,2026-08-05 11:32:09.460,-1,PIN,DEV,STOP,13796
R4_TAIL2_4,6415,2026-08-05 11:34:42.440,-1,EMA24,DEV,TARGET,279
R4_TAIL2_4,6461,2026-08-05 11:52:08.208,1,EMA24+EMA50,DEV,TARGET,7107
R4_TAIL2_4,6464,2026-08-05 11:53:21.124,1,EMA50,DEV,STOP,8525
R4_TAIL2_4,6472,2026-08-05 11:57:12.864,-1,PIN7,DEV,STOP,1676
R4_TAIL2_4,6489,2026-08-05 12:02:01.396,-1,EMA50,DEV,TARGET,5264
R4_TAIL2_4,6491,2026-08-05 12:02:26.104,-1,EMA50,DEV,TARGET,2669
R4_TAIL2_4,6495,2026-08-05 12:03:26.324,-1,EMA50,DEV,TARGET,1207
R4_TAIL2_4,6539,2026-08-05 12:22:13.172,1,EMA50,DEV,TARGET,3848
R4_TAIL2_4,6541,2026-08-05 12:22:26.556,1,EMA50,DEV,TARGET,3398
R4_TAIL2_4,6545,2026-08-05 12:23:37.664,1,PIN7,DEV,STOP,5791
R4_TAIL2_4,6566,2026-08-05 12:35:01.444,-1,EMA8,DEV,TARGET,571
R4_TAIL2_4,6587,2026-08-05 12:43:49.232,-1,EMA50,DEV,TARGET,2355
R4_TAIL2_4,6597,2026-08-05 12:46:53.184,-1,PIN7,DEV,STOP,1233
R4_TAIL2_4,6652,2026-08-05 12:58:04.048,-1,EMA8,DEV,TARGET,1622
R4_TAIL2_4,6655,2026-08-05 12:59:00.892,-1,PIN,DEV,TARGET,599
R4_TAIL2_4,6656,2026-08-05 12:59:03.100,-1,PIN,DEV,TARGET,317
R4_TAIL2_4,6666,2026-08-05 12:59:35.248,-1,PIN,DEV,STOP,573
R4_TAIL2_4,6669,2026-08-05 12:59:39.008,-1,EMA8,DEV,TARGET,3
R4_TAIL2_4,6673,2026-08-05 12:59:43.020,-1,PIN,DEV,TARGET,45
R4_TAIL2_4,6674,2026-08-05 12:59:44.032,-1,PIN,DEV,TARGET,1
R4_TAIL2_4,6678,2026-08-05 12:59:47.652,-1,PIN,DEV,TARGET,1415
R4_TAIL2_4,6685,2026-08-05 12:59:55.068,-1,PIN7,DEV,STOP,1484
R4_TAIL2_4,7966,2026-08-06 06:31:29.824,-1,EMA8,DEV,TARGET,675
R4_TAIL2_4,7972,2026-08-06 06:31:40.116,-1,EMA24,DEV,TARGET,1555
R4_TAIL2_4,7978,2026-08-06 06:32:03.448,-1,PIN7,DEV,TARGET,832
R4_TAIL2_4,7979,2026-08-06 06:32:05.992,-1,PIN7,DEV,TARGET,1084
R4_TAIL2_4,7997,2026-08-06 06:33:06.268,-1,PIN,DEV,TARGET,3503
R4_TAIL2_4,7998,2026-08-06 06:33:15.948,-1,PIN,DEV,TARGET,353
R4_TAIL2_4,8006,2026-08-06 06:33:56.268,-1,EMA24,DEV,TARGET,8687
R4_TAIL2_4,8038,2026-08-06 06:35:19.952,1,EMA24,DEV,STOP,10782
R4_TAIL2_4,8074,2026-08-06 06:37:36.584,1,PIN,DEV,STOP,1162
R4_TAIL2_4,8093,2026-08-06 06:38:39.704,1,EMA50,DEV,TARGET,802
R4_TAIL2_4,8110,2026-08-06 06:39:35.712,-1,EMA8,DEV,TARGET,2812
R4_TAIL2_4,8114,2026-08-06 06:39:52.340,-1,EMA8,DEV,TARGET,1312
R4_TAIL2_4,8117,2026-08-06 06:40:02.208,-1,PIN7,DEV,TARGET,976
R4_TAIL2_4,8118,2026-08-06 06:40:04.488,-1,PIN,DEV,STOP,1976
R4_TAIL2_4,8156,2026-08-06 06:42:10.300,1,EMA24,DEV,TARGET,269
R4_TAIL2_4,8188,2026-08-06 06:43:58.852,1,EMA24,DEV,TARGET,244
R4_TAIL2_4,8454,2026-08-06 07:07:07.108,1,PIN7,DEV,TARGET,46
R4_TAIL2_4,8462,2026-08-06 07:08:11.956,1,EMA24,DEV,TARGET,7602
R4_TAIL2_4,8470,2026-08-06 07:09:51.256,1,EMA24,DEV,TARGET,907
R4_TAIL2_4,8477,2026-08-06 07:10:37.680,1,EMA8,DEV,TARGET,5281
R4_TAIL2_4,8484,2026-08-06 07:11:57.032,1,EMA8,DEV,STOP,7721
R4_TAIL2_4,8488,2026-08-06 07:12:37.192,1,EMA24,DEV,STOP,2523
R4_TAIL2_4,8504,2026-08-06 07:15:00.052,1,EMA50,DEV,STOP,1427
R4_TAIL2_4,8534,2026-08-06 07:19:54.964,1,EMA8,DEV,STOP,8859
R4_TAIL2_4,8540,2026-08-06 07:20:56.604,1,EMA50,DEV,TARGET,12777
R4_TAIL2_4,8544,2026-08-06 07:21:43.568,1,EMA50,DEV,TARGET,4495
R4_TAIL2_4,8546,2026-08-06 07:22:12.648,1,EMA50,DEV,TARGET,186
R4_TAIL2_4,8552,2026-08-06 07:23:29.168,1,EMA50,DEV,STOP,3319
R4_TAIL2_4,8566,2026-08-06 07:25:25.052,-1,PIN,DEV,TARGET,701
R4_TAIL2_4,8567,2026-08-06 07:25:29.292,-1,PIN,DEV,TARGET,715
R4_TAIL2_4,8579,2026-08-06 07:26:16.640,-1,PIN7,DEV,TARGET,1113
R4_TAIL2_4,8587,2026-08-06 07:26:25.464,-1,EMA8,DEV,TARGET,2335
R4_TAIL2_4,8592,2026-08-06 07:26:46.488,-1,EMA8,DEV,STOP,1782
R4_TAIL2_4,8596,2026-08-06 07:26:59.852,-1,EMA24,DEV,TARGET,631
R4_TAIL2_4,8602,2026-08-06 07:27:17.072,-1,EMA8,DEV,TARGET,1
R4_TAIL2_4,8606,2026-08-06 07:27:26.228,-1,EMA24,DEV,TARGET,13022
R4_TAIL2_4,8629,2026-08-06 07:29:09.228,-1,PIN7,DEV,TARGET,4455
R4_TAIL2_4,8658,2026-08-06 07:31:06.244,-1,PIN7,DEV,TARGET,14045
R4_TAIL2_4,8680,2026-08-06 07:33:05.392,-1,EMA50,DEV,TARGET,519
R4_TAIL2_4,8702,2026-08-06 07:35:25.256,1,EMA8,DEV,TARGET,7028
R4_TAIL2_4,8741,2026-08-06 07:39:33.204,-1,PIN7,DEV,TARGET,594
R4_TAIL2_4,8750,2026-08-06 07:40:23.296,-1,EMA24,DEV,TARGET,2659
R4_TAIL2_4,8781,2026-08-06 07:44:05.524,1,PIN7,DEV,STOP,3260
R4_TAIL2_4,8805,2026-08-06 07:47:00.340,-1,PIN7,DEV,STOP,3931
R4_TAIL2_4,8820,2026-08-06 07:50:00.072,-1,PIN7,DEV,TARGET,54
R4_TAIL2_4,8831,2026-08-06 07:51:18.680,-1,EMA50,DEV,TARGET,4518
R4_TAIL2_4,8856,2026-08-06 07:54:47.704,1,PIN7,DEV,TARGET,195
R4_TAIL2_4,8875,2026-08-06 07:56:32.008,1,EMA8,DEV,TARGET,2
R4_TAIL2_4,8881,2026-08-06 07:57:21.844,1,EMA8,DEV,TARGET,2438
R4_TAIL2_4,9927,2026-08-06 11:05:36.944,1,PIN7,DEV,STOP,16182
R4_TAIL2_4,9931,2026-08-06 11:07:46.108,1,EMA8,DEV,TARGET,148
R4_TAIL2_4,9946,2026-08-06 11:14:15.764,1,PIN7,DEV,TARGET,434
R4_TAIL2_4,9963,2026-08-06 11:16:20.808,1,PIN7,DEV,TARGET,2604
R4_TAIL2_4,9966,2026-08-06 11:16:56.484,1,PIN,DEV,TARGET,45
R4_TAIL2_4,9969,2026-08-06 11:17:00.400,1,PIN,DEV,TARGET,1929
R4_TAIL2_4,9979,2026-08-06 11:18:20.376,1,EMA24,DEV,TARGET,10336
R4_TAIL2_4,9986,2026-08-06 11:22:50.504,1,EMA8,DEV,STOP,11662
R4_TAIL2_4,10028,2026-08-06 11:41:31.400,-1,EMA8,DEV,TARGET,392
R4_TAIL2_4,10084,2026-08-06 12:09:30.604,1,PIN7,DEV,TARGET,883
R4_TAIL2_4,10112,2026-08-06 12:24:47.184,-1,PIN7,DEV,TARGET,665
R4_TAIL2_4,10115,2026-08-06 12:25:02.288,-1,PIN,DEV,TARGET,126
R4_TAIL2_4,10129,2026-08-06 12:27:31.320,-1,EMA8,DEV,TARGET,2667
R4_TAIL2_4,10133,2026-08-06 12:28:27.396,-1,EMA24,DEV,TARGET,3707
R4_TAIL2_4,10145,2026-08-06 12:31:21.052,-1,EMA24,DEV,STOP,5596
R4_TAIL2_4,10163,2026-08-06 12:38:58.464,-1,PIN7,DEV,TARGET,3495
R4_TAIL2_4,10164,2026-08-06 12:39:47.836,-1,PIN7,DEV,TARGET,3652
R4_TAIL2_4,10169,2026-08-06 12:42:00.992,-1,PIN,DEV,TARGET,1125
R4_TAIL2_4,10170,2026-08-06 12:42:09.288,-1,PIN,DEV,TARGET,4267
R4_TAIL2_4,10177,2026-08-06 12:44:01.496,-1,EMA8,DEV,STOP,7288
R4_TAIL2_4,10188,2026-08-06 12:46:38.724,-1,PIN7,DEV,TARGET,408
R4_TAIL2_4,10192,2026-08-06 12:47:47.444,-1,EMA8,DEV,TARGET,547
R4_TAIL2_4,10210,2026-08-06 12:50:34.596,-1,EMA24,DEV,TARGET,565
R4_TAIL2_4,10216,2026-08-06 12:51:25.924,-1,EMA8,DEV,TARGET,11557
R4_TAIL2_4,10242,2026-08-06 12:54:06.020,1,EMA8,DEV,TARGET,641
R4_TAIL2_4,10246,2026-08-06 12:54:16.504,1,PIN,DEV,STOP,1849
R4_TAIL2_4,10258,2026-08-06 12:55:05.124,1,EMA8,DEV,STOP,1389
R4_TAIL2_4,10271,2026-08-06 12:57:30.900,1,PIN7,DEV,TARGET,1224
R4_TAIL2_4,10276,2026-08-06 12:58:50.408,1,PIN7,DEV,STOP,8009
R4_TAIL2_4,10278,2026-08-06 12:59:08.932,1,EMA8,DEV,TARGET,707
R4_TAIL2_4,11799,2026-08-07 06:32:00.356,1,PIN7,DEV,TARGET,1286
R4_TAIL2_4,11800,2026-08-07 06:32:03.036,1,PIN7,DEV,STOP,4905
R4_TAIL2_4,11801,2026-08-07 06:32:07.536,1,PIN7,DEV,STOP,2369
R4_TAIL2_4,11805,2026-08-07 06:32:16.816,1,EMA24,DEV,TARGET,118
R4_TAIL2_4,11823,2026-08-07 06:33:06.996,1,PIN7,DEV,TARGET,3154
R4_TAIL2_4,11824,2026-08-07 06:33:13.588,1,PIN7,DEV,STOP,2248
R4_TAIL2_4,11827,2026-08-07 06:33:25.376,1,EMA24,DEV,STOP,2766
R4_TAIL2_4,11879,2026-08-07 06:36:18.620,-1,PIN7,DEV,TARGET,2679
R4_TAIL2_4,11881,2026-08-07 06:36:23.004,-1,EMA8,DEV,TARGET,1
R4_TAIL2_4,11889,2026-08-07 06:36:38.916,-1,EMA8,DEV,TARGET,118
R4_TAIL2_4,11892,2026-08-07 06:36:51.952,-1,EMA8,DEV,STOP,3651
R4_TAIL2_4,11918,2026-08-07 06:38:00.084,1,PIN7,DEV,TARGET,2963
R4_TAIL2_4,11919,2026-08-07 06:38:05.220,1,PIN7,DEV,TARGET,1135
R4_TAIL2_4,11920,2026-08-07 06:38:08.204,1,PIN7,DEV,STOP,4596
R4_TAIL2_4,11965,2026-08-07 06:40:48.420,1,PIN7,DEV,TARGET,2141
R4_TAIL2_4,11978,2026-08-07 06:41:42.068,1,PIN7,DEV,TARGET,46
R4_TAIL2_4,11994,2026-08-07 06:42:17.012,-1,PIN7,DEV,STOP,3393
R4_TAIL2_4,11996,2026-08-07 06:42:21.532,-1,EMA8,DEV,STOP,13833
R4_TAIL2_4,12014,2026-08-07 06:43:19.172,1,PIN7,DEV,TARGET,8148
R4_TAIL2_4,12018,2026-08-07 06:43:48.132,1,PIN7,DEV,TARGET,1018
R4_TAIL2_4,12019,2026-08-07 06:43:53.028,1,PIN7,DEV,TARGET,506
R4_TAIL2_4,12022,2026-08-07 06:44:01.240,1,PIN,DEV,STOP,8191
R4_TAIL2_4,12023,2026-08-07 06:44:10.852,1,PIN,DEV,STOP,2101
R4_TAIL2_4,12030,2026-08-07 06:44:44.828,1,EMA8,DEV,TARGET,426
R4_TAIL2_4,12283,2026-08-07 07:00:29.788,1,PIN7,DEV,TARGET,1850
R4_TAIL2_4,12284,2026-08-07 07:00:33.032,1,PIN7,DEV,TARGET,354
R4_TAIL2_4,12289,2026-08-07 07:00:44.048,1,EMA8,DEV,TARGET,1
R4_TAIL2_4,12298,2026-08-07 07:01:08.768,1,EMA24,DEV,STOP,9566
R4_TAIL2_4,12316,2026-08-07 07:02:07.904,-1,PIN7,DEV,STOP,6990
R4_TAIL2_4,12356,2026-08-07 07:04:26.756,-1,EMA8,DEV,TARGET,547
R4_TAIL2_4,12359,2026-08-07 07:04:37.128,-1,EMA8,DEV,TARGET,830
R4_TAIL2_4,12364,2026-08-07 07:04:54.636,-1,EMA24,DEV,TARGET,436
R4_TAIL2_4,12441,2026-08-07 07:09:26.940,-1,PIN7,DEV,TARGET,6298
R4_TAIL2_4,12451,2026-08-07 07:10:21.828,-1,EMA8,DEV,STOP,922
R4_TAIL2_4,12456,2026-08-07 07:10:31.240,-1,EMA50,DEV,TARGET,302
R4_TAIL2_4,12474,2026-08-07 07:11:46.104,-1,PIN7,DEV,TARGET,1822
R4_TAIL2_4,12492,2026-08-07 07:13:02.988,-1,EMA24,DEV,TARGET,319
R4_TAIL2_4,12520,2026-08-07 07:14:33.456,-1,PIN7,DEV,TARGET,10801
R4_TAIL2_4,12550,2026-08-07 07:16:23.480,1,EMA8,DEV,TARGET,595
R4_TAIL2_4,12556,2026-08-07 07:16:43.792,1,PIN,DEV,TARGET,17491
R4_TAIL2_4,12562,2026-08-07 07:17:25.736,1,EMA8,DEV,TARGET,2618
R4_TAIL2_4,12565,2026-08-07 07:17:33.540,1,EMA8,DEV,TARGET,26
R4_TAIL2_4,12573,2026-08-07 07:17:50.988,1,EMA8,DEV,TARGET,459
R4_TAIL2_4,12578,2026-08-07 07:18:02.916,1,EMA24,DEV,TARGET,5992
R4_TAIL2_4,12580,2026-08-07 07:18:16.740,1,EMA24,DEV,TARGET,17
R4_TAIL2_4,12590,2026-08-07 07:18:45.600,1,PIN7,DEV,TARGET,1027
R4_TAIL2_4,12592,2026-08-07 07:18:55.128,1,PIN7,DEV,TARGET,182
R4_TAIL2_4,12594,2026-08-07 07:19:05.428,1,PIN,DEV,TARGET,2704
R4_TAIL2_4,12596,2026-08-07 07:19:14.176,1,PIN,DEV,TARGET,11212
R4_TAIL2_4,12600,2026-08-07 07:19:51.900,1,EMA8,DEV,TARGET,543
R4_TAIL2_4,12602,2026-08-07 07:19:56.084,1,PIN7,DEV,TARGET,245
R4_TAIL2_4,12618,2026-08-07 07:21:10.544,1,EMA8,DEV,STOP,1975
R4_TAIL2_4,12646,2026-08-07 07:23:47.480,1,PIN7,DEV,TARGET,2413
R4_TAIL2_4,12647,2026-08-07 07:23:55.384,1,PIN7,DEV,TARGET,323
R4_TAIL2_4,12653,2026-08-07 07:24:15.120,1,EMA8,DEV,TARGET,11285
R4_TAIL2_4,12657,2026-08-07 07:25:01.560,1,EMA8,DEV,TARGET,1035
R4_TAIL2_4,12663,2026-08-07 07:25:33.760,1,PIN,DEV,TARGET,4515
R4_TAIL2_4,12664,2026-08-07 07:25:49.492,1,PIN,DEV,TARGET,883
R4_TAIL2_4,12670,2026-08-07 07:26:48.160,1,EMA8,DEV,TARGET,2397
R4_TAIL2_4,12672,2026-08-07 07:27:00.676,1,EMA8,DEV,TARGET,116
R4_TAIL2_4,12674,2026-08-07 07:27:07.228,1,EMA8,DEV,STOP,3249
R4_TAIL2_4,12683,2026-08-07 07:28:13.356,1,EMA8,DEV,TARGET,979
R4_TAIL2_4,12686,2026-08-07 07:28:27.920,1,EMA8,DEV,TARGET,1274
R4_TAIL2_4,12688,2026-08-07 07:28:43.856,1,PIN7,DEV,TARGET,224
R4_TAIL2_4,12699,2026-08-07 07:30:03.204,1,EMA8,DEV,TARGET,17
R4_TAIL2_4,12741,2026-08-07 07:33:28.568,-1,PIN7,DEV,TARGET,373
R4_TAIL2_4,12762,2026-08-07 07:35:47.084,-1,PIN7,DEV,TARGET,28
R4_TAIL2_4,12774,2026-08-07 07:36:33.840,-1,EMA24,DEV,TARGET,1580
R4_TAIL2_4,12777,2026-08-07 07:36:46.292,-1,PIN7,DEV,STOP,5560
R4_TAIL2_4,12815,2026-08-07 07:39:45.236,-1,PIN,DEV,STOP,2872
R4_TAIL2_4,12819,2026-08-07 07:40:04.708,-1,EMA8,DEV,STOP,4890
R4_TAIL2_4,12823,2026-08-07 07:40:17.728,-1,EMA24,DEV,STOP,9956
R4_TAIL2_4,12827,2026-08-07 07:40:36.032,-1,EMA50,DEV,STOP,6856
R4_TAIL2_4,12856,2026-08-07 07:42:42.588,-1,PIN7,DEV,STOP,7338
R4_TAIL2_4,12874,2026-08-07 07:44:53.560,-1,PIN7,DEV,STOP,917
R4_TAIL2_4,12889,2026-08-07 07:45:43.064,1,EMA8,DEV,TARGET,2132
R4_TAIL2_4,12898,2026-08-07 07:46:23.264,1,EMA24,DEV,TARGET,694
R4_TAIL2_4,12905,2026-08-07 07:47:26.588,1,EMA8,DEV,TARGET,189
R4_TAIL2_4,12912,2026-08-07 07:48:00.756,1,PIN7,DEV,STOP,2313
R4_TAIL2_4,12948,2026-08-07 07:51:48.160,-1,PIN7,DEV,TARGET,1016
R4_TAIL2_4,12968,2026-08-07 07:53:28.052,-1,EMA50,DEV,TARGET,23163
R4_TAIL2_4,12989,2026-08-07 07:55:53.604,1,PIN7,DEV,TARGET,1571
R4_TAIL2_4,12999,2026-08-07 07:58:06.120,1,PIN7,DEV,TARGET,1508
R4_TAIL2_4,13000,2026-08-07 07:58:15.528,1,PIN7,DEV,TARGET,4563
R4_TAIL2_4,13004,2026-08-07 07:58:46.592,1,EMA8,DEV,TARGET,261
R4_TAIL2_4,13683,2026-08-07 11:06:23.036,-1,PIN7,DEV,TARGET,3050
R4_TAIL2_4,13694,2026-08-07 11:11:00.920,-1,EMA50,DEV,TARGET,608
R4_TAIL2_4,13698,2026-08-07 11:12:50.400,-1,PIN7,DEV,TARGET,2057
R4_TAIL2_4,13702,2026-08-07 11:14:35.388,-1,PIN,DEV,TARGET,732
R4_TAIL2_4,13745,2026-08-07 11:38:25.692,-1,EMA8,DEV,TARGET,1531
R4_TAIL2_4,13756,2026-08-07 11:46:09.368,-1,EMA8,DEV,TARGET,1974
R4_TAIL2_4,13758,2026-08-07 11:46:35.596,-1,EMA8,DEV,STOP,4811
R4_TAIL2_4,13788,2026-08-07 12:01:23.068,1,PIN7,DEV,TARGET,30
R4_TAIL2_4,13790,2026-08-07 12:01:26.624,1,PIN,DEV,TARGET,241
R4_TAIL2_4,13793,2026-08-07 12:01:33.008,1,PIN,DEV,STOP,1883
R4_TAIL2_4,13806,2026-08-07 12:06:03.296,1,PIN7,DEV,TARGET,309
R4_TAIL2_4,13808,2026-08-07 12:07:24.192,1,PIN,DEV,TARGET,9103
R4_TAIL2_4,13822,2026-08-07 12:13:22.120,1,EMA8,DEV,TARGET,7038
R4_TAIL2_4,13831,2026-08-07 12:16:17.184,1,EMA8,DEV,TARGET,2820
R4_TAIL2_4,13833,2026-08-07 12:16:47.012,1,EMA8,DEV,TARGET,355
R4_TAIL2_4,13909,2026-08-07 12:43:12.808,-1,EMA24,DEV,TARGET,2471
R4_TAIL2_4,13920,2026-08-07 12:47:05.548,-1,EMA50,DEV,STOP,5617
R4_TAIL2_4,13944,2026-08-07 12:54:00.016,1,PIN7,DEV,STOP,4668
R4_TAIL2_4,13964,2026-08-07 12:56:03.436,1,EMA50,DEV,TARGET,5651
R4_TAIL2_4,13987,2026-08-07 12:59:21.172,1,PIN7,DEV,STOP,1797
R4_TAIL2_4,14789,2026-08-10 06:31:10.920,1,EMA8,DEV,TARGET,4797
R4_TAIL2_4,14794,2026-08-10 06:31:38.280,1,PIN7,DEV,STOP,1998
R4_TAIL2_4,14827,2026-08-10 06:34:48.600,-1,PIN7,DEV,TARGET,2397
R4_TAIL2_4,14828,2026-08-10 06:34:55.636,-1,PIN7,DEV,STOP,8448
R4_TAIL2_4,14829,2026-08-10 06:35:00.164,-1,PIN7,DEV,STOP,6278
R4_TAIL2_4,14838,2026-08-10 06:35:29.188,-1,EMA8,DEV,STOP,2855
R4_TAIL2_4,14843,2026-08-10 06:35:41.944,-1,EMA24,DEV,STOP,12847
R4_TAIL2_4,14845,2026-08-10 06:35:55.460,-1,EMA50,DEV,STOP,7778
R4_TAIL2_4,14871,2026-08-10 06:38:18.128,-1,PIN7,DEV,TARGET,829
R4_TAIL2_4,14872,2026-08-10 06:38:20.768,-1,PIN7,DEV,TARGET,14672
R4_TAIL2_4,14886,2026-08-10 06:39:57.820,-1,EMA50,DEV,TARGET,3101
R4_TAIL2_4,14904,2026-08-10 06:41:32.076,-1,EMA50,DEV,STOP,3656
R4_TAIL2_4,14921,2026-08-10 06:43:02.040,1,EMA24,DEV,STOP,7179
R4_TAIL2_4,15091,2026-08-10 07:01:05.984,1,EMA50,DEV,TARGET,8952
R4_TAIL2_4,15139,2026-08-10 07:16:45.780,1,EMA8,DEV,STOP,7103
R4_TAIL2_4,15148,2026-08-10 07:20:06.612,1,PIN7,DEV,STOP,13288
R4_TAIL2_4,15187,2026-08-10 07:30:35.224,1,EMA8,DEV,TARGET,2454
R4_TAIL2_4,15189,2026-08-10 07:31:12.488,1,PIN7,DEV,TARGET,4000
R4_TAIL2_4,15232,2026-08-10 07:45:35.580,1,PIN7,DEV,TARGET,1285
R4_TAIL2_4,15260,2026-08-10 07:54:58.204,-1,EMA8,DEV,TARGET,578
R4_TAIL2_4,15264,2026-08-10 07:55:17.964,-1,EMA8,DEV,TARGET,739
R4_TAIL2_4,15287,2026-08-10 07:59:40.176,-1,EMA8,DEV,TARGET,699
R4_TAIL2_4,15289,2026-08-10 07:59:52.588,-1,PIN7,DEV,TARGET,5270
R4_TAIL2_4,15852,2026-08-10 11:20:25.288,-1,PIN7,DEV,STOP,3494
R4_TAIL2_4,15868,2026-08-10 11:33:38.444,-1,EMA50,DEV,TARGET,6579
R4_TAIL2_4,15883,2026-08-10 11:45:56.644,1,EMA8,DEV,TARGET,8268
R4_TAIL2_4,15886,2026-08-10 11:50:00.164,1,EMA8,DEV,TARGET,834
R4_TAIL2_4,15890,2026-08-10 11:52:49.700,1,EMA8,DEV,TARGET,1519
R4_TAIL2_4,15901,2026-08-10 12:03:31.532,1,EMA8,DEV,TARGET,522
R4_TAIL2_4,15967,2026-08-10 12:54:25.264,-1,EMA24,DEV,TARGET,850
R4_TAIL2_4,15978,2026-08-10 12:57:08.856,-1,PIN7,DEV,TARGET,2228
R4_TAIL2_4,15979,2026-08-10 12:58:01.048,-1,PIN7,DEV,STOP,3212
R4_TAIL2_4,15996,2026-08-10 12:59:50.628,1,PIN7,DEV,TARGET,498
R4_TAIL2_4,16748,2026-08-11 06:31:19.652,-1,PIN,DEV,STOP,6448
R4_TAIL2_4,16755,2026-08-11 06:31:54.596,-1,EMA8,DEV,TARGET,6375
R4_TAIL2_4,16758,2026-08-11 06:32:14.844,-1,EMA8,DEV,TARGET,338
R4_TAIL2_4,16769,2026-08-11 06:33:22.752,-1,EMA24,DEV,TARGET,4193
R4_TAIL2_4,16772,2026-08-11 06:33:56.908,-1,PIN7,DEV,STOP,4167
R4_TAIL2_4,16776,2026-08-11 06:34:22.084,-1,EMA24,DEV,TARGET,4123
R4_TAIL2_4,16781,2026-08-11 06:35:02.724,-1,PIN7,DEV,TARGET,6478
R4_TAIL2_4,16786,2026-08-11 06:35:34.760,-1,PIN7,DEV,TARGET,3902
R4_TAIL2_4,16787,2026-08-11 06:35:49.660,-1,PIN7,DEV,TARGET,2744
R4_TAIL2_4,16788,2026-08-11 06:36:02.276,-1,PIN7,DEV,STOP,3331
R4_TAIL2_4,16956,2026-08-11 07:00:25.564,1,EMA8,DEV,TARGET,3669
R4_TAIL2_4,16958,2026-08-11 07:00:40.200,1,EMA8,DEV,TARGET,507
R4_TAIL2_4,16977,2026-08-11 07:05:31.840,1,EMA24,DEV,TARGET,4022
R4_TAIL2_4,17009,2026-08-11 07:13:19.452,1,EMA50,DEV,TARGET,11548
R4_TAIL2_4,17035,2026-08-11 07:18:14.104,-1,EMA8,DEV,TARGET,940
R4_TAIL2_4,17068,2026-08-11 07:26:04.688,-1,EMA24,DEV,TARGET,11643
R4_TAIL2_4,17152,2026-08-11 07:49:58.136,1,EMA8,DEV,STOP,2703
R4_TAIL2_4,17164,2026-08-11 07:52:24.020,1,PIN7,DEV,TARGET,2046
R4_TAIL2_4,17165,2026-08-11 07:52:38.140,1,PIN7,DEV,STOP,8042
R4_TAIL2_4,17172,2026-08-11 07:54:44.260,1,EMA50,DEV,TARGET,1
R4_TAIL2_4,17180,2026-08-11 07:58:16.600,1,EMA50,DEV,STOP,5799
R4_TAIL2_4,17598,2026-08-11 11:15:54.868,-1,EMA50,DEV,TARGET,1765
R4_TAIL2_4,17618,2026-08-11 11:27:41.012,-1,PIN7,DEV,TARGET,523
R4_TAIL2_4,17632,2026-08-11 11:29:56.152,-1,PIN,DEV,STOP,4397
R4_TAIL2_4,17660,2026-08-11 11:41:35.488,-1,PIN7,DEV,TARGET,213
R4_TAIL2_4,17664,2026-08-11 11:44:49.520,-1,EMA24,DEV,STOP,5880
R4_TAIL2_4,17678,2026-08-11 11:54:16.060,1,EMA8,DEV,STOP,6040
R4_TAIL2_4,17725,2026-08-11 12:28:40.188,1,EMA8,DEV,TARGET,538
R4_TAIL2_4,17728,2026-08-11 12:30:00.320,1,EMA8,DEV,TARGET,1999
R4_TAIL2_4,17730,2026-08-11 12:30:12.344,1,EMA8,DEV,TARGET,718
R4_TAIL2_4,17740,2026-08-11 12:36:19.488,1,EMA8,DEV,TARGET,902
R4_TAIL2_4,17750,2026-08-11 12:43:14.556,1,EMA24,DEV,STOP,4689
R4_TAIL2_4,17784,2026-08-11 12:54:00.088,-1,EMA8,DEV,STOP,2165
R4_TAIL2_4,17821,2026-08-11 12:59:33.284,-1,PIN7,DEV,TARGET,2174
R4_TAIL2_4,17834,2026-08-11 12:59:58.156,1,EMA8,DEV,TARGET,93
R4_TAIL2_4,17837,2026-08-11 12:59:59.644,1,EMA8,DEV,TARGET,152
R4_TAIL2_4,18871,2026-08-12 06:31:05.496,-1,PIN7,DEV,TARGET,430
R4_TAIL2_4,18876,2026-08-12 06:31:24.728,-1,PIN,DEV,TARGET,787
R4_TAIL2_4,18877,2026-08-12 06:31:27.000,-1,PIN,DEV,TARGET,1922
R4_TAIL2_4,18885,2026-08-12 06:31:59.004,-1,EMA8,DEV,TARGET,268
R4_TAIL2_4,18888,2026-08-12 06:32:15.184,-1,EMA8,DEV,TARGET,1260
R4_TAIL2_4,18891,2026-08-12 06:32:31.460,-1,EMA8,DEV,STOP,2097
R4_TAIL2_4,18897,2026-08-12 06:32:56.216,-1,EMA8,DEV,TARGET,571
R4_TAIL2_4,18904,2026-08-12 06:33:12.548,-1,EMA8,DEV,STOP,6734
R4_TAIL2_4,18906,2026-08-12 06:33:20.708,-1,EMA8,DEV,STOP,3853
R4_TAIL2_4,18930,2026-08-12 06:35:00.184,-1,PIN7,DEV,STOP,3930
R4_TAIL2_4,18981,2026-08-12 06:39:40.624,-1,PIN7,DEV,TARGET,5838
R4_TAIL2_4,18982,2026-08-12 06:40:02.892,-1,PIN7,DEV,TARGET,1287
R4_TAIL2_4,18983,2026-08-12 06:40:06.392,-1,PIN7,DEV,TARGET,502
R4_TAIL2_4,18992,2026-08-12 06:41:17.100,-1,EMA24,DEV,STOP,3612
R4_TAIL2_4,19024,2026-08-12 06:44:33.660,-1,PIN7,DEV,STOP,7032
R4_TAIL2_4,19154,2026-08-12 07:00:16.212,-1,PIN7,DEV,STOP,6227
R4_TAIL2_4,19172,2026-08-12 07:02:19.256,-1,PIN7,DEV,TARGET,7295
R4_TAIL2_4,19183,2026-08-12 07:04:09.440,-1,PIN7,DEV,TARGET,4566
R4_TAIL2_4,19184,2026-08-12 07:04:32.776,-1,PIN7,DEV,TARGET,5860
R4_TAIL2_4,19195,2026-08-12 07:06:04.364,-1,EMA50,DEV,TARGET,18242
R4_TAIL2_4,19254,2026-08-12 07:18:00.424,1,PIN7,DEV,TARGET,3908
R4_TAIL2_4,19255,2026-08-12 07:18:18.288,1,PIN7,DEV,TARGET,329
R4_TAIL2_4,19258,2026-08-12 07:18:46.384,1,EMA8,DEV,TARGET,303
R4_TAIL2_4,19260,2026-08-12 07:18:56.428,1,PIN7,DEV,STOP,5897
R4_TAIL2_4,19295,2026-08-12 07:24:22.904,1,PIN7,DEV,TARGET,1809
R4_TAIL2_4,19301,2026-08-12 07:25:38.408,1,EMA24,DEV,TARGET,5897
R4_TAIL2_4,19303,2026-08-12 07:26:17.468,1,EMA24,DEV,TARGET,684
R4_TAIL2_4,19306,2026-08-12 07:26:39.188,1,PIN7,DEV,TARGET,901
R4_TAIL2_4,19315,2026-08-12 07:29:06.732,1,EMA24,DEV,STOP,2896
R4_TAIL2_4,19356,2026-08-12 07:31:10.232,-1,EMA8,DEV,TARGET,1
R4_TAIL2_4,19360,2026-08-12 07:31:10.372,-1,PIN7,DEV,TARGET,1
R4_TAIL2_4,19400,2026-08-12 07:31:19.276,1,EMA8,DEV,NONE,1232
R4_TAIL2_4,19421,2026-08-12 07:31:45.908,1,PIN7,DEV,TARGET,480
R4_TAIL2_4,19427,2026-08-12 07:32:09.424,1,EMA24,DEV,STOP,2338
R4_TAIL2_4,19478,2026-08-12 07:39:17.464,1,EMA24,DEV,TARGET,3853
R4_TAIL2_4,19483,2026-08-12 07:40:21.496,1,PIN7,DEV,TARGET,5802
R4_TAIL2_4,19484,2026-08-12 07:40:27.712,1,PIN7,DEV,TARGET,5976
R4_TAIL2_4,19489,2026-08-12 07:41:17.368,1,PIN7,DEV,STOP,8407
R4_TAIL2_4,19491,2026-08-12 07:41:52.320,1,EMA8,DEV,STOP,5827
R4_TAIL2_4,19494,2026-08-12 07:42:41.236,1,EMA24,DEV,TARGET,4652
R4_TAIL2_4,19496,2026-08-12 07:42:53.308,1,EMA24,DEV,TARGET,637
R4_TAIL2_4,19502,2026-08-12 07:44:15.096,1,PIN7,DEV,TARGET,11128
R4_TAIL2_4,19504,2026-08-12 07:44:58.192,1,EMA8,DEV,TARGET,956
R4_TAIL2_4,19506,2026-08-12 07:45:28.500,1,EMA8,DEV,TARGET,800
R4_TAIL2_4,19511,2026-08-12 07:47:17.772,1,EMA24,DEV,STOP,2674
R4_TAIL2_4,19541,2026-08-12 07:53:05.920,-1,EMA24,DEV,TARGET,340
R4_TAIL2_4,19573,2026-08-12 07:58:24.972,-1,EMA50,DEV,TARGET,20994
R4_TAIL2_4,19979,2026-08-12 12:21:22.888,-1,PIN7,DEV,TARGET,561
R4_TAIL2_4,19988,2026-08-12 12:32:37.472,-1,EMA24,DEV,TARGET,1780
R4_TAIL2_4,20008,2026-08-12 12:49:50.232,-1,EMA50,DEV,TARGET,477
R4_TAIL2_4,20011,2026-08-12 12:50:00.040,-1,EMA50,DEV,TARGET,1
R4_TAIL2_4,20017,2026-08-12 12:51:07.032,-1,PIN7,DEV,TARGET,451
R4_TAIL2_4,20018,2026-08-12 12:51:10.872,-1,PIN7,DEV,TARGET,10783
R4_TAIL2_4,20033,2026-08-12 12:55:00.088,-1,EMA8,DEV,TARGET,479
R4_TAIL2_4,20035,2026-08-12 12:55:02.876,-1,PIN7,DEV,TARGET,779
R4_TAIL2_4,20674,2026-08-13 06:33:23.260,1,PIN7,DEV,TARGET,524
R4_TAIL2_4,20679,2026-08-13 06:33:59.840,1,EMA8,DEV,TARGET,1698
R4_TAIL2_4,20684,2026-08-13 06:34:27.844,1,PIN7,DEV,TARGET,818
R4_TAIL2_4,20694,2026-08-13 06:35:33.036,1,PIN,DEV,TARGET,3958
R4_TAIL2_4,20704,2026-08-13 06:36:59.832,1,PIN,DEV,TARGET,1334
R4_TAIL2_4,20713,2026-08-13 06:39:18.288,1,EMA8,DEV,TARGET,1240
R4_TAIL2_4,20715,2026-08-13 06:39:35.020,1,PIN7,DEV,TARGET,590
R4_TAIL2_4,20716,2026-08-13 06:39:40.380,1,PIN7,DEV,STOP,13046
R4_TAIL2_4,20717,2026-08-13 06:39:53.944,1,PIN7,DEV,STOP,9013
R4_TAIL2_4,20810,2026-08-13 07:02:13.720,1,PIN7,DEV,TARGET,5776
R4_TAIL2_4,20847,2026-08-13 07:14:55.648,1,EMA8,DEV,STOP,7840
R4_TAIL2_4,20862,2026-08-13 07:18:31.988,1,PIN7,DEV,TARGET,796
R4_TAIL2_4,20871,2026-08-13 07:22:16.768,1,PIN,DEV,TARGET,2578
R4_TAIL2_4,20872,2026-08-13 07:22:47.580,1,PIN,DEV,TARGET,2596
R4_TAIL2_4,20873,2026-08-13 07:23:08.120,1,PIN,DEV,TARGET,1768
R4_TAIL2_4,20883,2026-08-13 07:26:59.220,1,EMA8,DEV,TARGET,1205
R4_TAIL2_4,20894,2026-08-13 07:31:24.448,1,EMA24,DEV,TARGET,348
R4_TAIL2_4,20899,2026-08-13 07:34:09.412,1,EMA24,DEV,TARGET,1816
R4_TAIL2_4,20927,2026-08-13 07:45:57.616,-1,PIN,DEV,TARGET,408
R4_TAIL2_4,20939,2026-08-13 07:49:10.148,-1,PIN,DEV,TARGET,446
R4_TAIL2_4,20946,2026-08-13 07:49:48.352,-1,EMA8,DEV,STOP,3798
R4_TAIL2_4,20954,2026-08-13 07:50:31.716,-1,EMA24,DEV,TARGET,1504
R4_TAIL2_4,20987,2026-08-13 07:56:58.052,-1,EMA24,DEV,STOP,6283
R4_TAIL2_4,21437,2026-08-13 11:17:22.644,1,EMA24,DEV,STOP,13817
R4_TAIL2_4,21452,2026-08-13 11:30:21.864,1,PIN7,DEV,TARGET,1062
R4_TAIL2_4,21457,2026-08-13 11:35:45.776,1,PIN7,DEV,TARGET,6968
R4_TAIL2_4,21459,2026-08-13 11:40:00.516,1,PIN7,DEV,TARGET,3343
R4_TAIL2_4,21460,2026-08-13 11:41:32.852,1,PIN7,DEV,TARGET,146
R4_TAIL2_4,21469,2026-08-13 11:50:37.508,1,PIN7,DEV,TARGET,7054
R4_TAIL2_4,21482,2026-08-13 12:07:02.892,1,PIN,DEV,TARGET,3549
R4_TAIL2_4,21483,2026-08-13 12:08:39.816,1,PIN,DEV,TARGET,564
R4_TAIL2_4,21501,2026-08-13 12:19:42.724,1,PIN7,DEV,TARGET,699
R4_TAIL2_4,21541,2026-08-13 12:50:03.776,-1,EMA8,DEV,TARGET,692
R4_TAIL2_4,21543,2026-08-13 12:50:11.008,-1,PIN7,DEV,TARGET,4850
R4_TAIL2_4,21544,2026-08-13 12:51:02.012,-1,PIN7,DEV,TARGET,608
R4_TAIL2_4,21545,2026-08-13 12:51:08.300,-1,PIN7,DEV,STOP,9218
R4_TAIL2_4,21548,2026-08-13 12:53:10.080,-1,EMA8,DEV,STOP,2546
R4_TAIL2_4,21552,2026-08-13 12:54:20.052,-1,EMA24,DEV,TARGET,2753
R4_TAIL2_4,21554,2026-08-13 12:54:40.016,-1,EMA50,DEV,TARGET,37
R4_TAIL2_4,21961,2026-08-14 06:33:17.236,-1,PIN7,DEV,STOP,15753
R4_TAIL2_4,21972,2026-08-14 06:35:55.832,-1,EMA50,DEV,TARGET,4716
R4_TAIL2_4,21974,2026-08-14 06:36:16.036,-1,EMA50,DEV,TARGET,621
R4_TAIL2_4,22090,2026-08-14 07:01:29.644,1,EMA50,DEV,STOP,4966
R4_TAIL2_4,22115,2026-08-14 07:10:06.288,1,EMA24,DEV,TARGET,615
R4_TAIL2_4,22129,2026-08-14 07:14:19.416,1,EMA50,DEV,STOP,1974
R4_TAIL2_4,22148,2026-08-14 07:18:30.136,-1,PIN7,DEV,TARGET,7484
R4_TAIL2_4,22150,2026-08-14 07:19:08.164,-1,EMA8,DEV,TARGET,2357
R4_TAIL2_4,22155,2026-08-14 07:20:13.184,-1,EMA8,DEV,TARGET,2623
R4_TAIL2_4,22157,2026-08-14 07:20:25.508,-1,EMA8,DEV,TARGET,313
R4_TAIL2_4,22165,2026-08-14 07:21:32.048,-1,PIN7,DEV,TARGET,1020
R4_TAIL2_4,22197,2026-08-14 07:28:05.524,-1,EMA8,DEV,TARGET,2242
R4_TAIL2_4,22200,2026-08-14 07:29:03.072,-1,EMA8,DEV,STOP,3891
R4_TAIL2_4,22204,2026-08-14 07:29:43.532,-1,EMA24,DEV,TARGET,6977
R4_TAIL2_4,22211,2026-08-14 07:30:22.160,-1,PIN7,DEV,TARGET,915
R4_TAIL2_4,22212,2026-08-14 07:30:26.856,-1,PIN7,DEV,TARGET,835
R4_TAIL2_4,22216,2026-08-14 07:31:00.064,-1,PIN7,DEV,TARGET,1017
R4_TAIL2_4,22217,2026-08-14 07:31:05.584,-1,PIN,DEV,STOP,3494
R4_TAIL2_4,22233,2026-08-14 07:36:05.412,-1,EMA24,DEV,STOP,1804
R4_TAIL2_4,22251,2026-08-14 07:41:51.476,-1,PIN7,DEV,STOP,5274
R4_TAIL2_4,22587,2026-08-14 11:07:43.720,1,EMA8,DEV,TARGET,1299
R4_TAIL2_4,22592,2026-08-14 11:13:09.036,1,PIN7,DEV,TARGET,7053
R4_TAIL2_4,22603,2026-08-14 11:26:05.184,1,EMA8,DEV,STOP,4091
R4_TAIL2_4,22653,2026-08-14 12:25:55.472,1,PIN7,DEV,TARGET,4905
R4_TAIL2_4,23160,2026-08-17 06:31:03.728,1,PIN7,DEV,TARGET,5246
R4_TAIL2_4,23161,2026-08-17 06:31:16.036,1,PIN7,DEV,STOP,6479
R4_TAIL2_4,23183,2026-08-17 06:33:23.064,-1,EMA8,DEV,STOP,2132
R4_TAIL2_4,23187,2026-08-17 06:33:38.996,-1,EMA24,DEV,TARGET,825
R4_TAIL2_4,23200,2026-08-17 06:35:00.184,-1,PIN,DEV,TARGET,320
R4_TAIL2_4,23205,2026-08-17 06:35:12.352,-1,EMA8,DEV,STOP,4563
R4_TAIL2_4,23209,2026-08-17 06:35:56.168,-1,EMA24,DEV,TARGET,22669
R4_TAIL2_4,23217,2026-08-17 06:37:27.432,-1,EMA50,DEV,TARGET,1648
R4_TAIL2_4,23220,2026-08-17 06:37:57.236,-1,PIN7,DEV,STOP,3108
R4_TAIL2_4,23254,2026-08-17 06:44:20.104,-1,PIN7,DEV,STOP,2844
R4_TAIL2_4,23331,2026-08-17 07:00:43.576,-1,EMA24,DEV,TARGET,2628
R4_TAIL2_4,23391,2026-08-17 07:14:23.420,1,PIN7,DEV,STOP,6936
R4_TAIL2_4,23417,2026-08-17 07:25:27.376,-1,EMA24,DEV,TARGET,3191
R4_TAIL2_4,23422,2026-08-17 07:27:22.084,-1,EMA24,DEV,TARGET,4682
R4_TAIL2_4,23437,2026-08-17 07:33:09.360,1,EMA8,DEV,STOP,12287
R4_TAIL2_4,23447,2026-08-17 07:37:36.428,-1,PIN7,DEV,TARGET,3970
R4_TAIL2_4,23452,2026-08-17 07:40:00.112,-1,EMA8,DEV,STOP,5442
R4_TAIL2_4,23480,2026-08-17 07:53:19.176,-1,PIN7,DEV,TARGET,1406
R4_TAIL2_4,23486,2026-08-17 07:56:27.136,-1,EMA8,DEV,STOP,5041
R4_TAIL2_4,23490,2026-08-17 07:59:22.844,-1,EMA50,DEV,STOP,6943
R4_TAIL2_4,23808,2026-08-17 11:25:07.676,1,PIN7,DEV,STOP,4032
R4_TAIL2_4,23863,2026-08-17 12:29:30.724,-1,PIN7,DEV,TARGET,1680
R4_TAIL2_4,23864,2026-08-17 12:30:06.780,-1,PIN7,DEV,TARGET,1800
R4_TAIL2_4,23897,2026-08-17 12:51:44.908,-1,PIN7,DEV,TARGET,5545
R4_TAIL2_4,23898,2026-08-17 12:52:40.048,-1,PIN7,DEV,TARGET,2207
R4_TAIL2_4,23904,2026-08-17 12:54:40.048,-1,EMA24,DEV,TARGET,664
R4_TAIL2_4,23910,2026-08-17 12:56:12.052,-1,PIN7,DEV,STOP,4700
R4_TAIL2_4,23920,2026-08-17 12:59:20.984,-1,EMA50,DEV,TARGET,6763
R4_TAIL2_4,23926,2026-08-17 12:59:50.124,-1,PIN7,DEV,STOP,3238
R4_TAIL2_4,24969,2026-08-18 06:31:00.764,1,EMA8,DEV,TARGET,140
R4_TAIL2_4,24971,2026-08-18 06:31:02.876,1,PIN7,DEV,TARGET,421
R4_TAIL2_4,24972,2026-08-18 06:31:03.664,1,PIN7,DEV,TARGET,2563
R4_TAIL2_4,24975,2026-08-18 06:31:06.240,1,EMA8,DEV,TARGET,270
R4_TAIL2_4,24983,2026-08-18 06:31:21.616,1,EMA8,DEV,TARGET,532
R4_TAIL2_4,24985,2026-08-18 06:31:26.088,1,PIN7,DEV,STOP,1659
R4_TAIL2_4,24995,2026-08-18 06:31:48.672,1,PIN7,DEV,TARGET,511
R4_TAIL2_4,25019,2026-08-18 06:33:01.964,-1,PIN7,DEV,TARGET,7630
R4_TAIL2_4,25025,2026-08-18 06:33:11.148,-1,EMA8,DEV,TARGET,2821
R4_TAIL2_4,25044,2026-08-18 06:34:05.868,-1,PIN7,DEV,STOP,3079
R4_TAIL2_4,25077,2026-08-18 06:35:41.460,1,EMA8,DEV,STOP,5377
R4_TAIL2_4,25093,2026-08-18 06:36:29.424,1,PIN7,DEV,TARGET,118
R4_TAIL2_4,25096,2026-08-18 06:36:41.616,1,EMA24,DEV,STOP,3270
R4_TAIL2_4,25145,2026-08-18 06:39:40.480,1,PIN7,DEV,TARGET,96
R4_TAIL2_4,25154,2026-08-18 06:40:23.540,1,EMA24,DEV,TARGET,1
R4_TAIL2_4,25165,2026-08-18 06:41:10.088,1,EMA24,DEV,TARGET,5946
R4_TAIL2_4,25171,2026-08-18 06:41:39.612,1,PIN7,DEV,TARGET,598
R4_TAIL2_4,25187,2026-08-18 06:43:08.488,1,EMA50,DEV,STOP,4195
R4_TAIL2_4,25189,2026-08-18 06:43:15.772,1,EMA50,DEV,STOP,2750
R4_TAIL2_4,25378,2026-08-18 07:02:43.044,1,EMA8,DEV,TARGET,4754
R4_TAIL2_4,25380,2026-08-18 07:02:58.084,1,EMA8,DEV,TARGET,4488
R4_TAIL2_4,25382,2026-08-18 07:03:22.616,1,PIN7,DEV,TARGET,1084
R4_TAIL2_4,25384,2026-08-18 07:03:33.004,1,PIN,DEV,STOP,2411
R4_TAIL2_4,25412,2026-08-18 07:06:23.188,-1,EMA8,DEV,STOP,5250
R4_TAIL2_4,25453,2026-08-18 07:11:34.016,-1,PIN,DEV,TARGET,3937
R4_TAIL2_4,25462,2026-08-18 07:12:23.260,-1,EMA8,DEV,TARGET,182
R4_TAIL2_4,25471,2026-08-18 07:13:47.340,-1,EMA24,DEV,TARGET,6384
R4_TAIL2_4,25495,2026-08-18 07:16:19.016,1,EMA8,DEV,TARGET,8114
R4_TAIL2_4,25497,2026-08-18 07:16:33.060,1,EMA8,DEV,TARGET,2990
R4_TAIL2_4,25502,2026-08-18 07:17:07.604,1,PIN7,DEV,STOP,4674
R4_TAIL2_4,25507,2026-08-18 07:17:36.212,1,EMA24,DEV,STOP,1099
R4_TAIL2_4,25517,2026-08-18 07:18:41.932,1,PIN7,DEV,TARGET,533
R4_TAIL2_4,25524,2026-08-18 07:19:38.348,1,EMA24,DEV,TARGET,1221
R4_TAIL2_4,25570,2026-08-18 07:25:50.416,1,EMA24,DEV,TARGET,950
R4_TAIL2_4,25579,2026-08-18 07:26:49.708,1,PIN7,DEV,STOP,5439
R4_TAIL2_4,25585,2026-08-18 07:27:32.904,1,EMA50,DEV,TARGET,4375
R4_TAIL2_4,25618,2026-08-18 07:31:44.748,1,EMA50,DEV,TARGET,7915
R4_TAIL2_4,25628,2026-08-18 07:33:34.800,1,EMA8,DEV,STOP,13123
R4_TAIL2_4,25632,2026-08-18 07:34:37.732,1,EMA24,DEV,STOP,3259
R4_TAIL2_4,25657,2026-08-18 07:39:42.908,1,EMA50,DEV,TARGET,384
R4_TAIL2_4,25689,2026-08-18 07:45:51.536,-1,EMA8,DEV,TARGET,574
R4_TAIL2_4,25706,2026-08-18 07:49:02.176,-1,EMA50,DEV,TARGET,513
R4_TAIL2_4,25728,2026-08-18 07:52:47.912,-1,PIN7,DEV,TARGET,2100
R4_TAIL2_4,25729,2026-08-18 07:53:01.804,-1,PIN7,DEV,TARGET,1900
R4_TAIL2_4,25736,2026-08-18 07:53:26.076,-1,PIN,DEV,STOP,896
R4_TAIL2_4,25739,2026-08-18 07:53:28.768,-1,EMA8,DEV,STOP,1905
R4_TAIL2_4,25743,2026-08-18 07:53:44.580,-1,EMA24,DEV,TARGET,630
R4_TAIL2_4,25749,2026-08-18 07:54:55.620,-1,PIN7,DEV,TARGET,1360
R4_TAIL2_4,25750,2026-08-18 07:55:02.604,-1,PIN7,DEV,STOP,3970
R4_TAIL2_4,25754,2026-08-18 07:55:31.948,-1,EMA24,DEV,TARGET,1416
R4_TAIL2_4,26218,2026-08-18 11:02:47.104,-1,EMA8,DEV,TARGET,8623
R4_TAIL2_4,26223,2026-08-18 11:07:27.056,-1,EMA8,DEV,TARGET,5358
R4_TAIL2_4,26225,2026-08-18 11:08:52.824,-1,EMA8,DEV,TARGET,1702
R4_TAIL2_4,26245,2026-08-18 11:21:45.604,1,EMA8,DEV,TARGET,448
R4_TAIL2_4,26266,2026-08-18 11:37:15.568,1,PIN7,DEV,STOP,4786
R4_TAIL2_4,26281,2026-08-18 11:54:39.508,-1,PIN7,DEV,TARGET,946
R4_TAIL2_4,26298,2026-08-18 12:07:40.016,-1,EMA8,DEV,STOP,2561
R4_TAIL2_4,26305,2026-08-18 12:12:22.396,-1,PIN7,DEV,STOP,13306
R4_TAIL2_4,26355,2026-08-18 12:54:33.588,-1,PIN7,DEV,TARGET,436
R4_TAIL2_4,26359,2026-08-18 12:54:50.008,-1,EMA8,DEV,TARGET,16013
R4_TAIL2_4,26361,2026-08-18 12:55:00.156,-1,EMA8,DEV,TARGET,11395
R4_TAIL2_4,26382,2026-08-18 12:59:44.476,-1,PIN7,DEV,TARGET,1311
R4_TAIL2_4,26388,2026-08-18 12:59:53.804,-1,PIN,DEV,STOP,487
R4_TAIL2_4,27519,2026-08-19 06:31:07.292,-1,EMA50,DEV,TARGET,205
R4_TAIL2_4,27561,2026-08-19 06:33:20.108,-1,PIN7,DEV,TARGET,1
R4_TAIL2_4,27568,2026-08-19 06:33:38.140,-1,EMA8,DEV,TARGET,1091
R4_TAIL2_4,27572,2026-08-19 06:34:04.220,-1,EMA8,DEV,STOP,4772
R4_TAIL2_4,27587,2026-08-19 06:35:23.256,-1,EMA50,DEV,TARGET,1317
R4_TAIL2_4,27599,2026-08-19 06:36:10.404,-1,PIN7,DEV,TARGET,1525
R4_TAIL2_4,27600,2026-08-19 06:36:15.388,-1,PIN7,DEV,STOP,6914
R4_TAIL2_4,27635,2026-08-19 06:39:30.348,-1,EMA24,DEV,TARGET,3304
R4_TAIL2_4,27639,2026-08-19 06:40:01.640,-1,PIN7,DEV,TARGET,9799
R4_TAIL2_4,27654,2026-08-19 06:41:07.756,-1,EMA24,DEV,NONE,15196
R4_TAIL2_4,27664,2026-08-19 06:41:41.800,-1,EMA50,DEV,TARGET,788
R4_TAIL2_4,27684,2026-08-19 06:43:25.532,1,PIN7,DEV,TARGET,1898
R4_TAIL2_4,27686,2026-08-19 06:43:47.132,1,PIN,DEV,STOP,17619
R4_TAIL2_4,27690,2026-08-19 06:44:03.340,1,EMA8,DEV,TARGET,3561
R4_TAIL2_4,27971,2026-08-19 07:02:08.488,-1,EMA50,DEV,TARGET,13712
R4_TAIL2_4,28043,2026-08-19 07:08:04.144,-1,EMA50,DEV,TARGET,838
R4_TAIL2_4,28072,2026-08-19 07:10:47.152,-1,PIN7,DEV,TARGET,2188
R4_TAIL2_4,28073,2026-08-19 07:10:58.684,-1,PIN7,DEV,TARGET,46
R4_TAIL2_4,28079,2026-08-19 07:11:52.232,-1,PIN,DEV,TARGET,9245
R4_TAIL2_4,28124,2026-08-19 07:15:46.012,-1,EMA24,DEV,STOP,1917
R4_TAIL2_4,28141,2026-08-19 07:17:01.056,1,PIN,DEV,STOP,6465
R4_TAIL2_4,28146,2026-08-19 07:17:23.876,1,EMA8,DEV,TARGET,160
R4_TAIL2_4,28163,2026-08-19 07:18:30.952,1,EMA8,DEV,TARGET,3502
R4_TAIL2_4,28177,2026-08-19 07:20:03.524,1,EMA50,DEV,TARGET,3327
R4_TAIL2_4,28229,2026-08-19 07:25:28.636,-1,PIN7,DEV,TARGET,9
R4_TAIL2_4,28257,2026-08-19 07:28:29.480,1,PIN7,DEV,TARGET,1079
R4_TAIL2_4,28274,2026-08-19 07:31:15.152,1,EMA8,DEV,TARGET,6127
R4_TAIL2_4,28276,2026-08-19 07:31:27.444,1,EMA8,DEV,TARGET,2883
R4_TAIL2_4,28283,2026-08-19 07:32:52.028,1,EMA8,DEV,TARGET,5249
R4_TAIL2_4,28285,2026-08-19 07:33:25.864,1,EMA8,DEV,TARGET,609
R4_TAIL2_4,28299,2026-08-19 07:36:09.272,1,PIN,DEV,TARGET,9179
R4_TAIL2_4,28303,2026-08-19 07:36:53.916,1,EMA8,DEV,TARGET,294
R4_TAIL2_4,28310,2026-08-19 07:38:05.468,1,PIN,DEV,TARGET,3657
R4_TAIL2_4,28311,2026-08-19 07:38:23.256,1,PIN,DEV,TARGET,730
R4_TAIL2_4,28312,2026-08-19 07:38:29.264,1,PIN,DEV,TARGET,4622
R4_TAIL2_4,28313,2026-08-19 07:39:00.740,1,PIN,DEV,TARGET,770
R4_TAIL2_4,28314,2026-08-19 07:39:04.364,1,PIN,DEV,STOP,20048
R4_TAIL2_4,28344,2026-08-19 07:45:54.540,1,PIN7,DEV,STOP,2883
R4_TAIL2_4,28388,2026-08-19 07:56:12.052,1,PIN7,DEV,TARGET,232
R4_TAIL2_4,28390,2026-08-19 07:56:23.180,1,PIN,DEV,TARGET,3957
R4_TAIL2_4,28400,2026-08-19 07:59:13.696,1,PIN,DEV,TARGET,1254
R4_TAIL2_4,28949,2026-08-19 11:00:48.316,1,PIN7,DEV,TARGET,1673
R4_TAIL2_4,28950,2026-08-19 11:01:03.776,1,PIN7,DEV,TARGET,893
R4_TAIL2_4,28951,2026-08-19 11:01:15.076,1,PIN7,DEV,TARGET,1
R4_TAIL2_4,28959,2026-08-19 11:02:13.484,1,PIN,DEV,TARGET,1445
R4_TAIL2_4,29005,2026-08-19 11:09:47.092,-1,EMA8,DEV,STOP,11769
R4_TAIL2_4,29035,2026-08-19 11:16:20.816,-1,PIN7,DEV,TARGET,6595
R4_TAIL2_4,29047,2026-08-19 11:20:37.636,-1,EMA50,DEV,STOP,2120
R4_TAIL2_4,29074,2026-08-19 11:30:13.480,1,PIN7,DEV,TARGET,539
R4_TAIL2_4,29078,2026-08-19 11:30:41.352,1,PIN,DEV,STOP,12153
R4_TAIL2_4,29098,2026-08-19 11:39:03.200,1,EMA50,DEV,TARGET,847
R4_TAIL2_4,29113,2026-08-19 11:45:27.624,1,EMA50,DEV,STOP,4224
R4_TAIL2_4,29173,2026-08-19 12:22:28.916,1,EMA50,DEV,TARGET,2200
R4_TAIL2_4,29228,2026-08-19 12:45:14.668,-1,EMA8,DEV,TARGET,3514
R4_TAIL2_4,29230,2026-08-19 12:45:35.104,-1,EMA8,DEV,TARGET,1209
R4_TAIL2_4,29233,2026-08-19 12:46:08.340,-1,PIN7,DEV,TARGET,6215
R4_TAIL2_4,29234,2026-08-19 12:46:16.732,-1,PIN7,DEV,TARGET,5256
R4_TAIL2_4,29270,2026-08-19 12:52:10.084,-1,EMA8,DEV,TARGET,137
R4_TAIL2_4,29307,2026-08-19 12:59:03.000,1,EMA8,DEV,TARGET,462
R4_TAIL2_4,29309,2026-08-19 12:59:19.292,1,PIN7,DEV,STOP,4773
R4_TAIL2_4,29312,2026-08-19 12:59:38.084,1,EMA8,DEV,STOP,841
R4_TAIL2_4,29320,2026-08-19 12:59:53.368,1,EMA50,DEV,TARGET,120
R4_TAIL2_4,29323,2026-08-19 12:59:56.464,1,PIN7,DEV,TARGET,479
R4_TAIL2_4,29324,2026-08-19 12:59:57.400,1,PIN7,DEV,TARGET,1798
R4_TAIL2_4,29326,2026-08-19 12:59:59.392,1,EMA8,DEV,TARGET,1
R4_TAIL2_4,30807,2026-08-20 06:31:16.016,1,PIN7,DEV,TARGET,1
R4_TAIL2_4,30843,2026-08-20 06:33:57.060,1,PIN7,DEV,TARGET,2800
R4_TAIL2_4,30849,2026-08-20 06:34:23.036,1,EMA8,DEV,TARGET,444
R4_TAIL2_4,30851,2026-08-20 06:34:34.340,1,EMA8,DEV,TARGET,608
R4_TAIL2_4,30854,2026-08-20 06:34:43.136,1,PIN,DEV,STOP,4608
R4_TAIL2_4,30856,2026-08-20 06:34:47.524,1,EMA8,DEV,STOP,3825
R4_TAIL2_4,30863,2026-08-20 06:35:15.608,1,EMA50,DEV,TARGET,1
R4_TAIL2_4,30876,2026-08-20 06:35:29.752,1,PIN7,DEV,TARGET,57
R4_TAIL2_4,30878,2026-08-20 06:35:35.292,1,PIN,DEV,TARGET,8515
R4_TAIL2_4,30885,2026-08-20 06:36:15.252,1,EMA8,DEV,STOP,7541
R4_TAIL2_4,30887,2026-08-20 06:36:35.376,1,EMA8,DEV,STOP,3503
R4_TAIL2_4,30890,2026-08-20 06:36:56.128,1,EMA24,DEV,STOP,12108
R4_TAIL2_4,30927,2026-08-20 06:40:13.024,-1,PIN7,DEV,TARGET,19
R4_TAIL2_4,30955,2026-08-20 06:42:17.416,1,EMA8,DEV,TARGET,5728
R4_TAIL2_4,30957,2026-08-20 06:42:26.684,1,EMA50,DEV,TARGET,2461
R4_TAIL2_4,30960,2026-08-20 06:42:38.880,1,PIN7,DEV,TARGET,162
R4_TAIL2_4,30967,2026-08-20 06:43:41.752,1,EMA8,DEV,TARGET,612
R4_TAIL2_4,30969,2026-08-20 06:44:02.420,1,PIN7,DEV,STOP,8586
R4_TAIL2_4,31167,2026-08-20 07:00:27.872,1,PIN7,DEV,STOP,7003
R4_TAIL2_4,31168,2026-08-20 07:00:34.016,1,PIN7,DEV,STOP,1430
R4_TAIL2_4,31243,2026-08-20 07:06:00.240,-1,EMA24,DEV,TARGET,549
R4_TAIL2_4,31293,2026-08-20 07:09:48.400,1,PIN7,DEV,TARGET,784
R4_TAIL2_4,31294,2026-08-20 07:09:51.776,1,PIN7,DEV,TARGET,1782
R4_TAIL2_4,31303,2026-08-20 07:10:28.656,1,EMA8,DEV,STOP,5253
R4_TAIL2_4,31349,2026-08-20 07:14:46.596,-1,PIN7,DEV,TARGET,3143
R4_TAIL2_4,31350,2026-08-20 07:15:02.548,-1,PIN7,DEV,STOP,7811
R4_TAIL2_4,31356,2026-08-20 07:15:29.092,-1,EMA24,DEV,TARGET,2590
R4_TAIL2_4,31366,2026-08-20 07:16:31.088,-1,EMA8,DEV,TARGET,1675
R4_TAIL2_4,31372,2026-08-20 07:17:35.248,-1,EMA8,DEV,TARGET,1420
R4_TAIL2_4,31386,2026-08-20 07:18:49.200,-1,EMA50,DEV,TARGET,882
R4_TAIL2_4,31411,2026-08-20 07:20:58.440,1,EMA8,DEV,STOP,4066
R4_TAIL2_4,31416,2026-08-20 07:21:22.704,1,EMA24,DEV,TARGET,1356
R4_TAIL2_4,31420,2026-08-20 07:21:33.532,1,EMA8,DEV,STOP,5540
R4_TAIL2_4,31446,2026-08-20 07:23:39.080,1,PIN7,DEV,TARGET,1879
R4_TAIL2_4,31447,2026-08-20 07:23:40.788,1,PIN7,DEV,TARGET,2269
R4_TAIL2_4,31448,2026-08-20 07:23:46.940,1,PIN7,DEV,TARGET,2192
R4_TAIL2_4,31449,2026-08-20 07:23:52.256,1,PIN7,DEV,TARGET,1822
R4_TAIL2_4,31450,2026-08-20 07:23:58.804,1,PIN,DEV,TARGET,573
R4_TAIL2_4,31455,2026-08-20 07:24:39.700,1,EMA8,DEV,STOP,9999
R4_TAIL2_4,31488,2026-08-20 07:27:35.700,-1,PIN7,DEV,TARGET,1333
R4_TAIL2_4,31506,2026-08-20 07:29:15.924,-1,PIN7,DEV,STOP,5763
R4_TAIL2_4,31552,2026-08-20 07:33:46.308,1,PIN7,DEV,TARGET,4229
R4_TAIL2_4,31595,2026-08-20 07:38:46.112,1,EMA24,DEV,TARGET,1
R4_TAIL2_4,31604,2026-08-20 07:40:15.580,1,EMA8,DEV,STOP,3723
R4_TAIL2_4,31609,2026-08-20 07:40:47.596,1,EMA24,DEV,TARGET,1609
R4_TAIL2_4,31611,2026-08-20 07:40:56.840,1,EMA24,DEV,STOP,6615
R4_TAIL2_4,31625,2026-08-20 07:42:35.152,1,EMA50,DEV,TARGET,143
R4_TAIL2_4,31628,2026-08-20 07:42:50.724,1,PIN7,DEV,TARGET,1986
R4_TAIL2_4,31637,2026-08-20 07:45:02.044,1,EMA8,DEV,TARGET,5152
R4_TAIL2_4,31668,2026-08-20 07:50:13.048,-1,EMA8,DEV,TARGET,1971
R4_TAIL2_4,31676,2026-08-20 07:51:21.436,-1,EMA24,DEV,TARGET,1279
R4_TAIL2_4,31688,2026-08-20 07:53:35.188,1,PIN7,DEV,STOP,5856
R4_TAIL2_4,31706,2026-08-20 07:56:21.800,-1,PIN7,DEV,STOP,6506
R4_TAIL2_4,31712,2026-08-20 07:57:00.248,-1,EMA24,DEV,TARGET,4238
R4_TAIL2_4,32479,2026-08-20 11:05:41.124,-1,EMA8,DEV,TARGET,413
R4_TAIL2_4,32487,2026-08-20 11:07:35.888,-1,PIN7,DEV,TARGET,11545
R4_TAIL2_4,32489,2026-08-20 11:07:58.164,-1,EMA8,DEV,TARGET,645
R4_TAIL2_4,32494,2026-08-20 11:10:02.448,-1,EMA8,DEV,TARGET,1003
R4_TAIL2_4,32498,2026-08-20 11:11:02.532,-1,PIN7,DEV,STOP,2916
R4_TAIL2_4,32504,2026-08-20 11:12:44.148,-1,EMA24,DEV,TARGET,636
R4_TAIL2_4,32514,2026-08-20 11:16:13.020,-1,PIN7,DEV,TARGET,123
R4_TAIL2_4,32516,2026-08-20 11:16:50.200,-1,PIN,DEV,STOP,6072
R4_TAIL2_4,32554,2026-08-20 11:33:38.512,-1,PIN7,DEV,TARGET,2937
R4_TAIL2_4,32555,2026-08-20 11:34:36.680,-1,PIN7,DEV,STOP,2210
R4_TAIL2_4,32557,2026-08-20 11:35:42.172,-1,EMA8,DEV,STOP,4715
R4_TAIL2_4,32562,2026-08-20 11:38:26.692,-1,EMA50,DEV,TARGET,4103
R4_TAIL2_4,32564,2026-08-20 11:39:51.972,-1,EMA50,DEV,TARGET,788
R4_TAIL2_4,32607,2026-08-20 12:01:49.448,-1,EMA8,DEV,TARGET,364
R4_TAIL2_4,32611,2026-08-20 12:03:53.524,-1,EMA24,DEV,STOP,5643
R4_TAIL2_4,32635,2026-08-20 12:15:40.676,1,PIN7,DEV,STOP,4889
R4_TAIL2_4,32752,2026-08-20 12:57:26.160,-1,PIN7,DEV,STOP,9494
R4_TAIL2_4,32755,2026-08-20 12:58:06.076,-1,EMA8,DEV,TARGET,3422
R4_TAIL2_4,32757,2026-08-20 12:58:30.080,-1,EMA8,DEV,STOP,1966
R4_TAIL2_4,32777,2026-08-20 12:59:48.600,-1,PIN,DEV,STOP,1407
R4_TAIL2_4,33735,2026-08-21 06:31:46.760,-1,EMA24,DEV,TARGET,2120
R4_TAIL2_4,33746,2026-08-21 06:32:30.008,-1,PIN7,DEV,TARGET,65
R4_TAIL2_4,33749,2026-08-21 06:33:01.072,-1,EMA8,DEV,TARGET,578
R4_TAIL2_4,33756,2026-08-21 06:33:38.976,-1,EMA24,DEV,TARGET,1946
R4_TAIL2_4,33782,2026-08-21 06:36:06.492,-1,EMA24,DEV,TARGET,3475
R4_TAIL2_4,33814,2026-08-21 06:39:50.524,-1,EMA24,DEV,STOP,1038
R4_TAIL2_4,33829,2026-08-21 06:41:06.248,1,EMA24,DEV,TARGET,333
R4_TAIL2_4,33856,2026-08-21 06:44:17.952,-1,EMA50,DEV,TARGET,657
R4_TAIL2_4,33996,2026-08-21 07:02:52.940,1,EMA50,DEV,TARGET,8976
R4_TAIL2_4,34021,2026-08-21 07:06:43.948,1,PIN7,DEV,STOP,1952
R4_TAIL2_4,34028,2026-08-21 07:08:07.520,1,EMA24,DEV,TARGET,7141
R4_TAIL2_4,34059,2026-08-21 07:14:36.228,-1,EMA8,DEV,TARGET,254
R4_TAIL2_4,34066,2026-08-21 07:16:01.528,-1,EMA24,DEV,TARGET,1438
R4_TAIL2_4,34101,2026-08-21 07:22:12.424,-1,EMA50,DEV,STOP,2731
R4_TAIL2_4,34132,2026-08-21 07:28:22.624,1,EMA50,DEV,TARGET,593
R4_TAIL2_4,34172,2026-08-21 07:35:49.216,-1,EMA8,DEV,TARGET,1746
R4_TAIL2_4,34174,2026-08-21 07:36:01.696,-1,PIN7,DEV,STOP,7200
R4_TAIL2_4,34176,2026-08-21 07:36:21.044,-1,EMA8,DEV,STOP,3749
R4_TAIL2_4,34179,2026-08-21 07:36:50.164,-1,EMA24,DEV,TARGET,739
R4_TAIL2_4,34182,2026-08-21 07:37:58.024,-1,EMA8,DEV,STOP,8476
R4_TAIL2_4,34204,2026-08-21 07:41:56.216,-1,PIN7,DEV,STOP,6826
R4_TAIL2_4,34207,2026-08-21 07:42:56.636,-1,EMA24,DEV,STOP,3695
R4_TAIL2_4,34227,2026-08-21 07:46:32.744,1,EMA8,DEV,TARGET,660
R4_TAIL2_4,34238,2026-08-21 07:49:29.820,1,PIN7,DEV,TARGET,1089
R4_TAIL2_4,34243,2026-08-21 07:50:32.984,1,PIN7,DEV,STOP,1328
R4_TAIL2_4,34248,2026-08-21 07:51:45.780,1,EMA24,DEV,TARGET,4987
R4_TAIL2_4,34250,2026-08-21 07:52:10.352,1,EMA24,DEV,TARGET,825
R4_TAIL2_4,34260,2026-08-21 07:54:47.096,1,EMA50,DEV,TARGET,1234
R4_TAIL2_4,34278,2026-08-21 07:59:10.148,1,PIN7,DEV,TARGET,772
R4_TAIL2_4,34279,2026-08-21 07:59:19.520,1,PIN7,DEV,TARGET,8074
R4_TAIL2_4,34721,2026-08-21 11:01:56.276,-1,EMA24,DEV,STOP,4120
R4_TAIL2_4,34733,2026-08-21 11:13:39.240,-1,EMA24,DEV,TARGET,1775
R4_TAIL2_4,34739,2026-08-21 11:22:27.924,-1,EMA50,DEV,TARGET,2553
R4_TAIL2_4,34741,2026-08-21 11:24:00.576,-1,EMA50,DEV,TARGET,2958
R4_TAIL2_4,34745,2026-08-21 11:28:45.928,-1,PIN7,DEV,TARGET,3155
R4_TAIL2_4,34779,2026-08-21 11:56:07.056,1,EMA8,DEV,TARGET,2929
R4_TAIL2_4,34784,2026-08-21 12:00:03.080,1,PIN,DEV,TARGET,8079
R4_TAIL2_4,34815,2026-08-21 12:28:44.344,1,EMA50,DEV,TARGET,389
R4_TAIL2_4,34825,2026-08-21 12:33:25.732,1,EMA50,DEV,TARGET,10000
R4_TAIL2_4,34835,2026-08-21 12:42:30.004,1,EMA50,DEV,TARGET,451
R4_TAIL2_4,34843,2026-08-21 12:45:48.548,1,EMA8,DEV,TARGET,4486
R4_TAIL2_4,34845,2026-08-21 12:46:47.976,1,EMA8,DEV,TARGET,708
R4_TAIL2_4,34903,2026-08-21 12:59:47.160,-1,PIN,DEV,TARGET,1261
R4_TAIL2_4,34904,2026-08-21 12:59:50.592,-1,PIN,DEV,STOP,4138
R4_TAIL2_4,36374,2026-08-24 06:31:00.224,-1,PIN,HOLD,TARGET,419
R4_TAIL2_4,36375,2026-08-24 06:31:01.220,-1,PIN,HOLD,TARGET,1
R4_TAIL2_4,36376,2026-08-24 06:31:01.884,-1,PIN,HOLD,STOP,2327
R4_TAIL2_4,36386,2026-08-24 06:31:30.052,-1,EMA24,HOLD,STOP,2799
R4_TAIL2_4,36406,2026-08-24 06:33:02.916,-1,PIN7,HOLD,TARGET,1308
R4_TAIL2_4,36410,2026-08-24 06:33:28.304,-1,PIN,HOLD,STOP,3286
R4_TAIL2_4,36417,2026-08-24 06:34:02.052,-1,EMA8,HOLD,TARGET,14249
R4_TAIL2_4,36420,2026-08-24 06:34:42.624,-1,EMA24,HOLD,TARGET,588
R4_TAIL2_4,36512,2026-08-24 06:42:32.720,-1,PIN7,HOLD,TARGET,517
R4_TAIL2_4,36513,2026-08-24 06:42:34.992,-1,PIN7,HOLD,TARGET,446
R4_TAIL2_4,36516,2026-08-24 06:42:55.912,-1,PIN,HOLD,TARGET,1887
R4_TAIL2_4,36517,2026-08-24 06:43:02.584,-1,PIN,HOLD,TARGET,4593
R4_TAIL2_4,36524,2026-08-24 06:43:32.888,-1,EMA8,HOLD,TARGET,2827
R4_TAIL2_4,36526,2026-08-24 06:43:42.084,-1,EMA8,HOLD,TARGET,8522
R4_TAIL2_4,36528,2026-08-24 06:43:59.548,-1,EMA8,HOLD,TARGET,5238
R4_TAIL2_4,36723,2026-08-24 07:02:55.976,-1,EMA8,HOLD,TARGET,2471
R4_TAIL2_4,36726,2026-08-24 07:03:32.312,-1,EMA8,HOLD,TARGET,1426
R4_TAIL2_4,36728,2026-08-24 07:03:39.644,-1,EMA8,HOLD,TARGET,83
R4_TAIL2_4,36770,2026-08-24 07:10:05.124,-1,EMA24,HOLD,TARGET,1418
R4_TAIL2_4,36782,2026-08-24 07:12:13.832,-1,PIN7,HOLD,TARGET,6586
R4_TAIL2_4,36783,2026-08-24 07:12:49.108,-1,PIN7,HOLD,TARGET,1750
R4_TAIL2_4,36784,2026-08-24 07:12:59.188,-1,PIN7,HOLD,STOP,6644
R4_TAIL2_4,36788,2026-08-24 07:13:53.564,-1,EMA50,HOLD,TARGET,2627
R4_TAIL2_4,36790,2026-08-24 07:14:06.472,-1,EMA50,HOLD,STOP,3446
R4_TAIL2_4,36816,2026-08-24 07:18:16.064,-1,PIN7,HOLD,STOP,8215
R4_TAIL2_4,36828,2026-08-24 07:20:21.504,1,PIN7,HOLD,TARGET,11659
R4_TAIL2_4,36834,2026-08-24 07:21:40.164,1,PIN7,HOLD,TARGET,2902
R4_TAIL2_4,36839,2026-08-24 07:22:33.024,1,EMA8,HOLD,TARGET,895
R4_TAIL2_4,36860,2026-08-24 07:27:35.920,-1,EMA8,HOLD,STOP,10505
R4_TAIL2_4,36886,2026-08-24 07:32:20.372,1,EMA8,HOLD,TARGET,3129
R4_TAIL2_4,36889,2026-08-24 07:33:02.136,1,EMA8,HOLD,TARGET,4595
R4_TAIL2_4,36894,2026-08-24 07:34:50.636,1,EMA8,HOLD,TARGET,3101
R4_TAIL2_4,36896,2026-08-24 07:35:11.420,1,EMA8,HOLD,TARGET,12149
R4_TAIL2_4,36902,2026-08-24 07:36:25.560,1,EMA8,HOLD,TARGET,293
R4_TAIL2_4,36917,2026-08-24 07:38:58.140,1,EMA24,HOLD,STOP,10721
R4_TAIL2_4,36925,2026-08-24 07:40:36.860,1,EMA50,HOLD,TARGET,772
R4_TAIL2_4,36931,2026-08-24 07:41:55.644,1,PIN7,HOLD,STOP,4290
R4_TAIL2_4,36935,2026-08-24 07:43:21.972,1,EMA24,HOLD,STOP,3031
R4_TAIL2_4,36963,2026-08-24 07:50:03.048,1,PIN7,HOLD,STOP,2048
R4_TAIL2_4,37474,2026-08-24 11:07:10.024,1,PIN7,HOLD,TARGET,5789
R4_TAIL2_4,37484,2026-08-24 11:14:21.112,1,PIN7,HOLD,TARGET,306
R4_TAIL2_4,37487,2026-08-24 11:15:47.272,1,PIN,HOLD,TARGET,2540
R4_TAIL2_4,37499,2026-08-24 11:21:59.624,1,PIN7,HOLD,TARGET,180
R4_TAIL2_4,37511,2026-08-24 11:30:01.540,1,PIN7,HOLD,TARGET,1697
R4_TAIL2_4,37512,2026-08-24 11:30:16.068,1,PIN7,HOLD,TARGET,400
R4_TAIL2_4,37516,2026-08-24 11:30:55.968,1,EMA8,HOLD,STOP,4047
R4_TAIL2_4,37555,2026-08-24 12:00:57.100,-1,PIN7,HOLD,TARGET,461
R4_TAIL2_4,37558,2026-08-24 12:03:08.216,-1,EMA8,HOLD,TARGET,676
R4_TAIL2_4,37594,2026-08-24 12:34:42.380,-1,PIN7,HOLD,TARGET,913
R4_TAIL2_4,37602,2026-08-24 12:44:49.404,-1,EMA8,HOLD,TARGET,5508
R4_TAIL2_4,37621,2026-08-24 12:51:50.296,-1,PIN7,HOLD,TARGET,659
R4_TAIL2_4,37622,2026-08-24 12:52:02.012,-1,PIN7,HOLD,TARGET,472
R4_TAIL2_4,37639,2026-08-24 12:55:47.452,-1,EMA50,HOLD,STOP,2634
R4_TAIL2_4,38741,2026-08-25 06:31:53.524,-1,EMA24,HOLD,STOP,3066
R4_TAIL2_4,38771,2026-08-25 06:34:56.704,1,PIN7,HOLD,STOP,3566
R4_TAIL2_4,38784,2026-08-25 06:36:09.888,1,EMA50,HOLD,STOP,3844
R4_TAIL2_4,38801,2026-08-25 06:37:53.456,1,PIN7,HOLD,STOP,11074
R4_TAIL2_4,38806,2026-08-25 06:38:55.572,-1,PIN7,HOLD,TARGET,2458
R4_TAIL2_4,38841,2026-08-25 06:43:28.436,-1,PIN7,HOLD,TARGET,910
R4_TAIL2_4,38849,2026-08-25 06:44:36.380,-1,EMA24,HOLD,STOP,5669
R4_TAIL2_4,38851,2026-08-25 06:44:54.416,-1,EMA24+EMA50,HOLD,STOP,3728
R4_TAIL2_4,38976,2026-08-25 07:04:18.744,-1,PIN7,HOLD,STOP,7147
R4_TAIL2_4,39014,2026-08-25 07:15:27.088,-1,PIN7,HOLD,STOP,3138
R4_TAIL2_4,39041,2026-08-25 07:23:18.988,-1,PIN7,HOLD,TARGET,5234
R4_TAIL2_4,39048,2026-08-25 07:25:39.280,-1,EMA24,HOLD,TARGET,2511
R4_TAIL2_4,39052,2026-08-25 07:27:16.812,-1,EMA24,HOLD,TARGET,9916
R4_TAIL2_4,39057,2026-08-25 07:29:28.572,-1,PIN7,HOLD,TARGET,1327
R4_TAIL2_4,39059,2026-08-25 07:30:02.060,-1,PIN,HOLD,TARGET,3427
R4_TAIL2_4,39060,2026-08-25 07:30:24.248,-1,PIN,HOLD,TARGET,385
R4_TAIL2_4,39076,2026-08-25 07:30:28.400,-1,EMA8,HOLD,TARGET,1
R4_TAIL2_4,39078,2026-08-25 07:30:28.516,-1,EMA8,HOLD,TARGET,1
R4_TAIL2_4,39087,2026-08-25 07:30:29.104,-1,EMA8,HOLD,TARGET,1
R4_TAIL2_4,39090,2026-08-25 07:30:29.268,-1,PIN,HOLD,STOP,491
R4_TAIL2_4,39094,2026-08-25 07:30:29.916,-1,EMA8,HOLD,STOP,449
R4_TAIL2_4,39133,2026-08-25 07:30:38.196,1,EMA24,HOLD,TARGET,831
R4_TAIL2_4,39144,2026-08-25 07:30:46.996,1,EMA24,HOLD,TARGET,1154
R4_TAIL2_4,39158,2026-08-25 07:31:45.208,1,PIN7,HOLD,TARGET,5484
R4_TAIL2_4,39159,2026-08-25 07:31:52.284,1,PIN7,HOLD,TARGET,3920
R4_TAIL2_4,39170,2026-08-25 07:33:23.188,1,EMA24,HOLD,TARGET,1685
R4_TAIL2_4,39172,2026-08-25 07:33:32.780,1,EMA24,HOLD,TARGET,1367
R4_TAIL2_4,39195,2026-08-25 07:39:06.428,1,PIN7,HOLD,TARGET,1107
R4_TAIL2_4,39214,2026-08-25 07:45:01.616,-1,EMA8,HOLD,TARGET,683
R4_TAIL2_4,39216,2026-08-25 07:45:13.736,-1,EMA8,HOLD,STOP,11222
R4_TAIL2_4,39218,2026-08-25 07:45:41.228,-1,EMA8,HOLD,STOP,7186
R4_TAIL2_4,39220,2026-08-25 07:46:02.124,-1,EMA8,HOLD,STOP,4677
R4_TAIL2_4,39224,2026-08-25 07:46:38.044,-1,EMA50,HOLD,TARGET,530
R4_TAIL2_4,39600,2026-08-25 11:07:42.020,-1,EMA50,HOLD,TARGET,1573
R4_TAIL2_4,39608,2026-08-25 11:16:39.816,-1,PIN7,HOLD,STOP,7722
R4_TAIL2_4,39612,2026-08-25 11:23:13.512,-1,EMA50,HOLD,TARGET,2985
R4_TAIL2_4,39627,2026-08-25 11:41:28.040,1,EMA8,HOLD,TARGET,2007
R4_TAIL2_4,39630,2026-08-25 11:45:05.896,1,PIN,HOLD,TARGET,1280
R4_TAIL2_4,39631,2026-08-25 11:45:29.836,1,PIN,HOLD,TARGET,240
R4_TAIL2_4,39639,2026-08-25 11:52:10.996,1,EMA8,HOLD,STOP,7974
R4_TAIL2_4,39696,2026-08-25 12:53:09.972,1,PIN7,HOLD,TARGET,1783
R4_TAIL2_4,39710,2026-08-25 12:56:38.320,1,EMA24,HOLD,TARGET,491
R4_TAIL2_4,39715,2026-08-25 12:58:00.072,1,EMA8,HOLD,STOP,8490
R4_TAIL2_4,40700,2026-08-26 06:31:31.176,1,PIN7,HOLD,TARGET,6763
R4_TAIL2_4,40710,2026-08-26 06:32:06.848,1,PIN,HOLD,STOP,7539
R4_TAIL2_4,40732,2026-08-26 06:34:06.808,1,PIN7,HOLD,TARGET,3355
R4_TAIL2_4,40733,2026-08-26 06:34:19.780,1,PIN7,HOLD,TARGET,509
R4_TAIL2_4,40737,2026-08-26 06:34:39.980,1,EMA8,HOLD,TARGET,1537
R4_TAIL2_4,40758,2026-08-26 06:36:02.508,-1,EMA8,HOLD,TARGET,7388
R4_TAIL2_4,40771,2026-08-26 06:36:40.796,-1,EMA50,HOLD,STOP,3481
R4_TAIL2_4,40781,2026-08-26 06:37:32.940,1,PIN7,HOLD,STOP,2693
R4_TAIL2_4,40795,2026-08-26 06:39:25.244,1,EMA24,HOLD,TARGET,2588
R4_TAIL2_4,40826,2026-08-26 06:43:05.556,1,PIN7,HOLD,TARGET,5938
R4_TAIL2_4,40840,2026-08-26 06:43:35.632,1,EMA8,HOLD,TARGET,9832
R4_TAIL2_4,40987,2026-08-26 07:15:26.416,-1,EMA8,HOLD,TARGET,370
R4_TAIL2_4,40989,2026-08-26 07:16:09.796,-1,PIN7,HOLD,STOP,11015
R4_TAIL2_4,41007,2026-08-26 07:22:16.728,-1,PIN7,HOLD,TARGET,655
R4_TAIL2_4,41023,2026-08-26 07:26:08.448,-1,PIN,HOLD,TARGET,2180
R4_TAIL2_4,41024,2026-08-26 07:26:18.648,-1,PIN,HOLD,TARGET,8311
R4_TAIL2_4,41039,2026-08-26 07:29:42.916,-1,EMA24,HOLD,TARGET,2406
R4_TAIL2_4,41049,2026-08-26 07:32:17.072,-1,EMA24,HOLD,STOP,14727
R4_TAIL2_4,41100,2026-08-26 07:49:49.832,1,PIN7,HOLD,TARGET,1024
R4_TAIL2_4,41115,2026-08-26 07:55:45.556,1,EMA24,HOLD,TARGET,674
R4_TAIL2_4,41492,2026-08-26 11:05:23.532,1,EMA50,HOLD,TARGET,4267
R4_TAIL2_4,41540,2026-08-26 11:52:15.044,1,EMA8,HOLD,TARGET,1358
R4_TAIL2_4,41551,2026-08-26 12:00:31.376,1,EMA8,HOLD,TARGET,396
R4_TAIL2_4,41558,2026-08-26 12:02:02.552,1,EMA8,HOLD,TARGET,235
R4_TAIL2_4,41565,2026-08-26 12:04:56.364,1,PIN7,HOLD,STOP,5724
R4_TAIL2_4,41598,2026-08-26 12:29:39.560,1,EMA50,HOLD,STOP,14470
R4_TAIL2_4,41625,2026-08-26 12:49:55.364,1,PIN7,HOLD,TARGET,371
R4_TAIL2_4,41650,2026-08-26 12:55:00.120,-1,EMA8,HOLD,TARGET,1774
R4_TAIL2_4,41652,2026-08-26 12:55:05.364,-1,EMA8,HOLD,TARGET,291
R4_TAIL2_4,41667,2026-08-26 12:58:45.512,-1,PIN,HOLD,TARGET,1628
R4_TAIL2_4,41671,2026-08-26 12:59:08.340,-1,PIN7,HOLD,TARGET,3519
R4_TAIL2_4,43121,2026-08-27 06:31:41.968,-1,EMA8,HOLD,TARGET,516
R4_TAIL2_4,43127,2026-08-27 06:31:59.260,-1,PIN,HOLD,TARGET,1081
R4_TAIL2_4,43171,2026-08-27 06:34:06.324,-1,PIN7,HOLD,TARGET,2992
R4_TAIL2_4,43172,2026-08-27 06:34:13.212,-1,PIN7,HOLD,TARGET,740
R4_TAIL2_4,43174,2026-08-27 06:34:23.472,-1,PIN7,HOLD,TARGET,446
R4_TAIL2_4,43178,2026-08-27 06:34:32.404,-1,EMA8,HOLD,TARGET,69
R4_TAIL2_4,43180,2026-08-27 06:34:49.428,-1,PIN7,HOLD,STOP,2599
R4_TAIL2_4,43186,2026-08-27 06:35:17.484,-1,PIN7,HOLD,STOP,4901
R4_TAIL2_4,43189,2026-08-27 06:35:24.176,-1,EMA8,HOLD,STOP,4506
R4_TAIL2_4,43245,2026-08-27 06:39:51.720,1,PIN7,HOLD,TARGET,69
R4_TAIL2_4,43252,2026-08-27 06:40:21.108,1,EMA8,HOLD,TARGET,3690
R4_TAIL2_4,43254,2026-08-27 06:40:31.812,1,EMA8,HOLD,TARGET,626
R4_TAIL2_4,43257,2026-08-27 06:40:57.380,1,EMA8,HOLD,TARGET,2056
R4_TAIL2_4,43259,2026-08-27 06:41:05.276,1,EMA8,HOLD,TARGET,19
R4_TAIL2_4,43261,2026-08-27 06:41:07.696,1,PIN7,HOLD,TARGET,1327
R4_TAIL2_4,43526,2026-08-27 07:00:08.268,1,EMA8,HOLD,TARGET,1376
R4_TAIL2_4,43533,2026-08-27 07:00:27.048,1,EMA50,HOLD,TARGET,1797
R4_TAIL2_4,43548,2026-08-27 07:01:29.612,1,PIN7,HOLD,TARGET,119
R4_TAIL2_4,43555,2026-08-27 07:01:53.256,1,EMA24,HOLD,TARGET,634
R4_TAIL2_4,43567,2026-08-27 07:02:37.956,1,EMA50,HOLD,TARGET,1412
R4_TAIL2_4,43569,2026-08-27 07:02:41.148,1,EMA50,HOLD,TARGET,71
R4_TAIL2_4,43576,2026-08-27 07:03:21.268,1,EMA50,HOLD,TARGET,2937
R4_TAIL2_4,43578,2026-08-27 07:03:30.188,1,EMA50,HOLD,TARGET,733
R4_TAIL2_4,43584,2026-08-27 07:03:57.584,1,PIN7,HOLD,TARGET,246
R4_TAIL2_4,43591,2026-08-27 07:04:47.756,1,EMA24,HOLD,TARGET,4472
R4_TAIL2_4,43600,2026-08-27 07:05:51.280,1,EMA8,HOLD,STOP,4322
R4_TAIL2_4,43614,2026-08-27 07:06:52.708,-1,PIN7,HOLD,TARGET,1485
R4_TAIL2_4,43615,2026-08-27 07:06:56.912,-1,PIN7,HOLD,TARGET,1016
R4_TAIL2_4,43664,2026-08-27 07:11:32.128,1,EMA8,HOLD,TARGET,46
R4_TAIL2_4,43669,2026-08-27 07:12:02.796,1,EMA8,HOLD,TARGET,1336
R4_TAIL2_4,43739,2026-08-27 07:24:48.248,1,EMA50,HOLD,TARGET,338
R4_TAIL2_4,43751,2026-08-27 07:26:51.536,1,PIN7,HOLD,TARGET,1595
R4_TAIL2_4,43756,2026-08-27 07:27:33.176,1,PIN,HOLD,STOP,7219
R4_TAIL2_4,43762,2026-08-27 07:29:11.616,1,EMA24,HOLD,TARGET,5041
R4_TAIL2_4,43796,2026-08-27 07:35:43.688,1,PIN7,HOLD,TARGET,1102
R4_TAIL2_4,43801,2026-08-27 07:37:08.296,1,PIN7,HOLD,TARGET,927
R4_TAIL2_4,43858,2026-08-27 07:48:44.048,1,PIN7,HOLD,TARGET,1040
R4_TAIL2_4,43863,2026-08-27 07:49:41.584,1,PIN,HOLD,TARGET,7527
R4_TAIL2_4,43909,2026-08-27 07:59:56.632,1,EMA8,HOLD,TARGET,965
R4_TAIL2_4,44280,2026-08-27 11:00:34.008,-1,EMA24,HOLD,TARGET,1355
R4_TAIL2_4,44295,2026-08-27 11:03:29.000,-1,EMA8,HOLD,TARGET,3514
R4_TAIL2_4,44300,2026-08-27 11:04:44.752,-1,PIN7,HOLD,TARGET,1840
R4_TAIL2_4,44310,2026-08-27 11:09:01.308,-1,EMA8,HOLD,TARGET,298
R4_TAIL2_4,44360,2026-08-27 11:25:21.844,-1,PIN7,HOLD,TARGET,746
R4_TAIL2_4,44365,2026-08-27 11:27:10.784,-1,PIN,HOLD,TARGET,575
R4_TAIL2_4,44367,2026-08-27 11:27:52.584,-1,PIN,HOLD,TARGET,496
R4_TAIL2_4,44377,2026-08-27 11:29:48.384,-1,PIN7,HOLD,STOP,1270
R4_TAIL2_4,44384,2026-08-27 11:30:30.372,-1,EMA24,HOLD,STOP,5131
R4_TAIL2_4,44398,2026-08-27 11:34:00.004,-1,PIN7,HOLD,STOP,14411
R4_TAIL2_4,44399,2026-08-27 11:34:16.356,-1,PIN7,HOLD,STOP,4387
R4_TAIL2_4,44402,2026-08-27 11:35:21.592,-1,EMA24,HOLD,TARGET,2328
R4_TAIL2_4,44441,2026-08-27 11:52:33.372,-1,EMA8,HOLD,TARGET,5849
R4_TAIL2_4,44443,2026-08-27 11:53:30.560,-1,EMA8,HOLD,TARGET,1786
R4_TAIL2_4,44446,2026-08-27 11:55:08.696,-1,PIN7,HOLD,TARGET,487
R4_TAIL2_4,44447,2026-08-27 11:55:12.484,-1,PIN7,HOLD,STOP,3297
R4_TAIL2_4,44475,2026-08-27 12:05:14.160,1,PIN,HOLD,STOP,1573
R4_TAIL2_4,44491,2026-08-27 12:10:24.380,1,PIN7,HOLD,STOP,5275
R4_TAIL2_4,44535,2026-08-27 12:31:47.080,1,PIN7,HOLD,TARGET,861
R4_TAIL2_4,44540,2026-08-27 12:35:18.928,1,PIN7,HOLD,TARGET,1497
R4_TAIL2_4,44546,2026-08-27 12:39:16.088,1,EMA8,HOLD,TARGET,2259
R4_TAIL2_4,44554,2026-08-27 12:45:56.308,1,EMA8,HOLD,TARGET,756
R4_TAIL2_4,44557,2026-08-27 12:47:37.344,1,EMA8,HOLD,STOP,8895
R4_TAIL2_4,44559,2026-08-27 12:48:10.648,1,EMA8,HOLD,TARGET,1178
R4_TAIL2_4,44566,2026-08-27 12:50:24.284,1,EMA50,HOLD,TARGET,3265
R4_TAIL2_4,44574,2026-08-27 12:52:40.024,1,PIN7,HOLD,TARGET,989
R4_TAIL2_4,44579,2026-08-27 12:53:47.852,1,EMA8,HOLD,TARGET,1606
R4_TAIL2_4,44581,2026-08-27 12:54:10.012,1,EMA8,HOLD,TARGET,1362
R4_TAIL2_4,44583,2026-08-27 12:54:37.872,1,PIN7,HOLD,TARGET,771
R4_TAIL2_4,45251,2026-08-28 06:31:30.636,-1,PIN7,HOLD,TARGET,12165
R4_TAIL2_4,45300,2026-08-28 06:36:40.012,1,PIN7,HOLD,TARGET,5332
R4_TAIL2_4,45310,2026-08-28 06:38:05.156,1,EMA24,HOLD,TARGET,18701
R4_TAIL2_4,45312,2026-08-28 06:38:16.532,1,EMA24,HOLD,TARGET,13170
R4_TAIL2_4,45318,2026-08-28 06:39:12.764,1,EMA50,HOLD,TARGET,971
R4_TAIL2_4,45331,2026-08-28 06:41:17.036,1,PIN,HOLD,TARGET,3905
R4_TAIL2_4,45332,2026-08-28 06:41:35.128,1,PIN,HOLD,STOP,3143
R4_TAIL2_4,45470,2026-08-28 07:00:00.264,-1,EMA8,HOLD,NONE,0
R4_TAIL2_4,45475,2026-08-28 07:00:00.456,-1,EMA24,HOLD,NONE,0
R4_TAIL2_4,45477,2026-08-28 07:00:00.488,-1,EMA24,HOLD,NONE,0
R4_TAIL2_4,45603,2026-08-28 07:00:04.404,1,PIN7,HOLD,TARGET,1
R4_TAIL2_4,45610,2026-08-28 07:00:05.608,1,EMA24,HOLD,STOP,988
R4_TAIL2_4,45615,2026-08-28 07:00:08.136,1,EMA50,HOLD,STOP,564
R4_TAIL2_4,45635,2026-08-28 07:00:16.320,1,PIN,HOLD,TARGET,950
R4_TAIL2_4,45650,2026-08-28 07:00:22.028,1,EMA8,HOLD,TARGET,89
R4_TAIL2_4,45665,2026-08-28 07:00:29.052,1,EMA50,HOLD,TARGET,1673
R4_TAIL2_4,45677,2026-08-28 07:00:39.700,1,PIN7,HOLD,TARGET,297
R4_TAIL2_4,45688,2026-08-28 07:00:50.764,1,EMA50,HOLD,TARGET,802
R4_TAIL2_4,45703,2026-08-28 07:01:20.612,-1,EMA8,HOLD,TARGET,131
R4_TAIL2_4,45708,2026-08-28 07:01:30.748,-1,EMA8,HOLD,TARGET,251
R4_TAIL2_4,45711,2026-08-28 07:01:33.380,-1,EMA8,HOLD,TARGET,2199
R4_TAIL2_4,45715,2026-08-28 07:01:39.960,-1,PIN7,HOLD,TARGET,1231
R4_TAIL2_4,45716,2026-08-28 07:01:41.780,-1,PIN7,HOLD,TARGET,1
R4_TAIL2_4,45719,2026-08-28 07:01:47.636,-1,EMA8,HOLD,TARGET,5024
R4_TAIL2_4,45722,2026-08-28 07:01:51.760,-1,EMA8,HOLD,TARGET,1341
R4_TAIL2_4,45731,2026-08-28 07:02:14.176,-1,EMA50,HOLD,TARGET,426
R4_TAIL2_4,45737,2026-08-28 07:02:23.372,-1,PIN7,HOLD,TARGET,354
R4_TAIL2_4,45738,2026-08-28 07:02:24.808,-1,PIN7,HOLD,TARGET,1613
R4_TAIL2_4,45739,2026-08-28 07:02:28.228,-1,PIN7,HOLD,TARGET,1
R4_TAIL2_4,45741,2026-08-28 07:02:35.064,-1,PIN,HOLD,STOP,1548
R4_TAIL2_4,45779,2026-08-28 07:03:51.080,-1,EMA8,HOLD,TARGET,1224
R4_TAIL2_4,45788,2026-08-28 07:04:17.176,-1,EMA8,HOLD,TARGET,195
R4_TAIL2_4,45801,2026-08-28 07:04:38.628,-1,EMA50,HOLD,TARGET,875
R4_TAIL2_4,45815,2026-08-28 07:05:21.524,-1,PIN7,HOLD,STOP,3960
R4_TAIL2_4,45816,2026-08-28 07:05:23.772,-1,PIN7,HOLD,STOP,1993
R4_TAIL2_4,45839,2026-08-28 07:06:29.912,-1,PIN7,HOLD,TARGET,1743
R4_TAIL2_4,45840,2026-08-28 07:06:33.308,-1,PIN,HOLD,STOP,8098
R4_TAIL2_4,45848,2026-08-28 07:07:01.396,-1,EMA24,HOLD,TARGET,805
R4_TAIL2_4,45854,2026-08-28 07:07:12.536,-1,EMA8,HOLD,TARGET,685
R4_TAIL2_4,45895,2026-08-28 07:09:35.532,1,PIN7,HOLD,STOP,1034
R4_TAIL2_4,45913,2026-08-28 07:10:27.596,-1,EMA8,HOLD,TARGET,6005
R4_TAIL2_4,45915,2026-08-28 07:10:38.328,-1,EMA50,HOLD,TARGET,420
R4_TAIL2_4,45918,2026-08-28 07:10:46.432,-1,PIN7,HOLD,TARGET,2912
R4_TAIL2_4,45926,2026-08-28 07:11:34.488,-1,PIN7,HOLD,TARGET,4664
R4_TAIL2_4,45927,2026-08-28 07:11:36.308,-1,PIN7,HOLD,TARGET,5612
R4_TAIL2_4,45937,2026-08-28 07:12:14.536,-1,EMA8,HOLD,TARGET,1981
R4_TAIL2_4,45949,2026-08-28 07:13:08.652,-1,PIN7,HOLD,TARGET,2995
R4_TAIL2_4,45950,2026-08-28 07:13:17.536,-1,PIN7,HOLD,TARGET,253
R4_TAIL2_4,45953,2026-08-28 07:13:31.356,-1,PIN,HOLD,TARGET,3215
R4_TAIL2_4,45954,2026-08-28 07:13:43.040,-1,PIN,HOLD,TARGET,2294
R4_TAIL2_4,45959,2026-08-28 07:14:03.664,-1,EMA8,HOLD,TARGET,1492
R4_TAIL2_4,45967,2026-08-28 07:14:34.004,-1,EMA50,HOLD,TARGET,2830
R4_TAIL2_4,45998,2026-08-28 07:16:23.452,1,PIN7,HOLD,TARGET,103
R4_TAIL2_4,46002,2026-08-28 07:16:36.620,1,EMA8,HOLD,TARGET,7602
R4_TAIL2_4,46018,2026-08-28 07:17:33.652,1,PIN7,HOLD,TARGET,3442
R4_TAIL2_4,46019,2026-08-28 07:17:42.728,1,PIN7,HOLD,TARGET,1141
R4_TAIL2_4,46020,2026-08-28 07:17:47.872,1,PIN7,HOLD,TARGET,3498
R4_TAIL2_4,46021,2026-08-28 07:17:58.876,1,PIN,HOLD,TARGET,2672
R4_TAIL2_4,46022,2026-08-28 07:18:09.800,1,PIN,HOLD,TARGET,1156
R4_TAIL2_4,46026,2026-08-28 07:18:28.956,1,EMA8,HOLD,TARGET,1128
R4_TAIL2_4,46041,2026-08-28 07:19:41.572,1,EMA8,HOLD,TARGET,10784
R4_TAIL2_4,46047,2026-08-28 07:20:05.040,1,EMA24,HOLD,TARGET,3174
R4_TAIL2_4,46056,2026-08-28 07:20:43.908,1,EMA8,HOLD,TARGET,15056
R4_TAIL2_4,46068,2026-08-28 07:21:44.644,1,PIN7,HOLD,STOP,9372
R4_TAIL2_4,46102,2026-08-28 07:24:24.868,-1,PIN7,HOLD,TARGET,306
R4_TAIL2_4,46129,2026-08-28 07:26:09.412,-1,PIN7,HOLD,TARGET,451
R4_TAIL2_4,46134,2026-08-28 07:26:25.052,-1,EMA8,HOLD,STOP,4730
R4_TAIL2_4,46167,2026-08-28 07:28:56.840,-1,EMA50,HOLD,TARGET,63
R4_TAIL2_4,46220,2026-08-28 07:31:30.848,1,PIN7,HOLD,TARGET,1441
R4_TAIL2_4,46221,2026-08-28 07:31:33.824,1,PIN7,HOLD,TARGET,1288
R4_TAIL2_4,46253,2026-08-28 07:33:53.056,1,PIN,HOLD,TARGET,1745
R4_TAIL2_4,46254,2026-08-28 07:34:02.952,1,PIN,HOLD,TARGET,1665
R4_TAIL2_4,46255,2026-08-28 07:34:08.152,1,PIN,HOLD,TARGET,89
R4_TAIL2_4,46266,2026-08-28 07:35:07.824,1,EMA8,HOLD,TARGET,5425
R4_TAIL2_4,46268,2026-08-28 07:35:21.168,1,EMA8,HOLD,TARGET,2568
R4_TAIL2_4,46276,2026-08-28 07:36:10.340,1,EMA8,HOLD,TARGET,1184
R4_TAIL2_4,46278,2026-08-28 07:36:19.732,1,PIN7,HOLD,STOP,1414
R4_TAIL2_4,46284,2026-08-28 07:36:42.840,1,EMA24,HOLD,TARGET,1367
R4_TAIL2_4,46301,2026-08-28 07:38:49.068,1,EMA24,HOLD,TARGET,197
R4_TAIL2_4,46312,2026-08-28 07:40:11.892,1,EMA50,HOLD,TARGET,2877
R4_TAIL2_4,46315,2026-08-28 07:40:45.828,1,PIN7,HOLD,TARGET,279
R4_TAIL2_4,46322,2026-08-28 07:41:41.332,1,EMA8,HOLD,TARGET,9624
R4_TAIL2_4,46326,2026-08-28 07:42:16.748,1,EMA24,HOLD,TARGET,3108
R4_TAIL2_4,46339,2026-08-28 07:43:52.820,1,EMA8,HOLD,TARGET,795
R4_TAIL2_4,46346,2026-08-28 07:44:42.016,1,PIN,HOLD,STOP,16824
R4_TAIL2_4,46364,2026-08-28 07:46:37.404,1,PIN7,HOLD,TARGET,2221
R4_TAIL2_4,46365,2026-08-28 07:46:46.916,1,PIN7,HOLD,TARGET,7248
R4_TAIL2_4,46368,2026-08-28 07:47:08.900,1,EMA8,HOLD,TARGET,2257
R4_TAIL2_4,46378,2026-08-28 07:47:59.528,1,EMA24,HOLD,TARGET,3219
R4_TAIL2_4,46391,2026-08-28 07:50:12.440,1,PIN7,HOLD,TARGET,2939
R4_TAIL2_4,46392,2026-08-28 07:50:25.312,1,PIN7,HOLD,TARGET,416
R4_TAIL2_4,46394,2026-08-28 07:50:38.600,1,PIN,HOLD,STOP,9391
R4_TAIL2_4,46395,2026-08-28 07:50:45.104,1,PIN,HOLD,STOP,7359
R4_TAIL2_4,46401,2026-08-28 07:51:46.404,1,EMA24,HOLD,TARGET,1765
R4_TAIL2_4,46410,2026-08-28 07:53:12.188,1,EMA8,HOLD,TARGET,387
R4_TAIL2_4,46413,2026-08-28 07:53:46.544,1,PIN7,HOLD,TARGET,1340
R4_TAIL2_4,46415,2026-08-28 07:54:02.284,1,PIN,HOLD,TARGET,2077
R4_TAIL2_4,46419,2026-08-28 07:55:08.600,1,EMA8,HOLD,TARGET,8543
R4_TAIL2_4,46421,2026-08-28 07:55:37.956,1,EMA8,HOLD,TARGET,2892
R4_TAIL2_4,46423,2026-08-28 07:55:46.180,1,EMA8,HOLD,TARGET,762
R4_TAIL2_4,46430,2026-08-28 07:56:48.556,1,EMA8,HOLD,TARGET,737
R4_TAIL2_4,46437,2026-08-28 07:58:24.828,1,EMA8,HOLD,TARGET,7059
R4_TAIL2_4,46439,2026-08-28 07:59:00.792,1,EMA8,HOLD,TARGET,2533
R4_TAIL2_4,46441,2026-08-28 07:59:09.824,1,EMA8,HOLD,TARGET,1044
R4_TAIL2_4,47693,2026-08-28 11:00:22.164,1,PIN7,HOLD,STOP,5388
R4_TAIL2_4,47694,2026-08-28 11:00:43.096,1,PIN7,HOLD,STOP,1618
R4_TAIL2_4,47810,2026-08-28 11:32:10.076,-1,EMA50,HOLD,TARGET,2627
R4_TAIL2_4,47863,2026-08-28 11:50:25.108,-1,PIN,HOLD,TARGET,314
R4_TAIL2_4,47927,2026-08-28 12:11:36.884,1,EMA8,HOLD,STOP,13154
R4_TAIL2_4,47933,2026-08-28 12:14:26.780,1,EMA50,HOLD,TARGET,738
R4_TAIL2_4,47945,2026-08-28 12:20:45.040,1,PIN7,HOLD,TARGET,2296
R4_TAIL2_4,47949,2026-08-28 12:22:02.844,1,EMA8,HOLD,STOP,7093
R4_TAIL2_4,47993,2026-08-28 12:39:48.648,1,PIN7,HOLD,TARGET,1439
R4_TAIL2_4,47998,2026-08-28 12:41:48.396,1,EMA8,HOLD,TARGET,6748
R4_TAIL2_4,48000,2026-08-28 12:42:19.484,1,EMA8,HOLD,TARGET,4974
R4_TAIL2_4,48002,2026-08-28 12:43:27.180,1,EMA8,HOLD,TARGET,1455
R4_TAIL2_4,48019,2026-08-28 12:48:15.304,-1,PIN7,HOLD,STOP,7150
R4_TAIL2_4,48026,2026-08-28 12:50:00.044,-1,EMA50,HOLD,STOP,1
R4_TAIL2_4,48028,2026-08-28 12:50:00.044,-1,EMA50,HOLD,STOP,1
R4_TAIL2_4,48030,2026-08-28 12:50:00.048,-1,EMA50,HOLD,STOP,1
R4_TAIL2_4,48032,2026-08-28 12:50:00.048,-1,EMA50,HOLD,STOP,1
R4_TAIL2_4,48082,2026-08-28 12:56:40.012,1,PIN7,HOLD,TARGET,2690
R4_TAIL2_4,48083,2026-08-28 12:57:14.248,1,PIN7,HOLD,TARGET,160
R4_TAIL2_4,48120,2026-08-28 12:59:58.060,-1,EMA8,HOLD,STOP,1688
R4_TAIL2_4,49677,2026-08-31 06:34:54.836,-1,EMA8,HOLD,TARGET,1371
R4_TAIL2_4,49682,2026-08-31 06:35:08.636,-1,PIN,HOLD,TARGET,966
R4_TAIL2_4,49688,2026-08-31 06:35:30.924,-1,EMA8,HOLD,STOP,3934
R4_TAIL2_4,49697,2026-08-31 06:36:15.636,-1,EMA8,HOLD,STOP,4655
R4_TAIL2_4,49751,2026-08-31 06:40:21.344,1,PIN7,HOLD,TARGET,55
R4_TAIL2_4,49796,2026-08-31 06:44:32.760,-1,EMA8,HOLD,STOP,2976
R4_TAIL2_4,49968,2026-08-31 07:00:32.228,-1,EMA50,HOLD,TARGET,3981
R4_TAIL2_4,49978,2026-08-31 07:02:12.516,-1,PIN7,HOLD,TARGET,5661
R4_TAIL2_4,49981,2026-08-31 07:02:25.992,-1,EMA24,HOLD,TARGET,376
R4_TAIL2_4,49985,2026-08-31 07:03:19.204,-1,EMA8,HOLD,TARGET,4750
R4_TAIL2_4,50010,2026-08-31 07:06:49.416,-1,PIN7,HOLD,TARGET,517
R4_TAIL2_4,50026,2026-08-31 07:09:06.748,-1,EMA50,HOLD,TARGET,364
R4_TAIL2_4,50050,2026-08-31 07:13:26.836,-1,EMA50,HOLD,TARGET,1004
R4_TAIL2_4,50093,2026-08-31 07:21:45.320,1,PIN7,HOLD,STOP,7046
R4_TAIL2_4,50105,2026-08-31 07:24:45.664,-1,PIN,HOLD,TARGET,1341
R4_TAIL2_4,50107,2026-08-31 07:24:59.192,-1,PIN,HOLD,TARGET,695
R4_TAIL2_4,50109,2026-08-31 07:25:07.028,-1,PIN,HOLD,TARGET,8618
R4_TAIL2_4,50112,2026-08-31 07:25:53.364,-1,PIN,HOLD,STOP,4393
R4_TAIL2_4,50118,2026-08-31 07:26:57.972,-1,EMA8,HOLD,STOP,15907
R4_TAIL2_4,50185,2026-08-31 07:41:11.028,1,EMA8,HOLD,TARGET,973
R4_TAIL2_4,50190,2026-08-31 07:42:26.996,1,EMA8,HOLD,TARGET,381
R4_TAIL2_4,50192,2026-08-31 07:42:50.764,1,PIN7,HOLD,STOP,5931
R4_TAIL2_4,50251,2026-08-31 07:57:13.892,1,PIN,HOLD,TARGET,1433
R4_TAIL2_4,50763,2026-08-31 11:33:55.184,-1,PIN7,HOLD,TARGET,1988
R4_TAIL2_4,50764,2026-08-31 11:34:49.392,-1,PIN7,HOLD,TARGET,251
R4_TAIL2_4,50775,2026-08-31 11:38:19.020,-1,PIN,HOLD,TARGET,2302
R4_TAIL2_4,50776,2026-08-31 11:38:43.524,-1,PIN,HOLD,TARGET,207
R4_TAIL2_4,50780,2026-08-31 11:40:09.864,-1,EMA8,HOLD,TARGET,8021
R4_TAIL2_4,50798,2026-08-31 11:45:09.236,-1,EMA24,HOLD,TARGET,3884
R4_TAIL2_4,50839,2026-08-31 12:10:03.204,1,PIN7,HOLD,TARGET,9931
R4_TAIL2_4,50843,2026-08-31 12:12:01.472,1,EMA8,HOLD,TARGET,4464
R4_TAIL2_4,50845,2026-08-31 12:13:43.040,1,EMA8,HOLD,TARGET,775
R4_TAIL2_4,50849,2026-08-31 12:16:11.772,1,EMA8,HOLD,TARGET,15700
R4_TAIL2_4,50852,2026-08-31 12:18:55.180,1,EMA24,HOLD,TARGET,7495
R4_TAIL2_4,50859,2026-08-31 12:23:21.248,1,PIN7,HOLD,TARGET,707
R4_TAIL2_4,50876,2026-08-31 12:30:46.656,1,EMA24,HOLD,STOP,9652
R4_TAIL2_4,50886,2026-08-31 12:36:18.448,1,PIN7,HOLD,TARGET,425
R4_TAIL2_4,50895,2026-08-31 12:42:44.644,1,PIN,HOLD,TARGET,3096
R4_TAIL2_4,50897,2026-08-31 12:43:39.508,1,PIN,HOLD,TARGET,876
R4_TAIL2_4,50920,2026-08-31 12:50:00.316,1,PIN,HOLD,TARGET,433
R4_TAIL2_4,50921,2026-08-31 12:50:01.252,1,PIN,HOLD,TARGET,27
R4_TAIL2_4,50926,2026-08-31 12:50:05.016,1,PIN,HOLD,TARGET,338
R4_TAIL2_4,50927,2026-08-31 12:50:06.416,1,PIN,HOLD,STOP,2429
R4_TAIL2_4,50988,2026-08-31 12:59:19.024,1,PIN,HOLD,TARGET,515
R4_TAIL2_4,50989,2026-08-31 12:59:21.024,1,PIN,HOLD,STOP,3816
R4_TAIL2_4,51018,2026-08-31 12:59:55.520,-1,PIN7,HOLD,TARGET,620
R4_TAIL2_4,51024,2026-08-31 12:59:58.792,-1,PIN7,HOLD,STOP,756
R4_TAIL2_4,52429,2026-09-01 06:34:59.360,1,EMA24,HOLD,TARGET,2188
R4_TAIL2_4,52431,2026-09-01 06:35:02.400,1,EMA50,HOLD,TARGET,990
R4_TAIL2_4,52434,2026-09-01 06:35:15.024,1,PIN7,HOLD,TARGET,1144
R4_TAIL2_4,52435,2026-09-01 06:35:19.228,1,PIN7,HOLD,TARGET,1530
R4_TAIL2_4,52453,2026-09-01 06:37:09.096,1,EMA50,HOLD,TARGET,4845
R4_TAIL2_4,52481,2026-09-01 06:39:51.436,-1,EMA50,HOLD,TARGET,1875
R4_TAIL2_4,52487,2026-09-01 06:40:20.200,-1,EMA50,HOLD,TARGET,982
R4_TAIL2_4,52506,2026-09-01 06:42:03.320,-1,EMA24,HOLD,STOP,6235
R4_TAIL2_4,52659,2026-09-01 07:00:59.036,1,PIN7,HOLD,TARGET,427
R4_TAIL2_4,52660,2026-09-01 07:01:01.408,1,PIN7,HOLD,TARGET,1176
R4_TAIL2_4,52664,2026-09-01 07:01:38.968,1,PIN,HOLD,TARGET,382
R4_TAIL2_4,52665,2026-09-01 07:01:42.044,1,PIN,HOLD,STOP,7107
R4_TAIL2_4,52700,2026-09-01 07:07:20.032,1,PIN,HOLD,STOP,8416
R4_TAIL2_4,52703,2026-09-01 07:07:56.152,1,EMA8,HOLD,TARGET,194
R4_TAIL2_4,52712,2026-09-01 07:09:40.940,1,EMA8,HOLD,TARGET,846
R4_TAIL2_4,52719,2026-09-01 07:11:04.044,1,EMA8,HOLD,STOP,4919
R4_TAIL2_4,52745,2026-09-01 07:16:21.684,1,PIN,HOLD,TARGET,5581
R4_TAIL2_4,52762,2026-09-01 07:20:25.012,1,PIN7,HOLD,TARGET,4002
R4_TAIL2_4,52763,2026-09-01 07:21:02.780,1,PIN7,HOLD,TARGET,10574
R4_TAIL2_4,52768,2026-09-01 07:22:20.512,1,EMA8,HOLD,TARGET,241
R4_TAIL2_4,52802,2026-09-01 07:29:51.588,1,EMA50,HOLD,TARGET,1440
R4_TAIL2_4,52805,2026-09-01 07:30:20.184,1,PIN7,HOLD,TARGET,1403
R4_TAIL2_4,52815,2026-09-01 07:33:36.132,1,PIN7,HOLD,TARGET,3512
R4_TAIL2_4,52816,2026-09-01 07:34:09.432,1,PIN7,HOLD,STOP,9795
R4_TAIL2_4,52861,2026-09-01 07:47:54.652,1,PIN7,HOLD,TARGET,4291
R4_TAIL2_4,52884,2026-09-01 07:53:51.600,-1,EMA8,HOLD,TARGET,665
R4_TAIL2_4,52896,2026-09-01 07:59:32.044,-1,EMA8,HOLD,STOP,7389
R4_TAIL2_4,53538,2026-09-01 11:05:16.024,-1,PIN7,HOLD,TARGET,494
R4_TAIL2_4,53547,2026-09-01 11:10:04.320,-1,EMA50,HOLD,TARGET,2461
R4_TAIL2_4,53549,2026-09-01 11:10:35.396,-1,EMA50,HOLD,TARGET,333
R4_TAIL2_4,53553,2026-09-01 11:12:59.448,-1,EMA50,HOLD,TARGET,693
R4_TAIL2_4,53578,2026-09-01 11:25:46.520,-1,EMA8,HOLD,TARGET,4729
R4_TAIL2_4,53580,2026-09-01 11:26:44.444,-1,EMA50,HOLD,TARGET,1176
R4_TAIL2_4,53589,2026-09-01 11:31:36.172,-1,PIN7,HOLD,TARGET,368
R4_TAIL2_4,53591,2026-09-01 11:31:57.192,-1,PIN7,HOLD,STOP,2933
R4_TAIL2_4,53597,2026-09-01 11:34:13.560,-1,PIN7,HOLD,TARGET,1874
R4_TAIL2_4,53602,2026-09-01 11:36:57.100,-1,EMA8,HOLD,TARGET,596
R4_TAIL2_4,53610,2026-09-01 11:41:00.256,-1,EMA8,HOLD,TARGET,2693
R4_TAIL2_4,53615,2026-09-01 11:42:52.112,-1,PIN,HOLD,TARGET,865
R4_TAIL2_4,53621,2026-09-01 11:44:16.892,-1,PIN,HOLD,TARGET,4972
R4_TAIL2_4,53682,2026-09-01 11:57:58.700,1,EMA8,HOLD,TARGET,1478
R4_TAIL2_4,53691,2026-09-01 12:00:28.164,1,PIN7,HOLD,STOP,5566
R4_TAIL2_4,53697,2026-09-01 12:01:53.960,1,EMA24,HOLD,TARGET,1286
R4_TAIL2_4,53699,2026-09-01 12:03:00.472,1,EMA24,HOLD,TARGET,2177
R4_TAIL2_4,53703,2026-09-01 12:04:16.932,1,PIN7,HOLD,TARGET,1159
R4_TAIL2_4,53733,2026-09-01 12:12:23.568,1,EMA24,HOLD,TARGET,921
R4_TAIL2_4,53736,2026-09-01 12:13:38.732,1,EMA8,HOLD,TARGET,2892
R4_TAIL2_4,53803,2026-09-01 12:36:32.744,-1,PIN7,HOLD,TARGET,10953
R4_TAIL2_4,53836,2026-09-01 12:49:52.212,1,EMA24,HOLD,STOP,767
R4_TAIL2_4,53856,2026-09-01 12:53:01.056,-1,PIN7,HOLD,TARGET,1990
R4_TAIL2_4,53865,2026-09-01 12:54:40.016,-1,EMA8,HOLD,TARGET,840
R4_TAIL2_4,53886,2026-09-01 12:58:02.048,-1,EMA50,HOLD,STOP,4860
R4_TAIL2_4,53912,2026-09-01 12:59:50.476,1,EMA8,HOLD,TARGET,554
R4_TAIL2_4,53917,2026-09-01 12:59:57.908,1,EMA8,HOLD,TARGET,1036
R4_TAIL2_4,55215,2026-09-02 06:34:46.304,1,EMA50,HOLD,TARGET,523
R4_TAIL2_4,55239,2026-09-02 06:36:57.332,-1,PIN7,HOLD,TARGET,67
R4_TAIL2_4,55245,2026-09-02 06:37:31.124,-1,EMA24,HOLD,STOP,3352
R4_TAIL2_4,55280,2026-09-02 06:41:24.140,1,EMA8,HOLD,TARGET,1601
R4_TAIL2_4,55283,2026-09-02 06:41:42.072,1,EMA8,HOLD,TARGET,8681
R4_TAIL2_4,55300,2026-09-02 06:44:45.036,1,PIN7,HOLD,TARGET,3565
R4_TAIL2_4,55415,2026-09-02 07:00:38.972,1,EMA8,HOLD,TARGET,3062
R4_TAIL2_4,55432,2026-09-02 07:02:37.172,1,EMA24,HOLD,TARGET,1
R4_TAIL2_4,55452,2026-09-02 07:04:36.212,1,EMA24,HOLD,TARGET,685
R4_TAIL2_4,55457,2026-09-02 07:05:38.932,1,PIN7,HOLD,TARGET,11204
R4_TAIL2_4,55461,2026-09-02 07:06:32.676,1,EMA8,HOLD,TARGET,962
R4_TAIL2_4,55482,2026-09-02 07:10:30.016,1,PIN7,HOLD,STOP,4636
R4_TAIL2_4,55509,2026-09-02 07:16:59.008,1,PIN7,HOLD,TARGET,2688
R4_TAIL2_4,55510,2026-09-02 07:17:18.524,1,PIN7,HOLD,TARGET,250
R4_TAIL2_4,55520,2026-09-02 07:19:03.848,1,PIN7,HOLD,TARGET,1141
R4_TAIL2_4,55522,2026-09-02 07:19:24.944,1,PIN,HOLD,TARGET,15342
R4_TAIL2_4,55525,2026-09-02 07:20:25.100,1,EMA8,HOLD,TARGET,251
R4_TAIL2_4,55529,2026-09-02 07:21:05.772,1,EMA8,HOLD,TARGET,302
R4_TAIL2_4,55535,2026-09-02 07:21:51.852,1,PIN,HOLD,TARGET,4288
R4_TAIL2_4,55536,2026-09-02 07:22:21.324,1,PIN,HOLD,STOP,8711
R4_TAIL2_4,55539,2026-09-02 07:23:00.560,1,EMA8,HOLD,STOP,4022
R4_TAIL2_4,55554,2026-09-02 07:27:35.008,1,EMA8,HOLD,STOP,14735
R4_TAIL2_4,55584,2026-09-02 07:34:25.780,1,PIN7,HOLD,TARGET,2347
R4_TAIL2_4,55585,2026-09-02 07:34:40.684,1,PIN7,HOLD,TARGET,1245
R4_TAIL2_4,55590,2026-09-02 07:35:11.648,1,PIN,HOLD,TARGET,16214
R4_TAIL2_4,55599,2026-09-02 07:37:57.496,1,EMA8,HOLD,STOP,2651
R4_TAIL2_4,55603,2026-09-02 07:39:03.052,1,EMA24,HOLD,TARGET,4201
R4_TAIL2_4,55616,2026-09-02 07:42:05.240,1,EMA8,HOLD,TARGET,818
R4_TAIL2_4,55618,2026-09-02 07:42:26.836,1,PIN7,HOLD,STOP,4235
R4_TAIL2_4,55625,2026-09-02 07:44:25.308,1,PIN7,HOLD,STOP,6834
R4_TAIL2_4,55633,2026-09-02 07:47:59.028,1,EMA50,HOLD,STOP,6689
R4_TAIL2_4,55677,2026-09-02 07:58:26.612,-1,EMA50,HOLD,TARGET,952
R4_TAIL2_4,56130,2026-09-02 11:08:23.744,1,EMA24,HOLD,TARGET,15508
R4_TAIL2_4,56132,2026-09-02 11:10:35.752,1,EMA24,HOLD,TARGET,8798
R4_TAIL2_4,56149,2026-09-02 11:18:47.884,1,PIN,HOLD,TARGET,303
R4_TAIL2_4,56160,2026-09-02 11:18:57.400,1,EMA24,HOLD,STOP,3491
R4_TAIL2_4,56192,2026-09-02 11:36:35.336,-1,PIN7,HOLD,TARGET,1642
R4_TAIL2_4,56197,2026-09-02 11:41:01.264,-1,PIN,HOLD,TARGET,1355
R4_TAIL2_4,56211,2026-09-02 11:49:58.332,-1,EMA24,HOLD,TARGET,3514
R4_TAIL2_4,56231,2026-09-02 12:04:07.156,-1,EMA50,HOLD,STOP,4509
R4_TAIL2_4,56242,2026-09-02 12:13:38.084,1,PIN7,HOLD,STOP,6530
R4_TAIL2_4,56246,2026-09-02 12:17:06.680,1,EMA8,HOLD,TARGET,4945
R4_TAIL2_4,56253,2026-09-02 12:21:13.876,1,EMA50,HOLD,TARGET,273
R4_TAIL2_4,56323,2026-09-02 12:56:24.640,-1,EMA8,HOLD,STOP,10858
R4_TAIL2_4,56326,2026-09-02 12:57:15.596,-1,EMA24,HOLD,TARGET,10919
R4_TAIL2_4,56333,2026-09-02 12:59:15.032,-1,EMA50,HOLD,TARGET,1041
R4_TAIL2_4,57821,2026-09-03 06:31:08.660,1,EMA24,HOLD,STOP,1635
R4_TAIL2_4,57829,2026-09-03 06:31:31.384,1,PIN7,HOLD,STOP,5426
R4_TAIL2_4,57850,2026-09-03 06:32:58.904,1,EMA24,HOLD,TARGET,337
R4_TAIL2_4,57856,2026-09-03 06:33:27.860,1,PIN7,HOLD,TARGET,460
R4_TAIL2_4,57858,2026-09-03 06:33:33.316,1,PIN,HOLD,TARGET,1329
R4_TAIL2_4,57866,2026-09-03 06:34:15.688,1,EMA8,HOLD,TARGET,2023
R4_TAIL2_4,57868,2026-09-03 06:34:21.168,1,EMA8,HOLD,STOP,7852
R4_TAIL2_4,57913,2026-09-03 06:38:15.124,1,PIN,HOLD,TARGET,3748
R4_TAIL2_4,57919,2026-09-03 06:38:58.784,1,EMA8,HOLD,TARGET,4442
R4_TAIL2_4,57921,2026-09-03 06:39:14.552,1,EMA8,HOLD,TARGET,175
R4_TAIL2_4,57924,2026-09-03 06:39:41.600,1,EMA8,HOLD,TARGET,1883
R4_TAIL2_4,57932,2026-09-03 06:40:27.880,1,EMA24,HOLD,TARGET,742
R4_TAIL2_4,57950,2026-09-03 06:42:37.212,1,EMA24,HOLD,STOP,6125
R4_TAIL2_4,57957,2026-09-03 06:44:15.216,1,EMA50,HOLD,TARGET,2935
R4_TAIL2_4,58069,2026-09-03 07:00:21.620,-1,EMA8,HOLD,STOP,3063
R4_TAIL2_4,58079,2026-09-03 07:01:03.396,-1,PIN,HOLD,TARGET,2187
R4_TAIL2_4,58091,2026-09-03 07:02:16.660,-1,PIN,HOLD,STOP,2907
R4_TAIL2_4,58105,2026-09-03 07:03:12.132,-1,EMA24,HOLD,STOP,5152
R4_TAIL2_4,58125,2026-09-03 07:05:22.888,-1,EMA8,HOLD,TARGET,3234
R4_TAIL2_4,58153,2026-09-03 07:08:21.068,-1,EMA8,HOLD,TARGET,1
R4_TAIL2_4,58161,2026-09-03 07:09:01.432,-1,EMA8,HOLD,STOP,2410
R4_TAIL2_4,58172,2026-09-03 07:10:23.568,-1,PIN7,HOLD,TARGET,128
R4_TAIL2_4,58205,2026-09-03 07:13:42.280,1,PIN7,HOLD,TARGET,10903
R4_TAIL2_4,58206,2026-09-03 07:13:46.292,1,PIN7,HOLD,STOP,4047
R4_TAIL2_4,58223,2026-09-03 07:15:47.264,1,PIN7,HOLD,STOP,9318
R4_TAIL2_4,58225,2026-09-03 07:16:11.004,1,EMA8,HOLD,STOP,5147
R4_TAIL2_4,58230,2026-09-03 07:16:48.320,1,EMA24,HOLD,STOP,9627
R4_TAIL2_4,58246,2026-09-03 07:19:21.376,1,PIN7,HOLD,TARGET,2450
R4_TAIL2_4,58247,2026-09-03 07:19:31.948,1,PIN7,HOLD,TARGET,552
R4_TAIL2_4,58251,2026-09-03 07:20:15.052,1,PIN,HOLD,TARGET,5652
R4_TAIL2_4,58317,2026-09-03 07:33:20.444,-1,EMA24,HOLD,TARGET,6514
R4_TAIL2_4,58326,2026-09-03 07:34:48.976,-1,PIN,HOLD,TARGET,1580
R4_TAIL2_4,58327,2026-09-03 07:34:55.352,-1,PIN,HOLD,TARGET,230
R4_TAIL2_4,58416,2026-09-03 07:48:26.052,1,EMA8,HOLD,TARGET,72
R4_TAIL2_4,58422,2026-09-03 07:49:17.260,1,EMA8,HOLD,TARGET,7639
R4_TAIL2_4,58456,2026-09-03 07:56:11.128,1,PIN7,HOLD,STOP,1462
R4_TAIL2_4,58474,2026-09-03 07:56:22.164,-1,PIN,HOLD,TARGET,1
R4_TAIL2_4,58478,2026-09-03 07:56:22.876,-1,PIN,HOLD,STOP,829
R4_TAIL2_4,58483,2026-09-03 07:56:23.768,-1,EMA24,HOLD,STOP,1082
R4_TAIL2_4,58501,2026-09-03 07:56:44.900,1,EMA8,HOLD,TARGET,6992
R4_TAIL2_4,58503,2026-09-03 07:56:48.456,1,EMA8,HOLD,TARGET,1731
R4_TAIL2_4,58512,2026-09-03 07:57:37.284,1,EMA50,HOLD,TARGET,785
R4_TAIL2_4,58517,2026-09-03 07:58:01.788,1,PIN7,HOLD,TARGET,1562
R4_TAIL2_4,58518,2026-09-03 07:58:12.116,1,PIN7,HOLD,TARGET,30
R4_TAIL2_4,58522,2026-09-03 07:58:51.920,1,PIN,HOLD,TARGET,2616
R4_TAIL2_4,58523,2026-09-03 07:59:09.700,1,PIN,HOLD,TARGET,2843
R4_TAIL2_4,58934,2026-09-03 11:00:49.348,1,PIN7,HOLD,TARGET,6
R4_TAIL2_4,58978,2026-09-03 11:35:03.244,1,PIN7,HOLD,STOP,8899
R4_TAIL2_4,59071,2026-09-03 12:55:05.988,-1,PIN7,HOLD,TARGET,1170
R4_TAIL2_4,59081,2026-09-03 12:59:03.160,-1,EMA8,HOLD,TARGET,1914
R4_TAIL2_4,60330,2026-09-04 06:31:10.056,1,EMA24,HOLD,TARGET,2482
R4_TAIL2_4,60336,2026-09-04 06:31:29.392,1,PIN7,HOLD,STOP,3822
R4_TAIL2_4,60339,2026-09-04 06:31:38.104,1,EMA24,HOLD,TARGET,148
R4_TAIL2_4,60361,2026-09-04 06:34:01.056,1,EMA8,HOLD,TARGET,755
R4_TAIL2_4,60412,2026-09-04 06:41:31.132,-1,EMA24,HOLD,TARGET,14699
R4_TAIL2_4,60443,2026-09-04 06:44:41.892,-1,EMA8,HOLD,STOP,3021
R4_TAIL2_4,60528,2026-09-04 07:01:44.120,-1,PIN7,HOLD,TARGET,8162
R4_TAIL2_4,60538,2026-09-04 07:03:27.368,-1,EMA24,HOLD,TARGET,1738
R4_TAIL2_4,60540,2026-09-04 07:04:25.480,-1,EMA24,HOLD,TARGET,2336
R4_TAIL2_4,60571,2026-09-04 07:10:58.800,-1,PIN,HOLD,TARGET,7411
R4_TAIL2_4,60576,2026-09-04 07:12:21.488,-1,PIN,HOLD,TARGET,3892
R4_TAIL2_4,60607,2026-09-04 07:18:17.972,-1,PIN7,HOLD,TARGET,10030
R4_TAIL2_4,60610,2026-09-04 07:19:01.168,-1,EMA24,HOLD,TARGET,1385
R4_TAIL2_4,60612,2026-09-04 07:19:37.432,-1,PIN7,HOLD,TARGET,2056
R4_TAIL2_4,60613,2026-09-04 07:19:56.608,-1,PIN7,HOLD,TARGET,5582
R4_TAIL2_4,60638,2026-09-04 07:26:44.220,-1,PIN7,HOLD,STOP,16614
R4_TAIL2_4,60659,2026-09-04 07:31:36.228,-1,PIN7,HOLD,TARGET,1776
R4_TAIL2_4,60672,2026-09-04 07:34:50.156,-1,PIN7,HOLD,STOP,6043
R4_TAIL2_4,60717,2026-09-04 07:45:55.476,-1,EMA8,HOLD,TARGET,8492
R4_TAIL2_4,60719,2026-09-04 07:46:48.144,-1,PIN7,HOLD,TARGET,4857
R4_TAIL2_4,60721,2026-09-04 07:47:05.688,-1,EMA8,HOLD,TARGET,1149
R4_TAIL2_4,60726,2026-09-04 07:47:40.440,-1,EMA8,HOLD,TARGET,1050
R4_TAIL2_4,60733,2026-09-04 07:49:21.724,-1,EMA8,HOLD,TARGET,693
R4_TAIL2_4,60735,2026-09-04 07:49:34.724,-1,PIN7,HOLD,TARGET,469
R4_TAIL2_4,60737,2026-09-04 07:49:49.640,-1,PIN7,HOLD,STOP,9419
R4_TAIL2_4,60761,2026-09-04 07:54:07.748,-1,PIN7,HOLD,TARGET,5868
R4_TAIL2_4,60762,2026-09-04 07:54:33.788,-1,PIN7,HOLD,TARGET,2676
R4_TAIL2_4,60763,2026-09-04 07:54:49.616,-1,PIN7,HOLD,TARGET,566
R4_TAIL2_4,60773,2026-09-04 07:56:49.788,-1,PIN7,HOLD,TARGET,897
R4_TAIL2_4,61186,2026-09-04 11:16:14.352,1,EMA8,HOLD,TARGET,5056
R4_TAIL2_4,61200,2026-09-04 11:33:16.240,1,EMA8,HOLD,TARGET,1328
R4_TAIL2_4,61203,2026-09-04 11:40:22.352,1,EMA24,HOLD,TARGET,283
R4_TAIL2_4,61212,2026-09-04 11:46:30.688,1,PIN7,HOLD,TARGET,11825
R4_TAIL2_4,61213,2026-09-04 11:48:03.376,1,PIN7,HOLD,TARGET,18797
R4_TAIL2_4,61214,2026-09-04 11:52:30.748,1,PIN7,HOLD,TARGET,11014
R4_TAIL2_4,61224,2026-09-04 12:01:00.048,1,EMA24,HOLD,STOP,5926
R4_TAIL2_4,61226,2026-09-04 12:01:51.008,1,EMA24,HOLD,STOP,2768
R4_TAIL2_4,61243,2026-09-04 12:17:59.568,-1,EMA8,HOLD,STOP,18462
R4_TAIL2_4,61247,2026-09-04 12:22:35.724,-1,EMA24,HOLD,TARGET,450
R4_TAIL2_4,61276,2026-09-04 12:49:17.024,1,PIN7,HOLD,TARGET,1887
R4_TAIL2_4,61277,2026-09-04 12:50:00.016,1,PIN7,HOLD,TARGET,1
R4_TAIL2_4,61278,2026-09-04 12:50:00.048,1,PIN7,HOLD,TARGET,3
R4_TAIL2_4,61285,2026-09-04 12:50:29.588,1,EMA24,HOLD,TARGET,837
R4_TAIL2_4,61298,2026-09-04 12:55:05.476,1,EMA24,HOLD,TARGET,1015
R4_TAIL2_4,61322,2026-09-04 12:59:46.992,-1,EMA24,HOLD,STOP,1560
R4_TAIL2_4,61928,2026-09-07 06:31:37.976,1,EMA8,HOLD,TARGET,359
R4_TAIL2_4,61932,2026-09-07 06:33:48.920,1,EMA8,HOLD,STOP,2677
R4_TAIL2_4,61939,2026-09-07 06:37:38.320,1,EMA50,HOLD,TARGET,7785
R4_TAIL2_4,61980,2026-09-07 07:20:09.380,-1,PIN7,HOLD,TARGET,9770
R4_TAIL2_4,61987,2026-09-07 07:35:07.616,-1,PIN7,HOLD,STOP,2290
R4_TAIL2_4,62001,2026-09-07 07:56:39.152,-1,PIN7,HOLD,TARGET,1491
R4_TAIL2_4,62002,2026-09-07 07:57:37.212,-1,PIN7,HOLD,TARGET,1290
R4_TAIL2_4,62003,2026-09-07 07:58:19.540,-1,PIN7,HOLD,TARGET,411
R4_TAIL2_4,63386,2026-09-08 06:31:14.496,-1,PIN7,HOLD,TARGET,181
R4_TAIL2_4,63392,2026-09-08 06:31:40.196,-1,EMA8,HOLD,TARGET,5096
R4_TAIL2_4,63399,2026-09-08 06:32:18.884,-1,EMA24,HOLD,TARGET,508
R4_TAIL2_4,63403,2026-09-08 06:32:35.876,-1,EMA50,HOLD,TARGET,4218
R4_TAIL2_4,63409,2026-09-08 06:33:03.152,-1,PIN7,HOLD,TARGET,657
R4_TAIL2_4,63410,2026-09-08 06:33:05.812,-1,PIN7,HOLD,TARGET,4899
R4_TAIL2_4,63416,2026-09-08 06:33:48.992,-1,EMA8,HOLD,STOP,1582
R4_TAIL2_4,63431,2026-09-08 06:35:10.372,-1,PIN7,HOLD,TARGET,1242
R4_TAIL2_4,63437,2026-09-08 06:35:44.868,-1,EMA8,HOLD,TARGET,1526
R4_TAIL2_4,63456,2026-09-08 06:38:33.112,-1,EMA50,HOLD,TARGET,11341
R4_TAIL2_4,63458,2026-09-08 06:38:39.444,-1,EMA50,HOLD,TARGET,10297
R4_TAIL2_4,63468,2026-09-08 06:40:10.064,-1,PIN,HOLD,TARGET,2855
R4_TAIL2_4,63472,2026-09-08 06:40:47.968,-1,PIN,HOLD,TARGET,2186
R4_TAIL2_4,63477,2026-09-08 06:41:20.560,-1,PIN,HOLD,TARGET,10144
R4_TAIL2_4,63484,2026-09-08 06:42:16.136,-1,PIN,HOLD,TARGET,1283
R4_TAIL2_4,63491,2026-09-08 06:42:55.136,-1,EMA8,HOLD,TARGET,1846
R4_TAIL2_4,63500,2026-09-08 06:44:10.344,-1,EMA24,HOLD,TARGET,1771
R4_TAIL2_4,63656,2026-09-08 07:02:00.316,-1,PIN,HOLD,TARGET,3108
R4_TAIL2_4,63657,2026-09-08 07:02:08.636,-1,PIN,HOLD,TARGET,809
R4_TAIL2_4,63673,2026-09-08 07:03:53.564,-1,EMA8,HOLD,TARGET,5561
R4_TAIL2_4,63681,2026-09-08 07:04:26.564,-1,EMA8,HOLD,STOP,4903
R4_TAIL2_4,63687,2026-09-08 07:05:02.244,-1,EMA50,HOLD,TARGET,1666
R4_TAIL2_4,63724,2026-09-08 07:10:25.364,-1,PIN,HOLD,STOP,4526
R4_TAIL2_4,63774,2026-09-08 07:19:04.524,-1,EMA8,HOLD,STOP,3851
R4_TAIL2_4,63793,2026-09-08 07:21:54.196,1,EMA8,HOLD,TARGET,6547
R4_TAIL2_4,63795,2026-09-08 07:22:20.844,1,EMA8,HOLD,TARGET,2421
R4_TAIL2_4,63805,2026-09-08 07:23:58.324,1,PIN7,HOLD,TARGET,2839
R4_TAIL2_4,63806,2026-09-08 07:24:16.764,1,PIN7,HOLD,TARGET,5262
R4_TAIL2_4,63810,2026-09-08 07:25:28.704,1,PIN7,HOLD,STOP,8211
R4_TAIL2_4,63866,2026-09-08 07:34:13.348,1,PIN7,HOLD,TARGET,41
R4_TAIL2_4,63875,2026-09-08 07:35:49.580,1,EMA24,HOLD,TARGET,1096
R4_TAIL2_4,63914,2026-09-08 07:43:51.392,1,EMA50,HOLD,TARGET,4232
R4_TAIL2_4,63916,2026-09-08 07:44:10.292,1,EMA50,HOLD,TARGET,1845
R4_TAIL2_4,63918,2026-09-08 07:44:34.204,1,PIN7,HOLD,STOP,4430
R4_TAIL2_4,63937,2026-09-08 07:47:49.420,1,PIN7,HOLD,STOP,6246
R4_TAIL2_4,63961,2026-09-08 07:54:51.440,1,EMA8,HOLD,TARGET,832
R4_TAIL2_4,63974,2026-09-08 07:59:10.904,1,EMA50,HOLD,TARGET,3226
R4_TAIL2_4,64404,2026-09-08 11:07:00.016,1,PIN7,HOLD,TARGET,22792
R4_TAIL2_4,64412,2026-09-08 11:19:58.172,1,EMA24,HOLD,TARGET,470
R4_TAIL2_4,64429,2026-09-08 11:36:00.192,-1,PIN7,HOLD,TARGET,11702
R4_TAIL2_4,64433,2026-09-08 11:39:04.388,-1,EMA8,HOLD,TARGET,525
R4_TAIL2_4,64436,2026-09-08 11:41:45.556,-1,PIN7,HOLD,STOP,4653
R4_TAIL2_4,64468,2026-09-08 11:48:35.576,-1,EMA8,HOLD,TARGET,2891
R4_TAIL2_4,64470,2026-09-08 11:48:41.672,-1,EMA8,HOLD,TARGET,1009
R4_TAIL2_4,64472,2026-09-08 11:48:44.980,-1,PIN7,HOLD,TARGET,1621
R4_TAIL2_4,64474,2026-09-08 11:48:54.040,-1,PIN,HOLD,TARGET,1216
R4_TAIL2_4,64486,2026-09-08 11:49:04.424,-1,PIN,HOLD,STOP,1678
R4_TAIL2_4,64525,2026-09-08 11:50:57.796,1,EMA8,HOLD,TARGET,164
R4_TAIL2_4,64530,2026-09-08 11:51:29.932,1,EMA8,HOLD,TARGET,1872
R4_TAIL2_4,64628,2026-09-08 12:29:17.404,1,PIN7,HOLD,STOP,4095
R4_TAIL2_4,64690,2026-09-08 12:50:11.936,-1,EMA8,HOLD,TARGET,1
R4_TAIL2_4,64709,2026-09-08 12:51:21.372,-1,PIN7,HOLD,STOP,2571
R4_TAIL2_4,64724,2026-09-08 12:53:50.380,-1,EMA8,HOLD,TARGET,902
R4_TAIL2_4,64730,2026-09-08 12:54:40.096,-1,PIN7,HOLD,STOP,3557
R4_TAIL2_4,64732,2026-09-08 12:54:50.020,-1,EMA8,HOLD,STOP,1464
R4_TAIL2_4,64736,2026-09-08 12:55:00.088,-1,EMA24,HOLD,STOP,1
R4_TAIL2_4,64755,2026-09-08 12:58:01.020,-1,PIN7,HOLD,TARGET,694
R4_TAIL2_4,64759,2026-09-08 12:59:00.140,-1,PIN,HOLD,TARGET,1097
R4_TAIL2_4,64778,2026-09-08 12:59:53.048,1,PIN7,HOLD,STOP,9232
R4_TAIL2_4,66031,2026-09-09 06:32:00.932,1,PIN7,HOLD,STOP,6775
R4_TAIL2_4,66043,2026-09-09 06:32:50.344,-1,PIN7,HOLD,TARGET,1868
R4_TAIL2_4,66044,2026-09-09 06:32:54.536,-1,PIN7,HOLD,STOP,21749
R4_TAIL2_4,66059,2026-09-09 06:34:38.020,1,PIN,HOLD,STOP,1582
R4_TAIL2_4,66066,2026-09-09 06:35:17.304,1,EMA24,HOLD,TARGET,6138
R4_TAIL2_4,66135,2026-09-09 06:43:27.576,-1,PIN7,HOLD,TARGET,2511
R4_TAIL2_4,66245,2026-09-09 07:00:10.904,1,EMA8,HOLD,STOP,7243
R4_TAIL2_4,66312,2026-09-09 07:15:45.056,-1,PIN7,HOLD,TARGET,2864
R4_TAIL2_4,66313,2026-09-09 07:15:56.420,-1,PIN7,HOLD,TARGET,2614
R4_TAIL2_4,66314,2026-09-09 07:16:07.588,-1,PIN7,HOLD,TARGET,1834
R4_TAIL2_4,66322,2026-09-09 07:17:24.628,-1,EMA8,HOLD,TARGET,7278
R4_TAIL2_4,66324,2026-09-09 07:17:40.256,-1,EMA8,HOLD,TARGET,3869
R4_TAIL2_4,66330,2026-09-09 07:18:26.936,-1,PIN,HOLD,TARGET,11214
R4_TAIL2_4,66333,2026-09-09 07:19:05.988,-1,EMA8,HOLD,TARGET,284
R4_TAIL2_4,66342,2026-09-09 07:20:21.216,-1,EMA24,HOLD,TARGET,2396
R4_TAIL2_4,66344,2026-09-09 07:20:29.836,-1,EMA24,HOLD,TARGET,402
R4_TAIL2_4,66397,2026-09-09 07:27:25.388,1,EMA8,HOLD,TARGET,804
R4_TAIL2_4,66400,2026-09-09 07:27:43.520,1,EMA8,HOLD,TARGET,596
R4_TAIL2_4,66402,2026-09-09 07:27:51.160,1,PIN7,HOLD,TARGET,544
R4_TAIL2_4,66406,2026-09-09 07:28:44.104,1,PIN,HOLD,TARGET,1327
R4_TAIL2_4,66407,2026-09-09 07:28:51.268,1,PIN,HOLD,TARGET,868
R4_TAIL2_4,66409,2026-09-09 07:29:01.596,1,PIN,HOLD,TARGET,2617
R4_TAIL2_4,66410,2026-09-09 07:29:14.148,1,PIN,HOLD,TARGET,120
R4_TAIL2_4,66416,2026-09-09 07:29:59.616,1,EMA8,HOLD,STOP,16214
R4_TAIL2_4,66418,2026-09-09 07:30:15.004,1,EMA8,HOLD,TARGET,1036
R4_TAIL2_4,66423,2026-09-09 07:31:23.140,1,EMA24,HOLD,TARGET,6219
R4_TAIL2_4,66486,2026-09-09 07:44:31.836,1,PIN7,HOLD,TARGET,163
R4_TAIL2_4,66506,2026-09-09 07:50:33.288,1,PIN7,HOLD,STOP,8749
R4_TAIL2_4,67213,2026-09-09 11:00:13.504,1,EMA24,HOLD,TARGET,518
R4_TAIL2_4,67227,2026-09-09 11:13:35.960,-1,PIN7,HOLD,TARGET,3319
R4_TAIL2_4,67230,2026-09-09 11:15:36.056,-1,PIN,HOLD,STOP,9049
R4_TAIL2_4,67231,2026-09-09 11:16:06.676,-1,PIN,HOLD,STOP,5656
R4_TAIL2_4,67241,2026-09-09 11:22:11.416,-1,EMA50,HOLD,STOP,2257
R4_TAIL2_4,67275,2026-09-09 11:53:50.152,1,PIN7,HOLD,TARGET,3097
R4_TAIL2_4,67276,2026-09-09 11:55:05.032,1,PIN7,HOLD,STOP,6661
R4_TAIL2_4,67305,2026-09-09 12:18:07.752,1,PIN7,HOLD,TARGET,487
R4_TAIL2_4,67308,2026-09-09 12:21:40.288,1,EMA8,HOLD,TARGET,5061
R4_TAIL2_4,67310,2026-09-09 12:23:34.232,1,EMA8,HOLD,TARGET,685
R4_TAIL2_4,67316,2026-09-09 12:30:34.684,1,EMA24,HOLD,STOP,4377
R4_TAIL2_4,67326,2026-09-09 12:42:35.748,-1,PIN7,HOLD,TARGET,1521
R4_TAIL2_4,67337,2026-09-09 12:49:40.024,-1,EMA24+EMA50,HOLD,TARGET,1493
R4_TAIL2_4,67352,2026-09-09 12:54:47.588,-1,EMA24,HOLD,TARGET,161
R4_TAIL2_4,67356,2026-09-09 12:55:01.588,-1,PIN7,HOLD,STOP,5406
R4_TAIL2_4,68758,2026-09-10 06:32:05.396,-1,PIN7,HOLD,STOP,4004
R4_TAIL2_4,68808,2026-09-10 06:34:26.772,1,EMA24,HOLD,TARGET,255
R4_TAIL2_4,68853,2026-09-10 06:36:27.596,1,EMA8,HOLD,TARGET,3225
R4_TAIL2_4,68918,2026-09-10 06:41:01.528,1,EMA24,HOLD,TARGET,2903
R4_TAIL2_4,68924,2026-09-10 06:41:23.492,1,EMA24,HOLD,TARGET,1532
R4_TAIL2_4,68953,2026-09-10 06:43:34.632,1,PIN7,HOLD,STOP,7476
R4_TAIL2_4,69157,2026-09-10 07:01:48.432,1,PIN7,HOLD,TARGET,338
R4_TAIL2_4,69161,2026-09-10 07:02:13.164,1,PIN,HOLD,STOP,8745
R4_TAIL2_4,69213,2026-09-10 07:08:47.044,-1,PIN,HOLD,TARGET,7711
R4_TAIL2_4,69215,2026-09-10 07:09:02.268,-1,EMA8,HOLD,TARGET,1643
R4_TAIL2_4,69220,2026-09-10 07:09:45.176,-1,EMA8,HOLD,STOP,3658
R4_TAIL2_4,69223,2026-09-10 07:10:04.432,-1,EMA24,HOLD,STOP,10768
R4_TAIL2_4,69254,2026-09-10 07:12:55.148,1,EMA8,HOLD,TARGET,1222
R4_TAIL2_4,69257,2026-09-10 07:13:16.192,1,PIN,HOLD,STOP,3774
R4_TAIL2_4,69262,2026-09-10 07:13:57.920,1,EMA8,HOLD,STOP,11165
R4_TAIL2_4,69284,2026-09-10 07:16:34.324,1,PIN7,HOLD,TARGET,4901
R4_TAIL2_4,69310,2026-09-10 07:19:08.432,1,PIN7,HOLD,TARGET,1628
R4_TAIL2_4,69315,2026-09-10 07:19:45.752,1,PIN7,HOLD,TARGET,130
R4_TAIL2_4,69317,2026-09-10 07:19:50.388,1,PIN7,HOLD,TARGET,4943
R4_TAIL2_4,69326,2026-09-10 07:20:31.268,1,EMA8,HOLD,TARGET,1064
R4_TAIL2_4,69328,2026-09-10 07:20:38.384,1,PIN7,HOLD,STOP,11419
R4_TAIL2_4,69330,2026-09-10 07:20:44.528,1,EMA8,HOLD,STOP,9574
R4_TAIL2_4,69332,2026-09-10 07:21:20.744,1,EMA8,HOLD,STOP,1539
R4_TAIL2_4,69335,2026-09-10 07:21:30.844,1,EMA24,HOLD,TARGET,3064
R4_TAIL2_4,69366,2026-09-10 07:24:40.212,1,PIN,HOLD,TARGET,1
R4_TAIL2_4,69370,2026-09-10 07:24:40.760,1,PIN,HOLD,TARGET,1
R4_TAIL2_4,69376,2026-09-10 07:24:41.772,1,PIN,HOLD,STOP,1198
R4_TAIL2_4,69409,2026-09-10 07:25:01.624,1,PIN7,HOLD,TARGET,27
R4_TAIL2_4,69410,2026-09-10 07:25:01.900,1,PIN7,HOLD,STOP,2384
R4_TAIL2_4,69421,2026-09-10 07:25:15.316,1,PIN7,HOLD,TARGET,5650
R4_TAIL2_4,69422,2026-09-10 07:25:19.900,1,PIN7,HOLD,TARGET,3195
R4_TAIL2_4,69461,2026-09-10 07:27:25.880,-1,EMA8,HOLD,TARGET,322
R4_TAIL2_4,69477,2026-09-10 07:29:19.148,-1,PIN7,HOLD,TARGET,330
R4_TAIL2_4,69480,2026-09-10 07:29:42.740,-1,EMA8,HOLD,TARGET,904
R4_TAIL2_4,69541,2026-09-10 07:37:56.888,1,PIN7,HOLD,STOP,17161
R4_TAIL2_4,69543,2026-09-10 07:38:42.464,1,EMA8,HOLD,TARGET,1132
R4_TAIL2_4,69546,2026-09-10 07:39:13.848,1,EMA8,HOLD,STOP,4401
R4_TAIL2_4,69570,2026-09-10 07:43:14.304,-1,PIN7,HOLD,TARGET,3027
R4_TAIL2_4,69571,2026-09-10 07:43:30.820,-1,PIN7,HOLD,TARGET,63
R4_TAIL2_4,69574,2026-09-10 07:44:28.824,-1,PIN,HOLD,TARGET,8384
R4_TAIL2_4,69578,2026-09-10 07:45:00.828,-1,EMA8,HOLD,TARGET,1095
R4_TAIL2_4,69588,2026-09-10 07:46:09.836,-1,EMA24,HOLD,STOP,3713
R4_TAIL2_4,69601,2026-09-10 07:47:57.784,-1,PIN7,HOLD,TARGET,1492
R4_TAIL2_4,69605,2026-09-10 07:48:34.056,-1,EMA24,HOLD,STOP,9880
R4_TAIL2_4,69620,2026-09-10 07:50:40.028,-1,EMA50,HOLD,TARGET,352
R4_TAIL2_4,69625,2026-09-10 07:51:24.592,-1,EMA24,HOLD,STOP,3430
R4_TAIL2_4,69655,2026-09-10 07:56:07.684,1,EMA50,HOLD,TARGET,324
R4_TAIL2_4,70388,2026-09-10 11:06:00.060,-1,EMA8,HOLD,STOP,4454
R4_TAIL2_4,70444,2026-09-10 11:33:53.240,-1,PIN7,HOLD,TARGET,349
R4_TAIL2_4,70456,2026-09-10 11:38:11.048,-1,EMA50,HOLD,STOP,4236
R4_TAIL2_4,70496,2026-09-10 11:51:19.324,1,PIN7,HOLD,TARGET,2938
R4_TAIL2_4,70505,2026-09-10 11:51:48.656,1,PIN7,HOLD,STOP,2152
R4_TAIL2_4,70515,2026-09-10 11:52:56.588,1,PIN7,HOLD,STOP,5892
R4_TAIL2_4,70539,2026-09-10 11:59:34.532,-1,EMA8,HOLD,TARGET,2651
R4_TAIL2_4,70542,2026-09-10 12:00:06.368,-1,PIN7,HOLD,STOP,2663
R4_TAIL2_4,70556,2026-09-10 12:04:29.852,-1,EMA8,HOLD,TARGET,1004
R4_TAIL2_4,70616,2026-09-10 12:23:59.400,-1,PIN7,HOLD,STOP,1849
R4_TAIL2_4,70642,2026-09-10 12:35:23.816,1,EMA8,HOLD,STOP,7507
R4_TAIL2_4,70644,2026-09-10 12:36:20.156,1,EMA8,HOLD,STOP,4398
R4_TAIL2_4,70651,2026-09-10 12:38:46.444,1,EMA50,HOLD,TARGET,1
R4_TAIL2_4,70660,2026-09-10 12:41:59.872,1,EMA8,HOLD,TARGET,552
R4_TAIL2_4,70668,2026-09-10 12:45:03.772,1,EMA24,HOLD,TARGET,919
R4_TAIL2_4,70701,2026-09-10 12:53:42.544,-1,EMA8,HOLD,STOP,4765
R4_TAIL2_4,72909,2026-09-11 06:32:40.044,1,EMA24,HOLD,STOP,872
R4_TAIL2_4,72938,2026-09-11 06:34:06.800,1,EMA8,HOLD,TARGET,5686
R4_TAIL2_4,72940,2026-09-11 06:34:18.308,1,EMA8,HOLD,TARGET,1395
R4_TAIL2_4,72945,2026-09-11 06:34:37.676,1,EMA8,HOLD,TARGET,1094
R4_TAIL2_4,72950,2026-09-11 06:34:52.252,1,PIN7,HOLD,TARGET,12
R4_TAIL2_4,72959,2026-09-11 06:35:20.884,1,EMA8,HOLD,NONE,14198
R4_TAIL2_4,72962,2026-09-11 06:35:31.652,1,EMA8,HOLD,STOP,4913
R4_TAIL2_4,72964,2026-09-11 06:35:34.724,1,EMA8,HOLD,STOP,3699
R4_TAIL2_4,72966,2026-09-11 06:35:38.556,1,EMA8,HOLD,STOP,1972
R4_TAIL2_4,72969,2026-09-11 06:35:47.700,1,EMA24,HOLD,TARGET,704
R4_TAIL2_4,73048,2026-09-11 06:40:20.884,-1,PIN,HOLD,TARGET,2266
R4_TAIL2_4,73049,2026-09-11 06:40:26.292,-1,PIN,HOLD,TARGET,1
R4_TAIL2_4,73069,2026-09-11 06:40:38.424,1,EMA8,HOLD,STOP,281
R4_TAIL2_4,73096,2026-09-11 06:41:21.668,1,PIN7,HOLD,TARGET,900
R4_TAIL2_4,73105,2026-09-11 06:41:58.700,1,EMA50,HOLD,STOP,2093
R4_TAIL2_4,73157,2026-09-11 06:44:33.328,-1,EMA50,HOLD,STOP,7804
R4_TAIL2_4,73410,2026-09-11 07:02:28.448,-1,EMA8,HOLD,STOP,8505
R4_TAIL2_4,73412,2026-09-11 07:02:34.992,-1,EMA8,HOLD,STOP,6928
R4_TAIL2_4,73414,2026-09-11 07:02:44.196,-1,EMA8,HOLD,STOP,3788
R4_TAIL2_4,73418,2026-09-11 07:03:08.188,-1,EMA50,HOLD,TARGET,1
R4_TAIL2_4,73425,2026-09-11 07:03:47.504,-1,EMA24,HOLD,TARGET,6606
R4_TAIL2_4,73459,2026-09-11 07:06:45.524,-1,EMA8,HOLD,TARGET,699
R4_TAIL2_4,73463,2026-09-11 07:06:56.580,-1,EMA8,HOLD,STOP,5787
R4_TAIL2_4,73508,2026-09-11 07:10:11.436,1,PIN7,HOLD,TARGET,98
R4_TAIL2_4,73517,2026-09-11 07:10:55.140,1,EMA24,HOLD,STOP,5651
R4_TAIL2_4,73532,2026-09-11 07:12:17.428,-1,PIN7,HOLD,TARGET,1987
R4_TAIL2_4,73533,2026-09-11 07:12:25.604,-1,PIN7,HOLD,TARGET,2802
R4_TAIL2_4,73534,2026-09-11 07:12:35.096,-1,PIN7,HOLD,STOP,6500
R4_TAIL2_4,73540,2026-09-11 07:13:13.276,-1,EMA24,HOLD,STOP,8118
R4_TAIL2_4,73542,2026-09-11 07:13:25.588,-1,EMA24,HOLD,STOP,4742
R4_TAIL2_4,73564,2026-09-11 07:15:14.088,-1,EMA8,HOLD,STOP,711
R4_TAIL2_4,73584,2026-09-11 07:16:49.192,-1,EMA50,HOLD,TARGET,1085
R4_TAIL2_4,73590,2026-09-11 07:17:35.224,-1,EMA8,HOLD,TARGET,750
R4_TAIL2_4,73594,2026-09-11 07:18:01.240,-1,EMA24,HOLD,STOP,6059
R4_TAIL2_4,73607,2026-09-11 07:19:55.464,1,PIN,HOLD,TARGET,11726
R4_TAIL2_4,73612,2026-09-11 07:20:53.760,1,PIN7,HOLD,TARGET,12092
R4_TAIL2_4,73615,2026-09-11 07:21:32.168,1,EMA8,HOLD,TARGET,3679
R4_TAIL2_4,73621,2026-09-11 07:22:36.088,1,EMA8,HOLD,TARGET,2608
R4_TAIL2_4,73664,2026-09-11 07:30:08.032,1,EMA50,HOLD,STOP,3660
R4_TAIL2_4,73679,2026-09-11 07:31:51.744,-1,PIN,HOLD,TARGET,2604
R4_TAIL2_4,73701,2026-09-11 07:34:50.524,-1,EMA8,HOLD,TARGET,260
R4_TAIL2_4,73703,2026-09-11 07:35:00.296,-1,PIN7,HOLD,TARGET,3379
R4_TAIL2_4,73707,2026-09-11 07:35:22.928,-1,EMA8,HOLD,TARGET,4327
R4_TAIL2_4,73720,2026-09-11 07:36:54.264,-1,EMA8,HOLD,STOP,5854
R4_TAIL2_4,73723,2026-09-11 07:37:10.688,-1,EMA8,HOLD,STOP,10222
R4_TAIL2_4,73761,2026-09-11 07:41:52.012,-1,PIN7,HOLD,STOP,3939
R4_TAIL2_4,73774,2026-09-11 07:43:59.332,-1,PIN,HOLD,NONE,23987
R4_TAIL2_4,73779,2026-09-11 07:44:42.580,-1,EMA8,HOLD,TARGET,7795
R4_TAIL2_4,73781,2026-09-11 07:45:03.912,-1,EMA8,HOLD,TARGET,2506
R4_TAIL2_4,73800,2026-09-11 07:46:48.184,-1,PIN7,HOLD,TARGET,11566
R4_TAIL2_4,73814,2026-09-11 07:48:31.528,-1,EMA8,HOLD,STOP,2041
R4_TAIL2_4,73831,2026-09-11 07:48:44.992,1,EMA8,HOLD,TARGET,123
R4_TAIL2_4,73834,2026-09-11 07:48:45.668,1,PIN7,HOLD,TARGET,134
R4_TAIL2_4,73835,2026-09-11 07:48:46.032,1,PIN7,HOLD,STOP,1146
R4_TAIL2_4,73843,2026-09-11 07:48:48.460,1,EMA24,HOLD,STOP,349
R4_TAIL2_4,73907,2026-09-11 07:53:19.524,-1,PIN7,HOLD,TARGET,304
R4_TAIL2_4,73909,2026-09-11 07:54:09.572,-1,PIN7,HOLD,TARGET,7347
R4_TAIL2_4,73913,2026-09-11 07:54:44.232,-1,EMA8,HOLD,TARGET,4678
R4_TAIL2_4,73917,2026-09-11 07:55:02.836,-1,EMA8,HOLD,TARGET,669
R4_TAIL2_4,73919,2026-09-11 07:55:10.828,-1,PIN7,HOLD,TARGET,2404
R4_TAIL2_4,73921,2026-09-11 07:55:54.756,-1,PIN,HOLD,STOP,7162
R4_TAIL2_4,73929,2026-09-11 07:57:38.676,-1,EMA24,HOLD,STOP,2375
R4_TAIL2_4,73939,2026-09-11 07:59:01.456,-1,PIN7,HOLD,TARGET,839
R4_TAIL2_4,73940,2026-09-11 07:59:05.816,-1,PIN7,HOLD,STOP,5642
R4_TAIL2_4,74457,2026-09-11 11:20:09.968,-1,PIN7,HOLD,TARGET,231
R4_TAIL2_4,74459,2026-09-11 11:20:10.860,-1,PIN,HOLD,STOP,3607
R4_TAIL2_4,74466,2026-09-11 11:20:25.088,-1,EMA24,HOLD,TARGET,3217
R4_TAIL2_4,74469,2026-09-11 11:21:20.124,-1,EMA8,HOLD,TARGET,1362
R4_TAIL2_4,74474,2026-09-11 11:23:52.472,-1,EMA24,HOLD,TARGET,13272
R4_TAIL2_4,74521,2026-09-11 12:05:31.488,-1,EMA24,HOLD,TARGET,2958
R4_TAIL2_4,74524,2026-09-11 12:07:55.060,-1,PIN7,HOLD,TARGET,2460
R4_TAIL2_4,74525,2026-09-11 12:08:35.664,-1,PIN7,HOLD,TARGET,3585
R4_TAIL2_4,74529,2026-09-11 12:10:25.636,-1,PIN,HOLD,STOP,11810
R4_TAIL2_4,74570,2026-09-11 12:51:03.304,-1,EMA8,HOLD,TARGET,718
R4_TAIL2_4,74583,2026-09-11 12:54:51.340,-1,EMA50,HOLD,TARGET,602
R4_TAIL2_4,74599,2026-09-11 12:59:07.044,-1,EMA24,HOLD,TARGET,703
R4_TAIL2_4,74602,2026-09-11 12:59:30.068,-1,PIN7,HOLD,TARGET,3
R4_TAIL2_4,74607,2026-09-11 12:59:41.896,-1,EMA8,HOLD,STOP,2404
R4_TAIL2_4,74616,2026-09-11 12:59:58.020,-1,PIN7,HOLD,NONE,2039
R4_TAIL2_4,74618,2026-09-11 12:59:59.576,-1,EMA8,HOLD,NONE,815
R5_CURRENT,2587,2026-08-04 06:32:26.700,1,PIN7,DEV,TARGET,1
R5_CURRENT,2600,2026-08-04 06:36:28.908,1,PIN,DEV,STOP,4062
R5_CURRENT,2624,2026-08-04 06:41:15.464,1,PIN7,DEV,STOP,6581
R5_CURRENT,2711,2026-08-04 07:01:15.116,1,EMA8,DEV,TARGET,1931
R5_CURRENT,2713,2026-08-04 07:01:37.220,1,PIN7,DEV,TARGET,3981
R5_CURRENT,2715,2026-08-04 07:02:09.032,1,PIN7,DEV,TARGET,3487
R5_CURRENT,2716,2026-08-04 07:02:24.164,1,PIN7,DEV,TARGET,1
R5_CURRENT,2736,2026-08-04 07:05:50.564,1,EMA8,DEV,TARGET,3070
R5_CURRENT,2743,2026-08-04 07:08:25.252,1,EMA8,DEV,TARGET,1994
R5_CURRENT,2755,2026-08-04 07:14:56.764,1,PIN7,DEV,TARGET,1923
R5_CURRENT,2760,2026-08-04 07:16:44.524,1,EMA8,DEV,TARGET,4342
R5_CURRENT,2762,2026-08-04 07:17:18.796,1,EMA8,DEV,TARGET,704
R5_CURRENT,2771,2026-08-04 07:19:46.872,1,EMA8,DEV,STOP,2844
R5_CURRENT,2847,2026-08-04 07:37:29.576,1,EMA24,DEV,TARGET,538
R5_CURRENT,2872,2026-08-04 07:38:25.464,1,EMA50,DEV,TARGET,10450
R5_CURRENT,2874,2026-08-04 07:38:26.496,1,EMA50,DEV,STOP,5676
R5_CURRENT,2890,2026-08-04 07:42:47.812,1,PIN7,DEV,TARGET,6325
R5_CURRENT,2891,2026-08-04 07:43:36.808,1,PIN7,DEV,TARGET,1480
R5_CURRENT,2897,2026-08-04 07:45:16.056,1,EMA8,DEV,TARGET,17509
R5_CURRENT,2904,2026-08-04 07:48:15.420,1,EMA8,DEV,TARGET,3844
R5_CURRENT,2926,2026-08-04 07:58:03.960,1,EMA8,DEV,TARGET,1282
R5_CURRENT,2928,2026-08-04 07:59:01.968,1,PIN7,DEV,TARGET,1473
R5_CURRENT,3281,2026-08-04 11:00:49.780,-1,PIN,DEV,STOP,4036
R5_CURRENT,3302,2026-08-04 11:04:26.876,-1,PIN7,DEV,TARGET,388
R5_CURRENT,3304,2026-08-04 11:04:45.436,-1,PIN7,DEV,STOP,3725
R5_CURRENT,3391,2026-08-04 11:40:16.704,-1,PIN7,DEV,TARGET,366
R5_CURRENT,3401,2026-08-04 11:43:31.520,-1,PIN7,DEV,STOP,4322
R5_CURRENT,3417,2026-08-04 11:50:12.044,1,EMA8,DEV,TARGET,1990
R5_CURRENT,3420,2026-08-04 11:51:53.460,1,EMA8,DEV,STOP,10253
R5_CURRENT,3468,2026-08-04 12:13:40.804,1,EMA24,DEV,TARGET,3690
R5_CURRENT,3472,2026-08-04 12:16:19.744,1,EMA24,DEV,TARGET,527
R5_CURRENT,3509,2026-08-04 12:34:44.948,-1,EMA50,DEV,TARGET,5746
R5_CURRENT,3524,2026-08-04 12:40:15.916,1,EMA8,DEV,TARGET,1862
R5_CURRENT,3530,2026-08-04 12:43:46.932,1,EMA8,DEV,TARGET,216
R5_CURRENT,3560,2026-08-04 12:50:30.808,-1,PIN7,DEV,TARGET,5782
R5_CURRENT,3565,2026-08-04 12:51:50.464,-1,EMA8,DEV,TARGET,4104
R5_CURRENT,3567,2026-08-04 12:52:08.384,-1,EMA8,DEV,TARGET,10323
R5_CURRENT,3575,2026-08-04 12:54:08.616,-1,PIN7,DEV,TARGET,1356
R5_CURRENT,3576,2026-08-04 12:54:16.924,-1,PIN7,DEV,TARGET,1648
R5_CURRENT,3616,2026-08-04 12:59:44.036,-1,PIN7,DEV,TARGET,889
R5_CURRENT,4490,2026-08-05 06:31:06.756,1,PIN7,DEV,TARGET,2318
R5_CURRENT,4551,2026-08-05 06:37:14.184,-1,EMA50,DEV,TARGET,51
R5_CURRENT,4557,2026-08-05 06:37:37.112,-1,EMA50,DEV,TARGET,2820
R5_CURRENT,4578,2026-08-05 06:39:52.952,1,PIN,DEV,TARGET,84
R5_CURRENT,4581,2026-08-05 06:39:53.476,1,PIN,DEV,TARGET,1308
R5_CURRENT,4856,2026-08-05 07:01:46.872,-1,EMA8,DEV,TARGET,3804
R5_CURRENT,4899,2026-08-05 07:05:16.744,1,PIN7,DEV,TARGET,3356
R5_CURRENT,4909,2026-08-05 07:05:50.004,1,EMA8,DEV,STOP,3206
R5_CURRENT,4919,2026-08-05 07:06:16.744,1,EMA50,DEV,TARGET,380
R5_CURRENT,4993,2026-08-05 07:15:05.100,1,EMA24,DEV,TARGET,767
R5_CURRENT,5034,2026-08-05 07:20:20.652,-1,EMA8,DEV,TARGET,8420
R5_CURRENT,5036,2026-08-05 07:20:28.032,-1,EMA8,DEV,TARGET,4079
R5_CURRENT,5041,2026-08-05 07:21:06.552,-1,EMA8,DEV,STOP,4222
R5_CURRENT,5049,2026-08-05 07:22:10.876,-1,EMA8,DEV,TARGET,560
R5_CURRENT,5053,2026-08-05 07:22:26.564,-1,EMA8,DEV,TARGET,1439
R5_CURRENT,5057,2026-08-05 07:22:53.764,-1,EMA8,DEV,TARGET,4044
R5_CURRENT,5061,2026-08-05 07:23:12.508,-1,EMA8,DEV,TARGET,2746
R5_CURRENT,5066,2026-08-05 07:23:32.376,-1,PIN7,DEV,STOP,7258
R5_CURRENT,5123,2026-08-05 07:29:53.036,-1,PIN,DEV,TARGET,1775
R5_CURRENT,5129,2026-08-05 07:30:09.948,-1,PIN7,DEV,TARGET,5136
R5_CURRENT,5131,2026-08-05 07:30:19.320,-1,EMA8,DEV,TARGET,437
R5_CURRENT,5138,2026-08-05 07:31:06.088,-1,EMA24,DEV,TARGET,219
R5_CURRENT,5142,2026-08-05 07:31:25.308,-1,PIN7,DEV,TARGET,1025
R5_CURRENT,5149,2026-08-05 07:32:22.196,-1,EMA24,DEV,TARGET,591
R5_CURRENT,5188,2026-08-05 07:36:22.976,-1,PIN7,DEV,TARGET,724
R5_CURRENT,5203,2026-08-05 07:37:47.816,-1,EMA8,DEV,TARGET,1617
R5_CURRENT,5219,2026-08-05 07:40:03.340,-1,PIN7,DEV,STOP,1869
R5_CURRENT,5286,2026-08-05 07:47:55.580,1,EMA24,DEV,TARGET,25296
R5_CURRENT,5288,2026-08-05 07:48:09.160,1,EMA50,DEV,TARGET,20728
R5_CURRENT,5292,2026-08-05 07:49:16.472,1,EMA50,DEV,TARGET,3743
R5_CURRENT,5300,2026-08-05 07:50:22.408,1,EMA8,DEV,STOP,998
R5_CURRENT,5320,2026-08-05 07:52:31.212,-1,PIN,DEV,TARGET,11977
R5_CURRENT,6243,2026-08-05 11:03:24.612,1,PIN7,DEV,TARGET,631
R5_CURRENT,6260,2026-08-05 11:09:35.660,1,EMA50,DEV,TARGET,1686
R5_CURRENT,6284,2026-08-05 11:25:11.012,1,EMA50,DEV,TARGET,2024
R5_CURRENT,6311,2026-08-05 11:38:06.680,-1,EMA50,DEV,TARGET,14526
R5_CURRENT,6339,2026-08-05 11:57:17.108,-1,PIN7,DEV,STOP,3236
R5_CURRENT,6341,2026-08-05 11:57:43.964,-1,EMA8,DEV,TARGET,5750
R5_CURRENT,6343,2026-08-05 11:58:36.912,-1,EMA50,DEV,TARGET,2721
R5_CURRENT,6354,2026-08-05 12:02:57.728,-1,EMA50,DEV,TARGET,3599
R5_CURRENT,6385,2026-08-05 12:21:39.812,1,EMA50,DEV,TARGET,5730
R5_CURRENT,6389,2026-08-05 12:23:27.828,1,EMA50,DEV,TARGET,556
R5_CURRENT,6404,2026-08-05 12:35:01.624,-1,EMA8,DEV,TARGET,1503
R5_CURRENT,6406,2026-08-05 12:36:12.052,-1,PIN7,DEV,STOP,16190
R5_CURRENT,6412,2026-08-05 12:38:50.600,-1,EMA8,DEV,TARGET,1573
R5_CURRENT,6416,2026-08-05 12:41:21.152,-1,EMA24,DEV,STOP,12230
R5_CURRENT,6418,2026-08-05 12:43:07.336,-1,EMA50,DEV,TARGET,12952
R5_CURRENT,6461,2026-08-05 12:56:23.544,-1,PIN7,DEV,TARGET,459
R5_CURRENT,6470,2026-08-05 12:59:00.100,-1,PIN7,DEV,TARGET,578
R5_CURRENT,6471,2026-08-05 12:59:02.948,-1,PIN7,DEV,TARGET,598
R5_CURRENT,6484,2026-08-05 12:59:44.020,-1,PIN,DEV,TARGET,1
R5_CURRENT,7379,2026-08-06 06:33:16.124,-1,PIN,DEV,STOP,3611
R5_CURRENT,7387,2026-08-06 06:34:16.520,-1,EMA24,DEV,TARGET,91
R5_CURRENT,7419,2026-08-06 06:36:00.160,1,EMA8,DEV,TARGET,1022
R5_CURRENT,7426,2026-08-06 06:36:26.952,1,PIN7,DEV,TARGET,539
R5_CURRENT,7460,2026-08-06 06:39:35.764,-1,EMA8,DEV,TARGET,3190
R5_CURRENT,7485,2026-08-06 06:41:29.608,1,EMA50,DEV,TARGET,5618
R5_CURRENT,7493,2026-08-06 06:42:04.704,1,EMA8,DEV,STOP,15812
R5_CURRENT,7506,2026-08-06 06:43:01.568,1,EMA50,DEV,TARGET,3662
R5_CURRENT,7509,2026-08-06 06:43:23.676,1,PIN7,DEV,TARGET,2368
R5_CURRENT,7516,2026-08-06 06:43:52.588,1,EMA8,DEV,TARGET,3511
R5_CURRENT,7709,2026-08-06 07:07:48.944,1,EMA8,DEV,TARGET,14500
R5_CURRENT,7711,2026-08-06 07:08:14.028,1,EMA8,DEV,TARGET,7045
R5_CURRENT,7713,2026-08-06 07:08:50.888,1,EMA8,DEV,TARGET,1187
R5_CURRENT,7723,2026-08-06 07:10:43.428,1,EMA8,DEV,TARGET,4874
R5_CURRENT,7727,2026-08-06 07:12:00.300,1,EMA8,DEV,STOP,7349
R5_CURRENT,7791,2026-08-06 07:26:31.688,-1,EMA8,DEV,TARGET,1
R5_CURRENT,7799,2026-08-06 07:27:14.708,-1,EMA8,DEV,STOP,19763
R5_CURRENT,7801,2026-08-06 07:27:17.480,-1,EMA8,DEV,STOP,18332
R5_CURRENT,7803,2026-08-06 07:27:27.176,-1,EMA8,DEV,STOP,14902
R5_CURRENT,7879,2026-08-06 07:37:28.884,-1,PIN7,DEV,TARGET,18771
R5_CURRENT,7885,2026-08-06 07:38:59.048,-1,PIN7,DEV,TARGET,9619
R5_CURRENT,7931,2026-08-06 07:46:04.168,-1,EMA8,DEV,TARGET,8994
R5_CURRENT,7933,2026-08-06 07:46:41.772,-1,EMA8,DEV,TARGET,1685
R5_CURRENT,7936,2026-08-06 07:47:24.664,-1,EMA8,DEV,TARGET,12801
R5_CURRENT,7938,2026-08-06 07:48:13.348,-1,EMA8,DEV,TARGET,1873
R5_CURRENT,7973,2026-08-06 07:55:29.052,1,EMA8,DEV,TARGET,6546
R5_CURRENT,7975,2026-08-06 07:55:40.624,1,EMA8,DEV,TARGET,3298
R5_CURRENT,7978,2026-08-06 07:56:14.760,1,PIN7,DEV,TARGET,7557
R5_CURRENT,7980,2026-08-06 07:56:32.088,1,EMA8,DEV,TARGET,2479
R5_CURRENT,7994,2026-08-06 07:59:13.636,1,EMA24,DEV,TARGET,877
R5_CURRENT,8677,2026-08-06 11:05:36.956,1,PIN7,DEV,STOP,16441
R5_CURRENT,8684,2026-08-06 11:09:42.676,1,EMA24,DEV,TARGET,1233
R5_CURRENT,8698,2026-08-06 11:16:13.388,1,EMA50,DEV,TARGET,1
R5_CURRENT,8701,2026-08-06 11:16:21.144,1,PIN7,DEV,TARGET,2597
R5_CURRENT,8702,2026-08-06 11:16:42.048,1,PIN7,DEV,TARGET,1441
R5_CURRENT,8716,2026-08-06 11:20:01.468,1,EMA24,DEV,TARGET,4430
R5_CURRENT,8733,2026-08-06 11:31:33.676,1,EMA50,DEV,STOP,9031
R5_CURRENT,8758,2026-08-06 11:48:43.908,-1,EMA50,DEV,TARGET,806
R5_CURRENT,8782,2026-08-06 12:06:33.832,1,EMA8,DEV,TARGET,5907
R5_CURRENT,8788,2026-08-06 12:12:07.476,1,PIN7,DEV,STOP,3018
R5_CURRENT,8811,2026-08-06 12:25:50.168,-1,EMA8,DEV,STOP,2165
R5_CURRENT,8814,2026-08-06 12:26:17.040,-1,EMA24,DEV,TARGET,807
R5_CURRENT,8818,2026-08-06 12:27:38.708,-1,EMA8,DEV,TARGET,9418
R5_CURRENT,8842,2026-08-06 12:39:00.620,-1,PIN7,DEV,TARGET,6349
R5_CURRENT,8843,2026-08-06 12:40:00.680,-1,PIN7,DEV,TARGET,6236
R5_CURRENT,8844,2026-08-06 12:40:34.152,-1,PIN7,DEV,TARGET,4212
R5_CURRENT,8845,2026-08-06 12:41:21.528,-1,PIN7,DEV,TARGET,1623
R5_CURRENT,8847,2026-08-06 12:42:01.880,-1,PIN,DEV,TARGET,5327
R5_CURRENT,8858,2026-08-06 12:46:17.460,-1,EMA24,DEV,TARGET,201
R5_CURRENT,8885,2026-08-06 12:51:52.356,-1,EMA8,DEV,STOP,9941
R5_CURRENT,8906,2026-08-06 12:54:39.372,1,EMA8,DEV,STOP,14004
R5_CURRENT,8910,2026-08-06 12:55:00.280,1,EMA8,DEV,TARGET,1925
R5_CURRENT,9976,2026-08-07 06:32:21.132,1,EMA8,DEV,STOP,9353
R5_CURRENT,9986,2026-08-07 06:33:17.020,1,PIN7,DEV,STOP,1334
R5_CURRENT,10033,2026-08-07 06:36:39.064,-1,EMA8,DEV,TARGET,930
R5_CURRENT,10058,2026-08-07 06:39:17.644,1,EMA24,DEV,TARGET,4551
R5_CURRENT,10092,2026-08-07 06:41:51.860,1,EMA8,DEV,STOP,1511
R5_CURRENT,10114,2026-08-07 06:43:30.996,1,PIN7,DEV,TARGET,4531
R5_CURRENT,10115,2026-08-07 06:43:45.948,1,PIN7,DEV,TARGET,1190
R5_CURRENT,10119,2026-08-07 06:44:04.288,1,PIN,DEV,TARGET,16453
R5_CURRENT,10122,2026-08-07 06:44:38.264,1,EMA8,DEV,TARGET,2631
R5_CURRENT,10314,2026-08-07 07:01:12.332,1,EMA24,DEV,STOP,9360
R5_CURRENT,10350,2026-08-07 07:04:01.160,-1,PIN7,DEV,TARGET,2767
R5_CURRENT,10351,2026-08-07 07:04:07.676,-1,PIN7,DEV,TARGET,172
R5_CURRENT,10381,2026-08-07 07:06:28.088,-1,EMA50,DEV,STOP,4662
R5_CURRENT,10416,2026-08-07 07:09:46.176,-1,PIN7,DEV,TARGET,1122
R5_CURRENT,10421,2026-08-07 07:10:15.448,-1,EMA8,DEV,TARGET,7812
R5_CURRENT,10436,2026-08-07 07:11:37.476,-1,PIN7,DEV,TARGET,4849
R5_CURRENT,10437,2026-08-07 07:11:51.784,-1,PIN7,DEV,TARGET,2124
R5_CURRENT,10492,2026-08-07 07:17:33.552,1,EMA8,DEV,TARGET,494
R5_CURRENT,10499,2026-08-07 07:17:51.784,1,EMA8,DEV,TARGET,21708
R5_CURRENT,10506,2026-08-07 07:18:36.064,1,EMA8,DEV,TARGET,2272
R5_CURRENT,10508,2026-08-07 07:18:45.692,1,PIN7,DEV,TARGET,2894
R5_CURRENT,10533,2026-08-07 07:22:35.944,1,EMA24,DEV,TARGET,12442
R5_CURRENT,10542,2026-08-07 07:23:37.936,1,PIN7,DEV,TARGET,2554
R5_CURRENT,10544,2026-08-07 07:23:56.392,1,PIN7,DEV,TARGET,520
R5_CURRENT,10548,2026-08-07 07:24:15.416,1,EMA8,DEV,TARGET,11815
R5_CURRENT,10550,2026-08-07 07:24:30.576,1,EMA8,DEV,TARGET,7955
R5_CURRENT,10555,2026-08-07 07:25:38.068,1,PIN,DEV,TARGET,3925
R5_CURRENT,10562,2026-08-07 07:27:00.716,1,EMA8,DEV,TARGET,11723
R5_CURRENT,10569,2026-08-07 07:28:15.872,1,EMA8,DEV,TARGET,3968
R5_CURRENT,10571,2026-08-07 07:28:27.940,1,EMA8,DEV,TARGET,2729
R5_CURRENT,10573,2026-08-07 07:28:43.944,1,PIN7,DEV,TARGET,412
R5_CURRENT,10578,2026-08-07 07:29:34.648,1,EMA8,DEV,TARGET,2717
R5_CURRENT,10581,2026-08-07 07:30:03.296,1,EMA8,DEV,STOP,7206
R5_CURRENT,10590,2026-08-07 07:31:18.680,1,EMA50,DEV,STOP,5904
R5_CURRENT,10627,2026-08-07 07:36:09.288,-1,EMA8,DEV,TARGET,242
R5_CURRENT,10630,2026-08-07 07:36:18.460,-1,EMA8,DEV,TARGET,8530
R5_CURRENT,10668,2026-08-07 07:40:36.996,-1,EMA24,DEV,TARGET,16255
R5_CURRENT,10670,2026-08-07 07:40:54.744,-1,EMA50,DEV,TARGET,9923
R5_CURRENT,10674,2026-08-07 07:41:13.296,-1,EMA50,DEV,TARGET,3689
R5_CURRENT,10695,2026-08-07 07:43:47.252,-1,PIN7,DEV,TARGET,13053
R5_CURRENT,10714,2026-08-07 07:46:07.560,1,EMA8,DEV,TARGET,6780
R5_CURRENT,10787,2026-08-07 07:58:15.320,1,PIN7,DEV,TARGET,4563
R5_CURRENT,10795,2026-08-07 07:59:29.136,1,EMA24,DEV,TARGET,2602
R5_CURRENT,11240,2026-08-07 11:06:26.044,-1,PIN7,DEV,TARGET,14919
R5_CURRENT,11250,2026-08-07 11:13:32.356,-1,PIN7,DEV,TARGET,2641
R5_CURRENT,11252,2026-08-07 11:14:36.620,-1,PIN7,DEV,STOP,21261
R5_CURRENT,11256,2026-08-07 11:17:21.284,-1,EMA8,DEV,STOP,6702
R5_CURRENT,11261,2026-08-07 11:20:49.996,-1,EMA24,DEV,TARGET,4195
R5_CURRENT,11274,2026-08-07 11:31:12.824,-1,PIN7,DEV,STOP,9151
R5_CURRENT,11317,2026-08-07 12:01:23.260,1,PIN7,DEV,TARGET,321
R5_CURRENT,11331,2026-08-07 12:07:24.296,1,PIN,DEV,TARGET,9545
R5_CURRENT,11342,2026-08-07 12:13:23.056,1,EMA8,DEV,TARGET,8947
R5_CURRENT,11344,2026-08-07 12:15:08.788,1,EMA8,DEV,TARGET,2351
R5_CURRENT,11350,2026-08-07 12:16:59.584,1,PIN7,DEV,TARGET,641
R5_CURRENT,11440,2026-08-07 12:58:59.036,1,PIN7,DEV,TARGET,53
R5_CURRENT,11995,2026-08-10 06:31:48.184,1,EMA24,DEV,TARGET,786
R5_CURRENT,11999,2026-08-10 06:32:38.048,1,EMA8,DEV,TARGET,757
R5_CURRENT,12030,2026-08-10 06:36:08.676,-1,EMA24,DEV,STOP,2248
R5_CURRENT,12056,2026-08-10 06:39:22.584,-1,PIN7,DEV,STOP,7696
R5_CURRENT,12220,2026-08-10 07:10:41.420,1,PIN7,DEV,STOP,5194
R5_CURRENT,12231,2026-08-10 07:18:36.816,1,EMA24,DEV,TARGET,6069
R5_CURRENT,12323,2026-08-10 07:56:57.028,-1,EMA24,DEV,TARGET,1680
R5_CURRENT,12326,2026-08-10 07:57:25.276,-1,EMA8,DEV,TARGET,13612
R5_CURRENT,12328,2026-08-10 07:58:32.656,-1,EMA8,DEV,TARGET,7776
R5_CURRENT,12719,2026-08-10 11:36:11.156,-1,EMA50,DEV,TARGET,1833
R5_CURRENT,12741,2026-08-10 12:01:25.288,1,EMA8,DEV,TARGET,3492
R5_CURRENT,12747,2026-08-10 12:13:28.732,1,EMA8,DEV,TARGET,8461
R5_CURRENT,12749,2026-08-10 12:17:41.588,1,EMA8,DEV,TARGET,876
R5_CURRENT,12792,2026-08-10 12:55:05.104,-1,EMA24,DEV,TARGET,230
R5_CURRENT,13319,2026-08-11 06:31:41.036,-1,EMA8,DEV,TARGET,1222
R5_CURRENT,13322,2026-08-11 06:31:59.108,-1,EMA8,DEV,TARGET,5263
R5_CURRENT,13324,2026-08-11 06:32:15.448,-1,EMA8,DEV,TARGET,312
R5_CURRENT,13329,2026-08-11 06:32:42.888,-1,EMA8,DEV,TARGET,17500
R5_CURRENT,13341,2026-08-11 06:35:10.428,-1,EMA8,DEV,TARGET,3552
R5_CURRENT,13344,2026-08-11 06:35:35.276,-1,PIN7,DEV,TARGET,6481
R5_CURRENT,13345,2026-08-11 06:35:49.752,-1,PIN7,DEV,STOP,13478
R5_CURRENT,13346,2026-08-11 06:36:02.564,-1,PIN7,DEV,STOP,3493
R5_CURRENT,13351,2026-08-11 06:36:56.020,-1,EMA24,DEV,STOP,7798
R5_CURRENT,13389,2026-08-11 06:44:24.384,-1,PIN7,DEV,STOP,2762
R5_CURRENT,13576,2026-08-11 07:40:32.620,-1,EMA24,DEV,STOP,9153
R5_CURRENT,13902,2026-08-11 11:23:31.400,-1,PIN7,DEV,TARGET,13480
R5_CURRENT,13910,2026-08-11 11:29:04.884,-1,PIN,DEV,TARGET,4269
R5_CURRENT,13916,2026-08-11 11:29:56.236,-1,PIN,DEV,STOP,4467
R5_CURRENT,13929,2026-08-11 11:37:46.672,-1,EMA50,DEV,TARGET,583
R5_CURRENT,13961,2026-08-11 12:06:52.116,-1,EMA50,DEV,TARGET,1232
R5_CURRENT,13972,2026-08-11 12:23:11.516,1,PIN7,DEV,TARGET,2186
R5_CURRENT,13985,2026-08-11 12:36:35.848,1,EMA8,DEV,TARGET,988
R5_CURRENT,13987,2026-08-11 12:38:21.000,1,PIN7,DEV,STOP,11710
R5_CURRENT,13995,2026-08-11 12:46:08.832,1,EMA50,DEV,STOP,8220
R5_CURRENT,13997,2026-08-11 12:46:39.000,1,EMA50,DEV,STOP,6290
R5_CURRENT,14018,2026-08-11 12:54:13.412,-1,EMA8,DEV,STOP,1983
R5_CURRENT,14043,2026-08-11 12:59:39.544,-1,PIN7,DEV,STOP,2407
R5_CURRENT,14765,2026-08-12 06:31:20.752,-1,PIN,DEV,TARGET,1978
R5_CURRENT,14766,2026-08-12 06:31:26.692,-1,PIN,DEV,TARGET,2239
R5_CURRENT,14782,2026-08-12 06:33:10.604,-1,EMA8,DEV,STOP,9015
R5_CURRENT,14787,2026-08-12 06:33:51.856,-1,EMA24,DEV,TARGET,767
R5_CURRENT,14831,2026-08-12 06:38:44.284,-1,PIN7,DEV,TARGET,13008
R5_CURRENT,14836,2026-08-12 06:40:03.360,-1,PIN7,DEV,TARGET,1464
R5_CURRENT,14850,2026-08-12 06:42:02.528,-1,EMA50,DEV,TARGET,26383
R5_CURRENT,14975,2026-08-12 07:02:32.248,-1,PIN7,DEV,TARGET,12093
R5_CURRENT,15020,2026-08-12 07:16:09.928,1,PIN7,DEV,TARGET,16477
R5_CURRENT,15028,2026-08-12 07:18:18.288,1,PIN7,DEV,TARGET,329
R5_CURRENT,15094,2026-08-12 07:31:10.180,-1,EMA8,DEV,TARGET,1
R5_CURRENT,15096,2026-08-12 07:31:10.232,-1,EMA8,DEV,TARGET,1
R5_CURRENT,15098,2026-08-12 07:31:10.312,-1,EMA8,DEV,TARGET,1
R5_CURRENT,15139,2026-08-12 07:31:20.008,1,EMA24,DEV,TARGET,5135
R5_CURRENT,15146,2026-08-12 07:31:46.028,1,PIN7,DEV,STOP,8366
R5_CURRENT,15148,2026-08-12 07:32:03.888,1,EMA8,DEV,STOP,4136
R5_CURRENT,15175,2026-08-12 07:37:31.176,1,PIN7,DEV,TARGET,2954
R5_CURRENT,15177,2026-08-12 07:38:09.784,1,PIN7,DEV,STOP,9426
R5_CURRENT,15182,2026-08-12 07:39:18.036,1,EMA24,DEV,TARGET,5375
R5_CURRENT,15196,2026-08-12 07:43:43.552,1,EMA8,DEV,TARGET,673
R5_CURRENT,15226,2026-08-12 07:53:06.900,-1,EMA24,DEV,TARGET,381
R5_CURRENT,15240,2026-08-12 07:56:17.312,-1,EMA24,DEV,TARGET,765
R5_CURRENT,15248,2026-08-12 07:58:42.032,-1,EMA50,DEV,TARGET,18378
R5_CURRENT,15513,2026-08-12 11:36:03.720,1,PIN7,DEV,TARGET,8273
R5_CURRENT,15514,2026-08-12 11:40:25.116,1,PIN7,DEV,TARGET,2264
R5_CURRENT,15518,2026-08-12 11:48:22.108,1,EMA8,DEV,TARGET,4075
R5_CURRENT,15548,2026-08-12 12:42:11.932,-1,PIN7,DEV,TARGET,895
R5_CURRENT,15553,2026-08-12 12:45:32.068,-1,EMA24+EMA50,DEV,TARGET,1516
R5_CURRENT,15567,2026-08-12 12:54:35.500,-1,PIN7,DEV,TARGET,5064
R5_CURRENT,15570,2026-08-12 12:54:50.036,-1,EMA8,DEV,TARGET,1388
R5_CURRENT,15573,2026-08-12 12:55:17.252,-1,PIN7,DEV,STOP,12998
R5_CURRENT,16005,2026-08-13 06:32:49.272,1,EMA50,DEV,TARGET,1916
R5_CURRENT,16016,2026-08-13 06:34:21.652,1,EMA8,DEV,TARGET,1079
R5_CURRENT,16026,2026-08-13 06:35:48.232,1,PIN7,DEV,TARGET,6765
R5_CURRENT,16030,2026-08-13 06:36:43.512,1,PIN7,DEV,TARGET,2348
R5_CURRENT,16037,2026-08-13 06:39:21.008,1,EMA8,DEV,TARGET,1580
R5_CURRENT,16040,2026-08-13 06:39:57.076,1,PIN7,DEV,STOP,10757
R5_CURRENT,16104,2026-08-13 07:01:09.296,1,PIN,DEV,TARGET,8785
R5_CURRENT,16111,2026-08-13 07:04:44.408,1,EMA8,DEV,TARGET,1305
R5_CURRENT,16122,2026-08-13 07:08:55.156,1,EMA24,DEV,TARGET,841
R5_CURRENT,16127,2026-08-13 07:12:43.788,1,PIN7,DEV,STOP,19609
R5_CURRENT,16132,2026-08-13 07:15:52.120,1,EMA8,DEV,STOP,3444
R5_CURRENT,16156,2026-08-13 07:25:26.124,1,EMA8,DEV,TARGET,16100
R5_CURRENT,16159,2026-08-13 07:27:01.668,1,EMA8,DEV,TARGET,8148
R5_CURRENT,16173,2026-08-13 07:35:26.280,1,EMA8,DEV,TARGET,533
R5_CURRENT,16195,2026-08-13 07:47:27.768,-1,EMA8,DEV,TARGET,290
R5_CURRENT,16200,2026-08-13 07:49:10.108,-1,PIN,DEV,TARGET,152
R5_CURRENT,16202,2026-08-13 07:49:21.080,-1,PIN,DEV,STOP,8040
R5_CURRENT,16206,2026-08-13 07:50:03.240,-1,EMA8,DEV,STOP,4209
R5_CURRENT,16233,2026-08-13 07:58:27.352,-1,EMA50,DEV,STOP,18640
R5_CURRENT,16549,2026-08-13 11:35:43.984,1,PIN7,DEV,TARGET,7208
R5_CURRENT,16556,2026-08-13 11:50:33.608,1,PIN7,DEV,TARGET,7595
R5_CURRENT,16561,2026-08-13 12:00:25.748,1,EMA8,DEV,TARGET,3307
R5_CURRENT,16564,2026-08-13 12:05:25.360,1,EMA8,DEV,TARGET,853
R5_CURRENT,16567,2026-08-13 12:07:08.992,1,PIN7,DEV,TARGET,3566
R5_CURRENT,16568,2026-08-13 12:08:40.384,1,PIN7,DEV,TARGET,2173
R5_CURRENT,16577,2026-08-13 12:17:46.332,1,EMA24,DEV,TARGET,2590
R5_CURRENT,16581,2026-08-13 12:22:47.596,1,PIN7,DEV,STOP,7723
R5_CURRENT,16582,2026-08-13 12:25:08.080,1,PIN7,DEV,STOP,2208
R5_CURRENT,16585,2026-08-13 12:27:53.456,1,EMA24,DEV,TARGET,8599
R5_CURRENT,16615,2026-08-13 12:54:40.028,-1,EMA50,DEV,TARGET,2127
R5_CURRENT,16885,2026-08-14 06:31:24.252,-1,EMA8,DEV,TARGET,3145
R5_CURRENT,16914,2026-08-14 06:40:04.108,-1,EMA24,DEV,STOP,18855
R5_CURRENT,16999,2026-08-14 07:09:12.716,1,EMA8,DEV,STOP,14110
R5_CURRENT,17002,2026-08-14 07:10:06.516,1,EMA24,DEV,STOP,9982
R5_CURRENT,17041,2026-08-14 07:23:01.072,-1,EMA8,DEV,TARGET,17800
R5_CURRENT,17046,2026-08-14 07:24:38.732,-1,EMA8,DEV,TARGET,16116
R5_CURRENT,17053,2026-08-14 07:26:40.256,-1,EMA8,DEV,TARGET,1983
R5_CURRENT,17055,2026-08-14 07:27:23.612,-1,EMA8,DEV,TARGET,7941
R5_CURRENT,17063,2026-08-14 07:30:14.040,-1,EMA24,DEV,TARGET,1061
R5_CURRENT,17066,2026-08-14 07:30:44.692,-1,PIN7,DEV,TARGET,3558
R5_CURRENT,17067,2026-08-14 07:30:57.944,-1,PIN7,DEV,TARGET,1684
R5_CURRENT,17069,2026-08-14 07:31:38.368,-1,EMA8,DEV,TARGET,8782
R5_CURRENT,17071,2026-08-14 07:32:19.432,-1,EMA8,DEV,TARGET,3073
R5_CURRENT,17075,2026-08-14 07:33:20.016,-1,EMA8,DEV,STOP,24851
R5_CURRENT,17078,2026-08-14 07:34:58.808,-1,EMA8,DEV,STOP,11969
R5_CURRENT,17326,2026-08-14 11:10:46.004,1,PIN7,DEV,TARGET,4671
R5_CURRENT,17344,2026-08-14 11:43:01.040,1,PIN7,DEV,TARGET,10538
R5_CURRENT,17728,2026-08-17 06:32:50.512,-1,PIN7,DEV,TARGET,4387
R5_CURRENT,17729,2026-08-17 06:33:01.284,-1,PIN7,DEV,STOP,9892
R5_CURRENT,17735,2026-08-17 06:34:11.060,-1,PIN7,DEV,TARGET,5031
R5_CURRENT,17748,2026-08-17 06:36:21.240,-1,EMA24,DEV,TARGET,15198
R5_CURRENT,17750,2026-08-17 06:37:30.608,-1,EMA24,DEV,TARGET,3343
R5_CURRENT,17823,2026-08-17 07:00:14.276,-1,EMA8,DEV,TARGET,938
R5_CURRENT,17840,2026-08-17 07:03:12.332,-1,PIN7,DEV,STOP,4568
R5_CURRENT,17844,2026-08-17 07:04:25.032,-1,EMA50,DEV,TARGET,10346
R5_CURRENT,17881,2026-08-17 07:22:17.260,-1,PIN7,DEV,NONE,36712
R5_CURRENT,17908,2026-08-17 07:37:05.388,-1,PIN7,DEV,TARGET,2588
R5_CURRENT,17910,2026-08-17 07:38:39.176,-1,PIN7,DEV,STOP,14503
R5_CURRENT,18122,2026-08-17 11:09:00.236,-1,EMA50,DEV,TARGET,1223
R5_CURRENT,18174,2026-08-17 12:20:05.068,-1,EMA50,DEV,TARGET,7864
R5_CURRENT,18181,2026-08-17 12:32:01.096,-1,PIN7,DEV,TARGET,4021
R5_CURRENT,18182,2026-08-17 12:32:50.860,-1,PIN7,DEV,TARGET,604
R5_CURRENT,18190,2026-08-17 12:40:13.856,-1,EMA24,DEV,TARGET,3204
R5_CURRENT,18202,2026-08-17 12:52:51.016,-1,PIN7,DEV,TARGET,1739
R5_CURRENT,18220,2026-08-17 12:59:40.664,-1,EMA50,DEV,TARGET,1958
R5_CURRENT,18978,2026-08-18 06:31:32.724,1,EMA8,DEV,TARGET,414
R5_CURRENT,19003,2026-08-18 06:33:04.772,-1,PIN7,DEV,TARGET,5989
R5_CURRENT,19011,2026-08-18 06:33:28.284,-1,PIN7,DEV,STOP,6385
R5_CURRENT,19013,2026-08-18 06:33:37.880,-1,EMA8,DEV,TARGET,9022
R5_CURRENT,19017,2026-08-18 06:33:58.012,-1,EMA8,DEV,TARGET,1652
R5_CURRENT,19023,2026-08-18 06:34:25.540,-1,EMA24,DEV,STOP,9457
R5_CURRENT,19027,2026-08-18 06:34:45.356,-1,EMA50,DEV,STOP,3145
R5_CURRENT,19048,2026-08-18 06:36:07.436,1,EMA50,DEV,TARGET,5302
R5_CURRENT,19050,2026-08-18 06:36:10.676,1,EMA50,DEV,TARGET,3774
R5_CURRENT,19088,2026-08-18 06:39:35.528,1,EMA24,DEV,TARGET,689
R5_CURRENT,19100,2026-08-18 06:40:57.548,1,EMA8,DEV,TARGET,10555
R5_CURRENT,19251,2026-08-18 07:02:20.880,1,PIN7,DEV,TARGET,1979
R5_CURRENT,19280,2026-08-18 07:07:45.552,1,PIN7,DEV,TARGET,142
R5_CURRENT,19286,2026-08-18 07:08:55.048,1,EMA24,DEV,STOP,6918
R5_CURRENT,19288,2026-08-18 07:09:25.308,1,EMA50,DEV,STOP,1911
R5_CURRENT,19302,2026-08-18 07:11:35.256,-1,PIN,DEV,TARGET,3731
R5_CURRENT,19308,2026-08-18 07:12:24.392,-1,EMA8,DEV,STOP,3780
R5_CURRENT,19318,2026-08-18 07:14:11.564,-1,EMA24,DEV,STOP,8433
R5_CURRENT,19335,2026-08-18 07:16:40.876,1,EMA8,DEV,TARGET,4142
R5_CURRENT,19348,2026-08-18 07:18:37.696,1,PIN7,DEV,TARGET,1155
R5_CURRENT,19349,2026-08-18 07:18:42.392,1,PIN7,DEV,TARGET,2927
R5_CURRENT,19380,2026-08-18 07:25:00.228,1,EMA8,DEV,TARGET,7825
R5_CURRENT,19382,2026-08-18 07:25:15.764,1,EMA8,DEV,TARGET,4025
R5_CURRENT,19389,2026-08-18 07:26:38.012,1,EMA24,DEV,TARGET,516
R5_CURRENT,19396,2026-08-18 07:27:53.628,1,EMA50,DEV,TARGET,889
R5_CURRENT,19416,2026-08-18 07:31:38.556,1,EMA24,DEV,TARGET,9399
R5_CURRENT,19484,2026-08-18 07:50:09.792,-1,EMA50,DEV,TARGET,1131
R5_CURRENT,19499,2026-08-18 07:53:22.356,-1,PIN7,DEV,TARGET,115
R5_CURRENT,19501,2026-08-18 07:53:24.428,-1,PIN7,DEV,TARGET,1
R5_CURRENT,19510,2026-08-18 07:54:06.944,-1,EMA8,DEV,TARGET,6117
R5_CURRENT,19524,2026-08-18 07:57:23.440,-1,EMA24,DEV,TARGET,951
R5_CURRENT,19832,2026-08-18 11:05:24.816,-1,EMA8,DEV,TARGET,1981
R5_CURRENT,19878,2026-08-18 11:54:47.008,-1,PIN7,DEV,TARGET,1255
R5_CURRENT,19883,2026-08-18 12:00:01.880,-1,PIN7,DEV,STOP,20392
R5_CURRENT,19929,2026-08-18 12:56:14.180,-1,EMA8,DEV,TARGET,5008
R5_CURRENT,19931,2026-08-18 12:57:11.036,-1,EMA8,DEV,TARGET,5105
R5_CURRENT,20715,2026-08-19 06:31:07.624,-1,EMA50,DEV,TARGET,18835
R5_CURRENT,20719,2026-08-19 06:31:21.180,-1,EMA50,DEV,TARGET,13913
R5_CURRENT,20721,2026-08-19 06:31:25.820,-1,EMA50,DEV,TARGET,12040
R5_CURRENT,20747,2026-08-19 06:33:40.184,-1,EMA8,DEV,TARGET,1681
R5_CURRENT,20805,2026-08-19 06:40:27.852,-1,EMA8,DEV,TARGET,570
R5_CURRENT,20808,2026-08-19 06:40:56.512,-1,EMA8,DEV,STOP,3820
R5_CURRENT,20812,2026-08-19 06:41:19.264,-1,EMA24,DEV,TARGET,10946
R5_CURRENT,20836,2026-08-19 06:44:39.044,1,EMA8,DEV,TARGET,10707
R5_CURRENT,21042,2026-08-19 07:03:58.088,-1,PIN7,DEV,STOP,5948
R5_CURRENT,21095,2026-08-19 07:11:11.092,-1,PIN7,DEV,TARGET,4046
R5_CURRENT,21099,2026-08-19 07:12:07.208,-1,PIN7,DEV,STOP,13105
R5_CURRENT,21101,2026-08-19 07:12:18.104,-1,EMA8,DEV,TARGET,1959
R5_CURRENT,21103,2026-08-19 07:12:23.824,-1,EMA8,DEV,TARGET,714
R5_CURRENT,21110,2026-08-19 07:13:12.024,-1,EMA50,DEV,TARGET,987
R5_CURRENT,21143,2026-08-19 07:17:23.944,1,EMA8,DEV,TARGET,9932
R5_CURRENT,21161,2026-08-19 07:19:44.832,1,EMA24,DEV,STOP,6790
R5_CURRENT,21165,2026-08-19 07:20:09.140,1,EMA50,DEV,TARGET,1219
R5_CURRENT,21206,2026-08-19 07:26:29.780,-1,EMA24,DEV,TARGET,2728
R5_CURRENT,21225,2026-08-19 07:30:24.964,1,EMA8,DEV,TARGET,1020
R5_CURRENT,21228,2026-08-19 07:30:58.048,1,EMA8,DEV,TARGET,1251
R5_CURRENT,21232,2026-08-19 07:31:33.448,1,EMA8,DEV,TARGET,1838
R5_CURRENT,21237,2026-08-19 07:32:54.000,1,EMA8,DEV,TARGET,5273
R5_CURRENT,21239,2026-08-19 07:33:26.236,1,EMA8,DEV,TARGET,2709
R5_CURRENT,21245,2026-08-19 07:34:57.468,1,EMA24,DEV,TARGET,4205
R5_CURRENT,21252,2026-08-19 07:36:54.752,1,EMA8,DEV,TARGET,2394
R5_CURRENT,21255,2026-08-19 07:37:32.544,1,PIN,DEV,TARGET,3900
R5_CURRENT,21256,2026-08-19 07:38:00.032,1,PIN7,DEV,TARGET,627
R5_CURRENT,21274,2026-08-19 07:43:46.760,1,EMA8,DEV,TARGET,15899
R5_CURRENT,21308,2026-08-19 07:56:09.676,1,PIN7,DEV,TARGET,501
R5_CURRENT,21309,2026-08-19 07:56:12.928,1,PIN7,DEV,TARGET,1072
R5_CURRENT,21311,2026-08-19 07:56:46.280,1,PIN,DEV,TARGET,12773
R5_CURRENT,21700,2026-08-19 11:01:15.076,1,PIN7,DEV,TARGET,298
R5_CURRENT,21716,2026-08-19 11:05:12.540,1,EMA24,DEV,TARGET,696
R5_CURRENT,21734,2026-08-19 11:08:32.724,-1,PIN7,DEV,STOP,21822
R5_CURRENT,21737,2026-08-19 11:09:12.024,-1,EMA8,DEV,TARGET,1078
R5_CURRENT,21739,2026-08-19 11:09:47.120,-1,EMA8,DEV,STOP,12004
R5_CURRENT,21741,2026-08-19 11:10:30.596,-1,EMA8,DEV,STOP,6456
R5_CURRENT,21743,2026-08-19 11:11:16.744,-1,EMA8,DEV,STOP,2320
R5_CURRENT,21791,2026-08-19 11:34:12.500,1,EMA8,DEV,TARGET,1195
R5_CURRENT,21795,2026-08-19 11:35:52.824,1,EMA8,DEV,TARGET,25390
R5_CURRENT,21837,2026-08-19 12:09:37.936,1,PIN7,DEV,STOP,16169
R5_CURRENT,21882,2026-08-19 12:40:34.820,-1,EMA8,DEV,TARGET,1943
R5_CURRENT,21893,2026-08-19 12:45:43.884,-1,EMA8,DEV,TARGET,1092
R5_CURRENT,21905,2026-08-19 12:48:30.592,-1,EMA24,DEV,TARGET,813
R5_CURRENT,21908,2026-08-19 12:50:00.024,-1,EMA8,DEV,TARGET,1898
R5_CURRENT,21920,2026-08-19 12:52:00.224,-1,EMA8,DEV,TARGET,1351
R5_CURRENT,21958,2026-08-19 12:59:57.512,1,PIN7,DEV,TARGET,3518
R5_CURRENT,22989,2026-08-20 06:31:16.112,1,PIN7,DEV,TARGET,201
R5_CURRENT,23000,2026-08-20 06:32:55.440,1,EMA24,DEV,TARGET,272
R5_CURRENT,23015,2026-08-20 06:34:23.120,1,EMA8,DEV,TARGET,3440
R5_CURRENT,23017,2026-08-20 06:34:37.024,1,EMA8,DEV,TARGET,60
R5_CURRENT,23024,2026-08-20 06:35:15.608,1,EMA24,DEV,TARGET,1
R5_CURRENT,23033,2026-08-20 06:35:29.792,1,PIN7,DEV,TARGET,623
R5_CURRENT,23061,2026-08-20 06:39:36.900,1,PIN7,DEV,STOP,7626
R5_CURRENT,23079,2026-08-20 06:41:02.996,-1,EMA50,DEV,STOP,2372
R5_CURRENT,23096,2026-08-20 06:43:25.136,1,EMA8,DEV,TARGET,6850
R5_CURRENT,23098,2026-08-20 06:43:43.292,1,EMA8,DEV,TARGET,900
R5_CURRENT,23100,2026-08-20 06:44:03.852,1,PIN7,DEV,STOP,9021
R5_CURRENT,23102,2026-08-20 06:44:19.000,1,EMA8,DEV,STOP,5380
R5_CURRENT,23266,2026-08-20 07:03:58.616,-1,EMA24,DEV,TARGET,680
R5_CURRENT,23275,2026-08-20 07:05:05.376,-1,PIN7,DEV,TARGET,440
R5_CURRENT,23305,2026-08-20 07:08:35.256,-1,PIN7,DEV,STOP,2347
R5_CURRENT,23314,2026-08-20 07:09:51.876,1,PIN7,DEV,TARGET,5765
R5_CURRENT,23315,2026-08-20 07:09:58.196,1,PIN7,DEV,STOP,15776
R5_CURRENT,23316,2026-08-20 07:10:07.588,1,PIN7,DEV,STOP,11759
R5_CURRENT,23318,2026-08-20 07:10:28.672,1,EMA8,DEV,STOP,5286
R5_CURRENT,23327,2026-08-20 07:11:27.004,1,EMA50,DEV,STOP,8359
R5_CURRENT,23366,2026-08-20 07:18:03.704,-1,EMA8,DEV,STOP,10586
R5_CURRENT,23398,2026-08-20 07:21:36.476,1,EMA8,DEV,STOP,5948
R5_CURRENT,23416,2026-08-20 07:23:44.936,1,PIN7,DEV,TARGET,2999
R5_CURRENT,23424,2026-08-20 07:24:51.928,1,EMA8,DEV,STOP,6925
R5_CURRENT,23430,2026-08-20 07:25:28.572,1,EMA24,DEV,TARGET,450
R5_CURRENT,23456,2026-08-20 07:29:16.044,-1,PIN7,DEV,STOP,5974
R5_CURRENT,23460,2026-08-20 07:30:00.072,-1,EMA24+EMA50,DEV,TARGET,3586
R5_CURRENT,23462,2026-08-20 07:30:10.116,-1,EMA50,DEV,TARGET,160
R5_CURRENT,23488,2026-08-20 07:33:32.992,1,PIN7,DEV,TARGET,2826
R5_CURRENT,23489,2026-08-20 07:33:41.024,1,PIN7,DEV,TARGET,5336
R5_CURRENT,23490,2026-08-20 07:34:10.376,1,PIN7,DEV,TARGET,163
R5_CURRENT,23517,2026-08-20 07:37:35.788,1,PIN7,DEV,STOP,7542
R5_CURRENT,23552,2026-08-20 07:45:26.396,1,EMA8,DEV,TARGET,1202
R5_CURRENT,23602,2026-08-20 07:57:00.696,-1,EMA8,DEV,TARGET,4732
R5_CURRENT,23604,2026-08-20 07:57:21.260,-1,EMA50,DEV,TARGET,1
R5_CURRENT,24151,2026-08-20 11:10:09.464,-1,EMA8,DEV,TARGET,1979
R5_CURRENT,24161,2026-08-20 11:14:29.476,-1,EMA8,DEV,TARGET,3794
R5_CURRENT,24166,2026-08-20 11:16:50.604,-1,PIN,DEV,STOP,6072
R5_CURRENT,24251,2026-08-20 12:20:26.560,-1,PIN7,DEV,STOP,8539
R5_CURRENT,24270,2026-08-20 12:36:16.180,-1,EMA24,DEV,STOP,2190
R5_CURRENT,24280,2026-08-20 12:43:56.612,-1,PIN7,DEV,TARGET,785
R5_CURRENT,24322,2026-08-20 12:55:25.872,-1,EMA8,DEV,TARGET,938
R5_CURRENT,24330,2026-08-20 12:57:06.812,-1,EMA8,DEV,TARGET,1879
R5_CURRENT,24332,2026-08-20 12:57:26.816,-1,PIN7,DEV,STOP,9533
R5_CURRENT,24334,2026-08-20 12:58:06.760,-1,EMA8,DEV,STOP,5907
R5_CURRENT,24339,2026-08-20 12:59:00.448,-1,EMA24,DEV,STOP,7709
R5_CURRENT,24345,2026-08-20 12:59:39.680,-1,EMA50,DEV,TARGET,185
R5_CURRENT,24353,2026-08-20 12:59:53.388,-1,EMA8,DEV,STOP,4868
R5_CURRENT,24355,2026-08-20 12:59:55.408,-1,EMA24,DEV,STOP,3159
R5_CURRENT,25008,2026-08-21 06:31:49.388,-1,EMA24,DEV,TARGET,1415
R5_CURRENT,25013,2026-08-21 06:32:16.516,-1,EMA50,DEV,TARGET,1
R5_CURRENT,25038,2026-08-21 06:35:35.072,-1,EMA8,DEV,TARGET,1
R5_CURRENT,25088,2026-08-21 06:43:39.956,-1,PIN7,DEV,STOP,4020
R5_CURRENT,25195,2026-08-21 07:04:44.068,1,PIN7,DEV,TARGET,3938
R5_CURRENT,25213,2026-08-21 07:10:05.708,1,EMA24,DEV,TARGET,6229
R5_CURRENT,25234,2026-08-21 07:14:36.880,-1,EMA8,DEV,STOP,11100
R5_CURRENT,25236,2026-08-21 07:15:10.136,-1,EMA8,DEV,STOP,22969
R5_CURRENT,25306,2026-08-21 07:35:51.960,-1,PIN7,DEV,TARGET,1426
R5_CURRENT,25311,2026-08-21 07:36:54.256,-1,EMA8,DEV,TARGET,515
R5_CURRENT,25354,2026-08-21 07:51:14.888,1,EMA8,DEV,TARGET,11427
R5_CURRENT,25356,2026-08-21 07:51:57.240,1,EMA8,DEV,TARGET,5951
R5_CURRENT,25366,2026-08-21 07:54:53.580,1,EMA24,DEV,TARGET,5676
R5_CURRENT,25689,2026-08-21 11:01:57.436,-1,EMA24,DEV,STOP,4110
R5_CURRENT,25700,2026-08-21 11:13:49.524,-1,EMA24,DEV,TARGET,23522
R5_CURRENT,25706,2026-08-21 11:22:40.132,-1,EMA50,DEV,TARGET,4598
R5_CURRENT,25710,2026-08-21 11:30:21.212,-1,PIN7,DEV,TARGET,1054
R5_CURRENT,25712,2026-08-21 11:33:05.704,-1,PIN7,DEV,STOP,9153
R5_CURRENT,25743,2026-08-21 12:13:31.520,1,EMA24,DEV,TARGET,11527
R5_CURRENT,25745,2026-08-21 12:17:19.764,1,EMA50,DEV,TARGET,1776
R5_CURRENT,25770,2026-08-21 12:45:08.000,1,PIN7,DEV,TARGET,7741
R5_CURRENT,25776,2026-08-21 12:49:23.516,1,PIN7,DEV,STOP,2275
R5_CURRENT,25808,2026-08-21 12:59:40.164,-1,PIN7,DEV,TARGET,20
R5_CURRENT,26823,2026-08-24 06:31:01.644,-1,PIN,HOLD,TARGET,1
R5_CURRENT,26832,2026-08-24 06:31:30.156,-1,EMA24,HOLD,STOP,3555
R5_CURRENT,26838,2026-08-24 06:32:02.968,-1,EMA50,HOLD,TARGET,2698
R5_CURRENT,26853,2026-08-24 06:33:54.080,-1,EMA8,HOLD,TARGET,16426
R5_CURRENT,26860,2026-08-24 06:35:10.788,-1,PIN7,HOLD,STOP,5177
R5_CURRENT,26871,2026-08-24 06:36:21.780,-1,EMA50,HOLD,STOP,7367
R5_CURRENT,26891,2026-08-24 06:39:00.164,-1,EMA8,HOLD,STOP,20324
R5_CURRENT,26930,2026-08-24 06:43:43.568,-1,EMA8,HOLD,TARGET,9011
R5_CURRENT,26932,2026-08-24 06:44:19.540,-1,EMA8,HOLD,TARGET,583
R5_CURRENT,27036,2026-08-24 07:00:00.856,1,EMA50,HOLD,TARGET,5432
R5_CURRENT,27038,2026-08-24 07:00:06.180,1,EMA50,HOLD,TARGET,2633
R5_CURRENT,27040,2026-08-24 07:00:12.372,1,EMA50,HOLD,TARGET,554
R5_CURRENT,27069,2026-08-24 07:03:32.376,-1,EMA8,HOLD,TARGET,1601
R5_CURRENT,27097,2026-08-24 07:09:28.340,-1,PIN7,HOLD,STOP,3862
R5_CURRENT,27110,2026-08-24 07:13:01.032,-1,PIN7,HOLD,STOP,7177
R5_CURRENT,27151,2026-08-24 07:23:59.072,1,EMA24,HOLD,STOP,5497
R5_CURRENT,27177,2026-08-24 07:33:34.588,1,PIN,HOLD,TARGET,2332
R5_CURRENT,27183,2026-08-24 07:36:09.316,1,EMA8,HOLD,TARGET,3239
R5_CURRENT,27185,2026-08-24 07:36:27.016,1,EMA8,HOLD,TARGET,4752
R5_CURRENT,27190,2026-08-24 07:38:34.228,1,EMA8,HOLD,TARGET,19918
R5_CURRENT,27207,2026-08-24 07:45:30.984,1,EMA50,HOLD,TARGET,307
R5_CURRENT,27236,2026-08-24 07:58:49.856,1,EMA50,HOLD,TARGET,6675
R5_CURRENT,27562,2026-08-24 11:14:21.836,1,PIN7,HOLD,TARGET,2343
R5_CURRENT,27581,2026-08-24 11:28:57.680,1,PIN7,HOLD,TARGET,4193
R5_CURRENT,27654,2026-08-24 12:50:00.032,-1,EMA50,HOLD,TARGET,5274
R5_CURRENT,27659,2026-08-24 12:52:00.084,-1,PIN7,HOLD,TARGET,654
R5_CURRENT,27671,2026-08-24 12:56:03.724,-1,EMA50,HOLD,STOP,2283
R5_CURRENT,28463,2026-08-25 06:37:54.456,1,PIN7,HOLD,STOP,11643
R5_CURRENT,28553,2026-08-25 07:00:05.964,-1,EMA8,HOLD,TARGET,7674
R5_CURRENT,28568,2026-08-25 07:03:45.636,-1,EMA24,HOLD,TARGET,1640
R5_CURRENT,28574,2026-08-25 07:05:59.660,-1,EMA24,HOLD,TARGET,3899
R5_CURRENT,28582,2026-08-25 07:08:25.876,-1,EMA8,HOLD,STOP,19168
R5_CURRENT,28614,2026-08-25 07:22:41.676,-1,PIN7,HOLD,TARGET,5517
R5_CURRENT,28615,2026-08-25 07:22:58.988,-1,PIN7,HOLD,TARGET,4403
R5_CURRENT,28616,2026-08-25 07:23:21.644,-1,PIN7,HOLD,TARGET,7809
R5_CURRENT,28645,2026-08-25 07:30:28.516,-1,EMA8,HOLD,TARGET,1
R5_CURRENT,28702,2026-08-25 07:31:24.300,1,EMA8,HOLD,TARGET,4761
R5_CURRENT,28706,2026-08-25 07:32:14.608,1,PIN7,HOLD,TARGET,498
R5_CURRENT,28715,2026-08-25 07:34:01.968,1,EMA8,HOLD,STOP,5352
R5_CURRENT,28724,2026-08-25 07:36:06.064,1,EMA50,HOLD,TARGET,2347
R5_CURRENT,28757,2026-08-25 07:48:17.324,-1,EMA50,HOLD,TARGET,14818
R5_CURRENT,29029,2026-08-25 11:45:29.616,1,PIN7,HOLD,TARGET,240
R5_CURRENT,29035,2026-08-25 11:59:02.464,1,EMA8,HOLD,TARGET,2815
R5_CURRENT,29751,2026-08-26 06:33:03.000,1,EMA24,HOLD,TARGET,16763
R5_CURRENT,29760,2026-08-26 06:34:08.404,1,PIN7,HOLD,TARGET,3035
R5_CURRENT,29761,2026-08-26 06:34:20.020,1,PIN7,HOLD,TARGET,743
R5_CURRENT,29764,2026-08-26 06:34:43.184,1,EMA8,HOLD,TARGET,1764
R5_CURRENT,29767,2026-08-26 06:35:01.308,1,EMA8,HOLD,STOP,2464
R5_CURRENT,29802,2026-08-26 06:39:26.060,1,EMA24,HOLD,TARGET,17590
R5_CURRENT,29826,2026-08-26 06:43:30.880,1,PIN7,HOLD,TARGET,883
R5_CURRENT,29831,2026-08-26 06:43:34.616,1,PIN,HOLD,STOP,5426
R5_CURRENT,29835,2026-08-26 06:43:43.896,1,EMA8,HOLD,TARGET,8932
R5_CURRENT,29837,2026-08-26 06:44:02.284,1,EMA8,HOLD,TARGET,1696
R5_CURRENT,29900,2026-08-26 07:00:17.256,1,EMA24,HOLD,TARGET,2565
R5_CURRENT,29904,2026-08-26 07:02:09.948,1,EMA24,HOLD,TARGET,3115
R5_CURRENT,29910,2026-08-26 07:05:35.964,1,EMA24,HOLD,TARGET,9616
R5_CURRENT,29935,2026-08-26 07:15:28.088,-1,EMA8,HOLD,TARGET,5651
R5_CURRENT,29941,2026-08-26 07:18:26.280,-1,EMA24,HOLD,TARGET,822
R5_CURRENT,29946,2026-08-26 07:20:58.876,-1,PIN7,HOLD,TARGET,800
R5_CURRENT,29954,2026-08-26 07:23:51.400,-1,EMA8,HOLD,TARGET,794
R5_CURRENT,29957,2026-08-26 07:25:01.820,-1,PIN7,HOLD,TARGET,8398
R5_CURRENT,29958,2026-08-26 07:25:46.456,-1,PIN7,HOLD,TARGET,1581
R5_CURRENT,29962,2026-08-26 07:27:01.112,-1,PIN,HOLD,TARGET,11789
R5_CURRENT,29979,2026-08-26 07:32:17.356,-1,EMA8,HOLD,STOP,14758
R5_CURRENT,30019,2026-08-26 07:54:49.608,1,EMA8,HOLD,TARGET,11388
R5_CURRENT,30026,2026-08-26 07:59:54.072,1,EMA8,HOLD,TARGET,2386
R5_CURRENT,30316,2026-08-26 11:52:20.032,1,EMA8,HOLD,TARGET,2221
R5_CURRENT,30321,2026-08-26 11:57:24.740,1,EMA8,HOLD,TARGET,947
R5_CURRENT,30345,2026-08-26 12:15:07.732,1,EMA24,HOLD,TARGET,2281
R5_CURRENT,30405,2026-08-26 12:59:00.164,-1,PIN7,HOLD,TARGET,2144
R5_CURRENT,30416,2026-08-26 12:59:55.268,-1,EMA24,HOLD,TARGET,290
R5_CURRENT,31396,2026-08-27 06:31:59.912,-1,PIN,HOLD,TARGET,2007
R5_CURRENT,31456,2026-08-27 06:37:47.704,-1,EMA50,HOLD,TARGET,1453
R5_CURRENT,31497,2026-08-27 06:43:34.728,1,EMA8,HOLD,TARGET,8466
R5_CURRENT,31501,2026-08-27 06:44:04.728,1,EMA8,HOLD,TARGET,1
R5_CURRENT,31677,2026-08-27 07:01:42.060,1,EMA8,HOLD,STOP,15986
R5_CURRENT,31682,2026-08-27 07:02:17.404,1,EMA24,HOLD,TARGET,10899
R5_CURRENT,31700,2026-08-27 07:04:47.928,1,EMA24,HOLD,TARGET,5850
R5_CURRENT,31706,2026-08-27 07:05:40.492,1,EMA8,HOLD,STOP,8282
R5_CURRENT,31722,2026-08-27 07:07:27.932,-1,EMA8,HOLD,STOP,6946
R5_CURRENT,31729,2026-08-27 07:08:22.492,-1,EMA50,HOLD,TARGET,859
R5_CURRENT,31760,2026-08-27 07:13:25.644,1,EMA50,HOLD,TARGET,2176
R5_CURRENT,31773,2026-08-27 07:16:48.264,1,EMA24,HOLD,TARGET,10411
R5_CURRENT,31778,2026-08-27 07:18:28.068,1,PIN7,HOLD,TARGET,919
R5_CURRENT,31783,2026-08-27 07:20:02.780,1,EMA8,HOLD,TARGET,1646
R5_CURRENT,31786,2026-08-27 07:21:01.624,1,PIN7,HOLD,STOP,5033
R5_CURRENT,31790,2026-08-27 07:22:06.456,1,EMA24,HOLD,TARGET,14624
R5_CURRENT,31843,2026-08-27 07:36:50.584,1,PIN7,HOLD,TARGET,2095
R5_CURRENT,31844,2026-08-27 07:37:07.932,1,PIN7,HOLD,TARGET,1267
R5_CURRENT,31888,2026-08-27 07:49:51.540,1,PIN,HOLD,TARGET,21169
R5_CURRENT,31921,2026-08-27 07:59:29.788,1,PIN7,HOLD,TARGET,10925
R5_CURRENT,32186,2026-08-27 11:01:52.068,-1,PIN7,HOLD,TARGET,1
R5_CURRENT,32190,2026-08-27 11:02:18.828,-1,PIN,HOLD,STOP,9419
R5_CURRENT,32192,2026-08-27 11:03:29.028,-1,EMA8,HOLD,TARGET,4726
R5_CURRENT,32194,2026-08-27 11:04:11.016,-1,EMA8,HOLD,TARGET,198
R5_CURRENT,32208,2026-08-27 11:12:07.420,-1,EMA8,HOLD,TARGET,1648
R5_CURRENT,32211,2026-08-27 11:13:17.364,-1,EMA8,HOLD,TARGET,1002
R5_CURRENT,32213,2026-08-27 11:13:57.080,-1,PIN7,HOLD,TARGET,571
R5_CURRENT,32221,2026-08-27 11:16:20.984,-1,EMA8,HOLD,STOP,8332
R5_CURRENT,32237,2026-08-27 11:26:33.700,-1,PIN7,HOLD,TARGET,1900
R5_CURRENT,32238,2026-08-27 11:27:01.020,-1,PIN7,HOLD,TARGET,1377
R5_CURRENT,32245,2026-08-27 11:29:02.884,-1,EMA8,HOLD,TARGET,1850
R5_CURRENT,32287,2026-08-27 11:49:46.440,-1,PIN7,HOLD,TARGET,793
R5_CURRENT,32333,2026-08-27 12:15:41.932,1,EMA50,HOLD,TARGET,1066
R5_CURRENT,32348,2026-08-27 12:26:08.756,1,EMA50,HOLD,TARGET,19015
R5_CURRENT,32359,2026-08-27 12:33:42.088,1,PIN7,HOLD,TARGET,4824
R5_CURRENT,32360,2026-08-27 12:34:39.128,1,PIN7,HOLD,TARGET,2171
R5_CURRENT,32378,2026-08-27 12:50:40.340,1,EMA24,HOLD,TARGET,6608
R5_CURRENT,32393,2026-08-27 12:55:12.044,1,EMA8,HOLD,STOP,6080
R5_CURRENT,32395,2026-08-27 12:55:30.552,1,EMA8,HOLD,TARGET,25352
R5_CURRENT,32397,2026-08-27 12:56:18.680,1,EMA24,HOLD,TARGET,10665
R5_CURRENT,32898,2026-08-28 06:38:18.376,1,EMA24,HOLD,TARGET,16192
R5_CURRENT,32900,2026-08-28 06:39:16.380,1,EMA24,HOLD,TARGET,4841
R5_CURRENT,32919,2026-08-28 06:44:57.920,1,EMA24,HOLD,STOP,5081
R5_CURRENT,33012,2026-08-28 07:00:00.488,-1,EMA24,HOLD,NONE,0
R5_CURRENT,33133,2026-08-28 07:00:15.744,1,PIN7,HOLD,TARGET,13
R5_CURRENT,33140,2026-08-28 07:00:19.516,1,PIN7,HOLD,TARGET,1310
R5_CURRENT,33143,2026-08-28 07:00:20.956,1,EMA8,HOLD,TARGET,186
R5_CURRENT,33145,2026-08-28 07:00:22.072,1,EMA8,HOLD,TARGET,247
R5_CURRENT,33149,2026-08-28 07:00:23.412,1,EMA8,HOLD,STOP,222
R5_CURRENT,33162,2026-08-28 07:00:32.000,1,EMA50,HOLD,TARGET,19
R5_CURRENT,33167,2026-08-28 07:00:39.456,1,PIN7,HOLD,TARGET,147
R5_CURRENT,33168,2026-08-28 07:00:39.704,1,PIN7,HOLD,TARGET,1358
R5_CURRENT,33198,2026-08-28 07:01:49.600,-1,EMA8,HOLD,STOP,8888
R5_CURRENT,33200,2026-08-28 07:01:51.768,-1,EMA8,HOLD,TARGET,2805
R5_CURRENT,33202,2026-08-28 07:01:53.808,-1,EMA8,HOLD,STOP,6262
R5_CURRENT,33205,2026-08-28 07:02:09.844,-1,EMA24,HOLD,TARGET,3003
R5_CURRENT,33220,2026-08-28 07:02:57.652,-1,EMA50,HOLD,TARGET,5135
R5_CURRENT,33235,2026-08-28 07:03:52.036,-1,EMA8,HOLD,TARGET,1322
R5_CURRENT,33239,2026-08-28 07:04:06.452,-1,PIN7,HOLD,STOP,13065
R5_CURRENT,33242,2026-08-28 07:04:17.184,-1,EMA8,HOLD,TARGET,704
R5_CURRENT,33280,2026-08-28 07:06:31.036,-1,PIN7,HOLD,STOP,12273
R5_CURRENT,33284,2026-08-28 07:06:52.520,-1,EMA8,HOLD,TARGET,6822
R5_CURRENT,33290,2026-08-28 07:07:12.584,-1,EMA8,HOLD,STOP,5218
R5_CURRENT,33294,2026-08-28 07:07:30.536,-1,EMA24,HOLD,TARGET,25072
R5_CURRENT,33335,2026-08-28 07:10:46.692,-1,PIN7,HOLD,TARGET,12492
R5_CURRENT,33336,2026-08-28 07:11:16.484,-1,PIN7,HOLD,TARGET,5567
R5_CURRENT,33338,2026-08-28 07:11:31.348,-1,EMA8,HOLD,TARGET,1
R5_CURRENT,33341,2026-08-28 07:11:46.592,-1,PIN7,HOLD,STOP,6145
R5_CURRENT,33342,2026-08-28 07:11:52.832,-1,PIN7,HOLD,STOP,1707
R5_CURRENT,33351,2026-08-28 07:12:54.552,-1,EMA24,HOLD,TARGET,2879
R5_CURRENT,33358,2026-08-28 07:13:33.236,-1,PIN,HOLD,TARGET,3440
R5_CURRENT,33362,2026-08-28 07:14:03.996,-1,EMA8,HOLD,STOP,5077
R5_CURRENT,33399,2026-08-28 07:17:46.304,1,PIN7,HOLD,TARGET,3644
R5_CURRENT,33401,2026-08-28 07:18:10.060,1,PIN,HOLD,TARGET,1649
R5_CURRENT,33405,2026-08-28 07:18:31.644,1,EMA8,HOLD,TARGET,1225
R5_CURRENT,33407,2026-08-28 07:18:43.252,1,PIN7,HOLD,TARGET,10589
R5_CURRENT,33411,2026-08-28 07:19:24.168,1,PIN7,HOLD,TARGET,1
R5_CURRENT,33415,2026-08-28 07:19:43.604,1,EMA8,HOLD,TARGET,11030
R5_CURRENT,33472,2026-08-28 07:26:09.456,-1,PIN7,HOLD,TARGET,1674
R5_CURRENT,33487,2026-08-28 07:27:42.952,-1,PIN7,HOLD,TARGET,2207
R5_CURRENT,33494,2026-08-28 07:28:44.952,-1,EMA8,HOLD,STOP,4427
R5_CURRENT,33502,2026-08-28 07:29:32.816,-1,EMA50,HOLD,STOP,7500
R5_CURRENT,33536,2026-08-28 07:31:35.132,1,PIN7,HOLD,STOP,2109
R5_CURRENT,33548,2026-08-28 07:32:23.584,1,EMA50,HOLD,TARGET,2297
R5_CURRENT,33559,2026-08-28 07:33:42.908,1,PIN7,HOLD,TARGET,2636
R5_CURRENT,33566,2026-08-28 07:34:31.848,1,EMA8,HOLD,TARGET,5225
R5_CURRENT,33568,2026-08-28 07:34:47.396,1,EMA8,HOLD,TARGET,2759
R5_CURRENT,33571,2026-08-28 07:35:25.568,1,PIN7,HOLD,TARGET,12776
R5_CURRENT,33577,2026-08-28 07:36:15.276,1,PIN7,HOLD,TARGET,1157
R5_CURRENT,33586,2026-08-28 07:37:43.952,1,EMA8,HOLD,TARGET,655
R5_CURRENT,33589,2026-08-28 07:38:14.104,1,EMA8,HOLD,TARGET,1
R5_CURRENT,33598,2026-08-28 07:40:16.532,1,EMA24,HOLD,TARGET,1861
R5_CURRENT,33610,2026-08-28 07:42:52.428,1,EMA8,HOLD,TARGET,561
R5_CURRENT,33616,2026-08-28 07:43:56.116,1,EMA8,HOLD,TARGET,1000
R5_CURRENT,33620,2026-08-28 07:44:33.828,1,PIN,HOLD,TARGET,3030
R5_CURRENT,33621,2026-08-28 07:44:42.492,1,PIN,HOLD,STOP,16946
R5_CURRENT,33627,2026-08-28 07:45:29.024,1,EMA8,HOLD,STOP,4407
R5_CURRENT,33631,2026-08-28 07:46:09.628,1,EMA24,HOLD,TARGET,5362
R5_CURRENT,33637,2026-08-28 07:47:08.924,1,EMA8,HOLD,TARGET,2523
R5_CURRENT,33647,2026-08-28 07:50:20.836,1,PIN7,HOLD,TARGET,2256
R5_CURRENT,33648,2026-08-28 07:50:25.360,1,PIN7,HOLD,TARGET,2864
R5_CURRENT,33652,2026-08-28 07:51:32.292,1,EMA8,HOLD,TARGET,10310
R5_CURRENT,33657,2026-08-28 07:52:30.424,1,EMA8,HOLD,TARGET,6213
R5_CURRENT,33659,2026-08-28 07:53:01.616,1,PIN7,HOLD,TARGET,6645
R5_CURRENT,33661,2026-08-28 07:53:12.428,1,EMA8,HOLD,TARGET,2331
R5_CURRENT,33665,2026-08-28 07:54:02.320,1,PIN,HOLD,TARGET,22833
R5_CURRENT,33670,2026-08-28 07:55:47.512,1,EMA8,HOLD,TARGET,1858
R5_CURRENT,33672,2026-08-28 07:56:25.168,1,PIN7,HOLD,TARGET,18331
R5_CURRENT,33676,2026-08-28 07:57:37.104,1,EMA8,HOLD,TARGET,14031
R5_CURRENT,33678,2026-08-28 07:59:12.924,1,PIN7,HOLD,TARGET,1100
R5_CURRENT,34528,2026-08-28 11:01:55.176,1,EMA50,HOLD,TARGET,6138
R5_CURRENT,34537,2026-08-28 11:05:06.168,1,EMA24,HOLD,TARGET,1037
R5_CURRENT,34543,2026-08-28 11:07:14.452,1,EMA50,HOLD,TARGET,2875
R5_CURRENT,34597,2026-08-28 11:29:21.288,-1,EMA50,HOLD,TARGET,1712
R5_CURRENT,34607,2026-08-28 11:32:42.864,-1,EMA50,HOLD,STOP,6912
R5_CURRENT,34643,2026-08-28 11:51:04.068,-1,PIN,HOLD,TARGET,14830
R5_CURRENT,34661,2026-08-28 11:59:46.716,-1,EMA50,HOLD,TARGET,6582
R5_CURRENT,34688,2026-08-28 12:12:51.752,1,EMA8,HOLD,TARGET,37792
R5_CURRENT,34691,2026-08-28 12:14:26.916,1,EMA24,HOLD,TARGET,1528
R5_CURRENT,34704,2026-08-28 12:22:03.272,1,EMA8,HOLD,STOP,7634
R5_CURRENT,34709,2026-08-28 12:25:16.408,1,EMA24,HOLD,TARGET,2152
R5_CURRENT,34732,2026-08-28 12:39:40.992,1,PIN7,HOLD,TARGET,830
R5_CURRENT,34759,2026-08-28 12:50:25.512,1,EMA8,HOLD,STOP,7141
R5_CURRENT,34785,2026-08-28 12:56:40.660,1,PIN7,HOLD,TARGET,2895
R5_CURRENT,34786,2026-08-28 12:57:14.780,1,PIN7,HOLD,STOP,7939
R5_CURRENT,34813,2026-08-28 12:59:58.116,-1,EMA8,HOLD,STOP,1872
R5_CURRENT,35869,2026-08-31 06:31:36.588,1,EMA50,HOLD,TARGET,3749
R5_CURRENT,35892,2026-08-31 06:33:26.868,-1,PIN,HOLD,TARGET,2286
R5_CURRENT,35893,2026-08-31 06:33:30.488,-1,PIN7,HOLD,STOP,4073
R5_CURRENT,35902,2026-08-31 06:34:25.472,-1,EMA8,HOLD,TARGET,5434
R5_CURRENT,35905,2026-08-31 06:34:56.056,-1,EMA8,HOLD,TARGET,1157
R5_CURRENT,35930,2026-08-31 06:37:30.532,-1,EMA50,HOLD,TARGET,168
R5_CURRENT,35979,2026-08-31 06:43:55.208,-1,EMA8,HOLD,TARGET,792
R5_CURRENT,36124,2026-08-31 07:05:58.588,-1,EMA50,HOLD,TARGET,4921
R5_CURRENT,36195,2026-08-31 07:25:13.844,-1,PIN,HOLD,TARGET,8471
R5_CURRENT,36245,2026-08-31 07:41:20.552,1,EMA8,HOLD,TARGET,657
R5_CURRENT,36247,2026-08-31 07:41:45.384,1,PIN7,HOLD,TARGET,6348
R5_CURRENT,36249,2026-08-31 07:42:27.436,1,EMA8,HOLD,TARGET,1091
R5_CURRENT,36287,2026-08-31 07:55:27.204,1,PIN7,HOLD,TARGET,6317
R5_CURRENT,36292,2026-08-31 07:56:43.872,1,PIN7,HOLD,TARGET,3608
R5_CURRENT,36658,2026-08-31 11:38:07.212,-1,PIN,HOLD,TARGET,1130
R5_CURRENT,36673,2026-08-31 11:45:11.620,-1,EMA8,HOLD,STOP,26317
R5_CURRENT,36701,2026-08-31 12:10:01.120,1,PIN7,HOLD,TARGET,716
R5_CURRENT,36706,2026-08-31 12:13:47.980,1,EMA8,HOLD,TARGET,1024
R5_CURRENT,36721,2026-08-31 12:26:38.088,1,EMA8,HOLD,TARGET,2504
R5_CURRENT,36730,2026-08-31 12:31:13.152,1,EMA24,HOLD,STOP,7927
R5_CURRENT,36733,2026-08-31 12:33:56.760,1,EMA50,HOLD,TARGET,2596
R5_CURRENT,36736,2026-08-31 12:36:19.564,1,PIN7,HOLD,TARGET,3969
R5_CURRENT,36737,2026-08-31 12:37:49.276,1,PIN7,HOLD,TARGET,7170
R5_CURRENT,36738,2026-08-31 12:40:13.636,1,PIN7,HOLD,TARGET,3461
R5_CURRENT,36739,2026-08-31 12:41:30.284,1,PIN7,HOLD,TARGET,1142
R5_CURRENT,36742,2026-08-31 12:43:37.704,1,PIN,HOLD,TARGET,1255
R5_CURRENT,36746,2026-08-31 12:45:49.248,1,EMA8,HOLD,TARGET,1375
R5_CURRENT,36802,2026-08-31 12:59:06.024,1,PIN7,HOLD,TARGET,1405
R5_CURRENT,36807,2026-08-31 12:59:21.176,1,PIN,HOLD,STOP,5082
R5_CURRENT,36827,2026-08-31 12:59:56.460,-1,PIN7,HOLD,TARGET,830
R5_CURRENT,37777,2026-09-01 06:31:35.144,-1,EMA50,HOLD,STOP,6399
R5_CURRENT,37828,2026-09-01 06:37:31.048,1,EMA50,HOLD,TARGET,1020
R5_CURRENT,37861,2026-09-01 06:41:36.676,-1,EMA8,HOLD,STOP,12041
R5_CURRENT,37867,2026-09-01 06:42:59.032,-1,EMA50,HOLD,TARGET,5888
R5_CURRENT,37972,2026-09-01 07:02:34.020,1,EMA8,HOLD,STOP,1265
R5_CURRENT,37979,2026-09-01 07:03:19.968,1,EMA50,HOLD,TARGET,4565
R5_CURRENT,37982,2026-09-01 07:04:26.172,1,PIN7,HOLD,TARGET,15107
R5_CURRENT,37985,2026-09-01 07:05:08.536,1,EMA24,HOLD,TARGET,359
R5_CURRENT,37996,2026-09-01 07:07:56.360,1,EMA8,HOLD,TARGET,17213
R5_CURRENT,38004,2026-09-01 07:10:35.136,1,EMA8,HOLD,TARGET,4636
R5_CURRENT,38007,2026-09-01 07:11:04.120,1,EMA8,HOLD,STOP,4960
R5_CURRENT,38019,2026-09-01 07:14:28.956,1,PIN7,HOLD,TARGET,684
R5_CURRENT,38025,2026-09-01 07:16:17.176,1,PIN,HOLD,TARGET,905
R5_CURRENT,38035,2026-09-01 07:19:26.340,1,EMA24,HOLD,TARGET,1255
R5_CURRENT,38039,2026-09-01 07:20:26.060,1,PIN7,HOLD,TARGET,9265
R5_CURRENT,38040,2026-09-01 07:21:08.968,1,PIN7,HOLD,TARGET,10213
R5_CURRENT,38041,2026-09-01 07:21:40.928,1,PIN7,HOLD,TARGET,5950
R5_CURRENT,38043,2026-09-01 07:22:21.592,1,EMA8,HOLD,TARGET,770
R5_CURRENT,38061,2026-09-01 07:27:39.468,1,EMA24,HOLD,TARGET,14849
R5_CURRENT,38070,2026-09-01 07:31:24.240,1,PIN7,HOLD,TARGET,545
R5_CURRENT,38081,2026-09-01 07:37:55.328,1,EMA8,HOLD,STOP,8695
R5_CURRENT,38118,2026-09-01 07:53:23.512,-1,EMA8,HOLD,TARGET,3341
R5_CURRENT,38128,2026-09-01 07:58:31.692,-1,EMA8,HOLD,TARGET,21758
R5_CURRENT,38566,2026-09-01 11:09:42.592,-1,EMA24,HOLD,TARGET,12128
R5_CURRENT,38573,2026-09-01 11:14:09.016,-1,PIN7,HOLD,STOP,12606
R5_CURRENT,38574,2026-09-01 11:15:17.068,-1,PIN7,HOLD,STOP,7501
R5_CURRENT,38599,2026-09-01 11:34:03.368,-1,PIN7,HOLD,TARGET,3002
R5_CURRENT,38600,2026-09-01 11:34:30.856,-1,PIN7,HOLD,TARGET,12412
R5_CURRENT,38603,2026-09-01 11:36:58.408,-1,EMA8,HOLD,TARGET,1122
R5_CURRENT,38613,2026-09-01 11:42:52.120,-1,PIN,HOLD,TARGET,1239
R5_CURRENT,38617,2026-09-01 11:44:25.032,-1,PIN,HOLD,TARGET,3760
R5_CURRENT,38628,2026-09-01 11:46:50.436,-1,EMA8,HOLD,STOP,5788
R5_CURRENT,38635,2026-09-01 11:48:33.336,-1,EMA24,HOLD,TARGET,1054
R5_CURRENT,38660,2026-09-01 11:58:02.884,1,EMA8,HOLD,TARGET,1211
R5_CURRENT,38683,2026-09-01 12:06:45.404,1,EMA8,HOLD,TARGET,13634
R5_CURRENT,38686,2026-09-01 12:07:55.020,1,EMA24,HOLD,TARGET,7607
R5_CURRENT,38700,2026-09-01 12:13:38.804,1,EMA8,HOLD,TARGET,4798
R5_CURRENT,38707,2026-09-01 12:17:24.136,1,EMA8,HOLD,STOP,6093
R5_CURRENT,38726,2026-09-01 12:28:50.064,1,EMA50,HOLD,TARGET,1436
R5_CURRENT,38731,2026-09-01 12:30:14.108,1,EMA50,HOLD,STOP,2388
R5_CURRENT,38782,2026-09-01 12:53:00.052,-1,PIN7,HOLD,TARGET,2453
R5_CURRENT,38795,2026-09-01 12:55:31.044,-1,EMA50,HOLD,TARGET,2483
R5_CURRENT,38798,2026-09-01 12:56:19.160,-1,PIN7,HOLD,STOP,8908
R5_CURRENT,39727,2026-09-02 06:40:24.652,1,EMA8,HOLD,TARGET,614
R5_CURRENT,39731,2026-09-02 06:41:11.004,1,EMA8,HOLD,TARGET,4348
R5_CURRENT,39733,2026-09-02 06:41:16.432,1,EMA8,HOLD,TARGET,313
R5_CURRENT,39823,2026-09-02 07:00:39.992,1,EMA8,HOLD,TARGET,3700
R5_CURRENT,39826,2026-09-02 07:01:09.408,1,PIN,HOLD,TARGET,1892
R5_CURRENT,39827,2026-09-02 07:01:15.160,1,PIN7,HOLD,TARGET,897
R5_CURRENT,39832,2026-09-02 07:02:16.096,1,EMA8,HOLD,STOP,1233
R5_CURRENT,39836,2026-09-02 07:02:37.172,1,EMA24,HOLD,TARGET,3876
R5_CURRENT,39840,2026-09-02 07:02:46.868,1,EMA24,HOLD,TARGET,824
R5_CURRENT,39848,2026-09-02 07:04:37.776,1,EMA8,HOLD,TARGET,1533
R5_CURRENT,39860,2026-09-02 07:09:01.324,1,EMA8,HOLD,STOP,6953
R5_CURRENT,39877,2026-09-02 07:12:55.996,1,EMA50,HOLD,TARGET,4191
R5_CURRENT,39886,2026-09-02 07:16:00.016,1,EMA8,HOLD,TARGET,796
R5_CURRENT,39889,2026-09-02 07:17:19.568,1,PIN7,HOLD,TARGET,1470
R5_CURRENT,39902,2026-09-02 07:21:37.324,1,PIN7,HOLD,TARGET,1357
R5_CURRENT,39909,2026-09-02 07:23:44.032,1,EMA8,HOLD,TARGET,1771
R5_CURRENT,39919,2026-09-02 07:29:14.872,1,EMA8,HOLD,STOP,7388
R5_CURRENT,39923,2026-09-02 07:30:17.576,1,EMA24,HOLD,STOP,8304
R5_CURRENT,39933,2026-09-02 07:33:44.516,1,EMA50,HOLD,TARGET,2507
R5_CURRENT,39939,2026-09-02 07:35:13.772,1,PIN,HOLD,TARGET,31546
R5_CURRENT,39942,2026-09-02 07:36:20.628,1,EMA8,HOLD,TARGET,775
R5_CURRENT,39952,2026-09-02 07:40:21.972,1,PIN7,HOLD,TARGET,1432
R5_CURRENT,39963,2026-09-02 07:44:26.996,1,PIN7,HOLD,STOP,7229
R5_CURRENT,39968,2026-09-02 07:48:02.332,1,EMA24,HOLD,STOP,7869
R5_CURRENT,39972,2026-09-02 07:49:51.340,1,EMA50,HOLD,STOP,8895
R5_CURRENT,40308,2026-09-02 11:13:18.060,1,EMA24,HOLD,TARGET,14535
R5_CURRENT,40310,2026-09-02 11:15:10.444,1,EMA24,HOLD,TARGET,9223
R5_CURRENT,40358,2026-09-02 11:46:10.584,-1,EMA8,HOLD,TARGET,1668
R5_CURRENT,41481,2026-09-03 06:31:16.388,1,EMA24,HOLD,TARGET,2170
R5_CURRENT,41500,2026-09-03 06:32:58.904,1,EMA24,HOLD,TARGET,1251
R5_CURRENT,41503,2026-09-03 06:33:15.320,1,PIN7,HOLD,TARGET,3817
R5_CURRENT,41504,2026-09-03 06:33:24.108,1,PIN7,HOLD,TARGET,1307
R5_CURRENT,41512,2026-09-03 06:34:16.084,1,EMA8,HOLD,STOP,9468
R5_CURRENT,41543,2026-09-03 06:38:32.784,1,PIN,HOLD,TARGET,10200
R5_CURRENT,41548,2026-09-03 06:39:14.564,1,EMA8,HOLD,TARGET,492
R5_CURRENT,41560,2026-09-03 06:41:13.352,1,EMA24,HOLD,TARGET,2089
R5_CURRENT,41643,2026-09-03 07:00:00.020,-1,EMA50,HOLD,TARGET,1
R5_CURRENT,41660,2026-09-03 07:01:08.032,-1,PIN,HOLD,TARGET,226
R5_CURRENT,41678,2026-09-03 07:03:32.464,-1,EMA24,HOLD,TARGET,1182
R5_CURRENT,41695,2026-09-03 07:06:10.032,-1,EMA24,HOLD,TARGET,6860
R5_CURRENT,41697,2026-09-03 07:06:21.668,-1,EMA24,HOLD,TARGET,3708
R5_CURRENT,41749,2026-09-03 07:15:02.856,1,PIN7,HOLD,TARGET,5558
R5_CURRENT,41750,2026-09-03 07:15:15.928,1,PIN7,HOLD,TARGET,2716
R5_CURRENT,41751,2026-09-03 07:15:24.624,1,PIN7,HOLD,TARGET,4708
R5_CURRENT,41767,2026-09-03 07:19:33.000,1,PIN7,HOLD,TARGET,768
R5_CURRENT,41770,2026-09-03 07:20:45.632,1,PIN,HOLD,STOP,6421
R5_CURRENT,41834,2026-09-03 07:36:18.576,-1,EMA50,HOLD,TARGET,2374
R5_CURRENT,41894,2026-09-03 07:48:26.252,1,EMA8,HOLD,TARGET,1014
R5_CURRENT,41901,2026-09-03 07:49:50.412,1,EMA8,HOLD,TARGET,1116
R5_CURRENT,41906,2026-09-03 07:50:50.572,1,EMA24,HOLD,STOP,7235
R5_CURRENT,41938,2026-09-03 07:56:22.816,-1,PIN,HOLD,TARGET,56
R5_CURRENT,41968,2026-09-03 07:58:12.480,1,PIN7,HOLD,TARGET,511
R5_CURRENT,41975,2026-09-03 07:59:49.772,1,PIN,HOLD,TARGET,6311
R5_CURRENT,42250,2026-09-03 11:03:37.672,1,EMA8,HOLD,TARGET,9396
R5_CURRENT,42252,2026-09-03 11:05:10.768,1,EMA8,HOLD,TARGET,28948
R5_CURRENT,42259,2026-09-03 11:13:21.080,1,EMA8,HOLD,TARGET,4834
R5_CURRENT,42274,2026-09-03 11:32:27.152,1,EMA50,HOLD,TARGET,2911
R5_CURRENT,42298,2026-09-03 12:15:33.976,-1,PIN7,HOLD,STOP,11959
R5_CURRENT,42309,2026-09-03 12:30:52.348,-1,EMA24+EMA50,HOLD,TARGET,10492
R5_CURRENT,42311,2026-09-03 12:33:28.348,-1,EMA50,HOLD,TARGET,1765
R5_CURRENT,42316,2026-09-03 12:41:04.328,-1,EMA50,HOLD,TARGET,2660
R5_CURRENT,42337,2026-09-03 12:56:16.900,-1,PIN7,HOLD,TARGET,16375
R5_CURRENT,42340,2026-09-03 12:58:30.724,-1,EMA8,HOLD,TARGET,568
R5_CURRENT,42344,2026-09-03 12:59:04.876,-1,EMA8,HOLD,TARGET,7291
R5_CURRENT,43213,2026-09-04 06:31:14.084,1,EMA24,HOLD,TARGET,4687
R5_CURRENT,43226,2026-09-04 06:32:11.324,1,EMA24,HOLD,TARGET,1394
R5_CURRENT,43229,2026-09-04 06:33:16.972,1,PIN7,HOLD,TARGET,38144
R5_CURRENT,43233,2026-09-04 06:33:52.528,1,EMA8,HOLD,TARGET,4402
R5_CURRENT,43268,2026-09-04 06:41:14.984,-1,PIN7,HOLD,STOP,5313
R5_CURRENT,43343,2026-09-04 07:02:56.308,-1,PIN7,HOLD,STOP,3079
R5_CURRENT,43347,2026-09-04 07:03:35.924,-1,EMA24,HOLD,TARGET,24424
R5_CURRENT,43356,2026-09-04 07:06:33.380,-1,EMA50,HOLD,TARGET,6091
R5_CURRENT,43368,2026-09-04 07:10:01.684,-1,PIN7,HOLD,TARGET,9457
R5_CURRENT,43377,2026-09-04 07:12:40.320,-1,PIN,HOLD,TARGET,2047
R5_CURRENT,43409,2026-09-04 07:22:17.208,-1,EMA24,HOLD,TARGET,18168
R5_CURRENT,43431,2026-09-04 07:31:41.084,-1,PIN7,HOLD,STOP,16317
R5_CURRENT,43472,2026-09-04 07:47:11.120,-1,EMA8,HOLD,TARGET,298
R5_CURRENT,43476,2026-09-04 07:47:41.676,-1,EMA8,HOLD,TARGET,10229
R5_CURRENT,43478,2026-09-04 07:48:24.976,-1,EMA8,HOLD,TARGET,9729
R5_CURRENT,43488,2026-09-04 07:51:35.100,-1,EMA24,HOLD,TARGET,2791
R5_CURRENT,43491,2026-09-04 07:52:24.320,-1,EMA8,HOLD,TARGET,14279
R5_CURRENT,43502,2026-09-04 07:56:29.648,-1,EMA8,HOLD,TARGET,164
R5_CURRENT,43504,2026-09-04 07:56:50.116,-1,PIN7,HOLD,TARGET,1237
R5_CURRENT,43761,2026-09-04 11:01:14.928,-1,EMA50,HOLD,TARGET,414
R5_CURRENT,43784,2026-09-04 11:27:31.416,1,EMA8,HOLD,TARGET,7285
R5_CURRENT,43788,2026-09-04 11:33:22.028,1,EMA8,HOLD,TARGET,28020
R5_CURRENT,43797,2026-09-04 11:47:10.868,1,PIN7,HOLD,TARGET,21305
R5_CURRENT,43798,2026-09-04 11:52:30.856,1,PIN7,HOLD,TARGET,16993
R5_CURRENT,43803,2026-09-04 12:00:10.772,1,EMA8,HOLD,STOP,2524
R5_CURRENT,43821,2026-09-04 12:19:21.332,-1,EMA8,HOLD,STOP,16184
R5_CURRENT,43823,2026-09-04 12:22:37.860,-1,EMA8,HOLD,STOP,9494
R5_CURRENT,43844,2026-09-04 12:50:00.048,1,PIN7,HOLD,TARGET,90
R5_CURRENT,43855,2026-09-04 12:55:08.732,1,EMA8,HOLD,STOP,4595
R5_CURRENT,43859,2026-09-04 12:55:55.200,1,EMA24,HOLD,TARGET,5740
R5_CURRENT,44291,2026-09-07 06:33:49.640,1,EMA8,HOLD,STOP,2643
R5_CURRENT,44330,2026-09-07 07:40:14.212,-1,EMA24,HOLD,TARGET,1379
R5_CURRENT,44338,2026-09-07 07:58:20.160,-1,PIN7,HOLD,TARGET,2014
R5_CURRENT,45322,2026-09-08 06:33:05.644,-1,PIN7,HOLD,TARGET,4899
R5_CURRENT,45336,2026-09-08 06:35:24.440,-1,PIN7,HOLD,TARGET,7337
R5_CURRENT,45340,2026-09-08 06:36:13.868,-1,PIN7,HOLD,TARGET,4685
R5_CURRENT,45350,2026-09-08 06:39:22.004,-1,EMA50,HOLD,TARGET,490
R5_CURRENT,45357,2026-09-08 06:40:41.196,-1,PIN,HOLD,TARGET,3206
R5_CURRENT,45358,2026-09-08 06:40:49.060,-1,PIN,HOLD,TARGET,2231
R5_CURRENT,45361,2026-09-08 06:41:47.320,-1,PIN,HOLD,TARGET,4230
R5_CURRENT,45368,2026-09-08 06:42:43.928,-1,EMA8,HOLD,TARGET,5055
R5_CURRENT,45474,2026-09-08 07:03:06.468,-1,EMA8,HOLD,TARGET,21484
R5_CURRENT,45498,2026-09-08 07:05:59.064,-1,EMA50,HOLD,TARGET,4864
R5_CURRENT,45514,2026-09-08 07:10:00.740,-1,PIN7,HOLD,TARGET,1152
R5_CURRENT,45519,2026-09-08 07:10:55.004,-1,EMA8,HOLD,TARGET,13605
R5_CURRENT,45524,2026-09-08 07:11:45.268,-1,EMA8,HOLD,TARGET,1550
R5_CURRENT,45558,2026-09-08 07:19:30.756,-1,EMA50,HOLD,STOP,6236
R5_CURRENT,45631,2026-09-08 07:38:48.616,1,EMA50,HOLD,TARGET,548
R5_CURRENT,45673,2026-09-08 07:50:55.056,1,PIN7,HOLD,TARGET,2190
R5_CURRENT,45682,2026-09-08 07:55:00.168,1,EMA8,HOLD,TARGET,1388
R5_CURRENT,45998,2026-09-08 11:41:45.556,-1,PIN7,HOLD,STOP,4866
R5_CURRENT,46009,2026-09-08 11:47:59.508,-1,PIN7,HOLD,TARGET,1503
R5_CURRENT,46010,2026-09-08 11:48:01.284,-1,PIN7,HOLD,TARGET,217
R5_CURRENT,46015,2026-09-08 11:48:15.808,-1,EMA8,HOLD,TARGET,6047
R5_CURRENT,46017,2026-09-08 11:48:21.080,-1,EMA8,HOLD,TARGET,3436
R5_CURRENT,46019,2026-09-08 11:48:28.844,-1,EMA8,HOLD,TARGET,6270
R5_CURRENT,46021,2026-09-08 11:48:37.004,-1,EMA8,HOLD,TARGET,2596
R5_CURRENT,46023,2026-09-08 11:48:42.204,-1,EMA8,HOLD,TARGET,958
R5_CURRENT,46026,2026-09-08 11:48:54.112,-1,PIN,HOLD,TARGET,1420
R5_CURRENT,46027,2026-09-08 11:48:56.640,-1,PIN7,HOLD,TARGET,257
R5_CURRENT,46031,2026-09-08 11:49:00.632,-1,PIN,HOLD,TARGET,1
R5_CURRENT,46043,2026-09-08 11:49:23.908,-1,EMA24,HOLD,TARGET,489
R5_CURRENT,46049,2026-09-08 11:49:46.620,-1,EMA50,HOLD,TARGET,4450
R5_CURRENT,46083,2026-09-08 11:56:56.552,1,EMA8,HOLD,TARGET,3629
R5_CURRENT,46143,2026-09-08 12:38:18.196,1,EMA50,HOLD,TARGET,5665
R5_CURRENT,46160,2026-09-08 12:49:20.008,-1,EMA8,HOLD,TARGET,2753
R5_CURRENT,46178,2026-09-08 12:50:37.784,-1,EMA24,HOLD,TARGET,5995
R5_CURRENT,46190,2026-09-08 12:53:18.064,-1,PIN7,HOLD,TARGET,4705
R5_CURRENT,46210,2026-09-08 12:57:11.856,-1,EMA50,HOLD,TARGET,457
R5_CURRENT,46226,2026-09-08 12:59:42.000,-1,EMA50,HOLD,STOP,4495
R5_CURRENT,47078,2026-09-09 06:32:56.500,-1,PIN7,HOLD,STOP,21311
R5_CURRENT,47095,2026-09-09 06:35:30.800,1,EMA24,HOLD,TARGET,1124
R5_CURRENT,47270,2026-09-09 07:16:09.040,-1,PIN7,HOLD,TARGET,1791
R5_CURRENT,47278,2026-09-09 07:17:40.312,-1,EMA8,HOLD,TARGET,5628
R5_CURRENT,47280,2026-09-09 07:18:01.908,-1,EMA8,HOLD,TARGET,2129
R5_CURRENT,47314,2026-09-09 07:24:52.240,-1,EMA8,HOLD,TARGET,156
R5_CURRENT,47317,2026-09-09 07:24:58.740,-1,EMA8,HOLD,TARGET,418
R5_CURRENT,47320,2026-09-09 07:25:07.004,-1,EMA8,HOLD,STOP,5310
R5_CURRENT,47344,2026-09-09 07:29:14.564,1,PIN,HOLD,TARGET,573
R5_CURRENT,47358,2026-09-09 07:32:32.248,1,EMA24,HOLD,STOP,11767
R5_CURRENT,47362,2026-09-09 07:33:37.800,1,EMA50,HOLD,TARGET,20613
R5_CURRENT,47427,2026-09-09 07:55:02.740,1,EMA50,HOLD,TARGET,1066
R5_CURRENT,47924,2026-09-09 11:50:52.012,1,EMA24,HOLD,TARGET,4857
R5_CURRENT,47965,2026-09-09 12:45:27.720,-1,EMA8,HOLD,TARGET,1018
R5_CURRENT,47974,2026-09-09 12:50:17.404,-1,PIN7,HOLD,TARGET,2696
R5_CURRENT,47975,2026-09-09 12:50:57.004,-1,PIN7,HOLD,TARGET,983
R5_CURRENT,47987,2026-09-09 12:56:49.956,-1,EMA24,HOLD,TARGET,3309
R5_CURRENT,47992,2026-09-09 12:59:01.940,-1,EMA24,HOLD,TARGET,2856
R5_CURRENT,49225,2026-09-10 07:03:22.308,1,EMA24,HOLD,TARGET,3934
R5_CURRENT,49284,2026-09-10 07:15:00.524,1,EMA24,HOLD,STOP,6248
R5_CURRENT,49293,2026-09-10 07:16:34.300,1,PIN7,HOLD,TARGET,4901
R5_CURRENT,49301,2026-09-10 07:17:40.148,1,EMA50,HOLD,TARGET,16505
R5_CURRENT,49310,2026-09-10 07:19:10.484,1,PIN7,HOLD,TARGET,1447
R5_CURRENT,49315,2026-09-10 07:19:46.184,1,PIN7,HOLD,TARGET,1967
R5_CURRENT,49317,2026-09-10 07:19:56.224,1,PIN7,HOLD,TARGET,4002
R5_CURRENT,49330,2026-09-10 07:22:38.468,1,EMA8,HOLD,TARGET,739
R5_CURRENT,49348,2026-09-10 07:24:40.464,1,PIN,HOLD,TARGET,1
R5_CURRENT,49366,2026-09-10 07:24:50.576,1,EMA24,HOLD,TARGET,12052
R5_CURRENT,49385,2026-09-10 07:25:19.952,1,PIN7,HOLD,TARGET,3758
R5_CURRENT,49391,2026-09-10 07:25:35.384,1,EMA24,HOLD,STOP,9602
R5_CURRENT,49399,2026-09-10 07:26:02.740,1,EMA50,HOLD,STOP,5361
R5_CURRENT,49419,2026-09-10 07:27:47.396,-1,EMA8,HOLD,TARGET,794
R5_CURRENT,49423,2026-09-10 07:29:06.552,-1,PIN7,HOLD,TARGET,2824
R5_CURRENT,49446,2026-09-10 07:33:01.672,-1,EMA50,HOLD,STOP,16070
R5_CURRENT,49462,2026-09-10 07:36:31.752,1,EMA8,HOLD,TARGET,1906
R5_CURRENT,49466,2026-09-10 07:37:39.740,1,EMA8,HOLD,TARGET,1009
R5_CURRENT,49468,2026-09-10 07:38:18.000,1,PIN7,HOLD,STOP,13694
R5_CURRENT,49470,2026-09-10 07:38:48.388,1,EMA8,HOLD,STOP,9346
R5_CURRENT,49479,2026-09-10 07:41:08.528,1,EMA50,HOLD,TARGET,12739
R5_CURRENT,49481,2026-09-10 07:41:46.768,1,EMA50,HOLD,STOP,11419
R5_CURRENT,49497,2026-09-10 07:45:49.448,-1,EMA8,HOLD,TARGET,1503
R5_CURRENT,49502,2026-09-10 07:46:30.040,-1,EMA24,HOLD,TARGET,7202
R5_CURRENT,49504,2026-09-10 07:47:03.364,-1,EMA50,HOLD,TARGET,1093
R5_CURRENT,49517,2026-09-10 07:49:49.124,-1,EMA50,HOLD,TARGET,6655
R5_CURRENT,49546,2026-09-10 07:56:08.248,1,EMA50,HOLD,TARGET,470
R5_CURRENT,49551,2026-09-10 07:57:13.440,1,PIN7,HOLD,TARGET,5595
R5_CURRENT,49557,2026-09-10 07:58:52.388,1,EMA8,HOLD,STOP,19113
R5_CURRENT,50037,2026-09-10 11:02:19.680,-1,PIN7,HOLD,TARGET,1032
R5_CURRENT,50039,2026-09-10 11:03:16.004,-1,PIN7,HOLD,TARGET,8877
R5_CURRENT,50042,2026-09-10 11:04:50.848,-1,EMA8,HOLD,TARGET,1740
R5_CURRENT,50052,2026-09-10 11:10:09.944,-1,PIN7,HOLD,TARGET,1289
R5_CURRENT,50059,2026-09-10 11:14:45.524,-1,EMA24,HOLD,TARGET,1281
R5_CURRENT,50083,2026-09-10 11:32:37.156,-1,PIN7,HOLD,TARGET,1806
R5_CURRENT,50122,2026-09-10 11:51:26.412,1,PIN7,HOLD,TARGET,3030
R5_CURRENT,50123,2026-09-10 11:51:27.792,1,PIN7,HOLD,TARGET,6182
R5_CURRENT,50127,2026-09-10 11:51:44.700,1,EMA8,HOLD,TARGET,582
R5_CURRENT,50133,2026-09-10 11:52:44.916,1,EMA24,HOLD,TARGET,846
R5_CURRENT,50153,2026-09-10 12:00:30.600,-1,EMA8,HOLD,TARGET,2927
R5_CURRENT,50159,2026-09-10 12:03:06.548,-1,PIN7,HOLD,TARGET,7692
R5_CURRENT,50166,2026-09-10 12:07:50.900,-1,EMA24,HOLD,TARGET,1331
R5_CURRENT,50194,2026-09-10 12:19:04.476,-1,EMA8,HOLD,TARGET,16306
R5_CURRENT,50198,2026-09-10 12:20:45.504,-1,EMA24+EMA50,HOLD,TARGET,885
R5_CURRENT,50206,2026-09-10 12:28:11.124,-1,EMA50,HOLD,TARGET,12278
R5_CURRENT,50231,2026-09-10 12:42:01.420,1,EMA8,HOLD,TARGET,4920
R5_CURRENT,50240,2026-09-10 12:47:16.960,1,EMA50,HOLD,TARGET,1173
R5_CURRENT,51769,2026-09-11 06:33:32.216,1,PIN7,HOLD,TARGET,7178
R5_CURRENT,51771,2026-09-11 06:33:40.784,1,EMA8,HOLD,TARGET,3125
R5_CURRENT,51774,2026-09-11 06:33:54.692,1,PIN7,HOLD,TARGET,795
R5_CURRENT,51779,2026-09-11 06:34:07.060,1,EMA8,HOLD,TARGET,5415
R5_CURRENT,51783,2026-09-11 06:34:39.740,1,EMA8,HOLD,TARGET,123
R5_CURRENT,51794,2026-09-11 06:35:38.752,1,EMA8,HOLD,STOP,20675
R5_CURRENT,51846,2026-09-11 06:40:26.424,-1,PIN,HOLD,TARGET,209
R5_CURRENT,51874,2026-09-11 06:41:06.428,-1,EMA50,HOLD,STOP,6749
R5_CURRENT,51890,2026-09-11 06:42:18.132,-1,EMA8,HOLD,NONE,21942
R5_CURRENT,51897,2026-09-11 06:42:42.156,-1,EMA50,HOLD,TARGET,9154
R5_CURRENT,51899,2026-09-11 06:42:52.004,-1,EMA50,HOLD,TARGET,6346
R5_CURRENT,51901,2026-09-11 06:43:05.684,-1,EMA50,HOLD,TARGET,1097
R5_CURRENT,52067,2026-09-11 07:00:05.908,1,EMA24,HOLD,TARGET,2560
R5_CURRENT,52117,2026-09-11 07:06:04.188,-1,PIN7,HOLD,TARGET,5920
R5_CURRENT,52124,2026-09-11 07:06:34.668,-1,EMA24,HOLD,TARGET,3352
R5_CURRENT,52166,2026-09-11 07:12:04.140,-1,EMA8,HOLD,TARGET,675
R5_CURRENT,52170,2026-09-11 07:12:35.096,-1,PIN7,HOLD,STOP,8497
R5_CURRENT,52181,2026-09-11 07:14:18.628,-1,EMA50,HOLD,TARGET,10393
R5_CURRENT,52185,2026-09-11 07:14:52.576,-1,PIN7,HOLD,TARGET,997
R5_CURRENT,52188,2026-09-11 07:15:14.528,-1,EMA8,HOLD,TARGET,13011
R5_CURRENT,52194,2026-09-11 07:15:52.332,-1,EMA24,HOLD,TARGET,2701
R5_CURRENT,52224,2026-09-11 07:21:45.028,1,EMA8,HOLD,TARGET,1613
R5_CURRENT,52268,2026-09-11 07:33:06.528,-1,EMA8,HOLD,TARGET,988
R5_CURRENT,52278,2026-09-11 07:35:16.320,-1,PIN,HOLD,TARGET,10823
R5_CURRENT,52283,2026-09-11 07:35:54.928,-1,EMA8,HOLD,TARGET,1949
R5_CURRENT,52286,2026-09-11 07:36:45.208,-1,EMA8,HOLD,TARGET,3757
R5_CURRENT,52295,2026-09-11 07:38:23.652,-1,EMA8,HOLD,TARGET,451
R5_CURRENT,52297,2026-09-11 07:38:35.752,-1,PIN7,HOLD,TARGET,232
R5_CURRENT,52333,2026-09-11 07:46:07.640,-1,EMA24,HOLD,TARGET,1677
R5_CURRENT,52387,2026-09-11 07:50:39.012,1,EMA50,HOLD,TARGET,2457
R5_CURRENT,52389,2026-09-11 07:50:44.208,1,EMA50,HOLD,TARGET,743
R5_CURRENT,52422,2026-09-11 07:58:20.800,-1,EMA24,HOLD,TARGET,8416
R5_CURRENT,52424,2026-09-11 07:58:36.104,-1,EMA50,HOLD,TARGET,790
R5_CURRENT,52788,2026-09-11 11:21:27.724,-1,EMA8,HOLD,STOP,31823
R5_CURRENT,52812,2026-09-11 11:45:57.820,-1,PIN7,HOLD,STOP,6236
R5_CURRENT,52828,2026-09-11 12:09:52.700,-1,PIN7,HOLD,TARGET,2499
R5_CURRENT,52850,2026-09-11 12:50:00.028,-1,PIN7,HOLD,TARGET,1
R5_CURRENT,52861,2026-09-11 12:54:29.248,-1,EMA24,HOLD,TARGET,3577
